_step,_runtime,bootstrap_iter,_timestamp,ft_eval_acc,ft_loss,ft_acc,lr,epochs,batch_size,input_size,model_type,n_way_test,n_way_train,tgt_dataset,src_datasets,fixed_support,samples_per_class,num_total_episodes,num_bootstrap_iters,exp_name
0,2.6078760623931885,0.0,1735714965.4490721,,,,0.001,1,16,40x40,PrototypicalNetwork,5,5,Egyptian,Greek,False,1,4000,2,exp1_permuted_src_datasets
1,37.56693243980408,0.0,1735715000.4081285,0.66175,,,0.001,1,16,40x40,PrototypicalNetwork,5,5,Egyptian,Greek,False,1,4000,2,exp1_permuted_src_datasets
2,37.58024716377258,0.0,1735715000.4214432,,0.0,1.0,0.001,1,16,40x40,PrototypicalNetwork,5,5,Egyptian,Greek,False,1,4000,2,exp1_permuted_src_datasets
3,37.59777760505676,0.0,1735715000.4389737,,0.0,1.0,0.001,1,16,40x40,PrototypicalNetwork,5,5,Egyptian,Greek,False,1,4000,2,exp1_permuted_src_datasets
4,37.615466833114624,0.0,1735715000.456663,,0.0,1.0,0.001,1,16,40x40,PrototypicalNetwork,5,5,Egyptian,Greek,False,1,4000,2,exp1_permuted_src_datasets
5,37.63196039199829,0.0,1735715000.4731565,,0.0,1.0,0.001,1,16,40x40,PrototypicalNetwork,5,5,Egyptian,Greek,False,1,4000,2,exp1_permuted_src_datasets
6,37.64932417869568,0.0,1735715000.4905202,,0.0,1.0,0.001,1,16,40x40,PrototypicalNetwork,5,5,Egyptian,Greek,False,1,4000,2,exp1_permuted_src_datasets
7,37.66582727432251,0.0,1735715000.5070233,,0.0,1.0,0.001,1,16,40x40,PrototypicalNetwork,5,5,Egyptian,Greek,False,1,4000,2,exp1_permuted_src_datasets
8,37.68239641189575,0.0,1735715000.5235925,,0.0,1.0,0.001,1,16,40x40,PrototypicalNetwork,5,5,Egyptian,Greek,False,1,4000,2,exp1_permuted_src_datasets
9,37.699187994003296,0.0,1735715000.540384,,0.0,1.0,0.001,1,16,40x40,PrototypicalNetwork,5,5,Egyptian,Greek,False,1,4000,2,exp1_permuted_src_datasets
10,37.71563482284546,0.0,1735715000.556831,,0.0,1.0,0.001,1,16,40x40,PrototypicalNetwork,5,5,Egyptian,Greek,False,1,4000,2,exp1_permuted_src_datasets
11,37.73210597038269,0.0,1735715000.573302,,0.0,1.0,0.001,1,16,40x40,PrototypicalNetwork,5,5,Egyptian,Greek,False,1,4000,2,exp1_permuted_src_datasets
12,37.74867343902588,0.0,1735715000.5898695,,0.0,1.0,0.001,1,16,40x40,PrototypicalNetwork,5,5,Egyptian,Greek,False,1,4000,2,exp1_permuted_src_datasets
13,37.76499652862549,0.0,1735715000.6061926,,0.0,1.0,0.001,1,16,40x40,PrototypicalNetwork,5,5,Egyptian,Greek,False,1,4000,2,exp1_permuted_src_datasets
14,37.78154706954956,0.0,1735715000.6227431,,0.0,1.0,0.001,1,16,40x40,PrototypicalNetwork,5,5,Egyptian,Greek,False,1,4000,2,exp1_permuted_src_datasets
15,37.7994384765625,0.0,1735715000.6406345,,0.0,1.0,0.001,1,16,40x40,PrototypicalNetwork,5,5,Egyptian,Greek,False,1,4000,2,exp1_permuted_src_datasets
16,37.82072830200195,0.0,1735715000.6619244,,0.0,1.0,0.001,1,16,40x40,PrototypicalNetwork,5,5,Egyptian,Greek,False,1,4000,2,exp1_permuted_src_datasets
17,37.86194348335266,0.0,1735715000.7031395,,0.0,1.0,0.001,1,16,40x40,PrototypicalNetwork,5,5,Egyptian,Greek,False,1,4000,2,exp1_permuted_src_datasets
18,37.88928151130676,0.0,1735715000.7304776,,0.0,1.0,0.001,1,16,40x40,PrototypicalNetwork,5,5,Egyptian,Greek,False,1,4000,2,exp1_permuted_src_datasets
19,37.90600299835205,0.0,1735715000.747199,,0.0,1.0,0.001,1,16,40x40,PrototypicalNetwork,5,5,Egyptian,Greek,False,1,4000,2,exp1_permuted_src_datasets
20,37.92305016517639,0.0,1735715000.7642462,,0.0,1.0,0.001,1,16,40x40,PrototypicalNetwork,5,5,Egyptian,Greek,False,1,4000,2,exp1_permuted_src_datasets
21,37.939210653305054,0.0,1735715000.7804067,,0.0,1.0,0.001,1,16,40x40,PrototypicalNetwork,5,5,Egyptian,Greek,False,1,4000,2,exp1_permuted_src_datasets
22,37.95530080795288,0.0,1735715000.7964969,,0.0,1.0,0.001,1,16,40x40,PrototypicalNetwork,5,5,Egyptian,Greek,False,1,4000,2,exp1_permuted_src_datasets
23,37.9713294506073,0.0,1735715000.8125255,,0.0,1.0,0.001,1,16,40x40,PrototypicalNetwork,5,5,Egyptian,Greek,False,1,4000,2,exp1_permuted_src_datasets
24,37.990296602249146,0.0,1735715000.8314927,,0.0,1.0,0.001,1,16,40x40,PrototypicalNetwork,5,5,Egyptian,Greek,False,1,4000,2,exp1_permuted_src_datasets
25,38.00627899169922,0.0,1735715000.847475,,0.0,1.0,0.001,1,16,40x40,PrototypicalNetwork,5,5,Egyptian,Greek,False,1,4000,2,exp1_permuted_src_datasets
26,38.02227163314819,0.0,1735715000.8634677,,0.0,1.0,0.001,1,16,40x40,PrototypicalNetwork,5,5,Egyptian,Greek,False,1,4000,2,exp1_permuted_src_datasets
27,38.03817915916443,0.0,1735715000.8793752,,0.0,1.0,0.001,1,16,40x40,PrototypicalNetwork,5,5,Egyptian,Greek,False,1,4000,2,exp1_permuted_src_datasets
28,38.05418395996094,0.0,1735715000.89538,,0.0,1.0,0.001,1,16,40x40,PrototypicalNetwork,5,5,Egyptian,Greek,False,1,4000,2,exp1_permuted_src_datasets
29,38.07106924057007,0.0,1735715000.9122653,,0.0,1.0,0.001,1,16,40x40,PrototypicalNetwork,5,5,Egyptian,Greek,False,1,4000,2,exp1_permuted_src_datasets
30,38.087446212768555,0.0,1735715000.9286423,,0.0,1.0,0.001,1,16,40x40,PrototypicalNetwork,5,5,Egyptian,Greek,False,1,4000,2,exp1_permuted_src_datasets
31,38.108540058135986,0.0,1735715000.949736,,0.0,1.0,0.001,1,16,40x40,PrototypicalNetwork,5,5,Egyptian,Greek,False,1,4000,2,exp1_permuted_src_datasets
32,38.125004529953,0.0,1735715000.9662006,,0.0,1.0,0.001,1,16,40x40,PrototypicalNetwork,5,5,Egyptian,Greek,False,1,4000,2,exp1_permuted_src_datasets
33,38.14173078536987,0.0,1735715000.9829268,,0.0,1.0,0.001,1,16,40x40,PrototypicalNetwork,5,5,Egyptian,Greek,False,1,4000,2,exp1_permuted_src_datasets
34,38.15846610069275,0.0,1735715000.9996622,,0.0,1.0,0.001,1,16,40x40,PrototypicalNetwork,5,5,Egyptian,Greek,False,1,4000,2,exp1_permuted_src_datasets
35,38.17525839805603,0.0,1735715001.0164545,,0.0,1.0,0.001,1,16,40x40,PrototypicalNetwork,5,5,Egyptian,Greek,False,1,4000,2,exp1_permuted_src_datasets
36,38.19218564033508,0.0,1735715001.0333817,,0.0,1.0,0.001,1,16,40x40,PrototypicalNetwork,5,5,Egyptian,Greek,False,1,4000,2,exp1_permuted_src_datasets
37,38.209054946899414,0.0,1735715001.050251,,0.0,1.0,0.001,1,16,40x40,PrototypicalNetwork,5,5,Egyptian,Greek,False,1,4000,2,exp1_permuted_src_datasets
38,38.226698875427246,0.0,1735715001.067895,,0.0,1.0,0.001,1,16,40x40,PrototypicalNetwork,5,5,Egyptian,Greek,False,1,4000,2,exp1_permuted_src_datasets
39,38.24355602264404,0.0,1735715001.084752,,0.0,1.0,0.001,1,16,40x40,PrototypicalNetwork,5,5,Egyptian,Greek,False,1,4000,2,exp1_permuted_src_datasets
40,38.25956201553345,0.0,1735715001.100758,,0.0,1.0,0.001,1,16,40x40,PrototypicalNetwork,5,5,Egyptian,Greek,False,1,4000,2,exp1_permuted_src_datasets
41,38.275996923446655,0.0,1735715001.117193,,0.0,1.0,0.001,1,16,40x40,PrototypicalNetwork,5,5,Egyptian,Greek,False,1,4000,2,exp1_permuted_src_datasets
42,38.292762756347656,0.0,1735715001.1339588,,0.0,1.0,0.001,1,16,40x40,PrototypicalNetwork,5,5,Egyptian,Greek,False,1,4000,2,exp1_permuted_src_datasets
43,38.30885314941406,0.0,1735715001.1500492,,0.0,1.0,0.001,1,16,40x40,PrototypicalNetwork,5,5,Egyptian,Greek,False,1,4000,2,exp1_permuted_src_datasets
44,38.32481670379639,0.0,1735715001.1660128,,0.0,1.0,0.001,1,16,40x40,PrototypicalNetwork,5,5,Egyptian,Greek,False,1,4000,2,exp1_permuted_src_datasets
45,38.35110521316528,0.0,1735715001.1923013,,0.0,1.0,0.001,1,16,40x40,PrototypicalNetwork,5,5,Egyptian,Greek,False,1,4000,2,exp1_permuted_src_datasets
46,38.36772632598877,0.0,1735715001.2089224,,0.0,1.0,0.001,1,16,40x40,PrototypicalNetwork,5,5,Egyptian,Greek,False,1,4000,2,exp1_permuted_src_datasets
47,38.384724140167236,0.0,1735715001.2259202,,0.0,1.0,0.001,1,16,40x40,PrototypicalNetwork,5,5,Egyptian,Greek,False,1,4000,2,exp1_permuted_src_datasets
48,38.40291476249695,0.0,1735715001.2441108,,0.0,1.0,0.001,1,16,40x40,PrototypicalNetwork,5,5,Egyptian,Greek,False,1,4000,2,exp1_permuted_src_datasets
49,38.41881227493286,0.0,1735715001.2600083,,0.0,1.0,0.001,1,16,40x40,PrototypicalNetwork,5,5,Egyptian,Greek,False,1,4000,2,exp1_permuted_src_datasets
50,38.43481802940369,0.0,1735715001.276014,,0.0,1.0,0.001,1,16,40x40,PrototypicalNetwork,5,5,Egyptian,Greek,False,1,4000,2,exp1_permuted_src_datasets
51,38.458961486816406,0.0,1735715001.3001575,,0.0,1.0,0.001,1,16,40x40,PrototypicalNetwork,5,5,Egyptian,Greek,False,1,4000,2,exp1_permuted_src_datasets
52,38.47652840614319,0.0,1735715001.3177245,,0.0,1.0,0.001,1,16,40x40,PrototypicalNetwork,5,5,Egyptian,Greek,False,1,4000,2,exp1_permuted_src_datasets
53,38.492664098739624,0.0,1735715001.3338602,,0.0,1.0,0.001,1,16,40x40,PrototypicalNetwork,5,5,Egyptian,Greek,False,1,4000,2,exp1_permuted_src_datasets
54,38.508474349975586,0.0,1735715001.3496704,,0.0,1.0,0.001,1,16,40x40,PrototypicalNetwork,5,5,Egyptian,Greek,False,1,4000,2,exp1_permuted_src_datasets
55,38.52554893493652,0.0,1735715001.366745,,0.0,1.0,0.001,1,16,40x40,PrototypicalNetwork,5,5,Egyptian,Greek,False,1,4000,2,exp1_permuted_src_datasets
56,38.54170823097229,0.0,1735715001.3829043,,0.0,1.0,0.001,1,16,40x40,PrototypicalNetwork,5,5,Egyptian,Greek,False,1,4000,2,exp1_permuted_src_datasets
57,38.55863881111145,0.0,1735715001.3998349,,0.0,1.0,0.001,1,16,40x40,PrototypicalNetwork,5,5,Egyptian,Greek,False,1,4000,2,exp1_permuted_src_datasets
58,38.57602620124817,0.0,1735715001.4172223,,0.0,1.0,0.001,1,16,40x40,PrototypicalNetwork,5,5,Egyptian,Greek,False,1,4000,2,exp1_permuted_src_datasets
59,38.59240007400513,0.0,1735715001.4335961,,0.0,1.0,0.001,1,16,40x40,PrototypicalNetwork,5,5,Egyptian,Greek,False,1,4000,2,exp1_permuted_src_datasets
60,38.608450174331665,0.0,1735715001.4496462,,0.0,1.0,0.001,1,16,40x40,PrototypicalNetwork,5,5,Egyptian,Greek,False,1,4000,2,exp1_permuted_src_datasets
61,38.62448239326477,0.0,1735715001.4656785,,0.0,1.0,0.001,1,16,40x40,PrototypicalNetwork,5,5,Egyptian,Greek,False,1,4000,2,exp1_permuted_src_datasets
62,38.64043140411377,0.0,1735715001.4816275,,0.0,1.0,0.001,1,16,40x40,PrototypicalNetwork,5,5,Egyptian,Greek,False,1,4000,2,exp1_permuted_src_datasets
63,38.656952142715454,0.0,1735715001.4981482,,0.0,1.0,0.001,1,16,40x40,PrototypicalNetwork,5,5,Egyptian,Greek,False,1,4000,2,exp1_permuted_src_datasets
64,73.54875898361206,0.0,1735715036.389955,0.708300000667572,,,0.001,1,16,40x40,PrototypicalNetwork,5,5,Egyptian,Greek,False,1,4000,2,exp1_permuted_src_datasets
65,73.58445620536804,0.0,1735715036.4256523,,0.0,1.0,0.001,1,16,40x40,PrototypicalNetwork,5,5,Egyptian,Greek,False,1,4000,2,exp1_permuted_src_datasets
66,73.60145163536072,0.0,1735715036.4426477,,0.0,1.0,0.001,1,16,40x40,PrototypicalNetwork,5,5,Egyptian,Greek,False,1,4000,2,exp1_permuted_src_datasets
67,73.6175467967987,0.0,1735715036.4587429,,0.0,1.0,0.001,1,16,40x40,PrototypicalNetwork,5,5,Egyptian,Greek,False,1,4000,2,exp1_permuted_src_datasets
68,73.63375616073608,0.0,1735715036.4749522,,0.0,1.0,0.001,1,16,40x40,PrototypicalNetwork,5,5,Egyptian,Greek,False,1,4000,2,exp1_permuted_src_datasets
69,73.64979982376099,0.0,1735715036.490996,,0.0,1.0,0.001,1,16,40x40,PrototypicalNetwork,5,5,Egyptian,Greek,False,1,4000,2,exp1_permuted_src_datasets
70,73.66581869125366,0.0,1735715036.5070148,,0.0,1.0,0.001,1,16,40x40,PrototypicalNetwork,5,5,Egyptian,Greek,False,1,4000,2,exp1_permuted_src_datasets
71,73.68241953849792,0.0,1735715036.5236156,,0.0,1.0,0.001,1,16,40x40,PrototypicalNetwork,5,5,Egyptian,Greek,False,1,4000,2,exp1_permuted_src_datasets
72,73.69913649559021,0.0,1735715036.5403326,,0.0,1.0,0.001,1,16,40x40,PrototypicalNetwork,5,5,Egyptian,Greek,False,1,4000,2,exp1_permuted_src_datasets
73,73.71518158912659,0.0,1735715036.5563776,,0.0,1.0,0.001,1,16,40x40,PrototypicalNetwork,5,5,Egyptian,Greek,False,1,4000,2,exp1_permuted_src_datasets
74,73.73122549057007,0.0,1735715036.5724216,,0.0,1.0,0.001,1,16,40x40,PrototypicalNetwork,5,5,Egyptian,Greek,False,1,4000,2,exp1_permuted_src_datasets
75,73.74758815765381,0.0,1735715036.5887842,,0.0,1.0,0.001,1,16,40x40,PrototypicalNetwork,5,5,Egyptian,Greek,False,1,4000,2,exp1_permuted_src_datasets
76,73.76362109184265,0.0,1735715036.6048172,,0.0,1.0,0.001,1,16,40x40,PrototypicalNetwork,5,5,Egyptian,Greek,False,1,4000,2,exp1_permuted_src_datasets
77,73.77976107597351,0.0,1735715036.6209571,,0.0,1.0,0.001,1,16,40x40,PrototypicalNetwork,5,5,Egyptian,Greek,False,1,4000,2,exp1_permuted_src_datasets
78,73.7956428527832,0.0,1735715036.636839,,0.0,1.0,0.001,1,16,40x40,PrototypicalNetwork,5,5,Egyptian,Greek,False,1,4000,2,exp1_permuted_src_datasets
79,73.81176137924194,0.0,1735715036.6529574,,0.0,1.0,0.001,1,16,40x40,PrototypicalNetwork,5,5,Egyptian,Greek,False,1,4000,2,exp1_permuted_src_datasets
80,73.83265018463135,0.0,1735715036.6738462,,0.0,1.0,0.001,1,16,40x40,PrototypicalNetwork,5,5,Egyptian,Greek,False,1,4000,2,exp1_permuted_src_datasets
81,73.84923028945923,0.0,1735715036.6904263,,0.0,1.0,0.001,1,16,40x40,PrototypicalNetwork,5,5,Egyptian,Greek,False,1,4000,2,exp1_permuted_src_datasets
82,73.87022376060486,0.0,1735715036.7114198,,0.0,1.0,0.001,1,16,40x40,PrototypicalNetwork,5,5,Egyptian,Greek,False,1,4000,2,exp1_permuted_src_datasets
83,73.88634014129639,0.0,1735715036.7275362,,0.0,1.0,0.001,1,16,40x40,PrototypicalNetwork,5,5,Egyptian,Greek,False,1,4000,2,exp1_permuted_src_datasets
84,73.90650415420532,0.0,1735715036.7477002,,0.0,1.0,0.001,1,16,40x40,PrototypicalNetwork,5,5,Egyptian,Greek,False,1,4000,2,exp1_permuted_src_datasets
85,73.92244911193848,0.0,1735715036.7636452,,0.0,1.0,0.001,1,16,40x40,PrototypicalNetwork,5,5,Egyptian,Greek,False,1,4000,2,exp1_permuted_src_datasets
86,73.93856620788574,0.0,1735715036.7797623,,0.0,1.0,0.001,1,16,40x40,PrototypicalNetwork,5,5,Egyptian,Greek,False,1,4000,2,exp1_permuted_src_datasets
87,73.95451879501343,0.0,1735715036.7957149,,0.0,1.0,0.001,1,16,40x40,PrototypicalNetwork,5,5,Egyptian,Greek,False,1,4000,2,exp1_permuted_src_datasets
88,73.97054958343506,0.0,1735715036.8117456,,0.0,1.0,0.001,1,16,40x40,PrototypicalNetwork,5,5,Egyptian,Greek,False,1,4000,2,exp1_permuted_src_datasets
89,73.98660826683044,0.0,1735715036.8278043,,0.0,1.0,0.001,1,16,40x40,PrototypicalNetwork,5,5,Egyptian,Greek,False,1,4000,2,exp1_permuted_src_datasets
90,74.0027871131897,0.0,1735715036.8439832,,0.0,1.0,0.001,1,16,40x40,PrototypicalNetwork,5,5,Egyptian,Greek,False,1,4000,2,exp1_permuted_src_datasets
91,74.01874494552612,0.0,1735715036.859941,,0.0,1.0,0.001,1,16,40x40,PrototypicalNetwork,5,5,Egyptian,Greek,False,1,4000,2,exp1_permuted_src_datasets
92,74.03491711616516,0.0,1735715036.8761132,,0.0,1.0,0.001,1,16,40x40,PrototypicalNetwork,5,5,Egyptian,Greek,False,1,4000,2,exp1_permuted_src_datasets
93,74.05113196372986,0.0,1735715036.892328,,0.0,1.0,0.001,1,16,40x40,PrototypicalNetwork,5,5,Egyptian,Greek,False,1,4000,2,exp1_permuted_src_datasets
94,74.06712245941162,0.0,1735715036.9083185,,0.0,1.0,0.001,1,16,40x40,PrototypicalNetwork,5,5,Egyptian,Greek,False,1,4000,2,exp1_permuted_src_datasets
95,74.08306670188904,0.0,1735715036.9242628,,0.0,1.0,0.001,1,16,40x40,PrototypicalNetwork,5,5,Egyptian,Greek,False,1,4000,2,exp1_permuted_src_datasets
96,74.09905934333801,0.0,1735715036.9402554,,0.0,1.0,0.001,1,16,40x40,PrototypicalNetwork,5,5,Egyptian,Greek,False,1,4000,2,exp1_permuted_src_datasets
97,74.1153564453125,0.0,1735715036.9565525,,0.0,1.0,0.001,1,16,40x40,PrototypicalNetwork,5,5,Egyptian,Greek,False,1,4000,2,exp1_permuted_src_datasets
98,74.13145518302917,0.0,1735715036.9726512,,0.0,1.0,0.001,1,16,40x40,PrototypicalNetwork,5,5,Egyptian,Greek,False,1,4000,2,exp1_permuted_src_datasets
99,74.14781785011292,0.0,1735715036.989014,,0.0,1.0,0.001,1,16,40x40,PrototypicalNetwork,5,5,Egyptian,Greek,False,1,4000,2,exp1_permuted_src_datasets
100,74.16414904594421,0.0,1735715037.005345,,0.0,1.0,0.001,1,16,40x40,PrototypicalNetwork,5,5,Egyptian,Greek,False,1,4000,2,exp1_permuted_src_datasets
101,74.1973340511322,0.0,1735715037.03853,,0.0,1.0,0.001,1,16,40x40,PrototypicalNetwork,5,5,Egyptian,Greek,False,1,4000,2,exp1_permuted_src_datasets
102,74.2280261516571,0.0,1735715037.0692222,,0.0,1.0,0.001,1,16,40x40,PrototypicalNetwork,5,5,Egyptian,Greek,False,1,4000,2,exp1_permuted_src_datasets
103,74.24704432487488,0.0,1735715037.0882404,,0.0,1.0,0.001,1,16,40x40,PrototypicalNetwork,5,5,Egyptian,Greek,False,1,4000,2,exp1_permuted_src_datasets
104,74.2636501789093,0.0,1735715037.1048462,,0.0,1.0,0.001,1,16,40x40,PrototypicalNetwork,5,5,Egyptian,Greek,False,1,4000,2,exp1_permuted_src_datasets
105,74.28002882003784,0.0,1735715037.1212249,,0.0,1.0,0.001,1,16,40x40,PrototypicalNetwork,5,5,Egyptian,Greek,False,1,4000,2,exp1_permuted_src_datasets
106,74.29629254341125,0.0,1735715037.1374886,,0.0,1.0,0.001,1,16,40x40,PrototypicalNetwork,5,5,Egyptian,Greek,False,1,4000,2,exp1_permuted_src_datasets
107,74.3125114440918,0.0,1735715037.1537075,,0.0,1.0,0.001,1,16,40x40,PrototypicalNetwork,5,5,Egyptian,Greek,False,1,4000,2,exp1_permuted_src_datasets
108,74.32847762107849,0.0,1735715037.1696737,,0.0,1.0,0.001,1,16,40x40,PrototypicalNetwork,5,5,Egyptian,Greek,False,1,4000,2,exp1_permuted_src_datasets
109,74.34454202651978,0.0,1735715037.185738,,0.0,1.0,0.001,1,16,40x40,PrototypicalNetwork,5,5,Egyptian,Greek,False,1,4000,2,exp1_permuted_src_datasets
110,74.36165428161621,0.0,1735715037.2028503,,0.0,1.0,0.001,1,16,40x40,PrototypicalNetwork,5,5,Egyptian,Greek,False,1,4000,2,exp1_permuted_src_datasets
111,74.38965606689453,0.0,1735715037.2308521,,0.0,1.0,0.001,1,16,40x40,PrototypicalNetwork,5,5,Egyptian,Greek,False,1,4000,2,exp1_permuted_src_datasets
112,74.40723180770874,0.0,1735715037.2484279,,0.0,1.0,0.001,1,16,40x40,PrototypicalNetwork,5,5,Egyptian,Greek,False,1,4000,2,exp1_permuted_src_datasets
113,74.42430973052979,0.0,1735715037.2655058,,0.0,1.0,0.001,1,16,40x40,PrototypicalNetwork,5,5,Egyptian,Greek,False,1,4000,2,exp1_permuted_src_datasets
114,74.44041347503662,0.0,1735715037.2816095,,0.0,1.0,0.001,1,16,40x40,PrototypicalNetwork,5,5,Egyptian,Greek,False,1,4000,2,exp1_permuted_src_datasets
115,74.4565908908844,0.0,1735715037.297787,,0.0,1.0,0.001,1,16,40x40,PrototypicalNetwork,5,5,Egyptian,Greek,False,1,4000,2,exp1_permuted_src_datasets
116,74.47252678871155,0.0,1735715037.3137228,,0.0,1.0,0.001,1,16,40x40,PrototypicalNetwork,5,5,Egyptian,Greek,False,1,4000,2,exp1_permuted_src_datasets
117,74.4884774684906,0.0,1735715037.3296735,,0.0,1.0,0.001,1,16,40x40,PrototypicalNetwork,5,5,Egyptian,Greek,False,1,4000,2,exp1_permuted_src_datasets
118,74.50439095497131,0.0,1735715037.345587,,0.0,1.0,0.001,1,16,40x40,PrototypicalNetwork,5,5,Egyptian,Greek,False,1,4000,2,exp1_permuted_src_datasets
119,74.5202534198761,0.0,1735715037.3614495,,0.0,1.0,0.001,1,16,40x40,PrototypicalNetwork,5,5,Egyptian,Greek,False,1,4000,2,exp1_permuted_src_datasets
120,74.53649854660034,0.0,1735715037.3776946,,0.0,1.0,0.001,1,16,40x40,PrototypicalNetwork,5,5,Egyptian,Greek,False,1,4000,2,exp1_permuted_src_datasets
121,74.55639290809631,0.0,1735715037.397589,,0.0,1.0,0.001,1,16,40x40,PrototypicalNetwork,5,5,Egyptian,Greek,False,1,4000,2,exp1_permuted_src_datasets
122,74.57269144058228,0.0,1735715037.4138875,,0.0,1.0,0.001,1,16,40x40,PrototypicalNetwork,5,5,Egyptian,Greek,False,1,4000,2,exp1_permuted_src_datasets
123,74.58945846557617,0.0,1735715037.4306545,,0.0,1.0,0.001,1,16,40x40,PrototypicalNetwork,5,5,Egyptian,Greek,False,1,4000,2,exp1_permuted_src_datasets
124,74.60567045211792,0.0,1735715037.4468665,,0.0,1.0,0.001,1,16,40x40,PrototypicalNetwork,5,5,Egyptian,Greek,False,1,4000,2,exp1_permuted_src_datasets
125,74.6287157535553,0.0,1735715037.4699118,,0.0,1.0,0.001,1,16,40x40,PrototypicalNetwork,5,5,Egyptian,Greek,False,1,4000,2,exp1_permuted_src_datasets
126,74.64504218101501,0.0,1735715037.4862382,,0.0,1.0,0.001,1,16,40x40,PrototypicalNetwork,5,5,Egyptian,Greek,False,1,4000,2,exp1_permuted_src_datasets
127,109.90469670295715,0.0,1735715072.7458928,0.7106999986171723,,,0.001,1,16,40x40,PrototypicalNetwork,5,5,Egyptian,Greek,False,1,4000,2,exp1_permuted_src_datasets
128,109.94132328033447,0.0,1735715072.7825193,,0.0,1.0,0.001,1,16,40x40,PrototypicalNetwork,5,5,Egyptian,Greek,False,1,4000,2,exp1_permuted_src_datasets
129,109.9577693939209,0.0,1735715072.7989655,,0.0,1.0,0.001,1,16,40x40,PrototypicalNetwork,5,5,Egyptian,Greek,False,1,4000,2,exp1_permuted_src_datasets
130,109.97415947914124,0.0,1735715072.8153555,,0.0,1.0,0.001,1,16,40x40,PrototypicalNetwork,5,5,Egyptian,Greek,False,1,4000,2,exp1_permuted_src_datasets
131,109.99106073379517,0.0,1735715072.8322568,,0.0,1.0,0.001,1,16,40x40,PrototypicalNetwork,5,5,Egyptian,Greek,False,1,4000,2,exp1_permuted_src_datasets
132,110.02212500572205,0.0,1735715072.863321,,0.0,1.0,0.001,1,16,40x40,PrototypicalNetwork,5,5,Egyptian,Greek,False,1,4000,2,exp1_permuted_src_datasets
133,110.04013133049011,0.0,1735715072.8813274,,0.0,1.0,0.001,1,16,40x40,PrototypicalNetwork,5,5,Egyptian,Greek,False,1,4000,2,exp1_permuted_src_datasets
134,110.05654525756836,0.0,1735715072.8977413,,0.0,1.0,0.001,1,16,40x40,PrototypicalNetwork,5,5,Egyptian,Greek,False,1,4000,2,exp1_permuted_src_datasets
135,110.07221031188965,0.0,1735715072.9134064,,0.0,1.0,0.001,1,16,40x40,PrototypicalNetwork,5,5,Egyptian,Greek,False,1,4000,2,exp1_permuted_src_datasets
136,110.08774137496948,0.0,1735715072.9289374,,0.0,1.0,0.001,1,16,40x40,PrototypicalNetwork,5,5,Egyptian,Greek,False,1,4000,2,exp1_permuted_src_datasets
137,110.10333395004272,0.0,1735715072.94453,,0.0,1.0,0.001,1,16,40x40,PrototypicalNetwork,5,5,Egyptian,Greek,False,1,4000,2,exp1_permuted_src_datasets
138,110.12068676948547,0.0,1735715072.9618828,,0.0,1.0,0.001,1,16,40x40,PrototypicalNetwork,5,5,Egyptian,Greek,False,1,4000,2,exp1_permuted_src_datasets
139,110.13675999641418,0.0,1735715072.977956,,0.0,1.0,0.001,1,16,40x40,PrototypicalNetwork,5,5,Egyptian,Greek,False,1,4000,2,exp1_permuted_src_datasets
140,110.15348672866821,0.0,1735715072.9946828,,0.0,1.0,0.001,1,16,40x40,PrototypicalNetwork,5,5,Egyptian,Greek,False,1,4000,2,exp1_permuted_src_datasets
141,110.17035675048828,0.0,1735715073.0115528,,0.0,1.0,0.001,1,16,40x40,PrototypicalNetwork,5,5,Egyptian,Greek,False,1,4000,2,exp1_permuted_src_datasets
142,110.18656539916992,0.0,1735715073.0277615,,0.0,1.0,0.001,1,16,40x40,PrototypicalNetwork,5,5,Egyptian,Greek,False,1,4000,2,exp1_permuted_src_datasets
143,110.20243048667908,0.0,1735715073.0436265,,0.0,1.0,0.001,1,16,40x40,PrototypicalNetwork,5,5,Egyptian,Greek,False,1,4000,2,exp1_permuted_src_datasets
144,110.21814799308777,0.0,1735715073.059344,,0.0,1.0,0.001,1,16,40x40,PrototypicalNetwork,5,5,Egyptian,Greek,False,1,4000,2,exp1_permuted_src_datasets
145,110.25104594230652,0.0,1735715073.092242,,0.0,1.0,0.001,1,16,40x40,PrototypicalNetwork,5,5,Egyptian,Greek,False,1,4000,2,exp1_permuted_src_datasets
146,110.26939511299133,0.0,1735715073.1105912,,0.0,1.0,0.001,1,16,40x40,PrototypicalNetwork,5,5,Egyptian,Greek,False,1,4000,2,exp1_permuted_src_datasets
147,110.28586339950562,0.0,1735715073.1270595,,0.0,1.0,0.001,1,16,40x40,PrototypicalNetwork,5,5,Egyptian,Greek,False,1,4000,2,exp1_permuted_src_datasets
148,110.30243635177612,0.0,1735715073.1436324,,0.0,1.0,0.001,1,16,40x40,PrototypicalNetwork,5,5,Egyptian,Greek,False,1,4000,2,exp1_permuted_src_datasets
149,110.31963753700256,0.0,1735715073.1608336,,0.0,1.0,0.001,1,16,40x40,PrototypicalNetwork,5,5,Egyptian,Greek,False,1,4000,2,exp1_permuted_src_datasets
150,110.33667731285095,0.0,1735715073.1778734,,0.0,1.0,0.001,1,16,40x40,PrototypicalNetwork,5,5,Egyptian,Greek,False,1,4000,2,exp1_permuted_src_datasets
151,110.35344767570496,0.0,1735715073.1946437,,0.0,1.0,0.001,1,16,40x40,PrototypicalNetwork,5,5,Egyptian,Greek,False,1,4000,2,exp1_permuted_src_datasets
152,110.37288331985474,0.0,1735715073.2140794,,0.0,1.0,0.001,1,16,40x40,PrototypicalNetwork,5,5,Egyptian,Greek,False,1,4000,2,exp1_permuted_src_datasets
153,110.3892548084259,0.0,1735715073.2304509,,0.0,1.0,0.001,1,16,40x40,PrototypicalNetwork,5,5,Egyptian,Greek,False,1,4000,2,exp1_permuted_src_datasets
154,110.4051730632782,0.0,1735715073.2463691,,0.0,1.0,0.001,1,16,40x40,PrototypicalNetwork,5,5,Egyptian,Greek,False,1,4000,2,exp1_permuted_src_datasets
155,110.42169523239136,0.0,1735715073.2628913,,0.0,1.0,0.001,1,16,40x40,PrototypicalNetwork,5,5,Egyptian,Greek,False,1,4000,2,exp1_permuted_src_datasets
156,110.43750381469727,0.0,1735715073.2786999,,0.0,1.0,0.001,1,16,40x40,PrototypicalNetwork,5,5,Egyptian,Greek,False,1,4000,2,exp1_permuted_src_datasets
157,110.45354962348938,0.0,1735715073.2947457,,0.0,1.0,0.001,1,16,40x40,PrototypicalNetwork,5,5,Egyptian,Greek,False,1,4000,2,exp1_permuted_src_datasets
158,110.46926546096802,0.0,1735715073.3104615,,0.0,1.0,0.001,1,16,40x40,PrototypicalNetwork,5,5,Egyptian,Greek,False,1,4000,2,exp1_permuted_src_datasets
159,110.48581099510193,0.0,1735715073.327007,,0.0,1.0,0.001,1,16,40x40,PrototypicalNetwork,5,5,Egyptian,Greek,False,1,4000,2,exp1_permuted_src_datasets
160,110.50170636177063,0.0,1735715073.3429024,,0.0,1.0,0.001,1,16,40x40,PrototypicalNetwork,5,5,Egyptian,Greek,False,1,4000,2,exp1_permuted_src_datasets
161,110.51782560348511,0.0,1735715073.3590217,,0.0,1.0,0.001,1,16,40x40,PrototypicalNetwork,5,5,Egyptian,Greek,False,1,4000,2,exp1_permuted_src_datasets
162,110.53363013267517,0.0,1735715073.3748262,,0.0,1.0,0.001,1,16,40x40,PrototypicalNetwork,5,5,Egyptian,Greek,False,1,4000,2,exp1_permuted_src_datasets
163,110.54945254325867,0.0,1735715073.3906486,,0.0,1.0,0.001,1,16,40x40,PrototypicalNetwork,5,5,Egyptian,Greek,False,1,4000,2,exp1_permuted_src_datasets
164,110.56526708602905,0.0,1735715073.4064631,,0.0,1.0,0.001,1,16,40x40,PrototypicalNetwork,5,5,Egyptian,Greek,False,1,4000,2,exp1_permuted_src_datasets
165,110.58521556854248,0.0,1735715073.4264116,,0.0,1.0,0.001,1,16,40x40,PrototypicalNetwork,5,5,Egyptian,Greek,False,1,4000,2,exp1_permuted_src_datasets
166,110.60212421417236,0.0,1735715073.4433203,,0.0,1.0,0.001,1,16,40x40,PrototypicalNetwork,5,5,Egyptian,Greek,False,1,4000,2,exp1_permuted_src_datasets
167,110.61846041679382,0.0,1735715073.4596565,,0.0,1.0,0.001,1,16,40x40,PrototypicalNetwork,5,5,Egyptian,Greek,False,1,4000,2,exp1_permuted_src_datasets
168,110.63474655151367,0.0,1735715073.4759426,,0.0,1.0,0.001,1,16,40x40,PrototypicalNetwork,5,5,Egyptian,Greek,False,1,4000,2,exp1_permuted_src_datasets
169,110.6518075466156,0.0,1735715073.4930036,,0.0,1.0,0.001,1,16,40x40,PrototypicalNetwork,5,5,Egyptian,Greek,False,1,4000,2,exp1_permuted_src_datasets
170,110.6686429977417,0.0,1735715073.509839,,0.0,1.0,0.001,1,16,40x40,PrototypicalNetwork,5,5,Egyptian,Greek,False,1,4000,2,exp1_permuted_src_datasets
171,110.684565782547,0.0,1735715073.5257618,,0.0,1.0,0.001,1,16,40x40,PrototypicalNetwork,5,5,Egyptian,Greek,False,1,4000,2,exp1_permuted_src_datasets
172,110.70050287246704,0.0,1735715073.541699,,0.0,1.0,0.001,1,16,40x40,PrototypicalNetwork,5,5,Egyptian,Greek,False,1,4000,2,exp1_permuted_src_datasets
173,110.71649885177612,0.0,1735715073.557695,,0.0,1.0,0.001,1,16,40x40,PrototypicalNetwork,5,5,Egyptian,Greek,False,1,4000,2,exp1_permuted_src_datasets
174,110.73282957077026,0.0,1735715073.5740256,,0.0,1.0,0.001,1,16,40x40,PrototypicalNetwork,5,5,Egyptian,Greek,False,1,4000,2,exp1_permuted_src_datasets
175,110.74896216392517,0.0,1735715073.5901582,,0.0,1.0,0.001,1,16,40x40,PrototypicalNetwork,5,5,Egyptian,Greek,False,1,4000,2,exp1_permuted_src_datasets
176,110.76537227630615,0.0,1735715073.6065683,,0.0,1.0,0.001,1,16,40x40,PrototypicalNetwork,5,5,Egyptian,Greek,False,1,4000,2,exp1_permuted_src_datasets
177,110.78277373313904,0.0,1735715073.6239698,,0.0,1.0,0.001,1,16,40x40,PrototypicalNetwork,5,5,Egyptian,Greek,False,1,4000,2,exp1_permuted_src_datasets
178,110.79888796806335,0.0,1735715073.640084,,0.0,1.0,0.001,1,16,40x40,PrototypicalNetwork,5,5,Egyptian,Greek,False,1,4000,2,exp1_permuted_src_datasets
179,110.81485342979431,0.0,1735715073.6560495,,0.0,1.0,0.001,1,16,40x40,PrototypicalNetwork,5,5,Egyptian,Greek,False,1,4000,2,exp1_permuted_src_datasets
180,110.83864283561707,0.0,1735715073.679839,,0.0,1.0,0.001,1,16,40x40,PrototypicalNetwork,5,5,Egyptian,Greek,False,1,4000,2,exp1_permuted_src_datasets
181,110.85517358779907,0.0,1735715073.6963696,,0.0,1.0,0.001,1,16,40x40,PrototypicalNetwork,5,5,Egyptian,Greek,False,1,4000,2,exp1_permuted_src_datasets
182,110.87168622016907,0.0,1735715073.7128823,,0.0,1.0,0.001,1,16,40x40,PrototypicalNetwork,5,5,Egyptian,Greek,False,1,4000,2,exp1_permuted_src_datasets
183,110.88837480545044,0.0,1735715073.7295709,,0.0,1.0,0.001,1,16,40x40,PrototypicalNetwork,5,5,Egyptian,Greek,False,1,4000,2,exp1_permuted_src_datasets
184,110.9047303199768,0.0,1735715073.7459264,,0.0,1.0,0.001,1,16,40x40,PrototypicalNetwork,5,5,Egyptian,Greek,False,1,4000,2,exp1_permuted_src_datasets
185,110.92103290557861,0.0,1735715073.762229,,0.0,1.0,0.001,1,16,40x40,PrototypicalNetwork,5,5,Egyptian,Greek,False,1,4000,2,exp1_permuted_src_datasets
186,110.93739342689514,0.0,1735715073.7785895,,0.0,1.0,0.001,1,16,40x40,PrototypicalNetwork,5,5,Egyptian,Greek,False,1,4000,2,exp1_permuted_src_datasets
187,110.95362281799316,0.0,1735715073.7948189,,0.0,1.0,0.001,1,16,40x40,PrototypicalNetwork,5,5,Egyptian,Greek,False,1,4000,2,exp1_permuted_src_datasets
188,110.96989607810974,0.0,1735715073.8110921,,0.0,1.0,0.001,1,16,40x40,PrototypicalNetwork,5,5,Egyptian,Greek,False,1,4000,2,exp1_permuted_src_datasets
189,110.98613357543945,0.0,1735715073.8273296,,0.0,1.0,0.001,1,16,40x40,PrototypicalNetwork,5,5,Egyptian,Greek,False,1,4000,2,exp1_permuted_src_datasets
190,146.14086818695068,0.0,1735715108.9820642,0.6991499977111817,,,0.001,1,16,40x40,PrototypicalNetwork,5,5,Egyptian,Greek,False,1,4000,2,exp1_permuted_src_datasets
191,146.15416836738586,0.0,1735715108.9953644,,0.0,1.0,0.001,1,16,40x40,PrototypicalNetwork,5,5,Egyptian,Greek,False,1,4000,2,exp1_permuted_src_datasets
192,146.17063879966736,0.0,1735715109.0118349,,0.0,1.0,0.001,1,16,40x40,PrototypicalNetwork,5,5,Egyptian,Greek,False,1,4000,2,exp1_permuted_src_datasets
193,146.18670225143433,0.0,1735715109.0278983,,0.0,1.0,0.001,1,16,40x40,PrototypicalNetwork,5,5,Egyptian,Greek,False,1,4000,2,exp1_permuted_src_datasets
194,146.20282244682312,0.0,1735715109.0440185,,0.0,1.0,0.001,1,16,40x40,PrototypicalNetwork,5,5,Egyptian,Greek,False,1,4000,2,exp1_permuted_src_datasets
195,146.2191822528839,0.0,1735715109.0603783,,0.0,1.0,0.001,1,16,40x40,PrototypicalNetwork,5,5,Egyptian,Greek,False,1,4000,2,exp1_permuted_src_datasets
196,146.23650217056274,0.0,1735715109.0776982,,0.0,1.0,0.001,1,16,40x40,PrototypicalNetwork,5,5,Egyptian,Greek,False,1,4000,2,exp1_permuted_src_datasets
197,146.25291204452515,0.0,1735715109.094108,,0.0,1.0,0.001,1,16,40x40,PrototypicalNetwork,5,5,Egyptian,Greek,False,1,4000,2,exp1_permuted_src_datasets
198,146.2714970111847,0.0,1735715109.112693,,0.0,1.0,0.001,1,16,40x40,PrototypicalNetwork,5,5,Egyptian,Greek,False,1,4000,2,exp1_permuted_src_datasets
199,146.2880139350891,0.0,1735715109.12921,,0.0,1.0,0.001,1,16,40x40,PrototypicalNetwork,5,5,Egyptian,Greek,False,1,4000,2,exp1_permuted_src_datasets
200,146.30452847480774,0.0,1735715109.1457245,,0.0,1.0,0.001,1,16,40x40,PrototypicalNetwork,5,5,Egyptian,Greek,False,1,4000,2,exp1_permuted_src_datasets
201,146.32119011878967,0.0,1735715109.1623862,,0.0,1.0,0.001,1,16,40x40,PrototypicalNetwork,5,5,Egyptian,Greek,False,1,4000,2,exp1_permuted_src_datasets
202,146.33734774589539,0.0,1735715109.1785438,,0.0,1.0,0.001,1,16,40x40,PrototypicalNetwork,5,5,Egyptian,Greek,False,1,4000,2,exp1_permuted_src_datasets
203,146.3535497188568,0.0,1735715109.1947458,,0.0,1.0,0.001,1,16,40x40,PrototypicalNetwork,5,5,Egyptian,Greek,False,1,4000,2,exp1_permuted_src_datasets
204,146.3695240020752,0.0,1735715109.21072,,0.0,1.0,0.001,1,16,40x40,PrototypicalNetwork,5,5,Egyptian,Greek,False,1,4000,2,exp1_permuted_src_datasets
205,146.3865830898285,0.0,1735715109.2277792,,0.0,1.0,0.001,1,16,40x40,PrototypicalNetwork,5,5,Egyptian,Greek,False,1,4000,2,exp1_permuted_src_datasets
206,146.40251421928406,0.0,1735715109.2437103,,0.0,1.0,0.001,1,16,40x40,PrototypicalNetwork,5,5,Egyptian,Greek,False,1,4000,2,exp1_permuted_src_datasets
207,146.41875529289246,0.0,1735715109.2599514,,0.0,1.0,0.001,1,16,40x40,PrototypicalNetwork,5,5,Egyptian,Greek,False,1,4000,2,exp1_permuted_src_datasets
208,146.43495631217957,0.0,1735715109.2761524,,0.0,1.0,0.001,1,16,40x40,PrototypicalNetwork,5,5,Egyptian,Greek,False,1,4000,2,exp1_permuted_src_datasets
209,146.45092010498047,0.0,1735715109.2921162,,0.0,1.0,0.001,1,16,40x40,PrototypicalNetwork,5,5,Egyptian,Greek,False,1,4000,2,exp1_permuted_src_datasets
210,146.46722865104675,0.0,1735715109.3084247,,0.0,1.0,0.001,1,16,40x40,PrototypicalNetwork,5,5,Egyptian,Greek,False,1,4000,2,exp1_permuted_src_datasets
211,146.48322463035583,0.0,1735715109.3244207,,0.0,1.0,0.001,1,16,40x40,PrototypicalNetwork,5,5,Egyptian,Greek,False,1,4000,2,exp1_permuted_src_datasets
212,146.49921298027039,0.0,1735715109.340409,,0.0,1.0,0.001,1,16,40x40,PrototypicalNetwork,5,5,Egyptian,Greek,False,1,4000,2,exp1_permuted_src_datasets
213,146.51522016525269,0.0,1735715109.3564162,,0.0,1.0,0.001,1,16,40x40,PrototypicalNetwork,5,5,Egyptian,Greek,False,1,4000,2,exp1_permuted_src_datasets
214,146.53121995925903,0.0,1735715109.372416,,0.0,1.0,0.001,1,16,40x40,PrototypicalNetwork,5,5,Egyptian,Greek,False,1,4000,2,exp1_permuted_src_datasets
215,146.5472047328949,0.0,1735715109.3884008,,0.0,1.0,0.001,1,16,40x40,PrototypicalNetwork,5,5,Egyptian,Greek,False,1,4000,2,exp1_permuted_src_datasets
216,146.56433486938477,0.0,1735715109.405531,,0.0,1.0,0.001,1,16,40x40,PrototypicalNetwork,5,5,Egyptian,Greek,False,1,4000,2,exp1_permuted_src_datasets
217,146.58042931556702,0.0,1735715109.4216254,,0.0,1.0,0.001,1,16,40x40,PrototypicalNetwork,5,5,Egyptian,Greek,False,1,4000,2,exp1_permuted_src_datasets
218,146.5968976020813,0.0,1735715109.4380937,,0.0,1.0,0.001,1,16,40x40,PrototypicalNetwork,5,5,Egyptian,Greek,False,1,4000,2,exp1_permuted_src_datasets
219,146.61285018920898,0.0,1735715109.4540462,,0.0,1.0,0.001,1,16,40x40,PrototypicalNetwork,5,5,Egyptian,Greek,False,1,4000,2,exp1_permuted_src_datasets
220,146.62875723838806,0.0,1735715109.4699533,,0.0,1.0,0.001,1,16,40x40,PrototypicalNetwork,5,5,Egyptian,Greek,False,1,4000,2,exp1_permuted_src_datasets
221,146.64480257034302,0.0,1735715109.4859986,,0.0,1.0,0.001,1,16,40x40,PrototypicalNetwork,5,5,Egyptian,Greek,False,1,4000,2,exp1_permuted_src_datasets
222,146.6617476940155,0.0,1735715109.5029438,,0.0,1.0,0.001,1,16,40x40,PrototypicalNetwork,5,5,Egyptian,Greek,False,1,4000,2,exp1_permuted_src_datasets
223,146.6789357662201,0.0,1735715109.5201318,,0.0,1.0,0.001,1,16,40x40,PrototypicalNetwork,5,5,Egyptian,Greek,False,1,4000,2,exp1_permuted_src_datasets
224,146.69595646858215,0.0,1735715109.5371525,,0.0,1.0,0.001,1,16,40x40,PrototypicalNetwork,5,5,Egyptian,Greek,False,1,4000,2,exp1_permuted_src_datasets
225,146.71262288093567,0.0,1735715109.553819,,0.0,1.0,0.001,1,16,40x40,PrototypicalNetwork,5,5,Egyptian,Greek,False,1,4000,2,exp1_permuted_src_datasets
226,146.72885918617249,0.0,1735715109.5700552,,0.0,1.0,0.001,1,16,40x40,PrototypicalNetwork,5,5,Egyptian,Greek,False,1,4000,2,exp1_permuted_src_datasets
227,146.74458169937134,0.0,1735715109.5857778,,0.0,1.0,0.001,1,16,40x40,PrototypicalNetwork,5,5,Egyptian,Greek,False,1,4000,2,exp1_permuted_src_datasets
228,146.76025319099426,0.0,1735715109.6014493,,0.0,1.0,0.001,1,16,40x40,PrototypicalNetwork,5,5,Egyptian,Greek,False,1,4000,2,exp1_permuted_src_datasets
229,146.77755045890808,0.0,1735715109.6187465,,0.0,1.0,0.001,1,16,40x40,PrototypicalNetwork,5,5,Egyptian,Greek,False,1,4000,2,exp1_permuted_src_datasets
230,146.79367518424988,0.0,1735715109.6348712,,0.0,1.0,0.001,1,16,40x40,PrototypicalNetwork,5,5,Egyptian,Greek,False,1,4000,2,exp1_permuted_src_datasets
231,146.8097550868988,0.0,1735715109.6509511,,0.0,1.0,0.001,1,16,40x40,PrototypicalNetwork,5,5,Egyptian,Greek,False,1,4000,2,exp1_permuted_src_datasets
232,146.82560276985168,0.0,1735715109.6667988,,0.0,1.0,0.001,1,16,40x40,PrototypicalNetwork,5,5,Egyptian,Greek,False,1,4000,2,exp1_permuted_src_datasets
233,146.84189367294312,0.0,1735715109.6830897,,0.0,1.0,0.001,1,16,40x40,PrototypicalNetwork,5,5,Egyptian,Greek,False,1,4000,2,exp1_permuted_src_datasets
234,146.86599779129028,0.0,1735715109.7071939,,0.0,1.0,0.001,1,16,40x40,PrototypicalNetwork,5,5,Egyptian,Greek,False,1,4000,2,exp1_permuted_src_datasets
235,146.88293647766113,0.0,1735715109.7241325,,0.0,1.0,0.001,1,16,40x40,PrototypicalNetwork,5,5,Egyptian,Greek,False,1,4000,2,exp1_permuted_src_datasets
236,146.89925050735474,0.0,1735715109.7404466,,0.0,1.0,0.001,1,16,40x40,PrototypicalNetwork,5,5,Egyptian,Greek,False,1,4000,2,exp1_permuted_src_datasets
237,146.91633129119873,0.0,1735715109.7575274,,0.0,1.0,0.001,1,16,40x40,PrototypicalNetwork,5,5,Egyptian,Greek,False,1,4000,2,exp1_permuted_src_datasets
238,146.9323661327362,0.0,1735715109.7735622,,0.0,1.0,0.001,1,16,40x40,PrototypicalNetwork,5,5,Egyptian,Greek,False,1,4000,2,exp1_permuted_src_datasets
239,146.94824981689453,0.0,1735715109.7894459,,0.0,1.0,0.001,1,16,40x40,PrototypicalNetwork,5,5,Egyptian,Greek,False,1,4000,2,exp1_permuted_src_datasets
240,146.96391940116882,0.0,1735715109.8051155,,0.0,1.0,0.001,1,16,40x40,PrototypicalNetwork,5,5,Egyptian,Greek,False,1,4000,2,exp1_permuted_src_datasets
241,146.97979831695557,0.0,1735715109.8209944,,0.0,1.0,0.001,1,16,40x40,PrototypicalNetwork,5,5,Egyptian,Greek,False,1,4000,2,exp1_permuted_src_datasets
242,146.995685338974,0.0,1735715109.8368814,,0.0,1.0,0.001,1,16,40x40,PrototypicalNetwork,5,5,Egyptian,Greek,False,1,4000,2,exp1_permuted_src_datasets
243,147.01334834098816,0.0,1735715109.8545444,,0.0,1.0,0.001,1,16,40x40,PrototypicalNetwork,5,5,Egyptian,Greek,False,1,4000,2,exp1_permuted_src_datasets
244,147.03048038482666,0.0,1735715109.8716764,,0.0,1.0,0.001,1,16,40x40,PrototypicalNetwork,5,5,Egyptian,Greek,False,1,4000,2,exp1_permuted_src_datasets
245,147.05433440208435,0.0,1735715109.8955305,,0.0,1.0,0.001,1,16,40x40,PrototypicalNetwork,5,5,Egyptian,Greek,False,1,4000,2,exp1_permuted_src_datasets
246,147.07042813301086,0.0,1735715109.9116242,,0.0,1.0,0.001,1,16,40x40,PrototypicalNetwork,5,5,Egyptian,Greek,False,1,4000,2,exp1_permuted_src_datasets
247,147.08636927604675,0.0,1735715109.9275653,,0.0,1.0,0.001,1,16,40x40,PrototypicalNetwork,5,5,Egyptian,Greek,False,1,4000,2,exp1_permuted_src_datasets
248,147.1023292541504,0.0,1735715109.9435253,,0.0,1.0,0.001,1,16,40x40,PrototypicalNetwork,5,5,Egyptian,Greek,False,1,4000,2,exp1_permuted_src_datasets
249,147.11851739883423,0.0,1735715109.9597135,,0.0,1.0,0.001,1,16,40x40,PrototypicalNetwork,5,5,Egyptian,Greek,False,1,4000,2,exp1_permuted_src_datasets
250,147.13597083091736,0.0,1735715109.977167,,0.0,1.0,0.001,1,16,40x40,PrototypicalNetwork,5,5,Egyptian,Greek,False,1,4000,2,exp1_permuted_src_datasets
251,147.15568947792053,0.0,1735715109.9968855,,0.0,1.0,0.001,1,16,40x40,PrototypicalNetwork,5,5,Egyptian,Greek,False,1,4000,2,exp1_permuted_src_datasets
252,147.172292470932,0.0,1735715110.0134885,,0.0,1.0,0.001,1,16,40x40,PrototypicalNetwork,5,5,Egyptian,Greek,False,1,4000,2,exp1_permuted_src_datasets
253,182.3498649597168,0.0,1735715145.191061,0.7005999984741211,,,0.001,1,16,40x40,PrototypicalNetwork,5,5,Egyptian,Greek,False,1,4000,2,exp1_permuted_src_datasets
254,182.3628933429718,0.0,1735715145.2040894,,0.0,1.0,0.001,1,16,40x40,PrototypicalNetwork,5,5,Egyptian,Greek,False,1,4000,2,exp1_permuted_src_datasets
255,182.37938404083252,0.0,1735715145.22058,,0.0,1.0,0.001,1,16,40x40,PrototypicalNetwork,5,5,Egyptian,Greek,False,1,4000,2,exp1_permuted_src_datasets
256,182.39531588554382,0.0,1735715145.236512,,0.0,1.0,0.001,1,16,40x40,PrototypicalNetwork,5,5,Egyptian,Greek,False,1,4000,2,exp1_permuted_src_datasets
257,182.4112524986267,0.0,1735715145.2524486,,0.0,1.0,0.001,1,16,40x40,PrototypicalNetwork,5,5,Egyptian,Greek,False,1,4000,2,exp1_permuted_src_datasets
258,182.4276967048645,0.0,1735715145.2688928,,0.0,1.0,0.001,1,16,40x40,PrototypicalNetwork,5,5,Egyptian,Greek,False,1,4000,2,exp1_permuted_src_datasets
259,182.44594073295593,0.0,1735715145.2871368,,0.0,1.0,0.001,1,16,40x40,PrototypicalNetwork,5,5,Egyptian,Greek,False,1,4000,2,exp1_permuted_src_datasets
260,182.4724702835083,0.0,1735715145.3136663,,0.0,1.0,0.001,1,16,40x40,PrototypicalNetwork,5,5,Egyptian,Greek,False,1,4000,2,exp1_permuted_src_datasets
261,182.4904773235321,0.0,1735715145.3316734,,0.0,1.0,0.001,1,16,40x40,PrototypicalNetwork,5,5,Egyptian,Greek,False,1,4000,2,exp1_permuted_src_datasets
262,182.50664830207825,0.0,1735715145.3478444,,0.0,1.0,0.001,1,16,40x40,PrototypicalNetwork,5,5,Egyptian,Greek,False,1,4000,2,exp1_permuted_src_datasets
263,182.52385067939758,0.0,1735715145.3650467,,0.0,1.0,0.001,1,16,40x40,PrototypicalNetwork,5,5,Egyptian,Greek,False,1,4000,2,exp1_permuted_src_datasets
264,182.54100680351257,0.0,1735715145.3822029,,0.0,1.0,0.001,1,16,40x40,PrototypicalNetwork,5,5,Egyptian,Greek,False,1,4000,2,exp1_permuted_src_datasets
265,182.5573079586029,0.0,1735715145.398504,,0.0,1.0,0.001,1,16,40x40,PrototypicalNetwork,5,5,Egyptian,Greek,False,1,4000,2,exp1_permuted_src_datasets
266,182.57429480552673,0.0,1735715145.4154909,,0.0,1.0,0.001,1,16,40x40,PrototypicalNetwork,5,5,Egyptian,Greek,False,1,4000,2,exp1_permuted_src_datasets
267,182.59061431884766,0.0,1735715145.4318104,,0.0,1.0,0.001,1,16,40x40,PrototypicalNetwork,5,5,Egyptian,Greek,False,1,4000,2,exp1_permuted_src_datasets
268,182.60713291168213,0.0,1735715145.448329,,0.0,1.0,0.001,1,16,40x40,PrototypicalNetwork,5,5,Egyptian,Greek,False,1,4000,2,exp1_permuted_src_datasets
269,182.6280391216278,0.0,1735715145.4692352,,0.0,1.0,0.001,1,16,40x40,PrototypicalNetwork,5,5,Egyptian,Greek,False,1,4000,2,exp1_permuted_src_datasets
270,182.64568042755127,0.0,1735715145.4868765,,0.0,1.0,0.001,1,16,40x40,PrototypicalNetwork,5,5,Egyptian,Greek,False,1,4000,2,exp1_permuted_src_datasets
271,182.66210985183716,0.0,1735715145.503306,,0.0,1.0,0.001,1,16,40x40,PrototypicalNetwork,5,5,Egyptian,Greek,False,1,4000,2,exp1_permuted_src_datasets
272,182.67845797538757,0.0,1735715145.519654,,0.0,1.0,0.001,1,16,40x40,PrototypicalNetwork,5,5,Egyptian,Greek,False,1,4000,2,exp1_permuted_src_datasets
273,182.694970369339,0.0,1735715145.5361664,,0.0,1.0,0.001,1,16,40x40,PrototypicalNetwork,5,5,Egyptian,Greek,False,1,4000,2,exp1_permuted_src_datasets
274,182.71627593040466,0.0,1735715145.557472,,0.0,1.0,0.001,1,16,40x40,PrototypicalNetwork,5,5,Egyptian,Greek,False,1,4000,2,exp1_permuted_src_datasets
275,182.73328709602356,0.0,1735715145.5744832,,0.0,1.0,0.001,1,16,40x40,PrototypicalNetwork,5,5,Egyptian,Greek,False,1,4000,2,exp1_permuted_src_datasets
276,182.75036525726318,0.0,1735715145.5915613,,0.0,1.0,0.001,1,16,40x40,PrototypicalNetwork,5,5,Egyptian,Greek,False,1,4000,2,exp1_permuted_src_datasets
277,182.76720523834229,0.0,1735715145.6084013,,0.0,1.0,0.001,1,16,40x40,PrototypicalNetwork,5,5,Egyptian,Greek,False,1,4000,2,exp1_permuted_src_datasets
278,182.78385090827942,0.0,1735715145.625047,,0.0,1.0,0.001,1,16,40x40,PrototypicalNetwork,5,5,Egyptian,Greek,False,1,4000,2,exp1_permuted_src_datasets
279,182.80033326148987,0.0,1735715145.6415293,,0.0,1.0,0.001,1,16,40x40,PrototypicalNetwork,5,5,Egyptian,Greek,False,1,4000,2,exp1_permuted_src_datasets
280,182.82414174079895,0.0,1735715145.6653378,,0.0,1.0,0.001,1,16,40x40,PrototypicalNetwork,5,5,Egyptian,Greek,False,1,4000,2,exp1_permuted_src_datasets
281,182.8407564163208,0.0,1735715145.6819525,,0.0,1.0,0.001,1,16,40x40,PrototypicalNetwork,5,5,Egyptian,Greek,False,1,4000,2,exp1_permuted_src_datasets
282,182.8573875427246,0.0,1735715145.6985836,,0.0,1.0,0.001,1,16,40x40,PrototypicalNetwork,5,5,Egyptian,Greek,False,1,4000,2,exp1_permuted_src_datasets
283,182.87364673614502,0.0,1735715145.7148428,,0.0,1.0,0.001,1,16,40x40,PrototypicalNetwork,5,5,Egyptian,Greek,False,1,4000,2,exp1_permuted_src_datasets
284,182.88994932174683,0.0,1735715145.7311454,,0.0,1.0,0.001,1,16,40x40,PrototypicalNetwork,5,5,Egyptian,Greek,False,1,4000,2,exp1_permuted_src_datasets
285,182.90609550476074,0.0,1735715145.7472916,,0.0,1.0,0.001,1,16,40x40,PrototypicalNetwork,5,5,Egyptian,Greek,False,1,4000,2,exp1_permuted_src_datasets
286,182.92221999168396,0.0,1735715145.763416,,0.0,1.0,0.001,1,16,40x40,PrototypicalNetwork,5,5,Egyptian,Greek,False,1,4000,2,exp1_permuted_src_datasets
287,182.93916583061218,0.0,1735715145.780362,,0.0,1.0,0.001,1,16,40x40,PrototypicalNetwork,5,5,Egyptian,Greek,False,1,4000,2,exp1_permuted_src_datasets
288,182.95607209205627,0.0,1735715145.7972682,,0.0,1.0,0.001,1,16,40x40,PrototypicalNetwork,5,5,Egyptian,Greek,False,1,4000,2,exp1_permuted_src_datasets
289,182.97267270088196,0.0,1735715145.8138688,,0.0,1.0,0.001,1,16,40x40,PrototypicalNetwork,5,5,Egyptian,Greek,False,1,4000,2,exp1_permuted_src_datasets
290,182.98935890197754,0.0,1735715145.830555,,0.0,1.0,0.001,1,16,40x40,PrototypicalNetwork,5,5,Egyptian,Greek,False,1,4000,2,exp1_permuted_src_datasets
291,183.00539779663086,0.0,1735715145.8465939,,0.0,1.0,0.001,1,16,40x40,PrototypicalNetwork,5,5,Egyptian,Greek,False,1,4000,2,exp1_permuted_src_datasets
292,183.0257956981659,0.0,1735715145.8669918,,0.0,1.0,0.001,1,16,40x40,PrototypicalNetwork,5,5,Egyptian,Greek,False,1,4000,2,exp1_permuted_src_datasets
293,183.0430245399475,0.0,1735715145.8842206,,0.0,1.0,0.001,1,16,40x40,PrototypicalNetwork,5,5,Egyptian,Greek,False,1,4000,2,exp1_permuted_src_datasets
294,183.0605709552765,0.0,1735715145.901767,,0.0,1.0,0.001,1,16,40x40,PrototypicalNetwork,5,5,Egyptian,Greek,False,1,4000,2,exp1_permuted_src_datasets
295,183.07666397094727,0.0,1735715145.91786,,0.0,1.0,0.001,1,16,40x40,PrototypicalNetwork,5,5,Egyptian,Greek,False,1,4000,2,exp1_permuted_src_datasets
296,183.09723711013794,0.0,1735715145.9384332,,0.0,1.0,0.001,1,16,40x40,PrototypicalNetwork,5,5,Egyptian,Greek,False,1,4000,2,exp1_permuted_src_datasets
297,183.1138038635254,0.0,1735715145.955,,0.0,1.0,0.001,1,16,40x40,PrototypicalNetwork,5,5,Egyptian,Greek,False,1,4000,2,exp1_permuted_src_datasets
298,183.13023734092712,0.0,1735715145.9714334,,0.0,1.0,0.001,1,16,40x40,PrototypicalNetwork,5,5,Egyptian,Greek,False,1,4000,2,exp1_permuted_src_datasets
299,183.14693212509155,0.0,1735715145.9881282,,0.0,1.0,0.001,1,16,40x40,PrototypicalNetwork,5,5,Egyptian,Greek,False,1,4000,2,exp1_permuted_src_datasets
300,183.16290616989136,0.0,1735715146.0041022,,0.0,1.0,0.001,1,16,40x40,PrototypicalNetwork,5,5,Egyptian,Greek,False,1,4000,2,exp1_permuted_src_datasets
301,183.1789436340332,0.0,1735715146.0201397,,0.0,1.0,0.001,1,16,40x40,PrototypicalNetwork,5,5,Egyptian,Greek,False,1,4000,2,exp1_permuted_src_datasets
302,183.19495129585266,0.0,1735715146.0361474,,0.0,1.0,0.001,1,16,40x40,PrototypicalNetwork,5,5,Egyptian,Greek,False,1,4000,2,exp1_permuted_src_datasets
303,183.21110248565674,0.0,1735715146.0522985,,0.0,1.0,0.001,1,16,40x40,PrototypicalNetwork,5,5,Egyptian,Greek,False,1,4000,2,exp1_permuted_src_datasets
304,183.2276427745819,0.0,1735715146.0688388,,0.0,1.0,0.001,1,16,40x40,PrototypicalNetwork,5,5,Egyptian,Greek,False,1,4000,2,exp1_permuted_src_datasets
305,183.24620985984802,0.0,1735715146.087406,,0.0,1.0,0.001,1,16,40x40,PrototypicalNetwork,5,5,Egyptian,Greek,False,1,4000,2,exp1_permuted_src_datasets
306,183.26252341270447,0.0,1735715146.1037195,,0.0,1.0,0.001,1,16,40x40,PrototypicalNetwork,5,5,Egyptian,Greek,False,1,4000,2,exp1_permuted_src_datasets
307,183.27892088890076,0.0,1735715146.120117,,0.0,1.0,0.001,1,16,40x40,PrototypicalNetwork,5,5,Egyptian,Greek,False,1,4000,2,exp1_permuted_src_datasets
308,183.29526901245117,0.0,1735715146.136465,,0.0,1.0,0.001,1,16,40x40,PrototypicalNetwork,5,5,Egyptian,Greek,False,1,4000,2,exp1_permuted_src_datasets
309,183.317458152771,0.0,1735715146.1586542,,0.0,1.0,0.001,1,16,40x40,PrototypicalNetwork,5,5,Egyptian,Greek,False,1,4000,2,exp1_permuted_src_datasets
310,183.3341863155365,0.0,1735715146.1753824,,0.0,1.0,0.001,1,16,40x40,PrototypicalNetwork,5,5,Egyptian,Greek,False,1,4000,2,exp1_permuted_src_datasets
311,183.35201859474182,0.0,1735715146.1932147,,0.0,1.0,0.001,1,16,40x40,PrototypicalNetwork,5,5,Egyptian,Greek,False,1,4000,2,exp1_permuted_src_datasets
312,183.36820340156555,0.0,1735715146.2093995,,0.0,1.0,0.001,1,16,40x40,PrototypicalNetwork,5,5,Egyptian,Greek,False,1,4000,2,exp1_permuted_src_datasets
313,183.38479328155518,0.0,1735715146.2259893,,0.0,1.0,0.001,1,16,40x40,PrototypicalNetwork,5,5,Egyptian,Greek,False,1,4000,2,exp1_permuted_src_datasets
314,183.40058946609497,0.0,1735715146.2417855,,0.0,1.0,0.001,1,16,40x40,PrototypicalNetwork,5,5,Egyptian,Greek,False,1,4000,2,exp1_permuted_src_datasets
315,183.41644930839539,0.0,1735715146.2576454,,0.0,1.0,0.001,1,16,40x40,PrototypicalNetwork,5,5,Egyptian,Greek,False,1,4000,2,exp1_permuted_src_datasets
316,218.56241369247437,0.0,1735715181.4036098,0.6844999997615814,,,0.001,1,16,40x40,PrototypicalNetwork,5,5,Egyptian,Greek,False,1,4000,2,exp1_permuted_src_datasets
317,218.57633519172668,0.0,1735715181.4175313,,0.0,1.0,0.001,1,16,40x40,PrototypicalNetwork,5,5,Egyptian,Greek,False,1,4000,2,exp1_permuted_src_datasets
318,218.59250283241272,0.0,1735715181.433699,,0.0,1.0,0.001,1,16,40x40,PrototypicalNetwork,5,5,Egyptian,Greek,False,1,4000,2,exp1_permuted_src_datasets
319,218.6187756061554,0.0,1735715181.4599717,,0.0,1.0,0.001,1,16,40x40,PrototypicalNetwork,5,5,Egyptian,Greek,False,1,4000,2,exp1_permuted_src_datasets
320,218.64171028137207,0.0,1735715181.4829063,,0.0,1.0,0.001,1,16,40x40,PrototypicalNetwork,5,5,Egyptian,Greek,False,1,4000,2,exp1_permuted_src_datasets
321,218.65858149528503,0.0,1735715181.4997776,,0.0,1.0,0.001,1,16,40x40,PrototypicalNetwork,5,5,Egyptian,Greek,False,1,4000,2,exp1_permuted_src_datasets
322,218.67512369155884,0.0,1735715181.5163198,,0.0,1.0,0.001,1,16,40x40,PrototypicalNetwork,5,5,Egyptian,Greek,False,1,4000,2,exp1_permuted_src_datasets
323,218.6912922859192,0.0,1735715181.5324883,,0.0,1.0,0.001,1,16,40x40,PrototypicalNetwork,5,5,Egyptian,Greek,False,1,4000,2,exp1_permuted_src_datasets
324,218.70729446411133,0.0,1735715181.5484905,,0.0,1.0,0.001,1,16,40x40,PrototypicalNetwork,5,5,Egyptian,Greek,False,1,4000,2,exp1_permuted_src_datasets
325,218.72544050216675,0.0,1735715181.5666366,,0.0,1.0,0.001,1,16,40x40,PrototypicalNetwork,5,5,Egyptian,Greek,False,1,4000,2,exp1_permuted_src_datasets
326,218.74181580543518,0.0,1735715181.5830119,,0.0,1.0,0.001,1,16,40x40,PrototypicalNetwork,5,5,Egyptian,Greek,False,1,4000,2,exp1_permuted_src_datasets
327,218.76750373840332,0.0,1735715181.6086998,,0.0,1.0,0.001,1,16,40x40,PrototypicalNetwork,5,5,Egyptian,Greek,False,1,4000,2,exp1_permuted_src_datasets
328,218.78696656227112,0.0,1735715181.6281626,,0.0,1.0,0.001,1,16,40x40,PrototypicalNetwork,5,5,Egyptian,Greek,False,1,4000,2,exp1_permuted_src_datasets
329,218.80291295051575,0.0,1735715181.644109,,0.0,1.0,0.001,1,16,40x40,PrototypicalNetwork,5,5,Egyptian,Greek,False,1,4000,2,exp1_permuted_src_datasets
330,218.82144165039062,0.0,1735715181.6626377,,0.0,1.0,0.001,1,16,40x40,PrototypicalNetwork,5,5,Egyptian,Greek,False,1,4000,2,exp1_permuted_src_datasets
331,218.83813333511353,0.0,1735715181.6793294,,0.0,1.0,0.001,1,16,40x40,PrototypicalNetwork,5,5,Egyptian,Greek,False,1,4000,2,exp1_permuted_src_datasets
332,218.85485100746155,0.0,1735715181.696047,,0.0,1.0,0.001,1,16,40x40,PrototypicalNetwork,5,5,Egyptian,Greek,False,1,4000,2,exp1_permuted_src_datasets
333,218.8716127872467,0.0,1735715181.7128088,,0.0,1.0,0.001,1,16,40x40,PrototypicalNetwork,5,5,Egyptian,Greek,False,1,4000,2,exp1_permuted_src_datasets
334,218.88839268684387,0.0,1735715181.7295887,,0.0,1.0,0.001,1,16,40x40,PrototypicalNetwork,5,5,Egyptian,Greek,False,1,4000,2,exp1_permuted_src_datasets
335,218.90548086166382,0.0,1735715181.746677,,0.0,1.0,0.001,1,16,40x40,PrototypicalNetwork,5,5,Egyptian,Greek,False,1,4000,2,exp1_permuted_src_datasets
336,218.92153334617615,0.0,1735715181.7627294,,0.0,1.0,0.001,1,16,40x40,PrototypicalNetwork,5,5,Egyptian,Greek,False,1,4000,2,exp1_permuted_src_datasets
337,218.93775033950806,0.0,1735715181.7789464,,0.0,1.0,0.001,1,16,40x40,PrototypicalNetwork,5,5,Egyptian,Greek,False,1,4000,2,exp1_permuted_src_datasets
338,218.95379114151,0.0,1735715181.7949872,,0.0,1.0,0.001,1,16,40x40,PrototypicalNetwork,5,5,Egyptian,Greek,False,1,4000,2,exp1_permuted_src_datasets
339,218.96975755691528,0.0,1735715181.8109536,,0.0,1.0,0.001,1,16,40x40,PrototypicalNetwork,5,5,Egyptian,Greek,False,1,4000,2,exp1_permuted_src_datasets
340,218.98645496368408,0.0,1735715181.827651,,0.0,1.0,0.001,1,16,40x40,PrototypicalNetwork,5,5,Egyptian,Greek,False,1,4000,2,exp1_permuted_src_datasets
341,219.00392866134644,0.0,1735715181.8451247,,0.0,1.0,0.001,1,16,40x40,PrototypicalNetwork,5,5,Egyptian,Greek,False,1,4000,2,exp1_permuted_src_datasets
342,219.02019834518433,0.0,1735715181.8613944,,0.0,1.0,0.001,1,16,40x40,PrototypicalNetwork,5,5,Egyptian,Greek,False,1,4000,2,exp1_permuted_src_datasets
343,219.0363326072693,0.0,1735715181.8775287,,0.0,1.0,0.001,1,16,40x40,PrototypicalNetwork,5,5,Egyptian,Greek,False,1,4000,2,exp1_permuted_src_datasets
344,219.05279207229614,0.0,1735715181.8939881,,0.0,1.0,0.001,1,16,40x40,PrototypicalNetwork,5,5,Egyptian,Greek,False,1,4000,2,exp1_permuted_src_datasets
345,219.06995368003845,0.0,1735715181.9111497,,0.0,1.0,0.001,1,16,40x40,PrototypicalNetwork,5,5,Egyptian,Greek,False,1,4000,2,exp1_permuted_src_datasets
346,219.09005451202393,0.0,1735715181.9312506,,0.0,1.0,0.001,1,16,40x40,PrototypicalNetwork,5,5,Egyptian,Greek,False,1,4000,2,exp1_permuted_src_datasets
347,219.10699892044067,0.0,1735715181.948195,,0.0,1.0,0.001,1,16,40x40,PrototypicalNetwork,5,5,Egyptian,Greek,False,1,4000,2,exp1_permuted_src_datasets
348,219.12338399887085,0.0,1735715181.96458,,0.0,1.0,0.001,1,16,40x40,PrototypicalNetwork,5,5,Egyptian,Greek,False,1,4000,2,exp1_permuted_src_datasets
349,219.1396882534027,0.0,1735715181.9808843,,0.0,1.0,0.001,1,16,40x40,PrototypicalNetwork,5,5,Egyptian,Greek,False,1,4000,2,exp1_permuted_src_datasets
350,219.15588474273682,0.0,1735715181.9970808,,0.0,1.0,0.001,1,16,40x40,PrototypicalNetwork,5,5,Egyptian,Greek,False,1,4000,2,exp1_permuted_src_datasets
351,219.1721339225769,0.0,1735715182.01333,,0.0,1.0,0.001,1,16,40x40,PrototypicalNetwork,5,5,Egyptian,Greek,False,1,4000,2,exp1_permuted_src_datasets
352,219.18933033943176,0.0,1735715182.0305264,,0.0,1.0,0.001,1,16,40x40,PrototypicalNetwork,5,5,Egyptian,Greek,False,1,4000,2,exp1_permuted_src_datasets
353,219.2054946422577,0.0,1735715182.0466907,,0.0,1.0,0.001,1,16,40x40,PrototypicalNetwork,5,5,Egyptian,Greek,False,1,4000,2,exp1_permuted_src_datasets
354,219.2233543395996,0.0,1735715182.0645504,,0.0,1.0,0.001,1,16,40x40,PrototypicalNetwork,5,5,Egyptian,Greek,False,1,4000,2,exp1_permuted_src_datasets
355,219.2396502494812,0.0,1735715182.0808463,,0.0,1.0,0.001,1,16,40x40,PrototypicalNetwork,5,5,Egyptian,Greek,False,1,4000,2,exp1_permuted_src_datasets
356,219.25559830665588,0.0,1735715182.0967944,,0.0,1.0,0.001,1,16,40x40,PrototypicalNetwork,5,5,Egyptian,Greek,False,1,4000,2,exp1_permuted_src_datasets
357,219.27168321609497,0.0,1735715182.1128793,,0.0,1.0,0.001,1,16,40x40,PrototypicalNetwork,5,5,Egyptian,Greek,False,1,4000,2,exp1_permuted_src_datasets
358,219.28890299797058,0.0,1735715182.130099,,0.0,1.0,0.001,1,16,40x40,PrototypicalNetwork,5,5,Egyptian,Greek,False,1,4000,2,exp1_permuted_src_datasets
359,219.30537462234497,0.0,1735715182.1465707,,0.0,1.0,0.001,1,16,40x40,PrototypicalNetwork,5,5,Egyptian,Greek,False,1,4000,2,exp1_permuted_src_datasets
360,219.3235092163086,0.0,1735715182.1647053,,0.0,1.0,0.001,1,16,40x40,PrototypicalNetwork,5,5,Egyptian,Greek,False,1,4000,2,exp1_permuted_src_datasets
361,219.3406662940979,0.0,1735715182.1818624,,0.0,1.0,0.001,1,16,40x40,PrototypicalNetwork,5,5,Egyptian,Greek,False,1,4000,2,exp1_permuted_src_datasets
362,219.35753846168518,0.0,1735715182.1987345,,0.0,1.0,0.001,1,16,40x40,PrototypicalNetwork,5,5,Egyptian,Greek,False,1,4000,2,exp1_permuted_src_datasets
363,219.3748004436493,0.0,1735715182.2159965,,0.0,1.0,0.001,1,16,40x40,PrototypicalNetwork,5,5,Egyptian,Greek,False,1,4000,2,exp1_permuted_src_datasets
364,219.39181661605835,0.0,1735715182.2330127,,0.0,1.0,0.001,1,16,40x40,PrototypicalNetwork,5,5,Egyptian,Greek,False,1,4000,2,exp1_permuted_src_datasets
365,219.40816283226013,0.0,1735715182.249359,,0.0,1.0,0.001,1,16,40x40,PrototypicalNetwork,5,5,Egyptian,Greek,False,1,4000,2,exp1_permuted_src_datasets
366,219.42491388320923,0.0,1735715182.26611,,0.0,1.0,0.001,1,16,40x40,PrototypicalNetwork,5,5,Egyptian,Greek,False,1,4000,2,exp1_permuted_src_datasets
367,219.44081830978394,0.0,1735715182.2820144,,0.0,1.0,0.001,1,16,40x40,PrototypicalNetwork,5,5,Egyptian,Greek,False,1,4000,2,exp1_permuted_src_datasets
368,219.45672512054443,0.0,1735715182.2979212,,0.0,1.0,0.001,1,16,40x40,PrototypicalNetwork,5,5,Egyptian,Greek,False,1,4000,2,exp1_permuted_src_datasets
369,219.4727122783661,0.0,1735715182.3139083,,0.0,1.0,0.001,1,16,40x40,PrototypicalNetwork,5,5,Egyptian,Greek,False,1,4000,2,exp1_permuted_src_datasets
370,219.4894664287567,0.0,1735715182.3306625,,0.0,1.0,0.001,1,16,40x40,PrototypicalNetwork,5,5,Egyptian,Greek,False,1,4000,2,exp1_permuted_src_datasets
371,219.50540232658386,0.0,1735715182.3465984,,0.0,1.0,0.001,1,16,40x40,PrototypicalNetwork,5,5,Egyptian,Greek,False,1,4000,2,exp1_permuted_src_datasets
372,219.52138781547546,0.0,1735715182.3625839,,0.0,1.0,0.001,1,16,40x40,PrototypicalNetwork,5,5,Egyptian,Greek,False,1,4000,2,exp1_permuted_src_datasets
373,219.53750801086426,0.0,1735715182.378704,,0.0,1.0,0.001,1,16,40x40,PrototypicalNetwork,5,5,Egyptian,Greek,False,1,4000,2,exp1_permuted_src_datasets
374,219.55435872077942,0.0,1735715182.3955548,,0.0,1.0,0.001,1,16,40x40,PrototypicalNetwork,5,5,Egyptian,Greek,False,1,4000,2,exp1_permuted_src_datasets
375,219.57025456428528,0.0,1735715182.4114506,,0.0,1.0,0.001,1,16,40x40,PrototypicalNetwork,5,5,Egyptian,Greek,False,1,4000,2,exp1_permuted_src_datasets
376,219.5860629081726,0.0,1735715182.427259,,0.0,1.0,0.001,1,16,40x40,PrototypicalNetwork,5,5,Egyptian,Greek,False,1,4000,2,exp1_permuted_src_datasets
377,219.60191655158997,0.0,1735715182.4431126,,0.0,1.0,0.001,1,16,40x40,PrototypicalNetwork,5,5,Egyptian,Greek,False,1,4000,2,exp1_permuted_src_datasets
378,219.6176986694336,0.0,1735715182.4588947,,0.0,1.0,0.001,1,16,40x40,PrototypicalNetwork,5,5,Egyptian,Greek,False,1,4000,2,exp1_permuted_src_datasets
379,254.7569923400879,0.0,1735715217.5981884,0.6736000027656556,,,0.001,1,16,40x40,PrototypicalNetwork,5,5,Egyptian,Greek,False,1,4000,2,exp1_permuted_src_datasets
380,254.7705795764923,0.0,1735715217.6117756,,0.0,1.0,0.001,1,16,40x40,PrototypicalNetwork,5,5,Egyptian,Greek,False,1,4000,2,exp1_permuted_src_datasets
381,254.78712821006775,0.0,1735715217.6283243,,0.0,1.0,0.001,1,16,40x40,PrototypicalNetwork,5,5,Egyptian,Greek,False,1,4000,2,exp1_permuted_src_datasets
382,254.80322217941284,0.0,1735715217.6444182,,0.0,1.0,0.001,1,16,40x40,PrototypicalNetwork,5,5,Egyptian,Greek,False,1,4000,2,exp1_permuted_src_datasets
383,254.81927633285522,0.0,1735715217.6604724,,0.0,1.0,0.001,1,16,40x40,PrototypicalNetwork,5,5,Egyptian,Greek,False,1,4000,2,exp1_permuted_src_datasets
384,254.83566784858704,0.0,1735715217.676864,,0.0,1.0,0.001,1,16,40x40,PrototypicalNetwork,5,5,Egyptian,Greek,False,1,4000,2,exp1_permuted_src_datasets
385,254.85216307640076,0.0,1735715217.6933591,,0.0,1.0,0.001,1,16,40x40,PrototypicalNetwork,5,5,Egyptian,Greek,False,1,4000,2,exp1_permuted_src_datasets
386,254.86847376823425,0.0,1735715217.7096698,,0.0,1.0,0.001,1,16,40x40,PrototypicalNetwork,5,5,Egyptian,Greek,False,1,4000,2,exp1_permuted_src_datasets
387,254.884694814682,0.0,1735715217.7258909,,0.0,1.0,0.001,1,16,40x40,PrototypicalNetwork,5,5,Egyptian,Greek,False,1,4000,2,exp1_permuted_src_datasets
388,254.90089201927185,0.0,1735715217.742088,,0.0,1.0,0.001,1,16,40x40,PrototypicalNetwork,5,5,Egyptian,Greek,False,1,4000,2,exp1_permuted_src_datasets
389,254.91691088676453,0.0,1735715217.758107,,0.0,1.0,0.001,1,16,40x40,PrototypicalNetwork,5,5,Egyptian,Greek,False,1,4000,2,exp1_permuted_src_datasets
390,254.93326139450073,0.0,1735715217.7744575,,0.0,1.0,0.001,1,16,40x40,PrototypicalNetwork,5,5,Egyptian,Greek,False,1,4000,2,exp1_permuted_src_datasets
391,254.95031642913818,0.0,1735715217.7915125,,0.0,1.0,0.001,1,16,40x40,PrototypicalNetwork,5,5,Egyptian,Greek,False,1,4000,2,exp1_permuted_src_datasets
392,254.96658372879028,0.0,1735715217.8077798,,0.0,1.0,0.001,1,16,40x40,PrototypicalNetwork,5,5,Egyptian,Greek,False,1,4000,2,exp1_permuted_src_datasets
393,254.98361659049988,0.0,1735715217.8248127,,0.0,1.0,0.001,1,16,40x40,PrototypicalNetwork,5,5,Egyptian,Greek,False,1,4000,2,exp1_permuted_src_datasets
394,254.9998025894165,0.0,1735715217.8409986,,0.0,1.0,0.001,1,16,40x40,PrototypicalNetwork,5,5,Egyptian,Greek,False,1,4000,2,exp1_permuted_src_datasets
395,255.01589679718018,0.0,1735715217.8570929,,0.0,1.0,0.001,1,16,40x40,PrototypicalNetwork,5,5,Egyptian,Greek,False,1,4000,2,exp1_permuted_src_datasets
396,255.03216576576233,0.0,1735715217.8733618,,0.0,1.0,0.001,1,16,40x40,PrototypicalNetwork,5,5,Egyptian,Greek,False,1,4000,2,exp1_permuted_src_datasets
397,255.0534496307373,0.0,1735715217.8946457,,0.0,1.0,0.001,1,16,40x40,PrototypicalNetwork,5,5,Egyptian,Greek,False,1,4000,2,exp1_permuted_src_datasets
398,255.0699622631073,0.0,1735715217.9111583,,0.0,1.0,0.001,1,16,40x40,PrototypicalNetwork,5,5,Egyptian,Greek,False,1,4000,2,exp1_permuted_src_datasets
399,255.0863311290741,0.0,1735715217.9275272,,0.0,1.0,0.001,1,16,40x40,PrototypicalNetwork,5,5,Egyptian,Greek,False,1,4000,2,exp1_permuted_src_datasets
400,255.10263514518738,0.0,1735715217.9438312,,0.0,1.0,0.001,1,16,40x40,PrototypicalNetwork,5,5,Egyptian,Greek,False,1,4000,2,exp1_permuted_src_datasets
401,255.118887424469,0.0,1735715217.9600835,,0.0,1.0,0.001,1,16,40x40,PrototypicalNetwork,5,5,Egyptian,Greek,False,1,4000,2,exp1_permuted_src_datasets
402,255.1351978778839,0.0,1735715217.976394,,0.0,1.0,0.001,1,16,40x40,PrototypicalNetwork,5,5,Egyptian,Greek,False,1,4000,2,exp1_permuted_src_datasets
403,255.15249156951904,0.0,1735715217.9936876,,0.0,1.0,0.001,1,16,40x40,PrototypicalNetwork,5,5,Egyptian,Greek,False,1,4000,2,exp1_permuted_src_datasets
404,255.1685619354248,0.0,1735715218.009758,,0.0,1.0,0.001,1,16,40x40,PrototypicalNetwork,5,5,Egyptian,Greek,False,1,4000,2,exp1_permuted_src_datasets
405,255.18463730812073,0.0,1735715218.0258334,,0.0,1.0,0.001,1,16,40x40,PrototypicalNetwork,5,5,Egyptian,Greek,False,1,4000,2,exp1_permuted_src_datasets
406,255.20075178146362,0.0,1735715218.0419478,,0.0,1.0,0.001,1,16,40x40,PrototypicalNetwork,5,5,Egyptian,Greek,False,1,4000,2,exp1_permuted_src_datasets
407,255.2195725440979,0.0,1735715218.0607686,,0.0,1.0,0.001,1,16,40x40,PrototypicalNetwork,5,5,Egyptian,Greek,False,1,4000,2,exp1_permuted_src_datasets
408,255.23688077926636,0.0,1735715218.0780768,,0.0,1.0,0.001,1,16,40x40,PrototypicalNetwork,5,5,Egyptian,Greek,False,1,4000,2,exp1_permuted_src_datasets
409,255.253084897995,0.0,1735715218.094281,,0.0,1.0,0.001,1,16,40x40,PrototypicalNetwork,5,5,Egyptian,Greek,False,1,4000,2,exp1_permuted_src_datasets
410,255.26931834220886,0.0,1735715218.1105144,,0.0,1.0,0.001,1,16,40x40,PrototypicalNetwork,5,5,Egyptian,Greek,False,1,4000,2,exp1_permuted_src_datasets
411,255.28550267219543,0.0,1735715218.1266987,,0.0,1.0,0.001,1,16,40x40,PrototypicalNetwork,5,5,Egyptian,Greek,False,1,4000,2,exp1_permuted_src_datasets
412,255.30175137519836,0.0,1735715218.1429474,,0.0,1.0,0.001,1,16,40x40,PrototypicalNetwork,5,5,Egyptian,Greek,False,1,4000,2,exp1_permuted_src_datasets
413,255.31811380386353,0.0,1735715218.1593099,,0.0,1.0,0.001,1,16,40x40,PrototypicalNetwork,5,5,Egyptian,Greek,False,1,4000,2,exp1_permuted_src_datasets
414,255.33437585830688,0.0,1735715218.175572,,0.0,1.0,0.001,1,16,40x40,PrototypicalNetwork,5,5,Egyptian,Greek,False,1,4000,2,exp1_permuted_src_datasets
415,255.35089635849,0.0,1735715218.1920924,,0.0,1.0,0.001,1,16,40x40,PrototypicalNetwork,5,5,Egyptian,Greek,False,1,4000,2,exp1_permuted_src_datasets
416,255.36724472045898,0.0,1735715218.2084408,,0.0,1.0,0.001,1,16,40x40,PrototypicalNetwork,5,5,Egyptian,Greek,False,1,4000,2,exp1_permuted_src_datasets
417,255.3835105895996,0.0,1735715218.2247066,,0.0,1.0,0.001,1,16,40x40,PrototypicalNetwork,5,5,Egyptian,Greek,False,1,4000,2,exp1_permuted_src_datasets
418,255.39980745315552,0.0,1735715218.2410035,,0.0,1.0,0.001,1,16,40x40,PrototypicalNetwork,5,5,Egyptian,Greek,False,1,4000,2,exp1_permuted_src_datasets
419,255.41600704193115,0.0,1735715218.257203,,0.0,1.0,0.001,1,16,40x40,PrototypicalNetwork,5,5,Egyptian,Greek,False,1,4000,2,exp1_permuted_src_datasets
420,255.4327359199524,0.0,1735715218.273932,,0.0,1.0,0.001,1,16,40x40,PrototypicalNetwork,5,5,Egyptian,Greek,False,1,4000,2,exp1_permuted_src_datasets
421,255.44933366775513,0.0,1735715218.2905297,,0.0,1.0,0.001,1,16,40x40,PrototypicalNetwork,5,5,Egyptian,Greek,False,1,4000,2,exp1_permuted_src_datasets
422,255.46577215194702,0.0,1735715218.3069682,,0.0,1.0,0.001,1,16,40x40,PrototypicalNetwork,5,5,Egyptian,Greek,False,1,4000,2,exp1_permuted_src_datasets
423,255.48202228546143,0.0,1735715218.3232183,,0.0,1.0,0.001,1,16,40x40,PrototypicalNetwork,5,5,Egyptian,Greek,False,1,4000,2,exp1_permuted_src_datasets
424,255.4982204437256,0.0,1735715218.3394165,,0.0,1.0,0.001,1,16,40x40,PrototypicalNetwork,5,5,Egyptian,Greek,False,1,4000,2,exp1_permuted_src_datasets
425,255.51509833335876,0.0,1735715218.3562944,,0.0,1.0,0.001,1,16,40x40,PrototypicalNetwork,5,5,Egyptian,Greek,False,1,4000,2,exp1_permuted_src_datasets
426,255.53185868263245,0.0,1735715218.3730547,,0.0,1.0,0.001,1,16,40x40,PrototypicalNetwork,5,5,Egyptian,Greek,False,1,4000,2,exp1_permuted_src_datasets
427,255.5484585762024,0.0,1735715218.3896546,,0.0,1.0,0.001,1,16,40x40,PrototypicalNetwork,5,5,Egyptian,Greek,False,1,4000,2,exp1_permuted_src_datasets
428,255.58492922782898,0.0,1735715218.4261253,,0.0,1.0,0.001,1,16,40x40,PrototypicalNetwork,5,5,Egyptian,Greek,False,1,4000,2,exp1_permuted_src_datasets
429,255.61854600906372,0.0,1735715218.459742,,0.0,1.0,0.001,1,16,40x40,PrototypicalNetwork,5,5,Egyptian,Greek,False,1,4000,2,exp1_permuted_src_datasets
430,255.63565349578857,0.0,1735715218.4768496,,0.0,1.0,0.001,1,16,40x40,PrototypicalNetwork,5,5,Egyptian,Greek,False,1,4000,2,exp1_permuted_src_datasets
431,255.65436625480652,0.0,1735715218.4955623,,0.0,1.0,0.001,1,16,40x40,PrototypicalNetwork,5,5,Egyptian,Greek,False,1,4000,2,exp1_permuted_src_datasets
432,255.67066621780396,0.0,1735715218.5118623,,0.0,1.0,0.001,1,16,40x40,PrototypicalNetwork,5,5,Egyptian,Greek,False,1,4000,2,exp1_permuted_src_datasets
433,255.68696904182434,0.0,1735715218.528165,,0.0,1.0,0.001,1,16,40x40,PrototypicalNetwork,5,5,Egyptian,Greek,False,1,4000,2,exp1_permuted_src_datasets
434,255.7031695842743,0.0,1735715218.5443656,,0.0,1.0,0.001,1,16,40x40,PrototypicalNetwork,5,5,Egyptian,Greek,False,1,4000,2,exp1_permuted_src_datasets
435,255.7195634841919,0.0,1735715218.5607595,,0.0,1.0,0.001,1,16,40x40,PrototypicalNetwork,5,5,Egyptian,Greek,False,1,4000,2,exp1_permuted_src_datasets
436,255.7358694076538,0.0,1735715218.5770655,,0.0,1.0,0.001,1,16,40x40,PrototypicalNetwork,5,5,Egyptian,Greek,False,1,4000,2,exp1_permuted_src_datasets
437,255.75484609603882,0.0,1735715218.5960422,,0.0,1.0,0.001,1,16,40x40,PrototypicalNetwork,5,5,Egyptian,Greek,False,1,4000,2,exp1_permuted_src_datasets
438,255.77133989334106,0.0,1735715218.612536,,0.0,1.0,0.001,1,16,40x40,PrototypicalNetwork,5,5,Egyptian,Greek,False,1,4000,2,exp1_permuted_src_datasets
439,255.78770279884338,0.0,1735715218.6288989,,0.0,1.0,0.001,1,16,40x40,PrototypicalNetwork,5,5,Egyptian,Greek,False,1,4000,2,exp1_permuted_src_datasets
440,255.80436301231384,0.0,1735715218.645559,,0.0,1.0,0.001,1,16,40x40,PrototypicalNetwork,5,5,Egyptian,Greek,False,1,4000,2,exp1_permuted_src_datasets
441,255.82104802131653,0.0,1735715218.662244,,0.0,1.0,0.001,1,16,40x40,PrototypicalNetwork,5,5,Egyptian,Greek,False,1,4000,2,exp1_permuted_src_datasets
442,291.10615730285645,0.0,1735715253.9473534,0.6674500000476837,,,0.001,1,16,40x40,PrototypicalNetwork,5,5,Egyptian,Greek,False,1,4000,2,exp1_permuted_src_datasets
443,291.1207437515259,0.0,1735715253.9619398,,0.0,1.0,0.001,1,16,40x40,PrototypicalNetwork,5,5,Egyptian,Greek,False,1,4000,2,exp1_permuted_src_datasets
444,291.1374294757843,0.0,1735715253.9786255,,0.0,1.0,0.001,1,16,40x40,PrototypicalNetwork,5,5,Egyptian,Greek,False,1,4000,2,exp1_permuted_src_datasets
445,291.1536705493927,0.0,1735715253.9948666,,0.0,1.0,0.001,1,16,40x40,PrototypicalNetwork,5,5,Egyptian,Greek,False,1,4000,2,exp1_permuted_src_datasets
446,291.1710150241852,0.0,1735715254.012211,,0.0,1.0,0.001,1,16,40x40,PrototypicalNetwork,5,5,Egyptian,Greek,False,1,4000,2,exp1_permuted_src_datasets
447,291.18734407424927,0.0,1735715254.0285401,,0.0,1.0,0.001,1,16,40x40,PrototypicalNetwork,5,5,Egyptian,Greek,False,1,4000,2,exp1_permuted_src_datasets
448,291.2038607597351,0.0,1735715254.0450568,,0.0,1.0,0.001,1,16,40x40,PrototypicalNetwork,5,5,Egyptian,Greek,False,1,4000,2,exp1_permuted_src_datasets
449,291.2200472354889,0.0,1735715254.0612433,,0.0,1.0,0.001,1,16,40x40,PrototypicalNetwork,5,5,Egyptian,Greek,False,1,4000,2,exp1_permuted_src_datasets
450,291.2361252307892,0.0,1735715254.0773213,,0.0,1.0,0.001,1,16,40x40,PrototypicalNetwork,5,5,Egyptian,Greek,False,1,4000,2,exp1_permuted_src_datasets
451,291.25318360328674,0.0,1735715254.0943797,,0.0,1.0,0.001,1,16,40x40,PrototypicalNetwork,5,5,Egyptian,Greek,False,1,4000,2,exp1_permuted_src_datasets
452,291.2696301937103,0.0,1735715254.1108263,,0.0,1.0,0.001,1,16,40x40,PrototypicalNetwork,5,5,Egyptian,Greek,False,1,4000,2,exp1_permuted_src_datasets
453,291.2857549190521,0.0,1735715254.126951,,0.0,1.0,0.001,1,16,40x40,PrototypicalNetwork,5,5,Egyptian,Greek,False,1,4000,2,exp1_permuted_src_datasets
454,291.3016812801361,0.0,1735715254.1428773,,0.0,1.0,0.001,1,16,40x40,PrototypicalNetwork,5,5,Egyptian,Greek,False,1,4000,2,exp1_permuted_src_datasets
455,291.3177709579468,0.0,1735715254.158967,,0.0,1.0,0.001,1,16,40x40,PrototypicalNetwork,5,5,Egyptian,Greek,False,1,4000,2,exp1_permuted_src_datasets
456,291.333500623703,0.0,1735715254.1746967,,0.0,1.0,0.001,1,16,40x40,PrototypicalNetwork,5,5,Egyptian,Greek,False,1,4000,2,exp1_permuted_src_datasets
457,291.35056948661804,0.0,1735715254.1917655,,0.0,1.0,0.001,1,16,40x40,PrototypicalNetwork,5,5,Egyptian,Greek,False,1,4000,2,exp1_permuted_src_datasets
458,291.3665702342987,0.0,1735715254.2077663,,0.0,1.0,0.001,1,16,40x40,PrototypicalNetwork,5,5,Egyptian,Greek,False,1,4000,2,exp1_permuted_src_datasets
459,291.3836188316345,0.0,1735715254.224815,,0.0,1.0,0.001,1,16,40x40,PrototypicalNetwork,5,5,Egyptian,Greek,False,1,4000,2,exp1_permuted_src_datasets
460,291.40223026275635,0.0,1735715254.2434263,,0.0,1.0,0.001,1,16,40x40,PrototypicalNetwork,5,5,Egyptian,Greek,False,1,4000,2,exp1_permuted_src_datasets
461,291.4336371421814,0.0,1735715254.2748332,,0.0,1.0,0.001,1,16,40x40,PrototypicalNetwork,5,5,Egyptian,Greek,False,1,4000,2,exp1_permuted_src_datasets
462,291.4502501487732,0.0,1735715254.2914462,,0.0,1.0,0.001,1,16,40x40,PrototypicalNetwork,5,5,Egyptian,Greek,False,1,4000,2,exp1_permuted_src_datasets
463,291.46695709228516,0.0,1735715254.3081532,,0.0,1.0,0.001,1,16,40x40,PrototypicalNetwork,5,5,Egyptian,Greek,False,1,4000,2,exp1_permuted_src_datasets
464,291.4828779697418,0.0,1735715254.324074,,0.0,1.0,0.001,1,16,40x40,PrototypicalNetwork,5,5,Egyptian,Greek,False,1,4000,2,exp1_permuted_src_datasets
465,291.50067138671875,0.0,1735715254.3418674,,0.0,1.0,0.001,1,16,40x40,PrototypicalNetwork,5,5,Egyptian,Greek,False,1,4000,2,exp1_permuted_src_datasets
466,291.5176486968994,0.0,1735715254.3588448,,0.0,1.0,0.001,1,16,40x40,PrototypicalNetwork,5,5,Egyptian,Greek,False,1,4000,2,exp1_permuted_src_datasets
467,291.5341041088104,0.0,1735715254.3753002,,0.0,1.0,0.001,1,16,40x40,PrototypicalNetwork,5,5,Egyptian,Greek,False,1,4000,2,exp1_permuted_src_datasets
468,291.5503251552582,0.0,1735715254.3915212,,0.0,1.0,0.001,1,16,40x40,PrototypicalNetwork,5,5,Egyptian,Greek,False,1,4000,2,exp1_permuted_src_datasets
469,291.56674695014954,0.0,1735715254.407943,,0.0,1.0,0.001,1,16,40x40,PrototypicalNetwork,5,5,Egyptian,Greek,False,1,4000,2,exp1_permuted_src_datasets
470,291.58419585227966,0.0,1735715254.425392,,0.0,1.0,0.001,1,16,40x40,PrototypicalNetwork,5,5,Egyptian,Greek,False,1,4000,2,exp1_permuted_src_datasets
471,291.6006314754486,0.0,1735715254.4418275,,0.0,1.0,0.001,1,16,40x40,PrototypicalNetwork,5,5,Egyptian,Greek,False,1,4000,2,exp1_permuted_src_datasets
472,291.61811780929565,0.0,1735715254.4593139,,0.0,1.0,0.001,1,16,40x40,PrototypicalNetwork,5,5,Egyptian,Greek,False,1,4000,2,exp1_permuted_src_datasets
473,291.63469791412354,0.0,1735715254.475894,,0.0,1.0,0.001,1,16,40x40,PrototypicalNetwork,5,5,Egyptian,Greek,False,1,4000,2,exp1_permuted_src_datasets
474,291.6513285636902,0.0,1735715254.4925246,,0.0,1.0,0.001,1,16,40x40,PrototypicalNetwork,5,5,Egyptian,Greek,False,1,4000,2,exp1_permuted_src_datasets
475,291.66758704185486,0.0,1735715254.508783,,0.0,1.0,0.001,1,16,40x40,PrototypicalNetwork,5,5,Egyptian,Greek,False,1,4000,2,exp1_permuted_src_datasets
476,291.68393111228943,0.0,1735715254.5251272,,0.0,1.0,0.001,1,16,40x40,PrototypicalNetwork,5,5,Egyptian,Greek,False,1,4000,2,exp1_permuted_src_datasets
477,291.70023107528687,0.0,1735715254.5414271,,0.0,1.0,0.001,1,16,40x40,PrototypicalNetwork,5,5,Egyptian,Greek,False,1,4000,2,exp1_permuted_src_datasets
478,291.7164430618286,0.0,1735715254.5576391,,0.0,1.0,0.001,1,16,40x40,PrototypicalNetwork,5,5,Egyptian,Greek,False,1,4000,2,exp1_permuted_src_datasets
479,291.7339594364166,0.0,1735715254.5751555,,0.0,1.0,0.001,1,16,40x40,PrototypicalNetwork,5,5,Egyptian,Greek,False,1,4000,2,exp1_permuted_src_datasets
480,291.75024151802063,0.0,1735715254.5914376,,0.0,1.0,0.001,1,16,40x40,PrototypicalNetwork,5,5,Egyptian,Greek,False,1,4000,2,exp1_permuted_src_datasets
481,291.76656699180603,0.0,1735715254.607763,,0.0,1.0,0.001,1,16,40x40,PrototypicalNetwork,5,5,Egyptian,Greek,False,1,4000,2,exp1_permuted_src_datasets
482,291.78371000289917,0.0,1735715254.624906,,0.0,1.0,0.001,1,16,40x40,PrototypicalNetwork,5,5,Egyptian,Greek,False,1,4000,2,exp1_permuted_src_datasets
483,291.80010056495667,0.0,1735715254.6412966,,0.0,1.0,0.001,1,16,40x40,PrototypicalNetwork,5,5,Egyptian,Greek,False,1,4000,2,exp1_permuted_src_datasets
484,291.81644225120544,0.0,1735715254.6576383,,0.0,1.0,0.001,1,16,40x40,PrototypicalNetwork,5,5,Egyptian,Greek,False,1,4000,2,exp1_permuted_src_datasets
485,291.8327431678772,0.0,1735715254.6739392,,0.0,1.0,0.001,1,16,40x40,PrototypicalNetwork,5,5,Egyptian,Greek,False,1,4000,2,exp1_permuted_src_datasets
486,291.84903168678284,0.0,1735715254.6902277,,0.0,1.0,0.001,1,16,40x40,PrototypicalNetwork,5,5,Egyptian,Greek,False,1,4000,2,exp1_permuted_src_datasets
487,291.8652534484863,0.0,1735715254.7064495,,0.0,1.0,0.001,1,16,40x40,PrototypicalNetwork,5,5,Egyptian,Greek,False,1,4000,2,exp1_permuted_src_datasets
488,291.8816077709198,0.0,1735715254.7228038,,0.0,1.0,0.001,1,16,40x40,PrototypicalNetwork,5,5,Egyptian,Greek,False,1,4000,2,exp1_permuted_src_datasets
489,291.897926568985,0.0,1735715254.7391226,,0.0,1.0,0.001,1,16,40x40,PrototypicalNetwork,5,5,Egyptian,Greek,False,1,4000,2,exp1_permuted_src_datasets
490,291.9142770767212,0.0,1735715254.7554731,,0.0,1.0,0.001,1,16,40x40,PrototypicalNetwork,5,5,Egyptian,Greek,False,1,4000,2,exp1_permuted_src_datasets
491,291.9307053089142,0.0,1735715254.7719014,,0.0,1.0,0.001,1,16,40x40,PrototypicalNetwork,5,5,Egyptian,Greek,False,1,4000,2,exp1_permuted_src_datasets
492,291.94699454307556,0.0,1735715254.7881906,,0.0,1.0,0.001,1,16,40x40,PrototypicalNetwork,5,5,Egyptian,Greek,False,1,4000,2,exp1_permuted_src_datasets
493,291.96338152885437,0.0,1735715254.8045776,,0.0,1.0,0.001,1,16,40x40,PrototypicalNetwork,5,5,Egyptian,Greek,False,1,4000,2,exp1_permuted_src_datasets
494,291.9795444011688,0.0,1735715254.8207405,,0.0,1.0,0.001,1,16,40x40,PrototypicalNetwork,5,5,Egyptian,Greek,False,1,4000,2,exp1_permuted_src_datasets
495,291.9957890510559,0.0,1735715254.836985,,0.0,1.0,0.001,1,16,40x40,PrototypicalNetwork,5,5,Egyptian,Greek,False,1,4000,2,exp1_permuted_src_datasets
496,292.01198649406433,0.0,1735715254.8531826,,0.0,1.0,0.001,1,16,40x40,PrototypicalNetwork,5,5,Egyptian,Greek,False,1,4000,2,exp1_permuted_src_datasets
497,292.02853298187256,0.0,1735715254.869729,,0.0,1.0,0.001,1,16,40x40,PrototypicalNetwork,5,5,Egyptian,Greek,False,1,4000,2,exp1_permuted_src_datasets
498,292.0448715686798,0.0,1735715254.8860676,,0.0,1.0,0.001,1,16,40x40,PrototypicalNetwork,5,5,Egyptian,Greek,False,1,4000,2,exp1_permuted_src_datasets
499,292.06114196777344,0.0,1735715254.902338,,0.0,1.0,0.001,1,16,40x40,PrototypicalNetwork,5,5,Egyptian,Greek,False,1,4000,2,exp1_permuted_src_datasets
500,292.07786989212036,0.0,1735715254.919066,,0.0,1.0,0.001,1,16,40x40,PrototypicalNetwork,5,5,Egyptian,Greek,False,1,4000,2,exp1_permuted_src_datasets
501,292.094833612442,0.0,1735715254.9360297,,0.0,1.0,0.001,1,16,40x40,PrototypicalNetwork,5,5,Egyptian,Greek,False,1,4000,2,exp1_permuted_src_datasets
502,292.1122226715088,0.0,1735715254.9534187,,0.0,1.0,0.001,1,16,40x40,PrototypicalNetwork,5,5,Egyptian,Greek,False,1,4000,2,exp1_permuted_src_datasets
503,292.1287817955017,0.0,1735715254.9699779,,0.0,1.0,0.001,1,16,40x40,PrototypicalNetwork,5,5,Egyptian,Greek,False,1,4000,2,exp1_permuted_src_datasets
504,292.14507031440735,0.0,1735715254.9862664,,0.0,1.0,0.001,1,16,40x40,PrototypicalNetwork,5,5,Egyptian,Greek,False,1,4000,2,exp1_permuted_src_datasets
505,327.4196500778198,0.0,1735715290.2608461,0.6535500000715255,,,0.001,1,16,40x40,PrototypicalNetwork,5,5,Egyptian,Greek,False,1,4000,2,exp1_permuted_src_datasets
506,327.4333243370056,0.0,1735715290.2745204,,0.0,1.0,0.001,1,16,40x40,PrototypicalNetwork,5,5,Egyptian,Greek,False,1,4000,2,exp1_permuted_src_datasets
507,327.45146322250366,0.0,1735715290.2926593,,0.0,1.0,0.001,1,16,40x40,PrototypicalNetwork,5,5,Egyptian,Greek,False,1,4000,2,exp1_permuted_src_datasets
508,327.4677827358246,0.0,1735715290.3089788,,0.0,1.0,0.001,1,16,40x40,PrototypicalNetwork,5,5,Egyptian,Greek,False,1,4000,2,exp1_permuted_src_datasets
509,327.4834825992584,0.0,1735715290.3246787,,0.0,1.0,0.001,1,16,40x40,PrototypicalNetwork,5,5,Egyptian,Greek,False,1,4000,2,exp1_permuted_src_datasets
510,327.50209951400757,0.0,1735715290.3432956,,0.0,1.0,0.001,1,16,40x40,PrototypicalNetwork,5,5,Egyptian,Greek,False,1,4000,2,exp1_permuted_src_datasets
511,327.518079996109,0.0,1735715290.359276,,0.0,1.0,0.001,1,16,40x40,PrototypicalNetwork,5,5,Egyptian,Greek,False,1,4000,2,exp1_permuted_src_datasets
512,327.53559923171997,0.0,1735715290.3767953,,0.0,1.0,0.001,1,16,40x40,PrototypicalNetwork,5,5,Egyptian,Greek,False,1,4000,2,exp1_permuted_src_datasets
513,327.55188035964966,0.0,1735715290.3930764,,0.0,1.0,0.001,1,16,40x40,PrototypicalNetwork,5,5,Egyptian,Greek,False,1,4000,2,exp1_permuted_src_datasets
514,327.56831455230713,0.0,1735715290.4095106,,0.0,1.0,0.001,1,16,40x40,PrototypicalNetwork,5,5,Egyptian,Greek,False,1,4000,2,exp1_permuted_src_datasets
515,327.5846447944641,0.0,1735715290.4258409,,0.0,1.0,0.001,1,16,40x40,PrototypicalNetwork,5,5,Egyptian,Greek,False,1,4000,2,exp1_permuted_src_datasets
516,327.60092973709106,0.0,1735715290.4421258,,0.0,1.0,0.001,1,16,40x40,PrototypicalNetwork,5,5,Egyptian,Greek,False,1,4000,2,exp1_permuted_src_datasets
517,327.61706709861755,0.0,1735715290.4582632,,0.0,1.0,0.001,1,16,40x40,PrototypicalNetwork,5,5,Egyptian,Greek,False,1,4000,2,exp1_permuted_src_datasets
518,327.6331059932709,0.0,1735715290.474302,,0.0,1.0,0.001,1,16,40x40,PrototypicalNetwork,5,5,Egyptian,Greek,False,1,4000,2,exp1_permuted_src_datasets
519,327.6493465900421,0.0,1735715290.4905427,,0.0,1.0,0.001,1,16,40x40,PrototypicalNetwork,5,5,Egyptian,Greek,False,1,4000,2,exp1_permuted_src_datasets
520,327.6684103012085,0.0,1735715290.5096064,,0.0,1.0,0.001,1,16,40x40,PrototypicalNetwork,5,5,Egyptian,Greek,False,1,4000,2,exp1_permuted_src_datasets
521,327.6894335746765,0.0,1735715290.5306296,,0.0,1.0,0.001,1,16,40x40,PrototypicalNetwork,5,5,Egyptian,Greek,False,1,4000,2,exp1_permuted_src_datasets
522,327.70650720596313,0.0,1735715290.5477033,,0.0,1.0,0.001,1,16,40x40,PrototypicalNetwork,5,5,Egyptian,Greek,False,1,4000,2,exp1_permuted_src_datasets
523,327.7229859828949,0.0,1735715290.564182,,0.0,1.0,0.001,1,16,40x40,PrototypicalNetwork,5,5,Egyptian,Greek,False,1,4000,2,exp1_permuted_src_datasets
524,327.7393023967743,0.0,1735715290.5804985,,0.0,1.0,0.001,1,16,40x40,PrototypicalNetwork,5,5,Egyptian,Greek,False,1,4000,2,exp1_permuted_src_datasets
525,327.75541973114014,0.0,1735715290.5966158,,0.0,1.0,0.001,1,16,40x40,PrototypicalNetwork,5,5,Egyptian,Greek,False,1,4000,2,exp1_permuted_src_datasets
526,327.77107882499695,0.0,1735715290.612275,,0.0,1.0,0.001,1,16,40x40,PrototypicalNetwork,5,5,Egyptian,Greek,False,1,4000,2,exp1_permuted_src_datasets
527,327.7867534160614,0.0,1735715290.6279495,,0.0,1.0,0.001,1,16,40x40,PrototypicalNetwork,5,5,Egyptian,Greek,False,1,4000,2,exp1_permuted_src_datasets
528,327.80252504348755,0.0,1735715290.643721,,0.0,1.0,0.001,1,16,40x40,PrototypicalNetwork,5,5,Egyptian,Greek,False,1,4000,2,exp1_permuted_src_datasets
529,327.8190972805023,0.0,1735715290.6602933,,0.0,1.0,0.001,1,16,40x40,PrototypicalNetwork,5,5,Egyptian,Greek,False,1,4000,2,exp1_permuted_src_datasets
530,327.8365797996521,0.0,1735715290.6777759,,0.0,1.0,0.001,1,16,40x40,PrototypicalNetwork,5,5,Egyptian,Greek,False,1,4000,2,exp1_permuted_src_datasets
531,327.8530478477478,0.0,1735715290.694244,,0.0,1.0,0.001,1,16,40x40,PrototypicalNetwork,5,5,Egyptian,Greek,False,1,4000,2,exp1_permuted_src_datasets
532,327.86910676956177,0.0,1735715290.7103028,,0.0,1.0,0.001,1,16,40x40,PrototypicalNetwork,5,5,Egyptian,Greek,False,1,4000,2,exp1_permuted_src_datasets
533,327.886572599411,0.0,1735715290.7277687,,0.0,1.0,0.001,1,16,40x40,PrototypicalNetwork,5,5,Egyptian,Greek,False,1,4000,2,exp1_permuted_src_datasets
534,327.90321803092957,0.0,1735715290.744414,,0.0,1.0,0.001,1,16,40x40,PrototypicalNetwork,5,5,Egyptian,Greek,False,1,4000,2,exp1_permuted_src_datasets
535,327.921826839447,0.0,1735715290.763023,,0.0,1.0,0.001,1,16,40x40,PrototypicalNetwork,5,5,Egyptian,Greek,False,1,4000,2,exp1_permuted_src_datasets
536,327.9382252693176,0.0,1735715290.7794213,,0.0,1.0,0.001,1,16,40x40,PrototypicalNetwork,5,5,Egyptian,Greek,False,1,4000,2,exp1_permuted_src_datasets
537,327.95447039604187,0.0,1735715290.7956665,,0.0,1.0,0.001,1,16,40x40,PrototypicalNetwork,5,5,Egyptian,Greek,False,1,4000,2,exp1_permuted_src_datasets
538,327.9708456993103,0.0,1735715290.8120418,,0.0,1.0,0.001,1,16,40x40,PrototypicalNetwork,5,5,Egyptian,Greek,False,1,4000,2,exp1_permuted_src_datasets
539,327.98710799217224,0.0,1735715290.828304,,0.0,1.0,0.001,1,16,40x40,PrototypicalNetwork,5,5,Egyptian,Greek,False,1,4000,2,exp1_permuted_src_datasets
540,328.0033757686615,0.0,1735715290.8445718,,0.0,1.0,0.001,1,16,40x40,PrototypicalNetwork,5,5,Egyptian,Greek,False,1,4000,2,exp1_permuted_src_datasets
541,328.0195231437683,0.0,1735715290.8607192,,0.0,1.0,0.001,1,16,40x40,PrototypicalNetwork,5,5,Egyptian,Greek,False,1,4000,2,exp1_permuted_src_datasets
542,328.03573179244995,0.0,1735715290.8769279,,0.0,1.0,0.001,1,16,40x40,PrototypicalNetwork,5,5,Egyptian,Greek,False,1,4000,2,exp1_permuted_src_datasets
543,328.05202174186707,0.0,1735715290.8932178,,0.0,1.0,0.001,1,16,40x40,PrototypicalNetwork,5,5,Egyptian,Greek,False,1,4000,2,exp1_permuted_src_datasets
544,328.0683732032776,0.0,1735715290.9095693,,0.0,1.0,0.001,1,16,40x40,PrototypicalNetwork,5,5,Egyptian,Greek,False,1,4000,2,exp1_permuted_src_datasets
545,328.0847773551941,0.0,1735715290.9259734,,0.0,1.0,0.001,1,16,40x40,PrototypicalNetwork,5,5,Egyptian,Greek,False,1,4000,2,exp1_permuted_src_datasets
546,328.10118985176086,0.0,1735715290.942386,,0.0,1.0,0.001,1,16,40x40,PrototypicalNetwork,5,5,Egyptian,Greek,False,1,4000,2,exp1_permuted_src_datasets
547,328.11752676963806,0.0,1735715290.9587228,,0.0,1.0,0.001,1,16,40x40,PrototypicalNetwork,5,5,Egyptian,Greek,False,1,4000,2,exp1_permuted_src_datasets
548,328.133841753006,0.0,1735715290.9750378,,0.0,1.0,0.001,1,16,40x40,PrototypicalNetwork,5,5,Egyptian,Greek,False,1,4000,2,exp1_permuted_src_datasets
549,328.15026688575745,0.0,1735715290.991463,,0.0,1.0,0.001,1,16,40x40,PrototypicalNetwork,5,5,Egyptian,Greek,False,1,4000,2,exp1_permuted_src_datasets
550,328.1715626716614,0.0,1735715291.0127587,,0.0,1.0,0.001,1,16,40x40,PrototypicalNetwork,5,5,Egyptian,Greek,False,1,4000,2,exp1_permuted_src_datasets
551,328.1881625652313,0.0,1735715291.0293586,,0.0,1.0,0.001,1,16,40x40,PrototypicalNetwork,5,5,Egyptian,Greek,False,1,4000,2,exp1_permuted_src_datasets
552,328.2053198814392,0.0,1735715291.046516,,0.0,1.0,0.001,1,16,40x40,PrototypicalNetwork,5,5,Egyptian,Greek,False,1,4000,2,exp1_permuted_src_datasets
553,328.222514629364,0.0,1735715291.0637107,,0.0,1.0,0.001,1,16,40x40,PrototypicalNetwork,5,5,Egyptian,Greek,False,1,4000,2,exp1_permuted_src_datasets
554,328.2392520904541,0.0,1735715291.0804482,,0.0,1.0,0.001,1,16,40x40,PrototypicalNetwork,5,5,Egyptian,Greek,False,1,4000,2,exp1_permuted_src_datasets
555,328.2561402320862,0.0,1735715291.0973363,,0.0,1.0,0.001,1,16,40x40,PrototypicalNetwork,5,5,Egyptian,Greek,False,1,4000,2,exp1_permuted_src_datasets
556,328.27353596687317,0.0,1735715291.114732,,0.0,1.0,0.001,1,16,40x40,PrototypicalNetwork,5,5,Egyptian,Greek,False,1,4000,2,exp1_permuted_src_datasets
557,328.29045033454895,0.0,1735715291.1316464,,0.0,1.0,0.001,1,16,40x40,PrototypicalNetwork,5,5,Egyptian,Greek,False,1,4000,2,exp1_permuted_src_datasets
558,328.3100333213806,0.0,1735715291.1512294,,0.0,1.0,0.001,1,16,40x40,PrototypicalNetwork,5,5,Egyptian,Greek,False,1,4000,2,exp1_permuted_src_datasets
559,328.3263142108917,0.0,1735715291.1675103,,0.0,1.0,0.001,1,16,40x40,PrototypicalNetwork,5,5,Egyptian,Greek,False,1,4000,2,exp1_permuted_src_datasets
560,328.3450677394867,0.0,1735715291.1862638,,0.0,1.0,0.001,1,16,40x40,PrototypicalNetwork,5,5,Egyptian,Greek,False,1,4000,2,exp1_permuted_src_datasets
561,328.3622798919678,0.0,1735715291.203476,,0.0,1.0,0.001,1,16,40x40,PrototypicalNetwork,5,5,Egyptian,Greek,False,1,4000,2,exp1_permuted_src_datasets
562,328.37873435020447,0.0,1735715291.2199304,,0.0,1.0,0.001,1,16,40x40,PrototypicalNetwork,5,5,Egyptian,Greek,False,1,4000,2,exp1_permuted_src_datasets
563,328.39850783348083,0.0,1735715291.239704,,0.0,1.0,0.001,1,16,40x40,PrototypicalNetwork,5,5,Egyptian,Greek,False,1,4000,2,exp1_permuted_src_datasets
564,328.4152970314026,0.0,1735715291.256493,,0.0,1.0,0.001,1,16,40x40,PrototypicalNetwork,5,5,Egyptian,Greek,False,1,4000,2,exp1_permuted_src_datasets
565,328.4317705631256,0.0,1735715291.2729666,,0.0,1.0,0.001,1,16,40x40,PrototypicalNetwork,5,5,Egyptian,Greek,False,1,4000,2,exp1_permuted_src_datasets
566,328.44912576675415,0.0,1735715291.2903218,,0.0,1.0,0.001,1,16,40x40,PrototypicalNetwork,5,5,Egyptian,Greek,False,1,4000,2,exp1_permuted_src_datasets
567,328.4655408859253,0.0,1735715291.306737,,0.0,1.0,0.001,1,16,40x40,PrototypicalNetwork,5,5,Egyptian,Greek,False,1,4000,2,exp1_permuted_src_datasets
568,363.61971378326416,0.0,1735715326.4609098,0.6384000020027161,,,0.001,1,16,40x40,PrototypicalNetwork,5,5,Egyptian,Greek,False,1,4000,2,exp1_permuted_src_datasets
569,363.6335301399231,0.0,1735715326.4747262,,0.0,1.0,0.001,1,16,40x40,PrototypicalNetwork,5,5,Egyptian,Greek,False,1,4000,2,exp1_permuted_src_datasets
570,363.65006136894226,0.0,1735715326.4912574,,0.0,1.0,0.001,1,16,40x40,PrototypicalNetwork,5,5,Egyptian,Greek,False,1,4000,2,exp1_permuted_src_datasets
571,363.6669170856476,0.0,1735715326.5081131,,0.0,1.0,0.001,1,16,40x40,PrototypicalNetwork,5,5,Egyptian,Greek,False,1,4000,2,exp1_permuted_src_datasets
572,363.68493819236755,0.0,1735715326.5261343,,0.0,1.0,0.001,1,16,40x40,PrototypicalNetwork,5,5,Egyptian,Greek,False,1,4000,2,exp1_permuted_src_datasets
573,363.7017185688019,0.0,1735715326.5429146,,0.0,1.0,0.001,1,16,40x40,PrototypicalNetwork,5,5,Egyptian,Greek,False,1,4000,2,exp1_permuted_src_datasets
574,363.7182242870331,0.0,1735715326.5594203,,0.0,1.0,0.001,1,16,40x40,PrototypicalNetwork,5,5,Egyptian,Greek,False,1,4000,2,exp1_permuted_src_datasets
575,363.73448514938354,0.0,1735715326.5756812,,0.0,1.0,0.001,1,16,40x40,PrototypicalNetwork,5,5,Egyptian,Greek,False,1,4000,2,exp1_permuted_src_datasets
576,363.75367999076843,0.0,1735715326.594876,,0.0,1.0,0.001,1,16,40x40,PrototypicalNetwork,5,5,Egyptian,Greek,False,1,4000,2,exp1_permuted_src_datasets
577,363.77467155456543,0.0,1735715326.6158676,,0.0,1.0,0.001,1,16,40x40,PrototypicalNetwork,5,5,Egyptian,Greek,False,1,4000,2,exp1_permuted_src_datasets
578,363.7909779548645,0.0,1735715326.632174,,0.0,1.0,0.001,1,16,40x40,PrototypicalNetwork,5,5,Egyptian,Greek,False,1,4000,2,exp1_permuted_src_datasets
579,363.81068563461304,0.0,1735715326.6518817,,0.0,1.0,0.001,1,16,40x40,PrototypicalNetwork,5,5,Egyptian,Greek,False,1,4000,2,exp1_permuted_src_datasets
580,363.8297483921051,0.0,1735715326.6709445,,0.0,1.0,0.001,1,16,40x40,PrototypicalNetwork,5,5,Egyptian,Greek,False,1,4000,2,exp1_permuted_src_datasets
581,363.85117745399475,0.0,1735715326.6923735,,0.0,1.0,0.001,1,16,40x40,PrototypicalNetwork,5,5,Egyptian,Greek,False,1,4000,2,exp1_permuted_src_datasets
582,363.8751857280731,0.0,1735715326.7163818,,0.0,1.0,0.001,1,16,40x40,PrototypicalNetwork,5,5,Egyptian,Greek,False,1,4000,2,exp1_permuted_src_datasets
583,363.8923099040985,0.0,1735715326.733506,,0.0,1.0,0.001,1,16,40x40,PrototypicalNetwork,5,5,Egyptian,Greek,False,1,4000,2,exp1_permuted_src_datasets
584,363.90881061553955,0.0,1735715326.7500067,,0.0,1.0,0.001,1,16,40x40,PrototypicalNetwork,5,5,Egyptian,Greek,False,1,4000,2,exp1_permuted_src_datasets
585,363.92472863197327,0.0,1735715326.7659247,,0.0,1.0,0.001,1,16,40x40,PrototypicalNetwork,5,5,Egyptian,Greek,False,1,4000,2,exp1_permuted_src_datasets
586,363.94193148612976,0.0,1735715326.7831275,,0.0,1.0,0.001,1,16,40x40,PrototypicalNetwork,5,5,Egyptian,Greek,False,1,4000,2,exp1_permuted_src_datasets
587,363.95945978164673,0.0,1735715326.8006558,,0.0,1.0,0.001,1,16,40x40,PrototypicalNetwork,5,5,Egyptian,Greek,False,1,4000,2,exp1_permuted_src_datasets
588,363.9758610725403,0.0,1735715326.8170571,,0.0,1.0,0.001,1,16,40x40,PrototypicalNetwork,5,5,Egyptian,Greek,False,1,4000,2,exp1_permuted_src_datasets
589,363.9931118488312,0.0,1735715326.834308,,0.0,1.0,0.001,1,16,40x40,PrototypicalNetwork,5,5,Egyptian,Greek,False,1,4000,2,exp1_permuted_src_datasets
590,364.00909304618835,0.0,1735715326.850289,,0.0,1.0,0.001,1,16,40x40,PrototypicalNetwork,5,5,Egyptian,Greek,False,1,4000,2,exp1_permuted_src_datasets
591,364.0285451412201,0.0,1735715326.8697412,,0.0,1.0,0.001,1,16,40x40,PrototypicalNetwork,5,5,Egyptian,Greek,False,1,4000,2,exp1_permuted_src_datasets
592,364.0448729991913,0.0,1735715326.886069,,0.0,1.0,0.001,1,16,40x40,PrototypicalNetwork,5,5,Egyptian,Greek,False,1,4000,2,exp1_permuted_src_datasets
593,364.0614688396454,0.0,1735715326.902665,,0.0,1.0,0.001,1,16,40x40,PrototypicalNetwork,5,5,Egyptian,Greek,False,1,4000,2,exp1_permuted_src_datasets
594,364.07894492149353,0.0,1735715326.920141,,0.0,1.0,0.001,1,16,40x40,PrototypicalNetwork,5,5,Egyptian,Greek,False,1,4000,2,exp1_permuted_src_datasets
595,364.0950436592102,0.0,1735715326.9362397,,0.0,1.0,0.001,1,16,40x40,PrototypicalNetwork,5,5,Egyptian,Greek,False,1,4000,2,exp1_permuted_src_datasets
596,364.11266112327576,0.0,1735715326.9538572,,0.0,1.0,0.001,1,16,40x40,PrototypicalNetwork,5,5,Egyptian,Greek,False,1,4000,2,exp1_permuted_src_datasets
597,364.1315441131592,0.0,1735715326.9727402,,0.0,1.0,0.001,1,16,40x40,PrototypicalNetwork,5,5,Egyptian,Greek,False,1,4000,2,exp1_permuted_src_datasets
598,364.14780926704407,0.0,1735715326.9890053,,0.0,1.0,0.001,1,16,40x40,PrototypicalNetwork,5,5,Egyptian,Greek,False,1,4000,2,exp1_permuted_src_datasets
599,364.1638607978821,0.0,1735715327.0050569,,0.0,1.0,0.001,1,16,40x40,PrototypicalNetwork,5,5,Egyptian,Greek,False,1,4000,2,exp1_permuted_src_datasets
600,364.17974734306335,0.0,1735715327.0209434,,0.0,1.0,0.001,1,16,40x40,PrototypicalNetwork,5,5,Egyptian,Greek,False,1,4000,2,exp1_permuted_src_datasets
601,364.1975712776184,0.0,1735715327.0387673,,0.0,1.0,0.001,1,16,40x40,PrototypicalNetwork,5,5,Egyptian,Greek,False,1,4000,2,exp1_permuted_src_datasets
602,364.21349811553955,0.0,1735715327.0546942,,0.0,1.0,0.001,1,16,40x40,PrototypicalNetwork,5,5,Egyptian,Greek,False,1,4000,2,exp1_permuted_src_datasets
603,364.22972416877747,0.0,1735715327.0709202,,0.0,1.0,0.001,1,16,40x40,PrototypicalNetwork,5,5,Egyptian,Greek,False,1,4000,2,exp1_permuted_src_datasets
604,364.24572825431824,0.0,1735715327.0869243,,0.0,1.0,0.001,1,16,40x40,PrototypicalNetwork,5,5,Egyptian,Greek,False,1,4000,2,exp1_permuted_src_datasets
605,364.2624568939209,0.0,1735715327.103653,,0.0,1.0,0.001,1,16,40x40,PrototypicalNetwork,5,5,Egyptian,Greek,False,1,4000,2,exp1_permuted_src_datasets
606,364.27843165397644,0.0,1735715327.1196277,,0.0,1.0,0.001,1,16,40x40,PrototypicalNetwork,5,5,Egyptian,Greek,False,1,4000,2,exp1_permuted_src_datasets
607,364.29526472091675,0.0,1735715327.1364608,,0.0,1.0,0.001,1,16,40x40,PrototypicalNetwork,5,5,Egyptian,Greek,False,1,4000,2,exp1_permuted_src_datasets
608,364.3121201992035,0.0,1735715327.1533163,,0.0,1.0,0.001,1,16,40x40,PrototypicalNetwork,5,5,Egyptian,Greek,False,1,4000,2,exp1_permuted_src_datasets
609,364.32989525794983,0.0,1735715327.1710913,,0.0,1.0,0.001,1,16,40x40,PrototypicalNetwork,5,5,Egyptian,Greek,False,1,4000,2,exp1_permuted_src_datasets
610,364.3462812900543,0.0,1735715327.1874774,,0.0,1.0,0.001,1,16,40x40,PrototypicalNetwork,5,5,Egyptian,Greek,False,1,4000,2,exp1_permuted_src_datasets
611,364.36250400543213,0.0,1735715327.2037,,0.0,1.0,0.001,1,16,40x40,PrototypicalNetwork,5,5,Egyptian,Greek,False,1,4000,2,exp1_permuted_src_datasets
612,364.3788080215454,0.0,1735715327.220004,,0.0,1.0,0.001,1,16,40x40,PrototypicalNetwork,5,5,Egyptian,Greek,False,1,4000,2,exp1_permuted_src_datasets
613,364.39484310150146,0.0,1735715327.2360392,,0.0,1.0,0.001,1,16,40x40,PrototypicalNetwork,5,5,Egyptian,Greek,False,1,4000,2,exp1_permuted_src_datasets
614,364.4114577770233,0.0,1735715327.2526538,,0.0,1.0,0.001,1,16,40x40,PrototypicalNetwork,5,5,Egyptian,Greek,False,1,4000,2,exp1_permuted_src_datasets
615,364.4276659488678,0.0,1735715327.268862,,0.0,1.0,0.001,1,16,40x40,PrototypicalNetwork,5,5,Egyptian,Greek,False,1,4000,2,exp1_permuted_src_datasets
616,364.44381761550903,0.0,1735715327.2850137,,0.0,1.0,0.001,1,16,40x40,PrototypicalNetwork,5,5,Egyptian,Greek,False,1,4000,2,exp1_permuted_src_datasets
617,364.45992708206177,0.0,1735715327.3011231,,0.0,1.0,0.001,1,16,40x40,PrototypicalNetwork,5,5,Egyptian,Greek,False,1,4000,2,exp1_permuted_src_datasets
618,364.4759101867676,0.0,1735715327.3171062,,0.0,1.0,0.001,1,16,40x40,PrototypicalNetwork,5,5,Egyptian,Greek,False,1,4000,2,exp1_permuted_src_datasets
619,364.4924292564392,0.0,1735715327.3336253,,0.0,1.0,0.001,1,16,40x40,PrototypicalNetwork,5,5,Egyptian,Greek,False,1,4000,2,exp1_permuted_src_datasets
620,364.5089840888977,0.0,1735715327.3501801,,0.0,1.0,0.001,1,16,40x40,PrototypicalNetwork,5,5,Egyptian,Greek,False,1,4000,2,exp1_permuted_src_datasets
621,364.52479815483093,0.0,1735715327.3659942,,0.0,1.0,0.001,1,16,40x40,PrototypicalNetwork,5,5,Egyptian,Greek,False,1,4000,2,exp1_permuted_src_datasets
622,364.54082560539246,0.0,1735715327.3820217,,0.0,1.0,0.001,1,16,40x40,PrototypicalNetwork,5,5,Egyptian,Greek,False,1,4000,2,exp1_permuted_src_datasets
623,364.55675053596497,0.0,1735715327.3979466,,0.0,1.0,0.001,1,16,40x40,PrototypicalNetwork,5,5,Egyptian,Greek,False,1,4000,2,exp1_permuted_src_datasets
624,364.5730369091034,0.0,1735715327.414233,,0.0,1.0,0.001,1,16,40x40,PrototypicalNetwork,5,5,Egyptian,Greek,False,1,4000,2,exp1_permuted_src_datasets
625,364.58998227119446,0.0,1735715327.4311783,,0.0,1.0,0.001,1,16,40x40,PrototypicalNetwork,5,5,Egyptian,Greek,False,1,4000,2,exp1_permuted_src_datasets
626,364.6059641838074,0.0,1735715327.4471602,,0.0,1.0,0.001,1,16,40x40,PrototypicalNetwork,5,5,Egyptian,Greek,False,1,4000,2,exp1_permuted_src_datasets
627,364.62177062034607,0.0,1735715327.4629667,,0.0,1.0,0.001,1,16,40x40,PrototypicalNetwork,5,5,Egyptian,Greek,False,1,4000,2,exp1_permuted_src_datasets
628,364.6377065181732,0.0,1735715327.4789026,,0.0,1.0,0.001,1,16,40x40,PrototypicalNetwork,5,5,Egyptian,Greek,False,1,4000,2,exp1_permuted_src_datasets
629,364.6534173488617,0.0,1735715327.4946134,,0.0,1.0,0.001,1,16,40x40,PrototypicalNetwork,5,5,Egyptian,Greek,False,1,4000,2,exp1_permuted_src_datasets
630,364.6691484451294,0.0,1735715327.5103445,,0.0,1.0,0.001,1,16,40x40,PrototypicalNetwork,5,5,Egyptian,Greek,False,1,4000,2,exp1_permuted_src_datasets
631,399.71955037117004,0.0,1735715362.5607464,0.6245499997138977,,,0.001,1,16,40x40,PrototypicalNetwork,5,5,Egyptian,Greek,False,1,4000,2,exp1_permuted_src_datasets
632,399.721803188324,1.0,1735715362.5629992,,,,0.001,1,16,40x40,PrototypicalNetwork,5,5,Egyptian,Greek,False,1,4000,2,exp1_permuted_src_datasets
633,434.8427004814148,1.0,1735715397.6838965,0.666449999332428,,,0.001,1,16,40x40,PrototypicalNetwork,5,5,Egyptian,Greek,False,1,4000,2,exp1_permuted_src_datasets
634,434.85620284080505,1.0,1735715397.697399,,0.0,1.0,0.001,1,16,40x40,PrototypicalNetwork,5,5,Egyptian,Greek,False,1,4000,2,exp1_permuted_src_datasets
635,434.87341928482056,1.0,1735715397.7146153,,0.0,1.0,0.001,1,16,40x40,PrototypicalNetwork,5,5,Egyptian,Greek,False,1,4000,2,exp1_permuted_src_datasets
636,434.8897397518158,1.0,1735715397.7309358,,0.0,1.0,0.001,1,16,40x40,PrototypicalNetwork,5,5,Egyptian,Greek,False,1,4000,2,exp1_permuted_src_datasets
637,434.9060170650482,1.0,1735715397.7472131,,0.0,1.0,0.001,1,16,40x40,PrototypicalNetwork,5,5,Egyptian,Greek,False,1,4000,2,exp1_permuted_src_datasets
638,434.92238092422485,1.0,1735715397.763577,,0.0,1.0,0.001,1,16,40x40,PrototypicalNetwork,5,5,Egyptian,Greek,False,1,4000,2,exp1_permuted_src_datasets
639,434.93877720832825,1.0,1735715397.7799733,,0.0,1.0,0.001,1,16,40x40,PrototypicalNetwork,5,5,Egyptian,Greek,False,1,4000,2,exp1_permuted_src_datasets
640,434.9551522731781,1.0,1735715397.7963483,,0.0,1.0,0.001,1,16,40x40,PrototypicalNetwork,5,5,Egyptian,Greek,False,1,4000,2,exp1_permuted_src_datasets
641,434.97174429893494,1.0,1735715397.8129404,,0.0,1.0,0.001,1,16,40x40,PrototypicalNetwork,5,5,Egyptian,Greek,False,1,4000,2,exp1_permuted_src_datasets
642,434.988322019577,1.0,1735715397.829518,,0.0,1.0,0.001,1,16,40x40,PrototypicalNetwork,5,5,Egyptian,Greek,False,1,4000,2,exp1_permuted_src_datasets
643,435.0048916339874,1.0,1735715397.8460877,,0.0,1.0,0.001,1,16,40x40,PrototypicalNetwork,5,5,Egyptian,Greek,False,1,4000,2,exp1_permuted_src_datasets
644,435.0214378833771,1.0,1735715397.862634,,0.0,1.0,0.001,1,16,40x40,PrototypicalNetwork,5,5,Egyptian,Greek,False,1,4000,2,exp1_permuted_src_datasets
645,435.0384838581085,1.0,1735715397.87968,,0.0,1.0,0.001,1,16,40x40,PrototypicalNetwork,5,5,Egyptian,Greek,False,1,4000,2,exp1_permuted_src_datasets
646,435.054744720459,1.0,1735715397.8959408,,0.0,1.0,0.001,1,16,40x40,PrototypicalNetwork,5,5,Egyptian,Greek,False,1,4000,2,exp1_permuted_src_datasets
647,435.0711932182312,1.0,1735715397.9123893,,0.0,1.0,0.001,1,16,40x40,PrototypicalNetwork,5,5,Egyptian,Greek,False,1,4000,2,exp1_permuted_src_datasets
648,435.0875608921051,1.0,1735715397.928757,,0.0,1.0,0.001,1,16,40x40,PrototypicalNetwork,5,5,Egyptian,Greek,False,1,4000,2,exp1_permuted_src_datasets
649,435.10406708717346,1.0,1735715397.9452631,,0.0,1.0,0.001,1,16,40x40,PrototypicalNetwork,5,5,Egyptian,Greek,False,1,4000,2,exp1_permuted_src_datasets
650,435.12036395072937,1.0,1735715397.96156,,0.0,1.0,0.001,1,16,40x40,PrototypicalNetwork,5,5,Egyptian,Greek,False,1,4000,2,exp1_permuted_src_datasets
651,435.13904070854187,1.0,1735715397.9802368,,0.0,1.0,0.001,1,16,40x40,PrototypicalNetwork,5,5,Egyptian,Greek,False,1,4000,2,exp1_permuted_src_datasets
652,435.1552314758301,1.0,1735715397.9964275,,0.0,1.0,0.001,1,16,40x40,PrototypicalNetwork,5,5,Egyptian,Greek,False,1,4000,2,exp1_permuted_src_datasets
653,435.17164063453674,1.0,1735715398.0128367,,0.0,1.0,0.001,1,16,40x40,PrototypicalNetwork,5,5,Egyptian,Greek,False,1,4000,2,exp1_permuted_src_datasets
654,435.18787837028503,1.0,1735715398.0290744,,0.0,1.0,0.001,1,16,40x40,PrototypicalNetwork,5,5,Egyptian,Greek,False,1,4000,2,exp1_permuted_src_datasets
655,435.2040493488312,1.0,1735715398.0452454,,0.0,1.0,0.001,1,16,40x40,PrototypicalNetwork,5,5,Egyptian,Greek,False,1,4000,2,exp1_permuted_src_datasets
656,435.2200071811676,1.0,1735715398.0612032,,0.0,1.0,0.001,1,16,40x40,PrototypicalNetwork,5,5,Egyptian,Greek,False,1,4000,2,exp1_permuted_src_datasets
657,435.24421858787537,1.0,1735715398.0854146,,0.0,1.0,0.001,1,16,40x40,PrototypicalNetwork,5,5,Egyptian,Greek,False,1,4000,2,exp1_permuted_src_datasets
658,435.26233410835266,1.0,1735715398.1035302,,0.0,1.0,0.001,1,16,40x40,PrototypicalNetwork,5,5,Egyptian,Greek,False,1,4000,2,exp1_permuted_src_datasets
659,435.2799606323242,1.0,1735715398.1211567,,0.0,1.0,0.001,1,16,40x40,PrototypicalNetwork,5,5,Egyptian,Greek,False,1,4000,2,exp1_permuted_src_datasets
660,435.2962431907654,1.0,1735715398.1374393,,0.0,1.0,0.001,1,16,40x40,PrototypicalNetwork,5,5,Egyptian,Greek,False,1,4000,2,exp1_permuted_src_datasets
661,435.31264209747314,1.0,1735715398.1538382,,0.0,1.0,0.001,1,16,40x40,PrototypicalNetwork,5,5,Egyptian,Greek,False,1,4000,2,exp1_permuted_src_datasets
662,435.3288903236389,1.0,1735715398.1700864,,0.0,1.0,0.001,1,16,40x40,PrototypicalNetwork,5,5,Egyptian,Greek,False,1,4000,2,exp1_permuted_src_datasets
663,435.34546661376953,1.0,1735715398.1866627,,0.0,1.0,0.001,1,16,40x40,PrototypicalNetwork,5,5,Egyptian,Greek,False,1,4000,2,exp1_permuted_src_datasets
664,435.3621301651001,1.0,1735715398.2033262,,0.0,1.0,0.001,1,16,40x40,PrototypicalNetwork,5,5,Egyptian,Greek,False,1,4000,2,exp1_permuted_src_datasets
665,435.37888860702515,1.0,1735715398.2200847,,0.0,1.0,0.001,1,16,40x40,PrototypicalNetwork,5,5,Egyptian,Greek,False,1,4000,2,exp1_permuted_src_datasets
666,435.3959438800812,1.0,1735715398.23714,,0.0,1.0,0.001,1,16,40x40,PrototypicalNetwork,5,5,Egyptian,Greek,False,1,4000,2,exp1_permuted_src_datasets
667,435.4125325679779,1.0,1735715398.2537286,,0.0,1.0,0.001,1,16,40x40,PrototypicalNetwork,5,5,Egyptian,Greek,False,1,4000,2,exp1_permuted_src_datasets
668,435.4289104938507,1.0,1735715398.2701066,,0.0,1.0,0.001,1,16,40x40,PrototypicalNetwork,5,5,Egyptian,Greek,False,1,4000,2,exp1_permuted_src_datasets
669,435.44535541534424,1.0,1735715398.2865515,,0.0,1.0,0.001,1,16,40x40,PrototypicalNetwork,5,5,Egyptian,Greek,False,1,4000,2,exp1_permuted_src_datasets
670,435.462233543396,1.0,1735715398.3034296,,0.0,1.0,0.001,1,16,40x40,PrototypicalNetwork,5,5,Egyptian,Greek,False,1,4000,2,exp1_permuted_src_datasets
671,435.47857689857483,1.0,1735715398.319773,,0.0,1.0,0.001,1,16,40x40,PrototypicalNetwork,5,5,Egyptian,Greek,False,1,4000,2,exp1_permuted_src_datasets
672,435.49446058273315,1.0,1735715398.3356566,,0.0,1.0,0.001,1,16,40x40,PrototypicalNetwork,5,5,Egyptian,Greek,False,1,4000,2,exp1_permuted_src_datasets
673,435.51124238967896,1.0,1735715398.3524384,,0.0,1.0,0.001,1,16,40x40,PrototypicalNetwork,5,5,Egyptian,Greek,False,1,4000,2,exp1_permuted_src_datasets
674,435.5277931690216,1.0,1735715398.3689892,,0.0,1.0,0.001,1,16,40x40,PrototypicalNetwork,5,5,Egyptian,Greek,False,1,4000,2,exp1_permuted_src_datasets
675,435.54410886764526,1.0,1735715398.385305,,0.0,1.0,0.001,1,16,40x40,PrototypicalNetwork,5,5,Egyptian,Greek,False,1,4000,2,exp1_permuted_src_datasets
676,435.56155347824097,1.0,1735715398.4027495,,0.0,1.0,0.001,1,16,40x40,PrototypicalNetwork,5,5,Egyptian,Greek,False,1,4000,2,exp1_permuted_src_datasets
677,435.58044838905334,1.0,1735715398.4216444,,0.0,1.0,0.001,1,16,40x40,PrototypicalNetwork,5,5,Egyptian,Greek,False,1,4000,2,exp1_permuted_src_datasets
678,435.5972490310669,1.0,1735715398.438445,,0.0,1.0,0.001,1,16,40x40,PrototypicalNetwork,5,5,Egyptian,Greek,False,1,4000,2,exp1_permuted_src_datasets
679,435.6137228012085,1.0,1735715398.4549189,,0.0,1.0,0.001,1,16,40x40,PrototypicalNetwork,5,5,Egyptian,Greek,False,1,4000,2,exp1_permuted_src_datasets
680,435.63736629486084,1.0,1735715398.4785624,,0.0,1.0,0.001,1,16,40x40,PrototypicalNetwork,5,5,Egyptian,Greek,False,1,4000,2,exp1_permuted_src_datasets
681,435.65430760383606,1.0,1735715398.4955037,,0.0,1.0,0.001,1,16,40x40,PrototypicalNetwork,5,5,Egyptian,Greek,False,1,4000,2,exp1_permuted_src_datasets
682,435.67026567459106,1.0,1735715398.5114617,,0.0,1.0,0.001,1,16,40x40,PrototypicalNetwork,5,5,Egyptian,Greek,False,1,4000,2,exp1_permuted_src_datasets
683,435.68639755249023,1.0,1735715398.5275936,,0.0,1.0,0.001,1,16,40x40,PrototypicalNetwork,5,5,Egyptian,Greek,False,1,4000,2,exp1_permuted_src_datasets
684,435.70247292518616,1.0,1735715398.543669,,0.0,1.0,0.001,1,16,40x40,PrototypicalNetwork,5,5,Egyptian,Greek,False,1,4000,2,exp1_permuted_src_datasets
685,435.71864080429077,1.0,1735715398.5598369,,0.0,1.0,0.001,1,16,40x40,PrototypicalNetwork,5,5,Egyptian,Greek,False,1,4000,2,exp1_permuted_src_datasets
686,435.7350583076477,1.0,1735715398.5762544,,0.0,1.0,0.001,1,16,40x40,PrototypicalNetwork,5,5,Egyptian,Greek,False,1,4000,2,exp1_permuted_src_datasets
687,435.7521176338196,1.0,1735715398.5933137,,0.0,1.0,0.001,1,16,40x40,PrototypicalNetwork,5,5,Egyptian,Greek,False,1,4000,2,exp1_permuted_src_datasets
688,435.7781751155853,1.0,1735715398.6193712,,0.0,1.0,0.001,1,16,40x40,PrototypicalNetwork,5,5,Egyptian,Greek,False,1,4000,2,exp1_permuted_src_datasets
689,435.7982485294342,1.0,1735715398.6394446,,0.0,1.0,0.001,1,16,40x40,PrototypicalNetwork,5,5,Egyptian,Greek,False,1,4000,2,exp1_permuted_src_datasets
690,435.8151502609253,1.0,1735715398.6563463,,0.0,1.0,0.001,1,16,40x40,PrototypicalNetwork,5,5,Egyptian,Greek,False,1,4000,2,exp1_permuted_src_datasets
691,435.83476161956787,1.0,1735715398.6759577,,0.0,1.0,0.001,1,16,40x40,PrototypicalNetwork,5,5,Egyptian,Greek,False,1,4000,2,exp1_permuted_src_datasets
692,435.8506746292114,1.0,1735715398.6918707,,0.0,1.0,0.001,1,16,40x40,PrototypicalNetwork,5,5,Egyptian,Greek,False,1,4000,2,exp1_permuted_src_datasets
693,435.86752367019653,1.0,1735715398.7087197,,0.0,1.0,0.001,1,16,40x40,PrototypicalNetwork,5,5,Egyptian,Greek,False,1,4000,2,exp1_permuted_src_datasets
694,435.8835129737854,1.0,1735715398.724709,,0.0,1.0,0.001,1,16,40x40,PrototypicalNetwork,5,5,Egyptian,Greek,False,1,4000,2,exp1_permuted_src_datasets
695,435.89949226379395,1.0,1735715398.7406883,,0.0,1.0,0.001,1,16,40x40,PrototypicalNetwork,5,5,Egyptian,Greek,False,1,4000,2,exp1_permuted_src_datasets
696,471.04802227020264,1.0,1735715433.8892183,0.7116500005722046,,,0.001,1,16,40x40,PrototypicalNetwork,5,5,Egyptian,Greek,False,1,4000,2,exp1_permuted_src_datasets
697,471.0840129852295,1.0,1735715433.925209,,0.0,1.0,0.001,1,16,40x40,PrototypicalNetwork,5,5,Egyptian,Greek,False,1,4000,2,exp1_permuted_src_datasets
698,471.10055923461914,1.0,1735715433.9417553,,0.0,1.0,0.001,1,16,40x40,PrototypicalNetwork,5,5,Egyptian,Greek,False,1,4000,2,exp1_permuted_src_datasets
699,471.1166112422943,1.0,1735715433.9578073,,0.0,1.0,0.001,1,16,40x40,PrototypicalNetwork,5,5,Egyptian,Greek,False,1,4000,2,exp1_permuted_src_datasets
700,471.13245725631714,1.0,1735715433.9736533,,0.0,1.0,0.001,1,16,40x40,PrototypicalNetwork,5,5,Egyptian,Greek,False,1,4000,2,exp1_permuted_src_datasets
701,471.1485378742218,1.0,1735715433.989734,,0.0,1.0,0.001,1,16,40x40,PrototypicalNetwork,5,5,Egyptian,Greek,False,1,4000,2,exp1_permuted_src_datasets
702,471.164959192276,1.0,1735715434.0061553,,0.0,1.0,0.001,1,16,40x40,PrototypicalNetwork,5,5,Egyptian,Greek,False,1,4000,2,exp1_permuted_src_datasets
703,471.1808340549469,1.0,1735715434.02203,,0.0,1.0,0.001,1,16,40x40,PrototypicalNetwork,5,5,Egyptian,Greek,False,1,4000,2,exp1_permuted_src_datasets
704,471.1968894004822,1.0,1735715434.0380855,,0.0,1.0,0.001,1,16,40x40,PrototypicalNetwork,5,5,Egyptian,Greek,False,1,4000,2,exp1_permuted_src_datasets
705,471.212765455246,1.0,1735715434.0539615,,0.0,1.0,0.001,1,16,40x40,PrototypicalNetwork,5,5,Egyptian,Greek,False,1,4000,2,exp1_permuted_src_datasets
706,471.2288570404053,1.0,1735715434.070053,,0.0,1.0,0.001,1,16,40x40,PrototypicalNetwork,5,5,Egyptian,Greek,False,1,4000,2,exp1_permuted_src_datasets
707,471.2446873188019,1.0,1735715434.0858834,,0.0,1.0,0.001,1,16,40x40,PrototypicalNetwork,5,5,Egyptian,Greek,False,1,4000,2,exp1_permuted_src_datasets
708,471.26068806648254,1.0,1735715434.1018841,,0.0,1.0,0.001,1,16,40x40,PrototypicalNetwork,5,5,Egyptian,Greek,False,1,4000,2,exp1_permuted_src_datasets
709,471.2766125202179,1.0,1735715434.1178086,,0.0,1.0,0.001,1,16,40x40,PrototypicalNetwork,5,5,Egyptian,Greek,False,1,4000,2,exp1_permuted_src_datasets
710,471.2925114631653,1.0,1735715434.1337075,,0.0,1.0,0.001,1,16,40x40,PrototypicalNetwork,5,5,Egyptian,Greek,False,1,4000,2,exp1_permuted_src_datasets
711,471.30849623680115,1.0,1735715434.1496923,,0.0,1.0,0.001,1,16,40x40,PrototypicalNetwork,5,5,Egyptian,Greek,False,1,4000,2,exp1_permuted_src_datasets
712,471.32444643974304,1.0,1735715434.1656425,,0.0,1.0,0.001,1,16,40x40,PrototypicalNetwork,5,5,Egyptian,Greek,False,1,4000,2,exp1_permuted_src_datasets
713,471.3417925834656,1.0,1735715434.1829886,,0.0,1.0,0.001,1,16,40x40,PrototypicalNetwork,5,5,Egyptian,Greek,False,1,4000,2,exp1_permuted_src_datasets
714,471.35758543014526,1.0,1735715434.1987815,,0.0,1.0,0.001,1,16,40x40,PrototypicalNetwork,5,5,Egyptian,Greek,False,1,4000,2,exp1_permuted_src_datasets
715,471.37377071380615,1.0,1735715434.2149668,,0.0,1.0,0.001,1,16,40x40,PrototypicalNetwork,5,5,Egyptian,Greek,False,1,4000,2,exp1_permuted_src_datasets
716,471.39647674560547,1.0,1735715434.2376728,,0.0,1.0,0.001,1,16,40x40,PrototypicalNetwork,5,5,Egyptian,Greek,False,1,4000,2,exp1_permuted_src_datasets
717,471.41316962242126,1.0,1735715434.2543657,,0.0,1.0,0.001,1,16,40x40,PrototypicalNetwork,5,5,Egyptian,Greek,False,1,4000,2,exp1_permuted_src_datasets
718,471.42943572998047,1.0,1735715434.2706318,,0.0,1.0,0.001,1,16,40x40,PrototypicalNetwork,5,5,Egyptian,Greek,False,1,4000,2,exp1_permuted_src_datasets
719,471.44572925567627,1.0,1735715434.2869253,,0.0,1.0,0.001,1,16,40x40,PrototypicalNetwork,5,5,Egyptian,Greek,False,1,4000,2,exp1_permuted_src_datasets
720,471.46194529533386,1.0,1735715434.3031414,,0.0,1.0,0.001,1,16,40x40,PrototypicalNetwork,5,5,Egyptian,Greek,False,1,4000,2,exp1_permuted_src_datasets
721,471.4781551361084,1.0,1735715434.3193512,,0.0,1.0,0.001,1,16,40x40,PrototypicalNetwork,5,5,Egyptian,Greek,False,1,4000,2,exp1_permuted_src_datasets
722,471.4942123889923,1.0,1735715434.3354084,,0.0,1.0,0.001,1,16,40x40,PrototypicalNetwork,5,5,Egyptian,Greek,False,1,4000,2,exp1_permuted_src_datasets
723,471.5116996765137,1.0,1735715434.3528957,,0.0,1.0,0.001,1,16,40x40,PrototypicalNetwork,5,5,Egyptian,Greek,False,1,4000,2,exp1_permuted_src_datasets
724,471.52791953086853,1.0,1735715434.3691156,,0.0,1.0,0.001,1,16,40x40,PrototypicalNetwork,5,5,Egyptian,Greek,False,1,4000,2,exp1_permuted_src_datasets
725,471.5452766418457,1.0,1735715434.3864727,,0.0,1.0,0.001,1,16,40x40,PrototypicalNetwork,5,5,Egyptian,Greek,False,1,4000,2,exp1_permuted_src_datasets
726,471.5624780654907,1.0,1735715434.4036741,,0.0,1.0,0.001,1,16,40x40,PrototypicalNetwork,5,5,Egyptian,Greek,False,1,4000,2,exp1_permuted_src_datasets
727,471.5819323062897,1.0,1735715434.4231284,,0.0,1.0,0.001,1,16,40x40,PrototypicalNetwork,5,5,Egyptian,Greek,False,1,4000,2,exp1_permuted_src_datasets
728,471.5985791683197,1.0,1735715434.4397752,,0.0,1.0,0.001,1,16,40x40,PrototypicalNetwork,5,5,Egyptian,Greek,False,1,4000,2,exp1_permuted_src_datasets
729,471.6154980659485,1.0,1735715434.4566941,,0.0,1.0,0.001,1,16,40x40,PrototypicalNetwork,5,5,Egyptian,Greek,False,1,4000,2,exp1_permuted_src_datasets
730,471.6326401233673,1.0,1735715434.4738362,,0.0,1.0,0.001,1,16,40x40,PrototypicalNetwork,5,5,Egyptian,Greek,False,1,4000,2,exp1_permuted_src_datasets
731,471.6489088535309,1.0,1735715434.490105,,0.0,1.0,0.001,1,16,40x40,PrototypicalNetwork,5,5,Egyptian,Greek,False,1,4000,2,exp1_permuted_src_datasets
732,471.66508531570435,1.0,1735715434.5062814,,0.0,1.0,0.001,1,16,40x40,PrototypicalNetwork,5,5,Egyptian,Greek,False,1,4000,2,exp1_permuted_src_datasets
733,471.6823217868805,1.0,1735715434.5235178,,0.0,1.0,0.001,1,16,40x40,PrototypicalNetwork,5,5,Egyptian,Greek,False,1,4000,2,exp1_permuted_src_datasets
734,471.6993465423584,1.0,1735715434.5405426,,0.0,1.0,0.001,1,16,40x40,PrototypicalNetwork,5,5,Egyptian,Greek,False,1,4000,2,exp1_permuted_src_datasets
735,471.71562671661377,1.0,1735715434.5568228,,0.0,1.0,0.001,1,16,40x40,PrototypicalNetwork,5,5,Egyptian,Greek,False,1,4000,2,exp1_permuted_src_datasets
736,471.731892824173,1.0,1735715434.573089,,0.0,1.0,0.001,1,16,40x40,PrototypicalNetwork,5,5,Egyptian,Greek,False,1,4000,2,exp1_permuted_src_datasets
737,471.7480561733246,1.0,1735715434.5892522,,0.0,1.0,0.001,1,16,40x40,PrototypicalNetwork,5,5,Egyptian,Greek,False,1,4000,2,exp1_permuted_src_datasets
738,471.76429438591003,1.0,1735715434.6054904,,0.0,1.0,0.001,1,16,40x40,PrototypicalNetwork,5,5,Egyptian,Greek,False,1,4000,2,exp1_permuted_src_datasets
739,471.7809569835663,1.0,1735715434.622153,,0.0,1.0,0.001,1,16,40x40,PrototypicalNetwork,5,5,Egyptian,Greek,False,1,4000,2,exp1_permuted_src_datasets
740,471.7972595691681,1.0,1735715434.6384556,,0.0,1.0,0.001,1,16,40x40,PrototypicalNetwork,5,5,Egyptian,Greek,False,1,4000,2,exp1_permuted_src_datasets
741,471.8134353160858,1.0,1735715434.6546314,,0.0,1.0,0.001,1,16,40x40,PrototypicalNetwork,5,5,Egyptian,Greek,False,1,4000,2,exp1_permuted_src_datasets
742,471.8351399898529,1.0,1735715434.676336,,0.0,1.0,0.001,1,16,40x40,PrototypicalNetwork,5,5,Egyptian,Greek,False,1,4000,2,exp1_permuted_src_datasets
743,471.8520200252533,1.0,1735715434.693216,,0.0,1.0,0.001,1,16,40x40,PrototypicalNetwork,5,5,Egyptian,Greek,False,1,4000,2,exp1_permuted_src_datasets
744,471.8683748245239,1.0,1735715434.709571,,0.0,1.0,0.001,1,16,40x40,PrototypicalNetwork,5,5,Egyptian,Greek,False,1,4000,2,exp1_permuted_src_datasets
745,471.8847222328186,1.0,1735715434.7259183,,0.0,1.0,0.001,1,16,40x40,PrototypicalNetwork,5,5,Egyptian,Greek,False,1,4000,2,exp1_permuted_src_datasets
746,471.9010136127472,1.0,1735715434.7422097,,0.0,1.0,0.001,1,16,40x40,PrototypicalNetwork,5,5,Egyptian,Greek,False,1,4000,2,exp1_permuted_src_datasets
747,471.91766834259033,1.0,1735715434.7588644,,0.0,1.0,0.001,1,16,40x40,PrototypicalNetwork,5,5,Egyptian,Greek,False,1,4000,2,exp1_permuted_src_datasets
748,471.93370747566223,1.0,1735715434.7749035,,0.0,1.0,0.001,1,16,40x40,PrototypicalNetwork,5,5,Egyptian,Greek,False,1,4000,2,exp1_permuted_src_datasets
749,471.9502251148224,1.0,1735715434.7914212,,0.0,1.0,0.001,1,16,40x40,PrototypicalNetwork,5,5,Egyptian,Greek,False,1,4000,2,exp1_permuted_src_datasets
750,471.9766128063202,1.0,1735715434.8178089,,0.0,1.0,0.001,1,16,40x40,PrototypicalNetwork,5,5,Egyptian,Greek,False,1,4000,2,exp1_permuted_src_datasets
751,471.99325919151306,1.0,1735715434.8344553,,0.0,1.0,0.001,1,16,40x40,PrototypicalNetwork,5,5,Egyptian,Greek,False,1,4000,2,exp1_permuted_src_datasets
752,472.0096538066864,1.0,1735715434.8508499,,0.0,1.0,0.001,1,16,40x40,PrototypicalNetwork,5,5,Egyptian,Greek,False,1,4000,2,exp1_permuted_src_datasets
753,472.0269892215729,1.0,1735715434.8681853,,0.0,1.0,0.001,1,16,40x40,PrototypicalNetwork,5,5,Egyptian,Greek,False,1,4000,2,exp1_permuted_src_datasets
754,472.04336619377136,1.0,1735715434.8845623,,0.0,1.0,0.001,1,16,40x40,PrototypicalNetwork,5,5,Egyptian,Greek,False,1,4000,2,exp1_permuted_src_datasets
755,472.0594434738159,1.0,1735715434.9006395,,0.0,1.0,0.001,1,16,40x40,PrototypicalNetwork,5,5,Egyptian,Greek,False,1,4000,2,exp1_permuted_src_datasets
756,472.0755319595337,1.0,1735715434.916728,,0.0,1.0,0.001,1,16,40x40,PrototypicalNetwork,5,5,Egyptian,Greek,False,1,4000,2,exp1_permuted_src_datasets
757,472.0918011665344,1.0,1735715434.9329972,,0.0,1.0,0.001,1,16,40x40,PrototypicalNetwork,5,5,Egyptian,Greek,False,1,4000,2,exp1_permuted_src_datasets
758,472.1109390258789,1.0,1735715434.952135,,0.0,1.0,0.001,1,16,40x40,PrototypicalNetwork,5,5,Egyptian,Greek,False,1,4000,2,exp1_permuted_src_datasets
759,507.08823466300964,1.0,1735715469.9294307,0.7139000000953675,,,0.001,1,16,40x40,PrototypicalNetwork,5,5,Egyptian,Greek,False,1,4000,2,exp1_permuted_src_datasets
760,507.12451219558716,1.0,1735715469.9657083,,0.0,1.0,0.001,1,16,40x40,PrototypicalNetwork,5,5,Egyptian,Greek,False,1,4000,2,exp1_permuted_src_datasets
761,507.1409373283386,1.0,1735715469.9821334,,0.0,1.0,0.001,1,16,40x40,PrototypicalNetwork,5,5,Egyptian,Greek,False,1,4000,2,exp1_permuted_src_datasets
762,507.1570761203766,1.0,1735715469.9982722,,0.0,1.0,0.001,1,16,40x40,PrototypicalNetwork,5,5,Egyptian,Greek,False,1,4000,2,exp1_permuted_src_datasets
763,507.1729509830475,1.0,1735715470.014147,,0.0,1.0,0.001,1,16,40x40,PrototypicalNetwork,5,5,Egyptian,Greek,False,1,4000,2,exp1_permuted_src_datasets
764,507.188880443573,1.0,1735715470.0300765,,0.0,1.0,0.001,1,16,40x40,PrototypicalNetwork,5,5,Egyptian,Greek,False,1,4000,2,exp1_permuted_src_datasets
765,507.2049958705902,1.0,1735715470.046192,,0.0,1.0,0.001,1,16,40x40,PrototypicalNetwork,5,5,Egyptian,Greek,False,1,4000,2,exp1_permuted_src_datasets
766,507.2209470272064,1.0,1735715470.062143,,0.0,1.0,0.001,1,16,40x40,PrototypicalNetwork,5,5,Egyptian,Greek,False,1,4000,2,exp1_permuted_src_datasets
767,507.2381942272186,1.0,1735715470.0793903,,0.0,1.0,0.001,1,16,40x40,PrototypicalNetwork,5,5,Egyptian,Greek,False,1,4000,2,exp1_permuted_src_datasets
768,507.25447630882263,1.0,1735715470.0956724,,0.0,1.0,0.001,1,16,40x40,PrototypicalNetwork,5,5,Egyptian,Greek,False,1,4000,2,exp1_permuted_src_datasets
769,507.2708594799042,1.0,1735715470.1120555,,0.0,1.0,0.001,1,16,40x40,PrototypicalNetwork,5,5,Egyptian,Greek,False,1,4000,2,exp1_permuted_src_datasets
770,507.28711462020874,1.0,1735715470.1283107,,0.0,1.0,0.001,1,16,40x40,PrototypicalNetwork,5,5,Egyptian,Greek,False,1,4000,2,exp1_permuted_src_datasets
771,507.30303406715393,1.0,1735715470.1442301,,0.0,1.0,0.001,1,16,40x40,PrototypicalNetwork,5,5,Egyptian,Greek,False,1,4000,2,exp1_permuted_src_datasets
772,507.3196361064911,1.0,1735715470.1608322,,0.0,1.0,0.001,1,16,40x40,PrototypicalNetwork,5,5,Egyptian,Greek,False,1,4000,2,exp1_permuted_src_datasets
773,507.3360471725464,1.0,1735715470.1772432,,0.0,1.0,0.001,1,16,40x40,PrototypicalNetwork,5,5,Egyptian,Greek,False,1,4000,2,exp1_permuted_src_datasets
774,507.3525116443634,1.0,1735715470.1937077,,0.0,1.0,0.001,1,16,40x40,PrototypicalNetwork,5,5,Egyptian,Greek,False,1,4000,2,exp1_permuted_src_datasets
775,507.3684527873993,1.0,1735715470.2096488,,0.0,1.0,0.001,1,16,40x40,PrototypicalNetwork,5,5,Egyptian,Greek,False,1,4000,2,exp1_permuted_src_datasets
776,507.3841986656189,1.0,1735715470.2253947,,0.0,1.0,0.001,1,16,40x40,PrototypicalNetwork,5,5,Egyptian,Greek,False,1,4000,2,exp1_permuted_src_datasets
777,507.40100622177124,1.0,1735715470.2422023,,0.0,1.0,0.001,1,16,40x40,PrototypicalNetwork,5,5,Egyptian,Greek,False,1,4000,2,exp1_permuted_src_datasets
778,507.4174680709839,1.0,1735715470.2586641,,0.0,1.0,0.001,1,16,40x40,PrototypicalNetwork,5,5,Egyptian,Greek,False,1,4000,2,exp1_permuted_src_datasets
779,507.4341011047363,1.0,1735715470.2752972,,0.0,1.0,0.001,1,16,40x40,PrototypicalNetwork,5,5,Egyptian,Greek,False,1,4000,2,exp1_permuted_src_datasets
780,507.4507920742035,1.0,1735715470.2919881,,0.0,1.0,0.001,1,16,40x40,PrototypicalNetwork,5,5,Egyptian,Greek,False,1,4000,2,exp1_permuted_src_datasets
781,507.46725034713745,1.0,1735715470.3084464,,0.0,1.0,0.001,1,16,40x40,PrototypicalNetwork,5,5,Egyptian,Greek,False,1,4000,2,exp1_permuted_src_datasets
782,507.4834837913513,1.0,1735715470.3246799,,0.0,1.0,0.001,1,16,40x40,PrototypicalNetwork,5,5,Egyptian,Greek,False,1,4000,2,exp1_permuted_src_datasets
783,507.4997727870941,1.0,1735715470.3409688,,0.0,1.0,0.001,1,16,40x40,PrototypicalNetwork,5,5,Egyptian,Greek,False,1,4000,2,exp1_permuted_src_datasets
784,507.51592469215393,1.0,1735715470.3571208,,0.0,1.0,0.001,1,16,40x40,PrototypicalNetwork,5,5,Egyptian,Greek,False,1,4000,2,exp1_permuted_src_datasets
785,507.53253388404846,1.0,1735715470.37373,,0.0,1.0,0.001,1,16,40x40,PrototypicalNetwork,5,5,Egyptian,Greek,False,1,4000,2,exp1_permuted_src_datasets
786,507.552987575531,1.0,1735715470.3941836,,0.0,1.0,0.001,1,16,40x40,PrototypicalNetwork,5,5,Egyptian,Greek,False,1,4000,2,exp1_permuted_src_datasets
787,507.5703444480896,1.0,1735715470.4115405,,0.0,1.0,0.001,1,16,40x40,PrototypicalNetwork,5,5,Egyptian,Greek,False,1,4000,2,exp1_permuted_src_datasets
788,507.5872004032135,1.0,1735715470.4283965,,0.0,1.0,0.001,1,16,40x40,PrototypicalNetwork,5,5,Egyptian,Greek,False,1,4000,2,exp1_permuted_src_datasets
789,507.60353350639343,1.0,1735715470.4447296,,0.0,1.0,0.001,1,16,40x40,PrototypicalNetwork,5,5,Egyptian,Greek,False,1,4000,2,exp1_permuted_src_datasets
790,507.6193823814392,1.0,1735715470.4605784,,0.0,1.0,0.001,1,16,40x40,PrototypicalNetwork,5,5,Egyptian,Greek,False,1,4000,2,exp1_permuted_src_datasets
791,507.63526129722595,1.0,1735715470.4764574,,0.0,1.0,0.001,1,16,40x40,PrototypicalNetwork,5,5,Egyptian,Greek,False,1,4000,2,exp1_permuted_src_datasets
792,507.65117263793945,1.0,1735715470.4923687,,0.0,1.0,0.001,1,16,40x40,PrototypicalNetwork,5,5,Egyptian,Greek,False,1,4000,2,exp1_permuted_src_datasets
793,507.66707587242126,1.0,1735715470.508272,,0.0,1.0,0.001,1,16,40x40,PrototypicalNetwork,5,5,Egyptian,Greek,False,1,4000,2,exp1_permuted_src_datasets
794,507.6828918457031,1.0,1735715470.524088,,0.0,1.0,0.001,1,16,40x40,PrototypicalNetwork,5,5,Egyptian,Greek,False,1,4000,2,exp1_permuted_src_datasets
795,507.69894194602966,1.0,1735715470.540138,,0.0,1.0,0.001,1,16,40x40,PrototypicalNetwork,5,5,Egyptian,Greek,False,1,4000,2,exp1_permuted_src_datasets
796,507.7150182723999,1.0,1735715470.5562143,,0.0,1.0,0.001,1,16,40x40,PrototypicalNetwork,5,5,Egyptian,Greek,False,1,4000,2,exp1_permuted_src_datasets
797,507.73274278640747,1.0,1735715470.5739388,,0.0,1.0,0.001,1,16,40x40,PrototypicalNetwork,5,5,Egyptian,Greek,False,1,4000,2,exp1_permuted_src_datasets
798,507.75585889816284,1.0,1735715470.597055,,0.0,1.0,0.001,1,16,40x40,PrototypicalNetwork,5,5,Egyptian,Greek,False,1,4000,2,exp1_permuted_src_datasets
799,507.7722489833832,1.0,1735715470.613445,,0.0,1.0,0.001,1,16,40x40,PrototypicalNetwork,5,5,Egyptian,Greek,False,1,4000,2,exp1_permuted_src_datasets
800,507.79032588005066,1.0,1735715470.631522,,0.0,1.0,0.001,1,16,40x40,PrototypicalNetwork,5,5,Egyptian,Greek,False,1,4000,2,exp1_permuted_src_datasets
801,507.8064875602722,1.0,1735715470.6476836,,0.0,1.0,0.001,1,16,40x40,PrototypicalNetwork,5,5,Egyptian,Greek,False,1,4000,2,exp1_permuted_src_datasets
802,507.8225448131561,1.0,1735715470.6637409,,0.0,1.0,0.001,1,16,40x40,PrototypicalNetwork,5,5,Egyptian,Greek,False,1,4000,2,exp1_permuted_src_datasets
803,507.83910298347473,1.0,1735715470.680299,,0.0,1.0,0.001,1,16,40x40,PrototypicalNetwork,5,5,Egyptian,Greek,False,1,4000,2,exp1_permuted_src_datasets
804,507.8567490577698,1.0,1735715470.697945,,0.0,1.0,0.001,1,16,40x40,PrototypicalNetwork,5,5,Egyptian,Greek,False,1,4000,2,exp1_permuted_src_datasets
805,507.87349700927734,1.0,1735715470.714693,,0.0,1.0,0.001,1,16,40x40,PrototypicalNetwork,5,5,Egyptian,Greek,False,1,4000,2,exp1_permuted_src_datasets
806,507.88961029052734,1.0,1735715470.7308064,,0.0,1.0,0.001,1,16,40x40,PrototypicalNetwork,5,5,Egyptian,Greek,False,1,4000,2,exp1_permuted_src_datasets
807,507.90556716918945,1.0,1735715470.7467632,,0.0,1.0,0.001,1,16,40x40,PrototypicalNetwork,5,5,Egyptian,Greek,False,1,4000,2,exp1_permuted_src_datasets
808,507.9217584133148,1.0,1735715470.7629545,,0.0,1.0,0.001,1,16,40x40,PrototypicalNetwork,5,5,Egyptian,Greek,False,1,4000,2,exp1_permuted_src_datasets
809,507.9383568763733,1.0,1735715470.779553,,0.0,1.0,0.001,1,16,40x40,PrototypicalNetwork,5,5,Egyptian,Greek,False,1,4000,2,exp1_permuted_src_datasets
810,507.95466923713684,1.0,1735715470.7958653,,0.0,1.0,0.001,1,16,40x40,PrototypicalNetwork,5,5,Egyptian,Greek,False,1,4000,2,exp1_permuted_src_datasets
811,507.9709942340851,1.0,1735715470.8121903,,0.0,1.0,0.001,1,16,40x40,PrototypicalNetwork,5,5,Egyptian,Greek,False,1,4000,2,exp1_permuted_src_datasets
812,507.9876301288605,1.0,1735715470.8288262,,0.0,1.0,0.001,1,16,40x40,PrototypicalNetwork,5,5,Egyptian,Greek,False,1,4000,2,exp1_permuted_src_datasets
813,508.0041735172272,1.0,1735715470.8453696,,0.0,1.0,0.001,1,16,40x40,PrototypicalNetwork,5,5,Egyptian,Greek,False,1,4000,2,exp1_permuted_src_datasets
814,508.02209663391113,1.0,1735715470.8632927,,0.0,1.0,0.001,1,16,40x40,PrototypicalNetwork,5,5,Egyptian,Greek,False,1,4000,2,exp1_permuted_src_datasets
815,508.0385785102844,1.0,1735715470.8797746,,0.0,1.0,0.001,1,16,40x40,PrototypicalNetwork,5,5,Egyptian,Greek,False,1,4000,2,exp1_permuted_src_datasets
816,508.05452156066895,1.0,1735715470.8957176,,0.0,1.0,0.001,1,16,40x40,PrototypicalNetwork,5,5,Egyptian,Greek,False,1,4000,2,exp1_permuted_src_datasets
817,508.0820412635803,1.0,1735715470.9232373,,0.0,1.0,0.001,1,16,40x40,PrototypicalNetwork,5,5,Egyptian,Greek,False,1,4000,2,exp1_permuted_src_datasets
818,508.10762572288513,1.0,1735715470.9488218,,0.0,1.0,0.001,1,16,40x40,PrototypicalNetwork,5,5,Egyptian,Greek,False,1,4000,2,exp1_permuted_src_datasets
819,508.1244230270386,1.0,1735715470.965619,,0.0,1.0,0.001,1,16,40x40,PrototypicalNetwork,5,5,Egyptian,Greek,False,1,4000,2,exp1_permuted_src_datasets
820,508.14133501052856,1.0,1735715470.982531,,0.0,1.0,0.001,1,16,40x40,PrototypicalNetwork,5,5,Egyptian,Greek,False,1,4000,2,exp1_permuted_src_datasets
821,508.15810346603394,1.0,1735715470.9992995,,0.0,1.0,0.001,1,16,40x40,PrototypicalNetwork,5,5,Egyptian,Greek,False,1,4000,2,exp1_permuted_src_datasets
822,543.5704417228699,1.0,1735715506.4116378,0.7027499997615814,,,0.001,1,16,40x40,PrototypicalNetwork,5,5,Egyptian,Greek,False,1,4000,2,exp1_permuted_src_datasets
823,543.5841510295868,1.0,1735715506.425347,,0.0,1.0,0.001,1,16,40x40,PrototypicalNetwork,5,5,Egyptian,Greek,False,1,4000,2,exp1_permuted_src_datasets
824,543.6005859375,1.0,1735715506.441782,,0.0,1.0,0.001,1,16,40x40,PrototypicalNetwork,5,5,Egyptian,Greek,False,1,4000,2,exp1_permuted_src_datasets
825,543.6168172359467,1.0,1735715506.4580133,,0.0,1.0,0.001,1,16,40x40,PrototypicalNetwork,5,5,Egyptian,Greek,False,1,4000,2,exp1_permuted_src_datasets
826,543.6330478191376,1.0,1735715506.4742439,,0.0,1.0,0.001,1,16,40x40,PrototypicalNetwork,5,5,Egyptian,Greek,False,1,4000,2,exp1_permuted_src_datasets
827,543.6492478847504,1.0,1735715506.490444,,0.0,1.0,0.001,1,16,40x40,PrototypicalNetwork,5,5,Egyptian,Greek,False,1,4000,2,exp1_permuted_src_datasets
828,543.6654331684113,1.0,1735715506.5066292,,0.0,1.0,0.001,1,16,40x40,PrototypicalNetwork,5,5,Egyptian,Greek,False,1,4000,2,exp1_permuted_src_datasets
829,543.681517124176,1.0,1735715506.5227132,,0.0,1.0,0.001,1,16,40x40,PrototypicalNetwork,5,5,Egyptian,Greek,False,1,4000,2,exp1_permuted_src_datasets
830,543.6977889537811,1.0,1735715506.538985,,0.0,1.0,0.001,1,16,40x40,PrototypicalNetwork,5,5,Egyptian,Greek,False,1,4000,2,exp1_permuted_src_datasets
831,543.7139813899994,1.0,1735715506.5551775,,0.0,1.0,0.001,1,16,40x40,PrototypicalNetwork,5,5,Egyptian,Greek,False,1,4000,2,exp1_permuted_src_datasets
832,543.7306094169617,1.0,1735715506.5718055,,0.0,1.0,0.001,1,16,40x40,PrototypicalNetwork,5,5,Egyptian,Greek,False,1,4000,2,exp1_permuted_src_datasets
833,543.752028465271,1.0,1735715506.5932245,,0.0,1.0,0.001,1,16,40x40,PrototypicalNetwork,5,5,Egyptian,Greek,False,1,4000,2,exp1_permuted_src_datasets
834,543.770941734314,1.0,1735715506.6121378,,0.0,1.0,0.001,1,16,40x40,PrototypicalNetwork,5,5,Egyptian,Greek,False,1,4000,2,exp1_permuted_src_datasets
835,543.7873866558075,1.0,1735715506.6285827,,0.0,1.0,0.001,1,16,40x40,PrototypicalNetwork,5,5,Egyptian,Greek,False,1,4000,2,exp1_permuted_src_datasets
836,543.8040370941162,1.0,1735715506.6452332,,0.0,1.0,0.001,1,16,40x40,PrototypicalNetwork,5,5,Egyptian,Greek,False,1,4000,2,exp1_permuted_src_datasets
837,543.8204135894775,1.0,1735715506.6616096,,0.0,1.0,0.001,1,16,40x40,PrototypicalNetwork,5,5,Egyptian,Greek,False,1,4000,2,exp1_permuted_src_datasets
838,543.8367414474487,1.0,1735715506.6779375,,0.0,1.0,0.001,1,16,40x40,PrototypicalNetwork,5,5,Egyptian,Greek,False,1,4000,2,exp1_permuted_src_datasets
839,543.8531951904297,1.0,1735715506.6943913,,0.0,1.0,0.001,1,16,40x40,PrototypicalNetwork,5,5,Egyptian,Greek,False,1,4000,2,exp1_permuted_src_datasets
840,543.8694732189178,1.0,1735715506.7106693,,0.0,1.0,0.001,1,16,40x40,PrototypicalNetwork,5,5,Egyptian,Greek,False,1,4000,2,exp1_permuted_src_datasets
841,543.8866357803345,1.0,1735715506.7278318,,0.0,1.0,0.001,1,16,40x40,PrototypicalNetwork,5,5,Egyptian,Greek,False,1,4000,2,exp1_permuted_src_datasets
842,543.9027869701385,1.0,1735715506.743983,,0.0,1.0,0.001,1,16,40x40,PrototypicalNetwork,5,5,Egyptian,Greek,False,1,4000,2,exp1_permuted_src_datasets
843,543.9191780090332,1.0,1735715506.760374,,0.0,1.0,0.001,1,16,40x40,PrototypicalNetwork,5,5,Egyptian,Greek,False,1,4000,2,exp1_permuted_src_datasets
844,543.9354526996613,1.0,1735715506.7766488,,0.0,1.0,0.001,1,16,40x40,PrototypicalNetwork,5,5,Egyptian,Greek,False,1,4000,2,exp1_permuted_src_datasets
845,543.9517657756805,1.0,1735715506.7929618,,0.0,1.0,0.001,1,16,40x40,PrototypicalNetwork,5,5,Egyptian,Greek,False,1,4000,2,exp1_permuted_src_datasets
846,543.9682729244232,1.0,1735715506.809469,,0.0,1.0,0.001,1,16,40x40,PrototypicalNetwork,5,5,Egyptian,Greek,False,1,4000,2,exp1_permuted_src_datasets
847,543.9845685958862,1.0,1735715506.8257647,,0.0,1.0,0.001,1,16,40x40,PrototypicalNetwork,5,5,Egyptian,Greek,False,1,4000,2,exp1_permuted_src_datasets
848,544.0009121894836,1.0,1735715506.8421082,,0.0,1.0,0.001,1,16,40x40,PrototypicalNetwork,5,5,Egyptian,Greek,False,1,4000,2,exp1_permuted_src_datasets
849,544.0183441638947,1.0,1735715506.8595402,,0.0,1.0,0.001,1,16,40x40,PrototypicalNetwork,5,5,Egyptian,Greek,False,1,4000,2,exp1_permuted_src_datasets
850,544.0390055179596,1.0,1735715506.8802016,,0.0,1.0,0.001,1,16,40x40,PrototypicalNetwork,5,5,Egyptian,Greek,False,1,4000,2,exp1_permuted_src_datasets
851,544.0569608211517,1.0,1735715506.898157,,0.0,1.0,0.001,1,16,40x40,PrototypicalNetwork,5,5,Egyptian,Greek,False,1,4000,2,exp1_permuted_src_datasets
852,544.0734932422638,1.0,1735715506.9146893,,0.0,1.0,0.001,1,16,40x40,PrototypicalNetwork,5,5,Egyptian,Greek,False,1,4000,2,exp1_permuted_src_datasets
853,544.0900673866272,1.0,1735715506.9312634,,0.0,1.0,0.001,1,16,40x40,PrototypicalNetwork,5,5,Egyptian,Greek,False,1,4000,2,exp1_permuted_src_datasets
854,544.1066472530365,1.0,1735715506.9478433,,0.0,1.0,0.001,1,16,40x40,PrototypicalNetwork,5,5,Egyptian,Greek,False,1,4000,2,exp1_permuted_src_datasets
855,544.1231744289398,1.0,1735715506.9643705,,0.0,1.0,0.001,1,16,40x40,PrototypicalNetwork,5,5,Egyptian,Greek,False,1,4000,2,exp1_permuted_src_datasets
856,544.139981508255,1.0,1735715506.9811776,,0.0,1.0,0.001,1,16,40x40,PrototypicalNetwork,5,5,Egyptian,Greek,False,1,4000,2,exp1_permuted_src_datasets
857,544.1566197872162,1.0,1735715506.9978158,,0.0,1.0,0.001,1,16,40x40,PrototypicalNetwork,5,5,Egyptian,Greek,False,1,4000,2,exp1_permuted_src_datasets
858,544.1730499267578,1.0,1735715507.014246,,0.0,1.0,0.001,1,16,40x40,PrototypicalNetwork,5,5,Egyptian,Greek,False,1,4000,2,exp1_permuted_src_datasets
859,544.189446926117,1.0,1735715507.030643,,0.0,1.0,0.001,1,16,40x40,PrototypicalNetwork,5,5,Egyptian,Greek,False,1,4000,2,exp1_permuted_src_datasets
860,544.2110657691956,1.0,1735715507.0522618,,0.0,1.0,0.001,1,16,40x40,PrototypicalNetwork,5,5,Egyptian,Greek,False,1,4000,2,exp1_permuted_src_datasets
861,544.2279822826385,1.0,1735715507.0691783,,0.0,1.0,0.001,1,16,40x40,PrototypicalNetwork,5,5,Egyptian,Greek,False,1,4000,2,exp1_permuted_src_datasets
862,544.2443809509277,1.0,1735715507.085577,,0.0,1.0,0.001,1,16,40x40,PrototypicalNetwork,5,5,Egyptian,Greek,False,1,4000,2,exp1_permuted_src_datasets
863,544.2610352039337,1.0,1735715507.1022313,,0.0,1.0,0.001,1,16,40x40,PrototypicalNetwork,5,5,Egyptian,Greek,False,1,4000,2,exp1_permuted_src_datasets
864,544.2774512767792,1.0,1735715507.1186473,,0.0,1.0,0.001,1,16,40x40,PrototypicalNetwork,5,5,Egyptian,Greek,False,1,4000,2,exp1_permuted_src_datasets
865,544.2949962615967,1.0,1735715507.1361923,,0.0,1.0,0.001,1,16,40x40,PrototypicalNetwork,5,5,Egyptian,Greek,False,1,4000,2,exp1_permuted_src_datasets
866,544.3142514228821,1.0,1735715507.1554475,,0.0,1.0,0.001,1,16,40x40,PrototypicalNetwork,5,5,Egyptian,Greek,False,1,4000,2,exp1_permuted_src_datasets
867,544.3307666778564,1.0,1735715507.1719627,,0.0,1.0,0.001,1,16,40x40,PrototypicalNetwork,5,5,Egyptian,Greek,False,1,4000,2,exp1_permuted_src_datasets
868,544.3476719856262,1.0,1735715507.188868,,0.0,1.0,0.001,1,16,40x40,PrototypicalNetwork,5,5,Egyptian,Greek,False,1,4000,2,exp1_permuted_src_datasets
869,544.3639430999756,1.0,1735715507.2051392,,0.0,1.0,0.001,1,16,40x40,PrototypicalNetwork,5,5,Egyptian,Greek,False,1,4000,2,exp1_permuted_src_datasets
870,544.3799722194672,1.0,1735715507.2211683,,0.0,1.0,0.001,1,16,40x40,PrototypicalNetwork,5,5,Egyptian,Greek,False,1,4000,2,exp1_permuted_src_datasets
871,544.4067101478577,1.0,1735715507.2479062,,0.0,1.0,0.001,1,16,40x40,PrototypicalNetwork,5,5,Egyptian,Greek,False,1,4000,2,exp1_permuted_src_datasets
872,544.4228079319,1.0,1735715507.264004,,0.0,1.0,0.001,1,16,40x40,PrototypicalNetwork,5,5,Egyptian,Greek,False,1,4000,2,exp1_permuted_src_datasets
873,544.4396357536316,1.0,1735715507.2808318,,0.0,1.0,0.001,1,16,40x40,PrototypicalNetwork,5,5,Egyptian,Greek,False,1,4000,2,exp1_permuted_src_datasets
874,544.458557844162,1.0,1735715507.299754,,0.0,1.0,0.001,1,16,40x40,PrototypicalNetwork,5,5,Egyptian,Greek,False,1,4000,2,exp1_permuted_src_datasets
875,544.4751846790314,1.0,1735715507.3163807,,0.0,1.0,0.001,1,16,40x40,PrototypicalNetwork,5,5,Egyptian,Greek,False,1,4000,2,exp1_permuted_src_datasets
876,544.4918868541718,1.0,1735715507.333083,,0.0,1.0,0.001,1,16,40x40,PrototypicalNetwork,5,5,Egyptian,Greek,False,1,4000,2,exp1_permuted_src_datasets
877,544.5081565380096,1.0,1735715507.3493526,,0.0,1.0,0.001,1,16,40x40,PrototypicalNetwork,5,5,Egyptian,Greek,False,1,4000,2,exp1_permuted_src_datasets
878,544.5243706703186,1.0,1735715507.3655667,,0.0,1.0,0.001,1,16,40x40,PrototypicalNetwork,5,5,Egyptian,Greek,False,1,4000,2,exp1_permuted_src_datasets
879,544.5408933162689,1.0,1735715507.3820894,,0.0,1.0,0.001,1,16,40x40,PrototypicalNetwork,5,5,Egyptian,Greek,False,1,4000,2,exp1_permuted_src_datasets
880,544.5572090148926,1.0,1735715507.398405,,0.0,1.0,0.001,1,16,40x40,PrototypicalNetwork,5,5,Egyptian,Greek,False,1,4000,2,exp1_permuted_src_datasets
881,544.5735199451447,1.0,1735715507.414716,,0.0,1.0,0.001,1,16,40x40,PrototypicalNetwork,5,5,Egyptian,Greek,False,1,4000,2,exp1_permuted_src_datasets
882,544.5899209976196,1.0,1735715507.431117,,0.0,1.0,0.001,1,16,40x40,PrototypicalNetwork,5,5,Egyptian,Greek,False,1,4000,2,exp1_permuted_src_datasets
883,544.6062211990356,1.0,1735715507.4474173,,0.0,1.0,0.001,1,16,40x40,PrototypicalNetwork,5,5,Egyptian,Greek,False,1,4000,2,exp1_permuted_src_datasets
884,544.6226692199707,1.0,1735715507.4638653,,0.0,1.0,0.001,1,16,40x40,PrototypicalNetwork,5,5,Egyptian,Greek,False,1,4000,2,exp1_permuted_src_datasets
885,579.7913057804108,1.0,1735715542.6325018,0.6997000005245209,,,0.001,1,16,40x40,PrototypicalNetwork,5,5,Egyptian,Greek,False,1,4000,2,exp1_permuted_src_datasets
886,579.8044490814209,1.0,1735715542.6456451,,0.0,1.0,0.001,1,16,40x40,PrototypicalNetwork,5,5,Egyptian,Greek,False,1,4000,2,exp1_permuted_src_datasets
887,579.821914434433,1.0,1735715542.6631105,,0.0,1.0,0.001,1,16,40x40,PrototypicalNetwork,5,5,Egyptian,Greek,False,1,4000,2,exp1_permuted_src_datasets
888,579.8384759426117,1.0,1735715542.679672,,0.0,1.0,0.001,1,16,40x40,PrototypicalNetwork,5,5,Egyptian,Greek,False,1,4000,2,exp1_permuted_src_datasets
889,579.8550894260406,1.0,1735715542.6962855,,0.0,1.0,0.001,1,16,40x40,PrototypicalNetwork,5,5,Egyptian,Greek,False,1,4000,2,exp1_permuted_src_datasets
890,579.8709497451782,1.0,1735715542.7121458,,0.0,1.0,0.001,1,16,40x40,PrototypicalNetwork,5,5,Egyptian,Greek,False,1,4000,2,exp1_permuted_src_datasets
891,579.8871784210205,1.0,1735715542.7283745,,0.0,1.0,0.001,1,16,40x40,PrototypicalNetwork,5,5,Egyptian,Greek,False,1,4000,2,exp1_permuted_src_datasets
892,579.9030878543854,1.0,1735715542.744284,,0.0,1.0,0.001,1,16,40x40,PrototypicalNetwork,5,5,Egyptian,Greek,False,1,4000,2,exp1_permuted_src_datasets
893,579.9188914299011,1.0,1735715542.7600875,,0.0,1.0,0.001,1,16,40x40,PrototypicalNetwork,5,5,Egyptian,Greek,False,1,4000,2,exp1_permuted_src_datasets
894,579.9358367919922,1.0,1735715542.7770329,,0.0,1.0,0.001,1,16,40x40,PrototypicalNetwork,5,5,Egyptian,Greek,False,1,4000,2,exp1_permuted_src_datasets
895,579.9518990516663,1.0,1735715542.793095,,0.0,1.0,0.001,1,16,40x40,PrototypicalNetwork,5,5,Egyptian,Greek,False,1,4000,2,exp1_permuted_src_datasets
896,579.9682762622833,1.0,1735715542.8094723,,0.0,1.0,0.001,1,16,40x40,PrototypicalNetwork,5,5,Egyptian,Greek,False,1,4000,2,exp1_permuted_src_datasets
897,579.9844663143158,1.0,1735715542.8256624,,0.0,1.0,0.001,1,16,40x40,PrototypicalNetwork,5,5,Egyptian,Greek,False,1,4000,2,exp1_permuted_src_datasets
898,580.0006551742554,1.0,1735715542.8418512,,0.0,1.0,0.001,1,16,40x40,PrototypicalNetwork,5,5,Egyptian,Greek,False,1,4000,2,exp1_permuted_src_datasets
899,580.0169265270233,1.0,1735715542.8581226,,0.0,1.0,0.001,1,16,40x40,PrototypicalNetwork,5,5,Egyptian,Greek,False,1,4000,2,exp1_permuted_src_datasets
900,580.0334641933441,1.0,1735715542.8746603,,0.0,1.0,0.001,1,16,40x40,PrototypicalNetwork,5,5,Egyptian,Greek,False,1,4000,2,exp1_permuted_src_datasets
901,580.0499775409698,1.0,1735715542.8911736,,0.0,1.0,0.001,1,16,40x40,PrototypicalNetwork,5,5,Egyptian,Greek,False,1,4000,2,exp1_permuted_src_datasets
902,580.0662357807159,1.0,1735715542.9074318,,0.0,1.0,0.001,1,16,40x40,PrototypicalNetwork,5,5,Egyptian,Greek,False,1,4000,2,exp1_permuted_src_datasets
903,580.0823795795441,1.0,1735715542.9235756,,0.0,1.0,0.001,1,16,40x40,PrototypicalNetwork,5,5,Egyptian,Greek,False,1,4000,2,exp1_permuted_src_datasets
904,580.0985825061798,1.0,1735715542.9397786,,0.0,1.0,0.001,1,16,40x40,PrototypicalNetwork,5,5,Egyptian,Greek,False,1,4000,2,exp1_permuted_src_datasets
905,580.1147081851959,1.0,1735715542.9559042,,0.0,1.0,0.001,1,16,40x40,PrototypicalNetwork,5,5,Egyptian,Greek,False,1,4000,2,exp1_permuted_src_datasets
906,580.13170170784,1.0,1735715542.9728978,,0.0,1.0,0.001,1,16,40x40,PrototypicalNetwork,5,5,Egyptian,Greek,False,1,4000,2,exp1_permuted_src_datasets
907,580.1486451625824,1.0,1735715542.9898412,,0.0,1.0,0.001,1,16,40x40,PrototypicalNetwork,5,5,Egyptian,Greek,False,1,4000,2,exp1_permuted_src_datasets
908,580.1649949550629,1.0,1735715543.006191,,0.0,1.0,0.001,1,16,40x40,PrototypicalNetwork,5,5,Egyptian,Greek,False,1,4000,2,exp1_permuted_src_datasets
909,580.1812796592712,1.0,1735715543.0224757,,0.0,1.0,0.001,1,16,40x40,PrototypicalNetwork,5,5,Egyptian,Greek,False,1,4000,2,exp1_permuted_src_datasets
910,580.1984250545502,1.0,1735715543.039621,,0.0,1.0,0.001,1,16,40x40,PrototypicalNetwork,5,5,Egyptian,Greek,False,1,4000,2,exp1_permuted_src_datasets
911,580.2155954837799,1.0,1735715543.0567915,,0.0,1.0,0.001,1,16,40x40,PrototypicalNetwork,5,5,Egyptian,Greek,False,1,4000,2,exp1_permuted_src_datasets
912,580.2314445972443,1.0,1735715543.0726407,,0.0,1.0,0.001,1,16,40x40,PrototypicalNetwork,5,5,Egyptian,Greek,False,1,4000,2,exp1_permuted_src_datasets
913,580.2478065490723,1.0,1735715543.0890026,,0.0,1.0,0.001,1,16,40x40,PrototypicalNetwork,5,5,Egyptian,Greek,False,1,4000,2,exp1_permuted_src_datasets
914,580.2663791179657,1.0,1735715543.1075752,,0.0,1.0,0.001,1,16,40x40,PrototypicalNetwork,5,5,Egyptian,Greek,False,1,4000,2,exp1_permuted_src_datasets
915,580.2829358577728,1.0,1735715543.124132,,0.0,1.0,0.001,1,16,40x40,PrototypicalNetwork,5,5,Egyptian,Greek,False,1,4000,2,exp1_permuted_src_datasets
916,580.2999486923218,1.0,1735715543.1411448,,0.0,1.0,0.001,1,16,40x40,PrototypicalNetwork,5,5,Egyptian,Greek,False,1,4000,2,exp1_permuted_src_datasets
917,580.3274827003479,1.0,1735715543.1686788,,0.0,1.0,0.001,1,16,40x40,PrototypicalNetwork,5,5,Egyptian,Greek,False,1,4000,2,exp1_permuted_src_datasets
918,580.3441228866577,1.0,1735715543.185319,,0.0,1.0,0.001,1,16,40x40,PrototypicalNetwork,5,5,Egyptian,Greek,False,1,4000,2,exp1_permuted_src_datasets
919,580.3613276481628,1.0,1735715543.2025237,,0.0,1.0,0.001,1,16,40x40,PrototypicalNetwork,5,5,Egyptian,Greek,False,1,4000,2,exp1_permuted_src_datasets
920,580.3785448074341,1.0,1735715543.2197409,,0.0,1.0,0.001,1,16,40x40,PrototypicalNetwork,5,5,Egyptian,Greek,False,1,4000,2,exp1_permuted_src_datasets
921,580.3944184780121,1.0,1735715543.2356145,,0.0,1.0,0.001,1,16,40x40,PrototypicalNetwork,5,5,Egyptian,Greek,False,1,4000,2,exp1_permuted_src_datasets
922,580.411374092102,1.0,1735715543.2525702,,0.0,1.0,0.001,1,16,40x40,PrototypicalNetwork,5,5,Egyptian,Greek,False,1,4000,2,exp1_permuted_src_datasets
923,580.4276587963104,1.0,1735715543.2688549,,0.0,1.0,0.001,1,16,40x40,PrototypicalNetwork,5,5,Egyptian,Greek,False,1,4000,2,exp1_permuted_src_datasets
924,580.443900346756,1.0,1735715543.2850964,,0.0,1.0,0.001,1,16,40x40,PrototypicalNetwork,5,5,Egyptian,Greek,False,1,4000,2,exp1_permuted_src_datasets
925,580.4610188007355,1.0,1735715543.3022149,,0.0,1.0,0.001,1,16,40x40,PrototypicalNetwork,5,5,Egyptian,Greek,False,1,4000,2,exp1_permuted_src_datasets
926,580.477680683136,1.0,1735715543.3188767,,0.0,1.0,0.001,1,16,40x40,PrototypicalNetwork,5,5,Egyptian,Greek,False,1,4000,2,exp1_permuted_src_datasets
927,580.494936466217,1.0,1735715543.3361325,,0.0,1.0,0.001,1,16,40x40,PrototypicalNetwork,5,5,Egyptian,Greek,False,1,4000,2,exp1_permuted_src_datasets
928,580.5119469165802,1.0,1735715543.353143,,0.0,1.0,0.001,1,16,40x40,PrototypicalNetwork,5,5,Egyptian,Greek,False,1,4000,2,exp1_permuted_src_datasets
929,580.5283215045929,1.0,1735715543.3695176,,0.0,1.0,0.001,1,16,40x40,PrototypicalNetwork,5,5,Egyptian,Greek,False,1,4000,2,exp1_permuted_src_datasets
930,580.54496717453,1.0,1735715543.3861632,,0.0,1.0,0.001,1,16,40x40,PrototypicalNetwork,5,5,Egyptian,Greek,False,1,4000,2,exp1_permuted_src_datasets
931,580.5613162517548,1.0,1735715543.4025123,,0.0,1.0,0.001,1,16,40x40,PrototypicalNetwork,5,5,Egyptian,Greek,False,1,4000,2,exp1_permuted_src_datasets
932,580.5776782035828,1.0,1735715543.4188743,,0.0,1.0,0.001,1,16,40x40,PrototypicalNetwork,5,5,Egyptian,Greek,False,1,4000,2,exp1_permuted_src_datasets
933,580.5939092636108,1.0,1735715543.4351053,,0.0,1.0,0.001,1,16,40x40,PrototypicalNetwork,5,5,Egyptian,Greek,False,1,4000,2,exp1_permuted_src_datasets
934,580.6101338863373,1.0,1735715543.45133,,0.0,1.0,0.001,1,16,40x40,PrototypicalNetwork,5,5,Egyptian,Greek,False,1,4000,2,exp1_permuted_src_datasets
935,580.6263711452484,1.0,1735715543.4675672,,0.0,1.0,0.001,1,16,40x40,PrototypicalNetwork,5,5,Egyptian,Greek,False,1,4000,2,exp1_permuted_src_datasets
936,580.6427035331726,1.0,1735715543.4838996,,0.0,1.0,0.001,1,16,40x40,PrototypicalNetwork,5,5,Egyptian,Greek,False,1,4000,2,exp1_permuted_src_datasets
937,580.6591191291809,1.0,1735715543.5003152,,0.0,1.0,0.001,1,16,40x40,PrototypicalNetwork,5,5,Egyptian,Greek,False,1,4000,2,exp1_permuted_src_datasets
938,580.6756036281586,1.0,1735715543.5167997,,0.0,1.0,0.001,1,16,40x40,PrototypicalNetwork,5,5,Egyptian,Greek,False,1,4000,2,exp1_permuted_src_datasets
939,580.6919782161713,1.0,1735715543.5331743,,0.0,1.0,0.001,1,16,40x40,PrototypicalNetwork,5,5,Egyptian,Greek,False,1,4000,2,exp1_permuted_src_datasets
940,580.7083842754364,1.0,1735715543.5495803,,0.0,1.0,0.001,1,16,40x40,PrototypicalNetwork,5,5,Egyptian,Greek,False,1,4000,2,exp1_permuted_src_datasets
941,580.7245833873749,1.0,1735715543.5657794,,0.0,1.0,0.001,1,16,40x40,PrototypicalNetwork,5,5,Egyptian,Greek,False,1,4000,2,exp1_permuted_src_datasets
942,580.7410972118378,1.0,1735715543.5822933,,0.0,1.0,0.001,1,16,40x40,PrototypicalNetwork,5,5,Egyptian,Greek,False,1,4000,2,exp1_permuted_src_datasets
943,580.7576191425323,1.0,1735715543.5988152,,0.0,1.0,0.001,1,16,40x40,PrototypicalNetwork,5,5,Egyptian,Greek,False,1,4000,2,exp1_permuted_src_datasets
944,580.7740750312805,1.0,1735715543.615271,,0.0,1.0,0.001,1,16,40x40,PrototypicalNetwork,5,5,Egyptian,Greek,False,1,4000,2,exp1_permuted_src_datasets
945,580.7908339500427,1.0,1735715543.63203,,0.0,1.0,0.001,1,16,40x40,PrototypicalNetwork,5,5,Egyptian,Greek,False,1,4000,2,exp1_permuted_src_datasets
946,580.8148436546326,1.0,1735715543.6560397,,0.0,1.0,0.001,1,16,40x40,PrototypicalNetwork,5,5,Egyptian,Greek,False,1,4000,2,exp1_permuted_src_datasets
947,580.8321166038513,1.0,1735715543.6733127,,0.0,1.0,0.001,1,16,40x40,PrototypicalNetwork,5,5,Egyptian,Greek,False,1,4000,2,exp1_permuted_src_datasets
948,616.2607002258301,1.0,1735715579.1018963,0.6830999991893768,,,0.001,1,16,40x40,PrototypicalNetwork,5,5,Egyptian,Greek,False,1,4000,2,exp1_permuted_src_datasets
949,616.2730023860931,1.0,1735715579.1141984,,0.0,1.0,0.001,1,16,40x40,PrototypicalNetwork,5,5,Egyptian,Greek,False,1,4000,2,exp1_permuted_src_datasets
950,616.2901911735535,1.0,1735715579.1313872,,0.0,1.0,0.001,1,16,40x40,PrototypicalNetwork,5,5,Egyptian,Greek,False,1,4000,2,exp1_permuted_src_datasets
951,616.3086810112,1.0,1735715579.149877,,0.0,1.0,0.001,1,16,40x40,PrototypicalNetwork,5,5,Egyptian,Greek,False,1,4000,2,exp1_permuted_src_datasets
952,616.3253417015076,1.0,1735715579.1665378,,0.0,1.0,0.001,1,16,40x40,PrototypicalNetwork,5,5,Egyptian,Greek,False,1,4000,2,exp1_permuted_src_datasets
953,616.3416819572449,1.0,1735715579.182878,,0.0,1.0,0.001,1,16,40x40,PrototypicalNetwork,5,5,Egyptian,Greek,False,1,4000,2,exp1_permuted_src_datasets
954,616.3587031364441,1.0,1735715579.1998992,,0.0,1.0,0.001,1,16,40x40,PrototypicalNetwork,5,5,Egyptian,Greek,False,1,4000,2,exp1_permuted_src_datasets
955,616.3753459453583,1.0,1735715579.216542,,0.0,1.0,0.001,1,16,40x40,PrototypicalNetwork,5,5,Egyptian,Greek,False,1,4000,2,exp1_permuted_src_datasets
956,616.3937001228333,1.0,1735715579.2348962,,0.0,1.0,0.001,1,16,40x40,PrototypicalNetwork,5,5,Egyptian,Greek,False,1,4000,2,exp1_permuted_src_datasets
957,616.4132933616638,1.0,1735715579.2544894,,0.0,1.0,0.001,1,16,40x40,PrototypicalNetwork,5,5,Egyptian,Greek,False,1,4000,2,exp1_permuted_src_datasets
958,616.4300031661987,1.0,1735715579.2711992,,0.0,1.0,0.001,1,16,40x40,PrototypicalNetwork,5,5,Egyptian,Greek,False,1,4000,2,exp1_permuted_src_datasets
959,616.4476687908173,1.0,1735715579.2888649,,0.0,1.0,0.001,1,16,40x40,PrototypicalNetwork,5,5,Egyptian,Greek,False,1,4000,2,exp1_permuted_src_datasets
960,616.4641726016998,1.0,1735715579.3053687,,0.0,1.0,0.001,1,16,40x40,PrototypicalNetwork,5,5,Egyptian,Greek,False,1,4000,2,exp1_permuted_src_datasets
961,616.4806027412415,1.0,1735715579.3217988,,0.0,1.0,0.001,1,16,40x40,PrototypicalNetwork,5,5,Egyptian,Greek,False,1,4000,2,exp1_permuted_src_datasets
962,616.4979784488678,1.0,1735715579.3391745,,0.0,1.0,0.001,1,16,40x40,PrototypicalNetwork,5,5,Egyptian,Greek,False,1,4000,2,exp1_permuted_src_datasets
963,616.5146324634552,1.0,1735715579.3558285,,0.0,1.0,0.001,1,16,40x40,PrototypicalNetwork,5,5,Egyptian,Greek,False,1,4000,2,exp1_permuted_src_datasets
964,616.5309133529663,1.0,1735715579.3721094,,0.0,1.0,0.001,1,16,40x40,PrototypicalNetwork,5,5,Egyptian,Greek,False,1,4000,2,exp1_permuted_src_datasets
965,616.548492193222,1.0,1735715579.3896883,,0.0,1.0,0.001,1,16,40x40,PrototypicalNetwork,5,5,Egyptian,Greek,False,1,4000,2,exp1_permuted_src_datasets
966,616.5654351711273,1.0,1735715579.4066312,,0.0,1.0,0.001,1,16,40x40,PrototypicalNetwork,5,5,Egyptian,Greek,False,1,4000,2,exp1_permuted_src_datasets
967,616.5819323062897,1.0,1735715579.4231284,,0.0,1.0,0.001,1,16,40x40,PrototypicalNetwork,5,5,Egyptian,Greek,False,1,4000,2,exp1_permuted_src_datasets
968,616.5981023311615,1.0,1735715579.4392984,,0.0,1.0,0.001,1,16,40x40,PrototypicalNetwork,5,5,Egyptian,Greek,False,1,4000,2,exp1_permuted_src_datasets
969,616.6143176555634,1.0,1735715579.4555137,,0.0,1.0,0.001,1,16,40x40,PrototypicalNetwork,5,5,Egyptian,Greek,False,1,4000,2,exp1_permuted_src_datasets
970,616.6313743591309,1.0,1735715579.4725704,,0.0,1.0,0.001,1,16,40x40,PrototypicalNetwork,5,5,Egyptian,Greek,False,1,4000,2,exp1_permuted_src_datasets
971,616.6481499671936,1.0,1735715579.489346,,0.0,1.0,0.001,1,16,40x40,PrototypicalNetwork,5,5,Egyptian,Greek,False,1,4000,2,exp1_permuted_src_datasets
972,616.664281129837,1.0,1735715579.5054772,,0.0,1.0,0.001,1,16,40x40,PrototypicalNetwork,5,5,Egyptian,Greek,False,1,4000,2,exp1_permuted_src_datasets
973,616.6806790828705,1.0,1735715579.5218751,,0.0,1.0,0.001,1,16,40x40,PrototypicalNetwork,5,5,Egyptian,Greek,False,1,4000,2,exp1_permuted_src_datasets
974,616.6974465847015,1.0,1735715579.5386426,,0.0,1.0,0.001,1,16,40x40,PrototypicalNetwork,5,5,Egyptian,Greek,False,1,4000,2,exp1_permuted_src_datasets
975,616.7140216827393,1.0,1735715579.5552177,,0.0,1.0,0.001,1,16,40x40,PrototypicalNetwork,5,5,Egyptian,Greek,False,1,4000,2,exp1_permuted_src_datasets
976,616.7444574832916,1.0,1735715579.5856535,,0.0,1.0,0.001,1,16,40x40,PrototypicalNetwork,5,5,Egyptian,Greek,False,1,4000,2,exp1_permuted_src_datasets
977,616.7627725601196,1.0,1735715579.6039686,,0.0,1.0,0.001,1,16,40x40,PrototypicalNetwork,5,5,Egyptian,Greek,False,1,4000,2,exp1_permuted_src_datasets
978,616.7787466049194,1.0,1735715579.6199427,,0.0,1.0,0.001,1,16,40x40,PrototypicalNetwork,5,5,Egyptian,Greek,False,1,4000,2,exp1_permuted_src_datasets
979,616.7954654693604,1.0,1735715579.6366615,,0.0,1.0,0.001,1,16,40x40,PrototypicalNetwork,5,5,Egyptian,Greek,False,1,4000,2,exp1_permuted_src_datasets
980,616.812105178833,1.0,1735715579.6533012,,0.0,1.0,0.001,1,16,40x40,PrototypicalNetwork,5,5,Egyptian,Greek,False,1,4000,2,exp1_permuted_src_datasets
981,616.8290357589722,1.0,1735715579.6702318,,0.0,1.0,0.001,1,16,40x40,PrototypicalNetwork,5,5,Egyptian,Greek,False,1,4000,2,exp1_permuted_src_datasets
982,616.8451683521271,1.0,1735715579.6863644,,0.0,1.0,0.001,1,16,40x40,PrototypicalNetwork,5,5,Egyptian,Greek,False,1,4000,2,exp1_permuted_src_datasets
983,616.861403465271,1.0,1735715579.7025995,,0.0,1.0,0.001,1,16,40x40,PrototypicalNetwork,5,5,Egyptian,Greek,False,1,4000,2,exp1_permuted_src_datasets
984,616.8774797916412,1.0,1735715579.7186759,,0.0,1.0,0.001,1,16,40x40,PrototypicalNetwork,5,5,Egyptian,Greek,False,1,4000,2,exp1_permuted_src_datasets
985,616.8937163352966,1.0,1735715579.7349124,,0.0,1.0,0.001,1,16,40x40,PrototypicalNetwork,5,5,Egyptian,Greek,False,1,4000,2,exp1_permuted_src_datasets
986,616.9112746715546,1.0,1735715579.7524707,,0.0,1.0,0.001,1,16,40x40,PrototypicalNetwork,5,5,Egyptian,Greek,False,1,4000,2,exp1_permuted_src_datasets
987,616.9279239177704,1.0,1735715579.76912,,0.0,1.0,0.001,1,16,40x40,PrototypicalNetwork,5,5,Egyptian,Greek,False,1,4000,2,exp1_permuted_src_datasets
988,616.9463016986847,1.0,1735715579.7874978,,0.0,1.0,0.001,1,16,40x40,PrototypicalNetwork,5,5,Egyptian,Greek,False,1,4000,2,exp1_permuted_src_datasets
989,616.9631338119507,1.0,1735715579.8043299,,0.0,1.0,0.001,1,16,40x40,PrototypicalNetwork,5,5,Egyptian,Greek,False,1,4000,2,exp1_permuted_src_datasets
990,616.9799327850342,1.0,1735715579.8211288,,0.0,1.0,0.001,1,16,40x40,PrototypicalNetwork,5,5,Egyptian,Greek,False,1,4000,2,exp1_permuted_src_datasets
991,616.9966490268707,1.0,1735715579.837845,,0.0,1.0,0.001,1,16,40x40,PrototypicalNetwork,5,5,Egyptian,Greek,False,1,4000,2,exp1_permuted_src_datasets
992,617.0134496688843,1.0,1735715579.8546457,,0.0,1.0,0.001,1,16,40x40,PrototypicalNetwork,5,5,Egyptian,Greek,False,1,4000,2,exp1_permuted_src_datasets
993,617.0297148227692,1.0,1735715579.870911,,0.0,1.0,0.001,1,16,40x40,PrototypicalNetwork,5,5,Egyptian,Greek,False,1,4000,2,exp1_permuted_src_datasets
994,617.0465641021729,1.0,1735715579.8877602,,0.0,1.0,0.001,1,16,40x40,PrototypicalNetwork,5,5,Egyptian,Greek,False,1,4000,2,exp1_permuted_src_datasets
995,617.0627956390381,1.0,1735715579.9039917,,0.0,1.0,0.001,1,16,40x40,PrototypicalNetwork,5,5,Egyptian,Greek,False,1,4000,2,exp1_permuted_src_datasets
996,617.0788373947144,1.0,1735715579.9200335,,0.0,1.0,0.001,1,16,40x40,PrototypicalNetwork,5,5,Egyptian,Greek,False,1,4000,2,exp1_permuted_src_datasets
997,617.0952384471893,1.0,1735715579.9364345,,0.0,1.0,0.001,1,16,40x40,PrototypicalNetwork,5,5,Egyptian,Greek,False,1,4000,2,exp1_permuted_src_datasets
998,617.1116926670074,1.0,1735715579.9528887,,0.0,1.0,0.001,1,16,40x40,PrototypicalNetwork,5,5,Egyptian,Greek,False,1,4000,2,exp1_permuted_src_datasets
999,617.1286082267761,1.0,1735715579.9698043,,0.0,1.0,0.001,1,16,40x40,PrototypicalNetwork,5,5,Egyptian,Greek,False,1,4000,2,exp1_permuted_src_datasets
1000,617.145040512085,1.0,1735715579.9862366,,0.0,1.0,0.001,1,16,40x40,PrototypicalNetwork,5,5,Egyptian,Greek,False,1,4000,2,exp1_permuted_src_datasets
1001,617.161379814148,1.0,1735715580.0025759,,0.0,1.0,0.001,1,16,40x40,PrototypicalNetwork,5,5,Egyptian,Greek,False,1,4000,2,exp1_permuted_src_datasets
1002,617.1780533790588,1.0,1735715580.0192494,,0.0,1.0,0.001,1,16,40x40,PrototypicalNetwork,5,5,Egyptian,Greek,False,1,4000,2,exp1_permuted_src_datasets
1003,617.1942236423492,1.0,1735715580.0354197,,0.0,1.0,0.001,1,16,40x40,PrototypicalNetwork,5,5,Egyptian,Greek,False,1,4000,2,exp1_permuted_src_datasets
1004,617.2118701934814,1.0,1735715580.0530663,,0.0,1.0,0.001,1,16,40x40,PrototypicalNetwork,5,5,Egyptian,Greek,False,1,4000,2,exp1_permuted_src_datasets
1005,617.2283327579498,1.0,1735715580.0695288,,0.0,1.0,0.001,1,16,40x40,PrototypicalNetwork,5,5,Egyptian,Greek,False,1,4000,2,exp1_permuted_src_datasets
1006,617.2443242073059,1.0,1735715580.0855203,,0.0,1.0,0.001,1,16,40x40,PrototypicalNetwork,5,5,Egyptian,Greek,False,1,4000,2,exp1_permuted_src_datasets
1007,617.2603681087494,1.0,1735715580.1015642,,0.0,1.0,0.001,1,16,40x40,PrototypicalNetwork,5,5,Egyptian,Greek,False,1,4000,2,exp1_permuted_src_datasets
1008,617.2763547897339,1.0,1735715580.1175508,,0.0,1.0,0.001,1,16,40x40,PrototypicalNetwork,5,5,Egyptian,Greek,False,1,4000,2,exp1_permuted_src_datasets
1009,617.2945177555084,1.0,1735715580.1357138,,0.0,1.0,0.001,1,16,40x40,PrototypicalNetwork,5,5,Egyptian,Greek,False,1,4000,2,exp1_permuted_src_datasets
1010,617.3107025623322,1.0,1735715580.1518986,,0.0,1.0,0.001,1,16,40x40,PrototypicalNetwork,5,5,Egyptian,Greek,False,1,4000,2,exp1_permuted_src_datasets
1011,652.2440810203552,1.0,1735715615.085277,0.677000002026558,,,0.001,1,16,40x40,PrototypicalNetwork,5,5,Egyptian,Greek,False,1,4000,2,exp1_permuted_src_datasets
1012,652.2576115131378,1.0,1735715615.0988076,,0.0,1.0,0.001,1,16,40x40,PrototypicalNetwork,5,5,Egyptian,Greek,False,1,4000,2,exp1_permuted_src_datasets
1013,652.2743875980377,1.0,1735715615.1155837,,0.0,1.0,0.001,1,16,40x40,PrototypicalNetwork,5,5,Egyptian,Greek,False,1,4000,2,exp1_permuted_src_datasets
1014,652.2909259796143,1.0,1735715615.132122,,0.0,1.0,0.001,1,16,40x40,PrototypicalNetwork,5,5,Egyptian,Greek,False,1,4000,2,exp1_permuted_src_datasets
1015,652.307119846344,1.0,1735715615.148316,,0.0,1.0,0.001,1,16,40x40,PrototypicalNetwork,5,5,Egyptian,Greek,False,1,4000,2,exp1_permuted_src_datasets
1016,652.3232688903809,1.0,1735715615.164465,,0.0,1.0,0.001,1,16,40x40,PrototypicalNetwork,5,5,Egyptian,Greek,False,1,4000,2,exp1_permuted_src_datasets
1017,652.3393156528473,1.0,1735715615.1805117,,0.0,1.0,0.001,1,16,40x40,PrototypicalNetwork,5,5,Egyptian,Greek,False,1,4000,2,exp1_permuted_src_datasets
1018,652.3555660247803,1.0,1735715615.196762,,0.0,1.0,0.001,1,16,40x40,PrototypicalNetwork,5,5,Egyptian,Greek,False,1,4000,2,exp1_permuted_src_datasets
1019,652.3715426921844,1.0,1735715615.2127388,,0.0,1.0,0.001,1,16,40x40,PrototypicalNetwork,5,5,Egyptian,Greek,False,1,4000,2,exp1_permuted_src_datasets
1020,652.3873918056488,1.0,1735715615.2285879,,0.0,1.0,0.001,1,16,40x40,PrototypicalNetwork,5,5,Egyptian,Greek,False,1,4000,2,exp1_permuted_src_datasets
1021,652.4035122394562,1.0,1735715615.2447083,,0.0,1.0,0.001,1,16,40x40,PrototypicalNetwork,5,5,Egyptian,Greek,False,1,4000,2,exp1_permuted_src_datasets
1022,652.4193704128265,1.0,1735715615.2605665,,0.0,1.0,0.001,1,16,40x40,PrototypicalNetwork,5,5,Egyptian,Greek,False,1,4000,2,exp1_permuted_src_datasets
1023,652.4351575374603,1.0,1735715615.2763536,,0.0,1.0,0.001,1,16,40x40,PrototypicalNetwork,5,5,Egyptian,Greek,False,1,4000,2,exp1_permuted_src_datasets
1024,652.4521586894989,1.0,1735715615.2933547,,0.0,1.0,0.001,1,16,40x40,PrototypicalNetwork,5,5,Egyptian,Greek,False,1,4000,2,exp1_permuted_src_datasets
1025,652.4685170650482,1.0,1735715615.3097131,,0.0,1.0,0.001,1,16,40x40,PrototypicalNetwork,5,5,Egyptian,Greek,False,1,4000,2,exp1_permuted_src_datasets
1026,652.4850206375122,1.0,1735715615.3262167,,0.0,1.0,0.001,1,16,40x40,PrototypicalNetwork,5,5,Egyptian,Greek,False,1,4000,2,exp1_permuted_src_datasets
1027,652.5010075569153,1.0,1735715615.3422036,,0.0,1.0,0.001,1,16,40x40,PrototypicalNetwork,5,5,Egyptian,Greek,False,1,4000,2,exp1_permuted_src_datasets
1028,652.5172550678253,1.0,1735715615.3584511,,0.0,1.0,0.001,1,16,40x40,PrototypicalNetwork,5,5,Egyptian,Greek,False,1,4000,2,exp1_permuted_src_datasets
1029,652.5479507446289,1.0,1735715615.3891468,,0.0,1.0,0.001,1,16,40x40,PrototypicalNetwork,5,5,Egyptian,Greek,False,1,4000,2,exp1_permuted_src_datasets
1030,652.5653052330017,1.0,1735715615.4065013,,0.0,1.0,0.001,1,16,40x40,PrototypicalNetwork,5,5,Egyptian,Greek,False,1,4000,2,exp1_permuted_src_datasets
1031,652.5812466144562,1.0,1735715615.4224427,,0.0,1.0,0.001,1,16,40x40,PrototypicalNetwork,5,5,Egyptian,Greek,False,1,4000,2,exp1_permuted_src_datasets
1032,652.5970883369446,1.0,1735715615.4382844,,0.0,1.0,0.001,1,16,40x40,PrototypicalNetwork,5,5,Egyptian,Greek,False,1,4000,2,exp1_permuted_src_datasets
1033,652.6133408546448,1.0,1735715615.454537,,0.0,1.0,0.001,1,16,40x40,PrototypicalNetwork,5,5,Egyptian,Greek,False,1,4000,2,exp1_permuted_src_datasets
1034,652.629585981369,1.0,1735715615.470782,,0.0,1.0,0.001,1,16,40x40,PrototypicalNetwork,5,5,Egyptian,Greek,False,1,4000,2,exp1_permuted_src_datasets
1035,652.6457750797272,1.0,1735715615.4869711,,0.0,1.0,0.001,1,16,40x40,PrototypicalNetwork,5,5,Egyptian,Greek,False,1,4000,2,exp1_permuted_src_datasets
1036,652.6620166301727,1.0,1735715615.5032127,,0.0,1.0,0.001,1,16,40x40,PrototypicalNetwork,5,5,Egyptian,Greek,False,1,4000,2,exp1_permuted_src_datasets
1037,652.6780922412872,1.0,1735715615.5192883,,0.0,1.0,0.001,1,16,40x40,PrototypicalNetwork,5,5,Egyptian,Greek,False,1,4000,2,exp1_permuted_src_datasets
1038,652.6946349143982,1.0,1735715615.535831,,0.0,1.0,0.001,1,16,40x40,PrototypicalNetwork,5,5,Egyptian,Greek,False,1,4000,2,exp1_permuted_src_datasets
1039,652.7106430530548,1.0,1735715615.551839,,0.0,1.0,0.001,1,16,40x40,PrototypicalNetwork,5,5,Egyptian,Greek,False,1,4000,2,exp1_permuted_src_datasets
1040,652.7268891334534,1.0,1735715615.5680852,,0.0,1.0,0.001,1,16,40x40,PrototypicalNetwork,5,5,Egyptian,Greek,False,1,4000,2,exp1_permuted_src_datasets
1041,652.7430000305176,1.0,1735715615.584196,,0.0,1.0,0.001,1,16,40x40,PrototypicalNetwork,5,5,Egyptian,Greek,False,1,4000,2,exp1_permuted_src_datasets
1042,652.7590184211731,1.0,1735715615.6002145,,0.0,1.0,0.001,1,16,40x40,PrototypicalNetwork,5,5,Egyptian,Greek,False,1,4000,2,exp1_permuted_src_datasets
1043,652.775194644928,1.0,1735715615.6163907,,0.0,1.0,0.001,1,16,40x40,PrototypicalNetwork,5,5,Egyptian,Greek,False,1,4000,2,exp1_permuted_src_datasets
1044,652.7946538925171,1.0,1735715615.63585,,0.0,1.0,0.001,1,16,40x40,PrototypicalNetwork,5,5,Egyptian,Greek,False,1,4000,2,exp1_permuted_src_datasets
1045,652.8106260299683,1.0,1735715615.651822,,0.0,1.0,0.001,1,16,40x40,PrototypicalNetwork,5,5,Egyptian,Greek,False,1,4000,2,exp1_permuted_src_datasets
1046,652.8277373313904,1.0,1735715615.6689334,,0.0,1.0,0.001,1,16,40x40,PrototypicalNetwork,5,5,Egyptian,Greek,False,1,4000,2,exp1_permuted_src_datasets
1047,652.8437519073486,1.0,1735715615.684948,,0.0,1.0,0.001,1,16,40x40,PrototypicalNetwork,5,5,Egyptian,Greek,False,1,4000,2,exp1_permuted_src_datasets
1048,652.8615102767944,1.0,1735715615.7027063,,0.0,1.0,0.001,1,16,40x40,PrototypicalNetwork,5,5,Egyptian,Greek,False,1,4000,2,exp1_permuted_src_datasets
1049,652.8777453899384,1.0,1735715615.7189415,,0.0,1.0,0.001,1,16,40x40,PrototypicalNetwork,5,5,Egyptian,Greek,False,1,4000,2,exp1_permuted_src_datasets
1050,652.8935861587524,1.0,1735715615.7347822,,0.0,1.0,0.001,1,16,40x40,PrototypicalNetwork,5,5,Egyptian,Greek,False,1,4000,2,exp1_permuted_src_datasets
1051,652.9092719554901,1.0,1735715615.750468,,0.0,1.0,0.001,1,16,40x40,PrototypicalNetwork,5,5,Egyptian,Greek,False,1,4000,2,exp1_permuted_src_datasets
1052,652.9256384372711,1.0,1735715615.7668345,,0.0,1.0,0.001,1,16,40x40,PrototypicalNetwork,5,5,Egyptian,Greek,False,1,4000,2,exp1_permuted_src_datasets
1053,652.9414637088776,1.0,1735715615.7826598,,0.0,1.0,0.001,1,16,40x40,PrototypicalNetwork,5,5,Egyptian,Greek,False,1,4000,2,exp1_permuted_src_datasets
1054,652.9572649002075,1.0,1735715615.798461,,0.0,1.0,0.001,1,16,40x40,PrototypicalNetwork,5,5,Egyptian,Greek,False,1,4000,2,exp1_permuted_src_datasets
1055,652.974084854126,1.0,1735715615.815281,,0.0,1.0,0.001,1,16,40x40,PrototypicalNetwork,5,5,Egyptian,Greek,False,1,4000,2,exp1_permuted_src_datasets
1056,652.9928452968597,1.0,1735715615.8340414,,0.0,1.0,0.001,1,16,40x40,PrototypicalNetwork,5,5,Egyptian,Greek,False,1,4000,2,exp1_permuted_src_datasets
1057,653.0096423625946,1.0,1735715615.8508384,,0.0,1.0,0.001,1,16,40x40,PrototypicalNetwork,5,5,Egyptian,Greek,False,1,4000,2,exp1_permuted_src_datasets
1058,653.025582075119,1.0,1735715615.8667781,,0.0,1.0,0.001,1,16,40x40,PrototypicalNetwork,5,5,Egyptian,Greek,False,1,4000,2,exp1_permuted_src_datasets
1059,653.0414967536926,1.0,1735715615.8826928,,0.0,1.0,0.001,1,16,40x40,PrototypicalNetwork,5,5,Egyptian,Greek,False,1,4000,2,exp1_permuted_src_datasets
1060,653.0580282211304,1.0,1735715615.8992243,,0.0,1.0,0.001,1,16,40x40,PrototypicalNetwork,5,5,Egyptian,Greek,False,1,4000,2,exp1_permuted_src_datasets
1061,653.0748460292816,1.0,1735715615.916042,,0.0,1.0,0.001,1,16,40x40,PrototypicalNetwork,5,5,Egyptian,Greek,False,1,4000,2,exp1_permuted_src_datasets
1062,653.0922501087189,1.0,1735715615.9334462,,0.0,1.0,0.001,1,16,40x40,PrototypicalNetwork,5,5,Egyptian,Greek,False,1,4000,2,exp1_permuted_src_datasets
1063,653.1097414493561,1.0,1735715615.9509375,,0.0,1.0,0.001,1,16,40x40,PrototypicalNetwork,5,5,Egyptian,Greek,False,1,4000,2,exp1_permuted_src_datasets
1064,653.1267395019531,1.0,1735715615.9679356,,0.0,1.0,0.001,1,16,40x40,PrototypicalNetwork,5,5,Egyptian,Greek,False,1,4000,2,exp1_permuted_src_datasets
1065,653.1451923847198,1.0,1735715615.9863884,,0.0,1.0,0.001,1,16,40x40,PrototypicalNetwork,5,5,Egyptian,Greek,False,1,4000,2,exp1_permuted_src_datasets
1066,653.1619389057159,1.0,1735715616.003135,,0.0,1.0,0.001,1,16,40x40,PrototypicalNetwork,5,5,Egyptian,Greek,False,1,4000,2,exp1_permuted_src_datasets
1067,653.1781730651855,1.0,1735715616.0193691,,0.0,1.0,0.001,1,16,40x40,PrototypicalNetwork,5,5,Egyptian,Greek,False,1,4000,2,exp1_permuted_src_datasets
1068,653.1956927776337,1.0,1735715616.0368888,,0.0,1.0,0.001,1,16,40x40,PrototypicalNetwork,5,5,Egyptian,Greek,False,1,4000,2,exp1_permuted_src_datasets
1069,653.2118351459503,1.0,1735715616.0530312,,0.0,1.0,0.001,1,16,40x40,PrototypicalNetwork,5,5,Egyptian,Greek,False,1,4000,2,exp1_permuted_src_datasets
1070,653.2291889190674,1.0,1735715616.070385,,0.0,1.0,0.001,1,16,40x40,PrototypicalNetwork,5,5,Egyptian,Greek,False,1,4000,2,exp1_permuted_src_datasets
1071,653.2456464767456,1.0,1735715616.0868425,,0.0,1.0,0.001,1,16,40x40,PrototypicalNetwork,5,5,Egyptian,Greek,False,1,4000,2,exp1_permuted_src_datasets
1072,653.2627234458923,1.0,1735715616.1039195,,0.0,1.0,0.001,1,16,40x40,PrototypicalNetwork,5,5,Egyptian,Greek,False,1,4000,2,exp1_permuted_src_datasets
1073,653.2788631916046,1.0,1735715616.1200593,,0.0,1.0,0.001,1,16,40x40,PrototypicalNetwork,5,5,Egyptian,Greek,False,1,4000,2,exp1_permuted_src_datasets
1074,688.6900537014008,1.0,1735715651.5312498,0.6636499978303909,,,0.001,1,16,40x40,PrototypicalNetwork,5,5,Egyptian,Greek,False,1,4000,2,exp1_permuted_src_datasets
1075,688.7030653953552,1.0,1735715651.5442615,,0.0,1.0,0.001,1,16,40x40,PrototypicalNetwork,5,5,Egyptian,Greek,False,1,4000,2,exp1_permuted_src_datasets
1076,688.7194249629974,1.0,1735715651.560621,,0.0,1.0,0.001,1,16,40x40,PrototypicalNetwork,5,5,Egyptian,Greek,False,1,4000,2,exp1_permuted_src_datasets
1077,688.7355771064758,1.0,1735715651.5767732,,0.0,1.0,0.001,1,16,40x40,PrototypicalNetwork,5,5,Egyptian,Greek,False,1,4000,2,exp1_permuted_src_datasets
1078,688.7527182102203,1.0,1735715651.5939143,,0.0,1.0,0.001,1,16,40x40,PrototypicalNetwork,5,5,Egyptian,Greek,False,1,4000,2,exp1_permuted_src_datasets
1079,688.7687819004059,1.0,1735715651.609978,,0.0,1.0,0.001,1,16,40x40,PrototypicalNetwork,5,5,Egyptian,Greek,False,1,4000,2,exp1_permuted_src_datasets
1080,688.7887961864471,1.0,1735715651.6299922,,0.0,1.0,0.001,1,16,40x40,PrototypicalNetwork,5,5,Egyptian,Greek,False,1,4000,2,exp1_permuted_src_datasets
1081,688.8049576282501,1.0,1735715651.6461537,,0.0,1.0,0.001,1,16,40x40,PrototypicalNetwork,5,5,Egyptian,Greek,False,1,4000,2,exp1_permuted_src_datasets
1082,688.8214468955994,1.0,1735715651.662643,,0.0,1.0,0.001,1,16,40x40,PrototypicalNetwork,5,5,Egyptian,Greek,False,1,4000,2,exp1_permuted_src_datasets
1083,688.8376920223236,1.0,1735715651.678888,,0.0,1.0,0.001,1,16,40x40,PrototypicalNetwork,5,5,Egyptian,Greek,False,1,4000,2,exp1_permuted_src_datasets
1084,688.8538291454315,1.0,1735715651.6950252,,0.0,1.0,0.001,1,16,40x40,PrototypicalNetwork,5,5,Egyptian,Greek,False,1,4000,2,exp1_permuted_src_datasets
1085,688.8705453872681,1.0,1735715651.7117414,,0.0,1.0,0.001,1,16,40x40,PrototypicalNetwork,5,5,Egyptian,Greek,False,1,4000,2,exp1_permuted_src_datasets
1086,688.8870055675507,1.0,1735715651.7282016,,0.0,1.0,0.001,1,16,40x40,PrototypicalNetwork,5,5,Egyptian,Greek,False,1,4000,2,exp1_permuted_src_datasets
1087,688.9031932353973,1.0,1735715651.7443893,,0.0,1.0,0.001,1,16,40x40,PrototypicalNetwork,5,5,Egyptian,Greek,False,1,4000,2,exp1_permuted_src_datasets
1088,688.9193351268768,1.0,1735715651.7605312,,0.0,1.0,0.001,1,16,40x40,PrototypicalNetwork,5,5,Egyptian,Greek,False,1,4000,2,exp1_permuted_src_datasets
1089,688.9353954792023,1.0,1735715651.7765915,,0.0,1.0,0.001,1,16,40x40,PrototypicalNetwork,5,5,Egyptian,Greek,False,1,4000,2,exp1_permuted_src_datasets
1090,688.9513912200928,1.0,1735715651.7925873,,0.0,1.0,0.001,1,16,40x40,PrototypicalNetwork,5,5,Egyptian,Greek,False,1,4000,2,exp1_permuted_src_datasets
1091,688.9674115180969,1.0,1735715651.8086076,,0.0,1.0,0.001,1,16,40x40,PrototypicalNetwork,5,5,Egyptian,Greek,False,1,4000,2,exp1_permuted_src_datasets
1092,688.983481168747,1.0,1735715651.8246772,,0.0,1.0,0.001,1,16,40x40,PrototypicalNetwork,5,5,Egyptian,Greek,False,1,4000,2,exp1_permuted_src_datasets
1093,689.002415895462,1.0,1735715651.843612,,0.0,1.0,0.001,1,16,40x40,PrototypicalNetwork,5,5,Egyptian,Greek,False,1,4000,2,exp1_permuted_src_datasets
1094,689.0184233188629,1.0,1735715651.8596194,,0.0,1.0,0.001,1,16,40x40,PrototypicalNetwork,5,5,Egyptian,Greek,False,1,4000,2,exp1_permuted_src_datasets
1095,689.034698009491,1.0,1735715651.875894,,0.0,1.0,0.001,1,16,40x40,PrototypicalNetwork,5,5,Egyptian,Greek,False,1,4000,2,exp1_permuted_src_datasets
1096,689.0512161254883,1.0,1735715651.8924122,,0.0,1.0,0.001,1,16,40x40,PrototypicalNetwork,5,5,Egyptian,Greek,False,1,4000,2,exp1_permuted_src_datasets
1097,689.0706532001495,1.0,1735715651.9118493,,0.0,1.0,0.001,1,16,40x40,PrototypicalNetwork,5,5,Egyptian,Greek,False,1,4000,2,exp1_permuted_src_datasets
1098,689.0872581005096,1.0,1735715651.9284542,,0.0,1.0,0.001,1,16,40x40,PrototypicalNetwork,5,5,Egyptian,Greek,False,1,4000,2,exp1_permuted_src_datasets
1099,689.1050384044647,1.0,1735715651.9462345,,0.0,1.0,0.001,1,16,40x40,PrototypicalNetwork,5,5,Egyptian,Greek,False,1,4000,2,exp1_permuted_src_datasets
1100,689.1236732006073,1.0,1735715651.9648693,,0.0,1.0,0.001,1,16,40x40,PrototypicalNetwork,5,5,Egyptian,Greek,False,1,4000,2,exp1_permuted_src_datasets
1101,689.140141248703,1.0,1735715651.9813373,,0.0,1.0,0.001,1,16,40x40,PrototypicalNetwork,5,5,Egyptian,Greek,False,1,4000,2,exp1_permuted_src_datasets
1102,689.1563622951508,1.0,1735715651.9975584,,0.0,1.0,0.001,1,16,40x40,PrototypicalNetwork,5,5,Egyptian,Greek,False,1,4000,2,exp1_permuted_src_datasets
1103,689.1735382080078,1.0,1735715652.0147343,,0.0,1.0,0.001,1,16,40x40,PrototypicalNetwork,5,5,Egyptian,Greek,False,1,4000,2,exp1_permuted_src_datasets
1104,689.1895487308502,1.0,1735715652.0307448,,0.0,1.0,0.001,1,16,40x40,PrototypicalNetwork,5,5,Egyptian,Greek,False,1,4000,2,exp1_permuted_src_datasets
1105,689.2059900760651,1.0,1735715652.0471861,,0.0,1.0,0.001,1,16,40x40,PrototypicalNetwork,5,5,Egyptian,Greek,False,1,4000,2,exp1_permuted_src_datasets
1106,689.2220017910004,1.0,1735715652.0631979,,0.0,1.0,0.001,1,16,40x40,PrototypicalNetwork,5,5,Egyptian,Greek,False,1,4000,2,exp1_permuted_src_datasets
1107,689.2380077838898,1.0,1735715652.0792038,,0.0,1.0,0.001,1,16,40x40,PrototypicalNetwork,5,5,Egyptian,Greek,False,1,4000,2,exp1_permuted_src_datasets
1108,689.2548365592957,1.0,1735715652.0960326,,0.0,1.0,0.001,1,16,40x40,PrototypicalNetwork,5,5,Egyptian,Greek,False,1,4000,2,exp1_permuted_src_datasets
1109,689.2711546421051,1.0,1735715652.1123507,,0.0,1.0,0.001,1,16,40x40,PrototypicalNetwork,5,5,Egyptian,Greek,False,1,4000,2,exp1_permuted_src_datasets
1110,689.2871994972229,1.0,1735715652.1283956,,0.0,1.0,0.001,1,16,40x40,PrototypicalNetwork,5,5,Egyptian,Greek,False,1,4000,2,exp1_permuted_src_datasets
1111,689.3030304908752,1.0,1735715652.1442266,,0.0,1.0,0.001,1,16,40x40,PrototypicalNetwork,5,5,Egyptian,Greek,False,1,4000,2,exp1_permuted_src_datasets
1112,689.3199353218079,1.0,1735715652.1611314,,0.0,1.0,0.001,1,16,40x40,PrototypicalNetwork,5,5,Egyptian,Greek,False,1,4000,2,exp1_permuted_src_datasets
1113,689.3374118804932,1.0,1735715652.178608,,0.0,1.0,0.001,1,16,40x40,PrototypicalNetwork,5,5,Egyptian,Greek,False,1,4000,2,exp1_permuted_src_datasets
1114,689.3539147377014,1.0,1735715652.1951108,,0.0,1.0,0.001,1,16,40x40,PrototypicalNetwork,5,5,Egyptian,Greek,False,1,4000,2,exp1_permuted_src_datasets
1115,689.3704471588135,1.0,1735715652.2116432,,0.0,1.0,0.001,1,16,40x40,PrototypicalNetwork,5,5,Egyptian,Greek,False,1,4000,2,exp1_permuted_src_datasets
1116,689.3865871429443,1.0,1735715652.2277832,,0.0,1.0,0.001,1,16,40x40,PrototypicalNetwork,5,5,Egyptian,Greek,False,1,4000,2,exp1_permuted_src_datasets
1117,689.4026725292206,1.0,1735715652.2438686,,0.0,1.0,0.001,1,16,40x40,PrototypicalNetwork,5,5,Egyptian,Greek,False,1,4000,2,exp1_permuted_src_datasets
1118,689.4188032150269,1.0,1735715652.2599993,,0.0,1.0,0.001,1,16,40x40,PrototypicalNetwork,5,5,Egyptian,Greek,False,1,4000,2,exp1_permuted_src_datasets
1119,689.4362092018127,1.0,1735715652.2774053,,0.0,1.0,0.001,1,16,40x40,PrototypicalNetwork,5,5,Egyptian,Greek,False,1,4000,2,exp1_permuted_src_datasets
1120,689.4529254436493,1.0,1735715652.2941215,,0.0,1.0,0.001,1,16,40x40,PrototypicalNetwork,5,5,Egyptian,Greek,False,1,4000,2,exp1_permuted_src_datasets
1121,689.469432592392,1.0,1735715652.3106287,,0.0,1.0,0.001,1,16,40x40,PrototypicalNetwork,5,5,Egyptian,Greek,False,1,4000,2,exp1_permuted_src_datasets
1122,689.485648393631,1.0,1735715652.3268445,,0.0,1.0,0.001,1,16,40x40,PrototypicalNetwork,5,5,Egyptian,Greek,False,1,4000,2,exp1_permuted_src_datasets
1123,689.5023169517517,1.0,1735715652.343513,,0.0,1.0,0.001,1,16,40x40,PrototypicalNetwork,5,5,Egyptian,Greek,False,1,4000,2,exp1_permuted_src_datasets
1124,689.5262072086334,1.0,1735715652.3674033,,0.0,1.0,0.001,1,16,40x40,PrototypicalNetwork,5,5,Egyptian,Greek,False,1,4000,2,exp1_permuted_src_datasets
1125,689.5435256958008,1.0,1735715652.3847218,,0.0,1.0,0.001,1,16,40x40,PrototypicalNetwork,5,5,Egyptian,Greek,False,1,4000,2,exp1_permuted_src_datasets
1126,689.559782743454,1.0,1735715652.4009788,,0.0,1.0,0.001,1,16,40x40,PrototypicalNetwork,5,5,Egyptian,Greek,False,1,4000,2,exp1_permuted_src_datasets
1127,689.5774538516998,1.0,1735715652.41865,,0.0,1.0,0.001,1,16,40x40,PrototypicalNetwork,5,5,Egyptian,Greek,False,1,4000,2,exp1_permuted_src_datasets
1128,689.5938720703125,1.0,1735715652.4350681,,0.0,1.0,0.001,1,16,40x40,PrototypicalNetwork,5,5,Egyptian,Greek,False,1,4000,2,exp1_permuted_src_datasets
1129,689.610021352768,1.0,1735715652.4512174,,0.0,1.0,0.001,1,16,40x40,PrototypicalNetwork,5,5,Egyptian,Greek,False,1,4000,2,exp1_permuted_src_datasets
1130,689.6262054443359,1.0,1735715652.4674015,,0.0,1.0,0.001,1,16,40x40,PrototypicalNetwork,5,5,Egyptian,Greek,False,1,4000,2,exp1_permuted_src_datasets
1131,689.6422362327576,1.0,1735715652.4834323,,0.0,1.0,0.001,1,16,40x40,PrototypicalNetwork,5,5,Egyptian,Greek,False,1,4000,2,exp1_permuted_src_datasets
1132,689.6585600376129,1.0,1735715652.499756,,0.0,1.0,0.001,1,16,40x40,PrototypicalNetwork,5,5,Egyptian,Greek,False,1,4000,2,exp1_permuted_src_datasets
1133,689.6748702526093,1.0,1735715652.5160663,,0.0,1.0,0.001,1,16,40x40,PrototypicalNetwork,5,5,Egyptian,Greek,False,1,4000,2,exp1_permuted_src_datasets
1134,689.6912591457367,1.0,1735715652.5324552,,0.0,1.0,0.001,1,16,40x40,PrototypicalNetwork,5,5,Egyptian,Greek,False,1,4000,2,exp1_permuted_src_datasets
1135,689.7283289432526,1.0,1735715652.569525,,0.0,1.0,0.001,1,16,40x40,PrototypicalNetwork,5,5,Egyptian,Greek,False,1,4000,2,exp1_permuted_src_datasets
1136,689.7483069896698,1.0,1735715652.589503,,0.0,1.0,0.001,1,16,40x40,PrototypicalNetwork,5,5,Egyptian,Greek,False,1,4000,2,exp1_permuted_src_datasets
1137,724.722323179245,1.0,1735715687.5635192,0.6480499985218048,,,0.001,1,16,40x40,PrototypicalNetwork,5,5,Egyptian,Greek,False,1,4000,2,exp1_permuted_src_datasets
1138,724.7357587814331,1.0,1735715687.5769548,,0.0,1.0,0.001,1,16,40x40,PrototypicalNetwork,5,5,Egyptian,Greek,False,1,4000,2,exp1_permuted_src_datasets
1139,724.7524411678314,1.0,1735715687.5936372,,0.0,1.0,0.001,1,16,40x40,PrototypicalNetwork,5,5,Egyptian,Greek,False,1,4000,2,exp1_permuted_src_datasets
1140,724.769285440445,1.0,1735715687.6104815,,0.0,1.0,0.001,1,16,40x40,PrototypicalNetwork,5,5,Egyptian,Greek,False,1,4000,2,exp1_permuted_src_datasets
1141,724.7856934070587,1.0,1735715687.6268895,,0.0,1.0,0.001,1,16,40x40,PrototypicalNetwork,5,5,Egyptian,Greek,False,1,4000,2,exp1_permuted_src_datasets
1142,724.802193403244,1.0,1735715687.6433895,,0.0,1.0,0.001,1,16,40x40,PrototypicalNetwork,5,5,Egyptian,Greek,False,1,4000,2,exp1_permuted_src_datasets
1143,724.8186011314392,1.0,1735715687.6597972,,0.0,1.0,0.001,1,16,40x40,PrototypicalNetwork,5,5,Egyptian,Greek,False,1,4000,2,exp1_permuted_src_datasets
1144,724.835925579071,1.0,1735715687.6771216,,0.0,1.0,0.001,1,16,40x40,PrototypicalNetwork,5,5,Egyptian,Greek,False,1,4000,2,exp1_permuted_src_datasets
1145,724.8524634838104,1.0,1735715687.6936595,,0.0,1.0,0.001,1,16,40x40,PrototypicalNetwork,5,5,Egyptian,Greek,False,1,4000,2,exp1_permuted_src_datasets
1146,724.8688504695892,1.0,1735715687.7100465,,0.0,1.0,0.001,1,16,40x40,PrototypicalNetwork,5,5,Egyptian,Greek,False,1,4000,2,exp1_permuted_src_datasets
1147,724.88507771492,1.0,1735715687.7262738,,0.0,1.0,0.001,1,16,40x40,PrototypicalNetwork,5,5,Egyptian,Greek,False,1,4000,2,exp1_permuted_src_datasets
1148,724.9015069007874,1.0,1735715687.742703,,0.0,1.0,0.001,1,16,40x40,PrototypicalNetwork,5,5,Egyptian,Greek,False,1,4000,2,exp1_permuted_src_datasets
1149,724.9175782203674,1.0,1735715687.7587743,,0.0,1.0,0.001,1,16,40x40,PrototypicalNetwork,5,5,Egyptian,Greek,False,1,4000,2,exp1_permuted_src_datasets
1150,724.9343454837799,1.0,1735715687.7755415,,0.0,1.0,0.001,1,16,40x40,PrototypicalNetwork,5,5,Egyptian,Greek,False,1,4000,2,exp1_permuted_src_datasets
1151,724.9507188796997,1.0,1735715687.791915,,0.0,1.0,0.001,1,16,40x40,PrototypicalNetwork,5,5,Egyptian,Greek,False,1,4000,2,exp1_permuted_src_datasets
1152,724.9673323631287,1.0,1735715687.8085284,,0.0,1.0,0.001,1,16,40x40,PrototypicalNetwork,5,5,Egyptian,Greek,False,1,4000,2,exp1_permuted_src_datasets
1153,724.9832556247711,1.0,1735715687.8244517,,0.0,1.0,0.001,1,16,40x40,PrototypicalNetwork,5,5,Egyptian,Greek,False,1,4000,2,exp1_permuted_src_datasets
1154,725.000638961792,1.0,1735715687.841835,,0.0,1.0,0.001,1,16,40x40,PrototypicalNetwork,5,5,Egyptian,Greek,False,1,4000,2,exp1_permuted_src_datasets
1155,725.017050743103,1.0,1735715687.8582468,,0.0,1.0,0.001,1,16,40x40,PrototypicalNetwork,5,5,Egyptian,Greek,False,1,4000,2,exp1_permuted_src_datasets
1156,725.0331149101257,1.0,1735715687.874311,,0.0,1.0,0.001,1,16,40x40,PrototypicalNetwork,5,5,Egyptian,Greek,False,1,4000,2,exp1_permuted_src_datasets
1157,725.0517334938049,1.0,1735715687.8929296,,0.0,1.0,0.001,1,16,40x40,PrototypicalNetwork,5,5,Egyptian,Greek,False,1,4000,2,exp1_permuted_src_datasets
1158,725.0690288543701,1.0,1735715687.910225,,0.0,1.0,0.001,1,16,40x40,PrototypicalNetwork,5,5,Egyptian,Greek,False,1,4000,2,exp1_permuted_src_datasets
1159,725.0855572223663,1.0,1735715687.9267533,,0.0,1.0,0.001,1,16,40x40,PrototypicalNetwork,5,5,Egyptian,Greek,False,1,4000,2,exp1_permuted_src_datasets
1160,725.101949930191,1.0,1735715687.943146,,0.0,1.0,0.001,1,16,40x40,PrototypicalNetwork,5,5,Egyptian,Greek,False,1,4000,2,exp1_permuted_src_datasets
1161,725.1187434196472,1.0,1735715687.9599395,,0.0,1.0,0.001,1,16,40x40,PrototypicalNetwork,5,5,Egyptian,Greek,False,1,4000,2,exp1_permuted_src_datasets
1162,725.1356575489044,1.0,1735715687.9768536,,0.0,1.0,0.001,1,16,40x40,PrototypicalNetwork,5,5,Egyptian,Greek,False,1,4000,2,exp1_permuted_src_datasets
1163,725.1516711711884,1.0,1735715687.9928672,,0.0,1.0,0.001,1,16,40x40,PrototypicalNetwork,5,5,Egyptian,Greek,False,1,4000,2,exp1_permuted_src_datasets
1164,725.1687386035919,1.0,1735715688.0099347,,0.0,1.0,0.001,1,16,40x40,PrototypicalNetwork,5,5,Egyptian,Greek,False,1,4000,2,exp1_permuted_src_datasets
1165,725.1848478317261,1.0,1735715688.026044,,0.0,1.0,0.001,1,16,40x40,PrototypicalNetwork,5,5,Egyptian,Greek,False,1,4000,2,exp1_permuted_src_datasets
1166,725.2017045021057,1.0,1735715688.0429006,,0.0,1.0,0.001,1,16,40x40,PrototypicalNetwork,5,5,Egyptian,Greek,False,1,4000,2,exp1_permuted_src_datasets
1167,725.2182974815369,1.0,1735715688.0594935,,0.0,1.0,0.001,1,16,40x40,PrototypicalNetwork,5,5,Egyptian,Greek,False,1,4000,2,exp1_permuted_src_datasets
1168,725.237758398056,1.0,1735715688.0789545,,0.0,1.0,0.001,1,16,40x40,PrototypicalNetwork,5,5,Egyptian,Greek,False,1,4000,2,exp1_permuted_src_datasets
1169,725.2548344135284,1.0,1735715688.0960305,,0.0,1.0,0.001,1,16,40x40,PrototypicalNetwork,5,5,Egyptian,Greek,False,1,4000,2,exp1_permuted_src_datasets
1170,725.2713086605072,1.0,1735715688.1125047,,0.0,1.0,0.001,1,16,40x40,PrototypicalNetwork,5,5,Egyptian,Greek,False,1,4000,2,exp1_permuted_src_datasets
1171,725.2875201702118,1.0,1735715688.1287162,,0.0,1.0,0.001,1,16,40x40,PrototypicalNetwork,5,5,Egyptian,Greek,False,1,4000,2,exp1_permuted_src_datasets
1172,725.3036186695099,1.0,1735715688.1448147,,0.0,1.0,0.001,1,16,40x40,PrototypicalNetwork,5,5,Egyptian,Greek,False,1,4000,2,exp1_permuted_src_datasets
1173,725.319837808609,1.0,1735715688.1610339,,0.0,1.0,0.001,1,16,40x40,PrototypicalNetwork,5,5,Egyptian,Greek,False,1,4000,2,exp1_permuted_src_datasets
1174,725.3362209796906,1.0,1735715688.177417,,0.0,1.0,0.001,1,16,40x40,PrototypicalNetwork,5,5,Egyptian,Greek,False,1,4000,2,exp1_permuted_src_datasets
1175,725.3542165756226,1.0,1735715688.1954126,,0.0,1.0,0.001,1,16,40x40,PrototypicalNetwork,5,5,Egyptian,Greek,False,1,4000,2,exp1_permuted_src_datasets
1176,725.370735168457,1.0,1735715688.2119312,,0.0,1.0,0.001,1,16,40x40,PrototypicalNetwork,5,5,Egyptian,Greek,False,1,4000,2,exp1_permuted_src_datasets
1177,725.3871490955353,1.0,1735715688.2283452,,0.0,1.0,0.001,1,16,40x40,PrototypicalNetwork,5,5,Egyptian,Greek,False,1,4000,2,exp1_permuted_src_datasets
1178,725.4031541347504,1.0,1735715688.2443502,,0.0,1.0,0.001,1,16,40x40,PrototypicalNetwork,5,5,Egyptian,Greek,False,1,4000,2,exp1_permuted_src_datasets
1179,725.4206209182739,1.0,1735715688.261817,,0.0,1.0,0.001,1,16,40x40,PrototypicalNetwork,5,5,Egyptian,Greek,False,1,4000,2,exp1_permuted_src_datasets
1180,725.4369919300079,1.0,1735715688.278188,,0.0,1.0,0.001,1,16,40x40,PrototypicalNetwork,5,5,Egyptian,Greek,False,1,4000,2,exp1_permuted_src_datasets
1181,725.4532361030579,1.0,1735715688.2944322,,0.0,1.0,0.001,1,16,40x40,PrototypicalNetwork,5,5,Egyptian,Greek,False,1,4000,2,exp1_permuted_src_datasets
1182,725.4695358276367,1.0,1735715688.310732,,0.0,1.0,0.001,1,16,40x40,PrototypicalNetwork,5,5,Egyptian,Greek,False,1,4000,2,exp1_permuted_src_datasets
1183,725.4858689308167,1.0,1735715688.327065,,0.0,1.0,0.001,1,16,40x40,PrototypicalNetwork,5,5,Egyptian,Greek,False,1,4000,2,exp1_permuted_src_datasets
1184,725.5022299289703,1.0,1735715688.343426,,0.0,1.0,0.001,1,16,40x40,PrototypicalNetwork,5,5,Egyptian,Greek,False,1,4000,2,exp1_permuted_src_datasets
1185,725.5186080932617,1.0,1735715688.3598042,,0.0,1.0,0.001,1,16,40x40,PrototypicalNetwork,5,5,Egyptian,Greek,False,1,4000,2,exp1_permuted_src_datasets
1186,725.5350072383881,1.0,1735715688.3762033,,0.0,1.0,0.001,1,16,40x40,PrototypicalNetwork,5,5,Egyptian,Greek,False,1,4000,2,exp1_permuted_src_datasets
1187,725.5515880584717,1.0,1735715688.392784,,0.0,1.0,0.001,1,16,40x40,PrototypicalNetwork,5,5,Egyptian,Greek,False,1,4000,2,exp1_permuted_src_datasets
1188,725.5679488182068,1.0,1735715688.4091449,,0.0,1.0,0.001,1,16,40x40,PrototypicalNetwork,5,5,Egyptian,Greek,False,1,4000,2,exp1_permuted_src_datasets
1189,725.5851047039032,1.0,1735715688.4263008,,0.0,1.0,0.001,1,16,40x40,PrototypicalNetwork,5,5,Egyptian,Greek,False,1,4000,2,exp1_permuted_src_datasets
1190,725.6013596057892,1.0,1735715688.4425557,,0.0,1.0,0.001,1,16,40x40,PrototypicalNetwork,5,5,Egyptian,Greek,False,1,4000,2,exp1_permuted_src_datasets
1191,725.6180453300476,1.0,1735715688.4592414,,0.0,1.0,0.001,1,16,40x40,PrototypicalNetwork,5,5,Egyptian,Greek,False,1,4000,2,exp1_permuted_src_datasets
1192,725.6344268321991,1.0,1735715688.475623,,0.0,1.0,0.001,1,16,40x40,PrototypicalNetwork,5,5,Egyptian,Greek,False,1,4000,2,exp1_permuted_src_datasets
1193,725.6507003307343,1.0,1735715688.4918964,,0.0,1.0,0.001,1,16,40x40,PrototypicalNetwork,5,5,Egyptian,Greek,False,1,4000,2,exp1_permuted_src_datasets
1194,725.6669790744781,1.0,1735715688.5081751,,0.0,1.0,0.001,1,16,40x40,PrototypicalNetwork,5,5,Egyptian,Greek,False,1,4000,2,exp1_permuted_src_datasets
1195,725.6832888126373,1.0,1735715688.5244849,,0.0,1.0,0.001,1,16,40x40,PrototypicalNetwork,5,5,Egyptian,Greek,False,1,4000,2,exp1_permuted_src_datasets
1196,725.6996827125549,1.0,1735715688.5408788,,0.0,1.0,0.001,1,16,40x40,PrototypicalNetwork,5,5,Egyptian,Greek,False,1,4000,2,exp1_permuted_src_datasets
1197,725.7160682678223,1.0,1735715688.5572643,,0.0,1.0,0.001,1,16,40x40,PrototypicalNetwork,5,5,Egyptian,Greek,False,1,4000,2,exp1_permuted_src_datasets
1198,725.7324461936951,1.0,1735715688.5736423,,0.0,1.0,0.001,1,16,40x40,PrototypicalNetwork,5,5,Egyptian,Greek,False,1,4000,2,exp1_permuted_src_datasets
1199,725.7491593360901,1.0,1735715688.5903554,,0.0,1.0,0.001,1,16,40x40,PrototypicalNetwork,5,5,Egyptian,Greek,False,1,4000,2,exp1_permuted_src_datasets
1200,760.9544780254364,1.0,1735715723.795674,0.6431000001430511,,,0.001,1,16,40x40,PrototypicalNetwork,5,5,Egyptian,Greek,False,1,4000,2,exp1_permuted_src_datasets
1201,760.9671487808228,1.0,1735715723.8083448,,0.0,1.0,0.001,1,16,40x40,PrototypicalNetwork,5,5,Egyptian,Greek,False,1,4000,2,exp1_permuted_src_datasets
1202,760.9853210449219,1.0,1735715723.826517,,0.0,1.0,0.001,1,16,40x40,PrototypicalNetwork,5,5,Egyptian,Greek,False,1,4000,2,exp1_permuted_src_datasets
1203,761.0105857849121,1.0,1735715723.8517818,,0.0,1.0,0.001,1,16,40x40,PrototypicalNetwork,5,5,Egyptian,Greek,False,1,4000,2,exp1_permuted_src_datasets
1204,761.0275435447693,1.0,1735715723.8687396,,0.0,1.0,0.001,1,16,40x40,PrototypicalNetwork,5,5,Egyptian,Greek,False,1,4000,2,exp1_permuted_src_datasets
1205,761.0447905063629,1.0,1735715723.8859866,,0.0,1.0,0.001,1,16,40x40,PrototypicalNetwork,5,5,Egyptian,Greek,False,1,4000,2,exp1_permuted_src_datasets
1206,761.0609438419342,1.0,1735715723.90214,,0.0,1.0,0.001,1,16,40x40,PrototypicalNetwork,5,5,Egyptian,Greek,False,1,4000,2,exp1_permuted_src_datasets
1207,761.0770561695099,1.0,1735715723.9182522,,0.0,1.0,0.001,1,16,40x40,PrototypicalNetwork,5,5,Egyptian,Greek,False,1,4000,2,exp1_permuted_src_datasets
1208,761.0933403968811,1.0,1735715723.9345365,,0.0,1.0,0.001,1,16,40x40,PrototypicalNetwork,5,5,Egyptian,Greek,False,1,4000,2,exp1_permuted_src_datasets
1209,761.1096153259277,1.0,1735715723.9508114,,0.0,1.0,0.001,1,16,40x40,PrototypicalNetwork,5,5,Egyptian,Greek,False,1,4000,2,exp1_permuted_src_datasets
1210,761.1259474754333,1.0,1735715723.9671435,,0.0,1.0,0.001,1,16,40x40,PrototypicalNetwork,5,5,Egyptian,Greek,False,1,4000,2,exp1_permuted_src_datasets
1211,761.1420049667358,1.0,1735715723.983201,,0.0,1.0,0.001,1,16,40x40,PrototypicalNetwork,5,5,Egyptian,Greek,False,1,4000,2,exp1_permuted_src_datasets
1212,761.1581184864044,1.0,1735715723.9993145,,0.0,1.0,0.001,1,16,40x40,PrototypicalNetwork,5,5,Egyptian,Greek,False,1,4000,2,exp1_permuted_src_datasets
1213,761.174230337143,1.0,1735715724.0154264,,0.0,1.0,0.001,1,16,40x40,PrototypicalNetwork,5,5,Egyptian,Greek,False,1,4000,2,exp1_permuted_src_datasets
1214,761.1914057731628,1.0,1735715724.0326018,,0.0,1.0,0.001,1,16,40x40,PrototypicalNetwork,5,5,Egyptian,Greek,False,1,4000,2,exp1_permuted_src_datasets
1215,761.2077312469482,1.0,1735715724.0489273,,0.0,1.0,0.001,1,16,40x40,PrototypicalNetwork,5,5,Egyptian,Greek,False,1,4000,2,exp1_permuted_src_datasets
1216,761.2240478992462,1.0,1735715724.065244,,0.0,1.0,0.001,1,16,40x40,PrototypicalNetwork,5,5,Egyptian,Greek,False,1,4000,2,exp1_permuted_src_datasets
1217,761.2408299446106,1.0,1735715724.082026,,0.0,1.0,0.001,1,16,40x40,PrototypicalNetwork,5,5,Egyptian,Greek,False,1,4000,2,exp1_permuted_src_datasets
1218,761.2572922706604,1.0,1735715724.0984883,,0.0,1.0,0.001,1,16,40x40,PrototypicalNetwork,5,5,Egyptian,Greek,False,1,4000,2,exp1_permuted_src_datasets
1219,761.2748892307281,1.0,1735715724.1160853,,0.0,1.0,0.001,1,16,40x40,PrototypicalNetwork,5,5,Egyptian,Greek,False,1,4000,2,exp1_permuted_src_datasets
1220,761.2924213409424,1.0,1735715724.1336174,,0.0,1.0,0.001,1,16,40x40,PrototypicalNetwork,5,5,Egyptian,Greek,False,1,4000,2,exp1_permuted_src_datasets
1221,761.3096075057983,1.0,1735715724.1508036,,0.0,1.0,0.001,1,16,40x40,PrototypicalNetwork,5,5,Egyptian,Greek,False,1,4000,2,exp1_permuted_src_datasets
1222,761.3262422084808,1.0,1735715724.1674383,,0.0,1.0,0.001,1,16,40x40,PrototypicalNetwork,5,5,Egyptian,Greek,False,1,4000,2,exp1_permuted_src_datasets
1223,761.3425860404968,1.0,1735715724.183782,,0.0,1.0,0.001,1,16,40x40,PrototypicalNetwork,5,5,Egyptian,Greek,False,1,4000,2,exp1_permuted_src_datasets
1224,761.3587098121643,1.0,1735715724.1999059,,0.0,1.0,0.001,1,16,40x40,PrototypicalNetwork,5,5,Egyptian,Greek,False,1,4000,2,exp1_permuted_src_datasets
1225,761.3751378059387,1.0,1735715724.2163339,,0.0,1.0,0.001,1,16,40x40,PrototypicalNetwork,5,5,Egyptian,Greek,False,1,4000,2,exp1_permuted_src_datasets
1226,761.3914892673492,1.0,1735715724.2326853,,0.0,1.0,0.001,1,16,40x40,PrototypicalNetwork,5,5,Egyptian,Greek,False,1,4000,2,exp1_permuted_src_datasets
1227,761.4079029560089,1.0,1735715724.249099,,0.0,1.0,0.001,1,16,40x40,PrototypicalNetwork,5,5,Egyptian,Greek,False,1,4000,2,exp1_permuted_src_datasets
1228,761.42902135849,1.0,1735715724.2702174,,0.0,1.0,0.001,1,16,40x40,PrototypicalNetwork,5,5,Egyptian,Greek,False,1,4000,2,exp1_permuted_src_datasets
1229,761.4455904960632,1.0,1735715724.2867866,,0.0,1.0,0.001,1,16,40x40,PrototypicalNetwork,5,5,Egyptian,Greek,False,1,4000,2,exp1_permuted_src_datasets
1230,761.4628446102142,1.0,1735715724.3040407,,0.0,1.0,0.001,1,16,40x40,PrototypicalNetwork,5,5,Egyptian,Greek,False,1,4000,2,exp1_permuted_src_datasets
1231,761.4791669845581,1.0,1735715724.320363,,0.0,1.0,0.001,1,16,40x40,PrototypicalNetwork,5,5,Egyptian,Greek,False,1,4000,2,exp1_permuted_src_datasets
1232,761.4959018230438,1.0,1735715724.337098,,0.0,1.0,0.001,1,16,40x40,PrototypicalNetwork,5,5,Egyptian,Greek,False,1,4000,2,exp1_permuted_src_datasets
1233,761.5135056972504,1.0,1735715724.3547018,,0.0,1.0,0.001,1,16,40x40,PrototypicalNetwork,5,5,Egyptian,Greek,False,1,4000,2,exp1_permuted_src_datasets
1234,761.529883146286,1.0,1735715724.3710792,,0.0,1.0,0.001,1,16,40x40,PrototypicalNetwork,5,5,Egyptian,Greek,False,1,4000,2,exp1_permuted_src_datasets
1235,761.5461716651917,1.0,1735715724.3873677,,0.0,1.0,0.001,1,16,40x40,PrototypicalNetwork,5,5,Egyptian,Greek,False,1,4000,2,exp1_permuted_src_datasets
1236,761.562383890152,1.0,1735715724.40358,,0.0,1.0,0.001,1,16,40x40,PrototypicalNetwork,5,5,Egyptian,Greek,False,1,4000,2,exp1_permuted_src_datasets
1237,761.5787935256958,1.0,1735715724.4199896,,0.0,1.0,0.001,1,16,40x40,PrototypicalNetwork,5,5,Egyptian,Greek,False,1,4000,2,exp1_permuted_src_datasets
1238,761.5954535007477,1.0,1735715724.4366496,,0.0,1.0,0.001,1,16,40x40,PrototypicalNetwork,5,5,Egyptian,Greek,False,1,4000,2,exp1_permuted_src_datasets
1239,761.6125738620758,1.0,1735715724.45377,,0.0,1.0,0.001,1,16,40x40,PrototypicalNetwork,5,5,Egyptian,Greek,False,1,4000,2,exp1_permuted_src_datasets
1240,761.6287989616394,1.0,1735715724.469995,,0.0,1.0,0.001,1,16,40x40,PrototypicalNetwork,5,5,Egyptian,Greek,False,1,4000,2,exp1_permuted_src_datasets
1241,761.645307302475,1.0,1735715724.4865034,,0.0,1.0,0.001,1,16,40x40,PrototypicalNetwork,5,5,Egyptian,Greek,False,1,4000,2,exp1_permuted_src_datasets
1242,761.6615626811981,1.0,1735715724.5027587,,0.0,1.0,0.001,1,16,40x40,PrototypicalNetwork,5,5,Egyptian,Greek,False,1,4000,2,exp1_permuted_src_datasets
1243,761.6856997013092,1.0,1735715724.5268958,,0.0,1.0,0.001,1,16,40x40,PrototypicalNetwork,5,5,Egyptian,Greek,False,1,4000,2,exp1_permuted_src_datasets
1244,761.7025640010834,1.0,1735715724.54376,,0.0,1.0,0.001,1,16,40x40,PrototypicalNetwork,5,5,Egyptian,Greek,False,1,4000,2,exp1_permuted_src_datasets
1245,761.7189862728119,1.0,1735715724.5601823,,0.0,1.0,0.001,1,16,40x40,PrototypicalNetwork,5,5,Egyptian,Greek,False,1,4000,2,exp1_permuted_src_datasets
1246,761.7354259490967,1.0,1735715724.576622,,0.0,1.0,0.001,1,16,40x40,PrototypicalNetwork,5,5,Egyptian,Greek,False,1,4000,2,exp1_permuted_src_datasets
1247,761.751519203186,1.0,1735715724.5927153,,0.0,1.0,0.001,1,16,40x40,PrototypicalNetwork,5,5,Egyptian,Greek,False,1,4000,2,exp1_permuted_src_datasets
1248,761.7676086425781,1.0,1735715724.6088047,,0.0,1.0,0.001,1,16,40x40,PrototypicalNetwork,5,5,Egyptian,Greek,False,1,4000,2,exp1_permuted_src_datasets
1249,761.7841322422028,1.0,1735715724.6253283,,0.0,1.0,0.001,1,16,40x40,PrototypicalNetwork,5,5,Egyptian,Greek,False,1,4000,2,exp1_permuted_src_datasets
1250,761.800683259964,1.0,1735715724.6418793,,0.0,1.0,0.001,1,16,40x40,PrototypicalNetwork,5,5,Egyptian,Greek,False,1,4000,2,exp1_permuted_src_datasets
1251,761.8217697143555,1.0,1735715724.6629658,,0.0,1.0,0.001,1,16,40x40,PrototypicalNetwork,5,5,Egyptian,Greek,False,1,4000,2,exp1_permuted_src_datasets
1252,761.8394675254822,1.0,1735715724.6806636,,0.0,1.0,0.001,1,16,40x40,PrototypicalNetwork,5,5,Egyptian,Greek,False,1,4000,2,exp1_permuted_src_datasets
1253,761.8568596839905,1.0,1735715724.6980557,,0.0,1.0,0.001,1,16,40x40,PrototypicalNetwork,5,5,Egyptian,Greek,False,1,4000,2,exp1_permuted_src_datasets
1254,761.8734741210938,1.0,1735715724.7146702,,0.0,1.0,0.001,1,16,40x40,PrototypicalNetwork,5,5,Egyptian,Greek,False,1,4000,2,exp1_permuted_src_datasets
1255,761.8902428150177,1.0,1735715724.7314389,,0.0,1.0,0.001,1,16,40x40,PrototypicalNetwork,5,5,Egyptian,Greek,False,1,4000,2,exp1_permuted_src_datasets
1256,761.906919002533,1.0,1735715724.748115,,0.0,1.0,0.001,1,16,40x40,PrototypicalNetwork,5,5,Egyptian,Greek,False,1,4000,2,exp1_permuted_src_datasets
1257,761.9233376979828,1.0,1735715724.7645338,,0.0,1.0,0.001,1,16,40x40,PrototypicalNetwork,5,5,Egyptian,Greek,False,1,4000,2,exp1_permuted_src_datasets
1258,761.9405155181885,1.0,1735715724.7817116,,0.0,1.0,0.001,1,16,40x40,PrototypicalNetwork,5,5,Egyptian,Greek,False,1,4000,2,exp1_permuted_src_datasets
1259,761.9573090076447,1.0,1735715724.798505,,0.0,1.0,0.001,1,16,40x40,PrototypicalNetwork,5,5,Egyptian,Greek,False,1,4000,2,exp1_permuted_src_datasets
1260,761.974071264267,1.0,1735715724.8152673,,0.0,1.0,0.001,1,16,40x40,PrototypicalNetwork,5,5,Egyptian,Greek,False,1,4000,2,exp1_permuted_src_datasets
1261,761.9914684295654,1.0,1735715724.8326645,,0.0,1.0,0.001,1,16,40x40,PrototypicalNetwork,5,5,Egyptian,Greek,False,1,4000,2,exp1_permuted_src_datasets
1262,762.0080626010895,1.0,1735715724.8492587,,0.0,1.0,0.001,1,16,40x40,PrototypicalNetwork,5,5,Egyptian,Greek,False,1,4000,2,exp1_permuted_src_datasets
1263,796.9204654693604,1.0,1735715759.7616615,0.6290000003576278,,,0.001,1,16,40x40,PrototypicalNetwork,5,5,Egyptian,Greek,False,1,4000,2,exp1_permuted_src_datasets
