_step,_runtime,bootstrap_iter,_timestamp,epoch,tr_loss,tr_acc,tr lr,tr_eval_acc,ft_eval_acc,ft_loss,ft_acc,lr,epochs,batch_size,input_size,model_type,n_way_test,n_way_train,tgt_dataset,src_datasets,fixed_support,samples_per_class,num_total_episodes,num_bootstrap_iters,exp_name
0,13.290184497833252,0.0,1736407004.2835586,,,,,,,,,0.001,1,16,40x40,MatchingNetwork,5,5,Greek,miniImageNet_SOTA_trainSet,False,1,4000,2,exp1_permuted_src_datasets
1,13.36318564414978,0.0,1736407004.3565598,0.0,,,,,,,,0.001,1,16,40x40,MatchingNetwork,5,5,Greek,miniImageNet_SOTA_trainSet,False,1,4000,2,exp1_permuted_src_datasets
2,13.481115579605103,0.0,1736407004.4744897,,1.5935713052749634,0.3125,,,,,,0.001,1,16,40x40,MatchingNetwork,5,5,Greek,miniImageNet_SOTA_trainSet,False,1,4000,2,exp1_permuted_src_datasets
3,13.481271028518677,0.0,1736407004.4746451,,,,0.001,,,,,0.001,1,16,40x40,MatchingNetwork,5,5,Greek,miniImageNet_SOTA_trainSet,False,1,4000,2,exp1_permuted_src_datasets
4,13.61069369316101,0.0,1736407004.6040678,,1.5973576307296753,0.125,,,,,,0.001,1,16,40x40,MatchingNetwork,5,5,Greek,miniImageNet_SOTA_trainSet,False,1,4000,2,exp1_permuted_src_datasets
5,13.610851287841797,0.0,1736407004.6042254,,,,0.0009999990000010002,,,,,0.001,1,16,40x40,MatchingNetwork,5,5,Greek,miniImageNet_SOTA_trainSet,False,1,4000,2,exp1_permuted_src_datasets
6,13.707782506942749,0.0,1736407004.7011566,,1.581044316291809,0.3125,,,,,,0.001,1,16,40x40,MatchingNetwork,5,5,Greek,miniImageNet_SOTA_trainSet,False,1,4000,2,exp1_permuted_src_datasets
7,13.707935333251953,0.0,1736407004.7013094,,,,0.0009999970000070001,,,,,0.001,1,16,40x40,MatchingNetwork,5,5,Greek,miniImageNet_SOTA_trainSet,False,1,4000,2,exp1_permuted_src_datasets
8,13.816333770751953,0.0,1736407004.8097079,,1.5898622274398804,0.25,,,,,,0.001,1,16,40x40,MatchingNetwork,5,5,Greek,miniImageNet_SOTA_trainSet,False,1,4000,2,exp1_permuted_src_datasets
9,13.816482067108154,0.0,1736407004.8098562,,,,0.0009999940000250001,,,,,0.001,1,16,40x40,MatchingNetwork,5,5,Greek,miniImageNet_SOTA_trainSet,False,1,4000,2,exp1_permuted_src_datasets
10,13.94783639907837,0.0,1736407004.9412105,,1.6053184270858765,0.1875,,,,,,0.001,1,16,40x40,MatchingNetwork,5,5,Greek,miniImageNet_SOTA_trainSet,False,1,4000,2,exp1_permuted_src_datasets
11,13.947994470596313,0.0,1736407004.9413686,,,,0.000999990000065,,,,,0.001,1,16,40x40,MatchingNetwork,5,5,Greek,miniImageNet_SOTA_trainSet,False,1,4000,2,exp1_permuted_src_datasets
12,14.066729068756104,0.0,1736407005.0601032,,1.5921225547790527,0.375,,,,,,0.001,1,16,40x40,MatchingNetwork,5,5,Greek,miniImageNet_SOTA_trainSet,False,1,4000,2,exp1_permuted_src_datasets
13,14.066885471343994,0.0,1736407005.0602596,,,,0.0009999850001399992,,,,,0.001,1,16,40x40,MatchingNetwork,5,5,Greek,miniImageNet_SOTA_trainSet,False,1,4000,2,exp1_permuted_src_datasets
14,14.184797525405884,0.0,1736407005.1781716,,1.6393675804138184,0.125,,,,,,0.001,1,16,40x40,MatchingNetwork,5,5,Greek,miniImageNet_SOTA_trainSet,False,1,4000,2,exp1_permuted_src_datasets
15,14.184953212738037,0.0,1736407005.1783273,,,,0.0009999790002659977,,,,,0.001,1,16,40x40,MatchingNetwork,5,5,Greek,miniImageNet_SOTA_trainSet,False,1,4000,2,exp1_permuted_src_datasets
16,14.309967517852783,0.0,1736407005.3033416,,1.5622475147247314,0.125,,,,,,0.001,1,16,40x40,MatchingNetwork,5,5,Greek,miniImageNet_SOTA_trainSet,False,1,4000,2,exp1_permuted_src_datasets
17,14.31012225151062,0.0,1736407005.3034964,,,,0.0009999720004619944,,,,,0.001,1,16,40x40,MatchingNetwork,5,5,Greek,miniImageNet_SOTA_trainSet,False,1,4000,2,exp1_permuted_src_datasets
18,14.445672750473022,0.0,1736407005.4390469,,1.5961169004440308,0.3125,,,,,,0.001,1,16,40x40,MatchingNetwork,5,5,Greek,miniImageNet_SOTA_trainSet,False,1,4000,2,exp1_permuted_src_datasets
19,14.445821523666382,0.0,1736407005.4391956,,,,0.0009999640007499883,,,,,0.001,1,16,40x40,MatchingNetwork,5,5,Greek,miniImageNet_SOTA_trainSet,False,1,4000,2,exp1_permuted_src_datasets
20,14.565170526504517,0.0,1736407005.5585446,,1.6570014953613281,0.1875,,,,,,0.001,1,16,40x40,MatchingNetwork,5,5,Greek,miniImageNet_SOTA_trainSet,False,1,4000,2,exp1_permuted_src_datasets
21,14.565315246582031,0.0,1736407005.5586894,,,,0.0009999550011549779,,,,,0.001,1,16,40x40,MatchingNetwork,5,5,Greek,miniImageNet_SOTA_trainSet,False,1,4000,2,exp1_permuted_src_datasets
22,14.682915687561035,0.0,1736407005.6762898,,1.5979375839233398,0.1875,,,,,,0.001,1,16,40x40,MatchingNetwork,5,5,Greek,miniImageNet_SOTA_trainSet,False,1,4000,2,exp1_permuted_src_datasets
23,14.683064937591553,0.0,1736407005.676439,,,,0.0009999450017049607,,,,,0.001,1,16,40x40,MatchingNetwork,5,5,Greek,miniImageNet_SOTA_trainSet,False,1,4000,2,exp1_permuted_src_datasets
24,14.787780046463013,0.0,1736407005.7811542,,1.6528642177581787,0.25,,,,,,0.001,1,16,40x40,MatchingNetwork,5,5,Greek,miniImageNet_SOTA_trainSet,False,1,4000,2,exp1_permuted_src_datasets
25,14.78795075416565,0.0,1736407005.7813249,,,,0.000999934002430934,,,,,0.001,1,16,40x40,MatchingNetwork,5,5,Greek,miniImageNet_SOTA_trainSet,False,1,4000,2,exp1_permuted_src_datasets
26,14.920111417770386,0.0,1736407005.9134855,,1.613806128501892,0.375,,,,,,0.001,1,16,40x40,MatchingNetwork,5,5,Greek,miniImageNet_SOTA_trainSet,False,1,4000,2,exp1_permuted_src_datasets
27,14.920265674591064,0.0,1736407005.9136398,,,,0.0009999220033668937,,,,,0.001,1,16,40x40,MatchingNetwork,5,5,Greek,miniImageNet_SOTA_trainSet,False,1,4000,2,exp1_permuted_src_datasets
28,15.043821573257446,0.0,1736407006.0371957,,1.6119396686553955,0.375,,,,,,0.001,1,16,40x40,MatchingNetwork,5,5,Greek,miniImageNet_SOTA_trainSet,False,1,4000,2,exp1_permuted_src_datasets
29,15.043982982635498,0.0,1736407006.037357,,,,0.0009999090045498345,,,,,0.001,1,16,40x40,MatchingNetwork,5,5,Greek,miniImageNet_SOTA_trainSet,False,1,4000,2,exp1_permuted_src_datasets
30,15.162275075912476,0.0,1736407006.1556492,,1.59975004196167,0.125,,,,,,0.001,1,16,40x40,MatchingNetwork,5,5,Greek,miniImageNet_SOTA_trainSet,False,1,4000,2,exp1_permuted_src_datasets
31,15.162414073944092,0.0,1736407006.1557882,,,,0.0009998950060197502,,,,,0.001,1,16,40x40,MatchingNetwork,5,5,Greek,miniImageNet_SOTA_trainSet,False,1,4000,2,exp1_permuted_src_datasets
32,15.252538681030273,0.0,1736407006.2459128,,1.6106503009796143,0.4375,,,,,,0.001,1,16,40x40,MatchingNetwork,5,5,Greek,miniImageNet_SOTA_trainSet,False,1,4000,2,exp1_permuted_src_datasets
33,15.252665758132935,0.0,1736407006.2460399,,,,0.0009998800078196328,,,,,0.001,1,16,40x40,MatchingNetwork,5,5,Greek,miniImageNet_SOTA_trainSet,False,1,4000,2,exp1_permuted_src_datasets
34,15.388864040374756,0.0,1736407006.3822381,,1.6123313903808594,0.125,,,,,,0.001,1,16,40x40,MatchingNetwork,5,5,Greek,miniImageNet_SOTA_trainSet,False,1,4000,2,exp1_permuted_src_datasets
35,15.38897156715393,0.0,1736407006.3823457,,,,0.0009998640099954728,,,,,0.001,1,16,40x40,MatchingNetwork,5,5,Greek,miniImageNet_SOTA_trainSet,False,1,4000,2,exp1_permuted_src_datasets
36,15.493070363998413,0.0,1736407006.4864445,,1.6210802793502808,0.125,,,,,,0.001,1,16,40x40,MatchingNetwork,5,5,Greek,miniImageNet_SOTA_trainSet,False,1,4000,2,exp1_permuted_src_datasets
37,15.493180513381958,0.0,1736407006.4865546,,,,0.0009998470125962588,,,,,0.001,1,16,40x40,MatchingNetwork,5,5,Greek,miniImageNet_SOTA_trainSet,False,1,4000,2,exp1_permuted_src_datasets
38,15.611379146575928,0.0,1736407006.6047533,,1.6633517742156982,0.25,,,,,,0.001,1,16,40x40,MatchingNetwork,5,5,Greek,miniImageNet_SOTA_trainSet,False,1,4000,2,exp1_permuted_src_datasets
39,15.611497640609741,0.0,1736407006.6048717,,,,0.0009998290156739765,,,,,0.001,1,16,40x40,MatchingNetwork,5,5,Greek,miniImageNet_SOTA_trainSet,False,1,4000,2,exp1_permuted_src_datasets
40,15.742822408676147,0.0,1736407006.7361965,,1.5609570741653442,0.125,,,,,,0.001,1,16,40x40,MatchingNetwork,5,5,Greek,miniImageNet_SOTA_trainSet,False,1,4000,2,exp1_permuted_src_datasets
41,15.742964506149292,0.0,1736407006.7363386,,,,0.0009998100192836101,,,,,0.001,1,16,40x40,MatchingNetwork,5,5,Greek,miniImageNet_SOTA_trainSet,False,1,4000,2,exp1_permuted_src_datasets
42,15.83221173286438,0.0,1736407006.8255858,,1.6661750078201294,0.0,,,,,,0.001,1,16,40x40,MatchingNetwork,5,5,Greek,miniImageNet_SOTA_trainSet,False,1,4000,2,exp1_permuted_src_datasets
43,15.83233642578125,0.0,1736407006.8257105,,,,0.0009997900234831405,,,,,0.001,1,16,40x40,MatchingNetwork,5,5,Greek,miniImageNet_SOTA_trainSet,False,1,4000,2,exp1_permuted_src_datasets
44,15.92813491821289,0.0,1736407006.921509,,1.5615438222885132,0.375,,,,,,0.001,1,16,40x40,MatchingNetwork,5,5,Greek,miniImageNet_SOTA_trainSet,False,1,4000,2,exp1_permuted_src_datasets
45,15.928264141082764,0.0,1736407006.9216383,,,,0.0009997690283335455,,,,,0.001,1,16,40x40,MatchingNetwork,5,5,Greek,miniImageNet_SOTA_trainSet,False,1,4000,2,exp1_permuted_src_datasets
46,16.036953449249268,0.0,1736407007.0303276,,1.5689811706542969,0.375,,,,,,0.001,1,16,40x40,MatchingNetwork,5,5,Greek,miniImageNet_SOTA_trainSet,False,1,4000,2,exp1_permuted_src_datasets
47,16.037092924118042,0.0,1736407007.030467,,,,0.0009997470338987998,,,,,0.001,1,16,40x40,MatchingNetwork,5,5,Greek,miniImageNet_SOTA_trainSet,False,1,4000,2,exp1_permuted_src_datasets
48,16.155421257019043,0.0,1736407007.1487954,,1.5902491807937622,0.25,,,,,,0.001,1,16,40x40,MatchingNetwork,5,5,Greek,miniImageNet_SOTA_trainSet,False,1,4000,2,exp1_permuted_src_datasets
49,16.155564308166504,0.0,1736407007.1489384,,,,0.0009997240402458741,,,,,0.001,1,16,40x40,MatchingNetwork,5,5,Greek,miniImageNet_SOTA_trainSet,False,1,4000,2,exp1_permuted_src_datasets
50,16.280502557754517,0.0,1736407007.2738767,,1.6058154106140137,0.4375,,,,,,0.001,1,16,40x40,MatchingNetwork,5,5,Greek,miniImageNet_SOTA_trainSet,False,1,4000,2,exp1_permuted_src_datasets
51,16.28063464164734,0.0,1736407007.2740088,,,,0.0009997000474447355,,,,,0.001,1,16,40x40,MatchingNetwork,5,5,Greek,miniImageNet_SOTA_trainSet,False,1,4000,2,exp1_permuted_src_datasets
52,16.397260904312134,0.0,1736407007.390635,,1.619899868965149,0.0625,,,,,,0.001,1,16,40x40,MatchingNetwork,5,5,Greek,miniImageNet_SOTA_trainSet,False,1,4000,2,exp1_permuted_src_datasets
53,16.39738368988037,0.0,1736407007.3907578,,,,0.0009996750555683464,,,,,0.001,1,16,40x40,MatchingNetwork,5,5,Greek,miniImageNet_SOTA_trainSet,False,1,4000,2,exp1_permuted_src_datasets
54,16.535810470581055,0.0,1736407007.5291846,,1.6098580360412598,0.1875,,,,,,0.001,1,16,40x40,MatchingNetwork,5,5,Greek,miniImageNet_SOTA_trainSet,False,1,4000,2,exp1_permuted_src_datasets
55,16.535967111587524,0.0,1736407007.5293412,,,,0.0009996490646926642,,,,,0.001,1,16,40x40,MatchingNetwork,5,5,Greek,miniImageNet_SOTA_trainSet,False,1,4000,2,exp1_permuted_src_datasets
56,16.64979338645935,0.0,1736407007.6431675,,1.5658597946166992,0.125,,,,,,0.001,1,16,40x40,MatchingNetwork,5,5,Greek,miniImageNet_SOTA_trainSet,False,1,4000,2,exp1_permuted_src_datasets
57,16.649932622909546,0.0,1736407007.6433067,,,,0.000999622074896642,,,,,0.001,1,16,40x40,MatchingNetwork,5,5,Greek,miniImageNet_SOTA_trainSet,False,1,4000,2,exp1_permuted_src_datasets
58,16.771376848220825,0.0,1736407007.764751,,1.6164332628250122,0.375,,,,,,0.001,1,16,40x40,MatchingNetwork,5,5,Greek,miniImageNet_SOTA_trainSet,False,1,4000,2,exp1_permuted_src_datasets
59,16.771509885787964,0.0,1736407007.764884,,,,0.0009995940862622267,,,,,0.001,1,16,40x40,MatchingNetwork,5,5,Greek,miniImageNet_SOTA_trainSet,False,1,4000,2,exp1_permuted_src_datasets
60,16.900155782699585,0.0,1736407007.89353,,1.594638705253601,0.25,,,,,,0.001,1,16,40x40,MatchingNetwork,5,5,Greek,miniImageNet_SOTA_trainSet,False,1,4000,2,exp1_permuted_src_datasets
61,16.900300979614258,0.0,1736407007.893675,,,,0.0009995650988743592,,,,,0.001,1,16,40x40,MatchingNetwork,5,5,Greek,miniImageNet_SOTA_trainSet,False,1,4000,2,exp1_permuted_src_datasets
62,17.01168179512024,0.0,1736407008.005056,,1.6141115427017212,0.25,,,,,,0.001,1,16,40x40,MatchingNetwork,5,5,Greek,miniImageNet_SOTA_trainSet,False,1,4000,2,exp1_permuted_src_datasets
63,17.011823892593384,0.0,1736407008.005198,,,,0.0009995351128209745,,,,,0.001,1,16,40x40,MatchingNetwork,5,5,Greek,miniImageNet_SOTA_trainSet,False,1,4000,2,exp1_permuted_src_datasets
64,17.135855674743652,0.0,1736407008.1292298,,1.6005058288574219,0.125,,,,,,0.001,1,16,40x40,MatchingNetwork,5,5,Greek,miniImageNet_SOTA_trainSet,False,1,4000,2,exp1_permuted_src_datasets
65,17.13601279258728,0.0,1736407008.129387,,,,0.0009995041281930007,,,,,0.001,1,16,40x40,MatchingNetwork,5,5,Greek,miniImageNet_SOTA_trainSet,False,1,4000,2,exp1_permuted_src_datasets
66,17.270507335662842,0.0,1736407008.2638814,,1.576395869255066,0.125,,,,,,0.001,1,16,40x40,MatchingNetwork,5,5,Greek,miniImageNet_SOTA_trainSet,False,1,4000,2,exp1_permuted_src_datasets
67,17.270649909973145,0.0,1736407008.264024,,,,0.0009994721450843579,,,,,0.001,1,16,40x40,MatchingNetwork,5,5,Greek,miniImageNet_SOTA_trainSet,False,1,4000,2,exp1_permuted_src_datasets
68,17.383105278015137,0.0,1736407008.3764794,,1.6165897846221924,0.125,,,,,,0.001,1,16,40x40,MatchingNetwork,5,5,Greek,miniImageNet_SOTA_trainSet,False,1,4000,2,exp1_permuted_src_datasets
69,17.383233070373535,0.0,1736407008.3766072,,,,0.0009994391635919594,,,,,0.001,1,16,40x40,MatchingNetwork,5,5,Greek,miniImageNet_SOTA_trainSet,False,1,4000,2,exp1_permuted_src_datasets
70,17.5021014213562,0.0,1736407008.4954755,,1.5964672565460205,0.3125,,,,,,0.001,1,16,40x40,MatchingNetwork,5,5,Greek,miniImageNet_SOTA_trainSet,False,1,4000,2,exp1_permuted_src_datasets
71,17.502230405807495,0.0,1736407008.4956045,,,,0.0009994051838157095,,,,,0.001,1,16,40x40,MatchingNetwork,5,5,Greek,miniImageNet_SOTA_trainSet,False,1,4000,2,exp1_permuted_src_datasets
72,17.60624122619629,0.0,1736407008.5996153,,1.5721327066421509,0.3125,,,,,,0.001,1,16,40x40,MatchingNetwork,5,5,Greek,miniImageNet_SOTA_trainSet,False,1,4000,2,exp1_permuted_src_datasets
73,17.606390953063965,0.0,1736407008.599765,,,,0.0009993702058585044,,,,,0.001,1,16,40x40,MatchingNetwork,5,5,Greek,miniImageNet_SOTA_trainSet,False,1,4000,2,exp1_permuted_src_datasets
74,17.72314476966858,0.0,1736407008.7165189,,1.6185191869735718,0.25,,,,,,0.001,1,16,40x40,MatchingNetwork,5,5,Greek,miniImageNet_SOTA_trainSet,False,1,4000,2,exp1_permuted_src_datasets
75,17.72330093383789,0.0,1736407008.716675,,,,0.0009993342298262307,,,,,0.001,1,16,40x40,MatchingNetwork,5,5,Greek,miniImageNet_SOTA_trainSet,False,1,4000,2,exp1_permuted_src_datasets
76,17.832963705062866,0.0,1736407008.8263378,,1.590966820716858,0.3125,,,,,,0.001,1,16,40x40,MatchingNetwork,5,5,Greek,miniImageNet_SOTA_trainSet,False,1,4000,2,exp1_permuted_src_datasets
77,17.833120584487915,0.0,1736407008.8264947,,,,0.000999297255827765,,,,,0.001,1,16,40x40,MatchingNetwork,5,5,Greek,miniImageNet_SOTA_trainSet,False,1,4000,2,exp1_permuted_src_datasets
78,17.951860666275024,0.0,1736407008.9452348,,1.6343563795089722,0.25,,,,,,0.001,1,16,40x40,MatchingNetwork,5,5,Greek,miniImageNet_SOTA_trainSet,False,1,4000,2,exp1_permuted_src_datasets
79,17.95202374458313,0.0,1736407008.9453979,,,,0.000999259283974974,,,,,0.001,1,16,40x40,MatchingNetwork,5,5,Greek,miniImageNet_SOTA_trainSet,False,1,4000,2,exp1_permuted_src_datasets
80,18.086567640304565,0.0,1736407009.0799417,,1.6466611623764038,0.25,,,,,,0.001,1,16,40x40,MatchingNetwork,5,5,Greek,miniImageNet_SOTA_trainSet,False,1,4000,2,exp1_permuted_src_datasets
81,18.086730003356934,0.0,1736407009.080104,,,,0.000999220314382713,,,,,0.001,1,16,40x40,MatchingNetwork,5,5,Greek,miniImageNet_SOTA_trainSet,False,1,4000,2,exp1_permuted_src_datasets
82,18.19521450996399,0.0,1736407009.1885886,,1.593940019607544,0.125,,,,,,0.001,1,16,40x40,MatchingNetwork,5,5,Greek,miniImageNet_SOTA_trainSet,False,1,4000,2,exp1_permuted_src_datasets
83,18.195343494415283,0.0,1736407009.1887176,,,,0.0009991803471688264,,,,,0.001,1,16,40x40,MatchingNetwork,5,5,Greek,miniImageNet_SOTA_trainSet,False,1,4000,2,exp1_permuted_src_datasets
84,18.314207315444946,0.0,1736407009.3075814,,1.6272192001342773,0.125,,,,,,0.001,1,16,40x40,MatchingNetwork,5,5,Greek,miniImageNet_SOTA_trainSet,False,1,4000,2,exp1_permuted_src_datasets
85,18.314344882965088,0.0,1736407009.307719,,,,0.0009991393824541458,,,,,0.001,1,16,40x40,MatchingNetwork,5,5,Greek,miniImageNet_SOTA_trainSet,False,1,4000,2,exp1_permuted_src_datasets
86,18.4268217086792,0.0,1736407009.4201958,,1.6497586965560913,0.125,,,,,,0.001,1,16,40x40,MatchingNetwork,5,5,Greek,miniImageNet_SOTA_trainSet,False,1,4000,2,exp1_permuted_src_datasets
87,18.42692756652832,0.0,1736407009.4203017,,,,0.0009990974203624905,,,,,0.001,1,16,40x40,MatchingNetwork,5,5,Greek,miniImageNet_SOTA_trainSet,False,1,4000,2,exp1_permuted_src_datasets
88,18.523993015289307,0.0,1736407009.5173671,,1.5679198503494263,0.0625,,,,,,0.001,1,16,40x40,MatchingNetwork,5,5,Greek,miniImageNet_SOTA_trainSet,False,1,4000,2,exp1_permuted_src_datasets
89,18.52409791946411,0.0,1736407009.517472,,,,0.0009990544610206666,,,,,0.001,1,16,40x40,MatchingNetwork,5,5,Greek,miniImageNet_SOTA_trainSet,False,1,4000,2,exp1_permuted_src_datasets
90,18.620237588882446,0.0,1736407009.6136117,,1.6108479499816895,0.1875,,,,,,0.001,1,16,40x40,MatchingNetwork,5,5,Greek,miniImageNet_SOTA_trainSet,False,1,4000,2,exp1_permuted_src_datasets
91,18.62039828300476,0.0,1736407009.6137724,,,,0.000999010504558466,,,,,0.001,1,16,40x40,MatchingNetwork,5,5,Greek,miniImageNet_SOTA_trainSet,False,1,4000,2,exp1_permuted_src_datasets
92,18.72849941253662,0.0,1736407009.7218735,,1.608841061592102,0.375,,,,,,0.001,1,16,40x40,MatchingNetwork,5,5,Greek,miniImageNet_SOTA_trainSet,False,1,4000,2,exp1_permuted_src_datasets
93,18.7286376953125,0.0,1736407009.7220118,,,,0.000998965551108666,,,,,0.001,1,16,40x40,MatchingNetwork,5,5,Greek,miniImageNet_SOTA_trainSet,False,1,4000,2,exp1_permuted_src_datasets
94,18.820858478546143,0.0,1736407009.8142326,,1.6417694091796875,0.125,,,,,,0.001,1,16,40x40,MatchingNetwork,5,5,Greek,miniImageNet_SOTA_trainSet,False,1,4000,2,exp1_permuted_src_datasets
95,18.82098650932312,0.0,1736407009.8143606,,,,0.000998919600807029,,,,,0.001,1,16,40x40,MatchingNetwork,5,5,Greek,miniImageNet_SOTA_trainSet,False,1,4000,2,exp1_permuted_src_datasets
96,18.934187650680542,0.0,1736407009.9275618,,1.6051914691925049,0.3125,,,,,,0.001,1,16,40x40,MatchingNetwork,5,5,Greek,miniImageNet_SOTA_trainSet,False,1,4000,2,exp1_permuted_src_datasets
97,18.934311151504517,0.0,1736407009.9276853,,,,0.0009988726537923007,,,,,0.001,1,16,40x40,MatchingNetwork,5,5,Greek,miniImageNet_SOTA_trainSet,False,1,4000,2,exp1_permuted_src_datasets
98,19.0482017993927,0.0,1736407010.041576,,1.5479236841201782,0.3125,,,,,,0.001,1,16,40x40,MatchingNetwork,5,5,Greek,miniImageNet_SOTA_trainSet,False,1,4000,2,exp1_permuted_src_datasets
99,19.04831886291504,0.0,1736407010.041693,,,,0.0009988247102062108,,,,,0.001,1,16,40x40,MatchingNetwork,5,5,Greek,miniImageNet_SOTA_trainSet,False,1,4000,2,exp1_permuted_src_datasets
100,19.14618730545044,0.0,1736407010.1395614,,1.531996488571167,0.25,,,,,,0.001,1,16,40x40,MatchingNetwork,5,5,Greek,miniImageNet_SOTA_trainSet,False,1,4000,2,exp1_permuted_src_datasets
101,19.146318674087524,0.0,1736407010.1396928,,,,0.0009987757701934714,,,,,0.001,1,16,40x40,MatchingNetwork,5,5,Greek,miniImageNet_SOTA_trainSet,False,1,4000,2,exp1_permuted_src_datasets
102,19.271236658096313,0.0,1736407010.2646108,,1.6332699060440063,0.0625,,,,,,0.001,1,16,40x40,MatchingNetwork,5,5,Greek,miniImageNet_SOTA_trainSet,False,1,4000,2,exp1_permuted_src_datasets
103,19.271370887756348,0.0,1736407010.264745,,,,0.0009987258339017762,,,,,0.001,1,16,40x40,MatchingNetwork,5,5,Greek,miniImageNet_SOTA_trainSet,False,1,4000,2,exp1_permuted_src_datasets
104,19.40012836456299,0.0,1736407010.3935025,,1.5903680324554443,0.1875,,,,,,0.001,1,16,40x40,MatchingNetwork,5,5,Greek,miniImageNet_SOTA_trainSet,False,1,4000,2,exp1_permuted_src_datasets
105,19.400256872177124,0.0,1736407010.393631,,,,0.0009986749014818006,,,,,0.001,1,16,40x40,MatchingNetwork,5,5,Greek,miniImageNet_SOTA_trainSet,False,1,4000,2,exp1_permuted_src_datasets
106,19.50687265396118,0.0,1736407010.5002468,,1.5969945192337036,0.375,,,,,,0.001,1,16,40x40,MatchingNetwork,5,5,Greek,miniImageNet_SOTA_trainSet,False,1,4000,2,exp1_permuted_src_datasets
107,19.507023096084595,0.0,1736407010.5003972,,,,0.0009986229730872002,,,,,0.001,1,16,40x40,MatchingNetwork,5,5,Greek,miniImageNet_SOTA_trainSet,False,1,4000,2,exp1_permuted_src_datasets
108,19.631561040878296,0.0,1736407010.6249352,,1.5972708463668823,0.5625,,,,,,0.001,1,16,40x40,MatchingNetwork,5,5,Greek,miniImageNet_SOTA_trainSet,False,1,4000,2,exp1_permuted_src_datasets
109,19.63170886039734,0.0,1736407010.625083,,,,0.0009985700488746097,,,,,0.001,1,16,40x40,MatchingNetwork,5,5,Greek,miniImageNet_SOTA_trainSet,False,1,4000,2,exp1_permuted_src_datasets
110,19.756471872329712,0.0,1736407010.749846,,1.6065995693206787,0.1875,,,,,,0.001,1,16,40x40,MatchingNetwork,5,5,Greek,miniImageNet_SOTA_trainSet,False,1,4000,2,exp1_permuted_src_datasets
111,19.75660753250122,0.0,1736407010.7499816,,,,0.0009985161290036436,,,,,0.001,1,16,40x40,MatchingNetwork,5,5,Greek,miniImageNet_SOTA_trainSet,False,1,4000,2,exp1_permuted_src_datasets
112,19.873490571975708,0.0,1736407010.8668647,,1.5593044757843018,0.25,,,,,,0.001,1,16,40x40,MatchingNetwork,5,5,Greek,miniImageNet_SOTA_trainSet,False,1,4000,2,exp1_permuted_src_datasets
113,19.873629093170166,0.0,1736407010.8670032,,,,0.0009984612136368935,,,,,0.001,1,16,40x40,MatchingNetwork,5,5,Greek,miniImageNet_SOTA_trainSet,False,1,4000,2,exp1_permuted_src_datasets
114,19.98798108100891,0.0,1736407010.9813552,,1.610410451889038,0.25,,,,,,0.001,1,16,40x40,MatchingNetwork,5,5,Greek,miniImageNet_SOTA_trainSet,False,1,4000,2,exp1_permuted_src_datasets
115,19.988147020339966,0.0,1736407010.9815211,,,,0.0009984053029399287,,,,,0.001,1,16,40x40,MatchingNetwork,5,5,Greek,miniImageNet_SOTA_trainSet,False,1,4000,2,exp1_permuted_src_datasets
116,20.092889547348022,0.0,1736407011.0862637,,1.681535243988037,0.0625,,,,,,0.001,1,16,40x40,MatchingNetwork,5,5,Greek,miniImageNet_SOTA_trainSet,False,1,4000,2,exp1_permuted_src_datasets
117,20.09300994873047,0.0,1736407011.086384,,,,0.0009983483970812952,,,,,0.001,1,16,40x40,MatchingNetwork,5,5,Greek,miniImageNet_SOTA_trainSet,False,1,4000,2,exp1_permuted_src_datasets
118,20.22236466407776,0.0,1736407011.2157388,,1.6192175149917603,0.1875,,,,,,0.001,1,16,40x40,MatchingNetwork,5,5,Greek,miniImageNet_SOTA_trainSet,False,1,4000,2,exp1_permuted_src_datasets
119,20.222516775131226,0.0,1736407011.215891,,,,0.0009982904962325138,,,,,0.001,1,16,40x40,MatchingNetwork,5,5,Greek,miniImageNet_SOTA_trainSet,False,1,4000,2,exp1_permuted_src_datasets
120,20.349960327148438,0.0,1736407011.3433344,,1.647460699081421,0.125,,,,,,0.001,1,16,40x40,MatchingNetwork,5,5,Greek,miniImageNet_SOTA_trainSet,False,1,4000,2,exp1_permuted_src_datasets
121,20.350117921829224,0.0,1736407011.343492,,,,0.0009982316005680803,,,,,0.001,1,16,40x40,MatchingNetwork,5,5,Greek,miniImageNet_SOTA_trainSet,False,1,4000,2,exp1_permuted_src_datasets
122,20.471241235733032,0.0,1736407011.4646153,,1.6011698246002197,0.125,,,,,,0.001,1,16,40x40,MatchingNetwork,5,5,Greek,miniImageNet_SOTA_trainSet,False,1,4000,2,exp1_permuted_src_datasets
123,20.47139263153076,0.0,1736407011.4647667,,,,0.0009981717102654645,,,,,0.001,1,16,40x40,MatchingNetwork,5,5,Greek,miniImageNet_SOTA_trainSet,False,1,4000,2,exp1_permuted_src_datasets
124,20.589041709899902,0.0,1736407011.5824158,,1.6715977191925049,0.375,,,,,,0.001,1,16,40x40,MatchingNetwork,5,5,Greek,miniImageNet_SOTA_trainSet,False,1,4000,2,exp1_permuted_src_datasets
125,20.589198112487793,0.0,1736407011.5825722,,,,0.0009981108255051085,,,,,0.001,1,16,40x40,MatchingNetwork,5,5,Greek,miniImageNet_SOTA_trainSet,False,1,4000,2,exp1_permuted_src_datasets
126,20.685425758361816,0.0,1736407011.6787999,,1.575199007987976,0.25,,,,,,0.001,1,16,40x40,MatchingNetwork,5,5,Greek,miniImageNet_SOTA_trainSet,False,1,4000,2,exp1_permuted_src_datasets
127,20.685580492019653,0.0,1736407011.6789546,,,,0.0009980489464704273,,,,,0.001,1,16,40x40,MatchingNetwork,5,5,Greek,miniImageNet_SOTA_trainSet,False,1,4000,2,exp1_permuted_src_datasets
128,20.811274766921997,0.0,1736407011.8046489,,1.6090434789657593,0.25,,,,,,0.001,1,16,40x40,MatchingNetwork,5,5,Greek,miniImageNet_SOTA_trainSet,False,1,4000,2,exp1_permuted_src_datasets
129,20.811434745788574,0.0,1736407011.8048089,,,,0.0009979860733478065,,,,,0.001,1,16,40x40,MatchingNetwork,5,5,Greek,miniImageNet_SOTA_trainSet,False,1,4000,2,exp1_permuted_src_datasets
130,20.935660362243652,0.0,1736407011.9290345,,1.569431185722351,0.1875,,,,,,0.001,1,16,40x40,MatchingNetwork,5,5,Greek,miniImageNet_SOTA_trainSet,False,1,4000,2,exp1_permuted_src_datasets
131,20.93581986427307,0.0,1736407011.929194,,,,0.0009979222063266015,,,,,0.001,1,16,40x40,MatchingNetwork,5,5,Greek,miniImageNet_SOTA_trainSet,False,1,4000,2,exp1_permuted_src_datasets
132,21.05420684814453,0.0,1736407012.047581,,1.6161015033721924,0.0625,,,,,,0.001,1,16,40x40,MatchingNetwork,5,5,Greek,miniImageNet_SOTA_trainSet,False,1,4000,2,exp1_permuted_src_datasets
133,21.054362535476685,0.0,1736407012.0477366,,,,0.0009978573455991376,,,,,0.001,1,16,40x40,MatchingNetwork,5,5,Greek,miniImageNet_SOTA_trainSet,False,1,4000,2,exp1_permuted_src_datasets
134,21.13573980331421,0.0,1736407012.129114,,1.5774919986724854,0.375,,,,,,0.001,1,16,40x40,MatchingNetwork,5,5,Greek,miniImageNet_SOTA_trainSet,False,1,4000,2,exp1_permuted_src_datasets
135,21.13585877418518,0.0,1736407012.129233,,,,0.000997791491360708,,,,,0.001,1,16,40x40,MatchingNetwork,5,5,Greek,miniImageNet_SOTA_trainSet,False,1,4000,2,exp1_permuted_src_datasets
136,21.236817359924316,0.0,1736407012.2301915,,1.6786439418792725,0.1875,,,,,,0.001,1,16,40x40,MatchingNetwork,5,5,Greek,miniImageNet_SOTA_trainSet,False,1,4000,2,exp1_permuted_src_datasets
137,21.23694396018982,0.0,1736407012.230318,,,,0.0009977246438095727,,,,,0.001,1,16,40x40,MatchingNetwork,5,5,Greek,miniImageNet_SOTA_trainSet,False,1,4000,2,exp1_permuted_src_datasets
138,21.33946943283081,0.0,1736407012.3328435,,1.6105037927627563,0.25,,,,,,0.001,1,16,40x40,MatchingNetwork,5,5,Greek,miniImageNet_SOTA_trainSet,False,1,4000,2,exp1_permuted_src_datasets
139,21.33959674835205,0.0,1736407012.3329709,,,,0.0009976568031469586,,,,,0.001,1,16,40x40,MatchingNetwork,5,5,Greek,miniImageNet_SOTA_trainSet,False,1,4000,2,exp1_permuted_src_datasets
140,21.465378284454346,0.0,1736407012.4587524,,1.6322609186172485,0.125,,,,,,0.001,1,16,40x40,MatchingNetwork,5,5,Greek,miniImageNet_SOTA_trainSet,False,1,4000,2,exp1_permuted_src_datasets
141,21.46549367904663,0.0,1736407012.4588678,,,,0.0009975879695770578,,,,,0.001,1,16,40x40,MatchingNetwork,5,5,Greek,miniImageNet_SOTA_trainSet,False,1,4000,2,exp1_permuted_src_datasets
142,21.567893028259277,0.0,1736407012.5612671,,1.565643072128296,0.1875,,,,,,0.001,1,16,40x40,MatchingNetwork,5,5,Greek,miniImageNet_SOTA_trainSet,False,1,4000,2,exp1_permuted_src_datasets
143,21.56805992126465,0.0,1736407012.561434,,,,0.0009975181433070264,,,,,0.001,1,16,40x40,MatchingNetwork,5,5,Greek,miniImageNet_SOTA_trainSet,False,1,4000,2,exp1_permuted_src_datasets
144,21.657639026641846,0.0,1736407012.6510131,,1.616910457611084,0.125,,,,,,0.001,1,16,40x40,MatchingNetwork,5,5,Greek,miniImageNet_SOTA_trainSet,False,1,4000,2,exp1_permuted_src_datasets
145,21.657764673233032,0.0,1736407012.6511388,,,,0.0009974473245469835,,,,,0.001,1,16,40x40,MatchingNetwork,5,5,Greek,miniImageNet_SOTA_trainSet,False,1,4000,2,exp1_permuted_src_datasets
146,21.766164779663086,0.0,1736407012.759539,,1.6259613037109375,0.3125,,,,,,0.001,1,16,40x40,MatchingNetwork,5,5,Greek,miniImageNet_SOTA_trainSet,False,1,4000,2,exp1_permuted_src_datasets
147,21.766289949417114,0.0,1736407012.759664,,,,0.0009973755135100108,,,,,0.001,1,16,40x40,MatchingNetwork,5,5,Greek,miniImageNet_SOTA_trainSet,False,1,4000,2,exp1_permuted_src_datasets
148,21.87823796272278,0.0,1736407012.871612,,1.6616675853729248,0.25,,,,,,0.001,1,16,40x40,MatchingNetwork,5,5,Greek,miniImageNet_SOTA_trainSet,False,1,4000,2,exp1_permuted_src_datasets
149,21.87839388847351,0.0,1736407012.871768,,,,0.0009973027104121506,,,,,0.001,1,16,40x40,MatchingNetwork,5,5,Greek,miniImageNet_SOTA_trainSet,False,1,4000,2,exp1_permuted_src_datasets
150,21.98309588432312,0.0,1736407012.97647,,1.6224091053009033,0.1875,,,,,,0.001,1,16,40x40,MatchingNetwork,5,5,Greek,miniImageNet_SOTA_trainSet,False,1,4000,2,exp1_permuted_src_datasets
151,21.983221530914307,0.0,1736407012.9765956,,,,0.0009972289154724057,,,,,0.001,1,16,40x40,MatchingNetwork,5,5,Greek,miniImageNet_SOTA_trainSet,False,1,4000,2,exp1_permuted_src_datasets
152,22.10677170753479,0.0,1736407013.1001458,,1.6156085729599,0.125,,,,,,0.001,1,16,40x40,MatchingNetwork,5,5,Greek,miniImageNet_SOTA_trainSet,False,1,4000,2,exp1_permuted_src_datasets
153,22.106893062591553,0.0,1736407013.1002672,,,,0.0009971541289127371,,,,,0.001,1,16,40x40,MatchingNetwork,5,5,Greek,miniImageNet_SOTA_trainSet,False,1,4000,2,exp1_permuted_src_datasets
154,22.228965044021606,0.0,1736407013.2223392,,1.627827525138855,0.0,,,,,,0.001,1,16,40x40,MatchingNetwork,5,5,Greek,miniImageNet_SOTA_trainSet,False,1,4000,2,exp1_permuted_src_datasets
155,22.229084730148315,0.0,1736407013.2224588,,,,0.0009970783509580645,,,,,0.001,1,16,40x40,MatchingNetwork,5,5,Greek,miniImageNet_SOTA_trainSet,False,1,4000,2,exp1_permuted_src_datasets
156,22.338157653808594,0.0,1736407013.3315318,,1.6182118654251099,0.375,,,,,,0.001,1,16,40x40,MatchingNetwork,5,5,Greek,miniImageNet_SOTA_trainSet,False,1,4000,2,exp1_permuted_src_datasets
157,22.338276147842407,0.0,1736407013.3316503,,,,0.000997001581836263,,,,,0.001,1,16,40x40,MatchingNetwork,5,5,Greek,miniImageNet_SOTA_trainSet,False,1,4000,2,exp1_permuted_src_datasets
158,22.44894814491272,0.0,1736407013.4423223,,1.6146166324615479,0.1875,,,,,,0.001,1,16,40x40,MatchingNetwork,5,5,Greek,miniImageNet_SOTA_trainSet,False,1,4000,2,exp1_permuted_src_datasets
159,22.449065923690796,0.0,1736407013.44244,,,,0.0009969238217781642,,,,,0.001,1,16,40x40,MatchingNetwork,5,5,Greek,miniImageNet_SOTA_trainSet,False,1,4000,2,exp1_permuted_src_datasets
160,22.56193447113037,0.0,1736407013.5553086,,1.6086610555648804,0.3125,,,,,,0.001,1,16,40x40,MatchingNetwork,5,5,Greek,miniImageNet_SOTA_trainSet,False,1,4000,2,exp1_permuted_src_datasets
161,22.562106609344482,0.0,1736407013.5554807,,,,0.000996845071017554,,,,,0.001,1,16,40x40,MatchingNetwork,5,5,Greek,miniImageNet_SOTA_trainSet,False,1,4000,2,exp1_permuted_src_datasets
162,22.696849584579468,0.0,1736407013.6902237,,1.627066969871521,0.0625,,,,,,0.001,1,16,40x40,MatchingNetwork,5,5,Greek,miniImageNet_SOTA_trainSet,False,1,4000,2,exp1_permuted_src_datasets
163,22.69700837135315,0.0,1736407013.6903825,,,,0.0009967653297911707,,,,,0.001,1,16,40x40,MatchingNetwork,5,5,Greek,miniImageNet_SOTA_trainSet,False,1,4000,2,exp1_permuted_src_datasets
164,22.814258813858032,0.0,1736407013.807633,,1.6114126443862915,0.25,,,,,,0.001,1,16,40x40,MatchingNetwork,5,5,Greek,miniImageNet_SOTA_trainSet,False,1,4000,2,exp1_permuted_src_datasets
165,22.814412355422974,0.0,1736407013.8077865,,,,0.0009966845983387053,,,,,0.001,1,16,40x40,MatchingNetwork,5,5,Greek,miniImageNet_SOTA_trainSet,False,1,4000,2,exp1_permuted_src_datasets
166,22.945380926132202,0.0,1736407013.938755,,1.6530708074569702,0.1875,,,,,,0.001,1,16,40x40,MatchingNetwork,5,5,Greek,miniImageNet_SOTA_trainSet,False,1,4000,2,exp1_permuted_src_datasets
167,22.94554352760315,0.0,1736407013.9389176,,,,0.0009966028769027994,,,,,0.001,1,16,40x40,MatchingNetwork,5,5,Greek,miniImageNet_SOTA_trainSet,False,1,4000,2,exp1_permuted_src_datasets
168,23.080314874649048,0.0,1736407014.073689,,1.5664891004562378,0.25,,,,,,0.001,1,16,40x40,MatchingNetwork,5,5,Greek,miniImageNet_SOTA_trainSet,False,1,4000,2,exp1_permuted_src_datasets
169,23.080475330352783,0.0,1736407014.0738494,,,,0.0009965201657290439,,,,,0.001,1,16,40x40,MatchingNetwork,5,5,Greek,miniImageNet_SOTA_trainSet,False,1,4000,2,exp1_permuted_src_datasets
170,23.206085205078125,0.0,1736407014.1994593,,1.6265419721603394,0.3125,,,,,,0.001,1,16,40x40,MatchingNetwork,5,5,Greek,miniImageNet_SOTA_trainSet,False,1,4000,2,exp1_permuted_src_datasets
171,23.20624041557312,0.0,1736407014.1996145,,,,0.0009964364650659784,,,,,0.001,1,16,40x40,MatchingNetwork,5,5,Greek,miniImageNet_SOTA_trainSet,False,1,4000,2,exp1_permuted_src_datasets
172,23.340718984603882,0.0,1736407014.334093,,1.6179074048995972,0.3125,,,,,,0.001,1,16,40x40,MatchingNetwork,5,5,Greek,miniImageNet_SOTA_trainSet,False,1,4000,2,exp1_permuted_src_datasets
173,23.3408625125885,0.0,1736407014.3342366,,,,0.0009963517751650896,,,,,0.001,1,16,40x40,MatchingNetwork,5,5,Greek,miniImageNet_SOTA_trainSet,False,1,4000,2,exp1_permuted_src_datasets
174,23.465742111206055,0.0,1736407014.4591162,,1.652617335319519,0.3125,,,,,,0.001,1,16,40x40,MatchingNetwork,5,5,Greek,miniImageNet_SOTA_trainSet,False,1,4000,2,exp1_permuted_src_datasets
175,23.465956211090088,0.0,1736407014.4593303,,,,0.0009962660962808095,,,,,0.001,1,16,40x40,MatchingNetwork,5,5,Greek,miniImageNet_SOTA_trainSet,False,1,4000,2,exp1_permuted_src_datasets
176,23.57901406288147,0.0,1736407014.5723882,,1.587242603302002,0.3125,,,,,,0.001,1,16,40x40,MatchingNetwork,5,5,Greek,miniImageNet_SOTA_trainSet,False,1,4000,2,exp1_permuted_src_datasets
177,23.57913088798523,0.0,1736407014.572505,,,,0.0009961794286705151,,,,,0.001,1,16,40x40,MatchingNetwork,5,5,Greek,miniImageNet_SOTA_trainSet,False,1,4000,2,exp1_permuted_src_datasets
178,23.697142839431763,0.0,1736407014.690517,,1.6464638710021973,0.1875,,,,,,0.001,1,16,40x40,MatchingNetwork,5,5,Greek,miniImageNet_SOTA_trainSet,False,1,4000,2,exp1_permuted_src_datasets
179,23.69728374481201,0.0,1736407014.6906579,,,,0.0009960917725945267,,,,,0.001,1,16,40x40,MatchingNetwork,5,5,Greek,miniImageNet_SOTA_trainSet,False,1,4000,2,exp1_permuted_src_datasets
180,23.834523677825928,0.0,1736407014.8278978,,1.5769237279891968,0.375,,,,,,0.001,1,16,40x40,MatchingNetwork,5,5,Greek,miniImageNet_SOTA_trainSet,False,1,4000,2,exp1_permuted_src_datasets
181,23.834665298461914,0.0,1736407014.8280394,,,,0.0009960031283161065,,,,,0.001,1,16,40x40,MatchingNetwork,5,5,Greek,miniImageNet_SOTA_trainSet,False,1,4000,2,exp1_permuted_src_datasets
182,24.146775484085083,0.0,1736407015.1401496,,1.6138843297958374,0.25,,,,,,0.001,1,16,40x40,MatchingNetwork,5,5,Greek,miniImageNet_SOTA_trainSet,False,1,4000,2,exp1_permuted_src_datasets
183,24.146907567977905,0.0,1736407015.1402817,,,,0.0009959134961014574,,,,,0.001,1,16,40x40,MatchingNetwork,5,5,Greek,miniImageNet_SOTA_trainSet,False,1,4000,2,exp1_permuted_src_datasets
184,24.27157497406006,0.0,1736407015.264949,,1.4752624034881592,0.25,,,,,,0.001,1,16,40x40,MatchingNetwork,5,5,Greek,miniImageNet_SOTA_trainSet,False,1,4000,2,exp1_permuted_src_datasets
185,24.27170491218567,0.0,1736407015.265079,,,,0.0009958228762197213,,,,,0.001,1,16,40x40,MatchingNetwork,5,5,Greek,miniImageNet_SOTA_trainSet,False,1,4000,2,exp1_permuted_src_datasets
186,24.390284299850464,0.0,1736407015.3836584,,1.6006633043289185,0.1875,,,,,,0.001,1,16,40x40,MatchingNetwork,5,5,Greek,miniImageNet_SOTA_trainSet,False,1,4000,2,exp1_permuted_src_datasets
187,24.39039421081543,0.0,1736407015.3837683,,,,0.0009957312689429785,,,,,0.001,1,16,40x40,MatchingNetwork,5,5,Greek,miniImageNet_SOTA_trainSet,False,1,4000,2,exp1_permuted_src_datasets
188,24.501526355743408,0.0,1736407015.4949005,,1.6056965589523315,0.375,,,,,,0.001,1,16,40x40,MatchingNetwork,5,5,Greek,miniImageNet_SOTA_trainSet,False,1,4000,2,exp1_permuted_src_datasets
189,24.501636743545532,0.0,1736407015.4950109,,,,0.0009956386745462458,,,,,0.001,1,16,40x40,MatchingNetwork,5,5,Greek,miniImageNet_SOTA_trainSet,False,1,4000,2,exp1_permuted_src_datasets
190,24.63315200805664,0.0,1736407015.626526,,1.5946762561798096,0.3125,,,,,,0.001,1,16,40x40,MatchingNetwork,5,5,Greek,miniImageNet_SOTA_trainSet,False,1,4000,2,exp1_permuted_src_datasets
191,24.6332745552063,0.0,1736407015.6266487,,,,0.0009955450933074748,,,,,0.001,1,16,40x40,MatchingNetwork,5,5,Greek,miniImageNet_SOTA_trainSet,False,1,4000,2,exp1_permuted_src_datasets
192,24.742266178131104,0.0,1736407015.7356403,,1.5826376676559448,0.25,,,,,,0.001,1,16,40x40,MatchingNetwork,5,5,Greek,miniImageNet_SOTA_trainSet,False,1,4000,2,exp1_permuted_src_datasets
193,24.742385864257812,0.0,1736407015.73576,,,,0.0009954505255075517,,,,,0.001,1,16,40x40,MatchingNetwork,5,5,Greek,miniImageNet_SOTA_trainSet,False,1,4000,2,exp1_permuted_src_datasets
194,24.852136611938477,0.0,1736407015.8455107,,1.5715302228927612,0.1875,,,,,,0.001,1,16,40x40,MatchingNetwork,5,5,Greek,miniImageNet_SOTA_trainSet,False,1,4000,2,exp1_permuted_src_datasets
195,24.852301359176636,0.0,1736407015.8456755,,,,0.0009953549714302942,,,,,0.001,1,16,40x40,MatchingNetwork,5,5,Greek,miniImageNet_SOTA_trainSet,False,1,4000,2,exp1_permuted_src_datasets
196,24.935819625854492,0.0,1736407015.9291937,,1.6164331436157227,0.25,,,,,,0.001,1,16,40x40,MatchingNetwork,5,5,Greek,miniImageNet_SOTA_trainSet,False,1,4000,2,exp1_permuted_src_datasets
197,24.935954809188843,0.0,1736407015.929329,,,,0.000995258431362452,,,,,0.001,1,16,40x40,MatchingNetwork,5,5,Greek,miniImageNet_SOTA_trainSet,False,1,4000,2,exp1_permuted_src_datasets
198,25.052767992019653,0.0,1736407016.046142,,1.5966423749923706,0.1875,,,,,,0.001,1,16,40x40,MatchingNetwork,5,5,Greek,miniImageNet_SOTA_trainSet,False,1,4000,2,exp1_permuted_src_datasets
199,25.052918434143066,0.0,1736407016.0462925,,,,0.000995160905593704,,,,,0.001,1,16,40x40,MatchingNetwork,5,5,Greek,miniImageNet_SOTA_trainSet,False,1,4000,2,exp1_permuted_src_datasets
200,25.16213369369507,0.0,1736407016.1555078,,1.5994921922683716,0.25,,,,,,0.001,1,16,40x40,MatchingNetwork,5,5,Greek,miniImageNet_SOTA_trainSet,False,1,4000,2,exp1_permuted_src_datasets
201,25.162264823913574,0.0,1736407016.155639,,,,0.0009950623944166566,,,,,0.001,1,16,40x40,MatchingNetwork,5,5,Greek,miniImageNet_SOTA_trainSet,False,1,4000,2,exp1_permuted_src_datasets
202,25.299487590789795,0.0,1736407016.2928617,,1.559364914894104,0.375,,,,,,0.001,1,16,40x40,MatchingNetwork,5,5,Greek,miniImageNet_SOTA_trainSet,False,1,4000,2,exp1_permuted_src_datasets
203,25.299621105194092,0.0,1736407016.2929952,,,,0.0009949628981268438,,,,,0.001,1,16,40x40,MatchingNetwork,5,5,Greek,miniImageNet_SOTA_trainSet,False,1,4000,2,exp1_permuted_src_datasets
204,25.39742159843445,0.0,1736407016.3907957,,1.5967798233032227,0.0625,,,,,,0.001,1,16,40x40,MatchingNetwork,5,5,Greek,miniImageNet_SOTA_trainSet,False,1,4000,2,exp1_permuted_src_datasets
205,25.39755153656006,0.0,1736407016.3909256,,,,0.0009948624170227245,,,,,0.001,1,16,40x40,MatchingNetwork,5,5,Greek,miniImageNet_SOTA_trainSet,False,1,4000,2,exp1_permuted_src_datasets
206,25.539785385131836,0.0,1736407016.5331595,,1.5655769109725952,0.3125,,,,,,0.001,1,16,40x40,MatchingNetwork,5,5,Greek,miniImageNet_SOTA_trainSet,False,1,4000,2,exp1_permuted_src_datasets
207,25.53998899459839,0.0,1736407016.533363,,,,0.0009947609514056811,,,,,0.001,1,16,40x40,MatchingNetwork,5,5,Greek,miniImageNet_SOTA_trainSet,False,1,4000,2,exp1_permuted_src_datasets
208,25.632155179977417,0.0,1736407016.6255293,,1.6848981380462646,0.0625,,,,,,0.001,1,16,40x40,MatchingNetwork,5,5,Greek,miniImageNet_SOTA_trainSet,False,1,4000,2,exp1_permuted_src_datasets
209,25.632288217544556,0.0,1736407016.6256623,,,,0.0009946585015800184,,,,,0.001,1,16,40x40,MatchingNetwork,5,5,Greek,miniImageNet_SOTA_trainSet,False,1,4000,2,exp1_permuted_src_datasets
210,25.754020929336548,0.0,1736407016.747395,,1.6134649515151978,0.375,,,,,,0.001,1,16,40x40,MatchingNetwork,5,5,Greek,miniImageNet_SOTA_trainSet,False,1,4000,2,exp1_permuted_src_datasets
211,25.75416088104248,0.0,1736407016.747535,,,,0.0009945550678529616,,,,,0.001,1,16,40x40,MatchingNetwork,5,5,Greek,miniImageNet_SOTA_trainSet,False,1,4000,2,exp1_permuted_src_datasets
212,25.866379261016846,0.0,1736407016.8597534,,1.6201142072677612,0.25,,,,,,0.001,1,16,40x40,MatchingNetwork,5,5,Greek,miniImageNet_SOTA_trainSet,False,1,4000,2,exp1_permuted_src_datasets
213,25.866529941558838,0.0,1736407016.859904,,,,0.0009944506505346555,,,,,0.001,1,16,40x40,MatchingNetwork,5,5,Greek,miniImageNet_SOTA_trainSet,False,1,4000,2,exp1_permuted_src_datasets
214,26.042378187179565,0.0,1736407017.0357523,,1.596667766571045,0.125,,,,,,0.001,1,16,40x40,MatchingNetwork,5,5,Greek,miniImageNet_SOTA_trainSet,False,1,4000,2,exp1_permuted_src_datasets
215,26.04253649711609,0.0,1736407017.0359106,,,,0.0009943452499381622,,,,,0.001,1,16,40x40,MatchingNetwork,5,5,Greek,miniImageNet_SOTA_trainSet,False,1,4000,2,exp1_permuted_src_datasets
216,26.165184497833252,0.0,1736407017.1585586,,1.6186048984527588,0.25,,,,,,0.001,1,16,40x40,MatchingNetwork,5,5,Greek,miniImageNet_SOTA_trainSet,False,1,4000,2,exp1_permuted_src_datasets
217,26.1653413772583,0.0,1736407017.1587155,,,,0.0009942388663794594,,,,,0.001,1,16,40x40,MatchingNetwork,5,5,Greek,miniImageNet_SOTA_trainSet,False,1,4000,2,exp1_permuted_src_datasets
218,26.30408811569214,0.0,1736407017.2974622,,1.5888564586639404,0.3125,,,,,,0.001,1,16,40x40,MatchingNetwork,5,5,Greek,miniImageNet_SOTA_trainSet,False,1,4000,2,exp1_permuted_src_datasets
219,26.304222345352173,0.0,1736407017.2975965,,,,0.0009941315001774404,,,,,0.001,1,16,40x40,MatchingNetwork,5,5,Greek,miniImageNet_SOTA_trainSet,False,1,4000,2,exp1_permuted_src_datasets
220,26.42876172065735,0.0,1736407017.4221358,,1.6190156936645508,0.1875,,,,,,0.001,1,16,40x40,MatchingNetwork,5,5,Greek,miniImageNet_SOTA_trainSet,False,1,4000,2,exp1_permuted_src_datasets
221,26.428870677947998,0.0,1736407017.4222448,,,,0.0009940231516539103,,,,,0.001,1,16,40x40,MatchingNetwork,5,5,Greek,miniImageNet_SOTA_trainSet,False,1,4000,2,exp1_permuted_src_datasets
222,26.541261434555054,0.0,1736407017.5346355,,1.6082037687301636,0.375,,,,,,0.001,1,16,40x40,MatchingNetwork,5,5,Greek,miniImageNet_SOTA_trainSet,False,1,4000,2,exp1_permuted_src_datasets
223,26.541387796401978,0.0,1736407017.534762,,,,0.0009939138211335855,,,,,0.001,1,16,40x40,MatchingNetwork,5,5,Greek,miniImageNet_SOTA_trainSet,False,1,4000,2,exp1_permuted_src_datasets
224,26.666558027267456,0.0,1736407017.6599321,,1.5935163497924805,0.1875,,,,,,0.001,1,16,40x40,MatchingNetwork,5,5,Greek,miniImageNet_SOTA_trainSet,False,1,4000,2,exp1_permuted_src_datasets
225,26.66671872138977,0.0,1736407017.6600928,,,,0.0009938035089440927,,,,,0.001,1,16,40x40,MatchingNetwork,5,5,Greek,miniImageNet_SOTA_trainSet,False,1,4000,2,exp1_permuted_src_datasets
226,26.784974336624146,0.0,1736407017.7783484,,1.6265223026275635,0.25,,,,,,0.001,1,16,40x40,MatchingNetwork,5,5,Greek,miniImageNet_SOTA_trainSet,False,1,4000,2,exp1_permuted_src_datasets
227,26.785122632980347,0.0,1736407017.7784967,,,,0.0009936922154159663,,,,,0.001,1,16,40x40,MatchingNetwork,5,5,Greek,miniImageNet_SOTA_trainSet,False,1,4000,2,exp1_permuted_src_datasets
228,26.910282850265503,0.0,1736407017.903657,,1.6489830017089844,0.0625,,,,,,0.001,1,16,40x40,MatchingNetwork,5,5,Greek,miniImageNet_SOTA_trainSet,False,1,4000,2,exp1_permuted_src_datasets
229,26.910431385040283,0.0,1736407017.9038055,,,,0.0009935799408826466,,,,,0.001,1,16,40x40,MatchingNetwork,5,5,Greek,miniImageNet_SOTA_trainSet,False,1,4000,2,exp1_permuted_src_datasets
230,27.04316544532776,0.0,1736407018.0365396,,1.6205774545669556,0.125,,,,,,0.001,1,16,40x40,MatchingNetwork,5,5,Greek,miniImageNet_SOTA_trainSet,False,1,4000,2,exp1_permuted_src_datasets
231,27.04332137107849,0.0,1736407018.0366955,,,,0.0009934666856804791,,,,,0.001,1,16,40x40,MatchingNetwork,5,5,Greek,miniImageNet_SOTA_trainSet,False,1,4000,2,exp1_permuted_src_datasets
232,27.155305862426758,0.0,1736407018.14868,,1.6195639371871948,0.25,,,,,,0.001,1,16,40x40,MatchingNetwork,5,5,Greek,miniImageNet_SOTA_trainSet,False,1,4000,2,exp1_permuted_src_datasets
233,27.155463457107544,0.0,1736407018.1488376,,,,0.000993352450148712,,,,,0.001,1,16,40x40,MatchingNetwork,5,5,Greek,miniImageNet_SOTA_trainSet,False,1,4000,2,exp1_permuted_src_datasets
234,27.286789417266846,0.0,1736407018.2801635,,1.6183781623840332,0.125,,,,,,0.001,1,16,40x40,MatchingNetwork,5,5,Greek,miniImageNet_SOTA_trainSet,False,1,4000,2,exp1_permuted_src_datasets
235,27.28693985939026,0.0,1736407018.280314,,,,0.000993237234629495,,,,,0.001,1,16,40x40,MatchingNetwork,5,5,Greek,miniImageNet_SOTA_trainSet,False,1,4000,2,exp1_permuted_src_datasets
236,27.39224076271057,0.0,1736407018.3856149,,1.5165605545043945,0.3125,,,,,,0.001,1,16,40x40,MatchingNetwork,5,5,Greek,miniImageNet_SOTA_trainSet,False,1,4000,2,exp1_permuted_src_datasets
237,27.39238452911377,0.0,1736407018.3857586,,,,0.0009931210394678773,,,,,0.001,1,16,40x40,MatchingNetwork,5,5,Greek,miniImageNet_SOTA_trainSet,False,1,4000,2,exp1_permuted_src_datasets
238,27.51806402206421,0.0,1736407018.5114381,,1.5931367874145508,0.1875,,,,,,0.001,1,16,40x40,MatchingNetwork,5,5,Greek,miniImageNet_SOTA_trainSet,False,1,4000,2,exp1_permuted_src_datasets
239,27.518216133117676,0.0,1736407018.5115902,,,,0.0009930038650118058,,,,,0.001,1,16,40x40,MatchingNetwork,5,5,Greek,miniImageNet_SOTA_trainSet,False,1,4000,2,exp1_permuted_src_datasets
240,27.660609006881714,0.0,1736407018.653983,,1.5049642324447632,0.25,,,,,,0.001,1,16,40x40,MatchingNetwork,5,5,Greek,miniImageNet_SOTA_trainSet,False,1,4000,2,exp1_permuted_src_datasets
241,27.660770416259766,0.0,1736407018.6541445,,,,0.000992885711612124,,,,,0.001,1,16,40x40,MatchingNetwork,5,5,Greek,miniImageNet_SOTA_trainSet,False,1,4000,2,exp1_permuted_src_datasets
242,27.774211406707764,0.0,1736407018.7675855,,1.6136928796768188,0.3125,,,,,,0.001,1,16,40x40,MatchingNetwork,5,5,Greek,miniImageNet_SOTA_trainSet,False,1,4000,2,exp1_permuted_src_datasets
243,27.7743661403656,0.0,1736407018.7677402,,,,0.0009927665796225695,,,,,0.001,1,16,40x40,MatchingNetwork,5,5,Greek,miniImageNet_SOTA_trainSet,False,1,4000,2,exp1_permuted_src_datasets
244,27.898562908172607,0.0,1736407018.891937,,1.5636425018310547,0.25,,,,,,0.001,1,16,40x40,MatchingNetwork,5,5,Greek,miniImageNet_SOTA_trainSet,False,1,4000,2,exp1_permuted_src_datasets
245,27.898720264434814,0.0,1736407018.8920944,,,,0.0009926464693997721,,,,,0.001,1,16,40x40,MatchingNetwork,5,5,Greek,miniImageNet_SOTA_trainSet,False,1,4000,2,exp1_permuted_src_datasets
246,28.017332315444946,0.0,1736407019.0107064,,1.6126035451889038,0.1875,,,,,,0.001,1,16,40x40,MatchingNetwork,5,5,Greek,miniImageNet_SOTA_trainSet,False,1,4000,2,exp1_permuted_src_datasets
247,28.017488956451416,0.0,1736407019.010863,,,,0.0009925253813032533,,,,,0.001,1,16,40x40,MatchingNetwork,5,5,Greek,miniImageNet_SOTA_trainSet,False,1,4000,2,exp1_permuted_src_datasets
248,28.141220569610596,0.0,1736407019.1345947,,1.6154059171676636,0.25,,,,,,0.001,1,16,40x40,MatchingNetwork,5,5,Greek,miniImageNet_SOTA_trainSet,False,1,4000,2,exp1_permuted_src_datasets
249,28.1413733959198,0.0,1736407019.1347475,,,,0.0009924033156954227,,,,,0.001,1,16,40x40,MatchingNetwork,5,5,Greek,miniImageNet_SOTA_trainSet,False,1,4000,2,exp1_permuted_src_datasets
250,28.258236408233643,0.0,1736407019.2516105,,1.6105767488479614,0.4375,,,,,,0.001,1,16,40x40,MatchingNetwork,5,5,Greek,miniImageNet_SOTA_trainSet,False,1,4000,2,exp1_permuted_src_datasets
251,28.258392333984375,0.0,1736407019.2517664,,,,0.0009922802729415779,,,,,0.001,1,16,40x40,MatchingNetwork,5,5,Greek,miniImageNet_SOTA_trainSet,False,1,4000,2,exp1_permuted_src_datasets
252,28.38130211830139,0.0,1736407019.3746762,,1.6217985153198242,0.125,,,,,,0.001,1,16,40x40,MatchingNetwork,5,5,Greek,miniImageNet_SOTA_trainSet,False,1,4000,2,exp1_permuted_src_datasets
253,28.38142728805542,0.0,1736407019.3748014,,,,0.0004960781267049508,,,,,0.001,1,16,40x40,MatchingNetwork,5,5,Greek,miniImageNet_SOTA_trainSet,False,1,4000,2,exp1_permuted_src_datasets
254,28.490478992462158,0.0,1736407019.483853,,1.4897279739379883,0.4375,,,,,,0.001,1,16,40x40,MatchingNetwork,5,5,Greek,miniImageNet_SOTA_trainSet,False,1,4000,2,exp1_permuted_src_datasets
255,28.490636587142944,0.0,1736407019.4840107,,,,0.0004960156287357301,,,,,0.001,1,16,40x40,MatchingNetwork,5,5,Greek,miniImageNet_SOTA_trainSet,False,1,4000,2,exp1_permuted_src_datasets
256,28.61809468269348,0.0,1736407019.6114688,,1.6568900346755981,0.1875,,,,,,0.001,1,16,40x40,MatchingNetwork,5,5,Greek,miniImageNet_SOTA_trainSet,False,1,4000,2,exp1_permuted_src_datasets
257,28.618253231048584,0.0,1736407019.6116273,,,,0.0004959526427501008,,,,,0.001,1,16,40x40,MatchingNetwork,5,5,Greek,miniImageNet_SOTA_trainSet,False,1,4000,2,exp1_permuted_src_datasets
258,28.729959726333618,0.0,1736407019.7233338,,1.624740481376648,0.125,,,,,,0.001,1,16,40x40,MatchingNetwork,5,5,Greek,miniImageNet_SOTA_trainSet,False,1,4000,2,exp1_permuted_src_datasets
259,28.73009157180786,0.0,1736407019.7234657,,,,0.000495889168936477,,,,,0.001,1,16,40x40,MatchingNetwork,5,5,Greek,miniImageNet_SOTA_trainSet,False,1,4000,2,exp1_permuted_src_datasets
260,28.847113132476807,0.0,1736407019.8404872,,1.6035641431808472,0.25,,,,,,0.001,1,16,40x40,MatchingNetwork,5,5,Greek,miniImageNet_SOTA_trainSet,False,1,4000,2,exp1_permuted_src_datasets
261,28.847259283065796,0.0,1736407019.8406334,,,,0.0004958252074847115,,,,,0.001,1,16,40x40,MatchingNetwork,5,5,Greek,miniImageNet_SOTA_trainSet,False,1,4000,2,exp1_permuted_src_datasets
262,28.96178388595581,0.0,1736407019.955158,,1.563471794128418,0.125,,,,,,0.001,1,16,40x40,MatchingNetwork,5,5,Greek,miniImageNet_SOTA_trainSet,False,1,4000,2,exp1_permuted_src_datasets
263,28.961899757385254,0.0,1736407019.9552739,,,,0.0004957607585860952,,,,,0.001,1,16,40x40,MatchingNetwork,5,5,Greek,miniImageNet_SOTA_trainSet,False,1,4000,2,exp1_permuted_src_datasets
264,29.085227727890015,0.0,1736407020.0786018,,1.579125165939331,0.125,,,,,,0.001,1,16,40x40,MatchingNetwork,5,5,Greek,miniImageNet_SOTA_trainSet,False,1,4000,2,exp1_permuted_src_datasets
265,29.08534073829651,0.0,1736407020.0787148,,,,0.0004956958224333564,,,,,0.001,1,16,40x40,MatchingNetwork,5,5,Greek,miniImageNet_SOTA_trainSet,False,1,4000,2,exp1_permuted_src_datasets
266,29.179722547531128,0.0,1736407020.1730967,,1.5472718477249146,0.25,,,,,,0.001,1,16,40x40,MatchingNetwork,5,5,Greek,miniImageNet_SOTA_trainSet,False,1,4000,2,exp1_permuted_src_datasets
267,29.17985439300537,0.0,1736407020.1732285,,,,0.0004956303992206593,,,,,0.001,1,16,40x40,MatchingNetwork,5,5,Greek,miniImageNet_SOTA_trainSet,False,1,4000,2,exp1_permuted_src_datasets
268,29.29527449607849,0.0,1736407020.2886486,,1.6222219467163086,0.1875,,,,,,0.001,1,16,40x40,MatchingNetwork,5,5,Greek,miniImageNet_SOTA_trainSet,False,1,4000,2,exp1_permuted_src_datasets
269,29.29539132118225,0.0,1736407020.2887654,,,,0.0004955644891436032,,,,,0.001,1,16,40x40,MatchingNetwork,5,5,Greek,miniImageNet_SOTA_trainSet,False,1,4000,2,exp1_permuted_src_datasets
270,29.427006244659424,0.0,1736407020.4203804,,1.6458563804626465,0.375,,,,,,0.001,1,16,40x40,MatchingNetwork,5,5,Greek,miniImageNet_SOTA_trainSet,False,1,4000,2,exp1_permuted_src_datasets
271,29.427112817764282,0.0,1736407020.420487,,,,0.0004954980923992217,,,,,0.001,1,16,40x40,MatchingNetwork,5,5,Greek,miniImageNet_SOTA_trainSet,False,1,4000,2,exp1_permuted_src_datasets
272,29.54840588569641,0.0,1736407020.54178,,1.6279423236846924,0.25,,,,,,0.001,1,16,40x40,MatchingNetwork,5,5,Greek,miniImageNet_SOTA_trainSet,False,1,4000,2,exp1_permuted_src_datasets
273,29.548515796661377,0.0,1736407020.54189,,,,0.0004954312091859815,,,,,0.001,1,16,40x40,MatchingNetwork,5,5,Greek,miniImageNet_SOTA_trainSet,False,1,4000,2,exp1_permuted_src_datasets
274,29.670119524002075,0.0,1736407020.6634936,,1.5472571849822998,0.4375,,,,,,0.001,1,16,40x40,MatchingNetwork,5,5,Greek,miniImageNet_SOTA_trainSet,False,1,4000,2,exp1_permuted_src_datasets
275,29.67023754119873,0.0,1736407020.6636117,,,,0.0004953638397037818,,,,,0.001,1,16,40x40,MatchingNetwork,5,5,Greek,miniImageNet_SOTA_trainSet,False,1,4000,2,exp1_permuted_src_datasets
276,29.794111728668213,0.0,1736407020.7874858,,1.5682313442230225,0.375,,,,,,0.001,1,16,40x40,MatchingNetwork,5,5,Greek,miniImageNet_SOTA_trainSet,False,1,4000,2,exp1_permuted_src_datasets
277,29.794249773025513,0.0,1736407020.787624,,,,0.0004952959841539528,,,,,0.001,1,16,40x40,MatchingNetwork,5,5,Greek,miniImageNet_SOTA_trainSet,False,1,4000,2,exp1_permuted_src_datasets
278,29.919956922531128,0.0,1736407020.913331,,1.588402509689331,0.3125,,,,,,0.001,1,16,40x40,MatchingNetwork,5,5,Greek,miniImageNet_SOTA_trainSet,False,1,4000,2,exp1_permuted_src_datasets
279,29.920112371444702,0.0,1736407020.9134865,,,,0.0004952276427392547,,,,,0.001,1,16,40x40,MatchingNetwork,5,5,Greek,miniImageNet_SOTA_trainSet,False,1,4000,2,exp1_permuted_src_datasets
280,30.01951789855957,0.0,1736407021.012892,,1.6803282499313354,0.125,,,,,,0.001,1,16,40x40,MatchingNetwork,5,5,Greek,miniImageNet_SOTA_trainSet,False,1,4000,2,exp1_permuted_src_datasets
281,30.019657135009766,0.0,1736407021.0130312,,,,0.0004951588156638775,,,,,0.001,1,16,40x40,MatchingNetwork,5,5,Greek,miniImageNet_SOTA_trainSet,False,1,4000,2,exp1_permuted_src_datasets
282,30.15022325515747,0.0,1736407021.1435974,,1.6210368871688843,0.125,,,,,,0.001,1,16,40x40,MatchingNetwork,5,5,Greek,miniImageNet_SOTA_trainSet,False,1,4000,2,exp1_permuted_src_datasets
283,30.150355100631714,0.0,1736407021.1437292,,,,0.0004950895031334388,,,,,0.001,1,16,40x40,MatchingNetwork,5,5,Greek,miniImageNet_SOTA_trainSet,False,1,4000,2,exp1_permuted_src_datasets
284,30.260744094848633,0.0,1736407021.2541182,,1.624776005744934,0.125,,,,,,0.001,1,16,40x40,MatchingNetwork,5,5,Greek,miniImageNet_SOTA_trainSet,False,1,4000,2,exp1_permuted_src_datasets
285,30.260859489440918,0.0,1736407021.2542336,,,,0.0004950197053549837,,,,,0.001,1,16,40x40,MatchingNetwork,5,5,Greek,miniImageNet_SOTA_trainSet,False,1,4000,2,exp1_permuted_src_datasets
286,30.37464928627014,0.0,1736407021.3680234,,1.6367182731628418,0.375,,,,,,0.001,1,16,40x40,MatchingNetwork,5,5,Greek,miniImageNet_SOTA_trainSet,False,1,4000,2,exp1_permuted_src_datasets
287,30.37477207183838,0.0,1736407021.3681462,,,,0.0004949494225369834,,,,,0.001,1,16,40x40,MatchingNetwork,5,5,Greek,miniImageNet_SOTA_trainSet,False,1,4000,2,exp1_permuted_src_datasets
288,30.472301483154297,0.0,1736407021.4656756,,1.6382625102996826,0.125,,,,,,0.001,1,16,40x40,MatchingNetwork,5,5,Greek,miniImageNet_SOTA_trainSet,False,1,4000,2,exp1_permuted_src_datasets
289,30.47243094444275,0.0,1736407021.465805,,,,0.0004948786548893343,,,,,0.001,1,16,40x40,MatchingNetwork,5,5,Greek,miniImageNet_SOTA_trainSet,False,1,4000,2,exp1_permuted_src_datasets
290,30.572986364364624,0.0,1736407021.5663605,,1.598091959953308,0.1875,,,,,,0.001,1,16,40x40,MatchingNetwork,5,5,Greek,miniImageNet_SOTA_trainSet,False,1,4000,2,exp1_permuted_src_datasets
291,30.573129415512085,0.0,1736407021.5665035,,,,0.0004948074026233566,,,,,0.001,1,16,40x40,MatchingNetwork,5,5,Greek,miniImageNet_SOTA_trainSet,False,1,4000,2,exp1_permuted_src_datasets
292,30.699350833892822,0.0,1736407021.692725,,1.5216799974441528,0.375,,,,,,0.001,1,16,40x40,MatchingNetwork,5,5,Greek,miniImageNet_SOTA_trainSet,False,1,4000,2,exp1_permuted_src_datasets
293,30.699491024017334,0.0,1736407021.6928651,,,,0.0004947356659517935,,,,,0.001,1,16,40x40,MatchingNetwork,5,5,Greek,miniImageNet_SOTA_trainSet,False,1,4000,2,exp1_permuted_src_datasets
294,30.828903198242188,0.0,1736407021.8222773,,1.5987436771392822,0.25,,,,,,0.001,1,16,40x40,MatchingNetwork,5,5,Greek,miniImageNet_SOTA_trainSet,False,1,4000,2,exp1_permuted_src_datasets
295,30.82905387878418,0.0,1736407021.822428,,,,0.0004946634450888105,,,,,0.001,1,16,40x40,MatchingNetwork,5,5,Greek,miniImageNet_SOTA_trainSet,False,1,4000,2,exp1_permuted_src_datasets
296,30.94530701637268,0.0,1736407021.9386811,,1.560001254081726,0.25,,,,,,0.001,1,16,40x40,MatchingNetwork,5,5,Greek,miniImageNet_SOTA_trainSet,False,1,4000,2,exp1_permuted_src_datasets
297,30.945446491241455,0.0,1736407021.9388206,,,,0.0004945907402499938,,,,,0.001,1,16,40x40,MatchingNetwork,5,5,Greek,miniImageNet_SOTA_trainSet,False,1,4000,2,exp1_permuted_src_datasets
298,31.077007055282593,0.0,1736407022.0703812,,1.6331232786178589,0.125,,,,,,0.001,1,16,40x40,MatchingNetwork,5,5,Greek,miniImageNet_SOTA_trainSet,False,1,4000,2,exp1_permuted_src_datasets
299,31.07715630531311,0.0,1736407022.0705304,,,,0.0004945175516523492,,,,,0.001,1,16,40x40,MatchingNetwork,5,5,Greek,miniImageNet_SOTA_trainSet,False,1,4000,2,exp1_permuted_src_datasets
300,31.18588614463806,0.0,1736407022.1792603,,1.6170092821121216,0.125,,,,,,0.001,1,16,40x40,MatchingNetwork,5,5,Greek,miniImageNet_SOTA_trainSet,False,1,4000,2,exp1_permuted_src_datasets
301,31.186015367507935,0.0,1736407022.1793895,,,,0.0004944438795143016,,,,,0.001,1,16,40x40,MatchingNetwork,5,5,Greek,miniImageNet_SOTA_trainSet,False,1,4000,2,exp1_permuted_src_datasets
302,31.321778297424316,0.0,1736407022.3151524,,1.680545449256897,0.125,,,,,,0.001,1,16,40x40,MatchingNetwork,5,5,Greek,miniImageNet_SOTA_trainSet,False,1,4000,2,exp1_permuted_src_datasets
303,31.32191824913025,0.0,1736407022.3152924,,,,0.0004943697240556932,,,,,0.001,1,16,40x40,MatchingNetwork,5,5,Greek,miniImageNet_SOTA_trainSet,False,1,4000,2,exp1_permuted_src_datasets
304,31.425097942352295,0.0,1736407022.418472,,1.6166657209396362,0.3125,,,,,,0.001,1,16,40x40,MatchingNetwork,5,5,Greek,miniImageNet_SOTA_trainSet,False,1,4000,2,exp1_permuted_src_datasets
305,31.425217151641846,0.0,1736407022.4185913,,,,0.000494295085497783,,,,,0.001,1,16,40x40,MatchingNetwork,5,5,Greek,miniImageNet_SOTA_trainSet,False,1,4000,2,exp1_permuted_src_datasets
306,31.53825306892395,0.0,1736407022.5316272,,1.6094510555267334,0.3125,,,,,,0.001,1,16,40x40,MatchingNetwork,5,5,Greek,miniImageNet_SOTA_trainSet,False,1,4000,2,exp1_permuted_src_datasets
307,31.538398504257202,0.0,1736407022.5317726,,,,0.0004942199640632454,,,,,0.001,1,16,40x40,MatchingNetwork,5,5,Greek,miniImageNet_SOTA_trainSet,False,1,4000,2,exp1_permuted_src_datasets
308,31.662736654281616,0.0,1736407022.6561108,,1.631819486618042,0.25,,,,,,0.001,1,16,40x40,MatchingNetwork,5,5,Greek,miniImageNet_SOTA_trainSet,False,1,4000,2,exp1_permuted_src_datasets
309,31.66288161277771,0.0,1736407022.6562557,,,,0.0004941443599761691,,,,,0.001,1,16,40x40,MatchingNetwork,5,5,Greek,miniImageNet_SOTA_trainSet,False,1,4000,2,exp1_permuted_src_datasets
310,31.79269242286682,0.0,1736407022.7860665,,1.608437418937683,0.125,,,,,,0.001,1,16,40x40,MatchingNetwork,5,5,Greek,miniImageNet_SOTA_trainSet,False,1,4000,2,exp1_permuted_src_datasets
311,31.79282546043396,0.0,1736407022.7861996,,,,0.0004940682734620559,,,,,0.001,1,16,40x40,MatchingNetwork,5,5,Greek,miniImageNet_SOTA_trainSet,False,1,4000,2,exp1_permuted_src_datasets
312,31.923495531082153,0.0,1736407022.9168696,,1.5977803468704224,0.1875,,,,,,0.001,1,16,40x40,MatchingNetwork,5,5,Greek,miniImageNet_SOTA_trainSet,False,1,4000,2,exp1_permuted_src_datasets
313,31.92362689971924,0.0,1736407022.917001,,,,0.00049399170474782,,,,,0.001,1,16,40x40,MatchingNetwork,5,5,Greek,miniImageNet_SOTA_trainSet,False,1,4000,2,exp1_permuted_src_datasets
314,32.027931928634644,0.0,1736407023.021306,,1.6199644804000854,0.25,,,,,,0.001,1,16,40x40,MatchingNetwork,5,5,Greek,miniImageNet_SOTA_trainSet,False,1,4000,2,exp1_permuted_src_datasets
315,32.028071880340576,0.0,1736407023.021446,,,,0.0004939146540617864,,,,,0.001,1,16,40x40,MatchingNetwork,5,5,Greek,miniImageNet_SOTA_trainSet,False,1,4000,2,exp1_permuted_src_datasets
316,32.13105249404907,0.0,1736407023.1244266,,1.575087547302246,0.125,,,,,,0.001,1,16,40x40,MatchingNetwork,5,5,Greek,miniImageNet_SOTA_trainSet,False,1,4000,2,exp1_permuted_src_datasets
317,32.131200551986694,0.0,1736407023.1245747,,,,0.00049383712163369,,,,,0.001,1,16,40x40,MatchingNetwork,5,5,Greek,miniImageNet_SOTA_trainSet,False,1,4000,2,exp1_permuted_src_datasets
318,32.241657733917236,0.0,1736407023.2350318,,1.5564466714859009,0.3125,,,,,,0.001,1,16,40x40,MatchingNetwork,5,5,Greek,miniImageNet_SOTA_trainSet,False,1,4000,2,exp1_permuted_src_datasets
319,32.24181127548218,0.0,1736407023.2351854,,,,0.0004937591076946742,,,,,0.001,1,16,40x40,MatchingNetwork,5,5,Greek,miniImageNet_SOTA_trainSet,False,1,4000,2,exp1_permuted_src_datasets
320,32.345927238464355,0.0,1736407023.3393013,,1.6330091953277588,0.25,,,,,,0.001,1,16,40x40,MatchingNetwork,5,5,Greek,miniImageNet_SOTA_trainSet,False,1,4000,2,exp1_permuted_src_datasets
321,32.34608554840088,0.0,1736407023.3394597,,,,0.0004936806124772904,,,,,0.001,1,16,40x40,MatchingNetwork,5,5,Greek,miniImageNet_SOTA_trainSet,False,1,4000,2,exp1_permuted_src_datasets
322,32.456303358078,0.0,1736407023.4496775,,1.5391801595687866,0.3125,,,,,,0.001,1,16,40x40,MatchingNetwork,5,5,Greek,miniImageNet_SOTA_trainSet,False,1,4000,2,exp1_permuted_src_datasets
323,32.456449031829834,0.0,1736407023.4498231,,,,0.000493601636215496,,,,,0.001,1,16,40x40,MatchingNetwork,5,5,Greek,miniImageNet_SOTA_trainSet,False,1,4000,2,exp1_permuted_src_datasets
324,32.56616973876953,0.0,1736407023.5595438,,1.5550005435943604,0.25,,,,,,0.001,1,16,40x40,MatchingNetwork,5,5,Greek,miniImageNet_SOTA_trainSet,False,1,4000,2,exp1_permuted_src_datasets
325,32.56631946563721,0.0,1736407023.5596936,,,,0.0004935221791446536,,,,,0.001,1,16,40x40,MatchingNetwork,5,5,Greek,miniImageNet_SOTA_trainSet,False,1,4000,2,exp1_permuted_src_datasets
326,32.685412645339966,0.0,1736407023.6787868,,1.663344383239746,0.3125,,,,,,0.001,1,16,40x40,MatchingNetwork,5,5,Greek,miniImageNet_SOTA_trainSet,False,1,4000,2,exp1_permuted_src_datasets
327,32.68556356430054,0.0,1736407023.6789377,,,,0.0004934422415015303,,,,,0.001,1,16,40x40,MatchingNetwork,5,5,Greek,miniImageNet_SOTA_trainSet,False,1,4000,2,exp1_permuted_src_datasets
328,32.81409573554993,0.0,1736407023.8074698,,1.6020976305007935,0.25,,,,,,0.001,1,16,40x40,MatchingNetwork,5,5,Greek,miniImageNet_SOTA_trainSet,False,1,4000,2,exp1_permuted_src_datasets
329,32.814250230789185,0.0,1736407023.8076243,,,,0.000493361823524296,,,,,0.001,1,16,40x40,MatchingNetwork,5,5,Greek,miniImageNet_SOTA_trainSet,False,1,4000,2,exp1_permuted_src_datasets
330,32.93446636199951,0.0,1736407023.9278405,,1.626971960067749,0.3125,,,,,,0.001,1,16,40x40,MatchingNetwork,5,5,Greek,miniImageNet_SOTA_trainSet,False,1,4000,2,exp1_permuted_src_datasets
331,32.93461084365845,0.0,1736407023.927985,,,,0.0004932809254525217,,,,,0.001,1,16,40x40,MatchingNetwork,5,5,Greek,miniImageNet_SOTA_trainSet,False,1,4000,2,exp1_permuted_src_datasets
332,33.066832065582275,0.0,1736407024.0602062,,1.581025242805481,0.3125,,,,,,0.001,1,16,40x40,MatchingNetwork,5,5,Greek,miniImageNet_SOTA_trainSet,False,1,4000,2,exp1_permuted_src_datasets
333,33.06698751449585,0.0,1736407024.0603616,,,,0.0004931995475271798,,,,,0.001,1,16,40x40,MatchingNetwork,5,5,Greek,miniImageNet_SOTA_trainSet,False,1,4000,2,exp1_permuted_src_datasets
334,33.17840623855591,0.0,1736407024.1717803,,1.666595220565796,0.125,,,,,,0.001,1,16,40x40,MatchingNetwork,5,5,Greek,miniImageNet_SOTA_trainSet,False,1,4000,2,exp1_permuted_src_datasets
335,33.17856001853943,0.0,1736407024.1719341,,,,0.0004931176899906413,,,,,0.001,1,16,40x40,MatchingNetwork,5,5,Greek,miniImageNet_SOTA_trainSet,False,1,4000,2,exp1_permuted_src_datasets
336,33.28207206726074,0.0,1736407024.2754462,,1.5935871601104736,0.1875,,,,,,0.001,1,16,40x40,MatchingNetwork,5,5,Greek,miniImageNet_SOTA_trainSet,False,1,4000,2,exp1_permuted_src_datasets
337,33.28222346305847,0.0,1736407024.2755976,,,,0.0004930353530866758,,,,,0.001,1,16,40x40,MatchingNetwork,5,5,Greek,miniImageNet_SOTA_trainSet,False,1,4000,2,exp1_permuted_src_datasets
338,33.372793436050415,0.0,1736407024.3661675,,1.630480170249939,0.1875,,,,,,0.001,1,16,40x40,MatchingNetwork,5,5,Greek,miniImageNet_SOTA_trainSet,False,1,4000,2,exp1_permuted_src_datasets
339,33.372918367385864,0.0,1736407024.3662925,,,,0.0004929525370604497,,,,,0.001,1,16,40x40,MatchingNetwork,5,5,Greek,miniImageNet_SOTA_trainSet,False,1,4000,2,exp1_permuted_src_datasets
340,33.47783613204956,0.0,1736407024.4712102,,1.5961012840270996,0.125,,,,,,0.001,1,16,40x40,MatchingNetwork,5,5,Greek,miniImageNet_SOTA_trainSet,False,1,4000,2,exp1_permuted_src_datasets
341,33.47798728942871,0.0,1736407024.4713614,,,,0.0004928692421585248,,,,,0.001,1,16,40x40,MatchingNetwork,5,5,Greek,miniImageNet_SOTA_trainSet,False,1,4000,2,exp1_permuted_src_datasets
342,33.612056732177734,0.0,1736407024.6054308,,1.6205142736434937,0.125,,,,,,0.001,1,16,40x40,MatchingNetwork,5,5,Greek,miniImageNet_SOTA_trainSet,False,1,4000,2,exp1_permuted_src_datasets
343,33.61222720146179,0.0,1736407024.6056013,,,,0.000492785468628858,,,,,0.001,1,16,40x40,MatchingNetwork,5,5,Greek,miniImageNet_SOTA_trainSet,False,1,4000,2,exp1_permuted_src_datasets
344,33.7386531829834,0.0,1736407024.7320273,,1.6116007566452026,0.3125,,,,,,0.001,1,16,40x40,MatchingNetwork,5,5,Greek,miniImageNet_SOTA_trainSet,False,1,4000,2,exp1_permuted_src_datasets
345,33.73880743980408,0.0,1736407024.7321815,,,,0.0004927012167207988,,,,,0.001,1,16,40x40,MatchingNetwork,5,5,Greek,miniImageNet_SOTA_trainSet,False,1,4000,2,exp1_permuted_src_datasets
346,33.862250566482544,0.0,1736407024.8556247,,1.55812406539917,0.3125,,,,,,0.001,1,16,40x40,MatchingNetwork,5,5,Greek,miniImageNet_SOTA_trainSet,False,1,4000,2,exp1_permuted_src_datasets
347,33.862430572509766,0.0,1736407024.8558047,,,,0.0004926164866850889,,,,,0.001,1,16,40x40,MatchingNetwork,5,5,Greek,miniImageNet_SOTA_trainSet,False,1,4000,2,exp1_permuted_src_datasets
348,33.981764793395996,0.0,1736407024.975139,,1.6000447273254395,0.1875,,,,,,0.001,1,16,40x40,MatchingNetwork,5,5,Greek,miniImageNet_SOTA_trainSet,False,1,4000,2,exp1_permuted_src_datasets
349,33.981924057006836,0.0,1736407024.9752982,,,,0.000492531278773861,,,,,0.001,1,16,40x40,MatchingNetwork,5,5,Greek,miniImageNet_SOTA_trainSet,False,1,4000,2,exp1_permuted_src_datasets
350,34.09876346588135,0.0,1736407025.0921376,,1.591537356376648,0.1875,,,,,,0.001,1,16,40x40,MatchingNetwork,5,5,Greek,miniImageNet_SOTA_trainSet,False,1,4000,2,exp1_permuted_src_datasets
351,34.09889459609985,0.0,1736407025.0922687,,,,0.0004924455932406372,,,,,0.001,1,16,40x40,MatchingNetwork,5,5,Greek,miniImageNet_SOTA_trainSet,False,1,4000,2,exp1_permuted_src_datasets
352,34.21993064880371,0.0,1736407025.2133048,,1.577866792678833,0.3125,,,,,,0.001,1,16,40x40,MatchingNetwork,5,5,Greek,miniImageNet_SOTA_trainSet,False,1,4000,2,exp1_permuted_src_datasets
353,34.22004961967468,0.0,1736407025.2134237,,,,0.0004923594303403275,,,,,0.001,1,16,40x40,MatchingNetwork,5,5,Greek,miniImageNet_SOTA_trainSet,False,1,4000,2,exp1_permuted_src_datasets
354,34.343465089797974,0.0,1736407025.3368392,,1.663159966468811,0.25,,,,,,0.001,1,16,40x40,MatchingNetwork,5,5,Greek,miniImageNet_SOTA_trainSet,False,1,4000,2,exp1_permuted_src_datasets
355,34.34359121322632,0.0,1736407025.3369653,,,,0.0004922727903292297,,,,,0.001,1,16,40x40,MatchingNetwork,5,5,Greek,miniImageNet_SOTA_trainSet,False,1,4000,2,exp1_permuted_src_datasets
356,34.46068263053894,0.0,1736407025.4540567,,1.6117480993270874,0.25,,,,,,0.001,1,16,40x40,MatchingNetwork,5,5,Greek,miniImageNet_SOTA_trainSet,False,1,4000,2,exp1_permuted_src_datasets
357,34.46079659461975,0.0,1736407025.4541707,,,,0.0004921856734650263,,,,,0.001,1,16,40x40,MatchingNetwork,5,5,Greek,miniImageNet_SOTA_trainSet,False,1,4000,2,exp1_permuted_src_datasets
358,34.570674419403076,0.0,1736407025.5640485,,1.603210687637329,0.25,,,,,,0.001,1,16,40x40,MatchingNetwork,5,5,Greek,miniImageNet_SOTA_trainSet,False,1,4000,2,exp1_permuted_src_datasets
359,34.570826292037964,0.0,1736407025.5642004,,,,0.0004920980800067851,,,,,0.001,1,16,40x40,MatchingNetwork,5,5,Greek,miniImageNet_SOTA_trainSet,False,1,4000,2,exp1_permuted_src_datasets
360,34.679699659347534,0.0,1736407025.6730738,,1.5571180582046509,0.25,,,,,,0.001,1,16,40x40,MatchingNetwork,5,5,Greek,miniImageNet_SOTA_trainSet,False,1,4000,2,exp1_permuted_src_datasets
361,34.67984485626221,0.0,1736407025.673219,,,,0.0004920100102149567,,,,,0.001,1,16,40x40,MatchingNetwork,5,5,Greek,miniImageNet_SOTA_trainSet,False,1,4000,2,exp1_permuted_src_datasets
362,34.80316662788391,0.0,1736407025.7965407,,1.609494686126709,0.125,,,,,,0.001,1,16,40x40,MatchingNetwork,5,5,Greek,miniImageNet_SOTA_trainSet,False,1,4000,2,exp1_permuted_src_datasets
363,34.80330419540405,0.0,1736407025.7966783,,,,0.0004919214643513734,,,,,0.001,1,16,40x40,MatchingNetwork,5,5,Greek,miniImageNet_SOTA_trainSet,False,1,4000,2,exp1_permuted_src_datasets
364,34.9256227016449,0.0,1736407025.9189968,,1.586014747619629,0.25,,,,,,0.001,1,16,40x40,MatchingNetwork,5,5,Greek,miniImageNet_SOTA_trainSet,False,1,4000,2,exp1_permuted_src_datasets
365,34.92576575279236,0.0,1736407025.9191399,,,,0.0004918324426792485,,,,,0.001,1,16,40x40,MatchingNetwork,5,5,Greek,miniImageNet_SOTA_trainSet,False,1,4000,2,exp1_permuted_src_datasets
366,35.04193615913391,0.0,1736407026.0353103,,1.6092242002487183,0.3125,,,,,,0.001,1,16,40x40,MatchingNetwork,5,5,Greek,miniImageNet_SOTA_trainSet,False,1,4000,2,exp1_permuted_src_datasets
367,35.042073249816895,0.0,1736407026.0354474,,,,0.0004917429454631742,,,,,0.001,1,16,40x40,MatchingNetwork,5,5,Greek,miniImageNet_SOTA_trainSet,False,1,4000,2,exp1_permuted_src_datasets
368,35.128687143325806,0.0,1736407026.1220613,,1.6493897438049316,0.0625,,,,,,0.001,1,16,40x40,MatchingNetwork,5,5,Greek,miniImageNet_SOTA_trainSet,False,1,4000,2,exp1_permuted_src_datasets
369,35.12880492210388,0.0,1736407026.122179,,,,0.0004916529729691208,,,,,0.001,1,16,40x40,MatchingNetwork,5,5,Greek,miniImageNet_SOTA_trainSet,False,1,4000,2,exp1_permuted_src_datasets
370,35.20949625968933,0.0,1736407026.2028704,,1.6672980785369873,0.1875,,,,,,0.001,1,16,40x40,MatchingNetwork,5,5,Greek,miniImageNet_SOTA_trainSet,False,1,4000,2,exp1_permuted_src_datasets
371,35.209673166275024,0.0,1736407026.2030473,,,,0.0004915625254644354,,,,,0.001,1,16,40x40,MatchingNetwork,5,5,Greek,miniImageNet_SOTA_trainSet,False,1,4000,2,exp1_permuted_src_datasets
372,35.29351329803467,0.0,1736407026.2868874,,1.6076841354370117,0.1875,,,,,,0.001,1,16,40x40,MatchingNetwork,5,5,Greek,miniImageNet_SOTA_trainSet,False,1,4000,2,exp1_permuted_src_datasets
373,35.293659925460815,0.0,1736407026.287034,,,,0.00049147160321784,,,,,0.001,1,16,40x40,MatchingNetwork,5,5,Greek,miniImageNet_SOTA_trainSet,False,1,4000,2,exp1_permuted_src_datasets
374,35.39598202705383,0.0,1736407026.3893561,,1.6764291524887085,0.1875,,,,,,0.001,1,16,40x40,MatchingNetwork,5,5,Greek,miniImageNet_SOTA_trainSet,False,1,4000,2,exp1_permuted_src_datasets
375,35.39608693122864,0.0,1736407026.389461,,,,0.0004913802064994311,,,,,0.001,1,16,40x40,MatchingNetwork,5,5,Greek,miniImageNet_SOTA_trainSet,False,1,4000,2,exp1_permuted_src_datasets
376,35.520487546920776,0.0,1736407026.5138617,,1.6007170677185059,0.0625,,,,,,0.001,1,16,40x40,MatchingNetwork,5,5,Greek,miniImageNet_SOTA_trainSet,False,1,4000,2,exp1_permuted_src_datasets
377,35.520639181137085,0.0,1736407026.5140133,,,,0.0004912883355806775,,,,,0.001,1,16,40x40,MatchingNetwork,5,5,Greek,miniImageNet_SOTA_trainSet,False,1,4000,2,exp1_permuted_src_datasets
378,35.64319324493408,0.0,1736407026.6365674,,1.6364789009094238,0.25,,,,,,0.001,1,16,40x40,MatchingNetwork,5,5,Greek,miniImageNet_SOTA_trainSet,False,1,4000,2,exp1_permuted_src_datasets
379,35.643332958221436,0.0,1736407026.636707,,,,0.0004911959907344194,,,,,0.001,1,16,40x40,MatchingNetwork,5,5,Greek,miniImageNet_SOTA_trainSet,False,1,4000,2,exp1_permuted_src_datasets
380,35.76688885688782,0.0,1736407026.760263,,1.6385443210601807,0.3125,,,,,,0.001,1,16,40x40,MatchingNetwork,5,5,Greek,miniImageNet_SOTA_trainSet,False,1,4000,2,exp1_permuted_src_datasets
381,35.76701474189758,0.0,1736407026.7603889,,,,0.000491103172234867,,,,,0.001,1,16,40x40,MatchingNetwork,5,5,Greek,miniImageNet_SOTA_trainSet,False,1,4000,2,exp1_permuted_src_datasets
382,35.86198306083679,0.0,1736407026.8553572,,1.603949785232544,0.1875,,,,,,0.001,1,16,40x40,MatchingNetwork,5,5,Greek,miniImageNet_SOTA_trainSet,False,1,4000,2,exp1_permuted_src_datasets
383,35.862096071243286,0.0,1736407026.8554702,,,,0.0004910098803575991,,,,,0.001,1,16,40x40,MatchingNetwork,5,5,Greek,miniImageNet_SOTA_trainSet,False,1,4000,2,exp1_permuted_src_datasets
384,35.99186635017395,0.0,1736407026.9852405,,1.6503549814224243,0.25,,,,,,0.001,1,16,40x40,MatchingNetwork,5,5,Greek,miniImageNet_SOTA_trainSet,False,1,4000,2,exp1_permuted_src_datasets
385,35.99198508262634,0.0,1736407026.9853592,,,,0.0004909161153795616,,,,,0.001,1,16,40x40,MatchingNetwork,5,5,Greek,miniImageNet_SOTA_trainSet,False,1,4000,2,exp1_permuted_src_datasets
386,36.10246181488037,0.0,1736407027.095836,,1.6196843385696411,0.25,,,,,,0.001,1,16,40x40,MatchingNetwork,5,5,Greek,miniImageNet_SOTA_trainSet,False,1,4000,2,exp1_permuted_src_datasets
387,36.10260009765625,0.0,1736407027.0959742,,,,0.0004908218775790664,,,,,0.001,1,16,40x40,MatchingNetwork,5,5,Greek,miniImageNet_SOTA_trainSet,False,1,4000,2,exp1_permuted_src_datasets
388,36.220306634902954,0.0,1736407027.2136807,,1.651342511177063,0.3125,,,,,,0.001,1,16,40x40,MatchingNetwork,5,5,Greek,miniImageNet_SOTA_trainSet,False,1,4000,2,exp1_permuted_src_datasets
389,36.22043752670288,0.0,1736407027.2138116,,,,0.0004907271672357898,,,,,0.001,1,16,40x40,MatchingNetwork,5,5,Greek,miniImageNet_SOTA_trainSet,False,1,4000,2,exp1_permuted_src_datasets
390,36.35518527030945,0.0,1736407027.3485594,,1.5771045684814453,0.125,,,,,,0.001,1,16,40x40,MatchingNetwork,5,5,Greek,miniImageNet_SOTA_trainSet,False,1,4000,2,exp1_permuted_src_datasets
391,36.355412006378174,0.0,1736407027.348786,,,,0.0004906319846307714,,,,,0.001,1,16,40x40,MatchingNetwork,5,5,Greek,miniImageNet_SOTA_trainSet,False,1,4000,2,exp1_permuted_src_datasets
392,36.473357915878296,0.0,1736407027.466732,,1.6286534070968628,0.25,,,,,,0.001,1,16,40x40,MatchingNetwork,5,5,Greek,miniImageNet_SOTA_trainSet,False,1,4000,2,exp1_permuted_src_datasets
393,36.473480224609375,0.0,1736407027.4668543,,,,0.0004905363300464124,,,,,0.001,1,16,40x40,MatchingNetwork,5,5,Greek,miniImageNet_SOTA_trainSet,False,1,4000,2,exp1_permuted_src_datasets
394,36.59949350357056,0.0,1736407027.5928676,,1.6223459243774414,0.125,,,,,,0.001,1,16,40x40,MatchingNetwork,5,5,Greek,miniImageNet_SOTA_trainSet,False,1,4000,2,exp1_permuted_src_datasets
395,36.599626541137695,0.0,1736407027.5930007,,,,0.000490440203766474,,,,,0.001,1,16,40x40,MatchingNetwork,5,5,Greek,miniImageNet_SOTA_trainSet,False,1,4000,2,exp1_permuted_src_datasets
396,36.725658655166626,0.0,1736407027.7190328,,1.6168524026870728,0.125,,,,,,0.001,1,16,40x40,MatchingNetwork,5,5,Greek,miniImageNet_SOTA_trainSet,False,1,4000,2,exp1_permuted_src_datasets
397,36.72579264640808,0.0,1736407027.7191668,,,,0.0004903436060760771,,,,,0.001,1,16,40x40,MatchingNetwork,5,5,Greek,miniImageNet_SOTA_trainSet,False,1,4000,2,exp1_permuted_src_datasets
398,36.822964668273926,0.0,1736407027.8163388,,1.623548984527588,0.25,,,,,,0.001,1,16,40x40,MatchingNetwork,5,5,Greek,miniImageNet_SOTA_trainSet,False,1,4000,2,exp1_permuted_src_datasets
399,36.82310938835144,0.0,1736407027.8164835,,,,0.0004902465372616993,,,,,0.001,1,16,40x40,MatchingNetwork,5,5,Greek,miniImageNet_SOTA_trainSet,False,1,4000,2,exp1_permuted_src_datasets
400,36.941083908081055,0.0,1736407027.934458,,1.542738437652588,0.4375,,,,,,0.001,1,16,40x40,MatchingNetwork,5,5,Greek,miniImageNet_SOTA_trainSet,False,1,4000,2,exp1_permuted_src_datasets
401,36.94121265411377,0.0,1736407027.9345868,,,,0.0004901489976111746,,,,,0.001,1,16,40x40,MatchingNetwork,5,5,Greek,miniImageNet_SOTA_trainSet,False,1,4000,2,exp1_permuted_src_datasets
402,37.05260372161865,0.0,1736407028.0459778,,1.5900335311889648,0.3125,,,,,,0.001,1,16,40x40,MatchingNetwork,5,5,Greek,miniImageNet_SOTA_trainSet,False,1,4000,2,exp1_permuted_src_datasets
403,37.052735328674316,0.0,1736407028.0461094,,,,0.0004900509874136918,,,,,0.001,1,16,40x40,MatchingNetwork,5,5,Greek,miniImageNet_SOTA_trainSet,False,1,4000,2,exp1_permuted_src_datasets
404,37.1554958820343,0.0,1736407028.14887,,1.618652582168579,0.125,,,,,,0.001,1,16,40x40,MatchingNetwork,5,5,Greek,miniImageNet_SOTA_trainSet,False,1,4000,2,exp1_permuted_src_datasets
405,37.155625104904175,0.0,1736407028.1489992,,,,0.0004899525069597929,,,,,0.001,1,16,40x40,MatchingNetwork,5,5,Greek,miniImageNet_SOTA_trainSet,False,1,4000,2,exp1_permuted_src_datasets
406,37.28787899017334,0.0,1736407028.281253,,1.5899361371994019,0.125,,,,,,0.001,1,16,40x40,MatchingNetwork,5,5,Greek,miniImageNet_SOTA_trainSet,False,1,4000,2,exp1_permuted_src_datasets
407,37.28802490234375,0.0,1736407028.281399,,,,0.0004898535565413715,,,,,0.001,1,16,40x40,MatchingNetwork,5,5,Greek,miniImageNet_SOTA_trainSet,False,1,4000,2,exp1_permuted_src_datasets
408,37.41346859931946,0.0,1736407028.4068427,,1.5683599710464478,0.25,,,,,,0.001,1,16,40x40,MatchingNetwork,5,5,Greek,miniImageNet_SOTA_trainSet,False,1,4000,2,exp1_permuted_src_datasets
409,37.413633823394775,0.0,1736407028.407008,,,,0.0004897541364516719,,,,,0.001,1,16,40x40,MatchingNetwork,5,5,Greek,miniImageNet_SOTA_trainSet,False,1,4000,2,exp1_permuted_src_datasets
410,37.54477548599243,0.0,1736407028.5381496,,1.572367548942566,0.0625,,,,,,0.001,1,16,40x40,MatchingNetwork,5,5,Greek,miniImageNet_SOTA_trainSet,False,1,4000,2,exp1_permuted_src_datasets
411,37.54491305351257,0.0,1736407028.5382872,,,,0.0004896542469852869,,,,,0.001,1,16,40x40,MatchingNetwork,5,5,Greek,miniImageNet_SOTA_trainSet,False,1,4000,2,exp1_permuted_src_datasets
412,37.65403079986572,0.0,1736407028.647405,,1.6152023077011108,0.0625,,,,,,0.001,1,16,40x40,MatchingNetwork,5,5,Greek,miniImageNet_SOTA_trainSet,False,1,4000,2,exp1_permuted_src_datasets
413,37.65414881706238,0.0,1736407028.647523,,,,0.000489553888438157,,,,,0.001,1,16,40x40,MatchingNetwork,5,5,Greek,miniImageNet_SOTA_trainSet,False,1,4000,2,exp1_permuted_src_datasets
414,37.7416410446167,0.0,1736407028.7350152,,1.6089951992034912,0.375,,,,,,0.001,1,16,40x40,MatchingNetwork,5,5,Greek,miniImageNet_SOTA_trainSet,False,1,4000,2,exp1_permuted_src_datasets
415,37.74175572395325,0.0,1736407028.7351298,,,,0.0004894530611075689,,,,,0.001,1,16,40x40,MatchingNetwork,5,5,Greek,miniImageNet_SOTA_trainSet,False,1,4000,2,exp1_permuted_src_datasets
416,37.85398006439209,0.0,1736407028.8473542,,1.6390575170516968,0.1875,,,,,,0.001,1,16,40x40,MatchingNetwork,5,5,Greek,miniImageNet_SOTA_trainSet,False,1,4000,2,exp1_permuted_src_datasets
417,37.85410785675049,0.0,1736407028.847482,,,,0.0004893517652921534,,,,,0.001,1,16,40x40,MatchingNetwork,5,5,Greek,miniImageNet_SOTA_trainSet,False,1,4000,2,exp1_permuted_src_datasets
418,37.98109030723572,0.0,1736407028.9744644,,1.5974321365356445,0.3125,,,,,,0.001,1,16,40x40,MatchingNetwork,5,5,Greek,miniImageNet_SOTA_trainSet,False,1,4000,2,exp1_permuted_src_datasets
419,37.98122811317444,0.0,1736407028.9746022,,,,0.0004892500012918847,,,,,0.001,1,16,40x40,MatchingNetwork,5,5,Greek,miniImageNet_SOTA_trainSet,False,1,4000,2,exp1_permuted_src_datasets
420,38.08861970901489,0.0,1736407029.0819938,,1.5892071723937988,0.1875,,,,,,0.001,1,16,40x40,MatchingNetwork,5,5,Greek,miniImageNet_SOTA_trainSet,False,1,4000,2,exp1_permuted_src_datasets
421,38.08877682685852,0.0,1736407029.082151,,,,0.0004891477694080785,,,,,0.001,1,16,40x40,MatchingNetwork,5,5,Greek,miniImageNet_SOTA_trainSet,False,1,4000,2,exp1_permuted_src_datasets
422,38.19167351722717,0.0,1736407029.1850476,,1.680965542793274,0.1875,,,,,,0.001,1,16,40x40,MatchingNetwork,5,5,Greek,miniImageNet_SOTA_trainSet,False,1,4000,2,exp1_permuted_src_datasets
423,38.19182515144348,0.0,1736407029.1851993,,,,0.0004890450699433904,,,,,0.001,1,16,40x40,MatchingNetwork,5,5,Greek,miniImageNet_SOTA_trainSet,False,1,4000,2,exp1_permuted_src_datasets
424,38.293846130371094,0.0,1736407029.2872202,,1.626759648323059,0.25,,,,,,0.001,1,16,40x40,MatchingNetwork,5,5,Greek,miniImageNet_SOTA_trainSet,False,1,4000,2,exp1_permuted_src_datasets
425,38.29399251937866,0.0,1736407029.2873666,,,,0.0004889419032018149,,,,,0.001,1,16,40x40,MatchingNetwork,5,5,Greek,miniImageNet_SOTA_trainSet,False,1,4000,2,exp1_permuted_src_datasets
426,38.40313506126404,0.0,1736407029.3965092,,1.5754855871200562,0.1875,,,,,,0.001,1,16,40x40,MatchingNetwork,5,5,Greek,miniImageNet_SOTA_trainSet,False,1,4000,2,exp1_permuted_src_datasets
427,38.40326738357544,0.0,1736407029.3966415,,,,0.0004888382694886832,,,,,0.001,1,16,40x40,MatchingNetwork,5,5,Greek,miniImageNet_SOTA_trainSet,False,1,4000,2,exp1_permuted_src_datasets
428,38.580960750579834,0.0,1736407029.5743349,,1.5798635482788086,0.3125,,,,,,0.001,1,16,40x40,MatchingNetwork,5,5,Greek,miniImageNet_SOTA_trainSet,False,1,4000,2,exp1_permuted_src_datasets
429,38.58110785484314,0.0,1736407029.574482,,,,0.0004887341691106626,,,,,0.001,1,16,40x40,MatchingNetwork,5,5,Greek,miniImageNet_SOTA_trainSet,False,1,4000,2,exp1_permuted_src_datasets
430,38.68501114845276,0.0,1736407029.6783853,,1.628683090209961,0.25,,,,,,0.001,1,16,40x40,MatchingNetwork,5,5,Greek,miniImageNet_SOTA_trainSet,False,1,4000,2,exp1_permuted_src_datasets
431,38.68516254425049,0.0,1736407029.6785367,,,,0.0004886296023757543,,,,,0.001,1,16,40x40,MatchingNetwork,5,5,Greek,miniImageNet_SOTA_trainSet,False,1,4000,2,exp1_permuted_src_datasets
432,38.809165954589844,0.0,1736407029.80254,,1.6212750673294067,0.1875,,,,,,0.001,1,16,40x40,MatchingNetwork,5,5,Greek,miniImageNet_SOTA_trainSet,False,1,4000,2,exp1_permuted_src_datasets
433,38.809319734573364,0.0,1736407029.8026938,,,,0.0004885245695932916,,,,,0.001,1,16,40x40,MatchingNetwork,5,5,Greek,miniImageNet_SOTA_trainSet,False,1,4000,2,exp1_permuted_src_datasets
434,38.93977165222168,0.0,1736407029.9331458,,1.5722793340682983,0.3125,,,,,,0.001,1,16,40x40,MatchingNetwork,5,5,Greek,miniImageNet_SOTA_trainSet,False,1,4000,2,exp1_permuted_src_datasets
435,38.939918994903564,0.0,1736407029.933293,,,,0.0004884190710739396,,,,,0.001,1,16,40x40,MatchingNetwork,5,5,Greek,miniImageNet_SOTA_trainSet,False,1,4000,2,exp1_permuted_src_datasets
436,39.0490505695343,0.0,1736407030.0424247,,1.574796199798584,0.1875,,,,,,0.001,1,16,40x40,MatchingNetwork,5,5,Greek,miniImageNet_SOTA_trainSet,False,1,4000,2,exp1_permuted_src_datasets
437,39.049206256866455,0.0,1736407030.0425804,,,,0.0004883131071296925,,,,,0.001,1,16,40x40,MatchingNetwork,5,5,Greek,miniImageNet_SOTA_trainSet,False,1,4000,2,exp1_permuted_src_datasets
438,39.14542365074158,0.0,1736407030.1387978,,1.590446949005127,0.3125,,,,,,0.001,1,16,40x40,MatchingNetwork,5,5,Greek,miniImageNet_SOTA_trainSet,False,1,4000,2,exp1_permuted_src_datasets
439,39.14557981491089,0.0,1736407030.138954,,,,0.00048820667807387237,,,,,0.001,1,16,40x40,MatchingNetwork,5,5,Greek,miniImageNet_SOTA_trainSet,False,1,4000,2,exp1_permuted_src_datasets
440,39.25485849380493,0.0,1736407030.2482326,,1.6288050413131714,0.1875,,,,,,0.001,1,16,40x40,MatchingNetwork,5,5,Greek,miniImageNet_SOTA_trainSet,False,1,4000,2,exp1_permuted_src_datasets
441,39.25501823425293,0.0,1736407030.2483923,,,,0.00048809978422112795,,,,,0.001,1,16,40x40,MatchingNetwork,5,5,Greek,miniImageNet_SOTA_trainSet,False,1,4000,2,exp1_permuted_src_datasets
442,39.37983798980713,0.0,1736407030.373212,,1.6148895025253296,0.0625,,,,,,0.001,1,16,40x40,MatchingNetwork,5,5,Greek,miniImageNet_SOTA_trainSet,False,1,4000,2,exp1_permuted_src_datasets
443,39.37996292114258,0.0,1736407030.373337,,,,0.00048799242588743266,,,,,0.001,1,16,40x40,MatchingNetwork,5,5,Greek,miniImageNet_SOTA_trainSet,False,1,4000,2,exp1_permuted_src_datasets
444,39.503836154937744,0.0,1736407030.4972103,,1.6053320169448853,0.1875,,,,,,0.001,1,16,40x40,MatchingNetwork,5,5,Greek,miniImageNet_SOTA_trainSet,False,1,4000,2,exp1_permuted_src_datasets
445,39.50399994850159,0.0,1736407030.497374,,,,0.00048788460339008346,,,,,0.001,1,16,40x40,MatchingNetwork,5,5,Greek,miniImageNet_SOTA_trainSet,False,1,4000,2,exp1_permuted_src_datasets
446,39.62984824180603,0.0,1736407030.6232224,,1.6656723022460938,0.3125,,,,,,0.001,1,16,40x40,MatchingNetwork,5,5,Greek,miniImageNet_SOTA_trainSet,False,1,4000,2,exp1_permuted_src_datasets
447,39.6300323009491,0.0,1736407030.6234064,,,,0.0004877763170476989,,,,,0.001,1,16,40x40,MatchingNetwork,5,5,Greek,miniImageNet_SOTA_trainSet,False,1,4000,2,exp1_permuted_src_datasets
448,39.74112367630005,0.0,1736407030.7344978,,1.6147794723510742,0.3125,,,,,,0.001,1,16,40x40,MatchingNetwork,5,5,Greek,miniImageNet_SOTA_trainSet,False,1,4000,2,exp1_permuted_src_datasets
449,39.741278409957886,0.0,1736407030.7346525,,,,0.0004876675671802177,,,,,0.001,1,16,40x40,MatchingNetwork,5,5,Greek,miniImageNet_SOTA_trainSet,False,1,4000,2,exp1_permuted_src_datasets
450,39.86080551147461,0.0,1736407030.8541796,,1.4902781248092651,0.375,,,,,,0.001,1,16,40x40,MatchingNetwork,5,5,Greek,miniImageNet_SOTA_trainSet,False,1,4000,2,exp1_permuted_src_datasets
451,39.86095380783081,0.0,1736407030.854328,,,,0.0004875583541088973,,,,,0.001,1,16,40x40,MatchingNetwork,5,5,Greek,miniImageNet_SOTA_trainSet,False,1,4000,2,exp1_permuted_src_datasets
452,39.98595356941223,0.0,1736407030.9793277,,1.62796950340271,0.25,,,,,,0.001,1,16,40x40,MatchingNetwork,5,5,Greek,miniImageNet_SOTA_trainSet,False,1,4000,2,exp1_permuted_src_datasets
453,39.98608875274658,0.0,1736407030.9794629,,,,0.00048744867815631217,,,,,0.001,1,16,40x40,MatchingNetwork,5,5,Greek,miniImageNet_SOTA_trainSet,False,1,4000,2,exp1_permuted_src_datasets
454,40.11786150932312,0.0,1736407031.1112356,,1.6027027368545532,0.3125,,,,,,0.001,1,16,40x40,MatchingNetwork,5,5,Greek,miniImageNet_SOTA_trainSet,False,1,4000,2,exp1_permuted_src_datasets
455,40.11799359321594,0.0,1736407031.1113677,,,,0.00048733853964635205,,,,,0.001,1,16,40x40,MatchingNetwork,5,5,Greek,miniImageNet_SOTA_trainSet,False,1,4000,2,exp1_permuted_src_datasets
456,40.24276542663574,0.0,1736407031.2361395,,1.5689561367034912,0.1875,,,,,,0.001,1,16,40x40,MatchingNetwork,5,5,Greek,miniImageNet_SOTA_trainSet,False,1,4000,2,exp1_permuted_src_datasets
457,40.24288582801819,0.0,1736407031.23626,,,,0.0004872279389042208,,,,,0.001,1,16,40x40,MatchingNetwork,5,5,Greek,miniImageNet_SOTA_trainSet,False,1,4000,2,exp1_permuted_src_datasets
458,40.353102684020996,0.0,1736407031.3464768,,1.6223443746566772,0.25,,,,,,0.001,1,16,40x40,MatchingNetwork,5,5,Greek,miniImageNet_SOTA_trainSet,False,1,4000,2,exp1_permuted_src_datasets
459,40.353219509124756,0.0,1736407031.3465936,,,,0.0004871168762564344,,,,,0.001,1,16,40x40,MatchingNetwork,5,5,Greek,miniImageNet_SOTA_trainSet,False,1,4000,2,exp1_permuted_src_datasets
460,40.48073101043701,0.0,1736407031.4741051,,1.5990269184112549,0.25,,,,,,0.001,1,16,40x40,MatchingNetwork,5,5,Greek,miniImageNet_SOTA_trainSet,False,1,4000,2,exp1_permuted_src_datasets
461,40.480859994888306,0.0,1736407031.474234,,,,0.0004870053520308193,,,,,0.001,1,16,40x40,MatchingNetwork,5,5,Greek,miniImageNet_SOTA_trainSet,False,1,4000,2,exp1_permuted_src_datasets
462,40.602118253707886,0.0,1736407031.5954924,,1.649521827697754,0.3125,,,,,,0.001,1,16,40x40,MatchingNetwork,5,5,Greek,miniImageNet_SOTA_trainSet,False,1,4000,2,exp1_permuted_src_datasets
463,40.60224223136902,0.0,1736407031.5956163,,,,0.00048689336655651134,,,,,0.001,1,16,40x40,MatchingNetwork,5,5,Greek,miniImageNet_SOTA_trainSet,False,1,4000,2,exp1_permuted_src_datasets
464,40.726091384887695,0.0,1736407031.7194655,,1.5659394264221191,0.4375,,,,,,0.001,1,16,40x40,MatchingNetwork,5,5,Greek,miniImageNet_SOTA_trainSet,False,1,4000,2,exp1_permuted_src_datasets
465,40.72621202468872,0.0,1736407031.7195861,,,,0.0004867809201639534,,,,,0.001,1,16,40x40,MatchingNetwork,5,5,Greek,miniImageNet_SOTA_trainSet,False,1,4000,2,exp1_permuted_src_datasets
466,40.82797980308533,0.0,1736407031.821354,,1.6108344793319702,0.1875,,,,,,0.001,1,16,40x40,MatchingNetwork,5,5,Greek,miniImageNet_SOTA_trainSet,False,1,4000,2,exp1_permuted_src_datasets
467,40.828123807907104,0.0,1736407031.821498,,,,0.0004866680131848945,,,,,0.001,1,16,40x40,MatchingNetwork,5,5,Greek,miniImageNet_SOTA_trainSet,False,1,4000,2,exp1_permuted_src_datasets
468,40.946451902389526,0.0,1736407031.939826,,1.6241148710250854,0.25,,,,,,0.001,1,16,40x40,MatchingNetwork,5,5,Greek,miniImageNet_SOTA_trainSet,False,1,4000,2,exp1_permuted_src_datasets
469,40.946577310562134,0.0,1736407031.9399514,,,,0.00048655464595238765,,,,,0.001,1,16,40x40,MatchingNetwork,5,5,Greek,miniImageNet_SOTA_trainSet,False,1,4000,2,exp1_permuted_src_datasets
470,41.064741373062134,0.0,1736407032.0581155,,1.6055684089660645,0.1875,,,,,,0.001,1,16,40x40,MatchingNetwork,5,5,Greek,miniImageNet_SOTA_trainSet,False,1,4000,2,exp1_permuted_src_datasets
471,41.06489872932434,0.0,1736407032.0582728,,,,0.0004864408188007882,,,,,0.001,1,16,40x40,MatchingNetwork,5,5,Greek,miniImageNet_SOTA_trainSet,False,1,4000,2,exp1_permuted_src_datasets
472,41.191654205322266,0.0,1736407032.1850283,,1.5337576866149902,0.25,,,,,,0.001,1,16,40x40,MatchingNetwork,5,5,Greek,miniImageNet_SOTA_trainSet,False,1,4000,2,exp1_permuted_src_datasets
473,41.19177961349487,0.0,1736407032.1851537,,,,0.00048632653206575276,,,,,0.001,1,16,40x40,MatchingNetwork,5,5,Greek,miniImageNet_SOTA_trainSet,False,1,4000,2,exp1_permuted_src_datasets
474,41.299981355667114,0.0,1736407032.2933555,,1.5630069971084595,0.3125,,,,,,0.001,1,16,40x40,MatchingNetwork,5,5,Greek,miniImageNet_SOTA_trainSet,False,1,4000,2,exp1_permuted_src_datasets
475,41.30009865760803,0.0,1736407032.2934728,,,,0.00048621178608423694,,,,,0.001,1,16,40x40,MatchingNetwork,5,5,Greek,miniImageNet_SOTA_trainSet,False,1,4000,2,exp1_permuted_src_datasets
476,41.4123637676239,0.0,1736407032.4057379,,1.672332763671875,0.1875,,,,,,0.001,1,16,40x40,MatchingNetwork,5,5,Greek,miniImageNet_SOTA_trainSet,False,1,4000,2,exp1_permuted_src_datasets
477,41.41247773170471,0.0,1736407032.4058518,,,,0.00048609658119449383,,,,,0.001,1,16,40x40,MatchingNetwork,5,5,Greek,miniImageNet_SOTA_trainSet,False,1,4000,2,exp1_permuted_src_datasets
478,41.52943396568298,0.0,1736407032.522808,,1.5784024000167847,0.25,,,,,,0.001,1,16,40x40,MatchingNetwork,5,5,Greek,miniImageNet_SOTA_trainSet,False,1,4000,2,exp1_permuted_src_datasets
479,41.529598236083984,0.0,1736407032.5229723,,,,0.0004859809177360727,,,,,0.001,1,16,40x40,MatchingNetwork,5,5,Greek,miniImageNet_SOTA_trainSet,False,1,4000,2,exp1_permuted_src_datasets
480,41.64738488197327,0.0,1736407032.640759,,1.5725679397583008,0.25,,,,,,0.001,1,16,40x40,MatchingNetwork,5,5,Greek,miniImageNet_SOTA_trainSet,False,1,4000,2,exp1_permuted_src_datasets
481,41.6475555896759,0.0,1736407032.6409297,,,,0.00048586479604981674,,,,,0.001,1,16,40x40,MatchingNetwork,5,5,Greek,miniImageNet_SOTA_trainSet,False,1,4000,2,exp1_permuted_src_datasets
482,41.764933586120605,0.0,1736407032.7583077,,1.6845694780349731,0.1875,,,,,,0.001,1,16,40x40,MatchingNetwork,5,5,Greek,miniImageNet_SOTA_trainSet,False,1,4000,2,exp1_permuted_src_datasets
483,41.76508402824402,0.0,1736407032.7584581,,,,0.00048574821647786204,,,,,0.001,1,16,40x40,MatchingNetwork,5,5,Greek,miniImageNet_SOTA_trainSet,False,1,4000,2,exp1_permuted_src_datasets
484,41.88203716278076,0.0,1736407032.8754113,,1.6627477407455444,0.125,,,,,,0.001,1,16,40x40,MatchingNetwork,5,5,Greek,miniImageNet_SOTA_trainSet,False,1,4000,2,exp1_permuted_src_datasets
485,41.88219404220581,0.0,1736407032.8755682,,,,0.0004856311793636354,,,,,0.001,1,16,40x40,MatchingNetwork,5,5,Greek,miniImageNet_SOTA_trainSet,False,1,4000,2,exp1_permuted_src_datasets
486,41.993104219436646,0.0,1736407032.9864783,,1.5546271800994873,0.375,,,,,,0.001,1,16,40x40,MatchingNetwork,5,5,Greek,miniImageNet_SOTA_trainSet,False,1,4000,2,exp1_permuted_src_datasets
487,41.9932427406311,0.0,1736407032.9866168,,,,0.00048551368505185283,,,,,0.001,1,16,40x40,MatchingNetwork,5,5,Greek,miniImageNet_SOTA_trainSet,False,1,4000,2,exp1_permuted_src_datasets
488,42.11574172973633,0.0,1736407033.1091158,,1.588364601135254,0.375,,,,,,0.001,1,16,40x40,MatchingNetwork,5,5,Greek,miniImageNet_SOTA_trainSet,False,1,4000,2,exp1_permuted_src_datasets
489,42.11585855484009,0.0,1736407033.1092327,,,,0.00048539573388851795,,,,,0.001,1,16,40x40,MatchingNetwork,5,5,Greek,miniImageNet_SOTA_trainSet,False,1,4000,2,exp1_permuted_src_datasets
490,42.22854256629944,0.0,1736407033.2219167,,1.581241488456726,0.3125,,,,,,0.001,1,16,40x40,MatchingNetwork,5,5,Greek,miniImageNet_SOTA_trainSet,False,1,4000,2,exp1_permuted_src_datasets
491,42.228657245635986,0.0,1736407033.2220314,,,,0.00048527732622092006,,,,,0.001,1,16,40x40,MatchingNetwork,5,5,Greek,miniImageNet_SOTA_trainSet,False,1,4000,2,exp1_permuted_src_datasets
492,42.34694743156433,0.0,1736407033.3403215,,1.618943214416504,0.4375,,,,,,0.001,1,16,40x40,MatchingNetwork,5,5,Greek,miniImageNet_SOTA_trainSet,False,1,4000,2,exp1_permuted_src_datasets
493,42.34712314605713,0.0,1736407033.3404973,,,,0.0004851584623976326,,,,,0.001,1,16,40x40,MatchingNetwork,5,5,Greek,miniImageNet_SOTA_trainSet,False,1,4000,2,exp1_permuted_src_datasets
494,42.465683698654175,0.0,1736407033.4590578,,1.5807892084121704,0.3125,,,,,,0.001,1,16,40x40,MatchingNetwork,5,5,Greek,miniImageNet_SOTA_trainSet,False,1,4000,2,exp1_permuted_src_datasets
495,42.46580362319946,0.0,1736407033.4591777,,,,0.0004850391427685116,,,,,0.001,1,16,40x40,MatchingNetwork,5,5,Greek,miniImageNet_SOTA_trainSet,False,1,4000,2,exp1_permuted_src_datasets
496,42.57610726356506,0.0,1736407033.5694814,,1.610222578048706,0.25,,,,,,0.001,1,16,40x40,MatchingNetwork,5,5,Greek,miniImageNet_SOTA_trainSet,False,1,4000,2,exp1_permuted_src_datasets
497,42.5762403011322,0.0,1736407033.5696144,,,,0.0004849193676846934,,,,,0.001,1,16,40x40,MatchingNetwork,5,5,Greek,miniImageNet_SOTA_trainSet,False,1,4000,2,exp1_permuted_src_datasets
498,42.69860863685608,0.0,1736407033.6919827,,1.5753283500671387,0.375,,,,,,0.001,1,16,40x40,MatchingNetwork,5,5,Greek,miniImageNet_SOTA_trainSet,False,1,4000,2,exp1_permuted_src_datasets
499,42.69873356819153,0.0,1736407033.6921077,,,,0.00048479913749859373,,,,,0.001,1,16,40x40,MatchingNetwork,5,5,Greek,miniImageNet_SOTA_trainSet,False,1,4000,2,exp1_permuted_src_datasets
500,42.81819152832031,0.0,1736407033.8115656,,1.6252654790878296,0.125,,,,,,0.001,1,16,40x40,MatchingNetwork,5,5,Greek,miniImageNet_SOTA_trainSet,False,1,4000,2,exp1_permuted_src_datasets
501,42.81831169128418,0.0,1736407033.8116858,,,,0.00048467845256390535,,,,,0.001,1,16,40x40,MatchingNetwork,5,5,Greek,miniImageNet_SOTA_trainSet,False,1,4000,2,exp1_permuted_src_datasets
502,51.986440896987915,0.0,1736407042.979815,,,,,0.3315,,,,0.001,1,16,40x40,MatchingNetwork,5,5,Greek,miniImageNet_SOTA_trainSet,False,1,4000,2,exp1_permuted_src_datasets
503,61.154500007629395,0.0,1736407052.147874,,,,,,0.3315,,,0.001,1,16,40x40,MatchingNetwork,5,5,Greek,miniImageNet_SOTA_trainSet,False,1,4000,2,exp1_permuted_src_datasets
504,61.16180086135864,0.0,1736407052.155175,,,,,,,1.4423091411590576,0.625,0.001,1,16,40x40,MatchingNetwork,5,5,Greek,miniImageNet_SOTA_trainSet,False,1,4000,2,exp1_permuted_src_datasets
505,61.17152237892151,0.0,1736407052.1648965,,,,,,,1.5277265310287476,0.3125,0.001,1,16,40x40,MatchingNetwork,5,5,Greek,miniImageNet_SOTA_trainSet,False,1,4000,2,exp1_permuted_src_datasets
506,61.18083429336548,0.0,1736407052.1742084,,,,,,,1.450543999671936,0.375,0.001,1,16,40x40,MatchingNetwork,5,5,Greek,miniImageNet_SOTA_trainSet,False,1,4000,2,exp1_permuted_src_datasets
507,61.19011664390564,0.0,1736407052.1834908,,,,,,,1.5444718599319458,0.375,0.001,1,16,40x40,MatchingNetwork,5,5,Greek,miniImageNet_SOTA_trainSet,False,1,4000,2,exp1_permuted_src_datasets
508,61.19935655593872,0.0,1736407052.1927307,,,,,,,1.5156033039093018,0.8125,0.001,1,16,40x40,MatchingNetwork,5,5,Greek,miniImageNet_SOTA_trainSet,False,1,4000,2,exp1_permuted_src_datasets
509,61.20856285095215,0.0,1736407052.201937,,,,,,,1.5051032304763794,0.5,0.001,1,16,40x40,MatchingNetwork,5,5,Greek,miniImageNet_SOTA_trainSet,False,1,4000,2,exp1_permuted_src_datasets
510,61.217875719070435,0.0,1736407052.2112498,,,,,,,1.5069266557693481,0.3125,0.001,1,16,40x40,MatchingNetwork,5,5,Greek,miniImageNet_SOTA_trainSet,False,1,4000,2,exp1_permuted_src_datasets
511,61.22787261009216,0.0,1736407052.2212467,,,,,,,1.4484931230545044,0.5625,0.001,1,16,40x40,MatchingNetwork,5,5,Greek,miniImageNet_SOTA_trainSet,False,1,4000,2,exp1_permuted_src_datasets
512,61.237284898757935,0.0,1736407052.230659,,,,,,,1.4471557140350342,0.6875,0.001,1,16,40x40,MatchingNetwork,5,5,Greek,miniImageNet_SOTA_trainSet,False,1,4000,2,exp1_permuted_src_datasets
513,61.246548891067505,0.0,1736407052.239923,,,,,,,1.4894987344741821,0.4375,0.001,1,16,40x40,MatchingNetwork,5,5,Greek,miniImageNet_SOTA_trainSet,False,1,4000,2,exp1_permuted_src_datasets
514,61.25564622879028,0.0,1736407052.2490203,,,,,,,1.5417650938034058,0.375,0.001,1,16,40x40,MatchingNetwork,5,5,Greek,miniImageNet_SOTA_trainSet,False,1,4000,2,exp1_permuted_src_datasets
515,61.26484227180481,0.0,1736407052.2582164,,,,,,,1.5321576595306396,0.4375,0.001,1,16,40x40,MatchingNetwork,5,5,Greek,miniImageNet_SOTA_trainSet,False,1,4000,2,exp1_permuted_src_datasets
516,61.273946046829224,0.0,1736407052.2673202,,,,,,,1.5077786445617676,0.4375,0.001,1,16,40x40,MatchingNetwork,5,5,Greek,miniImageNet_SOTA_trainSet,False,1,4000,2,exp1_permuted_src_datasets
517,61.28401231765747,0.0,1736407052.2773864,,,,,,,1.4387660026550293,0.5625,0.001,1,16,40x40,MatchingNetwork,5,5,Greek,miniImageNet_SOTA_trainSet,False,1,4000,2,exp1_permuted_src_datasets
518,61.2936909198761,0.0,1736407052.287065,,,,,,,1.5336371660232544,0.4375,0.001,1,16,40x40,MatchingNetwork,5,5,Greek,miniImageNet_SOTA_trainSet,False,1,4000,2,exp1_permuted_src_datasets
519,61.302998304367065,0.0,1736407052.2963724,,,,,,,1.5691845417022705,0.6875,0.001,1,16,40x40,MatchingNetwork,5,5,Greek,miniImageNet_SOTA_trainSet,False,1,4000,2,exp1_permuted_src_datasets
520,61.312185525894165,0.0,1736407052.3055596,,,,,,,1.451490879058838,0.3125,0.001,1,16,40x40,MatchingNetwork,5,5,Greek,miniImageNet_SOTA_trainSet,False,1,4000,2,exp1_permuted_src_datasets
521,61.321377992630005,0.0,1736407052.314752,,,,,,,1.5066090822219849,0.1875,0.001,1,16,40x40,MatchingNetwork,5,5,Greek,miniImageNet_SOTA_trainSet,False,1,4000,2,exp1_permuted_src_datasets
522,61.33047890663147,0.0,1736407052.323853,,,,,,,1.5049842596054077,0.375,0.001,1,16,40x40,MatchingNetwork,5,5,Greek,miniImageNet_SOTA_trainSet,False,1,4000,2,exp1_permuted_src_datasets
523,61.339778900146484,0.0,1736407052.333153,,,,,,,1.443399429321289,0.4375,0.001,1,16,40x40,MatchingNetwork,5,5,Greek,miniImageNet_SOTA_trainSet,False,1,4000,2,exp1_permuted_src_datasets
524,61.34902882575989,0.0,1736407052.342403,,,,,,,1.550369381904602,0.3125,0.001,1,16,40x40,MatchingNetwork,5,5,Greek,miniImageNet_SOTA_trainSet,False,1,4000,2,exp1_permuted_src_datasets
525,61.3584189414978,0.0,1736407052.351793,,,,,,,1.5025603771209717,0.5625,0.001,1,16,40x40,MatchingNetwork,5,5,Greek,miniImageNet_SOTA_trainSet,False,1,4000,2,exp1_permuted_src_datasets
526,61.36764979362488,0.0,1736407052.361024,,,,,,,1.434553861618042,0.5,0.001,1,16,40x40,MatchingNetwork,5,5,Greek,miniImageNet_SOTA_trainSet,False,1,4000,2,exp1_permuted_src_datasets
527,61.37680912017822,0.0,1736407052.3701832,,,,,,,1.4317373037338257,0.75,0.001,1,16,40x40,MatchingNetwork,5,5,Greek,miniImageNet_SOTA_trainSet,False,1,4000,2,exp1_permuted_src_datasets
528,61.38658118247986,0.0,1736407052.3799553,,,,,,,1.4677751064300537,0.625,0.001,1,16,40x40,MatchingNetwork,5,5,Greek,miniImageNet_SOTA_trainSet,False,1,4000,2,exp1_permuted_src_datasets
529,61.395713806152344,0.0,1736407052.389088,,,,,,,1.525811791419983,0.5,0.001,1,16,40x40,MatchingNetwork,5,5,Greek,miniImageNet_SOTA_trainSet,False,1,4000,2,exp1_permuted_src_datasets
530,61.40678024291992,0.0,1736407052.4001544,,,,,,,1.44877290725708,0.625,0.001,1,16,40x40,MatchingNetwork,5,5,Greek,miniImageNet_SOTA_trainSet,False,1,4000,2,exp1_permuted_src_datasets
531,61.416223764419556,0.0,1736407052.4095979,,,,,,,1.4563392400741577,0.625,0.001,1,16,40x40,MatchingNetwork,5,5,Greek,miniImageNet_SOTA_trainSet,False,1,4000,2,exp1_permuted_src_datasets
532,61.42567229270935,0.0,1736407052.4190464,,,,,,,1.410455346107483,0.5625,0.001,1,16,40x40,MatchingNetwork,5,5,Greek,miniImageNet_SOTA_trainSet,False,1,4000,2,exp1_permuted_src_datasets
533,61.434993743896484,0.0,1736407052.4283679,,,,,,,1.3863385915756226,1.0,0.001,1,16,40x40,MatchingNetwork,5,5,Greek,miniImageNet_SOTA_trainSet,False,1,4000,2,exp1_permuted_src_datasets
534,61.444214820861816,0.0,1736407052.437589,,,,,,,1.4694452285766602,0.4375,0.001,1,16,40x40,MatchingNetwork,5,5,Greek,miniImageNet_SOTA_trainSet,False,1,4000,2,exp1_permuted_src_datasets
535,61.453253984451294,0.0,1736407052.446628,,,,,,,1.4109866619110107,0.6875,0.001,1,16,40x40,MatchingNetwork,5,5,Greek,miniImageNet_SOTA_trainSet,False,1,4000,2,exp1_permuted_src_datasets
536,61.46225190162659,0.0,1736407052.455626,,,,,,,1.3931199312210083,0.5625,0.001,1,16,40x40,MatchingNetwork,5,5,Greek,miniImageNet_SOTA_trainSet,False,1,4000,2,exp1_permuted_src_datasets
537,61.471259117126465,0.0,1736407052.4646332,,,,,,,1.4399131536483765,0.5625,0.001,1,16,40x40,MatchingNetwork,5,5,Greek,miniImageNet_SOTA_trainSet,False,1,4000,2,exp1_permuted_src_datasets
538,61.480170011520386,0.0,1736407052.4735441,,,,,,,1.446414589881897,0.5625,0.001,1,16,40x40,MatchingNetwork,5,5,Greek,miniImageNet_SOTA_trainSet,False,1,4000,2,exp1_permuted_src_datasets
539,61.48913836479187,0.0,1736407052.4825125,,,,,,,1.449925184249878,0.75,0.001,1,16,40x40,MatchingNetwork,5,5,Greek,miniImageNet_SOTA_trainSet,False,1,4000,2,exp1_permuted_src_datasets
540,61.49799871444702,0.0,1736407052.4913728,,,,,,,1.4100911617279053,0.875,0.001,1,16,40x40,MatchingNetwork,5,5,Greek,miniImageNet_SOTA_trainSet,False,1,4000,2,exp1_permuted_src_datasets
541,61.507856369018555,0.0,1736407052.5012305,,,,,,,1.4008760452270508,0.8125,0.001,1,16,40x40,MatchingNetwork,5,5,Greek,miniImageNet_SOTA_trainSet,False,1,4000,2,exp1_permuted_src_datasets
542,61.51983189582825,0.0,1736407052.513206,,,,,,,1.3962461948394775,0.5625,0.001,1,16,40x40,MatchingNetwork,5,5,Greek,miniImageNet_SOTA_trainSet,False,1,4000,2,exp1_permuted_src_datasets
543,61.53291845321655,0.0,1736407052.5262926,,,,,,,1.3866782188415527,0.8125,0.001,1,16,40x40,MatchingNetwork,5,5,Greek,miniImageNet_SOTA_trainSet,False,1,4000,2,exp1_permuted_src_datasets
544,61.548396587371826,0.0,1736407052.5417707,,,,,,,1.3835514783859253,0.6875,0.001,1,16,40x40,MatchingNetwork,5,5,Greek,miniImageNet_SOTA_trainSet,False,1,4000,2,exp1_permuted_src_datasets
545,61.564244508743286,0.0,1736407052.5576186,,,,,,,1.4395371675491333,0.75,0.001,1,16,40x40,MatchingNetwork,5,5,Greek,miniImageNet_SOTA_trainSet,False,1,4000,2,exp1_permuted_src_datasets
546,61.574668169021606,0.0,1736407052.5680423,,,,,,,1.3918020725250244,0.625,0.001,1,16,40x40,MatchingNetwork,5,5,Greek,miniImageNet_SOTA_trainSet,False,1,4000,2,exp1_permuted_src_datasets
547,61.58388304710388,0.0,1736407052.5772572,,,,,,,1.4081617593765259,0.625,0.001,1,16,40x40,MatchingNetwork,5,5,Greek,miniImageNet_SOTA_trainSet,False,1,4000,2,exp1_permuted_src_datasets
548,61.59323716163635,0.0,1736407052.5866113,,,,,,,1.384453296661377,0.9375,0.001,1,16,40x40,MatchingNetwork,5,5,Greek,miniImageNet_SOTA_trainSet,False,1,4000,2,exp1_permuted_src_datasets
549,61.60321092605591,0.0,1736407052.596585,,,,,,,1.4052983522415161,0.6875,0.001,1,16,40x40,MatchingNetwork,5,5,Greek,miniImageNet_SOTA_trainSet,False,1,4000,2,exp1_permuted_src_datasets
550,61.612794637680054,0.0,1736407052.6061687,,,,,,,1.4016579389572144,0.8125,0.001,1,16,40x40,MatchingNetwork,5,5,Greek,miniImageNet_SOTA_trainSet,False,1,4000,2,exp1_permuted_src_datasets
551,61.62192463874817,0.0,1736407052.6152987,,,,,,,1.4341787099838257,0.8125,0.001,1,16,40x40,MatchingNetwork,5,5,Greek,miniImageNet_SOTA_trainSet,False,1,4000,2,exp1_permuted_src_datasets
552,61.6327805519104,0.0,1736407052.6261547,,,,,,,1.3876378536224365,1.0,0.001,1,16,40x40,MatchingNetwork,5,5,Greek,miniImageNet_SOTA_trainSet,False,1,4000,2,exp1_permuted_src_datasets
553,61.64213180541992,0.0,1736407052.635506,,,,,,,1.3833383321762085,0.8125,0.001,1,16,40x40,MatchingNetwork,5,5,Greek,miniImageNet_SOTA_trainSet,False,1,4000,2,exp1_permuted_src_datasets
554,61.65785360336304,0.0,1736407052.6512277,,,,,,,1.3808135986328125,1.0,0.001,1,16,40x40,MatchingNetwork,5,5,Greek,miniImageNet_SOTA_trainSet,False,1,4000,2,exp1_permuted_src_datasets
555,61.66858720779419,0.0,1736407052.6619613,,,,,,,1.4386931657791138,0.5,0.001,1,16,40x40,MatchingNetwork,5,5,Greek,miniImageNet_SOTA_trainSet,False,1,4000,2,exp1_permuted_src_datasets
556,61.67801332473755,0.0,1736407052.6713874,,,,,,,1.3792284727096558,1.0,0.001,1,16,40x40,MatchingNetwork,5,5,Greek,miniImageNet_SOTA_trainSet,False,1,4000,2,exp1_permuted_src_datasets
557,61.687345027923584,0.0,1736407052.6807191,,,,,,,1.3815611600875854,1.0,0.001,1,16,40x40,MatchingNetwork,5,5,Greek,miniImageNet_SOTA_trainSet,False,1,4000,2,exp1_permuted_src_datasets
558,61.69657349586487,0.0,1736407052.6899476,,,,,,,1.4365296363830566,0.875,0.001,1,16,40x40,MatchingNetwork,5,5,Greek,miniImageNet_SOTA_trainSet,False,1,4000,2,exp1_permuted_src_datasets
559,61.7056519985199,0.0,1736407052.699026,,,,,,,1.38339102268219,0.875,0.001,1,16,40x40,MatchingNetwork,5,5,Greek,miniImageNet_SOTA_trainSet,False,1,4000,2,exp1_permuted_src_datasets
560,61.71455192565918,0.0,1736407052.707926,,,,,,,1.3758753538131714,1.0,0.001,1,16,40x40,MatchingNetwork,5,5,Greek,miniImageNet_SOTA_trainSet,False,1,4000,2,exp1_permuted_src_datasets
561,61.72425079345703,0.0,1736407052.717625,,,,,,,1.3815423250198364,1.0,0.001,1,16,40x40,MatchingNetwork,5,5,Greek,miniImageNet_SOTA_trainSet,False,1,4000,2,exp1_permuted_src_datasets
562,61.73332071304321,0.0,1736407052.7266948,,,,,,,1.379612922668457,0.875,0.001,1,16,40x40,MatchingNetwork,5,5,Greek,miniImageNet_SOTA_trainSet,False,1,4000,2,exp1_permuted_src_datasets
563,61.74221396446228,0.0,1736407052.735588,,,,,,,1.380509853363037,1.0,0.001,1,16,40x40,MatchingNetwork,5,5,Greek,miniImageNet_SOTA_trainSet,False,1,4000,2,exp1_permuted_src_datasets
564,61.75157356262207,0.0,1736407052.7449477,,,,,,,1.3813683986663818,1.0,0.001,1,16,40x40,MatchingNetwork,5,5,Greek,miniImageNet_SOTA_trainSet,False,1,4000,2,exp1_permuted_src_datasets
565,61.76052927970886,0.0,1736407052.7539034,,,,,,,1.4061881303787231,0.875,0.001,1,16,40x40,MatchingNetwork,5,5,Greek,miniImageNet_SOTA_trainSet,False,1,4000,2,exp1_permuted_src_datasets
566,70.94016718864441,0.0,1736407061.9335413,,,,,,0.38875,,,0.001,1,16,40x40,MatchingNetwork,5,5,Greek,miniImageNet_SOTA_trainSet,False,1,4000,2,exp1_permuted_src_datasets
567,70.95217871665955,0.0,1736407061.9455528,,,,,,,1.3777947425842285,1.0,0.001,1,16,40x40,MatchingNetwork,5,5,Greek,miniImageNet_SOTA_trainSet,False,1,4000,2,exp1_permuted_src_datasets
568,70.96337103843689,0.0,1736407061.9567451,,,,,,,1.3838157653808594,1.0,0.001,1,16,40x40,MatchingNetwork,5,5,Greek,miniImageNet_SOTA_trainSet,False,1,4000,2,exp1_permuted_src_datasets
569,70.97255182266235,0.0,1736407061.965926,,,,,,,1.3875900506973267,1.0,0.001,1,16,40x40,MatchingNetwork,5,5,Greek,miniImageNet_SOTA_trainSet,False,1,4000,2,exp1_permuted_src_datasets
570,70.98215103149414,0.0,1736407061.9755251,,,,,,,1.374192714691162,1.0,0.001,1,16,40x40,MatchingNetwork,5,5,Greek,miniImageNet_SOTA_trainSet,False,1,4000,2,exp1_permuted_src_datasets
571,70.99130892753601,0.0,1736407061.984683,,,,,,,1.3751176595687866,1.0,0.001,1,16,40x40,MatchingNetwork,5,5,Greek,miniImageNet_SOTA_trainSet,False,1,4000,2,exp1_permuted_src_datasets
572,71.00171971321106,0.0,1736407061.9950938,,,,,,,1.379235029220581,1.0,0.001,1,16,40x40,MatchingNetwork,5,5,Greek,miniImageNet_SOTA_trainSet,False,1,4000,2,exp1_permuted_src_datasets
573,71.01572751998901,0.0,1736407062.0091016,,,,,,,1.3865571022033691,0.75,0.001,1,16,40x40,MatchingNetwork,5,5,Greek,miniImageNet_SOTA_trainSet,False,1,4000,2,exp1_permuted_src_datasets
574,71.0306179523468,0.0,1736407062.023992,,,,,,,1.3849008083343506,1.0,0.001,1,16,40x40,MatchingNetwork,5,5,Greek,miniImageNet_SOTA_trainSet,False,1,4000,2,exp1_permuted_src_datasets
575,71.04008197784424,0.0,1736407062.033456,,,,,,,1.3758658170700073,1.0,0.001,1,16,40x40,MatchingNetwork,5,5,Greek,miniImageNet_SOTA_trainSet,False,1,4000,2,exp1_permuted_src_datasets
576,71.04967880249023,0.0,1736407062.043053,,,,,,,1.3720695972442627,1.0,0.001,1,16,40x40,MatchingNetwork,5,5,Greek,miniImageNet_SOTA_trainSet,False,1,4000,2,exp1_permuted_src_datasets
577,71.05912733078003,0.0,1736407062.0525014,,,,,,,1.377275824546814,1.0,0.001,1,16,40x40,MatchingNetwork,5,5,Greek,miniImageNet_SOTA_trainSet,False,1,4000,2,exp1_permuted_src_datasets
578,71.07065749168396,0.0,1736407062.0640316,,,,,,,1.3757041692733765,1.0,0.001,1,16,40x40,MatchingNetwork,5,5,Greek,miniImageNet_SOTA_trainSet,False,1,4000,2,exp1_permuted_src_datasets
579,71.08176445960999,0.0,1736407062.0751386,,,,,,,1.3763504028320312,1.0,0.001,1,16,40x40,MatchingNetwork,5,5,Greek,miniImageNet_SOTA_trainSet,False,1,4000,2,exp1_permuted_src_datasets
580,71.0910894870758,0.0,1736407062.0844636,,,,,,,1.379800796508789,1.0,0.001,1,16,40x40,MatchingNetwork,5,5,Greek,miniImageNet_SOTA_trainSet,False,1,4000,2,exp1_permuted_src_datasets
581,71.10126519203186,0.0,1736407062.0946393,,,,,,,1.3754395246505737,1.0,0.001,1,16,40x40,MatchingNetwork,5,5,Greek,miniImageNet_SOTA_trainSet,False,1,4000,2,exp1_permuted_src_datasets
582,71.11195206642151,0.0,1736407062.1053262,,,,,,,1.4335373640060425,0.875,0.001,1,16,40x40,MatchingNetwork,5,5,Greek,miniImageNet_SOTA_trainSet,False,1,4000,2,exp1_permuted_src_datasets
583,71.12274098396301,0.0,1736407062.116115,,,,,,,1.374367356300354,1.0,0.001,1,16,40x40,MatchingNetwork,5,5,Greek,miniImageNet_SOTA_trainSet,False,1,4000,2,exp1_permuted_src_datasets
584,71.13212990760803,0.0,1736407062.125504,,,,,,,1.3735154867172241,1.0,0.001,1,16,40x40,MatchingNetwork,5,5,Greek,miniImageNet_SOTA_trainSet,False,1,4000,2,exp1_permuted_src_datasets
585,71.14145040512085,0.0,1736407062.1348245,,,,,,,1.374629020690918,1.0,0.001,1,16,40x40,MatchingNetwork,5,5,Greek,miniImageNet_SOTA_trainSet,False,1,4000,2,exp1_permuted_src_datasets
586,71.15047097206116,0.0,1736407062.143845,,,,,,,1.3749771118164062,1.0,0.001,1,16,40x40,MatchingNetwork,5,5,Greek,miniImageNet_SOTA_trainSet,False,1,4000,2,exp1_permuted_src_datasets
587,71.1596450805664,0.0,1736407062.1530192,,,,,,,1.373151421546936,1.0,0.001,1,16,40x40,MatchingNetwork,5,5,Greek,miniImageNet_SOTA_trainSet,False,1,4000,2,exp1_permuted_src_datasets
588,71.169273853302,0.0,1736407062.162648,,,,,,,1.373198390007019,1.0,0.001,1,16,40x40,MatchingNetwork,5,5,Greek,miniImageNet_SOTA_trainSet,False,1,4000,2,exp1_permuted_src_datasets
589,71.18204808235168,0.0,1736407062.1754222,,,,,,,1.375266671180725,1.0,0.001,1,16,40x40,MatchingNetwork,5,5,Greek,miniImageNet_SOTA_trainSet,False,1,4000,2,exp1_permuted_src_datasets
590,71.19243693351746,0.0,1736407062.185811,,,,,,,1.3759945631027222,1.0,0.001,1,16,40x40,MatchingNetwork,5,5,Greek,miniImageNet_SOTA_trainSet,False,1,4000,2,exp1_permuted_src_datasets
591,71.20531034469604,0.0,1736407062.1986845,,,,,,,1.382332682609558,1.0,0.001,1,16,40x40,MatchingNetwork,5,5,Greek,miniImageNet_SOTA_trainSet,False,1,4000,2,exp1_permuted_src_datasets
592,71.21998834609985,0.0,1736407062.2133625,,,,,,,1.376375436782837,1.0,0.001,1,16,40x40,MatchingNetwork,5,5,Greek,miniImageNet_SOTA_trainSet,False,1,4000,2,exp1_permuted_src_datasets
593,71.22956991195679,0.0,1736407062.222944,,,,,,,1.3739054203033447,1.0,0.001,1,16,40x40,MatchingNetwork,5,5,Greek,miniImageNet_SOTA_trainSet,False,1,4000,2,exp1_permuted_src_datasets
594,71.23874807357788,0.0,1736407062.2321222,,,,,,,1.3765686750411987,1.0,0.001,1,16,40x40,MatchingNetwork,5,5,Greek,miniImageNet_SOTA_trainSet,False,1,4000,2,exp1_permuted_src_datasets
595,71.24776792526245,0.0,1736407062.241142,,,,,,,1.3768072128295898,1.0,0.001,1,16,40x40,MatchingNetwork,5,5,Greek,miniImageNet_SOTA_trainSet,False,1,4000,2,exp1_permuted_src_datasets
596,71.25673913955688,0.0,1736407062.2501132,,,,,,,1.3716031312942505,1.0,0.001,1,16,40x40,MatchingNetwork,5,5,Greek,miniImageNet_SOTA_trainSet,False,1,4000,2,exp1_permuted_src_datasets
597,71.26579213142395,0.0,1736407062.2591662,,,,,,,1.3760877847671509,1.0,0.001,1,16,40x40,MatchingNetwork,5,5,Greek,miniImageNet_SOTA_trainSet,False,1,4000,2,exp1_permuted_src_datasets
598,71.27480912208557,0.0,1736407062.2681832,,,,,,,1.3726177215576172,1.0,0.001,1,16,40x40,MatchingNetwork,5,5,Greek,miniImageNet_SOTA_trainSet,False,1,4000,2,exp1_permuted_src_datasets
599,71.28379940986633,0.0,1736407062.2771735,,,,,,,1.3754396438598633,1.0,0.001,1,16,40x40,MatchingNetwork,5,5,Greek,miniImageNet_SOTA_trainSet,False,1,4000,2,exp1_permuted_src_datasets
600,71.29527616500854,0.0,1736407062.2886503,,,,,,,1.3722141981124878,1.0,0.001,1,16,40x40,MatchingNetwork,5,5,Greek,miniImageNet_SOTA_trainSet,False,1,4000,2,exp1_permuted_src_datasets
601,71.30444383621216,0.0,1736407062.297818,,,,,,,1.3741625547409058,1.0,0.001,1,16,40x40,MatchingNetwork,5,5,Greek,miniImageNet_SOTA_trainSet,False,1,4000,2,exp1_permuted_src_datasets
602,71.3135359287262,0.0,1736407062.30691,,,,,,,1.3737971782684326,1.0,0.001,1,16,40x40,MatchingNetwork,5,5,Greek,miniImageNet_SOTA_trainSet,False,1,4000,2,exp1_permuted_src_datasets
603,71.32296133041382,0.0,1736407062.3163354,,,,,,,1.4326622486114502,0.8125,0.001,1,16,40x40,MatchingNetwork,5,5,Greek,miniImageNet_SOTA_trainSet,False,1,4000,2,exp1_permuted_src_datasets
604,71.3325126171112,0.0,1736407062.3258867,,,,,,,1.3774007558822632,1.0,0.001,1,16,40x40,MatchingNetwork,5,5,Greek,miniImageNet_SOTA_trainSet,False,1,4000,2,exp1_permuted_src_datasets
605,71.34182500839233,0.0,1736407062.335199,,,,,,,1.3780252933502197,1.0,0.001,1,16,40x40,MatchingNetwork,5,5,Greek,miniImageNet_SOTA_trainSet,False,1,4000,2,exp1_permuted_src_datasets
606,71.35114550590515,0.0,1736407062.3445196,,,,,,,1.3777071237564087,1.0,0.001,1,16,40x40,MatchingNetwork,5,5,Greek,miniImageNet_SOTA_trainSet,False,1,4000,2,exp1_permuted_src_datasets
607,71.36060237884521,0.0,1736407062.3539765,,,,,,,1.3784534931182861,1.0,0.001,1,16,40x40,MatchingNetwork,5,5,Greek,miniImageNet_SOTA_trainSet,False,1,4000,2,exp1_permuted_src_datasets
608,71.3697338104248,0.0,1736407062.363108,,,,,,,1.3766697645187378,1.0,0.001,1,16,40x40,MatchingNetwork,5,5,Greek,miniImageNet_SOTA_trainSet,False,1,4000,2,exp1_permuted_src_datasets
609,71.37878227233887,0.0,1736407062.3721564,,,,,,,1.372944951057434,1.0,0.001,1,16,40x40,MatchingNetwork,5,5,Greek,miniImageNet_SOTA_trainSet,False,1,4000,2,exp1_permuted_src_datasets
610,71.38783478736877,0.0,1736407062.381209,,,,,,,1.4325075149536133,1.0,0.001,1,16,40x40,MatchingNetwork,5,5,Greek,miniImageNet_SOTA_trainSet,False,1,4000,2,exp1_permuted_src_datasets
611,71.39687633514404,0.0,1736407062.3902504,,,,,,,1.3748388290405273,1.0,0.001,1,16,40x40,MatchingNetwork,5,5,Greek,miniImageNet_SOTA_trainSet,False,1,4000,2,exp1_permuted_src_datasets
612,71.40698194503784,0.0,1736407062.400356,,,,,,,1.3747048377990723,1.0,0.001,1,16,40x40,MatchingNetwork,5,5,Greek,miniImageNet_SOTA_trainSet,False,1,4000,2,exp1_permuted_src_datasets
613,71.41812634468079,0.0,1736407062.4115005,,,,,,,1.3712514638900757,1.0,0.001,1,16,40x40,MatchingNetwork,5,5,Greek,miniImageNet_SOTA_trainSet,False,1,4000,2,exp1_permuted_src_datasets
614,71.42785096168518,0.0,1736407062.421225,,,,,,,1.3737390041351318,1.0,0.001,1,16,40x40,MatchingNetwork,5,5,Greek,miniImageNet_SOTA_trainSet,False,1,4000,2,exp1_permuted_src_datasets
615,71.43768310546875,0.0,1736407062.4310572,,,,,,,1.3734650611877441,1.0,0.001,1,16,40x40,MatchingNetwork,5,5,Greek,miniImageNet_SOTA_trainSet,False,1,4000,2,exp1_permuted_src_datasets
616,71.44754648208618,0.0,1736407062.4409206,,,,,,,1.3802506923675537,1.0,0.001,1,16,40x40,MatchingNetwork,5,5,Greek,miniImageNet_SOTA_trainSet,False,1,4000,2,exp1_permuted_src_datasets
617,71.45771145820618,0.0,1736407062.4510856,,,,,,,1.374227523803711,1.0,0.001,1,16,40x40,MatchingNetwork,5,5,Greek,miniImageNet_SOTA_trainSet,False,1,4000,2,exp1_permuted_src_datasets
618,71.46746039390564,0.0,1736407062.4608345,,,,,,,1.4305784702301025,0.875,0.001,1,16,40x40,MatchingNetwork,5,5,Greek,miniImageNet_SOTA_trainSet,False,1,4000,2,exp1_permuted_src_datasets
619,71.47729253768921,0.0,1736407062.4706666,,,,,,,1.3917925357818604,1.0,0.001,1,16,40x40,MatchingNetwork,5,5,Greek,miniImageNet_SOTA_trainSet,False,1,4000,2,exp1_permuted_src_datasets
620,71.4869327545166,0.0,1736407062.4803069,,,,,,,1.3720197677612305,1.0,0.001,1,16,40x40,MatchingNetwork,5,5,Greek,miniImageNet_SOTA_trainSet,False,1,4000,2,exp1_permuted_src_datasets
621,71.49697017669678,0.0,1736407062.4903443,,,,,,,1.374173879623413,1.0,0.001,1,16,40x40,MatchingNetwork,5,5,Greek,miniImageNet_SOTA_trainSet,False,1,4000,2,exp1_permuted_src_datasets
622,71.50612950325012,0.0,1736407062.4995036,,,,,,,1.3733484745025635,1.0,0.001,1,16,40x40,MatchingNetwork,5,5,Greek,miniImageNet_SOTA_trainSet,False,1,4000,2,exp1_permuted_src_datasets
623,71.51519393920898,0.0,1736407062.508568,,,,,,,1.3725547790527344,1.0,0.001,1,16,40x40,MatchingNetwork,5,5,Greek,miniImageNet_SOTA_trainSet,False,1,4000,2,exp1_permuted_src_datasets
624,71.52423453330994,0.0,1736407062.5176086,,,,,,,1.3697561025619507,1.0,0.001,1,16,40x40,MatchingNetwork,5,5,Greek,miniImageNet_SOTA_trainSet,False,1,4000,2,exp1_permuted_src_datasets
625,71.53334045410156,0.0,1736407062.5267146,,,,,,,1.373850703239441,1.0,0.001,1,16,40x40,MatchingNetwork,5,5,Greek,miniImageNet_SOTA_trainSet,False,1,4000,2,exp1_permuted_src_datasets
626,71.54239797592163,0.0,1736407062.535772,,,,,,,1.374639630317688,1.0,0.001,1,16,40x40,MatchingNetwork,5,5,Greek,miniImageNet_SOTA_trainSet,False,1,4000,2,exp1_permuted_src_datasets
627,71.55144834518433,0.0,1736407062.5448225,,,,,,,1.3738497495651245,1.0,0.001,1,16,40x40,MatchingNetwork,5,5,Greek,miniImageNet_SOTA_trainSet,False,1,4000,2,exp1_permuted_src_datasets
628,71.56097388267517,0.0,1736407062.554348,,,,,,,1.375138521194458,1.0,0.001,1,16,40x40,MatchingNetwork,5,5,Greek,miniImageNet_SOTA_trainSet,False,1,4000,2,exp1_permuted_src_datasets
629,80.6413688659668,0.0,1736407071.634743,,,,,,0.43875,,,0.001,1,16,40x40,MatchingNetwork,5,5,Greek,miniImageNet_SOTA_trainSet,False,1,4000,2,exp1_permuted_src_datasets
630,80.65566444396973,0.0,1736407071.6490386,,,,,,,1.3759897947311401,1.0,0.001,1,16,40x40,MatchingNetwork,5,5,Greek,miniImageNet_SOTA_trainSet,False,1,4000,2,exp1_permuted_src_datasets
631,80.6653745174408,0.0,1736407071.6587486,,,,,,,1.3732284307479858,1.0,0.001,1,16,40x40,MatchingNetwork,5,5,Greek,miniImageNet_SOTA_trainSet,False,1,4000,2,exp1_permuted_src_datasets
632,80.67450547218323,0.0,1736407071.6678796,,,,,,,1.3706153631210327,1.0,0.001,1,16,40x40,MatchingNetwork,5,5,Greek,miniImageNet_SOTA_trainSet,False,1,4000,2,exp1_permuted_src_datasets
633,80.6840500831604,0.0,1736407071.6774242,,,,,,,1.3708314895629883,1.0,0.001,1,16,40x40,MatchingNetwork,5,5,Greek,miniImageNet_SOTA_trainSet,False,1,4000,2,exp1_permuted_src_datasets
634,80.6943154335022,0.0,1736407071.6876895,,,,,,,1.428483009338379,1.0,0.001,1,16,40x40,MatchingNetwork,5,5,Greek,miniImageNet_SOTA_trainSet,False,1,4000,2,exp1_permuted_src_datasets
635,80.70551538467407,0.0,1736407071.6988895,,,,,,,1.3771071434020996,1.0,0.001,1,16,40x40,MatchingNetwork,5,5,Greek,miniImageNet_SOTA_trainSet,False,1,4000,2,exp1_permuted_src_datasets
636,80.71624493598938,0.0,1736407071.709619,,,,,,,1.3741527795791626,1.0,0.001,1,16,40x40,MatchingNetwork,5,5,Greek,miniImageNet_SOTA_trainSet,False,1,4000,2,exp1_permuted_src_datasets
637,80.72565793991089,0.0,1736407071.719032,,,,,,,1.370806097984314,1.0,0.001,1,16,40x40,MatchingNetwork,5,5,Greek,miniImageNet_SOTA_trainSet,False,1,4000,2,exp1_permuted_src_datasets
638,80.73575949668884,0.0,1736407071.7291336,,,,,,,1.3707119226455688,1.0,0.001,1,16,40x40,MatchingNetwork,5,5,Greek,miniImageNet_SOTA_trainSet,False,1,4000,2,exp1_permuted_src_datasets
639,80.74516201019287,0.0,1736407071.7385361,,,,,,,1.3746670484542847,1.0,0.001,1,16,40x40,MatchingNetwork,5,5,Greek,miniImageNet_SOTA_trainSet,False,1,4000,2,exp1_permuted_src_datasets
640,80.75444102287292,0.0,1736407071.7478151,,,,,,,1.3733513355255127,1.0,0.001,1,16,40x40,MatchingNetwork,5,5,Greek,miniImageNet_SOTA_trainSet,False,1,4000,2,exp1_permuted_src_datasets
641,80.76354837417603,0.0,1736407071.7569225,,,,,,,1.429239273071289,1.0,0.001,1,16,40x40,MatchingNetwork,5,5,Greek,miniImageNet_SOTA_trainSet,False,1,4000,2,exp1_permuted_src_datasets
642,80.77252697944641,0.0,1736407071.765901,,,,,,,1.4317588806152344,0.75,0.001,1,16,40x40,MatchingNetwork,5,5,Greek,miniImageNet_SOTA_trainSet,False,1,4000,2,exp1_permuted_src_datasets
643,80.78158569335938,0.0,1736407071.7749598,,,,,,,1.3701807260513306,1.0,0.001,1,16,40x40,MatchingNetwork,5,5,Greek,miniImageNet_SOTA_trainSet,False,1,4000,2,exp1_permuted_src_datasets
644,80.79059100151062,0.0,1736407071.783965,,,,,,,1.371376872062683,1.0,0.001,1,16,40x40,MatchingNetwork,5,5,Greek,miniImageNet_SOTA_trainSet,False,1,4000,2,exp1_permuted_src_datasets
645,80.79951167106628,0.0,1736407071.7928858,,,,,,,1.4285880327224731,1.0,0.001,1,16,40x40,MatchingNetwork,5,5,Greek,miniImageNet_SOTA_trainSet,False,1,4000,2,exp1_permuted_src_datasets
646,80.80853915214539,0.0,1736407071.8019133,,,,,,,1.3729203939437866,1.0,0.001,1,16,40x40,MatchingNetwork,5,5,Greek,miniImageNet_SOTA_trainSet,False,1,4000,2,exp1_permuted_src_datasets
647,80.81755375862122,0.0,1736407071.8109279,,,,,,,1.3707810640335083,1.0,0.001,1,16,40x40,MatchingNetwork,5,5,Greek,miniImageNet_SOTA_trainSet,False,1,4000,2,exp1_permuted_src_datasets
648,80.82659792900085,0.0,1736407071.819972,,,,,,,1.4335508346557617,1.0,0.001,1,16,40x40,MatchingNetwork,5,5,Greek,miniImageNet_SOTA_trainSet,False,1,4000,2,exp1_permuted_src_datasets
649,80.8355917930603,0.0,1736407071.828966,,,,,,,1.373831868171692,1.0,0.001,1,16,40x40,MatchingNetwork,5,5,Greek,miniImageNet_SOTA_trainSet,False,1,4000,2,exp1_permuted_src_datasets
650,80.84479260444641,0.0,1736407071.8381667,,,,,,,1.3734654188156128,1.0,0.001,1,16,40x40,MatchingNetwork,5,5,Greek,miniImageNet_SOTA_trainSet,False,1,4000,2,exp1_permuted_src_datasets
651,80.854660987854,0.0,1736407071.848035,,,,,,,1.3739442825317383,1.0,0.001,1,16,40x40,MatchingNetwork,5,5,Greek,miniImageNet_SOTA_trainSet,False,1,4000,2,exp1_permuted_src_datasets
652,80.86452794075012,0.0,1736407071.857902,,,,,,,1.3780754804611206,1.0,0.001,1,16,40x40,MatchingNetwork,5,5,Greek,miniImageNet_SOTA_trainSet,False,1,4000,2,exp1_permuted_src_datasets
653,80.8741991519928,0.0,1736407071.8675733,,,,,,,1.375289797782898,1.0,0.001,1,16,40x40,MatchingNetwork,5,5,Greek,miniImageNet_SOTA_trainSet,False,1,4000,2,exp1_permuted_src_datasets
654,80.88413858413696,0.0,1736407071.8775127,,,,,,,1.371329426765442,1.0,0.001,1,16,40x40,MatchingNetwork,5,5,Greek,miniImageNet_SOTA_trainSet,False,1,4000,2,exp1_permuted_src_datasets
655,80.89368939399719,0.0,1736407071.8870635,,,,,,,1.369852900505066,1.0,0.001,1,16,40x40,MatchingNetwork,5,5,Greek,miniImageNet_SOTA_trainSet,False,1,4000,2,exp1_permuted_src_datasets
656,80.90283346176147,0.0,1736407071.8962076,,,,,,,1.3784157037734985,1.0,0.001,1,16,40x40,MatchingNetwork,5,5,Greek,miniImageNet_SOTA_trainSet,False,1,4000,2,exp1_permuted_src_datasets
657,80.91207122802734,0.0,1736407071.9054453,,,,,,,1.370834231376648,1.0,0.001,1,16,40x40,MatchingNetwork,5,5,Greek,miniImageNet_SOTA_trainSet,False,1,4000,2,exp1_permuted_src_datasets
658,80.92132902145386,0.0,1736407071.9147031,,,,,,,1.3771007061004639,1.0,0.001,1,16,40x40,MatchingNetwork,5,5,Greek,miniImageNet_SOTA_trainSet,False,1,4000,2,exp1_permuted_src_datasets
659,80.9304530620575,0.0,1736407071.9238272,,,,,,,1.3758546113967896,1.0,0.001,1,16,40x40,MatchingNetwork,5,5,Greek,miniImageNet_SOTA_trainSet,False,1,4000,2,exp1_permuted_src_datasets
660,80.939457654953,0.0,1736407071.9328318,,,,,,,1.371302604675293,1.0,0.001,1,16,40x40,MatchingNetwork,5,5,Greek,miniImageNet_SOTA_trainSet,False,1,4000,2,exp1_permuted_src_datasets
661,80.94963502883911,0.0,1736407071.9430091,,,,,,,1.3728067874908447,1.0,0.001,1,16,40x40,MatchingNetwork,5,5,Greek,miniImageNet_SOTA_trainSet,False,1,4000,2,exp1_permuted_src_datasets
662,80.95873308181763,0.0,1736407071.9521072,,,,,,,1.3698691129684448,1.0,0.001,1,16,40x40,MatchingNetwork,5,5,Greek,miniImageNet_SOTA_trainSet,False,1,4000,2,exp1_permuted_src_datasets
663,80.96780395507812,0.0,1736407071.961178,,,,,,,1.3697490692138672,1.0,0.001,1,16,40x40,MatchingNetwork,5,5,Greek,miniImageNet_SOTA_trainSet,False,1,4000,2,exp1_permuted_src_datasets
664,80.9773736000061,0.0,1736407071.9707477,,,,,,,1.3717842102050781,1.0,0.001,1,16,40x40,MatchingNetwork,5,5,Greek,miniImageNet_SOTA_trainSet,False,1,4000,2,exp1_permuted_src_datasets
665,80.98637223243713,0.0,1736407071.9797463,,,,,,,1.3695935010910034,1.0,0.001,1,16,40x40,MatchingNetwork,5,5,Greek,miniImageNet_SOTA_trainSet,False,1,4000,2,exp1_permuted_src_datasets
666,80.99528765678406,0.0,1736407071.9886618,,,,,,,1.3701541423797607,1.0,0.001,1,16,40x40,MatchingNetwork,5,5,Greek,miniImageNet_SOTA_trainSet,False,1,4000,2,exp1_permuted_src_datasets
667,81.0042245388031,0.0,1736407071.9975986,,,,,,,1.3765668869018555,1.0,0.001,1,16,40x40,MatchingNetwork,5,5,Greek,miniImageNet_SOTA_trainSet,False,1,4000,2,exp1_permuted_src_datasets
668,81.01317739486694,0.0,1736407072.0065515,,,,,,,1.369914174079895,1.0,0.001,1,16,40x40,MatchingNetwork,5,5,Greek,miniImageNet_SOTA_trainSet,False,1,4000,2,exp1_permuted_src_datasets
669,81.0221176147461,0.0,1736407072.0154917,,,,,,,1.429416537284851,0.9375,0.001,1,16,40x40,MatchingNetwork,5,5,Greek,miniImageNet_SOTA_trainSet,False,1,4000,2,exp1_permuted_src_datasets
670,81.03106760978699,0.0,1736407072.0244417,,,,,,,1.3709200620651245,1.0,0.001,1,16,40x40,MatchingNetwork,5,5,Greek,miniImageNet_SOTA_trainSet,False,1,4000,2,exp1_permuted_src_datasets
671,81.04010844230652,0.0,1736407072.0334826,,,,,,,1.3719370365142822,1.0,0.001,1,16,40x40,MatchingNetwork,5,5,Greek,miniImageNet_SOTA_trainSet,False,1,4000,2,exp1_permuted_src_datasets
672,81.04916334152222,0.0,1736407072.0425375,,,,,,,1.3764050006866455,1.0,0.001,1,16,40x40,MatchingNetwork,5,5,Greek,miniImageNet_SOTA_trainSet,False,1,4000,2,exp1_permuted_src_datasets
673,81.05810785293579,0.0,1736407072.051482,,,,,,,1.3739160299301147,1.0,0.001,1,16,40x40,MatchingNetwork,5,5,Greek,miniImageNet_SOTA_trainSet,False,1,4000,2,exp1_permuted_src_datasets
674,81.06716275215149,0.0,1736407072.0605369,,,,,,,1.3765106201171875,1.0,0.001,1,16,40x40,MatchingNetwork,5,5,Greek,miniImageNet_SOTA_trainSet,False,1,4000,2,exp1_permuted_src_datasets
675,81.07712197303772,0.0,1736407072.070496,,,,,,,1.3746850490570068,1.0,0.001,1,16,40x40,MatchingNetwork,5,5,Greek,miniImageNet_SOTA_trainSet,False,1,4000,2,exp1_permuted_src_datasets
676,81.0868308544159,0.0,1736407072.080205,,,,,,,1.3730101585388184,1.0,0.001,1,16,40x40,MatchingNetwork,5,5,Greek,miniImageNet_SOTA_trainSet,False,1,4000,2,exp1_permuted_src_datasets
677,81.09689855575562,0.0,1736407072.0902727,,,,,,,1.376924753189087,1.0,0.001,1,16,40x40,MatchingNetwork,5,5,Greek,miniImageNet_SOTA_trainSet,False,1,4000,2,exp1_permuted_src_datasets
678,81.10637021064758,0.0,1736407072.0997443,,,,,,,1.3719916343688965,1.0,0.001,1,16,40x40,MatchingNetwork,5,5,Greek,miniImageNet_SOTA_trainSet,False,1,4000,2,exp1_permuted_src_datasets
679,81.11561918258667,0.0,1736407072.1089933,,,,,,,1.373387336730957,1.0,0.001,1,16,40x40,MatchingNetwork,5,5,Greek,miniImageNet_SOTA_trainSet,False,1,4000,2,exp1_permuted_src_datasets
680,81.12471294403076,0.0,1736407072.118087,,,,,,,1.3713470697402954,1.0,0.001,1,16,40x40,MatchingNetwork,5,5,Greek,miniImageNet_SOTA_trainSet,False,1,4000,2,exp1_permuted_src_datasets
681,81.13377141952515,0.0,1736407072.1271455,,,,,,,1.3749909400939941,1.0,0.001,1,16,40x40,MatchingNetwork,5,5,Greek,miniImageNet_SOTA_trainSet,False,1,4000,2,exp1_permuted_src_datasets
682,81.14287185668945,0.0,1736407072.136246,,,,,,,1.369829773902893,1.0,0.001,1,16,40x40,MatchingNetwork,5,5,Greek,miniImageNet_SOTA_trainSet,False,1,4000,2,exp1_permuted_src_datasets
683,81.15301489830017,0.0,1736407072.146389,,,,,,,1.3738142251968384,1.0,0.001,1,16,40x40,MatchingNetwork,5,5,Greek,miniImageNet_SOTA_trainSet,False,1,4000,2,exp1_permuted_src_datasets
684,81.1621482372284,0.0,1736407072.1555223,,,,,,,1.428816556930542,1.0,0.001,1,16,40x40,MatchingNetwork,5,5,Greek,miniImageNet_SOTA_trainSet,False,1,4000,2,exp1_permuted_src_datasets
685,81.17122983932495,0.0,1736407072.164604,,,,,,,1.3741306066513062,1.0,0.001,1,16,40x40,MatchingNetwork,5,5,Greek,miniImageNet_SOTA_trainSet,False,1,4000,2,exp1_permuted_src_datasets
686,81.18039464950562,0.0,1736407072.1737688,,,,,,,1.3751541376113892,1.0,0.001,1,16,40x40,MatchingNetwork,5,5,Greek,miniImageNet_SOTA_trainSet,False,1,4000,2,exp1_permuted_src_datasets
687,81.18955206871033,0.0,1736407072.1829262,,,,,,,1.3716353178024292,1.0,0.001,1,16,40x40,MatchingNetwork,5,5,Greek,miniImageNet_SOTA_trainSet,False,1,4000,2,exp1_permuted_src_datasets
688,81.19859266281128,0.0,1736407072.1919668,,,,,,,1.3773953914642334,1.0,0.001,1,16,40x40,MatchingNetwork,5,5,Greek,miniImageNet_SOTA_trainSet,False,1,4000,2,exp1_permuted_src_datasets
689,81.20781779289246,0.0,1736407072.201192,,,,,,,1.3767750263214111,1.0,0.001,1,16,40x40,MatchingNetwork,5,5,Greek,miniImageNet_SOTA_trainSet,False,1,4000,2,exp1_permuted_src_datasets
690,81.2169132232666,0.0,1736407072.2102873,,,,,,,1.3702293634414673,1.0,0.001,1,16,40x40,MatchingNetwork,5,5,Greek,miniImageNet_SOTA_trainSet,False,1,4000,2,exp1_permuted_src_datasets
691,81.22594380378723,0.0,1736407072.219318,,,,,,,1.3705881834030151,1.0,0.001,1,16,40x40,MatchingNetwork,5,5,Greek,miniImageNet_SOTA_trainSet,False,1,4000,2,exp1_permuted_src_datasets
692,90.31796407699585,0.0,1736407081.3113382,,,,,,0.43425,,,0.001,1,16,40x40,MatchingNetwork,5,5,Greek,miniImageNet_SOTA_trainSet,False,1,4000,2,exp1_permuted_src_datasets
693,90.32719111442566,0.0,1736407081.3205652,,,,,,,1.3769152164459229,1.0,0.001,1,16,40x40,MatchingNetwork,5,5,Greek,miniImageNet_SOTA_trainSet,False,1,4000,2,exp1_permuted_src_datasets
694,90.33735132217407,0.0,1736407081.3307254,,,,,,,1.3704516887664795,1.0,0.001,1,16,40x40,MatchingNetwork,5,5,Greek,miniImageNet_SOTA_trainSet,False,1,4000,2,exp1_permuted_src_datasets
695,90.34668898582458,0.0,1736407081.340063,,,,,,,1.3738622665405273,1.0,0.001,1,16,40x40,MatchingNetwork,5,5,Greek,miniImageNet_SOTA_trainSet,False,1,4000,2,exp1_permuted_src_datasets
696,90.35589599609375,0.0,1736407081.34927,,,,,,,1.3718446493148804,1.0,0.001,1,16,40x40,MatchingNetwork,5,5,Greek,miniImageNet_SOTA_trainSet,False,1,4000,2,exp1_permuted_src_datasets
697,90.3652195930481,0.0,1736407081.3585937,,,,,,,1.4281624555587769,1.0,0.001,1,16,40x40,MatchingNetwork,5,5,Greek,miniImageNet_SOTA_trainSet,False,1,4000,2,exp1_permuted_src_datasets
698,90.37438535690308,0.0,1736407081.3677595,,,,,,,1.4285684823989868,0.875,0.001,1,16,40x40,MatchingNetwork,5,5,Greek,miniImageNet_SOTA_trainSet,False,1,4000,2,exp1_permuted_src_datasets
699,90.38354468345642,0.0,1736407081.3769188,,,,,,,1.3725323677062988,1.0,0.001,1,16,40x40,MatchingNetwork,5,5,Greek,miniImageNet_SOTA_trainSet,False,1,4000,2,exp1_permuted_src_datasets
700,90.39258217811584,0.0,1736407081.3859563,,,,,,,1.3719215393066406,1.0,0.001,1,16,40x40,MatchingNetwork,5,5,Greek,miniImageNet_SOTA_trainSet,False,1,4000,2,exp1_permuted_src_datasets
701,90.40164923667908,0.0,1736407081.3950233,,,,,,,1.3724212646484375,1.0,0.001,1,16,40x40,MatchingNetwork,5,5,Greek,miniImageNet_SOTA_trainSet,False,1,4000,2,exp1_permuted_src_datasets
702,90.41072630882263,0.0,1736407081.4041004,,,,,,,1.3712313175201416,1.0,0.001,1,16,40x40,MatchingNetwork,5,5,Greek,miniImageNet_SOTA_trainSet,False,1,4000,2,exp1_permuted_src_datasets
703,90.41979241371155,0.0,1736407081.4131665,,,,,,,1.3759574890136719,1.0,0.001,1,16,40x40,MatchingNetwork,5,5,Greek,miniImageNet_SOTA_trainSet,False,1,4000,2,exp1_permuted_src_datasets
704,90.42908382415771,0.0,1736407081.422458,,,,,,,1.428514838218689,0.9375,0.001,1,16,40x40,MatchingNetwork,5,5,Greek,miniImageNet_SOTA_trainSet,False,1,4000,2,exp1_permuted_src_datasets
705,90.43928241729736,0.0,1736407081.4326565,,,,,,,1.372258186340332,1.0,0.001,1,16,40x40,MatchingNetwork,5,5,Greek,miniImageNet_SOTA_trainSet,False,1,4000,2,exp1_permuted_src_datasets
706,90.44988870620728,0.0,1736407081.4432628,,,,,,,1.3740434646606445,1.0,0.001,1,16,40x40,MatchingNetwork,5,5,Greek,miniImageNet_SOTA_trainSet,False,1,4000,2,exp1_permuted_src_datasets
707,90.45907354354858,0.0,1736407081.4524477,,,,,,,1.3730560541152954,1.0,0.001,1,16,40x40,MatchingNetwork,5,5,Greek,miniImageNet_SOTA_trainSet,False,1,4000,2,exp1_permuted_src_datasets
708,90.46819996833801,0.0,1736407081.461574,,,,,,,1.4325181245803833,0.875,0.001,1,16,40x40,MatchingNetwork,5,5,Greek,miniImageNet_SOTA_trainSet,False,1,4000,2,exp1_permuted_src_datasets
709,90.47728729248047,0.0,1736407081.4706614,,,,,,,1.4293842315673828,0.875,0.001,1,16,40x40,MatchingNetwork,5,5,Greek,miniImageNet_SOTA_trainSet,False,1,4000,2,exp1_permuted_src_datasets
710,90.48640584945679,0.0,1736407081.47978,,,,,,,1.3735709190368652,1.0,0.001,1,16,40x40,MatchingNetwork,5,5,Greek,miniImageNet_SOTA_trainSet,False,1,4000,2,exp1_permuted_src_datasets
711,90.49559688568115,0.0,1736407081.488971,,,,,,,1.3728870153427124,1.0,0.001,1,16,40x40,MatchingNetwork,5,5,Greek,miniImageNet_SOTA_trainSet,False,1,4000,2,exp1_permuted_src_datasets
712,90.50478959083557,0.0,1736407081.4981637,,,,,,,1.3766330480575562,1.0,0.001,1,16,40x40,MatchingNetwork,5,5,Greek,miniImageNet_SOTA_trainSet,False,1,4000,2,exp1_permuted_src_datasets
713,90.51390147209167,0.0,1736407081.5072756,,,,,,,1.3701318502426147,1.0,0.001,1,16,40x40,MatchingNetwork,5,5,Greek,miniImageNet_SOTA_trainSet,False,1,4000,2,exp1_permuted_src_datasets
714,90.52298831939697,0.0,1736407081.5163624,,,,,,,1.371924638748169,1.0,0.001,1,16,40x40,MatchingNetwork,5,5,Greek,miniImageNet_SOTA_trainSet,False,1,4000,2,exp1_permuted_src_datasets
715,90.5321216583252,0.0,1736407081.5254958,,,,,,,1.4354753494262695,0.625,0.001,1,16,40x40,MatchingNetwork,5,5,Greek,miniImageNet_SOTA_trainSet,False,1,4000,2,exp1_permuted_src_datasets
716,90.54119682312012,0.0,1736407081.534571,,,,,,,1.3718870878219604,1.0,0.001,1,16,40x40,MatchingNetwork,5,5,Greek,miniImageNet_SOTA_trainSet,False,1,4000,2,exp1_permuted_src_datasets
717,90.55032157897949,0.0,1736407081.5436957,,,,,,,1.4291470050811768,0.9375,0.001,1,16,40x40,MatchingNetwork,5,5,Greek,miniImageNet_SOTA_trainSet,False,1,4000,2,exp1_permuted_src_datasets
718,90.55950093269348,0.0,1736407081.552875,,,,,,,1.3743300437927246,1.0,0.001,1,16,40x40,MatchingNetwork,5,5,Greek,miniImageNet_SOTA_trainSet,False,1,4000,2,exp1_permuted_src_datasets
719,90.5691134929657,0.0,1736407081.5624876,,,,,,,1.3730487823486328,1.0,0.001,1,16,40x40,MatchingNetwork,5,5,Greek,miniImageNet_SOTA_trainSet,False,1,4000,2,exp1_permuted_src_datasets
720,90.57841467857361,0.0,1736407081.5717888,,,,,,,1.3760197162628174,1.0,0.001,1,16,40x40,MatchingNetwork,5,5,Greek,miniImageNet_SOTA_trainSet,False,1,4000,2,exp1_permuted_src_datasets
721,90.58753490447998,0.0,1736407081.580909,,,,,,,1.3719180822372437,1.0,0.001,1,16,40x40,MatchingNetwork,5,5,Greek,miniImageNet_SOTA_trainSet,False,1,4000,2,exp1_permuted_src_datasets
722,90.59669852256775,0.0,1736407081.5900726,,,,,,,1.4287288188934326,0.9375,0.001,1,16,40x40,MatchingNetwork,5,5,Greek,miniImageNet_SOTA_trainSet,False,1,4000,2,exp1_permuted_src_datasets
723,90.60707688331604,0.0,1736407081.600451,,,,,,,1.3692039251327515,1.0,0.001,1,16,40x40,MatchingNetwork,5,5,Greek,miniImageNet_SOTA_trainSet,False,1,4000,2,exp1_permuted_src_datasets
724,90.61636519432068,0.0,1736407081.6097393,,,,,,,1.369860053062439,1.0,0.001,1,16,40x40,MatchingNetwork,5,5,Greek,miniImageNet_SOTA_trainSet,False,1,4000,2,exp1_permuted_src_datasets
725,90.62543368339539,0.0,1736407081.6188078,,,,,,,1.3709685802459717,1.0,0.001,1,16,40x40,MatchingNetwork,5,5,Greek,miniImageNet_SOTA_trainSet,False,1,4000,2,exp1_permuted_src_datasets
726,90.63461232185364,0.0,1736407081.6279864,,,,,,,1.4283344745635986,0.9375,0.001,1,16,40x40,MatchingNetwork,5,5,Greek,miniImageNet_SOTA_trainSet,False,1,4000,2,exp1_permuted_src_datasets
727,90.64403676986694,0.0,1736407081.6374109,,,,,,,1.373831868171692,1.0,0.001,1,16,40x40,MatchingNetwork,5,5,Greek,miniImageNet_SOTA_trainSet,False,1,4000,2,exp1_permuted_src_datasets
728,90.6533215045929,0.0,1736407081.6466956,,,,,,,1.4287678003311157,0.9375,0.001,1,16,40x40,MatchingNetwork,5,5,Greek,miniImageNet_SOTA_trainSet,False,1,4000,2,exp1_permuted_src_datasets
729,90.66259431838989,0.0,1736407081.6559684,,,,,,,1.3707839250564575,1.0,0.001,1,16,40x40,MatchingNetwork,5,5,Greek,miniImageNet_SOTA_trainSet,False,1,4000,2,exp1_permuted_src_datasets
730,90.67175626754761,0.0,1736407081.6651304,,,,,,,1.3723632097244263,1.0,0.001,1,16,40x40,MatchingNetwork,5,5,Greek,miniImageNet_SOTA_trainSet,False,1,4000,2,exp1_permuted_src_datasets
731,90.68092679977417,0.0,1736407081.674301,,,,,,,1.4279232025146484,1.0,0.001,1,16,40x40,MatchingNetwork,5,5,Greek,miniImageNet_SOTA_trainSet,False,1,4000,2,exp1_permuted_src_datasets
732,90.68997621536255,0.0,1736407081.6833503,,,,,,,1.4280338287353516,1.0,0.001,1,16,40x40,MatchingNetwork,5,5,Greek,miniImageNet_SOTA_trainSet,False,1,4000,2,exp1_permuted_src_datasets
733,90.69916677474976,0.0,1736407081.692541,,,,,,,1.3696141242980957,1.0,0.001,1,16,40x40,MatchingNetwork,5,5,Greek,miniImageNet_SOTA_trainSet,False,1,4000,2,exp1_permuted_src_datasets
734,90.7089250087738,0.0,1736407081.702299,,,,,,,1.3690705299377441,1.0,0.001,1,16,40x40,MatchingNetwork,5,5,Greek,miniImageNet_SOTA_trainSet,False,1,4000,2,exp1_permuted_src_datasets
735,90.71911573410034,0.0,1736407081.7124898,,,,,,,1.3700428009033203,1.0,0.001,1,16,40x40,MatchingNetwork,5,5,Greek,miniImageNet_SOTA_trainSet,False,1,4000,2,exp1_permuted_src_datasets
736,90.72859573364258,0.0,1736407081.7219698,,,,,,,1.3714871406555176,1.0,0.001,1,16,40x40,MatchingNetwork,5,5,Greek,miniImageNet_SOTA_trainSet,False,1,4000,2,exp1_permuted_src_datasets
737,90.73805451393127,0.0,1736407081.7314286,,,,,,,1.4279053211212158,1.0,0.001,1,16,40x40,MatchingNetwork,5,5,Greek,miniImageNet_SOTA_trainSet,False,1,4000,2,exp1_permuted_src_datasets
738,90.74830174446106,0.0,1736407081.7416759,,,,,,,1.3698127269744873,1.0,0.001,1,16,40x40,MatchingNetwork,5,5,Greek,miniImageNet_SOTA_trainSet,False,1,4000,2,exp1_permuted_src_datasets
739,90.75744318962097,0.0,1736407081.7508173,,,,,,,1.3698854446411133,1.0,0.001,1,16,40x40,MatchingNetwork,5,5,Greek,miniImageNet_SOTA_trainSet,False,1,4000,2,exp1_permuted_src_datasets
740,90.76652455329895,0.0,1736407081.7598987,,,,,,,1.3701215982437134,1.0,0.001,1,16,40x40,MatchingNetwork,5,5,Greek,miniImageNet_SOTA_trainSet,False,1,4000,2,exp1_permuted_src_datasets
741,90.77570700645447,0.0,1736407081.769081,,,,,,,1.369081974029541,1.0,0.001,1,16,40x40,MatchingNetwork,5,5,Greek,miniImageNet_SOTA_trainSet,False,1,4000,2,exp1_permuted_src_datasets
742,90.78527522087097,0.0,1736407081.7786493,,,,,,,1.370906949043274,1.0,0.001,1,16,40x40,MatchingNetwork,5,5,Greek,miniImageNet_SOTA_trainSet,False,1,4000,2,exp1_permuted_src_datasets
743,90.79451084136963,0.0,1736407081.787885,,,,,,,1.3689112663269043,1.0,0.001,1,16,40x40,MatchingNetwork,5,5,Greek,miniImageNet_SOTA_trainSet,False,1,4000,2,exp1_permuted_src_datasets
744,90.80368208885193,0.0,1736407081.7970562,,,,,,,1.369198203086853,1.0,0.001,1,16,40x40,MatchingNetwork,5,5,Greek,miniImageNet_SOTA_trainSet,False,1,4000,2,exp1_permuted_src_datasets
745,90.81288838386536,0.0,1736407081.8062625,,,,,,,1.3776414394378662,1.0,0.001,1,16,40x40,MatchingNetwork,5,5,Greek,miniImageNet_SOTA_trainSet,False,1,4000,2,exp1_permuted_src_datasets
746,90.8222234249115,0.0,1736407081.8155975,,,,,,,1.3719290494918823,1.0,0.001,1,16,40x40,MatchingNetwork,5,5,Greek,miniImageNet_SOTA_trainSet,False,1,4000,2,exp1_permuted_src_datasets
747,90.83182287216187,0.0,1736407081.825197,,,,,,,1.369020700454712,1.0,0.001,1,16,40x40,MatchingNetwork,5,5,Greek,miniImageNet_SOTA_trainSet,False,1,4000,2,exp1_permuted_src_datasets
748,90.84130549430847,0.0,1736407081.8346796,,,,,,,1.374875783920288,1.0,0.001,1,16,40x40,MatchingNetwork,5,5,Greek,miniImageNet_SOTA_trainSet,False,1,4000,2,exp1_permuted_src_datasets
749,90.85047054290771,0.0,1736407081.8438447,,,,,,,1.37669837474823,1.0,0.001,1,16,40x40,MatchingNetwork,5,5,Greek,miniImageNet_SOTA_trainSet,False,1,4000,2,exp1_permuted_src_datasets
750,90.8596441745758,0.0,1736407081.8530183,,,,,,,1.4335933923721313,0.8125,0.001,1,16,40x40,MatchingNetwork,5,5,Greek,miniImageNet_SOTA_trainSet,False,1,4000,2,exp1_permuted_src_datasets
751,90.86881303787231,0.0,1736407081.8621871,,,,,,,1.3698413372039795,1.0,0.001,1,16,40x40,MatchingNetwork,5,5,Greek,miniImageNet_SOTA_trainSet,False,1,4000,2,exp1_permuted_src_datasets
752,90.87794709205627,0.0,1736407081.8713212,,,,,,,1.3728573322296143,1.0,0.001,1,16,40x40,MatchingNetwork,5,5,Greek,miniImageNet_SOTA_trainSet,False,1,4000,2,exp1_permuted_src_datasets
753,90.88709783554077,0.0,1736407081.880472,,,,,,,1.431552767753601,1.0,0.001,1,16,40x40,MatchingNetwork,5,5,Greek,miniImageNet_SOTA_trainSet,False,1,4000,2,exp1_permuted_src_datasets
754,90.89630627632141,0.0,1736407081.8896804,,,,,,,1.3714839220046997,1.0,0.001,1,16,40x40,MatchingNetwork,5,5,Greek,miniImageNet_SOTA_trainSet,False,1,4000,2,exp1_permuted_src_datasets
755,100.05753254890442,0.0,1736407091.0509067,,,,,,0.4525,,,0.001,1,16,40x40,MatchingNetwork,5,5,Greek,miniImageNet_SOTA_trainSet,False,1,4000,2,exp1_permuted_src_datasets
756,100.09025883674622,0.0,1736407091.083633,,,,,,,1.3696739673614502,1.0,0.001,1,16,40x40,MatchingNetwork,5,5,Greek,miniImageNet_SOTA_trainSet,False,1,4000,2,exp1_permuted_src_datasets
757,100.0999083518982,0.0,1736407091.0932825,,,,,,,1.3770101070404053,1.0,0.001,1,16,40x40,MatchingNetwork,5,5,Greek,miniImageNet_SOTA_trainSet,False,1,4000,2,exp1_permuted_src_datasets
758,100.10919618606567,0.0,1736407091.1025703,,,,,,,1.4278950691223145,1.0,0.001,1,16,40x40,MatchingNetwork,5,5,Greek,miniImageNet_SOTA_trainSet,False,1,4000,2,exp1_permuted_src_datasets
759,100.11828327178955,0.0,1736407091.1116574,,,,,,,1.372786045074463,1.0,0.001,1,16,40x40,MatchingNetwork,5,5,Greek,miniImageNet_SOTA_trainSet,False,1,4000,2,exp1_permuted_src_datasets
760,100.12738680839539,0.0,1736407091.120761,,,,,,,1.3772904872894287,1.0,0.001,1,16,40x40,MatchingNetwork,5,5,Greek,miniImageNet_SOTA_trainSet,False,1,4000,2,exp1_permuted_src_datasets
761,100.1364758014679,0.0,1736407091.12985,,,,,,,1.371267557144165,1.0,0.001,1,16,40x40,MatchingNetwork,5,5,Greek,miniImageNet_SOTA_trainSet,False,1,4000,2,exp1_permuted_src_datasets
762,100.14554762840271,0.0,1736407091.1389217,,,,,,,1.369872808456421,1.0,0.001,1,16,40x40,MatchingNetwork,5,5,Greek,miniImageNet_SOTA_trainSet,False,1,4000,2,exp1_permuted_src_datasets
763,100.15464544296265,0.0,1736407091.1480196,,,,,,,1.3707612752914429,1.0,0.001,1,16,40x40,MatchingNetwork,5,5,Greek,miniImageNet_SOTA_trainSet,False,1,4000,2,exp1_permuted_src_datasets
764,100.16373777389526,0.0,1736407091.157112,,,,,,,1.3768550157546997,1.0,0.001,1,16,40x40,MatchingNetwork,5,5,Greek,miniImageNet_SOTA_trainSet,False,1,4000,2,exp1_permuted_src_datasets
765,100.17283415794373,0.0,1736407091.1662083,,,,,,,1.3729819059371948,1.0,0.001,1,16,40x40,MatchingNetwork,5,5,Greek,miniImageNet_SOTA_trainSet,False,1,4000,2,exp1_permuted_src_datasets
766,100.1819338798523,0.0,1736407091.175308,,,,,,,1.3725636005401611,1.0,0.001,1,16,40x40,MatchingNetwork,5,5,Greek,miniImageNet_SOTA_trainSet,False,1,4000,2,exp1_permuted_src_datasets
767,100.19113302230835,0.0,1736407091.1845071,,,,,,,1.3698523044586182,1.0,0.001,1,16,40x40,MatchingNetwork,5,5,Greek,miniImageNet_SOTA_trainSet,False,1,4000,2,exp1_permuted_src_datasets
768,100.20023250579834,0.0,1736407091.1936066,,,,,,,1.4276409149169922,1.0,0.001,1,16,40x40,MatchingNetwork,5,5,Greek,miniImageNet_SOTA_trainSet,False,1,4000,2,exp1_permuted_src_datasets
769,100.21007990837097,0.0,1736407091.203454,,,,,,,1.3697144985198975,1.0,0.001,1,16,40x40,MatchingNetwork,5,5,Greek,miniImageNet_SOTA_trainSet,False,1,4000,2,exp1_permuted_src_datasets
770,100.21956253051758,0.0,1736407091.2129366,,,,,,,1.372011661529541,1.0,0.001,1,16,40x40,MatchingNetwork,5,5,Greek,miniImageNet_SOTA_trainSet,False,1,4000,2,exp1_permuted_src_datasets
771,100.22915363311768,0.0,1736407091.2225277,,,,,,,1.3737952709197998,1.0,0.001,1,16,40x40,MatchingNetwork,5,5,Greek,miniImageNet_SOTA_trainSet,False,1,4000,2,exp1_permuted_src_datasets
772,100.23891258239746,0.0,1736407091.2322867,,,,,,,1.3728517293930054,1.0,0.001,1,16,40x40,MatchingNetwork,5,5,Greek,miniImageNet_SOTA_trainSet,False,1,4000,2,exp1_permuted_src_datasets
773,100.25128078460693,0.0,1736407091.244655,,,,,,,1.3703789710998535,1.0,0.001,1,16,40x40,MatchingNetwork,5,5,Greek,miniImageNet_SOTA_trainSet,False,1,4000,2,exp1_permuted_src_datasets
774,100.26060175895691,0.0,1736407091.2539759,,,,,,,1.4312067031860352,0.9375,0.001,1,16,40x40,MatchingNetwork,5,5,Greek,miniImageNet_SOTA_trainSet,False,1,4000,2,exp1_permuted_src_datasets
775,100.26978516578674,0.0,1736407091.2631593,,,,,,,1.3726716041564941,1.0,0.001,1,16,40x40,MatchingNetwork,5,5,Greek,miniImageNet_SOTA_trainSet,False,1,4000,2,exp1_permuted_src_datasets
776,100.27893877029419,0.0,1736407091.2723129,,,,,,,1.3724640607833862,1.0,0.001,1,16,40x40,MatchingNetwork,5,5,Greek,miniImageNet_SOTA_trainSet,False,1,4000,2,exp1_permuted_src_datasets
777,100.28816032409668,0.0,1736407091.2815344,,,,,,,1.3701480627059937,1.0,0.001,1,16,40x40,MatchingNetwork,5,5,Greek,miniImageNet_SOTA_trainSet,False,1,4000,2,exp1_permuted_src_datasets
778,100.29759860038757,0.0,1736407091.2909727,,,,,,,1.374175786972046,1.0,0.001,1,16,40x40,MatchingNetwork,5,5,Greek,miniImageNet_SOTA_trainSet,False,1,4000,2,exp1_permuted_src_datasets
779,100.30678200721741,0.0,1736407091.300156,,,,,,,1.370529294013977,1.0,0.001,1,16,40x40,MatchingNetwork,5,5,Greek,miniImageNet_SOTA_trainSet,False,1,4000,2,exp1_permuted_src_datasets
780,100.3266806602478,0.0,1736407091.3200548,,,,,,,1.3689849376678467,1.0,0.001,1,16,40x40,MatchingNetwork,5,5,Greek,miniImageNet_SOTA_trainSet,False,1,4000,2,exp1_permuted_src_datasets
781,100.33910775184631,0.0,1736407091.3324819,,,,,,,1.3692368268966675,1.0,0.001,1,16,40x40,MatchingNetwork,5,5,Greek,miniImageNet_SOTA_trainSet,False,1,4000,2,exp1_permuted_src_datasets
782,100.34993362426758,0.0,1736407091.3433077,,,,,,,1.3738287687301636,1.0,0.001,1,16,40x40,MatchingNetwork,5,5,Greek,miniImageNet_SOTA_trainSet,False,1,4000,2,exp1_permuted_src_datasets
783,100.35916709899902,0.0,1736407091.3525412,,,,,,,1.3692327737808228,1.0,0.001,1,16,40x40,MatchingNetwork,5,5,Greek,miniImageNet_SOTA_trainSet,False,1,4000,2,exp1_permuted_src_datasets
784,100.3684332370758,0.0,1736407091.3618073,,,,,,,1.369417667388916,1.0,0.001,1,16,40x40,MatchingNetwork,5,5,Greek,miniImageNet_SOTA_trainSet,False,1,4000,2,exp1_permuted_src_datasets
785,100.37765192985535,0.0,1736407091.371026,,,,,,,1.3731404542922974,1.0,0.001,1,16,40x40,MatchingNetwork,5,5,Greek,miniImageNet_SOTA_trainSet,False,1,4000,2,exp1_permuted_src_datasets
786,100.38677406311035,0.0,1736407091.3801482,,,,,,,1.4282101392745972,1.0,0.001,1,16,40x40,MatchingNetwork,5,5,Greek,miniImageNet_SOTA_trainSet,False,1,4000,2,exp1_permuted_src_datasets
787,100.39608383178711,0.0,1736407091.389458,,,,,,,1.3698655366897583,1.0,0.001,1,16,40x40,MatchingNetwork,5,5,Greek,miniImageNet_SOTA_trainSet,False,1,4000,2,exp1_permuted_src_datasets
788,100.40608668327332,0.0,1736407091.3994608,,,,,,,1.3726682662963867,1.0,0.001,1,16,40x40,MatchingNetwork,5,5,Greek,miniImageNet_SOTA_trainSet,False,1,4000,2,exp1_permuted_src_datasets
789,100.41538858413696,0.0,1736407091.4087627,,,,,,,1.3717641830444336,1.0,0.001,1,16,40x40,MatchingNetwork,5,5,Greek,miniImageNet_SOTA_trainSet,False,1,4000,2,exp1_permuted_src_datasets
790,100.42462611198425,0.0,1736407091.4180002,,,,,,,1.375536322593689,1.0,0.001,1,16,40x40,MatchingNetwork,5,5,Greek,miniImageNet_SOTA_trainSet,False,1,4000,2,exp1_permuted_src_datasets
791,100.43390583992004,0.0,1736407091.42728,,,,,,,1.377285361289978,1.0,0.001,1,16,40x40,MatchingNetwork,5,5,Greek,miniImageNet_SOTA_trainSet,False,1,4000,2,exp1_permuted_src_datasets
792,100.44306945800781,0.0,1736407091.4364436,,,,,,,1.369436502456665,1.0,0.001,1,16,40x40,MatchingNetwork,5,5,Greek,miniImageNet_SOTA_trainSet,False,1,4000,2,exp1_permuted_src_datasets
793,100.4522430896759,0.0,1736407091.4456172,,,,,,,1.375232219696045,1.0,0.001,1,16,40x40,MatchingNetwork,5,5,Greek,miniImageNet_SOTA_trainSet,False,1,4000,2,exp1_permuted_src_datasets
794,100.4617817401886,0.0,1736407091.4551558,,,,,,,1.432066559791565,0.9375,0.001,1,16,40x40,MatchingNetwork,5,5,Greek,miniImageNet_SOTA_trainSet,False,1,4000,2,exp1_permuted_src_datasets
795,100.47090697288513,0.0,1736407091.464281,,,,,,,1.36891508102417,1.0,0.001,1,16,40x40,MatchingNetwork,5,5,Greek,miniImageNet_SOTA_trainSet,False,1,4000,2,exp1_permuted_src_datasets
796,100.48012518882751,0.0,1736407091.4734993,,,,,,,1.3726273775100708,1.0,0.001,1,16,40x40,MatchingNetwork,5,5,Greek,miniImageNet_SOTA_trainSet,False,1,4000,2,exp1_permuted_src_datasets
797,100.489981174469,0.0,1736407091.4833553,,,,,,,1.4283589124679565,1.0,0.001,1,16,40x40,MatchingNetwork,5,5,Greek,miniImageNet_SOTA_trainSet,False,1,4000,2,exp1_permuted_src_datasets
798,100.4992127418518,0.0,1736407091.4925869,,,,,,,1.3726720809936523,1.0,0.001,1,16,40x40,MatchingNetwork,5,5,Greek,miniImageNet_SOTA_trainSet,False,1,4000,2,exp1_permuted_src_datasets
799,100.50845575332642,0.0,1736407091.5018299,,,,,,,1.3720412254333496,1.0,0.001,1,16,40x40,MatchingNetwork,5,5,Greek,miniImageNet_SOTA_trainSet,False,1,4000,2,exp1_permuted_src_datasets
800,100.51774573326111,0.0,1736407091.5111198,,,,,,,1.3721129894256592,1.0,0.001,1,16,40x40,MatchingNetwork,5,5,Greek,miniImageNet_SOTA_trainSet,False,1,4000,2,exp1_permuted_src_datasets
801,100.52685618400574,0.0,1736407091.5202303,,,,,,,1.3725093603134155,1.0,0.001,1,16,40x40,MatchingNetwork,5,5,Greek,miniImageNet_SOTA_trainSet,False,1,4000,2,exp1_permuted_src_datasets
802,100.53595733642578,0.0,1736407091.5293314,,,,,,,1.4322041273117065,0.75,0.001,1,16,40x40,MatchingNetwork,5,5,Greek,miniImageNet_SOTA_trainSet,False,1,4000,2,exp1_permuted_src_datasets
803,100.54516530036926,0.0,1736407091.5385394,,,,,,,1.3707852363586426,1.0,0.001,1,16,40x40,MatchingNetwork,5,5,Greek,miniImageNet_SOTA_trainSet,False,1,4000,2,exp1_permuted_src_datasets
804,100.55457830429077,0.0,1736407091.5479524,,,,,,,1.371948480606079,1.0,0.001,1,16,40x40,MatchingNetwork,5,5,Greek,miniImageNet_SOTA_trainSet,False,1,4000,2,exp1_permuted_src_datasets
805,100.56380343437195,0.0,1736407091.5571775,,,,,,,1.3713111877441406,1.0,0.001,1,16,40x40,MatchingNetwork,5,5,Greek,miniImageNet_SOTA_trainSet,False,1,4000,2,exp1_permuted_src_datasets
806,100.57293581962585,0.0,1736407091.56631,,,,,,,1.372693657875061,1.0,0.001,1,16,40x40,MatchingNetwork,5,5,Greek,miniImageNet_SOTA_trainSet,False,1,4000,2,exp1_permuted_src_datasets
807,100.58201098442078,0.0,1736407091.575385,,,,,,,1.3695262670516968,1.0,0.001,1,16,40x40,MatchingNetwork,5,5,Greek,miniImageNet_SOTA_trainSet,False,1,4000,2,exp1_permuted_src_datasets
808,100.59110713005066,0.0,1736407091.5844812,,,,,,,1.428408145904541,1.0,0.001,1,16,40x40,MatchingNetwork,5,5,Greek,miniImageNet_SOTA_trainSet,False,1,4000,2,exp1_permuted_src_datasets
809,100.60015630722046,0.0,1736407091.5935304,,,,,,,1.3724899291992188,1.0,0.001,1,16,40x40,MatchingNetwork,5,5,Greek,miniImageNet_SOTA_trainSet,False,1,4000,2,exp1_permuted_src_datasets
810,100.60923361778259,0.0,1736407091.6026077,,,,,,,1.3754774332046509,1.0,0.001,1,16,40x40,MatchingNetwork,5,5,Greek,miniImageNet_SOTA_trainSet,False,1,4000,2,exp1_permuted_src_datasets
811,100.61847710609436,0.0,1736407091.6118512,,,,,,,1.3702675104141235,1.0,0.001,1,16,40x40,MatchingNetwork,5,5,Greek,miniImageNet_SOTA_trainSet,False,1,4000,2,exp1_permuted_src_datasets
812,100.6276969909668,0.0,1736407091.621071,,,,,,,1.3706672191619873,1.0,0.001,1,16,40x40,MatchingNetwork,5,5,Greek,miniImageNet_SOTA_trainSet,False,1,4000,2,exp1_permuted_src_datasets
813,100.63683152198792,0.0,1736407091.6302056,,,,,,,1.3700251579284668,1.0,0.001,1,16,40x40,MatchingNetwork,5,5,Greek,miniImageNet_SOTA_trainSet,False,1,4000,2,exp1_permuted_src_datasets
814,100.6459732055664,0.0,1736407091.6393473,,,,,,,1.3764921426773071,1.0,0.001,1,16,40x40,MatchingNetwork,5,5,Greek,miniImageNet_SOTA_trainSet,False,1,4000,2,exp1_permuted_src_datasets
815,100.65516543388367,0.0,1736407091.6485395,,,,,,,1.370624303817749,1.0,0.001,1,16,40x40,MatchingNetwork,5,5,Greek,miniImageNet_SOTA_trainSet,False,1,4000,2,exp1_permuted_src_datasets
816,100.66443800926208,0.0,1736407091.657812,,,,,,,1.3721541166305542,1.0,0.001,1,16,40x40,MatchingNetwork,5,5,Greek,miniImageNet_SOTA_trainSet,False,1,4000,2,exp1_permuted_src_datasets
817,100.67362093925476,0.0,1736407091.666995,,,,,,,1.3727818727493286,1.0,0.001,1,16,40x40,MatchingNetwork,5,5,Greek,miniImageNet_SOTA_trainSet,False,1,4000,2,exp1_permuted_src_datasets
818,109.78243637084961,0.0,1736407100.7758105,,,,,,0.4525,,,0.001,1,16,40x40,MatchingNetwork,5,5,Greek,miniImageNet_SOTA_trainSet,False,1,4000,2,exp1_permuted_src_datasets
819,109.79120588302612,0.0,1736407100.78458,,,,,,,1.3692617416381836,1.0,0.001,1,16,40x40,MatchingNetwork,5,5,Greek,miniImageNet_SOTA_trainSet,False,1,4000,2,exp1_permuted_src_datasets
820,109.80111742019653,0.0,1736407100.7944915,,,,,,,1.3697307109832764,1.0,0.001,1,16,40x40,MatchingNetwork,5,5,Greek,miniImageNet_SOTA_trainSet,False,1,4000,2,exp1_permuted_src_datasets
821,109.81086421012878,0.0,1736407100.8042383,,,,,,,1.3717989921569824,1.0,0.001,1,16,40x40,MatchingNetwork,5,5,Greek,miniImageNet_SOTA_trainSet,False,1,4000,2,exp1_permuted_src_datasets
822,109.8218126296997,0.0,1736407100.8151867,,,,,,,1.3687646389007568,1.0,0.001,1,16,40x40,MatchingNetwork,5,5,Greek,miniImageNet_SOTA_trainSet,False,1,4000,2,exp1_permuted_src_datasets
823,109.83078598976135,0.0,1736407100.82416,,,,,,,1.3712387084960938,1.0,0.001,1,16,40x40,MatchingNetwork,5,5,Greek,miniImageNet_SOTA_trainSet,False,1,4000,2,exp1_permuted_src_datasets
824,109.83970618247986,0.0,1736407100.8330803,,,,,,,1.3720903396606445,1.0,0.001,1,16,40x40,MatchingNetwork,5,5,Greek,miniImageNet_SOTA_trainSet,False,1,4000,2,exp1_permuted_src_datasets
825,109.84869337081909,0.0,1736407100.8420675,,,,,,,1.3701943159103394,1.0,0.001,1,16,40x40,MatchingNetwork,5,5,Greek,miniImageNet_SOTA_trainSet,False,1,4000,2,exp1_permuted_src_datasets
826,109.85867404937744,0.0,1736407100.8520482,,,,,,,1.3719744682312012,1.0,0.001,1,16,40x40,MatchingNetwork,5,5,Greek,miniImageNet_SOTA_trainSet,False,1,4000,2,exp1_permuted_src_datasets
827,109.86763405799866,0.0,1736407100.8610082,,,,,,,1.3763184547424316,1.0,0.001,1,16,40x40,MatchingNetwork,5,5,Greek,miniImageNet_SOTA_trainSet,False,1,4000,2,exp1_permuted_src_datasets
828,109.87663912773132,0.0,1736407100.8700132,,,,,,,1.3758447170257568,1.0,0.001,1,16,40x40,MatchingNetwork,5,5,Greek,miniImageNet_SOTA_trainSet,False,1,4000,2,exp1_permuted_src_datasets
829,109.88557434082031,0.0,1736407100.8789485,,,,,,,1.3691471815109253,1.0,0.001,1,16,40x40,MatchingNetwork,5,5,Greek,miniImageNet_SOTA_trainSet,False,1,4000,2,exp1_permuted_src_datasets
830,109.89461135864258,0.0,1736407100.8879855,,,,,,,1.3690400123596191,1.0,0.001,1,16,40x40,MatchingNetwork,5,5,Greek,miniImageNet_SOTA_trainSet,False,1,4000,2,exp1_permuted_src_datasets
831,109.90358924865723,0.0,1736407100.8969634,,,,,,,1.3703815937042236,1.0,0.001,1,16,40x40,MatchingNetwork,5,5,Greek,miniImageNet_SOTA_trainSet,False,1,4000,2,exp1_permuted_src_datasets
832,109.91251301765442,0.0,1736407100.9058871,,,,,,,1.3703702688217163,1.0,0.001,1,16,40x40,MatchingNetwork,5,5,Greek,miniImageNet_SOTA_trainSet,False,1,4000,2,exp1_permuted_src_datasets
833,109.92148566246033,0.0,1736407100.9148598,,,,,,,1.3724676370620728,1.0,0.001,1,16,40x40,MatchingNetwork,5,5,Greek,miniImageNet_SOTA_trainSet,False,1,4000,2,exp1_permuted_src_datasets
834,109.93327283859253,0.0,1736407100.926647,,,,,,,1.3730108737945557,1.0,0.001,1,16,40x40,MatchingNetwork,5,5,Greek,miniImageNet_SOTA_trainSet,False,1,4000,2,exp1_permuted_src_datasets
835,109.94229793548584,0.0,1736407100.935672,,,,,,,1.3695909976959229,1.0,0.001,1,16,40x40,MatchingNetwork,5,5,Greek,miniImageNet_SOTA_trainSet,False,1,4000,2,exp1_permuted_src_datasets
836,109.95124435424805,0.0,1736407100.9446185,,,,,,,1.4273267984390259,1.0,0.001,1,16,40x40,MatchingNetwork,5,5,Greek,miniImageNet_SOTA_trainSet,False,1,4000,2,exp1_permuted_src_datasets
837,109.96011853218079,0.0,1736407100.9534926,,,,,,,1.432267427444458,1.0,0.001,1,16,40x40,MatchingNetwork,5,5,Greek,miniImageNet_SOTA_trainSet,False,1,4000,2,exp1_permuted_src_datasets
838,109.96918249130249,0.0,1736407100.9625566,,,,,,,1.375938892364502,1.0,0.001,1,16,40x40,MatchingNetwork,5,5,Greek,miniImageNet_SOTA_trainSet,False,1,4000,2,exp1_permuted_src_datasets
839,109.97814559936523,0.0,1736407100.9715197,,,,,,,1.3732503652572632,1.0,0.001,1,16,40x40,MatchingNetwork,5,5,Greek,miniImageNet_SOTA_trainSet,False,1,4000,2,exp1_permuted_src_datasets
840,109.98712706565857,0.0,1736407100.9805012,,,,,,,1.3736522197723389,1.0,0.001,1,16,40x40,MatchingNetwork,5,5,Greek,miniImageNet_SOTA_trainSet,False,1,4000,2,exp1_permuted_src_datasets
841,109.9961097240448,0.0,1736407100.9894838,,,,,,,1.4302425384521484,0.75,0.001,1,16,40x40,MatchingNetwork,5,5,Greek,miniImageNet_SOTA_trainSet,False,1,4000,2,exp1_permuted_src_datasets
842,110.00518822669983,0.0,1736407100.9985623,,,,,,,1.3728629350662231,1.0,0.001,1,16,40x40,MatchingNetwork,5,5,Greek,miniImageNet_SOTA_trainSet,False,1,4000,2,exp1_permuted_src_datasets
843,110.01454877853394,0.0,1736407101.007923,,,,,,,1.3732370138168335,1.0,0.001,1,16,40x40,MatchingNetwork,5,5,Greek,miniImageNet_SOTA_trainSet,False,1,4000,2,exp1_permuted_src_datasets
844,110.0251817703247,0.0,1736407101.0185559,,,,,,,1.3704897165298462,1.0,0.001,1,16,40x40,MatchingNetwork,5,5,Greek,miniImageNet_SOTA_trainSet,False,1,4000,2,exp1_permuted_src_datasets
845,110.03444766998291,0.0,1736407101.0278218,,,,,,,1.3728489875793457,1.0,0.001,1,16,40x40,MatchingNetwork,5,5,Greek,miniImageNet_SOTA_trainSet,False,1,4000,2,exp1_permuted_src_datasets
846,110.04369568824768,0.0,1736407101.0370698,,,,,,,1.3719438314437866,1.0,0.001,1,16,40x40,MatchingNetwork,5,5,Greek,miniImageNet_SOTA_trainSet,False,1,4000,2,exp1_permuted_src_datasets
847,110.05295872688293,0.0,1736407101.0463328,,,,,,,1.372546911239624,1.0,0.001,1,16,40x40,MatchingNetwork,5,5,Greek,miniImageNet_SOTA_trainSet,False,1,4000,2,exp1_permuted_src_datasets
848,110.06216526031494,0.0,1736407101.0555394,,,,,,,1.3722783327102661,1.0,0.001,1,16,40x40,MatchingNetwork,5,5,Greek,miniImageNet_SOTA_trainSet,False,1,4000,2,exp1_permuted_src_datasets
849,110.07187628746033,0.0,1736407101.0652504,,,,,,,1.3696926832199097,1.0,0.001,1,16,40x40,MatchingNetwork,5,5,Greek,miniImageNet_SOTA_trainSet,False,1,4000,2,exp1_permuted_src_datasets
850,110.08112740516663,0.0,1736407101.0745015,,,,,,,1.3710439205169678,1.0,0.001,1,16,40x40,MatchingNetwork,5,5,Greek,miniImageNet_SOTA_trainSet,False,1,4000,2,exp1_permuted_src_datasets
851,110.09030222892761,0.0,1736407101.0836763,,,,,,,1.3734010457992554,1.0,0.001,1,16,40x40,MatchingNetwork,5,5,Greek,miniImageNet_SOTA_trainSet,False,1,4000,2,exp1_permuted_src_datasets
852,110.09962272644043,0.0,1736407101.0929968,,,,,,,1.3723927736282349,1.0,0.001,1,16,40x40,MatchingNetwork,5,5,Greek,miniImageNet_SOTA_trainSet,False,1,4000,2,exp1_permuted_src_datasets
853,110.10936498641968,0.0,1736407101.102739,,,,,,,1.428074598312378,0.9375,0.001,1,16,40x40,MatchingNetwork,5,5,Greek,miniImageNet_SOTA_trainSet,False,1,4000,2,exp1_permuted_src_datasets
854,110.11843872070312,0.0,1736407101.1118128,,,,,,,1.3732457160949707,1.0,0.001,1,16,40x40,MatchingNetwork,5,5,Greek,miniImageNet_SOTA_trainSet,False,1,4000,2,exp1_permuted_src_datasets
855,110.1276319026947,0.0,1736407101.121006,,,,,,,1.3746259212493896,1.0,0.001,1,16,40x40,MatchingNetwork,5,5,Greek,miniImageNet_SOTA_trainSet,False,1,4000,2,exp1_permuted_src_datasets
856,110.13666296005249,0.0,1736407101.130037,,,,,,,1.3698830604553223,1.0,0.001,1,16,40x40,MatchingNetwork,5,5,Greek,miniImageNet_SOTA_trainSet,False,1,4000,2,exp1_permuted_src_datasets
857,110.14680123329163,0.0,1736407101.1401753,,,,,,,1.370464563369751,1.0,0.001,1,16,40x40,MatchingNetwork,5,5,Greek,miniImageNet_SOTA_trainSet,False,1,4000,2,exp1_permuted_src_datasets
858,110.15609574317932,0.0,1736407101.1494699,,,,,,,1.372295618057251,1.0,0.001,1,16,40x40,MatchingNetwork,5,5,Greek,miniImageNet_SOTA_trainSet,False,1,4000,2,exp1_permuted_src_datasets
859,110.16528463363647,0.0,1736407101.1586587,,,,,,,1.3724793195724487,1.0,0.001,1,16,40x40,MatchingNetwork,5,5,Greek,miniImageNet_SOTA_trainSet,False,1,4000,2,exp1_permuted_src_datasets
860,110.18431615829468,0.0,1736407101.1776903,,,,,,,1.3704092502593994,1.0,0.001,1,16,40x40,MatchingNetwork,5,5,Greek,miniImageNet_SOTA_trainSet,False,1,4000,2,exp1_permuted_src_datasets
861,110.20067429542542,0.0,1736407101.1940484,,,,,,,1.3699079751968384,1.0,0.001,1,16,40x40,MatchingNetwork,5,5,Greek,miniImageNet_SOTA_trainSet,False,1,4000,2,exp1_permuted_src_datasets
862,110.21579909324646,0.0,1736407101.2091732,,,,,,,1.3715331554412842,1.0,0.001,1,16,40x40,MatchingNetwork,5,5,Greek,miniImageNet_SOTA_trainSet,False,1,4000,2,exp1_permuted_src_datasets
863,110.22563600540161,0.0,1736407101.21901,,,,,,,1.375661015510559,1.0,0.001,1,16,40x40,MatchingNetwork,5,5,Greek,miniImageNet_SOTA_trainSet,False,1,4000,2,exp1_permuted_src_datasets
864,110.23485660552979,0.0,1736407101.2282307,,,,,,,1.3688589334487915,1.0,0.001,1,16,40x40,MatchingNetwork,5,5,Greek,miniImageNet_SOTA_trainSet,False,1,4000,2,exp1_permuted_src_datasets
865,110.24405908584595,0.0,1736407101.2374332,,,,,,,1.4285411834716797,0.9375,0.001,1,16,40x40,MatchingNetwork,5,5,Greek,miniImageNet_SOTA_trainSet,False,1,4000,2,exp1_permuted_src_datasets
866,110.25324892997742,0.0,1736407101.246623,,,,,,,1.3725141286849976,1.0,0.001,1,16,40x40,MatchingNetwork,5,5,Greek,miniImageNet_SOTA_trainSet,False,1,4000,2,exp1_permuted_src_datasets
867,110.26279401779175,0.0,1736407101.2561681,,,,,,,1.3727506399154663,1.0,0.001,1,16,40x40,MatchingNetwork,5,5,Greek,miniImageNet_SOTA_trainSet,False,1,4000,2,exp1_permuted_src_datasets
868,110.2726469039917,0.0,1736407101.266021,,,,,,,1.3732465505599976,1.0,0.001,1,16,40x40,MatchingNetwork,5,5,Greek,miniImageNet_SOTA_trainSet,False,1,4000,2,exp1_permuted_src_datasets
869,110.28237915039062,0.0,1736407101.2757533,,,,,,,1.3697481155395508,1.0,0.001,1,16,40x40,MatchingNetwork,5,5,Greek,miniImageNet_SOTA_trainSet,False,1,4000,2,exp1_permuted_src_datasets
870,110.29333233833313,0.0,1736407101.2867064,,,,,,,1.4315708875656128,0.875,0.001,1,16,40x40,MatchingNetwork,5,5,Greek,miniImageNet_SOTA_trainSet,False,1,4000,2,exp1_permuted_src_datasets
871,110.30417227745056,0.0,1736407101.2975464,,,,,,,1.3725676536560059,1.0,0.001,1,16,40x40,MatchingNetwork,5,5,Greek,miniImageNet_SOTA_trainSet,False,1,4000,2,exp1_permuted_src_datasets
872,110.31335759162903,0.0,1736407101.3067317,,,,,,,1.3717124462127686,1.0,0.001,1,16,40x40,MatchingNetwork,5,5,Greek,miniImageNet_SOTA_trainSet,False,1,4000,2,exp1_permuted_src_datasets
873,110.32360553741455,0.0,1736407101.3169796,,,,,,,1.3766047954559326,1.0,0.001,1,16,40x40,MatchingNetwork,5,5,Greek,miniImageNet_SOTA_trainSet,False,1,4000,2,exp1_permuted_src_datasets
874,110.33282327651978,0.0,1736407101.3261974,,,,,,,1.3715342283248901,1.0,0.001,1,16,40x40,MatchingNetwork,5,5,Greek,miniImageNet_SOTA_trainSet,False,1,4000,2,exp1_permuted_src_datasets
875,110.34195590019226,0.0,1736407101.33533,,,,,,,1.3689806461334229,1.0,0.001,1,16,40x40,MatchingNetwork,5,5,Greek,miniImageNet_SOTA_trainSet,False,1,4000,2,exp1_permuted_src_datasets
876,110.35106420516968,0.0,1736407101.3444383,,,,,,,1.372920036315918,1.0,0.001,1,16,40x40,MatchingNetwork,5,5,Greek,miniImageNet_SOTA_trainSet,False,1,4000,2,exp1_permuted_src_datasets
877,110.36018300056458,0.0,1736407101.353557,,,,,,,1.3720924854278564,1.0,0.001,1,16,40x40,MatchingNetwork,5,5,Greek,miniImageNet_SOTA_trainSet,False,1,4000,2,exp1_permuted_src_datasets
878,110.36925792694092,0.0,1736407101.362632,,,,,,,1.3699798583984375,1.0,0.001,1,16,40x40,MatchingNetwork,5,5,Greek,miniImageNet_SOTA_trainSet,False,1,4000,2,exp1_permuted_src_datasets
879,110.37825465202332,0.0,1736407101.3716288,,,,,,,1.3691051006317139,1.0,0.001,1,16,40x40,MatchingNetwork,5,5,Greek,miniImageNet_SOTA_trainSet,False,1,4000,2,exp1_permuted_src_datasets
880,110.38725233078003,0.0,1736407101.3806264,,,,,,,1.3735393285751343,1.0,0.001,1,16,40x40,MatchingNetwork,5,5,Greek,miniImageNet_SOTA_trainSet,False,1,4000,2,exp1_permuted_src_datasets
881,119.53686809539795,0.0,1736407110.5302422,,,,,,0.4515,,,0.001,1,16,40x40,MatchingNetwork,5,5,Greek,miniImageNet_SOTA_trainSet,False,1,4000,2,exp1_permuted_src_datasets
882,119.54399824142456,0.0,1736407110.5373724,,,,,,,1.372017741203308,1.0,0.001,1,16,40x40,MatchingNetwork,5,5,Greek,miniImageNet_SOTA_trainSet,False,1,4000,2,exp1_permuted_src_datasets
883,119.55341696739197,0.0,1736407110.546791,,,,,,,1.3756920099258423,1.0,0.001,1,16,40x40,MatchingNetwork,5,5,Greek,miniImageNet_SOTA_trainSet,False,1,4000,2,exp1_permuted_src_datasets
884,119.5626175403595,0.0,1736407110.5559916,,,,,,,1.3728785514831543,1.0,0.001,1,16,40x40,MatchingNetwork,5,5,Greek,miniImageNet_SOTA_trainSet,False,1,4000,2,exp1_permuted_src_datasets
885,119.5719907283783,0.0,1736407110.5653648,,,,,,,1.368662714958191,1.0,0.001,1,16,40x40,MatchingNetwork,5,5,Greek,miniImageNet_SOTA_trainSet,False,1,4000,2,exp1_permuted_src_datasets
886,119.58139252662659,0.0,1736407110.5747666,,,,,,,1.4312474727630615,1.0,0.001,1,16,40x40,MatchingNetwork,5,5,Greek,miniImageNet_SOTA_trainSet,False,1,4000,2,exp1_permuted_src_datasets
887,119.59080243110657,0.0,1736407110.5841765,,,,,,,1.3693045377731323,1.0,0.001,1,16,40x40,MatchingNetwork,5,5,Greek,miniImageNet_SOTA_trainSet,False,1,4000,2,exp1_permuted_src_datasets
888,119.60116791725159,0.0,1736407110.594542,,,,,,,1.3719462156295776,1.0,0.001,1,16,40x40,MatchingNetwork,5,5,Greek,miniImageNet_SOTA_trainSet,False,1,4000,2,exp1_permuted_src_datasets
889,119.6104907989502,0.0,1736407110.603865,,,,,,,1.4289140701293945,1.0,0.001,1,16,40x40,MatchingNetwork,5,5,Greek,miniImageNet_SOTA_trainSet,False,1,4000,2,exp1_permuted_src_datasets
890,119.61971783638,0.0,1736407110.613092,,,,,,,1.373834252357483,1.0,0.001,1,16,40x40,MatchingNetwork,5,5,Greek,miniImageNet_SOTA_trainSet,False,1,4000,2,exp1_permuted_src_datasets
891,119.62891840934753,0.0,1736407110.6222925,,,,,,,1.3695178031921387,1.0,0.001,1,16,40x40,MatchingNetwork,5,5,Greek,miniImageNet_SOTA_trainSet,False,1,4000,2,exp1_permuted_src_datasets
892,119.6380968093872,0.0,1736407110.631471,,,,,,,1.4275504350662231,1.0,0.001,1,16,40x40,MatchingNetwork,5,5,Greek,miniImageNet_SOTA_trainSet,False,1,4000,2,exp1_permuted_src_datasets
893,119.6473798751831,0.0,1736407110.640754,,,,,,,1.3758513927459717,1.0,0.001,1,16,40x40,MatchingNetwork,5,5,Greek,miniImageNet_SOTA_trainSet,False,1,4000,2,exp1_permuted_src_datasets
894,119.65645956993103,0.0,1736407110.6498337,,,,,,,1.3731931447982788,1.0,0.001,1,16,40x40,MatchingNetwork,5,5,Greek,miniImageNet_SOTA_trainSet,False,1,4000,2,exp1_permuted_src_datasets
895,119.66550493240356,0.0,1736407110.658879,,,,,,,1.3756442070007324,1.0,0.001,1,16,40x40,MatchingNetwork,5,5,Greek,miniImageNet_SOTA_trainSet,False,1,4000,2,exp1_permuted_src_datasets
896,119.67455840110779,0.0,1736407110.6679325,,,,,,,1.4284882545471191,1.0,0.001,1,16,40x40,MatchingNetwork,5,5,Greek,miniImageNet_SOTA_trainSet,False,1,4000,2,exp1_permuted_src_datasets
897,119.6835765838623,0.0,1736407110.6769507,,,,,,,1.3686192035675049,1.0,0.001,1,16,40x40,MatchingNetwork,5,5,Greek,miniImageNet_SOTA_trainSet,False,1,4000,2,exp1_permuted_src_datasets
898,119.69265937805176,0.0,1736407110.6860335,,,,,,,1.373201847076416,1.0,0.001,1,16,40x40,MatchingNetwork,5,5,Greek,miniImageNet_SOTA_trainSet,False,1,4000,2,exp1_permuted_src_datasets
899,119.70173811912537,0.0,1736407110.6951122,,,,,,,1.3731367588043213,1.0,0.001,1,16,40x40,MatchingNetwork,5,5,Greek,miniImageNet_SOTA_trainSet,False,1,4000,2,exp1_permuted_src_datasets
900,119.71094036102295,0.0,1736407110.7043145,,,,,,,1.3725862503051758,1.0,0.001,1,16,40x40,MatchingNetwork,5,5,Greek,miniImageNet_SOTA_trainSet,False,1,4000,2,exp1_permuted_src_datasets
901,119.72160601615906,0.0,1736407110.7149801,,,,,,,1.3725413084030151,1.0,0.001,1,16,40x40,MatchingNetwork,5,5,Greek,miniImageNet_SOTA_trainSet,False,1,4000,2,exp1_permuted_src_datasets
902,119.73080468177795,0.0,1736407110.7241788,,,,,,,1.3719863891601562,1.0,0.001,1,16,40x40,MatchingNetwork,5,5,Greek,miniImageNet_SOTA_trainSet,False,1,4000,2,exp1_permuted_src_datasets
903,119.73999619483948,0.0,1736407110.7333703,,,,,,,1.427655816078186,1.0,0.001,1,16,40x40,MatchingNetwork,5,5,Greek,miniImageNet_SOTA_trainSet,False,1,4000,2,exp1_permuted_src_datasets
904,119.74919486045837,0.0,1736407110.742569,,,,,,,1.3729134798049927,1.0,0.001,1,16,40x40,MatchingNetwork,5,5,Greek,miniImageNet_SOTA_trainSet,False,1,4000,2,exp1_permuted_src_datasets
905,119.75840067863464,0.0,1736407110.7517748,,,,,,,1.373387098312378,1.0,0.001,1,16,40x40,MatchingNetwork,5,5,Greek,miniImageNet_SOTA_trainSet,False,1,4000,2,exp1_permuted_src_datasets
906,119.76752185821533,0.0,1736407110.760896,,,,,,,1.3804659843444824,1.0,0.001,1,16,40x40,MatchingNetwork,5,5,Greek,miniImageNet_SOTA_trainSet,False,1,4000,2,exp1_permuted_src_datasets
907,119.77660083770752,0.0,1736407110.769975,,,,,,,1.3696107864379883,1.0,0.001,1,16,40x40,MatchingNetwork,5,5,Greek,miniImageNet_SOTA_trainSet,False,1,4000,2,exp1_permuted_src_datasets
908,119.78565096855164,0.0,1736407110.779025,,,,,,,1.375487208366394,1.0,0.001,1,16,40x40,MatchingNetwork,5,5,Greek,miniImageNet_SOTA_trainSet,False,1,4000,2,exp1_permuted_src_datasets
909,119.79471135139465,0.0,1736407110.7880855,,,,,,,1.4317753314971924,1.0,0.001,1,16,40x40,MatchingNetwork,5,5,Greek,miniImageNet_SOTA_trainSet,False,1,4000,2,exp1_permuted_src_datasets
910,119.8037359714508,0.0,1736407110.79711,,,,,,,1.3715031147003174,1.0,0.001,1,16,40x40,MatchingNetwork,5,5,Greek,miniImageNet_SOTA_trainSet,False,1,4000,2,exp1_permuted_src_datasets
911,119.81269121170044,0.0,1736407110.8060653,,,,,,,1.4286143779754639,0.875,0.001,1,16,40x40,MatchingNetwork,5,5,Greek,miniImageNet_SOTA_trainSet,False,1,4000,2,exp1_permuted_src_datasets
912,119.82163310050964,0.0,1736407110.8150072,,,,,,,1.3692975044250488,1.0,0.001,1,16,40x40,MatchingNetwork,5,5,Greek,miniImageNet_SOTA_trainSet,False,1,4000,2,exp1_permuted_src_datasets
913,119.83059668540955,0.0,1736407110.8239708,,,,,,,1.3703010082244873,1.0,0.001,1,16,40x40,MatchingNetwork,5,5,Greek,miniImageNet_SOTA_trainSet,False,1,4000,2,exp1_permuted_src_datasets
914,119.83960318565369,0.0,1736407110.8329773,,,,,,,1.3692481517791748,1.0,0.001,1,16,40x40,MatchingNetwork,5,5,Greek,miniImageNet_SOTA_trainSet,False,1,4000,2,exp1_permuted_src_datasets
915,119.84856486320496,0.0,1736407110.841939,,,,,,,1.3699872493743896,1.0,0.001,1,16,40x40,MatchingNetwork,5,5,Greek,miniImageNet_SOTA_trainSet,False,1,4000,2,exp1_permuted_src_datasets
916,119.85838890075684,0.0,1736407110.851763,,,,,,,1.3729896545410156,1.0,0.001,1,16,40x40,MatchingNetwork,5,5,Greek,miniImageNet_SOTA_trainSet,False,1,4000,2,exp1_permuted_src_datasets
917,119.86746168136597,0.0,1736407110.8608358,,,,,,,1.3733640909194946,1.0,0.001,1,16,40x40,MatchingNetwork,5,5,Greek,miniImageNet_SOTA_trainSet,False,1,4000,2,exp1_permuted_src_datasets
918,119.8764111995697,0.0,1736407110.8697853,,,,,,,1.3712191581726074,1.0,0.001,1,16,40x40,MatchingNetwork,5,5,Greek,miniImageNet_SOTA_trainSet,False,1,4000,2,exp1_permuted_src_datasets
919,119.8854501247406,0.0,1736407110.8788242,,,,,,,1.3689219951629639,1.0,0.001,1,16,40x40,MatchingNetwork,5,5,Greek,miniImageNet_SOTA_trainSet,False,1,4000,2,exp1_permuted_src_datasets
920,119.89451336860657,0.0,1736407110.8878875,,,,,,,1.3755438327789307,1.0,0.001,1,16,40x40,MatchingNetwork,5,5,Greek,miniImageNet_SOTA_trainSet,False,1,4000,2,exp1_permuted_src_datasets
921,119.90379762649536,0.0,1736407110.8971717,,,,,,,1.3700127601623535,1.0,0.001,1,16,40x40,MatchingNetwork,5,5,Greek,miniImageNet_SOTA_trainSet,False,1,4000,2,exp1_permuted_src_datasets
922,119.9129729270935,0.0,1736407110.906347,,,,,,,1.3732223510742188,1.0,0.001,1,16,40x40,MatchingNetwork,5,5,Greek,miniImageNet_SOTA_trainSet,False,1,4000,2,exp1_permuted_src_datasets
923,119.92203640937805,0.0,1736407110.9154105,,,,,,,1.3696223497390747,1.0,0.001,1,16,40x40,MatchingNetwork,5,5,Greek,miniImageNet_SOTA_trainSet,False,1,4000,2,exp1_permuted_src_datasets
924,119.93110632896423,0.0,1736407110.9244804,,,,,,,1.3764971494674683,1.0,0.001,1,16,40x40,MatchingNetwork,5,5,Greek,miniImageNet_SOTA_trainSet,False,1,4000,2,exp1_permuted_src_datasets
925,119.94142246246338,0.0,1736407110.9347966,,,,,,,1.372266173362732,1.0,0.001,1,16,40x40,MatchingNetwork,5,5,Greek,miniImageNet_SOTA_trainSet,False,1,4000,2,exp1_permuted_src_datasets
926,119.95061683654785,0.0,1736407110.943991,,,,,,,1.3721662759780884,1.0,0.001,1,16,40x40,MatchingNetwork,5,5,Greek,miniImageNet_SOTA_trainSet,False,1,4000,2,exp1_permuted_src_datasets
927,119.95986700057983,0.0,1736407110.953241,,,,,,,1.3697761297225952,1.0,0.001,1,16,40x40,MatchingNetwork,5,5,Greek,miniImageNet_SOTA_trainSet,False,1,4000,2,exp1_permuted_src_datasets
928,119.96904611587524,0.0,1736407110.9624202,,,,,,,1.3763432502746582,1.0,0.001,1,16,40x40,MatchingNetwork,5,5,Greek,miniImageNet_SOTA_trainSet,False,1,4000,2,exp1_permuted_src_datasets
929,119.97815203666687,0.0,1736407110.9715261,,,,,,,1.372283697128296,1.0,0.001,1,16,40x40,MatchingNetwork,5,5,Greek,miniImageNet_SOTA_trainSet,False,1,4000,2,exp1_permuted_src_datasets
930,119.98738360404968,0.0,1736407110.9807577,,,,,,,1.3691916465759277,1.0,0.001,1,16,40x40,MatchingNetwork,5,5,Greek,miniImageNet_SOTA_trainSet,False,1,4000,2,exp1_permuted_src_datasets
931,119.99665307998657,0.0,1736407110.9900272,,,,,,,1.3703292608261108,1.0,0.001,1,16,40x40,MatchingNetwork,5,5,Greek,miniImageNet_SOTA_trainSet,False,1,4000,2,exp1_permuted_src_datasets
932,120.00593996047974,0.0,1736407110.999314,,,,,,,1.3718432188034058,1.0,0.001,1,16,40x40,MatchingNetwork,5,5,Greek,miniImageNet_SOTA_trainSet,False,1,4000,2,exp1_permuted_src_datasets
933,120.01517653465271,0.0,1736407111.0085506,,,,,,,1.4281094074249268,1.0,0.001,1,16,40x40,MatchingNetwork,5,5,Greek,miniImageNet_SOTA_trainSet,False,1,4000,2,exp1_permuted_src_datasets
934,120.02439641952515,0.0,1736407111.0177705,,,,,,,1.3722563982009888,1.0,0.001,1,16,40x40,MatchingNetwork,5,5,Greek,miniImageNet_SOTA_trainSet,False,1,4000,2,exp1_permuted_src_datasets
935,120.03355431556702,0.0,1736407111.0269284,,,,,,,1.3739595413208008,1.0,0.001,1,16,40x40,MatchingNetwork,5,5,Greek,miniImageNet_SOTA_trainSet,False,1,4000,2,exp1_permuted_src_datasets
936,120.04274392127991,0.0,1736407111.036118,,,,,,,1.372780442237854,1.0,0.001,1,16,40x40,MatchingNetwork,5,5,Greek,miniImageNet_SOTA_trainSet,False,1,4000,2,exp1_permuted_src_datasets
937,120.05193877220154,0.0,1736407111.045313,,,,,,,1.3722717761993408,1.0,0.001,1,16,40x40,MatchingNetwork,5,5,Greek,miniImageNet_SOTA_trainSet,False,1,4000,2,exp1_permuted_src_datasets
938,120.06126976013184,0.0,1736407111.0546439,,,,,,,1.3713260889053345,1.0,0.001,1,16,40x40,MatchingNetwork,5,5,Greek,miniImageNet_SOTA_trainSet,False,1,4000,2,exp1_permuted_src_datasets
939,120.0707893371582,0.0,1736407111.0641634,,,,,,,1.373537540435791,1.0,0.001,1,16,40x40,MatchingNetwork,5,5,Greek,miniImageNet_SOTA_trainSet,False,1,4000,2,exp1_permuted_src_datasets
940,120.08095479011536,0.0,1736407111.074329,,,,,,,1.36949622631073,1.0,0.001,1,16,40x40,MatchingNetwork,5,5,Greek,miniImageNet_SOTA_trainSet,False,1,4000,2,exp1_permuted_src_datasets
941,120.09043335914612,0.0,1736407111.0838075,,,,,,,1.3690950870513916,1.0,0.001,1,16,40x40,MatchingNetwork,5,5,Greek,miniImageNet_SOTA_trainSet,False,1,4000,2,exp1_permuted_src_datasets
942,120.10611271858215,0.0,1736407111.0994868,,,,,,,1.4323554039001465,0.875,0.001,1,16,40x40,MatchingNetwork,5,5,Greek,miniImageNet_SOTA_trainSet,False,1,4000,2,exp1_permuted_src_datasets
943,120.11777973175049,0.0,1736407111.1111538,,,,,,,1.3717248439788818,1.0,0.001,1,16,40x40,MatchingNetwork,5,5,Greek,miniImageNet_SOTA_trainSet,False,1,4000,2,exp1_permuted_src_datasets
944,129.26664280891418,0.0,1736407120.260017,,,,,,0.45975,,,0.001,1,16,40x40,MatchingNetwork,5,5,Greek,miniImageNet_SOTA_trainSet,False,1,4000,2,exp1_permuted_src_datasets
945,129.29801225662231,0.0,1736407120.2913864,,,,,,,1.372603416442871,1.0,0.001,1,16,40x40,MatchingNetwork,5,5,Greek,miniImageNet_SOTA_trainSet,False,1,4000,2,exp1_permuted_src_datasets
946,129.3074598312378,0.0,1736407120.300834,,,,,,,1.374579906463623,1.0,0.001,1,16,40x40,MatchingNetwork,5,5,Greek,miniImageNet_SOTA_trainSet,False,1,4000,2,exp1_permuted_src_datasets
947,129.31662607192993,0.0,1736407120.3100002,,,,,,,1.3699098825454712,1.0,0.001,1,16,40x40,MatchingNetwork,5,5,Greek,miniImageNet_SOTA_trainSet,False,1,4000,2,exp1_permuted_src_datasets
948,129.32565355300903,0.0,1736407120.3190277,,,,,,,1.368769645690918,1.0,0.001,1,16,40x40,MatchingNetwork,5,5,Greek,miniImageNet_SOTA_trainSet,False,1,4000,2,exp1_permuted_src_datasets
949,129.33469820022583,0.0,1736407120.3280723,,,,,,,1.3701611757278442,1.0,0.001,1,16,40x40,MatchingNetwork,5,5,Greek,miniImageNet_SOTA_trainSet,False,1,4000,2,exp1_permuted_src_datasets
950,129.34374690055847,0.0,1736407120.337121,,,,,,,1.3727447986602783,1.0,0.001,1,16,40x40,MatchingNetwork,5,5,Greek,miniImageNet_SOTA_trainSet,False,1,4000,2,exp1_permuted_src_datasets
951,129.3527295589447,0.0,1736407120.3461037,,,,,,,1.4276639223098755,1.0,0.001,1,16,40x40,MatchingNetwork,5,5,Greek,miniImageNet_SOTA_trainSet,False,1,4000,2,exp1_permuted_src_datasets
952,129.36171293258667,0.0,1736407120.355087,,,,,,,1.3710741996765137,1.0,0.001,1,16,40x40,MatchingNetwork,5,5,Greek,miniImageNet_SOTA_trainSet,False,1,4000,2,exp1_permuted_src_datasets
953,129.3706727027893,0.0,1736407120.3640468,,,,,,,1.3723841905593872,1.0,0.001,1,16,40x40,MatchingNetwork,5,5,Greek,miniImageNet_SOTA_trainSet,False,1,4000,2,exp1_permuted_src_datasets
954,129.37964367866516,0.0,1736407120.3730178,,,,,,,1.3712563514709473,1.0,0.001,1,16,40x40,MatchingNetwork,5,5,Greek,miniImageNet_SOTA_trainSet,False,1,4000,2,exp1_permuted_src_datasets
955,129.38944244384766,0.0,1736407120.3828166,,,,,,,1.372880220413208,1.0,0.001,1,16,40x40,MatchingNetwork,5,5,Greek,miniImageNet_SOTA_trainSet,False,1,4000,2,exp1_permuted_src_datasets
956,129.3985435962677,0.0,1736407120.3919177,,,,,,,1.3686323165893555,1.0,0.001,1,16,40x40,MatchingNetwork,5,5,Greek,miniImageNet_SOTA_trainSet,False,1,4000,2,exp1_permuted_src_datasets
957,129.4084324836731,0.0,1736407120.4018066,,,,,,,1.372855305671692,1.0,0.001,1,16,40x40,MatchingNetwork,5,5,Greek,miniImageNet_SOTA_trainSet,False,1,4000,2,exp1_permuted_src_datasets
958,129.41745734214783,0.0,1736407120.4108315,,,,,,,1.3698372840881348,1.0,0.001,1,16,40x40,MatchingNetwork,5,5,Greek,miniImageNet_SOTA_trainSet,False,1,4000,2,exp1_permuted_src_datasets
959,129.4265580177307,0.0,1736407120.4199321,,,,,,,1.3730568885803223,1.0,0.001,1,16,40x40,MatchingNetwork,5,5,Greek,miniImageNet_SOTA_trainSet,False,1,4000,2,exp1_permuted_src_datasets
960,129.4356279373169,0.0,1736407120.429002,,,,,,,1.376273274421692,1.0,0.001,1,16,40x40,MatchingNetwork,5,5,Greek,miniImageNet_SOTA_trainSet,False,1,4000,2,exp1_permuted_src_datasets
961,129.44466876983643,0.0,1736407120.4380429,,,,,,,1.3762822151184082,1.0,0.001,1,16,40x40,MatchingNetwork,5,5,Greek,miniImageNet_SOTA_trainSet,False,1,4000,2,exp1_permuted_src_datasets
962,129.45417499542236,0.0,1736407120.447549,,,,,,,1.3687286376953125,1.0,0.001,1,16,40x40,MatchingNetwork,5,5,Greek,miniImageNet_SOTA_trainSet,False,1,4000,2,exp1_permuted_src_datasets
963,129.46353006362915,0.0,1736407120.4569042,,,,,,,1.42739737033844,1.0,0.001,1,16,40x40,MatchingNetwork,5,5,Greek,miniImageNet_SOTA_trainSet,False,1,4000,2,exp1_permuted_src_datasets
964,129.47284936904907,0.0,1736407120.4662235,,,,,,,1.3727988004684448,1.0,0.001,1,16,40x40,MatchingNetwork,5,5,Greek,miniImageNet_SOTA_trainSet,False,1,4000,2,exp1_permuted_src_datasets
965,129.48230957984924,0.0,1736407120.4756837,,,,,,,1.3795084953308105,1.0,0.001,1,16,40x40,MatchingNetwork,5,5,Greek,miniImageNet_SOTA_trainSet,False,1,4000,2,exp1_permuted_src_datasets
966,129.49145984649658,0.0,1736407120.484834,,,,,,,1.3726375102996826,1.0,0.001,1,16,40x40,MatchingNetwork,5,5,Greek,miniImageNet_SOTA_trainSet,False,1,4000,2,exp1_permuted_src_datasets
967,129.5006070137024,0.0,1736407120.4939811,,,,,,,1.3753036260604858,1.0,0.001,1,16,40x40,MatchingNetwork,5,5,Greek,miniImageNet_SOTA_trainSet,False,1,4000,2,exp1_permuted_src_datasets
968,129.50968551635742,0.0,1736407120.5030596,,,,,,,1.4315075874328613,1.0,0.001,1,16,40x40,MatchingNetwork,5,5,Greek,miniImageNet_SOTA_trainSet,False,1,4000,2,exp1_permuted_src_datasets
969,129.51870012283325,0.0,1736407120.5120742,,,,,,,1.3690173625946045,1.0,0.001,1,16,40x40,MatchingNetwork,5,5,Greek,miniImageNet_SOTA_trainSet,False,1,4000,2,exp1_permuted_src_datasets
970,129.527663230896,0.0,1736407120.5210373,,,,,,,1.371828556060791,1.0,0.001,1,16,40x40,MatchingNetwork,5,5,Greek,miniImageNet_SOTA_trainSet,False,1,4000,2,exp1_permuted_src_datasets
971,129.5372154712677,0.0,1736407120.5305896,,,,,,,1.3715304136276245,1.0,0.001,1,16,40x40,MatchingNetwork,5,5,Greek,miniImageNet_SOTA_trainSet,False,1,4000,2,exp1_permuted_src_datasets
972,129.55014872550964,0.0,1736407120.5435228,,,,,,,1.3719370365142822,1.0,0.001,1,16,40x40,MatchingNetwork,5,5,Greek,miniImageNet_SOTA_trainSet,False,1,4000,2,exp1_permuted_src_datasets
973,129.55980038642883,0.0,1736407120.5531745,,,,,,,1.3729841709136963,1.0,0.001,1,16,40x40,MatchingNetwork,5,5,Greek,miniImageNet_SOTA_trainSet,False,1,4000,2,exp1_permuted_src_datasets
974,129.57143712043762,0.0,1736407120.5648112,,,,,,,1.3698606491088867,1.0,0.001,1,16,40x40,MatchingNetwork,5,5,Greek,miniImageNet_SOTA_trainSet,False,1,4000,2,exp1_permuted_src_datasets
975,129.58330297470093,0.0,1736407120.576677,,,,,,,1.372488260269165,1.0,0.001,1,16,40x40,MatchingNetwork,5,5,Greek,miniImageNet_SOTA_trainSet,False,1,4000,2,exp1_permuted_src_datasets
976,129.59669470787048,0.0,1736407120.5900688,,,,,,,1.373613715171814,1.0,0.001,1,16,40x40,MatchingNetwork,5,5,Greek,miniImageNet_SOTA_trainSet,False,1,4000,2,exp1_permuted_src_datasets
977,129.61042380332947,0.0,1736407120.603798,,,,,,,1.3724087476730347,1.0,0.001,1,16,40x40,MatchingNetwork,5,5,Greek,miniImageNet_SOTA_trainSet,False,1,4000,2,exp1_permuted_src_datasets
978,129.6197190284729,0.0,1736407120.6130931,,,,,,,1.372393250465393,1.0,0.001,1,16,40x40,MatchingNetwork,5,5,Greek,miniImageNet_SOTA_trainSet,False,1,4000,2,exp1_permuted_src_datasets
979,129.62880849838257,0.0,1736407120.6221826,,,,,,,1.3721551895141602,1.0,0.001,1,16,40x40,MatchingNetwork,5,5,Greek,miniImageNet_SOTA_trainSet,False,1,4000,2,exp1_permuted_src_datasets
980,129.637877702713,0.0,1736407120.6312518,,,,,,,1.4294660091400146,1.0,0.001,1,16,40x40,MatchingNetwork,5,5,Greek,miniImageNet_SOTA_trainSet,False,1,4000,2,exp1_permuted_src_datasets
981,129.64698219299316,0.0,1736407120.6403563,,,,,,,1.3704164028167725,1.0,0.001,1,16,40x40,MatchingNetwork,5,5,Greek,miniImageNet_SOTA_trainSet,False,1,4000,2,exp1_permuted_src_datasets
982,129.6562201976776,0.0,1736407120.6495943,,,,,,,1.3725805282592773,1.0,0.001,1,16,40x40,MatchingNetwork,5,5,Greek,miniImageNet_SOTA_trainSet,False,1,4000,2,exp1_permuted_src_datasets
983,129.6653037071228,0.0,1736407120.6586778,,,,,,,1.368830919265747,1.0,0.001,1,16,40x40,MatchingNetwork,5,5,Greek,miniImageNet_SOTA_trainSet,False,1,4000,2,exp1_permuted_src_datasets
984,129.67434430122375,0.0,1736407120.6677184,,,,,,,1.3742042779922485,1.0,0.001,1,16,40x40,MatchingNetwork,5,5,Greek,miniImageNet_SOTA_trainSet,False,1,4000,2,exp1_permuted_src_datasets
985,129.68400931358337,0.0,1736407120.6773834,,,,,,,1.369409203529358,1.0,0.001,1,16,40x40,MatchingNetwork,5,5,Greek,miniImageNet_SOTA_trainSet,False,1,4000,2,exp1_permuted_src_datasets
986,129.69354009628296,0.0,1736407120.6869142,,,,,,,1.3699616193771362,1.0,0.001,1,16,40x40,MatchingNetwork,5,5,Greek,miniImageNet_SOTA_trainSet,False,1,4000,2,exp1_permuted_src_datasets
987,129.70437717437744,0.0,1736407120.6977513,,,,,,,1.3716790676116943,1.0,0.001,1,16,40x40,MatchingNetwork,5,5,Greek,miniImageNet_SOTA_trainSet,False,1,4000,2,exp1_permuted_src_datasets
988,129.71350812911987,0.0,1736407120.7068822,,,,,,,1.3689308166503906,1.0,0.001,1,16,40x40,MatchingNetwork,5,5,Greek,miniImageNet_SOTA_trainSet,False,1,4000,2,exp1_permuted_src_datasets
989,129.7227976322174,0.0,1736407120.7161717,,,,,,,1.3725147247314453,1.0,0.001,1,16,40x40,MatchingNetwork,5,5,Greek,miniImageNet_SOTA_trainSet,False,1,4000,2,exp1_permuted_src_datasets
990,129.73262429237366,0.0,1736407120.7259984,,,,,,,1.4292008876800537,1.0,0.001,1,16,40x40,MatchingNetwork,5,5,Greek,miniImageNet_SOTA_trainSet,False,1,4000,2,exp1_permuted_src_datasets
991,129.7417197227478,0.0,1736407120.7350938,,,,,,,1.3722974061965942,1.0,0.001,1,16,40x40,MatchingNetwork,5,5,Greek,miniImageNet_SOTA_trainSet,False,1,4000,2,exp1_permuted_src_datasets
992,129.75086283683777,0.0,1736407120.744237,,,,,,,1.369505763053894,1.0,0.001,1,16,40x40,MatchingNetwork,5,5,Greek,miniImageNet_SOTA_trainSet,False,1,4000,2,exp1_permuted_src_datasets
993,129.7598910331726,0.0,1736407120.7532651,,,,,,,1.3725353479385376,1.0,0.001,1,16,40x40,MatchingNetwork,5,5,Greek,miniImageNet_SOTA_trainSet,False,1,4000,2,exp1_permuted_src_datasets
994,129.76896262168884,0.0,1736407120.7623367,,,,,,,1.372709035873413,1.0,0.001,1,16,40x40,MatchingNetwork,5,5,Greek,miniImageNet_SOTA_trainSet,False,1,4000,2,exp1_permuted_src_datasets
995,129.77795219421387,0.0,1736407120.7713263,,,,,,,1.3734078407287598,1.0,0.001,1,16,40x40,MatchingNetwork,5,5,Greek,miniImageNet_SOTA_trainSet,False,1,4000,2,exp1_permuted_src_datasets
996,129.78731608390808,0.0,1736407120.7806902,,,,,,,1.3715846538543701,1.0,0.001,1,16,40x40,MatchingNetwork,5,5,Greek,miniImageNet_SOTA_trainSet,False,1,4000,2,exp1_permuted_src_datasets
997,129.7970688343048,0.0,1736407120.790443,,,,,,,1.3687818050384521,1.0,0.001,1,16,40x40,MatchingNetwork,5,5,Greek,miniImageNet_SOTA_trainSet,False,1,4000,2,exp1_permuted_src_datasets
998,129.80641412734985,0.0,1736407120.7997882,,,,,,,1.3703495264053345,1.0,0.001,1,16,40x40,MatchingNetwork,5,5,Greek,miniImageNet_SOTA_trainSet,False,1,4000,2,exp1_permuted_src_datasets
999,129.81546783447266,0.0,1736407120.808842,,,,,,,1.368872046470642,1.0,0.001,1,16,40x40,MatchingNetwork,5,5,Greek,miniImageNet_SOTA_trainSet,False,1,4000,2,exp1_permuted_src_datasets
1000,129.8244981765747,0.0,1736407120.8178723,,,,,,,1.3723539113998413,1.0,0.001,1,16,40x40,MatchingNetwork,5,5,Greek,miniImageNet_SOTA_trainSet,False,1,4000,2,exp1_permuted_src_datasets
1001,129.83382773399353,0.0,1736407120.8272018,,,,,,,1.3714079856872559,1.0,0.001,1,16,40x40,MatchingNetwork,5,5,Greek,miniImageNet_SOTA_trainSet,False,1,4000,2,exp1_permuted_src_datasets
1002,129.84273838996887,0.0,1736407120.8361125,,,,,,,1.369323492050171,1.0,0.001,1,16,40x40,MatchingNetwork,5,5,Greek,miniImageNet_SOTA_trainSet,False,1,4000,2,exp1_permuted_src_datasets
1003,129.8516128063202,0.0,1736407120.844987,,,,,,,1.3727058172225952,1.0,0.001,1,16,40x40,MatchingNetwork,5,5,Greek,miniImageNet_SOTA_trainSet,False,1,4000,2,exp1_permuted_src_datasets
1004,129.8609652519226,0.0,1736407120.8543394,,,,,,,1.4294002056121826,0.9375,0.001,1,16,40x40,MatchingNetwork,5,5,Greek,miniImageNet_SOTA_trainSet,False,1,4000,2,exp1_permuted_src_datasets
1005,129.87012004852295,0.0,1736407120.8634942,,,,,,,1.4277902841567993,1.0,0.001,1,16,40x40,MatchingNetwork,5,5,Greek,miniImageNet_SOTA_trainSet,False,1,4000,2,exp1_permuted_src_datasets
1006,129.87904620170593,0.0,1736407120.8724203,,,,,,,1.3756470680236816,1.0,0.001,1,16,40x40,MatchingNetwork,5,5,Greek,miniImageNet_SOTA_trainSet,False,1,4000,2,exp1_permuted_src_datasets
1007,139.04892301559448,0.0,1736407130.0422971,,,,,,0.476,,,0.001,1,16,40x40,MatchingNetwork,5,5,Greek,miniImageNet_SOTA_trainSet,False,1,4000,2,exp1_permuted_src_datasets
1008,139.08378648757935,0.0,1736407130.0771606,,,,,,,1.3756605386734009,1.0,0.001,1,16,40x40,MatchingNetwork,5,5,Greek,miniImageNet_SOTA_trainSet,False,1,4000,2,exp1_permuted_src_datasets
1009,139.09366536140442,0.0,1736407130.0870395,,,,,,,1.3724451065063477,1.0,0.001,1,16,40x40,MatchingNetwork,5,5,Greek,miniImageNet_SOTA_trainSet,False,1,4000,2,exp1_permuted_src_datasets
1010,139.10307788848877,0.0,1736407130.096452,,,,,,,1.3753751516342163,1.0,0.001,1,16,40x40,MatchingNetwork,5,5,Greek,miniImageNet_SOTA_trainSet,False,1,4000,2,exp1_permuted_src_datasets
1011,139.11291933059692,0.0,1736407130.1062934,,,,,,,1.3712451457977295,1.0,0.001,1,16,40x40,MatchingNetwork,5,5,Greek,miniImageNet_SOTA_trainSet,False,1,4000,2,exp1_permuted_src_datasets
1012,139.1221466064453,0.0,1736407130.1155207,,,,,,,1.3725993633270264,1.0,0.001,1,16,40x40,MatchingNetwork,5,5,Greek,miniImageNet_SOTA_trainSet,False,1,4000,2,exp1_permuted_src_datasets
1013,139.1313772201538,0.0,1736407130.1247513,,,,,,,1.3722496032714844,1.0,0.001,1,16,40x40,MatchingNetwork,5,5,Greek,miniImageNet_SOTA_trainSet,False,1,4000,2,exp1_permuted_src_datasets
1014,139.14104652404785,0.0,1736407130.1344206,,,,,,,1.368827223777771,1.0,0.001,1,16,40x40,MatchingNetwork,5,5,Greek,miniImageNet_SOTA_trainSet,False,1,4000,2,exp1_permuted_src_datasets
1015,139.1510512828827,0.0,1736407130.1444254,,,,,,,1.3726989030838013,1.0,0.001,1,16,40x40,MatchingNetwork,5,5,Greek,miniImageNet_SOTA_trainSet,False,1,4000,2,exp1_permuted_src_datasets
1016,139.16072964668274,0.0,1736407130.1541038,,,,,,,1.3689171075820923,1.0,0.001,1,16,40x40,MatchingNetwork,5,5,Greek,miniImageNet_SOTA_trainSet,False,1,4000,2,exp1_permuted_src_datasets
1017,139.17066097259521,0.0,1736407130.164035,,,,,,,1.3718609809875488,1.0,0.001,1,16,40x40,MatchingNetwork,5,5,Greek,miniImageNet_SOTA_trainSet,False,1,4000,2,exp1_permuted_src_datasets
1018,139.18089938163757,0.0,1736407130.1742735,,,,,,,1.369292974472046,1.0,0.001,1,16,40x40,MatchingNetwork,5,5,Greek,miniImageNet_SOTA_trainSet,False,1,4000,2,exp1_permuted_src_datasets
1019,139.19008779525757,0.0,1736407130.183462,,,,,,,1.372999906539917,1.0,0.001,1,16,40x40,MatchingNetwork,5,5,Greek,miniImageNet_SOTA_trainSet,False,1,4000,2,exp1_permuted_src_datasets
1020,139.1991481781006,0.0,1736407130.1925223,,,,,,,1.3765709400177002,1.0,0.001,1,16,40x40,MatchingNetwork,5,5,Greek,miniImageNet_SOTA_trainSet,False,1,4000,2,exp1_permuted_src_datasets
1021,139.20828104019165,0.0,1736407130.2016551,,,,,,,1.3730233907699585,1.0,0.001,1,16,40x40,MatchingNetwork,5,5,Greek,miniImageNet_SOTA_trainSet,False,1,4000,2,exp1_permuted_src_datasets
1022,139.22230100631714,0.0,1736407130.215675,,,,,,,1.3726004362106323,1.0,0.001,1,16,40x40,MatchingNetwork,5,5,Greek,miniImageNet_SOTA_trainSet,False,1,4000,2,exp1_permuted_src_datasets
1023,139.2315492630005,0.0,1736407130.2249234,,,,,,,1.3718749284744263,1.0,0.001,1,16,40x40,MatchingNetwork,5,5,Greek,miniImageNet_SOTA_trainSet,False,1,4000,2,exp1_permuted_src_datasets
1024,139.24515199661255,0.0,1736407130.238526,,,,,,,1.3695416450500488,1.0,0.001,1,16,40x40,MatchingNetwork,5,5,Greek,miniImageNet_SOTA_trainSet,False,1,4000,2,exp1_permuted_src_datasets
1025,139.25481510162354,0.0,1736407130.2481892,,,,,,,1.3703454732894897,1.0,0.001,1,16,40x40,MatchingNetwork,5,5,Greek,miniImageNet_SOTA_trainSet,False,1,4000,2,exp1_permuted_src_datasets
1026,139.2784743309021,0.0,1736407130.2718484,,,,,,,1.428364872932434,1.0,0.001,1,16,40x40,MatchingNetwork,5,5,Greek,miniImageNet_SOTA_trainSet,False,1,4000,2,exp1_permuted_src_datasets
1027,139.2930097579956,0.0,1736407130.2863839,,,,,,,1.3722361326217651,1.0,0.001,1,16,40x40,MatchingNetwork,5,5,Greek,miniImageNet_SOTA_trainSet,False,1,4000,2,exp1_permuted_src_datasets
1028,139.30222511291504,0.0,1736407130.2955992,,,,,,,1.3726274967193604,1.0,0.001,1,16,40x40,MatchingNetwork,5,5,Greek,miniImageNet_SOTA_trainSet,False,1,4000,2,exp1_permuted_src_datasets
1029,139.3152048587799,0.0,1736407130.308579,,,,,,,1.3726005554199219,1.0,0.001,1,16,40x40,MatchingNetwork,5,5,Greek,miniImageNet_SOTA_trainSet,False,1,4000,2,exp1_permuted_src_datasets
1030,139.32519698143005,0.0,1736407130.318571,,,,,,,1.373725175857544,1.0,0.001,1,16,40x40,MatchingNetwork,5,5,Greek,miniImageNet_SOTA_trainSet,False,1,4000,2,exp1_permuted_src_datasets
1031,139.33464694023132,0.0,1736407130.328021,,,,,,,1.3687567710876465,1.0,0.001,1,16,40x40,MatchingNetwork,5,5,Greek,miniImageNet_SOTA_trainSet,False,1,4000,2,exp1_permuted_src_datasets
1032,139.34368872642517,0.0,1736407130.3370628,,,,,,,1.3697654008865356,1.0,0.001,1,16,40x40,MatchingNetwork,5,5,Greek,miniImageNet_SOTA_trainSet,False,1,4000,2,exp1_permuted_src_datasets
1033,139.35438346862793,0.0,1736407130.3477576,,,,,,,1.3693408966064453,1.0,0.001,1,16,40x40,MatchingNetwork,5,5,Greek,miniImageNet_SOTA_trainSet,False,1,4000,2,exp1_permuted_src_datasets
1034,139.36539888381958,0.0,1736407130.358773,,,,,,,1.368794322013855,1.0,0.001,1,16,40x40,MatchingNetwork,5,5,Greek,miniImageNet_SOTA_trainSet,False,1,4000,2,exp1_permuted_src_datasets
1035,139.37484169006348,0.0,1736407130.3682158,,,,,,,1.368543267250061,1.0,0.001,1,16,40x40,MatchingNetwork,5,5,Greek,miniImageNet_SOTA_trainSet,False,1,4000,2,exp1_permuted_src_datasets
1036,139.3846070766449,0.0,1736407130.3779812,,,,,,,1.431732416152954,1.0,0.001,1,16,40x40,MatchingNetwork,5,5,Greek,miniImageNet_SOTA_trainSet,False,1,4000,2,exp1_permuted_src_datasets
1037,139.39373326301575,0.0,1736407130.3871074,,,,,,,1.4275063276290894,1.0,0.001,1,16,40x40,MatchingNetwork,5,5,Greek,miniImageNet_SOTA_trainSet,False,1,4000,2,exp1_permuted_src_datasets
1038,139.40304946899414,0.0,1736407130.3964236,,,,,,,1.369754672050476,1.0,0.001,1,16,40x40,MatchingNetwork,5,5,Greek,miniImageNet_SOTA_trainSet,False,1,4000,2,exp1_permuted_src_datasets
1039,139.4122714996338,0.0,1736407130.4056456,,,,,,,1.3755074739456177,1.0,0.001,1,16,40x40,MatchingNetwork,5,5,Greek,miniImageNet_SOTA_trainSet,False,1,4000,2,exp1_permuted_src_datasets
1040,139.42150568962097,0.0,1736407130.4148798,,,,,,,1.3693712949752808,1.0,0.001,1,16,40x40,MatchingNetwork,5,5,Greek,miniImageNet_SOTA_trainSet,False,1,4000,2,exp1_permuted_src_datasets
1041,139.43066096305847,0.0,1736407130.424035,,,,,,,1.3716717958450317,1.0,0.001,1,16,40x40,MatchingNetwork,5,5,Greek,miniImageNet_SOTA_trainSet,False,1,4000,2,exp1_permuted_src_datasets
1042,139.43977975845337,0.0,1736407130.4331539,,,,,,,1.3688195943832397,1.0,0.001,1,16,40x40,MatchingNetwork,5,5,Greek,miniImageNet_SOTA_trainSet,False,1,4000,2,exp1_permuted_src_datasets
1043,139.44894456863403,0.0,1736407130.4423187,,,,,,,1.369433879852295,1.0,0.001,1,16,40x40,MatchingNetwork,5,5,Greek,miniImageNet_SOTA_trainSet,False,1,4000,2,exp1_permuted_src_datasets
1044,139.4595754146576,0.0,1736407130.4529495,,,,,,,1.3694267272949219,1.0,0.001,1,16,40x40,MatchingNetwork,5,5,Greek,miniImageNet_SOTA_trainSet,False,1,4000,2,exp1_permuted_src_datasets
1045,139.46901631355286,0.0,1736407130.4623904,,,,,,,1.3735713958740234,1.0,0.001,1,16,40x40,MatchingNetwork,5,5,Greek,miniImageNet_SOTA_trainSet,False,1,4000,2,exp1_permuted_src_datasets
1046,139.4782576560974,0.0,1736407130.4716318,,,,,,,1.3686219453811646,1.0,0.001,1,16,40x40,MatchingNetwork,5,5,Greek,miniImageNet_SOTA_trainSet,False,1,4000,2,exp1_permuted_src_datasets
1047,139.48764967918396,0.0,1736407130.4810238,,,,,,,1.3722333908081055,1.0,0.001,1,16,40x40,MatchingNetwork,5,5,Greek,miniImageNet_SOTA_trainSet,False,1,4000,2,exp1_permuted_src_datasets
1048,139.49690699577332,0.0,1736407130.490281,,,,,,,1.4872688055038452,1.0,0.001,1,16,40x40,MatchingNetwork,5,5,Greek,miniImageNet_SOTA_trainSet,False,1,4000,2,exp1_permuted_src_datasets
1049,139.50625944137573,0.0,1736407130.4996336,,,,,,,1.3685969114303589,1.0,0.001,1,16,40x40,MatchingNetwork,5,5,Greek,miniImageNet_SOTA_trainSet,False,1,4000,2,exp1_permuted_src_datasets
1050,139.51555728912354,0.0,1736407130.5089314,,,,,,,1.3693962097167969,1.0,0.001,1,16,40x40,MatchingNetwork,5,5,Greek,miniImageNet_SOTA_trainSet,False,1,4000,2,exp1_permuted_src_datasets
1051,139.52502822875977,0.0,1736407130.5184023,,,,,,,1.3693077564239502,1.0,0.001,1,16,40x40,MatchingNetwork,5,5,Greek,miniImageNet_SOTA_trainSet,False,1,4000,2,exp1_permuted_src_datasets
1052,139.53441214561462,0.0,1736407130.5277863,,,,,,,1.3716180324554443,1.0,0.001,1,16,40x40,MatchingNetwork,5,5,Greek,miniImageNet_SOTA_trainSet,False,1,4000,2,exp1_permuted_src_datasets
1053,139.54362678527832,0.0,1736407130.537001,,,,,,,1.3722267150878906,1.0,0.001,1,16,40x40,MatchingNetwork,5,5,Greek,miniImageNet_SOTA_trainSet,False,1,4000,2,exp1_permuted_src_datasets
1054,139.5528483390808,0.0,1736407130.5462224,,,,,,,1.3716694116592407,1.0,0.001,1,16,40x40,MatchingNetwork,5,5,Greek,miniImageNet_SOTA_trainSet,False,1,4000,2,exp1_permuted_src_datasets
1055,139.56277871131897,0.0,1736407130.5561528,,,,,,,1.3686496019363403,1.0,0.001,1,16,40x40,MatchingNetwork,5,5,Greek,miniImageNet_SOTA_trainSet,False,1,4000,2,exp1_permuted_src_datasets
1056,139.57230734825134,0.0,1736407130.5656815,,,,,,,1.3695015907287598,1.0,0.001,1,16,40x40,MatchingNetwork,5,5,Greek,miniImageNet_SOTA_trainSet,False,1,4000,2,exp1_permuted_src_datasets
1057,139.5817515850067,0.0,1736407130.5751257,,,,,,,1.3741999864578247,1.0,0.001,1,16,40x40,MatchingNetwork,5,5,Greek,miniImageNet_SOTA_trainSet,False,1,4000,2,exp1_permuted_src_datasets
1058,139.59114861488342,0.0,1736407130.5845227,,,,,,,1.3761382102966309,1.0,0.001,1,16,40x40,MatchingNetwork,5,5,Greek,miniImageNet_SOTA_trainSet,False,1,4000,2,exp1_permuted_src_datasets
1059,139.6004421710968,0.0,1736407130.5938163,,,,,,,1.3700671195983887,1.0,0.001,1,16,40x40,MatchingNetwork,5,5,Greek,miniImageNet_SOTA_trainSet,False,1,4000,2,exp1_permuted_src_datasets
1060,139.6138560771942,0.0,1736407130.6072302,,,,,,,1.372975468635559,1.0,0.001,1,16,40x40,MatchingNetwork,5,5,Greek,miniImageNet_SOTA_trainSet,False,1,4000,2,exp1_permuted_src_datasets
1061,139.6263346672058,0.0,1736407130.6197088,,,,,,,1.369057059288025,1.0,0.001,1,16,40x40,MatchingNetwork,5,5,Greek,miniImageNet_SOTA_trainSet,False,1,4000,2,exp1_permuted_src_datasets
1062,139.6385042667389,0.0,1736407130.6318784,,,,,,,1.3683173656463623,1.0,0.001,1,16,40x40,MatchingNetwork,5,5,Greek,miniImageNet_SOTA_trainSet,False,1,4000,2,exp1_permuted_src_datasets
1063,139.6485676765442,0.0,1736407130.6419418,,,,,,,1.368735432624817,1.0,0.001,1,16,40x40,MatchingNetwork,5,5,Greek,miniImageNet_SOTA_trainSet,False,1,4000,2,exp1_permuted_src_datasets
1064,139.66183853149414,0.0,1736407130.6552126,,,,,,,1.3721855878829956,1.0,0.001,1,16,40x40,MatchingNetwork,5,5,Greek,miniImageNet_SOTA_trainSet,False,1,4000,2,exp1_permuted_src_datasets
1065,139.6727533340454,0.0,1736407130.6661274,,,,,,,1.4288069009780884,1.0,0.001,1,16,40x40,MatchingNetwork,5,5,Greek,miniImageNet_SOTA_trainSet,False,1,4000,2,exp1_permuted_src_datasets
1066,139.68202948570251,0.0,1736407130.6754036,,,,,,,1.3696423768997192,1.0,0.001,1,16,40x40,MatchingNetwork,5,5,Greek,miniImageNet_SOTA_trainSet,False,1,4000,2,exp1_permuted_src_datasets
1067,139.69114542007446,0.0,1736407130.6845195,,,,,,,1.3687803745269775,1.0,0.001,1,16,40x40,MatchingNetwork,5,5,Greek,miniImageNet_SOTA_trainSet,False,1,4000,2,exp1_permuted_src_datasets
1068,139.70021224021912,0.0,1736407130.6935863,,,,,,,1.371907353401184,1.0,0.001,1,16,40x40,MatchingNetwork,5,5,Greek,miniImageNet_SOTA_trainSet,False,1,4000,2,exp1_permuted_src_datasets
1069,139.70928168296814,0.0,1736407130.7026558,,,,,,,1.3738003969192505,1.0,0.001,1,16,40x40,MatchingNetwork,5,5,Greek,miniImageNet_SOTA_trainSet,False,1,4000,2,exp1_permuted_src_datasets
1070,149.08967638015747,0.0,1736407140.0830505,,,,,,0.451,,,0.001,1,16,40x40,MatchingNetwork,5,5,Greek,miniImageNet_SOTA_trainSet,False,1,4000,2,exp1_permuted_src_datasets
1071,149.09723162651062,0.0,1736407140.0906057,,,,,,,1.375769019126892,1.0,0.001,1,16,40x40,MatchingNetwork,5,5,Greek,miniImageNet_SOTA_trainSet,False,1,4000,2,exp1_permuted_src_datasets
1072,149.11994171142578,0.0,1736407140.1133158,,,,,,,1.3693668842315674,1.0,0.001,1,16,40x40,MatchingNetwork,5,5,Greek,miniImageNet_SOTA_trainSet,False,1,4000,2,exp1_permuted_src_datasets
1073,149.13657140731812,0.0,1736407140.1299455,,,,,,,1.372377872467041,1.0,0.001,1,16,40x40,MatchingNetwork,5,5,Greek,miniImageNet_SOTA_trainSet,False,1,4000,2,exp1_permuted_src_datasets
1074,149.1463975906372,0.0,1736407140.1397717,,,,,,,1.372138500213623,1.0,0.001,1,16,40x40,MatchingNetwork,5,5,Greek,miniImageNet_SOTA_trainSet,False,1,4000,2,exp1_permuted_src_datasets
1075,149.1603925228119,0.0,1736407140.1537666,,,,,,,1.3685531616210938,1.0,0.001,1,16,40x40,MatchingNetwork,5,5,Greek,miniImageNet_SOTA_trainSet,False,1,4000,2,exp1_permuted_src_datasets
1076,149.1733260154724,0.0,1736407140.1667001,,,,,,,1.372099757194519,1.0,0.001,1,16,40x40,MatchingNetwork,5,5,Greek,miniImageNet_SOTA_trainSet,False,1,4000,2,exp1_permuted_src_datasets
1077,149.18334364891052,0.0,1736407140.1767178,,,,,,,1.3680740594863892,1.0,0.001,1,16,40x40,MatchingNetwork,5,5,Greek,miniImageNet_SOTA_trainSet,False,1,4000,2,exp1_permuted_src_datasets
1078,149.19291400909424,0.0,1736407140.186288,,,,,,,1.3723798990249634,1.0,0.001,1,16,40x40,MatchingNetwork,5,5,Greek,miniImageNet_SOTA_trainSet,False,1,4000,2,exp1_permuted_src_datasets
1079,149.20883560180664,0.0,1736407140.2022097,,,,,,,1.368598461151123,1.0,0.001,1,16,40x40,MatchingNetwork,5,5,Greek,miniImageNet_SOTA_trainSet,False,1,4000,2,exp1_permuted_src_datasets
1080,149.22559523582458,0.0,1736407140.2189693,,,,,,,1.3697230815887451,1.0,0.001,1,16,40x40,MatchingNetwork,5,5,Greek,miniImageNet_SOTA_trainSet,False,1,4000,2,exp1_permuted_src_datasets
1081,149.2456066608429,0.0,1736407140.2389808,,,,,,,1.4282476902008057,1.0,0.001,1,16,40x40,MatchingNetwork,5,5,Greek,miniImageNet_SOTA_trainSet,False,1,4000,2,exp1_permuted_src_datasets
1082,149.25775718688965,0.0,1736407140.2511313,,,,,,,1.3703382015228271,1.0,0.001,1,16,40x40,MatchingNetwork,5,5,Greek,miniImageNet_SOTA_trainSet,False,1,4000,2,exp1_permuted_src_datasets
1083,149.26800179481506,0.0,1736407140.261376,,,,,,,1.4293649196624756,1.0,0.001,1,16,40x40,MatchingNetwork,5,5,Greek,miniImageNet_SOTA_trainSet,False,1,4000,2,exp1_permuted_src_datasets
1084,149.28730940818787,0.0,1736407140.2806835,,,,,,,1.4285398721694946,1.0,0.001,1,16,40x40,MatchingNetwork,5,5,Greek,miniImageNet_SOTA_trainSet,False,1,4000,2,exp1_permuted_src_datasets
1085,149.30116820335388,0.0,1736407140.2945423,,,,,,,1.3733432292938232,1.0,0.001,1,16,40x40,MatchingNetwork,5,5,Greek,miniImageNet_SOTA_trainSet,False,1,4000,2,exp1_permuted_src_datasets
1086,149.31511878967285,0.0,1736407140.308493,,,,,,,1.4318422079086304,0.9375,0.001,1,16,40x40,MatchingNetwork,5,5,Greek,miniImageNet_SOTA_trainSet,False,1,4000,2,exp1_permuted_src_datasets
1087,149.32917094230652,0.0,1736407140.322545,,,,,,,1.3697139024734497,1.0,0.001,1,16,40x40,MatchingNetwork,5,5,Greek,miniImageNet_SOTA_trainSet,False,1,4000,2,exp1_permuted_src_datasets
1088,149.34157705307007,0.0,1736407140.3349512,,,,,,,1.3723416328430176,1.0,0.001,1,16,40x40,MatchingNetwork,5,5,Greek,miniImageNet_SOTA_trainSet,False,1,4000,2,exp1_permuted_src_datasets
1089,149.35766196250916,0.0,1736407140.351036,,,,,,,1.371588945388794,1.0,0.001,1,16,40x40,MatchingNetwork,5,5,Greek,miniImageNet_SOTA_trainSet,False,1,4000,2,exp1_permuted_src_datasets
1090,149.36793613433838,0.0,1736407140.3613102,,,,,,,1.372238039970398,1.0,0.001,1,16,40x40,MatchingNetwork,5,5,Greek,miniImageNet_SOTA_trainSet,False,1,4000,2,exp1_permuted_src_datasets
1091,149.3776376247406,0.0,1736407140.3710117,,,,,,,1.3702009916305542,1.0,0.001,1,16,40x40,MatchingNetwork,5,5,Greek,miniImageNet_SOTA_trainSet,False,1,4000,2,exp1_permuted_src_datasets
1092,149.38706135749817,0.0,1736407140.3804355,,,,,,,1.3687139749526978,1.0,0.001,1,16,40x40,MatchingNetwork,5,5,Greek,miniImageNet_SOTA_trainSet,False,1,4000,2,exp1_permuted_src_datasets
1093,149.39699959754944,0.0,1736407140.3903737,,,,,,,1.3689953088760376,1.0,0.001,1,16,40x40,MatchingNetwork,5,5,Greek,miniImageNet_SOTA_trainSet,False,1,4000,2,exp1_permuted_src_datasets
1094,149.40656089782715,0.0,1736407140.399935,,,,,,,1.371649980545044,1.0,0.001,1,16,40x40,MatchingNetwork,5,5,Greek,miniImageNet_SOTA_trainSet,False,1,4000,2,exp1_permuted_src_datasets
1095,149.4246735572815,0.0,1736407140.4180477,,,,,,,1.3769575357437134,1.0,0.001,1,16,40x40,MatchingNetwork,5,5,Greek,miniImageNet_SOTA_trainSet,False,1,4000,2,exp1_permuted_src_datasets
1096,149.43616795539856,0.0,1736407140.429542,,,,,,,1.4275808334350586,1.0,0.001,1,16,40x40,MatchingNetwork,5,5,Greek,miniImageNet_SOTA_trainSet,False,1,4000,2,exp1_permuted_src_datasets
1097,149.45189499855042,0.0,1736407140.445269,,,,,,,1.3732608556747437,1.0,0.001,1,16,40x40,MatchingNetwork,5,5,Greek,miniImageNet_SOTA_trainSet,False,1,4000,2,exp1_permuted_src_datasets
1098,149.46693515777588,0.0,1736407140.4603093,,,,,,,1.3688957691192627,1.0,0.001,1,16,40x40,MatchingNetwork,5,5,Greek,miniImageNet_SOTA_trainSet,False,1,4000,2,exp1_permuted_src_datasets
1099,149.48012328147888,0.0,1736407140.4734974,,,,,,,1.3724250793457031,1.0,0.001,1,16,40x40,MatchingNetwork,5,5,Greek,miniImageNet_SOTA_trainSet,False,1,4000,2,exp1_permuted_src_datasets
1100,149.49047231674194,0.0,1736407140.4838464,,,,,,,1.3707118034362793,1.0,0.001,1,16,40x40,MatchingNetwork,5,5,Greek,miniImageNet_SOTA_trainSet,False,1,4000,2,exp1_permuted_src_datasets
1101,149.50654196739197,0.0,1736407140.499916,,,,,,,1.3686871528625488,1.0,0.001,1,16,40x40,MatchingNetwork,5,5,Greek,miniImageNet_SOTA_trainSet,False,1,4000,2,exp1_permuted_src_datasets
1102,149.5184338092804,0.0,1736407140.511808,,,,,,,1.372639775276184,1.0,0.001,1,16,40x40,MatchingNetwork,5,5,Greek,miniImageNet_SOTA_trainSet,False,1,4000,2,exp1_permuted_src_datasets
1103,149.528249502182,0.0,1736407140.5216236,,,,,,,1.370505928993225,1.0,0.001,1,16,40x40,MatchingNetwork,5,5,Greek,miniImageNet_SOTA_trainSet,False,1,4000,2,exp1_permuted_src_datasets
1104,149.5378713607788,0.0,1736407140.5312455,,,,,,,1.369321584701538,1.0,0.001,1,16,40x40,MatchingNetwork,5,5,Greek,miniImageNet_SOTA_trainSet,False,1,4000,2,exp1_permuted_src_datasets
1105,149.5484175682068,0.0,1736407140.5417917,,,,,,,1.371758222579956,1.0,0.001,1,16,40x40,MatchingNetwork,5,5,Greek,miniImageNet_SOTA_trainSet,False,1,4000,2,exp1_permuted_src_datasets
1106,149.55816626548767,0.0,1736407140.5515404,,,,,,,1.4272526502609253,1.0,0.001,1,16,40x40,MatchingNetwork,5,5,Greek,miniImageNet_SOTA_trainSet,False,1,4000,2,exp1_permuted_src_datasets
1107,149.56804180145264,0.0,1736407140.561416,,,,,,,1.3687183856964111,1.0,0.001,1,16,40x40,MatchingNetwork,5,5,Greek,miniImageNet_SOTA_trainSet,False,1,4000,2,exp1_permuted_src_datasets
1108,149.5776388645172,0.0,1736407140.571013,,,,,,,1.368639349937439,1.0,0.001,1,16,40x40,MatchingNetwork,5,5,Greek,miniImageNet_SOTA_trainSet,False,1,4000,2,exp1_permuted_src_datasets
1109,149.58708572387695,0.0,1736407140.5804598,,,,,,,1.3687934875488281,1.0,0.001,1,16,40x40,MatchingNetwork,5,5,Greek,miniImageNet_SOTA_trainSet,False,1,4000,2,exp1_permuted_src_datasets
1110,149.59686517715454,0.0,1736407140.5902393,,,,,,,1.373037338256836,1.0,0.001,1,16,40x40,MatchingNetwork,5,5,Greek,miniImageNet_SOTA_trainSet,False,1,4000,2,exp1_permuted_src_datasets
1111,149.60632824897766,0.0,1736407140.5997024,,,,,,,1.4287135601043701,0.875,0.001,1,16,40x40,MatchingNetwork,5,5,Greek,miniImageNet_SOTA_trainSet,False,1,4000,2,exp1_permuted_src_datasets
1112,149.61612629890442,0.0,1736407140.6095004,,,,,,,1.3693045377731323,1.0,0.001,1,16,40x40,MatchingNetwork,5,5,Greek,miniImageNet_SOTA_trainSet,False,1,4000,2,exp1_permuted_src_datasets
1113,149.62557816505432,0.0,1736407140.6189523,,,,,,,1.372321605682373,1.0,0.001,1,16,40x40,MatchingNetwork,5,5,Greek,miniImageNet_SOTA_trainSet,False,1,4000,2,exp1_permuted_src_datasets
1114,149.6354353427887,0.0,1736407140.6288095,,,,,,,1.3688468933105469,1.0,0.001,1,16,40x40,MatchingNetwork,5,5,Greek,miniImageNet_SOTA_trainSet,False,1,4000,2,exp1_permuted_src_datasets
1115,149.6451554298401,0.0,1736407140.6385295,,,,,,,1.3703538179397583,1.0,0.001,1,16,40x40,MatchingNetwork,5,5,Greek,miniImageNet_SOTA_trainSet,False,1,4000,2,exp1_permuted_src_datasets
1116,149.6549937725067,0.0,1736407140.648368,,,,,,,1.3720836639404297,1.0,0.001,1,16,40x40,MatchingNetwork,5,5,Greek,miniImageNet_SOTA_trainSet,False,1,4000,2,exp1_permuted_src_datasets
1117,149.66448736190796,0.0,1736407140.6578615,,,,,,,1.369399905204773,1.0,0.001,1,16,40x40,MatchingNetwork,5,5,Greek,miniImageNet_SOTA_trainSet,False,1,4000,2,exp1_permuted_src_datasets
1118,149.67379117012024,0.0,1736407140.6671653,,,,,,,1.3688997030258179,1.0,0.001,1,16,40x40,MatchingNetwork,5,5,Greek,miniImageNet_SOTA_trainSet,False,1,4000,2,exp1_permuted_src_datasets
1119,149.68347930908203,0.0,1736407140.6768534,,,,,,,1.3702783584594727,1.0,0.001,1,16,40x40,MatchingNetwork,5,5,Greek,miniImageNet_SOTA_trainSet,False,1,4000,2,exp1_permuted_src_datasets
1120,149.6928825378418,0.0,1736407140.6862566,,,,,,,1.368821620941162,1.0,0.001,1,16,40x40,MatchingNetwork,5,5,Greek,miniImageNet_SOTA_trainSet,False,1,4000,2,exp1_permuted_src_datasets
1121,149.7025294303894,0.0,1736407140.6959035,,,,,,,1.375130534172058,1.0,0.001,1,16,40x40,MatchingNetwork,5,5,Greek,miniImageNet_SOTA_trainSet,False,1,4000,2,exp1_permuted_src_datasets
1122,149.71183943748474,0.0,1736407140.7052135,,,,,,,1.3703093528747559,1.0,0.001,1,16,40x40,MatchingNetwork,5,5,Greek,miniImageNet_SOTA_trainSet,False,1,4000,2,exp1_permuted_src_datasets
1123,149.7226927280426,0.0,1736407140.7160668,,,,,,,1.373315691947937,1.0,0.001,1,16,40x40,MatchingNetwork,5,5,Greek,miniImageNet_SOTA_trainSet,False,1,4000,2,exp1_permuted_src_datasets
1124,149.73238325119019,0.0,1736407140.7257574,,,,,,,1.3687833547592163,1.0,0.001,1,16,40x40,MatchingNetwork,5,5,Greek,miniImageNet_SOTA_trainSet,False,1,4000,2,exp1_permuted_src_datasets
1125,149.7420198917389,0.0,1736407140.735394,,,,,,,1.3702747821807861,1.0,0.001,1,16,40x40,MatchingNetwork,5,5,Greek,miniImageNet_SOTA_trainSet,False,1,4000,2,exp1_permuted_src_datasets
1126,149.75279116630554,0.0,1736407140.7461653,,,,,,,1.3685414791107178,1.0,0.001,1,16,40x40,MatchingNetwork,5,5,Greek,miniImageNet_SOTA_trainSet,False,1,4000,2,exp1_permuted_src_datasets
1127,149.76237797737122,0.0,1736407140.755752,,,,,,,1.375441551208496,1.0,0.001,1,16,40x40,MatchingNetwork,5,5,Greek,miniImageNet_SOTA_trainSet,False,1,4000,2,exp1_permuted_src_datasets
1128,149.77240991592407,0.0,1736407140.765784,,,,,,,1.3687549829483032,1.0,0.001,1,16,40x40,MatchingNetwork,5,5,Greek,miniImageNet_SOTA_trainSet,False,1,4000,2,exp1_permuted_src_datasets
1129,149.78193736076355,0.0,1736407140.7753115,,,,,,,1.3693478107452393,1.0,0.001,1,16,40x40,MatchingNetwork,5,5,Greek,miniImageNet_SOTA_trainSet,False,1,4000,2,exp1_permuted_src_datasets
1130,149.79221367835999,0.0,1736407140.7855878,,,,,,,1.3691847324371338,1.0,0.001,1,16,40x40,MatchingNetwork,5,5,Greek,miniImageNet_SOTA_trainSet,False,1,4000,2,exp1_permuted_src_datasets
1131,149.80216121673584,0.0,1736407140.7955353,,,,,,,1.3725391626358032,1.0,0.001,1,16,40x40,MatchingNetwork,5,5,Greek,miniImageNet_SOTA_trainSet,False,1,4000,2,exp1_permuted_src_datasets
1132,149.8118236064911,0.0,1736407140.8051977,,,,,,,1.3709036111831665,1.0,0.001,1,16,40x40,MatchingNetwork,5,5,Greek,miniImageNet_SOTA_trainSet,False,1,4000,2,exp1_permuted_src_datasets
1133,159.22614574432373,0.0,1736407150.2195199,,,,,,0.472,,,0.001,1,16,40x40,MatchingNetwork,5,5,Greek,miniImageNet_SOTA_trainSet,False,1,4000,2,exp1_permuted_src_datasets
1134,159.2268681526184,1.0,1736407150.2202423,,,,,,,,,0.001,1,16,40x40,MatchingNetwork,5,5,Greek,miniImageNet_SOTA_trainSet,False,1,4000,2,exp1_permuted_src_datasets
1135,168.34660720825195,1.0,1736407159.3399813,,,,,,0.34275,,,0.001,1,16,40x40,MatchingNetwork,5,5,Greek,miniImageNet_SOTA_trainSet,False,1,4000,2,exp1_permuted_src_datasets
1136,168.35839414596558,1.0,1736407159.3517683,,,,,,,1.5009719133377075,0.875,0.001,1,16,40x40,MatchingNetwork,5,5,Greek,miniImageNet_SOTA_trainSet,False,1,4000,2,exp1_permuted_src_datasets
1137,168.36824679374695,1.0,1736407159.361621,,,,,,,1.4811432361602783,0.3125,0.001,1,16,40x40,MatchingNetwork,5,5,Greek,miniImageNet_SOTA_trainSet,False,1,4000,2,exp1_permuted_src_datasets
1138,168.3781340122223,1.0,1736407159.3715081,,,,,,,1.4404866695404053,0.375,0.001,1,16,40x40,MatchingNetwork,5,5,Greek,miniImageNet_SOTA_trainSet,False,1,4000,2,exp1_permuted_src_datasets
1139,168.38745403289795,1.0,1736407159.3808281,,,,,,,1.5178306102752686,0.4375,0.001,1,16,40x40,MatchingNetwork,5,5,Greek,miniImageNet_SOTA_trainSet,False,1,4000,2,exp1_permuted_src_datasets
1140,168.39656472206116,1.0,1736407159.3899388,,,,,,,1.5054219961166382,0.5625,0.001,1,16,40x40,MatchingNetwork,5,5,Greek,miniImageNet_SOTA_trainSet,False,1,4000,2,exp1_permuted_src_datasets
1141,168.40562415122986,1.0,1736407159.3989983,,,,,,,1.559522271156311,0.5625,0.001,1,16,40x40,MatchingNetwork,5,5,Greek,miniImageNet_SOTA_trainSet,False,1,4000,2,exp1_permuted_src_datasets
1142,168.41650700569153,1.0,1736407159.409881,,,,,,,1.6140327453613281,0.125,0.001,1,16,40x40,MatchingNetwork,5,5,Greek,miniImageNet_SOTA_trainSet,False,1,4000,2,exp1_permuted_src_datasets
1143,168.42603540420532,1.0,1736407159.4194095,,,,,,,1.5549798011779785,0.5625,0.001,1,16,40x40,MatchingNetwork,5,5,Greek,miniImageNet_SOTA_trainSet,False,1,4000,2,exp1_permuted_src_datasets
1144,168.43520498275757,1.0,1736407159.428579,,,,,,,1.5583174228668213,0.125,0.001,1,16,40x40,MatchingNetwork,5,5,Greek,miniImageNet_SOTA_trainSet,False,1,4000,2,exp1_permuted_src_datasets
1145,168.44434523582458,1.0,1736407159.4377193,,,,,,,1.5351691246032715,0.25,0.001,1,16,40x40,MatchingNetwork,5,5,Greek,miniImageNet_SOTA_trainSet,False,1,4000,2,exp1_permuted_src_datasets
1146,168.4534125328064,1.0,1736407159.4467866,,,,,,,1.5067192316055298,0.4375,0.001,1,16,40x40,MatchingNetwork,5,5,Greek,miniImageNet_SOTA_trainSet,False,1,4000,2,exp1_permuted_src_datasets
1147,168.46251702308655,1.0,1736407159.4558911,,,,,,,1.5334035158157349,0.625,0.001,1,16,40x40,MatchingNetwork,5,5,Greek,miniImageNet_SOTA_trainSet,False,1,4000,2,exp1_permuted_src_datasets
1148,168.47154235839844,1.0,1736407159.4649165,,,,,,,1.5059022903442383,0.375,0.001,1,16,40x40,MatchingNetwork,5,5,Greek,miniImageNet_SOTA_trainSet,False,1,4000,2,exp1_permuted_src_datasets
1149,168.48194646835327,1.0,1736407159.4753206,,,,,,,1.5055345296859741,0.4375,0.001,1,16,40x40,MatchingNetwork,5,5,Greek,miniImageNet_SOTA_trainSet,False,1,4000,2,exp1_permuted_src_datasets
1150,168.49295139312744,1.0,1736407159.4863255,,,,,,,1.4538466930389404,0.4375,0.001,1,16,40x40,MatchingNetwork,5,5,Greek,miniImageNet_SOTA_trainSet,False,1,4000,2,exp1_permuted_src_datasets
1151,168.5022268295288,1.0,1736407159.495601,,,,,,,1.5017483234405518,0.4375,0.001,1,16,40x40,MatchingNetwork,5,5,Greek,miniImageNet_SOTA_trainSet,False,1,4000,2,exp1_permuted_src_datasets
1152,168.51138925552368,1.0,1736407159.5047634,,,,,,,1.5122733116149902,0.5625,0.001,1,16,40x40,MatchingNetwork,5,5,Greek,miniImageNet_SOTA_trainSet,False,1,4000,2,exp1_permuted_src_datasets
1153,168.52087712287903,1.0,1736407159.5142512,,,,,,,1.4650617837905884,0.625,0.001,1,16,40x40,MatchingNetwork,5,5,Greek,miniImageNet_SOTA_trainSet,False,1,4000,2,exp1_permuted_src_datasets
1154,168.52999663352966,1.0,1736407159.5233707,,,,,,,1.5575809478759766,0.4375,0.001,1,16,40x40,MatchingNetwork,5,5,Greek,miniImageNet_SOTA_trainSet,False,1,4000,2,exp1_permuted_src_datasets
1155,168.53909993171692,1.0,1736407159.532474,,,,,,,1.44588041305542,0.5625,0.001,1,16,40x40,MatchingNetwork,5,5,Greek,miniImageNet_SOTA_trainSet,False,1,4000,2,exp1_permuted_src_datasets
1156,168.54806542396545,1.0,1736407159.5414395,,,,,,,1.4425512552261353,0.875,0.001,1,16,40x40,MatchingNetwork,5,5,Greek,miniImageNet_SOTA_trainSet,False,1,4000,2,exp1_permuted_src_datasets
1157,168.55725836753845,1.0,1736407159.5506325,,,,,,,1.511633276939392,0.25,0.001,1,16,40x40,MatchingNetwork,5,5,Greek,miniImageNet_SOTA_trainSet,False,1,4000,2,exp1_permuted_src_datasets
1158,168.56633353233337,1.0,1736407159.5597076,,,,,,,1.4806238412857056,0.5,0.001,1,16,40x40,MatchingNetwork,5,5,Greek,miniImageNet_SOTA_trainSet,False,1,4000,2,exp1_permuted_src_datasets
1159,168.5754039287567,1.0,1736407159.568778,,,,,,,1.497374415397644,0.6875,0.001,1,16,40x40,MatchingNetwork,5,5,Greek,miniImageNet_SOTA_trainSet,False,1,4000,2,exp1_permuted_src_datasets
1160,168.58451533317566,1.0,1736407159.5778894,,,,,,,1.3853832483291626,0.5625,0.001,1,16,40x40,MatchingNetwork,5,5,Greek,miniImageNet_SOTA_trainSet,False,1,4000,2,exp1_permuted_src_datasets
1161,168.59408450126648,1.0,1736407159.5874586,,,,,,,1.4751909971237183,0.625,0.001,1,16,40x40,MatchingNetwork,5,5,Greek,miniImageNet_SOTA_trainSet,False,1,4000,2,exp1_permuted_src_datasets
1162,168.60314917564392,1.0,1736407159.5965233,,,,,,,1.443399429321289,0.625,0.001,1,16,40x40,MatchingNetwork,5,5,Greek,miniImageNet_SOTA_trainSet,False,1,4000,2,exp1_permuted_src_datasets
1163,168.61213064193726,1.0,1736407159.6055048,,,,,,,1.471240520477295,0.5,0.001,1,16,40x40,MatchingNetwork,5,5,Greek,miniImageNet_SOTA_trainSet,False,1,4000,2,exp1_permuted_src_datasets
1164,168.62198543548584,1.0,1736407159.6153595,,,,,,,1.4598606824874878,0.75,0.001,1,16,40x40,MatchingNetwork,5,5,Greek,miniImageNet_SOTA_trainSet,False,1,4000,2,exp1_permuted_src_datasets
1165,168.6317925453186,1.0,1736407159.6251667,,,,,,,1.4142149686813354,0.6875,0.001,1,16,40x40,MatchingNetwork,5,5,Greek,miniImageNet_SOTA_trainSet,False,1,4000,2,exp1_permuted_src_datasets
1166,168.64083242416382,1.0,1736407159.6342065,,,,,,,1.4066188335418701,0.4375,0.001,1,16,40x40,MatchingNetwork,5,5,Greek,miniImageNet_SOTA_trainSet,False,1,4000,2,exp1_permuted_src_datasets
1167,168.6497037410736,1.0,1736407159.6430779,,,,,,,1.4551185369491577,0.5625,0.001,1,16,40x40,MatchingNetwork,5,5,Greek,miniImageNet_SOTA_trainSet,False,1,4000,2,exp1_permuted_src_datasets
1168,168.6597502231598,1.0,1736407159.6531243,,,,,,,1.3967982530593872,0.4375,0.001,1,16,40x40,MatchingNetwork,5,5,Greek,miniImageNet_SOTA_trainSet,False,1,4000,2,exp1_permuted_src_datasets
1169,168.66881155967712,1.0,1736407159.6621857,,,,,,,1.3854854106903076,0.8125,0.001,1,16,40x40,MatchingNetwork,5,5,Greek,miniImageNet_SOTA_trainSet,False,1,4000,2,exp1_permuted_src_datasets
1170,168.6778175830841,1.0,1736407159.6711917,,,,,,,1.391385555267334,0.9375,0.001,1,16,40x40,MatchingNetwork,5,5,Greek,miniImageNet_SOTA_trainSet,False,1,4000,2,exp1_permuted_src_datasets
1171,168.6867823600769,1.0,1736407159.6801565,,,,,,,1.4276459217071533,0.8125,0.001,1,16,40x40,MatchingNetwork,5,5,Greek,miniImageNet_SOTA_trainSet,False,1,4000,2,exp1_permuted_src_datasets
1172,168.69591999053955,1.0,1736407159.689294,,,,,,,1.4576082229614258,0.375,0.001,1,16,40x40,MatchingNetwork,5,5,Greek,miniImageNet_SOTA_trainSet,False,1,4000,2,exp1_permuted_src_datasets
1173,168.70583367347717,1.0,1736407159.6992078,,,,,,,1.4460813999176025,0.5625,0.001,1,16,40x40,MatchingNetwork,5,5,Greek,miniImageNet_SOTA_trainSet,False,1,4000,2,exp1_permuted_src_datasets
1174,168.7160336971283,1.0,1736407159.7094078,,,,,,,1.3854458332061768,0.875,0.001,1,16,40x40,MatchingNetwork,5,5,Greek,miniImageNet_SOTA_trainSet,False,1,4000,2,exp1_permuted_src_datasets
1175,168.72658729553223,1.0,1736407159.7199614,,,,,,,1.3786274194717407,1.0,0.001,1,16,40x40,MatchingNetwork,5,5,Greek,miniImageNet_SOTA_trainSet,False,1,4000,2,exp1_permuted_src_datasets
1176,168.73739576339722,1.0,1736407159.7307699,,,,,,,1.3909283876419067,0.6875,0.001,1,16,40x40,MatchingNetwork,5,5,Greek,miniImageNet_SOTA_trainSet,False,1,4000,2,exp1_permuted_src_datasets
1177,168.74785709381104,1.0,1736407159.7412312,,,,,,,1.3798667192459106,0.875,0.001,1,16,40x40,MatchingNetwork,5,5,Greek,miniImageNet_SOTA_trainSet,False,1,4000,2,exp1_permuted_src_datasets
1178,168.75763487815857,1.0,1736407159.751009,,,,,,,1.3831549882888794,1.0,0.001,1,16,40x40,MatchingNetwork,5,5,Greek,miniImageNet_SOTA_trainSet,False,1,4000,2,exp1_permuted_src_datasets
1179,168.76701188087463,1.0,1736407159.760386,,,,,,,1.4407802820205688,0.625,0.001,1,16,40x40,MatchingNetwork,5,5,Greek,miniImageNet_SOTA_trainSet,False,1,4000,2,exp1_permuted_src_datasets
1180,168.77615308761597,1.0,1736407159.7695272,,,,,,,1.3832674026489258,0.9375,0.001,1,16,40x40,MatchingNetwork,5,5,Greek,miniImageNet_SOTA_trainSet,False,1,4000,2,exp1_permuted_src_datasets
1181,168.78527235984802,1.0,1736407159.7786465,,,,,,,1.4341917037963867,0.8125,0.001,1,16,40x40,MatchingNetwork,5,5,Greek,miniImageNet_SOTA_trainSet,False,1,4000,2,exp1_permuted_src_datasets
1182,168.79511952400208,1.0,1736407159.7884936,,,,,,,1.3805463314056396,1.0,0.001,1,16,40x40,MatchingNetwork,5,5,Greek,miniImageNet_SOTA_trainSet,False,1,4000,2,exp1_permuted_src_datasets
1183,168.8044617176056,1.0,1736407159.7978358,,,,,,,1.3838279247283936,0.9375,0.001,1,16,40x40,MatchingNetwork,5,5,Greek,miniImageNet_SOTA_trainSet,False,1,4000,2,exp1_permuted_src_datasets
1184,168.81372809410095,1.0,1736407159.8071022,,,,,,,1.3811216354370117,1.0,0.001,1,16,40x40,MatchingNetwork,5,5,Greek,miniImageNet_SOTA_trainSet,False,1,4000,2,exp1_permuted_src_datasets
1185,168.82357692718506,1.0,1736407159.816951,,,,,,,1.3794150352478027,1.0,0.001,1,16,40x40,MatchingNetwork,5,5,Greek,miniImageNet_SOTA_trainSet,False,1,4000,2,exp1_permuted_src_datasets
1186,168.8327829837799,1.0,1736407159.826157,,,,,,,1.4165798425674438,0.6875,0.001,1,16,40x40,MatchingNetwork,5,5,Greek,miniImageNet_SOTA_trainSet,False,1,4000,2,exp1_permuted_src_datasets
1187,168.8424654006958,1.0,1736407159.8358395,,,,,,,1.3827403783798218,0.875,0.001,1,16,40x40,MatchingNetwork,5,5,Greek,miniImageNet_SOTA_trainSet,False,1,4000,2,exp1_permuted_src_datasets
1188,168.8516342639923,1.0,1736407159.8450084,,,,,,,1.3841990232467651,0.9375,0.001,1,16,40x40,MatchingNetwork,5,5,Greek,miniImageNet_SOTA_trainSet,False,1,4000,2,exp1_permuted_src_datasets
1189,168.8606777191162,1.0,1736407159.8540518,,,,,,,1.4345481395721436,0.625,0.001,1,16,40x40,MatchingNetwork,5,5,Greek,miniImageNet_SOTA_trainSet,False,1,4000,2,exp1_permuted_src_datasets
1190,168.8697578907013,1.0,1736407159.863132,,,,,,,1.380422592163086,1.0,0.001,1,16,40x40,MatchingNetwork,5,5,Greek,miniImageNet_SOTA_trainSet,False,1,4000,2,exp1_permuted_src_datasets
1191,168.8795144557953,1.0,1736407159.8728886,,,,,,,1.3830384016036987,1.0,0.001,1,16,40x40,MatchingNetwork,5,5,Greek,miniImageNet_SOTA_trainSet,False,1,4000,2,exp1_permuted_src_datasets
1192,168.88861799240112,1.0,1736407159.881992,,,,,,,1.3787027597427368,1.0,0.001,1,16,40x40,MatchingNetwork,5,5,Greek,miniImageNet_SOTA_trainSet,False,1,4000,2,exp1_permuted_src_datasets
1193,168.89771437644958,1.0,1736407159.8910885,,,,,,,1.3771717548370361,1.0,0.001,1,16,40x40,MatchingNetwork,5,5,Greek,miniImageNet_SOTA_trainSet,False,1,4000,2,exp1_permuted_src_datasets
1194,168.90677666664124,1.0,1736407159.9001508,,,,,,,1.4318430423736572,0.75,0.001,1,16,40x40,MatchingNetwork,5,5,Greek,miniImageNet_SOTA_trainSet,False,1,4000,2,exp1_permuted_src_datasets
1195,168.91585206985474,1.0,1736407159.9092262,,,,,,,1.3877876996994019,0.9375,0.001,1,16,40x40,MatchingNetwork,5,5,Greek,miniImageNet_SOTA_trainSet,False,1,4000,2,exp1_permuted_src_datasets
1196,168.924946308136,1.0,1736407159.9183204,,,,,,,1.3760418891906738,1.0,0.001,1,16,40x40,MatchingNetwork,5,5,Greek,miniImageNet_SOTA_trainSet,False,1,4000,2,exp1_permuted_src_datasets
1197,168.9340319633484,1.0,1736407159.927406,,,,,,,1.3730496168136597,1.0,0.001,1,16,40x40,MatchingNetwork,5,5,Greek,miniImageNet_SOTA_trainSet,False,1,4000,2,exp1_permuted_src_datasets
1198,178.11314129829407,1.0,1736407169.1065154,,,,,,0.39975,,,0.001,1,16,40x40,MatchingNetwork,5,5,Greek,miniImageNet_SOTA_trainSet,False,1,4000,2,exp1_permuted_src_datasets
1199,178.14605808258057,1.0,1736407169.1394322,,,,,,,1.3765294551849365,1.0,0.001,1,16,40x40,MatchingNetwork,5,5,Greek,miniImageNet_SOTA_trainSet,False,1,4000,2,exp1_permuted_src_datasets
1200,178.16554498672485,1.0,1736407169.158919,,,,,,,1.3802613019943237,1.0,0.001,1,16,40x40,MatchingNetwork,5,5,Greek,miniImageNet_SOTA_trainSet,False,1,4000,2,exp1_permuted_src_datasets
1201,178.1795744895935,1.0,1736407169.1729486,,,,,,,1.37862229347229,1.0,0.001,1,16,40x40,MatchingNetwork,5,5,Greek,miniImageNet_SOTA_trainSet,False,1,4000,2,exp1_permuted_src_datasets
1202,178.18874835968018,1.0,1736407169.1821225,,,,,,,1.3818469047546387,1.0,0.001,1,16,40x40,MatchingNetwork,5,5,Greek,miniImageNet_SOTA_trainSet,False,1,4000,2,exp1_permuted_src_datasets
1203,178.1977505683899,1.0,1736407169.1911247,,,,,,,1.431153416633606,0.875,0.001,1,16,40x40,MatchingNetwork,5,5,Greek,miniImageNet_SOTA_trainSet,False,1,4000,2,exp1_permuted_src_datasets
1204,178.20672869682312,1.0,1736407169.2001028,,,,,,,1.3786180019378662,1.0,0.001,1,16,40x40,MatchingNetwork,5,5,Greek,miniImageNet_SOTA_trainSet,False,1,4000,2,exp1_permuted_src_datasets
1205,178.2165925502777,1.0,1736407169.2099667,,,,,,,1.3790347576141357,1.0,0.001,1,16,40x40,MatchingNetwork,5,5,Greek,miniImageNet_SOTA_trainSet,False,1,4000,2,exp1_permuted_src_datasets
1206,178.22562336921692,1.0,1736407169.2189975,,,,,,,1.431321382522583,0.875,0.001,1,16,40x40,MatchingNetwork,5,5,Greek,miniImageNet_SOTA_trainSet,False,1,4000,2,exp1_permuted_src_datasets
1207,178.23467826843262,1.0,1736407169.2280524,,,,,,,1.3799083232879639,1.0,0.001,1,16,40x40,MatchingNetwork,5,5,Greek,miniImageNet_SOTA_trainSet,False,1,4000,2,exp1_permuted_src_datasets
1208,178.2438292503357,1.0,1736407169.2372034,,,,,,,1.3799129724502563,1.0,0.001,1,16,40x40,MatchingNetwork,5,5,Greek,miniImageNet_SOTA_trainSet,False,1,4000,2,exp1_permuted_src_datasets
1209,178.25300335884094,1.0,1736407169.2463775,,,,,,,1.3806616067886353,1.0,0.001,1,16,40x40,MatchingNetwork,5,5,Greek,miniImageNet_SOTA_trainSet,False,1,4000,2,exp1_permuted_src_datasets
1210,178.26225090026855,1.0,1736407169.255625,,,,,,,1.3913896083831787,1.0,0.001,1,16,40x40,MatchingNetwork,5,5,Greek,miniImageNet_SOTA_trainSet,False,1,4000,2,exp1_permuted_src_datasets
1211,178.27127957344055,1.0,1736407169.2646537,,,,,,,1.3747940063476562,1.0,0.001,1,16,40x40,MatchingNetwork,5,5,Greek,miniImageNet_SOTA_trainSet,False,1,4000,2,exp1_permuted_src_datasets
1212,178.280264377594,1.0,1736407169.2736385,,,,,,,1.3783527612686157,1.0,0.001,1,16,40x40,MatchingNetwork,5,5,Greek,miniImageNet_SOTA_trainSet,False,1,4000,2,exp1_permuted_src_datasets
1213,178.2891824245453,1.0,1736407169.2825565,,,,,,,1.3830338716506958,1.0,0.001,1,16,40x40,MatchingNetwork,5,5,Greek,miniImageNet_SOTA_trainSet,False,1,4000,2,exp1_permuted_src_datasets
1214,178.2980134487152,1.0,1736407169.2913876,,,,,,,1.3767551183700562,1.0,0.001,1,16,40x40,MatchingNetwork,5,5,Greek,miniImageNet_SOTA_trainSet,False,1,4000,2,exp1_permuted_src_datasets
1215,178.30690097808838,1.0,1736407169.300275,,,,,,,1.3772984743118286,1.0,0.001,1,16,40x40,MatchingNetwork,5,5,Greek,miniImageNet_SOTA_trainSet,False,1,4000,2,exp1_permuted_src_datasets
1216,178.31573724746704,1.0,1736407169.3091114,,,,,,,1.4350734949111938,0.6875,0.001,1,16,40x40,MatchingNetwork,5,5,Greek,miniImageNet_SOTA_trainSet,False,1,4000,2,exp1_permuted_src_datasets
1217,178.32461166381836,1.0,1736407169.3179858,,,,,,,1.3752514123916626,1.0,0.001,1,16,40x40,MatchingNetwork,5,5,Greek,miniImageNet_SOTA_trainSet,False,1,4000,2,exp1_permuted_src_datasets
1218,178.33443641662598,1.0,1736407169.3278105,,,,,,,1.378477692604065,1.0,0.001,1,16,40x40,MatchingNetwork,5,5,Greek,miniImageNet_SOTA_trainSet,False,1,4000,2,exp1_permuted_src_datasets
1219,178.34343218803406,1.0,1736407169.3368063,,,,,,,1.375457763671875,1.0,0.001,1,16,40x40,MatchingNetwork,5,5,Greek,miniImageNet_SOTA_trainSet,False,1,4000,2,exp1_permuted_src_datasets
1220,178.35316276550293,1.0,1736407169.3465369,,,,,,,1.37202787399292,1.0,0.001,1,16,40x40,MatchingNetwork,5,5,Greek,miniImageNet_SOTA_trainSet,False,1,4000,2,exp1_permuted_src_datasets
1221,178.36235404014587,1.0,1736407169.3557281,,,,,,,1.3732256889343262,1.0,0.001,1,16,40x40,MatchingNetwork,5,5,Greek,miniImageNet_SOTA_trainSet,False,1,4000,2,exp1_permuted_src_datasets
1222,178.3715944290161,1.0,1736407169.3649685,,,,,,,1.4342577457427979,0.875,0.001,1,16,40x40,MatchingNetwork,5,5,Greek,miniImageNet_SOTA_trainSet,False,1,4000,2,exp1_permuted_src_datasets
1223,178.38069033622742,1.0,1736407169.3740644,,,,,,,1.4904992580413818,0.75,0.001,1,16,40x40,MatchingNetwork,5,5,Greek,miniImageNet_SOTA_trainSet,False,1,4000,2,exp1_permuted_src_datasets
1224,178.38978791236877,1.0,1736407169.383162,,,,,,,1.3805559873580933,1.0,0.001,1,16,40x40,MatchingNetwork,5,5,Greek,miniImageNet_SOTA_trainSet,False,1,4000,2,exp1_permuted_src_datasets
1225,178.3988654613495,1.0,1736407169.3922396,,,,,,,1.4307868480682373,0.875,0.001,1,16,40x40,MatchingNetwork,5,5,Greek,miniImageNet_SOTA_trainSet,False,1,4000,2,exp1_permuted_src_datasets
1226,178.40876507759094,1.0,1736407169.4021392,,,,,,,1.379948377609253,1.0,0.001,1,16,40x40,MatchingNetwork,5,5,Greek,miniImageNet_SOTA_trainSet,False,1,4000,2,exp1_permuted_src_datasets
1227,178.41848850250244,1.0,1736407169.4118626,,,,,,,1.3805912733078003,1.0,0.001,1,16,40x40,MatchingNetwork,5,5,Greek,miniImageNet_SOTA_trainSet,False,1,4000,2,exp1_permuted_src_datasets
1228,178.42770218849182,1.0,1736407169.4210763,,,,,,,1.4392374753952026,0.625,0.001,1,16,40x40,MatchingNetwork,5,5,Greek,miniImageNet_SOTA_trainSet,False,1,4000,2,exp1_permuted_src_datasets
1229,178.43687295913696,1.0,1736407169.430247,,,,,,,1.3752753734588623,1.0,0.001,1,16,40x40,MatchingNetwork,5,5,Greek,miniImageNet_SOTA_trainSet,False,1,4000,2,exp1_permuted_src_datasets
1230,178.44592785835266,1.0,1736407169.439302,,,,,,,1.3801747560501099,1.0,0.001,1,16,40x40,MatchingNetwork,5,5,Greek,miniImageNet_SOTA_trainSet,False,1,4000,2,exp1_permuted_src_datasets
1231,178.45523262023926,1.0,1736407169.4486067,,,,,,,1.3747001886367798,1.0,0.001,1,16,40x40,MatchingNetwork,5,5,Greek,miniImageNet_SOTA_trainSet,False,1,4000,2,exp1_permuted_src_datasets
1232,178.46506190299988,1.0,1736407169.458436,,,,,,,1.374925971031189,1.0,0.001,1,16,40x40,MatchingNetwork,5,5,Greek,miniImageNet_SOTA_trainSet,False,1,4000,2,exp1_permuted_src_datasets
1233,178.47408246994019,1.0,1736407169.4674566,,,,,,,1.372064232826233,1.0,0.001,1,16,40x40,MatchingNetwork,5,5,Greek,miniImageNet_SOTA_trainSet,False,1,4000,2,exp1_permuted_src_datasets
1234,178.4830780029297,1.0,1736407169.476452,,,,,,,1.3738902807235718,1.0,0.001,1,16,40x40,MatchingNetwork,5,5,Greek,miniImageNet_SOTA_trainSet,False,1,4000,2,exp1_permuted_src_datasets
1235,178.49206161499023,1.0,1736407169.4854357,,,,,,,1.430274248123169,0.9375,0.001,1,16,40x40,MatchingNetwork,5,5,Greek,miniImageNet_SOTA_trainSet,False,1,4000,2,exp1_permuted_src_datasets
1236,178.5010597705841,1.0,1736407169.4944339,,,,,,,1.375018835067749,1.0,0.001,1,16,40x40,MatchingNetwork,5,5,Greek,miniImageNet_SOTA_trainSet,False,1,4000,2,exp1_permuted_src_datasets
1237,178.51002478599548,1.0,1736407169.503399,,,,,,,1.3769646883010864,1.0,0.001,1,16,40x40,MatchingNetwork,5,5,Greek,miniImageNet_SOTA_trainSet,False,1,4000,2,exp1_permuted_src_datasets
1238,178.5190110206604,1.0,1736407169.5123851,,,,,,,1.4333711862564087,0.875,0.001,1,16,40x40,MatchingNetwork,5,5,Greek,miniImageNet_SOTA_trainSet,False,1,4000,2,exp1_permuted_src_datasets
1239,178.52799534797668,1.0,1736407169.5213695,,,,,,,1.3769909143447876,1.0,0.001,1,16,40x40,MatchingNetwork,5,5,Greek,miniImageNet_SOTA_trainSet,False,1,4000,2,exp1_permuted_src_datasets
1240,178.53703141212463,1.0,1736407169.5304055,,,,,,,1.3765192031860352,1.0,0.001,1,16,40x40,MatchingNetwork,5,5,Greek,miniImageNet_SOTA_trainSet,False,1,4000,2,exp1_permuted_src_datasets
1241,178.54602932929993,1.0,1736407169.5394034,,,,,,,1.371626853942871,1.0,0.001,1,16,40x40,MatchingNetwork,5,5,Greek,miniImageNet_SOTA_trainSet,False,1,4000,2,exp1_permuted_src_datasets
1242,178.55512070655823,1.0,1736407169.5484948,,,,,,,1.392633318901062,1.0,0.001,1,16,40x40,MatchingNetwork,5,5,Greek,miniImageNet_SOTA_trainSet,False,1,4000,2,exp1_permuted_src_datasets
1243,178.564124584198,1.0,1736407169.5574987,,,,,,,1.4297285079956055,0.875,0.001,1,16,40x40,MatchingNetwork,5,5,Greek,miniImageNet_SOTA_trainSet,False,1,4000,2,exp1_permuted_src_datasets
1244,178.5731110572815,1.0,1736407169.5664852,,,,,,,1.372319221496582,1.0,0.001,1,16,40x40,MatchingNetwork,5,5,Greek,miniImageNet_SOTA_trainSet,False,1,4000,2,exp1_permuted_src_datasets
1245,178.5830910205841,1.0,1736407169.5764651,,,,,,,1.3734989166259766,1.0,0.001,1,16,40x40,MatchingNetwork,5,5,Greek,miniImageNet_SOTA_trainSet,False,1,4000,2,exp1_permuted_src_datasets
1246,178.59213256835938,1.0,1736407169.5855067,,,,,,,1.37228524684906,1.0,0.001,1,16,40x40,MatchingNetwork,5,5,Greek,miniImageNet_SOTA_trainSet,False,1,4000,2,exp1_permuted_src_datasets
1247,178.60119891166687,1.0,1736407169.594573,,,,,,,1.3703820705413818,1.0,0.001,1,16,40x40,MatchingNetwork,5,5,Greek,miniImageNet_SOTA_trainSet,False,1,4000,2,exp1_permuted_src_datasets
1248,178.6102912425995,1.0,1736407169.6036654,,,,,,,1.372124433517456,1.0,0.001,1,16,40x40,MatchingNetwork,5,5,Greek,miniImageNet_SOTA_trainSet,False,1,4000,2,exp1_permuted_src_datasets
1249,178.61999821662903,1.0,1736407169.6133723,,,,,,,1.373835802078247,1.0,0.001,1,16,40x40,MatchingNetwork,5,5,Greek,miniImageNet_SOTA_trainSet,False,1,4000,2,exp1_permuted_src_datasets
1250,178.6301064491272,1.0,1736407169.6234806,,,,,,,1.3785477876663208,1.0,0.001,1,16,40x40,MatchingNetwork,5,5,Greek,miniImageNet_SOTA_trainSet,False,1,4000,2,exp1_permuted_src_datasets
1251,178.64030528068542,1.0,1736407169.6336794,,,,,,,1.3745219707489014,1.0,0.001,1,16,40x40,MatchingNetwork,5,5,Greek,miniImageNet_SOTA_trainSet,False,1,4000,2,exp1_permuted_src_datasets
1252,178.65092396736145,1.0,1736407169.644298,,,,,,,1.3717132806777954,1.0,0.001,1,16,40x40,MatchingNetwork,5,5,Greek,miniImageNet_SOTA_trainSet,False,1,4000,2,exp1_permuted_src_datasets
1253,178.66169953346252,1.0,1736407169.6550736,,,,,,,1.3699473142623901,1.0,0.001,1,16,40x40,MatchingNetwork,5,5,Greek,miniImageNet_SOTA_trainSet,False,1,4000,2,exp1_permuted_src_datasets
1254,178.671462059021,1.0,1736407169.6648362,,,,,,,1.3751360177993774,1.0,0.001,1,16,40x40,MatchingNetwork,5,5,Greek,miniImageNet_SOTA_trainSet,False,1,4000,2,exp1_permuted_src_datasets
1255,178.68070149421692,1.0,1736407169.6740756,,,,,,,1.3732244968414307,1.0,0.001,1,16,40x40,MatchingNetwork,5,5,Greek,miniImageNet_SOTA_trainSet,False,1,4000,2,exp1_permuted_src_datasets
1256,178.68971633911133,1.0,1736407169.6830904,,,,,,,1.375267744064331,1.0,0.001,1,16,40x40,MatchingNetwork,5,5,Greek,miniImageNet_SOTA_trainSet,False,1,4000,2,exp1_permuted_src_datasets
1257,178.6987864971161,1.0,1736407169.6921606,,,,,,,1.3766995668411255,1.0,0.001,1,16,40x40,MatchingNetwork,5,5,Greek,miniImageNet_SOTA_trainSet,False,1,4000,2,exp1_permuted_src_datasets
1258,178.70814871788025,1.0,1736407169.7015228,,,,,,,1.3733638525009155,1.0,0.001,1,16,40x40,MatchingNetwork,5,5,Greek,miniImageNet_SOTA_trainSet,False,1,4000,2,exp1_permuted_src_datasets
1259,178.71730136871338,1.0,1736407169.7106755,,,,,,,1.4324066638946533,0.875,0.001,1,16,40x40,MatchingNetwork,5,5,Greek,miniImageNet_SOTA_trainSet,False,1,4000,2,exp1_permuted_src_datasets
1260,178.72644090652466,1.0,1736407169.719815,,,,,,,1.3699828386306763,1.0,0.001,1,16,40x40,MatchingNetwork,5,5,Greek,miniImageNet_SOTA_trainSet,False,1,4000,2,exp1_permuted_src_datasets
1261,187.89325499534607,1.0,1736407178.886629,,,,,,0.448,,,0.001,1,16,40x40,MatchingNetwork,5,5,Greek,miniImageNet_SOTA_trainSet,False,1,4000,2,exp1_permuted_src_datasets
1262,187.90543365478516,1.0,1736407178.8988078,,,,,,,1.3737338781356812,1.0,0.001,1,16,40x40,MatchingNetwork,5,5,Greek,miniImageNet_SOTA_trainSet,False,1,4000,2,exp1_permuted_src_datasets
1263,187.91514205932617,1.0,1736407178.9085162,,,,,,,1.3718440532684326,1.0,0.001,1,16,40x40,MatchingNetwork,5,5,Greek,miniImageNet_SOTA_trainSet,False,1,4000,2,exp1_permuted_src_datasets
1264,187.92553639411926,1.0,1736407178.9189105,,,,,,,1.3693828582763672,1.0,0.001,1,16,40x40,MatchingNetwork,5,5,Greek,miniImageNet_SOTA_trainSet,False,1,4000,2,exp1_permuted_src_datasets
1265,187.93452715873718,1.0,1736407178.9279013,,,,,,,1.4290621280670166,0.875,0.001,1,16,40x40,MatchingNetwork,5,5,Greek,miniImageNet_SOTA_trainSet,False,1,4000,2,exp1_permuted_src_datasets
1266,187.9440085887909,1.0,1736407178.9373827,,,,,,,1.3738718032836914,1.0,0.001,1,16,40x40,MatchingNetwork,5,5,Greek,miniImageNet_SOTA_trainSet,False,1,4000,2,exp1_permuted_src_datasets
1267,187.9540979862213,1.0,1736407178.947472,,,,,,,1.377318263053894,1.0,0.001,1,16,40x40,MatchingNetwork,5,5,Greek,miniImageNet_SOTA_trainSet,False,1,4000,2,exp1_permuted_src_datasets
1268,187.9641728401184,1.0,1736407178.957547,,,,,,,1.429081678390503,0.9375,0.001,1,16,40x40,MatchingNetwork,5,5,Greek,miniImageNet_SOTA_trainSet,False,1,4000,2,exp1_permuted_src_datasets
1269,187.97474431991577,1.0,1736407178.9681184,,,,,,,1.372730016708374,1.0,0.001,1,16,40x40,MatchingNetwork,5,5,Greek,miniImageNet_SOTA_trainSet,False,1,4000,2,exp1_permuted_src_datasets
1270,187.98660254478455,1.0,1736407178.9799767,,,,,,,1.4288960695266724,0.9375,0.001,1,16,40x40,MatchingNetwork,5,5,Greek,miniImageNet_SOTA_trainSet,False,1,4000,2,exp1_permuted_src_datasets
1271,187.99650764465332,1.0,1736407178.9898818,,,,,,,1.3701971769332886,1.0,0.001,1,16,40x40,MatchingNetwork,5,5,Greek,miniImageNet_SOTA_trainSet,False,1,4000,2,exp1_permuted_src_datasets
1272,188.00585436820984,1.0,1736407178.9992285,,,,,,,1.3708590269088745,1.0,0.001,1,16,40x40,MatchingNetwork,5,5,Greek,miniImageNet_SOTA_trainSet,False,1,4000,2,exp1_permuted_src_datasets
1273,188.01515221595764,1.0,1736407179.0085263,,,,,,,1.371106505393982,1.0,0.001,1,16,40x40,MatchingNetwork,5,5,Greek,miniImageNet_SOTA_trainSet,False,1,4000,2,exp1_permuted_src_datasets
1274,188.02421355247498,1.0,1736407179.0175877,,,,,,,1.4299042224884033,0.875,0.001,1,16,40x40,MatchingNetwork,5,5,Greek,miniImageNet_SOTA_trainSet,False,1,4000,2,exp1_permuted_src_datasets
1275,188.03389191627502,1.0,1736407179.027266,,,,,,,1.3772478103637695,1.0,0.001,1,16,40x40,MatchingNetwork,5,5,Greek,miniImageNet_SOTA_trainSet,False,1,4000,2,exp1_permuted_src_datasets
1276,188.04292178153992,1.0,1736407179.036296,,,,,,,1.372487187385559,1.0,0.001,1,16,40x40,MatchingNetwork,5,5,Greek,miniImageNet_SOTA_trainSet,False,1,4000,2,exp1_permuted_src_datasets
1277,188.05200934410095,1.0,1736407179.0453835,,,,,,,1.3739408254623413,1.0,0.001,1,16,40x40,MatchingNetwork,5,5,Greek,miniImageNet_SOTA_trainSet,False,1,4000,2,exp1_permuted_src_datasets
1278,188.06108570098877,1.0,1736407179.0544598,,,,,,,1.4283453226089478,0.9375,0.001,1,16,40x40,MatchingNetwork,5,5,Greek,miniImageNet_SOTA_trainSet,False,1,4000,2,exp1_permuted_src_datasets
1279,188.0699987411499,1.0,1736407179.0633729,,,,,,,1.371635913848877,1.0,0.001,1,16,40x40,MatchingNetwork,5,5,Greek,miniImageNet_SOTA_trainSet,False,1,4000,2,exp1_permuted_src_datasets
1280,188.0794713497162,1.0,1736407179.0728455,,,,,,,1.3730900287628174,1.0,0.001,1,16,40x40,MatchingNetwork,5,5,Greek,miniImageNet_SOTA_trainSet,False,1,4000,2,exp1_permuted_src_datasets
1281,188.08852672576904,1.0,1736407179.0819008,,,,,,,1.4291647672653198,0.9375,0.001,1,16,40x40,MatchingNetwork,5,5,Greek,miniImageNet_SOTA_trainSet,False,1,4000,2,exp1_permuted_src_datasets
1282,188.09751319885254,1.0,1736407179.0908873,,,,,,,1.3703628778457642,1.0,0.001,1,16,40x40,MatchingNetwork,5,5,Greek,miniImageNet_SOTA_trainSet,False,1,4000,2,exp1_permuted_src_datasets
1283,188.10684752464294,1.0,1736407179.1002216,,,,,,,1.3703117370605469,1.0,0.001,1,16,40x40,MatchingNetwork,5,5,Greek,miniImageNet_SOTA_trainSet,False,1,4000,2,exp1_permuted_src_datasets
1284,188.11625361442566,1.0,1736407179.1096277,,,,,,,1.3731762170791626,1.0,0.001,1,16,40x40,MatchingNetwork,5,5,Greek,miniImageNet_SOTA_trainSet,False,1,4000,2,exp1_permuted_src_datasets
1285,188.12637519836426,1.0,1736407179.1197493,,,,,,,1.370099663734436,1.0,0.001,1,16,40x40,MatchingNetwork,5,5,Greek,miniImageNet_SOTA_trainSet,False,1,4000,2,exp1_permuted_src_datasets
1286,188.13553380966187,1.0,1736407179.128908,,,,,,,1.3684213161468506,1.0,0.001,1,16,40x40,MatchingNetwork,5,5,Greek,miniImageNet_SOTA_trainSet,False,1,4000,2,exp1_permuted_src_datasets
1287,188.144700050354,1.0,1736407179.1380742,,,,,,,1.3695701360702515,1.0,0.001,1,16,40x40,MatchingNetwork,5,5,Greek,miniImageNet_SOTA_trainSet,False,1,4000,2,exp1_permuted_src_datasets
1288,188.1538429260254,1.0,1736407179.147217,,,,,,,1.3731486797332764,1.0,0.001,1,16,40x40,MatchingNetwork,5,5,Greek,miniImageNet_SOTA_trainSet,False,1,4000,2,exp1_permuted_src_datasets
1289,188.16329979896545,1.0,1736407179.156674,,,,,,,1.3697879314422607,1.0,0.001,1,16,40x40,MatchingNetwork,5,5,Greek,miniImageNet_SOTA_trainSet,False,1,4000,2,exp1_permuted_src_datasets
1290,188.17253232002258,1.0,1736407179.1659064,,,,,,,1.372565746307373,1.0,0.001,1,16,40x40,MatchingNetwork,5,5,Greek,miniImageNet_SOTA_trainSet,False,1,4000,2,exp1_permuted_src_datasets
1291,188.1818733215332,1.0,1736407179.1752474,,,,,,,1.3701587915420532,1.0,0.001,1,16,40x40,MatchingNetwork,5,5,Greek,miniImageNet_SOTA_trainSet,False,1,4000,2,exp1_permuted_src_datasets
1292,188.1910207271576,1.0,1736407179.1843948,,,,,,,1.3709672689437866,1.0,0.001,1,16,40x40,MatchingNetwork,5,5,Greek,miniImageNet_SOTA_trainSet,False,1,4000,2,exp1_permuted_src_datasets
1293,188.20340180397034,1.0,1736407179.196776,,,,,,,1.4276444911956787,1.0,0.001,1,16,40x40,MatchingNetwork,5,5,Greek,miniImageNet_SOTA_trainSet,False,1,4000,2,exp1_permuted_src_datasets
1294,188.21546936035156,1.0,1736407179.2088435,,,,,,,1.370008945465088,1.0,0.001,1,16,40x40,MatchingNetwork,5,5,Greek,miniImageNet_SOTA_trainSet,False,1,4000,2,exp1_permuted_src_datasets
1295,188.22773003578186,1.0,1736407179.2211041,,,,,,,1.3694758415222168,1.0,0.001,1,16,40x40,MatchingNetwork,5,5,Greek,miniImageNet_SOTA_trainSet,False,1,4000,2,exp1_permuted_src_datasets
1296,188.24451684951782,1.0,1736407179.237891,,,,,,,1.3696006536483765,1.0,0.001,1,16,40x40,MatchingNetwork,5,5,Greek,miniImageNet_SOTA_trainSet,False,1,4000,2,exp1_permuted_src_datasets
1297,188.25812482833862,1.0,1736407179.251499,,,,,,,1.3690158128738403,1.0,0.001,1,16,40x40,MatchingNetwork,5,5,Greek,miniImageNet_SOTA_trainSet,False,1,4000,2,exp1_permuted_src_datasets
1298,188.27048468589783,1.0,1736407179.2638588,,,,,,,1.371342658996582,1.0,0.001,1,16,40x40,MatchingNetwork,5,5,Greek,miniImageNet_SOTA_trainSet,False,1,4000,2,exp1_permuted_src_datasets
1299,188.28094244003296,1.0,1736407179.2743165,,,,,,,1.3721970319747925,1.0,0.001,1,16,40x40,MatchingNetwork,5,5,Greek,miniImageNet_SOTA_trainSet,False,1,4000,2,exp1_permuted_src_datasets
1300,188.29033756256104,1.0,1736407179.2837117,,,,,,,1.3738384246826172,1.0,0.001,1,16,40x40,MatchingNetwork,5,5,Greek,miniImageNet_SOTA_trainSet,False,1,4000,2,exp1_permuted_src_datasets
1301,188.2996199131012,1.0,1736407179.292994,,,,,,,1.370671033859253,1.0,0.001,1,16,40x40,MatchingNetwork,5,5,Greek,miniImageNet_SOTA_trainSet,False,1,4000,2,exp1_permuted_src_datasets
1302,188.30897879600525,1.0,1736407179.302353,,,,,,,1.371253252029419,1.0,0.001,1,16,40x40,MatchingNetwork,5,5,Greek,miniImageNet_SOTA_trainSet,False,1,4000,2,exp1_permuted_src_datasets
1303,188.3181586265564,1.0,1736407179.3115327,,,,,,,1.373467206954956,1.0,0.001,1,16,40x40,MatchingNetwork,5,5,Greek,miniImageNet_SOTA_trainSet,False,1,4000,2,exp1_permuted_src_datasets
1304,188.3272340297699,1.0,1736407179.3206081,,,,,,,1.3695530891418457,1.0,0.001,1,16,40x40,MatchingNetwork,5,5,Greek,miniImageNet_SOTA_trainSet,False,1,4000,2,exp1_permuted_src_datasets
1305,188.33651638031006,1.0,1736407179.3298905,,,,,,,1.3737521171569824,1.0,0.001,1,16,40x40,MatchingNetwork,5,5,Greek,miniImageNet_SOTA_trainSet,False,1,4000,2,exp1_permuted_src_datasets
1306,188.3455593585968,1.0,1736407179.3389335,,,,,,,1.3752504587173462,1.0,0.001,1,16,40x40,MatchingNetwork,5,5,Greek,miniImageNet_SOTA_trainSet,False,1,4000,2,exp1_permuted_src_datasets
1307,188.35469388961792,1.0,1736407179.348068,,,,,,,1.37263822555542,1.0,0.001,1,16,40x40,MatchingNetwork,5,5,Greek,miniImageNet_SOTA_trainSet,False,1,4000,2,exp1_permuted_src_datasets
1308,188.36374306678772,1.0,1736407179.3571172,,,,,,,1.3699246644973755,1.0,0.001,1,16,40x40,MatchingNetwork,5,5,Greek,miniImageNet_SOTA_trainSet,False,1,4000,2,exp1_permuted_src_datasets
1309,188.37304592132568,1.0,1736407179.36642,,,,,,,1.3692089319229126,1.0,0.001,1,16,40x40,MatchingNetwork,5,5,Greek,miniImageNet_SOTA_trainSet,False,1,4000,2,exp1_permuted_src_datasets
1310,188.38326740264893,1.0,1736407179.3766415,,,,,,,1.3701281547546387,1.0,0.001,1,16,40x40,MatchingNetwork,5,5,Greek,miniImageNet_SOTA_trainSet,False,1,4000,2,exp1_permuted_src_datasets
1311,188.39229440689087,1.0,1736407179.3856685,,,,,,,1.3763295412063599,1.0,0.001,1,16,40x40,MatchingNetwork,5,5,Greek,miniImageNet_SOTA_trainSet,False,1,4000,2,exp1_permuted_src_datasets
1312,188.40134358406067,1.0,1736407179.3947177,,,,,,,1.4281467199325562,1.0,0.001,1,16,40x40,MatchingNetwork,5,5,Greek,miniImageNet_SOTA_trainSet,False,1,4000,2,exp1_permuted_src_datasets
1313,188.41044163703918,1.0,1736407179.4038157,,,,,,,1.3705681562423706,1.0,0.001,1,16,40x40,MatchingNetwork,5,5,Greek,miniImageNet_SOTA_trainSet,False,1,4000,2,exp1_permuted_src_datasets
1314,188.41974997520447,1.0,1736407179.413124,,,,,,,1.3691288232803345,1.0,0.001,1,16,40x40,MatchingNetwork,5,5,Greek,miniImageNet_SOTA_trainSet,False,1,4000,2,exp1_permuted_src_datasets
1315,188.4292390346527,1.0,1736407179.4226131,,,,,,,1.3701939582824707,1.0,0.001,1,16,40x40,MatchingNetwork,5,5,Greek,miniImageNet_SOTA_trainSet,False,1,4000,2,exp1_permuted_src_datasets
1316,188.43837761878967,1.0,1736407179.4317517,,,,,,,1.3739089965820312,1.0,0.001,1,16,40x40,MatchingNetwork,5,5,Greek,miniImageNet_SOTA_trainSet,False,1,4000,2,exp1_permuted_src_datasets
1317,188.44746112823486,1.0,1736407179.4408352,,,,,,,1.429376244544983,1.0,0.001,1,16,40x40,MatchingNetwork,5,5,Greek,miniImageNet_SOTA_trainSet,False,1,4000,2,exp1_permuted_src_datasets
1318,188.4565167427063,1.0,1736407179.4498909,,,,,,,1.3723512887954712,1.0,0.001,1,16,40x40,MatchingNetwork,5,5,Greek,miniImageNet_SOTA_trainSet,False,1,4000,2,exp1_permuted_src_datasets
1319,188.46563410758972,1.0,1736407179.4590082,,,,,,,1.369659423828125,1.0,0.001,1,16,40x40,MatchingNetwork,5,5,Greek,miniImageNet_SOTA_trainSet,False,1,4000,2,exp1_permuted_src_datasets
1320,188.47476291656494,1.0,1736407179.468137,,,,,,,1.3697240352630615,1.0,0.001,1,16,40x40,MatchingNetwork,5,5,Greek,miniImageNet_SOTA_trainSet,False,1,4000,2,exp1_permuted_src_datasets
1321,188.48380613327026,1.0,1736407179.4771802,,,,,,,1.3725996017456055,1.0,0.001,1,16,40x40,MatchingNetwork,5,5,Greek,miniImageNet_SOTA_trainSet,False,1,4000,2,exp1_permuted_src_datasets
1322,188.49278140068054,1.0,1736407179.4861555,,,,,,,1.3694416284561157,1.0,0.001,1,16,40x40,MatchingNetwork,5,5,Greek,miniImageNet_SOTA_trainSet,False,1,4000,2,exp1_permuted_src_datasets
1323,188.50177359580994,1.0,1736407179.4951477,,,,,,,1.3729043006896973,1.0,0.001,1,16,40x40,MatchingNetwork,5,5,Greek,miniImageNet_SOTA_trainSet,False,1,4000,2,exp1_permuted_src_datasets
1324,197.67692875862122,1.0,1736407188.6703029,,,,,,0.46525,,,0.001,1,16,40x40,MatchingNetwork,5,5,Greek,miniImageNet_SOTA_trainSet,False,1,4000,2,exp1_permuted_src_datasets
1325,197.709632396698,1.0,1736407188.7030065,,,,,,,1.371378779411316,1.0,0.001,1,16,40x40,MatchingNetwork,5,5,Greek,miniImageNet_SOTA_trainSet,False,1,4000,2,exp1_permuted_src_datasets
1326,197.72249555587769,1.0,1736407188.7158697,,,,,,,1.3726365566253662,1.0,0.001,1,16,40x40,MatchingNetwork,5,5,Greek,miniImageNet_SOTA_trainSet,False,1,4000,2,exp1_permuted_src_datasets
1327,197.73258805274963,1.0,1736407188.7259622,,,,,,,1.373128890991211,1.0,0.001,1,16,40x40,MatchingNetwork,5,5,Greek,miniImageNet_SOTA_trainSet,False,1,4000,2,exp1_permuted_src_datasets
1328,197.74161195755005,1.0,1736407188.734986,,,,,,,1.3696558475494385,1.0,0.001,1,16,40x40,MatchingNetwork,5,5,Greek,miniImageNet_SOTA_trainSet,False,1,4000,2,exp1_permuted_src_datasets
1329,197.75058007240295,1.0,1736407188.7439542,,,,,,,1.4299216270446777,0.875,0.001,1,16,40x40,MatchingNetwork,5,5,Greek,miniImageNet_SOTA_trainSet,False,1,4000,2,exp1_permuted_src_datasets
1330,197.75954747200012,1.0,1736407188.7529216,,,,,,,1.375636339187622,1.0,0.001,1,16,40x40,MatchingNetwork,5,5,Greek,miniImageNet_SOTA_trainSet,False,1,4000,2,exp1_permuted_src_datasets
1331,197.76843237876892,1.0,1736407188.7618065,,,,,,,1.3730130195617676,1.0,0.001,1,16,40x40,MatchingNetwork,5,5,Greek,miniImageNet_SOTA_trainSet,False,1,4000,2,exp1_permuted_src_datasets
1332,197.77728271484375,1.0,1736407188.7706568,,,,,,,1.3745324611663818,1.0,0.001,1,16,40x40,MatchingNetwork,5,5,Greek,miniImageNet_SOTA_trainSet,False,1,4000,2,exp1_permuted_src_datasets
1333,197.78615880012512,1.0,1736407188.779533,,,,,,,1.3704603910446167,1.0,0.001,1,16,40x40,MatchingNetwork,5,5,Greek,miniImageNet_SOTA_trainSet,False,1,4000,2,exp1_permuted_src_datasets
1334,197.7960968017578,1.0,1736407188.789471,,,,,,,1.371996283531189,1.0,0.001,1,16,40x40,MatchingNetwork,5,5,Greek,miniImageNet_SOTA_trainSet,False,1,4000,2,exp1_permuted_src_datasets
1335,197.8052499294281,1.0,1736407188.798624,,,,,,,1.372862696647644,1.0,0.001,1,16,40x40,MatchingNetwork,5,5,Greek,miniImageNet_SOTA_trainSet,False,1,4000,2,exp1_permuted_src_datasets
1336,197.81428718566895,1.0,1736407188.8076613,,,,,,,1.4885762929916382,0.8125,0.001,1,16,40x40,MatchingNetwork,5,5,Greek,miniImageNet_SOTA_trainSet,False,1,4000,2,exp1_permuted_src_datasets
1337,197.8236141204834,1.0,1736407188.8169882,,,,,,,1.3736964464187622,1.0,0.001,1,16,40x40,MatchingNetwork,5,5,Greek,miniImageNet_SOTA_trainSet,False,1,4000,2,exp1_permuted_src_datasets
1338,197.83342719078064,1.0,1736407188.8268013,,,,,,,1.3719184398651123,1.0,0.001,1,16,40x40,MatchingNetwork,5,5,Greek,miniImageNet_SOTA_trainSet,False,1,4000,2,exp1_permuted_src_datasets
1339,197.84234857559204,1.0,1736407188.8357227,,,,,,,1.3706480264663696,1.0,0.001,1,16,40x40,MatchingNetwork,5,5,Greek,miniImageNet_SOTA_trainSet,False,1,4000,2,exp1_permuted_src_datasets
1340,197.85175204277039,1.0,1736407188.8451262,,,,,,,1.3696448802947998,1.0,0.001,1,16,40x40,MatchingNetwork,5,5,Greek,miniImageNet_SOTA_trainSet,False,1,4000,2,exp1_permuted_src_datasets
1341,197.86064291000366,1.0,1736407188.854017,,,,,,,1.371992588043213,1.0,0.001,1,16,40x40,MatchingNetwork,5,5,Greek,miniImageNet_SOTA_trainSet,False,1,4000,2,exp1_permuted_src_datasets
1342,197.86953282356262,1.0,1736407188.862907,,,,,,,1.3743385076522827,1.0,0.001,1,16,40x40,MatchingNetwork,5,5,Greek,miniImageNet_SOTA_trainSet,False,1,4000,2,exp1_permuted_src_datasets
1343,197.87847542762756,1.0,1736407188.8718495,,,,,,,1.3726500272750854,1.0,0.001,1,16,40x40,MatchingNetwork,5,5,Greek,miniImageNet_SOTA_trainSet,False,1,4000,2,exp1_permuted_src_datasets
1344,197.88770532608032,1.0,1736407188.8810794,,,,,,,1.3720836639404297,1.0,0.001,1,16,40x40,MatchingNetwork,5,5,Greek,miniImageNet_SOTA_trainSet,False,1,4000,2,exp1_permuted_src_datasets
1345,197.89677500724792,1.0,1736407188.890149,,,,,,,1.377321481704712,1.0,0.001,1,16,40x40,MatchingNetwork,5,5,Greek,miniImageNet_SOTA_trainSet,False,1,4000,2,exp1_permuted_src_datasets
1346,197.90702533721924,1.0,1736407188.9003994,,,,,,,1.3737050294876099,1.0,0.001,1,16,40x40,MatchingNetwork,5,5,Greek,miniImageNet_SOTA_trainSet,False,1,4000,2,exp1_permuted_src_datasets
1347,197.91613364219666,1.0,1736407188.9095078,,,,,,,1.3718637228012085,1.0,0.001,1,16,40x40,MatchingNetwork,5,5,Greek,miniImageNet_SOTA_trainSet,False,1,4000,2,exp1_permuted_src_datasets
1348,197.9251892566681,1.0,1736407188.9185634,,,,,,,1.3724002838134766,1.0,0.001,1,16,40x40,MatchingNetwork,5,5,Greek,miniImageNet_SOTA_trainSet,False,1,4000,2,exp1_permuted_src_datasets
1349,197.93416237831116,1.0,1736407188.9275365,,,,,,,1.3736355304718018,1.0,0.001,1,16,40x40,MatchingNetwork,5,5,Greek,miniImageNet_SOTA_trainSet,False,1,4000,2,exp1_permuted_src_datasets
1350,197.94327855110168,1.0,1736407188.9366527,,,,,,,1.3727329969406128,1.0,0.001,1,16,40x40,MatchingNetwork,5,5,Greek,miniImageNet_SOTA_trainSet,False,1,4000,2,exp1_permuted_src_datasets
1351,197.95840573310852,1.0,1736407188.9517798,,,,,,,1.3697707653045654,1.0,0.001,1,16,40x40,MatchingNetwork,5,5,Greek,miniImageNet_SOTA_trainSet,False,1,4000,2,exp1_permuted_src_datasets
1352,197.97794342041016,1.0,1736407188.9713175,,,,,,,1.3779059648513794,1.0,0.001,1,16,40x40,MatchingNetwork,5,5,Greek,miniImageNet_SOTA_trainSet,False,1,4000,2,exp1_permuted_src_datasets
1353,197.99389624595642,1.0,1736407188.9872704,,,,,,,1.3691569566726685,1.0,0.001,1,16,40x40,MatchingNetwork,5,5,Greek,miniImageNet_SOTA_trainSet,False,1,4000,2,exp1_permuted_src_datasets
1354,198.0039689540863,1.0,1736407188.997343,,,,,,,1.3698229789733887,1.0,0.001,1,16,40x40,MatchingNetwork,5,5,Greek,miniImageNet_SOTA_trainSet,False,1,4000,2,exp1_permuted_src_datasets
1355,198.0129201412201,1.0,1736407189.0062943,,,,,,,1.3791604042053223,1.0,0.001,1,16,40x40,MatchingNetwork,5,5,Greek,miniImageNet_SOTA_trainSet,False,1,4000,2,exp1_permuted_src_datasets
1356,198.02186036109924,1.0,1736407189.0152345,,,,,,,1.3724772930145264,1.0,0.001,1,16,40x40,MatchingNetwork,5,5,Greek,miniImageNet_SOTA_trainSet,False,1,4000,2,exp1_permuted_src_datasets
1357,198.0335214138031,1.0,1736407189.0268955,,,,,,,1.376253366470337,1.0,0.001,1,16,40x40,MatchingNetwork,5,5,Greek,miniImageNet_SOTA_trainSet,False,1,4000,2,exp1_permuted_src_datasets
1358,198.04561114311218,1.0,1736407189.0389853,,,,,,,1.4330741167068481,0.9375,0.001,1,16,40x40,MatchingNetwork,5,5,Greek,miniImageNet_SOTA_trainSet,False,1,4000,2,exp1_permuted_src_datasets
1359,198.05481219291687,1.0,1736407189.0481863,,,,,,,1.4309542179107666,0.9375,0.001,1,16,40x40,MatchingNetwork,5,5,Greek,miniImageNet_SOTA_trainSet,False,1,4000,2,exp1_permuted_src_datasets
1360,198.06503653526306,1.0,1736407189.0584106,,,,,,,1.3741469383239746,1.0,0.001,1,16,40x40,MatchingNetwork,5,5,Greek,miniImageNet_SOTA_trainSet,False,1,4000,2,exp1_permuted_src_datasets
1361,198.07424545288086,1.0,1736407189.0676196,,,,,,,1.3698714971542358,1.0,0.001,1,16,40x40,MatchingNetwork,5,5,Greek,miniImageNet_SOTA_trainSet,False,1,4000,2,exp1_permuted_src_datasets
1362,198.0846676826477,1.0,1736407189.0780418,,,,,,,1.3751825094223022,1.0,0.001,1,16,40x40,MatchingNetwork,5,5,Greek,miniImageNet_SOTA_trainSet,False,1,4000,2,exp1_permuted_src_datasets
1363,198.09377264976501,1.0,1736407189.0871468,,,,,,,1.3732383251190186,1.0,0.001,1,16,40x40,MatchingNetwork,5,5,Greek,miniImageNet_SOTA_trainSet,False,1,4000,2,exp1_permuted_src_datasets
1364,198.1028697490692,1.0,1736407189.0962439,,,,,,,1.3716912269592285,1.0,0.001,1,16,40x40,MatchingNetwork,5,5,Greek,miniImageNet_SOTA_trainSet,False,1,4000,2,exp1_permuted_src_datasets
1365,198.11193704605103,1.0,1736407189.1053112,,,,,,,1.3767966032028198,1.0,0.001,1,16,40x40,MatchingNetwork,5,5,Greek,miniImageNet_SOTA_trainSet,False,1,4000,2,exp1_permuted_src_datasets
1366,198.12095880508423,1.0,1736407189.114333,,,,,,,1.3693928718566895,1.0,0.001,1,16,40x40,MatchingNetwork,5,5,Greek,miniImageNet_SOTA_trainSet,False,1,4000,2,exp1_permuted_src_datasets
1367,198.13004612922668,1.0,1736407189.1234202,,,,,,,1.3728169202804565,1.0,0.001,1,16,40x40,MatchingNetwork,5,5,Greek,miniImageNet_SOTA_trainSet,False,1,4000,2,exp1_permuted_src_datasets
1368,198.13913583755493,1.0,1736407189.13251,,,,,,,1.372338056564331,1.0,0.001,1,16,40x40,MatchingNetwork,5,5,Greek,miniImageNet_SOTA_trainSet,False,1,4000,2,exp1_permuted_src_datasets
1369,198.1483314037323,1.0,1736407189.1417055,,,,,,,1.3721098899841309,1.0,0.001,1,16,40x40,MatchingNetwork,5,5,Greek,miniImageNet_SOTA_trainSet,False,1,4000,2,exp1_permuted_src_datasets
1370,198.1573977470398,1.0,1736407189.1507719,,,,,,,1.3764500617980957,1.0,0.001,1,16,40x40,MatchingNetwork,5,5,Greek,miniImageNet_SOTA_trainSet,False,1,4000,2,exp1_permuted_src_datasets
1371,198.16632199287415,1.0,1736407189.159696,,,,,,,1.3730859756469727,1.0,0.001,1,16,40x40,MatchingNetwork,5,5,Greek,miniImageNet_SOTA_trainSet,False,1,4000,2,exp1_permuted_src_datasets
1372,198.1754810810089,1.0,1736407189.1688552,,,,,,,1.4277849197387695,1.0,0.001,1,16,40x40,MatchingNetwork,5,5,Greek,miniImageNet_SOTA_trainSet,False,1,4000,2,exp1_permuted_src_datasets
1373,198.18544554710388,1.0,1736407189.1788197,,,,,,,1.3701406717300415,1.0,0.001,1,16,40x40,MatchingNetwork,5,5,Greek,miniImageNet_SOTA_trainSet,False,1,4000,2,exp1_permuted_src_datasets
1374,198.19586491584778,1.0,1736407189.189239,,,,,,,1.3695365190505981,1.0,0.001,1,16,40x40,MatchingNetwork,5,5,Greek,miniImageNet_SOTA_trainSet,False,1,4000,2,exp1_permuted_src_datasets
1375,198.20768880844116,1.0,1736407189.201063,,,,,,,1.3726948499679565,1.0,0.001,1,16,40x40,MatchingNetwork,5,5,Greek,miniImageNet_SOTA_trainSet,False,1,4000,2,exp1_permuted_src_datasets
1376,198.21849846839905,1.0,1736407189.2118726,,,,,,,1.3735100030899048,1.0,0.001,1,16,40x40,MatchingNetwork,5,5,Greek,miniImageNet_SOTA_trainSet,False,1,4000,2,exp1_permuted_src_datasets
1377,198.22887706756592,1.0,1736407189.2222512,,,,,,,1.3694278001785278,1.0,0.001,1,16,40x40,MatchingNetwork,5,5,Greek,miniImageNet_SOTA_trainSet,False,1,4000,2,exp1_permuted_src_datasets
1378,198.23848724365234,1.0,1736407189.2318614,,,,,,,1.3695275783538818,1.0,0.001,1,16,40x40,MatchingNetwork,5,5,Greek,miniImageNet_SOTA_trainSet,False,1,4000,2,exp1_permuted_src_datasets
1379,198.247642993927,1.0,1736407189.241017,,,,,,,1.3730220794677734,1.0,0.001,1,16,40x40,MatchingNetwork,5,5,Greek,miniImageNet_SOTA_trainSet,False,1,4000,2,exp1_permuted_src_datasets
1380,198.25682926177979,1.0,1736407189.2502034,,,,,,,1.3738105297088623,1.0,0.001,1,16,40x40,MatchingNetwork,5,5,Greek,miniImageNet_SOTA_trainSet,False,1,4000,2,exp1_permuted_src_datasets
1381,198.2659568786621,1.0,1736407189.259331,,,,,,,1.371187448501587,1.0,0.001,1,16,40x40,MatchingNetwork,5,5,Greek,miniImageNet_SOTA_trainSet,False,1,4000,2,exp1_permuted_src_datasets
1382,198.27503657341003,1.0,1736407189.2684107,,,,,,,1.3732565641403198,1.0,0.001,1,16,40x40,MatchingNetwork,5,5,Greek,miniImageNet_SOTA_trainSet,False,1,4000,2,exp1_permuted_src_datasets
1383,198.28431034088135,1.0,1736407189.2776845,,,,,,,1.369330883026123,1.0,0.001,1,16,40x40,MatchingNetwork,5,5,Greek,miniImageNet_SOTA_trainSet,False,1,4000,2,exp1_permuted_src_datasets
1384,198.29340410232544,1.0,1736407189.2867782,,,,,,,1.3734898567199707,1.0,0.001,1,16,40x40,MatchingNetwork,5,5,Greek,miniImageNet_SOTA_trainSet,False,1,4000,2,exp1_permuted_src_datasets
1385,198.30241656303406,1.0,1736407189.2957907,,,,,,,1.369983434677124,1.0,0.001,1,16,40x40,MatchingNetwork,5,5,Greek,miniImageNet_SOTA_trainSet,False,1,4000,2,exp1_permuted_src_datasets
1386,198.3114287853241,1.0,1736407189.304803,,,,,,,1.3750978708267212,1.0,0.001,1,16,40x40,MatchingNetwork,5,5,Greek,miniImageNet_SOTA_trainSet,False,1,4000,2,exp1_permuted_src_datasets
1387,207.47147393226624,1.0,1736407198.464848,,,,,,0.45375,,,0.001,1,16,40x40,MatchingNetwork,5,5,Greek,miniImageNet_SOTA_trainSet,False,1,4000,2,exp1_permuted_src_datasets
1388,207.47842693328857,1.0,1736407198.471801,,,,,,,1.3712903261184692,1.0,0.001,1,16,40x40,MatchingNetwork,5,5,Greek,miniImageNet_SOTA_trainSet,False,1,4000,2,exp1_permuted_src_datasets
1389,207.4878408908844,1.0,1736407198.481215,,,,,,,1.3733822107315063,1.0,0.001,1,16,40x40,MatchingNetwork,5,5,Greek,miniImageNet_SOTA_trainSet,False,1,4000,2,exp1_permuted_src_datasets
1390,207.49681782722473,1.0,1736407198.490192,,,,,,,1.3694413900375366,1.0,0.001,1,16,40x40,MatchingNetwork,5,5,Greek,miniImageNet_SOTA_trainSet,False,1,4000,2,exp1_permuted_src_datasets
1391,207.50575518608093,1.0,1736407198.4991293,,,,,,,1.3698508739471436,1.0,0.001,1,16,40x40,MatchingNetwork,5,5,Greek,miniImageNet_SOTA_trainSet,False,1,4000,2,exp1_permuted_src_datasets
1392,207.51468300819397,1.0,1736407198.508057,,,,,,,1.3760442733764648,1.0,0.001,1,16,40x40,MatchingNetwork,5,5,Greek,miniImageNet_SOTA_trainSet,False,1,4000,2,exp1_permuted_src_datasets
1393,207.5251443386078,1.0,1736407198.5185184,,,,,,,1.3718430995941162,1.0,0.001,1,16,40x40,MatchingNetwork,5,5,Greek,miniImageNet_SOTA_trainSet,False,1,4000,2,exp1_permuted_src_datasets
1394,207.53829765319824,1.0,1736407198.5316718,,,,,,,1.3737040758132935,1.0,0.001,1,16,40x40,MatchingNetwork,5,5,Greek,miniImageNet_SOTA_trainSet,False,1,4000,2,exp1_permuted_src_datasets
1395,207.54736518859863,1.0,1736407198.5407393,,,,,,,1.3709897994995117,1.0,0.001,1,16,40x40,MatchingNetwork,5,5,Greek,miniImageNet_SOTA_trainSet,False,1,4000,2,exp1_permuted_src_datasets
1396,207.55644345283508,1.0,1736407198.5498176,,,,,,,1.3734474182128906,1.0,0.001,1,16,40x40,MatchingNetwork,5,5,Greek,miniImageNet_SOTA_trainSet,False,1,4000,2,exp1_permuted_src_datasets
1397,207.56547737121582,1.0,1736407198.5588515,,,,,,,1.3719035387039185,1.0,0.001,1,16,40x40,MatchingNetwork,5,5,Greek,miniImageNet_SOTA_trainSet,False,1,4000,2,exp1_permuted_src_datasets
1398,207.57550811767578,1.0,1736407198.5688822,,,,,,,1.3735421895980835,1.0,0.001,1,16,40x40,MatchingNetwork,5,5,Greek,miniImageNet_SOTA_trainSet,False,1,4000,2,exp1_permuted_src_datasets
1399,207.5928919315338,1.0,1736407198.586266,,,,,,,1.3714983463287354,1.0,0.001,1,16,40x40,MatchingNetwork,5,5,Greek,miniImageNet_SOTA_trainSet,False,1,4000,2,exp1_permuted_src_datasets
1400,207.60501646995544,1.0,1736407198.5983906,,,,,,,1.373900055885315,1.0,0.001,1,16,40x40,MatchingNetwork,5,5,Greek,miniImageNet_SOTA_trainSet,False,1,4000,2,exp1_permuted_src_datasets
1401,207.6149139404297,1.0,1736407198.608288,,,,,,,1.37633216381073,1.0,0.001,1,16,40x40,MatchingNetwork,5,5,Greek,miniImageNet_SOTA_trainSet,False,1,4000,2,exp1_permuted_src_datasets
1402,207.62443733215332,1.0,1736407198.6178114,,,,,,,1.429623007774353,0.875,0.001,1,16,40x40,MatchingNetwork,5,5,Greek,miniImageNet_SOTA_trainSet,False,1,4000,2,exp1_permuted_src_datasets
1403,207.6336851119995,1.0,1736407198.6270592,,,,,,,1.3694689273834229,1.0,0.001,1,16,40x40,MatchingNetwork,5,5,Greek,miniImageNet_SOTA_trainSet,False,1,4000,2,exp1_permuted_src_datasets
1404,207.6449854373932,1.0,1736407198.6383595,,,,,,,1.372757911682129,1.0,0.001,1,16,40x40,MatchingNetwork,5,5,Greek,miniImageNet_SOTA_trainSet,False,1,4000,2,exp1_permuted_src_datasets
1405,207.6541669368744,1.0,1736407198.647541,,,,,,,1.3721390962600708,1.0,0.001,1,16,40x40,MatchingNetwork,5,5,Greek,miniImageNet_SOTA_trainSet,False,1,4000,2,exp1_permuted_src_datasets
1406,207.66336393356323,1.0,1736407198.656738,,,,,,,1.378687858581543,1.0,0.001,1,16,40x40,MatchingNetwork,5,5,Greek,miniImageNet_SOTA_trainSet,False,1,4000,2,exp1_permuted_src_datasets
1407,207.6725468635559,1.0,1736407198.665921,,,,,,,1.371740698814392,1.0,0.001,1,16,40x40,MatchingNetwork,5,5,Greek,miniImageNet_SOTA_trainSet,False,1,4000,2,exp1_permuted_src_datasets
1408,207.6817557811737,1.0,1736407198.67513,,,,,,,1.3692889213562012,1.0,0.001,1,16,40x40,MatchingNetwork,5,5,Greek,miniImageNet_SOTA_trainSet,False,1,4000,2,exp1_permuted_src_datasets
1409,207.69093322753906,1.0,1736407198.6843073,,,,,,,1.3691937923431396,1.0,0.001,1,16,40x40,MatchingNetwork,5,5,Greek,miniImageNet_SOTA_trainSet,False,1,4000,2,exp1_permuted_src_datasets
1410,207.70020270347595,1.0,1736407198.6935768,,,,,,,1.369527816772461,1.0,0.001,1,16,40x40,MatchingNetwork,5,5,Greek,miniImageNet_SOTA_trainSet,False,1,4000,2,exp1_permuted_src_datasets
1411,207.70933389663696,1.0,1736407198.702708,,,,,,,1.368661880493164,1.0,0.001,1,16,40x40,MatchingNetwork,5,5,Greek,miniImageNet_SOTA_trainSet,False,1,4000,2,exp1_permuted_src_datasets
1412,207.71877098083496,1.0,1736407198.712145,,,,,,,1.3730404376983643,1.0,0.001,1,16,40x40,MatchingNetwork,5,5,Greek,miniImageNet_SOTA_trainSet,False,1,4000,2,exp1_permuted_src_datasets
1413,207.72792840003967,1.0,1736407198.7213025,,,,,,,1.372713327407837,1.0,0.001,1,16,40x40,MatchingNetwork,5,5,Greek,miniImageNet_SOTA_trainSet,False,1,4000,2,exp1_permuted_src_datasets
1414,207.74043345451355,1.0,1736407198.7338076,,,,,,,1.4281797409057617,0.9375,0.001,1,16,40x40,MatchingNetwork,5,5,Greek,miniImageNet_SOTA_trainSet,False,1,4000,2,exp1_permuted_src_datasets
1415,207.7501983642578,1.0,1736407198.7435725,,,,,,,1.373494267463684,1.0,0.001,1,16,40x40,MatchingNetwork,5,5,Greek,miniImageNet_SOTA_trainSet,False,1,4000,2,exp1_permuted_src_datasets
1416,207.75959849357605,1.0,1736407198.7529726,,,,,,,1.428521752357483,1.0,0.001,1,16,40x40,MatchingNetwork,5,5,Greek,miniImageNet_SOTA_trainSet,False,1,4000,2,exp1_permuted_src_datasets
1417,207.76935362815857,1.0,1736407198.7627277,,,,,,,1.3723633289337158,1.0,0.001,1,16,40x40,MatchingNetwork,5,5,Greek,miniImageNet_SOTA_trainSet,False,1,4000,2,exp1_permuted_src_datasets
1418,207.77844405174255,1.0,1736407198.7718182,,,,,,,1.3729146718978882,1.0,0.001,1,16,40x40,MatchingNetwork,5,5,Greek,miniImageNet_SOTA_trainSet,False,1,4000,2,exp1_permuted_src_datasets
1419,207.78777194023132,1.0,1736407198.781146,,,,,,,1.3723094463348389,1.0,0.001,1,16,40x40,MatchingNetwork,5,5,Greek,miniImageNet_SOTA_trainSet,False,1,4000,2,exp1_permuted_src_datasets
1420,207.79687237739563,1.0,1736407198.7902465,,,,,,,1.3719675540924072,1.0,0.001,1,16,40x40,MatchingNetwork,5,5,Greek,miniImageNet_SOTA_trainSet,False,1,4000,2,exp1_permuted_src_datasets
1421,207.80606365203857,1.0,1736407198.7994378,,,,,,,1.369194746017456,1.0,0.001,1,16,40x40,MatchingNetwork,5,5,Greek,miniImageNet_SOTA_trainSet,False,1,4000,2,exp1_permuted_src_datasets
1422,207.8152301311493,1.0,1736407198.8086042,,,,,,,1.42828369140625,1.0,0.001,1,16,40x40,MatchingNetwork,5,5,Greek,miniImageNet_SOTA_trainSet,False,1,4000,2,exp1_permuted_src_datasets
1423,207.82432413101196,1.0,1736407198.8176982,,,,,,,1.4274373054504395,1.0,0.001,1,16,40x40,MatchingNetwork,5,5,Greek,miniImageNet_SOTA_trainSet,False,1,4000,2,exp1_permuted_src_datasets
1424,207.83347153663635,1.0,1736407198.8268456,,,,,,,1.4293830394744873,1.0,0.001,1,16,40x40,MatchingNetwork,5,5,Greek,miniImageNet_SOTA_trainSet,False,1,4000,2,exp1_permuted_src_datasets
1425,207.84254002571106,1.0,1736407198.8359141,,,,,,,1.372921109199524,1.0,0.001,1,16,40x40,MatchingNetwork,5,5,Greek,miniImageNet_SOTA_trainSet,False,1,4000,2,exp1_permuted_src_datasets
1426,207.8517186641693,1.0,1736407198.8450928,,,,,,,1.3698718547821045,1.0,0.001,1,16,40x40,MatchingNetwork,5,5,Greek,miniImageNet_SOTA_trainSet,False,1,4000,2,exp1_permuted_src_datasets
1427,207.86082315444946,1.0,1736407198.8541973,,,,,,,1.372239589691162,1.0,0.001,1,16,40x40,MatchingNetwork,5,5,Greek,miniImageNet_SOTA_trainSet,False,1,4000,2,exp1_permuted_src_datasets
1428,207.869886636734,1.0,1736407198.8632607,,,,,,,1.431876540184021,0.75,0.001,1,16,40x40,MatchingNetwork,5,5,Greek,miniImageNet_SOTA_trainSet,False,1,4000,2,exp1_permuted_src_datasets
1429,207.87901163101196,1.0,1736407198.8723857,,,,,,,1.37222421169281,1.0,0.001,1,16,40x40,MatchingNetwork,5,5,Greek,miniImageNet_SOTA_trainSet,False,1,4000,2,exp1_permuted_src_datasets
1430,207.88860058784485,1.0,1736407198.8819747,,,,,,,1.3686890602111816,1.0,0.001,1,16,40x40,MatchingNetwork,5,5,Greek,miniImageNet_SOTA_trainSet,False,1,4000,2,exp1_permuted_src_datasets
1431,207.8981671333313,1.0,1736407198.8915412,,,,,,,1.3724696636199951,1.0,0.001,1,16,40x40,MatchingNetwork,5,5,Greek,miniImageNet_SOTA_trainSet,False,1,4000,2,exp1_permuted_src_datasets
1432,207.90770363807678,1.0,1736407198.9010777,,,,,,,1.3700603246688843,1.0,0.001,1,16,40x40,MatchingNetwork,5,5,Greek,miniImageNet_SOTA_trainSet,False,1,4000,2,exp1_permuted_src_datasets
1433,207.91710495948792,1.0,1736407198.910479,,,,,,,1.3693081140518188,1.0,0.001,1,16,40x40,MatchingNetwork,5,5,Greek,miniImageNet_SOTA_trainSet,False,1,4000,2,exp1_permuted_src_datasets
1434,207.92642760276794,1.0,1736407198.9198017,,,,,,,1.369141697883606,1.0,0.001,1,16,40x40,MatchingNetwork,5,5,Greek,miniImageNet_SOTA_trainSet,False,1,4000,2,exp1_permuted_src_datasets
1435,207.93563795089722,1.0,1736407198.929012,,,,,,,1.3698419332504272,1.0,0.001,1,16,40x40,MatchingNetwork,5,5,Greek,miniImageNet_SOTA_trainSet,False,1,4000,2,exp1_permuted_src_datasets
1436,207.94950437545776,1.0,1736407198.9428785,,,,,,,1.428694486618042,1.0,0.001,1,16,40x40,MatchingNetwork,5,5,Greek,miniImageNet_SOTA_trainSet,False,1,4000,2,exp1_permuted_src_datasets
1437,207.96271133422852,1.0,1736407198.9560854,,,,,,,1.3700510263442993,1.0,0.001,1,16,40x40,MatchingNetwork,5,5,Greek,miniImageNet_SOTA_trainSet,False,1,4000,2,exp1_permuted_src_datasets
1438,207.97199749946594,1.0,1736407198.9653716,,,,,,,1.3745622634887695,1.0,0.001,1,16,40x40,MatchingNetwork,5,5,Greek,miniImageNet_SOTA_trainSet,False,1,4000,2,exp1_permuted_src_datasets
1439,207.9818880558014,1.0,1736407198.9752622,,,,,,,1.3726673126220703,1.0,0.001,1,16,40x40,MatchingNetwork,5,5,Greek,miniImageNet_SOTA_trainSet,False,1,4000,2,exp1_permuted_src_datasets
1440,207.99338746070862,1.0,1736407198.9867616,,,,,,,1.3743633031845093,1.0,0.001,1,16,40x40,MatchingNetwork,5,5,Greek,miniImageNet_SOTA_trainSet,False,1,4000,2,exp1_permuted_src_datasets
1441,208.002676486969,1.0,1736407198.9960506,,,,,,,1.3752086162567139,1.0,0.001,1,16,40x40,MatchingNetwork,5,5,Greek,miniImageNet_SOTA_trainSet,False,1,4000,2,exp1_permuted_src_datasets
1442,208.01603627204895,1.0,1736407199.0094104,,,,,,,1.3728948831558228,1.0,0.001,1,16,40x40,MatchingNetwork,5,5,Greek,miniImageNet_SOTA_trainSet,False,1,4000,2,exp1_permuted_src_datasets
1443,208.02882075309753,1.0,1736407199.0221949,,,,,,,1.4315271377563477,1.0,0.001,1,16,40x40,MatchingNetwork,5,5,Greek,miniImageNet_SOTA_trainSet,False,1,4000,2,exp1_permuted_src_datasets
1444,208.03797030448914,1.0,1736407199.0313444,,,,,,,1.4285197257995605,1.0,0.001,1,16,40x40,MatchingNetwork,5,5,Greek,miniImageNet_SOTA_trainSet,False,1,4000,2,exp1_permuted_src_datasets
1445,208.0487310886383,1.0,1736407199.0421052,,,,,,,1.3725755214691162,1.0,0.001,1,16,40x40,MatchingNetwork,5,5,Greek,miniImageNet_SOTA_trainSet,False,1,4000,2,exp1_permuted_src_datasets
1446,208.05787873268127,1.0,1736407199.0512528,,,,,,,1.3699389696121216,1.0,0.001,1,16,40x40,MatchingNetwork,5,5,Greek,miniImageNet_SOTA_trainSet,False,1,4000,2,exp1_permuted_src_datasets
1447,208.06698513031006,1.0,1736407199.0603592,,,,,,,1.4282076358795166,1.0,0.001,1,16,40x40,MatchingNetwork,5,5,Greek,miniImageNet_SOTA_trainSet,False,1,4000,2,exp1_permuted_src_datasets
1448,208.07604360580444,1.0,1736407199.0694177,,,,,,,1.3688935041427612,1.0,0.001,1,16,40x40,MatchingNetwork,5,5,Greek,miniImageNet_SOTA_trainSet,False,1,4000,2,exp1_permuted_src_datasets
1449,208.08626437187195,1.0,1736407199.0796385,,,,,,,1.374586582183838,1.0,0.001,1,16,40x40,MatchingNetwork,5,5,Greek,miniImageNet_SOTA_trainSet,False,1,4000,2,exp1_permuted_src_datasets
1450,217.29126048088074,1.0,1736407208.2846346,,,,,,0.45825,,,0.001,1,16,40x40,MatchingNetwork,5,5,Greek,miniImageNet_SOTA_trainSet,False,1,4000,2,exp1_permuted_src_datasets
1451,217.29899859428406,1.0,1736407208.2923727,,,,,,,1.3698852062225342,1.0,0.001,1,16,40x40,MatchingNetwork,5,5,Greek,miniImageNet_SOTA_trainSet,False,1,4000,2,exp1_permuted_src_datasets
1452,217.3085446357727,1.0,1736407208.3019187,,,,,,,1.3707435131072998,1.0,0.001,1,16,40x40,MatchingNetwork,5,5,Greek,miniImageNet_SOTA_trainSet,False,1,4000,2,exp1_permuted_src_datasets
1453,217.31824398040771,1.0,1736407208.311618,,,,,,,1.3726496696472168,1.0,0.001,1,16,40x40,MatchingNetwork,5,5,Greek,miniImageNet_SOTA_trainSet,False,1,4000,2,exp1_permuted_src_datasets
1454,217.3274290561676,1.0,1736407208.3208032,,,,,,,1.3697434663772583,1.0,0.001,1,16,40x40,MatchingNetwork,5,5,Greek,miniImageNet_SOTA_trainSet,False,1,4000,2,exp1_permuted_src_datasets
1455,217.33707785606384,1.0,1736407208.330452,,,,,,,1.3706645965576172,1.0,0.001,1,16,40x40,MatchingNetwork,5,5,Greek,miniImageNet_SOTA_trainSet,False,1,4000,2,exp1_permuted_src_datasets
1456,217.35599732398987,1.0,1736407208.3493714,,,,,,,1.3725756406784058,1.0,0.001,1,16,40x40,MatchingNetwork,5,5,Greek,miniImageNet_SOTA_trainSet,False,1,4000,2,exp1_permuted_src_datasets
1457,217.3711335659027,1.0,1736407208.3645077,,,,,,,1.3725000619888306,1.0,0.001,1,16,40x40,MatchingNetwork,5,5,Greek,miniImageNet_SOTA_trainSet,False,1,4000,2,exp1_permuted_src_datasets
1458,217.38007736206055,1.0,1736407208.3734515,,,,,,,1.3702499866485596,1.0,0.001,1,16,40x40,MatchingNetwork,5,5,Greek,miniImageNet_SOTA_trainSet,False,1,4000,2,exp1_permuted_src_datasets
1459,217.38968634605408,1.0,1736407208.3830605,,,,,,,1.375952959060669,1.0,0.001,1,16,40x40,MatchingNetwork,5,5,Greek,miniImageNet_SOTA_trainSet,False,1,4000,2,exp1_permuted_src_datasets
1460,217.39894843101501,1.0,1736407208.3923225,,,,,,,1.368491530418396,1.0,0.001,1,16,40x40,MatchingNetwork,5,5,Greek,miniImageNet_SOTA_trainSet,False,1,4000,2,exp1_permuted_src_datasets
1461,217.41030955314636,1.0,1736407208.4036837,,,,,,,1.3691306114196777,1.0,0.001,1,16,40x40,MatchingNetwork,5,5,Greek,miniImageNet_SOTA_trainSet,False,1,4000,2,exp1_permuted_src_datasets
1462,217.41944432258606,1.0,1736407208.4128184,,,,,,,1.3736779689788818,1.0,0.001,1,16,40x40,MatchingNetwork,5,5,Greek,miniImageNet_SOTA_trainSet,False,1,4000,2,exp1_permuted_src_datasets
1463,217.43788290023804,1.0,1736407208.431257,,,,,,,1.3755528926849365,1.0,0.001,1,16,40x40,MatchingNetwork,5,5,Greek,miniImageNet_SOTA_trainSet,False,1,4000,2,exp1_permuted_src_datasets
1464,217.44799089431763,1.0,1736407208.441365,,,,,,,1.371624231338501,1.0,0.001,1,16,40x40,MatchingNetwork,5,5,Greek,miniImageNet_SOTA_trainSet,False,1,4000,2,exp1_permuted_src_datasets
1465,217.4576416015625,1.0,1736407208.4510157,,,,,,,1.3762805461883545,1.0,0.001,1,16,40x40,MatchingNetwork,5,5,Greek,miniImageNet_SOTA_trainSet,False,1,4000,2,exp1_permuted_src_datasets
1466,217.4667296409607,1.0,1736407208.4601038,,,,,,,1.3723663091659546,1.0,0.001,1,16,40x40,MatchingNetwork,5,5,Greek,miniImageNet_SOTA_trainSet,False,1,4000,2,exp1_permuted_src_datasets
1467,217.4757719039917,1.0,1736407208.469146,,,,,,,1.3699809312820435,1.0,0.001,1,16,40x40,MatchingNetwork,5,5,Greek,miniImageNet_SOTA_trainSet,False,1,4000,2,exp1_permuted_src_datasets
1468,217.48485255241394,1.0,1736407208.4782267,,,,,,,1.3721306324005127,1.0,0.001,1,16,40x40,MatchingNetwork,5,5,Greek,miniImageNet_SOTA_trainSet,False,1,4000,2,exp1_permuted_src_datasets
1469,217.4939455986023,1.0,1736407208.4873197,,,,,,,1.3699381351470947,1.0,0.001,1,16,40x40,MatchingNetwork,5,5,Greek,miniImageNet_SOTA_trainSet,False,1,4000,2,exp1_permuted_src_datasets
1470,217.50306105613708,1.0,1736407208.4964352,,,,,,,1.3726102113723755,1.0,0.001,1,16,40x40,MatchingNetwork,5,5,Greek,miniImageNet_SOTA_trainSet,False,1,4000,2,exp1_permuted_src_datasets
1471,217.51206350326538,1.0,1736407208.5054376,,,,,,,1.372000813484192,1.0,0.001,1,16,40x40,MatchingNetwork,5,5,Greek,miniImageNet_SOTA_trainSet,False,1,4000,2,exp1_permuted_src_datasets
1472,217.52129483222961,1.0,1736407208.514669,,,,,,,1.3716970682144165,1.0,0.001,1,16,40x40,MatchingNetwork,5,5,Greek,miniImageNet_SOTA_trainSet,False,1,4000,2,exp1_permuted_src_datasets
1473,217.53040480613708,1.0,1736407208.523779,,,,,,,1.3727277517318726,1.0,0.001,1,16,40x40,MatchingNetwork,5,5,Greek,miniImageNet_SOTA_trainSet,False,1,4000,2,exp1_permuted_src_datasets
1474,217.53945398330688,1.0,1736407208.532828,,,,,,,1.3703792095184326,1.0,0.001,1,16,40x40,MatchingNetwork,5,5,Greek,miniImageNet_SOTA_trainSet,False,1,4000,2,exp1_permuted_src_datasets
1475,217.54853320121765,1.0,1736407208.5419073,,,,,,,1.3725296258926392,1.0,0.001,1,16,40x40,MatchingNetwork,5,5,Greek,miniImageNet_SOTA_trainSet,False,1,4000,2,exp1_permuted_src_datasets
1476,217.55764627456665,1.0,1736407208.5510204,,,,,,,1.4314759969711304,1.0,0.001,1,16,40x40,MatchingNetwork,5,5,Greek,miniImageNet_SOTA_trainSet,False,1,4000,2,exp1_permuted_src_datasets
1477,217.56705141067505,1.0,1736407208.5604255,,,,,,,1.3689554929733276,1.0,0.001,1,16,40x40,MatchingNetwork,5,5,Greek,miniImageNet_SOTA_trainSet,False,1,4000,2,exp1_permuted_src_datasets
1478,217.57622838020325,1.0,1736407208.5696025,,,,,,,1.3710325956344604,1.0,0.001,1,16,40x40,MatchingNetwork,5,5,Greek,miniImageNet_SOTA_trainSet,False,1,4000,2,exp1_permuted_src_datasets
1479,217.58533906936646,1.0,1736407208.5787132,,,,,,,1.3733410835266113,1.0,0.001,1,16,40x40,MatchingNetwork,5,5,Greek,miniImageNet_SOTA_trainSet,False,1,4000,2,exp1_permuted_src_datasets
1480,217.59441614151,1.0,1736407208.5877903,,,,,,,1.370585322380066,1.0,0.001,1,16,40x40,MatchingNetwork,5,5,Greek,miniImageNet_SOTA_trainSet,False,1,4000,2,exp1_permuted_src_datasets
1481,217.60359072685242,1.0,1736407208.5969648,,,,,,,1.3722927570343018,1.0,0.001,1,16,40x40,MatchingNetwork,5,5,Greek,miniImageNet_SOTA_trainSet,False,1,4000,2,exp1_permuted_src_datasets
1482,217.61264181137085,1.0,1736407208.606016,,,,,,,1.372232437133789,1.0,0.001,1,16,40x40,MatchingNetwork,5,5,Greek,miniImageNet_SOTA_trainSet,False,1,4000,2,exp1_permuted_src_datasets
1483,217.62170958518982,1.0,1736407208.6150837,,,,,,,1.4279226064682007,1.0,0.001,1,16,40x40,MatchingNetwork,5,5,Greek,miniImageNet_SOTA_trainSet,False,1,4000,2,exp1_permuted_src_datasets
1484,217.63080883026123,1.0,1736407208.624183,,,,,,,1.3762084245681763,1.0,0.001,1,16,40x40,MatchingNetwork,5,5,Greek,miniImageNet_SOTA_trainSet,False,1,4000,2,exp1_permuted_src_datasets
1485,217.6399006843567,1.0,1736407208.6332748,,,,,,,1.3686413764953613,1.0,0.001,1,16,40x40,MatchingNetwork,5,5,Greek,miniImageNet_SOTA_trainSet,False,1,4000,2,exp1_permuted_src_datasets
1486,217.6493320465088,1.0,1736407208.6427062,,,,,,,1.3700228929519653,1.0,0.001,1,16,40x40,MatchingNetwork,5,5,Greek,miniImageNet_SOTA_trainSet,False,1,4000,2,exp1_permuted_src_datasets
1487,217.6594717502594,1.0,1736407208.6528459,,,,,,,1.3725075721740723,1.0,0.001,1,16,40x40,MatchingNetwork,5,5,Greek,miniImageNet_SOTA_trainSet,False,1,4000,2,exp1_permuted_src_datasets
1488,217.6691882610321,1.0,1736407208.6625624,,,,,,,1.3757853507995605,1.0,0.001,1,16,40x40,MatchingNetwork,5,5,Greek,miniImageNet_SOTA_trainSet,False,1,4000,2,exp1_permuted_src_datasets
1489,217.67844343185425,1.0,1736407208.6718175,,,,,,,1.3697158098220825,1.0,0.001,1,16,40x40,MatchingNetwork,5,5,Greek,miniImageNet_SOTA_trainSet,False,1,4000,2,exp1_permuted_src_datasets
1490,217.68761014938354,1.0,1736407208.6809843,,,,,,,1.3693476915359497,1.0,0.001,1,16,40x40,MatchingNetwork,5,5,Greek,miniImageNet_SOTA_trainSet,False,1,4000,2,exp1_permuted_src_datasets
1491,217.69666624069214,1.0,1736407208.6900403,,,,,,,1.3691189289093018,1.0,0.001,1,16,40x40,MatchingNetwork,5,5,Greek,miniImageNet_SOTA_trainSet,False,1,4000,2,exp1_permuted_src_datasets
1492,217.7057659626007,1.0,1736407208.69914,,,,,,,1.3704471588134766,1.0,0.001,1,16,40x40,MatchingNetwork,5,5,Greek,miniImageNet_SOTA_trainSet,False,1,4000,2,exp1_permuted_src_datasets
1493,217.71474814414978,1.0,1736407208.7081223,,,,,,,1.3695054054260254,1.0,0.001,1,16,40x40,MatchingNetwork,5,5,Greek,miniImageNet_SOTA_trainSet,False,1,4000,2,exp1_permuted_src_datasets
1494,217.7237594127655,1.0,1736407208.7171335,,,,,,,1.3693972826004028,1.0,0.001,1,16,40x40,MatchingNetwork,5,5,Greek,miniImageNet_SOTA_trainSet,False,1,4000,2,exp1_permuted_src_datasets
1495,217.73281073570251,1.0,1736407208.7261848,,,,,,,1.3699145317077637,1.0,0.001,1,16,40x40,MatchingNetwork,5,5,Greek,miniImageNet_SOTA_trainSet,False,1,4000,2,exp1_permuted_src_datasets
1496,217.74180269241333,1.0,1736407208.7351768,,,,,,,1.3715606927871704,1.0,0.001,1,16,40x40,MatchingNetwork,5,5,Greek,miniImageNet_SOTA_trainSet,False,1,4000,2,exp1_permuted_src_datasets
1497,217.75263667106628,1.0,1736407208.7460108,,,,,,,1.3724796772003174,1.0,0.001,1,16,40x40,MatchingNetwork,5,5,Greek,miniImageNet_SOTA_trainSet,False,1,4000,2,exp1_permuted_src_datasets
1498,217.7621042728424,1.0,1736407208.7554784,,,,,,,1.3701887130737305,1.0,0.001,1,16,40x40,MatchingNetwork,5,5,Greek,miniImageNet_SOTA_trainSet,False,1,4000,2,exp1_permuted_src_datasets
1499,217.7712779045105,1.0,1736407208.764652,,,,,,,1.369086503982544,1.0,0.001,1,16,40x40,MatchingNetwork,5,5,Greek,miniImageNet_SOTA_trainSet,False,1,4000,2,exp1_permuted_src_datasets
1500,217.78034901618958,1.0,1736407208.7737231,,,,,,,1.3693389892578125,1.0,0.001,1,16,40x40,MatchingNetwork,5,5,Greek,miniImageNet_SOTA_trainSet,False,1,4000,2,exp1_permuted_src_datasets
1501,217.78944444656372,1.0,1736407208.7828186,,,,,,,1.3730971813201904,1.0,0.001,1,16,40x40,MatchingNetwork,5,5,Greek,miniImageNet_SOTA_trainSet,False,1,4000,2,exp1_permuted_src_datasets
1502,217.7985246181488,1.0,1736407208.7918987,,,,,,,1.4284154176712036,1.0,0.001,1,16,40x40,MatchingNetwork,5,5,Greek,miniImageNet_SOTA_trainSet,False,1,4000,2,exp1_permuted_src_datasets
1503,217.80763697624207,1.0,1736407208.801011,,,,,,,1.4887789487838745,0.75,0.001,1,16,40x40,MatchingNetwork,5,5,Greek,miniImageNet_SOTA_trainSet,False,1,4000,2,exp1_permuted_src_datasets
1504,217.8166847229004,1.0,1736407208.8100588,,,,,,,1.3726129531860352,1.0,0.001,1,16,40x40,MatchingNetwork,5,5,Greek,miniImageNet_SOTA_trainSet,False,1,4000,2,exp1_permuted_src_datasets
1505,217.8257212638855,1.0,1736407208.8190954,,,,,,,1.3692916631698608,1.0,0.001,1,16,40x40,MatchingNetwork,5,5,Greek,miniImageNet_SOTA_trainSet,False,1,4000,2,exp1_permuted_src_datasets
1506,217.8347668647766,1.0,1736407208.828141,,,,,,,1.37138831615448,1.0,0.001,1,16,40x40,MatchingNetwork,5,5,Greek,miniImageNet_SOTA_trainSet,False,1,4000,2,exp1_permuted_src_datasets
1507,217.84509944915771,1.0,1736407208.8384736,,,,,,,1.369499921798706,1.0,0.001,1,16,40x40,MatchingNetwork,5,5,Greek,miniImageNet_SOTA_trainSet,False,1,4000,2,exp1_permuted_src_datasets
1508,217.8542788028717,1.0,1736407208.847653,,,,,,,1.3696576356887817,1.0,0.001,1,16,40x40,MatchingNetwork,5,5,Greek,miniImageNet_SOTA_trainSet,False,1,4000,2,exp1_permuted_src_datasets
1509,217.86430668830872,1.0,1736407208.8576808,,,,,,,1.4318281412124634,1.0,0.001,1,16,40x40,MatchingNetwork,5,5,Greek,miniImageNet_SOTA_trainSet,False,1,4000,2,exp1_permuted_src_datasets
1510,217.87358689308167,1.0,1736407208.866961,,,,,,,1.3698488473892212,1.0,0.001,1,16,40x40,MatchingNetwork,5,5,Greek,miniImageNet_SOTA_trainSet,False,1,4000,2,exp1_permuted_src_datasets
1511,217.88281321525574,1.0,1736407208.8761873,,,,,,,1.371951937675476,1.0,0.001,1,16,40x40,MatchingNetwork,5,5,Greek,miniImageNet_SOTA_trainSet,False,1,4000,2,exp1_permuted_src_datasets
1512,217.8918981552124,1.0,1736407208.8852723,,,,,,,1.3753831386566162,1.0,0.001,1,16,40x40,MatchingNetwork,5,5,Greek,miniImageNet_SOTA_trainSet,False,1,4000,2,exp1_permuted_src_datasets
1513,226.9427788257599,1.0,1736407217.936153,,,,,,0.48925,,,0.001,1,16,40x40,MatchingNetwork,5,5,Greek,miniImageNet_SOTA_trainSet,False,1,4000,2,exp1_permuted_src_datasets
1514,226.97623896598816,1.0,1736407217.969613,,,,,,,1.3724395036697388,1.0,0.001,1,16,40x40,MatchingNetwork,5,5,Greek,miniImageNet_SOTA_trainSet,False,1,4000,2,exp1_permuted_src_datasets
1515,226.99236369132996,1.0,1736407217.9857378,,,,,,,1.3698185682296753,1.0,0.001,1,16,40x40,MatchingNetwork,5,5,Greek,miniImageNet_SOTA_trainSet,False,1,4000,2,exp1_permuted_src_datasets
1516,227.0077087879181,1.0,1736407218.001083,,,,,,,1.3694250583648682,1.0,0.001,1,16,40x40,MatchingNetwork,5,5,Greek,miniImageNet_SOTA_trainSet,False,1,4000,2,exp1_permuted_src_datasets
1517,227.02125883102417,1.0,1736407218.014633,,,,,,,1.432478427886963,0.875,0.001,1,16,40x40,MatchingNetwork,5,5,Greek,miniImageNet_SOTA_trainSet,False,1,4000,2,exp1_permuted_src_datasets
1518,227.03774046897888,1.0,1736407218.0311146,,,,,,,1.3724952936172485,1.0,0.001,1,16,40x40,MatchingNetwork,5,5,Greek,miniImageNet_SOTA_trainSet,False,1,4000,2,exp1_permuted_src_datasets
1519,227.06044936180115,1.0,1736407218.0538235,,,,,,,1.3730888366699219,1.0,0.001,1,16,40x40,MatchingNetwork,5,5,Greek,miniImageNet_SOTA_trainSet,False,1,4000,2,exp1_permuted_src_datasets
1520,227.07391619682312,1.0,1736407218.0672903,,,,,,,1.3697028160095215,1.0,0.001,1,16,40x40,MatchingNetwork,5,5,Greek,miniImageNet_SOTA_trainSet,False,1,4000,2,exp1_permuted_src_datasets
1521,227.0845386981964,1.0,1736407218.0779128,,,,,,,1.430029273033142,0.875,0.001,1,16,40x40,MatchingNetwork,5,5,Greek,miniImageNet_SOTA_trainSet,False,1,4000,2,exp1_permuted_src_datasets
1522,227.09530878067017,1.0,1736407218.088683,,,,,,,1.4330369234085083,0.8125,0.001,1,16,40x40,MatchingNetwork,5,5,Greek,miniImageNet_SOTA_trainSet,False,1,4000,2,exp1_permuted_src_datasets
1523,227.10485553741455,1.0,1736407218.0982296,,,,,,,1.3683336973190308,1.0,0.001,1,16,40x40,MatchingNetwork,5,5,Greek,miniImageNet_SOTA_trainSet,False,1,4000,2,exp1_permuted_src_datasets
1524,227.11395144462585,1.0,1736407218.1073256,,,,,,,1.3716007471084595,1.0,0.001,1,16,40x40,MatchingNetwork,5,5,Greek,miniImageNet_SOTA_trainSet,False,1,4000,2,exp1_permuted_src_datasets
1525,227.123033285141,1.0,1736407218.1164074,,,,,,,1.3695188760757446,1.0,0.001,1,16,40x40,MatchingNetwork,5,5,Greek,miniImageNet_SOTA_trainSet,False,1,4000,2,exp1_permuted_src_datasets
1526,227.1321918964386,1.0,1736407218.125566,,,,,,,1.371624231338501,1.0,0.001,1,16,40x40,MatchingNetwork,5,5,Greek,miniImageNet_SOTA_trainSet,False,1,4000,2,exp1_permuted_src_datasets
1527,227.14160466194153,1.0,1736407218.1349788,,,,,,,1.373254656791687,1.0,0.001,1,16,40x40,MatchingNetwork,5,5,Greek,miniImageNet_SOTA_trainSet,False,1,4000,2,exp1_permuted_src_datasets
1528,227.1600136756897,1.0,1736407218.1533878,,,,,,,1.3699250221252441,1.0,0.001,1,16,40x40,MatchingNetwork,5,5,Greek,miniImageNet_SOTA_trainSet,False,1,4000,2,exp1_permuted_src_datasets
1529,227.18207788467407,1.0,1736407218.175452,,,,,,,1.3757439851760864,1.0,0.001,1,16,40x40,MatchingNetwork,5,5,Greek,miniImageNet_SOTA_trainSet,False,1,4000,2,exp1_permuted_src_datasets
1530,227.1992380619049,1.0,1736407218.1926122,,,,,,,1.372422218322754,1.0,0.001,1,16,40x40,MatchingNetwork,5,5,Greek,miniImageNet_SOTA_trainSet,False,1,4000,2,exp1_permuted_src_datasets
1531,227.2088496685028,1.0,1736407218.2022238,,,,,,,1.3696917295455933,1.0,0.001,1,16,40x40,MatchingNetwork,5,5,Greek,miniImageNet_SOTA_trainSet,False,1,4000,2,exp1_permuted_src_datasets
1532,227.2178349494934,1.0,1736407218.211209,,,,,,,1.4315972328186035,0.9375,0.001,1,16,40x40,MatchingNetwork,5,5,Greek,miniImageNet_SOTA_trainSet,False,1,4000,2,exp1_permuted_src_datasets
1533,227.22685956954956,1.0,1736407218.2202337,,,,,,,1.4279959201812744,1.0,0.001,1,16,40x40,MatchingNetwork,5,5,Greek,miniImageNet_SOTA_trainSet,False,1,4000,2,exp1_permuted_src_datasets
1534,227.2357861995697,1.0,1736407218.2291603,,,,,,,1.3724502325057983,1.0,0.001,1,16,40x40,MatchingNetwork,5,5,Greek,miniImageNet_SOTA_trainSet,False,1,4000,2,exp1_permuted_src_datasets
1535,227.2447497844696,1.0,1736407218.238124,,,,,,,1.3756887912750244,1.0,0.001,1,16,40x40,MatchingNetwork,5,5,Greek,miniImageNet_SOTA_trainSet,False,1,4000,2,exp1_permuted_src_datasets
1536,227.25369572639465,1.0,1736407218.2470698,,,,,,,1.369225025177002,1.0,0.001,1,16,40x40,MatchingNetwork,5,5,Greek,miniImageNet_SOTA_trainSet,False,1,4000,2,exp1_permuted_src_datasets
1537,227.26264786720276,1.0,1736407218.256022,,,,,,,1.3725084066390991,1.0,0.001,1,16,40x40,MatchingNetwork,5,5,Greek,miniImageNet_SOTA_trainSet,False,1,4000,2,exp1_permuted_src_datasets
1538,227.27258563041687,1.0,1736407218.2659597,,,,,,,1.3698277473449707,1.0,0.001,1,16,40x40,MatchingNetwork,5,5,Greek,miniImageNet_SOTA_trainSet,False,1,4000,2,exp1_permuted_src_datasets
1539,227.2815408706665,1.0,1736407218.274915,,,,,,,1.3716447353363037,1.0,0.001,1,16,40x40,MatchingNetwork,5,5,Greek,miniImageNet_SOTA_trainSet,False,1,4000,2,exp1_permuted_src_datasets
1540,227.2903275489807,1.0,1736407218.2837017,,,,,,,1.369531512260437,1.0,0.001,1,16,40x40,MatchingNetwork,5,5,Greek,miniImageNet_SOTA_trainSet,False,1,4000,2,exp1_permuted_src_datasets
1541,227.29919028282166,1.0,1736407218.2925644,,,,,,,1.3761265277862549,1.0,0.001,1,16,40x40,MatchingNetwork,5,5,Greek,miniImageNet_SOTA_trainSet,False,1,4000,2,exp1_permuted_src_datasets
1542,227.30802035331726,1.0,1736407218.3013945,,,,,,,1.3725656270980835,1.0,0.001,1,16,40x40,MatchingNetwork,5,5,Greek,miniImageNet_SOTA_trainSet,False,1,4000,2,exp1_permuted_src_datasets
1543,227.31681871414185,1.0,1736407218.3101928,,,,,,,1.4288122653961182,0.9375,0.001,1,16,40x40,MatchingNetwork,5,5,Greek,miniImageNet_SOTA_trainSet,False,1,4000,2,exp1_permuted_src_datasets
1544,227.3256459236145,1.0,1736407218.31902,,,,,,,1.369634747505188,1.0,0.001,1,16,40x40,MatchingNetwork,5,5,Greek,miniImageNet_SOTA_trainSet,False,1,4000,2,exp1_permuted_src_datasets
1545,227.3344874382019,1.0,1736407218.3278615,,,,,,,1.3725597858428955,1.0,0.001,1,16,40x40,MatchingNetwork,5,5,Greek,miniImageNet_SOTA_trainSet,False,1,4000,2,exp1_permuted_src_datasets
1546,227.34359622001648,1.0,1736407218.3369703,,,,,,,1.369493842124939,1.0,0.001,1,16,40x40,MatchingNetwork,5,5,Greek,miniImageNet_SOTA_trainSet,False,1,4000,2,exp1_permuted_src_datasets
1547,227.3528115749359,1.0,1736407218.3461857,,,,,,,1.375441312789917,1.0,0.001,1,16,40x40,MatchingNetwork,5,5,Greek,miniImageNet_SOTA_trainSet,False,1,4000,2,exp1_permuted_src_datasets
1548,227.3623571395874,1.0,1736407218.3557312,,,,,,,1.3685396909713745,1.0,0.001,1,16,40x40,MatchingNetwork,5,5,Greek,miniImageNet_SOTA_trainSet,False,1,4000,2,exp1_permuted_src_datasets
1549,227.37181448936462,1.0,1736407218.3651886,,,,,,,1.3694392442703247,1.0,0.001,1,16,40x40,MatchingNetwork,5,5,Greek,miniImageNet_SOTA_trainSet,False,1,4000,2,exp1_permuted_src_datasets
1550,227.38068437576294,1.0,1736407218.3740585,,,,,,,1.373523473739624,1.0,0.001,1,16,40x40,MatchingNetwork,5,5,Greek,miniImageNet_SOTA_trainSet,False,1,4000,2,exp1_permuted_src_datasets
1551,227.38963270187378,1.0,1736407218.3830068,,,,,,,1.3722161054611206,1.0,0.001,1,16,40x40,MatchingNetwork,5,5,Greek,miniImageNet_SOTA_trainSet,False,1,4000,2,exp1_permuted_src_datasets
1552,227.39846348762512,1.0,1736407218.3918376,,,,,,,1.3699127435684204,1.0,0.001,1,16,40x40,MatchingNetwork,5,5,Greek,miniImageNet_SOTA_trainSet,False,1,4000,2,exp1_permuted_src_datasets
1553,227.40730333328247,1.0,1736407218.4006774,,,,,,,1.3721427917480469,1.0,0.001,1,16,40x40,MatchingNetwork,5,5,Greek,miniImageNet_SOTA_trainSet,False,1,4000,2,exp1_permuted_src_datasets
1554,227.4176642894745,1.0,1736407218.4110384,,,,,,,1.3710063695907593,1.0,0.001,1,16,40x40,MatchingNetwork,5,5,Greek,miniImageNet_SOTA_trainSet,False,1,4000,2,exp1_permuted_src_datasets
1555,227.42753314971924,1.0,1736407218.4209073,,,,,,,1.3739557266235352,1.0,0.001,1,16,40x40,MatchingNetwork,5,5,Greek,miniImageNet_SOTA_trainSet,False,1,4000,2,exp1_permuted_src_datasets
1556,227.4399335384369,1.0,1736407218.4333076,,,,,,,1.3719069957733154,1.0,0.001,1,16,40x40,MatchingNetwork,5,5,Greek,miniImageNet_SOTA_trainSet,False,1,4000,2,exp1_permuted_src_datasets
1557,227.4521472454071,1.0,1736407218.4455214,,,,,,,1.4275429248809814,1.0,0.001,1,16,40x40,MatchingNetwork,5,5,Greek,miniImageNet_SOTA_trainSet,False,1,4000,2,exp1_permuted_src_datasets
1558,227.4645917415619,1.0,1736407218.4579659,,,,,,,1.3719426393508911,1.0,0.001,1,16,40x40,MatchingNetwork,5,5,Greek,miniImageNet_SOTA_trainSet,False,1,4000,2,exp1_permuted_src_datasets
1559,227.47619366645813,1.0,1736407218.4695678,,,,,,,1.3753793239593506,1.0,0.001,1,16,40x40,MatchingNetwork,5,5,Greek,miniImageNet_SOTA_trainSet,False,1,4000,2,exp1_permuted_src_datasets
1560,227.48857069015503,1.0,1736407218.4819448,,,,,,,1.3717929124832153,1.0,0.001,1,16,40x40,MatchingNetwork,5,5,Greek,miniImageNet_SOTA_trainSet,False,1,4000,2,exp1_permuted_src_datasets
1561,227.5008807182312,1.0,1736407218.4942548,,,,,,,1.3717631101608276,1.0,0.001,1,16,40x40,MatchingNetwork,5,5,Greek,miniImageNet_SOTA_trainSet,False,1,4000,2,exp1_permuted_src_datasets
1562,227.50996565818787,1.0,1736407218.5033398,,,,,,,1.372968316078186,1.0,0.001,1,16,40x40,MatchingNetwork,5,5,Greek,miniImageNet_SOTA_trainSet,False,1,4000,2,exp1_permuted_src_datasets
1563,227.51913952827454,1.0,1736407218.5125136,,,,,,,1.3700144290924072,1.0,0.001,1,16,40x40,MatchingNetwork,5,5,Greek,miniImageNet_SOTA_trainSet,False,1,4000,2,exp1_permuted_src_datasets
1564,227.52814745903015,1.0,1736407218.5215216,,,,,,,1.3681732416152954,1.0,0.001,1,16,40x40,MatchingNetwork,5,5,Greek,miniImageNet_SOTA_trainSet,False,1,4000,2,exp1_permuted_src_datasets
1565,227.53719234466553,1.0,1736407218.5305665,,,,,,,1.3698267936706543,1.0,0.001,1,16,40x40,MatchingNetwork,5,5,Greek,miniImageNet_SOTA_trainSet,False,1,4000,2,exp1_permuted_src_datasets
1566,227.54731631278992,1.0,1736407218.5406904,,,,,,,1.3726011514663696,1.0,0.001,1,16,40x40,MatchingNetwork,5,5,Greek,miniImageNet_SOTA_trainSet,False,1,4000,2,exp1_permuted_src_datasets
1567,227.55676579475403,1.0,1736407218.55014,,,,,,,1.369745135307312,1.0,0.001,1,16,40x40,MatchingNetwork,5,5,Greek,miniImageNet_SOTA_trainSet,False,1,4000,2,exp1_permuted_src_datasets
1568,227.56580996513367,1.0,1736407218.559184,,,,,,,1.4286268949508667,1.0,0.001,1,16,40x40,MatchingNetwork,5,5,Greek,miniImageNet_SOTA_trainSet,False,1,4000,2,exp1_permuted_src_datasets
1569,227.57541370391846,1.0,1736407218.5687878,,,,,,,1.3716211318969727,1.0,0.001,1,16,40x40,MatchingNetwork,5,5,Greek,miniImageNet_SOTA_trainSet,False,1,4000,2,exp1_permuted_src_datasets
1570,227.5849575996399,1.0,1736407218.5783317,,,,,,,1.4335918426513672,0.75,0.001,1,16,40x40,MatchingNetwork,5,5,Greek,miniImageNet_SOTA_trainSet,False,1,4000,2,exp1_permuted_src_datasets
1571,227.59459853172302,1.0,1736407218.5879726,,,,,,,1.3681795597076416,1.0,0.001,1,16,40x40,MatchingNetwork,5,5,Greek,miniImageNet_SOTA_trainSet,False,1,4000,2,exp1_permuted_src_datasets
1572,227.60391116142273,1.0,1736407218.5972853,,,,,,,1.435681700706482,0.875,0.001,1,16,40x40,MatchingNetwork,5,5,Greek,miniImageNet_SOTA_trainSet,False,1,4000,2,exp1_permuted_src_datasets
1573,227.61634969711304,1.0,1736407218.6097238,,,,,,,1.3717124462127686,1.0,0.001,1,16,40x40,MatchingNetwork,5,5,Greek,miniImageNet_SOTA_trainSet,False,1,4000,2,exp1_permuted_src_datasets
1574,227.6254711151123,1.0,1736407218.6188452,,,,,,,1.3716398477554321,1.0,0.001,1,16,40x40,MatchingNetwork,5,5,Greek,miniImageNet_SOTA_trainSet,False,1,4000,2,exp1_permuted_src_datasets
1575,227.63768005371094,1.0,1736407218.6310542,,,,,,,1.3723278045654297,1.0,0.001,1,16,40x40,MatchingNetwork,5,5,Greek,miniImageNet_SOTA_trainSet,False,1,4000,2,exp1_permuted_src_datasets
1576,236.74590468406677,1.0,1736407227.7392788,,,,,,0.48125,,,0.001,1,16,40x40,MatchingNetwork,5,5,Greek,miniImageNet_SOTA_trainSet,False,1,4000,2,exp1_permuted_src_datasets
1577,236.75373792648315,1.0,1736407227.747112,,,,,,,1.3696563243865967,1.0,0.001,1,16,40x40,MatchingNetwork,5,5,Greek,miniImageNet_SOTA_trainSet,False,1,4000,2,exp1_permuted_src_datasets
1578,236.76495051383972,1.0,1736407227.7583246,,,,,,,1.369225263595581,1.0,0.001,1,16,40x40,MatchingNetwork,5,5,Greek,miniImageNet_SOTA_trainSet,False,1,4000,2,exp1_permuted_src_datasets
1579,236.7751181125641,1.0,1736407227.7684922,,,,,,,1.4283051490783691,1.0,0.001,1,16,40x40,MatchingNetwork,5,5,Greek,miniImageNet_SOTA_trainSet,False,1,4000,2,exp1_permuted_src_datasets
1580,236.7841432094574,1.0,1736407227.7775173,,,,,,,1.4314569234848022,0.9375,0.001,1,16,40x40,MatchingNetwork,5,5,Greek,miniImageNet_SOTA_trainSet,False,1,4000,2,exp1_permuted_src_datasets
1581,236.79828906059265,1.0,1736407227.7916632,,,,,,,1.370322823524475,1.0,0.001,1,16,40x40,MatchingNetwork,5,5,Greek,miniImageNet_SOTA_trainSet,False,1,4000,2,exp1_permuted_src_datasets
1582,236.80814790725708,1.0,1736407227.801522,,,,,,,1.3701057434082031,1.0,0.001,1,16,40x40,MatchingNetwork,5,5,Greek,miniImageNet_SOTA_trainSet,False,1,4000,2,exp1_permuted_src_datasets
1583,236.81800031661987,1.0,1736407227.8113744,,,,,,,1.3694926500320435,1.0,0.001,1,16,40x40,MatchingNetwork,5,5,Greek,miniImageNet_SOTA_trainSet,False,1,4000,2,exp1_permuted_src_datasets
1584,236.82710313796997,1.0,1736407227.8204772,,,,,,,1.3766465187072754,1.0,0.001,1,16,40x40,MatchingNetwork,5,5,Greek,miniImageNet_SOTA_trainSet,False,1,4000,2,exp1_permuted_src_datasets
1585,236.8361783027649,1.0,1736407227.8295524,,,,,,,1.3724098205566406,1.0,0.001,1,16,40x40,MatchingNetwork,5,5,Greek,miniImageNet_SOTA_trainSet,False,1,4000,2,exp1_permuted_src_datasets
1586,236.845276594162,1.0,1736407227.8386507,,,,,,,1.3723207712173462,1.0,0.001,1,16,40x40,MatchingNetwork,5,5,Greek,miniImageNet_SOTA_trainSet,False,1,4000,2,exp1_permuted_src_datasets
1587,236.85543084144592,1.0,1736407227.848805,,,,,,,1.3702490329742432,1.0,0.001,1,16,40x40,MatchingNetwork,5,5,Greek,miniImageNet_SOTA_trainSet,False,1,4000,2,exp1_permuted_src_datasets
1588,236.86455416679382,1.0,1736407227.8579283,,,,,,,1.4297553300857544,0.9375,0.001,1,16,40x40,MatchingNetwork,5,5,Greek,miniImageNet_SOTA_trainSet,False,1,4000,2,exp1_permuted_src_datasets
1589,236.8736069202423,1.0,1736407227.866981,,,,,,,1.3725318908691406,1.0,0.001,1,16,40x40,MatchingNetwork,5,5,Greek,miniImageNet_SOTA_trainSet,False,1,4000,2,exp1_permuted_src_datasets
1590,236.88259625434875,1.0,1736407227.8759704,,,,,,,1.431735873222351,0.875,0.001,1,16,40x40,MatchingNetwork,5,5,Greek,miniImageNet_SOTA_trainSet,False,1,4000,2,exp1_permuted_src_datasets
1591,236.89164662361145,1.0,1736407227.8850207,,,,,,,1.3721973896026611,1.0,0.001,1,16,40x40,MatchingNetwork,5,5,Greek,miniImageNet_SOTA_trainSet,False,1,4000,2,exp1_permuted_src_datasets
1592,236.91068744659424,1.0,1736407227.9040616,,,,,,,1.430094599723816,0.9375,0.001,1,16,40x40,MatchingNetwork,5,5,Greek,miniImageNet_SOTA_trainSet,False,1,4000,2,exp1_permuted_src_datasets
1593,236.9314796924591,1.0,1736407227.9248538,,,,,,,1.372892141342163,1.0,0.001,1,16,40x40,MatchingNetwork,5,5,Greek,miniImageNet_SOTA_trainSet,False,1,4000,2,exp1_permuted_src_datasets
1594,236.95082783699036,1.0,1736407227.944202,,,,,,,1.3699095249176025,1.0,0.001,1,16,40x40,MatchingNetwork,5,5,Greek,miniImageNet_SOTA_trainSet,False,1,4000,2,exp1_permuted_src_datasets
1595,236.96643209457397,1.0,1736407227.9598062,,,,,,,1.370270013809204,1.0,0.001,1,16,40x40,MatchingNetwork,5,5,Greek,miniImageNet_SOTA_trainSet,False,1,4000,2,exp1_permuted_src_datasets
1596,236.97854089736938,1.0,1736407227.971915,,,,,,,1.3698549270629883,1.0,0.001,1,16,40x40,MatchingNetwork,5,5,Greek,miniImageNet_SOTA_trainSet,False,1,4000,2,exp1_permuted_src_datasets
1597,236.98792791366577,1.0,1736407227.981302,,,,,,,1.372422695159912,1.0,0.001,1,16,40x40,MatchingNetwork,5,5,Greek,miniImageNet_SOTA_trainSet,False,1,4000,2,exp1_permuted_src_datasets
1598,236.99713158607483,1.0,1736407227.9905057,,,,,,,1.3717856407165527,1.0,0.001,1,16,40x40,MatchingNetwork,5,5,Greek,miniImageNet_SOTA_trainSet,False,1,4000,2,exp1_permuted_src_datasets
1599,237.00623488426208,1.0,1736407227.999609,,,,,,,1.3715155124664307,1.0,0.001,1,16,40x40,MatchingNetwork,5,5,Greek,miniImageNet_SOTA_trainSet,False,1,4000,2,exp1_permuted_src_datasets
1600,237.01534247398376,1.0,1736407228.0087166,,,,,,,1.3688632249832153,1.0,0.001,1,16,40x40,MatchingNetwork,5,5,Greek,miniImageNet_SOTA_trainSet,False,1,4000,2,exp1_permuted_src_datasets
1601,237.0245053768158,1.0,1736407228.0178795,,,,,,,1.3728070259094238,1.0,0.001,1,16,40x40,MatchingNetwork,5,5,Greek,miniImageNet_SOTA_trainSet,False,1,4000,2,exp1_permuted_src_datasets
1602,237.03773021697998,1.0,1736407228.0311043,,,,,,,1.3727933168411255,1.0,0.001,1,16,40x40,MatchingNetwork,5,5,Greek,miniImageNet_SOTA_trainSet,False,1,4000,2,exp1_permuted_src_datasets
1603,237.04771876335144,1.0,1736407228.0410929,,,,,,,1.369721531867981,1.0,0.001,1,16,40x40,MatchingNetwork,5,5,Greek,miniImageNet_SOTA_trainSet,False,1,4000,2,exp1_permuted_src_datasets
1604,237.05721759796143,1.0,1736407228.0505917,,,,,,,1.3691885471343994,1.0,0.001,1,16,40x40,MatchingNetwork,5,5,Greek,miniImageNet_SOTA_trainSet,False,1,4000,2,exp1_permuted_src_datasets
1605,237.06658363342285,1.0,1736407228.0599577,,,,,,,1.3724861145019531,1.0,0.001,1,16,40x40,MatchingNetwork,5,5,Greek,miniImageNet_SOTA_trainSet,False,1,4000,2,exp1_permuted_src_datasets
1606,237.07581973075867,1.0,1736407228.0691938,,,,,,,1.375362515449524,1.0,0.001,1,16,40x40,MatchingNetwork,5,5,Greek,miniImageNet_SOTA_trainSet,False,1,4000,2,exp1_permuted_src_datasets
1607,237.08650708198547,1.0,1736407228.0798812,,,,,,,1.3695175647735596,1.0,0.001,1,16,40x40,MatchingNetwork,5,5,Greek,miniImageNet_SOTA_trainSet,False,1,4000,2,exp1_permuted_src_datasets
1608,237.1012041568756,1.0,1736407228.0945783,,,,,,,1.3723149299621582,1.0,0.001,1,16,40x40,MatchingNetwork,5,5,Greek,miniImageNet_SOTA_trainSet,False,1,4000,2,exp1_permuted_src_datasets
1609,237.11097168922424,1.0,1736407228.1043458,,,,,,,1.4283565282821655,0.9375,0.001,1,16,40x40,MatchingNetwork,5,5,Greek,miniImageNet_SOTA_trainSet,False,1,4000,2,exp1_permuted_src_datasets
1610,237.12039041519165,1.0,1736407228.1137645,,,,,,,1.4879412651062012,0.9375,0.001,1,16,40x40,MatchingNetwork,5,5,Greek,miniImageNet_SOTA_trainSet,False,1,4000,2,exp1_permuted_src_datasets
1611,237.12958002090454,1.0,1736407228.1229541,,,,,,,1.3723301887512207,1.0,0.001,1,16,40x40,MatchingNetwork,5,5,Greek,miniImageNet_SOTA_trainSet,False,1,4000,2,exp1_permuted_src_datasets
1612,237.13924908638,1.0,1736407228.1326232,,,,,,,1.3733391761779785,1.0,0.001,1,16,40x40,MatchingNetwork,5,5,Greek,miniImageNet_SOTA_trainSet,False,1,4000,2,exp1_permuted_src_datasets
1613,237.14837431907654,1.0,1736407228.1417484,,,,,,,1.3686808347702026,1.0,0.001,1,16,40x40,MatchingNetwork,5,5,Greek,miniImageNet_SOTA_trainSet,False,1,4000,2,exp1_permuted_src_datasets
1614,237.1574513912201,1.0,1736407228.1508255,,,,,,,1.3717610836029053,1.0,0.001,1,16,40x40,MatchingNetwork,5,5,Greek,miniImageNet_SOTA_trainSet,False,1,4000,2,exp1_permuted_src_datasets
1615,237.1671335697174,1.0,1736407228.1605077,,,,,,,1.3694416284561157,1.0,0.001,1,16,40x40,MatchingNetwork,5,5,Greek,miniImageNet_SOTA_trainSet,False,1,4000,2,exp1_permuted_src_datasets
1616,237.17637968063354,1.0,1736407228.1697538,,,,,,,1.431327223777771,1.0,0.001,1,16,40x40,MatchingNetwork,5,5,Greek,miniImageNet_SOTA_trainSet,False,1,4000,2,exp1_permuted_src_datasets
1617,237.185448884964,1.0,1736407228.178823,,,,,,,1.371627688407898,1.0,0.001,1,16,40x40,MatchingNetwork,5,5,Greek,miniImageNet_SOTA_trainSet,False,1,4000,2,exp1_permuted_src_datasets
1618,237.1945128440857,1.0,1736407228.187887,,,,,,,1.370300054550171,1.0,0.001,1,16,40x40,MatchingNetwork,5,5,Greek,miniImageNet_SOTA_trainSet,False,1,4000,2,exp1_permuted_src_datasets
1619,237.2036852836609,1.0,1736407228.1970594,,,,,,,1.3752232789993286,1.0,0.001,1,16,40x40,MatchingNetwork,5,5,Greek,miniImageNet_SOTA_trainSet,False,1,4000,2,exp1_permuted_src_datasets
1620,237.2127549648285,1.0,1736407228.206129,,,,,,,1.3732746839523315,1.0,0.001,1,16,40x40,MatchingNetwork,5,5,Greek,miniImageNet_SOTA_trainSet,False,1,4000,2,exp1_permuted_src_datasets
1621,237.22180724143982,1.0,1736407228.2151814,,,,,,,1.3682039976119995,1.0,0.001,1,16,40x40,MatchingNetwork,5,5,Greek,miniImageNet_SOTA_trainSet,False,1,4000,2,exp1_permuted_src_datasets
1622,237.2308657169342,1.0,1736407228.2242398,,,,,,,1.3693230152130127,1.0,0.001,1,16,40x40,MatchingNetwork,5,5,Greek,miniImageNet_SOTA_trainSet,False,1,4000,2,exp1_permuted_src_datasets
1623,237.23991298675537,1.0,1736407228.233287,,,,,,,1.36895751953125,1.0,0.001,1,16,40x40,MatchingNetwork,5,5,Greek,miniImageNet_SOTA_trainSet,False,1,4000,2,exp1_permuted_src_datasets
1624,237.24901866912842,1.0,1736407228.2423928,,,,,,,1.3681666851043701,1.0,0.001,1,16,40x40,MatchingNetwork,5,5,Greek,miniImageNet_SOTA_trainSet,False,1,4000,2,exp1_permuted_src_datasets
1625,237.25808954238892,1.0,1736407228.2514637,,,,,,,1.3692625761032104,1.0,0.001,1,16,40x40,MatchingNetwork,5,5,Greek,miniImageNet_SOTA_trainSet,False,1,4000,2,exp1_permuted_src_datasets
1626,237.2671353816986,1.0,1736407228.2605095,,,,,,,1.3686540126800537,1.0,0.001,1,16,40x40,MatchingNetwork,5,5,Greek,miniImageNet_SOTA_trainSet,False,1,4000,2,exp1_permuted_src_datasets
1627,237.27623510360718,1.0,1736407228.2696092,,,,,,,1.3684486150741577,1.0,0.001,1,16,40x40,MatchingNetwork,5,5,Greek,miniImageNet_SOTA_trainSet,False,1,4000,2,exp1_permuted_src_datasets
1628,237.2852771282196,1.0,1736407228.2786512,,,,,,,1.4277456998825073,1.0,0.001,1,16,40x40,MatchingNetwork,5,5,Greek,miniImageNet_SOTA_trainSet,False,1,4000,2,exp1_permuted_src_datasets
1629,237.2943675518036,1.0,1736407228.2877417,,,,,,,1.371990442276001,1.0,0.001,1,16,40x40,MatchingNetwork,5,5,Greek,miniImageNet_SOTA_trainSet,False,1,4000,2,exp1_permuted_src_datasets
1630,237.30344891548157,1.0,1736407228.296823,,,,,,,1.3731610774993896,1.0,0.001,1,16,40x40,MatchingNetwork,5,5,Greek,miniImageNet_SOTA_trainSet,False,1,4000,2,exp1_permuted_src_datasets
1631,237.31265807151794,1.0,1736407228.3060322,,,,,,,1.3736472129821777,1.0,0.001,1,16,40x40,MatchingNetwork,5,5,Greek,miniImageNet_SOTA_trainSet,False,1,4000,2,exp1_permuted_src_datasets
1632,237.32171845436096,1.0,1736407228.3150926,,,,,,,1.3696882724761963,1.0,0.001,1,16,40x40,MatchingNetwork,5,5,Greek,miniImageNet_SOTA_trainSet,False,1,4000,2,exp1_permuted_src_datasets
1633,237.33082056045532,1.0,1736407228.3241947,,,,,,,1.4313651323318481,0.9375,0.001,1,16,40x40,MatchingNetwork,5,5,Greek,miniImageNet_SOTA_trainSet,False,1,4000,2,exp1_permuted_src_datasets
1634,237.33989810943604,1.0,1736407228.3332722,,,,,,,1.3721082210540771,1.0,0.001,1,16,40x40,MatchingNetwork,5,5,Greek,miniImageNet_SOTA_trainSet,False,1,4000,2,exp1_permuted_src_datasets
1635,237.34901642799377,1.0,1736407228.3423905,,,,,,,1.3693914413452148,1.0,0.001,1,16,40x40,MatchingNetwork,5,5,Greek,miniImageNet_SOTA_trainSet,False,1,4000,2,exp1_permuted_src_datasets
1636,237.35839176177979,1.0,1736407228.3517659,,,,,,,1.3717601299285889,1.0,0.001,1,16,40x40,MatchingNetwork,5,5,Greek,miniImageNet_SOTA_trainSet,False,1,4000,2,exp1_permuted_src_datasets
1637,237.36771297454834,1.0,1736407228.361087,,,,,,,1.431125283241272,1.0,0.001,1,16,40x40,MatchingNetwork,5,5,Greek,miniImageNet_SOTA_trainSet,False,1,4000,2,exp1_permuted_src_datasets
1638,237.38271021842957,1.0,1736407228.3760843,,,,,,,1.369347333908081,1.0,0.001,1,16,40x40,MatchingNetwork,5,5,Greek,miniImageNet_SOTA_trainSet,False,1,4000,2,exp1_permuted_src_datasets
1639,246.50373911857605,1.0,1736407237.4971132,,,,,,0.46275,,,0.001,1,16,40x40,MatchingNetwork,5,5,Greek,miniImageNet_SOTA_trainSet,False,1,4000,2,exp1_permuted_src_datasets
1640,246.51094675064087,1.0,1736407237.5043209,,,,,,,1.3723688125610352,1.0,0.001,1,16,40x40,MatchingNetwork,5,5,Greek,miniImageNet_SOTA_trainSet,False,1,4000,2,exp1_permuted_src_datasets
1641,246.52052688598633,1.0,1736407237.513901,,,,,,,1.3705135583877563,1.0,0.001,1,16,40x40,MatchingNetwork,5,5,Greek,miniImageNet_SOTA_trainSet,False,1,4000,2,exp1_permuted_src_datasets
1642,246.52971863746643,1.0,1736407237.5230927,,,,,,,1.4286694526672363,1.0,0.001,1,16,40x40,MatchingNetwork,5,5,Greek,miniImageNet_SOTA_trainSet,False,1,4000,2,exp1_permuted_src_datasets
1643,246.53886795043945,1.0,1736407237.532242,,,,,,,1.3762141466140747,1.0,0.001,1,16,40x40,MatchingNetwork,5,5,Greek,miniImageNet_SOTA_trainSet,False,1,4000,2,exp1_permuted_src_datasets
1644,246.54843091964722,1.0,1736407237.541805,,,,,,,1.3756581544876099,1.0,0.001,1,16,40x40,MatchingNetwork,5,5,Greek,miniImageNet_SOTA_trainSet,False,1,4000,2,exp1_permuted_src_datasets
1645,246.5576570034027,1.0,1736407237.551031,,,,,,,1.369206190109253,1.0,0.001,1,16,40x40,MatchingNetwork,5,5,Greek,miniImageNet_SOTA_trainSet,False,1,4000,2,exp1_permuted_src_datasets
1646,246.56684494018555,1.0,1736407237.560219,,,,,,,1.3719770908355713,1.0,0.001,1,16,40x40,MatchingNetwork,5,5,Greek,miniImageNet_SOTA_trainSet,False,1,4000,2,exp1_permuted_src_datasets
1647,246.5760338306427,1.0,1736407237.569408,,,,,,,1.3705008029937744,1.0,0.001,1,16,40x40,MatchingNetwork,5,5,Greek,miniImageNet_SOTA_trainSet,False,1,4000,2,exp1_permuted_src_datasets
1648,246.58526158332825,1.0,1736407237.5786357,,,,,,,1.3686443567276,1.0,0.001,1,16,40x40,MatchingNetwork,5,5,Greek,miniImageNet_SOTA_trainSet,False,1,4000,2,exp1_permuted_src_datasets
1649,246.59456539154053,1.0,1736407237.5879395,,,,,,,1.3739391565322876,1.0,0.001,1,16,40x40,MatchingNetwork,5,5,Greek,miniImageNet_SOTA_trainSet,False,1,4000,2,exp1_permuted_src_datasets
1650,246.60595989227295,1.0,1736407237.599334,,,,,,,1.3693677186965942,1.0,0.001,1,16,40x40,MatchingNetwork,5,5,Greek,miniImageNet_SOTA_trainSet,False,1,4000,2,exp1_permuted_src_datasets
1651,246.61629438400269,1.0,1736407237.6096685,,,,,,,1.3691023588180542,1.0,0.001,1,16,40x40,MatchingNetwork,5,5,Greek,miniImageNet_SOTA_trainSet,False,1,4000,2,exp1_permuted_src_datasets
1652,246.62563037872314,1.0,1736407237.6190045,,,,,,,1.3704688549041748,1.0,0.001,1,16,40x40,MatchingNetwork,5,5,Greek,miniImageNet_SOTA_trainSet,False,1,4000,2,exp1_permuted_src_datasets
1653,246.63546061515808,1.0,1736407237.6288347,,,,,,,1.3682746887207031,1.0,0.001,1,16,40x40,MatchingNetwork,5,5,Greek,miniImageNet_SOTA_trainSet,False,1,4000,2,exp1_permuted_src_datasets
1654,246.64997267723083,1.0,1736407237.6433468,,,,,,,1.4273167848587036,1.0,0.001,1,16,40x40,MatchingNetwork,5,5,Greek,miniImageNet_SOTA_trainSet,False,1,4000,2,exp1_permuted_src_datasets
1655,246.66898918151855,1.0,1736407237.6623633,,,,,,,1.3728210926055908,1.0,0.001,1,16,40x40,MatchingNetwork,5,5,Greek,miniImageNet_SOTA_trainSet,False,1,4000,2,exp1_permuted_src_datasets
1656,246.67958068847656,1.0,1736407237.6729548,,,,,,,1.369347095489502,1.0,0.001,1,16,40x40,MatchingNetwork,5,5,Greek,miniImageNet_SOTA_trainSet,False,1,4000,2,exp1_permuted_src_datasets
1657,246.68918108940125,1.0,1736407237.6825552,,,,,,,1.3716766834259033,1.0,0.001,1,16,40x40,MatchingNetwork,5,5,Greek,miniImageNet_SOTA_trainSet,False,1,4000,2,exp1_permuted_src_datasets
1658,246.69822931289673,1.0,1736407237.6916034,,,,,,,1.4321638345718384,1.0,0.001,1,16,40x40,MatchingNetwork,5,5,Greek,miniImageNet_SOTA_trainSet,False,1,4000,2,exp1_permuted_src_datasets
1659,246.70737218856812,1.0,1736407237.7007463,,,,,,,1.375254511833191,1.0,0.001,1,16,40x40,MatchingNetwork,5,5,Greek,miniImageNet_SOTA_trainSet,False,1,4000,2,exp1_permuted_src_datasets
1660,246.71690559387207,1.0,1736407237.7102797,,,,,,,1.3693310022354126,1.0,0.001,1,16,40x40,MatchingNetwork,5,5,Greek,miniImageNet_SOTA_trainSet,False,1,4000,2,exp1_permuted_src_datasets
1661,246.72617077827454,1.0,1736407237.719545,,,,,,,1.3698557615280151,1.0,0.001,1,16,40x40,MatchingNetwork,5,5,Greek,miniImageNet_SOTA_trainSet,False,1,4000,2,exp1_permuted_src_datasets
1662,246.73549890518188,1.0,1736407237.728873,,,,,,,1.372930645942688,1.0,0.001,1,16,40x40,MatchingNetwork,5,5,Greek,miniImageNet_SOTA_trainSet,False,1,4000,2,exp1_permuted_src_datasets
1663,246.74465608596802,1.0,1736407237.7380302,,,,,,,1.371639609336853,1.0,0.001,1,16,40x40,MatchingNetwork,5,5,Greek,miniImageNet_SOTA_trainSet,False,1,4000,2,exp1_permuted_src_datasets
1664,246.75401043891907,1.0,1736407237.7473845,,,,,,,1.3752381801605225,1.0,0.001,1,16,40x40,MatchingNetwork,5,5,Greek,miniImageNet_SOTA_trainSet,False,1,4000,2,exp1_permuted_src_datasets
1665,246.7632234096527,1.0,1736407237.7565975,,,,,,,1.3731954097747803,1.0,0.001,1,16,40x40,MatchingNetwork,5,5,Greek,miniImageNet_SOTA_trainSet,False,1,4000,2,exp1_permuted_src_datasets
1666,246.77234482765198,1.0,1736407237.765719,,,,,,,1.4293447732925415,1.0,0.001,1,16,40x40,MatchingNetwork,5,5,Greek,miniImageNet_SOTA_trainSet,False,1,4000,2,exp1_permuted_src_datasets
1667,246.78160429000854,1.0,1736407237.7749784,,,,,,,1.3717166185379028,1.0,0.001,1,16,40x40,MatchingNetwork,5,5,Greek,miniImageNet_SOTA_trainSet,False,1,4000,2,exp1_permuted_src_datasets
1668,246.79087901115417,1.0,1736407237.7842531,,,,,,,1.3701086044311523,1.0,0.001,1,16,40x40,MatchingNetwork,5,5,Greek,miniImageNet_SOTA_trainSet,False,1,4000,2,exp1_permuted_src_datasets
1669,246.799902677536,1.0,1736407237.7932768,,,,,,,1.3695060014724731,1.0,0.001,1,16,40x40,MatchingNetwork,5,5,Greek,miniImageNet_SOTA_trainSet,False,1,4000,2,exp1_permuted_src_datasets
1670,246.80965971946716,1.0,1736407237.8030338,,,,,,,1.3690797090530396,1.0,0.001,1,16,40x40,MatchingNetwork,5,5,Greek,miniImageNet_SOTA_trainSet,False,1,4000,2,exp1_permuted_src_datasets
1671,246.8189935684204,1.0,1736407237.8123677,,,,,,,1.3723868131637573,1.0,0.001,1,16,40x40,MatchingNetwork,5,5,Greek,miniImageNet_SOTA_trainSet,False,1,4000,2,exp1_permuted_src_datasets
1672,246.82845282554626,1.0,1736407237.821827,,,,,,,1.3716996908187866,1.0,0.001,1,16,40x40,MatchingNetwork,5,5,Greek,miniImageNet_SOTA_trainSet,False,1,4000,2,exp1_permuted_src_datasets
1673,246.8379237651825,1.0,1736407237.8312979,,,,,,,1.3695931434631348,1.0,0.001,1,16,40x40,MatchingNetwork,5,5,Greek,miniImageNet_SOTA_trainSet,False,1,4000,2,exp1_permuted_src_datasets
1674,246.8471782207489,1.0,1736407237.8405523,,,,,,,1.3716686964035034,1.0,0.001,1,16,40x40,MatchingNetwork,5,5,Greek,miniImageNet_SOTA_trainSet,False,1,4000,2,exp1_permuted_src_datasets
1675,246.85636234283447,1.0,1736407237.8497365,,,,,,,1.3732709884643555,1.0,0.001,1,16,40x40,MatchingNetwork,5,5,Greek,miniImageNet_SOTA_trainSet,False,1,4000,2,exp1_permuted_src_datasets
1676,246.86539483070374,1.0,1736407237.858769,,,,,,,1.3735004663467407,1.0,0.001,1,16,40x40,MatchingNetwork,5,5,Greek,miniImageNet_SOTA_trainSet,False,1,4000,2,exp1_permuted_src_datasets
1677,246.8744673728943,1.0,1736407237.8678415,,,,,,,1.4281903505325317,1.0,0.001,1,16,40x40,MatchingNetwork,5,5,Greek,miniImageNet_SOTA_trainSet,False,1,4000,2,exp1_permuted_src_datasets
1678,246.88357067108154,1.0,1736407237.8769448,,,,,,,1.3737881183624268,1.0,0.001,1,16,40x40,MatchingNetwork,5,5,Greek,miniImageNet_SOTA_trainSet,False,1,4000,2,exp1_permuted_src_datasets
1679,246.8926064968109,1.0,1736407237.8859806,,,,,,,1.3719521760940552,1.0,0.001,1,16,40x40,MatchingNetwork,5,5,Greek,miniImageNet_SOTA_trainSet,False,1,4000,2,exp1_permuted_src_datasets
1680,246.90175414085388,1.0,1736407237.8951283,,,,,,,1.3698841333389282,1.0,0.001,1,16,40x40,MatchingNetwork,5,5,Greek,miniImageNet_SOTA_trainSet,False,1,4000,2,exp1_permuted_src_datasets
1681,246.91087865829468,1.0,1736407237.9042528,,,,,,,1.3696929216384888,1.0,0.001,1,16,40x40,MatchingNetwork,5,5,Greek,miniImageNet_SOTA_trainSet,False,1,4000,2,exp1_permuted_src_datasets
1682,246.9200348854065,1.0,1736407237.913409,,,,,,,1.4316515922546387,0.875,0.001,1,16,40x40,MatchingNetwork,5,5,Greek,miniImageNet_SOTA_trainSet,False,1,4000,2,exp1_permuted_src_datasets
1683,246.92909479141235,1.0,1736407237.922469,,,,,,,1.427438735961914,1.0,0.001,1,16,40x40,MatchingNetwork,5,5,Greek,miniImageNet_SOTA_trainSet,False,1,4000,2,exp1_permuted_src_datasets
1684,246.93816113471985,1.0,1736407237.9315352,,,,,,,1.4274433851242065,1.0,0.001,1,16,40x40,MatchingNetwork,5,5,Greek,miniImageNet_SOTA_trainSet,False,1,4000,2,exp1_permuted_src_datasets
1685,246.9472312927246,1.0,1736407237.9406054,,,,,,,1.427825927734375,1.0,0.001,1,16,40x40,MatchingNetwork,5,5,Greek,miniImageNet_SOTA_trainSet,False,1,4000,2,exp1_permuted_src_datasets
1686,246.95621275901794,1.0,1736407237.9495869,,,,,,,1.3689156770706177,1.0,0.001,1,16,40x40,MatchingNetwork,5,5,Greek,miniImageNet_SOTA_trainSet,False,1,4000,2,exp1_permuted_src_datasets
1687,246.96518206596375,1.0,1736407237.9585562,,,,,,,1.3727436065673828,1.0,0.001,1,16,40x40,MatchingNetwork,5,5,Greek,miniImageNet_SOTA_trainSet,False,1,4000,2,exp1_permuted_src_datasets
1688,246.97422289848328,1.0,1736407237.967597,,,,,,,1.3724316358566284,1.0,0.001,1,16,40x40,MatchingNetwork,5,5,Greek,miniImageNet_SOTA_trainSet,False,1,4000,2,exp1_permuted_src_datasets
1689,246.9832615852356,1.0,1736407237.9766357,,,,,,,1.369647741317749,1.0,0.001,1,16,40x40,MatchingNetwork,5,5,Greek,miniImageNet_SOTA_trainSet,False,1,4000,2,exp1_permuted_src_datasets
1690,246.99224281311035,1.0,1736407237.985617,,,,,,,1.3720555305480957,1.0,0.001,1,16,40x40,MatchingNetwork,5,5,Greek,miniImageNet_SOTA_trainSet,False,1,4000,2,exp1_permuted_src_datasets
1691,247.00118613243103,1.0,1736407237.9945602,,,,,,,1.3686476945877075,1.0,0.001,1,16,40x40,MatchingNetwork,5,5,Greek,miniImageNet_SOTA_trainSet,False,1,4000,2,exp1_permuted_src_datasets
1692,247.01016449928284,1.0,1736407238.0035386,,,,,,,1.368504524230957,1.0,0.001,1,16,40x40,MatchingNetwork,5,5,Greek,miniImageNet_SOTA_trainSet,False,1,4000,2,exp1_permuted_src_datasets
1693,247.01917457580566,1.0,1736407238.0125487,,,,,,,1.4274296760559082,1.0,0.001,1,16,40x40,MatchingNetwork,5,5,Greek,miniImageNet_SOTA_trainSet,False,1,4000,2,exp1_permuted_src_datasets
1694,247.02816796302795,1.0,1736407238.021542,,,,,,,1.371385097503662,1.0,0.001,1,16,40x40,MatchingNetwork,5,5,Greek,miniImageNet_SOTA_trainSet,False,1,4000,2,exp1_permuted_src_datasets
1695,247.0371069908142,1.0,1736407238.030481,,,,,,,1.3692784309387207,1.0,0.001,1,16,40x40,MatchingNetwork,5,5,Greek,miniImageNet_SOTA_trainSet,False,1,4000,2,exp1_permuted_src_datasets
1696,247.04611897468567,1.0,1736407238.039493,,,,,,,1.3694841861724854,1.0,0.001,1,16,40x40,MatchingNetwork,5,5,Greek,miniImageNet_SOTA_trainSet,False,1,4000,2,exp1_permuted_src_datasets
1697,247.05512499809265,1.0,1736407238.048499,,,,,,,1.371260404586792,1.0,0.001,1,16,40x40,MatchingNetwork,5,5,Greek,miniImageNet_SOTA_trainSet,False,1,4000,2,exp1_permuted_src_datasets
1698,247.06748056411743,1.0,1736407238.0608547,,,,,,,1.3688634634017944,1.0,0.001,1,16,40x40,MatchingNetwork,5,5,Greek,miniImageNet_SOTA_trainSet,False,1,4000,2,exp1_permuted_src_datasets
1699,247.082195520401,1.0,1736407238.0755696,,,,,,,1.3724942207336426,1.0,0.001,1,16,40x40,MatchingNetwork,5,5,Greek,miniImageNet_SOTA_trainSet,False,1,4000,2,exp1_permuted_src_datasets
1700,247.09488797187805,1.0,1736407238.088262,,,,,,,1.3724446296691895,1.0,0.001,1,16,40x40,MatchingNetwork,5,5,Greek,miniImageNet_SOTA_trainSet,False,1,4000,2,exp1_permuted_src_datasets
1701,247.10709476470947,1.0,1736407238.1004689,,,,,,,1.3775439262390137,1.0,0.001,1,16,40x40,MatchingNetwork,5,5,Greek,miniImageNet_SOTA_trainSet,False,1,4000,2,exp1_permuted_src_datasets
1702,256.1936066150665,1.0,1736407247.1869807,,,,,,0.46925,,,0.001,1,16,40x40,MatchingNetwork,5,5,Greek,miniImageNet_SOTA_trainSet,False,1,4000,2,exp1_permuted_src_datasets
1703,256.2008385658264,1.0,1736407247.1942127,,,,,,,1.375083327293396,1.0,0.001,1,16,40x40,MatchingNetwork,5,5,Greek,miniImageNet_SOTA_trainSet,False,1,4000,2,exp1_permuted_src_datasets
1704,256.2104380130768,1.0,1736407247.2038121,,,,,,,1.3741085529327393,1.0,0.001,1,16,40x40,MatchingNetwork,5,5,Greek,miniImageNet_SOTA_trainSet,False,1,4000,2,exp1_permuted_src_datasets
1705,256.2197017669678,1.0,1736407247.2130759,,,,,,,1.3717257976531982,1.0,0.001,1,16,40x40,MatchingNetwork,5,5,Greek,miniImageNet_SOTA_trainSet,False,1,4000,2,exp1_permuted_src_datasets
1706,256.22919249534607,1.0,1736407247.2225666,,,,,,,1.371625542640686,1.0,0.001,1,16,40x40,MatchingNetwork,5,5,Greek,miniImageNet_SOTA_trainSet,False,1,4000,2,exp1_permuted_src_datasets
1707,256.2415668964386,1.0,1736407247.234941,,,,,,,1.3698081970214844,1.0,0.001,1,16,40x40,MatchingNetwork,5,5,Greek,miniImageNet_SOTA_trainSet,False,1,4000,2,exp1_permuted_src_datasets
1708,256.2514102458954,1.0,1736407247.2447844,,,,,,,1.3752498626708984,1.0,0.001,1,16,40x40,MatchingNetwork,5,5,Greek,miniImageNet_SOTA_trainSet,False,1,4000,2,exp1_permuted_src_datasets
1709,256.2613031864166,1.0,1736407247.2546773,,,,,,,1.3689377307891846,1.0,0.001,1,16,40x40,MatchingNetwork,5,5,Greek,miniImageNet_SOTA_trainSet,False,1,4000,2,exp1_permuted_src_datasets
1710,256.27116894721985,1.0,1736407247.264543,,,,,,,1.3731333017349243,1.0,0.001,1,16,40x40,MatchingNetwork,5,5,Greek,miniImageNet_SOTA_trainSet,False,1,4000,2,exp1_permuted_src_datasets
1711,256.2808120250702,1.0,1736407247.2741861,,,,,,,1.4272139072418213,1.0,0.001,1,16,40x40,MatchingNetwork,5,5,Greek,miniImageNet_SOTA_trainSet,False,1,4000,2,exp1_permuted_src_datasets
1712,256.2903549671173,1.0,1736407247.283729,,,,,,,1.428459644317627,1.0,0.001,1,16,40x40,MatchingNetwork,5,5,Greek,miniImageNet_SOTA_trainSet,False,1,4000,2,exp1_permuted_src_datasets
1713,256.2997856140137,1.0,1736407247.2931597,,,,,,,1.375355839729309,1.0,0.001,1,16,40x40,MatchingNetwork,5,5,Greek,miniImageNet_SOTA_trainSet,False,1,4000,2,exp1_permuted_src_datasets
1714,256.31651496887207,1.0,1736407247.309889,,,,,,,1.3681890964508057,1.0,0.001,1,16,40x40,MatchingNetwork,5,5,Greek,miniImageNet_SOTA_trainSet,False,1,4000,2,exp1_permuted_src_datasets
1715,256.326708316803,1.0,1736407247.3200824,,,,,,,1.3696541786193848,1.0,0.001,1,16,40x40,MatchingNetwork,5,5,Greek,miniImageNet_SOTA_trainSet,False,1,4000,2,exp1_permuted_src_datasets
1716,256.344434261322,1.0,1736407247.3378084,,,,,,,1.3733160495758057,1.0,0.001,1,16,40x40,MatchingNetwork,5,5,Greek,miniImageNet_SOTA_trainSet,False,1,4000,2,exp1_permuted_src_datasets
1717,256.3563950061798,1.0,1736407247.349769,,,,,,,1.428025722503662,1.0,0.001,1,16,40x40,MatchingNetwork,5,5,Greek,miniImageNet_SOTA_trainSet,False,1,4000,2,exp1_permuted_src_datasets
1718,256.36563062667847,1.0,1736407247.3590047,,,,,,,1.3715689182281494,1.0,0.001,1,16,40x40,MatchingNetwork,5,5,Greek,miniImageNet_SOTA_trainSet,False,1,4000,2,exp1_permuted_src_datasets
1719,256.3750925064087,1.0,1736407247.3684666,,,,,,,1.3723628520965576,1.0,0.001,1,16,40x40,MatchingNetwork,5,5,Greek,miniImageNet_SOTA_trainSet,False,1,4000,2,exp1_permuted_src_datasets
1720,256.3868007659912,1.0,1736407247.3801749,,,,,,,1.371806263923645,1.0,0.001,1,16,40x40,MatchingNetwork,5,5,Greek,miniImageNet_SOTA_trainSet,False,1,4000,2,exp1_permuted_src_datasets
1721,256.39583015441895,1.0,1736407247.3892043,,,,,,,1.3716464042663574,1.0,0.001,1,16,40x40,MatchingNetwork,5,5,Greek,miniImageNet_SOTA_trainSet,False,1,4000,2,exp1_permuted_src_datasets
1722,256.4048352241516,1.0,1736407247.3982093,,,,,,,1.375423550605774,1.0,0.001,1,16,40x40,MatchingNetwork,5,5,Greek,miniImageNet_SOTA_trainSet,False,1,4000,2,exp1_permuted_src_datasets
1723,256.4138379096985,1.0,1736407247.407212,,,,,,,1.3686033487319946,1.0,0.001,1,16,40x40,MatchingNetwork,5,5,Greek,miniImageNet_SOTA_trainSet,False,1,4000,2,exp1_permuted_src_datasets
1724,256.42295718193054,1.0,1736407247.4163313,,,,,,,1.3725576400756836,1.0,0.001,1,16,40x40,MatchingNetwork,5,5,Greek,miniImageNet_SOTA_trainSet,False,1,4000,2,exp1_permuted_src_datasets
1725,256.43400025367737,1.0,1736407247.4273744,,,,,,,1.427551031112671,1.0,0.001,1,16,40x40,MatchingNetwork,5,5,Greek,miniImageNet_SOTA_trainSet,False,1,4000,2,exp1_permuted_src_datasets
1726,256.445187330246,1.0,1736407247.4385614,,,,,,,1.3722288608551025,1.0,0.001,1,16,40x40,MatchingNetwork,5,5,Greek,miniImageNet_SOTA_trainSet,False,1,4000,2,exp1_permuted_src_datasets
1727,256.4559693336487,1.0,1736407247.4493434,,,,,,,1.3762907981872559,1.0,0.001,1,16,40x40,MatchingNetwork,5,5,Greek,miniImageNet_SOTA_trainSet,False,1,4000,2,exp1_permuted_src_datasets
1728,256.46564650535583,1.0,1736407247.4590206,,,,,,,1.369133472442627,1.0,0.001,1,16,40x40,MatchingNetwork,5,5,Greek,miniImageNet_SOTA_trainSet,False,1,4000,2,exp1_permuted_src_datasets
1729,256.47541427612305,1.0,1736407247.4687884,,,,,,,1.3685617446899414,1.0,0.001,1,16,40x40,MatchingNetwork,5,5,Greek,miniImageNet_SOTA_trainSet,False,1,4000,2,exp1_permuted_src_datasets
1730,256.4850654602051,1.0,1736407247.4784396,,,,,,,1.3691433668136597,1.0,0.001,1,16,40x40,MatchingNetwork,5,5,Greek,miniImageNet_SOTA_trainSet,False,1,4000,2,exp1_permuted_src_datasets
1731,256.495934009552,1.0,1736407247.489308,,,,,,,1.4280604124069214,1.0,0.001,1,16,40x40,MatchingNetwork,5,5,Greek,miniImageNet_SOTA_trainSet,False,1,4000,2,exp1_permuted_src_datasets
1732,256.5072090625763,1.0,1736407247.5005832,,,,,,,1.3697292804718018,1.0,0.001,1,16,40x40,MatchingNetwork,5,5,Greek,miniImageNet_SOTA_trainSet,False,1,4000,2,exp1_permuted_src_datasets
1733,256.52027320861816,1.0,1736407247.5136473,,,,,,,1.3682504892349243,1.0,0.001,1,16,40x40,MatchingNetwork,5,5,Greek,miniImageNet_SOTA_trainSet,False,1,4000,2,exp1_permuted_src_datasets
1734,256.5344285964966,1.0,1736407247.5278027,,,,,,,1.3726569414138794,1.0,0.001,1,16,40x40,MatchingNetwork,5,5,Greek,miniImageNet_SOTA_trainSet,False,1,4000,2,exp1_permuted_src_datasets
1735,256.54421377182007,1.0,1736407247.537588,,,,,,,1.3680214881896973,1.0,0.001,1,16,40x40,MatchingNetwork,5,5,Greek,miniImageNet_SOTA_trainSet,False,1,4000,2,exp1_permuted_src_datasets
1736,256.553594827652,1.0,1736407247.546969,,,,,,,1.4274870157241821,1.0,0.001,1,16,40x40,MatchingNetwork,5,5,Greek,miniImageNet_SOTA_trainSet,False,1,4000,2,exp1_permuted_src_datasets
1737,256.56280493736267,1.0,1736407247.556179,,,,,,,1.3725343942642212,1.0,0.001,1,16,40x40,MatchingNetwork,5,5,Greek,miniImageNet_SOTA_trainSet,False,1,4000,2,exp1_permuted_src_datasets
1738,256.572003364563,1.0,1736407247.5653775,,,,,,,1.3693691492080688,1.0,0.001,1,16,40x40,MatchingNetwork,5,5,Greek,miniImageNet_SOTA_trainSet,False,1,4000,2,exp1_permuted_src_datasets
1739,256.58125710487366,1.0,1736407247.5746312,,,,,,,1.4282468557357788,0.9375,0.001,1,16,40x40,MatchingNetwork,5,5,Greek,miniImageNet_SOTA_trainSet,False,1,4000,2,exp1_permuted_src_datasets
1740,256.59066247940063,1.0,1736407247.5840366,,,,,,,1.3695614337921143,1.0,0.001,1,16,40x40,MatchingNetwork,5,5,Greek,miniImageNet_SOTA_trainSet,False,1,4000,2,exp1_permuted_src_datasets
1741,256.6005434989929,1.0,1736407247.5939176,,,,,,,1.371677041053772,1.0,0.001,1,16,40x40,MatchingNetwork,5,5,Greek,miniImageNet_SOTA_trainSet,False,1,4000,2,exp1_permuted_src_datasets
1742,256.6112506389618,1.0,1736407247.6046247,,,,,,,1.3707550764083862,1.0,0.001,1,16,40x40,MatchingNetwork,5,5,Greek,miniImageNet_SOTA_trainSet,False,1,4000,2,exp1_permuted_src_datasets
1743,256.6221034526825,1.0,1736407247.6154776,,,,,,,1.3694908618927002,1.0,0.001,1,16,40x40,MatchingNetwork,5,5,Greek,miniImageNet_SOTA_trainSet,False,1,4000,2,exp1_permuted_src_datasets
1744,256.63520336151123,1.0,1736407247.6285775,,,,,,,1.3705462217330933,1.0,0.001,1,16,40x40,MatchingNetwork,5,5,Greek,miniImageNet_SOTA_trainSet,False,1,4000,2,exp1_permuted_src_datasets
1745,256.6566090583801,1.0,1736407247.6499832,,,,,,,1.3702102899551392,1.0,0.001,1,16,40x40,MatchingNetwork,5,5,Greek,miniImageNet_SOTA_trainSet,False,1,4000,2,exp1_permuted_src_datasets
1746,256.6662628650665,1.0,1736407247.659637,,,,,,,1.3696964979171753,1.0,0.001,1,16,40x40,MatchingNetwork,5,5,Greek,miniImageNet_SOTA_trainSet,False,1,4000,2,exp1_permuted_src_datasets
1747,256.67584109306335,1.0,1736407247.6692152,,,,,,,1.3724069595336914,1.0,0.001,1,16,40x40,MatchingNetwork,5,5,Greek,miniImageNet_SOTA_trainSet,False,1,4000,2,exp1_permuted_src_datasets
1748,256.68540596961975,1.0,1736407247.67878,,,,,,,1.3715412616729736,1.0,0.001,1,16,40x40,MatchingNetwork,5,5,Greek,miniImageNet_SOTA_trainSet,False,1,4000,2,exp1_permuted_src_datasets
1749,256.6947045326233,1.0,1736407247.6880786,,,,,,,1.3761317729949951,1.0,0.001,1,16,40x40,MatchingNetwork,5,5,Greek,miniImageNet_SOTA_trainSet,False,1,4000,2,exp1_permuted_src_datasets
1750,256.70679569244385,1.0,1736407247.7001698,,,,,,,1.3716120719909668,1.0,0.001,1,16,40x40,MatchingNetwork,5,5,Greek,miniImageNet_SOTA_trainSet,False,1,4000,2,exp1_permuted_src_datasets
1751,256.72563219070435,1.0,1736407247.7190063,,,,,,,1.3687546253204346,1.0,0.001,1,16,40x40,MatchingNetwork,5,5,Greek,miniImageNet_SOTA_trainSet,False,1,4000,2,exp1_permuted_src_datasets
1752,256.74248600006104,1.0,1736407247.73586,,,,,,,1.3716572523117065,1.0,0.001,1,16,40x40,MatchingNetwork,5,5,Greek,miniImageNet_SOTA_trainSet,False,1,4000,2,exp1_permuted_src_datasets
1753,256.75250267982483,1.0,1736407247.7458768,,,,,,,1.3723382949829102,1.0,0.001,1,16,40x40,MatchingNetwork,5,5,Greek,miniImageNet_SOTA_trainSet,False,1,4000,2,exp1_permuted_src_datasets
1754,256.76411533355713,1.0,1736407247.7574894,,,,,,,1.3707995414733887,1.0,0.001,1,16,40x40,MatchingNetwork,5,5,Greek,miniImageNet_SOTA_trainSet,False,1,4000,2,exp1_permuted_src_datasets
1755,256.77444338798523,1.0,1736407247.7678175,,,,,,,1.3718465566635132,1.0,0.001,1,16,40x40,MatchingNetwork,5,5,Greek,miniImageNet_SOTA_trainSet,False,1,4000,2,exp1_permuted_src_datasets
1756,256.7839181423187,1.0,1736407247.7772923,,,,,,,1.3723117113113403,1.0,0.001,1,16,40x40,MatchingNetwork,5,5,Greek,miniImageNet_SOTA_trainSet,False,1,4000,2,exp1_permuted_src_datasets
1757,256.79326367378235,1.0,1736407247.7866378,,,,,,,1.4292837381362915,0.9375,0.001,1,16,40x40,MatchingNetwork,5,5,Greek,miniImageNet_SOTA_trainSet,False,1,4000,2,exp1_permuted_src_datasets
1758,256.8033502101898,1.0,1736407247.7967243,,,,,,,1.3681350946426392,1.0,0.001,1,16,40x40,MatchingNetwork,5,5,Greek,miniImageNet_SOTA_trainSet,False,1,4000,2,exp1_permuted_src_datasets
1759,256.81391048431396,1.0,1736407247.8072846,,,,,,,1.3689227104187012,1.0,0.001,1,16,40x40,MatchingNetwork,5,5,Greek,miniImageNet_SOTA_trainSet,False,1,4000,2,exp1_permuted_src_datasets
1760,256.8252532482147,1.0,1736407247.8186274,,,,,,,1.370774269104004,1.0,0.001,1,16,40x40,MatchingNetwork,5,5,Greek,miniImageNet_SOTA_trainSet,False,1,4000,2,exp1_permuted_src_datasets
1761,256.84169006347656,1.0,1736407247.8350642,,,,,,,1.372071623802185,1.0,0.001,1,16,40x40,MatchingNetwork,5,5,Greek,miniImageNet_SOTA_trainSet,False,1,4000,2,exp1_permuted_src_datasets
1762,256.8536365032196,1.0,1736407247.8470106,,,,,,,1.3716850280761719,1.0,0.001,1,16,40x40,MatchingNetwork,5,5,Greek,miniImageNet_SOTA_trainSet,False,1,4000,2,exp1_permuted_src_datasets
1763,256.86314392089844,1.0,1736407247.856518,,,,,,,1.368666410446167,1.0,0.001,1,16,40x40,MatchingNetwork,5,5,Greek,miniImageNet_SOTA_trainSet,False,1,4000,2,exp1_permuted_src_datasets
1764,256.87252593040466,1.0,1736407247.8659,,,,,,,1.428135633468628,1.0,0.001,1,16,40x40,MatchingNetwork,5,5,Greek,miniImageNet_SOTA_trainSet,False,1,4000,2,exp1_permuted_src_datasets
1765,266.456396818161,1.0,1736407257.449771,,,,,,0.4885,,,0.001,1,16,40x40,MatchingNetwork,5,5,Greek,miniImageNet_SOTA_trainSet,False,1,4000,2,exp1_permuted_src_datasets
