_step,_runtime,bootstrap_iter,_timestamp,ft_eval_acc,ft_loss,ft_acc,lr,epochs,batch_size,input_size,model_type,n_way_test,n_way_train,tgt_dataset,src_datasets,fixed_support,samples_per_class,num_total_episodes,num_bootstrap_iters,exp_name
0,8.789241313934326,0.0,1735232831.2791872,,,,0.001,1,16,40x40,MatchingNetwork,5,5,Greek,Egyptian,False,5,4000,2,exp1_permuted_src_datasets
1,19.484485626220703,0.0,1735232841.9744315,0.86825,,,0.001,1,16,40x40,MatchingNetwork,5,5,Greek,Egyptian,False,5,4000,2,exp1_permuted_src_datasets
2,19.50374698638916,0.0,1735232841.9936929,,0.8595324754714966,1.0,0.001,1,16,40x40,MatchingNetwork,5,5,Greek,Egyptian,False,5,4000,2,exp1_permuted_src_datasets
3,19.534146547317505,0.0,1735232842.0240924,,0.8721591234207153,1.0,0.001,1,16,40x40,MatchingNetwork,5,5,Greek,Egyptian,False,5,4000,2,exp1_permuted_src_datasets
4,19.559248685836792,0.0,1735232842.0491946,,0.7709557414054871,1.0,0.001,1,16,40x40,MatchingNetwork,5,5,Greek,Egyptian,False,5,4000,2,exp1_permuted_src_datasets
5,19.58579397201538,0.0,1735232842.0757399,,0.8649516701698303,1.0,0.001,1,16,40x40,MatchingNetwork,5,5,Greek,Egyptian,False,5,4000,2,exp1_permuted_src_datasets
6,19.612252235412598,0.0,1735232842.1021981,,0.872090756893158,1.0,0.001,1,16,40x40,MatchingNetwork,5,5,Greek,Egyptian,False,5,4000,2,exp1_permuted_src_datasets
7,19.638998985290527,0.0,1735232842.1289449,,0.7635846138000488,1.0,0.001,1,16,40x40,MatchingNetwork,5,5,Greek,Egyptian,False,5,4000,2,exp1_permuted_src_datasets
8,19.664809226989746,0.0,1735232842.154755,,0.8116387724876404,1.0,0.001,1,16,40x40,MatchingNetwork,5,5,Greek,Egyptian,False,5,4000,2,exp1_permuted_src_datasets
9,19.690661191940308,0.0,1735232842.180607,,0.8499463796615601,1.0,0.001,1,16,40x40,MatchingNetwork,5,5,Greek,Egyptian,False,5,4000,2,exp1_permuted_src_datasets
10,19.71673321723938,0.0,1735232842.206679,,0.8089168667793274,1.0,0.001,1,16,40x40,MatchingNetwork,5,5,Greek,Egyptian,False,5,4000,2,exp1_permuted_src_datasets
11,19.74246907234192,0.0,1735232842.232415,,0.708448052406311,1.0,0.001,1,16,40x40,MatchingNetwork,5,5,Greek,Egyptian,False,5,4000,2,exp1_permuted_src_datasets
12,19.76886224746704,0.0,1735232842.2588081,,0.7730147838592529,1.0,0.001,1,16,40x40,MatchingNetwork,5,5,Greek,Egyptian,False,5,4000,2,exp1_permuted_src_datasets
13,19.79510521888733,0.0,1735232842.285051,,0.7502706050872803,1.0,0.001,1,16,40x40,MatchingNetwork,5,5,Greek,Egyptian,False,5,4000,2,exp1_permuted_src_datasets
14,19.82049250602722,0.0,1735232842.3104384,,0.7176569700241089,1.0,0.001,1,16,40x40,MatchingNetwork,5,5,Greek,Egyptian,False,5,4000,2,exp1_permuted_src_datasets
15,19.845875024795532,0.0,1735232842.335821,,0.7878299355506897,1.0,0.001,1,16,40x40,MatchingNetwork,5,5,Greek,Egyptian,False,5,4000,2,exp1_permuted_src_datasets
16,19.871153116226196,0.0,1735232842.361099,,0.8028095960617065,1.0,0.001,1,16,40x40,MatchingNetwork,5,5,Greek,Egyptian,False,5,4000,2,exp1_permuted_src_datasets
17,19.896317720413208,0.0,1735232842.3862636,,0.7462290525436401,1.0,0.001,1,16,40x40,MatchingNetwork,5,5,Greek,Egyptian,False,5,4000,2,exp1_permuted_src_datasets
18,19.92155933380127,0.0,1735232842.4115052,,0.8123733401298523,1.0,0.001,1,16,40x40,MatchingNetwork,5,5,Greek,Egyptian,False,5,4000,2,exp1_permuted_src_datasets
19,19.94691514968872,0.0,1735232842.436861,,0.7086517214775085,1.0,0.001,1,16,40x40,MatchingNetwork,5,5,Greek,Egyptian,False,5,4000,2,exp1_permuted_src_datasets
20,19.972147464752197,0.0,1735232842.4620934,,0.7644915580749512,1.0,0.001,1,16,40x40,MatchingNetwork,5,5,Greek,Egyptian,False,5,4000,2,exp1_permuted_src_datasets
21,19.997323989868164,0.0,1735232842.4872699,,0.7577615976333618,1.0,0.001,1,16,40x40,MatchingNetwork,5,5,Greek,Egyptian,False,5,4000,2,exp1_permuted_src_datasets
22,20.022354125976562,0.0,1735232842.5123,,0.7453287243843079,1.0,0.001,1,16,40x40,MatchingNetwork,5,5,Greek,Egyptian,False,5,4000,2,exp1_permuted_src_datasets
23,20.047232389450073,0.0,1735232842.5371783,,0.7857231497764587,1.0,0.001,1,16,40x40,MatchingNetwork,5,5,Greek,Egyptian,False,5,4000,2,exp1_permuted_src_datasets
24,20.073406219482422,0.0,1735232842.563352,,0.7707635164260864,1.0,0.001,1,16,40x40,MatchingNetwork,5,5,Greek,Egyptian,False,5,4000,2,exp1_permuted_src_datasets
25,20.0992591381073,0.0,1735232842.589205,,0.7499864101409912,1.0,0.001,1,16,40x40,MatchingNetwork,5,5,Greek,Egyptian,False,5,4000,2,exp1_permuted_src_datasets
26,20.126569747924805,0.0,1735232842.6165156,,0.801842987537384,1.0,0.001,1,16,40x40,MatchingNetwork,5,5,Greek,Egyptian,False,5,4000,2,exp1_permuted_src_datasets
27,20.153411865234375,0.0,1735232842.6433578,,0.6801923513412476,1.0,0.001,1,16,40x40,MatchingNetwork,5,5,Greek,Egyptian,False,5,4000,2,exp1_permuted_src_datasets
28,20.17936396598816,0.0,1735232842.6693099,,0.7229236364364624,1.0,0.001,1,16,40x40,MatchingNetwork,5,5,Greek,Egyptian,False,5,4000,2,exp1_permuted_src_datasets
29,20.20450258255005,0.0,1735232842.6944485,,0.7117161154747009,1.0,0.001,1,16,40x40,MatchingNetwork,5,5,Greek,Egyptian,False,5,4000,2,exp1_permuted_src_datasets
30,20.231083393096924,0.0,1735232842.7210293,,0.7187895178794861,1.0,0.001,1,16,40x40,MatchingNetwork,5,5,Greek,Egyptian,False,5,4000,2,exp1_permuted_src_datasets
31,20.255752325057983,0.0,1735232842.7456982,,0.7962440252304077,1.0,0.001,1,16,40x40,MatchingNetwork,5,5,Greek,Egyptian,False,5,4000,2,exp1_permuted_src_datasets
32,20.280717849731445,0.0,1735232842.7706637,,0.7731422185897827,1.0,0.001,1,16,40x40,MatchingNetwork,5,5,Greek,Egyptian,False,5,4000,2,exp1_permuted_src_datasets
33,20.306174755096436,0.0,1735232842.7961206,,0.7232717275619507,1.0,0.001,1,16,40x40,MatchingNetwork,5,5,Greek,Egyptian,False,5,4000,2,exp1_permuted_src_datasets
34,20.3312885761261,0.0,1735232842.8212345,,0.7315341830253601,1.0,0.001,1,16,40x40,MatchingNetwork,5,5,Greek,Egyptian,False,5,4000,2,exp1_permuted_src_datasets
35,20.356343030929565,0.0,1735232842.846289,,0.7257171869277954,1.0,0.001,1,16,40x40,MatchingNetwork,5,5,Greek,Egyptian,False,5,4000,2,exp1_permuted_src_datasets
36,20.382336378097534,0.0,1735232842.8722823,,0.7470964789390564,1.0,0.001,1,16,40x40,MatchingNetwork,5,5,Greek,Egyptian,False,5,4000,2,exp1_permuted_src_datasets
37,20.40794610977173,0.0,1735232842.897892,,0.7328910827636719,1.0,0.001,1,16,40x40,MatchingNetwork,5,5,Greek,Egyptian,False,5,4000,2,exp1_permuted_src_datasets
38,20.434298992156982,0.0,1735232842.9242449,,0.770713746547699,1.0,0.001,1,16,40x40,MatchingNetwork,5,5,Greek,Egyptian,False,5,4000,2,exp1_permuted_src_datasets
39,20.459307432174683,0.0,1735232842.9492533,,0.7582377791404724,1.0,0.001,1,16,40x40,MatchingNetwork,5,5,Greek,Egyptian,False,5,4000,2,exp1_permuted_src_datasets
40,20.484591245651245,0.0,1735232842.9745371,,0.6823911070823669,1.0,0.001,1,16,40x40,MatchingNetwork,5,5,Greek,Egyptian,False,5,4000,2,exp1_permuted_src_datasets
41,20.509589195251465,0.0,1735232842.999535,,0.7607669234275818,1.0,0.001,1,16,40x40,MatchingNetwork,5,5,Greek,Egyptian,False,5,4000,2,exp1_permuted_src_datasets
42,20.53471612930298,0.0,1735232843.024662,,0.6977044939994812,1.0,0.001,1,16,40x40,MatchingNetwork,5,5,Greek,Egyptian,False,5,4000,2,exp1_permuted_src_datasets
43,20.559837341308594,0.0,1735232843.0497832,,0.717446506023407,1.0,0.001,1,16,40x40,MatchingNetwork,5,5,Greek,Egyptian,False,5,4000,2,exp1_permuted_src_datasets
44,20.585052490234375,0.0,1735232843.0749984,,0.8356414437294006,1.0,0.001,1,16,40x40,MatchingNetwork,5,5,Greek,Egyptian,False,5,4000,2,exp1_permuted_src_datasets
45,20.61022686958313,0.0,1735232843.1001728,,0.7378445863723755,1.0,0.001,1,16,40x40,MatchingNetwork,5,5,Greek,Egyptian,False,5,4000,2,exp1_permuted_src_datasets
46,20.63546657562256,0.0,1735232843.1254125,,0.7080140709877014,1.0,0.001,1,16,40x40,MatchingNetwork,5,5,Greek,Egyptian,False,5,4000,2,exp1_permuted_src_datasets
47,20.66221570968628,0.0,1735232843.1521616,,0.7344503402709961,1.0,0.001,1,16,40x40,MatchingNetwork,5,5,Greek,Egyptian,False,5,4000,2,exp1_permuted_src_datasets
48,20.687464952468872,0.0,1735232843.1774108,,0.7504143118858337,1.0,0.001,1,16,40x40,MatchingNetwork,5,5,Greek,Egyptian,False,5,4000,2,exp1_permuted_src_datasets
49,20.71291732788086,0.0,1735232843.2028632,,0.6970764398574829,1.0,0.001,1,16,40x40,MatchingNetwork,5,5,Greek,Egyptian,False,5,4000,2,exp1_permuted_src_datasets
50,20.738245487213135,0.0,1735232843.2281914,,0.7135985493659973,1.0,0.001,1,16,40x40,MatchingNetwork,5,5,Greek,Egyptian,False,5,4000,2,exp1_permuted_src_datasets
51,20.763440132141113,0.0,1735232843.253386,,0.6981415748596191,1.0,0.001,1,16,40x40,MatchingNetwork,5,5,Greek,Egyptian,False,5,4000,2,exp1_permuted_src_datasets
52,20.788856506347656,0.0,1735232843.2788024,,0.6674250364303589,1.0,0.001,1,16,40x40,MatchingNetwork,5,5,Greek,Egyptian,False,5,4000,2,exp1_permuted_src_datasets
53,20.81401491165161,0.0,1735232843.3039608,,0.734824538230896,1.0,0.001,1,16,40x40,MatchingNetwork,5,5,Greek,Egyptian,False,5,4000,2,exp1_permuted_src_datasets
54,20.83923101425171,0.0,1735232843.329177,,0.6987335085868835,1.0,0.001,1,16,40x40,MatchingNetwork,5,5,Greek,Egyptian,False,5,4000,2,exp1_permuted_src_datasets
55,20.865065336227417,0.0,1735232843.3550112,,0.6630244255065918,1.0,0.001,1,16,40x40,MatchingNetwork,5,5,Greek,Egyptian,False,5,4000,2,exp1_permuted_src_datasets
56,20.890326976776123,0.0,1735232843.3802729,,0.6511803865432739,1.0,0.001,1,16,40x40,MatchingNetwork,5,5,Greek,Egyptian,False,5,4000,2,exp1_permuted_src_datasets
57,20.915964126586914,0.0,1735232843.40591,,0.7119556665420532,1.0,0.001,1,16,40x40,MatchingNetwork,5,5,Greek,Egyptian,False,5,4000,2,exp1_permuted_src_datasets
58,20.941887378692627,0.0,1735232843.4318333,,0.764792799949646,1.0,0.001,1,16,40x40,MatchingNetwork,5,5,Greek,Egyptian,False,5,4000,2,exp1_permuted_src_datasets
59,20.971297025680542,0.0,1735232843.461243,,0.6914458274841309,1.0,0.001,1,16,40x40,MatchingNetwork,5,5,Greek,Egyptian,False,5,4000,2,exp1_permuted_src_datasets
60,20.998842477798462,0.0,1735232843.4887884,,0.6830101013183594,1.0,0.001,1,16,40x40,MatchingNetwork,5,5,Greek,Egyptian,False,5,4000,2,exp1_permuted_src_datasets
61,21.02395796775818,0.0,1735232843.5139039,,0.7373781800270081,1.0,0.001,1,16,40x40,MatchingNetwork,5,5,Greek,Egyptian,False,5,4000,2,exp1_permuted_src_datasets
62,21.049176454544067,0.0,1735232843.5391223,,0.6683694124221802,1.0,0.001,1,16,40x40,MatchingNetwork,5,5,Greek,Egyptian,False,5,4000,2,exp1_permuted_src_datasets
63,21.0742027759552,0.0,1735232843.5641487,,0.7207149267196655,1.0,0.001,1,16,40x40,MatchingNetwork,5,5,Greek,Egyptian,False,5,4000,2,exp1_permuted_src_datasets
64,31.616523265838623,0.0,1735232854.1064692,0.90175,,,0.001,1,16,40x40,MatchingNetwork,5,5,Greek,Egyptian,False,5,4000,2,exp1_permuted_src_datasets
65,31.635517358779907,0.0,1735232854.1254632,,0.7124448418617249,1.0,0.001,1,16,40x40,MatchingNetwork,5,5,Greek,Egyptian,False,5,4000,2,exp1_permuted_src_datasets
66,31.66134238243103,0.0,1735232854.1512883,,0.6701843738555908,1.0,0.001,1,16,40x40,MatchingNetwork,5,5,Greek,Egyptian,False,5,4000,2,exp1_permuted_src_datasets
67,31.687186002731323,0.0,1735232854.177132,,0.6743544936180115,1.0,0.001,1,16,40x40,MatchingNetwork,5,5,Greek,Egyptian,False,5,4000,2,exp1_permuted_src_datasets
68,31.712456464767456,0.0,1735232854.2024024,,0.6583675742149353,1.0,0.001,1,16,40x40,MatchingNetwork,5,5,Greek,Egyptian,False,5,4000,2,exp1_permuted_src_datasets
69,31.7387752532959,0.0,1735232854.2287211,,0.7094019055366516,1.0,0.001,1,16,40x40,MatchingNetwork,5,5,Greek,Egyptian,False,5,4000,2,exp1_permuted_src_datasets
70,31.764881134033203,0.0,1735232854.254827,,0.6684679388999939,1.0,0.001,1,16,40x40,MatchingNetwork,5,5,Greek,Egyptian,False,5,4000,2,exp1_permuted_src_datasets
71,31.7896568775177,0.0,1735232854.2796028,,0.7433687448501587,1.0,0.001,1,16,40x40,MatchingNetwork,5,5,Greek,Egyptian,False,5,4000,2,exp1_permuted_src_datasets
72,31.81521725654602,0.0,1735232854.3051631,,0.661882221698761,1.0,0.001,1,16,40x40,MatchingNetwork,5,5,Greek,Egyptian,False,5,4000,2,exp1_permuted_src_datasets
73,31.84281063079834,0.0,1735232854.3327565,,0.7481375932693481,1.0,0.001,1,16,40x40,MatchingNetwork,5,5,Greek,Egyptian,False,5,4000,2,exp1_permuted_src_datasets
74,31.86918568611145,0.0,1735232854.3591316,,0.6897544264793396,1.0,0.001,1,16,40x40,MatchingNetwork,5,5,Greek,Egyptian,False,5,4000,2,exp1_permuted_src_datasets
75,31.89404320716858,0.0,1735232854.383989,,0.7200263738632202,1.0,0.001,1,16,40x40,MatchingNetwork,5,5,Greek,Egyptian,False,5,4000,2,exp1_permuted_src_datasets
76,31.920189142227173,0.0,1735232854.410135,,0.6658600568771362,1.0,0.001,1,16,40x40,MatchingNetwork,5,5,Greek,Egyptian,False,5,4000,2,exp1_permuted_src_datasets
77,31.945573091506958,0.0,1735232854.435519,,0.6866061687469482,1.0,0.001,1,16,40x40,MatchingNetwork,5,5,Greek,Egyptian,False,5,4000,2,exp1_permuted_src_datasets
78,31.970908403396606,0.0,1735232854.4608543,,0.6876781582832336,1.0,0.001,1,16,40x40,MatchingNetwork,5,5,Greek,Egyptian,False,5,4000,2,exp1_permuted_src_datasets
79,31.996927499771118,0.0,1735232854.4868734,,0.744469404220581,1.0,0.001,1,16,40x40,MatchingNetwork,5,5,Greek,Egyptian,False,5,4000,2,exp1_permuted_src_datasets
80,32.021783113479614,0.0,1735232854.511729,,0.8158209323883057,1.0,0.001,1,16,40x40,MatchingNetwork,5,5,Greek,Egyptian,False,5,4000,2,exp1_permuted_src_datasets
81,32.04588198661804,0.0,1735232854.5358279,,0.7126106023788452,1.0,0.001,1,16,40x40,MatchingNetwork,5,5,Greek,Egyptian,False,5,4000,2,exp1_permuted_src_datasets
82,32.06975054740906,0.0,1735232854.5596964,,0.6891480684280396,1.0,0.001,1,16,40x40,MatchingNetwork,5,5,Greek,Egyptian,False,5,4000,2,exp1_permuted_src_datasets
83,32.09362506866455,0.0,1735232854.583571,,0.6419238448143005,1.0,0.001,1,16,40x40,MatchingNetwork,5,5,Greek,Egyptian,False,5,4000,2,exp1_permuted_src_datasets
84,32.120734214782715,0.0,1735232854.61068,,0.7035427093505859,1.0,0.001,1,16,40x40,MatchingNetwork,5,5,Greek,Egyptian,False,5,4000,2,exp1_permuted_src_datasets
85,32.145461559295654,0.0,1735232854.6354074,,0.7617878317832947,1.0,0.001,1,16,40x40,MatchingNetwork,5,5,Greek,Egyptian,False,5,4000,2,exp1_permuted_src_datasets
86,32.169700384140015,0.0,1735232854.6596463,,0.7448214292526245,1.0,0.001,1,16,40x40,MatchingNetwork,5,5,Greek,Egyptian,False,5,4000,2,exp1_permuted_src_datasets
87,32.19438719749451,0.0,1735232854.684333,,0.7404748797416687,1.0,0.001,1,16,40x40,MatchingNetwork,5,5,Greek,Egyptian,False,5,4000,2,exp1_permuted_src_datasets
88,32.21893787384033,0.0,1735232854.7088838,,0.6557021737098694,1.0,0.001,1,16,40x40,MatchingNetwork,5,5,Greek,Egyptian,False,5,4000,2,exp1_permuted_src_datasets
89,32.243075132369995,0.0,1735232854.733021,,0.6532245874404907,1.0,0.001,1,16,40x40,MatchingNetwork,5,5,Greek,Egyptian,False,5,4000,2,exp1_permuted_src_datasets
90,32.26697039604187,0.0,1735232854.7569163,,0.6523370742797852,1.0,0.001,1,16,40x40,MatchingNetwork,5,5,Greek,Egyptian,False,5,4000,2,exp1_permuted_src_datasets
91,32.29088640213013,0.0,1735232854.7808323,,0.7116243243217468,1.0,0.001,1,16,40x40,MatchingNetwork,5,5,Greek,Egyptian,False,5,4000,2,exp1_permuted_src_datasets
92,32.31481409072876,0.0,1735232854.80476,,0.7012364864349365,1.0,0.001,1,16,40x40,MatchingNetwork,5,5,Greek,Egyptian,False,5,4000,2,exp1_permuted_src_datasets
93,32.339142084121704,0.0,1735232854.829088,,0.7511759996414185,1.0,0.001,1,16,40x40,MatchingNetwork,5,5,Greek,Egyptian,False,5,4000,2,exp1_permuted_src_datasets
94,32.363428354263306,0.0,1735232854.8533742,,0.6995692849159241,1.0,0.001,1,16,40x40,MatchingNetwork,5,5,Greek,Egyptian,False,5,4000,2,exp1_permuted_src_datasets
95,32.387683153152466,0.0,1735232854.877629,,0.7256996035575867,1.0,0.001,1,16,40x40,MatchingNetwork,5,5,Greek,Egyptian,False,5,4000,2,exp1_permuted_src_datasets
96,32.41181993484497,0.0,1735232854.9017658,,0.7032204866409302,1.0,0.001,1,16,40x40,MatchingNetwork,5,5,Greek,Egyptian,False,5,4000,2,exp1_permuted_src_datasets
97,32.43639349937439,0.0,1735232854.9263394,,0.6927436590194702,1.0,0.001,1,16,40x40,MatchingNetwork,5,5,Greek,Egyptian,False,5,4000,2,exp1_permuted_src_datasets
98,32.46114420890808,0.0,1735232854.95109,,0.6646364331245422,1.0,0.001,1,16,40x40,MatchingNetwork,5,5,Greek,Egyptian,False,5,4000,2,exp1_permuted_src_datasets
99,32.48615860939026,0.0,1735232854.9761045,,0.7593574523925781,1.0,0.001,1,16,40x40,MatchingNetwork,5,5,Greek,Egyptian,False,5,4000,2,exp1_permuted_src_datasets
100,32.5128378868103,0.0,1735232855.0027838,,0.6516439914703369,1.0,0.001,1,16,40x40,MatchingNetwork,5,5,Greek,Egyptian,False,5,4000,2,exp1_permuted_src_datasets
101,32.537731885910034,0.0,1735232855.0276778,,0.6957181096076965,1.0,0.001,1,16,40x40,MatchingNetwork,5,5,Greek,Egyptian,False,5,4000,2,exp1_permuted_src_datasets
102,32.56277656555176,0.0,1735232855.0527225,,0.6931686997413635,1.0,0.001,1,16,40x40,MatchingNetwork,5,5,Greek,Egyptian,False,5,4000,2,exp1_permuted_src_datasets
103,32.58810353279114,0.0,1735232855.0780494,,0.7175237536430359,1.0,0.001,1,16,40x40,MatchingNetwork,5,5,Greek,Egyptian,False,5,4000,2,exp1_permuted_src_datasets
104,32.61612343788147,0.0,1735232855.1060693,,0.7237393856048584,1.0,0.001,1,16,40x40,MatchingNetwork,5,5,Greek,Egyptian,False,5,4000,2,exp1_permuted_src_datasets
105,32.64018368721008,0.0,1735232855.1301296,,0.6891481280326843,1.0,0.001,1,16,40x40,MatchingNetwork,5,5,Greek,Egyptian,False,5,4000,2,exp1_permuted_src_datasets
106,32.66574454307556,0.0,1735232855.1556904,,0.6998662948608398,1.0,0.001,1,16,40x40,MatchingNetwork,5,5,Greek,Egyptian,False,5,4000,2,exp1_permuted_src_datasets
107,32.6902642250061,0.0,1735232855.18021,,0.6990076899528503,1.0,0.001,1,16,40x40,MatchingNetwork,5,5,Greek,Egyptian,False,5,4000,2,exp1_permuted_src_datasets
108,32.7162139415741,0.0,1735232855.2061598,,0.6449554562568665,1.0,0.001,1,16,40x40,MatchingNetwork,5,5,Greek,Egyptian,False,5,4000,2,exp1_permuted_src_datasets
109,32.741209506988525,0.0,1735232855.2311554,,0.6398429870605469,1.0,0.001,1,16,40x40,MatchingNetwork,5,5,Greek,Egyptian,False,5,4000,2,exp1_permuted_src_datasets
110,32.76684021949768,0.0,1735232855.256786,,0.7142634987831116,1.0,0.001,1,16,40x40,MatchingNetwork,5,5,Greek,Egyptian,False,5,4000,2,exp1_permuted_src_datasets
111,32.79113554954529,0.0,1735232855.2810814,,0.6565495133399963,1.0,0.001,1,16,40x40,MatchingNetwork,5,5,Greek,Egyptian,False,5,4000,2,exp1_permuted_src_datasets
112,32.815675020217896,0.0,1735232855.305621,,0.648673951625824,1.0,0.001,1,16,40x40,MatchingNetwork,5,5,Greek,Egyptian,False,5,4000,2,exp1_permuted_src_datasets
113,32.841697216033936,0.0,1735232855.331643,,0.7104656100273132,1.0,0.001,1,16,40x40,MatchingNetwork,5,5,Greek,Egyptian,False,5,4000,2,exp1_permuted_src_datasets
114,32.86651349067688,0.0,1735232855.3564594,,0.6913614869117737,1.0,0.001,1,16,40x40,MatchingNetwork,5,5,Greek,Egyptian,False,5,4000,2,exp1_permuted_src_datasets
115,32.89121341705322,0.0,1735232855.3811593,,0.6399573683738708,1.0,0.001,1,16,40x40,MatchingNetwork,5,5,Greek,Egyptian,False,5,4000,2,exp1_permuted_src_datasets
116,32.91447854042053,0.0,1735232855.4044244,,0.7216143012046814,1.0,0.001,1,16,40x40,MatchingNetwork,5,5,Greek,Egyptian,False,5,4000,2,exp1_permuted_src_datasets
117,32.939122915267944,0.0,1735232855.4290688,,0.6896181106567383,1.0,0.001,1,16,40x40,MatchingNetwork,5,5,Greek,Egyptian,False,5,4000,2,exp1_permuted_src_datasets
118,32.96450662612915,0.0,1735232855.4544525,,0.6549015045166016,1.0,0.001,1,16,40x40,MatchingNetwork,5,5,Greek,Egyptian,False,5,4000,2,exp1_permuted_src_datasets
119,32.989590644836426,0.0,1735232855.4795365,,0.7265356779098511,1.0,0.001,1,16,40x40,MatchingNetwork,5,5,Greek,Egyptian,False,5,4000,2,exp1_permuted_src_datasets
120,33.015562295913696,0.0,1735232855.5055082,,0.6543857455253601,1.0,0.001,1,16,40x40,MatchingNetwork,5,5,Greek,Egyptian,False,5,4000,2,exp1_permuted_src_datasets
121,33.040324211120605,0.0,1735232855.53027,,0.6892073750495911,1.0,0.001,1,16,40x40,MatchingNetwork,5,5,Greek,Egyptian,False,5,4000,2,exp1_permuted_src_datasets
122,33.064964294433594,0.0,1735232855.5549102,,0.6893098950386047,1.0,0.001,1,16,40x40,MatchingNetwork,5,5,Greek,Egyptian,False,5,4000,2,exp1_permuted_src_datasets
123,33.089438915252686,0.0,1735232855.5793848,,0.7358853816986084,1.0,0.001,1,16,40x40,MatchingNetwork,5,5,Greek,Egyptian,False,5,4000,2,exp1_permuted_src_datasets
124,33.18187713623047,0.0,1735232855.671823,,0.7423194050788879,1.0,0.001,1,16,40x40,MatchingNetwork,5,5,Greek,Egyptian,False,5,4000,2,exp1_permuted_src_datasets
125,33.207748889923096,0.0,1735232855.6976948,,0.6963094472885132,1.0,0.001,1,16,40x40,MatchingNetwork,5,5,Greek,Egyptian,False,5,4000,2,exp1_permuted_src_datasets
126,33.23237895965576,0.0,1735232855.7223248,,0.6721729636192322,1.0,0.001,1,16,40x40,MatchingNetwork,5,5,Greek,Egyptian,False,5,4000,2,exp1_permuted_src_datasets
127,43.671483516693115,0.0,1735232866.1614294,0.906,,,0.001,1,16,40x40,MatchingNetwork,5,5,Greek,Egyptian,False,5,4000,2,exp1_permuted_src_datasets
128,43.6890082359314,0.0,1735232866.1789541,,0.6463160514831543,1.0,0.001,1,16,40x40,MatchingNetwork,5,5,Greek,Egyptian,False,5,4000,2,exp1_permuted_src_datasets
129,43.714152812957764,0.0,1735232866.2040987,,0.672685980796814,1.0,0.001,1,16,40x40,MatchingNetwork,5,5,Greek,Egyptian,False,5,4000,2,exp1_permuted_src_datasets
130,43.73913908004761,0.0,1735232866.229085,,0.6962679624557495,1.0,0.001,1,16,40x40,MatchingNetwork,5,5,Greek,Egyptian,False,5,4000,2,exp1_permuted_src_datasets
131,43.76413416862488,0.0,1735232866.25408,,0.6751699447631836,1.0,0.001,1,16,40x40,MatchingNetwork,5,5,Greek,Egyptian,False,5,4000,2,exp1_permuted_src_datasets
132,43.78876447677612,0.0,1735232866.2787104,,0.666847288608551,1.0,0.001,1,16,40x40,MatchingNetwork,5,5,Greek,Egyptian,False,5,4000,2,exp1_permuted_src_datasets
133,43.81388592720032,0.0,1735232866.3038318,,0.6678950190544128,1.0,0.001,1,16,40x40,MatchingNetwork,5,5,Greek,Egyptian,False,5,4000,2,exp1_permuted_src_datasets
134,43.83860898017883,0.0,1735232866.3285549,,0.7043994665145874,1.0,0.001,1,16,40x40,MatchingNetwork,5,5,Greek,Egyptian,False,5,4000,2,exp1_permuted_src_datasets
135,43.865442514419556,0.0,1735232866.3553884,,0.6815812587738037,1.0,0.001,1,16,40x40,MatchingNetwork,5,5,Greek,Egyptian,False,5,4000,2,exp1_permuted_src_datasets
136,43.89073896408081,0.0,1735232866.3806849,,0.6510379314422607,1.0,0.001,1,16,40x40,MatchingNetwork,5,5,Greek,Egyptian,False,5,4000,2,exp1_permuted_src_datasets
137,43.91615915298462,0.0,1735232866.406105,,0.6572163105010986,1.0,0.001,1,16,40x40,MatchingNetwork,5,5,Greek,Egyptian,False,5,4000,2,exp1_permuted_src_datasets
138,43.941786766052246,0.0,1735232866.4317327,,0.6854074001312256,1.0,0.001,1,16,40x40,MatchingNetwork,5,5,Greek,Egyptian,False,5,4000,2,exp1_permuted_src_datasets
139,43.96720314025879,0.0,1735232866.457149,,0.7196035385131836,1.0,0.001,1,16,40x40,MatchingNetwork,5,5,Greek,Egyptian,False,5,4000,2,exp1_permuted_src_datasets
140,43.9927875995636,0.0,1735232866.4827335,,0.725350558757782,1.0,0.001,1,16,40x40,MatchingNetwork,5,5,Greek,Egyptian,False,5,4000,2,exp1_permuted_src_datasets
141,44.01716327667236,0.0,1735232866.5071092,,0.6972169280052185,1.0,0.001,1,16,40x40,MatchingNetwork,5,5,Greek,Egyptian,False,5,4000,2,exp1_permuted_src_datasets
142,44.04221320152283,0.0,1735232866.532159,,0.7037209272384644,1.0,0.001,1,16,40x40,MatchingNetwork,5,5,Greek,Egyptian,False,5,4000,2,exp1_permuted_src_datasets
143,44.067062854766846,0.0,1735232866.5570087,,0.6866645812988281,1.0,0.001,1,16,40x40,MatchingNetwork,5,5,Greek,Egyptian,False,5,4000,2,exp1_permuted_src_datasets
144,44.09159588813782,0.0,1735232866.5815418,,0.6450154185295105,1.0,0.001,1,16,40x40,MatchingNetwork,5,5,Greek,Egyptian,False,5,4000,2,exp1_permuted_src_datasets
145,44.11600732803345,0.0,1735232866.6059532,,0.6518107056617737,1.0,0.001,1,16,40x40,MatchingNetwork,5,5,Greek,Egyptian,False,5,4000,2,exp1_permuted_src_datasets
146,44.141557931900024,0.0,1735232866.6315038,,0.6606200933456421,1.0,0.001,1,16,40x40,MatchingNetwork,5,5,Greek,Egyptian,False,5,4000,2,exp1_permuted_src_datasets
147,44.16636395454407,0.0,1735232866.6563098,,0.6765553951263428,1.0,0.001,1,16,40x40,MatchingNetwork,5,5,Greek,Egyptian,False,5,4000,2,exp1_permuted_src_datasets
148,44.191094160079956,0.0,1735232866.68104,,0.6934980750083923,1.0,0.001,1,16,40x40,MatchingNetwork,5,5,Greek,Egyptian,False,5,4000,2,exp1_permuted_src_datasets
149,44.21863341331482,0.0,1735232866.7085793,,0.678545355796814,1.0,0.001,1,16,40x40,MatchingNetwork,5,5,Greek,Egyptian,False,5,4000,2,exp1_permuted_src_datasets
150,44.2437059879303,0.0,1735232866.7336519,,0.6656215786933899,1.0,0.001,1,16,40x40,MatchingNetwork,5,5,Greek,Egyptian,False,5,4000,2,exp1_permuted_src_datasets
151,44.268470287323,0.0,1735232866.7584162,,0.6806962490081787,1.0,0.001,1,16,40x40,MatchingNetwork,5,5,Greek,Egyptian,False,5,4000,2,exp1_permuted_src_datasets
152,44.29313778877258,0.0,1735232866.7830837,,0.6551334857940674,1.0,0.001,1,16,40x40,MatchingNetwork,5,5,Greek,Egyptian,False,5,4000,2,exp1_permuted_src_datasets
153,44.31843304634094,0.0,1735232866.808379,,0.6705576777458191,1.0,0.001,1,16,40x40,MatchingNetwork,5,5,Greek,Egyptian,False,5,4000,2,exp1_permuted_src_datasets
154,44.34484839439392,0.0,1735232866.8347943,,0.6794882416725159,1.0,0.001,1,16,40x40,MatchingNetwork,5,5,Greek,Egyptian,False,5,4000,2,exp1_permuted_src_datasets
155,44.374083280563354,0.0,1735232866.8640292,,0.7210400700569153,1.0,0.001,1,16,40x40,MatchingNetwork,5,5,Greek,Egyptian,False,5,4000,2,exp1_permuted_src_datasets
156,44.399397134780884,0.0,1735232866.889343,,0.6842687726020813,1.0,0.001,1,16,40x40,MatchingNetwork,5,5,Greek,Egyptian,False,5,4000,2,exp1_permuted_src_datasets
157,44.424227714538574,0.0,1735232866.9141736,,0.7268646955490112,1.0,0.001,1,16,40x40,MatchingNetwork,5,5,Greek,Egyptian,False,5,4000,2,exp1_permuted_src_datasets
158,44.44916009902954,0.0,1735232866.939106,,0.7128897309303284,1.0,0.001,1,16,40x40,MatchingNetwork,5,5,Greek,Egyptian,False,5,4000,2,exp1_permuted_src_datasets
159,44.473681688308716,0.0,1735232866.9636276,,0.6460201144218445,1.0,0.001,1,16,40x40,MatchingNetwork,5,5,Greek,Egyptian,False,5,4000,2,exp1_permuted_src_datasets
160,44.498483180999756,0.0,1735232866.988429,,0.7556717991828918,1.0,0.001,1,16,40x40,MatchingNetwork,5,5,Greek,Egyptian,False,5,4000,2,exp1_permuted_src_datasets
161,44.523179054260254,0.0,1735232867.013125,,0.686937153339386,1.0,0.001,1,16,40x40,MatchingNetwork,5,5,Greek,Egyptian,False,5,4000,2,exp1_permuted_src_datasets
162,44.54820442199707,0.0,1735232867.0381503,,0.6470800638198853,1.0,0.001,1,16,40x40,MatchingNetwork,5,5,Greek,Egyptian,False,5,4000,2,exp1_permuted_src_datasets
163,44.57244896888733,0.0,1735232867.0623949,,0.6799263954162598,1.0,0.001,1,16,40x40,MatchingNetwork,5,5,Greek,Egyptian,False,5,4000,2,exp1_permuted_src_datasets
164,44.59738874435425,0.0,1735232867.0873346,,0.6466202139854431,1.0,0.001,1,16,40x40,MatchingNetwork,5,5,Greek,Egyptian,False,5,4000,2,exp1_permuted_src_datasets
165,44.622185468673706,0.0,1735232867.1121314,,0.6512551307678223,1.0,0.001,1,16,40x40,MatchingNetwork,5,5,Greek,Egyptian,False,5,4000,2,exp1_permuted_src_datasets
166,44.646875858306885,0.0,1735232867.1368217,,0.6631447076797485,1.0,0.001,1,16,40x40,MatchingNetwork,5,5,Greek,Egyptian,False,5,4000,2,exp1_permuted_src_datasets
167,44.67210865020752,0.0,1735232867.1620545,,0.6347348093986511,1.0,0.001,1,16,40x40,MatchingNetwork,5,5,Greek,Egyptian,False,5,4000,2,exp1_permuted_src_datasets
168,44.696741342544556,0.0,1735232867.1866872,,0.6478399038314819,1.0,0.001,1,16,40x40,MatchingNetwork,5,5,Greek,Egyptian,False,5,4000,2,exp1_permuted_src_datasets
169,44.72174382209778,0.0,1735232867.2116897,,0.6989976763725281,1.0,0.001,1,16,40x40,MatchingNetwork,5,5,Greek,Egyptian,False,5,4000,2,exp1_permuted_src_datasets
170,44.74712157249451,0.0,1735232867.2370675,,0.846409022808075,1.0,0.001,1,16,40x40,MatchingNetwork,5,5,Greek,Egyptian,False,5,4000,2,exp1_permuted_src_datasets
171,44.772491216659546,0.0,1735232867.262437,,0.6349689960479736,1.0,0.001,1,16,40x40,MatchingNetwork,5,5,Greek,Egyptian,False,5,4000,2,exp1_permuted_src_datasets
172,44.79761290550232,0.0,1735232867.2875588,,0.6538074016571045,1.0,0.001,1,16,40x40,MatchingNetwork,5,5,Greek,Egyptian,False,5,4000,2,exp1_permuted_src_datasets
173,44.822619676589966,0.0,1735232867.3125656,,0.6761476993560791,1.0,0.001,1,16,40x40,MatchingNetwork,5,5,Greek,Egyptian,False,5,4000,2,exp1_permuted_src_datasets
174,44.84745383262634,0.0,1735232867.3373997,,0.7091044783592224,1.0,0.001,1,16,40x40,MatchingNetwork,5,5,Greek,Egyptian,False,5,4000,2,exp1_permuted_src_datasets
175,44.873291015625,0.0,1735232867.363237,,0.653682291507721,1.0,0.001,1,16,40x40,MatchingNetwork,5,5,Greek,Egyptian,False,5,4000,2,exp1_permuted_src_datasets
176,44.89772844314575,0.0,1735232867.3876743,,0.7066941261291504,1.0,0.001,1,16,40x40,MatchingNetwork,5,5,Greek,Egyptian,False,5,4000,2,exp1_permuted_src_datasets
177,44.92275071144104,0.0,1735232867.4126966,,0.6632834076881409,1.0,0.001,1,16,40x40,MatchingNetwork,5,5,Greek,Egyptian,False,5,4000,2,exp1_permuted_src_datasets
178,44.94802165031433,0.0,1735232867.4379675,,0.697460949420929,1.0,0.001,1,16,40x40,MatchingNetwork,5,5,Greek,Egyptian,False,5,4000,2,exp1_permuted_src_datasets
179,44.97311019897461,0.0,1735232867.463056,,0.6823071241378784,1.0,0.001,1,16,40x40,MatchingNetwork,5,5,Greek,Egyptian,False,5,4000,2,exp1_permuted_src_datasets
180,44.998178243637085,0.0,1735232867.4881241,,0.6372486352920532,1.0,0.001,1,16,40x40,MatchingNetwork,5,5,Greek,Egyptian,False,5,4000,2,exp1_permuted_src_datasets
181,45.02381443977356,0.0,1735232867.5137603,,0.7379048466682434,1.0,0.001,1,16,40x40,MatchingNetwork,5,5,Greek,Egyptian,False,5,4000,2,exp1_permuted_src_datasets
182,45.048797845840454,0.0,1735232867.5387437,,0.650562047958374,1.0,0.001,1,16,40x40,MatchingNetwork,5,5,Greek,Egyptian,False,5,4000,2,exp1_permuted_src_datasets
183,45.073891401290894,0.0,1735232867.5638373,,0.683104395866394,1.0,0.001,1,16,40x40,MatchingNetwork,5,5,Greek,Egyptian,False,5,4000,2,exp1_permuted_src_datasets
184,45.098350524902344,0.0,1735232867.5882964,,0.7311679720878601,1.0,0.001,1,16,40x40,MatchingNetwork,5,5,Greek,Egyptian,False,5,4000,2,exp1_permuted_src_datasets
185,45.12397646903992,0.0,1735232867.6139224,,0.6796481609344482,1.0,0.001,1,16,40x40,MatchingNetwork,5,5,Greek,Egyptian,False,5,4000,2,exp1_permuted_src_datasets
186,45.14881753921509,0.0,1735232867.6387634,,0.6996383666992188,1.0,0.001,1,16,40x40,MatchingNetwork,5,5,Greek,Egyptian,False,5,4000,2,exp1_permuted_src_datasets
187,45.17368268966675,0.0,1735232867.6636286,,0.655771791934967,1.0,0.001,1,16,40x40,MatchingNetwork,5,5,Greek,Egyptian,False,5,4000,2,exp1_permuted_src_datasets
188,45.19848608970642,0.0,1735232867.688432,,0.7624427676200867,1.0,0.001,1,16,40x40,MatchingNetwork,5,5,Greek,Egyptian,False,5,4000,2,exp1_permuted_src_datasets
189,45.22330975532532,0.0,1735232867.7132556,,0.6440976858139038,1.0,0.001,1,16,40x40,MatchingNetwork,5,5,Greek,Egyptian,False,5,4000,2,exp1_permuted_src_datasets
190,55.61204242706299,0.0,1735232878.1019883,0.90325,,,0.001,1,16,40x40,MatchingNetwork,5,5,Greek,Egyptian,False,5,4000,2,exp1_permuted_src_datasets
191,55.626442432403564,0.0,1735232878.1163883,,0.6502224802970886,1.0,0.001,1,16,40x40,MatchingNetwork,5,5,Greek,Egyptian,False,5,4000,2,exp1_permuted_src_datasets
192,55.652941942214966,0.0,1735232878.1428878,,0.6347458958625793,1.0,0.001,1,16,40x40,MatchingNetwork,5,5,Greek,Egyptian,False,5,4000,2,exp1_permuted_src_datasets
193,55.67791271209717,0.0,1735232878.1678586,,0.6966883540153503,1.0,0.001,1,16,40x40,MatchingNetwork,5,5,Greek,Egyptian,False,5,4000,2,exp1_permuted_src_datasets
194,55.701948165893555,0.0,1735232878.191894,,0.6784377694129944,1.0,0.001,1,16,40x40,MatchingNetwork,5,5,Greek,Egyptian,False,5,4000,2,exp1_permuted_src_datasets
195,55.72770071029663,0.0,1735232878.2176466,,0.6457089781761169,1.0,0.001,1,16,40x40,MatchingNetwork,5,5,Greek,Egyptian,False,5,4000,2,exp1_permuted_src_datasets
196,55.75266122817993,0.0,1735232878.242607,,0.6518893241882324,1.0,0.001,1,16,40x40,MatchingNetwork,5,5,Greek,Egyptian,False,5,4000,2,exp1_permuted_src_datasets
197,55.777236223220825,0.0,1735232878.267182,,0.6494685411453247,1.0,0.001,1,16,40x40,MatchingNetwork,5,5,Greek,Egyptian,False,5,4000,2,exp1_permuted_src_datasets
198,55.802178382873535,0.0,1735232878.2921243,,0.6796897649765015,1.0,0.001,1,16,40x40,MatchingNetwork,5,5,Greek,Egyptian,False,5,4000,2,exp1_permuted_src_datasets
199,55.82680940628052,0.0,1735232878.3167553,,0.6541541814804077,1.0,0.001,1,16,40x40,MatchingNetwork,5,5,Greek,Egyptian,False,5,4000,2,exp1_permuted_src_datasets
200,55.851210832595825,0.0,1735232878.3411567,,0.6547077894210815,1.0,0.001,1,16,40x40,MatchingNetwork,5,5,Greek,Egyptian,False,5,4000,2,exp1_permuted_src_datasets
201,55.87616038322449,0.0,1735232878.3661063,,0.6913105249404907,1.0,0.001,1,16,40x40,MatchingNetwork,5,5,Greek,Egyptian,False,5,4000,2,exp1_permuted_src_datasets
202,55.90098333358765,0.0,1735232878.3909292,,0.6743174195289612,1.0,0.001,1,16,40x40,MatchingNetwork,5,5,Greek,Egyptian,False,5,4000,2,exp1_permuted_src_datasets
203,55.92559003829956,0.0,1735232878.415536,,0.6424638032913208,1.0,0.001,1,16,40x40,MatchingNetwork,5,5,Greek,Egyptian,False,5,4000,2,exp1_permuted_src_datasets
204,55.95012927055359,0.0,1735232878.4400752,,0.627187967300415,1.0,0.001,1,16,40x40,MatchingNetwork,5,5,Greek,Egyptian,False,5,4000,2,exp1_permuted_src_datasets
205,55.97470045089722,0.0,1735232878.4646463,,0.7157701849937439,1.0,0.001,1,16,40x40,MatchingNetwork,5,5,Greek,Egyptian,False,5,4000,2,exp1_permuted_src_datasets
206,55.99925661087036,0.0,1735232878.4892025,,0.6362398862838745,1.0,0.001,1,16,40x40,MatchingNetwork,5,5,Greek,Egyptian,False,5,4000,2,exp1_permuted_src_datasets
207,56.0233154296875,0.0,1735232878.5132613,,0.673865020275116,1.0,0.001,1,16,40x40,MatchingNetwork,5,5,Greek,Egyptian,False,5,4000,2,exp1_permuted_src_datasets
208,56.04796481132507,0.0,1735232878.5379107,,0.6667273640632629,1.0,0.001,1,16,40x40,MatchingNetwork,5,5,Greek,Egyptian,False,5,4000,2,exp1_permuted_src_datasets
209,56.07556176185608,0.0,1735232878.5655077,,0.7347292900085449,1.0,0.001,1,16,40x40,MatchingNetwork,5,5,Greek,Egyptian,False,5,4000,2,exp1_permuted_src_datasets
210,56.10100436210632,0.0,1735232878.5909503,,0.6339666247367859,1.0,0.001,1,16,40x40,MatchingNetwork,5,5,Greek,Egyptian,False,5,4000,2,exp1_permuted_src_datasets
211,56.12535762786865,0.0,1735232878.6153035,,0.6459358334541321,1.0,0.001,1,16,40x40,MatchingNetwork,5,5,Greek,Egyptian,False,5,4000,2,exp1_permuted_src_datasets
212,56.14995098114014,0.0,1735232878.6398969,,0.6554819345474243,1.0,0.001,1,16,40x40,MatchingNetwork,5,5,Greek,Egyptian,False,5,4000,2,exp1_permuted_src_datasets
213,56.17427206039429,0.0,1735232878.664218,,0.6631408929824829,1.0,0.001,1,16,40x40,MatchingNetwork,5,5,Greek,Egyptian,False,5,4000,2,exp1_permuted_src_datasets
214,56.198692083358765,0.0,1735232878.688638,,0.6984798908233643,1.0,0.001,1,16,40x40,MatchingNetwork,5,5,Greek,Egyptian,False,5,4000,2,exp1_permuted_src_datasets
215,56.22310709953308,0.0,1735232878.713053,,0.6499074697494507,1.0,0.001,1,16,40x40,MatchingNetwork,5,5,Greek,Egyptian,False,5,4000,2,exp1_permuted_src_datasets
216,56.247512340545654,0.0,1735232878.7374582,,0.6354320645332336,1.0,0.001,1,16,40x40,MatchingNetwork,5,5,Greek,Egyptian,False,5,4000,2,exp1_permuted_src_datasets
217,56.27210307121277,0.0,1735232878.762049,,0.6559247970581055,1.0,0.001,1,16,40x40,MatchingNetwork,5,5,Greek,Egyptian,False,5,4000,2,exp1_permuted_src_datasets
218,56.29675102233887,0.0,1735232878.786697,,0.6652003526687622,1.0,0.001,1,16,40x40,MatchingNetwork,5,5,Greek,Egyptian,False,5,4000,2,exp1_permuted_src_datasets
219,56.321285009384155,0.0,1735232878.811231,,0.6500639915466309,1.0,0.001,1,16,40x40,MatchingNetwork,5,5,Greek,Egyptian,False,5,4000,2,exp1_permuted_src_datasets
220,56.345977783203125,0.0,1735232878.8359237,,0.7031921744346619,1.0,0.001,1,16,40x40,MatchingNetwork,5,5,Greek,Egyptian,False,5,4000,2,exp1_permuted_src_datasets
221,56.371482610702515,0.0,1735232878.8614285,,0.6496570110321045,1.0,0.001,1,16,40x40,MatchingNetwork,5,5,Greek,Egyptian,False,5,4000,2,exp1_permuted_src_datasets
222,56.3967080116272,0.0,1735232878.886654,,0.6818975210189819,1.0,0.001,1,16,40x40,MatchingNetwork,5,5,Greek,Egyptian,False,5,4000,2,exp1_permuted_src_datasets
223,56.421173334121704,0.0,1735232878.9111192,,0.696874737739563,1.0,0.001,1,16,40x40,MatchingNetwork,5,5,Greek,Egyptian,False,5,4000,2,exp1_permuted_src_datasets
224,56.445656061172485,0.0,1735232878.935602,,0.6427054405212402,1.0,0.001,1,16,40x40,MatchingNetwork,5,5,Greek,Egyptian,False,5,4000,2,exp1_permuted_src_datasets
225,56.470075607299805,0.0,1735232878.9600215,,0.7228999733924866,1.0,0.001,1,16,40x40,MatchingNetwork,5,5,Greek,Egyptian,False,5,4000,2,exp1_permuted_src_datasets
226,56.49474787712097,0.0,1735232878.9846938,,0.6934899687767029,1.0,0.001,1,16,40x40,MatchingNetwork,5,5,Greek,Egyptian,False,5,4000,2,exp1_permuted_src_datasets
227,56.52546525001526,0.0,1735232879.0154111,,0.672717273235321,1.0,0.001,1,16,40x40,MatchingNetwork,5,5,Greek,Egyptian,False,5,4000,2,exp1_permuted_src_datasets
228,56.55097794532776,0.0,1735232879.0409238,,0.6601812839508057,1.0,0.001,1,16,40x40,MatchingNetwork,5,5,Greek,Egyptian,False,5,4000,2,exp1_permuted_src_datasets
229,56.57597303390503,0.0,1735232879.065919,,0.6361764669418335,1.0,0.001,1,16,40x40,MatchingNetwork,5,5,Greek,Egyptian,False,5,4000,2,exp1_permuted_src_datasets
230,56.60039448738098,0.0,1735232879.0903404,,0.7289342880249023,1.0,0.001,1,16,40x40,MatchingNetwork,5,5,Greek,Egyptian,False,5,4000,2,exp1_permuted_src_datasets
231,56.625823974609375,0.0,1735232879.1157699,,0.8043228983879089,1.0,0.001,1,16,40x40,MatchingNetwork,5,5,Greek,Egyptian,False,5,4000,2,exp1_permuted_src_datasets
232,56.650954723358154,0.0,1735232879.1409006,,0.65018230676651,1.0,0.001,1,16,40x40,MatchingNetwork,5,5,Greek,Egyptian,False,5,4000,2,exp1_permuted_src_datasets
233,56.67577385902405,0.0,1735232879.1657197,,0.676585853099823,1.0,0.001,1,16,40x40,MatchingNetwork,5,5,Greek,Egyptian,False,5,4000,2,exp1_permuted_src_datasets
234,56.70233106613159,0.0,1735232879.192277,,0.6881082653999329,1.0,0.001,1,16,40x40,MatchingNetwork,5,5,Greek,Egyptian,False,5,4000,2,exp1_permuted_src_datasets
235,56.72734618186951,0.0,1735232879.217292,,0.6719503998756409,1.0,0.001,1,16,40x40,MatchingNetwork,5,5,Greek,Egyptian,False,5,4000,2,exp1_permuted_src_datasets
236,56.752052783966064,0.0,1735232879.2419987,,0.6901004910469055,1.0,0.001,1,16,40x40,MatchingNetwork,5,5,Greek,Egyptian,False,5,4000,2,exp1_permuted_src_datasets
237,56.7765793800354,0.0,1735232879.2665253,,0.6456312537193298,1.0,0.001,1,16,40x40,MatchingNetwork,5,5,Greek,Egyptian,False,5,4000,2,exp1_permuted_src_datasets
238,56.8011372089386,0.0,1735232879.291083,,0.6672084927558899,1.0,0.001,1,16,40x40,MatchingNetwork,5,5,Greek,Egyptian,False,5,4000,2,exp1_permuted_src_datasets
239,56.82570433616638,0.0,1735232879.3156502,,0.677605152130127,1.0,0.001,1,16,40x40,MatchingNetwork,5,5,Greek,Egyptian,False,5,4000,2,exp1_permuted_src_datasets
240,56.85050559043884,0.0,1735232879.3404515,,0.6846594214439392,1.0,0.001,1,16,40x40,MatchingNetwork,5,5,Greek,Egyptian,False,5,4000,2,exp1_permuted_src_datasets
241,56.87495303153992,0.0,1735232879.364899,,0.6504693031311035,1.0,0.001,1,16,40x40,MatchingNetwork,5,5,Greek,Egyptian,False,5,4000,2,exp1_permuted_src_datasets
242,56.89928221702576,0.0,1735232879.389228,,0.6514654755592346,1.0,0.001,1,16,40x40,MatchingNetwork,5,5,Greek,Egyptian,False,5,4000,2,exp1_permuted_src_datasets
243,56.92422962188721,0.0,1735232879.4141755,,0.6442686319351196,1.0,0.001,1,16,40x40,MatchingNetwork,5,5,Greek,Egyptian,False,5,4000,2,exp1_permuted_src_datasets
244,56.94886493682861,0.0,1735232879.4388108,,0.6833840012550354,1.0,0.001,1,16,40x40,MatchingNetwork,5,5,Greek,Egyptian,False,5,4000,2,exp1_permuted_src_datasets
245,56.97348999977112,0.0,1735232879.463436,,0.6849614381790161,1.0,0.001,1,16,40x40,MatchingNetwork,5,5,Greek,Egyptian,False,5,4000,2,exp1_permuted_src_datasets
246,56.998103857040405,0.0,1735232879.4880497,,0.6588549613952637,1.0,0.001,1,16,40x40,MatchingNetwork,5,5,Greek,Egyptian,False,5,4000,2,exp1_permuted_src_datasets
247,57.0223925113678,0.0,1735232879.5123384,,0.6804814338684082,1.0,0.001,1,16,40x40,MatchingNetwork,5,5,Greek,Egyptian,False,5,4000,2,exp1_permuted_src_datasets
248,57.04703116416931,0.0,1735232879.536977,,0.6448203921318054,1.0,0.001,1,16,40x40,MatchingNetwork,5,5,Greek,Egyptian,False,5,4000,2,exp1_permuted_src_datasets
249,57.07806944847107,0.0,1735232879.5680153,,0.6464322805404663,1.0,0.001,1,16,40x40,MatchingNetwork,5,5,Greek,Egyptian,False,5,4000,2,exp1_permuted_src_datasets
250,57.11047172546387,0.0,1735232879.6004176,,0.6521035432815552,1.0,0.001,1,16,40x40,MatchingNetwork,5,5,Greek,Egyptian,False,5,4000,2,exp1_permuted_src_datasets
251,57.142191886901855,0.0,1735232879.6321378,,0.7142578959465027,1.0,0.001,1,16,40x40,MatchingNetwork,5,5,Greek,Egyptian,False,5,4000,2,exp1_permuted_src_datasets
252,57.167476177215576,0.0,1735232879.657422,,0.6267428398132324,1.0,0.001,1,16,40x40,MatchingNetwork,5,5,Greek,Egyptian,False,5,4000,2,exp1_permuted_src_datasets
253,67.6321930885315,0.0,1735232890.122139,0.89575,,,0.001,1,16,40x40,MatchingNetwork,5,5,Greek,Egyptian,False,5,4000,2,exp1_permuted_src_datasets
254,67.64817976951599,0.0,1735232890.1381257,,0.6362085938453674,1.0,0.001,1,16,40x40,MatchingNetwork,5,5,Greek,Egyptian,False,5,4000,2,exp1_permuted_src_datasets
255,67.67392683029175,0.0,1735232890.1638727,,0.71085125207901,1.0,0.001,1,16,40x40,MatchingNetwork,5,5,Greek,Egyptian,False,5,4000,2,exp1_permuted_src_datasets
256,67.70075535774231,0.0,1735232890.1907012,,0.646441638469696,1.0,0.001,1,16,40x40,MatchingNetwork,5,5,Greek,Egyptian,False,5,4000,2,exp1_permuted_src_datasets
257,67.7268078327179,0.0,1735232890.2167537,,0.6752414703369141,1.0,0.001,1,16,40x40,MatchingNetwork,5,5,Greek,Egyptian,False,5,4000,2,exp1_permuted_src_datasets
258,67.75234842300415,0.0,1735232890.2422943,,0.6524769067764282,1.0,0.001,1,16,40x40,MatchingNetwork,5,5,Greek,Egyptian,False,5,4000,2,exp1_permuted_src_datasets
259,67.77863764762878,0.0,1735232890.2685835,,0.6967317461967468,1.0,0.001,1,16,40x40,MatchingNetwork,5,5,Greek,Egyptian,False,5,4000,2,exp1_permuted_src_datasets
260,67.80629086494446,0.0,1735232890.2962368,,0.7414812445640564,1.0,0.001,1,16,40x40,MatchingNetwork,5,5,Greek,Egyptian,False,5,4000,2,exp1_permuted_src_datasets
261,67.8325765132904,0.0,1735232890.3225224,,0.6950775384902954,1.0,0.001,1,16,40x40,MatchingNetwork,5,5,Greek,Egyptian,False,5,4000,2,exp1_permuted_src_datasets
262,67.8588559627533,0.0,1735232890.3488019,,0.6370531320571899,1.0,0.001,1,16,40x40,MatchingNetwork,5,5,Greek,Egyptian,False,5,4000,2,exp1_permuted_src_datasets
263,67.88470578193665,0.0,1735232890.3746517,,0.628991961479187,1.0,0.001,1,16,40x40,MatchingNetwork,5,5,Greek,Egyptian,False,5,4000,2,exp1_permuted_src_datasets
264,67.9104437828064,0.0,1735232890.4003897,,0.6656746864318848,1.0,0.001,1,16,40x40,MatchingNetwork,5,5,Greek,Egyptian,False,5,4000,2,exp1_permuted_src_datasets
265,67.93582510948181,0.0,1735232890.425771,,0.6568583846092224,1.0,0.001,1,16,40x40,MatchingNetwork,5,5,Greek,Egyptian,False,5,4000,2,exp1_permuted_src_datasets
266,67.96182990074158,0.0,1735232890.4517758,,0.6530741453170776,1.0,0.001,1,16,40x40,MatchingNetwork,5,5,Greek,Egyptian,False,5,4000,2,exp1_permuted_src_datasets
267,67.98741030693054,0.0,1735232890.4773562,,0.7099307775497437,1.0,0.001,1,16,40x40,MatchingNetwork,5,5,Greek,Egyptian,False,5,4000,2,exp1_permuted_src_datasets
268,68.01356935501099,0.0,1735232890.5035152,,0.6471054553985596,1.0,0.001,1,16,40x40,MatchingNetwork,5,5,Greek,Egyptian,False,5,4000,2,exp1_permuted_src_datasets
269,68.03913903236389,0.0,1735232890.529085,,0.6825823783874512,1.0,0.001,1,16,40x40,MatchingNetwork,5,5,Greek,Egyptian,False,5,4000,2,exp1_permuted_src_datasets
270,68.06487774848938,0.0,1735232890.5548236,,0.7048743367195129,1.0,0.001,1,16,40x40,MatchingNetwork,5,5,Greek,Egyptian,False,5,4000,2,exp1_permuted_src_datasets
271,68.09014701843262,0.0,1735232890.580093,,0.6516387462615967,1.0,0.001,1,16,40x40,MatchingNetwork,5,5,Greek,Egyptian,False,5,4000,2,exp1_permuted_src_datasets
272,68.1158230304718,0.0,1735232890.605769,,0.6548481583595276,1.0,0.001,1,16,40x40,MatchingNetwork,5,5,Greek,Egyptian,False,5,4000,2,exp1_permuted_src_datasets
273,68.14189457893372,0.0,1735232890.6318405,,0.7192850708961487,1.0,0.001,1,16,40x40,MatchingNetwork,5,5,Greek,Egyptian,False,5,4000,2,exp1_permuted_src_datasets
274,68.16762232780457,0.0,1735232890.6575682,,0.6669097542762756,1.0,0.001,1,16,40x40,MatchingNetwork,5,5,Greek,Egyptian,False,5,4000,2,exp1_permuted_src_datasets
275,68.19373083114624,0.0,1735232890.6836767,,0.6728339195251465,1.0,0.001,1,16,40x40,MatchingNetwork,5,5,Greek,Egyptian,False,5,4000,2,exp1_permuted_src_datasets
276,68.21898603439331,0.0,1735232890.708932,,0.6922837495803833,1.0,0.001,1,16,40x40,MatchingNetwork,5,5,Greek,Egyptian,False,5,4000,2,exp1_permuted_src_datasets
277,68.24431467056274,0.0,1735232890.7342606,,0.6975571513175964,1.0,0.001,1,16,40x40,MatchingNetwork,5,5,Greek,Egyptian,False,5,4000,2,exp1_permuted_src_datasets
278,68.27029824256897,0.0,1735232890.7602441,,0.6308405995368958,1.0,0.001,1,16,40x40,MatchingNetwork,5,5,Greek,Egyptian,False,5,4000,2,exp1_permuted_src_datasets
279,68.29599714279175,0.0,1735232890.785943,,0.6381136178970337,1.0,0.001,1,16,40x40,MatchingNetwork,5,5,Greek,Egyptian,False,5,4000,2,exp1_permuted_src_datasets
280,68.32171082496643,0.0,1735232890.8116567,,0.717474639415741,1.0,0.001,1,16,40x40,MatchingNetwork,5,5,Greek,Egyptian,False,5,4000,2,exp1_permuted_src_datasets
281,68.34701490402222,0.0,1735232890.8369608,,0.6641687750816345,1.0,0.001,1,16,40x40,MatchingNetwork,5,5,Greek,Egyptian,False,5,4000,2,exp1_permuted_src_datasets
282,68.37271642684937,0.0,1735232890.8626623,,0.6803443431854248,1.0,0.001,1,16,40x40,MatchingNetwork,5,5,Greek,Egyptian,False,5,4000,2,exp1_permuted_src_datasets
283,68.39784479141235,0.0,1735232890.8877907,,0.635857880115509,1.0,0.001,1,16,40x40,MatchingNetwork,5,5,Greek,Egyptian,False,5,4000,2,exp1_permuted_src_datasets
284,68.42338442802429,0.0,1735232890.9133303,,0.7219357490539551,1.0,0.001,1,16,40x40,MatchingNetwork,5,5,Greek,Egyptian,False,5,4000,2,exp1_permuted_src_datasets
285,68.44773626327515,0.0,1735232890.9376822,,0.6798980236053467,1.0,0.001,1,16,40x40,MatchingNetwork,5,5,Greek,Egyptian,False,5,4000,2,exp1_permuted_src_datasets
286,68.47377872467041,0.0,1735232890.9637246,,0.6585997343063354,1.0,0.001,1,16,40x40,MatchingNetwork,5,5,Greek,Egyptian,False,5,4000,2,exp1_permuted_src_datasets
287,68.49822235107422,0.0,1735232890.9881682,,0.6550886034965515,1.0,0.001,1,16,40x40,MatchingNetwork,5,5,Greek,Egyptian,False,5,4000,2,exp1_permuted_src_datasets
288,68.52289462089539,0.0,1735232891.0128405,,0.6710001230239868,1.0,0.001,1,16,40x40,MatchingNetwork,5,5,Greek,Egyptian,False,5,4000,2,exp1_permuted_src_datasets
289,68.54981803894043,0.0,1735232891.039764,,0.6396265029907227,1.0,0.001,1,16,40x40,MatchingNetwork,5,5,Greek,Egyptian,False,5,4000,2,exp1_permuted_src_datasets
290,68.57560229301453,0.0,1735232891.0655482,,0.7758016586303711,1.0,0.001,1,16,40x40,MatchingNetwork,5,5,Greek,Egyptian,False,5,4000,2,exp1_permuted_src_datasets
291,68.60114431381226,0.0,1735232891.0910902,,0.6740099787712097,1.0,0.001,1,16,40x40,MatchingNetwork,5,5,Greek,Egyptian,False,5,4000,2,exp1_permuted_src_datasets
292,68.62773084640503,0.0,1735232891.1176767,,0.6796004176139832,1.0,0.001,1,16,40x40,MatchingNetwork,5,5,Greek,Egyptian,False,5,4000,2,exp1_permuted_src_datasets
293,68.65473818778992,0.0,1735232891.144684,,0.6860027313232422,1.0,0.001,1,16,40x40,MatchingNetwork,5,5,Greek,Egyptian,False,5,4000,2,exp1_permuted_src_datasets
294,68.68014597892761,0.0,1735232891.1700919,,0.6500812768936157,1.0,0.001,1,16,40x40,MatchingNetwork,5,5,Greek,Egyptian,False,5,4000,2,exp1_permuted_src_datasets
295,68.70524907112122,0.0,1735232891.195195,,0.7124669551849365,1.0,0.001,1,16,40x40,MatchingNetwork,5,5,Greek,Egyptian,False,5,4000,2,exp1_permuted_src_datasets
296,68.73042583465576,0.0,1735232891.2203717,,0.7251477241516113,1.0,0.001,1,16,40x40,MatchingNetwork,5,5,Greek,Egyptian,False,5,4000,2,exp1_permuted_src_datasets
297,68.75556802749634,0.0,1735232891.245514,,0.6848714351654053,1.0,0.001,1,16,40x40,MatchingNetwork,5,5,Greek,Egyptian,False,5,4000,2,exp1_permuted_src_datasets
298,68.78098487854004,0.0,1735232891.2709308,,0.6976701617240906,1.0,0.001,1,16,40x40,MatchingNetwork,5,5,Greek,Egyptian,False,5,4000,2,exp1_permuted_src_datasets
299,68.80611276626587,0.0,1735232891.2960587,,0.632114827632904,1.0,0.001,1,16,40x40,MatchingNetwork,5,5,Greek,Egyptian,False,5,4000,2,exp1_permuted_src_datasets
300,68.83086657524109,0.0,1735232891.3208125,,0.6499409675598145,1.0,0.001,1,16,40x40,MatchingNetwork,5,5,Greek,Egyptian,False,5,4000,2,exp1_permuted_src_datasets
301,68.85598087310791,0.0,1735232891.3459268,,0.720431923866272,1.0,0.001,1,16,40x40,MatchingNetwork,5,5,Greek,Egyptian,False,5,4000,2,exp1_permuted_src_datasets
302,68.88087463378906,0.0,1735232891.3708205,,0.6430869102478027,1.0,0.001,1,16,40x40,MatchingNetwork,5,5,Greek,Egyptian,False,5,4000,2,exp1_permuted_src_datasets
303,68.9059419631958,0.0,1735232891.3958879,,0.638653576374054,1.0,0.001,1,16,40x40,MatchingNetwork,5,5,Greek,Egyptian,False,5,4000,2,exp1_permuted_src_datasets
304,68.93076276779175,0.0,1735232891.4207087,,0.7127681970596313,1.0,0.001,1,16,40x40,MatchingNetwork,5,5,Greek,Egyptian,False,5,4000,2,exp1_permuted_src_datasets
305,68.95754504203796,0.0,1735232891.447491,,0.6333260536193848,1.0,0.001,1,16,40x40,MatchingNetwork,5,5,Greek,Egyptian,False,5,4000,2,exp1_permuted_src_datasets
306,68.98159098625183,0.0,1735232891.4715369,,0.7102624773979187,1.0,0.001,1,16,40x40,MatchingNetwork,5,5,Greek,Egyptian,False,5,4000,2,exp1_permuted_src_datasets
307,69.0066442489624,0.0,1735232891.4965901,,0.6552566885948181,1.0,0.001,1,16,40x40,MatchingNetwork,5,5,Greek,Egyptian,False,5,4000,2,exp1_permuted_src_datasets
308,69.03006720542908,0.0,1735232891.520013,,0.6358353495597839,1.0,0.001,1,16,40x40,MatchingNetwork,5,5,Greek,Egyptian,False,5,4000,2,exp1_permuted_src_datasets
309,69.05496883392334,0.0,1735232891.5449147,,0.6817500591278076,1.0,0.001,1,16,40x40,MatchingNetwork,5,5,Greek,Egyptian,False,5,4000,2,exp1_permuted_src_datasets
310,69.08078837394714,0.0,1735232891.5707343,,0.6461690068244934,1.0,0.001,1,16,40x40,MatchingNetwork,5,5,Greek,Egyptian,False,5,4000,2,exp1_permuted_src_datasets
311,69.105877161026,0.0,1735232891.595823,,0.6720110177993774,1.0,0.001,1,16,40x40,MatchingNetwork,5,5,Greek,Egyptian,False,5,4000,2,exp1_permuted_src_datasets
312,69.1308901309967,0.0,1735232891.620836,,0.677192747592926,1.0,0.001,1,16,40x40,MatchingNetwork,5,5,Greek,Egyptian,False,5,4000,2,exp1_permuted_src_datasets
313,69.1555278301239,0.0,1735232891.6454737,,0.6468853950500488,1.0,0.001,1,16,40x40,MatchingNetwork,5,5,Greek,Egyptian,False,5,4000,2,exp1_permuted_src_datasets
314,69.18035292625427,0.0,1735232891.6702988,,0.6770195364952087,1.0,0.001,1,16,40x40,MatchingNetwork,5,5,Greek,Egyptian,False,5,4000,2,exp1_permuted_src_datasets
315,69.20508146286011,0.0,1735232891.6950274,,0.6394772529602051,1.0,0.001,1,16,40x40,MatchingNetwork,5,5,Greek,Egyptian,False,5,4000,2,exp1_permuted_src_datasets
316,79.66730523109436,0.0,1735232902.1572511,0.90575,,,0.001,1,16,40x40,MatchingNetwork,5,5,Greek,Egyptian,False,5,4000,2,exp1_permuted_src_datasets
317,79.68193483352661,0.0,1735232902.1718807,,0.6448875069618225,1.0,0.001,1,16,40x40,MatchingNetwork,5,5,Greek,Egyptian,False,5,4000,2,exp1_permuted_src_datasets
318,79.70711088180542,0.0,1735232902.1970568,,0.686405599117279,1.0,0.001,1,16,40x40,MatchingNetwork,5,5,Greek,Egyptian,False,5,4000,2,exp1_permuted_src_datasets
319,79.73376131057739,0.0,1735232902.2237072,,0.633467435836792,1.0,0.001,1,16,40x40,MatchingNetwork,5,5,Greek,Egyptian,False,5,4000,2,exp1_permuted_src_datasets
320,79.75930571556091,0.0,1735232902.2492516,,0.6352825164794922,1.0,0.001,1,16,40x40,MatchingNetwork,5,5,Greek,Egyptian,False,5,4000,2,exp1_permuted_src_datasets
321,79.78494262695312,0.0,1735232902.2748885,,0.6626371741294861,1.0,0.001,1,16,40x40,MatchingNetwork,5,5,Greek,Egyptian,False,5,4000,2,exp1_permuted_src_datasets
322,79.80991268157959,0.0,1735232902.2998586,,0.681394636631012,1.0,0.001,1,16,40x40,MatchingNetwork,5,5,Greek,Egyptian,False,5,4000,2,exp1_permuted_src_datasets
323,79.83512473106384,0.0,1735232902.3250706,,0.712736189365387,1.0,0.001,1,16,40x40,MatchingNetwork,5,5,Greek,Egyptian,False,5,4000,2,exp1_permuted_src_datasets
324,79.86089038848877,0.0,1735232902.3508363,,0.6465581059455872,1.0,0.001,1,16,40x40,MatchingNetwork,5,5,Greek,Egyptian,False,5,4000,2,exp1_permuted_src_datasets
325,79.88702869415283,0.0,1735232902.3769746,,0.682735800743103,1.0,0.001,1,16,40x40,MatchingNetwork,5,5,Greek,Egyptian,False,5,4000,2,exp1_permuted_src_datasets
326,79.91232228279114,0.0,1735232902.4022682,,0.6399480700492859,1.0,0.001,1,16,40x40,MatchingNetwork,5,5,Greek,Egyptian,False,5,4000,2,exp1_permuted_src_datasets
327,79.93710923194885,0.0,1735232902.4270551,,0.7181252837181091,1.0,0.001,1,16,40x40,MatchingNetwork,5,5,Greek,Egyptian,False,5,4000,2,exp1_permuted_src_datasets
328,79.96211385726929,0.0,1735232902.4520597,,0.6509846448898315,1.0,0.001,1,16,40x40,MatchingNetwork,5,5,Greek,Egyptian,False,5,4000,2,exp1_permuted_src_datasets
329,79.98710918426514,0.0,1735232902.477055,,0.6280260682106018,1.0,0.001,1,16,40x40,MatchingNetwork,5,5,Greek,Egyptian,False,5,4000,2,exp1_permuted_src_datasets
330,80.01149868965149,0.0,1735232902.5014446,,0.6800511479377747,1.0,0.001,1,16,40x40,MatchingNetwork,5,5,Greek,Egyptian,False,5,4000,2,exp1_permuted_src_datasets
331,80.03634119033813,0.0,1735232902.526287,,0.6960693597793579,1.0,0.001,1,16,40x40,MatchingNetwork,5,5,Greek,Egyptian,False,5,4000,2,exp1_permuted_src_datasets
332,80.06326651573181,0.0,1735232902.5532124,,0.6424205303192139,1.0,0.001,1,16,40x40,MatchingNetwork,5,5,Greek,Egyptian,False,5,4000,2,exp1_permuted_src_datasets
333,80.08794832229614,0.0,1735232902.5778942,,0.6732964515686035,1.0,0.001,1,16,40x40,MatchingNetwork,5,5,Greek,Egyptian,False,5,4000,2,exp1_permuted_src_datasets
334,80.11243629455566,0.0,1735232902.6023822,,0.7431033253669739,1.0,0.001,1,16,40x40,MatchingNetwork,5,5,Greek,Egyptian,False,5,4000,2,exp1_permuted_src_datasets
335,80.1372971534729,0.0,1735232902.627243,,0.6730719804763794,1.0,0.001,1,16,40x40,MatchingNetwork,5,5,Greek,Egyptian,False,5,4000,2,exp1_permuted_src_datasets
336,80.16362166404724,0.0,1735232902.6535676,,0.6909750699996948,1.0,0.001,1,16,40x40,MatchingNetwork,5,5,Greek,Egyptian,False,5,4000,2,exp1_permuted_src_datasets
337,80.18901062011719,0.0,1735232902.6789565,,0.6406890749931335,1.0,0.001,1,16,40x40,MatchingNetwork,5,5,Greek,Egyptian,False,5,4000,2,exp1_permuted_src_datasets
338,80.21371269226074,0.0,1735232902.7036586,,0.6613638997077942,1.0,0.001,1,16,40x40,MatchingNetwork,5,5,Greek,Egyptian,False,5,4000,2,exp1_permuted_src_datasets
339,80.23775935173035,0.0,1735232902.7277052,,0.6357213854789734,1.0,0.001,1,16,40x40,MatchingNetwork,5,5,Greek,Egyptian,False,5,4000,2,exp1_permuted_src_datasets
340,80.26226353645325,0.0,1735232902.7522094,,0.6452862024307251,1.0,0.001,1,16,40x40,MatchingNetwork,5,5,Greek,Egyptian,False,5,4000,2,exp1_permuted_src_datasets
341,80.28666543960571,0.0,1735232902.7766113,,0.6850730776786804,1.0,0.001,1,16,40x40,MatchingNetwork,5,5,Greek,Egyptian,False,5,4000,2,exp1_permuted_src_datasets
342,80.31117677688599,0.0,1735232902.8011227,,0.684803307056427,1.0,0.001,1,16,40x40,MatchingNetwork,5,5,Greek,Egyptian,False,5,4000,2,exp1_permuted_src_datasets
343,80.33503866195679,0.0,1735232902.8249846,,0.6734952330589294,1.0,0.001,1,16,40x40,MatchingNetwork,5,5,Greek,Egyptian,False,5,4000,2,exp1_permuted_src_datasets
344,80.35917639732361,0.0,1735232902.8491223,,0.649608850479126,1.0,0.001,1,16,40x40,MatchingNetwork,5,5,Greek,Egyptian,False,5,4000,2,exp1_permuted_src_datasets
345,80.38369250297546,0.0,1735232902.8736384,,0.6379724144935608,1.0,0.001,1,16,40x40,MatchingNetwork,5,5,Greek,Egyptian,False,5,4000,2,exp1_permuted_src_datasets
346,80.40818405151367,0.0,1735232902.89813,,0.6778886914253235,1.0,0.001,1,16,40x40,MatchingNetwork,5,5,Greek,Egyptian,False,5,4000,2,exp1_permuted_src_datasets
347,80.43251442909241,0.0,1735232902.9224603,,0.6790477633476257,1.0,0.001,1,16,40x40,MatchingNetwork,5,5,Greek,Egyptian,False,5,4000,2,exp1_permuted_src_datasets
348,80.45883226394653,0.0,1735232902.9487782,,0.6641668081283569,1.0,0.001,1,16,40x40,MatchingNetwork,5,5,Greek,Egyptian,False,5,4000,2,exp1_permuted_src_datasets
349,80.482750415802,0.0,1735232902.9726963,,0.6521371006965637,1.0,0.001,1,16,40x40,MatchingNetwork,5,5,Greek,Egyptian,False,5,4000,2,exp1_permuted_src_datasets
350,80.5069842338562,0.0,1735232902.9969301,,0.6959356069564819,1.0,0.001,1,16,40x40,MatchingNetwork,5,5,Greek,Egyptian,False,5,4000,2,exp1_permuted_src_datasets
351,80.53115057945251,0.0,1735232903.0210965,,0.7069216966629028,1.0,0.001,1,16,40x40,MatchingNetwork,5,5,Greek,Egyptian,False,5,4000,2,exp1_permuted_src_datasets
352,80.55615568161011,0.0,1735232903.0461016,,0.6746737360954285,1.0,0.001,1,16,40x40,MatchingNetwork,5,5,Greek,Egyptian,False,5,4000,2,exp1_permuted_src_datasets
353,80.58085441589355,0.0,1735232903.0708003,,0.6856411099433899,1.0,0.001,1,16,40x40,MatchingNetwork,5,5,Greek,Egyptian,False,5,4000,2,exp1_permuted_src_datasets
354,80.60604619979858,0.0,1735232903.095992,,0.7086784839630127,1.0,0.001,1,16,40x40,MatchingNetwork,5,5,Greek,Egyptian,False,5,4000,2,exp1_permuted_src_datasets
355,80.63192582130432,0.0,1735232903.1218717,,0.6426438093185425,1.0,0.001,1,16,40x40,MatchingNetwork,5,5,Greek,Egyptian,False,5,4000,2,exp1_permuted_src_datasets
356,80.65599608421326,0.0,1735232903.145942,,0.6693115830421448,1.0,0.001,1,16,40x40,MatchingNetwork,5,5,Greek,Egyptian,False,5,4000,2,exp1_permuted_src_datasets
357,80.68096423149109,0.0,1735232903.1709101,,0.6820163726806641,1.0,0.001,1,16,40x40,MatchingNetwork,5,5,Greek,Egyptian,False,5,4000,2,exp1_permuted_src_datasets
358,80.70483469963074,0.0,1735232903.1947806,,0.6640622615814209,1.0,0.001,1,16,40x40,MatchingNetwork,5,5,Greek,Egyptian,False,5,4000,2,exp1_permuted_src_datasets
359,80.72891592979431,0.0,1735232903.2188618,,0.6655768156051636,1.0,0.001,1,16,40x40,MatchingNetwork,5,5,Greek,Egyptian,False,5,4000,2,exp1_permuted_src_datasets
360,80.753169298172,0.0,1735232903.2431152,,0.6417365670204163,1.0,0.001,1,16,40x40,MatchingNetwork,5,5,Greek,Egyptian,False,5,4000,2,exp1_permuted_src_datasets
361,80.77883839607239,0.0,1735232903.2687843,,0.6485372185707092,1.0,0.001,1,16,40x40,MatchingNetwork,5,5,Greek,Egyptian,False,5,4000,2,exp1_permuted_src_datasets
362,80.80356121063232,0.0,1735232903.293507,,0.677634060382843,1.0,0.001,1,16,40x40,MatchingNetwork,5,5,Greek,Egyptian,False,5,4000,2,exp1_permuted_src_datasets
363,80.82707571983337,0.0,1735232903.3170216,,0.6476895809173584,1.0,0.001,1,16,40x40,MatchingNetwork,5,5,Greek,Egyptian,False,5,4000,2,exp1_permuted_src_datasets
364,80.85167384147644,0.0,1735232903.3416197,,0.7239981293678284,1.0,0.001,1,16,40x40,MatchingNetwork,5,5,Greek,Egyptian,False,5,4000,2,exp1_permuted_src_datasets
365,80.87595343589783,0.0,1735232903.3658993,,0.6644399762153625,1.0,0.001,1,16,40x40,MatchingNetwork,5,5,Greek,Egyptian,False,5,4000,2,exp1_permuted_src_datasets
366,80.9008138179779,0.0,1735232903.3907597,,0.7594254016876221,1.0,0.001,1,16,40x40,MatchingNetwork,5,5,Greek,Egyptian,False,5,4000,2,exp1_permuted_src_datasets
367,80.93336820602417,0.0,1735232903.423314,,0.708256721496582,1.0,0.001,1,16,40x40,MatchingNetwork,5,5,Greek,Egyptian,False,5,4000,2,exp1_permuted_src_datasets
368,80.9576735496521,0.0,1735232903.4476194,,0.715188205242157,1.0,0.001,1,16,40x40,MatchingNetwork,5,5,Greek,Egyptian,False,5,4000,2,exp1_permuted_src_datasets
369,80.98277592658997,0.0,1735232903.4727218,,0.7194531559944153,1.0,0.001,1,16,40x40,MatchingNetwork,5,5,Greek,Egyptian,False,5,4000,2,exp1_permuted_src_datasets
370,81.0070698261261,0.0,1735232903.4970157,,0.6665568351745605,1.0,0.001,1,16,40x40,MatchingNetwork,5,5,Greek,Egyptian,False,5,4000,2,exp1_permuted_src_datasets
371,81.03093361854553,0.0,1735232903.5208795,,0.7151172161102295,1.0,0.001,1,16,40x40,MatchingNetwork,5,5,Greek,Egyptian,False,5,4000,2,exp1_permuted_src_datasets
372,81.05798649787903,0.0,1735232903.5479324,,0.6361884474754333,1.0,0.001,1,16,40x40,MatchingNetwork,5,5,Greek,Egyptian,False,5,4000,2,exp1_permuted_src_datasets
373,81.0828857421875,0.0,1735232903.5728316,,0.6525684595108032,1.0,0.001,1,16,40x40,MatchingNetwork,5,5,Greek,Egyptian,False,5,4000,2,exp1_permuted_src_datasets
374,81.1078736782074,0.0,1735232903.5978196,,0.7159410715103149,1.0,0.001,1,16,40x40,MatchingNetwork,5,5,Greek,Egyptian,False,5,4000,2,exp1_permuted_src_datasets
375,81.13169884681702,0.0,1735232903.6216447,,0.6388700008392334,1.0,0.001,1,16,40x40,MatchingNetwork,5,5,Greek,Egyptian,False,5,4000,2,exp1_permuted_src_datasets
376,81.1562328338623,0.0,1735232903.6461787,,0.6732814311981201,1.0,0.001,1,16,40x40,MatchingNetwork,5,5,Greek,Egyptian,False,5,4000,2,exp1_permuted_src_datasets
377,81.18094277381897,0.0,1735232903.6708887,,0.6854144930839539,1.0,0.001,1,16,40x40,MatchingNetwork,5,5,Greek,Egyptian,False,5,4000,2,exp1_permuted_src_datasets
378,81.20769023895264,0.0,1735232903.6976361,,0.7054044008255005,1.0,0.001,1,16,40x40,MatchingNetwork,5,5,Greek,Egyptian,False,5,4000,2,exp1_permuted_src_datasets
379,91.7132728099823,0.0,1735232914.2032187,0.89825,,,0.001,1,16,40x40,MatchingNetwork,5,5,Greek,Egyptian,False,5,4000,2,exp1_permuted_src_datasets
380,91.7295196056366,0.0,1735232914.2194655,,0.6940844655036926,1.0,0.001,1,16,40x40,MatchingNetwork,5,5,Greek,Egyptian,False,5,4000,2,exp1_permuted_src_datasets
381,91.75563549995422,0.0,1735232914.2455814,,0.6293352246284485,1.0,0.001,1,16,40x40,MatchingNetwork,5,5,Greek,Egyptian,False,5,4000,2,exp1_permuted_src_datasets
382,91.7822163105011,0.0,1735232914.2721622,,0.7056094408035278,1.0,0.001,1,16,40x40,MatchingNetwork,5,5,Greek,Egyptian,False,5,4000,2,exp1_permuted_src_datasets
383,91.80789279937744,0.0,1735232914.2978387,,0.6599810719490051,1.0,0.001,1,16,40x40,MatchingNetwork,5,5,Greek,Egyptian,False,5,4000,2,exp1_permuted_src_datasets
384,91.83510088920593,0.0,1735232914.3250468,,0.6647533178329468,1.0,0.001,1,16,40x40,MatchingNetwork,5,5,Greek,Egyptian,False,5,4000,2,exp1_permuted_src_datasets
385,91.86148285865784,0.0,1735232914.3514287,,0.6320018768310547,1.0,0.001,1,16,40x40,MatchingNetwork,5,5,Greek,Egyptian,False,5,4000,2,exp1_permuted_src_datasets
386,91.88699984550476,0.0,1735232914.3769457,,0.7176015377044678,1.0,0.001,1,16,40x40,MatchingNetwork,5,5,Greek,Egyptian,False,5,4000,2,exp1_permuted_src_datasets
387,91.91254949569702,0.0,1735232914.4024954,,0.667312741279602,1.0,0.001,1,16,40x40,MatchingNetwork,5,5,Greek,Egyptian,False,5,4000,2,exp1_permuted_src_datasets
388,91.93864035606384,0.0,1735232914.4285862,,0.6698987483978271,1.0,0.001,1,16,40x40,MatchingNetwork,5,5,Greek,Egyptian,False,5,4000,2,exp1_permuted_src_datasets
389,91.9643828868866,0.0,1735232914.4543288,,0.689307451248169,1.0,0.001,1,16,40x40,MatchingNetwork,5,5,Greek,Egyptian,False,5,4000,2,exp1_permuted_src_datasets
390,91.98910331726074,0.0,1735232914.4790492,,0.6595178246498108,1.0,0.001,1,16,40x40,MatchingNetwork,5,5,Greek,Egyptian,False,5,4000,2,exp1_permuted_src_datasets
391,92.01340699195862,0.0,1735232914.5033529,,0.6350780725479126,1.0,0.001,1,16,40x40,MatchingNetwork,5,5,Greek,Egyptian,False,5,4000,2,exp1_permuted_src_datasets
392,92.03743886947632,0.0,1735232914.5273848,,0.6822837591171265,1.0,0.001,1,16,40x40,MatchingNetwork,5,5,Greek,Egyptian,False,5,4000,2,exp1_permuted_src_datasets
393,92.06231880187988,0.0,1735232914.5522647,,0.6484251618385315,1.0,0.001,1,16,40x40,MatchingNetwork,5,5,Greek,Egyptian,False,5,4000,2,exp1_permuted_src_datasets
394,92.08660364151001,0.0,1735232914.5765495,,0.7000909447669983,1.0,0.001,1,16,40x40,MatchingNetwork,5,5,Greek,Egyptian,False,5,4000,2,exp1_permuted_src_datasets
395,92.11079931259155,0.0,1735232914.6007452,,0.7067878842353821,1.0,0.001,1,16,40x40,MatchingNetwork,5,5,Greek,Egyptian,False,5,4000,2,exp1_permuted_src_datasets
396,92.13498973846436,0.0,1735232914.6249356,,0.6521850824356079,1.0,0.001,1,16,40x40,MatchingNetwork,5,5,Greek,Egyptian,False,5,4000,2,exp1_permuted_src_datasets
397,92.15915322303772,0.0,1735232914.649099,,0.7221529483795166,1.0,0.001,1,16,40x40,MatchingNetwork,5,5,Greek,Egyptian,False,5,4000,2,exp1_permuted_src_datasets
398,92.18463206291199,0.0,1735232914.674578,,0.6493287682533264,1.0,0.001,1,16,40x40,MatchingNetwork,5,5,Greek,Egyptian,False,5,4000,2,exp1_permuted_src_datasets
399,92.2095365524292,0.0,1735232914.6994824,,0.677031397819519,1.0,0.001,1,16,40x40,MatchingNetwork,5,5,Greek,Egyptian,False,5,4000,2,exp1_permuted_src_datasets
400,92.23407578468323,0.0,1735232914.7240217,,0.65074622631073,1.0,0.001,1,16,40x40,MatchingNetwork,5,5,Greek,Egyptian,False,5,4000,2,exp1_permuted_src_datasets
401,92.25865244865417,0.0,1735232914.7485983,,0.6355826258659363,1.0,0.001,1,16,40x40,MatchingNetwork,5,5,Greek,Egyptian,False,5,4000,2,exp1_permuted_src_datasets
402,92.28318786621094,0.0,1735232914.7731338,,0.6512448787689209,1.0,0.001,1,16,40x40,MatchingNetwork,5,5,Greek,Egyptian,False,5,4000,2,exp1_permuted_src_datasets
403,92.30850625038147,0.0,1735232914.7984521,,0.7128822803497314,1.0,0.001,1,16,40x40,MatchingNetwork,5,5,Greek,Egyptian,False,5,4000,2,exp1_permuted_src_datasets
404,92.3330557346344,0.0,1735232914.8230016,,0.662112832069397,1.0,0.001,1,16,40x40,MatchingNetwork,5,5,Greek,Egyptian,False,5,4000,2,exp1_permuted_src_datasets
405,92.35754704475403,0.0,1735232914.847493,,0.641861617565155,1.0,0.001,1,16,40x40,MatchingNetwork,5,5,Greek,Egyptian,False,5,4000,2,exp1_permuted_src_datasets
406,92.38221573829651,0.0,1735232914.8721616,,0.7111231088638306,1.0,0.001,1,16,40x40,MatchingNetwork,5,5,Greek,Egyptian,False,5,4000,2,exp1_permuted_src_datasets
407,92.40669918060303,0.0,1735232914.896645,,0.666409969329834,1.0,0.001,1,16,40x40,MatchingNetwork,5,5,Greek,Egyptian,False,5,4000,2,exp1_permuted_src_datasets
408,92.43131232261658,0.0,1735232914.9212582,,0.6385918855667114,1.0,0.001,1,16,40x40,MatchingNetwork,5,5,Greek,Egyptian,False,5,4000,2,exp1_permuted_src_datasets
409,92.45652961730957,0.0,1735232914.9464755,,0.7021343111991882,1.0,0.001,1,16,40x40,MatchingNetwork,5,5,Greek,Egyptian,False,5,4000,2,exp1_permuted_src_datasets
410,92.48163151741028,0.0,1735232914.9715774,,0.7031601667404175,1.0,0.001,1,16,40x40,MatchingNetwork,5,5,Greek,Egyptian,False,5,4000,2,exp1_permuted_src_datasets
411,92.50623512268066,0.0,1735232914.996181,,0.6312283873558044,1.0,0.001,1,16,40x40,MatchingNetwork,5,5,Greek,Egyptian,False,5,4000,2,exp1_permuted_src_datasets
412,92.53100180625916,0.0,1735232915.0209477,,0.6639014482498169,1.0,0.001,1,16,40x40,MatchingNetwork,5,5,Greek,Egyptian,False,5,4000,2,exp1_permuted_src_datasets
413,92.55534052848816,0.0,1735232915.0452864,,0.6423608064651489,1.0,0.001,1,16,40x40,MatchingNetwork,5,5,Greek,Egyptian,False,5,4000,2,exp1_permuted_src_datasets
414,92.58100652694702,0.0,1735232915.0709524,,0.6695575714111328,1.0,0.001,1,16,40x40,MatchingNetwork,5,5,Greek,Egyptian,False,5,4000,2,exp1_permuted_src_datasets
415,92.60564684867859,0.0,1735232915.0955927,,0.7252795696258545,1.0,0.001,1,16,40x40,MatchingNetwork,5,5,Greek,Egyptian,False,5,4000,2,exp1_permuted_src_datasets
416,92.62968468666077,0.0,1735232915.1196306,,0.6371621489524841,1.0,0.001,1,16,40x40,MatchingNetwork,5,5,Greek,Egyptian,False,5,4000,2,exp1_permuted_src_datasets
417,92.65362644195557,0.0,1735232915.1435723,,0.6330738067626953,1.0,0.001,1,16,40x40,MatchingNetwork,5,5,Greek,Egyptian,False,5,4000,2,exp1_permuted_src_datasets
418,92.67921352386475,0.0,1735232915.1691594,,0.7476959824562073,1.0,0.001,1,16,40x40,MatchingNetwork,5,5,Greek,Egyptian,False,5,4000,2,exp1_permuted_src_datasets
419,92.70375680923462,0.0,1735232915.1937027,,0.7064330577850342,1.0,0.001,1,16,40x40,MatchingNetwork,5,5,Greek,Egyptian,False,5,4000,2,exp1_permuted_src_datasets
420,92.72812914848328,0.0,1735232915.218075,,0.6347315907478333,1.0,0.001,1,16,40x40,MatchingNetwork,5,5,Greek,Egyptian,False,5,4000,2,exp1_permuted_src_datasets
421,92.75213122367859,0.0,1735232915.242077,,0.6325059533119202,1.0,0.001,1,16,40x40,MatchingNetwork,5,5,Greek,Egyptian,False,5,4000,2,exp1_permuted_src_datasets
422,92.776451587677,0.0,1735232915.2663975,,0.6615340709686279,1.0,0.001,1,16,40x40,MatchingNetwork,5,5,Greek,Egyptian,False,5,4000,2,exp1_permuted_src_datasets
423,92.80135583877563,0.0,1735232915.2913017,,0.6437069773674011,1.0,0.001,1,16,40x40,MatchingNetwork,5,5,Greek,Egyptian,False,5,4000,2,exp1_permuted_src_datasets
424,92.82572841644287,0.0,1735232915.3156743,,0.6892685294151306,1.0,0.001,1,16,40x40,MatchingNetwork,5,5,Greek,Egyptian,False,5,4000,2,exp1_permuted_src_datasets
425,92.85122776031494,0.0,1735232915.3411736,,0.6465281844139099,1.0,0.001,1,16,40x40,MatchingNetwork,5,5,Greek,Egyptian,False,5,4000,2,exp1_permuted_src_datasets
426,92.87503552436829,0.0,1735232915.3649814,,0.637686014175415,1.0,0.001,1,16,40x40,MatchingNetwork,5,5,Greek,Egyptian,False,5,4000,2,exp1_permuted_src_datasets
427,92.89919376373291,0.0,1735232915.3891397,,0.7168430685997009,1.0,0.001,1,16,40x40,MatchingNetwork,5,5,Greek,Egyptian,False,5,4000,2,exp1_permuted_src_datasets
428,92.92315864562988,0.0,1735232915.4131045,,0.6668457984924316,1.0,0.001,1,16,40x40,MatchingNetwork,5,5,Greek,Egyptian,False,5,4000,2,exp1_permuted_src_datasets
429,92.94733810424805,0.0,1735232915.437284,,0.7229999899864197,1.0,0.001,1,16,40x40,MatchingNetwork,5,5,Greek,Egyptian,False,5,4000,2,exp1_permuted_src_datasets
430,92.97183442115784,0.0,1735232915.4617803,,0.7438306212425232,1.0,0.001,1,16,40x40,MatchingNetwork,5,5,Greek,Egyptian,False,5,4000,2,exp1_permuted_src_datasets
431,92.99592900276184,0.0,1735232915.485875,,0.6655138731002808,1.0,0.001,1,16,40x40,MatchingNetwork,5,5,Greek,Egyptian,False,5,4000,2,exp1_permuted_src_datasets
432,93.02087259292603,0.0,1735232915.5108185,,0.6323720812797546,1.0,0.001,1,16,40x40,MatchingNetwork,5,5,Greek,Egyptian,False,5,4000,2,exp1_permuted_src_datasets
433,93.04626560211182,0.0,1735232915.5362115,,0.640747606754303,1.0,0.001,1,16,40x40,MatchingNetwork,5,5,Greek,Egyptian,False,5,4000,2,exp1_permuted_src_datasets
434,93.07036447525024,0.0,1735232915.5603104,,0.6769341826438904,1.0,0.001,1,16,40x40,MatchingNetwork,5,5,Greek,Egyptian,False,5,4000,2,exp1_permuted_src_datasets
435,93.09473180770874,0.0,1735232915.5846777,,0.6715265512466431,1.0,0.001,1,16,40x40,MatchingNetwork,5,5,Greek,Egyptian,False,5,4000,2,exp1_permuted_src_datasets
436,93.11898589134216,0.0,1735232915.6089318,,0.6373388171195984,1.0,0.001,1,16,40x40,MatchingNetwork,5,5,Greek,Egyptian,False,5,4000,2,exp1_permuted_src_datasets
437,93.14304995536804,0.0,1735232915.6329958,,0.6593667268753052,1.0,0.001,1,16,40x40,MatchingNetwork,5,5,Greek,Egyptian,False,5,4000,2,exp1_permuted_src_datasets
438,93.16721773147583,0.0,1735232915.6571636,,0.6728631258010864,1.0,0.001,1,16,40x40,MatchingNetwork,5,5,Greek,Egyptian,False,5,4000,2,exp1_permuted_src_datasets
439,93.19107031822205,0.0,1735232915.6810162,,0.6464160680770874,1.0,0.001,1,16,40x40,MatchingNetwork,5,5,Greek,Egyptian,False,5,4000,2,exp1_permuted_src_datasets
440,93.21498107910156,0.0,1735232915.704927,,0.6418963670730591,1.0,0.001,1,16,40x40,MatchingNetwork,5,5,Greek,Egyptian,False,5,4000,2,exp1_permuted_src_datasets
441,93.23931550979614,0.0,1735232915.7292614,,0.655621349811554,1.0,0.001,1,16,40x40,MatchingNetwork,5,5,Greek,Egyptian,False,5,4000,2,exp1_permuted_src_datasets
442,104.17112517356873,0.0,1735232926.661071,0.90475,,,0.001,1,16,40x40,MatchingNetwork,5,5,Greek,Egyptian,False,5,4000,2,exp1_permuted_src_datasets
443,104.1989016532898,0.0,1735232926.6888475,,0.6930240392684937,1.0,0.001,1,16,40x40,MatchingNetwork,5,5,Greek,Egyptian,False,5,4000,2,exp1_permuted_src_datasets
444,104.2321355342865,0.0,1735232926.7220814,,0.6449210047721863,1.0,0.001,1,16,40x40,MatchingNetwork,5,5,Greek,Egyptian,False,5,4000,2,exp1_permuted_src_datasets
445,104.26156091690063,0.0,1735232926.7515068,,0.6668697595596313,1.0,0.001,1,16,40x40,MatchingNetwork,5,5,Greek,Egyptian,False,5,4000,2,exp1_permuted_src_datasets
446,104.29768967628479,0.0,1735232926.7876356,,0.6732469797134399,1.0,0.001,1,16,40x40,MatchingNetwork,5,5,Greek,Egyptian,False,5,4000,2,exp1_permuted_src_datasets
447,104.33015584945679,0.0,1735232926.8201017,,0.6726620197296143,1.0,0.001,1,16,40x40,MatchingNetwork,5,5,Greek,Egyptian,False,5,4000,2,exp1_permuted_src_datasets
448,104.3661425113678,0.0,1735232926.8560884,,0.6643578410148621,1.0,0.001,1,16,40x40,MatchingNetwork,5,5,Greek,Egyptian,False,5,4000,2,exp1_permuted_src_datasets
449,104.3917396068573,0.0,1735232926.8816855,,0.645095705986023,1.0,0.001,1,16,40x40,MatchingNetwork,5,5,Greek,Egyptian,False,5,4000,2,exp1_permuted_src_datasets
450,104.43315529823303,0.0,1735232926.9231012,,0.6393762826919556,1.0,0.001,1,16,40x40,MatchingNetwork,5,5,Greek,Egyptian,False,5,4000,2,exp1_permuted_src_datasets
451,104.46479654312134,0.0,1735232926.9547424,,0.627217173576355,1.0,0.001,1,16,40x40,MatchingNetwork,5,5,Greek,Egyptian,False,5,4000,2,exp1_permuted_src_datasets
452,104.49750208854675,0.0,1735232926.987448,,0.6888676881790161,1.0,0.001,1,16,40x40,MatchingNetwork,5,5,Greek,Egyptian,False,5,4000,2,exp1_permuted_src_datasets
453,104.52446722984314,0.0,1735232927.014413,,0.6809530854225159,1.0,0.001,1,16,40x40,MatchingNetwork,5,5,Greek,Egyptian,False,5,4000,2,exp1_permuted_src_datasets
454,104.55253505706787,0.0,1735232927.042481,,0.6322418451309204,1.0,0.001,1,16,40x40,MatchingNetwork,5,5,Greek,Egyptian,False,5,4000,2,exp1_permuted_src_datasets
455,104.58215928077698,0.0,1735232927.0721052,,0.6305217742919922,1.0,0.001,1,16,40x40,MatchingNetwork,5,5,Greek,Egyptian,False,5,4000,2,exp1_permuted_src_datasets
456,104.60895371437073,0.0,1735232927.0988996,,0.6596378684043884,1.0,0.001,1,16,40x40,MatchingNetwork,5,5,Greek,Egyptian,False,5,4000,2,exp1_permuted_src_datasets
457,104.63680410385132,0.0,1735232927.12675,,0.6539047956466675,1.0,0.001,1,16,40x40,MatchingNetwork,5,5,Greek,Egyptian,False,5,4000,2,exp1_permuted_src_datasets
458,104.6680839061737,0.0,1735232927.1580298,,0.7332824468612671,1.0,0.001,1,16,40x40,MatchingNetwork,5,5,Greek,Egyptian,False,5,4000,2,exp1_permuted_src_datasets
459,104.69749116897583,0.0,1735232927.187437,,0.673193097114563,1.0,0.001,1,16,40x40,MatchingNetwork,5,5,Greek,Egyptian,False,5,4000,2,exp1_permuted_src_datasets
460,104.72188234329224,0.0,1735232927.2118282,,0.639051079750061,1.0,0.001,1,16,40x40,MatchingNetwork,5,5,Greek,Egyptian,False,5,4000,2,exp1_permuted_src_datasets
461,104.74718236923218,0.0,1735232927.2371283,,0.7387024760246277,1.0,0.001,1,16,40x40,MatchingNetwork,5,5,Greek,Egyptian,False,5,4000,2,exp1_permuted_src_datasets
462,104.7728590965271,0.0,1735232927.262805,,0.7150905132293701,1.0,0.001,1,16,40x40,MatchingNetwork,5,5,Greek,Egyptian,False,5,4000,2,exp1_permuted_src_datasets
463,104.79712533950806,0.0,1735232927.2870712,,0.6926612257957458,1.0,0.001,1,16,40x40,MatchingNetwork,5,5,Greek,Egyptian,False,5,4000,2,exp1_permuted_src_datasets
464,104.82150959968567,0.0,1735232927.3114555,,0.7040817737579346,1.0,0.001,1,16,40x40,MatchingNetwork,5,5,Greek,Egyptian,False,5,4000,2,exp1_permuted_src_datasets
465,104.8460533618927,0.0,1735232927.3359993,,0.6304136514663696,1.0,0.001,1,16,40x40,MatchingNetwork,5,5,Greek,Egyptian,False,5,4000,2,exp1_permuted_src_datasets
466,104.87116694450378,0.0,1735232927.3611128,,0.635482132434845,1.0,0.001,1,16,40x40,MatchingNetwork,5,5,Greek,Egyptian,False,5,4000,2,exp1_permuted_src_datasets
467,104.89921689033508,0.0,1735232927.3891628,,0.6344847679138184,1.0,0.001,1,16,40x40,MatchingNetwork,5,5,Greek,Egyptian,False,5,4000,2,exp1_permuted_src_datasets
468,104.930166721344,0.0,1735232927.4201126,,0.6554687023162842,1.0,0.001,1,16,40x40,MatchingNetwork,5,5,Greek,Egyptian,False,5,4000,2,exp1_permuted_src_datasets
469,104.9553849697113,0.0,1735232927.4453309,,0.7250434160232544,1.0,0.001,1,16,40x40,MatchingNetwork,5,5,Greek,Egyptian,False,5,4000,2,exp1_permuted_src_datasets
470,104.98060274124146,0.0,1735232927.4705486,,0.6831941604614258,1.0,0.001,1,16,40x40,MatchingNetwork,5,5,Greek,Egyptian,False,5,4000,2,exp1_permuted_src_datasets
471,105.00512838363647,0.0,1735232927.4950743,,0.7222478985786438,1.0,0.001,1,16,40x40,MatchingNetwork,5,5,Greek,Egyptian,False,5,4000,2,exp1_permuted_src_datasets
472,105.03066921234131,0.0,1735232927.520615,,0.6796903014183044,1.0,0.001,1,16,40x40,MatchingNetwork,5,5,Greek,Egyptian,False,5,4000,2,exp1_permuted_src_datasets
473,105.05554127693176,0.0,1735232927.5454872,,0.6568178534507751,1.0,0.001,1,16,40x40,MatchingNetwork,5,5,Greek,Egyptian,False,5,4000,2,exp1_permuted_src_datasets
474,105.0813672542572,0.0,1735232927.5713131,,0.6678960919380188,1.0,0.001,1,16,40x40,MatchingNetwork,5,5,Greek,Egyptian,False,5,4000,2,exp1_permuted_src_datasets
475,105.11021566390991,0.0,1735232927.6001616,,0.6851178407669067,1.0,0.001,1,16,40x40,MatchingNetwork,5,5,Greek,Egyptian,False,5,4000,2,exp1_permuted_src_datasets
476,105.13829898834229,0.0,1735232927.6282449,,0.6326025128364563,1.0,0.001,1,16,40x40,MatchingNetwork,5,5,Greek,Egyptian,False,5,4000,2,exp1_permuted_src_datasets
477,105.16311621665955,0.0,1735232927.653062,,0.6528696417808533,1.0,0.001,1,16,40x40,MatchingNetwork,5,5,Greek,Egyptian,False,5,4000,2,exp1_permuted_src_datasets
478,105.18824505805969,0.0,1735232927.678191,,0.6704920530319214,1.0,0.001,1,16,40x40,MatchingNetwork,5,5,Greek,Egyptian,False,5,4000,2,exp1_permuted_src_datasets
479,105.22886490821838,0.0,1735232927.7188108,,0.6974412798881531,1.0,0.001,1,16,40x40,MatchingNetwork,5,5,Greek,Egyptian,False,5,4000,2,exp1_permuted_src_datasets
480,105.26182746887207,0.0,1735232927.7517734,,0.6816526651382446,1.0,0.001,1,16,40x40,MatchingNetwork,5,5,Greek,Egyptian,False,5,4000,2,exp1_permuted_src_datasets
481,105.28999137878418,0.0,1735232927.7799373,,0.6774853467941284,1.0,0.001,1,16,40x40,MatchingNetwork,5,5,Greek,Egyptian,False,5,4000,2,exp1_permuted_src_datasets
482,105.31557393074036,0.0,1735232927.8055198,,0.6309504508972168,1.0,0.001,1,16,40x40,MatchingNetwork,5,5,Greek,Egyptian,False,5,4000,2,exp1_permuted_src_datasets
483,105.34342789649963,0.0,1735232927.8333738,,0.646384596824646,1.0,0.001,1,16,40x40,MatchingNetwork,5,5,Greek,Egyptian,False,5,4000,2,exp1_permuted_src_datasets
484,105.37394428253174,0.0,1735232927.8638902,,0.699521541595459,1.0,0.001,1,16,40x40,MatchingNetwork,5,5,Greek,Egyptian,False,5,4000,2,exp1_permuted_src_datasets
485,105.39880442619324,0.0,1735232927.8887503,,0.6410501003265381,1.0,0.001,1,16,40x40,MatchingNetwork,5,5,Greek,Egyptian,False,5,4000,2,exp1_permuted_src_datasets
486,105.42395806312561,0.0,1735232927.913904,,0.7115798592567444,1.0,0.001,1,16,40x40,MatchingNetwork,5,5,Greek,Egyptian,False,5,4000,2,exp1_permuted_src_datasets
487,105.45217370986938,0.0,1735232927.9421196,,0.7148629426956177,1.0,0.001,1,16,40x40,MatchingNetwork,5,5,Greek,Egyptian,False,5,4000,2,exp1_permuted_src_datasets
488,105.48190879821777,0.0,1735232927.9718547,,0.6373841166496277,1.0,0.001,1,16,40x40,MatchingNetwork,5,5,Greek,Egyptian,False,5,4000,2,exp1_permuted_src_datasets
489,105.51300883293152,0.0,1735232928.0029547,,0.7006183862686157,1.0,0.001,1,16,40x40,MatchingNetwork,5,5,Greek,Egyptian,False,5,4000,2,exp1_permuted_src_datasets
490,105.54261994361877,0.0,1735232928.0325658,,0.6860129237174988,1.0,0.001,1,16,40x40,MatchingNetwork,5,5,Greek,Egyptian,False,5,4000,2,exp1_permuted_src_datasets
491,105.56737923622131,0.0,1735232928.0573251,,0.6483532190322876,1.0,0.001,1,16,40x40,MatchingNetwork,5,5,Greek,Egyptian,False,5,4000,2,exp1_permuted_src_datasets
492,105.59348392486572,0.0,1735232928.0834298,,0.6790637969970703,1.0,0.001,1,16,40x40,MatchingNetwork,5,5,Greek,Egyptian,False,5,4000,2,exp1_permuted_src_datasets
493,105.6202802658081,0.0,1735232928.1102262,,0.6397760510444641,1.0,0.001,1,16,40x40,MatchingNetwork,5,5,Greek,Egyptian,False,5,4000,2,exp1_permuted_src_datasets
494,105.64856338500977,0.0,1735232928.1385093,,0.7114452719688416,1.0,0.001,1,16,40x40,MatchingNetwork,5,5,Greek,Egyptian,False,5,4000,2,exp1_permuted_src_datasets
495,105.67573070526123,0.0,1735232928.1656766,,0.7317111492156982,1.0,0.001,1,16,40x40,MatchingNetwork,5,5,Greek,Egyptian,False,5,4000,2,exp1_permuted_src_datasets
496,105.70063400268555,0.0,1735232928.19058,,0.712598979473114,1.0,0.001,1,16,40x40,MatchingNetwork,5,5,Greek,Egyptian,False,5,4000,2,exp1_permuted_src_datasets
497,105.72902584075928,0.0,1735232928.2189717,,0.6495943665504456,1.0,0.001,1,16,40x40,MatchingNetwork,5,5,Greek,Egyptian,False,5,4000,2,exp1_permuted_src_datasets
498,105.75654673576355,0.0,1735232928.2464926,,0.6725588440895081,1.0,0.001,1,16,40x40,MatchingNetwork,5,5,Greek,Egyptian,False,5,4000,2,exp1_permuted_src_datasets
499,105.78637266159058,0.0,1735232928.2763186,,0.6876761317253113,1.0,0.001,1,16,40x40,MatchingNetwork,5,5,Greek,Egyptian,False,5,4000,2,exp1_permuted_src_datasets
500,105.81675958633423,0.0,1735232928.3067055,,0.6878506541252136,1.0,0.001,1,16,40x40,MatchingNetwork,5,5,Greek,Egyptian,False,5,4000,2,exp1_permuted_src_datasets
501,105.84947156906128,0.0,1735232928.3394175,,0.6704232096672058,1.0,0.001,1,16,40x40,MatchingNetwork,5,5,Greek,Egyptian,False,5,4000,2,exp1_permuted_src_datasets
502,105.8848876953125,0.0,1735232928.3748336,,0.633208155632019,1.0,0.001,1,16,40x40,MatchingNetwork,5,5,Greek,Egyptian,False,5,4000,2,exp1_permuted_src_datasets
503,105.9144537448883,0.0,1735232928.4043996,,0.6446483731269836,1.0,0.001,1,16,40x40,MatchingNetwork,5,5,Greek,Egyptian,False,5,4000,2,exp1_permuted_src_datasets
504,105.94782137870789,0.0,1735232928.4377673,,0.6809394359588623,1.0,0.001,1,16,40x40,MatchingNetwork,5,5,Greek,Egyptian,False,5,4000,2,exp1_permuted_src_datasets
505,118.39140295982361,0.0,1735232940.8813488,0.908,,,0.001,1,16,40x40,MatchingNetwork,5,5,Greek,Egyptian,False,5,4000,2,exp1_permuted_src_datasets
506,118.42696952819824,0.0,1735232940.9169154,,0.6367865204811096,1.0,0.001,1,16,40x40,MatchingNetwork,5,5,Greek,Egyptian,False,5,4000,2,exp1_permuted_src_datasets
507,118.45283627510071,0.0,1735232940.9427822,,0.6465795040130615,1.0,0.001,1,16,40x40,MatchingNetwork,5,5,Greek,Egyptian,False,5,4000,2,exp1_permuted_src_datasets
508,118.49972987174988,0.0,1735232940.9896758,,0.6370642781257629,1.0,0.001,1,16,40x40,MatchingNetwork,5,5,Greek,Egyptian,False,5,4000,2,exp1_permuted_src_datasets
509,118.53066539764404,0.0,1735232941.0206113,,0.671259880065918,1.0,0.001,1,16,40x40,MatchingNetwork,5,5,Greek,Egyptian,False,5,4000,2,exp1_permuted_src_datasets
510,118.55731797218323,0.0,1735232941.0472639,,0.639690637588501,1.0,0.001,1,16,40x40,MatchingNetwork,5,5,Greek,Egyptian,False,5,4000,2,exp1_permuted_src_datasets
511,118.5894603729248,0.0,1735232941.0794063,,0.6322335004806519,1.0,0.001,1,16,40x40,MatchingNetwork,5,5,Greek,Egyptian,False,5,4000,2,exp1_permuted_src_datasets
512,118.62192749977112,0.0,1735232941.1118734,,0.7176661491394043,1.0,0.001,1,16,40x40,MatchingNetwork,5,5,Greek,Egyptian,False,5,4000,2,exp1_permuted_src_datasets
513,118.64812755584717,0.0,1735232941.1380734,,0.7165818214416504,1.0,0.001,1,16,40x40,MatchingNetwork,5,5,Greek,Egyptian,False,5,4000,2,exp1_permuted_src_datasets
514,118.67913055419922,0.0,1735232941.1690764,,0.6463749408721924,1.0,0.001,1,16,40x40,MatchingNetwork,5,5,Greek,Egyptian,False,5,4000,2,exp1_permuted_src_datasets
515,118.71183729171753,0.0,1735232941.2017832,,0.6894927024841309,1.0,0.001,1,16,40x40,MatchingNetwork,5,5,Greek,Egyptian,False,5,4000,2,exp1_permuted_src_datasets
516,118.7422947883606,0.0,1735232941.2322407,,0.6803292036056519,1.0,0.001,1,16,40x40,MatchingNetwork,5,5,Greek,Egyptian,False,5,4000,2,exp1_permuted_src_datasets
517,118.76769781112671,0.0,1735232941.2576437,,0.6957519054412842,1.0,0.001,1,16,40x40,MatchingNetwork,5,5,Greek,Egyptian,False,5,4000,2,exp1_permuted_src_datasets
518,118.7921507358551,0.0,1735232941.2820966,,0.6843664646148682,1.0,0.001,1,16,40x40,MatchingNetwork,5,5,Greek,Egyptian,False,5,4000,2,exp1_permuted_src_datasets
519,118.83357071876526,0.0,1735232941.3235166,,0.668384313583374,1.0,0.001,1,16,40x40,MatchingNetwork,5,5,Greek,Egyptian,False,5,4000,2,exp1_permuted_src_datasets
520,118.86618041992188,0.0,1735232941.3561263,,0.6487354636192322,1.0,0.001,1,16,40x40,MatchingNetwork,5,5,Greek,Egyptian,False,5,4000,2,exp1_permuted_src_datasets
521,118.90526366233826,0.0,1735232941.3952096,,0.6531029939651489,1.0,0.001,1,16,40x40,MatchingNetwork,5,5,Greek,Egyptian,False,5,4000,2,exp1_permuted_src_datasets
522,118.93055510520935,0.0,1735232941.420501,,0.6388953328132629,1.0,0.001,1,16,40x40,MatchingNetwork,5,5,Greek,Egyptian,False,5,4000,2,exp1_permuted_src_datasets
523,118.95568180084229,0.0,1735232941.4456277,,0.6937658190727234,1.0,0.001,1,16,40x40,MatchingNetwork,5,5,Greek,Egyptian,False,5,4000,2,exp1_permuted_src_datasets
524,118.98300433158875,0.0,1735232941.4729502,,0.6426809430122375,1.0,0.001,1,16,40x40,MatchingNetwork,5,5,Greek,Egyptian,False,5,4000,2,exp1_permuted_src_datasets
525,119.0239930152893,0.0,1735232941.513939,,0.7248216271400452,1.0,0.001,1,16,40x40,MatchingNetwork,5,5,Greek,Egyptian,False,5,4000,2,exp1_permuted_src_datasets
526,119.05391120910645,0.0,1735232941.543857,,0.636846661567688,1.0,0.001,1,16,40x40,MatchingNetwork,5,5,Greek,Egyptian,False,5,4000,2,exp1_permuted_src_datasets
527,119.07962560653687,0.0,1735232941.5695715,,0.6287862658500671,1.0,0.001,1,16,40x40,MatchingNetwork,5,5,Greek,Egyptian,False,5,4000,2,exp1_permuted_src_datasets
528,119.10487055778503,0.0,1735232941.5948164,,0.6303917169570923,1.0,0.001,1,16,40x40,MatchingNetwork,5,5,Greek,Egyptian,False,5,4000,2,exp1_permuted_src_datasets
529,119.13217449188232,0.0,1735232941.6221204,,0.6730464696884155,1.0,0.001,1,16,40x40,MatchingNetwork,5,5,Greek,Egyptian,False,5,4000,2,exp1_permuted_src_datasets
530,119.16092109680176,0.0,1735232941.650867,,0.6387156248092651,1.0,0.001,1,16,40x40,MatchingNetwork,5,5,Greek,Egyptian,False,5,4000,2,exp1_permuted_src_datasets
531,119.19787979125977,0.0,1735232941.6878257,,0.6871715188026428,1.0,0.001,1,16,40x40,MatchingNetwork,5,5,Greek,Egyptian,False,5,4000,2,exp1_permuted_src_datasets
532,119.22365355491638,0.0,1735232941.7135994,,0.6753952503204346,1.0,0.001,1,16,40x40,MatchingNetwork,5,5,Greek,Egyptian,False,5,4000,2,exp1_permuted_src_datasets
533,119.2548360824585,0.0,1735232941.744782,,0.6372568011283875,1.0,0.001,1,16,40x40,MatchingNetwork,5,5,Greek,Egyptian,False,5,4000,2,exp1_permuted_src_datasets
534,119.27944946289062,0.0,1735232941.7693954,,0.6796765923500061,1.0,0.001,1,16,40x40,MatchingNetwork,5,5,Greek,Egyptian,False,5,4000,2,exp1_permuted_src_datasets
535,119.30949544906616,0.0,1735232941.7994413,,0.6981829404830933,1.0,0.001,1,16,40x40,MatchingNetwork,5,5,Greek,Egyptian,False,5,4000,2,exp1_permuted_src_datasets
536,119.3352370262146,0.0,1735232941.825183,,0.6715065240859985,1.0,0.001,1,16,40x40,MatchingNetwork,5,5,Greek,Egyptian,False,5,4000,2,exp1_permuted_src_datasets
537,119.36814522743225,0.0,1735232941.858091,,0.6486508846282959,1.0,0.001,1,16,40x40,MatchingNetwork,5,5,Greek,Egyptian,False,5,4000,2,exp1_permuted_src_datasets
538,119.40110087394714,0.0,1735232941.8910468,,0.633128821849823,1.0,0.001,1,16,40x40,MatchingNetwork,5,5,Greek,Egyptian,False,5,4000,2,exp1_permuted_src_datasets
539,119.42898917198181,0.0,1735232941.918935,,0.6328065395355225,1.0,0.001,1,16,40x40,MatchingNetwork,5,5,Greek,Egyptian,False,5,4000,2,exp1_permuted_src_datasets
540,119.4579565525055,0.0,1735232941.9479024,,0.7284207344055176,1.0,0.001,1,16,40x40,MatchingNetwork,5,5,Greek,Egyptian,False,5,4000,2,exp1_permuted_src_datasets
541,119.48671531677246,0.0,1735232941.9766612,,0.6366154551506042,1.0,0.001,1,16,40x40,MatchingNetwork,5,5,Greek,Egyptian,False,5,4000,2,exp1_permuted_src_datasets
542,119.52512073516846,0.0,1735232942.0150666,,0.6284081935882568,1.0,0.001,1,16,40x40,MatchingNetwork,5,5,Greek,Egyptian,False,5,4000,2,exp1_permuted_src_datasets
543,119.55468893051147,0.0,1735232942.0446348,,0.6474281549453735,1.0,0.001,1,16,40x40,MatchingNetwork,5,5,Greek,Egyptian,False,5,4000,2,exp1_permuted_src_datasets
544,119.58726954460144,0.0,1735232942.0772154,,0.6341617107391357,1.0,0.001,1,16,40x40,MatchingNetwork,5,5,Greek,Egyptian,False,5,4000,2,exp1_permuted_src_datasets
545,119.61801099777222,0.0,1735232942.107957,,0.6617882251739502,1.0,0.001,1,16,40x40,MatchingNetwork,5,5,Greek,Egyptian,False,5,4000,2,exp1_permuted_src_datasets
546,119.64371466636658,0.0,1735232942.1336606,,0.6553403735160828,1.0,0.001,1,16,40x40,MatchingNetwork,5,5,Greek,Egyptian,False,5,4000,2,exp1_permuted_src_datasets
547,119.67241501808167,0.0,1735232942.162361,,0.6229815483093262,1.0,0.001,1,16,40x40,MatchingNetwork,5,5,Greek,Egyptian,False,5,4000,2,exp1_permuted_src_datasets
548,119.69745922088623,0.0,1735232942.187405,,0.6739426255226135,1.0,0.001,1,16,40x40,MatchingNetwork,5,5,Greek,Egyptian,False,5,4000,2,exp1_permuted_src_datasets
549,119.72182583808899,0.0,1735232942.2117717,,0.7198179364204407,1.0,0.001,1,16,40x40,MatchingNetwork,5,5,Greek,Egyptian,False,5,4000,2,exp1_permuted_src_datasets
550,119.75234508514404,0.0,1735232942.242291,,0.6183640360832214,1.0,0.001,1,16,40x40,MatchingNetwork,5,5,Greek,Egyptian,False,5,4000,2,exp1_permuted_src_datasets
551,119.78392744064331,0.0,1735232942.2738733,,0.7034177184104919,1.0,0.001,1,16,40x40,MatchingNetwork,5,5,Greek,Egyptian,False,5,4000,2,exp1_permuted_src_datasets
552,119.81029081344604,0.0,1735232942.3002367,,0.6274046301841736,1.0,0.001,1,16,40x40,MatchingNetwork,5,5,Greek,Egyptian,False,5,4000,2,exp1_permuted_src_datasets
553,119.85133647918701,0.0,1735232942.3412824,,0.6982846260070801,1.0,0.001,1,16,40x40,MatchingNetwork,5,5,Greek,Egyptian,False,5,4000,2,exp1_permuted_src_datasets
554,119.87696504592896,0.0,1735232942.366911,,0.7154132723808289,1.0,0.001,1,16,40x40,MatchingNetwork,5,5,Greek,Egyptian,False,5,4000,2,exp1_permuted_src_datasets
555,119.90370988845825,0.0,1735232942.3936558,,0.6403159499168396,1.0,0.001,1,16,40x40,MatchingNetwork,5,5,Greek,Egyptian,False,5,4000,2,exp1_permuted_src_datasets
556,119.92895126342773,0.0,1735232942.4188972,,0.6642757058143616,1.0,0.001,1,16,40x40,MatchingNetwork,5,5,Greek,Egyptian,False,5,4000,2,exp1_permuted_src_datasets
557,119.96201682090759,0.0,1735232942.4519627,,0.7151359915733337,1.0,0.001,1,16,40x40,MatchingNetwork,5,5,Greek,Egyptian,False,5,4000,2,exp1_permuted_src_datasets
558,119.98813247680664,0.0,1735232942.4780784,,0.6685338616371155,1.0,0.001,1,16,40x40,MatchingNetwork,5,5,Greek,Egyptian,False,5,4000,2,exp1_permuted_src_datasets
559,120.01288557052612,0.0,1735232942.5028315,,0.6708097457885742,1.0,0.001,1,16,40x40,MatchingNetwork,5,5,Greek,Egyptian,False,5,4000,2,exp1_permuted_src_datasets
560,120.03764486312866,0.0,1735232942.5275908,,0.6836603283882141,1.0,0.001,1,16,40x40,MatchingNetwork,5,5,Greek,Egyptian,False,5,4000,2,exp1_permuted_src_datasets
561,120.06196880340576,0.0,1735232942.5519147,,0.6282509565353394,1.0,0.001,1,16,40x40,MatchingNetwork,5,5,Greek,Egyptian,False,5,4000,2,exp1_permuted_src_datasets
562,120.08752155303955,0.0,1735232942.5774674,,0.679614245891571,1.0,0.001,1,16,40x40,MatchingNetwork,5,5,Greek,Egyptian,False,5,4000,2,exp1_permuted_src_datasets
563,120.11511492729187,0.0,1735232942.6050608,,0.6489474773406982,1.0,0.001,1,16,40x40,MatchingNetwork,5,5,Greek,Egyptian,False,5,4000,2,exp1_permuted_src_datasets
564,120.14532136917114,0.0,1735232942.6352673,,0.6811435222625732,1.0,0.001,1,16,40x40,MatchingNetwork,5,5,Greek,Egyptian,False,5,4000,2,exp1_permuted_src_datasets
565,120.17037153244019,0.0,1735232942.6603174,,0.6974524855613708,1.0,0.001,1,16,40x40,MatchingNetwork,5,5,Greek,Egyptian,False,5,4000,2,exp1_permuted_src_datasets
566,120.19987154006958,0.0,1735232942.6898174,,0.6516111493110657,1.0,0.001,1,16,40x40,MatchingNetwork,5,5,Greek,Egyptian,False,5,4000,2,exp1_permuted_src_datasets
567,120.2255470752716,0.0,1735232942.715493,,0.7176505327224731,1.0,0.001,1,16,40x40,MatchingNetwork,5,5,Greek,Egyptian,False,5,4000,2,exp1_permuted_src_datasets
568,132.45679759979248,0.0,1735232954.9467435,0.90475,,,0.001,1,16,40x40,MatchingNetwork,5,5,Greek,Egyptian,False,5,4000,2,exp1_permuted_src_datasets
569,132.47229504585266,0.0,1735232954.962241,,0.6429824829101562,1.0,0.001,1,16,40x40,MatchingNetwork,5,5,Greek,Egyptian,False,5,4000,2,exp1_permuted_src_datasets
570,132.51144433021545,0.0,1735232955.0013902,,0.6452963948249817,1.0,0.001,1,16,40x40,MatchingNetwork,5,5,Greek,Egyptian,False,5,4000,2,exp1_permuted_src_datasets
571,132.5416510105133,0.0,1735232955.031597,,0.6522513628005981,1.0,0.001,1,16,40x40,MatchingNetwork,5,5,Greek,Egyptian,False,5,4000,2,exp1_permuted_src_datasets
572,132.5698688030243,0.0,1735232955.0598147,,0.7129819989204407,1.0,0.001,1,16,40x40,MatchingNetwork,5,5,Greek,Egyptian,False,5,4000,2,exp1_permuted_src_datasets
573,132.5964024066925,0.0,1735232955.0863483,,0.6394117474555969,1.0,0.001,1,16,40x40,MatchingNetwork,5,5,Greek,Egyptian,False,5,4000,2,exp1_permuted_src_datasets
574,132.62733674049377,0.0,1735232955.1172826,,0.6502607464790344,1.0,0.001,1,16,40x40,MatchingNetwork,5,5,Greek,Egyptian,False,5,4000,2,exp1_permuted_src_datasets
575,132.67237186431885,0.0,1735232955.1623178,,0.6638283133506775,1.0,0.001,1,16,40x40,MatchingNetwork,5,5,Greek,Egyptian,False,5,4000,2,exp1_permuted_src_datasets
576,132.69873142242432,0.0,1735232955.1886773,,0.6435718536376953,1.0,0.001,1,16,40x40,MatchingNetwork,5,5,Greek,Egyptian,False,5,4000,2,exp1_permuted_src_datasets
577,132.73545217514038,0.0,1735232955.225398,,0.6666465401649475,1.0,0.001,1,16,40x40,MatchingNetwork,5,5,Greek,Egyptian,False,5,4000,2,exp1_permuted_src_datasets
578,132.76838541030884,0.0,1735232955.2583313,,0.6333585381507874,1.0,0.001,1,16,40x40,MatchingNetwork,5,5,Greek,Egyptian,False,5,4000,2,exp1_permuted_src_datasets
579,132.80278706550598,0.0,1735232955.292733,,0.6589803695678711,1.0,0.001,1,16,40x40,MatchingNetwork,5,5,Greek,Egyptian,False,5,4000,2,exp1_permuted_src_datasets
580,132.836580991745,0.0,1735232955.3265269,,0.6491068601608276,1.0,0.001,1,16,40x40,MatchingNetwork,5,5,Greek,Egyptian,False,5,4000,2,exp1_permuted_src_datasets
581,132.86936497688293,0.0,1735232955.3593109,,0.6455405950546265,1.0,0.001,1,16,40x40,MatchingNetwork,5,5,Greek,Egyptian,False,5,4000,2,exp1_permuted_src_datasets
582,132.8992781639099,0.0,1735232955.389224,,0.6350573301315308,1.0,0.001,1,16,40x40,MatchingNetwork,5,5,Greek,Egyptian,False,5,4000,2,exp1_permuted_src_datasets
583,132.9273397922516,0.0,1735232955.4172857,,0.6463584899902344,1.0,0.001,1,16,40x40,MatchingNetwork,5,5,Greek,Egyptian,False,5,4000,2,exp1_permuted_src_datasets
584,132.95465731620789,0.0,1735232955.4446032,,0.6323566436767578,1.0,0.001,1,16,40x40,MatchingNetwork,5,5,Greek,Egyptian,False,5,4000,2,exp1_permuted_src_datasets
585,132.98580288887024,0.0,1735232955.4757488,,0.6318804621696472,1.0,0.001,1,16,40x40,MatchingNetwork,5,5,Greek,Egyptian,False,5,4000,2,exp1_permuted_src_datasets
586,133.01292371749878,0.0,1735232955.5028696,,0.6347578763961792,1.0,0.001,1,16,40x40,MatchingNetwork,5,5,Greek,Egyptian,False,5,4000,2,exp1_permuted_src_datasets
587,133.04605078697205,0.0,1735232955.5359967,,0.6211975812911987,1.0,0.001,1,16,40x40,MatchingNetwork,5,5,Greek,Egyptian,False,5,4000,2,exp1_permuted_src_datasets
588,133.07168006896973,0.0,1735232955.561626,,0.6633390188217163,1.0,0.001,1,16,40x40,MatchingNetwork,5,5,Greek,Egyptian,False,5,4000,2,exp1_permuted_src_datasets
589,133.10576105117798,0.0,1735232955.595707,,0.717207133769989,1.0,0.001,1,16,40x40,MatchingNetwork,5,5,Greek,Egyptian,False,5,4000,2,exp1_permuted_src_datasets
590,133.1324315071106,0.0,1735232955.6223774,,0.7038814425468445,1.0,0.001,1,16,40x40,MatchingNetwork,5,5,Greek,Egyptian,False,5,4000,2,exp1_permuted_src_datasets
591,133.1599690914154,0.0,1735232955.649915,,0.6354326009750366,1.0,0.001,1,16,40x40,MatchingNetwork,5,5,Greek,Egyptian,False,5,4000,2,exp1_permuted_src_datasets
592,133.18519568443298,0.0,1735232955.6751416,,0.7383769154548645,1.0,0.001,1,16,40x40,MatchingNetwork,5,5,Greek,Egyptian,False,5,4000,2,exp1_permuted_src_datasets
593,133.22161722183228,0.0,1735232955.711563,,0.6536756753921509,1.0,0.001,1,16,40x40,MatchingNetwork,5,5,Greek,Egyptian,False,5,4000,2,exp1_permuted_src_datasets
594,133.24757838249207,0.0,1735232955.7375243,,0.6851156949996948,1.0,0.001,1,16,40x40,MatchingNetwork,5,5,Greek,Egyptian,False,5,4000,2,exp1_permuted_src_datasets
595,133.27326011657715,0.0,1735232955.763206,,0.6674779653549194,1.0,0.001,1,16,40x40,MatchingNetwork,5,5,Greek,Egyptian,False,5,4000,2,exp1_permuted_src_datasets
596,133.29845428466797,0.0,1735232955.7884002,,0.6622821688652039,1.0,0.001,1,16,40x40,MatchingNetwork,5,5,Greek,Egyptian,False,5,4000,2,exp1_permuted_src_datasets
597,133.323255777359,0.0,1735232955.8132017,,0.6626572608947754,1.0,0.001,1,16,40x40,MatchingNetwork,5,5,Greek,Egyptian,False,5,4000,2,exp1_permuted_src_datasets
598,133.353036403656,0.0,1735232955.8429823,,0.667975664138794,1.0,0.001,1,16,40x40,MatchingNetwork,5,5,Greek,Egyptian,False,5,4000,2,exp1_permuted_src_datasets
599,133.37780022621155,0.0,1735232955.867746,,0.6462413668632507,1.0,0.001,1,16,40x40,MatchingNetwork,5,5,Greek,Egyptian,False,5,4000,2,exp1_permuted_src_datasets
600,133.40426921844482,0.0,1735232955.894215,,0.6852657198905945,1.0,0.001,1,16,40x40,MatchingNetwork,5,5,Greek,Egyptian,False,5,4000,2,exp1_permuted_src_datasets
601,133.43058037757874,0.0,1735232955.9205263,,0.6861248016357422,1.0,0.001,1,16,40x40,MatchingNetwork,5,5,Greek,Egyptian,False,5,4000,2,exp1_permuted_src_datasets
602,133.4560215473175,0.0,1735232955.9459674,,0.673320472240448,1.0,0.001,1,16,40x40,MatchingNetwork,5,5,Greek,Egyptian,False,5,4000,2,exp1_permuted_src_datasets
603,133.48128175735474,0.0,1735232955.9712276,,0.6776060461997986,1.0,0.001,1,16,40x40,MatchingNetwork,5,5,Greek,Egyptian,False,5,4000,2,exp1_permuted_src_datasets
604,133.5060248374939,0.0,1735232955.9959707,,0.6460353136062622,1.0,0.001,1,16,40x40,MatchingNetwork,5,5,Greek,Egyptian,False,5,4000,2,exp1_permuted_src_datasets
605,133.5349726676941,0.0,1735232956.0249186,,0.7222079038619995,1.0,0.001,1,16,40x40,MatchingNetwork,5,5,Greek,Egyptian,False,5,4000,2,exp1_permuted_src_datasets
606,133.5595667362213,0.0,1735232956.0495126,,0.6459500193595886,1.0,0.001,1,16,40x40,MatchingNetwork,5,5,Greek,Egyptian,False,5,4000,2,exp1_permuted_src_datasets
607,133.58872652053833,0.0,1735232956.0786724,,0.6720367670059204,1.0,0.001,1,16,40x40,MatchingNetwork,5,5,Greek,Egyptian,False,5,4000,2,exp1_permuted_src_datasets
608,133.61438298225403,0.0,1735232956.1043289,,0.6846821904182434,1.0,0.001,1,16,40x40,MatchingNetwork,5,5,Greek,Egyptian,False,5,4000,2,exp1_permuted_src_datasets
609,133.6417372226715,0.0,1735232956.131683,,0.6630131602287292,1.0,0.001,1,16,40x40,MatchingNetwork,5,5,Greek,Egyptian,False,5,4000,2,exp1_permuted_src_datasets
610,133.67038130760193,0.0,1735232956.1603272,,0.7006018757820129,1.0,0.001,1,16,40x40,MatchingNetwork,5,5,Greek,Egyptian,False,5,4000,2,exp1_permuted_src_datasets
611,133.70491456985474,0.0,1735232956.1948605,,0.6412995457649231,1.0,0.001,1,16,40x40,MatchingNetwork,5,5,Greek,Egyptian,False,5,4000,2,exp1_permuted_src_datasets
612,133.72964549064636,0.0,1735232956.2195914,,0.665644645690918,1.0,0.001,1,16,40x40,MatchingNetwork,5,5,Greek,Egyptian,False,5,4000,2,exp1_permuted_src_datasets
613,133.7546603679657,0.0,1735232956.2446063,,0.6711061596870422,1.0,0.001,1,16,40x40,MatchingNetwork,5,5,Greek,Egyptian,False,5,4000,2,exp1_permuted_src_datasets
614,133.7835111618042,0.0,1735232956.273457,,0.6426693201065063,1.0,0.001,1,16,40x40,MatchingNetwork,5,5,Greek,Egyptian,False,5,4000,2,exp1_permuted_src_datasets
615,133.81058716773987,0.0,1735232956.300533,,0.6926257014274597,1.0,0.001,1,16,40x40,MatchingNetwork,5,5,Greek,Egyptian,False,5,4000,2,exp1_permuted_src_datasets
616,133.83549237251282,0.0,1735232956.3254383,,0.6789337396621704,1.0,0.001,1,16,40x40,MatchingNetwork,5,5,Greek,Egyptian,False,5,4000,2,exp1_permuted_src_datasets
617,133.8644049167633,0.0,1735232956.3543508,,0.6730096340179443,1.0,0.001,1,16,40x40,MatchingNetwork,5,5,Greek,Egyptian,False,5,4000,2,exp1_permuted_src_datasets
618,133.88888096809387,0.0,1735232956.3788269,,0.7052382826805115,1.0,0.001,1,16,40x40,MatchingNetwork,5,5,Greek,Egyptian,False,5,4000,2,exp1_permuted_src_datasets
619,133.93120121955872,0.0,1735232956.421147,,0.6303890943527222,1.0,0.001,1,16,40x40,MatchingNetwork,5,5,Greek,Egyptian,False,5,4000,2,exp1_permuted_src_datasets
620,133.96000599861145,0.0,1735232956.449952,,0.6594807505607605,1.0,0.001,1,16,40x40,MatchingNetwork,5,5,Greek,Egyptian,False,5,4000,2,exp1_permuted_src_datasets
621,133.99168348312378,0.0,1735232956.4816294,,0.6582818031311035,1.0,0.001,1,16,40x40,MatchingNetwork,5,5,Greek,Egyptian,False,5,4000,2,exp1_permuted_src_datasets
622,134.0226800441742,0.0,1735232956.512626,,0.7036536335945129,1.0,0.001,1,16,40x40,MatchingNetwork,5,5,Greek,Egyptian,False,5,4000,2,exp1_permuted_src_datasets
623,134.05263304710388,0.0,1735232956.542579,,0.6678062677383423,1.0,0.001,1,16,40x40,MatchingNetwork,5,5,Greek,Egyptian,False,5,4000,2,exp1_permuted_src_datasets
624,134.08006644248962,0.0,1735232956.5700123,,0.6726479530334473,1.0,0.001,1,16,40x40,MatchingNetwork,5,5,Greek,Egyptian,False,5,4000,2,exp1_permuted_src_datasets
625,134.1092610359192,0.0,1735232956.599207,,0.673637866973877,1.0,0.001,1,16,40x40,MatchingNetwork,5,5,Greek,Egyptian,False,5,4000,2,exp1_permuted_src_datasets
626,134.13427829742432,0.0,1735232956.6242242,,0.6362856030464172,1.0,0.001,1,16,40x40,MatchingNetwork,5,5,Greek,Egyptian,False,5,4000,2,exp1_permuted_src_datasets
627,134.15941286087036,0.0,1735232956.6493587,,0.6681115031242371,1.0,0.001,1,16,40x40,MatchingNetwork,5,5,Greek,Egyptian,False,5,4000,2,exp1_permuted_src_datasets
628,134.19025325775146,0.0,1735232956.6801991,,0.6550140380859375,1.0,0.001,1,16,40x40,MatchingNetwork,5,5,Greek,Egyptian,False,5,4000,2,exp1_permuted_src_datasets
629,134.22171807289124,0.0,1735232956.711664,,0.6387737989425659,1.0,0.001,1,16,40x40,MatchingNetwork,5,5,Greek,Egyptian,False,5,4000,2,exp1_permuted_src_datasets
630,134.25241899490356,0.0,1735232956.742365,,0.6418465375900269,1.0,0.001,1,16,40x40,MatchingNetwork,5,5,Greek,Egyptian,False,5,4000,2,exp1_permuted_src_datasets
631,146.65446019172668,0.0,1735232969.144406,0.91125,,,0.001,1,16,40x40,MatchingNetwork,5,5,Greek,Egyptian,False,5,4000,2,exp1_permuted_src_datasets
632,146.658753156662,1.0,1735232969.148699,,,,0.001,1,16,40x40,MatchingNetwork,5,5,Greek,Egyptian,False,5,4000,2,exp1_permuted_src_datasets
633,159.18431854248047,1.0,1735232981.6742644,0.8765,,,0.001,1,16,40x40,MatchingNetwork,5,5,Greek,Egyptian,False,5,4000,2,exp1_permuted_src_datasets
634,159.20226550102234,1.0,1735232981.6922114,,0.8688559532165527,1.0,0.001,1,16,40x40,MatchingNetwork,5,5,Greek,Egyptian,False,5,4000,2,exp1_permuted_src_datasets
635,159.22891926765442,1.0,1735232981.7188652,,0.7946435213088989,1.0,0.001,1,16,40x40,MatchingNetwork,5,5,Greek,Egyptian,False,5,4000,2,exp1_permuted_src_datasets
636,159.2537121772766,1.0,1735232981.743658,,0.8261973857879639,1.0,0.001,1,16,40x40,MatchingNetwork,5,5,Greek,Egyptian,False,5,4000,2,exp1_permuted_src_datasets
637,159.28097009658813,1.0,1735232981.770916,,0.8335036635398865,1.0,0.001,1,16,40x40,MatchingNetwork,5,5,Greek,Egyptian,False,5,4000,2,exp1_permuted_src_datasets
638,159.3073215484619,1.0,1735232981.7972674,,0.846962571144104,1.0,0.001,1,16,40x40,MatchingNetwork,5,5,Greek,Egyptian,False,5,4000,2,exp1_permuted_src_datasets
639,159.33580207824707,1.0,1735232981.825748,,0.8188374638557434,1.0,0.001,1,16,40x40,MatchingNetwork,5,5,Greek,Egyptian,False,5,4000,2,exp1_permuted_src_datasets
640,159.3661663532257,1.0,1735232981.8561122,,0.8108877539634705,1.0,0.001,1,16,40x40,MatchingNetwork,5,5,Greek,Egyptian,False,5,4000,2,exp1_permuted_src_datasets
641,159.40856885910034,1.0,1735232981.8985147,,0.7413055896759033,1.0,0.001,1,16,40x40,MatchingNetwork,5,5,Greek,Egyptian,False,5,4000,2,exp1_permuted_src_datasets
642,159.44067358970642,1.0,1735232981.9306195,,0.8261622786521912,1.0,0.001,1,16,40x40,MatchingNetwork,5,5,Greek,Egyptian,False,5,4000,2,exp1_permuted_src_datasets
643,159.46686840057373,1.0,1735232981.9568143,,0.7986687421798706,1.0,0.001,1,16,40x40,MatchingNetwork,5,5,Greek,Egyptian,False,5,4000,2,exp1_permuted_src_datasets
644,159.49151968955994,1.0,1735232981.9814656,,0.7674200534820557,1.0,0.001,1,16,40x40,MatchingNetwork,5,5,Greek,Egyptian,False,5,4000,2,exp1_permuted_src_datasets
645,159.53309226036072,1.0,1735232982.0230381,,0.7530604004859924,1.0,0.001,1,16,40x40,MatchingNetwork,5,5,Greek,Egyptian,False,5,4000,2,exp1_permuted_src_datasets
646,159.5588355064392,1.0,1735232982.0487814,,0.813977837562561,1.0,0.001,1,16,40x40,MatchingNetwork,5,5,Greek,Egyptian,False,5,4000,2,exp1_permuted_src_datasets
647,159.58729600906372,1.0,1735232982.077242,,0.7772010564804077,1.0,0.001,1,16,40x40,MatchingNetwork,5,5,Greek,Egyptian,False,5,4000,2,exp1_permuted_src_datasets
648,159.61436796188354,1.0,1735232982.1043139,,0.7098479270935059,1.0,0.001,1,16,40x40,MatchingNetwork,5,5,Greek,Egyptian,False,5,4000,2,exp1_permuted_src_datasets
649,159.64094948768616,1.0,1735232982.1308954,,0.8115391135215759,1.0,0.001,1,16,40x40,MatchingNetwork,5,5,Greek,Egyptian,False,5,4000,2,exp1_permuted_src_datasets
650,159.66612243652344,1.0,1735232982.1560683,,0.7551296353340149,1.0,0.001,1,16,40x40,MatchingNetwork,5,5,Greek,Egyptian,False,5,4000,2,exp1_permuted_src_datasets
651,159.6985902786255,1.0,1735232982.1885362,,0.8085514307022095,1.0,0.001,1,16,40x40,MatchingNetwork,5,5,Greek,Egyptian,False,5,4000,2,exp1_permuted_src_datasets
652,159.72506642341614,1.0,1735232982.2150123,,0.8179585337638855,1.0,0.001,1,16,40x40,MatchingNetwork,5,5,Greek,Egyptian,False,5,4000,2,exp1_permuted_src_datasets
653,159.7545449733734,1.0,1735232982.2444909,,0.7102200984954834,1.0,0.001,1,16,40x40,MatchingNetwork,5,5,Greek,Egyptian,False,5,4000,2,exp1_permuted_src_datasets
654,159.78266978263855,1.0,1735232982.2726157,,0.7837843298912048,1.0,0.001,1,16,40x40,MatchingNetwork,5,5,Greek,Egyptian,False,5,4000,2,exp1_permuted_src_datasets
655,159.8085060119629,1.0,1735232982.298452,,0.7453936338424683,1.0,0.001,1,16,40x40,MatchingNetwork,5,5,Greek,Egyptian,False,5,4000,2,exp1_permuted_src_datasets
656,159.8481719493866,1.0,1735232982.3381178,,0.7948306202888489,1.0,0.001,1,16,40x40,MatchingNetwork,5,5,Greek,Egyptian,False,5,4000,2,exp1_permuted_src_datasets
657,159.87893533706665,1.0,1735232982.3688812,,0.7347381114959717,1.0,0.001,1,16,40x40,MatchingNetwork,5,5,Greek,Egyptian,False,5,4000,2,exp1_permuted_src_datasets
658,159.90990233421326,1.0,1735232982.3998482,,0.7469804286956787,1.0,0.001,1,16,40x40,MatchingNetwork,5,5,Greek,Egyptian,False,5,4000,2,exp1_permuted_src_datasets
659,159.93972992897034,1.0,1735232982.4296758,,0.6832184791564941,1.0,0.001,1,16,40x40,MatchingNetwork,5,5,Greek,Egyptian,False,5,4000,2,exp1_permuted_src_datasets
660,159.97015857696533,1.0,1735232982.4601045,,0.7599762082099915,1.0,0.001,1,16,40x40,MatchingNetwork,5,5,Greek,Egyptian,False,5,4000,2,exp1_permuted_src_datasets
661,159.99513459205627,1.0,1735232982.4850805,,0.7429692149162292,1.0,0.001,1,16,40x40,MatchingNetwork,5,5,Greek,Egyptian,False,5,4000,2,exp1_permuted_src_datasets
662,160.02863883972168,1.0,1735232982.5185847,,0.6996785998344421,1.0,0.001,1,16,40x40,MatchingNetwork,5,5,Greek,Egyptian,False,5,4000,2,exp1_permuted_src_datasets
663,160.0560657978058,1.0,1735232982.5460117,,0.7261414527893066,1.0,0.001,1,16,40x40,MatchingNetwork,5,5,Greek,Egyptian,False,5,4000,2,exp1_permuted_src_datasets
664,160.09178638458252,1.0,1735232982.5817323,,0.7381935119628906,1.0,0.001,1,16,40x40,MatchingNetwork,5,5,Greek,Egyptian,False,5,4000,2,exp1_permuted_src_datasets
665,160.11801552772522,1.0,1735232982.6079614,,0.6963956952095032,1.0,0.001,1,16,40x40,MatchingNetwork,5,5,Greek,Egyptian,False,5,4000,2,exp1_permuted_src_datasets
666,160.14346361160278,1.0,1735232982.6334095,,0.7210494875907898,1.0,0.001,1,16,40x40,MatchingNetwork,5,5,Greek,Egyptian,False,5,4000,2,exp1_permuted_src_datasets
667,160.17063856124878,1.0,1735232982.6605844,,0.8219859600067139,1.0,0.001,1,16,40x40,MatchingNetwork,5,5,Greek,Egyptian,False,5,4000,2,exp1_permuted_src_datasets
668,160.1999592781067,1.0,1735232982.6899052,,0.7367709875106812,1.0,0.001,1,16,40x40,MatchingNetwork,5,5,Greek,Egyptian,False,5,4000,2,exp1_permuted_src_datasets
669,160.22582960128784,1.0,1735232982.7157755,,0.7899292707443237,0.9375,0.001,1,16,40x40,MatchingNetwork,5,5,Greek,Egyptian,False,5,4000,2,exp1_permuted_src_datasets
670,160.25376558303833,1.0,1735232982.7437115,,0.689584493637085,1.0,0.001,1,16,40x40,MatchingNetwork,5,5,Greek,Egyptian,False,5,4000,2,exp1_permuted_src_datasets
671,160.27908444404602,1.0,1735232982.7690303,,0.7160598635673523,1.0,0.001,1,16,40x40,MatchingNetwork,5,5,Greek,Egyptian,False,5,4000,2,exp1_permuted_src_datasets
672,160.30565071105957,1.0,1735232982.7955966,,0.7284656167030334,1.0,0.001,1,16,40x40,MatchingNetwork,5,5,Greek,Egyptian,False,5,4000,2,exp1_permuted_src_datasets
673,160.33084964752197,1.0,1735232982.8207955,,0.7671915292739868,1.0,0.001,1,16,40x40,MatchingNetwork,5,5,Greek,Egyptian,False,5,4000,2,exp1_permuted_src_datasets
674,160.3558075428009,1.0,1735232982.8457534,,0.6813129186630249,1.0,0.001,1,16,40x40,MatchingNetwork,5,5,Greek,Egyptian,False,5,4000,2,exp1_permuted_src_datasets
675,160.38425040245056,1.0,1735232982.8741963,,0.7428861260414124,1.0,0.001,1,16,40x40,MatchingNetwork,5,5,Greek,Egyptian,False,5,4000,2,exp1_permuted_src_datasets
676,160.40978693962097,1.0,1735232982.8997328,,0.6920487284660339,1.0,0.001,1,16,40x40,MatchingNetwork,5,5,Greek,Egyptian,False,5,4000,2,exp1_permuted_src_datasets
677,160.4533007144928,1.0,1735232982.9432466,,0.7205060720443726,1.0,0.001,1,16,40x40,MatchingNetwork,5,5,Greek,Egyptian,False,5,4000,2,exp1_permuted_src_datasets
678,160.4824788570404,1.0,1735232982.9724247,,0.7064858675003052,1.0,0.001,1,16,40x40,MatchingNetwork,5,5,Greek,Egyptian,False,5,4000,2,exp1_permuted_src_datasets
679,160.50717878341675,1.0,1735232982.9971247,,0.6671517491340637,1.0,0.001,1,16,40x40,MatchingNetwork,5,5,Greek,Egyptian,False,5,4000,2,exp1_permuted_src_datasets
680,160.5320451259613,1.0,1735232983.021991,,0.7001299262046814,1.0,0.001,1,16,40x40,MatchingNetwork,5,5,Greek,Egyptian,False,5,4000,2,exp1_permuted_src_datasets
681,160.55959367752075,1.0,1735232983.0495396,,0.7416988015174866,1.0,0.001,1,16,40x40,MatchingNetwork,5,5,Greek,Egyptian,False,5,4000,2,exp1_permuted_src_datasets
682,160.58481073379517,1.0,1735232983.0747566,,0.804016649723053,1.0,0.001,1,16,40x40,MatchingNetwork,5,5,Greek,Egyptian,False,5,4000,2,exp1_permuted_src_datasets
683,160.61404609680176,1.0,1735232983.103992,,0.6890155673027039,1.0,0.001,1,16,40x40,MatchingNetwork,5,5,Greek,Egyptian,False,5,4000,2,exp1_permuted_src_datasets
684,160.6407449245453,1.0,1735232983.1306908,,0.6826445460319519,1.0,0.001,1,16,40x40,MatchingNetwork,5,5,Greek,Egyptian,False,5,4000,2,exp1_permuted_src_datasets
685,160.68727803230286,1.0,1735232983.177224,,0.7281657457351685,1.0,0.001,1,16,40x40,MatchingNetwork,5,5,Greek,Egyptian,False,5,4000,2,exp1_permuted_src_datasets
686,160.72702431678772,1.0,1735232983.2169702,,0.7099761962890625,1.0,0.001,1,16,40x40,MatchingNetwork,5,5,Greek,Egyptian,False,5,4000,2,exp1_permuted_src_datasets
687,160.75610518455505,1.0,1735232983.246051,,0.7854260206222534,1.0,0.001,1,16,40x40,MatchingNetwork,5,5,Greek,Egyptian,False,5,4000,2,exp1_permuted_src_datasets
688,160.78214311599731,1.0,1735232983.272089,,0.7095032930374146,1.0,0.001,1,16,40x40,MatchingNetwork,5,5,Greek,Egyptian,False,5,4000,2,exp1_permuted_src_datasets
689,160.8140881061554,1.0,1735232983.304034,,0.7749509215354919,1.0,0.001,1,16,40x40,MatchingNetwork,5,5,Greek,Egyptian,False,5,4000,2,exp1_permuted_src_datasets
690,160.8398962020874,1.0,1735232983.329842,,0.6794304847717285,1.0,0.001,1,16,40x40,MatchingNetwork,5,5,Greek,Egyptian,False,5,4000,2,exp1_permuted_src_datasets
691,160.86551642417908,1.0,1735232983.3554623,,0.8182914853096008,1.0,0.001,1,16,40x40,MatchingNetwork,5,5,Greek,Egyptian,False,5,4000,2,exp1_permuted_src_datasets
692,160.9016613960266,1.0,1735232983.3916073,,0.7303458452224731,1.0,0.001,1,16,40x40,MatchingNetwork,5,5,Greek,Egyptian,False,5,4000,2,exp1_permuted_src_datasets
693,160.92818808555603,1.0,1735232983.418134,,0.7157940864562988,1.0,0.001,1,16,40x40,MatchingNetwork,5,5,Greek,Egyptian,False,5,4000,2,exp1_permuted_src_datasets
694,160.95703887939453,1.0,1735232983.4469848,,0.7368252873420715,1.0,0.001,1,16,40x40,MatchingNetwork,5,5,Greek,Egyptian,False,5,4000,2,exp1_permuted_src_datasets
695,160.98649406433105,1.0,1735232983.47644,,0.7545528411865234,1.0,0.001,1,16,40x40,MatchingNetwork,5,5,Greek,Egyptian,False,5,4000,2,exp1_permuted_src_datasets
696,173.43319964408875,1.0,1735232995.9231455,0.9005,,,0.001,1,16,40x40,MatchingNetwork,5,5,Greek,Egyptian,False,5,4000,2,exp1_permuted_src_datasets
697,173.47270369529724,1.0,1735232995.9626496,,0.6853019595146179,1.0,0.001,1,16,40x40,MatchingNetwork,5,5,Greek,Egyptian,False,5,4000,2,exp1_permuted_src_datasets
698,173.49839401245117,1.0,1735232995.98834,,0.779118537902832,1.0,0.001,1,16,40x40,MatchingNetwork,5,5,Greek,Egyptian,False,5,4000,2,exp1_permuted_src_datasets
699,173.5244128704071,1.0,1735232996.0143588,,0.6890141367912292,1.0,0.001,1,16,40x40,MatchingNetwork,5,5,Greek,Egyptian,False,5,4000,2,exp1_permuted_src_datasets
700,173.5494134426117,1.0,1735232996.0393593,,0.7419722080230713,1.0,0.001,1,16,40x40,MatchingNetwork,5,5,Greek,Egyptian,False,5,4000,2,exp1_permuted_src_datasets
701,173.57782864570618,1.0,1735232996.0677745,,0.6413752436637878,1.0,0.001,1,16,40x40,MatchingNetwork,5,5,Greek,Egyptian,False,5,4000,2,exp1_permuted_src_datasets
702,173.60332918167114,1.0,1735232996.093275,,0.6995058059692383,1.0,0.001,1,16,40x40,MatchingNetwork,5,5,Greek,Egyptian,False,5,4000,2,exp1_permuted_src_datasets
703,173.62854623794556,1.0,1735232996.1184921,,0.7236247658729553,1.0,0.001,1,16,40x40,MatchingNetwork,5,5,Greek,Egyptian,False,5,4000,2,exp1_permuted_src_datasets
704,173.65321946144104,1.0,1735232996.1431653,,0.6967399716377258,1.0,0.001,1,16,40x40,MatchingNetwork,5,5,Greek,Egyptian,False,5,4000,2,exp1_permuted_src_datasets
705,173.6788513660431,1.0,1735232996.1687973,,0.6946085691452026,1.0,0.001,1,16,40x40,MatchingNetwork,5,5,Greek,Egyptian,False,5,4000,2,exp1_permuted_src_datasets
706,173.71941995620728,1.0,1735232996.2093658,,0.6876158714294434,1.0,0.001,1,16,40x40,MatchingNetwork,5,5,Greek,Egyptian,False,5,4000,2,exp1_permuted_src_datasets
707,173.74430656433105,1.0,1735232996.2342525,,0.7310531139373779,1.0,0.001,1,16,40x40,MatchingNetwork,5,5,Greek,Egyptian,False,5,4000,2,exp1_permuted_src_datasets
708,173.77017664909363,1.0,1735232996.2601225,,0.738228440284729,1.0,0.001,1,16,40x40,MatchingNetwork,5,5,Greek,Egyptian,False,5,4000,2,exp1_permuted_src_datasets
709,173.7986228466034,1.0,1735232996.2885687,,0.7187538743019104,1.0,0.001,1,16,40x40,MatchingNetwork,5,5,Greek,Egyptian,False,5,4000,2,exp1_permuted_src_datasets
710,173.82394337654114,1.0,1735232996.3138893,,0.6381865739822388,1.0,0.001,1,16,40x40,MatchingNetwork,5,5,Greek,Egyptian,False,5,4000,2,exp1_permuted_src_datasets
711,173.85200381278992,1.0,1735232996.3419497,,0.6844133734703064,1.0,0.001,1,16,40x40,MatchingNetwork,5,5,Greek,Egyptian,False,5,4000,2,exp1_permuted_src_datasets
712,173.8772623538971,1.0,1735232996.3672082,,0.6770176887512207,1.0,0.001,1,16,40x40,MatchingNetwork,5,5,Greek,Egyptian,False,5,4000,2,exp1_permuted_src_datasets
713,173.91735434532166,1.0,1735232996.4073002,,0.689577043056488,1.0,0.001,1,16,40x40,MatchingNetwork,5,5,Greek,Egyptian,False,5,4000,2,exp1_permuted_src_datasets
714,173.94247198104858,1.0,1735232996.4324179,,0.7169626951217651,1.0,0.001,1,16,40x40,MatchingNetwork,5,5,Greek,Egyptian,False,5,4000,2,exp1_permuted_src_datasets
715,173.96787190437317,1.0,1735232996.4578178,,0.7115075588226318,1.0,0.001,1,16,40x40,MatchingNetwork,5,5,Greek,Egyptian,False,5,4000,2,exp1_permuted_src_datasets
716,173.997416973114,1.0,1735232996.4873629,,0.6640585064888,1.0,0.001,1,16,40x40,MatchingNetwork,5,5,Greek,Egyptian,False,5,4000,2,exp1_permuted_src_datasets
717,174.02352833747864,1.0,1735232996.5134742,,0.7178325057029724,1.0,0.001,1,16,40x40,MatchingNetwork,5,5,Greek,Egyptian,False,5,4000,2,exp1_permuted_src_datasets
718,174.05274534225464,1.0,1735232996.5426912,,0.6531314253807068,1.0,0.001,1,16,40x40,MatchingNetwork,5,5,Greek,Egyptian,False,5,4000,2,exp1_permuted_src_datasets
719,174.0769979953766,1.0,1735232996.566944,,0.6964641213417053,1.0,0.001,1,16,40x40,MatchingNetwork,5,5,Greek,Egyptian,False,5,4000,2,exp1_permuted_src_datasets
720,174.102281332016,1.0,1735232996.5922272,,0.6839510202407837,1.0,0.001,1,16,40x40,MatchingNetwork,5,5,Greek,Egyptian,False,5,4000,2,exp1_permuted_src_datasets
721,174.146968126297,1.0,1735232996.636914,,0.7081831097602844,1.0,0.001,1,16,40x40,MatchingNetwork,5,5,Greek,Egyptian,False,5,4000,2,exp1_permuted_src_datasets
722,174.17266702651978,1.0,1735232996.662613,,0.6658523678779602,1.0,0.001,1,16,40x40,MatchingNetwork,5,5,Greek,Egyptian,False,5,4000,2,exp1_permuted_src_datasets
723,174.2130470275879,1.0,1735232996.702993,,0.674295961856842,1.0,0.001,1,16,40x40,MatchingNetwork,5,5,Greek,Egyptian,False,5,4000,2,exp1_permuted_src_datasets
724,174.2493507862091,1.0,1735232996.7392967,,0.7229911088943481,1.0,0.001,1,16,40x40,MatchingNetwork,5,5,Greek,Egyptian,False,5,4000,2,exp1_permuted_src_datasets
725,174.27410054206848,1.0,1735232996.7640464,,0.7495025396347046,1.0,0.001,1,16,40x40,MatchingNetwork,5,5,Greek,Egyptian,False,5,4000,2,exp1_permuted_src_datasets
726,174.29988813400269,1.0,1735232996.789834,,0.6661878824234009,1.0,0.001,1,16,40x40,MatchingNetwork,5,5,Greek,Egyptian,False,5,4000,2,exp1_permuted_src_datasets
727,174.33024525642395,1.0,1735232996.8201911,,0.6704099178314209,1.0,0.001,1,16,40x40,MatchingNetwork,5,5,Greek,Egyptian,False,5,4000,2,exp1_permuted_src_datasets
728,174.35839104652405,1.0,1735232996.848337,,0.6833974123001099,1.0,0.001,1,16,40x40,MatchingNetwork,5,5,Greek,Egyptian,False,5,4000,2,exp1_permuted_src_datasets
729,174.3957998752594,1.0,1735232996.8857458,,0.6766009330749512,1.0,0.001,1,16,40x40,MatchingNetwork,5,5,Greek,Egyptian,False,5,4000,2,exp1_permuted_src_datasets
730,174.42778396606445,1.0,1735232996.9177299,,0.694370448589325,1.0,0.001,1,16,40x40,MatchingNetwork,5,5,Greek,Egyptian,False,5,4000,2,exp1_permuted_src_datasets
731,174.45550894737244,1.0,1735232996.9454548,,0.721579372882843,1.0,0.001,1,16,40x40,MatchingNetwork,5,5,Greek,Egyptian,False,5,4000,2,exp1_permuted_src_datasets
732,174.48009705543518,1.0,1735232996.970043,,0.6908783912658691,1.0,0.001,1,16,40x40,MatchingNetwork,5,5,Greek,Egyptian,False,5,4000,2,exp1_permuted_src_datasets
733,174.52407932281494,1.0,1735232997.0140252,,0.698540985584259,1.0,0.001,1,16,40x40,MatchingNetwork,5,5,Greek,Egyptian,False,5,4000,2,exp1_permuted_src_datasets
734,174.54833006858826,1.0,1735232997.038276,,0.657971978187561,1.0,0.001,1,16,40x40,MatchingNetwork,5,5,Greek,Egyptian,False,5,4000,2,exp1_permuted_src_datasets
735,174.5725917816162,1.0,1735232997.0625377,,0.7516271471977234,1.0,0.001,1,16,40x40,MatchingNetwork,5,5,Greek,Egyptian,False,5,4000,2,exp1_permuted_src_datasets
736,174.60140657424927,1.0,1735232997.0913525,,0.6890876889228821,1.0,0.001,1,16,40x40,MatchingNetwork,5,5,Greek,Egyptian,False,5,4000,2,exp1_permuted_src_datasets
737,174.62622141838074,1.0,1735232997.1161673,,0.7582195997238159,1.0,0.001,1,16,40x40,MatchingNetwork,5,5,Greek,Egyptian,False,5,4000,2,exp1_permuted_src_datasets
738,174.65408205986023,1.0,1735232997.144028,,0.7234389781951904,1.0,0.001,1,16,40x40,MatchingNetwork,5,5,Greek,Egyptian,False,5,4000,2,exp1_permuted_src_datasets
739,174.6863784790039,1.0,1735232997.1763244,,0.6588481068611145,1.0,0.001,1,16,40x40,MatchingNetwork,5,5,Greek,Egyptian,False,5,4000,2,exp1_permuted_src_datasets
740,174.71496772766113,1.0,1735232997.2049136,,0.7037819623947144,1.0,0.001,1,16,40x40,MatchingNetwork,5,5,Greek,Egyptian,False,5,4000,2,exp1_permuted_src_datasets
741,174.74037051200867,1.0,1735232997.2303164,,0.7342566847801208,1.0,0.001,1,16,40x40,MatchingNetwork,5,5,Greek,Egyptian,False,5,4000,2,exp1_permuted_src_datasets
742,174.7647683620453,1.0,1735232997.2547143,,0.6944500803947449,1.0,0.001,1,16,40x40,MatchingNetwork,5,5,Greek,Egyptian,False,5,4000,2,exp1_permuted_src_datasets
743,174.79287338256836,1.0,1735232997.2828193,,0.6828535795211792,1.0,0.001,1,16,40x40,MatchingNetwork,5,5,Greek,Egyptian,False,5,4000,2,exp1_permuted_src_datasets
744,174.81922435760498,1.0,1735232997.3091702,,0.6937427520751953,1.0,0.001,1,16,40x40,MatchingNetwork,5,5,Greek,Egyptian,False,5,4000,2,exp1_permuted_src_datasets
745,174.84831833839417,1.0,1735232997.3382642,,0.6650616526603699,1.0,0.001,1,16,40x40,MatchingNetwork,5,5,Greek,Egyptian,False,5,4000,2,exp1_permuted_src_datasets
746,174.87707352638245,1.0,1735232997.3670194,,0.6834028363227844,1.0,0.001,1,16,40x40,MatchingNetwork,5,5,Greek,Egyptian,False,5,4000,2,exp1_permuted_src_datasets
747,174.9081871509552,1.0,1735232997.398133,,0.7116619944572449,1.0,0.001,1,16,40x40,MatchingNetwork,5,5,Greek,Egyptian,False,5,4000,2,exp1_permuted_src_datasets
748,174.9352526664734,1.0,1735232997.4251986,,0.642351508140564,1.0,0.001,1,16,40x40,MatchingNetwork,5,5,Greek,Egyptian,False,5,4000,2,exp1_permuted_src_datasets
749,174.96093440055847,1.0,1735232997.4508803,,0.6825519800186157,1.0,0.001,1,16,40x40,MatchingNetwork,5,5,Greek,Egyptian,False,5,4000,2,exp1_permuted_src_datasets
750,174.98976922035217,1.0,1735232997.479715,,0.6897093057632446,1.0,0.001,1,16,40x40,MatchingNetwork,5,5,Greek,Egyptian,False,5,4000,2,exp1_permuted_src_datasets
751,175.01537466049194,1.0,1735232997.5053205,,0.6507503986358643,1.0,0.001,1,16,40x40,MatchingNetwork,5,5,Greek,Egyptian,False,5,4000,2,exp1_permuted_src_datasets
752,175.0471396446228,1.0,1735232997.5370855,,0.6455293893814087,1.0,0.001,1,16,40x40,MatchingNetwork,5,5,Greek,Egyptian,False,5,4000,2,exp1_permuted_src_datasets
753,175.08212995529175,1.0,1735232997.5720758,,0.6779565215110779,1.0,0.001,1,16,40x40,MatchingNetwork,5,5,Greek,Egyptian,False,5,4000,2,exp1_permuted_src_datasets
754,175.11095571517944,1.0,1735232997.6009016,,0.8039035797119141,1.0,0.001,1,16,40x40,MatchingNetwork,5,5,Greek,Egyptian,False,5,4000,2,exp1_permuted_src_datasets
755,175.1387197971344,1.0,1735232997.6286657,,0.6480430364608765,1.0,0.001,1,16,40x40,MatchingNetwork,5,5,Greek,Egyptian,False,5,4000,2,exp1_permuted_src_datasets
756,175.16681265830994,1.0,1735232997.6567585,,0.7249037027359009,1.0,0.001,1,16,40x40,MatchingNetwork,5,5,Greek,Egyptian,False,5,4000,2,exp1_permuted_src_datasets
757,175.19291186332703,1.0,1735232997.6828578,,0.6945153474807739,1.0,0.001,1,16,40x40,MatchingNetwork,5,5,Greek,Egyptian,False,5,4000,2,exp1_permuted_src_datasets
758,175.2183816432953,1.0,1735232997.7083275,,0.7691641449928284,1.0,0.001,1,16,40x40,MatchingNetwork,5,5,Greek,Egyptian,False,5,4000,2,exp1_permuted_src_datasets
759,187.76138639450073,1.0,1735233010.2513323,0.90575,,,0.001,1,16,40x40,MatchingNetwork,5,5,Greek,Egyptian,False,5,4000,2,exp1_permuted_src_datasets
760,187.807959318161,1.0,1735233010.2979052,,0.7077764272689819,1.0,0.001,1,16,40x40,MatchingNetwork,5,5,Greek,Egyptian,False,5,4000,2,exp1_permuted_src_datasets
761,187.83651757240295,1.0,1735233010.3264635,,0.6914451718330383,1.0,0.001,1,16,40x40,MatchingNetwork,5,5,Greek,Egyptian,False,5,4000,2,exp1_permuted_src_datasets
762,187.86273646354675,1.0,1735233010.3526824,,0.685859203338623,1.0,0.001,1,16,40x40,MatchingNetwork,5,5,Greek,Egyptian,False,5,4000,2,exp1_permuted_src_datasets
763,187.88770055770874,1.0,1735233010.3776464,,0.6401048898696899,1.0,0.001,1,16,40x40,MatchingNetwork,5,5,Greek,Egyptian,False,5,4000,2,exp1_permuted_src_datasets
764,187.91270303726196,1.0,1735233010.402649,,0.691068172454834,1.0,0.001,1,16,40x40,MatchingNetwork,5,5,Greek,Egyptian,False,5,4000,2,exp1_permuted_src_datasets
765,187.9380943775177,1.0,1735233010.4280403,,0.669218122959137,1.0,0.001,1,16,40x40,MatchingNetwork,5,5,Greek,Egyptian,False,5,4000,2,exp1_permuted_src_datasets
766,187.97071051597595,1.0,1735233010.4606564,,0.6532610654830933,1.0,0.001,1,16,40x40,MatchingNetwork,5,5,Greek,Egyptian,False,5,4000,2,exp1_permuted_src_datasets
767,187.99627232551575,1.0,1735233010.4862182,,0.6915526986122131,1.0,0.001,1,16,40x40,MatchingNetwork,5,5,Greek,Egyptian,False,5,4000,2,exp1_permuted_src_datasets
768,188.02455186843872,1.0,1735233010.5144978,,0.6683603525161743,1.0,0.001,1,16,40x40,MatchingNetwork,5,5,Greek,Egyptian,False,5,4000,2,exp1_permuted_src_datasets
769,188.04933786392212,1.0,1735233010.5392838,,0.695297122001648,1.0,0.001,1,16,40x40,MatchingNetwork,5,5,Greek,Egyptian,False,5,4000,2,exp1_permuted_src_datasets
770,188.08467197418213,1.0,1735233010.5746179,,0.6488084197044373,1.0,0.001,1,16,40x40,MatchingNetwork,5,5,Greek,Egyptian,False,5,4000,2,exp1_permuted_src_datasets
771,188.11435985565186,1.0,1735233010.6043057,,0.7208436727523804,1.0,0.001,1,16,40x40,MatchingNetwork,5,5,Greek,Egyptian,False,5,4000,2,exp1_permuted_src_datasets
772,188.1402027606964,1.0,1735233010.6301486,,0.661636471748352,1.0,0.001,1,16,40x40,MatchingNetwork,5,5,Greek,Egyptian,False,5,4000,2,exp1_permuted_src_datasets
773,188.16880011558533,1.0,1735233010.658746,,0.7216704487800598,1.0,0.001,1,16,40x40,MatchingNetwork,5,5,Greek,Egyptian,False,5,4000,2,exp1_permuted_src_datasets
774,188.19858503341675,1.0,1735233010.688531,,0.6922502517700195,1.0,0.001,1,16,40x40,MatchingNetwork,5,5,Greek,Egyptian,False,5,4000,2,exp1_permuted_src_datasets
775,188.22457313537598,1.0,1735233010.714519,,0.6937209963798523,1.0,0.001,1,16,40x40,MatchingNetwork,5,5,Greek,Egyptian,False,5,4000,2,exp1_permuted_src_datasets
776,188.2561707496643,1.0,1735233010.7461166,,0.6720234751701355,1.0,0.001,1,16,40x40,MatchingNetwork,5,5,Greek,Egyptian,False,5,4000,2,exp1_permuted_src_datasets
777,188.2876091003418,1.0,1735233010.777555,,0.6407108902931213,1.0,0.001,1,16,40x40,MatchingNetwork,5,5,Greek,Egyptian,False,5,4000,2,exp1_permuted_src_datasets
778,188.31257510185242,1.0,1735233010.802521,,0.6513811349868774,1.0,0.001,1,16,40x40,MatchingNetwork,5,5,Greek,Egyptian,False,5,4000,2,exp1_permuted_src_datasets
779,188.34090971946716,1.0,1735233010.8308556,,0.6850910186767578,1.0,0.001,1,16,40x40,MatchingNetwork,5,5,Greek,Egyptian,False,5,4000,2,exp1_permuted_src_datasets
780,188.36915922164917,1.0,1735233010.859105,,0.7137911915779114,1.0,0.001,1,16,40x40,MatchingNetwork,5,5,Greek,Egyptian,False,5,4000,2,exp1_permuted_src_datasets
781,188.39785289764404,1.0,1735233010.8877988,,0.6819957494735718,1.0,0.001,1,16,40x40,MatchingNetwork,5,5,Greek,Egyptian,False,5,4000,2,exp1_permuted_src_datasets
782,188.440167427063,1.0,1735233010.9301133,,0.7049248814582825,1.0,0.001,1,16,40x40,MatchingNetwork,5,5,Greek,Egyptian,False,5,4000,2,exp1_permuted_src_datasets
783,188.46715569496155,1.0,1735233010.9571016,,0.6901366710662842,1.0,0.001,1,16,40x40,MatchingNetwork,5,5,Greek,Egyptian,False,5,4000,2,exp1_permuted_src_datasets
784,188.49236369132996,1.0,1735233010.9823096,,0.7266424894332886,1.0,0.001,1,16,40x40,MatchingNetwork,5,5,Greek,Egyptian,False,5,4000,2,exp1_permuted_src_datasets
785,188.5196657180786,1.0,1735233011.0096116,,0.6968094110488892,1.0,0.001,1,16,40x40,MatchingNetwork,5,5,Greek,Egyptian,False,5,4000,2,exp1_permuted_src_datasets
786,188.54387855529785,1.0,1735233011.0338244,,0.6414170861244202,1.0,0.001,1,16,40x40,MatchingNetwork,5,5,Greek,Egyptian,False,5,4000,2,exp1_permuted_src_datasets
787,188.57482981681824,1.0,1735233011.0647757,,0.6656078100204468,1.0,0.001,1,16,40x40,MatchingNetwork,5,5,Greek,Egyptian,False,5,4000,2,exp1_permuted_src_datasets
788,188.6039776802063,1.0,1735233011.0939236,,0.6758905053138733,1.0,0.001,1,16,40x40,MatchingNetwork,5,5,Greek,Egyptian,False,5,4000,2,exp1_permuted_src_datasets
789,188.6314718723297,1.0,1735233011.1214178,,0.6376304626464844,1.0,0.001,1,16,40x40,MatchingNetwork,5,5,Greek,Egyptian,False,5,4000,2,exp1_permuted_src_datasets
790,188.65685987472534,1.0,1735233011.1468058,,0.6806788444519043,1.0,0.001,1,16,40x40,MatchingNetwork,5,5,Greek,Egyptian,False,5,4000,2,exp1_permuted_src_datasets
791,188.6956865787506,1.0,1735233011.1856325,,0.673007071018219,1.0,0.001,1,16,40x40,MatchingNetwork,5,5,Greek,Egyptian,False,5,4000,2,exp1_permuted_src_datasets
792,188.72593116760254,1.0,1735233011.215877,,0.6616290211677551,1.0,0.001,1,16,40x40,MatchingNetwork,5,5,Greek,Egyptian,False,5,4000,2,exp1_permuted_src_datasets
793,188.75130319595337,1.0,1735233011.241249,,0.6943767666816711,1.0,0.001,1,16,40x40,MatchingNetwork,5,5,Greek,Egyptian,False,5,4000,2,exp1_permuted_src_datasets
794,188.77620887756348,1.0,1735233011.2661548,,0.6599288582801819,1.0,0.001,1,16,40x40,MatchingNetwork,5,5,Greek,Egyptian,False,5,4000,2,exp1_permuted_src_datasets
795,188.80850219726562,1.0,1735233011.298448,,0.6472423672676086,1.0,0.001,1,16,40x40,MatchingNetwork,5,5,Greek,Egyptian,False,5,4000,2,exp1_permuted_src_datasets
796,188.8332839012146,1.0,1735233011.3232298,,0.6873507499694824,1.0,0.001,1,16,40x40,MatchingNetwork,5,5,Greek,Egyptian,False,5,4000,2,exp1_permuted_src_datasets
797,188.86525201797485,1.0,1735233011.355198,,0.6876406669616699,1.0,0.001,1,16,40x40,MatchingNetwork,5,5,Greek,Egyptian,False,5,4000,2,exp1_permuted_src_datasets
798,188.88972449302673,1.0,1735233011.3796704,,0.6528838276863098,1.0,0.001,1,16,40x40,MatchingNetwork,5,5,Greek,Egyptian,False,5,4000,2,exp1_permuted_src_datasets
799,188.91649889945984,1.0,1735233011.4064448,,0.6985930800437927,1.0,0.001,1,16,40x40,MatchingNetwork,5,5,Greek,Egyptian,False,5,4000,2,exp1_permuted_src_datasets
800,188.9545032978058,1.0,1735233011.4444492,,0.647733211517334,1.0,0.001,1,16,40x40,MatchingNetwork,5,5,Greek,Egyptian,False,5,4000,2,exp1_permuted_src_datasets
801,188.979887008667,1.0,1735233011.469833,,0.6758418679237366,1.0,0.001,1,16,40x40,MatchingNetwork,5,5,Greek,Egyptian,False,5,4000,2,exp1_permuted_src_datasets
802,189.00896453857422,1.0,1735233011.4989104,,0.6315739750862122,1.0,0.001,1,16,40x40,MatchingNetwork,5,5,Greek,Egyptian,False,5,4000,2,exp1_permuted_src_datasets
803,189.0385503768921,1.0,1735233011.5284963,,0.6812596321105957,1.0,0.001,1,16,40x40,MatchingNetwork,5,5,Greek,Egyptian,False,5,4000,2,exp1_permuted_src_datasets
804,189.06357765197754,1.0,1735233011.5535235,,0.6469464898109436,1.0,0.001,1,16,40x40,MatchingNetwork,5,5,Greek,Egyptian,False,5,4000,2,exp1_permuted_src_datasets
805,189.09701371192932,1.0,1735233011.5869596,,0.7077898979187012,1.0,0.001,1,16,40x40,MatchingNetwork,5,5,Greek,Egyptian,False,5,4000,2,exp1_permuted_src_datasets
806,189.12364792823792,1.0,1735233011.6135938,,0.6388654708862305,1.0,0.001,1,16,40x40,MatchingNetwork,5,5,Greek,Egyptian,False,5,4000,2,exp1_permuted_src_datasets
807,189.15169382095337,1.0,1735233011.6416397,,0.6538041830062866,1.0,0.001,1,16,40x40,MatchingNetwork,5,5,Greek,Egyptian,False,5,4000,2,exp1_permuted_src_datasets
808,189.1824996471405,1.0,1735233011.6724455,,0.6977581977844238,1.0,0.001,1,16,40x40,MatchingNetwork,5,5,Greek,Egyptian,False,5,4000,2,exp1_permuted_src_datasets
809,189.20755672454834,1.0,1735233011.6975026,,0.7557544708251953,1.0,0.001,1,16,40x40,MatchingNetwork,5,5,Greek,Egyptian,False,5,4000,2,exp1_permuted_src_datasets
810,189.23352670669556,1.0,1735233011.7234726,,0.7009065747261047,1.0,0.001,1,16,40x40,MatchingNetwork,5,5,Greek,Egyptian,False,5,4000,2,exp1_permuted_src_datasets
811,189.25917649269104,1.0,1735233011.7491224,,0.6604236364364624,1.0,0.001,1,16,40x40,MatchingNetwork,5,5,Greek,Egyptian,False,5,4000,2,exp1_permuted_src_datasets
812,189.2876341342926,1.0,1735233011.77758,,0.6783057451248169,1.0,0.001,1,16,40x40,MatchingNetwork,5,5,Greek,Egyptian,False,5,4000,2,exp1_permuted_src_datasets
813,189.31650280952454,1.0,1735233011.8064487,,0.6778072714805603,1.0,0.001,1,16,40x40,MatchingNetwork,5,5,Greek,Egyptian,False,5,4000,2,exp1_permuted_src_datasets
814,189.347984790802,1.0,1735233011.8379307,,0.6340588331222534,1.0,0.001,1,16,40x40,MatchingNetwork,5,5,Greek,Egyptian,False,5,4000,2,exp1_permuted_src_datasets
815,189.37770056724548,1.0,1735233011.8676465,,0.6597567796707153,1.0,0.001,1,16,40x40,MatchingNetwork,5,5,Greek,Egyptian,False,5,4000,2,exp1_permuted_src_datasets
816,189.40945482254028,1.0,1735233011.8994007,,0.6432849168777466,1.0,0.001,1,16,40x40,MatchingNetwork,5,5,Greek,Egyptian,False,5,4000,2,exp1_permuted_src_datasets
817,189.43566155433655,1.0,1735233011.9256074,,0.6442091464996338,1.0,0.001,1,16,40x40,MatchingNetwork,5,5,Greek,Egyptian,False,5,4000,2,exp1_permuted_src_datasets
818,189.4603636264801,1.0,1735233011.9503095,,0.6553258299827576,1.0,0.001,1,16,40x40,MatchingNetwork,5,5,Greek,Egyptian,False,5,4000,2,exp1_permuted_src_datasets
819,189.4871518611908,1.0,1735233011.9770977,,0.642501175403595,1.0,0.001,1,16,40x40,MatchingNetwork,5,5,Greek,Egyptian,False,5,4000,2,exp1_permuted_src_datasets
820,189.51151657104492,1.0,1735233012.0014625,,0.6708222031593323,1.0,0.001,1,16,40x40,MatchingNetwork,5,5,Greek,Egyptian,False,5,4000,2,exp1_permuted_src_datasets
821,189.53995418548584,1.0,1735233012.0299,,0.6826819777488708,1.0,0.001,1,16,40x40,MatchingNetwork,5,5,Greek,Egyptian,False,5,4000,2,exp1_permuted_src_datasets
822,201.78287601470947,1.0,1735233024.272822,0.896,,,0.001,1,16,40x40,MatchingNetwork,5,5,Greek,Egyptian,False,5,4000,2,exp1_permuted_src_datasets
823,201.80884408950806,1.0,1735233024.29879,,0.6645182371139526,1.0,0.001,1,16,40x40,MatchingNetwork,5,5,Greek,Egyptian,False,5,4000,2,exp1_permuted_src_datasets
824,201.83585739135742,1.0,1735233024.3258033,,0.7565954327583313,1.0,0.001,1,16,40x40,MatchingNetwork,5,5,Greek,Egyptian,False,5,4000,2,exp1_permuted_src_datasets
825,201.86007452011108,1.0,1735233024.3500204,,0.6412805318832397,1.0,0.001,1,16,40x40,MatchingNetwork,5,5,Greek,Egyptian,False,5,4000,2,exp1_permuted_src_datasets
826,201.88507461547852,1.0,1735233024.3750205,,0.6571425199508667,1.0,0.001,1,16,40x40,MatchingNetwork,5,5,Greek,Egyptian,False,5,4000,2,exp1_permuted_src_datasets
827,201.92690300941467,1.0,1735233024.416849,,0.6726874113082886,1.0,0.001,1,16,40x40,MatchingNetwork,5,5,Greek,Egyptian,False,5,4000,2,exp1_permuted_src_datasets
828,201.95287704467773,1.0,1735233024.442823,,0.654322624206543,1.0,0.001,1,16,40x40,MatchingNetwork,5,5,Greek,Egyptian,False,5,4000,2,exp1_permuted_src_datasets
829,201.97833275794983,1.0,1735233024.4682786,,0.6822405457496643,1.0,0.001,1,16,40x40,MatchingNetwork,5,5,Greek,Egyptian,False,5,4000,2,exp1_permuted_src_datasets
830,202.00366020202637,1.0,1735233024.493606,,0.6667647361755371,1.0,0.001,1,16,40x40,MatchingNetwork,5,5,Greek,Egyptian,False,5,4000,2,exp1_permuted_src_datasets
831,202.02871966362,1.0,1735233024.5186656,,0.7424180507659912,1.0,0.001,1,16,40x40,MatchingNetwork,5,5,Greek,Egyptian,False,5,4000,2,exp1_permuted_src_datasets
832,202.0553011894226,1.0,1735233024.545247,,0.6642184257507324,1.0,0.001,1,16,40x40,MatchingNetwork,5,5,Greek,Egyptian,False,5,4000,2,exp1_permuted_src_datasets
833,202.08408999443054,1.0,1735233024.574036,,0.6893242597579956,1.0,0.001,1,16,40x40,MatchingNetwork,5,5,Greek,Egyptian,False,5,4000,2,exp1_permuted_src_datasets
834,202.11210584640503,1.0,1735233024.6020517,,0.6464399695396423,1.0,0.001,1,16,40x40,MatchingNetwork,5,5,Greek,Egyptian,False,5,4000,2,exp1_permuted_src_datasets
835,202.13875079154968,1.0,1735233024.6286967,,0.6366022825241089,1.0,0.001,1,16,40x40,MatchingNetwork,5,5,Greek,Egyptian,False,5,4000,2,exp1_permuted_src_datasets
836,202.1633698940277,1.0,1735233024.6533158,,0.7280178666114807,1.0,0.001,1,16,40x40,MatchingNetwork,5,5,Greek,Egyptian,False,5,4000,2,exp1_permuted_src_datasets
837,202.1936502456665,1.0,1735233024.6835961,,0.6397825479507446,1.0,0.001,1,16,40x40,MatchingNetwork,5,5,Greek,Egyptian,False,5,4000,2,exp1_permuted_src_datasets
838,202.21928572654724,1.0,1735233024.7092316,,0.6527087092399597,1.0,0.001,1,16,40x40,MatchingNetwork,5,5,Greek,Egyptian,False,5,4000,2,exp1_permuted_src_datasets
839,202.24534726142883,1.0,1735233024.7352931,,0.6501014232635498,1.0,0.001,1,16,40x40,MatchingNetwork,5,5,Greek,Egyptian,False,5,4000,2,exp1_permuted_src_datasets
840,202.27421760559082,1.0,1735233024.7641635,,0.6867228746414185,1.0,0.001,1,16,40x40,MatchingNetwork,5,5,Greek,Egyptian,False,5,4000,2,exp1_permuted_src_datasets
841,202.30259656906128,1.0,1735233024.7925425,,0.6784192323684692,1.0,0.001,1,16,40x40,MatchingNetwork,5,5,Greek,Egyptian,False,5,4000,2,exp1_permuted_src_datasets
842,202.33035159111023,1.0,1735233024.8202975,,0.6984942555427551,1.0,0.001,1,16,40x40,MatchingNetwork,5,5,Greek,Egyptian,False,5,4000,2,exp1_permuted_src_datasets
843,202.35632753372192,1.0,1735233024.8462734,,0.6700111031532288,1.0,0.001,1,16,40x40,MatchingNetwork,5,5,Greek,Egyptian,False,5,4000,2,exp1_permuted_src_datasets
844,202.38385844230652,1.0,1735233024.8738043,,0.64316725730896,1.0,0.001,1,16,40x40,MatchingNetwork,5,5,Greek,Egyptian,False,5,4000,2,exp1_permuted_src_datasets
845,202.41419911384583,1.0,1735233024.904145,,0.7067519426345825,1.0,0.001,1,16,40x40,MatchingNetwork,5,5,Greek,Egyptian,False,5,4000,2,exp1_permuted_src_datasets
846,202.45262503623962,1.0,1735233024.942571,,0.7007561326026917,1.0,0.001,1,16,40x40,MatchingNetwork,5,5,Greek,Egyptian,False,5,4000,2,exp1_permuted_src_datasets
847,202.4784128665924,1.0,1735233024.9683588,,0.6690999865531921,1.0,0.001,1,16,40x40,MatchingNetwork,5,5,Greek,Egyptian,False,5,4000,2,exp1_permuted_src_datasets
848,202.5080530643463,1.0,1735233024.997999,,0.6983189582824707,1.0,0.001,1,16,40x40,MatchingNetwork,5,5,Greek,Egyptian,False,5,4000,2,exp1_permuted_src_datasets
849,202.53732681274414,1.0,1735233025.0272727,,0.6896379590034485,1.0,0.001,1,16,40x40,MatchingNetwork,5,5,Greek,Egyptian,False,5,4000,2,exp1_permuted_src_datasets
850,202.5683925151825,1.0,1735233025.0583384,,0.7520012259483337,1.0,0.001,1,16,40x40,MatchingNetwork,5,5,Greek,Egyptian,False,5,4000,2,exp1_permuted_src_datasets
851,202.59357714653015,1.0,1735233025.083523,,0.6466978192329407,1.0,0.001,1,16,40x40,MatchingNetwork,5,5,Greek,Egyptian,False,5,4000,2,exp1_permuted_src_datasets
852,202.62555384635925,1.0,1735233025.1154997,,0.6311149001121521,1.0,0.001,1,16,40x40,MatchingNetwork,5,5,Greek,Egyptian,False,5,4000,2,exp1_permuted_src_datasets
853,202.65263843536377,1.0,1735233025.1425843,,0.650071918964386,1.0,0.001,1,16,40x40,MatchingNetwork,5,5,Greek,Egyptian,False,5,4000,2,exp1_permuted_src_datasets
854,202.683119058609,1.0,1735233025.173065,,0.6854515075683594,1.0,0.001,1,16,40x40,MatchingNetwork,5,5,Greek,Egyptian,False,5,4000,2,exp1_permuted_src_datasets
855,202.7136812210083,1.0,1735233025.203627,,0.7283910512924194,1.0,0.001,1,16,40x40,MatchingNetwork,5,5,Greek,Egyptian,False,5,4000,2,exp1_permuted_src_datasets
856,202.7428719997406,1.0,1735233025.232818,,0.6638410091400146,1.0,0.001,1,16,40x40,MatchingNetwork,5,5,Greek,Egyptian,False,5,4000,2,exp1_permuted_src_datasets
857,202.77934765815735,1.0,1735233025.2692935,,0.6308637261390686,1.0,0.001,1,16,40x40,MatchingNetwork,5,5,Greek,Egyptian,False,5,4000,2,exp1_permuted_src_datasets
858,202.8138406276703,1.0,1735233025.3037865,,0.6745555996894836,1.0,0.001,1,16,40x40,MatchingNetwork,5,5,Greek,Egyptian,False,5,4000,2,exp1_permuted_src_datasets
859,202.83964896202087,1.0,1735233025.3295949,,0.6779687404632568,1.0,0.001,1,16,40x40,MatchingNetwork,5,5,Greek,Egyptian,False,5,4000,2,exp1_permuted_src_datasets
860,202.86611700057983,1.0,1735233025.356063,,0.6545724868774414,1.0,0.001,1,16,40x40,MatchingNetwork,5,5,Greek,Egyptian,False,5,4000,2,exp1_permuted_src_datasets
861,202.8979001045227,1.0,1735233025.387846,,0.6504009962081909,1.0,0.001,1,16,40x40,MatchingNetwork,5,5,Greek,Egyptian,False,5,4000,2,exp1_permuted_src_datasets
862,202.92380905151367,1.0,1735233025.413755,,0.6695230007171631,1.0,0.001,1,16,40x40,MatchingNetwork,5,5,Greek,Egyptian,False,5,4000,2,exp1_permuted_src_datasets
863,202.94997715950012,1.0,1735233025.439923,,0.6644396185874939,1.0,0.001,1,16,40x40,MatchingNetwork,5,5,Greek,Egyptian,False,5,4000,2,exp1_permuted_src_datasets
864,202.97887134552002,1.0,1735233025.4688172,,0.6408072113990784,1.0,0.001,1,16,40x40,MatchingNetwork,5,5,Greek,Egyptian,False,5,4000,2,exp1_permuted_src_datasets
865,203.0163869857788,1.0,1735233025.5063329,,0.7119423747062683,1.0,0.001,1,16,40x40,MatchingNetwork,5,5,Greek,Egyptian,False,5,4000,2,exp1_permuted_src_datasets
866,203.04200410842896,1.0,1735233025.53195,,0.6455216407775879,1.0,0.001,1,16,40x40,MatchingNetwork,5,5,Greek,Egyptian,False,5,4000,2,exp1_permuted_src_datasets
867,203.0782172679901,1.0,1735233025.5681632,,0.6709054708480835,1.0,0.001,1,16,40x40,MatchingNetwork,5,5,Greek,Egyptian,False,5,4000,2,exp1_permuted_src_datasets
868,203.11322808265686,1.0,1735233025.603174,,0.6712842583656311,1.0,0.001,1,16,40x40,MatchingNetwork,5,5,Greek,Egyptian,False,5,4000,2,exp1_permuted_src_datasets
869,203.13829612731934,1.0,1735233025.628242,,0.6740884780883789,1.0,0.001,1,16,40x40,MatchingNetwork,5,5,Greek,Egyptian,False,5,4000,2,exp1_permuted_src_datasets
870,203.16249895095825,1.0,1735233025.6524448,,0.6724838614463806,1.0,0.001,1,16,40x40,MatchingNetwork,5,5,Greek,Egyptian,False,5,4000,2,exp1_permuted_src_datasets
871,203.1915557384491,1.0,1735233025.6815016,,0.6851626634597778,1.0,0.001,1,16,40x40,MatchingNetwork,5,5,Greek,Egyptian,False,5,4000,2,exp1_permuted_src_datasets
872,203.22188878059387,1.0,1735233025.7118347,,0.7187647223472595,1.0,0.001,1,16,40x40,MatchingNetwork,5,5,Greek,Egyptian,False,5,4000,2,exp1_permuted_src_datasets
873,203.26013660430908,1.0,1735233025.7500825,,0.6425925493240356,1.0,0.001,1,16,40x40,MatchingNetwork,5,5,Greek,Egyptian,False,5,4000,2,exp1_permuted_src_datasets
874,203.29036235809326,1.0,1735233025.7803082,,0.7121355533599854,1.0,0.001,1,16,40x40,MatchingNetwork,5,5,Greek,Egyptian,False,5,4000,2,exp1_permuted_src_datasets
875,203.31533432006836,1.0,1735233025.8052802,,0.6462860107421875,1.0,0.001,1,16,40x40,MatchingNetwork,5,5,Greek,Egyptian,False,5,4000,2,exp1_permuted_src_datasets
876,203.34178829193115,1.0,1735233025.8317342,,0.7271739840507507,1.0,0.001,1,16,40x40,MatchingNetwork,5,5,Greek,Egyptian,False,5,4000,2,exp1_permuted_src_datasets
877,203.36738562583923,1.0,1735233025.8573315,,0.6787666082382202,1.0,0.001,1,16,40x40,MatchingNetwork,5,5,Greek,Egyptian,False,5,4000,2,exp1_permuted_src_datasets
878,203.39300322532654,1.0,1735233025.882949,,0.7018795609474182,1.0,0.001,1,16,40x40,MatchingNetwork,5,5,Greek,Egyptian,False,5,4000,2,exp1_permuted_src_datasets
879,203.41784858703613,1.0,1735233025.9077945,,0.6482916474342346,1.0,0.001,1,16,40x40,MatchingNetwork,5,5,Greek,Egyptian,False,5,4000,2,exp1_permuted_src_datasets
880,203.4443290233612,1.0,1735233025.934275,,0.6629121899604797,1.0,0.001,1,16,40x40,MatchingNetwork,5,5,Greek,Egyptian,False,5,4000,2,exp1_permuted_src_datasets
881,203.47466802597046,1.0,1735233025.964614,,0.6468727588653564,1.0,0.001,1,16,40x40,MatchingNetwork,5,5,Greek,Egyptian,False,5,4000,2,exp1_permuted_src_datasets
882,203.5032398700714,1.0,1735233025.9931858,,0.768271267414093,1.0,0.001,1,16,40x40,MatchingNetwork,5,5,Greek,Egyptian,False,5,4000,2,exp1_permuted_src_datasets
883,203.52994179725647,1.0,1735233026.0198877,,0.6348053216934204,1.0,0.001,1,16,40x40,MatchingNetwork,5,5,Greek,Egyptian,False,5,4000,2,exp1_permuted_src_datasets
884,203.55468726158142,1.0,1735233026.0446332,,0.6614683270454407,1.0,0.001,1,16,40x40,MatchingNetwork,5,5,Greek,Egyptian,False,5,4000,2,exp1_permuted_src_datasets
885,216.08162713050842,1.0,1735233038.571573,0.9015,,,0.001,1,16,40x40,MatchingNetwork,5,5,Greek,Egyptian,False,5,4000,2,exp1_permuted_src_datasets
886,216.10866022109985,1.0,1735233038.598606,,0.6860371828079224,1.0,0.001,1,16,40x40,MatchingNetwork,5,5,Greek,Egyptian,False,5,4000,2,exp1_permuted_src_datasets
887,216.13456916809082,1.0,1735233038.624515,,0.6798415184020996,1.0,0.001,1,16,40x40,MatchingNetwork,5,5,Greek,Egyptian,False,5,4000,2,exp1_permuted_src_datasets
888,216.1775095462799,1.0,1735233038.6674554,,0.6434805989265442,1.0,0.001,1,16,40x40,MatchingNetwork,5,5,Greek,Egyptian,False,5,4000,2,exp1_permuted_src_datasets
889,216.20644688606262,1.0,1735233038.6963928,,0.7532515525817871,1.0,0.001,1,16,40x40,MatchingNetwork,5,5,Greek,Egyptian,False,5,4000,2,exp1_permuted_src_datasets
890,216.2387146949768,1.0,1735233038.7286606,,0.6690030097961426,1.0,0.001,1,16,40x40,MatchingNetwork,5,5,Greek,Egyptian,False,5,4000,2,exp1_permuted_src_datasets
891,216.26398992538452,1.0,1735233038.7539358,,0.6787833571434021,1.0,0.001,1,16,40x40,MatchingNetwork,5,5,Greek,Egyptian,False,5,4000,2,exp1_permuted_src_datasets
892,216.29675960540771,1.0,1735233038.7867055,,0.6487425565719604,1.0,0.001,1,16,40x40,MatchingNetwork,5,5,Greek,Egyptian,False,5,4000,2,exp1_permuted_src_datasets
893,216.3228919506073,1.0,1735233038.8128378,,0.6829010248184204,1.0,0.001,1,16,40x40,MatchingNetwork,5,5,Greek,Egyptian,False,5,4000,2,exp1_permuted_src_datasets
894,216.3474006652832,1.0,1735233038.8373466,,0.6877783536911011,1.0,0.001,1,16,40x40,MatchingNetwork,5,5,Greek,Egyptian,False,5,4000,2,exp1_permuted_src_datasets
895,216.3737552165985,1.0,1735233038.863701,,0.7084263563156128,1.0,0.001,1,16,40x40,MatchingNetwork,5,5,Greek,Egyptian,False,5,4000,2,exp1_permuted_src_datasets
896,216.40132880210876,1.0,1735233038.8912747,,0.6457197070121765,1.0,0.001,1,16,40x40,MatchingNetwork,5,5,Greek,Egyptian,False,5,4000,2,exp1_permuted_src_datasets
897,216.43320965766907,1.0,1735233038.9231555,,0.6774098873138428,1.0,0.001,1,16,40x40,MatchingNetwork,5,5,Greek,Egyptian,False,5,4000,2,exp1_permuted_src_datasets
898,216.4649682044983,1.0,1735233038.954914,,0.641888439655304,1.0,0.001,1,16,40x40,MatchingNetwork,5,5,Greek,Egyptian,False,5,4000,2,exp1_permuted_src_datasets
899,216.49214458465576,1.0,1735233038.9820905,,0.6850823163986206,1.0,0.001,1,16,40x40,MatchingNetwork,5,5,Greek,Egyptian,False,5,4000,2,exp1_permuted_src_datasets
900,216.51651120185852,1.0,1735233039.006457,,0.6454719305038452,1.0,0.001,1,16,40x40,MatchingNetwork,5,5,Greek,Egyptian,False,5,4000,2,exp1_permuted_src_datasets
901,216.54825401306152,1.0,1735233039.0382,,0.6964535713195801,1.0,0.001,1,16,40x40,MatchingNetwork,5,5,Greek,Egyptian,False,5,4000,2,exp1_permuted_src_datasets
902,216.57621049880981,1.0,1735233039.0661564,,0.7096045613288879,1.0,0.001,1,16,40x40,MatchingNetwork,5,5,Greek,Egyptian,False,5,4000,2,exp1_permuted_src_datasets
903,216.60671520233154,1.0,1735233039.096661,,0.6782910823822021,1.0,0.001,1,16,40x40,MatchingNetwork,5,5,Greek,Egyptian,False,5,4000,2,exp1_permuted_src_datasets
904,216.63136315345764,1.0,1735233039.121309,,0.6321409344673157,1.0,0.001,1,16,40x40,MatchingNetwork,5,5,Greek,Egyptian,False,5,4000,2,exp1_permuted_src_datasets
905,216.65596222877502,1.0,1735233039.145908,,0.6424679756164551,1.0,0.001,1,16,40x40,MatchingNetwork,5,5,Greek,Egyptian,False,5,4000,2,exp1_permuted_src_datasets
906,216.68525505065918,1.0,1735233039.175201,,0.7113785743713379,1.0,0.001,1,16,40x40,MatchingNetwork,5,5,Greek,Egyptian,False,5,4000,2,exp1_permuted_src_datasets
907,216.71139335632324,1.0,1735233039.2013392,,0.6521362066268921,1.0,0.001,1,16,40x40,MatchingNetwork,5,5,Greek,Egyptian,False,5,4000,2,exp1_permuted_src_datasets
908,216.74928545951843,1.0,1735233039.2392313,,0.6502481698989868,1.0,0.001,1,16,40x40,MatchingNetwork,5,5,Greek,Egyptian,False,5,4000,2,exp1_permuted_src_datasets
909,216.77545380592346,1.0,1735233039.2653997,,0.6698034405708313,1.0,0.001,1,16,40x40,MatchingNetwork,5,5,Greek,Egyptian,False,5,4000,2,exp1_permuted_src_datasets
910,216.80070328712463,1.0,1735233039.2906492,,0.6525259017944336,1.0,0.001,1,16,40x40,MatchingNetwork,5,5,Greek,Egyptian,False,5,4000,2,exp1_permuted_src_datasets
911,216.83200812339783,1.0,1735233039.321954,,0.6900041699409485,1.0,0.001,1,16,40x40,MatchingNetwork,5,5,Greek,Egyptian,False,5,4000,2,exp1_permuted_src_datasets
912,216.85724210739136,1.0,1735233039.347188,,0.6825809478759766,1.0,0.001,1,16,40x40,MatchingNetwork,5,5,Greek,Egyptian,False,5,4000,2,exp1_permuted_src_datasets
913,216.8850393295288,1.0,1735233039.3749852,,0.6950764656066895,1.0,0.001,1,16,40x40,MatchingNetwork,5,5,Greek,Egyptian,False,5,4000,2,exp1_permuted_src_datasets
914,216.91190433502197,1.0,1735233039.4018502,,0.6971024870872498,1.0,0.001,1,16,40x40,MatchingNetwork,5,5,Greek,Egyptian,False,5,4000,2,exp1_permuted_src_datasets
915,216.9381504058838,1.0,1735233039.4280963,,0.6921021938323975,1.0,0.001,1,16,40x40,MatchingNetwork,5,5,Greek,Egyptian,False,5,4000,2,exp1_permuted_src_datasets
916,216.96765518188477,1.0,1735233039.457601,,0.7270990610122681,1.0,0.001,1,16,40x40,MatchingNetwork,5,5,Greek,Egyptian,False,5,4000,2,exp1_permuted_src_datasets
917,216.9983594417572,1.0,1735233039.4883053,,0.680500864982605,1.0,0.001,1,16,40x40,MatchingNetwork,5,5,Greek,Egyptian,False,5,4000,2,exp1_permuted_src_datasets
918,217.0352897644043,1.0,1735233039.5252357,,0.6816458106040955,1.0,0.001,1,16,40x40,MatchingNetwork,5,5,Greek,Egyptian,False,5,4000,2,exp1_permuted_src_datasets
919,217.06313490867615,1.0,1735233039.5530808,,0.7379753589630127,1.0,0.001,1,16,40x40,MatchingNetwork,5,5,Greek,Egyptian,False,5,4000,2,exp1_permuted_src_datasets
920,217.09072756767273,1.0,1735233039.5806735,,0.6353172063827515,1.0,0.001,1,16,40x40,MatchingNetwork,5,5,Greek,Egyptian,False,5,4000,2,exp1_permuted_src_datasets
921,217.11691665649414,1.0,1735233039.6068625,,0.6490025520324707,1.0,0.001,1,16,40x40,MatchingNetwork,5,5,Greek,Egyptian,False,5,4000,2,exp1_permuted_src_datasets
922,217.14812994003296,1.0,1735233039.6380758,,0.6319182515144348,1.0,0.001,1,16,40x40,MatchingNetwork,5,5,Greek,Egyptian,False,5,4000,2,exp1_permuted_src_datasets
923,217.17315196990967,1.0,1735233039.6630979,,0.6944038271903992,1.0,0.001,1,16,40x40,MatchingNetwork,5,5,Greek,Egyptian,False,5,4000,2,exp1_permuted_src_datasets
924,217.1992473602295,1.0,1735233039.6891932,,0.6740700006484985,1.0,0.001,1,16,40x40,MatchingNetwork,5,5,Greek,Egyptian,False,5,4000,2,exp1_permuted_src_datasets
925,217.22549557685852,1.0,1735233039.7154415,,0.6365917325019836,1.0,0.001,1,16,40x40,MatchingNetwork,5,5,Greek,Egyptian,False,5,4000,2,exp1_permuted_src_datasets
926,217.25407767295837,1.0,1735233039.7440236,,0.7108184695243835,1.0,0.001,1,16,40x40,MatchingNetwork,5,5,Greek,Egyptian,False,5,4000,2,exp1_permuted_src_datasets
927,217.27988862991333,1.0,1735233039.7698345,,0.7195579409599304,1.0,0.001,1,16,40x40,MatchingNetwork,5,5,Greek,Egyptian,False,5,4000,2,exp1_permuted_src_datasets
928,217.30672097206116,1.0,1735233039.7966669,,0.6612230539321899,1.0,0.001,1,16,40x40,MatchingNetwork,5,5,Greek,Egyptian,False,5,4000,2,exp1_permuted_src_datasets
929,217.33136820793152,1.0,1735233039.821314,,0.6378304958343506,1.0,0.001,1,16,40x40,MatchingNetwork,5,5,Greek,Egyptian,False,5,4000,2,exp1_permuted_src_datasets
930,217.3582603931427,1.0,1735233039.8482063,,0.6725395321846008,1.0,0.001,1,16,40x40,MatchingNetwork,5,5,Greek,Egyptian,False,5,4000,2,exp1_permuted_src_datasets
931,217.38300132751465,1.0,1735233039.8729472,,0.7005153894424438,1.0,0.001,1,16,40x40,MatchingNetwork,5,5,Greek,Egyptian,False,5,4000,2,exp1_permuted_src_datasets
932,217.42115688323975,1.0,1735233039.9111028,,0.6333034634590149,1.0,0.001,1,16,40x40,MatchingNetwork,5,5,Greek,Egyptian,False,5,4000,2,exp1_permuted_src_datasets
933,217.4468059539795,1.0,1735233039.9367518,,0.648436427116394,1.0,0.001,1,16,40x40,MatchingNetwork,5,5,Greek,Egyptian,False,5,4000,2,exp1_permuted_src_datasets
934,217.47396850585938,1.0,1735233039.9639144,,0.651129961013794,1.0,0.001,1,16,40x40,MatchingNetwork,5,5,Greek,Egyptian,False,5,4000,2,exp1_permuted_src_datasets
935,217.51197719573975,1.0,1735233040.001923,,0.6365122199058533,1.0,0.001,1,16,40x40,MatchingNetwork,5,5,Greek,Egyptian,False,5,4000,2,exp1_permuted_src_datasets
936,217.5377266407013,1.0,1735233040.0276725,,0.6404080390930176,1.0,0.001,1,16,40x40,MatchingNetwork,5,5,Greek,Egyptian,False,5,4000,2,exp1_permuted_src_datasets
937,217.56226563453674,1.0,1735233040.0522115,,0.6576352119445801,1.0,0.001,1,16,40x40,MatchingNetwork,5,5,Greek,Egyptian,False,5,4000,2,exp1_permuted_src_datasets
938,217.58692407608032,1.0,1735233040.07687,,0.659335196018219,1.0,0.001,1,16,40x40,MatchingNetwork,5,5,Greek,Egyptian,False,5,4000,2,exp1_permuted_src_datasets
939,217.6111867427826,1.0,1735233040.1011326,,0.664087176322937,1.0,0.001,1,16,40x40,MatchingNetwork,5,5,Greek,Egyptian,False,5,4000,2,exp1_permuted_src_datasets
940,217.65446162223816,1.0,1735233040.1444075,,0.6550112962722778,1.0,0.001,1,16,40x40,MatchingNetwork,5,5,Greek,Egyptian,False,5,4000,2,exp1_permuted_src_datasets
941,217.687438249588,1.0,1735233040.1773841,,0.7280895709991455,1.0,0.001,1,16,40x40,MatchingNetwork,5,5,Greek,Egyptian,False,5,4000,2,exp1_permuted_src_datasets
942,217.71870279312134,1.0,1735233040.2086487,,0.6811714768409729,1.0,0.001,1,16,40x40,MatchingNetwork,5,5,Greek,Egyptian,False,5,4000,2,exp1_permuted_src_datasets
943,217.74831914901733,1.0,1735233040.238265,,0.6732907891273499,1.0,0.001,1,16,40x40,MatchingNetwork,5,5,Greek,Egyptian,False,5,4000,2,exp1_permuted_src_datasets
944,217.77551007270813,1.0,1735233040.265456,,0.6934803128242493,1.0,0.001,1,16,40x40,MatchingNetwork,5,5,Greek,Egyptian,False,5,4000,2,exp1_permuted_src_datasets
945,217.81597995758057,1.0,1735233040.3059258,,0.6469314098358154,1.0,0.001,1,16,40x40,MatchingNetwork,5,5,Greek,Egyptian,False,5,4000,2,exp1_permuted_src_datasets
946,217.8520987033844,1.0,1735233040.3420446,,0.7105259299278259,1.0,0.001,1,16,40x40,MatchingNetwork,5,5,Greek,Egyptian,False,5,4000,2,exp1_permuted_src_datasets
947,217.88641834259033,1.0,1735233040.3763642,,0.7103365659713745,1.0,0.001,1,16,40x40,MatchingNetwork,5,5,Greek,Egyptian,False,5,4000,2,exp1_permuted_src_datasets
948,230.1790246963501,1.0,1735233052.6689706,0.9,,,0.001,1,16,40x40,MatchingNetwork,5,5,Greek,Egyptian,False,5,4000,2,exp1_permuted_src_datasets
949,230.1964249610901,1.0,1735233052.6863708,,0.6297662854194641,1.0,0.001,1,16,40x40,MatchingNetwork,5,5,Greek,Egyptian,False,5,4000,2,exp1_permuted_src_datasets
950,230.22140645980835,1.0,1735233052.7113523,,0.6919933557510376,1.0,0.001,1,16,40x40,MatchingNetwork,5,5,Greek,Egyptian,False,5,4000,2,exp1_permuted_src_datasets
951,230.2470018863678,1.0,1735233052.7369478,,0.6319538354873657,1.0,0.001,1,16,40x40,MatchingNetwork,5,5,Greek,Egyptian,False,5,4000,2,exp1_permuted_src_datasets
952,230.2947928905487,1.0,1735233052.7847388,,0.6726056933403015,1.0,0.001,1,16,40x40,MatchingNetwork,5,5,Greek,Egyptian,False,5,4000,2,exp1_permuted_src_datasets
953,230.3204414844513,1.0,1735233052.8103874,,0.7051349878311157,1.0,0.001,1,16,40x40,MatchingNetwork,5,5,Greek,Egyptian,False,5,4000,2,exp1_permuted_src_datasets
954,230.34542155265808,1.0,1735233052.8353674,,0.6386110782623291,1.0,0.001,1,16,40x40,MatchingNetwork,5,5,Greek,Egyptian,False,5,4000,2,exp1_permuted_src_datasets
955,230.37029457092285,1.0,1735233052.8602405,,0.7030327916145325,1.0,0.001,1,16,40x40,MatchingNetwork,5,5,Greek,Egyptian,False,5,4000,2,exp1_permuted_src_datasets
956,230.4022364616394,1.0,1735233052.8921824,,0.674619197845459,1.0,0.001,1,16,40x40,MatchingNetwork,5,5,Greek,Egyptian,False,5,4000,2,exp1_permuted_src_datasets
957,230.43438529968262,1.0,1735233052.9243312,,0.6746383905410767,1.0,0.001,1,16,40x40,MatchingNetwork,5,5,Greek,Egyptian,False,5,4000,2,exp1_permuted_src_datasets
958,230.4591715335846,1.0,1735233052.9491174,,0.6406371593475342,1.0,0.001,1,16,40x40,MatchingNetwork,5,5,Greek,Egyptian,False,5,4000,2,exp1_permuted_src_datasets
959,230.4927201271057,1.0,1735233052.982666,,0.6624179482460022,1.0,0.001,1,16,40x40,MatchingNetwork,5,5,Greek,Egyptian,False,5,4000,2,exp1_permuted_src_datasets
960,230.52527236938477,1.0,1735233053.0152183,,0.7233237028121948,1.0,0.001,1,16,40x40,MatchingNetwork,5,5,Greek,Egyptian,False,5,4000,2,exp1_permuted_src_datasets
961,230.5592761039734,1.0,1735233053.049222,,0.6716136932373047,1.0,0.001,1,16,40x40,MatchingNetwork,5,5,Greek,Egyptian,False,5,4000,2,exp1_permuted_src_datasets
962,230.59067559242249,1.0,1735233053.0806215,,0.7117665410041809,1.0,0.001,1,16,40x40,MatchingNetwork,5,5,Greek,Egyptian,False,5,4000,2,exp1_permuted_src_datasets
963,230.62299752235413,1.0,1735233053.1129434,,0.6442320346832275,1.0,0.001,1,16,40x40,MatchingNetwork,5,5,Greek,Egyptian,False,5,4000,2,exp1_permuted_src_datasets
964,230.659108877182,1.0,1735233053.1490548,,0.6764744520187378,1.0,0.001,1,16,40x40,MatchingNetwork,5,5,Greek,Egyptian,False,5,4000,2,exp1_permuted_src_datasets
965,230.68509316444397,1.0,1735233053.175039,,0.6287568211555481,1.0,0.001,1,16,40x40,MatchingNetwork,5,5,Greek,Egyptian,False,5,4000,2,exp1_permuted_src_datasets
966,230.7107448577881,1.0,1735233053.2006907,,0.6400566101074219,1.0,0.001,1,16,40x40,MatchingNetwork,5,5,Greek,Egyptian,False,5,4000,2,exp1_permuted_src_datasets
967,230.73777842521667,1.0,1735233053.2277243,,0.6414369344711304,1.0,0.001,1,16,40x40,MatchingNetwork,5,5,Greek,Egyptian,False,5,4000,2,exp1_permuted_src_datasets
968,230.7636775970459,1.0,1735233053.2536235,,0.6264786720275879,1.0,0.001,1,16,40x40,MatchingNetwork,5,5,Greek,Egyptian,False,5,4000,2,exp1_permuted_src_datasets
969,230.79311990737915,1.0,1735233053.2830658,,0.6854504942893982,1.0,0.001,1,16,40x40,MatchingNetwork,5,5,Greek,Egyptian,False,5,4000,2,exp1_permuted_src_datasets
970,230.817462682724,1.0,1735233053.3074086,,0.6540676355361938,1.0,0.001,1,16,40x40,MatchingNetwork,5,5,Greek,Egyptian,False,5,4000,2,exp1_permuted_src_datasets
971,230.84179306030273,1.0,1735233053.331739,,0.6453545689582825,1.0,0.001,1,16,40x40,MatchingNetwork,5,5,Greek,Egyptian,False,5,4000,2,exp1_permuted_src_datasets
972,230.86628246307373,1.0,1735233053.3562284,,0.6822008490562439,1.0,0.001,1,16,40x40,MatchingNetwork,5,5,Greek,Egyptian,False,5,4000,2,exp1_permuted_src_datasets
973,230.89156436920166,1.0,1735233053.3815103,,0.6644388437271118,1.0,0.001,1,16,40x40,MatchingNetwork,5,5,Greek,Egyptian,False,5,4000,2,exp1_permuted_src_datasets
974,230.92176032066345,1.0,1735233053.4117062,,0.6962483525276184,1.0,0.001,1,16,40x40,MatchingNetwork,5,5,Greek,Egyptian,False,5,4000,2,exp1_permuted_src_datasets
975,230.95039582252502,1.0,1735233053.4403417,,0.6839044094085693,1.0,0.001,1,16,40x40,MatchingNetwork,5,5,Greek,Egyptian,False,5,4000,2,exp1_permuted_src_datasets
976,230.97887921333313,1.0,1735233053.468825,,0.6426068544387817,1.0,0.001,1,16,40x40,MatchingNetwork,5,5,Greek,Egyptian,False,5,4000,2,exp1_permuted_src_datasets
977,231.01037073135376,1.0,1735233053.5003166,,0.7127981185913086,1.0,0.001,1,16,40x40,MatchingNetwork,5,5,Greek,Egyptian,False,5,4000,2,exp1_permuted_src_datasets
978,231.0366084575653,1.0,1735233053.5265543,,0.6440194249153137,1.0,0.001,1,16,40x40,MatchingNetwork,5,5,Greek,Egyptian,False,5,4000,2,exp1_permuted_src_datasets
979,231.0676999092102,1.0,1735233053.5576458,,0.643510639667511,1.0,0.001,1,16,40x40,MatchingNetwork,5,5,Greek,Egyptian,False,5,4000,2,exp1_permuted_src_datasets
980,231.09754872322083,1.0,1735233053.5874946,,0.6800612211227417,1.0,0.001,1,16,40x40,MatchingNetwork,5,5,Greek,Egyptian,False,5,4000,2,exp1_permuted_src_datasets
981,231.12235856056213,1.0,1735233053.6123044,,0.6424499750137329,1.0,0.001,1,16,40x40,MatchingNetwork,5,5,Greek,Egyptian,False,5,4000,2,exp1_permuted_src_datasets
982,231.1471607685089,1.0,1735233053.6371067,,0.6282007694244385,1.0,0.001,1,16,40x40,MatchingNetwork,5,5,Greek,Egyptian,False,5,4000,2,exp1_permuted_src_datasets
983,231.17636895179749,1.0,1735233053.6663148,,0.619608998298645,1.0,0.001,1,16,40x40,MatchingNetwork,5,5,Greek,Egyptian,False,5,4000,2,exp1_permuted_src_datasets
984,231.20337915420532,1.0,1735233053.693325,,0.6530637145042419,1.0,0.001,1,16,40x40,MatchingNetwork,5,5,Greek,Egyptian,False,5,4000,2,exp1_permuted_src_datasets
985,231.25063467025757,1.0,1735233053.7405806,,0.644062340259552,1.0,0.001,1,16,40x40,MatchingNetwork,5,5,Greek,Egyptian,False,5,4000,2,exp1_permuted_src_datasets
986,231.28172159194946,1.0,1735233053.7716675,,0.6397443413734436,1.0,0.001,1,16,40x40,MatchingNetwork,5,5,Greek,Egyptian,False,5,4000,2,exp1_permuted_src_datasets
987,231.3114058971405,1.0,1735233053.8013518,,0.6541184186935425,1.0,0.001,1,16,40x40,MatchingNetwork,5,5,Greek,Egyptian,False,5,4000,2,exp1_permuted_src_datasets
988,231.34151339530945,1.0,1735233053.8314593,,0.6887634992599487,1.0,0.001,1,16,40x40,MatchingNetwork,5,5,Greek,Egyptian,False,5,4000,2,exp1_permuted_src_datasets
989,231.36648154258728,1.0,1735233053.8564274,,0.6395373344421387,1.0,0.001,1,16,40x40,MatchingNetwork,5,5,Greek,Egyptian,False,5,4000,2,exp1_permuted_src_datasets
990,231.3915033340454,1.0,1735233053.8814492,,0.6721202731132507,1.0,0.001,1,16,40x40,MatchingNetwork,5,5,Greek,Egyptian,False,5,4000,2,exp1_permuted_src_datasets
991,231.41986513137817,1.0,1735233053.909811,,0.6764065623283386,1.0,0.001,1,16,40x40,MatchingNetwork,5,5,Greek,Egyptian,False,5,4000,2,exp1_permuted_src_datasets
992,231.4553074836731,1.0,1735233053.9452534,,0.6313701868057251,1.0,0.001,1,16,40x40,MatchingNetwork,5,5,Greek,Egyptian,False,5,4000,2,exp1_permuted_src_datasets
993,231.48463106155396,1.0,1735233053.974577,,0.6621058583259583,1.0,0.001,1,16,40x40,MatchingNetwork,5,5,Greek,Egyptian,False,5,4000,2,exp1_permuted_src_datasets
994,231.50892639160156,1.0,1735233053.9988723,,0.6526888608932495,1.0,0.001,1,16,40x40,MatchingNetwork,5,5,Greek,Egyptian,False,5,4000,2,exp1_permuted_src_datasets
995,231.5336196422577,1.0,1735233054.0235655,,0.6319662928581238,1.0,0.001,1,16,40x40,MatchingNetwork,5,5,Greek,Egyptian,False,5,4000,2,exp1_permuted_src_datasets
996,231.55860829353333,1.0,1735233054.0485542,,0.6271843314170837,1.0,0.001,1,16,40x40,MatchingNetwork,5,5,Greek,Egyptian,False,5,4000,2,exp1_permuted_src_datasets
997,231.583722114563,1.0,1735233054.073668,,0.6910298466682434,1.0,0.001,1,16,40x40,MatchingNetwork,5,5,Greek,Egyptian,False,5,4000,2,exp1_permuted_src_datasets
998,231.60999822616577,1.0,1735233054.099944,,0.6411739587783813,1.0,0.001,1,16,40x40,MatchingNetwork,5,5,Greek,Egyptian,False,5,4000,2,exp1_permuted_src_datasets
999,231.6436061859131,1.0,1735233054.133552,,0.6435219049453735,1.0,0.001,1,16,40x40,MatchingNetwork,5,5,Greek,Egyptian,False,5,4000,2,exp1_permuted_src_datasets
1000,231.68836951255798,1.0,1735233054.1783154,,0.6937123537063599,1.0,0.001,1,16,40x40,MatchingNetwork,5,5,Greek,Egyptian,False,5,4000,2,exp1_permuted_src_datasets
1001,231.71379709243774,1.0,1735233054.203743,,0.6534833312034607,1.0,0.001,1,16,40x40,MatchingNetwork,5,5,Greek,Egyptian,False,5,4000,2,exp1_permuted_src_datasets
1002,231.74779224395752,1.0,1735233054.2377381,,0.6284821033477783,1.0,0.001,1,16,40x40,MatchingNetwork,5,5,Greek,Egyptian,False,5,4000,2,exp1_permuted_src_datasets
1003,231.77899765968323,1.0,1735233054.2689435,,0.6900808811187744,1.0,0.001,1,16,40x40,MatchingNetwork,5,5,Greek,Egyptian,False,5,4000,2,exp1_permuted_src_datasets
1004,231.80327773094177,1.0,1735233054.2932236,,0.6730706095695496,1.0,0.001,1,16,40x40,MatchingNetwork,5,5,Greek,Egyptian,False,5,4000,2,exp1_permuted_src_datasets
1005,231.8280529975891,1.0,1735233054.317999,,0.6517966389656067,1.0,0.001,1,16,40x40,MatchingNetwork,5,5,Greek,Egyptian,False,5,4000,2,exp1_permuted_src_datasets
1006,231.85231685638428,1.0,1735233054.3422627,,0.6759558916091919,1.0,0.001,1,16,40x40,MatchingNetwork,5,5,Greek,Egyptian,False,5,4000,2,exp1_permuted_src_datasets
1007,231.87827897071838,1.0,1735233054.3682249,,0.7567548751831055,1.0,0.001,1,16,40x40,MatchingNetwork,5,5,Greek,Egyptian,False,5,4000,2,exp1_permuted_src_datasets
1008,231.90432691574097,1.0,1735233054.3942728,,0.6622430086135864,1.0,0.001,1,16,40x40,MatchingNetwork,5,5,Greek,Egyptian,False,5,4000,2,exp1_permuted_src_datasets
1009,231.9355981349945,1.0,1735233054.425544,,0.7545413970947266,1.0,0.001,1,16,40x40,MatchingNetwork,5,5,Greek,Egyptian,False,5,4000,2,exp1_permuted_src_datasets
1010,231.96072435379028,1.0,1735233054.4506702,,0.6273021697998047,1.0,0.001,1,16,40x40,MatchingNetwork,5,5,Greek,Egyptian,False,5,4000,2,exp1_permuted_src_datasets
1011,244.4080011844635,1.0,1735233066.897947,0.90325,,,0.001,1,16,40x40,MatchingNetwork,5,5,Greek,Egyptian,False,5,4000,2,exp1_permuted_src_datasets
1012,244.42331910133362,1.0,1735233066.913265,,0.6382108926773071,1.0,0.001,1,16,40x40,MatchingNetwork,5,5,Greek,Egyptian,False,5,4000,2,exp1_permuted_src_datasets
1013,244.44825053215027,1.0,1735233066.9381964,,0.702517569065094,1.0,0.001,1,16,40x40,MatchingNetwork,5,5,Greek,Egyptian,False,5,4000,2,exp1_permuted_src_datasets
1014,244.47515058517456,1.0,1735233066.9650965,,0.6820105910301208,1.0,0.001,1,16,40x40,MatchingNetwork,5,5,Greek,Egyptian,False,5,4000,2,exp1_permuted_src_datasets
1015,244.49997806549072,1.0,1735233066.989924,,0.6815468668937683,1.0,0.001,1,16,40x40,MatchingNetwork,5,5,Greek,Egyptian,False,5,4000,2,exp1_permuted_src_datasets
1016,244.5251395702362,1.0,1735233067.0150855,,0.6614466309547424,1.0,0.001,1,16,40x40,MatchingNetwork,5,5,Greek,Egyptian,False,5,4000,2,exp1_permuted_src_datasets
1017,244.5515842437744,1.0,1735233067.0415301,,0.6920983791351318,1.0,0.001,1,16,40x40,MatchingNetwork,5,5,Greek,Egyptian,False,5,4000,2,exp1_permuted_src_datasets
1018,244.5772521495819,1.0,1735233067.067198,,0.7150017619132996,1.0,0.001,1,16,40x40,MatchingNetwork,5,5,Greek,Egyptian,False,5,4000,2,exp1_permuted_src_datasets
1019,244.60293984413147,1.0,1735233067.0928857,,0.6758682727813721,1.0,0.001,1,16,40x40,MatchingNetwork,5,5,Greek,Egyptian,False,5,4000,2,exp1_permuted_src_datasets
1020,244.63348245620728,1.0,1735233067.1234283,,0.6881073117256165,1.0,0.001,1,16,40x40,MatchingNetwork,5,5,Greek,Egyptian,False,5,4000,2,exp1_permuted_src_datasets
1021,244.65876293182373,1.0,1735233067.1487088,,0.6308191418647766,1.0,0.001,1,16,40x40,MatchingNetwork,5,5,Greek,Egyptian,False,5,4000,2,exp1_permuted_src_datasets
1022,244.68622970581055,1.0,1735233067.1761756,,0.6868243217468262,1.0,0.001,1,16,40x40,MatchingNetwork,5,5,Greek,Egyptian,False,5,4000,2,exp1_permuted_src_datasets
1023,244.71158361434937,1.0,1735233067.2015295,,0.6579614281654358,1.0,0.001,1,16,40x40,MatchingNetwork,5,5,Greek,Egyptian,False,5,4000,2,exp1_permuted_src_datasets
1024,244.7359402179718,1.0,1735233067.225886,,0.6427903771400452,1.0,0.001,1,16,40x40,MatchingNetwork,5,5,Greek,Egyptian,False,5,4000,2,exp1_permuted_src_datasets
1025,244.77672386169434,1.0,1735233067.2666698,,0.6596933603286743,1.0,0.001,1,16,40x40,MatchingNetwork,5,5,Greek,Egyptian,False,5,4000,2,exp1_permuted_src_datasets
1026,244.8019151687622,1.0,1735233067.291861,,0.6424068212509155,1.0,0.001,1,16,40x40,MatchingNetwork,5,5,Greek,Egyptian,False,5,4000,2,exp1_permuted_src_datasets
1027,244.82829356193542,1.0,1735233067.3182395,,0.6720054149627686,1.0,0.001,1,16,40x40,MatchingNetwork,5,5,Greek,Egyptian,False,5,4000,2,exp1_permuted_src_datasets
1028,244.85362315177917,1.0,1735233067.343569,,0.6854436993598938,1.0,0.001,1,16,40x40,MatchingNetwork,5,5,Greek,Egyptian,False,5,4000,2,exp1_permuted_src_datasets
1029,244.88153529167175,1.0,1735233067.3714812,,0.7030742168426514,1.0,0.001,1,16,40x40,MatchingNetwork,5,5,Greek,Egyptian,False,5,4000,2,exp1_permuted_src_datasets
1030,244.91033339500427,1.0,1735233067.4002793,,0.6887618899345398,1.0,0.001,1,16,40x40,MatchingNetwork,5,5,Greek,Egyptian,False,5,4000,2,exp1_permuted_src_datasets
1031,244.93496942520142,1.0,1735233067.4249153,,0.6716788411140442,1.0,0.001,1,16,40x40,MatchingNetwork,5,5,Greek,Egyptian,False,5,4000,2,exp1_permuted_src_datasets
1032,244.9649543762207,1.0,1735233067.4549003,,0.6818204522132874,1.0,0.001,1,16,40x40,MatchingNetwork,5,5,Greek,Egyptian,False,5,4000,2,exp1_permuted_src_datasets
1033,244.99017810821533,1.0,1735233067.480124,,0.7015154957771301,1.0,0.001,1,16,40x40,MatchingNetwork,5,5,Greek,Egyptian,False,5,4000,2,exp1_permuted_src_datasets
1034,245.01810884475708,1.0,1735233067.5080547,,0.6700694561004639,1.0,0.001,1,16,40x40,MatchingNetwork,5,5,Greek,Egyptian,False,5,4000,2,exp1_permuted_src_datasets
1035,245.04927325248718,1.0,1735233067.5392191,,0.6420478820800781,1.0,0.001,1,16,40x40,MatchingNetwork,5,5,Greek,Egyptian,False,5,4000,2,exp1_permuted_src_datasets
1036,245.08272171020508,1.0,1735233067.5726676,,0.6761341691017151,1.0,0.001,1,16,40x40,MatchingNetwork,5,5,Greek,Egyptian,False,5,4000,2,exp1_permuted_src_datasets
1037,245.11054348945618,1.0,1735233067.6004894,,0.6219323873519897,1.0,0.001,1,16,40x40,MatchingNetwork,5,5,Greek,Egyptian,False,5,4000,2,exp1_permuted_src_datasets
1038,245.13594317436218,1.0,1735233067.625889,,0.6818888187408447,1.0,0.001,1,16,40x40,MatchingNetwork,5,5,Greek,Egyptian,False,5,4000,2,exp1_permuted_src_datasets
1039,245.17460107803345,1.0,1735233067.664547,,0.6805503964424133,1.0,0.001,1,16,40x40,MatchingNetwork,5,5,Greek,Egyptian,False,5,4000,2,exp1_permuted_src_datasets
1040,245.21194005012512,1.0,1735233067.701886,,0.6658041477203369,1.0,0.001,1,16,40x40,MatchingNetwork,5,5,Greek,Egyptian,False,5,4000,2,exp1_permuted_src_datasets
1041,245.23877263069153,1.0,1735233067.7287185,,0.6464942097663879,1.0,0.001,1,16,40x40,MatchingNetwork,5,5,Greek,Egyptian,False,5,4000,2,exp1_permuted_src_datasets
1042,245.2641487121582,1.0,1735233067.7540946,,0.7118105888366699,1.0,0.001,1,16,40x40,MatchingNetwork,5,5,Greek,Egyptian,False,5,4000,2,exp1_permuted_src_datasets
1043,245.29167532920837,1.0,1735233067.7816212,,0.652312695980072,1.0,0.001,1,16,40x40,MatchingNetwork,5,5,Greek,Egyptian,False,5,4000,2,exp1_permuted_src_datasets
1044,245.3165044784546,1.0,1735233067.8064504,,0.6716902852058411,1.0,0.001,1,16,40x40,MatchingNetwork,5,5,Greek,Egyptian,False,5,4000,2,exp1_permuted_src_datasets
1045,245.3432741165161,1.0,1735233067.83322,,0.6761495471000671,1.0,0.001,1,16,40x40,MatchingNetwork,5,5,Greek,Egyptian,False,5,4000,2,exp1_permuted_src_datasets
1046,245.37686848640442,1.0,1735233067.8668144,,0.7018534541130066,1.0,0.001,1,16,40x40,MatchingNetwork,5,5,Greek,Egyptian,False,5,4000,2,exp1_permuted_src_datasets
1047,245.40199208259583,1.0,1735233067.891938,,0.6949486136436462,1.0,0.001,1,16,40x40,MatchingNetwork,5,5,Greek,Egyptian,False,5,4000,2,exp1_permuted_src_datasets
1048,245.44578552246094,1.0,1735233067.9357314,,0.6799057722091675,1.0,0.001,1,16,40x40,MatchingNetwork,5,5,Greek,Egyptian,False,5,4000,2,exp1_permuted_src_datasets
1049,245.4887900352478,1.0,1735233067.978736,,0.6275771856307983,1.0,0.001,1,16,40x40,MatchingNetwork,5,5,Greek,Egyptian,False,5,4000,2,exp1_permuted_src_datasets
1050,245.52426028251648,1.0,1735233068.0142062,,0.6739230155944824,1.0,0.001,1,16,40x40,MatchingNetwork,5,5,Greek,Egyptian,False,5,4000,2,exp1_permuted_src_datasets
1051,245.55908608436584,1.0,1735233068.049032,,0.6533424854278564,1.0,0.001,1,16,40x40,MatchingNetwork,5,5,Greek,Egyptian,False,5,4000,2,exp1_permuted_src_datasets
1052,245.58666586875916,1.0,1735233068.0766118,,0.6749670505523682,1.0,0.001,1,16,40x40,MatchingNetwork,5,5,Greek,Egyptian,False,5,4000,2,exp1_permuted_src_datasets
1053,245.61392951011658,1.0,1735233068.1038754,,0.6531955003738403,1.0,0.001,1,16,40x40,MatchingNetwork,5,5,Greek,Egyptian,False,5,4000,2,exp1_permuted_src_datasets
1054,245.63983511924744,1.0,1735233068.129781,,0.6376678347587585,1.0,0.001,1,16,40x40,MatchingNetwork,5,5,Greek,Egyptian,False,5,4000,2,exp1_permuted_src_datasets
1055,245.67168998718262,1.0,1735233068.1616359,,0.672462522983551,1.0,0.001,1,16,40x40,MatchingNetwork,5,5,Greek,Egyptian,False,5,4000,2,exp1_permuted_src_datasets
1056,245.69776225090027,1.0,1735233068.1877081,,0.6845183968544006,1.0,0.001,1,16,40x40,MatchingNetwork,5,5,Greek,Egyptian,False,5,4000,2,exp1_permuted_src_datasets
1057,245.73654913902283,1.0,1735233068.226495,,0.672876238822937,1.0,0.001,1,16,40x40,MatchingNetwork,5,5,Greek,Egyptian,False,5,4000,2,exp1_permuted_src_datasets
1058,245.76278233528137,1.0,1735233068.2527282,,0.6734384894371033,1.0,0.001,1,16,40x40,MatchingNetwork,5,5,Greek,Egyptian,False,5,4000,2,exp1_permuted_src_datasets
1059,245.78788590431213,1.0,1735233068.2778318,,0.6393954753875732,1.0,0.001,1,16,40x40,MatchingNetwork,5,5,Greek,Egyptian,False,5,4000,2,exp1_permuted_src_datasets
1060,245.82181668281555,1.0,1735233068.3117626,,0.6739570498466492,1.0,0.001,1,16,40x40,MatchingNetwork,5,5,Greek,Egyptian,False,5,4000,2,exp1_permuted_src_datasets
1061,245.84650683403015,1.0,1735233068.3364527,,0.641357421875,1.0,0.001,1,16,40x40,MatchingNetwork,5,5,Greek,Egyptian,False,5,4000,2,exp1_permuted_src_datasets
1062,245.87257170677185,1.0,1735233068.3625176,,0.6774628162384033,1.0,0.001,1,16,40x40,MatchingNetwork,5,5,Greek,Egyptian,False,5,4000,2,exp1_permuted_src_datasets
1063,245.89669609069824,1.0,1735233068.386642,,0.6471624970436096,1.0,0.001,1,16,40x40,MatchingNetwork,5,5,Greek,Egyptian,False,5,4000,2,exp1_permuted_src_datasets
1064,245.92188596725464,1.0,1735233068.4118319,,0.6636298894882202,1.0,0.001,1,16,40x40,MatchingNetwork,5,5,Greek,Egyptian,False,5,4000,2,exp1_permuted_src_datasets
1065,245.9524862766266,1.0,1735233068.4424322,,0.6393514275550842,1.0,0.001,1,16,40x40,MatchingNetwork,5,5,Greek,Egyptian,False,5,4000,2,exp1_permuted_src_datasets
1066,245.98473024368286,1.0,1735233068.4746761,,0.6248440742492676,1.0,0.001,1,16,40x40,MatchingNetwork,5,5,Greek,Egyptian,False,5,4000,2,exp1_permuted_src_datasets
1067,246.01671600341797,1.0,1735233068.506662,,0.6452981233596802,1.0,0.001,1,16,40x40,MatchingNetwork,5,5,Greek,Egyptian,False,5,4000,2,exp1_permuted_src_datasets
1068,246.04422545433044,1.0,1735233068.5341713,,0.6250184178352356,1.0,0.001,1,16,40x40,MatchingNetwork,5,5,Greek,Egyptian,False,5,4000,2,exp1_permuted_src_datasets
1069,246.0704619884491,1.0,1735233068.5604079,,0.6753547191619873,1.0,0.001,1,16,40x40,MatchingNetwork,5,5,Greek,Egyptian,False,5,4000,2,exp1_permuted_src_datasets
1070,246.09471487998962,1.0,1735233068.5846608,,0.6673880219459534,1.0,0.001,1,16,40x40,MatchingNetwork,5,5,Greek,Egyptian,False,5,4000,2,exp1_permuted_src_datasets
1071,246.1198387145996,1.0,1735233068.6097846,,0.6345027089118958,1.0,0.001,1,16,40x40,MatchingNetwork,5,5,Greek,Egyptian,False,5,4000,2,exp1_permuted_src_datasets
1072,246.15166068077087,1.0,1735233068.6416066,,0.6727796196937561,1.0,0.001,1,16,40x40,MatchingNetwork,5,5,Greek,Egyptian,False,5,4000,2,exp1_permuted_src_datasets
1073,246.1764531135559,1.0,1735233068.666399,,0.6430959105491638,1.0,0.001,1,16,40x40,MatchingNetwork,5,5,Greek,Egyptian,False,5,4000,2,exp1_permuted_src_datasets
1074,258.46784257888794,1.0,1735233080.9577885,0.90475,,,0.001,1,16,40x40,MatchingNetwork,5,5,Greek,Egyptian,False,5,4000,2,exp1_permuted_src_datasets
1075,258.48375606536865,1.0,1735233080.973702,,0.710735559463501,1.0,0.001,1,16,40x40,MatchingNetwork,5,5,Greek,Egyptian,False,5,4000,2,exp1_permuted_src_datasets
1076,258.50952339172363,1.0,1735233080.9994693,,0.7414964437484741,1.0,0.001,1,16,40x40,MatchingNetwork,5,5,Greek,Egyptian,False,5,4000,2,exp1_permuted_src_datasets
1077,258.53451585769653,1.0,1735233081.0244617,,0.6811479330062866,1.0,0.001,1,16,40x40,MatchingNetwork,5,5,Greek,Egyptian,False,5,4000,2,exp1_permuted_src_datasets
1078,258.55976581573486,1.0,1735233081.0497117,,0.6820142269134521,1.0,0.001,1,16,40x40,MatchingNetwork,5,5,Greek,Egyptian,False,5,4000,2,exp1_permuted_src_datasets
1079,258.58938694000244,1.0,1735233081.0793328,,0.7276567816734314,1.0,0.001,1,16,40x40,MatchingNetwork,5,5,Greek,Egyptian,False,5,4000,2,exp1_permuted_src_datasets
1080,258.61710262298584,1.0,1735233081.1070485,,0.6391814947128296,1.0,0.001,1,16,40x40,MatchingNetwork,5,5,Greek,Egyptian,False,5,4000,2,exp1_permuted_src_datasets
1081,258.65014600753784,1.0,1735233081.140092,,0.6653748154640198,1.0,0.001,1,16,40x40,MatchingNetwork,5,5,Greek,Egyptian,False,5,4000,2,exp1_permuted_src_datasets
1082,258.67618894577026,1.0,1735233081.1661348,,0.6741491556167603,1.0,0.001,1,16,40x40,MatchingNetwork,5,5,Greek,Egyptian,False,5,4000,2,exp1_permuted_src_datasets
1083,258.7041223049164,1.0,1735233081.1940682,,0.6799702644348145,1.0,0.001,1,16,40x40,MatchingNetwork,5,5,Greek,Egyptian,False,5,4000,2,exp1_permuted_src_datasets
1084,258.73668909072876,1.0,1735233081.226635,,0.6734715104103088,1.0,0.001,1,16,40x40,MatchingNetwork,5,5,Greek,Egyptian,False,5,4000,2,exp1_permuted_src_datasets
1085,258.7652106285095,1.0,1735233081.2551565,,0.6969822645187378,1.0,0.001,1,16,40x40,MatchingNetwork,5,5,Greek,Egyptian,False,5,4000,2,exp1_permuted_src_datasets
1086,258.79103994369507,1.0,1735233081.2809858,,0.6385527849197388,1.0,0.001,1,16,40x40,MatchingNetwork,5,5,Greek,Egyptian,False,5,4000,2,exp1_permuted_src_datasets
1087,258.81645703315735,1.0,1735233081.306403,,0.711239218711853,1.0,0.001,1,16,40x40,MatchingNetwork,5,5,Greek,Egyptian,False,5,4000,2,exp1_permuted_src_datasets
1088,258.8411717414856,1.0,1735233081.3311176,,0.6640506982803345,1.0,0.001,1,16,40x40,MatchingNetwork,5,5,Greek,Egyptian,False,5,4000,2,exp1_permuted_src_datasets
1089,258.86600708961487,1.0,1735233081.355953,,0.6398177742958069,1.0,0.001,1,16,40x40,MatchingNetwork,5,5,Greek,Egyptian,False,5,4000,2,exp1_permuted_src_datasets
1090,258.8986928462982,1.0,1735233081.3886387,,0.7674492001533508,1.0,0.001,1,16,40x40,MatchingNetwork,5,5,Greek,Egyptian,False,5,4000,2,exp1_permuted_src_datasets
1091,258.9294419288635,1.0,1735233081.4193878,,0.6767323613166809,1.0,0.001,1,16,40x40,MatchingNetwork,5,5,Greek,Egyptian,False,5,4000,2,exp1_permuted_src_datasets
1092,258.9541027545929,1.0,1735233081.4440486,,0.6858566403388977,1.0,0.001,1,16,40x40,MatchingNetwork,5,5,Greek,Egyptian,False,5,4000,2,exp1_permuted_src_datasets
1093,258.98419642448425,1.0,1735233081.4741423,,0.6900678277015686,1.0,0.001,1,16,40x40,MatchingNetwork,5,5,Greek,Egyptian,False,5,4000,2,exp1_permuted_src_datasets
1094,259.0135545730591,1.0,1735233081.5035005,,0.6262690424919128,1.0,0.001,1,16,40x40,MatchingNetwork,5,5,Greek,Egyptian,False,5,4000,2,exp1_permuted_src_datasets
1095,259.0560772418976,1.0,1735233081.5460231,,0.67058926820755,1.0,0.001,1,16,40x40,MatchingNetwork,5,5,Greek,Egyptian,False,5,4000,2,exp1_permuted_src_datasets
1096,259.08350014686584,1.0,1735233081.573446,,0.7111173868179321,1.0,0.001,1,16,40x40,MatchingNetwork,5,5,Greek,Egyptian,False,5,4000,2,exp1_permuted_src_datasets
1097,259.11200308799744,1.0,1735233081.601949,,0.6438334584236145,1.0,0.001,1,16,40x40,MatchingNetwork,5,5,Greek,Egyptian,False,5,4000,2,exp1_permuted_src_datasets
1098,259.1375687122345,1.0,1735233081.6275146,,0.641676127910614,1.0,0.001,1,16,40x40,MatchingNetwork,5,5,Greek,Egyptian,False,5,4000,2,exp1_permuted_src_datasets
1099,259.1655728816986,1.0,1735233081.6555188,,0.6296662092208862,1.0,0.001,1,16,40x40,MatchingNetwork,5,5,Greek,Egyptian,False,5,4000,2,exp1_permuted_src_datasets
1100,259.1903643608093,1.0,1735233081.6803102,,0.649944007396698,1.0,0.001,1,16,40x40,MatchingNetwork,5,5,Greek,Egyptian,False,5,4000,2,exp1_permuted_src_datasets
1101,259.2201042175293,1.0,1735233081.71005,,0.6769424080848694,1.0,0.001,1,16,40x40,MatchingNetwork,5,5,Greek,Egyptian,False,5,4000,2,exp1_permuted_src_datasets
1102,259.2528932094574,1.0,1735233081.742839,,0.666767954826355,1.0,0.001,1,16,40x40,MatchingNetwork,5,5,Greek,Egyptian,False,5,4000,2,exp1_permuted_src_datasets
1103,259.2789433002472,1.0,1735233081.7688892,,0.6751689910888672,1.0,0.001,1,16,40x40,MatchingNetwork,5,5,Greek,Egyptian,False,5,4000,2,exp1_permuted_src_datasets
1104,259.3165476322174,1.0,1735233081.8064935,,0.6562532782554626,1.0,0.001,1,16,40x40,MatchingNetwork,5,5,Greek,Egyptian,False,5,4000,2,exp1_permuted_src_datasets
1105,259.3527925014496,1.0,1735233081.8427384,,0.6608834862709045,1.0,0.001,1,16,40x40,MatchingNetwork,5,5,Greek,Egyptian,False,5,4000,2,exp1_permuted_src_datasets
1106,259.3863310813904,1.0,1735233081.876277,,0.6665856838226318,1.0,0.001,1,16,40x40,MatchingNetwork,5,5,Greek,Egyptian,False,5,4000,2,exp1_permuted_src_datasets
1107,259.41185426712036,1.0,1735233081.9018002,,0.7108501195907593,1.0,0.001,1,16,40x40,MatchingNetwork,5,5,Greek,Egyptian,False,5,4000,2,exp1_permuted_src_datasets
1108,259.43816471099854,1.0,1735233081.9281106,,0.6783026456832886,1.0,0.001,1,16,40x40,MatchingNetwork,5,5,Greek,Egyptian,False,5,4000,2,exp1_permuted_src_datasets
1109,259.46307253837585,1.0,1735233081.9530184,,0.6599581837654114,1.0,0.001,1,16,40x40,MatchingNetwork,5,5,Greek,Egyptian,False,5,4000,2,exp1_permuted_src_datasets
1110,259.4881999492645,1.0,1735233081.9781458,,0.7049511671066284,1.0,0.001,1,16,40x40,MatchingNetwork,5,5,Greek,Egyptian,False,5,4000,2,exp1_permuted_src_datasets
1111,259.5128028392792,1.0,1735233082.0027487,,0.6634860038757324,1.0,0.001,1,16,40x40,MatchingNetwork,5,5,Greek,Egyptian,False,5,4000,2,exp1_permuted_src_datasets
1112,259.53774189949036,1.0,1735233082.0276878,,0.6860529780387878,1.0,0.001,1,16,40x40,MatchingNetwork,5,5,Greek,Egyptian,False,5,4000,2,exp1_permuted_src_datasets
1113,259.562903881073,1.0,1735233082.0528498,,0.6470855474472046,1.0,0.001,1,16,40x40,MatchingNetwork,5,5,Greek,Egyptian,False,5,4000,2,exp1_permuted_src_datasets
1114,259.58983087539673,1.0,1735233082.0797768,,0.6724411845207214,1.0,0.001,1,16,40x40,MatchingNetwork,5,5,Greek,Egyptian,False,5,4000,2,exp1_permuted_src_datasets
1115,259.6200325489044,1.0,1735233082.1099784,,0.6413997411727905,1.0,0.001,1,16,40x40,MatchingNetwork,5,5,Greek,Egyptian,False,5,4000,2,exp1_permuted_src_datasets
1116,259.6450984477997,1.0,1735233082.1350443,,0.6378949284553528,1.0,0.001,1,16,40x40,MatchingNetwork,5,5,Greek,Egyptian,False,5,4000,2,exp1_permuted_src_datasets
1117,259.6744155883789,1.0,1735233082.1643615,,0.7487214207649231,1.0,0.001,1,16,40x40,MatchingNetwork,5,5,Greek,Egyptian,False,5,4000,2,exp1_permuted_src_datasets
1118,259.7056245803833,1.0,1735233082.1955705,,0.6503680944442749,1.0,0.001,1,16,40x40,MatchingNetwork,5,5,Greek,Egyptian,False,5,4000,2,exp1_permuted_src_datasets
1119,259.73361229896545,1.0,1735233082.2235582,,0.719567596912384,1.0,0.001,1,16,40x40,MatchingNetwork,5,5,Greek,Egyptian,False,5,4000,2,exp1_permuted_src_datasets
1120,259.7649965286255,1.0,1735233082.2549424,,0.645654559135437,1.0,0.001,1,16,40x40,MatchingNetwork,5,5,Greek,Egyptian,False,5,4000,2,exp1_permuted_src_datasets
1121,259.79171776771545,1.0,1735233082.2816637,,0.6254665851593018,1.0,0.001,1,16,40x40,MatchingNetwork,5,5,Greek,Egyptian,False,5,4000,2,exp1_permuted_src_datasets
1122,259.8189558982849,1.0,1735233082.3089018,,0.6600540280342102,1.0,0.001,1,16,40x40,MatchingNetwork,5,5,Greek,Egyptian,False,5,4000,2,exp1_permuted_src_datasets
1123,259.8514838218689,1.0,1735233082.3414297,,0.6521177887916565,1.0,0.001,1,16,40x40,MatchingNetwork,5,5,Greek,Egyptian,False,5,4000,2,exp1_permuted_src_datasets
1124,259.8779721260071,1.0,1735233082.367918,,0.7554607391357422,1.0,0.001,1,16,40x40,MatchingNetwork,5,5,Greek,Egyptian,False,5,4000,2,exp1_permuted_src_datasets
1125,259.90892934799194,1.0,1735233082.3988752,,0.6254684925079346,1.0,0.001,1,16,40x40,MatchingNetwork,5,5,Greek,Egyptian,False,5,4000,2,exp1_permuted_src_datasets
1126,259.9375922679901,1.0,1735233082.4275382,,0.6439815759658813,1.0,0.001,1,16,40x40,MatchingNetwork,5,5,Greek,Egyptian,False,5,4000,2,exp1_permuted_src_datasets
1127,259.981032371521,1.0,1735233082.4709783,,0.6861407160758972,1.0,0.001,1,16,40x40,MatchingNetwork,5,5,Greek,Egyptian,False,5,4000,2,exp1_permuted_src_datasets
1128,260.00839924812317,1.0,1735233082.4983451,,0.6703425049781799,1.0,0.001,1,16,40x40,MatchingNetwork,5,5,Greek,Egyptian,False,5,4000,2,exp1_permuted_src_datasets
1129,260.034343957901,1.0,1735233082.5242898,,0.670792281627655,1.0,0.001,1,16,40x40,MatchingNetwork,5,5,Greek,Egyptian,False,5,4000,2,exp1_permuted_src_datasets
1130,260.06220173835754,1.0,1735233082.5521476,,0.635766327381134,1.0,0.001,1,16,40x40,MatchingNetwork,5,5,Greek,Egyptian,False,5,4000,2,exp1_permuted_src_datasets
1131,260.0924060344696,1.0,1735233082.582352,,0.6463674902915955,1.0,0.001,1,16,40x40,MatchingNetwork,5,5,Greek,Egyptian,False,5,4000,2,exp1_permuted_src_datasets
1132,260.12551498413086,1.0,1735233082.6154609,,0.6288570165634155,1.0,0.001,1,16,40x40,MatchingNetwork,5,5,Greek,Egyptian,False,5,4000,2,exp1_permuted_src_datasets
1133,260.1562805175781,1.0,1735233082.6462264,,0.6668781042098999,1.0,0.001,1,16,40x40,MatchingNetwork,5,5,Greek,Egyptian,False,5,4000,2,exp1_permuted_src_datasets
1134,260.18188285827637,1.0,1735233082.6718287,,0.6664704084396362,1.0,0.001,1,16,40x40,MatchingNetwork,5,5,Greek,Egyptian,False,5,4000,2,exp1_permuted_src_datasets
1135,260.21080207824707,1.0,1735233082.700748,,0.7210464477539062,1.0,0.001,1,16,40x40,MatchingNetwork,5,5,Greek,Egyptian,False,5,4000,2,exp1_permuted_src_datasets
1136,260.23993134498596,1.0,1735233082.7298772,,0.6482750773429871,1.0,0.001,1,16,40x40,MatchingNetwork,5,5,Greek,Egyptian,False,5,4000,2,exp1_permuted_src_datasets
1137,272.4611632823944,1.0,1735233094.9511092,0.901,,,0.001,1,16,40x40,MatchingNetwork,5,5,Greek,Egyptian,False,5,4000,2,exp1_permuted_src_datasets
1138,272.47838401794434,1.0,1735233094.96833,,0.6759263873100281,1.0,0.001,1,16,40x40,MatchingNetwork,5,5,Greek,Egyptian,False,5,4000,2,exp1_permuted_src_datasets
1139,272.50894570350647,1.0,1735233094.9988916,,0.6260679960250854,1.0,0.001,1,16,40x40,MatchingNetwork,5,5,Greek,Egyptian,False,5,4000,2,exp1_permuted_src_datasets
1140,272.5476086139679,1.0,1735233095.0375545,,0.6609613299369812,1.0,0.001,1,16,40x40,MatchingNetwork,5,5,Greek,Egyptian,False,5,4000,2,exp1_permuted_src_datasets
1141,272.5799810886383,1.0,1735233095.069927,,0.690028965473175,1.0,0.001,1,16,40x40,MatchingNetwork,5,5,Greek,Egyptian,False,5,4000,2,exp1_permuted_src_datasets
1142,272.60819840431213,1.0,1735233095.0981443,,0.6601374745368958,1.0,0.001,1,16,40x40,MatchingNetwork,5,5,Greek,Egyptian,False,5,4000,2,exp1_permuted_src_datasets
1143,272.63614535331726,1.0,1735233095.1260912,,0.6844195127487183,1.0,0.001,1,16,40x40,MatchingNetwork,5,5,Greek,Egyptian,False,5,4000,2,exp1_permuted_src_datasets
1144,272.66170024871826,1.0,1735233095.1516461,,0.6714484095573425,1.0,0.001,1,16,40x40,MatchingNetwork,5,5,Greek,Egyptian,False,5,4000,2,exp1_permuted_src_datasets
1145,272.68817687034607,1.0,1735233095.1781228,,0.6448179483413696,1.0,0.001,1,16,40x40,MatchingNetwork,5,5,Greek,Egyptian,False,5,4000,2,exp1_permuted_src_datasets
1146,272.7168061733246,1.0,1735233095.206752,,0.7580581903457642,1.0,0.001,1,16,40x40,MatchingNetwork,5,5,Greek,Egyptian,False,5,4000,2,exp1_permuted_src_datasets
1147,272.74255418777466,1.0,1735233095.2325,,0.6614254713058472,1.0,0.001,1,16,40x40,MatchingNetwork,5,5,Greek,Egyptian,False,5,4000,2,exp1_permuted_src_datasets
1148,272.76739406585693,1.0,1735233095.25734,,0.6744039058685303,1.0,0.001,1,16,40x40,MatchingNetwork,5,5,Greek,Egyptian,False,5,4000,2,exp1_permuted_src_datasets
1149,272.7942535877228,1.0,1735233095.2841995,,0.6818363070487976,1.0,0.001,1,16,40x40,MatchingNetwork,5,5,Greek,Egyptian,False,5,4000,2,exp1_permuted_src_datasets
1150,272.82422709465027,1.0,1735233095.314173,,0.6358944177627563,1.0,0.001,1,16,40x40,MatchingNetwork,5,5,Greek,Egyptian,False,5,4000,2,exp1_permuted_src_datasets
1151,272.84888768196106,1.0,1735233095.3388336,,0.6331630945205688,1.0,0.001,1,16,40x40,MatchingNetwork,5,5,Greek,Egyptian,False,5,4000,2,exp1_permuted_src_datasets
1152,272.8814744949341,1.0,1735233095.3714204,,0.7122089266777039,1.0,0.001,1,16,40x40,MatchingNetwork,5,5,Greek,Egyptian,False,5,4000,2,exp1_permuted_src_datasets
1153,272.90994358062744,1.0,1735233095.3998895,,0.6815980076789856,1.0,0.001,1,16,40x40,MatchingNetwork,5,5,Greek,Egyptian,False,5,4000,2,exp1_permuted_src_datasets
1154,272.9424362182617,1.0,1735233095.432382,,0.679201602935791,1.0,0.001,1,16,40x40,MatchingNetwork,5,5,Greek,Egyptian,False,5,4000,2,exp1_permuted_src_datasets
1155,272.9697413444519,1.0,1735233095.4596872,,0.6279231309890747,1.0,0.001,1,16,40x40,MatchingNetwork,5,5,Greek,Egyptian,False,5,4000,2,exp1_permuted_src_datasets
1156,273.00029611587524,1.0,1735233095.490242,,0.6502747535705566,1.0,0.001,1,16,40x40,MatchingNetwork,5,5,Greek,Egyptian,False,5,4000,2,exp1_permuted_src_datasets
1157,273.0305576324463,1.0,1735233095.5205035,,0.7079198956489563,1.0,0.001,1,16,40x40,MatchingNetwork,5,5,Greek,Egyptian,False,5,4000,2,exp1_permuted_src_datasets
1158,273.05833673477173,1.0,1735233095.5482826,,0.647269070148468,1.0,0.001,1,16,40x40,MatchingNetwork,5,5,Greek,Egyptian,False,5,4000,2,exp1_permuted_src_datasets
1159,273.08819222450256,1.0,1735233095.578138,,0.6721059083938599,1.0,0.001,1,16,40x40,MatchingNetwork,5,5,Greek,Egyptian,False,5,4000,2,exp1_permuted_src_datasets
1160,273.11336946487427,1.0,1735233095.6033154,,0.6875094175338745,1.0,0.001,1,16,40x40,MatchingNetwork,5,5,Greek,Egyptian,False,5,4000,2,exp1_permuted_src_datasets
1161,273.140807390213,1.0,1735233095.6307533,,0.675059974193573,1.0,0.001,1,16,40x40,MatchingNetwork,5,5,Greek,Egyptian,False,5,4000,2,exp1_permuted_src_datasets
1162,273.1791522502899,1.0,1735233095.6690981,,0.6354871988296509,1.0,0.001,1,16,40x40,MatchingNetwork,5,5,Greek,Egyptian,False,5,4000,2,exp1_permuted_src_datasets
1163,273.20577931404114,1.0,1735233095.6957252,,0.6393405199050903,1.0,0.001,1,16,40x40,MatchingNetwork,5,5,Greek,Egyptian,False,5,4000,2,exp1_permuted_src_datasets
1164,273.2306249141693,1.0,1735233095.7205708,,0.7031126022338867,1.0,0.001,1,16,40x40,MatchingNetwork,5,5,Greek,Egyptian,False,5,4000,2,exp1_permuted_src_datasets
1165,273.25842475891113,1.0,1735233095.7483706,,0.668945848941803,1.0,0.001,1,16,40x40,MatchingNetwork,5,5,Greek,Egyptian,False,5,4000,2,exp1_permuted_src_datasets
1166,273.2884187698364,1.0,1735233095.7783647,,0.6396597623825073,1.0,0.001,1,16,40x40,MatchingNetwork,5,5,Greek,Egyptian,False,5,4000,2,exp1_permuted_src_datasets
1167,273.3145081996918,1.0,1735233095.804454,,0.6708895564079285,1.0,0.001,1,16,40x40,MatchingNetwork,5,5,Greek,Egyptian,False,5,4000,2,exp1_permuted_src_datasets
1168,273.34356665611267,1.0,1735233095.8335125,,0.6385988593101501,1.0,0.001,1,16,40x40,MatchingNetwork,5,5,Greek,Egyptian,False,5,4000,2,exp1_permuted_src_datasets
1169,273.373574256897,1.0,1735233095.8635201,,0.721743643283844,1.0,0.001,1,16,40x40,MatchingNetwork,5,5,Greek,Egyptian,False,5,4000,2,exp1_permuted_src_datasets
1170,273.4025812149048,1.0,1735233095.892527,,0.6426858901977539,1.0,0.001,1,16,40x40,MatchingNetwork,5,5,Greek,Egyptian,False,5,4000,2,exp1_permuted_src_datasets
1171,273.42894673347473,1.0,1735233095.9188926,,0.6835647821426392,1.0,0.001,1,16,40x40,MatchingNetwork,5,5,Greek,Egyptian,False,5,4000,2,exp1_permuted_src_datasets
1172,273.454163312912,1.0,1735233095.9441092,,0.7008987665176392,1.0,0.001,1,16,40x40,MatchingNetwork,5,5,Greek,Egyptian,False,5,4000,2,exp1_permuted_src_datasets
1173,273.47932028770447,1.0,1735233095.9692662,,0.6760668754577637,1.0,0.001,1,16,40x40,MatchingNetwork,5,5,Greek,Egyptian,False,5,4000,2,exp1_permuted_src_datasets
1174,273.5039601325989,1.0,1735233095.993906,,0.6618869304656982,1.0,0.001,1,16,40x40,MatchingNetwork,5,5,Greek,Egyptian,False,5,4000,2,exp1_permuted_src_datasets
1175,273.5329837799072,1.0,1735233096.0229297,,0.6618706583976746,1.0,0.001,1,16,40x40,MatchingNetwork,5,5,Greek,Egyptian,False,5,4000,2,exp1_permuted_src_datasets
1176,273.5618357658386,1.0,1735233096.0517817,,0.6340194344520569,1.0,0.001,1,16,40x40,MatchingNetwork,5,5,Greek,Egyptian,False,5,4000,2,exp1_permuted_src_datasets
1177,273.5941569805145,1.0,1735233096.0841029,,0.638536274433136,1.0,0.001,1,16,40x40,MatchingNetwork,5,5,Greek,Egyptian,False,5,4000,2,exp1_permuted_src_datasets
1178,273.62016558647156,1.0,1735233096.1101115,,0.6716821789741516,1.0,0.001,1,16,40x40,MatchingNetwork,5,5,Greek,Egyptian,False,5,4000,2,exp1_permuted_src_datasets
1179,273.6515576839447,1.0,1735233096.1415036,,0.677730917930603,1.0,0.001,1,16,40x40,MatchingNetwork,5,5,Greek,Egyptian,False,5,4000,2,exp1_permuted_src_datasets
1180,273.68552899360657,1.0,1735233096.175475,,0.6918545961380005,1.0,0.001,1,16,40x40,MatchingNetwork,5,5,Greek,Egyptian,False,5,4000,2,exp1_permuted_src_datasets
1181,273.71056056022644,1.0,1735233096.2005064,,0.6486255526542664,1.0,0.001,1,16,40x40,MatchingNetwork,5,5,Greek,Egyptian,False,5,4000,2,exp1_permuted_src_datasets
1182,273.7360818386078,1.0,1735233096.2260277,,0.7168987989425659,1.0,0.001,1,16,40x40,MatchingNetwork,5,5,Greek,Egyptian,False,5,4000,2,exp1_permuted_src_datasets
1183,273.7615044116974,1.0,1735233096.2514503,,0.7340548634529114,1.0,0.001,1,16,40x40,MatchingNetwork,5,5,Greek,Egyptian,False,5,4000,2,exp1_permuted_src_datasets
1184,273.7966330051422,1.0,1735233096.286579,,0.7170292735099792,1.0,0.001,1,16,40x40,MatchingNetwork,5,5,Greek,Egyptian,False,5,4000,2,exp1_permuted_src_datasets
1185,273.82324051856995,1.0,1735233096.3131864,,0.6635079383850098,1.0,0.001,1,16,40x40,MatchingNetwork,5,5,Greek,Egyptian,False,5,4000,2,exp1_permuted_src_datasets
1186,273.84809947013855,1.0,1735233096.3380454,,0.7197604179382324,1.0,0.001,1,16,40x40,MatchingNetwork,5,5,Greek,Egyptian,False,5,4000,2,exp1_permuted_src_datasets
1187,273.88069248199463,1.0,1735233096.3706384,,0.6285375952720642,1.0,0.001,1,16,40x40,MatchingNetwork,5,5,Greek,Egyptian,False,5,4000,2,exp1_permuted_src_datasets
1188,273.90754985809326,1.0,1735233096.3974957,,0.7071850895881653,1.0,0.001,1,16,40x40,MatchingNetwork,5,5,Greek,Egyptian,False,5,4000,2,exp1_permuted_src_datasets
1189,273.9344758987427,1.0,1735233096.4244218,,0.6685400605201721,1.0,0.001,1,16,40x40,MatchingNetwork,5,5,Greek,Egyptian,False,5,4000,2,exp1_permuted_src_datasets
1190,273.9626934528351,1.0,1735233096.4526393,,0.6295035481452942,1.0,0.001,1,16,40x40,MatchingNetwork,5,5,Greek,Egyptian,False,5,4000,2,exp1_permuted_src_datasets
1191,273.98956418037415,1.0,1735233096.47951,,0.6794676780700684,1.0,0.001,1,16,40x40,MatchingNetwork,5,5,Greek,Egyptian,False,5,4000,2,exp1_permuted_src_datasets
1192,274.03090739250183,1.0,1735233096.5208533,,0.7175673246383667,1.0,0.001,1,16,40x40,MatchingNetwork,5,5,Greek,Egyptian,False,5,4000,2,exp1_permuted_src_datasets
1193,274.05702018737793,1.0,1735233096.546966,,0.6409909129142761,1.0,0.001,1,16,40x40,MatchingNetwork,5,5,Greek,Egyptian,False,5,4000,2,exp1_permuted_src_datasets
1194,274.08464550971985,1.0,1735233096.5745914,,0.674109160900116,1.0,0.001,1,16,40x40,MatchingNetwork,5,5,Greek,Egyptian,False,5,4000,2,exp1_permuted_src_datasets
1195,274.1160478591919,1.0,1735233096.6059937,,0.6485735177993774,1.0,0.001,1,16,40x40,MatchingNetwork,5,5,Greek,Egyptian,False,5,4000,2,exp1_permuted_src_datasets
1196,274.1441786289215,1.0,1735233096.6341245,,0.6977885365486145,1.0,0.001,1,16,40x40,MatchingNetwork,5,5,Greek,Egyptian,False,5,4000,2,exp1_permuted_src_datasets
1197,274.1746435165405,1.0,1735233096.6645894,,0.6259510517120361,1.0,0.001,1,16,40x40,MatchingNetwork,5,5,Greek,Egyptian,False,5,4000,2,exp1_permuted_src_datasets
1198,274.2060866355896,1.0,1735233096.6960325,,0.7185200452804565,1.0,0.001,1,16,40x40,MatchingNetwork,5,5,Greek,Egyptian,False,5,4000,2,exp1_permuted_src_datasets
1199,274.23149251937866,1.0,1735233096.7214384,,0.6313208341598511,1.0,0.001,1,16,40x40,MatchingNetwork,5,5,Greek,Egyptian,False,5,4000,2,exp1_permuted_src_datasets
1200,286.4639091491699,1.0,1735233108.953855,0.901,,,0.001,1,16,40x40,MatchingNetwork,5,5,Greek,Egyptian,False,5,4000,2,exp1_permuted_src_datasets
1201,286.478777885437,1.0,1735233108.9687238,,0.6508243083953857,1.0,0.001,1,16,40x40,MatchingNetwork,5,5,Greek,Egyptian,False,5,4000,2,exp1_permuted_src_datasets
1202,286.5049903392792,1.0,1735233108.9949362,,0.6398919224739075,1.0,0.001,1,16,40x40,MatchingNetwork,5,5,Greek,Egyptian,False,5,4000,2,exp1_permuted_src_datasets
1203,286.53668236732483,1.0,1735233109.0266283,,0.6366092562675476,1.0,0.001,1,16,40x40,MatchingNetwork,5,5,Greek,Egyptian,False,5,4000,2,exp1_permuted_src_datasets
1204,286.57223749160767,1.0,1735233109.0621834,,0.6832711696624756,1.0,0.001,1,16,40x40,MatchingNetwork,5,5,Greek,Egyptian,False,5,4000,2,exp1_permuted_src_datasets
1205,286.5991723537445,1.0,1735233109.0891182,,0.6545474529266357,1.0,0.001,1,16,40x40,MatchingNetwork,5,5,Greek,Egyptian,False,5,4000,2,exp1_permuted_src_datasets
1206,286.62890672683716,1.0,1735233109.1188526,,0.7131321430206299,1.0,0.001,1,16,40x40,MatchingNetwork,5,5,Greek,Egyptian,False,5,4000,2,exp1_permuted_src_datasets
1207,286.6580579280853,1.0,1735233109.1480038,,0.6437624096870422,1.0,0.001,1,16,40x40,MatchingNetwork,5,5,Greek,Egyptian,False,5,4000,2,exp1_permuted_src_datasets
1208,286.69062328338623,1.0,1735233109.1805692,,0.6928205490112305,1.0,0.001,1,16,40x40,MatchingNetwork,5,5,Greek,Egyptian,False,5,4000,2,exp1_permuted_src_datasets
1209,286.7165439128876,1.0,1735233109.2064898,,0.6738911271095276,1.0,0.001,1,16,40x40,MatchingNetwork,5,5,Greek,Egyptian,False,5,4000,2,exp1_permuted_src_datasets
1210,286.74157905578613,1.0,1735233109.231525,,0.7004585862159729,1.0,0.001,1,16,40x40,MatchingNetwork,5,5,Greek,Egyptian,False,5,4000,2,exp1_permuted_src_datasets
1211,286.7665934562683,1.0,1735233109.2565393,,0.6270672082901001,1.0,0.001,1,16,40x40,MatchingNetwork,5,5,Greek,Egyptian,False,5,4000,2,exp1_permuted_src_datasets
1212,286.7953362464905,1.0,1735233109.2852821,,0.6642361283302307,1.0,0.001,1,16,40x40,MatchingNetwork,5,5,Greek,Egyptian,False,5,4000,2,exp1_permuted_src_datasets
1213,286.8241105079651,1.0,1735233109.3140564,,0.6668717265129089,1.0,0.001,1,16,40x40,MatchingNetwork,5,5,Greek,Egyptian,False,5,4000,2,exp1_permuted_src_datasets
1214,286.8564622402191,1.0,1735233109.3464081,,0.6327301263809204,1.0,0.001,1,16,40x40,MatchingNetwork,5,5,Greek,Egyptian,False,5,4000,2,exp1_permuted_src_datasets
1215,286.8841025829315,1.0,1735233109.3740485,,0.7128736972808838,1.0,0.001,1,16,40x40,MatchingNetwork,5,5,Greek,Egyptian,False,5,4000,2,exp1_permuted_src_datasets
1216,286.9089295864105,1.0,1735233109.3988755,,0.6666166186332703,1.0,0.001,1,16,40x40,MatchingNetwork,5,5,Greek,Egyptian,False,5,4000,2,exp1_permuted_src_datasets
1217,286.93972277641296,1.0,1735233109.4296687,,0.6750386953353882,1.0,0.001,1,16,40x40,MatchingNetwork,5,5,Greek,Egyptian,False,5,4000,2,exp1_permuted_src_datasets
1218,286.9667851924896,1.0,1735233109.456731,,0.696363091468811,1.0,0.001,1,16,40x40,MatchingNetwork,5,5,Greek,Egyptian,False,5,4000,2,exp1_permuted_src_datasets
1219,286.99187994003296,1.0,1735233109.4818258,,0.6615577340126038,1.0,0.001,1,16,40x40,MatchingNetwork,5,5,Greek,Egyptian,False,5,4000,2,exp1_permuted_src_datasets
1220,287.0183205604553,1.0,1735233109.5082664,,0.6731449961662292,1.0,0.001,1,16,40x40,MatchingNetwork,5,5,Greek,Egyptian,False,5,4000,2,exp1_permuted_src_datasets
1221,287.0431318283081,1.0,1735233109.5330777,,0.6347854733467102,1.0,0.001,1,16,40x40,MatchingNetwork,5,5,Greek,Egyptian,False,5,4000,2,exp1_permuted_src_datasets
1222,287.0686414241791,1.0,1735233109.5585873,,0.6490523815155029,1.0,0.001,1,16,40x40,MatchingNetwork,5,5,Greek,Egyptian,False,5,4000,2,exp1_permuted_src_datasets
1223,287.09852170944214,1.0,1735233109.5884676,,0.6734649538993835,1.0,0.001,1,16,40x40,MatchingNetwork,5,5,Greek,Egyptian,False,5,4000,2,exp1_permuted_src_datasets
1224,287.1240174770355,1.0,1735233109.6139634,,0.670112133026123,1.0,0.001,1,16,40x40,MatchingNetwork,5,5,Greek,Egyptian,False,5,4000,2,exp1_permuted_src_datasets
1225,287.1504580974579,1.0,1735233109.640404,,0.71443772315979,1.0,0.001,1,16,40x40,MatchingNetwork,5,5,Greek,Egyptian,False,5,4000,2,exp1_permuted_src_datasets
1226,287.1755893230438,1.0,1735233109.6655352,,0.7166909575462341,1.0,0.001,1,16,40x40,MatchingNetwork,5,5,Greek,Egyptian,False,5,4000,2,exp1_permuted_src_datasets
1227,287.21616196632385,1.0,1735233109.7061079,,0.6414285898208618,1.0,0.001,1,16,40x40,MatchingNetwork,5,5,Greek,Egyptian,False,5,4000,2,exp1_permuted_src_datasets
1228,287.2520954608917,1.0,1735233109.7420413,,0.6365373134613037,1.0,0.001,1,16,40x40,MatchingNetwork,5,5,Greek,Egyptian,False,5,4000,2,exp1_permuted_src_datasets
1229,287.2804629802704,1.0,1735233109.7704089,,0.6903990507125854,1.0,0.001,1,16,40x40,MatchingNetwork,5,5,Greek,Egyptian,False,5,4000,2,exp1_permuted_src_datasets
1230,287.30780363082886,1.0,1735233109.7977495,,0.7092640399932861,1.0,0.001,1,16,40x40,MatchingNetwork,5,5,Greek,Egyptian,False,5,4000,2,exp1_permuted_src_datasets
1231,287.33317017555237,1.0,1735233109.823116,,0.673978328704834,1.0,0.001,1,16,40x40,MatchingNetwork,5,5,Greek,Egyptian,False,5,4000,2,exp1_permuted_src_datasets
1232,287.3589289188385,1.0,1735233109.8488748,,0.638850212097168,1.0,0.001,1,16,40x40,MatchingNetwork,5,5,Greek,Egyptian,False,5,4000,2,exp1_permuted_src_datasets
1233,287.3835861682892,1.0,1735233109.873532,,0.6820244193077087,1.0,0.001,1,16,40x40,MatchingNetwork,5,5,Greek,Egyptian,False,5,4000,2,exp1_permuted_src_datasets
1234,287.4085204601288,1.0,1735233109.8984663,,0.705254316329956,1.0,0.001,1,16,40x40,MatchingNetwork,5,5,Greek,Egyptian,False,5,4000,2,exp1_permuted_src_datasets
1235,287.43278193473816,1.0,1735233109.9227278,,0.7609052062034607,1.0,0.001,1,16,40x40,MatchingNetwork,5,5,Greek,Egyptian,False,5,4000,2,exp1_permuted_src_datasets
1236,287.4664239883423,1.0,1735233109.9563699,,0.6381027698516846,1.0,0.001,1,16,40x40,MatchingNetwork,5,5,Greek,Egyptian,False,5,4000,2,exp1_permuted_src_datasets
1237,287.5033550262451,1.0,1735233109.993301,,0.7071059942245483,1.0,0.001,1,16,40x40,MatchingNetwork,5,5,Greek,Egyptian,False,5,4000,2,exp1_permuted_src_datasets
1238,287.5317096710205,1.0,1735233110.0216556,,0.7260929942131042,1.0,0.001,1,16,40x40,MatchingNetwork,5,5,Greek,Egyptian,False,5,4000,2,exp1_permuted_src_datasets
1239,287.5599699020386,1.0,1735233110.0499158,,0.6369860768318176,1.0,0.001,1,16,40x40,MatchingNetwork,5,5,Greek,Egyptian,False,5,4000,2,exp1_permuted_src_datasets
1240,287.5857319831848,1.0,1735233110.0756779,,0.6419082880020142,1.0,0.001,1,16,40x40,MatchingNetwork,5,5,Greek,Egyptian,False,5,4000,2,exp1_permuted_src_datasets
1241,287.6117992401123,1.0,1735233110.1017451,,0.7163989543914795,1.0,0.001,1,16,40x40,MatchingNetwork,5,5,Greek,Egyptian,False,5,4000,2,exp1_permuted_src_datasets
1242,287.64323711395264,1.0,1735233110.133183,,0.6442396640777588,1.0,0.001,1,16,40x40,MatchingNetwork,5,5,Greek,Egyptian,False,5,4000,2,exp1_permuted_src_datasets
1243,287.66921854019165,1.0,1735233110.1591644,,0.6275711059570312,1.0,0.001,1,16,40x40,MatchingNetwork,5,5,Greek,Egyptian,False,5,4000,2,exp1_permuted_src_datasets
1244,287.698415517807,1.0,1735233110.1883614,,0.6458516716957092,1.0,0.001,1,16,40x40,MatchingNetwork,5,5,Greek,Egyptian,False,5,4000,2,exp1_permuted_src_datasets
1245,287.72429895401,1.0,1735233110.2142448,,0.6674740314483643,1.0,0.001,1,16,40x40,MatchingNetwork,5,5,Greek,Egyptian,False,5,4000,2,exp1_permuted_src_datasets
1246,287.7542562484741,1.0,1735233110.2442021,,0.6466323137283325,1.0,0.001,1,16,40x40,MatchingNetwork,5,5,Greek,Egyptian,False,5,4000,2,exp1_permuted_src_datasets
1247,287.7951924800873,1.0,1735233110.2851384,,0.6279396414756775,1.0,0.001,1,16,40x40,MatchingNetwork,5,5,Greek,Egyptian,False,5,4000,2,exp1_permuted_src_datasets
1248,287.82356238365173,1.0,1735233110.3135083,,0.6765527129173279,1.0,0.001,1,16,40x40,MatchingNetwork,5,5,Greek,Egyptian,False,5,4000,2,exp1_permuted_src_datasets
1249,287.85998153686523,1.0,1735233110.3499274,,0.6798200607299805,1.0,0.001,1,16,40x40,MatchingNetwork,5,5,Greek,Egyptian,False,5,4000,2,exp1_permuted_src_datasets
1250,287.8929018974304,1.0,1735233110.3828478,,0.6344830989837646,1.0,0.001,1,16,40x40,MatchingNetwork,5,5,Greek,Egyptian,False,5,4000,2,exp1_permuted_src_datasets
1251,287.9192762374878,1.0,1735233110.4092221,,0.6801468729972839,1.0,0.001,1,16,40x40,MatchingNetwork,5,5,Greek,Egyptian,False,5,4000,2,exp1_permuted_src_datasets
1252,287.95584535598755,1.0,1735233110.4457912,,0.628404438495636,1.0,0.001,1,16,40x40,MatchingNetwork,5,5,Greek,Egyptian,False,5,4000,2,exp1_permuted_src_datasets
1253,287.9880747795105,1.0,1735233110.4780207,,0.6361907124519348,1.0,0.001,1,16,40x40,MatchingNetwork,5,5,Greek,Egyptian,False,5,4000,2,exp1_permuted_src_datasets
1254,288.01393938064575,1.0,1735233110.5038853,,0.6444632411003113,1.0,0.001,1,16,40x40,MatchingNetwork,5,5,Greek,Egyptian,False,5,4000,2,exp1_permuted_src_datasets
1255,288.04182982444763,1.0,1735233110.5317757,,0.6598124504089355,1.0,0.001,1,16,40x40,MatchingNetwork,5,5,Greek,Egyptian,False,5,4000,2,exp1_permuted_src_datasets
1256,288.06612277030945,1.0,1735233110.5560687,,0.709133505821228,1.0,0.001,1,16,40x40,MatchingNetwork,5,5,Greek,Egyptian,False,5,4000,2,exp1_permuted_src_datasets
1257,288.0970947742462,1.0,1735233110.5870407,,0.6766834259033203,1.0,0.001,1,16,40x40,MatchingNetwork,5,5,Greek,Egyptian,False,5,4000,2,exp1_permuted_src_datasets
1258,288.12680172920227,1.0,1735233110.6167476,,0.6354408860206604,1.0,0.001,1,16,40x40,MatchingNetwork,5,5,Greek,Egyptian,False,5,4000,2,exp1_permuted_src_datasets
1259,288.1581289768219,1.0,1735233110.6480749,,0.6765413880348206,1.0,0.001,1,16,40x40,MatchingNetwork,5,5,Greek,Egyptian,False,5,4000,2,exp1_permuted_src_datasets
1260,288.1835458278656,1.0,1735233110.6734917,,0.6626504063606262,1.0,0.001,1,16,40x40,MatchingNetwork,5,5,Greek,Egyptian,False,5,4000,2,exp1_permuted_src_datasets
1261,288.21171736717224,1.0,1735233110.7016633,,0.6356832385063171,1.0,0.001,1,16,40x40,MatchingNetwork,5,5,Greek,Egyptian,False,5,4000,2,exp1_permuted_src_datasets
1262,288.2391502857208,1.0,1735233110.7290962,,0.6747744679450989,1.0,0.001,1,16,40x40,MatchingNetwork,5,5,Greek,Egyptian,False,5,4000,2,exp1_permuted_src_datasets
1263,300.67065596580505,1.0,1735233123.1606019,0.9065,,,0.001,1,16,40x40,MatchingNetwork,5,5,Greek,Egyptian,False,5,4000,2,exp1_permuted_src_datasets
