_step,_runtime,bootstrap_iter,_timestamp,ft_eval_acc,ft_loss,ft_acc,lr,epochs,batch_size,input_size,model_type,n_way_test,n_way_train,tgt_dataset,src_datasets,fixed_support,samples_per_class,num_total_episodes,num_bootstrap_iters,exp_name
0,40.82211971282959,0.0,1734656812.4737606,,,,0.001,1,16,40x40,MatchingNetwork,5,5,TKH,b-59-850,False,10,4000,2,exp1_permuted_src_datasets
1,59.93608283996582,0.0,1734656831.5877237,0.8515,,,0.001,1,16,40x40,MatchingNetwork,5,5,TKH,b-59-850,False,10,4000,2,exp1_permuted_src_datasets
2,59.965545654296875,0.0,1734656831.6171865,,0.6885923147201538,1.0,0.001,1,16,40x40,MatchingNetwork,5,5,TKH,b-59-850,False,10,4000,2,exp1_permuted_src_datasets
3,60.01365685462952,0.0,1734656831.6652977,,0.7731754183769226,0.9375,0.001,1,16,40x40,MatchingNetwork,5,5,TKH,b-59-850,False,10,4000,2,exp1_permuted_src_datasets
4,60.05968689918518,0.0,1734656831.7113278,,0.6560426950454712,1.0,0.001,1,16,40x40,MatchingNetwork,5,5,TKH,b-59-850,False,10,4000,2,exp1_permuted_src_datasets
5,60.10611343383789,0.0,1734656831.7577543,,0.6433442831039429,1.0,0.001,1,16,40x40,MatchingNetwork,5,5,TKH,b-59-850,False,10,4000,2,exp1_permuted_src_datasets
6,60.15180015563965,0.0,1734656831.803441,,0.5925483107566833,1.0,0.001,1,16,40x40,MatchingNetwork,5,5,TKH,b-59-850,False,10,4000,2,exp1_permuted_src_datasets
7,60.19702672958374,0.0,1734656831.8486676,,0.5930969715118408,1.0,0.001,1,16,40x40,MatchingNetwork,5,5,TKH,b-59-850,False,10,4000,2,exp1_permuted_src_datasets
8,60.24164366722107,0.0,1734656831.8932846,,0.5443849563598633,1.0,0.001,1,16,40x40,MatchingNetwork,5,5,TKH,b-59-850,False,10,4000,2,exp1_permuted_src_datasets
9,60.28676509857178,0.0,1734656831.938406,,0.5600069761276245,1.0,0.001,1,16,40x40,MatchingNetwork,5,5,TKH,b-59-850,False,10,4000,2,exp1_permuted_src_datasets
10,60.332502365112305,0.0,1734656831.9841433,,0.5914828777313232,1.0,0.001,1,16,40x40,MatchingNetwork,5,5,TKH,b-59-850,False,10,4000,2,exp1_permuted_src_datasets
11,60.378108501434326,0.0,1734656832.0297494,,0.5355595946311951,1.0,0.001,1,16,40x40,MatchingNetwork,5,5,TKH,b-59-850,False,10,4000,2,exp1_permuted_src_datasets
12,60.42089295387268,0.0,1734656832.0725338,,0.5226441025733948,1.0,0.001,1,16,40x40,MatchingNetwork,5,5,TKH,b-59-850,False,10,4000,2,exp1_permuted_src_datasets
13,60.465280294418335,0.0,1734656832.1169212,,0.5866662263870239,0.9375,0.001,1,16,40x40,MatchingNetwork,5,5,TKH,b-59-850,False,10,4000,2,exp1_permuted_src_datasets
14,60.50951886177063,0.0,1734656832.1611598,,0.5192834138870239,1.0,0.001,1,16,40x40,MatchingNetwork,5,5,TKH,b-59-850,False,10,4000,2,exp1_permuted_src_datasets
15,60.553563356399536,0.0,1734656832.2052042,,0.4760504364967346,1.0,0.001,1,16,40x40,MatchingNetwork,5,5,TKH,b-59-850,False,10,4000,2,exp1_permuted_src_datasets
16,60.59812569618225,0.0,1734656832.2497666,,0.5083478689193726,1.0,0.001,1,16,40x40,MatchingNetwork,5,5,TKH,b-59-850,False,10,4000,2,exp1_permuted_src_datasets
17,60.642834424972534,0.0,1734656832.2944753,,0.5381789803504944,1.0,0.001,1,16,40x40,MatchingNetwork,5,5,TKH,b-59-850,False,10,4000,2,exp1_permuted_src_datasets
18,60.68760919570923,0.0,1734656832.33925,,0.5382120609283447,1.0,0.001,1,16,40x40,MatchingNetwork,5,5,TKH,b-59-850,False,10,4000,2,exp1_permuted_src_datasets
19,60.731924057006836,0.0,1734656832.383565,,0.4118053615093231,1.0,0.001,1,16,40x40,MatchingNetwork,5,5,TKH,b-59-850,False,10,4000,2,exp1_permuted_src_datasets
20,60.777729749679565,0.0,1734656832.4293706,,0.4400305449962616,1.0,0.001,1,16,40x40,MatchingNetwork,5,5,TKH,b-59-850,False,10,4000,2,exp1_permuted_src_datasets
21,60.82322454452515,0.0,1734656832.4748654,,0.4678984582424164,1.0,0.001,1,16,40x40,MatchingNetwork,5,5,TKH,b-59-850,False,10,4000,2,exp1_permuted_src_datasets
22,60.867544412612915,0.0,1734656832.5191853,,0.40127602219581604,0.9375,0.001,1,16,40x40,MatchingNetwork,5,5,TKH,b-59-850,False,10,4000,2,exp1_permuted_src_datasets
23,60.91211009025574,0.0,1734656832.563751,,0.4368986487388611,1.0,0.001,1,16,40x40,MatchingNetwork,5,5,TKH,b-59-850,False,10,4000,2,exp1_permuted_src_datasets
24,60.956735610961914,0.0,1734656832.6083765,,0.4776686429977417,0.9375,0.001,1,16,40x40,MatchingNetwork,5,5,TKH,b-59-850,False,10,4000,2,exp1_permuted_src_datasets
25,61.00162220001221,0.0,1734656832.653263,,0.40006548166275024,1.0,0.001,1,16,40x40,MatchingNetwork,5,5,TKH,b-59-850,False,10,4000,2,exp1_permuted_src_datasets
26,61.046478271484375,0.0,1734656832.6981192,,0.4651600420475006,1.0,0.001,1,16,40x40,MatchingNetwork,5,5,TKH,b-59-850,False,10,4000,2,exp1_permuted_src_datasets
27,61.092822551727295,0.0,1734656832.7444634,,0.3867376446723938,1.0,0.001,1,16,40x40,MatchingNetwork,5,5,TKH,b-59-850,False,10,4000,2,exp1_permuted_src_datasets
28,61.13798403739929,0.0,1734656832.789625,,0.45635730028152466,1.0,0.001,1,16,40x40,MatchingNetwork,5,5,TKH,b-59-850,False,10,4000,2,exp1_permuted_src_datasets
29,61.182281494140625,0.0,1734656832.8339224,,0.43085506558418274,1.0,0.001,1,16,40x40,MatchingNetwork,5,5,TKH,b-59-850,False,10,4000,2,exp1_permuted_src_datasets
30,61.225218534469604,0.0,1734656832.8768594,,0.4300471842288971,1.0,0.001,1,16,40x40,MatchingNetwork,5,5,TKH,b-59-850,False,10,4000,2,exp1_permuted_src_datasets
31,61.26904559135437,0.0,1734656832.9206865,,0.3737146854400635,1.0,0.001,1,16,40x40,MatchingNetwork,5,5,TKH,b-59-850,False,10,4000,2,exp1_permuted_src_datasets
32,61.31972599029541,0.0,1734656832.971367,,0.39607709646224976,1.0,0.001,1,16,40x40,MatchingNetwork,5,5,TKH,b-59-850,False,10,4000,2,exp1_permuted_src_datasets
33,61.365331172943115,0.0,1734656833.016972,,0.4122703969478607,1.0,0.001,1,16,40x40,MatchingNetwork,5,5,TKH,b-59-850,False,10,4000,2,exp1_permuted_src_datasets
34,61.40987730026245,0.0,1734656833.0615182,,0.3303110897541046,1.0,0.001,1,16,40x40,MatchingNetwork,5,5,TKH,b-59-850,False,10,4000,2,exp1_permuted_src_datasets
35,61.45417356491089,0.0,1734656833.1058145,,0.4194725453853607,1.0,0.001,1,16,40x40,MatchingNetwork,5,5,TKH,b-59-850,False,10,4000,2,exp1_permuted_src_datasets
36,61.498520612716675,0.0,1734656833.1501615,,0.44343239068984985,1.0,0.001,1,16,40x40,MatchingNetwork,5,5,TKH,b-59-850,False,10,4000,2,exp1_permuted_src_datasets
37,61.5437376499176,0.0,1734656833.1953785,,0.3855826258659363,1.0,0.001,1,16,40x40,MatchingNetwork,5,5,TKH,b-59-850,False,10,4000,2,exp1_permuted_src_datasets
38,61.58851456642151,0.0,1734656833.2401555,,0.42347803711891174,1.0,0.001,1,16,40x40,MatchingNetwork,5,5,TKH,b-59-850,False,10,4000,2,exp1_permuted_src_datasets
39,61.632591009140015,0.0,1734656833.284232,,0.47636330127716064,1.0,0.001,1,16,40x40,MatchingNetwork,5,5,TKH,b-59-850,False,10,4000,2,exp1_permuted_src_datasets
40,61.67803382873535,0.0,1734656833.3296747,,0.35311222076416016,1.0,0.001,1,16,40x40,MatchingNetwork,5,5,TKH,b-59-850,False,10,4000,2,exp1_permuted_src_datasets
41,61.72232270240784,0.0,1734656833.3739636,,0.361245334148407,1.0,0.001,1,16,40x40,MatchingNetwork,5,5,TKH,b-59-850,False,10,4000,2,exp1_permuted_src_datasets
42,61.76651072502136,0.0,1734656833.4181516,,0.33805063366889954,1.0,0.001,1,16,40x40,MatchingNetwork,5,5,TKH,b-59-850,False,10,4000,2,exp1_permuted_src_datasets
43,61.81082367897034,0.0,1734656833.4624646,,0.3039785325527191,1.0,0.001,1,16,40x40,MatchingNetwork,5,5,TKH,b-59-850,False,10,4000,2,exp1_permuted_src_datasets
44,61.85501527786255,0.0,1734656833.5066562,,0.4187202751636505,1.0,0.001,1,16,40x40,MatchingNetwork,5,5,TKH,b-59-850,False,10,4000,2,exp1_permuted_src_datasets
45,61.9001100063324,0.0,1734656833.551751,,0.3279873728752136,1.0,0.001,1,16,40x40,MatchingNetwork,5,5,TKH,b-59-850,False,10,4000,2,exp1_permuted_src_datasets
46,61.943936824798584,0.0,1734656833.5955777,,0.3101631700992584,1.0,0.001,1,16,40x40,MatchingNetwork,5,5,TKH,b-59-850,False,10,4000,2,exp1_permuted_src_datasets
47,61.98832964897156,0.0,1734656833.6399705,,0.3141617178916931,1.0,0.001,1,16,40x40,MatchingNetwork,5,5,TKH,b-59-850,False,10,4000,2,exp1_permuted_src_datasets
48,62.03251576423645,0.0,1734656833.6841567,,0.3979441821575165,1.0,0.001,1,16,40x40,MatchingNetwork,5,5,TKH,b-59-850,False,10,4000,2,exp1_permuted_src_datasets
49,62.077211141586304,0.0,1734656833.728852,,0.3415497839450836,1.0,0.001,1,16,40x40,MatchingNetwork,5,5,TKH,b-59-850,False,10,4000,2,exp1_permuted_src_datasets
50,62.122671604156494,0.0,1734656833.7743125,,0.4214737117290497,1.0,0.001,1,16,40x40,MatchingNetwork,5,5,TKH,b-59-850,False,10,4000,2,exp1_permuted_src_datasets
51,62.16745448112488,0.0,1734656833.8190954,,0.303462952375412,1.0,0.001,1,16,40x40,MatchingNetwork,5,5,TKH,b-59-850,False,10,4000,2,exp1_permuted_src_datasets
52,62.2117862701416,0.0,1734656833.8634272,,0.39579808712005615,1.0,0.001,1,16,40x40,MatchingNetwork,5,5,TKH,b-59-850,False,10,4000,2,exp1_permuted_src_datasets
53,62.25625944137573,0.0,1734656833.9079003,,0.3983505666255951,1.0,0.001,1,16,40x40,MatchingNetwork,5,5,TKH,b-59-850,False,10,4000,2,exp1_permuted_src_datasets
54,62.300413608551025,0.0,1734656833.9520545,,0.2957811951637268,1.0,0.001,1,16,40x40,MatchingNetwork,5,5,TKH,b-59-850,False,10,4000,2,exp1_permuted_src_datasets
55,62.34466290473938,0.0,1734656833.9963038,,0.3558018207550049,1.0,0.001,1,16,40x40,MatchingNetwork,5,5,TKH,b-59-850,False,10,4000,2,exp1_permuted_src_datasets
56,62.38791275024414,0.0,1734656834.0395536,,0.30180469155311584,1.0,0.001,1,16,40x40,MatchingNetwork,5,5,TKH,b-59-850,False,10,4000,2,exp1_permuted_src_datasets
57,62.43227958679199,0.0,1734656834.0839205,,0.3378047049045563,1.0,0.001,1,16,40x40,MatchingNetwork,5,5,TKH,b-59-850,False,10,4000,2,exp1_permuted_src_datasets
58,62.47654151916504,0.0,1734656834.1281824,,0.323257714509964,1.0,0.001,1,16,40x40,MatchingNetwork,5,5,TKH,b-59-850,False,10,4000,2,exp1_permuted_src_datasets
59,62.5228066444397,0.0,1734656834.1744475,,0.26472246646881104,1.0,0.001,1,16,40x40,MatchingNetwork,5,5,TKH,b-59-850,False,10,4000,2,exp1_permuted_src_datasets
60,62.56708312034607,0.0,1734656834.218724,,0.33365851640701294,1.0,0.001,1,16,40x40,MatchingNetwork,5,5,TKH,b-59-850,False,10,4000,2,exp1_permuted_src_datasets
61,62.61199474334717,0.0,1734656834.2636356,,0.3341878652572632,1.0,0.001,1,16,40x40,MatchingNetwork,5,5,TKH,b-59-850,False,10,4000,2,exp1_permuted_src_datasets
62,62.656227111816406,0.0,1734656834.307868,,0.2982914447784424,1.0,0.001,1,16,40x40,MatchingNetwork,5,5,TKH,b-59-850,False,10,4000,2,exp1_permuted_src_datasets
63,62.701382637023926,0.0,1734656834.3530235,,0.3002370297908783,1.0,0.001,1,16,40x40,MatchingNetwork,5,5,TKH,b-59-850,False,10,4000,2,exp1_permuted_src_datasets
64,81.86669516563416,0.0,1734656853.518336,0.8795,,,0.001,1,16,40x40,MatchingNetwork,5,5,TKH,b-59-850,False,10,4000,2,exp1_permuted_src_datasets
65,101.0417001247406,0.0,1734656872.693341,0.8905,,,0.001,1,16,40x40,MatchingNetwork,5,5,TKH,b-59-850,False,10,4000,2,exp1_permuted_src_datasets
66,101.06488132476807,0.0,1734656872.7165222,,0.2512216567993164,1.0,0.001,1,16,40x40,MatchingNetwork,5,5,TKH,b-59-850,False,10,4000,2,exp1_permuted_src_datasets
67,101.11172389984131,0.0,1734656872.7633648,,0.2713209092617035,1.0,0.001,1,16,40x40,MatchingNetwork,5,5,TKH,b-59-850,False,10,4000,2,exp1_permuted_src_datasets
68,101.15877771377563,0.0,1734656872.8104186,,0.2637650668621063,1.0,0.001,1,16,40x40,MatchingNetwork,5,5,TKH,b-59-850,False,10,4000,2,exp1_permuted_src_datasets
69,101.20638871192932,0.0,1734656872.8580296,,0.30572155117988586,1.0,0.001,1,16,40x40,MatchingNetwork,5,5,TKH,b-59-850,False,10,4000,2,exp1_permuted_src_datasets
70,101.25250339508057,0.0,1734656872.9041443,,0.27486786246299744,1.0,0.001,1,16,40x40,MatchingNetwork,5,5,TKH,b-59-850,False,10,4000,2,exp1_permuted_src_datasets
71,101.29781007766724,0.0,1734656872.949451,,0.2870681583881378,1.0,0.001,1,16,40x40,MatchingNetwork,5,5,TKH,b-59-850,False,10,4000,2,exp1_permuted_src_datasets
72,101.34336590766907,0.0,1734656872.9950068,,0.28420430421829224,1.0,0.001,1,16,40x40,MatchingNetwork,5,5,TKH,b-59-850,False,10,4000,2,exp1_permuted_src_datasets
73,101.38940477371216,0.0,1734656873.0410457,,0.33570703864097595,1.0,0.001,1,16,40x40,MatchingNetwork,5,5,TKH,b-59-850,False,10,4000,2,exp1_permuted_src_datasets
74,101.43471693992615,0.0,1734656873.0863578,,0.31808334589004517,1.0,0.001,1,16,40x40,MatchingNetwork,5,5,TKH,b-59-850,False,10,4000,2,exp1_permuted_src_datasets
75,101.4809021949768,0.0,1734656873.132543,,0.29058825969696045,1.0,0.001,1,16,40x40,MatchingNetwork,5,5,TKH,b-59-850,False,10,4000,2,exp1_permuted_src_datasets
76,101.52554154396057,0.0,1734656873.1771824,,0.29164546728134155,1.0,0.001,1,16,40x40,MatchingNetwork,5,5,TKH,b-59-850,False,10,4000,2,exp1_permuted_src_datasets
77,101.56971979141235,0.0,1734656873.2213607,,0.27243295311927795,1.0,0.001,1,16,40x40,MatchingNetwork,5,5,TKH,b-59-850,False,10,4000,2,exp1_permuted_src_datasets
78,101.61496090888977,0.0,1734656873.2666018,,0.25177982449531555,1.0,0.001,1,16,40x40,MatchingNetwork,5,5,TKH,b-59-850,False,10,4000,2,exp1_permuted_src_datasets
79,101.65972971916199,0.0,1734656873.3113706,,0.2758606970310211,1.0,0.001,1,16,40x40,MatchingNetwork,5,5,TKH,b-59-850,False,10,4000,2,exp1_permuted_src_datasets
80,101.70408844947815,0.0,1734656873.3557293,,0.3564775586128235,1.0,0.001,1,16,40x40,MatchingNetwork,5,5,TKH,b-59-850,False,10,4000,2,exp1_permuted_src_datasets
81,101.74945592880249,0.0,1734656873.4010968,,0.3360843062400818,1.0,0.001,1,16,40x40,MatchingNetwork,5,5,TKH,b-59-850,False,10,4000,2,exp1_permuted_src_datasets
82,101.7940263748169,0.0,1734656873.4456673,,0.2466408610343933,1.0,0.001,1,16,40x40,MatchingNetwork,5,5,TKH,b-59-850,False,10,4000,2,exp1_permuted_src_datasets
83,101.83705997467041,0.0,1734656873.4887009,,0.31702736020088196,1.0,0.001,1,16,40x40,MatchingNetwork,5,5,TKH,b-59-850,False,10,4000,2,exp1_permuted_src_datasets
84,101.88173127174377,0.0,1734656873.5333722,,0.33420610427856445,1.0,0.001,1,16,40x40,MatchingNetwork,5,5,TKH,b-59-850,False,10,4000,2,exp1_permuted_src_datasets
85,101.9256477355957,0.0,1734656873.5772886,,0.2840288579463959,1.0,0.001,1,16,40x40,MatchingNetwork,5,5,TKH,b-59-850,False,10,4000,2,exp1_permuted_src_datasets
86,101.97017359733582,0.0,1734656873.6218145,,0.25949394702911377,1.0,0.001,1,16,40x40,MatchingNetwork,5,5,TKH,b-59-850,False,10,4000,2,exp1_permuted_src_datasets
87,102.01441717147827,0.0,1734656873.666058,,0.3040022850036621,1.0,0.001,1,16,40x40,MatchingNetwork,5,5,TKH,b-59-850,False,10,4000,2,exp1_permuted_src_datasets
88,102.0572190284729,0.0,1734656873.70886,,0.2803579270839691,1.0,0.001,1,16,40x40,MatchingNetwork,5,5,TKH,b-59-850,False,10,4000,2,exp1_permuted_src_datasets
89,102.10188746452332,0.0,1734656873.7535284,,0.22618171572685242,1.0,0.001,1,16,40x40,MatchingNetwork,5,5,TKH,b-59-850,False,10,4000,2,exp1_permuted_src_datasets
90,102.14689373970032,0.0,1734656873.7985346,,0.3114069998264313,1.0,0.001,1,16,40x40,MatchingNetwork,5,5,TKH,b-59-850,False,10,4000,2,exp1_permuted_src_datasets
91,102.19228553771973,0.0,1734656873.8439264,,0.24253147840499878,1.0,0.001,1,16,40x40,MatchingNetwork,5,5,TKH,b-59-850,False,10,4000,2,exp1_permuted_src_datasets
92,102.2374312877655,0.0,1734656873.8890722,,0.3075871467590332,1.0,0.001,1,16,40x40,MatchingNetwork,5,5,TKH,b-59-850,False,10,4000,2,exp1_permuted_src_datasets
93,102.2811975479126,0.0,1734656873.9328384,,0.28567230701446533,1.0,0.001,1,16,40x40,MatchingNetwork,5,5,TKH,b-59-850,False,10,4000,2,exp1_permuted_src_datasets
94,102.32325506210327,0.0,1734656873.974896,,0.2545255124568939,1.0,0.001,1,16,40x40,MatchingNetwork,5,5,TKH,b-59-850,False,10,4000,2,exp1_permuted_src_datasets
95,102.37400102615356,0.0,1734656874.025642,,0.3727671205997467,1.0,0.001,1,16,40x40,MatchingNetwork,5,5,TKH,b-59-850,False,10,4000,2,exp1_permuted_src_datasets
96,102.41878533363342,0.0,1734656874.0704262,,0.25939393043518066,1.0,0.001,1,16,40x40,MatchingNetwork,5,5,TKH,b-59-850,False,10,4000,2,exp1_permuted_src_datasets
97,102.4653103351593,0.0,1734656874.1169512,,0.2606845498085022,1.0,0.001,1,16,40x40,MatchingNetwork,5,5,TKH,b-59-850,False,10,4000,2,exp1_permuted_src_datasets
98,102.51197123527527,0.0,1734656874.1636121,,0.25215715169906616,1.0,0.001,1,16,40x40,MatchingNetwork,5,5,TKH,b-59-850,False,10,4000,2,exp1_permuted_src_datasets
99,102.55959010124207,0.0,1734656874.211231,,0.25687646865844727,1.0,0.001,1,16,40x40,MatchingNetwork,5,5,TKH,b-59-850,False,10,4000,2,exp1_permuted_src_datasets
100,102.60523009300232,0.0,1734656874.256871,,0.3142644166946411,1.0,0.001,1,16,40x40,MatchingNetwork,5,5,TKH,b-59-850,False,10,4000,2,exp1_permuted_src_datasets
101,102.65012001991272,0.0,1734656874.301761,,0.24042566120624542,1.0,0.001,1,16,40x40,MatchingNetwork,5,5,TKH,b-59-850,False,10,4000,2,exp1_permuted_src_datasets
102,102.69503235816956,0.0,1734656874.3466733,,0.22614268958568573,1.0,0.001,1,16,40x40,MatchingNetwork,5,5,TKH,b-59-850,False,10,4000,2,exp1_permuted_src_datasets
103,102.73948764801025,0.0,1734656874.3911285,,0.27039670944213867,1.0,0.001,1,16,40x40,MatchingNetwork,5,5,TKH,b-59-850,False,10,4000,2,exp1_permuted_src_datasets
104,102.78416204452515,0.0,1734656874.435803,,0.2626294791698456,1.0,0.001,1,16,40x40,MatchingNetwork,5,5,TKH,b-59-850,False,10,4000,2,exp1_permuted_src_datasets
105,102.82878708839417,0.0,1734656874.480428,,0.24126160144805908,1.0,0.001,1,16,40x40,MatchingNetwork,5,5,TKH,b-59-850,False,10,4000,2,exp1_permuted_src_datasets
106,102.87314248085022,0.0,1734656874.5247834,,0.25331419706344604,1.0,0.001,1,16,40x40,MatchingNetwork,5,5,TKH,b-59-850,False,10,4000,2,exp1_permuted_src_datasets
107,102.919837474823,0.0,1734656874.5714784,,0.2926490306854248,1.0,0.001,1,16,40x40,MatchingNetwork,5,5,TKH,b-59-850,False,10,4000,2,exp1_permuted_src_datasets
108,102.96630477905273,0.0,1734656874.6179457,,0.3052622973918915,1.0,0.001,1,16,40x40,MatchingNetwork,5,5,TKH,b-59-850,False,10,4000,2,exp1_permuted_src_datasets
109,103.01063442230225,0.0,1734656874.6622753,,0.35677096247673035,1.0,0.001,1,16,40x40,MatchingNetwork,5,5,TKH,b-59-850,False,10,4000,2,exp1_permuted_src_datasets
110,103.05415487289429,0.0,1734656874.7057958,,0.21197865903377533,1.0,0.001,1,16,40x40,MatchingNetwork,5,5,TKH,b-59-850,False,10,4000,2,exp1_permuted_src_datasets
111,103.09937047958374,0.0,1734656874.7510114,,0.2981560528278351,1.0,0.001,1,16,40x40,MatchingNetwork,5,5,TKH,b-59-850,False,10,4000,2,exp1_permuted_src_datasets
112,103.14367818832397,0.0,1734656874.795319,,0.2547536790370941,1.0,0.001,1,16,40x40,MatchingNetwork,5,5,TKH,b-59-850,False,10,4000,2,exp1_permuted_src_datasets
113,103.1892614364624,0.0,1734656874.8409023,,0.256477952003479,1.0,0.001,1,16,40x40,MatchingNetwork,5,5,TKH,b-59-850,False,10,4000,2,exp1_permuted_src_datasets
114,103.23623991012573,0.0,1734656874.8878808,,0.2794330418109894,1.0,0.001,1,16,40x40,MatchingNetwork,5,5,TKH,b-59-850,False,10,4000,2,exp1_permuted_src_datasets
115,103.28029203414917,0.0,1734656874.931933,,0.2542194128036499,1.0,0.001,1,16,40x40,MatchingNetwork,5,5,TKH,b-59-850,False,10,4000,2,exp1_permuted_src_datasets
116,103.3242917060852,0.0,1734656874.9759326,,0.2545095682144165,1.0,0.001,1,16,40x40,MatchingNetwork,5,5,TKH,b-59-850,False,10,4000,2,exp1_permuted_src_datasets
117,103.36974501609802,0.0,1734656875.021386,,0.3131515383720398,1.0,0.001,1,16,40x40,MatchingNetwork,5,5,TKH,b-59-850,False,10,4000,2,exp1_permuted_src_datasets
118,103.41360783576965,0.0,1734656875.0652487,,0.2950301170349121,1.0,0.001,1,16,40x40,MatchingNetwork,5,5,TKH,b-59-850,False,10,4000,2,exp1_permuted_src_datasets
119,103.4579267501831,0.0,1734656875.1095676,,0.2260686159133911,1.0,0.001,1,16,40x40,MatchingNetwork,5,5,TKH,b-59-850,False,10,4000,2,exp1_permuted_src_datasets
120,103.5035560131073,0.0,1734656875.155197,,0.2325076460838318,1.0,0.001,1,16,40x40,MatchingNetwork,5,5,TKH,b-59-850,False,10,4000,2,exp1_permuted_src_datasets
121,103.54805374145508,0.0,1734656875.1996946,,0.296560138463974,1.0,0.001,1,16,40x40,MatchingNetwork,5,5,TKH,b-59-850,False,10,4000,2,exp1_permuted_src_datasets
122,103.59283256530762,0.0,1734656875.2444735,,0.2843225300312042,1.0,0.001,1,16,40x40,MatchingNetwork,5,5,TKH,b-59-850,False,10,4000,2,exp1_permuted_src_datasets
123,103.63807559013367,0.0,1734656875.2897165,,0.2593967616558075,1.0,0.001,1,16,40x40,MatchingNetwork,5,5,TKH,b-59-850,False,10,4000,2,exp1_permuted_src_datasets
124,103.68268299102783,0.0,1734656875.334324,,0.24277733266353607,1.0,0.001,1,16,40x40,MatchingNetwork,5,5,TKH,b-59-850,False,10,4000,2,exp1_permuted_src_datasets
125,103.72716069221497,0.0,1734656875.3788016,,0.26599571108818054,1.0,0.001,1,16,40x40,MatchingNetwork,5,5,TKH,b-59-850,False,10,4000,2,exp1_permuted_src_datasets
126,103.77380084991455,0.0,1734656875.4254417,,0.24545130133628845,1.0,0.001,1,16,40x40,MatchingNetwork,5,5,TKH,b-59-850,False,10,4000,2,exp1_permuted_src_datasets
127,103.81870865821838,0.0,1734656875.4703496,,0.2797169089317322,1.0,0.001,1,16,40x40,MatchingNetwork,5,5,TKH,b-59-850,False,10,4000,2,exp1_permuted_src_datasets
128,122.91983485221863,0.0,1734656894.5714757,0.8925,,,0.001,1,16,40x40,MatchingNetwork,5,5,TKH,b-59-850,False,10,4000,2,exp1_permuted_src_datasets
129,142.12388586997986,0.0,1734656913.7755268,0.887,,,0.001,1,16,40x40,MatchingNetwork,5,5,TKH,b-59-850,False,10,4000,2,exp1_permuted_src_datasets
130,142.14759969711304,0.0,1734656913.7992406,,0.2374388575553894,1.0,0.001,1,16,40x40,MatchingNetwork,5,5,TKH,b-59-850,False,10,4000,2,exp1_permuted_src_datasets
131,142.19317531585693,0.0,1734656913.8448162,,0.2732154130935669,1.0,0.001,1,16,40x40,MatchingNetwork,5,5,TKH,b-59-850,False,10,4000,2,exp1_permuted_src_datasets
132,142.23892045021057,0.0,1734656913.8905613,,0.24160654842853546,1.0,0.001,1,16,40x40,MatchingNetwork,5,5,TKH,b-59-850,False,10,4000,2,exp1_permuted_src_datasets
133,142.2855806350708,0.0,1734656913.9372215,,0.2469213455915451,1.0,0.001,1,16,40x40,MatchingNetwork,5,5,TKH,b-59-850,False,10,4000,2,exp1_permuted_src_datasets
134,142.33066940307617,0.0,1734656913.9823103,,0.2331429421901703,1.0,0.001,1,16,40x40,MatchingNetwork,5,5,TKH,b-59-850,False,10,4000,2,exp1_permuted_src_datasets
135,142.37683629989624,0.0,1734656914.0284772,,0.3133266866207123,1.0,0.001,1,16,40x40,MatchingNetwork,5,5,TKH,b-59-850,False,10,4000,2,exp1_permuted_src_datasets
136,142.42185187339783,0.0,1734656914.0734928,,0.26144543290138245,1.0,0.001,1,16,40x40,MatchingNetwork,5,5,TKH,b-59-850,False,10,4000,2,exp1_permuted_src_datasets
137,142.46832132339478,0.0,1734656914.1199622,,0.21567383408546448,1.0,0.001,1,16,40x40,MatchingNetwork,5,5,TKH,b-59-850,False,10,4000,2,exp1_permuted_src_datasets
138,142.51366257667542,0.0,1734656914.1653035,,0.2326289862394333,1.0,0.001,1,16,40x40,MatchingNetwork,5,5,TKH,b-59-850,False,10,4000,2,exp1_permuted_src_datasets
139,142.55871081352234,0.0,1734656914.2103517,,0.25228193402290344,1.0,0.001,1,16,40x40,MatchingNetwork,5,5,TKH,b-59-850,False,10,4000,2,exp1_permuted_src_datasets
140,142.60358572006226,0.0,1734656914.2552266,,0.3075105547904968,1.0,0.001,1,16,40x40,MatchingNetwork,5,5,TKH,b-59-850,False,10,4000,2,exp1_permuted_src_datasets
141,142.650048494339,0.0,1734656914.3016894,,0.3018721044063568,1.0,0.001,1,16,40x40,MatchingNetwork,5,5,TKH,b-59-850,False,10,4000,2,exp1_permuted_src_datasets
142,142.69488716125488,0.0,1734656914.346528,,0.3163108825683594,1.0,0.001,1,16,40x40,MatchingNetwork,5,5,TKH,b-59-850,False,10,4000,2,exp1_permuted_src_datasets
143,142.73953318595886,0.0,1734656914.391174,,0.22653436660766602,1.0,0.001,1,16,40x40,MatchingNetwork,5,5,TKH,b-59-850,False,10,4000,2,exp1_permuted_src_datasets
144,142.7846176624298,0.0,1734656914.4362586,,0.23651206493377686,1.0,0.001,1,16,40x40,MatchingNetwork,5,5,TKH,b-59-850,False,10,4000,2,exp1_permuted_src_datasets
145,142.8292098045349,0.0,1734656914.4808507,,0.2713160216808319,1.0,0.001,1,16,40x40,MatchingNetwork,5,5,TKH,b-59-850,False,10,4000,2,exp1_permuted_src_datasets
146,142.8753056526184,0.0,1734656914.5269465,,0.22845405340194702,1.0,0.001,1,16,40x40,MatchingNetwork,5,5,TKH,b-59-850,False,10,4000,2,exp1_permuted_src_datasets
147,142.92115211486816,0.0,1734656914.572793,,0.25384488701820374,1.0,0.001,1,16,40x40,MatchingNetwork,5,5,TKH,b-59-850,False,10,4000,2,exp1_permuted_src_datasets
148,142.96528482437134,0.0,1734656914.6169257,,0.2654193937778473,1.0,0.001,1,16,40x40,MatchingNetwork,5,5,TKH,b-59-850,False,10,4000,2,exp1_permuted_src_datasets
149,143.0105013847351,0.0,1734656914.6621423,,0.30098265409469604,1.0,0.001,1,16,40x40,MatchingNetwork,5,5,TKH,b-59-850,False,10,4000,2,exp1_permuted_src_datasets
150,143.05647039413452,0.0,1734656914.7081113,,0.24261988699436188,1.0,0.001,1,16,40x40,MatchingNetwork,5,5,TKH,b-59-850,False,10,4000,2,exp1_permuted_src_datasets
151,143.10095500946045,0.0,1734656914.752596,,0.2633725106716156,1.0,0.001,1,16,40x40,MatchingNetwork,5,5,TKH,b-59-850,False,10,4000,2,exp1_permuted_src_datasets
152,143.14655089378357,0.0,1734656914.7981918,,0.2698573172092438,1.0,0.001,1,16,40x40,MatchingNetwork,5,5,TKH,b-59-850,False,10,4000,2,exp1_permuted_src_datasets
153,143.1916697025299,0.0,1734656914.8433106,,0.2112686187028885,1.0,0.001,1,16,40x40,MatchingNetwork,5,5,TKH,b-59-850,False,10,4000,2,exp1_permuted_src_datasets
154,143.23645448684692,0.0,1734656914.8880954,,0.2611503005027771,1.0,0.001,1,16,40x40,MatchingNetwork,5,5,TKH,b-59-850,False,10,4000,2,exp1_permuted_src_datasets
155,143.2813024520874,0.0,1734656914.9329433,,0.23436562716960907,1.0,0.001,1,16,40x40,MatchingNetwork,5,5,TKH,b-59-850,False,10,4000,2,exp1_permuted_src_datasets
156,143.32700276374817,0.0,1734656914.9786437,,0.22088734805583954,1.0,0.001,1,16,40x40,MatchingNetwork,5,5,TKH,b-59-850,False,10,4000,2,exp1_permuted_src_datasets
157,143.37455797195435,0.0,1734656915.0261989,,0.26851290464401245,1.0,0.001,1,16,40x40,MatchingNetwork,5,5,TKH,b-59-850,False,10,4000,2,exp1_permuted_src_datasets
158,143.41926956176758,0.0,1734656915.0709105,,0.20866790413856506,1.0,0.001,1,16,40x40,MatchingNetwork,5,5,TKH,b-59-850,False,10,4000,2,exp1_permuted_src_datasets
159,143.46435070037842,0.0,1734656915.1159916,,0.23974290490150452,1.0,0.001,1,16,40x40,MatchingNetwork,5,5,TKH,b-59-850,False,10,4000,2,exp1_permuted_src_datasets
160,143.5089271068573,0.0,1734656915.160568,,0.28562629222869873,1.0,0.001,1,16,40x40,MatchingNetwork,5,5,TKH,b-59-850,False,10,4000,2,exp1_permuted_src_datasets
161,143.55350136756897,0.0,1734656915.2051423,,0.2568086087703705,1.0,0.001,1,16,40x40,MatchingNetwork,5,5,TKH,b-59-850,False,10,4000,2,exp1_permuted_src_datasets
162,143.59796833992004,0.0,1734656915.2496092,,0.2151579111814499,1.0,0.001,1,16,40x40,MatchingNetwork,5,5,TKH,b-59-850,False,10,4000,2,exp1_permuted_src_datasets
163,143.6432240009308,0.0,1734656915.294865,,0.2920834720134735,1.0,0.001,1,16,40x40,MatchingNetwork,5,5,TKH,b-59-850,False,10,4000,2,exp1_permuted_src_datasets
164,143.687575340271,0.0,1734656915.3392162,,0.2616947293281555,1.0,0.001,1,16,40x40,MatchingNetwork,5,5,TKH,b-59-850,False,10,4000,2,exp1_permuted_src_datasets
165,143.7326991558075,0.0,1734656915.38434,,0.22403976321220398,1.0,0.001,1,16,40x40,MatchingNetwork,5,5,TKH,b-59-850,False,10,4000,2,exp1_permuted_src_datasets
166,143.77718114852905,0.0,1734656915.428822,,0.26064789295196533,1.0,0.001,1,16,40x40,MatchingNetwork,5,5,TKH,b-59-850,False,10,4000,2,exp1_permuted_src_datasets
167,143.82191371917725,0.0,1734656915.4735546,,0.2648698687553406,1.0,0.001,1,16,40x40,MatchingNetwork,5,5,TKH,b-59-850,False,10,4000,2,exp1_permuted_src_datasets
168,143.8677167892456,0.0,1734656915.5193577,,0.248747780919075,1.0,0.001,1,16,40x40,MatchingNetwork,5,5,TKH,b-59-850,False,10,4000,2,exp1_permuted_src_datasets
169,143.9128315448761,0.0,1734656915.5644724,,0.25618788599967957,1.0,0.001,1,16,40x40,MatchingNetwork,5,5,TKH,b-59-850,False,10,4000,2,exp1_permuted_src_datasets
170,143.9581744670868,0.0,1734656915.6098154,,0.19798670709133148,1.0,0.001,1,16,40x40,MatchingNetwork,5,5,TKH,b-59-850,False,10,4000,2,exp1_permuted_src_datasets
171,144.00302481651306,0.0,1734656915.6546657,,0.26763051748275757,1.0,0.001,1,16,40x40,MatchingNetwork,5,5,TKH,b-59-850,False,10,4000,2,exp1_permuted_src_datasets
172,144.04715299606323,0.0,1734656915.698794,,0.232732892036438,1.0,0.001,1,16,40x40,MatchingNetwork,5,5,TKH,b-59-850,False,10,4000,2,exp1_permuted_src_datasets
173,144.09173202514648,0.0,1734656915.743373,,0.21361614763736725,1.0,0.001,1,16,40x40,MatchingNetwork,5,5,TKH,b-59-850,False,10,4000,2,exp1_permuted_src_datasets
174,144.13588857650757,0.0,1734656915.7875295,,0.2429811656475067,1.0,0.001,1,16,40x40,MatchingNetwork,5,5,TKH,b-59-850,False,10,4000,2,exp1_permuted_src_datasets
175,144.1807188987732,0.0,1734656915.8323598,,0.22608493268489838,1.0,0.001,1,16,40x40,MatchingNetwork,5,5,TKH,b-59-850,False,10,4000,2,exp1_permuted_src_datasets
176,144.2249391078949,0.0,1734656915.87658,,0.21262699365615845,1.0,0.001,1,16,40x40,MatchingNetwork,5,5,TKH,b-59-850,False,10,4000,2,exp1_permuted_src_datasets
177,144.27043175697327,0.0,1734656915.9220726,,0.27042457461357117,1.0,0.001,1,16,40x40,MatchingNetwork,5,5,TKH,b-59-850,False,10,4000,2,exp1_permuted_src_datasets
178,144.31509041786194,0.0,1734656915.9667313,,0.24899417161941528,1.0,0.001,1,16,40x40,MatchingNetwork,5,5,TKH,b-59-850,False,10,4000,2,exp1_permuted_src_datasets
179,144.36011171340942,0.0,1734656916.0117526,,0.21464265882968903,1.0,0.001,1,16,40x40,MatchingNetwork,5,5,TKH,b-59-850,False,10,4000,2,exp1_permuted_src_datasets
180,144.40483689308167,0.0,1734656916.0564778,,0.3034050762653351,1.0,0.001,1,16,40x40,MatchingNetwork,5,5,TKH,b-59-850,False,10,4000,2,exp1_permuted_src_datasets
181,144.44967103004456,0.0,1734656916.101312,,0.22618991136550903,1.0,0.001,1,16,40x40,MatchingNetwork,5,5,TKH,b-59-850,False,10,4000,2,exp1_permuted_src_datasets
182,144.62006831169128,0.0,1734656916.2717092,,0.2590256631374359,1.0,0.001,1,16,40x40,MatchingNetwork,5,5,TKH,b-59-850,False,10,4000,2,exp1_permuted_src_datasets
183,144.66490817070007,0.0,1734656916.316549,,0.2785588204860687,1.0,0.001,1,16,40x40,MatchingNetwork,5,5,TKH,b-59-850,False,10,4000,2,exp1_permuted_src_datasets
184,144.70905828475952,0.0,1734656916.3606992,,0.2196798324584961,1.0,0.001,1,16,40x40,MatchingNetwork,5,5,TKH,b-59-850,False,10,4000,2,exp1_permuted_src_datasets
185,144.75252676010132,0.0,1734656916.4041677,,0.24698752164840698,1.0,0.001,1,16,40x40,MatchingNetwork,5,5,TKH,b-59-850,False,10,4000,2,exp1_permuted_src_datasets
186,144.79750967025757,0.0,1734656916.4491506,,0.25818994641304016,1.0,0.001,1,16,40x40,MatchingNetwork,5,5,TKH,b-59-850,False,10,4000,2,exp1_permuted_src_datasets
187,144.84240245819092,0.0,1734656916.4940434,,0.22486518323421478,1.0,0.001,1,16,40x40,MatchingNetwork,5,5,TKH,b-59-850,False,10,4000,2,exp1_permuted_src_datasets
188,144.88765287399292,0.0,1734656916.5392938,,0.245115265250206,1.0,0.001,1,16,40x40,MatchingNetwork,5,5,TKH,b-59-850,False,10,4000,2,exp1_permuted_src_datasets
189,144.9324951171875,0.0,1734656916.584136,,0.24721747636795044,1.0,0.001,1,16,40x40,MatchingNetwork,5,5,TKH,b-59-850,False,10,4000,2,exp1_permuted_src_datasets
190,144.97713470458984,0.0,1734656916.6287756,,0.2840310335159302,1.0,0.001,1,16,40x40,MatchingNetwork,5,5,TKH,b-59-850,False,10,4000,2,exp1_permuted_src_datasets
191,145.0222203731537,0.0,1734656916.6738613,,0.2628141939640045,1.0,0.001,1,16,40x40,MatchingNetwork,5,5,TKH,b-59-850,False,10,4000,2,exp1_permuted_src_datasets
192,164.2512674331665,0.0,1734656935.9029083,0.9005,,,0.001,1,16,40x40,MatchingNetwork,5,5,TKH,b-59-850,False,10,4000,2,exp1_permuted_src_datasets
193,183.43672370910645,0.0,1734656955.0883646,0.89975,,,0.001,1,16,40x40,MatchingNetwork,5,5,TKH,b-59-850,False,10,4000,2,exp1_permuted_src_datasets
194,183.46077251434326,0.0,1734656955.1124134,,0.22254683077335358,1.0,0.001,1,16,40x40,MatchingNetwork,5,5,TKH,b-59-850,False,10,4000,2,exp1_permuted_src_datasets
195,183.50701212882996,0.0,1734656955.158653,,0.21960406005382538,1.0,0.001,1,16,40x40,MatchingNetwork,5,5,TKH,b-59-850,False,10,4000,2,exp1_permuted_src_datasets
196,183.55327892303467,0.0,1734656955.2049198,,0.25335246324539185,1.0,0.001,1,16,40x40,MatchingNetwork,5,5,TKH,b-59-850,False,10,4000,2,exp1_permuted_src_datasets
197,183.59951186180115,0.0,1734656955.2511528,,0.2615950107574463,1.0,0.001,1,16,40x40,MatchingNetwork,5,5,TKH,b-59-850,False,10,4000,2,exp1_permuted_src_datasets
198,183.64553356170654,0.0,1734656955.2971745,,0.2552928924560547,1.0,0.001,1,16,40x40,MatchingNetwork,5,5,TKH,b-59-850,False,10,4000,2,exp1_permuted_src_datasets
199,183.6902096271515,0.0,1734656955.3418505,,0.21802441775798798,1.0,0.001,1,16,40x40,MatchingNetwork,5,5,TKH,b-59-850,False,10,4000,2,exp1_permuted_src_datasets
200,183.73535013198853,0.0,1734656955.386991,,0.2662791311740875,1.0,0.001,1,16,40x40,MatchingNetwork,5,5,TKH,b-59-850,False,10,4000,2,exp1_permuted_src_datasets
201,183.78151679039001,0.0,1734656955.4331577,,0.23796583712100983,1.0,0.001,1,16,40x40,MatchingNetwork,5,5,TKH,b-59-850,False,10,4000,2,exp1_permuted_src_datasets
202,183.82660031318665,0.0,1734656955.4782412,,0.26629263162612915,1.0,0.001,1,16,40x40,MatchingNetwork,5,5,TKH,b-59-850,False,10,4000,2,exp1_permuted_src_datasets
203,183.87189626693726,0.0,1734656955.5235372,,0.25678008794784546,1.0,0.001,1,16,40x40,MatchingNetwork,5,5,TKH,b-59-850,False,10,4000,2,exp1_permuted_src_datasets
204,183.91736149787903,0.0,1734656955.5690024,,0.28447744250297546,1.0,0.001,1,16,40x40,MatchingNetwork,5,5,TKH,b-59-850,False,10,4000,2,exp1_permuted_src_datasets
205,183.96235466003418,0.0,1734656955.6139956,,0.22881940007209778,1.0,0.001,1,16,40x40,MatchingNetwork,5,5,TKH,b-59-850,False,10,4000,2,exp1_permuted_src_datasets
206,184.00832629203796,0.0,1734656955.6599672,,0.2544025480747223,1.0,0.001,1,16,40x40,MatchingNetwork,5,5,TKH,b-59-850,False,10,4000,2,exp1_permuted_src_datasets
207,184.05394911766052,0.0,1734656955.70559,,0.1900336593389511,1.0,0.001,1,16,40x40,MatchingNetwork,5,5,TKH,b-59-850,False,10,4000,2,exp1_permuted_src_datasets
208,184.09844160079956,0.0,1734656955.7500825,,0.31709757447242737,1.0,0.001,1,16,40x40,MatchingNetwork,5,5,TKH,b-59-850,False,10,4000,2,exp1_permuted_src_datasets
209,184.14352893829346,0.0,1734656955.7951698,,0.23743632435798645,1.0,0.001,1,16,40x40,MatchingNetwork,5,5,TKH,b-59-850,False,10,4000,2,exp1_permuted_src_datasets
210,184.18925380706787,0.0,1734656955.8408947,,0.23310516774654388,1.0,0.001,1,16,40x40,MatchingNetwork,5,5,TKH,b-59-850,False,10,4000,2,exp1_permuted_src_datasets
211,184.23525547981262,0.0,1734656955.8868964,,0.23727285861968994,1.0,0.001,1,16,40x40,MatchingNetwork,5,5,TKH,b-59-850,False,10,4000,2,exp1_permuted_src_datasets
212,184.27842140197754,0.0,1734656955.9300623,,0.24021250009536743,1.0,0.001,1,16,40x40,MatchingNetwork,5,5,TKH,b-59-850,False,10,4000,2,exp1_permuted_src_datasets
213,184.32306122779846,0.0,1734656955.9747021,,0.28162136673927307,1.0,0.001,1,16,40x40,MatchingNetwork,5,5,TKH,b-59-850,False,10,4000,2,exp1_permuted_src_datasets
214,184.36948251724243,0.0,1734656956.0211234,,0.21582332253456116,1.0,0.001,1,16,40x40,MatchingNetwork,5,5,TKH,b-59-850,False,10,4000,2,exp1_permuted_src_datasets
215,184.41385746002197,0.0,1734656956.0654984,,0.24501578509807587,1.0,0.001,1,16,40x40,MatchingNetwork,5,5,TKH,b-59-850,False,10,4000,2,exp1_permuted_src_datasets
216,184.45817947387695,0.0,1734656956.1098204,,0.21746334433555603,1.0,0.001,1,16,40x40,MatchingNetwork,5,5,TKH,b-59-850,False,10,4000,2,exp1_permuted_src_datasets
217,184.50277543067932,0.0,1734656956.1544163,,0.22937658429145813,1.0,0.001,1,16,40x40,MatchingNetwork,5,5,TKH,b-59-850,False,10,4000,2,exp1_permuted_src_datasets
218,184.547260761261,0.0,1734656956.1989017,,0.23311007022857666,1.0,0.001,1,16,40x40,MatchingNetwork,5,5,TKH,b-59-850,False,10,4000,2,exp1_permuted_src_datasets
219,184.59242820739746,0.0,1734656956.244069,,0.24817653000354767,1.0,0.001,1,16,40x40,MatchingNetwork,5,5,TKH,b-59-850,False,10,4000,2,exp1_permuted_src_datasets
220,184.63745212554932,0.0,1734656956.289093,,0.23073188960552216,1.0,0.001,1,16,40x40,MatchingNetwork,5,5,TKH,b-59-850,False,10,4000,2,exp1_permuted_src_datasets
221,184.68205761909485,0.0,1734656956.3336985,,0.24625717103481293,1.0,0.001,1,16,40x40,MatchingNetwork,5,5,TKH,b-59-850,False,10,4000,2,exp1_permuted_src_datasets
222,184.72717118263245,0.0,1734656956.378812,,0.24975483119487762,1.0,0.001,1,16,40x40,MatchingNetwork,5,5,TKH,b-59-850,False,10,4000,2,exp1_permuted_src_datasets
223,184.77223205566406,0.0,1734656956.423873,,0.26837193965911865,1.0,0.001,1,16,40x40,MatchingNetwork,5,5,TKH,b-59-850,False,10,4000,2,exp1_permuted_src_datasets
224,184.81690335273743,0.0,1734656956.4685442,,0.20569711923599243,1.0,0.001,1,16,40x40,MatchingNetwork,5,5,TKH,b-59-850,False,10,4000,2,exp1_permuted_src_datasets
225,184.8613886833191,0.0,1734656956.5130296,,0.2605948746204376,1.0,0.001,1,16,40x40,MatchingNetwork,5,5,TKH,b-59-850,False,10,4000,2,exp1_permuted_src_datasets
226,184.9051947593689,0.0,1734656956.5568357,,0.2635584771633148,1.0,0.001,1,16,40x40,MatchingNetwork,5,5,TKH,b-59-850,False,10,4000,2,exp1_permuted_src_datasets
227,184.94998860359192,0.0,1734656956.6016295,,0.2519276738166809,1.0,0.001,1,16,40x40,MatchingNetwork,5,5,TKH,b-59-850,False,10,4000,2,exp1_permuted_src_datasets
228,184.99510145187378,0.0,1734656956.6467423,,0.22404474020004272,1.0,0.001,1,16,40x40,MatchingNetwork,5,5,TKH,b-59-850,False,10,4000,2,exp1_permuted_src_datasets
229,185.03949069976807,0.0,1734656956.6911316,,0.25031986832618713,1.0,0.001,1,16,40x40,MatchingNetwork,5,5,TKH,b-59-850,False,10,4000,2,exp1_permuted_src_datasets
230,185.08458995819092,0.0,1734656956.7362309,,0.24399827420711517,1.0,0.001,1,16,40x40,MatchingNetwork,5,5,TKH,b-59-850,False,10,4000,2,exp1_permuted_src_datasets
231,185.13077855110168,0.0,1734656956.7824194,,0.22557152807712555,1.0,0.001,1,16,40x40,MatchingNetwork,5,5,TKH,b-59-850,False,10,4000,2,exp1_permuted_src_datasets
232,185.17532896995544,0.0,1734656956.8269699,,0.23394475877285004,1.0,0.001,1,16,40x40,MatchingNetwork,5,5,TKH,b-59-850,False,10,4000,2,exp1_permuted_src_datasets
233,185.22308206558228,0.0,1734656956.874723,,0.2138064205646515,1.0,0.001,1,16,40x40,MatchingNetwork,5,5,TKH,b-59-850,False,10,4000,2,exp1_permuted_src_datasets
234,185.27156400680542,0.0,1734656956.923205,,0.2740527093410492,1.0,0.001,1,16,40x40,MatchingNetwork,5,5,TKH,b-59-850,False,10,4000,2,exp1_permuted_src_datasets
235,185.31721758842468,0.0,1734656956.9688585,,0.2855130732059479,1.0,0.001,1,16,40x40,MatchingNetwork,5,5,TKH,b-59-850,False,10,4000,2,exp1_permuted_src_datasets
236,185.36253809928894,0.0,1734656957.014179,,0.28447917103767395,1.0,0.001,1,16,40x40,MatchingNetwork,5,5,TKH,b-59-850,False,10,4000,2,exp1_permuted_src_datasets
237,185.40767312049866,0.0,1734656957.059314,,0.23010502755641937,1.0,0.001,1,16,40x40,MatchingNetwork,5,5,TKH,b-59-850,False,10,4000,2,exp1_permuted_src_datasets
238,185.45240211486816,0.0,1734656957.104043,,0.2215803563594818,1.0,0.001,1,16,40x40,MatchingNetwork,5,5,TKH,b-59-850,False,10,4000,2,exp1_permuted_src_datasets
239,185.49835991859436,0.0,1734656957.1500008,,0.20832529664039612,1.0,0.001,1,16,40x40,MatchingNetwork,5,5,TKH,b-59-850,False,10,4000,2,exp1_permuted_src_datasets
240,185.54275226593018,0.0,1734656957.1943932,,0.2115514874458313,1.0,0.001,1,16,40x40,MatchingNetwork,5,5,TKH,b-59-850,False,10,4000,2,exp1_permuted_src_datasets
241,185.5877275466919,0.0,1734656957.2393684,,0.22954143583774567,1.0,0.001,1,16,40x40,MatchingNetwork,5,5,TKH,b-59-850,False,10,4000,2,exp1_permuted_src_datasets
242,185.6365520954132,0.0,1734656957.288193,,0.2549329996109009,1.0,0.001,1,16,40x40,MatchingNetwork,5,5,TKH,b-59-850,False,10,4000,2,exp1_permuted_src_datasets
243,185.6824541091919,0.0,1734656957.334095,,0.191720113158226,1.0,0.001,1,16,40x40,MatchingNetwork,5,5,TKH,b-59-850,False,10,4000,2,exp1_permuted_src_datasets
244,185.72730612754822,0.0,1734656957.378947,,0.2115572988986969,1.0,0.001,1,16,40x40,MatchingNetwork,5,5,TKH,b-59-850,False,10,4000,2,exp1_permuted_src_datasets
245,185.77104473114014,0.0,1734656957.4226856,,0.2211495339870453,1.0,0.001,1,16,40x40,MatchingNetwork,5,5,TKH,b-59-850,False,10,4000,2,exp1_permuted_src_datasets
246,185.81566452980042,0.0,1734656957.4673054,,0.24400490522384644,1.0,0.001,1,16,40x40,MatchingNetwork,5,5,TKH,b-59-850,False,10,4000,2,exp1_permuted_src_datasets
247,185.86019086837769,0.0,1734656957.5118318,,0.23685748875141144,1.0,0.001,1,16,40x40,MatchingNetwork,5,5,TKH,b-59-850,False,10,4000,2,exp1_permuted_src_datasets
248,185.90412092208862,0.0,1734656957.5557618,,0.20787547528743744,1.0,0.001,1,16,40x40,MatchingNetwork,5,5,TKH,b-59-850,False,10,4000,2,exp1_permuted_src_datasets
249,185.94891691207886,0.0,1734656957.6005578,,0.24977605044841766,1.0,0.001,1,16,40x40,MatchingNetwork,5,5,TKH,b-59-850,False,10,4000,2,exp1_permuted_src_datasets
250,185.99304056167603,0.0,1734656957.6446815,,0.22095488011837006,1.0,0.001,1,16,40x40,MatchingNetwork,5,5,TKH,b-59-850,False,10,4000,2,exp1_permuted_src_datasets
251,186.03827214241028,0.0,1734656957.689913,,0.23653514683246613,1.0,0.001,1,16,40x40,MatchingNetwork,5,5,TKH,b-59-850,False,10,4000,2,exp1_permuted_src_datasets
252,186.08215236663818,0.0,1734656957.7337933,,0.24370285868644714,1.0,0.001,1,16,40x40,MatchingNetwork,5,5,TKH,b-59-850,False,10,4000,2,exp1_permuted_src_datasets
253,186.1278064250946,0.0,1734656957.7794473,,0.20689427852630615,1.0,0.001,1,16,40x40,MatchingNetwork,5,5,TKH,b-59-850,False,10,4000,2,exp1_permuted_src_datasets
254,186.1731996536255,0.0,1734656957.8248405,,0.26247042417526245,1.0,0.001,1,16,40x40,MatchingNetwork,5,5,TKH,b-59-850,False,10,4000,2,exp1_permuted_src_datasets
255,186.22061276435852,0.0,1734656957.8722537,,0.2480214685201645,1.0,0.001,1,16,40x40,MatchingNetwork,5,5,TKH,b-59-850,False,10,4000,2,exp1_permuted_src_datasets
256,205.50098133087158,0.0,1734656977.1526222,0.892,,,0.001,1,16,40x40,MatchingNetwork,5,5,TKH,b-59-850,False,10,4000,2,exp1_permuted_src_datasets
257,224.60358929634094,0.0,1734656996.2552302,0.89875,,,0.001,1,16,40x40,MatchingNetwork,5,5,TKH,b-59-850,False,10,4000,2,exp1_permuted_src_datasets
258,224.6279969215393,0.0,1734656996.2796378,,0.21656304597854614,1.0,0.001,1,16,40x40,MatchingNetwork,5,5,TKH,b-59-850,False,10,4000,2,exp1_permuted_src_datasets
259,224.67606043815613,0.0,1734656996.3277013,,0.2386297583580017,1.0,0.001,1,16,40x40,MatchingNetwork,5,5,TKH,b-59-850,False,10,4000,2,exp1_permuted_src_datasets
260,224.72165298461914,0.0,1734656996.3732939,,0.23522749543190002,1.0,0.001,1,16,40x40,MatchingNetwork,5,5,TKH,b-59-850,False,10,4000,2,exp1_permuted_src_datasets
261,224.76903343200684,0.0,1734656996.4206743,,0.20408590137958527,1.0,0.001,1,16,40x40,MatchingNetwork,5,5,TKH,b-59-850,False,10,4000,2,exp1_permuted_src_datasets
262,224.81490111351013,0.0,1734656996.466542,,0.23518739640712738,1.0,0.001,1,16,40x40,MatchingNetwork,5,5,TKH,b-59-850,False,10,4000,2,exp1_permuted_src_datasets
263,224.8599865436554,0.0,1734656996.5116274,,0.20167456567287445,1.0,0.001,1,16,40x40,MatchingNetwork,5,5,TKH,b-59-850,False,10,4000,2,exp1_permuted_src_datasets
264,224.90456867218018,0.0,1734656996.5562096,,0.24121224880218506,1.0,0.001,1,16,40x40,MatchingNetwork,5,5,TKH,b-59-850,False,10,4000,2,exp1_permuted_src_datasets
265,224.9487521648407,0.0,1734656996.600393,,0.22629112005233765,1.0,0.001,1,16,40x40,MatchingNetwork,5,5,TKH,b-59-850,False,10,4000,2,exp1_permuted_src_datasets
266,224.99411463737488,0.0,1734656996.6457555,,0.23047348856925964,1.0,0.001,1,16,40x40,MatchingNetwork,5,5,TKH,b-59-850,False,10,4000,2,exp1_permuted_src_datasets
267,225.04048538208008,0.0,1734656996.6921263,,0.21530377864837646,1.0,0.001,1,16,40x40,MatchingNetwork,5,5,TKH,b-59-850,False,10,4000,2,exp1_permuted_src_datasets
268,225.08521127700806,0.0,1734656996.7368522,,0.23979738354682922,1.0,0.001,1,16,40x40,MatchingNetwork,5,5,TKH,b-59-850,False,10,4000,2,exp1_permuted_src_datasets
269,225.12972712516785,0.0,1734656996.781368,,0.22045516967773438,1.0,0.001,1,16,40x40,MatchingNetwork,5,5,TKH,b-59-850,False,10,4000,2,exp1_permuted_src_datasets
270,225.17469120025635,0.0,1734656996.826332,,0.2463522106409073,1.0,0.001,1,16,40x40,MatchingNetwork,5,5,TKH,b-59-850,False,10,4000,2,exp1_permuted_src_datasets
271,225.22015118598938,0.0,1734656996.871792,,0.23758211731910706,1.0,0.001,1,16,40x40,MatchingNetwork,5,5,TKH,b-59-850,False,10,4000,2,exp1_permuted_src_datasets
272,225.26562547683716,0.0,1734656996.9172664,,0.23591774702072144,1.0,0.001,1,16,40x40,MatchingNetwork,5,5,TKH,b-59-850,False,10,4000,2,exp1_permuted_src_datasets
273,225.31037425994873,0.0,1734656996.9620152,,0.19100753962993622,1.0,0.001,1,16,40x40,MatchingNetwork,5,5,TKH,b-59-850,False,10,4000,2,exp1_permuted_src_datasets
274,225.35603022575378,0.0,1734656997.007671,,0.20047327876091003,1.0,0.001,1,16,40x40,MatchingNetwork,5,5,TKH,b-59-850,False,10,4000,2,exp1_permuted_src_datasets
275,225.40136408805847,0.0,1734656997.053005,,0.22148719429969788,1.0,0.001,1,16,40x40,MatchingNetwork,5,5,TKH,b-59-850,False,10,4000,2,exp1_permuted_src_datasets
276,225.44454050064087,0.0,1734656997.0961814,,0.2657293975353241,1.0,0.001,1,16,40x40,MatchingNetwork,5,5,TKH,b-59-850,False,10,4000,2,exp1_permuted_src_datasets
277,225.49037432670593,0.0,1734656997.1420152,,0.23618514835834503,1.0,0.001,1,16,40x40,MatchingNetwork,5,5,TKH,b-59-850,False,10,4000,2,exp1_permuted_src_datasets
278,225.5354392528534,0.0,1734656997.1870801,,0.25189030170440674,1.0,0.001,1,16,40x40,MatchingNetwork,5,5,TKH,b-59-850,False,10,4000,2,exp1_permuted_src_datasets
279,225.57939982414246,0.0,1734656997.2310407,,0.24882502853870392,1.0,0.001,1,16,40x40,MatchingNetwork,5,5,TKH,b-59-850,False,10,4000,2,exp1_permuted_src_datasets
280,225.62454295158386,0.0,1734656997.2761838,,0.24027575552463531,1.0,0.001,1,16,40x40,MatchingNetwork,5,5,TKH,b-59-850,False,10,4000,2,exp1_permuted_src_datasets
281,225.67087745666504,0.0,1734656997.3225183,,0.26158419251441956,1.0,0.001,1,16,40x40,MatchingNetwork,5,5,TKH,b-59-850,False,10,4000,2,exp1_permuted_src_datasets
282,225.7166850566864,0.0,1734656997.368326,,0.21575495600700378,1.0,0.001,1,16,40x40,MatchingNetwork,5,5,TKH,b-59-850,False,10,4000,2,exp1_permuted_src_datasets
283,225.76082158088684,0.0,1734656997.4124625,,0.2694036662578583,1.0,0.001,1,16,40x40,MatchingNetwork,5,5,TKH,b-59-850,False,10,4000,2,exp1_permuted_src_datasets
284,225.8075487613678,0.0,1734656997.4591897,,0.27115726470947266,1.0,0.001,1,16,40x40,MatchingNetwork,5,5,TKH,b-59-850,False,10,4000,2,exp1_permuted_src_datasets
285,225.85192775726318,0.0,1734656997.5035686,,0.22108955681324005,1.0,0.001,1,16,40x40,MatchingNetwork,5,5,TKH,b-59-850,False,10,4000,2,exp1_permuted_src_datasets
286,225.89879369735718,0.0,1734656997.5504346,,0.22732935845851898,1.0,0.001,1,16,40x40,MatchingNetwork,5,5,TKH,b-59-850,False,10,4000,2,exp1_permuted_src_datasets
287,225.9444785118103,0.0,1734656997.5961194,,0.2557326853275299,1.0,0.001,1,16,40x40,MatchingNetwork,5,5,TKH,b-59-850,False,10,4000,2,exp1_permuted_src_datasets
288,225.98893761634827,0.0,1734656997.6405785,,0.2424863874912262,1.0,0.001,1,16,40x40,MatchingNetwork,5,5,TKH,b-59-850,False,10,4000,2,exp1_permuted_src_datasets
289,226.03343558311462,0.0,1734656997.6850765,,0.2330191284418106,1.0,0.001,1,16,40x40,MatchingNetwork,5,5,TKH,b-59-850,False,10,4000,2,exp1_permuted_src_datasets
290,226.07763361930847,0.0,1734656997.7292745,,0.2351805716753006,1.0,0.001,1,16,40x40,MatchingNetwork,5,5,TKH,b-59-850,False,10,4000,2,exp1_permuted_src_datasets
291,226.12352418899536,0.0,1734656997.775165,,0.1990283876657486,1.0,0.001,1,16,40x40,MatchingNetwork,5,5,TKH,b-59-850,False,10,4000,2,exp1_permuted_src_datasets
292,226.16844034194946,0.0,1734656997.8200812,,0.227186918258667,1.0,0.001,1,16,40x40,MatchingNetwork,5,5,TKH,b-59-850,False,10,4000,2,exp1_permuted_src_datasets
293,226.21367716789246,0.0,1734656997.865318,,0.22962193191051483,1.0,0.001,1,16,40x40,MatchingNetwork,5,5,TKH,b-59-850,False,10,4000,2,exp1_permuted_src_datasets
294,226.25840854644775,0.0,1734656997.9100494,,0.21940666437149048,1.0,0.001,1,16,40x40,MatchingNetwork,5,5,TKH,b-59-850,False,10,4000,2,exp1_permuted_src_datasets
295,226.30396223068237,0.0,1734656997.9556031,,0.2182602882385254,1.0,0.001,1,16,40x40,MatchingNetwork,5,5,TKH,b-59-850,False,10,4000,2,exp1_permuted_src_datasets
296,226.3632094860077,0.0,1734656998.0148504,,0.25232139229774475,1.0,0.001,1,16,40x40,MatchingNetwork,5,5,TKH,b-59-850,False,10,4000,2,exp1_permuted_src_datasets
297,226.40852093696594,0.0,1734656998.0601618,,0.2249174565076828,1.0,0.001,1,16,40x40,MatchingNetwork,5,5,TKH,b-59-850,False,10,4000,2,exp1_permuted_src_datasets
298,226.4531273841858,0.0,1734656998.1047683,,0.26549383997917175,1.0,0.001,1,16,40x40,MatchingNetwork,5,5,TKH,b-59-850,False,10,4000,2,exp1_permuted_src_datasets
299,226.49799275398254,0.0,1734656998.1496336,,0.28208303451538086,1.0,0.001,1,16,40x40,MatchingNetwork,5,5,TKH,b-59-850,False,10,4000,2,exp1_permuted_src_datasets
300,226.54393482208252,0.0,1734656998.1955757,,0.22042936086654663,1.0,0.001,1,16,40x40,MatchingNetwork,5,5,TKH,b-59-850,False,10,4000,2,exp1_permuted_src_datasets
301,226.5878357887268,0.0,1734656998.2394767,,0.23674443364143372,1.0,0.001,1,16,40x40,MatchingNetwork,5,5,TKH,b-59-850,False,10,4000,2,exp1_permuted_src_datasets
302,226.6323103904724,0.0,1734656998.2839513,,0.2676350176334381,1.0,0.001,1,16,40x40,MatchingNetwork,5,5,TKH,b-59-850,False,10,4000,2,exp1_permuted_src_datasets
303,226.6816635131836,0.0,1734656998.3333044,,0.19063563644886017,1.0,0.001,1,16,40x40,MatchingNetwork,5,5,TKH,b-59-850,False,10,4000,2,exp1_permuted_src_datasets
304,226.72593522071838,0.0,1734656998.377576,,0.26141005754470825,1.0,0.001,1,16,40x40,MatchingNetwork,5,5,TKH,b-59-850,False,10,4000,2,exp1_permuted_src_datasets
305,226.77037620544434,0.0,1734656998.422017,,0.21338722109794617,1.0,0.001,1,16,40x40,MatchingNetwork,5,5,TKH,b-59-850,False,10,4000,2,exp1_permuted_src_datasets
306,226.81606888771057,0.0,1734656998.4677098,,0.2213066965341568,1.0,0.001,1,16,40x40,MatchingNetwork,5,5,TKH,b-59-850,False,10,4000,2,exp1_permuted_src_datasets
307,226.86126279830933,0.0,1734656998.5129037,,0.23116889595985413,1.0,0.001,1,16,40x40,MatchingNetwork,5,5,TKH,b-59-850,False,10,4000,2,exp1_permuted_src_datasets
308,226.908588886261,0.0,1734656998.5602298,,0.22680190205574036,1.0,0.001,1,16,40x40,MatchingNetwork,5,5,TKH,b-59-850,False,10,4000,2,exp1_permuted_src_datasets
309,226.95472502708435,0.0,1734656998.606366,,0.21890981495380402,1.0,0.001,1,16,40x40,MatchingNetwork,5,5,TKH,b-59-850,False,10,4000,2,exp1_permuted_src_datasets
310,226.99890613555908,0.0,1734656998.650547,,0.21363696455955505,1.0,0.001,1,16,40x40,MatchingNetwork,5,5,TKH,b-59-850,False,10,4000,2,exp1_permuted_src_datasets
311,227.04387879371643,0.0,1734656998.6955197,,0.22337652742862701,1.0,0.001,1,16,40x40,MatchingNetwork,5,5,TKH,b-59-850,False,10,4000,2,exp1_permuted_src_datasets
312,227.088942527771,0.0,1734656998.7405834,,0.20164291560649872,1.0,0.001,1,16,40x40,MatchingNetwork,5,5,TKH,b-59-850,False,10,4000,2,exp1_permuted_src_datasets
313,227.1334593296051,0.0,1734656998.7851002,,0.2502753734588623,1.0,0.001,1,16,40x40,MatchingNetwork,5,5,TKH,b-59-850,False,10,4000,2,exp1_permuted_src_datasets
314,227.1779727935791,0.0,1734656998.8296137,,0.226583331823349,1.0,0.001,1,16,40x40,MatchingNetwork,5,5,TKH,b-59-850,False,10,4000,2,exp1_permuted_src_datasets
315,227.2227075099945,0.0,1734656998.8743484,,0.24208123981952667,1.0,0.001,1,16,40x40,MatchingNetwork,5,5,TKH,b-59-850,False,10,4000,2,exp1_permuted_src_datasets
316,227.26744604110718,0.0,1734656998.919087,,0.20094335079193115,1.0,0.001,1,16,40x40,MatchingNetwork,5,5,TKH,b-59-850,False,10,4000,2,exp1_permuted_src_datasets
317,227.31178045272827,0.0,1734656998.9634213,,0.23280411958694458,1.0,0.001,1,16,40x40,MatchingNetwork,5,5,TKH,b-59-850,False,10,4000,2,exp1_permuted_src_datasets
318,227.3558931350708,0.0,1734656999.007534,,0.24026528000831604,1.0,0.001,1,16,40x40,MatchingNetwork,5,5,TKH,b-59-850,False,10,4000,2,exp1_permuted_src_datasets
319,227.4004843235016,0.0,1734656999.0521252,,0.188990980386734,1.0,0.001,1,16,40x40,MatchingNetwork,5,5,TKH,b-59-850,False,10,4000,2,exp1_permuted_src_datasets
320,246.56099724769592,0.0,1734657018.2126381,0.89375,,,0.001,1,16,40x40,MatchingNetwork,5,5,TKH,b-59-850,False,10,4000,2,exp1_permuted_src_datasets
321,265.6888394355774,0.0,1734657037.3404803,0.89925,,,0.001,1,16,40x40,MatchingNetwork,5,5,TKH,b-59-850,False,10,4000,2,exp1_permuted_src_datasets
322,265.7134177684784,0.0,1734657037.3650587,,0.20843443274497986,1.0,0.001,1,16,40x40,MatchingNetwork,5,5,TKH,b-59-850,False,10,4000,2,exp1_permuted_src_datasets
323,265.7593832015991,0.0,1734657037.411024,,0.25563064217567444,1.0,0.001,1,16,40x40,MatchingNetwork,5,5,TKH,b-59-850,False,10,4000,2,exp1_permuted_src_datasets
324,265.8070139884949,0.0,1734657037.4586549,,0.25810888409614563,1.0,0.001,1,16,40x40,MatchingNetwork,5,5,TKH,b-59-850,False,10,4000,2,exp1_permuted_src_datasets
325,265.8537576198578,0.0,1734657037.5053985,,0.22564788162708282,1.0,0.001,1,16,40x40,MatchingNetwork,5,5,TKH,b-59-850,False,10,4000,2,exp1_permuted_src_datasets
326,265.89974999427795,0.0,1734657037.551391,,0.26363247632980347,1.0,0.001,1,16,40x40,MatchingNetwork,5,5,TKH,b-59-850,False,10,4000,2,exp1_permuted_src_datasets
327,265.9470272064209,0.0,1734657037.598668,,0.20896945893764496,1.0,0.001,1,16,40x40,MatchingNetwork,5,5,TKH,b-59-850,False,10,4000,2,exp1_permuted_src_datasets
328,265.99395775794983,0.0,1734657037.6455986,,0.20398811995983124,1.0,0.001,1,16,40x40,MatchingNetwork,5,5,TKH,b-59-850,False,10,4000,2,exp1_permuted_src_datasets
329,266.0434124469757,0.0,1734657037.6950533,,0.24780991673469543,1.0,0.001,1,16,40x40,MatchingNetwork,5,5,TKH,b-59-850,False,10,4000,2,exp1_permuted_src_datasets
330,266.088086605072,0.0,1734657037.7397275,,0.2477695345878601,1.0,0.001,1,16,40x40,MatchingNetwork,5,5,TKH,b-59-850,False,10,4000,2,exp1_permuted_src_datasets
331,266.1325912475586,0.0,1734657037.7842321,,0.2270580381155014,1.0,0.001,1,16,40x40,MatchingNetwork,5,5,TKH,b-59-850,False,10,4000,2,exp1_permuted_src_datasets
332,266.1771321296692,0.0,1734657037.828773,,0.20520815253257751,1.0,0.001,1,16,40x40,MatchingNetwork,5,5,TKH,b-59-850,False,10,4000,2,exp1_permuted_src_datasets
333,266.2227945327759,0.0,1734657037.8744354,,0.199617400765419,1.0,0.001,1,16,40x40,MatchingNetwork,5,5,TKH,b-59-850,False,10,4000,2,exp1_permuted_src_datasets
334,266.2676212787628,0.0,1734657037.9192622,,0.21209877729415894,1.0,0.001,1,16,40x40,MatchingNetwork,5,5,TKH,b-59-850,False,10,4000,2,exp1_permuted_src_datasets
335,266.3122203350067,0.0,1734657037.9638612,,0.25598204135894775,1.0,0.001,1,16,40x40,MatchingNetwork,5,5,TKH,b-59-850,False,10,4000,2,exp1_permuted_src_datasets
336,266.35721468925476,0.0,1734657038.0088556,,0.2367069125175476,1.0,0.001,1,16,40x40,MatchingNetwork,5,5,TKH,b-59-850,False,10,4000,2,exp1_permuted_src_datasets
337,266.4023587703705,0.0,1734657038.0539997,,0.21436694264411926,1.0,0.001,1,16,40x40,MatchingNetwork,5,5,TKH,b-59-850,False,10,4000,2,exp1_permuted_src_datasets
338,266.44786977767944,0.0,1734657038.0995107,,0.24943000078201294,1.0,0.001,1,16,40x40,MatchingNetwork,5,5,TKH,b-59-850,False,10,4000,2,exp1_permuted_src_datasets
339,266.492787361145,0.0,1734657038.1444283,,0.21259097754955292,1.0,0.001,1,16,40x40,MatchingNetwork,5,5,TKH,b-59-850,False,10,4000,2,exp1_permuted_src_datasets
340,266.5373201370239,0.0,1734657038.188961,,0.23347660899162292,1.0,0.001,1,16,40x40,MatchingNetwork,5,5,TKH,b-59-850,False,10,4000,2,exp1_permuted_src_datasets
341,266.58493185043335,0.0,1734657038.2365727,,0.2337512969970703,1.0,0.001,1,16,40x40,MatchingNetwork,5,5,TKH,b-59-850,False,10,4000,2,exp1_permuted_src_datasets
342,266.6299743652344,0.0,1734657038.2816153,,0.2633585035800934,1.0,0.001,1,16,40x40,MatchingNetwork,5,5,TKH,b-59-850,False,10,4000,2,exp1_permuted_src_datasets
343,266.67575669288635,0.0,1734657038.3273976,,0.22878624498844147,1.0,0.001,1,16,40x40,MatchingNetwork,5,5,TKH,b-59-850,False,10,4000,2,exp1_permuted_src_datasets
344,266.7221050262451,0.0,1734657038.373746,,0.25720688700675964,1.0,0.001,1,16,40x40,MatchingNetwork,5,5,TKH,b-59-850,False,10,4000,2,exp1_permuted_src_datasets
345,266.76819896698,0.0,1734657038.4198399,,0.21304576098918915,1.0,0.001,1,16,40x40,MatchingNetwork,5,5,TKH,b-59-850,False,10,4000,2,exp1_permuted_src_datasets
346,266.8132698535919,0.0,1734657038.4649107,,0.2271413803100586,1.0,0.001,1,16,40x40,MatchingNetwork,5,5,TKH,b-59-850,False,10,4000,2,exp1_permuted_src_datasets
347,266.85815238952637,0.0,1734657038.5097933,,0.2565487027168274,1.0,0.001,1,16,40x40,MatchingNetwork,5,5,TKH,b-59-850,False,10,4000,2,exp1_permuted_src_datasets
348,266.90312123298645,0.0,1734657038.5547621,,0.20484933257102966,1.0,0.001,1,16,40x40,MatchingNetwork,5,5,TKH,b-59-850,False,10,4000,2,exp1_permuted_src_datasets
349,266.94890308380127,0.0,1734657038.600544,,0.2050352245569229,1.0,0.001,1,16,40x40,MatchingNetwork,5,5,TKH,b-59-850,False,10,4000,2,exp1_permuted_src_datasets
350,266.99450039863586,0.0,1734657038.6461413,,0.2032332718372345,1.0,0.001,1,16,40x40,MatchingNetwork,5,5,TKH,b-59-850,False,10,4000,2,exp1_permuted_src_datasets
351,267.0401101112366,0.0,1734657038.691751,,0.21534013748168945,1.0,0.001,1,16,40x40,MatchingNetwork,5,5,TKH,b-59-850,False,10,4000,2,exp1_permuted_src_datasets
352,267.08555793762207,0.0,1734657038.7371988,,0.21610291302204132,1.0,0.001,1,16,40x40,MatchingNetwork,5,5,TKH,b-59-850,False,10,4000,2,exp1_permuted_src_datasets
353,267.12996792793274,0.0,1734657038.7816088,,0.22072283923625946,1.0,0.001,1,16,40x40,MatchingNetwork,5,5,TKH,b-59-850,False,10,4000,2,exp1_permuted_src_datasets
354,267.1743628978729,0.0,1734657038.8260038,,0.24092257022857666,1.0,0.001,1,16,40x40,MatchingNetwork,5,5,TKH,b-59-850,False,10,4000,2,exp1_permuted_src_datasets
355,267.2190430164337,0.0,1734657038.870684,,0.21750782430171967,1.0,0.001,1,16,40x40,MatchingNetwork,5,5,TKH,b-59-850,False,10,4000,2,exp1_permuted_src_datasets
356,267.2636733055115,0.0,1734657038.9153142,,0.2429148256778717,1.0,0.001,1,16,40x40,MatchingNetwork,5,5,TKH,b-59-850,False,10,4000,2,exp1_permuted_src_datasets
357,267.3085901737213,0.0,1734657038.960231,,0.19732816517353058,1.0,0.001,1,16,40x40,MatchingNetwork,5,5,TKH,b-59-850,False,10,4000,2,exp1_permuted_src_datasets
358,267.3526842594147,0.0,1734657039.0043252,,0.2339634746313095,1.0,0.001,1,16,40x40,MatchingNetwork,5,5,TKH,b-59-850,False,10,4000,2,exp1_permuted_src_datasets
359,267.3971872329712,0.0,1734657039.0488281,,0.21827132999897003,1.0,0.001,1,16,40x40,MatchingNetwork,5,5,TKH,b-59-850,False,10,4000,2,exp1_permuted_src_datasets
360,267.44192457199097,0.0,1734657039.0935655,,0.20582450926303864,1.0,0.001,1,16,40x40,MatchingNetwork,5,5,TKH,b-59-850,False,10,4000,2,exp1_permuted_src_datasets
361,267.4864070415497,0.0,1734657039.138048,,0.21846532821655273,1.0,0.001,1,16,40x40,MatchingNetwork,5,5,TKH,b-59-850,False,10,4000,2,exp1_permuted_src_datasets
362,267.53109431266785,0.0,1734657039.1827352,,0.2388211488723755,1.0,0.001,1,16,40x40,MatchingNetwork,5,5,TKH,b-59-850,False,10,4000,2,exp1_permuted_src_datasets
363,267.5762941837311,0.0,1734657039.227935,,0.2586629092693329,1.0,0.001,1,16,40x40,MatchingNetwork,5,5,TKH,b-59-850,False,10,4000,2,exp1_permuted_src_datasets
364,267.62095761299133,0.0,1734657039.2725985,,0.20744827389717102,1.0,0.001,1,16,40x40,MatchingNetwork,5,5,TKH,b-59-850,False,10,4000,2,exp1_permuted_src_datasets
365,267.6663317680359,0.0,1734657039.3179727,,0.25160932540893555,1.0,0.001,1,16,40x40,MatchingNetwork,5,5,TKH,b-59-850,False,10,4000,2,exp1_permuted_src_datasets
366,267.7106738090515,0.0,1734657039.3623147,,0.20938661694526672,1.0,0.001,1,16,40x40,MatchingNetwork,5,5,TKH,b-59-850,False,10,4000,2,exp1_permuted_src_datasets
367,267.7643463611603,0.0,1734657039.4159873,,0.23151084780693054,1.0,0.001,1,16,40x40,MatchingNetwork,5,5,TKH,b-59-850,False,10,4000,2,exp1_permuted_src_datasets
368,267.80945348739624,0.0,1734657039.4610944,,0.24735647439956665,1.0,0.001,1,16,40x40,MatchingNetwork,5,5,TKH,b-59-850,False,10,4000,2,exp1_permuted_src_datasets
369,267.8550729751587,0.0,1734657039.5067139,,0.25505566596984863,1.0,0.001,1,16,40x40,MatchingNetwork,5,5,TKH,b-59-850,False,10,4000,2,exp1_permuted_src_datasets
370,267.8999705314636,0.0,1734657039.5516114,,0.21433769166469574,1.0,0.001,1,16,40x40,MatchingNetwork,5,5,TKH,b-59-850,False,10,4000,2,exp1_permuted_src_datasets
371,267.94716930389404,0.0,1734657039.5988102,,0.2216852307319641,1.0,0.001,1,16,40x40,MatchingNetwork,5,5,TKH,b-59-850,False,10,4000,2,exp1_permuted_src_datasets
372,267.9919590950012,0.0,1734657039.6436,,0.22456306219100952,1.0,0.001,1,16,40x40,MatchingNetwork,5,5,TKH,b-59-850,False,10,4000,2,exp1_permuted_src_datasets
373,268.0372865200043,0.0,1734657039.6889274,,0.21642614901065826,1.0,0.001,1,16,40x40,MatchingNetwork,5,5,TKH,b-59-850,False,10,4000,2,exp1_permuted_src_datasets
374,268.0850887298584,0.0,1734657039.7367296,,0.23370614647865295,1.0,0.001,1,16,40x40,MatchingNetwork,5,5,TKH,b-59-850,False,10,4000,2,exp1_permuted_src_datasets
375,268.1289701461792,0.0,1734657039.780611,,0.21013201773166656,1.0,0.001,1,16,40x40,MatchingNetwork,5,5,TKH,b-59-850,False,10,4000,2,exp1_permuted_src_datasets
376,268.17306566238403,0.0,1734657039.8247066,,0.22083014249801636,1.0,0.001,1,16,40x40,MatchingNetwork,5,5,TKH,b-59-850,False,10,4000,2,exp1_permuted_src_datasets
377,268.2192575931549,0.0,1734657039.8708985,,0.2247713953256607,1.0,0.001,1,16,40x40,MatchingNetwork,5,5,TKH,b-59-850,False,10,4000,2,exp1_permuted_src_datasets
378,268.2636115550995,0.0,1734657039.9152524,,0.2228834480047226,1.0,0.001,1,16,40x40,MatchingNetwork,5,5,TKH,b-59-850,False,10,4000,2,exp1_permuted_src_datasets
379,268.30817437171936,0.0,1734657039.9598153,,0.23702846467494965,1.0,0.001,1,16,40x40,MatchingNetwork,5,5,TKH,b-59-850,False,10,4000,2,exp1_permuted_src_datasets
380,268.3528051376343,0.0,1734657040.004446,,0.2049136459827423,1.0,0.001,1,16,40x40,MatchingNetwork,5,5,TKH,b-59-850,False,10,4000,2,exp1_permuted_src_datasets
381,268.397652387619,0.0,1734657040.0492933,,0.2141769528388977,1.0,0.001,1,16,40x40,MatchingNetwork,5,5,TKH,b-59-850,False,10,4000,2,exp1_permuted_src_datasets
382,268.441801071167,0.0,1734657040.093442,,0.20010384917259216,1.0,0.001,1,16,40x40,MatchingNetwork,5,5,TKH,b-59-850,False,10,4000,2,exp1_permuted_src_datasets
383,268.48630952835083,0.0,1734657040.1379504,,0.20132924616336823,1.0,0.001,1,16,40x40,MatchingNetwork,5,5,TKH,b-59-850,False,10,4000,2,exp1_permuted_src_datasets
384,287.64374327659607,0.0,1734657059.2953842,0.89975,,,0.001,1,16,40x40,MatchingNetwork,5,5,TKH,b-59-850,False,10,4000,2,exp1_permuted_src_datasets
385,306.8204162120819,0.0,1734657078.472057,0.89775,,,0.001,1,16,40x40,MatchingNetwork,5,5,TKH,b-59-850,False,10,4000,2,exp1_permuted_src_datasets
386,306.84495759010315,0.0,1734657078.4965985,,0.1903502643108368,1.0,0.001,1,16,40x40,MatchingNetwork,5,5,TKH,b-59-850,False,10,4000,2,exp1_permuted_src_datasets
387,306.8953342437744,0.0,1734657078.5469751,,0.20311897993087769,1.0,0.001,1,16,40x40,MatchingNetwork,5,5,TKH,b-59-850,False,10,4000,2,exp1_permuted_src_datasets
388,306.94191431999207,0.0,1734657078.5935552,,0.2162918746471405,1.0,0.001,1,16,40x40,MatchingNetwork,5,5,TKH,b-59-850,False,10,4000,2,exp1_permuted_src_datasets
389,306.9888827800751,0.0,1734657078.6405237,,0.22829711437225342,1.0,0.001,1,16,40x40,MatchingNetwork,5,5,TKH,b-59-850,False,10,4000,2,exp1_permuted_src_datasets
390,307.0350024700165,0.0,1734657078.6866434,,0.21187187731266022,1.0,0.001,1,16,40x40,MatchingNetwork,5,5,TKH,b-59-850,False,10,4000,2,exp1_permuted_src_datasets
391,307.0815420150757,0.0,1734657078.733183,,0.23271732032299042,1.0,0.001,1,16,40x40,MatchingNetwork,5,5,TKH,b-59-850,False,10,4000,2,exp1_permuted_src_datasets
392,307.126314163208,0.0,1734657078.777955,,0.24097172915935516,1.0,0.001,1,16,40x40,MatchingNetwork,5,5,TKH,b-59-850,False,10,4000,2,exp1_permuted_src_datasets
393,307.1763451099396,0.0,1734657078.827986,,0.2451338768005371,1.0,0.001,1,16,40x40,MatchingNetwork,5,5,TKH,b-59-850,False,10,4000,2,exp1_permuted_src_datasets
394,307.2218153476715,0.0,1734657078.8734562,,0.21721194684505463,1.0,0.001,1,16,40x40,MatchingNetwork,5,5,TKH,b-59-850,False,10,4000,2,exp1_permuted_src_datasets
395,307.2663199901581,0.0,1734657078.917961,,0.20938506722450256,1.0,0.001,1,16,40x40,MatchingNetwork,5,5,TKH,b-59-850,False,10,4000,2,exp1_permuted_src_datasets
396,307.31150698661804,0.0,1734657078.9631479,,0.2119988352060318,1.0,0.001,1,16,40x40,MatchingNetwork,5,5,TKH,b-59-850,False,10,4000,2,exp1_permuted_src_datasets
397,307.35585927963257,0.0,1734657079.0075002,,0.2587881088256836,1.0,0.001,1,16,40x40,MatchingNetwork,5,5,TKH,b-59-850,False,10,4000,2,exp1_permuted_src_datasets
398,307.40111446380615,0.0,1734657079.0527554,,0.20334520936012268,1.0,0.001,1,16,40x40,MatchingNetwork,5,5,TKH,b-59-850,False,10,4000,2,exp1_permuted_src_datasets
399,307.4465572834015,0.0,1734657079.0981982,,0.2501083016395569,1.0,0.001,1,16,40x40,MatchingNetwork,5,5,TKH,b-59-850,False,10,4000,2,exp1_permuted_src_datasets
400,307.4914402961731,0.0,1734657079.1430812,,0.22197671234607697,1.0,0.001,1,16,40x40,MatchingNetwork,5,5,TKH,b-59-850,False,10,4000,2,exp1_permuted_src_datasets
401,307.5369997024536,0.0,1734657079.1886406,,0.26825982332229614,1.0,0.001,1,16,40x40,MatchingNetwork,5,5,TKH,b-59-850,False,10,4000,2,exp1_permuted_src_datasets
402,307.580783367157,0.0,1734657079.2324243,,0.20786069333553314,1.0,0.001,1,16,40x40,MatchingNetwork,5,5,TKH,b-59-850,False,10,4000,2,exp1_permuted_src_datasets
403,307.6256477832794,0.0,1734657079.2772887,,0.2267564833164215,1.0,0.001,1,16,40x40,MatchingNetwork,5,5,TKH,b-59-850,False,10,4000,2,exp1_permuted_src_datasets
404,307.67063665390015,0.0,1734657079.3222775,,0.2081286758184433,1.0,0.001,1,16,40x40,MatchingNetwork,5,5,TKH,b-59-850,False,10,4000,2,exp1_permuted_src_datasets
405,307.71519231796265,0.0,1734657079.3668332,,0.272761732339859,1.0,0.001,1,16,40x40,MatchingNetwork,5,5,TKH,b-59-850,False,10,4000,2,exp1_permuted_src_datasets
406,307.760116815567,0.0,1734657079.4117577,,0.21448668837547302,1.0,0.001,1,16,40x40,MatchingNetwork,5,5,TKH,b-59-850,False,10,4000,2,exp1_permuted_src_datasets
407,307.805340051651,0.0,1734657079.456981,,0.19890466332435608,1.0,0.001,1,16,40x40,MatchingNetwork,5,5,TKH,b-59-850,False,10,4000,2,exp1_permuted_src_datasets
408,307.8501846790314,0.0,1734657079.5018256,,0.2184152603149414,1.0,0.001,1,16,40x40,MatchingNetwork,5,5,TKH,b-59-850,False,10,4000,2,exp1_permuted_src_datasets
409,307.8958704471588,0.0,1734657079.5475113,,0.2399374395608902,1.0,0.001,1,16,40x40,MatchingNetwork,5,5,TKH,b-59-850,False,10,4000,2,exp1_permuted_src_datasets
410,307.9416561126709,0.0,1734657079.593297,,0.23486095666885376,1.0,0.001,1,16,40x40,MatchingNetwork,5,5,TKH,b-59-850,False,10,4000,2,exp1_permuted_src_datasets
411,307.9874367713928,0.0,1734657079.6390777,,0.22761176526546478,1.0,0.001,1,16,40x40,MatchingNetwork,5,5,TKH,b-59-850,False,10,4000,2,exp1_permuted_src_datasets
412,308.033141374588,0.0,1734657079.6847823,,0.22387897968292236,1.0,0.001,1,16,40x40,MatchingNetwork,5,5,TKH,b-59-850,False,10,4000,2,exp1_permuted_src_datasets
413,308.0781316757202,0.0,1734657079.7297726,,0.18674926459789276,1.0,0.001,1,16,40x40,MatchingNetwork,5,5,TKH,b-59-850,False,10,4000,2,exp1_permuted_src_datasets
414,308.12365078926086,0.0,1734657079.7752917,,0.19157017767429352,1.0,0.001,1,16,40x40,MatchingNetwork,5,5,TKH,b-59-850,False,10,4000,2,exp1_permuted_src_datasets
415,308.16875433921814,0.0,1734657079.8203952,,0.2534450888633728,1.0,0.001,1,16,40x40,MatchingNetwork,5,5,TKH,b-59-850,False,10,4000,2,exp1_permuted_src_datasets
416,308.2144920825958,0.0,1734657079.866133,,0.23714673519134521,1.0,0.001,1,16,40x40,MatchingNetwork,5,5,TKH,b-59-850,False,10,4000,2,exp1_permuted_src_datasets
417,308.25956773757935,0.0,1734657079.9112086,,0.20716385543346405,1.0,0.001,1,16,40x40,MatchingNetwork,5,5,TKH,b-59-850,False,10,4000,2,exp1_permuted_src_datasets
418,308.30503273010254,0.0,1734657079.9566736,,0.2048341929912567,1.0,0.001,1,16,40x40,MatchingNetwork,5,5,TKH,b-59-850,False,10,4000,2,exp1_permuted_src_datasets
419,308.34854221343994,0.0,1734657080.000183,,0.2113989144563675,1.0,0.001,1,16,40x40,MatchingNetwork,5,5,TKH,b-59-850,False,10,4000,2,exp1_permuted_src_datasets
420,308.392582654953,0.0,1734657080.0442235,,0.20725122094154358,1.0,0.001,1,16,40x40,MatchingNetwork,5,5,TKH,b-59-850,False,10,4000,2,exp1_permuted_src_datasets
421,308.4372103214264,0.0,1734657080.0888512,,0.25408926606178284,1.0,0.001,1,16,40x40,MatchingNetwork,5,5,TKH,b-59-850,False,10,4000,2,exp1_permuted_src_datasets
422,308.48175573349,0.0,1734657080.1333966,,0.22960339486598969,1.0,0.001,1,16,40x40,MatchingNetwork,5,5,TKH,b-59-850,False,10,4000,2,exp1_permuted_src_datasets
423,308.52692341804504,0.0,1734657080.1785643,,0.20651470124721527,1.0,0.001,1,16,40x40,MatchingNetwork,5,5,TKH,b-59-850,False,10,4000,2,exp1_permuted_src_datasets
424,308.5731530189514,0.0,1734657080.224794,,0.2325696349143982,1.0,0.001,1,16,40x40,MatchingNetwork,5,5,TKH,b-59-850,False,10,4000,2,exp1_permuted_src_datasets
425,308.6185734272003,0.0,1734657080.2702143,,0.21529428660869598,1.0,0.001,1,16,40x40,MatchingNetwork,5,5,TKH,b-59-850,False,10,4000,2,exp1_permuted_src_datasets
426,308.6688005924225,0.0,1734657080.3204415,,0.2351289689540863,1.0,0.001,1,16,40x40,MatchingNetwork,5,5,TKH,b-59-850,False,10,4000,2,exp1_permuted_src_datasets
427,308.7149877548218,0.0,1734657080.3666286,,0.23756015300750732,1.0,0.001,1,16,40x40,MatchingNetwork,5,5,TKH,b-59-850,False,10,4000,2,exp1_permuted_src_datasets
428,308.7614390850067,0.0,1734657080.41308,,0.2244957685470581,1.0,0.001,1,16,40x40,MatchingNetwork,5,5,TKH,b-59-850,False,10,4000,2,exp1_permuted_src_datasets
429,308.80652046203613,0.0,1734657080.4581614,,0.21458157896995544,1.0,0.001,1,16,40x40,MatchingNetwork,5,5,TKH,b-59-850,False,10,4000,2,exp1_permuted_src_datasets
430,308.8510181903839,0.0,1734657080.502659,,0.22082649171352386,1.0,0.001,1,16,40x40,MatchingNetwork,5,5,TKH,b-59-850,False,10,4000,2,exp1_permuted_src_datasets
431,308.89581179618835,0.0,1734657080.5474527,,0.20839689671993256,1.0,0.001,1,16,40x40,MatchingNetwork,5,5,TKH,b-59-850,False,10,4000,2,exp1_permuted_src_datasets
432,308.94025588035583,0.0,1734657080.5918968,,0.20674815773963928,1.0,0.001,1,16,40x40,MatchingNetwork,5,5,TKH,b-59-850,False,10,4000,2,exp1_permuted_src_datasets
433,308.98553681373596,0.0,1734657080.6371777,,0.24045990407466888,1.0,0.001,1,16,40x40,MatchingNetwork,5,5,TKH,b-59-850,False,10,4000,2,exp1_permuted_src_datasets
434,309.03102374076843,0.0,1734657080.6826646,,0.231278195977211,1.0,0.001,1,16,40x40,MatchingNetwork,5,5,TKH,b-59-850,False,10,4000,2,exp1_permuted_src_datasets
435,309.07556200027466,0.0,1734657080.727203,,0.20791392028331757,1.0,0.001,1,16,40x40,MatchingNetwork,5,5,TKH,b-59-850,False,10,4000,2,exp1_permuted_src_datasets
436,309.12030148506165,0.0,1734657080.7719424,,0.20897336304187775,1.0,0.001,1,16,40x40,MatchingNetwork,5,5,TKH,b-59-850,False,10,4000,2,exp1_permuted_src_datasets
437,309.16567039489746,0.0,1734657080.8173113,,0.22927986085414886,1.0,0.001,1,16,40x40,MatchingNetwork,5,5,TKH,b-59-850,False,10,4000,2,exp1_permuted_src_datasets
438,309.21036291122437,0.0,1734657080.8620038,,0.24422945082187653,1.0,0.001,1,16,40x40,MatchingNetwork,5,5,TKH,b-59-850,False,10,4000,2,exp1_permuted_src_datasets
439,309.2563273906708,0.0,1734657080.9079683,,0.23605602979660034,1.0,0.001,1,16,40x40,MatchingNetwork,5,5,TKH,b-59-850,False,10,4000,2,exp1_permuted_src_datasets
440,309.3015367984772,0.0,1734657080.9531777,,0.22825214266777039,1.0,0.001,1,16,40x40,MatchingNetwork,5,5,TKH,b-59-850,False,10,4000,2,exp1_permuted_src_datasets
441,309.3462679386139,0.0,1734657080.9979088,,0.22813525795936584,1.0,0.001,1,16,40x40,MatchingNetwork,5,5,TKH,b-59-850,False,10,4000,2,exp1_permuted_src_datasets
442,309.3927984237671,0.0,1734657081.0444393,,0.20507298409938812,1.0,0.001,1,16,40x40,MatchingNetwork,5,5,TKH,b-59-850,False,10,4000,2,exp1_permuted_src_datasets
443,309.435839176178,0.0,1734657081.08748,,0.24101291596889496,1.0,0.001,1,16,40x40,MatchingNetwork,5,5,TKH,b-59-850,False,10,4000,2,exp1_permuted_src_datasets
444,309.4805145263672,0.0,1734657081.1321554,,0.22166478633880615,1.0,0.001,1,16,40x40,MatchingNetwork,5,5,TKH,b-59-850,False,10,4000,2,exp1_permuted_src_datasets
445,309.52602434158325,0.0,1734657081.1776652,,0.1919855922460556,1.0,0.001,1,16,40x40,MatchingNetwork,5,5,TKH,b-59-850,False,10,4000,2,exp1_permuted_src_datasets
446,309.5711193084717,0.0,1734657081.2227602,,0.20652732253074646,1.0,0.001,1,16,40x40,MatchingNetwork,5,5,TKH,b-59-850,False,10,4000,2,exp1_permuted_src_datasets
447,309.61604046821594,0.0,1734657081.2676814,,0.23770582675933838,1.0,0.001,1,16,40x40,MatchingNetwork,5,5,TKH,b-59-850,False,10,4000,2,exp1_permuted_src_datasets
448,328.78517413139343,0.0,1734657100.436815,0.90225,,,0.001,1,16,40x40,MatchingNetwork,5,5,TKH,b-59-850,False,10,4000,2,exp1_permuted_src_datasets
449,348.0348265171051,0.0,1734657119.6864674,0.906,,,0.001,1,16,40x40,MatchingNetwork,5,5,TKH,b-59-850,False,10,4000,2,exp1_permuted_src_datasets
450,348.05817580223083,0.0,1734657119.7098167,,0.21585655212402344,1.0,0.001,1,16,40x40,MatchingNetwork,5,5,TKH,b-59-850,False,10,4000,2,exp1_permuted_src_datasets
451,348.10315775871277,0.0,1734657119.7547987,,0.2475660890340805,1.0,0.001,1,16,40x40,MatchingNetwork,5,5,TKH,b-59-850,False,10,4000,2,exp1_permuted_src_datasets
452,348.14843940734863,0.0,1734657119.8000803,,0.2044842690229416,1.0,0.001,1,16,40x40,MatchingNetwork,5,5,TKH,b-59-850,False,10,4000,2,exp1_permuted_src_datasets
453,348.1934792995453,0.0,1734657119.8451202,,0.2273440659046173,1.0,0.001,1,16,40x40,MatchingNetwork,5,5,TKH,b-59-850,False,10,4000,2,exp1_permuted_src_datasets
454,348.23854303359985,0.0,1734657119.890184,,0.22753800451755524,1.0,0.001,1,16,40x40,MatchingNetwork,5,5,TKH,b-59-850,False,10,4000,2,exp1_permuted_src_datasets
455,348.28950095176697,0.0,1734657119.9411418,,0.25202539563179016,1.0,0.001,1,16,40x40,MatchingNetwork,5,5,TKH,b-59-850,False,10,4000,2,exp1_permuted_src_datasets
456,348.3364338874817,0.0,1734657119.9880748,,0.19807656109333038,1.0,0.001,1,16,40x40,MatchingNetwork,5,5,TKH,b-59-850,False,10,4000,2,exp1_permuted_src_datasets
457,348.4119279384613,0.0,1734657120.0635688,,0.24842125177383423,1.0,0.001,1,16,40x40,MatchingNetwork,5,5,TKH,b-59-850,False,10,4000,2,exp1_permuted_src_datasets
458,348.4589886665344,0.0,1734657120.1106296,,0.26440832018852234,1.0,0.001,1,16,40x40,MatchingNetwork,5,5,TKH,b-59-850,False,10,4000,2,exp1_permuted_src_datasets
459,348.5035970211029,0.0,1734657120.155238,,0.2190990298986435,1.0,0.001,1,16,40x40,MatchingNetwork,5,5,TKH,b-59-850,False,10,4000,2,exp1_permuted_src_datasets
460,348.54853105545044,0.0,1734657120.200172,,0.23402486741542816,1.0,0.001,1,16,40x40,MatchingNetwork,5,5,TKH,b-59-850,False,10,4000,2,exp1_permuted_src_datasets
461,348.593017578125,0.0,1734657120.2446585,,0.23764124512672424,1.0,0.001,1,16,40x40,MatchingNetwork,5,5,TKH,b-59-850,False,10,4000,2,exp1_permuted_src_datasets
462,348.63727378845215,0.0,1734657120.2889147,,0.18872836232185364,1.0,0.001,1,16,40x40,MatchingNetwork,5,5,TKH,b-59-850,False,10,4000,2,exp1_permuted_src_datasets
463,348.68122839927673,0.0,1734657120.3328693,,0.20796529948711395,1.0,0.001,1,16,40x40,MatchingNetwork,5,5,TKH,b-59-850,False,10,4000,2,exp1_permuted_src_datasets
464,348.72476959228516,0.0,1734657120.3764105,,0.23316706717014313,1.0,0.001,1,16,40x40,MatchingNetwork,5,5,TKH,b-59-850,False,10,4000,2,exp1_permuted_src_datasets
465,348.76938343048096,0.0,1734657120.4210243,,0.2271919846534729,1.0,0.001,1,16,40x40,MatchingNetwork,5,5,TKH,b-59-850,False,10,4000,2,exp1_permuted_src_datasets
466,348.8146779537201,0.0,1734657120.4663188,,0.20954692363739014,1.0,0.001,1,16,40x40,MatchingNetwork,5,5,TKH,b-59-850,False,10,4000,2,exp1_permuted_src_datasets
467,348.8593940734863,0.0,1734657120.511035,,0.24010604619979858,1.0,0.001,1,16,40x40,MatchingNetwork,5,5,TKH,b-59-850,False,10,4000,2,exp1_permuted_src_datasets
468,348.903352022171,0.0,1734657120.554993,,0.2406579852104187,1.0,0.001,1,16,40x40,MatchingNetwork,5,5,TKH,b-59-850,False,10,4000,2,exp1_permuted_src_datasets
469,348.94805932044983,0.0,1734657120.5997002,,0.2509450912475586,1.0,0.001,1,16,40x40,MatchingNetwork,5,5,TKH,b-59-850,False,10,4000,2,exp1_permuted_src_datasets
470,348.99300026893616,0.0,1734657120.6446412,,0.2176142781972885,1.0,0.001,1,16,40x40,MatchingNetwork,5,5,TKH,b-59-850,False,10,4000,2,exp1_permuted_src_datasets
471,349.0382492542267,0.0,1734657120.6898901,,0.2080959975719452,1.0,0.001,1,16,40x40,MatchingNetwork,5,5,TKH,b-59-850,False,10,4000,2,exp1_permuted_src_datasets
472,349.0822584629059,0.0,1734657120.7338994,,0.18867775797843933,1.0,0.001,1,16,40x40,MatchingNetwork,5,5,TKH,b-59-850,False,10,4000,2,exp1_permuted_src_datasets
473,349.1267604827881,0.0,1734657120.7784014,,0.24943457543849945,1.0,0.001,1,16,40x40,MatchingNetwork,5,5,TKH,b-59-850,False,10,4000,2,exp1_permuted_src_datasets
474,349.1737496852875,0.0,1734657120.8253906,,0.22530876100063324,1.0,0.001,1,16,40x40,MatchingNetwork,5,5,TKH,b-59-850,False,10,4000,2,exp1_permuted_src_datasets
475,349.21883893013,0.0,1734657120.8704798,,0.21085524559020996,1.0,0.001,1,16,40x40,MatchingNetwork,5,5,TKH,b-59-850,False,10,4000,2,exp1_permuted_src_datasets
476,349.26359272003174,0.0,1734657120.9152336,,0.1967700719833374,1.0,0.001,1,16,40x40,MatchingNetwork,5,5,TKH,b-59-850,False,10,4000,2,exp1_permuted_src_datasets
477,349.30865383148193,0.0,1734657120.9602947,,0.23914207518100739,1.0,0.001,1,16,40x40,MatchingNetwork,5,5,TKH,b-59-850,False,10,4000,2,exp1_permuted_src_datasets
478,349.35326170921326,0.0,1734657121.0049026,,0.26455578207969666,1.0,0.001,1,16,40x40,MatchingNetwork,5,5,TKH,b-59-850,False,10,4000,2,exp1_permuted_src_datasets
479,349.3978717327118,0.0,1734657121.0495126,,0.2089793086051941,1.0,0.001,1,16,40x40,MatchingNetwork,5,5,TKH,b-59-850,False,10,4000,2,exp1_permuted_src_datasets
480,349.4435119628906,0.0,1734657121.0951529,,0.21096357703208923,1.0,0.001,1,16,40x40,MatchingNetwork,5,5,TKH,b-59-850,False,10,4000,2,exp1_permuted_src_datasets
481,349.4888405799866,0.0,1734657121.1404815,,0.2216707468032837,1.0,0.001,1,16,40x40,MatchingNetwork,5,5,TKH,b-59-850,False,10,4000,2,exp1_permuted_src_datasets
482,349.53404355049133,0.0,1734657121.1856844,,0.1908654123544693,1.0,0.001,1,16,40x40,MatchingNetwork,5,5,TKH,b-59-850,False,10,4000,2,exp1_permuted_src_datasets
483,349.57890152931213,0.0,1734657121.2305424,,0.25776445865631104,1.0,0.001,1,16,40x40,MatchingNetwork,5,5,TKH,b-59-850,False,10,4000,2,exp1_permuted_src_datasets
484,349.6237781047821,0.0,1734657121.275419,,0.19445323944091797,1.0,0.001,1,16,40x40,MatchingNetwork,5,5,TKH,b-59-850,False,10,4000,2,exp1_permuted_src_datasets
485,349.6680564880371,0.0,1734657121.3196974,,0.22978727519512177,1.0,0.001,1,16,40x40,MatchingNetwork,5,5,TKH,b-59-850,False,10,4000,2,exp1_permuted_src_datasets
486,349.71281027793884,0.0,1734657121.3644512,,0.21630357205867767,1.0,0.001,1,16,40x40,MatchingNetwork,5,5,TKH,b-59-850,False,10,4000,2,exp1_permuted_src_datasets
487,349.75759649276733,0.0,1734657121.4092374,,0.2048836499452591,1.0,0.001,1,16,40x40,MatchingNetwork,5,5,TKH,b-59-850,False,10,4000,2,exp1_permuted_src_datasets
488,349.8068149089813,0.0,1734657121.4584558,,0.21477141976356506,1.0,0.001,1,16,40x40,MatchingNetwork,5,5,TKH,b-59-850,False,10,4000,2,exp1_permuted_src_datasets
489,349.85118198394775,0.0,1734657121.5028229,,0.25899747014045715,1.0,0.001,1,16,40x40,MatchingNetwork,5,5,TKH,b-59-850,False,10,4000,2,exp1_permuted_src_datasets
490,349.8948185443878,0.0,1734657121.5464594,,0.19185946881771088,1.0,0.001,1,16,40x40,MatchingNetwork,5,5,TKH,b-59-850,False,10,4000,2,exp1_permuted_src_datasets
491,349.9390971660614,0.0,1734657121.590738,,0.24694189429283142,1.0,0.001,1,16,40x40,MatchingNetwork,5,5,TKH,b-59-850,False,10,4000,2,exp1_permuted_src_datasets
492,349.983464717865,0.0,1734657121.6351056,,0.20601974427700043,1.0,0.001,1,16,40x40,MatchingNetwork,5,5,TKH,b-59-850,False,10,4000,2,exp1_permuted_src_datasets
493,350.02887630462646,0.0,1734657121.6805172,,0.23849552869796753,1.0,0.001,1,16,40x40,MatchingNetwork,5,5,TKH,b-59-850,False,10,4000,2,exp1_permuted_src_datasets
494,350.07562613487244,0.0,1734657121.727267,,0.22241349518299103,1.0,0.001,1,16,40x40,MatchingNetwork,5,5,TKH,b-59-850,False,10,4000,2,exp1_permuted_src_datasets
495,350.118780374527,0.0,1734657121.7704213,,0.19622743129730225,1.0,0.001,1,16,40x40,MatchingNetwork,5,5,TKH,b-59-850,False,10,4000,2,exp1_permuted_src_datasets
496,350.16509675979614,0.0,1734657121.8167377,,0.20348553359508514,1.0,0.001,1,16,40x40,MatchingNetwork,5,5,TKH,b-59-850,False,10,4000,2,exp1_permuted_src_datasets
497,350.21029567718506,0.0,1734657121.8619366,,0.1980072408914566,1.0,0.001,1,16,40x40,MatchingNetwork,5,5,TKH,b-59-850,False,10,4000,2,exp1_permuted_src_datasets
498,350.2550599575043,0.0,1734657121.9067008,,0.2178346812725067,1.0,0.001,1,16,40x40,MatchingNetwork,5,5,TKH,b-59-850,False,10,4000,2,exp1_permuted_src_datasets
499,350.29987478256226,0.0,1734657121.9515157,,0.19777558743953705,1.0,0.001,1,16,40x40,MatchingNetwork,5,5,TKH,b-59-850,False,10,4000,2,exp1_permuted_src_datasets
500,350.3453142642975,0.0,1734657121.9969552,,0.19871969521045685,1.0,0.001,1,16,40x40,MatchingNetwork,5,5,TKH,b-59-850,False,10,4000,2,exp1_permuted_src_datasets
501,350.3901414871216,0.0,1734657122.0417824,,0.20244401693344116,1.0,0.001,1,16,40x40,MatchingNetwork,5,5,TKH,b-59-850,False,10,4000,2,exp1_permuted_src_datasets
502,350.4359920024872,0.0,1734657122.087633,,0.20075464248657227,1.0,0.001,1,16,40x40,MatchingNetwork,5,5,TKH,b-59-850,False,10,4000,2,exp1_permuted_src_datasets
503,350.48126769065857,0.0,1734657122.1329086,,0.20837746560573578,1.0,0.001,1,16,40x40,MatchingNetwork,5,5,TKH,b-59-850,False,10,4000,2,exp1_permuted_src_datasets
504,350.52623081207275,0.0,1734657122.1778717,,0.24965812265872955,1.0,0.001,1,16,40x40,MatchingNetwork,5,5,TKH,b-59-850,False,10,4000,2,exp1_permuted_src_datasets
505,350.57069730758667,0.0,1734657122.2223382,,0.2253393530845642,1.0,0.001,1,16,40x40,MatchingNetwork,5,5,TKH,b-59-850,False,10,4000,2,exp1_permuted_src_datasets
506,350.6154441833496,0.0,1734657122.267085,,0.21575428545475006,1.0,0.001,1,16,40x40,MatchingNetwork,5,5,TKH,b-59-850,False,10,4000,2,exp1_permuted_src_datasets
507,350.6601371765137,0.0,1734657122.311778,,0.20766006410121918,1.0,0.001,1,16,40x40,MatchingNetwork,5,5,TKH,b-59-850,False,10,4000,2,exp1_permuted_src_datasets
508,350.70567178726196,0.0,1734657122.3573127,,0.2297421544790268,1.0,0.001,1,16,40x40,MatchingNetwork,5,5,TKH,b-59-850,False,10,4000,2,exp1_permuted_src_datasets
509,350.7506501674652,0.0,1734657122.402291,,0.22895509004592896,1.0,0.001,1,16,40x40,MatchingNetwork,5,5,TKH,b-59-850,False,10,4000,2,exp1_permuted_src_datasets
510,350.7946527004242,0.0,1734657122.4462936,,0.26055654883384705,1.0,0.001,1,16,40x40,MatchingNetwork,5,5,TKH,b-59-850,False,10,4000,2,exp1_permuted_src_datasets
511,350.83995842933655,0.0,1734657122.4915993,,0.21557700634002686,1.0,0.001,1,16,40x40,MatchingNetwork,5,5,TKH,b-59-850,False,10,4000,2,exp1_permuted_src_datasets
512,369.96817779541016,0.0,1734657141.6198187,0.904,,,0.001,1,16,40x40,MatchingNetwork,5,5,TKH,b-59-850,False,10,4000,2,exp1_permuted_src_datasets
513,389.12157464027405,0.0,1734657160.7732155,0.89825,,,0.001,1,16,40x40,MatchingNetwork,5,5,TKH,b-59-850,False,10,4000,2,exp1_permuted_src_datasets
514,389.14478826522827,0.0,1734657160.7964292,,0.22048205137252808,1.0,0.001,1,16,40x40,MatchingNetwork,5,5,TKH,b-59-850,False,10,4000,2,exp1_permuted_src_datasets
515,389.1896743774414,0.0,1734657160.8413153,,0.22801628708839417,1.0,0.001,1,16,40x40,MatchingNetwork,5,5,TKH,b-59-850,False,10,4000,2,exp1_permuted_src_datasets
516,389.2360496520996,0.0,1734657160.8876905,,0.21928143501281738,1.0,0.001,1,16,40x40,MatchingNetwork,5,5,TKH,b-59-850,False,10,4000,2,exp1_permuted_src_datasets
517,389.281920671463,0.0,1734657160.9335616,,0.22823993861675262,1.0,0.001,1,16,40x40,MatchingNetwork,5,5,TKH,b-59-850,False,10,4000,2,exp1_permuted_src_datasets
518,389.33096075057983,0.0,1734657160.9826016,,0.2541320025920868,1.0,0.001,1,16,40x40,MatchingNetwork,5,5,TKH,b-59-850,False,10,4000,2,exp1_permuted_src_datasets
519,389.37728476524353,0.0,1734657161.0289257,,0.23309698700904846,1.0,0.001,1,16,40x40,MatchingNetwork,5,5,TKH,b-59-850,False,10,4000,2,exp1_permuted_src_datasets
520,389.4488694667816,0.0,1734657161.1005104,,0.22432637214660645,1.0,0.001,1,16,40x40,MatchingNetwork,5,5,TKH,b-59-850,False,10,4000,2,exp1_permuted_src_datasets
521,389.49700689315796,0.0,1734657161.1486478,,0.23830993473529816,1.0,0.001,1,16,40x40,MatchingNetwork,5,5,TKH,b-59-850,False,10,4000,2,exp1_permuted_src_datasets
522,389.542049407959,0.0,1734657161.1936903,,0.24339815974235535,1.0,0.001,1,16,40x40,MatchingNetwork,5,5,TKH,b-59-850,False,10,4000,2,exp1_permuted_src_datasets
523,389.5882987976074,0.0,1734657161.2399397,,0.25482887029647827,1.0,0.001,1,16,40x40,MatchingNetwork,5,5,TKH,b-59-850,False,10,4000,2,exp1_permuted_src_datasets
524,389.633469581604,0.0,1734657161.2851105,,0.20192047953605652,1.0,0.001,1,16,40x40,MatchingNetwork,5,5,TKH,b-59-850,False,10,4000,2,exp1_permuted_src_datasets
525,389.6806311607361,0.0,1734657161.332272,,0.22210973501205444,1.0,0.001,1,16,40x40,MatchingNetwork,5,5,TKH,b-59-850,False,10,4000,2,exp1_permuted_src_datasets
526,389.7263832092285,0.0,1734657161.378024,,0.23596325516700745,1.0,0.001,1,16,40x40,MatchingNetwork,5,5,TKH,b-59-850,False,10,4000,2,exp1_permuted_src_datasets
527,389.77214074134827,0.0,1734657161.4237816,,0.208677738904953,1.0,0.001,1,16,40x40,MatchingNetwork,5,5,TKH,b-59-850,False,10,4000,2,exp1_permuted_src_datasets
528,389.8172285556793,0.0,1734657161.4688694,,0.2125275582075119,1.0,0.001,1,16,40x40,MatchingNetwork,5,5,TKH,b-59-850,False,10,4000,2,exp1_permuted_src_datasets
529,389.86229825019836,0.0,1734657161.5139391,,0.23620976507663727,1.0,0.001,1,16,40x40,MatchingNetwork,5,5,TKH,b-59-850,False,10,4000,2,exp1_permuted_src_datasets
530,389.907408952713,0.0,1734657161.5590498,,0.2620256245136261,1.0,0.001,1,16,40x40,MatchingNetwork,5,5,TKH,b-59-850,False,10,4000,2,exp1_permuted_src_datasets
531,389.9523651599884,0.0,1734657161.604006,,0.18757674098014832,1.0,0.001,1,16,40x40,MatchingNetwork,5,5,TKH,b-59-850,False,10,4000,2,exp1_permuted_src_datasets
532,389.99826431274414,0.0,1734657161.6499052,,0.1891278177499771,1.0,0.001,1,16,40x40,MatchingNetwork,5,5,TKH,b-59-850,False,10,4000,2,exp1_permuted_src_datasets
533,390.04290294647217,0.0,1734657161.6945438,,0.18490636348724365,1.0,0.001,1,16,40x40,MatchingNetwork,5,5,TKH,b-59-850,False,10,4000,2,exp1_permuted_src_datasets
534,390.08973956108093,0.0,1734657161.7413805,,0.2325458526611328,1.0,0.001,1,16,40x40,MatchingNetwork,5,5,TKH,b-59-850,False,10,4000,2,exp1_permuted_src_datasets
535,390.1349730491638,0.0,1734657161.786614,,0.21323195099830627,1.0,0.001,1,16,40x40,MatchingNetwork,5,5,TKH,b-59-850,False,10,4000,2,exp1_permuted_src_datasets
536,390.1797125339508,0.0,1734657161.8313534,,0.23412829637527466,1.0,0.001,1,16,40x40,MatchingNetwork,5,5,TKH,b-59-850,False,10,4000,2,exp1_permuted_src_datasets
537,390.2255554199219,0.0,1734657161.8771963,,0.21613186597824097,1.0,0.001,1,16,40x40,MatchingNetwork,5,5,TKH,b-59-850,False,10,4000,2,exp1_permuted_src_datasets
538,390.2705285549164,0.0,1734657161.9221694,,0.21082289516925812,1.0,0.001,1,16,40x40,MatchingNetwork,5,5,TKH,b-59-850,False,10,4000,2,exp1_permuted_src_datasets
539,390.3146986961365,0.0,1734657161.9663396,,0.2156519740819931,1.0,0.001,1,16,40x40,MatchingNetwork,5,5,TKH,b-59-850,False,10,4000,2,exp1_permuted_src_datasets
540,390.3588864803314,0.0,1734657162.0105274,,0.1953590363264084,1.0,0.001,1,16,40x40,MatchingNetwork,5,5,TKH,b-59-850,False,10,4000,2,exp1_permuted_src_datasets
541,390.4039239883423,0.0,1734657162.0555649,,0.22888167202472687,1.0,0.001,1,16,40x40,MatchingNetwork,5,5,TKH,b-59-850,False,10,4000,2,exp1_permuted_src_datasets
542,390.45011043548584,0.0,1734657162.1017513,,0.2202368676662445,1.0,0.001,1,16,40x40,MatchingNetwork,5,5,TKH,b-59-850,False,10,4000,2,exp1_permuted_src_datasets
543,390.49495339393616,0.0,1734657162.1465943,,0.19879776239395142,1.0,0.001,1,16,40x40,MatchingNetwork,5,5,TKH,b-59-850,False,10,4000,2,exp1_permuted_src_datasets
544,390.5407474040985,0.0,1734657162.1923883,,0.20998835563659668,1.0,0.001,1,16,40x40,MatchingNetwork,5,5,TKH,b-59-850,False,10,4000,2,exp1_permuted_src_datasets
545,390.5857729911804,0.0,1734657162.237414,,0.23056034743785858,1.0,0.001,1,16,40x40,MatchingNetwork,5,5,TKH,b-59-850,False,10,4000,2,exp1_permuted_src_datasets
546,390.6323139667511,0.0,1734657162.2839549,,0.2037346363067627,1.0,0.001,1,16,40x40,MatchingNetwork,5,5,TKH,b-59-850,False,10,4000,2,exp1_permuted_src_datasets
547,390.6775200366974,0.0,1734657162.329161,,0.21213388442993164,1.0,0.001,1,16,40x40,MatchingNetwork,5,5,TKH,b-59-850,False,10,4000,2,exp1_permuted_src_datasets
548,390.72206377983093,0.0,1734657162.3737047,,0.22210091352462769,1.0,0.001,1,16,40x40,MatchingNetwork,5,5,TKH,b-59-850,False,10,4000,2,exp1_permuted_src_datasets
549,390.7670781612396,0.0,1734657162.418719,,0.21377235651016235,1.0,0.001,1,16,40x40,MatchingNetwork,5,5,TKH,b-59-850,False,10,4000,2,exp1_permuted_src_datasets
550,390.8121302127838,0.0,1734657162.463771,,0.230881929397583,1.0,0.001,1,16,40x40,MatchingNetwork,5,5,TKH,b-59-850,False,10,4000,2,exp1_permuted_src_datasets
551,390.8584396839142,0.0,1734657162.5100806,,0.23161211609840393,1.0,0.001,1,16,40x40,MatchingNetwork,5,5,TKH,b-59-850,False,10,4000,2,exp1_permuted_src_datasets
552,390.9038317203522,0.0,1734657162.5554726,,0.24443702399730682,1.0,0.001,1,16,40x40,MatchingNetwork,5,5,TKH,b-59-850,False,10,4000,2,exp1_permuted_src_datasets
553,390.94880294799805,0.0,1734657162.6004438,,0.27592945098876953,1.0,0.001,1,16,40x40,MatchingNetwork,5,5,TKH,b-59-850,False,10,4000,2,exp1_permuted_src_datasets
554,390.99419832229614,0.0,1734657162.6458392,,0.22717945277690887,1.0,0.001,1,16,40x40,MatchingNetwork,5,5,TKH,b-59-850,False,10,4000,2,exp1_permuted_src_datasets
555,391.03930497169495,0.0,1734657162.6909459,,0.2389293760061264,1.0,0.001,1,16,40x40,MatchingNetwork,5,5,TKH,b-59-850,False,10,4000,2,exp1_permuted_src_datasets
556,391.0847110748291,0.0,1734657162.736352,,0.19881050288677216,1.0,0.001,1,16,40x40,MatchingNetwork,5,5,TKH,b-59-850,False,10,4000,2,exp1_permuted_src_datasets
557,391.1290657520294,0.0,1734657162.7807066,,0.21987076103687286,1.0,0.001,1,16,40x40,MatchingNetwork,5,5,TKH,b-59-850,False,10,4000,2,exp1_permuted_src_datasets
558,391.1740770339966,0.0,1734657162.825718,,0.2493516504764557,1.0,0.001,1,16,40x40,MatchingNetwork,5,5,TKH,b-59-850,False,10,4000,2,exp1_permuted_src_datasets
559,391.2187819480896,0.0,1734657162.8704228,,0.20925916731357574,1.0,0.001,1,16,40x40,MatchingNetwork,5,5,TKH,b-59-850,False,10,4000,2,exp1_permuted_src_datasets
560,391.2630398273468,0.0,1734657162.9146807,,0.24262142181396484,1.0,0.001,1,16,40x40,MatchingNetwork,5,5,TKH,b-59-850,False,10,4000,2,exp1_permuted_src_datasets
561,391.30748200416565,0.0,1734657162.959123,,0.23162101209163666,1.0,0.001,1,16,40x40,MatchingNetwork,5,5,TKH,b-59-850,False,10,4000,2,exp1_permuted_src_datasets
562,391.35177206993103,0.0,1734657163.003413,,0.21302907168865204,1.0,0.001,1,16,40x40,MatchingNetwork,5,5,TKH,b-59-850,False,10,4000,2,exp1_permuted_src_datasets
563,391.3972542285919,0.0,1734657163.0488951,,0.2506527900695801,1.0,0.001,1,16,40x40,MatchingNetwork,5,5,TKH,b-59-850,False,10,4000,2,exp1_permuted_src_datasets
564,391.4424510002136,0.0,1734657163.094092,,0.1997634619474411,1.0,0.001,1,16,40x40,MatchingNetwork,5,5,TKH,b-59-850,False,10,4000,2,exp1_permuted_src_datasets
565,391.4871802330017,0.0,1734657163.1388211,,0.22124193608760834,1.0,0.001,1,16,40x40,MatchingNetwork,5,5,TKH,b-59-850,False,10,4000,2,exp1_permuted_src_datasets
566,391.53115606307983,0.0,1734657163.182797,,0.18012136220932007,1.0,0.001,1,16,40x40,MatchingNetwork,5,5,TKH,b-59-850,False,10,4000,2,exp1_permuted_src_datasets
567,391.57757806777954,0.0,1734657163.229219,,0.21613715589046478,1.0,0.001,1,16,40x40,MatchingNetwork,5,5,TKH,b-59-850,False,10,4000,2,exp1_permuted_src_datasets
568,391.62209367752075,0.0,1734657163.2737346,,0.20670820772647858,1.0,0.001,1,16,40x40,MatchingNetwork,5,5,TKH,b-59-850,False,10,4000,2,exp1_permuted_src_datasets
569,391.6668951511383,0.0,1734657163.318536,,0.23523062467575073,1.0,0.001,1,16,40x40,MatchingNetwork,5,5,TKH,b-59-850,False,10,4000,2,exp1_permuted_src_datasets
570,391.7130525112152,0.0,1734657163.3646934,,0.18911923468112946,1.0,0.001,1,16,40x40,MatchingNetwork,5,5,TKH,b-59-850,False,10,4000,2,exp1_permuted_src_datasets
571,391.757958650589,0.0,1734657163.4095995,,0.20154894888401031,1.0,0.001,1,16,40x40,MatchingNetwork,5,5,TKH,b-59-850,False,10,4000,2,exp1_permuted_src_datasets
572,391.8026101589203,0.0,1734657163.454251,,0.21769404411315918,1.0,0.001,1,16,40x40,MatchingNetwork,5,5,TKH,b-59-850,False,10,4000,2,exp1_permuted_src_datasets
573,391.869904756546,0.0,1734657163.5215456,,0.2172137051820755,1.0,0.001,1,16,40x40,MatchingNetwork,5,5,TKH,b-59-850,False,10,4000,2,exp1_permuted_src_datasets
574,391.93501710891724,0.0,1734657163.586658,,0.19262365996837616,1.0,0.001,1,16,40x40,MatchingNetwork,5,5,TKH,b-59-850,False,10,4000,2,exp1_permuted_src_datasets
575,391.9814977645874,0.0,1734657163.6331387,,0.2162581980228424,1.0,0.001,1,16,40x40,MatchingNetwork,5,5,TKH,b-59-850,False,10,4000,2,exp1_permuted_src_datasets
576,411.2441487312317,0.0,1734657182.8957896,0.89425,,,0.001,1,16,40x40,MatchingNetwork,5,5,TKH,b-59-850,False,10,4000,2,exp1_permuted_src_datasets
577,430.3972361087799,0.0,1734657202.048877,0.8955,,,0.001,1,16,40x40,MatchingNetwork,5,5,TKH,b-59-850,False,10,4000,2,exp1_permuted_src_datasets
578,430.42107677459717,0.0,1734657202.0727177,,0.20902583003044128,1.0,0.001,1,16,40x40,MatchingNetwork,5,5,TKH,b-59-850,False,10,4000,2,exp1_permuted_src_datasets
579,430.4666142463684,0.0,1734657202.1182551,,0.19774392247200012,1.0,0.001,1,16,40x40,MatchingNetwork,5,5,TKH,b-59-850,False,10,4000,2,exp1_permuted_src_datasets
580,430.5124650001526,0.0,1734657202.164106,,0.24130477011203766,1.0,0.001,1,16,40x40,MatchingNetwork,5,5,TKH,b-59-850,False,10,4000,2,exp1_permuted_src_datasets
581,430.5578155517578,0.0,1734657202.2094564,,0.1986372321844101,1.0,0.001,1,16,40x40,MatchingNetwork,5,5,TKH,b-59-850,False,10,4000,2,exp1_permuted_src_datasets
582,430.6027331352234,0.0,1734657202.254374,,0.23844894766807556,1.0,0.001,1,16,40x40,MatchingNetwork,5,5,TKH,b-59-850,False,10,4000,2,exp1_permuted_src_datasets
583,430.6486747264862,0.0,1734657202.3003156,,0.2509268820285797,1.0,0.001,1,16,40x40,MatchingNetwork,5,5,TKH,b-59-850,False,10,4000,2,exp1_permuted_src_datasets
584,430.693904876709,0.0,1734657202.3455458,,0.20869216322898865,1.0,0.001,1,16,40x40,MatchingNetwork,5,5,TKH,b-59-850,False,10,4000,2,exp1_permuted_src_datasets
585,430.7385902404785,0.0,1734657202.3902311,,0.24821868538856506,1.0,0.001,1,16,40x40,MatchingNetwork,5,5,TKH,b-59-850,False,10,4000,2,exp1_permuted_src_datasets
586,430.78281474113464,0.0,1734657202.4344556,,0.2141626626253128,1.0,0.001,1,16,40x40,MatchingNetwork,5,5,TKH,b-59-850,False,10,4000,2,exp1_permuted_src_datasets
587,430.8289968967438,0.0,1734657202.4806378,,0.20044994354248047,1.0,0.001,1,16,40x40,MatchingNetwork,5,5,TKH,b-59-850,False,10,4000,2,exp1_permuted_src_datasets
588,430.87307238578796,0.0,1734657202.5247133,,0.21181979775428772,1.0,0.001,1,16,40x40,MatchingNetwork,5,5,TKH,b-59-850,False,10,4000,2,exp1_permuted_src_datasets
589,430.9175841808319,0.0,1734657202.569225,,0.18887978792190552,1.0,0.001,1,16,40x40,MatchingNetwork,5,5,TKH,b-59-850,False,10,4000,2,exp1_permuted_src_datasets
590,430.9622220993042,0.0,1734657202.613863,,0.21036969125270844,1.0,0.001,1,16,40x40,MatchingNetwork,5,5,TKH,b-59-850,False,10,4000,2,exp1_permuted_src_datasets
591,431.00719356536865,0.0,1734657202.6588345,,0.21173487603664398,1.0,0.001,1,16,40x40,MatchingNetwork,5,5,TKH,b-59-850,False,10,4000,2,exp1_permuted_src_datasets
592,431.0522701740265,0.0,1734657202.703911,,0.24141940474510193,1.0,0.001,1,16,40x40,MatchingNetwork,5,5,TKH,b-59-850,False,10,4000,2,exp1_permuted_src_datasets
593,431.09689950942993,0.0,1734657202.7485404,,0.19637537002563477,1.0,0.001,1,16,40x40,MatchingNetwork,5,5,TKH,b-59-850,False,10,4000,2,exp1_permuted_src_datasets
594,431.1412842273712,0.0,1734657202.7929251,,0.2551259398460388,1.0,0.001,1,16,40x40,MatchingNetwork,5,5,TKH,b-59-850,False,10,4000,2,exp1_permuted_src_datasets
595,431.18792152404785,0.0,1734657202.8395624,,0.2206805944442749,1.0,0.001,1,16,40x40,MatchingNetwork,5,5,TKH,b-59-850,False,10,4000,2,exp1_permuted_src_datasets
596,431.23255228996277,0.0,1734657202.8841932,,0.2215953767299652,1.0,0.001,1,16,40x40,MatchingNetwork,5,5,TKH,b-59-850,False,10,4000,2,exp1_permuted_src_datasets
597,431.2764058113098,0.0,1734657202.9280467,,0.2063027024269104,1.0,0.001,1,16,40x40,MatchingNetwork,5,5,TKH,b-59-850,False,10,4000,2,exp1_permuted_src_datasets
598,431.32010197639465,0.0,1734657202.9717429,,0.2176683098077774,1.0,0.001,1,16,40x40,MatchingNetwork,5,5,TKH,b-59-850,False,10,4000,2,exp1_permuted_src_datasets
599,431.36452460289,0.0,1734657203.0161655,,0.196793794631958,1.0,0.001,1,16,40x40,MatchingNetwork,5,5,TKH,b-59-850,False,10,4000,2,exp1_permuted_src_datasets
600,431.41311383247375,0.0,1734657203.0647547,,0.21941913664340973,1.0,0.001,1,16,40x40,MatchingNetwork,5,5,TKH,b-59-850,False,10,4000,2,exp1_permuted_src_datasets
601,431.4598090648651,0.0,1734657203.11145,,0.21239733695983887,1.0,0.001,1,16,40x40,MatchingNetwork,5,5,TKH,b-59-850,False,10,4000,2,exp1_permuted_src_datasets
602,431.5038585662842,0.0,1734657203.1554995,,0.23318152129650116,1.0,0.001,1,16,40x40,MatchingNetwork,5,5,TKH,b-59-850,False,10,4000,2,exp1_permuted_src_datasets
603,431.5473732948303,0.0,1734657203.1990142,,0.20125147700309753,1.0,0.001,1,16,40x40,MatchingNetwork,5,5,TKH,b-59-850,False,10,4000,2,exp1_permuted_src_datasets
604,431.5912518501282,0.0,1734657203.2428927,,0.19396169483661652,1.0,0.001,1,16,40x40,MatchingNetwork,5,5,TKH,b-59-850,False,10,4000,2,exp1_permuted_src_datasets
605,431.63658022880554,0.0,1734657203.2882211,,0.2222406268119812,1.0,0.001,1,16,40x40,MatchingNetwork,5,5,TKH,b-59-850,False,10,4000,2,exp1_permuted_src_datasets
606,431.68021988868713,0.0,1734657203.3318608,,0.2172960489988327,1.0,0.001,1,16,40x40,MatchingNetwork,5,5,TKH,b-59-850,False,10,4000,2,exp1_permuted_src_datasets
607,431.7245919704437,0.0,1734657203.3762329,,0.21419256925582886,1.0,0.001,1,16,40x40,MatchingNetwork,5,5,TKH,b-59-850,False,10,4000,2,exp1_permuted_src_datasets
608,431.7696747779846,0.0,1734657203.4213157,,0.22454921901226044,1.0,0.001,1,16,40x40,MatchingNetwork,5,5,TKH,b-59-850,False,10,4000,2,exp1_permuted_src_datasets
609,431.8142628669739,0.0,1734657203.4659038,,0.1812819391489029,1.0,0.001,1,16,40x40,MatchingNetwork,5,5,TKH,b-59-850,False,10,4000,2,exp1_permuted_src_datasets
610,431.85950326919556,0.0,1734657203.5111442,,0.23239529132843018,1.0,0.001,1,16,40x40,MatchingNetwork,5,5,TKH,b-59-850,False,10,4000,2,exp1_permuted_src_datasets
611,431.9038805961609,0.0,1734657203.5555215,,0.2045426368713379,1.0,0.001,1,16,40x40,MatchingNetwork,5,5,TKH,b-59-850,False,10,4000,2,exp1_permuted_src_datasets
612,431.94902896881104,0.0,1734657203.6006699,,0.23052363097667694,1.0,0.001,1,16,40x40,MatchingNetwork,5,5,TKH,b-59-850,False,10,4000,2,exp1_permuted_src_datasets
613,431.99479246139526,0.0,1734657203.6464334,,0.19798028469085693,1.0,0.001,1,16,40x40,MatchingNetwork,5,5,TKH,b-59-850,False,10,4000,2,exp1_permuted_src_datasets
614,432.03963446617126,0.0,1734657203.6912754,,0.24260130524635315,1.0,0.001,1,16,40x40,MatchingNetwork,5,5,TKH,b-59-850,False,10,4000,2,exp1_permuted_src_datasets
615,432.0848956108093,0.0,1734657203.7365365,,0.24429918825626373,1.0,0.001,1,16,40x40,MatchingNetwork,5,5,TKH,b-59-850,False,10,4000,2,exp1_permuted_src_datasets
616,432.1291596889496,0.0,1734657203.7808006,,0.21697117388248444,1.0,0.001,1,16,40x40,MatchingNetwork,5,5,TKH,b-59-850,False,10,4000,2,exp1_permuted_src_datasets
617,432.17346262931824,0.0,1734657203.8251035,,0.23246163129806519,1.0,0.001,1,16,40x40,MatchingNetwork,5,5,TKH,b-59-850,False,10,4000,2,exp1_permuted_src_datasets
618,432.2168769836426,0.0,1734657203.8685179,,0.21078845858573914,1.0,0.001,1,16,40x40,MatchingNetwork,5,5,TKH,b-59-850,False,10,4000,2,exp1_permuted_src_datasets
619,432.2613580226898,0.0,1734657203.912999,,0.20898541808128357,1.0,0.001,1,16,40x40,MatchingNetwork,5,5,TKH,b-59-850,False,10,4000,2,exp1_permuted_src_datasets
620,432.3053615093231,0.0,1734657203.9570024,,0.19167259335517883,1.0,0.001,1,16,40x40,MatchingNetwork,5,5,TKH,b-59-850,False,10,4000,2,exp1_permuted_src_datasets
621,432.3530490398407,0.0,1734657204.00469,,0.2390642613172531,1.0,0.001,1,16,40x40,MatchingNetwork,5,5,TKH,b-59-850,False,10,4000,2,exp1_permuted_src_datasets
622,432.3990092277527,0.0,1734657204.0506501,,0.22873760759830475,1.0,0.001,1,16,40x40,MatchingNetwork,5,5,TKH,b-59-850,False,10,4000,2,exp1_permuted_src_datasets
623,432.4429986476898,0.0,1734657204.0946395,,0.23917685449123383,1.0,0.001,1,16,40x40,MatchingNetwork,5,5,TKH,b-59-850,False,10,4000,2,exp1_permuted_src_datasets
624,432.4888255596161,0.0,1734657204.1404665,,0.19963698089122772,1.0,0.001,1,16,40x40,MatchingNetwork,5,5,TKH,b-59-850,False,10,4000,2,exp1_permuted_src_datasets
625,432.5348596572876,0.0,1734657204.1865005,,0.21783597767353058,1.0,0.001,1,16,40x40,MatchingNetwork,5,5,TKH,b-59-850,False,10,4000,2,exp1_permuted_src_datasets
626,432.57973432540894,0.0,1734657204.2313752,,0.2094220519065857,1.0,0.001,1,16,40x40,MatchingNetwork,5,5,TKH,b-59-850,False,10,4000,2,exp1_permuted_src_datasets
627,432.6245939731598,0.0,1734657204.2762349,,0.20808401703834534,1.0,0.001,1,16,40x40,MatchingNetwork,5,5,TKH,b-59-850,False,10,4000,2,exp1_permuted_src_datasets
628,432.66919136047363,0.0,1734657204.3208323,,0.20500251650810242,1.0,0.001,1,16,40x40,MatchingNetwork,5,5,TKH,b-59-850,False,10,4000,2,exp1_permuted_src_datasets
629,432.7142961025238,0.0,1734657204.365937,,0.244329035282135,1.0,0.001,1,16,40x40,MatchingNetwork,5,5,TKH,b-59-850,False,10,4000,2,exp1_permuted_src_datasets
630,432.75960421562195,0.0,1734657204.411245,,0.2337178885936737,1.0,0.001,1,16,40x40,MatchingNetwork,5,5,TKH,b-59-850,False,10,4000,2,exp1_permuted_src_datasets
631,432.80408906936646,0.0,1734657204.45573,,0.2429354041814804,1.0,0.001,1,16,40x40,MatchingNetwork,5,5,TKH,b-59-850,False,10,4000,2,exp1_permuted_src_datasets
632,432.8512644767761,0.0,1734657204.5029054,,0.20646391808986664,1.0,0.001,1,16,40x40,MatchingNetwork,5,5,TKH,b-59-850,False,10,4000,2,exp1_permuted_src_datasets
633,432.89535427093506,0.0,1734657204.5469952,,0.19243010878562927,1.0,0.001,1,16,40x40,MatchingNetwork,5,5,TKH,b-59-850,False,10,4000,2,exp1_permuted_src_datasets
634,432.9407603740692,0.0,1734657204.5924013,,0.22174124419689178,1.0,0.001,1,16,40x40,MatchingNetwork,5,5,TKH,b-59-850,False,10,4000,2,exp1_permuted_src_datasets
635,432.9871413707733,0.0,1734657204.6387823,,0.1871928572654724,1.0,0.001,1,16,40x40,MatchingNetwork,5,5,TKH,b-59-850,False,10,4000,2,exp1_permuted_src_datasets
636,433.03148913383484,0.0,1734657204.68313,,0.22876927256584167,1.0,0.001,1,16,40x40,MatchingNetwork,5,5,TKH,b-59-850,False,10,4000,2,exp1_permuted_src_datasets
637,433.07713413238525,0.0,1734657204.728775,,0.1962697058916092,1.0,0.001,1,16,40x40,MatchingNetwork,5,5,TKH,b-59-850,False,10,4000,2,exp1_permuted_src_datasets
638,433.1220328807831,0.0,1734657204.7736738,,0.21542353928089142,1.0,0.001,1,16,40x40,MatchingNetwork,5,5,TKH,b-59-850,False,10,4000,2,exp1_permuted_src_datasets
639,433.16698575019836,0.0,1734657204.8186266,,0.24634212255477905,1.0,0.001,1,16,40x40,MatchingNetwork,5,5,TKH,b-59-850,False,10,4000,2,exp1_permuted_src_datasets
640,452.35675716400146,0.0,1734657224.008398,0.909,,,0.001,1,16,40x40,MatchingNetwork,5,5,TKH,b-59-850,False,10,4000,2,exp1_permuted_src_datasets
641,452.3771164417267,1.0,1734657224.0287573,,,,0.001,1,16,40x40,MatchingNetwork,5,5,TKH,b-59-850,False,10,4000,2,exp1_permuted_src_datasets
642,471.56622195243835,1.0,1734657243.2178628,0.8645,,,0.001,1,16,40x40,MatchingNetwork,5,5,TKH,b-59-850,False,10,4000,2,exp1_permuted_src_datasets
643,471.59691429138184,1.0,1734657243.2485552,,0.7004663944244385,1.0,0.001,1,16,40x40,MatchingNetwork,5,5,TKH,b-59-850,False,10,4000,2,exp1_permuted_src_datasets
644,471.6426281929016,1.0,1734657243.294269,,0.7227801084518433,1.0,0.001,1,16,40x40,MatchingNetwork,5,5,TKH,b-59-850,False,10,4000,2,exp1_permuted_src_datasets
645,471.68780541419983,1.0,1734657243.3394463,,0.725185751914978,1.0,0.001,1,16,40x40,MatchingNetwork,5,5,TKH,b-59-850,False,10,4000,2,exp1_permuted_src_datasets
646,471.7338709831238,1.0,1734657243.3855119,,0.5425599217414856,1.0,0.001,1,16,40x40,MatchingNetwork,5,5,TKH,b-59-850,False,10,4000,2,exp1_permuted_src_datasets
647,471.77902269363403,1.0,1734657243.4306636,,0.6196519136428833,1.0,0.001,1,16,40x40,MatchingNetwork,5,5,TKH,b-59-850,False,10,4000,2,exp1_permuted_src_datasets
648,471.8242633342743,1.0,1734657243.4759042,,0.670158863067627,1.0,0.001,1,16,40x40,MatchingNetwork,5,5,TKH,b-59-850,False,10,4000,2,exp1_permuted_src_datasets
649,471.87054443359375,1.0,1734657243.5221853,,0.5685219168663025,1.0,0.001,1,16,40x40,MatchingNetwork,5,5,TKH,b-59-850,False,10,4000,2,exp1_permuted_src_datasets
650,471.91577649116516,1.0,1734657243.5674174,,0.5915557742118835,1.0,0.001,1,16,40x40,MatchingNetwork,5,5,TKH,b-59-850,False,10,4000,2,exp1_permuted_src_datasets
651,471.96126651763916,1.0,1734657243.6129074,,0.47445276379585266,1.0,0.001,1,16,40x40,MatchingNetwork,5,5,TKH,b-59-850,False,10,4000,2,exp1_permuted_src_datasets
652,472.0055375099182,1.0,1734657243.6571784,,0.5201032757759094,1.0,0.001,1,16,40x40,MatchingNetwork,5,5,TKH,b-59-850,False,10,4000,2,exp1_permuted_src_datasets
653,472.05077481269836,1.0,1734657243.7024157,,0.5706480741500854,0.9375,0.001,1,16,40x40,MatchingNetwork,5,5,TKH,b-59-850,False,10,4000,2,exp1_permuted_src_datasets
654,472.0966565608978,1.0,1734657243.7482975,,0.4292445182800293,1.0,0.001,1,16,40x40,MatchingNetwork,5,5,TKH,b-59-850,False,10,4000,2,exp1_permuted_src_datasets
655,472.1441867351532,1.0,1734657243.7958276,,0.6259721517562866,1.0,0.001,1,16,40x40,MatchingNetwork,5,5,TKH,b-59-850,False,10,4000,2,exp1_permuted_src_datasets
656,472.19080901145935,1.0,1734657243.84245,,0.4134763777256012,1.0,0.001,1,16,40x40,MatchingNetwork,5,5,TKH,b-59-850,False,10,4000,2,exp1_permuted_src_datasets
657,472.2357954978943,1.0,1734657243.8874364,,0.5227153897285461,1.0,0.001,1,16,40x40,MatchingNetwork,5,5,TKH,b-59-850,False,10,4000,2,exp1_permuted_src_datasets
658,472.2809188365936,1.0,1734657243.9325597,,0.4218236804008484,1.0,0.001,1,16,40x40,MatchingNetwork,5,5,TKH,b-59-850,False,10,4000,2,exp1_permuted_src_datasets
659,472.3253071308136,1.0,1734657243.976948,,0.3733653128147125,1.0,0.001,1,16,40x40,MatchingNetwork,5,5,TKH,b-59-850,False,10,4000,2,exp1_permuted_src_datasets
660,472.3698613643646,1.0,1734657244.0215023,,0.40964406728744507,1.0,0.001,1,16,40x40,MatchingNetwork,5,5,TKH,b-59-850,False,10,4000,2,exp1_permuted_src_datasets
661,472.41468930244446,1.0,1734657244.0663302,,0.4257325232028961,1.0,0.001,1,16,40x40,MatchingNetwork,5,5,TKH,b-59-850,False,10,4000,2,exp1_permuted_src_datasets
662,472.4602656364441,1.0,1734657244.1119065,,0.44645071029663086,1.0,0.001,1,16,40x40,MatchingNetwork,5,5,TKH,b-59-850,False,10,4000,2,exp1_permuted_src_datasets
663,472.5039396286011,1.0,1734657244.1555805,,0.49388810992240906,1.0,0.001,1,16,40x40,MatchingNetwork,5,5,TKH,b-59-850,False,10,4000,2,exp1_permuted_src_datasets
664,472.5485463142395,1.0,1734657244.2001872,,0.4513511061668396,1.0,0.001,1,16,40x40,MatchingNetwork,5,5,TKH,b-59-850,False,10,4000,2,exp1_permuted_src_datasets
665,472.5929615497589,1.0,1734657244.2446024,,0.4129784107208252,1.0,0.001,1,16,40x40,MatchingNetwork,5,5,TKH,b-59-850,False,10,4000,2,exp1_permuted_src_datasets
666,472.6386182308197,1.0,1734657244.2902591,,0.48296940326690674,1.0,0.001,1,16,40x40,MatchingNetwork,5,5,TKH,b-59-850,False,10,4000,2,exp1_permuted_src_datasets
667,472.6831569671631,1.0,1734657244.3347979,,0.3995698094367981,1.0,0.001,1,16,40x40,MatchingNetwork,5,5,TKH,b-59-850,False,10,4000,2,exp1_permuted_src_datasets
668,472.72896933555603,1.0,1734657244.3806102,,0.4252327084541321,0.9375,0.001,1,16,40x40,MatchingNetwork,5,5,TKH,b-59-850,False,10,4000,2,exp1_permuted_src_datasets
669,472.79192781448364,1.0,1734657244.4435687,,0.3873105049133301,1.0,0.001,1,16,40x40,MatchingNetwork,5,5,TKH,b-59-850,False,10,4000,2,exp1_permuted_src_datasets
670,472.83796668052673,1.0,1734657244.4896076,,0.441921591758728,1.0,0.001,1,16,40x40,MatchingNetwork,5,5,TKH,b-59-850,False,10,4000,2,exp1_permuted_src_datasets
671,472.88390851020813,1.0,1734657244.5355494,,0.40377986431121826,1.0,0.001,1,16,40x40,MatchingNetwork,5,5,TKH,b-59-850,False,10,4000,2,exp1_permuted_src_datasets
672,472.92870807647705,1.0,1734657244.580349,,0.43010929226875305,0.9375,0.001,1,16,40x40,MatchingNetwork,5,5,TKH,b-59-850,False,10,4000,2,exp1_permuted_src_datasets
673,472.9728765487671,1.0,1734657244.6245174,,0.37645190954208374,1.0,0.001,1,16,40x40,MatchingNetwork,5,5,TKH,b-59-850,False,10,4000,2,exp1_permuted_src_datasets
674,473.02048540115356,1.0,1734657244.6721263,,0.4956025779247284,0.9375,0.001,1,16,40x40,MatchingNetwork,5,5,TKH,b-59-850,False,10,4000,2,exp1_permuted_src_datasets
675,473.0665466785431,1.0,1734657244.7181876,,0.45870330929756165,1.0,0.001,1,16,40x40,MatchingNetwork,5,5,TKH,b-59-850,False,10,4000,2,exp1_permuted_src_datasets
676,473.1106586456299,1.0,1734657244.7622995,,0.36110782623291016,1.0,0.001,1,16,40x40,MatchingNetwork,5,5,TKH,b-59-850,False,10,4000,2,exp1_permuted_src_datasets
677,473.1569857597351,1.0,1734657244.8086267,,0.3466833531856537,1.0,0.001,1,16,40x40,MatchingNetwork,5,5,TKH,b-59-850,False,10,4000,2,exp1_permuted_src_datasets
678,473.2030625343323,1.0,1734657244.8547034,,0.3488273620605469,1.0,0.001,1,16,40x40,MatchingNetwork,5,5,TKH,b-59-850,False,10,4000,2,exp1_permuted_src_datasets
679,473.2467038631439,1.0,1734657244.8983448,,0.3913158178329468,1.0,0.001,1,16,40x40,MatchingNetwork,5,5,TKH,b-59-850,False,10,4000,2,exp1_permuted_src_datasets
680,473.2909903526306,1.0,1734657244.9426312,,0.3638140857219696,1.0,0.001,1,16,40x40,MatchingNetwork,5,5,TKH,b-59-850,False,10,4000,2,exp1_permuted_src_datasets
681,473.3346769809723,1.0,1734657244.9863179,,0.3833327293395996,1.0,0.001,1,16,40x40,MatchingNetwork,5,5,TKH,b-59-850,False,10,4000,2,exp1_permuted_src_datasets
682,473.37890005111694,1.0,1734657245.030541,,0.37451204657554626,1.0,0.001,1,16,40x40,MatchingNetwork,5,5,TKH,b-59-850,False,10,4000,2,exp1_permuted_src_datasets
683,473.4222650527954,1.0,1734657245.073906,,0.3748975396156311,1.0,0.001,1,16,40x40,MatchingNetwork,5,5,TKH,b-59-850,False,10,4000,2,exp1_permuted_src_datasets
684,473.46487975120544,1.0,1734657245.1165206,,0.35289010405540466,1.0,0.001,1,16,40x40,MatchingNetwork,5,5,TKH,b-59-850,False,10,4000,2,exp1_permuted_src_datasets
685,473.5104432106018,1.0,1734657245.162084,,0.29873278737068176,1.0,0.001,1,16,40x40,MatchingNetwork,5,5,TKH,b-59-850,False,10,4000,2,exp1_permuted_src_datasets
686,473.55460810661316,1.0,1734657245.206249,,0.4501848816871643,1.0,0.001,1,16,40x40,MatchingNetwork,5,5,TKH,b-59-850,False,10,4000,2,exp1_permuted_src_datasets
687,473.59937357902527,1.0,1734657245.2510145,,0.2908729910850525,1.0,0.001,1,16,40x40,MatchingNetwork,5,5,TKH,b-59-850,False,10,4000,2,exp1_permuted_src_datasets
688,473.6427164077759,1.0,1734657245.2943573,,0.3519382178783417,1.0,0.001,1,16,40x40,MatchingNetwork,5,5,TKH,b-59-850,False,10,4000,2,exp1_permuted_src_datasets
689,473.68759655952454,1.0,1734657245.3392375,,0.3408758044242859,1.0,0.001,1,16,40x40,MatchingNetwork,5,5,TKH,b-59-850,False,10,4000,2,exp1_permuted_src_datasets
690,473.73328924179077,1.0,1734657245.3849301,,0.3029475212097168,1.0,0.001,1,16,40x40,MatchingNetwork,5,5,TKH,b-59-850,False,10,4000,2,exp1_permuted_src_datasets
691,473.7787890434265,1.0,1734657245.43043,,0.3132992684841156,1.0,0.001,1,16,40x40,MatchingNetwork,5,5,TKH,b-59-850,False,10,4000,2,exp1_permuted_src_datasets
692,473.8231611251831,1.0,1734657245.474802,,0.2898755967617035,1.0,0.001,1,16,40x40,MatchingNetwork,5,5,TKH,b-59-850,False,10,4000,2,exp1_permuted_src_datasets
693,473.8690130710602,1.0,1734657245.520654,,0.36338183283805847,1.0,0.001,1,16,40x40,MatchingNetwork,5,5,TKH,b-59-850,False,10,4000,2,exp1_permuted_src_datasets
694,473.9144434928894,1.0,1734657245.5660844,,0.2837865650653839,1.0,0.001,1,16,40x40,MatchingNetwork,5,5,TKH,b-59-850,False,10,4000,2,exp1_permuted_src_datasets
695,473.9592616558075,1.0,1734657245.6109025,,0.42387503385543823,1.0,0.001,1,16,40x40,MatchingNetwork,5,5,TKH,b-59-850,False,10,4000,2,exp1_permuted_src_datasets
696,474.0045759677887,1.0,1734657245.6562169,,0.3059510588645935,1.0,0.001,1,16,40x40,MatchingNetwork,5,5,TKH,b-59-850,False,10,4000,2,exp1_permuted_src_datasets
697,474.0497806072235,1.0,1734657245.7014215,,0.3226782977581024,1.0,0.001,1,16,40x40,MatchingNetwork,5,5,TKH,b-59-850,False,10,4000,2,exp1_permuted_src_datasets
698,474.09576654434204,1.0,1734657245.7474074,,0.28871479630470276,1.0,0.001,1,16,40x40,MatchingNetwork,5,5,TKH,b-59-850,False,10,4000,2,exp1_permuted_src_datasets
699,474.1431314945221,1.0,1734657245.7947724,,0.2769932150840759,1.0,0.001,1,16,40x40,MatchingNetwork,5,5,TKH,b-59-850,False,10,4000,2,exp1_permuted_src_datasets
700,474.18821001052856,1.0,1734657245.839851,,0.3652729094028473,1.0,0.001,1,16,40x40,MatchingNetwork,5,5,TKH,b-59-850,False,10,4000,2,exp1_permuted_src_datasets
701,474.232816696167,1.0,1734657245.8844576,,0.2672390639781952,1.0,0.001,1,16,40x40,MatchingNetwork,5,5,TKH,b-59-850,False,10,4000,2,exp1_permuted_src_datasets
702,474.27678894996643,1.0,1734657245.9284298,,0.29871460795402527,1.0,0.001,1,16,40x40,MatchingNetwork,5,5,TKH,b-59-850,False,10,4000,2,exp1_permuted_src_datasets
703,474.32155585289,1.0,1734657245.9731967,,0.27282288670539856,1.0,0.001,1,16,40x40,MatchingNetwork,5,5,TKH,b-59-850,False,10,4000,2,exp1_permuted_src_datasets
704,474.3663673400879,1.0,1734657246.0180082,,0.3112488090991974,1.0,0.001,1,16,40x40,MatchingNetwork,5,5,TKH,b-59-850,False,10,4000,2,exp1_permuted_src_datasets
705,493.64597725868225,1.0,1734657265.2976182,0.89225,,,0.001,1,16,40x40,MatchingNetwork,5,5,TKH,b-59-850,False,10,4000,2,exp1_permuted_src_datasets
706,512.8464968204498,1.0,1734657284.4981377,0.8925,,,0.001,1,16,40x40,MatchingNetwork,5,5,TKH,b-59-850,False,10,4000,2,exp1_permuted_src_datasets
707,512.869665145874,1.0,1734657284.521306,,0.28774702548980713,1.0,0.001,1,16,40x40,MatchingNetwork,5,5,TKH,b-59-850,False,10,4000,2,exp1_permuted_src_datasets
708,512.9147393703461,1.0,1734657284.5663803,,0.22793707251548767,1.0,0.001,1,16,40x40,MatchingNetwork,5,5,TKH,b-59-850,False,10,4000,2,exp1_permuted_src_datasets
709,512.9603106975555,1.0,1734657284.6119516,,0.3111496567726135,1.0,0.001,1,16,40x40,MatchingNetwork,5,5,TKH,b-59-850,False,10,4000,2,exp1_permuted_src_datasets
710,513.0063931941986,1.0,1734657284.658034,,0.2609449326992035,1.0,0.001,1,16,40x40,MatchingNetwork,5,5,TKH,b-59-850,False,10,4000,2,exp1_permuted_src_datasets
711,513.052440404892,1.0,1734657284.7040813,,0.2521972954273224,1.0,0.001,1,16,40x40,MatchingNetwork,5,5,TKH,b-59-850,False,10,4000,2,exp1_permuted_src_datasets
712,513.0979707241058,1.0,1734657284.7496116,,0.36728835105895996,1.0,0.001,1,16,40x40,MatchingNetwork,5,5,TKH,b-59-850,False,10,4000,2,exp1_permuted_src_datasets
713,513.1450650691986,1.0,1734657284.796706,,0.3131936490535736,1.0,0.001,1,16,40x40,MatchingNetwork,5,5,TKH,b-59-850,False,10,4000,2,exp1_permuted_src_datasets
714,513.1908824443817,1.0,1734657284.8425233,,0.31337404251098633,1.0,0.001,1,16,40x40,MatchingNetwork,5,5,TKH,b-59-850,False,10,4000,2,exp1_permuted_src_datasets
715,513.2363519668579,1.0,1734657284.8879929,,0.28511327505111694,1.0,0.001,1,16,40x40,MatchingNetwork,5,5,TKH,b-59-850,False,10,4000,2,exp1_permuted_src_datasets
716,513.2810583114624,1.0,1734657284.9326992,,0.26901039481163025,1.0,0.001,1,16,40x40,MatchingNetwork,5,5,TKH,b-59-850,False,10,4000,2,exp1_permuted_src_datasets
717,513.3253877162933,1.0,1734657284.9770286,,0.2714570164680481,1.0,0.001,1,16,40x40,MatchingNetwork,5,5,TKH,b-59-850,False,10,4000,2,exp1_permuted_src_datasets
718,513.371090888977,1.0,1734657285.0227318,,0.22381654381752014,1.0,0.001,1,16,40x40,MatchingNetwork,5,5,TKH,b-59-850,False,10,4000,2,exp1_permuted_src_datasets
719,513.4153566360474,1.0,1734657285.0669975,,0.4352189004421234,1.0,0.001,1,16,40x40,MatchingNetwork,5,5,TKH,b-59-850,False,10,4000,2,exp1_permuted_src_datasets
720,513.4600355625153,1.0,1734657285.1116765,,0.31612375378608704,1.0,0.001,1,16,40x40,MatchingNetwork,5,5,TKH,b-59-850,False,10,4000,2,exp1_permuted_src_datasets
721,513.5045590400696,1.0,1734657285.1562,,0.2906895577907562,1.0,0.001,1,16,40x40,MatchingNetwork,5,5,TKH,b-59-850,False,10,4000,2,exp1_permuted_src_datasets
722,513.5493922233582,1.0,1734657285.201033,,0.3342924416065216,1.0,0.001,1,16,40x40,MatchingNetwork,5,5,TKH,b-59-850,False,10,4000,2,exp1_permuted_src_datasets
723,513.5945663452148,1.0,1734657285.2462072,,0.3317028284072876,1.0,0.001,1,16,40x40,MatchingNetwork,5,5,TKH,b-59-850,False,10,4000,2,exp1_permuted_src_datasets
724,513.6404583454132,1.0,1734657285.2920992,,0.2987125813961029,1.0,0.001,1,16,40x40,MatchingNetwork,5,5,TKH,b-59-850,False,10,4000,2,exp1_permuted_src_datasets
725,513.6849081516266,1.0,1734657285.336549,,0.25907278060913086,1.0,0.001,1,16,40x40,MatchingNetwork,5,5,TKH,b-59-850,False,10,4000,2,exp1_permuted_src_datasets
726,513.7286825180054,1.0,1734657285.3803234,,0.32654714584350586,1.0,0.001,1,16,40x40,MatchingNetwork,5,5,TKH,b-59-850,False,10,4000,2,exp1_permuted_src_datasets
727,513.7733025550842,1.0,1734657285.4249434,,0.2695653438568115,1.0,0.001,1,16,40x40,MatchingNetwork,5,5,TKH,b-59-850,False,10,4000,2,exp1_permuted_src_datasets
728,513.819267988205,1.0,1734657285.4709089,,0.26505255699157715,1.0,0.001,1,16,40x40,MatchingNetwork,5,5,TKH,b-59-850,False,10,4000,2,exp1_permuted_src_datasets
729,513.8696274757385,1.0,1734657285.5212684,,0.22969716787338257,1.0,0.001,1,16,40x40,MatchingNetwork,5,5,TKH,b-59-850,False,10,4000,2,exp1_permuted_src_datasets
730,513.915990114212,1.0,1734657285.567631,,0.24319539964199066,1.0,0.001,1,16,40x40,MatchingNetwork,5,5,TKH,b-59-850,False,10,4000,2,exp1_permuted_src_datasets
731,513.9616274833679,1.0,1734657285.6132684,,0.30936548113822937,1.0,0.001,1,16,40x40,MatchingNetwork,5,5,TKH,b-59-850,False,10,4000,2,exp1_permuted_src_datasets
732,514.0058262348175,1.0,1734657285.6574671,,0.298793226480484,1.0,0.001,1,16,40x40,MatchingNetwork,5,5,TKH,b-59-850,False,10,4000,2,exp1_permuted_src_datasets
733,514.0496394634247,1.0,1734657285.7012804,,0.2987816035747528,1.0,0.001,1,16,40x40,MatchingNetwork,5,5,TKH,b-59-850,False,10,4000,2,exp1_permuted_src_datasets
734,514.0948071479797,1.0,1734657285.746448,,0.2732931673526764,1.0,0.001,1,16,40x40,MatchingNetwork,5,5,TKH,b-59-850,False,10,4000,2,exp1_permuted_src_datasets
735,514.1391606330872,1.0,1734657285.7908015,,0.3573061227798462,1.0,0.001,1,16,40x40,MatchingNetwork,5,5,TKH,b-59-850,False,10,4000,2,exp1_permuted_src_datasets
736,514.1840441226959,1.0,1734657285.835685,,0.31680601835250854,1.0,0.001,1,16,40x40,MatchingNetwork,5,5,TKH,b-59-850,False,10,4000,2,exp1_permuted_src_datasets
737,514.2303719520569,1.0,1734657285.8820128,,0.25805243849754333,1.0,0.001,1,16,40x40,MatchingNetwork,5,5,TKH,b-59-850,False,10,4000,2,exp1_permuted_src_datasets
738,514.2752993106842,1.0,1734657285.9269402,,0.23653960227966309,1.0,0.001,1,16,40x40,MatchingNetwork,5,5,TKH,b-59-850,False,10,4000,2,exp1_permuted_src_datasets
739,514.3210203647614,1.0,1734657285.9726613,,0.2535208761692047,1.0,0.001,1,16,40x40,MatchingNetwork,5,5,TKH,b-59-850,False,10,4000,2,exp1_permuted_src_datasets
740,514.3663268089294,1.0,1734657286.0179677,,0.27574291825294495,1.0,0.001,1,16,40x40,MatchingNetwork,5,5,TKH,b-59-850,False,10,4000,2,exp1_permuted_src_datasets
741,514.4109201431274,1.0,1734657286.062561,,0.27126359939575195,1.0,0.001,1,16,40x40,MatchingNetwork,5,5,TKH,b-59-850,False,10,4000,2,exp1_permuted_src_datasets
742,514.4556181430817,1.0,1734657286.107259,,0.30304819345474243,1.0,0.001,1,16,40x40,MatchingNetwork,5,5,TKH,b-59-850,False,10,4000,2,exp1_permuted_src_datasets
743,514.5002200603485,1.0,1734657286.151861,,0.2829304039478302,1.0,0.001,1,16,40x40,MatchingNetwork,5,5,TKH,b-59-850,False,10,4000,2,exp1_permuted_src_datasets
744,514.5444836616516,1.0,1734657286.1961246,,0.23502810299396515,1.0,0.001,1,16,40x40,MatchingNetwork,5,5,TKH,b-59-850,False,10,4000,2,exp1_permuted_src_datasets
745,514.5894312858582,1.0,1734657286.2410722,,0.24220512807369232,1.0,0.001,1,16,40x40,MatchingNetwork,5,5,TKH,b-59-850,False,10,4000,2,exp1_permuted_src_datasets
746,514.6337633132935,1.0,1734657286.2854042,,0.30539584159851074,1.0,0.001,1,16,40x40,MatchingNetwork,5,5,TKH,b-59-850,False,10,4000,2,exp1_permuted_src_datasets
747,514.677919626236,1.0,1734657286.3295605,,0.23994627594947815,1.0,0.001,1,16,40x40,MatchingNetwork,5,5,TKH,b-59-850,False,10,4000,2,exp1_permuted_src_datasets
748,514.7231900691986,1.0,1734657286.374831,,0.2918987274169922,1.0,0.001,1,16,40x40,MatchingNetwork,5,5,TKH,b-59-850,False,10,4000,2,exp1_permuted_src_datasets
749,514.7695789337158,1.0,1734657286.4212198,,0.31311219930648804,1.0,0.001,1,16,40x40,MatchingNetwork,5,5,TKH,b-59-850,False,10,4000,2,exp1_permuted_src_datasets
750,514.8137922286987,1.0,1734657286.4654331,,0.2898077964782715,1.0,0.001,1,16,40x40,MatchingNetwork,5,5,TKH,b-59-850,False,10,4000,2,exp1_permuted_src_datasets
751,514.8580796718597,1.0,1734657286.5097206,,0.3108721077442169,1.0,0.001,1,16,40x40,MatchingNetwork,5,5,TKH,b-59-850,False,10,4000,2,exp1_permuted_src_datasets
752,514.9023635387421,1.0,1734657286.5540044,,0.23602533340454102,1.0,0.001,1,16,40x40,MatchingNetwork,5,5,TKH,b-59-850,False,10,4000,2,exp1_permuted_src_datasets
753,514.9454257488251,1.0,1734657286.5970666,,0.2737550139427185,1.0,0.001,1,16,40x40,MatchingNetwork,5,5,TKH,b-59-850,False,10,4000,2,exp1_permuted_src_datasets
754,514.989419221878,1.0,1734657286.64106,,0.2855664789676666,1.0,0.001,1,16,40x40,MatchingNetwork,5,5,TKH,b-59-850,False,10,4000,2,exp1_permuted_src_datasets
755,515.0334346294403,1.0,1734657286.6850755,,0.2597033381462097,1.0,0.001,1,16,40x40,MatchingNetwork,5,5,TKH,b-59-850,False,10,4000,2,exp1_permuted_src_datasets
756,515.0793824195862,1.0,1734657286.7310233,,0.22545647621154785,1.0,0.001,1,16,40x40,MatchingNetwork,5,5,TKH,b-59-850,False,10,4000,2,exp1_permuted_src_datasets
757,515.1236801147461,1.0,1734657286.775321,,0.263915479183197,1.0,0.001,1,16,40x40,MatchingNetwork,5,5,TKH,b-59-850,False,10,4000,2,exp1_permuted_src_datasets
758,515.168363571167,1.0,1734657286.8200045,,0.2344188392162323,1.0,0.001,1,16,40x40,MatchingNetwork,5,5,TKH,b-59-850,False,10,4000,2,exp1_permuted_src_datasets
759,515.2133905887604,1.0,1734657286.8650315,,0.2602207064628601,1.0,0.001,1,16,40x40,MatchingNetwork,5,5,TKH,b-59-850,False,10,4000,2,exp1_permuted_src_datasets
760,515.2579808235168,1.0,1734657286.9096217,,0.28728342056274414,1.0,0.001,1,16,40x40,MatchingNetwork,5,5,TKH,b-59-850,False,10,4000,2,exp1_permuted_src_datasets
761,515.30300116539,1.0,1734657286.954642,,0.24370631575584412,1.0,0.001,1,16,40x40,MatchingNetwork,5,5,TKH,b-59-850,False,10,4000,2,exp1_permuted_src_datasets
762,515.3470268249512,1.0,1734657286.9986677,,0.23319748044013977,1.0,0.001,1,16,40x40,MatchingNetwork,5,5,TKH,b-59-850,False,10,4000,2,exp1_permuted_src_datasets
763,515.3915574550629,1.0,1734657287.0431983,,0.31977203488349915,1.0,0.001,1,16,40x40,MatchingNetwork,5,5,TKH,b-59-850,False,10,4000,2,exp1_permuted_src_datasets
764,515.4361910820007,1.0,1734657287.087832,,0.3143555223941803,1.0,0.001,1,16,40x40,MatchingNetwork,5,5,TKH,b-59-850,False,10,4000,2,exp1_permuted_src_datasets
765,515.4806427955627,1.0,1734657287.1322837,,0.3176020383834839,1.0,0.001,1,16,40x40,MatchingNetwork,5,5,TKH,b-59-850,False,10,4000,2,exp1_permuted_src_datasets
766,515.52485871315,1.0,1734657287.1764996,,0.240281343460083,1.0,0.001,1,16,40x40,MatchingNetwork,5,5,TKH,b-59-850,False,10,4000,2,exp1_permuted_src_datasets
767,515.5690433979034,1.0,1734657287.2206843,,0.25039729475975037,1.0,0.001,1,16,40x40,MatchingNetwork,5,5,TKH,b-59-850,False,10,4000,2,exp1_permuted_src_datasets
768,515.6122794151306,1.0,1734657287.2639203,,0.27010226249694824,1.0,0.001,1,16,40x40,MatchingNetwork,5,5,TKH,b-59-850,False,10,4000,2,exp1_permuted_src_datasets
769,534.8155589103699,1.0,1734657306.4671998,0.88775,,,0.001,1,16,40x40,MatchingNetwork,5,5,TKH,b-59-850,False,10,4000,2,exp1_permuted_src_datasets
770,553.9567637443542,1.0,1734657325.6084046,0.89875,,,0.001,1,16,40x40,MatchingNetwork,5,5,TKH,b-59-850,False,10,4000,2,exp1_permuted_src_datasets
771,553.9798121452332,1.0,1734657325.631453,,0.2449624240398407,1.0,0.001,1,16,40x40,MatchingNetwork,5,5,TKH,b-59-850,False,10,4000,2,exp1_permuted_src_datasets
772,554.0258228778839,1.0,1734657325.6774638,,0.21802927553653717,1.0,0.001,1,16,40x40,MatchingNetwork,5,5,TKH,b-59-850,False,10,4000,2,exp1_permuted_src_datasets
773,554.0730936527252,1.0,1734657325.7247345,,0.24273201823234558,1.0,0.001,1,16,40x40,MatchingNetwork,5,5,TKH,b-59-850,False,10,4000,2,exp1_permuted_src_datasets
774,554.1188168525696,1.0,1734657325.7704577,,0.2282598316669464,1.0,0.001,1,16,40x40,MatchingNetwork,5,5,TKH,b-59-850,False,10,4000,2,exp1_permuted_src_datasets
775,554.1646468639374,1.0,1734657325.8162878,,0.213396355509758,1.0,0.001,1,16,40x40,MatchingNetwork,5,5,TKH,b-59-850,False,10,4000,2,exp1_permuted_src_datasets
776,554.210266828537,1.0,1734657325.8619077,,0.289042592048645,1.0,0.001,1,16,40x40,MatchingNetwork,5,5,TKH,b-59-850,False,10,4000,2,exp1_permuted_src_datasets
777,554.2542126178741,1.0,1734657325.9058535,,0.2335503250360489,1.0,0.001,1,16,40x40,MatchingNetwork,5,5,TKH,b-59-850,False,10,4000,2,exp1_permuted_src_datasets
778,554.29829621315,1.0,1734657325.949937,,0.2732550799846649,1.0,0.001,1,16,40x40,MatchingNetwork,5,5,TKH,b-59-850,False,10,4000,2,exp1_permuted_src_datasets
779,554.3425416946411,1.0,1734657325.9941826,,0.2908194661140442,1.0,0.001,1,16,40x40,MatchingNetwork,5,5,TKH,b-59-850,False,10,4000,2,exp1_permuted_src_datasets
780,554.3870079517365,1.0,1734657326.0386488,,0.2510075867176056,1.0,0.001,1,16,40x40,MatchingNetwork,5,5,TKH,b-59-850,False,10,4000,2,exp1_permuted_src_datasets
781,554.4317834377289,1.0,1734657326.0834243,,0.27317965030670166,1.0,0.001,1,16,40x40,MatchingNetwork,5,5,TKH,b-59-850,False,10,4000,2,exp1_permuted_src_datasets
782,554.4760992527008,1.0,1734657326.1277401,,0.22444382309913635,1.0,0.001,1,16,40x40,MatchingNetwork,5,5,TKH,b-59-850,False,10,4000,2,exp1_permuted_src_datasets
783,554.520435333252,1.0,1734657326.1720762,,0.22558964788913727,1.0,0.001,1,16,40x40,MatchingNetwork,5,5,TKH,b-59-850,False,10,4000,2,exp1_permuted_src_datasets
784,554.5648562908173,1.0,1734657326.2164972,,0.3148306608200073,1.0,0.001,1,16,40x40,MatchingNetwork,5,5,TKH,b-59-850,False,10,4000,2,exp1_permuted_src_datasets
785,554.6097955703735,1.0,1734657326.2614365,,0.2644554674625397,1.0,0.001,1,16,40x40,MatchingNetwork,5,5,TKH,b-59-850,False,10,4000,2,exp1_permuted_src_datasets
786,554.6544501781464,1.0,1734657326.306091,,0.272296279668808,1.0,0.001,1,16,40x40,MatchingNetwork,5,5,TKH,b-59-850,False,10,4000,2,exp1_permuted_src_datasets
787,554.7032740116119,1.0,1734657326.354915,,0.30401909351348877,1.0,0.001,1,16,40x40,MatchingNetwork,5,5,TKH,b-59-850,False,10,4000,2,exp1_permuted_src_datasets
788,554.7516701221466,1.0,1734657326.403311,,0.278341144323349,1.0,0.001,1,16,40x40,MatchingNetwork,5,5,TKH,b-59-850,False,10,4000,2,exp1_permuted_src_datasets
789,554.7963364124298,1.0,1734657326.4479773,,0.27786970138549805,1.0,0.001,1,16,40x40,MatchingNetwork,5,5,TKH,b-59-850,False,10,4000,2,exp1_permuted_src_datasets
790,554.8411614894867,1.0,1734657326.4928024,,0.28563204407691956,1.0,0.001,1,16,40x40,MatchingNetwork,5,5,TKH,b-59-850,False,10,4000,2,exp1_permuted_src_datasets
791,554.8866965770721,1.0,1734657326.5383375,,0.2676258385181427,1.0,0.001,1,16,40x40,MatchingNetwork,5,5,TKH,b-59-850,False,10,4000,2,exp1_permuted_src_datasets
792,554.9316067695618,1.0,1734657326.5832477,,0.2323138266801834,1.0,0.001,1,16,40x40,MatchingNetwork,5,5,TKH,b-59-850,False,10,4000,2,exp1_permuted_src_datasets
793,554.9757862091064,1.0,1734657326.627427,,0.25901341438293457,1.0,0.001,1,16,40x40,MatchingNetwork,5,5,TKH,b-59-850,False,10,4000,2,exp1_permuted_src_datasets
794,555.0202496051788,1.0,1734657326.6718905,,0.22920744121074677,1.0,0.001,1,16,40x40,MatchingNetwork,5,5,TKH,b-59-850,False,10,4000,2,exp1_permuted_src_datasets
795,555.0652198791504,1.0,1734657326.7168608,,0.22919517755508423,1.0,0.001,1,16,40x40,MatchingNetwork,5,5,TKH,b-59-850,False,10,4000,2,exp1_permuted_src_datasets
796,555.1098773479462,1.0,1734657326.7615182,,0.25001969933509827,1.0,0.001,1,16,40x40,MatchingNetwork,5,5,TKH,b-59-850,False,10,4000,2,exp1_permuted_src_datasets
797,555.1543033123016,1.0,1734657326.8059442,,0.24487704038619995,1.0,0.001,1,16,40x40,MatchingNetwork,5,5,TKH,b-59-850,False,10,4000,2,exp1_permuted_src_datasets
798,555.2000591754913,1.0,1734657326.8517,,0.2244221270084381,1.0,0.001,1,16,40x40,MatchingNetwork,5,5,TKH,b-59-850,False,10,4000,2,exp1_permuted_src_datasets
799,555.2445271015167,1.0,1734657326.896168,,0.19936290383338928,1.0,0.001,1,16,40x40,MatchingNetwork,5,5,TKH,b-59-850,False,10,4000,2,exp1_permuted_src_datasets
800,555.2888543605804,1.0,1734657326.9404953,,0.30863508582115173,1.0,0.001,1,16,40x40,MatchingNetwork,5,5,TKH,b-59-850,False,10,4000,2,exp1_permuted_src_datasets
801,555.3344831466675,1.0,1734657326.986124,,0.2522094249725342,1.0,0.001,1,16,40x40,MatchingNetwork,5,5,TKH,b-59-850,False,10,4000,2,exp1_permuted_src_datasets
802,555.3803255558014,1.0,1734657327.0319664,,0.23537243902683258,1.0,0.001,1,16,40x40,MatchingNetwork,5,5,TKH,b-59-850,False,10,4000,2,exp1_permuted_src_datasets
803,555.4252569675446,1.0,1734657327.0768979,,0.29838016629219055,1.0,0.001,1,16,40x40,MatchingNetwork,5,5,TKH,b-59-850,False,10,4000,2,exp1_permuted_src_datasets
804,555.4703426361084,1.0,1734657327.1219835,,0.24468834698200226,1.0,0.001,1,16,40x40,MatchingNetwork,5,5,TKH,b-59-850,False,10,4000,2,exp1_permuted_src_datasets
805,555.5145921707153,1.0,1734657327.166233,,0.2508980929851532,1.0,0.001,1,16,40x40,MatchingNetwork,5,5,TKH,b-59-850,False,10,4000,2,exp1_permuted_src_datasets
806,555.5585551261902,1.0,1734657327.210196,,0.24988363683223724,1.0,0.001,1,16,40x40,MatchingNetwork,5,5,TKH,b-59-850,False,10,4000,2,exp1_permuted_src_datasets
807,555.6036381721497,1.0,1734657327.255279,,0.22288258373737335,1.0,0.001,1,16,40x40,MatchingNetwork,5,5,TKH,b-59-850,False,10,4000,2,exp1_permuted_src_datasets
808,555.647910118103,1.0,1734657327.299551,,0.22351418435573578,1.0,0.001,1,16,40x40,MatchingNetwork,5,5,TKH,b-59-850,False,10,4000,2,exp1_permuted_src_datasets
809,555.6943228244781,1.0,1734657327.3459637,,0.2191856950521469,1.0,0.001,1,16,40x40,MatchingNetwork,5,5,TKH,b-59-850,False,10,4000,2,exp1_permuted_src_datasets
810,555.7416138648987,1.0,1734657327.3932548,,0.21983498334884644,1.0,0.001,1,16,40x40,MatchingNetwork,5,5,TKH,b-59-850,False,10,4000,2,exp1_permuted_src_datasets
811,555.7862055301666,1.0,1734657327.4378464,,0.2391113042831421,1.0,0.001,1,16,40x40,MatchingNetwork,5,5,TKH,b-59-850,False,10,4000,2,exp1_permuted_src_datasets
812,555.8298668861389,1.0,1734657327.4815078,,0.2580093443393707,1.0,0.001,1,16,40x40,MatchingNetwork,5,5,TKH,b-59-850,False,10,4000,2,exp1_permuted_src_datasets
813,555.8749899864197,1.0,1734657327.5266309,,0.2895370125770569,1.0,0.001,1,16,40x40,MatchingNetwork,5,5,TKH,b-59-850,False,10,4000,2,exp1_permuted_src_datasets
814,555.9219934940338,1.0,1734657327.5736344,,0.2525138556957245,1.0,0.001,1,16,40x40,MatchingNetwork,5,5,TKH,b-59-850,False,10,4000,2,exp1_permuted_src_datasets
815,555.9654734134674,1.0,1734657327.6171143,,0.2733405828475952,1.0,0.001,1,16,40x40,MatchingNetwork,5,5,TKH,b-59-850,False,10,4000,2,exp1_permuted_src_datasets
816,556.0106830596924,1.0,1734657327.662324,,0.22811740636825562,1.0,0.001,1,16,40x40,MatchingNetwork,5,5,TKH,b-59-850,False,10,4000,2,exp1_permuted_src_datasets
817,556.0550656318665,1.0,1734657327.7067065,,0.214985191822052,1.0,0.001,1,16,40x40,MatchingNetwork,5,5,TKH,b-59-850,False,10,4000,2,exp1_permuted_src_datasets
818,556.0988924503326,1.0,1734657327.7505333,,0.20657218992710114,1.0,0.001,1,16,40x40,MatchingNetwork,5,5,TKH,b-59-850,False,10,4000,2,exp1_permuted_src_datasets
819,556.1425566673279,1.0,1734657327.7941976,,0.2520526945590973,1.0,0.001,1,16,40x40,MatchingNetwork,5,5,TKH,b-59-850,False,10,4000,2,exp1_permuted_src_datasets
820,556.1878786087036,1.0,1734657327.8395195,,0.3141208589076996,1.0,0.001,1,16,40x40,MatchingNetwork,5,5,TKH,b-59-850,False,10,4000,2,exp1_permuted_src_datasets
821,556.2310407161713,1.0,1734657327.8826816,,0.2273046374320984,1.0,0.001,1,16,40x40,MatchingNetwork,5,5,TKH,b-59-850,False,10,4000,2,exp1_permuted_src_datasets
822,556.2756600379944,1.0,1734657327.927301,,0.24326632916927338,1.0,0.001,1,16,40x40,MatchingNetwork,5,5,TKH,b-59-850,False,10,4000,2,exp1_permuted_src_datasets
823,556.3198192119598,1.0,1734657327.97146,,0.20309095084667206,1.0,0.001,1,16,40x40,MatchingNetwork,5,5,TKH,b-59-850,False,10,4000,2,exp1_permuted_src_datasets
824,556.3674747943878,1.0,1734657328.0191157,,0.248721182346344,1.0,0.001,1,16,40x40,MatchingNetwork,5,5,TKH,b-59-850,False,10,4000,2,exp1_permuted_src_datasets
825,556.4117150306702,1.0,1734657328.063356,,0.3008102476596832,1.0,0.001,1,16,40x40,MatchingNetwork,5,5,TKH,b-59-850,False,10,4000,2,exp1_permuted_src_datasets
826,556.4567275047302,1.0,1734657328.1083684,,0.25464123487472534,1.0,0.001,1,16,40x40,MatchingNetwork,5,5,TKH,b-59-850,False,10,4000,2,exp1_permuted_src_datasets
827,556.5009150505066,1.0,1734657328.152556,,0.25569120049476624,1.0,0.001,1,16,40x40,MatchingNetwork,5,5,TKH,b-59-850,False,10,4000,2,exp1_permuted_src_datasets
828,556.545318365097,1.0,1734657328.1969593,,0.25436660647392273,1.0,0.001,1,16,40x40,MatchingNetwork,5,5,TKH,b-59-850,False,10,4000,2,exp1_permuted_src_datasets
829,556.5908381938934,1.0,1734657328.242479,,0.2672807574272156,1.0,0.001,1,16,40x40,MatchingNetwork,5,5,TKH,b-59-850,False,10,4000,2,exp1_permuted_src_datasets
830,556.6353619098663,1.0,1734657328.2870028,,0.22145310044288635,1.0,0.001,1,16,40x40,MatchingNetwork,5,5,TKH,b-59-850,False,10,4000,2,exp1_permuted_src_datasets
831,556.6793344020844,1.0,1734657328.3309753,,0.22000400722026825,1.0,0.001,1,16,40x40,MatchingNetwork,5,5,TKH,b-59-850,False,10,4000,2,exp1_permuted_src_datasets
832,556.7241816520691,1.0,1734657328.3758225,,0.2210710048675537,1.0,0.001,1,16,40x40,MatchingNetwork,5,5,TKH,b-59-850,False,10,4000,2,exp1_permuted_src_datasets
833,575.9611597061157,1.0,1734657347.6128006,0.88825,,,0.001,1,16,40x40,MatchingNetwork,5,5,TKH,b-59-850,False,10,4000,2,exp1_permuted_src_datasets
834,595.0543367862701,1.0,1734657366.7059777,0.89375,,,0.001,1,16,40x40,MatchingNetwork,5,5,TKH,b-59-850,False,10,4000,2,exp1_permuted_src_datasets
835,595.0798053741455,1.0,1734657366.7314463,,0.2591342031955719,1.0,0.001,1,16,40x40,MatchingNetwork,5,5,TKH,b-59-850,False,10,4000,2,exp1_permuted_src_datasets
836,595.1257612705231,1.0,1734657366.7774022,,0.23899120092391968,1.0,0.001,1,16,40x40,MatchingNetwork,5,5,TKH,b-59-850,False,10,4000,2,exp1_permuted_src_datasets
837,595.1720020771027,1.0,1734657366.823643,,0.28079795837402344,1.0,0.001,1,16,40x40,MatchingNetwork,5,5,TKH,b-59-850,False,10,4000,2,exp1_permuted_src_datasets
838,595.2183439731598,1.0,1734657366.8699849,,0.238467738032341,1.0,0.001,1,16,40x40,MatchingNetwork,5,5,TKH,b-59-850,False,10,4000,2,exp1_permuted_src_datasets
839,595.2671258449554,1.0,1734657366.9187667,,0.21248020231723785,1.0,0.001,1,16,40x40,MatchingNetwork,5,5,TKH,b-59-850,False,10,4000,2,exp1_permuted_src_datasets
840,595.3140969276428,1.0,1734657366.9657378,,0.2416740506887436,1.0,0.001,1,16,40x40,MatchingNetwork,5,5,TKH,b-59-850,False,10,4000,2,exp1_permuted_src_datasets
841,595.3592603206635,1.0,1734657367.0109012,,0.20963236689567566,1.0,0.001,1,16,40x40,MatchingNetwork,5,5,TKH,b-59-850,False,10,4000,2,exp1_permuted_src_datasets
842,595.4037759304047,1.0,1734657367.0554168,,0.19969579577445984,1.0,0.001,1,16,40x40,MatchingNetwork,5,5,TKH,b-59-850,False,10,4000,2,exp1_permuted_src_datasets
843,595.4486608505249,1.0,1734657367.1003017,,0.25846627354621887,1.0,0.001,1,16,40x40,MatchingNetwork,5,5,TKH,b-59-850,False,10,4000,2,exp1_permuted_src_datasets
844,595.4930312633514,1.0,1734657367.1446722,,0.21626228094100952,1.0,0.001,1,16,40x40,MatchingNetwork,5,5,TKH,b-59-850,False,10,4000,2,exp1_permuted_src_datasets
845,595.5379493236542,1.0,1734657367.1895902,,0.23359480500221252,1.0,0.001,1,16,40x40,MatchingNetwork,5,5,TKH,b-59-850,False,10,4000,2,exp1_permuted_src_datasets
846,595.5829517841339,1.0,1734657367.2345927,,0.21754571795463562,1.0,0.001,1,16,40x40,MatchingNetwork,5,5,TKH,b-59-850,False,10,4000,2,exp1_permuted_src_datasets
847,595.628082036972,1.0,1734657367.279723,,0.21546287834644318,1.0,0.001,1,16,40x40,MatchingNetwork,5,5,TKH,b-59-850,False,10,4000,2,exp1_permuted_src_datasets
848,595.672281742096,1.0,1734657367.3239226,,0.2803232967853546,1.0,0.001,1,16,40x40,MatchingNetwork,5,5,TKH,b-59-850,False,10,4000,2,exp1_permuted_src_datasets
849,595.7169461250305,1.0,1734657367.368587,,0.2538062632083893,1.0,0.001,1,16,40x40,MatchingNetwork,5,5,TKH,b-59-850,False,10,4000,2,exp1_permuted_src_datasets
850,595.7617835998535,1.0,1734657367.4134245,,0.22219988703727722,1.0,0.001,1,16,40x40,MatchingNetwork,5,5,TKH,b-59-850,False,10,4000,2,exp1_permuted_src_datasets
851,595.8061051368713,1.0,1734657367.457746,,0.2138158679008484,1.0,0.001,1,16,40x40,MatchingNetwork,5,5,TKH,b-59-850,False,10,4000,2,exp1_permuted_src_datasets
852,595.8502242565155,1.0,1734657367.5018651,,0.25734516978263855,1.0,0.001,1,16,40x40,MatchingNetwork,5,5,TKH,b-59-850,False,10,4000,2,exp1_permuted_src_datasets
853,595.8947937488556,1.0,1734657367.5464346,,0.26341360807418823,1.0,0.001,1,16,40x40,MatchingNetwork,5,5,TKH,b-59-850,False,10,4000,2,exp1_permuted_src_datasets
854,595.93967461586,1.0,1734657367.5913155,,0.2928798496723175,1.0,0.001,1,16,40x40,MatchingNetwork,5,5,TKH,b-59-850,False,10,4000,2,exp1_permuted_src_datasets
855,595.9852781295776,1.0,1734657367.636919,,0.2690666615962982,1.0,0.001,1,16,40x40,MatchingNetwork,5,5,TKH,b-59-850,False,10,4000,2,exp1_permuted_src_datasets
856,596.0316219329834,1.0,1734657367.6832628,,0.1980884075164795,1.0,0.001,1,16,40x40,MatchingNetwork,5,5,TKH,b-59-850,False,10,4000,2,exp1_permuted_src_datasets
857,596.076272726059,1.0,1734657367.7279136,,0.211857870221138,1.0,0.001,1,16,40x40,MatchingNetwork,5,5,TKH,b-59-850,False,10,4000,2,exp1_permuted_src_datasets
858,596.1212797164917,1.0,1734657367.7729206,,0.21887198090553284,1.0,0.001,1,16,40x40,MatchingNetwork,5,5,TKH,b-59-850,False,10,4000,2,exp1_permuted_src_datasets
859,596.166779756546,1.0,1734657367.8184206,,0.23938477039337158,1.0,0.001,1,16,40x40,MatchingNetwork,5,5,TKH,b-59-850,False,10,4000,2,exp1_permuted_src_datasets
860,596.2132370471954,1.0,1734657367.864878,,0.24199803173542023,1.0,0.001,1,16,40x40,MatchingNetwork,5,5,TKH,b-59-850,False,10,4000,2,exp1_permuted_src_datasets
861,596.2593474388123,1.0,1734657367.9109883,,0.224677175283432,1.0,0.001,1,16,40x40,MatchingNetwork,5,5,TKH,b-59-850,False,10,4000,2,exp1_permuted_src_datasets
862,596.3044950962067,1.0,1734657367.956136,,0.23868796229362488,1.0,0.001,1,16,40x40,MatchingNetwork,5,5,TKH,b-59-850,False,10,4000,2,exp1_permuted_src_datasets
863,596.3497288227081,1.0,1734657368.0013697,,0.22332227230072021,1.0,0.001,1,16,40x40,MatchingNetwork,5,5,TKH,b-59-850,False,10,4000,2,exp1_permuted_src_datasets
864,596.3949160575867,1.0,1734657368.046557,,0.22551319003105164,1.0,0.001,1,16,40x40,MatchingNetwork,5,5,TKH,b-59-850,False,10,4000,2,exp1_permuted_src_datasets
865,596.440568447113,1.0,1734657368.0922093,,0.226492241024971,1.0,0.001,1,16,40x40,MatchingNetwork,5,5,TKH,b-59-850,False,10,4000,2,exp1_permuted_src_datasets
866,596.4857304096222,1.0,1734657368.1373713,,0.2424984574317932,1.0,0.001,1,16,40x40,MatchingNetwork,5,5,TKH,b-59-850,False,10,4000,2,exp1_permuted_src_datasets
867,596.5331740379333,1.0,1734657368.184815,,0.23517082631587982,1.0,0.001,1,16,40x40,MatchingNetwork,5,5,TKH,b-59-850,False,10,4000,2,exp1_permuted_src_datasets
868,596.5787918567657,1.0,1734657368.2304327,,0.273960143327713,1.0,0.001,1,16,40x40,MatchingNetwork,5,5,TKH,b-59-850,False,10,4000,2,exp1_permuted_src_datasets
869,596.6235752105713,1.0,1734657368.275216,,0.20478598773479462,1.0,0.001,1,16,40x40,MatchingNetwork,5,5,TKH,b-59-850,False,10,4000,2,exp1_permuted_src_datasets
870,596.6703624725342,1.0,1734657368.3220034,,0.22144800424575806,1.0,0.001,1,16,40x40,MatchingNetwork,5,5,TKH,b-59-850,False,10,4000,2,exp1_permuted_src_datasets
871,596.7148818969727,1.0,1734657368.3665228,,0.29603222012519836,1.0,0.001,1,16,40x40,MatchingNetwork,5,5,TKH,b-59-850,False,10,4000,2,exp1_permuted_src_datasets
872,596.7596633434296,1.0,1734657368.4113042,,0.2578977048397064,1.0,0.001,1,16,40x40,MatchingNetwork,5,5,TKH,b-59-850,False,10,4000,2,exp1_permuted_src_datasets
873,596.8040478229523,1.0,1734657368.4556887,,0.2170586735010147,1.0,0.001,1,16,40x40,MatchingNetwork,5,5,TKH,b-59-850,False,10,4000,2,exp1_permuted_src_datasets
874,596.8486568927765,1.0,1734657368.5002978,,0.2593753933906555,1.0,0.001,1,16,40x40,MatchingNetwork,5,5,TKH,b-59-850,False,10,4000,2,exp1_permuted_src_datasets
875,596.892874956131,1.0,1734657368.5445158,,0.19845883548259735,1.0,0.001,1,16,40x40,MatchingNetwork,5,5,TKH,b-59-850,False,10,4000,2,exp1_permuted_src_datasets
876,596.9378378391266,1.0,1734657368.5894787,,0.2403390258550644,1.0,0.001,1,16,40x40,MatchingNetwork,5,5,TKH,b-59-850,False,10,4000,2,exp1_permuted_src_datasets
877,596.9821317195892,1.0,1734657368.6337726,,0.25239771604537964,1.0,0.001,1,16,40x40,MatchingNetwork,5,5,TKH,b-59-850,False,10,4000,2,exp1_permuted_src_datasets
878,597.0265836715698,1.0,1734657368.6782246,,0.23271915316581726,1.0,0.001,1,16,40x40,MatchingNetwork,5,5,TKH,b-59-850,False,10,4000,2,exp1_permuted_src_datasets
879,597.0714621543884,1.0,1734657368.723103,,0.20333923399448395,1.0,0.001,1,16,40x40,MatchingNetwork,5,5,TKH,b-59-850,False,10,4000,2,exp1_permuted_src_datasets
880,597.1161119937897,1.0,1734657368.767753,,0.23937661945819855,1.0,0.001,1,16,40x40,MatchingNetwork,5,5,TKH,b-59-850,False,10,4000,2,exp1_permuted_src_datasets
881,597.1609666347504,1.0,1734657368.8126075,,0.25685563683509827,1.0,0.001,1,16,40x40,MatchingNetwork,5,5,TKH,b-59-850,False,10,4000,2,exp1_permuted_src_datasets
882,597.2107040882111,1.0,1734657368.862345,,0.2402263879776001,1.0,0.001,1,16,40x40,MatchingNetwork,5,5,TKH,b-59-850,False,10,4000,2,exp1_permuted_src_datasets
883,597.2556009292603,1.0,1734657368.9072418,,0.24777057766914368,1.0,0.001,1,16,40x40,MatchingNetwork,5,5,TKH,b-59-850,False,10,4000,2,exp1_permuted_src_datasets
884,597.2997281551361,1.0,1734657368.951369,,0.23604744672775269,1.0,0.001,1,16,40x40,MatchingNetwork,5,5,TKH,b-59-850,False,10,4000,2,exp1_permuted_src_datasets
885,597.3437075614929,1.0,1734657368.9953485,,0.2629651129245758,1.0,0.001,1,16,40x40,MatchingNetwork,5,5,TKH,b-59-850,False,10,4000,2,exp1_permuted_src_datasets
886,597.388112783432,1.0,1734657369.0397537,,0.2389880120754242,1.0,0.001,1,16,40x40,MatchingNetwork,5,5,TKH,b-59-850,False,10,4000,2,exp1_permuted_src_datasets
887,597.4324307441711,1.0,1734657369.0840716,,0.21993671357631683,1.0,0.001,1,16,40x40,MatchingNetwork,5,5,TKH,b-59-850,False,10,4000,2,exp1_permuted_src_datasets
888,597.4763407707214,1.0,1734657369.1279817,,0.2042294591665268,1.0,0.001,1,16,40x40,MatchingNetwork,5,5,TKH,b-59-850,False,10,4000,2,exp1_permuted_src_datasets
889,597.5245544910431,1.0,1734657369.1761954,,0.2418903410434723,1.0,0.001,1,16,40x40,MatchingNetwork,5,5,TKH,b-59-850,False,10,4000,2,exp1_permuted_src_datasets
890,597.5723657608032,1.0,1734657369.2240067,,0.23512357473373413,1.0,0.001,1,16,40x40,MatchingNetwork,5,5,TKH,b-59-850,False,10,4000,2,exp1_permuted_src_datasets
891,597.6165871620178,1.0,1734657369.268228,,0.28065213561058044,1.0,0.001,1,16,40x40,MatchingNetwork,5,5,TKH,b-59-850,False,10,4000,2,exp1_permuted_src_datasets
892,597.6618988513947,1.0,1734657369.3135397,,0.237692192196846,1.0,0.001,1,16,40x40,MatchingNetwork,5,5,TKH,b-59-850,False,10,4000,2,exp1_permuted_src_datasets
893,597.7079169750214,1.0,1734657369.3595579,,0.24629855155944824,1.0,0.001,1,16,40x40,MatchingNetwork,5,5,TKH,b-59-850,False,10,4000,2,exp1_permuted_src_datasets
894,597.7547566890717,1.0,1734657369.4063976,,0.26393118500709534,1.0,0.001,1,16,40x40,MatchingNetwork,5,5,TKH,b-59-850,False,10,4000,2,exp1_permuted_src_datasets
895,597.8004529476166,1.0,1734657369.4520938,,0.2407848834991455,1.0,0.001,1,16,40x40,MatchingNetwork,5,5,TKH,b-59-850,False,10,4000,2,exp1_permuted_src_datasets
896,597.8451688289642,1.0,1734657369.4968097,,0.24441315233707428,1.0,0.001,1,16,40x40,MatchingNetwork,5,5,TKH,b-59-850,False,10,4000,2,exp1_permuted_src_datasets
897,617.1230690479279,1.0,1734657388.77471,0.894,,,0.001,1,16,40x40,MatchingNetwork,5,5,TKH,b-59-850,False,10,4000,2,exp1_permuted_src_datasets
898,636.2329919338226,1.0,1734657407.8846328,0.89375,,,0.001,1,16,40x40,MatchingNetwork,5,5,TKH,b-59-850,False,10,4000,2,exp1_permuted_src_datasets
899,636.27863240242,1.0,1734657407.9302733,,0.21667461097240448,1.0,0.001,1,16,40x40,MatchingNetwork,5,5,TKH,b-59-850,False,10,4000,2,exp1_permuted_src_datasets
900,636.3246920108795,1.0,1734657407.976333,,0.23804481327533722,1.0,0.001,1,16,40x40,MatchingNetwork,5,5,TKH,b-59-850,False,10,4000,2,exp1_permuted_src_datasets
901,636.3710396289825,1.0,1734657408.0226805,,0.21682220697402954,1.0,0.001,1,16,40x40,MatchingNetwork,5,5,TKH,b-59-850,False,10,4000,2,exp1_permuted_src_datasets
902,636.4179937839508,1.0,1734657408.0696347,,0.2310771495103836,1.0,0.001,1,16,40x40,MatchingNetwork,5,5,TKH,b-59-850,False,10,4000,2,exp1_permuted_src_datasets
903,636.4648411273956,1.0,1734657408.116482,,0.23517434298992157,1.0,0.001,1,16,40x40,MatchingNetwork,5,5,TKH,b-59-850,False,10,4000,2,exp1_permuted_src_datasets
904,636.5094368457794,1.0,1734657408.1610777,,0.20583313703536987,1.0,0.001,1,16,40x40,MatchingNetwork,5,5,TKH,b-59-850,False,10,4000,2,exp1_permuted_src_datasets
905,636.5531182289124,1.0,1734657408.2047591,,0.2332109957933426,1.0,0.001,1,16,40x40,MatchingNetwork,5,5,TKH,b-59-850,False,10,4000,2,exp1_permuted_src_datasets
906,636.5980370044708,1.0,1734657408.249678,,0.21486443281173706,1.0,0.001,1,16,40x40,MatchingNetwork,5,5,TKH,b-59-850,False,10,4000,2,exp1_permuted_src_datasets
907,636.6430878639221,1.0,1734657408.2947288,,0.21170508861541748,1.0,0.001,1,16,40x40,MatchingNetwork,5,5,TKH,b-59-850,False,10,4000,2,exp1_permuted_src_datasets
908,636.7009882926941,1.0,1734657408.3526292,,0.2599647045135498,1.0,0.001,1,16,40x40,MatchingNetwork,5,5,TKH,b-59-850,False,10,4000,2,exp1_permuted_src_datasets
909,636.7465438842773,1.0,1734657408.3981848,,0.2609775960445404,1.0,0.001,1,16,40x40,MatchingNetwork,5,5,TKH,b-59-850,False,10,4000,2,exp1_permuted_src_datasets
910,636.7914822101593,1.0,1734657408.443123,,0.21816882491111755,1.0,0.001,1,16,40x40,MatchingNetwork,5,5,TKH,b-59-850,False,10,4000,2,exp1_permuted_src_datasets
911,636.8360362052917,1.0,1734657408.487677,,0.19014757871627808,1.0,0.001,1,16,40x40,MatchingNetwork,5,5,TKH,b-59-850,False,10,4000,2,exp1_permuted_src_datasets
912,636.8805882930756,1.0,1734657408.5322292,,0.21770042181015015,1.0,0.001,1,16,40x40,MatchingNetwork,5,5,TKH,b-59-850,False,10,4000,2,exp1_permuted_src_datasets
913,636.9263327121735,1.0,1734657408.5779736,,0.23787625133991241,1.0,0.001,1,16,40x40,MatchingNetwork,5,5,TKH,b-59-850,False,10,4000,2,exp1_permuted_src_datasets
914,636.9717977046967,1.0,1734657408.6234386,,0.2434339076280594,1.0,0.001,1,16,40x40,MatchingNetwork,5,5,TKH,b-59-850,False,10,4000,2,exp1_permuted_src_datasets
915,637.0164713859558,1.0,1734657408.6681123,,0.22626429796218872,1.0,0.001,1,16,40x40,MatchingNetwork,5,5,TKH,b-59-850,False,10,4000,2,exp1_permuted_src_datasets
916,637.0609083175659,1.0,1734657408.7125492,,0.24383026361465454,1.0,0.001,1,16,40x40,MatchingNetwork,5,5,TKH,b-59-850,False,10,4000,2,exp1_permuted_src_datasets
917,637.1066226959229,1.0,1734657408.7582636,,0.229579359292984,1.0,0.001,1,16,40x40,MatchingNetwork,5,5,TKH,b-59-850,False,10,4000,2,exp1_permuted_src_datasets
918,637.1513545513153,1.0,1734657408.8029954,,0.22575031220912933,1.0,0.001,1,16,40x40,MatchingNetwork,5,5,TKH,b-59-850,False,10,4000,2,exp1_permuted_src_datasets
919,637.1961238384247,1.0,1734657408.8477647,,0.2028695046901703,1.0,0.001,1,16,40x40,MatchingNetwork,5,5,TKH,b-59-850,False,10,4000,2,exp1_permuted_src_datasets
920,637.2381796836853,1.0,1734657408.8898206,,0.2527073323726654,1.0,0.001,1,16,40x40,MatchingNetwork,5,5,TKH,b-59-850,False,10,4000,2,exp1_permuted_src_datasets
921,637.2823250293732,1.0,1734657408.933966,,0.2388729453086853,1.0,0.001,1,16,40x40,MatchingNetwork,5,5,TKH,b-59-850,False,10,4000,2,exp1_permuted_src_datasets
922,637.3278152942657,1.0,1734657408.9794562,,0.23442701995372772,1.0,0.001,1,16,40x40,MatchingNetwork,5,5,TKH,b-59-850,False,10,4000,2,exp1_permuted_src_datasets
923,637.3723006248474,1.0,1734657409.0239415,,0.20454111695289612,1.0,0.001,1,16,40x40,MatchingNetwork,5,5,TKH,b-59-850,False,10,4000,2,exp1_permuted_src_datasets
924,637.4187014102936,1.0,1734657409.0703423,,0.22096920013427734,1.0,0.001,1,16,40x40,MatchingNetwork,5,5,TKH,b-59-850,False,10,4000,2,exp1_permuted_src_datasets
925,637.4645733833313,1.0,1734657409.1162143,,0.2292211800813675,1.0,0.001,1,16,40x40,MatchingNetwork,5,5,TKH,b-59-850,False,10,4000,2,exp1_permuted_src_datasets
926,637.5081577301025,1.0,1734657409.1597986,,0.24406619369983673,1.0,0.001,1,16,40x40,MatchingNetwork,5,5,TKH,b-59-850,False,10,4000,2,exp1_permuted_src_datasets
927,637.552520275116,1.0,1734657409.2041612,,0.22630487382411957,1.0,0.001,1,16,40x40,MatchingNetwork,5,5,TKH,b-59-850,False,10,4000,2,exp1_permuted_src_datasets
928,637.5980291366577,1.0,1734657409.24967,,0.21357972919940948,1.0,0.001,1,16,40x40,MatchingNetwork,5,5,TKH,b-59-850,False,10,4000,2,exp1_permuted_src_datasets
929,637.6424055099487,1.0,1734657409.2940464,,0.24963897466659546,1.0,0.001,1,16,40x40,MatchingNetwork,5,5,TKH,b-59-850,False,10,4000,2,exp1_permuted_src_datasets
930,637.6871016025543,1.0,1734657409.3387425,,0.21141694486141205,1.0,0.001,1,16,40x40,MatchingNetwork,5,5,TKH,b-59-850,False,10,4000,2,exp1_permuted_src_datasets
931,637.7318370342255,1.0,1734657409.383478,,0.22543486952781677,1.0,0.001,1,16,40x40,MatchingNetwork,5,5,TKH,b-59-850,False,10,4000,2,exp1_permuted_src_datasets
932,637.7767064571381,1.0,1734657409.4283473,,0.21726325154304504,1.0,0.001,1,16,40x40,MatchingNetwork,5,5,TKH,b-59-850,False,10,4000,2,exp1_permuted_src_datasets
933,637.8217623233795,1.0,1734657409.4734032,,0.22601523995399475,1.0,0.001,1,16,40x40,MatchingNetwork,5,5,TKH,b-59-850,False,10,4000,2,exp1_permuted_src_datasets
934,637.8678755760193,1.0,1734657409.5195165,,0.21639932692050934,1.0,0.001,1,16,40x40,MatchingNetwork,5,5,TKH,b-59-850,False,10,4000,2,exp1_permuted_src_datasets
935,637.9132447242737,1.0,1734657409.5648856,,0.20130261778831482,1.0,0.001,1,16,40x40,MatchingNetwork,5,5,TKH,b-59-850,False,10,4000,2,exp1_permuted_src_datasets
936,637.9584488868713,1.0,1734657409.6100898,,0.22295786440372467,1.0,0.001,1,16,40x40,MatchingNetwork,5,5,TKH,b-59-850,False,10,4000,2,exp1_permuted_src_datasets
937,638.0026865005493,1.0,1734657409.6543274,,0.21408942341804504,1.0,0.001,1,16,40x40,MatchingNetwork,5,5,TKH,b-59-850,False,10,4000,2,exp1_permuted_src_datasets
938,638.048681974411,1.0,1734657409.7003229,,0.23533287644386292,1.0,0.001,1,16,40x40,MatchingNetwork,5,5,TKH,b-59-850,False,10,4000,2,exp1_permuted_src_datasets
939,638.0934655666351,1.0,1734657409.7451065,,0.26204797625541687,1.0,0.001,1,16,40x40,MatchingNetwork,5,5,TKH,b-59-850,False,10,4000,2,exp1_permuted_src_datasets
940,638.1405668258667,1.0,1734657409.7922077,,0.22191739082336426,1.0,0.001,1,16,40x40,MatchingNetwork,5,5,TKH,b-59-850,False,10,4000,2,exp1_permuted_src_datasets
941,638.1852102279663,1.0,1734657409.8368511,,0.22089289128780365,1.0,0.001,1,16,40x40,MatchingNetwork,5,5,TKH,b-59-850,False,10,4000,2,exp1_permuted_src_datasets
942,638.2320411205292,1.0,1734657409.883682,,0.20748846232891083,1.0,0.001,1,16,40x40,MatchingNetwork,5,5,TKH,b-59-850,False,10,4000,2,exp1_permuted_src_datasets
943,638.2774934768677,1.0,1734657409.9291344,,0.22284549474716187,1.0,0.001,1,16,40x40,MatchingNetwork,5,5,TKH,b-59-850,False,10,4000,2,exp1_permuted_src_datasets
944,638.3226335048676,1.0,1734657409.9742744,,0.2480374574661255,1.0,0.001,1,16,40x40,MatchingNetwork,5,5,TKH,b-59-850,False,10,4000,2,exp1_permuted_src_datasets
945,638.3681697845459,1.0,1734657410.0198107,,0.2068411260843277,1.0,0.001,1,16,40x40,MatchingNetwork,5,5,TKH,b-59-850,False,10,4000,2,exp1_permuted_src_datasets
946,638.4130547046661,1.0,1734657410.0646956,,0.2659398913383484,1.0,0.001,1,16,40x40,MatchingNetwork,5,5,TKH,b-59-850,False,10,4000,2,exp1_permuted_src_datasets
947,638.4589295387268,1.0,1734657410.1105704,,0.18802040815353394,1.0,0.001,1,16,40x40,MatchingNetwork,5,5,TKH,b-59-850,False,10,4000,2,exp1_permuted_src_datasets
948,638.5049798488617,1.0,1734657410.1566207,,0.21861732006072998,1.0,0.001,1,16,40x40,MatchingNetwork,5,5,TKH,b-59-850,False,10,4000,2,exp1_permuted_src_datasets
949,638.5502908229828,1.0,1734657410.2019317,,0.22689339518547058,1.0,0.001,1,16,40x40,MatchingNetwork,5,5,TKH,b-59-850,False,10,4000,2,exp1_permuted_src_datasets
950,638.5952253341675,1.0,1734657410.2468662,,0.20876796543598175,1.0,0.001,1,16,40x40,MatchingNetwork,5,5,TKH,b-59-850,False,10,4000,2,exp1_permuted_src_datasets
951,638.6405174732208,1.0,1734657410.2921584,,0.21701115369796753,1.0,0.001,1,16,40x40,MatchingNetwork,5,5,TKH,b-59-850,False,10,4000,2,exp1_permuted_src_datasets
952,638.6859352588654,1.0,1734657410.3375762,,0.25719135999679565,1.0,0.001,1,16,40x40,MatchingNetwork,5,5,TKH,b-59-850,False,10,4000,2,exp1_permuted_src_datasets
953,638.7313537597656,1.0,1734657410.3829947,,0.2574135363101959,1.0,0.001,1,16,40x40,MatchingNetwork,5,5,TKH,b-59-850,False,10,4000,2,exp1_permuted_src_datasets
954,638.7766432762146,1.0,1734657410.4282842,,0.28098058700561523,1.0,0.001,1,16,40x40,MatchingNetwork,5,5,TKH,b-59-850,False,10,4000,2,exp1_permuted_src_datasets
955,638.8236989974976,1.0,1734657410.47534,,0.23975063860416412,1.0,0.001,1,16,40x40,MatchingNetwork,5,5,TKH,b-59-850,False,10,4000,2,exp1_permuted_src_datasets
956,638.869696855545,1.0,1734657410.5213377,,0.26057714223861694,1.0,0.001,1,16,40x40,MatchingNetwork,5,5,TKH,b-59-850,False,10,4000,2,exp1_permuted_src_datasets
957,638.9137256145477,1.0,1734657410.5653665,,0.24361096322536469,1.0,0.001,1,16,40x40,MatchingNetwork,5,5,TKH,b-59-850,False,10,4000,2,exp1_permuted_src_datasets
958,638.9576690196991,1.0,1734657410.60931,,0.2348615676164627,1.0,0.001,1,16,40x40,MatchingNetwork,5,5,TKH,b-59-850,False,10,4000,2,exp1_permuted_src_datasets
959,639.0016977787018,1.0,1734657410.6533387,,0.2080545425415039,1.0,0.001,1,16,40x40,MatchingNetwork,5,5,TKH,b-59-850,False,10,4000,2,exp1_permuted_src_datasets
960,639.0457694530487,1.0,1734657410.6974103,,0.22302773594856262,1.0,0.001,1,16,40x40,MatchingNetwork,5,5,TKH,b-59-850,False,10,4000,2,exp1_permuted_src_datasets
961,658.246132850647,1.0,1734657429.8977737,0.89925,,,0.001,1,16,40x40,MatchingNetwork,5,5,TKH,b-59-850,False,10,4000,2,exp1_permuted_src_datasets
962,677.4631876945496,1.0,1734657449.1148286,0.908,,,0.001,1,16,40x40,MatchingNetwork,5,5,TKH,b-59-850,False,10,4000,2,exp1_permuted_src_datasets
963,677.4871537685394,1.0,1734657449.1387947,,0.2355835884809494,1.0,0.001,1,16,40x40,MatchingNetwork,5,5,TKH,b-59-850,False,10,4000,2,exp1_permuted_src_datasets
964,677.5321452617645,1.0,1734657449.1837862,,0.2104736864566803,1.0,0.001,1,16,40x40,MatchingNetwork,5,5,TKH,b-59-850,False,10,4000,2,exp1_permuted_src_datasets
965,677.5759236812592,1.0,1734657449.2275646,,0.22031624615192413,1.0,0.001,1,16,40x40,MatchingNetwork,5,5,TKH,b-59-850,False,10,4000,2,exp1_permuted_src_datasets
966,677.6208345890045,1.0,1734657449.2724755,,0.21486955881118774,1.0,0.001,1,16,40x40,MatchingNetwork,5,5,TKH,b-59-850,False,10,4000,2,exp1_permuted_src_datasets
967,677.6687650680542,1.0,1734657449.320406,,0.23317363858222961,1.0,0.001,1,16,40x40,MatchingNetwork,5,5,TKH,b-59-850,False,10,4000,2,exp1_permuted_src_datasets
968,677.7132148742676,1.0,1734657449.3648558,,0.19277894496917725,1.0,0.001,1,16,40x40,MatchingNetwork,5,5,TKH,b-59-850,False,10,4000,2,exp1_permuted_src_datasets
969,677.7567663192749,1.0,1734657449.4084072,,0.2224327176809311,1.0,0.001,1,16,40x40,MatchingNetwork,5,5,TKH,b-59-850,False,10,4000,2,exp1_permuted_src_datasets
970,677.8004229068756,1.0,1734657449.4520638,,0.2347640097141266,1.0,0.001,1,16,40x40,MatchingNetwork,5,5,TKH,b-59-850,False,10,4000,2,exp1_permuted_src_datasets
971,677.8440535068512,1.0,1734657449.4956944,,0.18800820410251617,1.0,0.001,1,16,40x40,MatchingNetwork,5,5,TKH,b-59-850,False,10,4000,2,exp1_permuted_src_datasets
972,677.8882350921631,1.0,1734657449.539876,,0.21050730347633362,1.0,0.001,1,16,40x40,MatchingNetwork,5,5,TKH,b-59-850,False,10,4000,2,exp1_permuted_src_datasets
973,677.9320454597473,1.0,1734657449.5836864,,0.21320614218711853,1.0,0.001,1,16,40x40,MatchingNetwork,5,5,TKH,b-59-850,False,10,4000,2,exp1_permuted_src_datasets
974,677.9762394428253,1.0,1734657449.6278803,,0.23346950113773346,1.0,0.001,1,16,40x40,MatchingNetwork,5,5,TKH,b-59-850,False,10,4000,2,exp1_permuted_src_datasets
975,678.0206727981567,1.0,1734657449.6723137,,0.21233858168125153,1.0,0.001,1,16,40x40,MatchingNetwork,5,5,TKH,b-59-850,False,10,4000,2,exp1_permuted_src_datasets
976,678.0633425712585,1.0,1734657449.7149835,,0.22169068455696106,1.0,0.001,1,16,40x40,MatchingNetwork,5,5,TKH,b-59-850,False,10,4000,2,exp1_permuted_src_datasets
977,678.1079602241516,1.0,1734657449.759601,,0.21194566786289215,1.0,0.001,1,16,40x40,MatchingNetwork,5,5,TKH,b-59-850,False,10,4000,2,exp1_permuted_src_datasets
978,678.1538772583008,1.0,1734657449.8055182,,0.2648404538631439,1.0,0.001,1,16,40x40,MatchingNetwork,5,5,TKH,b-59-850,False,10,4000,2,exp1_permuted_src_datasets
979,678.198920249939,1.0,1734657449.8505611,,0.2487548291683197,1.0,0.001,1,16,40x40,MatchingNetwork,5,5,TKH,b-59-850,False,10,4000,2,exp1_permuted_src_datasets
980,678.2446672916412,1.0,1734657449.8963082,,0.2574571371078491,1.0,0.001,1,16,40x40,MatchingNetwork,5,5,TKH,b-59-850,False,10,4000,2,exp1_permuted_src_datasets
981,678.2892463207245,1.0,1734657449.9408872,,0.2433343529701233,1.0,0.001,1,16,40x40,MatchingNetwork,5,5,TKH,b-59-850,False,10,4000,2,exp1_permuted_src_datasets
982,678.3345572948456,1.0,1734657449.9861982,,0.24618037045001984,1.0,0.001,1,16,40x40,MatchingNetwork,5,5,TKH,b-59-850,False,10,4000,2,exp1_permuted_src_datasets
983,678.3792326450348,1.0,1734657450.0308735,,0.20405708253383636,1.0,0.001,1,16,40x40,MatchingNetwork,5,5,TKH,b-59-850,False,10,4000,2,exp1_permuted_src_datasets
984,678.4233231544495,1.0,1734657450.074964,,0.21878039836883545,1.0,0.001,1,16,40x40,MatchingNetwork,5,5,TKH,b-59-850,False,10,4000,2,exp1_permuted_src_datasets
985,678.4673976898193,1.0,1734657450.1190386,,0.24502840638160706,1.0,0.001,1,16,40x40,MatchingNetwork,5,5,TKH,b-59-850,False,10,4000,2,exp1_permuted_src_datasets
986,678.5112411975861,1.0,1734657450.162882,,0.21398070454597473,1.0,0.001,1,16,40x40,MatchingNetwork,5,5,TKH,b-59-850,False,10,4000,2,exp1_permuted_src_datasets
987,678.5553166866302,1.0,1734657450.2069576,,0.19291789829730988,1.0,0.001,1,16,40x40,MatchingNetwork,5,5,TKH,b-59-850,False,10,4000,2,exp1_permuted_src_datasets
988,678.5993931293488,1.0,1734657450.251034,,0.22307980060577393,1.0,0.001,1,16,40x40,MatchingNetwork,5,5,TKH,b-59-850,False,10,4000,2,exp1_permuted_src_datasets
989,678.643853187561,1.0,1734657450.295494,,0.21273814141750336,1.0,0.001,1,16,40x40,MatchingNetwork,5,5,TKH,b-59-850,False,10,4000,2,exp1_permuted_src_datasets
990,678.6884307861328,1.0,1734657450.3400717,,0.23888321220874786,1.0,0.001,1,16,40x40,MatchingNetwork,5,5,TKH,b-59-850,False,10,4000,2,exp1_permuted_src_datasets
991,678.7325763702393,1.0,1734657450.3842173,,0.21715310215950012,1.0,0.001,1,16,40x40,MatchingNetwork,5,5,TKH,b-59-850,False,10,4000,2,exp1_permuted_src_datasets
992,678.7768869400024,1.0,1734657450.4285278,,0.20441840589046478,1.0,0.001,1,16,40x40,MatchingNetwork,5,5,TKH,b-59-850,False,10,4000,2,exp1_permuted_src_datasets
993,678.8202512264252,1.0,1734657450.471892,,0.23826557397842407,1.0,0.001,1,16,40x40,MatchingNetwork,5,5,TKH,b-59-850,False,10,4000,2,exp1_permuted_src_datasets
994,678.8669209480286,1.0,1734657450.5185618,,0.2312571406364441,1.0,0.001,1,16,40x40,MatchingNetwork,5,5,TKH,b-59-850,False,10,4000,2,exp1_permuted_src_datasets
995,678.9135127067566,1.0,1734657450.5651536,,0.23754452168941498,1.0,0.001,1,16,40x40,MatchingNetwork,5,5,TKH,b-59-850,False,10,4000,2,exp1_permuted_src_datasets
996,678.9575364589691,1.0,1734657450.6091774,,0.23884794116020203,1.0,0.001,1,16,40x40,MatchingNetwork,5,5,TKH,b-59-850,False,10,4000,2,exp1_permuted_src_datasets
997,679.0017576217651,1.0,1734657450.6533985,,0.21895724534988403,1.0,0.001,1,16,40x40,MatchingNetwork,5,5,TKH,b-59-850,False,10,4000,2,exp1_permuted_src_datasets
998,679.0472490787506,1.0,1734657450.69889,,0.2563289403915405,1.0,0.001,1,16,40x40,MatchingNetwork,5,5,TKH,b-59-850,False,10,4000,2,exp1_permuted_src_datasets
999,679.0912759304047,1.0,1734657450.7429168,,0.2409110963344574,1.0,0.001,1,16,40x40,MatchingNetwork,5,5,TKH,b-59-850,False,10,4000,2,exp1_permuted_src_datasets
1000,679.1357250213623,1.0,1734657450.787366,,0.23212096095085144,1.0,0.001,1,16,40x40,MatchingNetwork,5,5,TKH,b-59-850,False,10,4000,2,exp1_permuted_src_datasets
1001,679.1801056861877,1.0,1734657450.8317466,,0.21999160945415497,1.0,0.001,1,16,40x40,MatchingNetwork,5,5,TKH,b-59-850,False,10,4000,2,exp1_permuted_src_datasets
1002,679.2249977588654,1.0,1734657450.8766387,,0.23112384974956512,1.0,0.001,1,16,40x40,MatchingNetwork,5,5,TKH,b-59-850,False,10,4000,2,exp1_permuted_src_datasets
1003,679.2687048912048,1.0,1734657450.9203458,,0.19384552538394928,1.0,0.001,1,16,40x40,MatchingNetwork,5,5,TKH,b-59-850,False,10,4000,2,exp1_permuted_src_datasets
1004,679.3136279582977,1.0,1734657450.9652689,,0.2419496327638626,1.0,0.001,1,16,40x40,MatchingNetwork,5,5,TKH,b-59-850,False,10,4000,2,exp1_permuted_src_datasets
1005,679.3596887588501,1.0,1734657451.0113297,,0.19826212525367737,1.0,0.001,1,16,40x40,MatchingNetwork,5,5,TKH,b-59-850,False,10,4000,2,exp1_permuted_src_datasets
1006,679.404923915863,1.0,1734657451.0565648,,0.2067371904850006,1.0,0.001,1,16,40x40,MatchingNetwork,5,5,TKH,b-59-850,False,10,4000,2,exp1_permuted_src_datasets
1007,679.4490895271301,1.0,1734657451.1007304,,0.21290689706802368,1.0,0.001,1,16,40x40,MatchingNetwork,5,5,TKH,b-59-850,False,10,4000,2,exp1_permuted_src_datasets
1008,679.4945929050446,1.0,1734657451.1462338,,0.2351495623588562,1.0,0.001,1,16,40x40,MatchingNetwork,5,5,TKH,b-59-850,False,10,4000,2,exp1_permuted_src_datasets
1009,679.5402734279633,1.0,1734657451.1919143,,0.2716566324234009,1.0,0.001,1,16,40x40,MatchingNetwork,5,5,TKH,b-59-850,False,10,4000,2,exp1_permuted_src_datasets
1010,679.5846545696259,1.0,1734657451.2362955,,0.2782721519470215,1.0,0.001,1,16,40x40,MatchingNetwork,5,5,TKH,b-59-850,False,10,4000,2,exp1_permuted_src_datasets
1011,679.6294484138489,1.0,1734657451.2810893,,0.2777872383594513,1.0,0.001,1,16,40x40,MatchingNetwork,5,5,TKH,b-59-850,False,10,4000,2,exp1_permuted_src_datasets
1012,679.6743085384369,1.0,1734657451.3259494,,0.22955656051635742,1.0,0.001,1,16,40x40,MatchingNetwork,5,5,TKH,b-59-850,False,10,4000,2,exp1_permuted_src_datasets
1013,679.7208440303802,1.0,1734657451.372485,,0.19558162987232208,1.0,0.001,1,16,40x40,MatchingNetwork,5,5,TKH,b-59-850,False,10,4000,2,exp1_permuted_src_datasets
1014,679.7662603855133,1.0,1734657451.4179013,,0.24207442998886108,1.0,0.001,1,16,40x40,MatchingNetwork,5,5,TKH,b-59-850,False,10,4000,2,exp1_permuted_src_datasets
1015,679.8114748001099,1.0,1734657451.4631157,,0.22960305213928223,1.0,0.001,1,16,40x40,MatchingNetwork,5,5,TKH,b-59-850,False,10,4000,2,exp1_permuted_src_datasets
1016,679.8565866947174,1.0,1734657451.5082276,,0.2163863331079483,1.0,0.001,1,16,40x40,MatchingNetwork,5,5,TKH,b-59-850,False,10,4000,2,exp1_permuted_src_datasets
1017,679.9017140865326,1.0,1734657451.553355,,0.19452233612537384,1.0,0.001,1,16,40x40,MatchingNetwork,5,5,TKH,b-59-850,False,10,4000,2,exp1_permuted_src_datasets
1018,679.9476463794708,1.0,1734657451.5992873,,0.21671144664287567,1.0,0.001,1,16,40x40,MatchingNetwork,5,5,TKH,b-59-850,False,10,4000,2,exp1_permuted_src_datasets
1019,679.9923896789551,1.0,1734657451.6440306,,0.24449783563613892,1.0,0.001,1,16,40x40,MatchingNetwork,5,5,TKH,b-59-850,False,10,4000,2,exp1_permuted_src_datasets
1020,680.0374715328217,1.0,1734657451.6891124,,0.2140595018863678,1.0,0.001,1,16,40x40,MatchingNetwork,5,5,TKH,b-59-850,False,10,4000,2,exp1_permuted_src_datasets
1021,680.0818581581116,1.0,1734657451.733499,,0.211165651679039,1.0,0.001,1,16,40x40,MatchingNetwork,5,5,TKH,b-59-850,False,10,4000,2,exp1_permuted_src_datasets
1022,680.1264564990997,1.0,1734657451.7780974,,0.2063971310853958,1.0,0.001,1,16,40x40,MatchingNetwork,5,5,TKH,b-59-850,False,10,4000,2,exp1_permuted_src_datasets
1023,680.1711118221283,1.0,1734657451.8227527,,0.23343971371650696,1.0,0.001,1,16,40x40,MatchingNetwork,5,5,TKH,b-59-850,False,10,4000,2,exp1_permuted_src_datasets
1024,680.2165369987488,1.0,1734657451.868178,,0.2155381590127945,1.0,0.001,1,16,40x40,MatchingNetwork,5,5,TKH,b-59-850,False,10,4000,2,exp1_permuted_src_datasets
1025,699.3428120613098,1.0,1734657470.994453,0.89275,,,0.001,1,16,40x40,MatchingNetwork,5,5,TKH,b-59-850,False,10,4000,2,exp1_permuted_src_datasets
1026,718.4722516536713,1.0,1734657490.1238925,0.895,,,0.001,1,16,40x40,MatchingNetwork,5,5,TKH,b-59-850,False,10,4000,2,exp1_permuted_src_datasets
1027,718.4959781169891,1.0,1734657490.147619,,0.25058093667030334,1.0,0.001,1,16,40x40,MatchingNetwork,5,5,TKH,b-59-850,False,10,4000,2,exp1_permuted_src_datasets
1028,718.5409009456635,1.0,1734657490.1925418,,0.21648292243480682,1.0,0.001,1,16,40x40,MatchingNetwork,5,5,TKH,b-59-850,False,10,4000,2,exp1_permuted_src_datasets
1029,718.5862562656403,1.0,1734657490.2378972,,0.19587786495685577,1.0,0.001,1,16,40x40,MatchingNetwork,5,5,TKH,b-59-850,False,10,4000,2,exp1_permuted_src_datasets
1030,718.6367161273956,1.0,1734657490.288357,,0.2495083212852478,1.0,0.001,1,16,40x40,MatchingNetwork,5,5,TKH,b-59-850,False,10,4000,2,exp1_permuted_src_datasets
1031,718.6829314231873,1.0,1734657490.3345723,,0.24591723084449768,1.0,0.001,1,16,40x40,MatchingNetwork,5,5,TKH,b-59-850,False,10,4000,2,exp1_permuted_src_datasets
1032,718.7274649143219,1.0,1734657490.3791058,,0.22476276755332947,1.0,0.001,1,16,40x40,MatchingNetwork,5,5,TKH,b-59-850,False,10,4000,2,exp1_permuted_src_datasets
1033,718.7714612483978,1.0,1734657490.4231021,,0.25560516119003296,1.0,0.001,1,16,40x40,MatchingNetwork,5,5,TKH,b-59-850,False,10,4000,2,exp1_permuted_src_datasets
1034,718.8165152072906,1.0,1734657490.468156,,0.2657874822616577,1.0,0.001,1,16,40x40,MatchingNetwork,5,5,TKH,b-59-850,False,10,4000,2,exp1_permuted_src_datasets
1035,718.8785266876221,1.0,1734657490.5301676,,0.21665817499160767,1.0,0.001,1,16,40x40,MatchingNetwork,5,5,TKH,b-59-850,False,10,4000,2,exp1_permuted_src_datasets
1036,718.9243230819702,1.0,1734657490.575964,,0.18377886712551117,1.0,0.001,1,16,40x40,MatchingNetwork,5,5,TKH,b-59-850,False,10,4000,2,exp1_permuted_src_datasets
1037,718.9687232971191,1.0,1734657490.6203642,,0.21526825428009033,1.0,0.001,1,16,40x40,MatchingNetwork,5,5,TKH,b-59-850,False,10,4000,2,exp1_permuted_src_datasets
1038,719.0130681991577,1.0,1734657490.664709,,0.19504103064537048,1.0,0.001,1,16,40x40,MatchingNetwork,5,5,TKH,b-59-850,False,10,4000,2,exp1_permuted_src_datasets
1039,719.0577311515808,1.0,1734657490.709372,,0.23303186893463135,1.0,0.001,1,16,40x40,MatchingNetwork,5,5,TKH,b-59-850,False,10,4000,2,exp1_permuted_src_datasets
1040,719.1033887863159,1.0,1734657490.7550297,,0.24462808668613434,1.0,0.001,1,16,40x40,MatchingNetwork,5,5,TKH,b-59-850,False,10,4000,2,exp1_permuted_src_datasets
1041,719.1492812633514,1.0,1734657490.8009222,,0.22063085436820984,1.0,0.001,1,16,40x40,MatchingNetwork,5,5,TKH,b-59-850,False,10,4000,2,exp1_permuted_src_datasets
1042,719.1940126419067,1.0,1734657490.8456535,,0.23495860397815704,1.0,0.001,1,16,40x40,MatchingNetwork,5,5,TKH,b-59-850,False,10,4000,2,exp1_permuted_src_datasets
1043,719.2375919818878,1.0,1734657490.8892329,,0.2401764988899231,1.0,0.001,1,16,40x40,MatchingNetwork,5,5,TKH,b-59-850,False,10,4000,2,exp1_permuted_src_datasets
1044,719.2819936275482,1.0,1734657490.9336345,,0.23109161853790283,1.0,0.001,1,16,40x40,MatchingNetwork,5,5,TKH,b-59-850,False,10,4000,2,exp1_permuted_src_datasets
1045,719.3270206451416,1.0,1734657490.9786615,,0.21397367119789124,1.0,0.001,1,16,40x40,MatchingNetwork,5,5,TKH,b-59-850,False,10,4000,2,exp1_permuted_src_datasets
1046,719.3785552978516,1.0,1734657491.0301962,,0.22003163397312164,1.0,0.001,1,16,40x40,MatchingNetwork,5,5,TKH,b-59-850,False,10,4000,2,exp1_permuted_src_datasets
1047,719.4233667850494,1.0,1734657491.0750077,,0.2009778767824173,1.0,0.001,1,16,40x40,MatchingNetwork,5,5,TKH,b-59-850,False,10,4000,2,exp1_permuted_src_datasets
1048,719.4678926467896,1.0,1734657491.1195335,,0.21123376488685608,1.0,0.001,1,16,40x40,MatchingNetwork,5,5,TKH,b-59-850,False,10,4000,2,exp1_permuted_src_datasets
1049,719.5120747089386,1.0,1734657491.1637156,,0.21969099342823029,1.0,0.001,1,16,40x40,MatchingNetwork,5,5,TKH,b-59-850,False,10,4000,2,exp1_permuted_src_datasets
1050,719.5568370819092,1.0,1734657491.208478,,0.2140284925699234,1.0,0.001,1,16,40x40,MatchingNetwork,5,5,TKH,b-59-850,False,10,4000,2,exp1_permuted_src_datasets
1051,719.600111246109,1.0,1734657491.2517521,,0.21049582958221436,1.0,0.001,1,16,40x40,MatchingNetwork,5,5,TKH,b-59-850,False,10,4000,2,exp1_permuted_src_datasets
1052,719.6449091434479,1.0,1734657491.29655,,0.2208692580461502,1.0,0.001,1,16,40x40,MatchingNetwork,5,5,TKH,b-59-850,False,10,4000,2,exp1_permuted_src_datasets
1053,719.6894812583923,1.0,1734657491.3411222,,0.21054676175117493,1.0,0.001,1,16,40x40,MatchingNetwork,5,5,TKH,b-59-850,False,10,4000,2,exp1_permuted_src_datasets
1054,719.7324023246765,1.0,1734657491.3840432,,0.2171524167060852,1.0,0.001,1,16,40x40,MatchingNetwork,5,5,TKH,b-59-850,False,10,4000,2,exp1_permuted_src_datasets
1055,719.7770044803619,1.0,1734657491.4286454,,0.20180504024028778,1.0,0.001,1,16,40x40,MatchingNetwork,5,5,TKH,b-59-850,False,10,4000,2,exp1_permuted_src_datasets
1056,719.8209085464478,1.0,1734657491.4725494,,0.25154149532318115,1.0,0.001,1,16,40x40,MatchingNetwork,5,5,TKH,b-59-850,False,10,4000,2,exp1_permuted_src_datasets
1057,719.8649928569794,1.0,1734657491.5166337,,0.23706941306591034,1.0,0.001,1,16,40x40,MatchingNetwork,5,5,TKH,b-59-850,False,10,4000,2,exp1_permuted_src_datasets
1058,719.909065246582,1.0,1734657491.5607061,,0.23680607974529266,1.0,0.001,1,16,40x40,MatchingNetwork,5,5,TKH,b-59-850,False,10,4000,2,exp1_permuted_src_datasets
1059,719.9527080059052,1.0,1734657491.604349,,0.23174676299095154,1.0,0.001,1,16,40x40,MatchingNetwork,5,5,TKH,b-59-850,False,10,4000,2,exp1_permuted_src_datasets
1060,719.9966826438904,1.0,1734657491.6483235,,0.22244836390018463,1.0,0.001,1,16,40x40,MatchingNetwork,5,5,TKH,b-59-850,False,10,4000,2,exp1_permuted_src_datasets
1061,720.0405232906342,1.0,1734657491.6921642,,0.22591477632522583,1.0,0.001,1,16,40x40,MatchingNetwork,5,5,TKH,b-59-850,False,10,4000,2,exp1_permuted_src_datasets
1062,720.0899646282196,1.0,1734657491.7416055,,0.19525885581970215,1.0,0.001,1,16,40x40,MatchingNetwork,5,5,TKH,b-59-850,False,10,4000,2,exp1_permuted_src_datasets
1063,720.1342949867249,1.0,1734657491.7859359,,0.22876742482185364,1.0,0.001,1,16,40x40,MatchingNetwork,5,5,TKH,b-59-850,False,10,4000,2,exp1_permuted_src_datasets
1064,720.178519487381,1.0,1734657491.8301604,,0.19795873761177063,1.0,0.001,1,16,40x40,MatchingNetwork,5,5,TKH,b-59-850,False,10,4000,2,exp1_permuted_src_datasets
1065,720.2225186824799,1.0,1734657491.8741596,,0.2102718949317932,1.0,0.001,1,16,40x40,MatchingNetwork,5,5,TKH,b-59-850,False,10,4000,2,exp1_permuted_src_datasets
1066,720.267175912857,1.0,1734657491.9188168,,0.19377630949020386,1.0,0.001,1,16,40x40,MatchingNetwork,5,5,TKH,b-59-850,False,10,4000,2,exp1_permuted_src_datasets
1067,720.3113353252411,1.0,1734657491.9629762,,0.21560275554656982,1.0,0.001,1,16,40x40,MatchingNetwork,5,5,TKH,b-59-850,False,10,4000,2,exp1_permuted_src_datasets
1068,720.3553640842438,1.0,1734657492.007005,,0.21482661366462708,1.0,0.001,1,16,40x40,MatchingNetwork,5,5,TKH,b-59-850,False,10,4000,2,exp1_permuted_src_datasets
1069,720.3994040489197,1.0,1734657492.051045,,0.26130974292755127,1.0,0.001,1,16,40x40,MatchingNetwork,5,5,TKH,b-59-850,False,10,4000,2,exp1_permuted_src_datasets
1070,720.4435648918152,1.0,1734657492.0952058,,0.20061460137367249,1.0,0.001,1,16,40x40,MatchingNetwork,5,5,TKH,b-59-850,False,10,4000,2,exp1_permuted_src_datasets
1071,720.4886252880096,1.0,1734657492.1402662,,0.20441897213459015,1.0,0.001,1,16,40x40,MatchingNetwork,5,5,TKH,b-59-850,False,10,4000,2,exp1_permuted_src_datasets
1072,720.5328307151794,1.0,1734657492.1844716,,0.26047906279563904,1.0,0.001,1,16,40x40,MatchingNetwork,5,5,TKH,b-59-850,False,10,4000,2,exp1_permuted_src_datasets
1073,720.5770177841187,1.0,1734657492.2286587,,0.207574725151062,1.0,0.001,1,16,40x40,MatchingNetwork,5,5,TKH,b-59-850,False,10,4000,2,exp1_permuted_src_datasets
1074,720.6215176582336,1.0,1734657492.2731586,,0.219260111451149,1.0,0.001,1,16,40x40,MatchingNetwork,5,5,TKH,b-59-850,False,10,4000,2,exp1_permuted_src_datasets
1075,720.6703011989594,1.0,1734657492.321942,,0.20705142617225647,1.0,0.001,1,16,40x40,MatchingNetwork,5,5,TKH,b-59-850,False,10,4000,2,exp1_permuted_src_datasets
1076,720.7149052619934,1.0,1734657492.3665462,,0.2054293155670166,1.0,0.001,1,16,40x40,MatchingNetwork,5,5,TKH,b-59-850,False,10,4000,2,exp1_permuted_src_datasets
1077,720.7581679821014,1.0,1734657492.4098089,,0.25787684321403503,1.0,0.001,1,16,40x40,MatchingNetwork,5,5,TKH,b-59-850,False,10,4000,2,exp1_permuted_src_datasets
1078,720.8020734786987,1.0,1734657492.4537144,,0.2779955565929413,1.0,0.001,1,16,40x40,MatchingNetwork,5,5,TKH,b-59-850,False,10,4000,2,exp1_permuted_src_datasets
1079,720.8469386100769,1.0,1734657492.4985795,,0.21573327481746674,1.0,0.001,1,16,40x40,MatchingNetwork,5,5,TKH,b-59-850,False,10,4000,2,exp1_permuted_src_datasets
1080,720.8901195526123,1.0,1734657492.5417604,,0.20010019838809967,1.0,0.001,1,16,40x40,MatchingNetwork,5,5,TKH,b-59-850,False,10,4000,2,exp1_permuted_src_datasets
1081,720.9345927238464,1.0,1734657492.5862336,,0.21663053333759308,1.0,0.001,1,16,40x40,MatchingNetwork,5,5,TKH,b-59-850,False,10,4000,2,exp1_permuted_src_datasets
1082,720.9786953926086,1.0,1734657492.6303363,,0.22240012884140015,1.0,0.001,1,16,40x40,MatchingNetwork,5,5,TKH,b-59-850,False,10,4000,2,exp1_permuted_src_datasets
1083,721.0253734588623,1.0,1734657492.6770144,,0.21913202106952667,1.0,0.001,1,16,40x40,MatchingNetwork,5,5,TKH,b-59-850,False,10,4000,2,exp1_permuted_src_datasets
1084,721.0699324607849,1.0,1734657492.7215734,,0.2080502063035965,1.0,0.001,1,16,40x40,MatchingNetwork,5,5,TKH,b-59-850,False,10,4000,2,exp1_permuted_src_datasets
1085,721.1146247386932,1.0,1734657492.7662656,,0.2137344926595688,1.0,0.001,1,16,40x40,MatchingNetwork,5,5,TKH,b-59-850,False,10,4000,2,exp1_permuted_src_datasets
1086,721.1622824668884,1.0,1734657492.8139234,,0.24784110486507416,1.0,0.001,1,16,40x40,MatchingNetwork,5,5,TKH,b-59-850,False,10,4000,2,exp1_permuted_src_datasets
1087,721.2064688205719,1.0,1734657492.8581097,,0.2102108895778656,1.0,0.001,1,16,40x40,MatchingNetwork,5,5,TKH,b-59-850,False,10,4000,2,exp1_permuted_src_datasets
1088,721.2505097389221,1.0,1734657492.9021506,,0.2630392611026764,1.0,0.001,1,16,40x40,MatchingNetwork,5,5,TKH,b-59-850,False,10,4000,2,exp1_permuted_src_datasets
1089,740.3968102931976,1.0,1734657512.0484512,0.8905,,,0.001,1,16,40x40,MatchingNetwork,5,5,TKH,b-59-850,False,10,4000,2,exp1_permuted_src_datasets
1090,759.4983017444611,1.0,1734657531.1499426,0.90125,,,0.001,1,16,40x40,MatchingNetwork,5,5,TKH,b-59-850,False,10,4000,2,exp1_permuted_src_datasets
1091,759.5216138362885,1.0,1734657531.1732547,,0.26803794503211975,1.0,0.001,1,16,40x40,MatchingNetwork,5,5,TKH,b-59-850,False,10,4000,2,exp1_permuted_src_datasets
1092,759.566885471344,1.0,1734657531.2185264,,0.19479936361312866,1.0,0.001,1,16,40x40,MatchingNetwork,5,5,TKH,b-59-850,False,10,4000,2,exp1_permuted_src_datasets
1093,759.612242937088,1.0,1734657531.2638838,,0.2293454259634018,1.0,0.001,1,16,40x40,MatchingNetwork,5,5,TKH,b-59-850,False,10,4000,2,exp1_permuted_src_datasets
1094,759.659152507782,1.0,1734657531.3107934,,0.2103218287229538,1.0,0.001,1,16,40x40,MatchingNetwork,5,5,TKH,b-59-850,False,10,4000,2,exp1_permuted_src_datasets
1095,759.7039706707001,1.0,1734657531.3556116,,0.19077037274837494,1.0,0.001,1,16,40x40,MatchingNetwork,5,5,TKH,b-59-850,False,10,4000,2,exp1_permuted_src_datasets
1096,759.7491703033447,1.0,1734657531.4008112,,0.22540700435638428,1.0,0.001,1,16,40x40,MatchingNetwork,5,5,TKH,b-59-850,False,10,4000,2,exp1_permuted_src_datasets
1097,759.7939209938049,1.0,1734657531.445562,,0.19136221706867218,1.0,0.001,1,16,40x40,MatchingNetwork,5,5,TKH,b-59-850,False,10,4000,2,exp1_permuted_src_datasets
1098,759.838470697403,1.0,1734657531.4901116,,0.19664356112480164,1.0,0.001,1,16,40x40,MatchingNetwork,5,5,TKH,b-59-850,False,10,4000,2,exp1_permuted_src_datasets
1099,759.8833656311035,1.0,1734657531.5350065,,0.24351729452610016,1.0,0.001,1,16,40x40,MatchingNetwork,5,5,TKH,b-59-850,False,10,4000,2,exp1_permuted_src_datasets
1100,759.928966999054,1.0,1734657531.580608,,0.22888144850730896,1.0,0.001,1,16,40x40,MatchingNetwork,5,5,TKH,b-59-850,False,10,4000,2,exp1_permuted_src_datasets
1101,759.9751162528992,1.0,1734657531.6267571,,0.20209117233753204,1.0,0.001,1,16,40x40,MatchingNetwork,5,5,TKH,b-59-850,False,10,4000,2,exp1_permuted_src_datasets
1102,760.0200760364532,1.0,1734657531.671717,,0.2548009157180786,1.0,0.001,1,16,40x40,MatchingNetwork,5,5,TKH,b-59-850,False,10,4000,2,exp1_permuted_src_datasets
1103,760.0670580863953,1.0,1734657531.718699,,0.25241586565971375,1.0,0.001,1,16,40x40,MatchingNetwork,5,5,TKH,b-59-850,False,10,4000,2,exp1_permuted_src_datasets
1104,760.1304657459259,1.0,1734657531.7821066,,0.24517720937728882,1.0,0.001,1,16,40x40,MatchingNetwork,5,5,TKH,b-59-850,False,10,4000,2,exp1_permuted_src_datasets
1105,760.1765449047089,1.0,1734657531.8281858,,0.20149686932563782,1.0,0.001,1,16,40x40,MatchingNetwork,5,5,TKH,b-59-850,False,10,4000,2,exp1_permuted_src_datasets
1106,760.2197518348694,1.0,1734657531.8713927,,0.2505043148994446,1.0,0.001,1,16,40x40,MatchingNetwork,5,5,TKH,b-59-850,False,10,4000,2,exp1_permuted_src_datasets
1107,760.264552116394,1.0,1734657531.916193,,0.23973163962364197,1.0,0.001,1,16,40x40,MatchingNetwork,5,5,TKH,b-59-850,False,10,4000,2,exp1_permuted_src_datasets
1108,760.308750629425,1.0,1734657531.9603915,,0.27748939394950867,1.0,0.001,1,16,40x40,MatchingNetwork,5,5,TKH,b-59-850,False,10,4000,2,exp1_permuted_src_datasets
1109,760.3529982566833,1.0,1734657532.0046391,,0.20807132124900818,1.0,0.001,1,16,40x40,MatchingNetwork,5,5,TKH,b-59-850,False,10,4000,2,exp1_permuted_src_datasets
1110,760.397358417511,1.0,1734657532.0489993,,0.21796812117099762,1.0,0.001,1,16,40x40,MatchingNetwork,5,5,TKH,b-59-850,False,10,4000,2,exp1_permuted_src_datasets
1111,760.441483259201,1.0,1734657532.0931242,,0.2377089560031891,1.0,0.001,1,16,40x40,MatchingNetwork,5,5,TKH,b-59-850,False,10,4000,2,exp1_permuted_src_datasets
1112,760.4854521751404,1.0,1734657532.137093,,0.2104947715997696,1.0,0.001,1,16,40x40,MatchingNetwork,5,5,TKH,b-59-850,False,10,4000,2,exp1_permuted_src_datasets
1113,760.5296127796173,1.0,1734657532.1812537,,0.2089095264673233,1.0,0.001,1,16,40x40,MatchingNetwork,5,5,TKH,b-59-850,False,10,4000,2,exp1_permuted_src_datasets
1114,760.5738530158997,1.0,1734657532.225494,,0.23118416965007782,1.0,0.001,1,16,40x40,MatchingNetwork,5,5,TKH,b-59-850,False,10,4000,2,exp1_permuted_src_datasets
1115,760.6179342269897,1.0,1734657532.269575,,0.22214825451374054,1.0,0.001,1,16,40x40,MatchingNetwork,5,5,TKH,b-59-850,False,10,4000,2,exp1_permuted_src_datasets
1116,760.6623344421387,1.0,1734657532.3139753,,0.20695973932743073,1.0,0.001,1,16,40x40,MatchingNetwork,5,5,TKH,b-59-850,False,10,4000,2,exp1_permuted_src_datasets
1117,760.7066915035248,1.0,1734657532.3583324,,0.2484409511089325,1.0,0.001,1,16,40x40,MatchingNetwork,5,5,TKH,b-59-850,False,10,4000,2,exp1_permuted_src_datasets
1118,760.7504110336304,1.0,1734657532.402052,,0.23218491673469543,1.0,0.001,1,16,40x40,MatchingNetwork,5,5,TKH,b-59-850,False,10,4000,2,exp1_permuted_src_datasets
1119,760.7969484329224,1.0,1734657532.4485893,,0.22714436054229736,1.0,0.001,1,16,40x40,MatchingNetwork,5,5,TKH,b-59-850,False,10,4000,2,exp1_permuted_src_datasets
1120,760.8409504890442,1.0,1734657532.4925914,,0.2227482795715332,1.0,0.001,1,16,40x40,MatchingNetwork,5,5,TKH,b-59-850,False,10,4000,2,exp1_permuted_src_datasets
1121,760.8852796554565,1.0,1734657532.5369205,,0.22064779698848724,1.0,0.001,1,16,40x40,MatchingNetwork,5,5,TKH,b-59-850,False,10,4000,2,exp1_permuted_src_datasets
1122,760.9301130771637,1.0,1734657532.581754,,0.22733590006828308,1.0,0.001,1,16,40x40,MatchingNetwork,5,5,TKH,b-59-850,False,10,4000,2,exp1_permuted_src_datasets
1123,760.9747486114502,1.0,1734657532.6263895,,0.2639288902282715,1.0,0.001,1,16,40x40,MatchingNetwork,5,5,TKH,b-59-850,False,10,4000,2,exp1_permuted_src_datasets
1124,761.0192761421204,1.0,1734657532.670917,,0.22498106956481934,1.0,0.001,1,16,40x40,MatchingNetwork,5,5,TKH,b-59-850,False,10,4000,2,exp1_permuted_src_datasets
1125,761.0646839141846,1.0,1734657532.7163248,,0.22162745893001556,1.0,0.001,1,16,40x40,MatchingNetwork,5,5,TKH,b-59-850,False,10,4000,2,exp1_permuted_src_datasets
1126,761.1098432540894,1.0,1734657532.7614841,,0.23364469408988953,1.0,0.001,1,16,40x40,MatchingNetwork,5,5,TKH,b-59-850,False,10,4000,2,exp1_permuted_src_datasets
1127,761.1551084518433,1.0,1734657532.8067493,,0.22295962274074554,1.0,0.001,1,16,40x40,MatchingNetwork,5,5,TKH,b-59-850,False,10,4000,2,exp1_permuted_src_datasets
1128,761.1985876560211,1.0,1734657532.8502285,,0.23579055070877075,1.0,0.001,1,16,40x40,MatchingNetwork,5,5,TKH,b-59-850,False,10,4000,2,exp1_permuted_src_datasets
1129,761.244325876236,1.0,1734657532.8959668,,0.2512246072292328,1.0,0.001,1,16,40x40,MatchingNetwork,5,5,TKH,b-59-850,False,10,4000,2,exp1_permuted_src_datasets
1130,761.289363861084,1.0,1734657532.9410048,,0.23680496215820312,1.0,0.001,1,16,40x40,MatchingNetwork,5,5,TKH,b-59-850,False,10,4000,2,exp1_permuted_src_datasets
1131,761.3339507579803,1.0,1734657532.9855917,,0.20553021132946014,1.0,0.001,1,16,40x40,MatchingNetwork,5,5,TKH,b-59-850,False,10,4000,2,exp1_permuted_src_datasets
1132,761.380398273468,1.0,1734657533.0320392,,0.20226843655109406,1.0,0.001,1,16,40x40,MatchingNetwork,5,5,TKH,b-59-850,False,10,4000,2,exp1_permuted_src_datasets
1133,761.4253344535828,1.0,1734657533.0769753,,0.21943679451942444,1.0,0.001,1,16,40x40,MatchingNetwork,5,5,TKH,b-59-850,False,10,4000,2,exp1_permuted_src_datasets
1134,761.4689517021179,1.0,1734657533.1205926,,0.21107004582881927,1.0,0.001,1,16,40x40,MatchingNetwork,5,5,TKH,b-59-850,False,10,4000,2,exp1_permuted_src_datasets
1135,761.5135741233826,1.0,1734657533.165215,,0.22023123502731323,1.0,0.001,1,16,40x40,MatchingNetwork,5,5,TKH,b-59-850,False,10,4000,2,exp1_permuted_src_datasets
1136,761.560704946518,1.0,1734657533.2123458,,0.22257189452648163,1.0,0.001,1,16,40x40,MatchingNetwork,5,5,TKH,b-59-850,False,10,4000,2,exp1_permuted_src_datasets
1137,761.6050577163696,1.0,1734657533.2566986,,0.2195376604795456,1.0,0.001,1,16,40x40,MatchingNetwork,5,5,TKH,b-59-850,False,10,4000,2,exp1_permuted_src_datasets
1138,761.6496572494507,1.0,1734657533.3012981,,0.21145448088645935,1.0,0.001,1,16,40x40,MatchingNetwork,5,5,TKH,b-59-850,False,10,4000,2,exp1_permuted_src_datasets
1139,761.6965928077698,1.0,1734657533.3482337,,0.24774113297462463,1.0,0.001,1,16,40x40,MatchingNetwork,5,5,TKH,b-59-850,False,10,4000,2,exp1_permuted_src_datasets
1140,761.7416462898254,1.0,1734657533.3932872,,0.1971215307712555,1.0,0.001,1,16,40x40,MatchingNetwork,5,5,TKH,b-59-850,False,10,4000,2,exp1_permuted_src_datasets
1141,761.786200761795,1.0,1734657533.4378417,,0.22443361580371857,1.0,0.001,1,16,40x40,MatchingNetwork,5,5,TKH,b-59-850,False,10,4000,2,exp1_permuted_src_datasets
1142,761.8320488929749,1.0,1734657533.4836898,,0.18530194461345673,1.0,0.001,1,16,40x40,MatchingNetwork,5,5,TKH,b-59-850,False,10,4000,2,exp1_permuted_src_datasets
1143,761.8760142326355,1.0,1734657533.5276551,,0.22528007626533508,1.0,0.001,1,16,40x40,MatchingNetwork,5,5,TKH,b-59-850,False,10,4000,2,exp1_permuted_src_datasets
1144,761.9207088947296,1.0,1734657533.5723498,,0.21280069649219513,1.0,0.001,1,16,40x40,MatchingNetwork,5,5,TKH,b-59-850,False,10,4000,2,exp1_permuted_src_datasets
1145,761.9649930000305,1.0,1734657533.616634,,0.23009519279003143,1.0,0.001,1,16,40x40,MatchingNetwork,5,5,TKH,b-59-850,False,10,4000,2,exp1_permuted_src_datasets
1146,762.0094654560089,1.0,1734657533.6611063,,0.2438322752714157,1.0,0.001,1,16,40x40,MatchingNetwork,5,5,TKH,b-59-850,False,10,4000,2,exp1_permuted_src_datasets
1147,762.054078578949,1.0,1734657533.7057195,,0.21386949717998505,1.0,0.001,1,16,40x40,MatchingNetwork,5,5,TKH,b-59-850,False,10,4000,2,exp1_permuted_src_datasets
1148,762.0986886024475,1.0,1734657533.7503295,,0.21129587292671204,1.0,0.001,1,16,40x40,MatchingNetwork,5,5,TKH,b-59-850,False,10,4000,2,exp1_permuted_src_datasets
1149,762.1428933143616,1.0,1734657533.7945342,,0.21876777708530426,1.0,0.001,1,16,40x40,MatchingNetwork,5,5,TKH,b-59-850,False,10,4000,2,exp1_permuted_src_datasets
1150,762.1877267360687,1.0,1734657533.8393676,,0.2245430052280426,1.0,0.001,1,16,40x40,MatchingNetwork,5,5,TKH,b-59-850,False,10,4000,2,exp1_permuted_src_datasets
1151,762.232967376709,1.0,1734657533.8846083,,0.25740116834640503,1.0,0.001,1,16,40x40,MatchingNetwork,5,5,TKH,b-59-850,False,10,4000,2,exp1_permuted_src_datasets
1152,762.2785181999207,1.0,1734657533.930159,,0.21068567037582397,1.0,0.001,1,16,40x40,MatchingNetwork,5,5,TKH,b-59-850,False,10,4000,2,exp1_permuted_src_datasets
1153,781.5110294818878,1.0,1734657553.1626704,0.903,,,0.001,1,16,40x40,MatchingNetwork,5,5,TKH,b-59-850,False,10,4000,2,exp1_permuted_src_datasets
1154,800.6243579387665,1.0,1734657572.2759988,0.89775,,,0.001,1,16,40x40,MatchingNetwork,5,5,TKH,b-59-850,False,10,4000,2,exp1_permuted_src_datasets
1155,800.6480085849762,1.0,1734657572.2996495,,0.1775491088628769,1.0,0.001,1,16,40x40,MatchingNetwork,5,5,TKH,b-59-850,False,10,4000,2,exp1_permuted_src_datasets
1156,800.6953229904175,1.0,1734657572.346964,,0.1989811658859253,1.0,0.001,1,16,40x40,MatchingNetwork,5,5,TKH,b-59-850,False,10,4000,2,exp1_permuted_src_datasets
1157,800.742573261261,1.0,1734657572.3942142,,0.22365666925907135,1.0,0.001,1,16,40x40,MatchingNetwork,5,5,TKH,b-59-850,False,10,4000,2,exp1_permuted_src_datasets
1158,800.7889952659607,1.0,1734657572.4406362,,0.2116970270872116,1.0,0.001,1,16,40x40,MatchingNetwork,5,5,TKH,b-59-850,False,10,4000,2,exp1_permuted_src_datasets
1159,800.8341929912567,1.0,1734657572.485834,,0.23066048324108124,1.0,0.001,1,16,40x40,MatchingNetwork,5,5,TKH,b-59-850,False,10,4000,2,exp1_permuted_src_datasets
1160,800.8784527778625,1.0,1734657572.5300937,,0.20650550723075867,1.0,0.001,1,16,40x40,MatchingNetwork,5,5,TKH,b-59-850,False,10,4000,2,exp1_permuted_src_datasets
1161,800.9242663383484,1.0,1734657572.5759072,,0.22332777082920074,1.0,0.001,1,16,40x40,MatchingNetwork,5,5,TKH,b-59-850,False,10,4000,2,exp1_permuted_src_datasets
1162,800.9692242145538,1.0,1734657572.620865,,0.20046983659267426,1.0,0.001,1,16,40x40,MatchingNetwork,5,5,TKH,b-59-850,False,10,4000,2,exp1_permuted_src_datasets
1163,801.0139076709747,1.0,1734657572.6655486,,0.19209980964660645,1.0,0.001,1,16,40x40,MatchingNetwork,5,5,TKH,b-59-850,False,10,4000,2,exp1_permuted_src_datasets
1164,801.0583345890045,1.0,1734657572.7099755,,0.22030329704284668,1.0,0.001,1,16,40x40,MatchingNetwork,5,5,TKH,b-59-850,False,10,4000,2,exp1_permuted_src_datasets
1165,801.1039497852325,1.0,1734657572.7555907,,0.23174609243869781,1.0,0.001,1,16,40x40,MatchingNetwork,5,5,TKH,b-59-850,False,10,4000,2,exp1_permuted_src_datasets
1166,801.1503419876099,1.0,1734657572.8019829,,0.2745765447616577,1.0,0.001,1,16,40x40,MatchingNetwork,5,5,TKH,b-59-850,False,10,4000,2,exp1_permuted_src_datasets
1167,801.1948676109314,1.0,1734657572.8465085,,0.20826509594917297,1.0,0.001,1,16,40x40,MatchingNetwork,5,5,TKH,b-59-850,False,10,4000,2,exp1_permuted_src_datasets
1168,801.2493658065796,1.0,1734657572.9010067,,0.253288596868515,1.0,0.001,1,16,40x40,MatchingNetwork,5,5,TKH,b-59-850,False,10,4000,2,exp1_permuted_src_datasets
1169,801.2939441204071,1.0,1734657572.945585,,0.22192031145095825,1.0,0.001,1,16,40x40,MatchingNetwork,5,5,TKH,b-59-850,False,10,4000,2,exp1_permuted_src_datasets
1170,801.337883234024,1.0,1734657572.9895241,,0.20731046795845032,1.0,0.001,1,16,40x40,MatchingNetwork,5,5,TKH,b-59-850,False,10,4000,2,exp1_permuted_src_datasets
1171,801.383074760437,1.0,1734657573.0347157,,0.21141760051250458,1.0,0.001,1,16,40x40,MatchingNetwork,5,5,TKH,b-59-850,False,10,4000,2,exp1_permuted_src_datasets
1172,801.4280683994293,1.0,1734657573.0797093,,0.19222278892993927,1.0,0.001,1,16,40x40,MatchingNetwork,5,5,TKH,b-59-850,False,10,4000,2,exp1_permuted_src_datasets
1173,801.4729602336884,1.0,1734657573.1246011,,0.21109873056411743,1.0,0.001,1,16,40x40,MatchingNetwork,5,5,TKH,b-59-850,False,10,4000,2,exp1_permuted_src_datasets
1174,801.518581867218,1.0,1734657573.1702228,,0.20333462953567505,1.0,0.001,1,16,40x40,MatchingNetwork,5,5,TKH,b-59-850,False,10,4000,2,exp1_permuted_src_datasets
1175,801.5635139942169,1.0,1734657573.215155,,0.2338821291923523,1.0,0.001,1,16,40x40,MatchingNetwork,5,5,TKH,b-59-850,False,10,4000,2,exp1_permuted_src_datasets
1176,801.60888504982,1.0,1734657573.260526,,0.20685245096683502,1.0,0.001,1,16,40x40,MatchingNetwork,5,5,TKH,b-59-850,False,10,4000,2,exp1_permuted_src_datasets
1177,801.6556129455566,1.0,1734657573.3072538,,0.23474177718162537,1.0,0.001,1,16,40x40,MatchingNetwork,5,5,TKH,b-59-850,False,10,4000,2,exp1_permuted_src_datasets
1178,801.6993224620819,1.0,1734657573.3509634,,0.22176344692707062,1.0,0.001,1,16,40x40,MatchingNetwork,5,5,TKH,b-59-850,False,10,4000,2,exp1_permuted_src_datasets
1179,801.7447099685669,1.0,1734657573.3963509,,0.20759963989257812,1.0,0.001,1,16,40x40,MatchingNetwork,5,5,TKH,b-59-850,False,10,4000,2,exp1_permuted_src_datasets
1180,801.7897548675537,1.0,1734657573.4413958,,0.2176024466753006,1.0,0.001,1,16,40x40,MatchingNetwork,5,5,TKH,b-59-850,False,10,4000,2,exp1_permuted_src_datasets
1181,801.8347873687744,1.0,1734657573.4864283,,0.20593766868114471,1.0,0.001,1,16,40x40,MatchingNetwork,5,5,TKH,b-59-850,False,10,4000,2,exp1_permuted_src_datasets
1182,801.8802905082703,1.0,1734657573.5319314,,0.22981047630310059,1.0,0.001,1,16,40x40,MatchingNetwork,5,5,TKH,b-59-850,False,10,4000,2,exp1_permuted_src_datasets
1183,801.9257576465607,1.0,1734657573.5773985,,0.19484782218933105,1.0,0.001,1,16,40x40,MatchingNetwork,5,5,TKH,b-59-850,False,10,4000,2,exp1_permuted_src_datasets
1184,801.970724105835,1.0,1734657573.622365,,0.21035030484199524,1.0,0.001,1,16,40x40,MatchingNetwork,5,5,TKH,b-59-850,False,10,4000,2,exp1_permuted_src_datasets
1185,802.0144011974335,1.0,1734657573.666042,,0.20734314620494843,1.0,0.001,1,16,40x40,MatchingNetwork,5,5,TKH,b-59-850,False,10,4000,2,exp1_permuted_src_datasets
1186,802.0610659122467,1.0,1734657573.7127068,,0.1958472579717636,1.0,0.001,1,16,40x40,MatchingNetwork,5,5,TKH,b-59-850,False,10,4000,2,exp1_permuted_src_datasets
1187,802.1081259250641,1.0,1734657573.7597668,,0.22701328992843628,1.0,0.001,1,16,40x40,MatchingNetwork,5,5,TKH,b-59-850,False,10,4000,2,exp1_permuted_src_datasets
1188,802.1534144878387,1.0,1734657573.8050554,,0.21331582963466644,1.0,0.001,1,16,40x40,MatchingNetwork,5,5,TKH,b-59-850,False,10,4000,2,exp1_permuted_src_datasets
1189,802.1998174190521,1.0,1734657573.8514583,,0.21248678863048553,1.0,0.001,1,16,40x40,MatchingNetwork,5,5,TKH,b-59-850,False,10,4000,2,exp1_permuted_src_datasets
1190,802.2468628883362,1.0,1734657573.8985038,,0.21246303617954254,1.0,0.001,1,16,40x40,MatchingNetwork,5,5,TKH,b-59-850,False,10,4000,2,exp1_permuted_src_datasets
1191,802.2936179637909,1.0,1734657573.9452589,,0.2422512024641037,1.0,0.001,1,16,40x40,MatchingNetwork,5,5,TKH,b-59-850,False,10,4000,2,exp1_permuted_src_datasets
1192,802.3395195007324,1.0,1734657573.9911604,,0.18358246982097626,1.0,0.001,1,16,40x40,MatchingNetwork,5,5,TKH,b-59-850,False,10,4000,2,exp1_permuted_src_datasets
1193,802.3857371807098,1.0,1734657574.037378,,0.23801566660404205,1.0,0.001,1,16,40x40,MatchingNetwork,5,5,TKH,b-59-850,False,10,4000,2,exp1_permuted_src_datasets
1194,802.4310793876648,1.0,1734657574.0827203,,0.24735486507415771,1.0,0.001,1,16,40x40,MatchingNetwork,5,5,TKH,b-59-850,False,10,4000,2,exp1_permuted_src_datasets
1195,802.476021528244,1.0,1734657574.1276624,,0.20294728875160217,1.0,0.001,1,16,40x40,MatchingNetwork,5,5,TKH,b-59-850,False,10,4000,2,exp1_permuted_src_datasets
1196,802.5216357707977,1.0,1734657574.1732767,,0.22849197685718536,1.0,0.001,1,16,40x40,MatchingNetwork,5,5,TKH,b-59-850,False,10,4000,2,exp1_permuted_src_datasets
1197,802.5664746761322,1.0,1734657574.2181156,,0.2165483832359314,1.0,0.001,1,16,40x40,MatchingNetwork,5,5,TKH,b-59-850,False,10,4000,2,exp1_permuted_src_datasets
1198,802.6116905212402,1.0,1734657574.2633314,,0.24667857587337494,1.0,0.001,1,16,40x40,MatchingNetwork,5,5,TKH,b-59-850,False,10,4000,2,exp1_permuted_src_datasets
1199,802.6558542251587,1.0,1734657574.307495,,0.24260297417640686,1.0,0.001,1,16,40x40,MatchingNetwork,5,5,TKH,b-59-850,False,10,4000,2,exp1_permuted_src_datasets
1200,802.699985742569,1.0,1734657574.3516266,,0.1984563022851944,1.0,0.001,1,16,40x40,MatchingNetwork,5,5,TKH,b-59-850,False,10,4000,2,exp1_permuted_src_datasets
1201,802.7436604499817,1.0,1734657574.3953013,,0.20808440446853638,1.0,0.001,1,16,40x40,MatchingNetwork,5,5,TKH,b-59-850,False,10,4000,2,exp1_permuted_src_datasets
1202,802.7889220714569,1.0,1734657574.440563,,0.2017197459936142,1.0,0.001,1,16,40x40,MatchingNetwork,5,5,TKH,b-59-850,False,10,4000,2,exp1_permuted_src_datasets
1203,802.8339996337891,1.0,1734657574.4856405,,0.19874054193496704,1.0,0.001,1,16,40x40,MatchingNetwork,5,5,TKH,b-59-850,False,10,4000,2,exp1_permuted_src_datasets
1204,802.8799026012421,1.0,1734657574.5315435,,0.21498224139213562,1.0,0.001,1,16,40x40,MatchingNetwork,5,5,TKH,b-59-850,False,10,4000,2,exp1_permuted_src_datasets
1205,802.9247968196869,1.0,1734657574.5764377,,0.21602988243103027,1.0,0.001,1,16,40x40,MatchingNetwork,5,5,TKH,b-59-850,False,10,4000,2,exp1_permuted_src_datasets
1206,802.9700598716736,1.0,1734657574.6217008,,0.19749128818511963,1.0,0.001,1,16,40x40,MatchingNetwork,5,5,TKH,b-59-850,False,10,4000,2,exp1_permuted_src_datasets
1207,803.0153775215149,1.0,1734657574.6670184,,0.22888922691345215,1.0,0.001,1,16,40x40,MatchingNetwork,5,5,TKH,b-59-850,False,10,4000,2,exp1_permuted_src_datasets
1208,803.0619239807129,1.0,1734657574.7135649,,0.21505244076251984,1.0,0.001,1,16,40x40,MatchingNetwork,5,5,TKH,b-59-850,False,10,4000,2,exp1_permuted_src_datasets
1209,803.1078350543976,1.0,1734657574.759476,,0.20170122385025024,1.0,0.001,1,16,40x40,MatchingNetwork,5,5,TKH,b-59-850,False,10,4000,2,exp1_permuted_src_datasets
1210,803.1522345542908,1.0,1734657574.8038754,,0.20075470209121704,1.0,0.001,1,16,40x40,MatchingNetwork,5,5,TKH,b-59-850,False,10,4000,2,exp1_permuted_src_datasets
1211,803.1968269348145,1.0,1734657574.8484678,,0.24967727065086365,1.0,0.001,1,16,40x40,MatchingNetwork,5,5,TKH,b-59-850,False,10,4000,2,exp1_permuted_src_datasets
1212,803.2420527935028,1.0,1734657574.8936937,,0.26011955738067627,1.0,0.001,1,16,40x40,MatchingNetwork,5,5,TKH,b-59-850,False,10,4000,2,exp1_permuted_src_datasets
1213,803.2867760658264,1.0,1734657574.938417,,0.27603673934936523,1.0,0.001,1,16,40x40,MatchingNetwork,5,5,TKH,b-59-850,False,10,4000,2,exp1_permuted_src_datasets
1214,803.333044052124,1.0,1734657574.984685,,0.20484685897827148,1.0,0.001,1,16,40x40,MatchingNetwork,5,5,TKH,b-59-850,False,10,4000,2,exp1_permuted_src_datasets
1215,803.3777687549591,1.0,1734657575.0294096,,0.20049022138118744,1.0,0.001,1,16,40x40,MatchingNetwork,5,5,TKH,b-59-850,False,10,4000,2,exp1_permuted_src_datasets
1216,803.4228894710541,1.0,1734657575.0745304,,0.2139357179403305,1.0,0.001,1,16,40x40,MatchingNetwork,5,5,TKH,b-59-850,False,10,4000,2,exp1_permuted_src_datasets
1217,822.575888633728,1.0,1734657594.2275295,0.9045,,,0.001,1,16,40x40,MatchingNetwork,5,5,TKH,b-59-850,False,10,4000,2,exp1_permuted_src_datasets
1218,841.7249240875244,1.0,1734657613.376565,0.89475,,,0.001,1,16,40x40,MatchingNetwork,5,5,TKH,b-59-850,False,10,4000,2,exp1_permuted_src_datasets
1219,841.7487571239471,1.0,1734657613.400398,,0.20241881906986237,1.0,0.001,1,16,40x40,MatchingNetwork,5,5,TKH,b-59-850,False,10,4000,2,exp1_permuted_src_datasets
1220,841.7936203479767,1.0,1734657613.4452612,,0.24559138715267181,1.0,0.001,1,16,40x40,MatchingNetwork,5,5,TKH,b-59-850,False,10,4000,2,exp1_permuted_src_datasets
1221,841.8395154476166,1.0,1734657613.4911563,,0.23626737296581268,1.0,0.001,1,16,40x40,MatchingNetwork,5,5,TKH,b-59-850,False,10,4000,2,exp1_permuted_src_datasets
1222,841.8849966526031,1.0,1734657613.5366375,,0.22049322724342346,1.0,0.001,1,16,40x40,MatchingNetwork,5,5,TKH,b-59-850,False,10,4000,2,exp1_permuted_src_datasets
1223,841.9306063652039,1.0,1734657613.5822473,,0.23578299582004547,1.0,0.001,1,16,40x40,MatchingNetwork,5,5,TKH,b-59-850,False,10,4000,2,exp1_permuted_src_datasets
1224,841.9779069423676,1.0,1734657613.6295478,,0.22208738327026367,1.0,0.001,1,16,40x40,MatchingNetwork,5,5,TKH,b-59-850,False,10,4000,2,exp1_permuted_src_datasets
1225,842.0237364768982,1.0,1734657613.6753774,,0.20018911361694336,1.0,0.001,1,16,40x40,MatchingNetwork,5,5,TKH,b-59-850,False,10,4000,2,exp1_permuted_src_datasets
1226,842.0690982341766,1.0,1734657613.7207391,,0.23359498381614685,1.0,0.001,1,16,40x40,MatchingNetwork,5,5,TKH,b-59-850,False,10,4000,2,exp1_permuted_src_datasets
1227,842.1134865283966,1.0,1734657613.7651274,,0.2768568694591522,1.0,0.001,1,16,40x40,MatchingNetwork,5,5,TKH,b-59-850,False,10,4000,2,exp1_permuted_src_datasets
1228,842.1637065410614,1.0,1734657613.8153474,,0.2088845819234848,1.0,0.001,1,16,40x40,MatchingNetwork,5,5,TKH,b-59-850,False,10,4000,2,exp1_permuted_src_datasets
1229,842.2083702087402,1.0,1734657613.860011,,0.23937587440013885,1.0,0.001,1,16,40x40,MatchingNetwork,5,5,TKH,b-59-850,False,10,4000,2,exp1_permuted_src_datasets
1230,842.2542357444763,1.0,1734657613.9058766,,0.20468321442604065,1.0,0.001,1,16,40x40,MatchingNetwork,5,5,TKH,b-59-850,False,10,4000,2,exp1_permuted_src_datasets
1231,842.2981095314026,1.0,1734657613.9497504,,0.20880623161792755,1.0,0.001,1,16,40x40,MatchingNetwork,5,5,TKH,b-59-850,False,10,4000,2,exp1_permuted_src_datasets
1232,842.3428184986115,1.0,1734657613.9944594,,0.2074703872203827,1.0,0.001,1,16,40x40,MatchingNetwork,5,5,TKH,b-59-850,False,10,4000,2,exp1_permuted_src_datasets
1233,842.3869740962982,1.0,1734657614.038615,,0.2224295735359192,1.0,0.001,1,16,40x40,MatchingNetwork,5,5,TKH,b-59-850,False,10,4000,2,exp1_permuted_src_datasets
1234,842.4310998916626,1.0,1734657614.0827408,,0.2514515519142151,1.0,0.001,1,16,40x40,MatchingNetwork,5,5,TKH,b-59-850,False,10,4000,2,exp1_permuted_src_datasets
1235,842.4751718044281,1.0,1734657614.1268127,,0.20575052499771118,1.0,0.001,1,16,40x40,MatchingNetwork,5,5,TKH,b-59-850,False,10,4000,2,exp1_permuted_src_datasets
1236,842.5223503112793,1.0,1734657614.1739912,,0.22650277614593506,1.0,0.001,1,16,40x40,MatchingNetwork,5,5,TKH,b-59-850,False,10,4000,2,exp1_permuted_src_datasets
1237,842.5658740997314,1.0,1734657614.217515,,0.1995365172624588,1.0,0.001,1,16,40x40,MatchingNetwork,5,5,TKH,b-59-850,False,10,4000,2,exp1_permuted_src_datasets
1238,842.6106977462769,1.0,1734657614.2623386,,0.2152593582868576,1.0,0.001,1,16,40x40,MatchingNetwork,5,5,TKH,b-59-850,False,10,4000,2,exp1_permuted_src_datasets
1239,842.6566913127899,1.0,1734657614.3083322,,0.2087588906288147,1.0,0.001,1,16,40x40,MatchingNetwork,5,5,TKH,b-59-850,False,10,4000,2,exp1_permuted_src_datasets
1240,842.7012107372284,1.0,1734657614.3528516,,0.21514005959033966,1.0,0.001,1,16,40x40,MatchingNetwork,5,5,TKH,b-59-850,False,10,4000,2,exp1_permuted_src_datasets
1241,842.7454586029053,1.0,1734657614.3970995,,0.2047339528799057,1.0,0.001,1,16,40x40,MatchingNetwork,5,5,TKH,b-59-850,False,10,4000,2,exp1_permuted_src_datasets
1242,842.7931916713715,1.0,1734657614.4448326,,0.20109982788562775,1.0,0.001,1,16,40x40,MatchingNetwork,5,5,TKH,b-59-850,False,10,4000,2,exp1_permuted_src_datasets
1243,842.8391706943512,1.0,1734657614.4908116,,0.2327115535736084,1.0,0.001,1,16,40x40,MatchingNetwork,5,5,TKH,b-59-850,False,10,4000,2,exp1_permuted_src_datasets
1244,842.8838369846344,1.0,1734657614.5354779,,0.211656853556633,1.0,0.001,1,16,40x40,MatchingNetwork,5,5,TKH,b-59-850,False,10,4000,2,exp1_permuted_src_datasets
1245,842.9295690059662,1.0,1734657614.58121,,0.21004271507263184,1.0,0.001,1,16,40x40,MatchingNetwork,5,5,TKH,b-59-850,False,10,4000,2,exp1_permuted_src_datasets
1246,842.97460770607,1.0,1734657614.6262486,,0.23079505562782288,1.0,0.001,1,16,40x40,MatchingNetwork,5,5,TKH,b-59-850,False,10,4000,2,exp1_permuted_src_datasets
1247,843.0184640884399,1.0,1734657614.670105,,0.21761323511600494,1.0,0.001,1,16,40x40,MatchingNetwork,5,5,TKH,b-59-850,False,10,4000,2,exp1_permuted_src_datasets
1248,843.06294465065,1.0,1734657614.7145855,,0.23634928464889526,1.0,0.001,1,16,40x40,MatchingNetwork,5,5,TKH,b-59-850,False,10,4000,2,exp1_permuted_src_datasets
1249,843.1072008609772,1.0,1734657614.7588418,,0.20067715644836426,1.0,0.001,1,16,40x40,MatchingNetwork,5,5,TKH,b-59-850,False,10,4000,2,exp1_permuted_src_datasets
1250,843.1527850627899,1.0,1734657614.804426,,0.22081157565116882,1.0,0.001,1,16,40x40,MatchingNetwork,5,5,TKH,b-59-850,False,10,4000,2,exp1_permuted_src_datasets
1251,843.1968231201172,1.0,1734657614.848464,,0.24375368654727936,1.0,0.001,1,16,40x40,MatchingNetwork,5,5,TKH,b-59-850,False,10,4000,2,exp1_permuted_src_datasets
1252,843.2413313388824,1.0,1734657614.8929722,,0.26494866609573364,1.0,0.001,1,16,40x40,MatchingNetwork,5,5,TKH,b-59-850,False,10,4000,2,exp1_permuted_src_datasets
1253,843.2866277694702,1.0,1734657614.9382687,,0.23252864181995392,1.0,0.001,1,16,40x40,MatchingNetwork,5,5,TKH,b-59-850,False,10,4000,2,exp1_permuted_src_datasets
1254,843.3308568000793,1.0,1734657614.9824977,,0.21886229515075684,1.0,0.001,1,16,40x40,MatchingNetwork,5,5,TKH,b-59-850,False,10,4000,2,exp1_permuted_src_datasets
1255,843.3751835823059,1.0,1734657615.0268245,,0.22759205102920532,1.0,0.001,1,16,40x40,MatchingNetwork,5,5,TKH,b-59-850,False,10,4000,2,exp1_permuted_src_datasets
1256,843.4198222160339,1.0,1734657615.071463,,0.2111218273639679,1.0,0.001,1,16,40x40,MatchingNetwork,5,5,TKH,b-59-850,False,10,4000,2,exp1_permuted_src_datasets
1257,843.4666018486023,1.0,1734657615.1182427,,0.23283474147319794,1.0,0.001,1,16,40x40,MatchingNetwork,5,5,TKH,b-59-850,False,10,4000,2,exp1_permuted_src_datasets
1258,843.5105786323547,1.0,1734657615.1622195,,0.2265198826789856,1.0,0.001,1,16,40x40,MatchingNetwork,5,5,TKH,b-59-850,False,10,4000,2,exp1_permuted_src_datasets
1259,843.5547149181366,1.0,1734657615.2063558,,0.21880002319812775,1.0,0.001,1,16,40x40,MatchingNetwork,5,5,TKH,b-59-850,False,10,4000,2,exp1_permuted_src_datasets
1260,843.5987527370453,1.0,1734657615.2503936,,0.22793906927108765,1.0,0.001,1,16,40x40,MatchingNetwork,5,5,TKH,b-59-850,False,10,4000,2,exp1_permuted_src_datasets
1261,843.6441860198975,1.0,1734657615.295827,,0.20163828134536743,1.0,0.001,1,16,40x40,MatchingNetwork,5,5,TKH,b-59-850,False,10,4000,2,exp1_permuted_src_datasets
1262,843.6887459754944,1.0,1734657615.3403869,,0.22025880217552185,1.0,0.001,1,16,40x40,MatchingNetwork,5,5,TKH,b-59-850,False,10,4000,2,exp1_permuted_src_datasets
1263,843.7334892749786,1.0,1734657615.3851302,,0.21735775470733643,1.0,0.001,1,16,40x40,MatchingNetwork,5,5,TKH,b-59-850,False,10,4000,2,exp1_permuted_src_datasets
1264,843.7777605056763,1.0,1734657615.4294014,,0.20579130947589874,1.0,0.001,1,16,40x40,MatchingNetwork,5,5,TKH,b-59-850,False,10,4000,2,exp1_permuted_src_datasets
1265,843.8219542503357,1.0,1734657615.4735951,,0.23660606145858765,1.0,0.001,1,16,40x40,MatchingNetwork,5,5,TKH,b-59-850,False,10,4000,2,exp1_permuted_src_datasets
1266,843.8659257888794,1.0,1734657615.5175667,,0.2078426331281662,1.0,0.001,1,16,40x40,MatchingNetwork,5,5,TKH,b-59-850,False,10,4000,2,exp1_permuted_src_datasets
1267,843.9100821018219,1.0,1734657615.561723,,0.19239458441734314,1.0,0.001,1,16,40x40,MatchingNetwork,5,5,TKH,b-59-850,False,10,4000,2,exp1_permuted_src_datasets
1268,843.9573490619659,1.0,1734657615.60899,,0.21458804607391357,1.0,0.001,1,16,40x40,MatchingNetwork,5,5,TKH,b-59-850,False,10,4000,2,exp1_permuted_src_datasets
1269,844.0036845207214,1.0,1734657615.6553254,,0.21706484258174896,1.0,0.001,1,16,40x40,MatchingNetwork,5,5,TKH,b-59-850,False,10,4000,2,exp1_permuted_src_datasets
1270,844.0484254360199,1.0,1734657615.7000663,,0.18956473469734192,1.0,0.001,1,16,40x40,MatchingNetwork,5,5,TKH,b-59-850,False,10,4000,2,exp1_permuted_src_datasets
1271,844.0939412117004,1.0,1734657615.745582,,0.23067538440227509,1.0,0.001,1,16,40x40,MatchingNetwork,5,5,TKH,b-59-850,False,10,4000,2,exp1_permuted_src_datasets
1272,844.1401748657227,1.0,1734657615.7918158,,0.24139875173568726,1.0,0.001,1,16,40x40,MatchingNetwork,5,5,TKH,b-59-850,False,10,4000,2,exp1_permuted_src_datasets
1273,844.1850922107697,1.0,1734657615.836733,,0.253222793340683,1.0,0.001,1,16,40x40,MatchingNetwork,5,5,TKH,b-59-850,False,10,4000,2,exp1_permuted_src_datasets
1274,844.2298374176025,1.0,1734657615.8814783,,0.22221966087818146,1.0,0.001,1,16,40x40,MatchingNetwork,5,5,TKH,b-59-850,False,10,4000,2,exp1_permuted_src_datasets
1275,844.2737662792206,1.0,1734657615.9254072,,0.22695523500442505,1.0,0.001,1,16,40x40,MatchingNetwork,5,5,TKH,b-59-850,False,10,4000,2,exp1_permuted_src_datasets
1276,844.3190724849701,1.0,1734657615.9707134,,0.22909227013587952,1.0,0.001,1,16,40x40,MatchingNetwork,5,5,TKH,b-59-850,False,10,4000,2,exp1_permuted_src_datasets
1277,844.3660571575165,1.0,1734657616.017698,,0.2128012478351593,1.0,0.001,1,16,40x40,MatchingNetwork,5,5,TKH,b-59-850,False,10,4000,2,exp1_permuted_src_datasets
1278,844.4172141551971,1.0,1734657616.068855,,0.19753021001815796,1.0,0.001,1,16,40x40,MatchingNetwork,5,5,TKH,b-59-850,False,10,4000,2,exp1_permuted_src_datasets
1279,844.4624478816986,1.0,1734657616.1140888,,0.24147014319896698,1.0,0.001,1,16,40x40,MatchingNetwork,5,5,TKH,b-59-850,False,10,4000,2,exp1_permuted_src_datasets
1280,844.5072762966156,1.0,1734657616.1589172,,0.2199437916278839,1.0,0.001,1,16,40x40,MatchingNetwork,5,5,TKH,b-59-850,False,10,4000,2,exp1_permuted_src_datasets
1281,863.6149191856384,1.0,1734657635.26656,0.8995,,,0.001,1,16,40x40,MatchingNetwork,5,5,TKH,b-59-850,False,10,4000,2,exp1_permuted_src_datasets
