_step,_runtime,bootstrap_iter,_timestamp,ft_eval_acc,ft_loss,ft_acc,lr,epochs,batch_size,input_size,model_type,n_way_test,n_way_train,tgt_dataset,src_datasets,fixed_support,samples_per_class,num_total_episodes,num_bootstrap_iters,exp_name
0,2.4476675987243652,0.0,1734563464.2951167,,,,0.001,1,16,40x40,MatchingNetwork,5,5,Egyptian,b-59-850,False,10,4000,2,exp1_permuted_src_datasets
1,7.910897493362427,0.0,1734563469.7583466,0.84425,,,0.001,1,16,40x40,MatchingNetwork,5,5,Egyptian,b-59-850,False,10,4000,2,exp1_permuted_src_datasets
2,7.940242767333984,0.0,1734563469.7876918,,0.5673626065254211,0.9375,0.001,1,16,40x40,MatchingNetwork,5,5,Egyptian,b-59-850,False,10,4000,2,exp1_permuted_src_datasets
3,7.9854652881622314,0.0,1734563469.8329144,,0.49227601289749146,1.0,0.001,1,16,40x40,MatchingNetwork,5,5,Egyptian,b-59-850,False,10,4000,2,exp1_permuted_src_datasets
4,8.031811714172363,0.0,1734563469.8792608,,0.5844981074333191,1.0,0.001,1,16,40x40,MatchingNetwork,5,5,Egyptian,b-59-850,False,10,4000,2,exp1_permuted_src_datasets
5,8.076764345169067,0.0,1734563469.9242134,,0.5178141593933105,1.0,0.001,1,16,40x40,MatchingNetwork,5,5,Egyptian,b-59-850,False,10,4000,2,exp1_permuted_src_datasets
6,8.121760845184326,0.0,1734563469.96921,,0.4818015396595001,1.0,0.001,1,16,40x40,MatchingNetwork,5,5,Egyptian,b-59-850,False,10,4000,2,exp1_permuted_src_datasets
7,8.167037010192871,0.0,1734563470.014486,,0.5549807548522949,0.9375,0.001,1,16,40x40,MatchingNetwork,5,5,Egyptian,b-59-850,False,10,4000,2,exp1_permuted_src_datasets
8,8.211881399154663,0.0,1734563470.0593305,,0.5026530027389526,0.9375,0.001,1,16,40x40,MatchingNetwork,5,5,Egyptian,b-59-850,False,10,4000,2,exp1_permuted_src_datasets
9,8.256560564041138,0.0,1734563470.1040096,,0.4410264492034912,1.0,0.001,1,16,40x40,MatchingNetwork,5,5,Egyptian,b-59-850,False,10,4000,2,exp1_permuted_src_datasets
10,8.300883769989014,0.0,1734563470.1483328,,0.45106279850006104,0.9375,0.001,1,16,40x40,MatchingNetwork,5,5,Egyptian,b-59-850,False,10,4000,2,exp1_permuted_src_datasets
11,8.345663785934448,0.0,1734563470.1931129,,0.5582210421562195,0.9375,0.001,1,16,40x40,MatchingNetwork,5,5,Egyptian,b-59-850,False,10,4000,2,exp1_permuted_src_datasets
12,8.390331745147705,0.0,1734563470.2377808,,0.6368717551231384,0.9375,0.001,1,16,40x40,MatchingNetwork,5,5,Egyptian,b-59-850,False,10,4000,2,exp1_permuted_src_datasets
13,8.434703350067139,0.0,1734563470.2821524,,0.5387887954711914,0.875,0.001,1,16,40x40,MatchingNetwork,5,5,Egyptian,b-59-850,False,10,4000,2,exp1_permuted_src_datasets
14,8.479068994522095,0.0,1734563470.326518,,0.41861993074417114,1.0,0.001,1,16,40x40,MatchingNetwork,5,5,Egyptian,b-59-850,False,10,4000,2,exp1_permuted_src_datasets
15,8.523855447769165,0.0,1734563470.3713045,,0.6193665266036987,0.8125,0.001,1,16,40x40,MatchingNetwork,5,5,Egyptian,b-59-850,False,10,4000,2,exp1_permuted_src_datasets
16,8.585871696472168,0.0,1734563470.4333208,,0.5301740765571594,1.0,0.001,1,16,40x40,MatchingNetwork,5,5,Egyptian,b-59-850,False,10,4000,2,exp1_permuted_src_datasets
17,8.630041599273682,0.0,1734563470.4774907,,0.4371189475059509,1.0,0.001,1,16,40x40,MatchingNetwork,5,5,Egyptian,b-59-850,False,10,4000,2,exp1_permuted_src_datasets
18,8.675161123275757,0.0,1734563470.5226102,,0.4884442687034607,0.9375,0.001,1,16,40x40,MatchingNetwork,5,5,Egyptian,b-59-850,False,10,4000,2,exp1_permuted_src_datasets
19,8.719021320343018,0.0,1734563470.5664704,,0.4979906380176544,0.9375,0.001,1,16,40x40,MatchingNetwork,5,5,Egyptian,b-59-850,False,10,4000,2,exp1_permuted_src_datasets
20,8.763109922409058,0.0,1734563470.610559,,0.4796467125415802,0.875,0.001,1,16,40x40,MatchingNetwork,5,5,Egyptian,b-59-850,False,10,4000,2,exp1_permuted_src_datasets
21,8.807220458984375,0.0,1734563470.6546695,,0.3825874924659729,1.0,0.001,1,16,40x40,MatchingNetwork,5,5,Egyptian,b-59-850,False,10,4000,2,exp1_permuted_src_datasets
22,8.85077714920044,0.0,1734563470.6982262,,0.36076775193214417,1.0,0.001,1,16,40x40,MatchingNetwork,5,5,Egyptian,b-59-850,False,10,4000,2,exp1_permuted_src_datasets
23,8.894652366638184,0.0,1734563470.7421014,,0.42292457818984985,1.0,0.001,1,16,40x40,MatchingNetwork,5,5,Egyptian,b-59-850,False,10,4000,2,exp1_permuted_src_datasets
24,8.938142776489258,0.0,1734563470.7855918,,0.4047641158103943,1.0,0.001,1,16,40x40,MatchingNetwork,5,5,Egyptian,b-59-850,False,10,4000,2,exp1_permuted_src_datasets
25,8.981739521026611,0.0,1734563470.8291886,,0.414966344833374,1.0,0.001,1,16,40x40,MatchingNetwork,5,5,Egyptian,b-59-850,False,10,4000,2,exp1_permuted_src_datasets
26,9.027880668640137,0.0,1734563470.8753297,,0.38182199001312256,1.0,0.001,1,16,40x40,MatchingNetwork,5,5,Egyptian,b-59-850,False,10,4000,2,exp1_permuted_src_datasets
27,9.073987245559692,0.0,1734563470.9214363,,0.39863958954811096,1.0,0.001,1,16,40x40,MatchingNetwork,5,5,Egyptian,b-59-850,False,10,4000,2,exp1_permuted_src_datasets
28,9.118084907531738,0.0,1734563470.965534,,0.4201999604701996,1.0,0.001,1,16,40x40,MatchingNetwork,5,5,Egyptian,b-59-850,False,10,4000,2,exp1_permuted_src_datasets
29,9.163236141204834,0.0,1734563471.0106852,,0.49977967143058777,1.0,0.001,1,16,40x40,MatchingNetwork,5,5,Egyptian,b-59-850,False,10,4000,2,exp1_permuted_src_datasets
30,9.208818912506104,0.0,1734563471.056268,,0.33588704466819763,1.0,0.001,1,16,40x40,MatchingNetwork,5,5,Egyptian,b-59-850,False,10,4000,2,exp1_permuted_src_datasets
31,9.253389120101929,0.0,1734563471.1008382,,0.3083443343639374,1.0,0.001,1,16,40x40,MatchingNetwork,5,5,Egyptian,b-59-850,False,10,4000,2,exp1_permuted_src_datasets
32,9.297889232635498,0.0,1734563471.1453383,,0.45141392946243286,1.0,0.001,1,16,40x40,MatchingNetwork,5,5,Egyptian,b-59-850,False,10,4000,2,exp1_permuted_src_datasets
33,9.342623233795166,0.0,1734563471.1900723,,0.3987792730331421,1.0,0.001,1,16,40x40,MatchingNetwork,5,5,Egyptian,b-59-850,False,10,4000,2,exp1_permuted_src_datasets
34,9.386637687683105,0.0,1734563471.2340868,,0.4584677219390869,0.9375,0.001,1,16,40x40,MatchingNetwork,5,5,Egyptian,b-59-850,False,10,4000,2,exp1_permuted_src_datasets
35,9.431249618530273,0.0,1734563471.2786987,,0.40331554412841797,1.0,0.001,1,16,40x40,MatchingNetwork,5,5,Egyptian,b-59-850,False,10,4000,2,exp1_permuted_src_datasets
36,9.475840091705322,0.0,1734563471.3232892,,0.335417240858078,1.0,0.001,1,16,40x40,MatchingNetwork,5,5,Egyptian,b-59-850,False,10,4000,2,exp1_permuted_src_datasets
37,9.520118713378906,0.0,1734563471.3675678,,0.3883184492588043,1.0,0.001,1,16,40x40,MatchingNetwork,5,5,Egyptian,b-59-850,False,10,4000,2,exp1_permuted_src_datasets
38,9.563982248306274,0.0,1734563471.4114313,,0.3390795588493347,1.0,0.001,1,16,40x40,MatchingNetwork,5,5,Egyptian,b-59-850,False,10,4000,2,exp1_permuted_src_datasets
39,9.621647834777832,0.0,1734563471.469097,,0.40735331177711487,1.0,0.001,1,16,40x40,MatchingNetwork,5,5,Egyptian,b-59-850,False,10,4000,2,exp1_permuted_src_datasets
40,9.66698932647705,0.0,1734563471.5144384,,0.343364953994751,1.0,0.001,1,16,40x40,MatchingNetwork,5,5,Egyptian,b-59-850,False,10,4000,2,exp1_permuted_src_datasets
41,9.71106767654419,0.0,1734563471.5585167,,0.333637535572052,1.0,0.001,1,16,40x40,MatchingNetwork,5,5,Egyptian,b-59-850,False,10,4000,2,exp1_permuted_src_datasets
42,9.75540804862976,0.0,1734563471.602857,,0.43608027696609497,1.0,0.001,1,16,40x40,MatchingNetwork,5,5,Egyptian,b-59-850,False,10,4000,2,exp1_permuted_src_datasets
43,9.799917936325073,0.0,1734563471.647367,,0.3042484521865845,1.0,0.001,1,16,40x40,MatchingNetwork,5,5,Egyptian,b-59-850,False,10,4000,2,exp1_permuted_src_datasets
44,9.843845844268799,0.0,1734563471.691295,,0.31253132224082947,1.0,0.001,1,16,40x40,MatchingNetwork,5,5,Egyptian,b-59-850,False,10,4000,2,exp1_permuted_src_datasets
45,9.887784242630005,0.0,1734563471.7352333,,0.2744578421115875,1.0,0.001,1,16,40x40,MatchingNetwork,5,5,Egyptian,b-59-850,False,10,4000,2,exp1_permuted_src_datasets
46,9.931690454483032,0.0,1734563471.7791395,,0.3580770492553711,1.0,0.001,1,16,40x40,MatchingNetwork,5,5,Egyptian,b-59-850,False,10,4000,2,exp1_permuted_src_datasets
47,9.975593566894531,0.0,1734563471.8230426,,0.3526630699634552,1.0,0.001,1,16,40x40,MatchingNetwork,5,5,Egyptian,b-59-850,False,10,4000,2,exp1_permuted_src_datasets
48,10.020762205123901,0.0,1734563471.8682113,,0.4113744795322418,1.0,0.001,1,16,40x40,MatchingNetwork,5,5,Egyptian,b-59-850,False,10,4000,2,exp1_permuted_src_datasets
49,10.06494665145874,0.0,1734563471.9123957,,0.3389062285423279,1.0,0.001,1,16,40x40,MatchingNetwork,5,5,Egyptian,b-59-850,False,10,4000,2,exp1_permuted_src_datasets
50,10.109245538711548,0.0,1734563471.9566946,,0.3375132977962494,1.0,0.001,1,16,40x40,MatchingNetwork,5,5,Egyptian,b-59-850,False,10,4000,2,exp1_permuted_src_datasets
51,10.153146028518677,0.0,1734563472.000595,,0.2328469157218933,1.0,0.001,1,16,40x40,MatchingNetwork,5,5,Egyptian,b-59-850,False,10,4000,2,exp1_permuted_src_datasets
52,10.197798013687134,0.0,1734563472.045247,,0.3110367953777313,1.0,0.001,1,16,40x40,MatchingNetwork,5,5,Egyptian,b-59-850,False,10,4000,2,exp1_permuted_src_datasets
53,10.242271661758423,0.0,1734563472.0897207,,0.31186386942863464,1.0,0.001,1,16,40x40,MatchingNetwork,5,5,Egyptian,b-59-850,False,10,4000,2,exp1_permuted_src_datasets
54,10.286372423171997,0.0,1734563472.1338215,,0.31902745366096497,1.0,0.001,1,16,40x40,MatchingNetwork,5,5,Egyptian,b-59-850,False,10,4000,2,exp1_permuted_src_datasets
55,10.330309867858887,0.0,1734563472.177759,,0.3015455901622772,1.0,0.001,1,16,40x40,MatchingNetwork,5,5,Egyptian,b-59-850,False,10,4000,2,exp1_permuted_src_datasets
56,10.374451398849487,0.0,1734563472.2219005,,0.3139694929122925,1.0,0.001,1,16,40x40,MatchingNetwork,5,5,Egyptian,b-59-850,False,10,4000,2,exp1_permuted_src_datasets
57,10.418370723724365,0.0,1734563472.2658198,,0.3075673282146454,1.0,0.001,1,16,40x40,MatchingNetwork,5,5,Egyptian,b-59-850,False,10,4000,2,exp1_permuted_src_datasets
58,10.462974786758423,0.0,1734563472.3104239,,0.3057860732078552,1.0,0.001,1,16,40x40,MatchingNetwork,5,5,Egyptian,b-59-850,False,10,4000,2,exp1_permuted_src_datasets
59,10.507707118988037,0.0,1734563472.3551562,,0.33298298716545105,1.0,0.001,1,16,40x40,MatchingNetwork,5,5,Egyptian,b-59-850,False,10,4000,2,exp1_permuted_src_datasets
60,10.551586866378784,0.0,1734563472.399036,,0.3797745108604431,1.0,0.001,1,16,40x40,MatchingNetwork,5,5,Egyptian,b-59-850,False,10,4000,2,exp1_permuted_src_datasets
61,10.595383405685425,0.0,1734563472.4428325,,0.3755454123020172,1.0,0.001,1,16,40x40,MatchingNetwork,5,5,Egyptian,b-59-850,False,10,4000,2,exp1_permuted_src_datasets
62,10.640255212783813,0.0,1734563472.4877043,,0.3664587438106537,1.0,0.001,1,16,40x40,MatchingNetwork,5,5,Egyptian,b-59-850,False,10,4000,2,exp1_permuted_src_datasets
63,10.684286117553711,0.0,1734563472.5317352,,0.36404454708099365,1.0,0.001,1,16,40x40,MatchingNetwork,5,5,Egyptian,b-59-850,False,10,4000,2,exp1_permuted_src_datasets
64,16.16183853149414,0.0,1734563478.0092876,0.8775,,,0.001,1,16,40x40,MatchingNetwork,5,5,Egyptian,b-59-850,False,10,4000,2,exp1_permuted_src_datasets
65,21.640113353729248,0.0,1734563483.4875624,0.8695,,,0.001,1,16,40x40,MatchingNetwork,5,5,Egyptian,b-59-850,False,10,4000,2,exp1_permuted_src_datasets
66,21.66355609893799,0.0,1734563483.5110052,,0.3588215410709381,1.0,0.001,1,16,40x40,MatchingNetwork,5,5,Egyptian,b-59-850,False,10,4000,2,exp1_permuted_src_datasets
67,21.708720207214355,0.0,1734563483.5561693,,0.31552764773368835,1.0,0.001,1,16,40x40,MatchingNetwork,5,5,Egyptian,b-59-850,False,10,4000,2,exp1_permuted_src_datasets
68,21.75402045249939,0.0,1734563483.6014695,,0.27645033597946167,1.0,0.001,1,16,40x40,MatchingNetwork,5,5,Egyptian,b-59-850,False,10,4000,2,exp1_permuted_src_datasets
69,21.799647092819214,0.0,1734563483.6470962,,0.3074045181274414,1.0,0.001,1,16,40x40,MatchingNetwork,5,5,Egyptian,b-59-850,False,10,4000,2,exp1_permuted_src_datasets
70,21.844394207000732,0.0,1734563483.6918433,,0.3716678321361542,1.0,0.001,1,16,40x40,MatchingNetwork,5,5,Egyptian,b-59-850,False,10,4000,2,exp1_permuted_src_datasets
71,21.88893747329712,0.0,1734563483.7363865,,0.34585657715797424,1.0,0.001,1,16,40x40,MatchingNetwork,5,5,Egyptian,b-59-850,False,10,4000,2,exp1_permuted_src_datasets
72,21.93444538116455,0.0,1734563483.7818944,,0.31798288226127625,1.0,0.001,1,16,40x40,MatchingNetwork,5,5,Egyptian,b-59-850,False,10,4000,2,exp1_permuted_src_datasets
73,21.97869110107422,0.0,1734563483.8261402,,0.2681175470352173,1.0,0.001,1,16,40x40,MatchingNetwork,5,5,Egyptian,b-59-850,False,10,4000,2,exp1_permuted_src_datasets
74,22.023128032684326,0.0,1734563483.870577,,0.3074585199356079,1.0,0.001,1,16,40x40,MatchingNetwork,5,5,Egyptian,b-59-850,False,10,4000,2,exp1_permuted_src_datasets
75,22.071675777435303,0.0,1734563483.9191248,,0.3356151580810547,1.0,0.001,1,16,40x40,MatchingNetwork,5,5,Egyptian,b-59-850,False,10,4000,2,exp1_permuted_src_datasets
76,22.115678310394287,0.0,1734563483.9631274,,0.24997378885746002,1.0,0.001,1,16,40x40,MatchingNetwork,5,5,Egyptian,b-59-850,False,10,4000,2,exp1_permuted_src_datasets
77,22.16002106666565,0.0,1734563484.0074701,,0.24986830353736877,1.0,0.001,1,16,40x40,MatchingNetwork,5,5,Egyptian,b-59-850,False,10,4000,2,exp1_permuted_src_datasets
78,22.20462465286255,0.0,1734563484.0520737,,0.3204710781574249,1.0,0.001,1,16,40x40,MatchingNetwork,5,5,Egyptian,b-59-850,False,10,4000,2,exp1_permuted_src_datasets
79,22.24923062324524,0.0,1734563484.0966797,,0.294607013463974,1.0,0.001,1,16,40x40,MatchingNetwork,5,5,Egyptian,b-59-850,False,10,4000,2,exp1_permuted_src_datasets
80,22.294250965118408,0.0,1734563484.1417,,0.33499401807785034,1.0,0.001,1,16,40x40,MatchingNetwork,5,5,Egyptian,b-59-850,False,10,4000,2,exp1_permuted_src_datasets
81,22.338762998580933,0.0,1734563484.186212,,0.2881549596786499,1.0,0.001,1,16,40x40,MatchingNetwork,5,5,Egyptian,b-59-850,False,10,4000,2,exp1_permuted_src_datasets
82,22.383349418640137,0.0,1734563484.2307985,,0.3079599142074585,0.9375,0.001,1,16,40x40,MatchingNetwork,5,5,Egyptian,b-59-850,False,10,4000,2,exp1_permuted_src_datasets
83,22.428447723388672,0.0,1734563484.2758968,,0.25183266401290894,1.0,0.001,1,16,40x40,MatchingNetwork,5,5,Egyptian,b-59-850,False,10,4000,2,exp1_permuted_src_datasets
84,22.472822666168213,0.0,1734563484.3202717,,0.2775588631629944,1.0,0.001,1,16,40x40,MatchingNetwork,5,5,Egyptian,b-59-850,False,10,4000,2,exp1_permuted_src_datasets
85,22.51686668395996,0.0,1734563484.3643157,,0.4005756378173828,1.0,0.001,1,16,40x40,MatchingNetwork,5,5,Egyptian,b-59-850,False,10,4000,2,exp1_permuted_src_datasets
86,22.561143398284912,0.0,1734563484.4085925,,0.24762597680091858,1.0,0.001,1,16,40x40,MatchingNetwork,5,5,Egyptian,b-59-850,False,10,4000,2,exp1_permuted_src_datasets
87,22.606560468673706,0.0,1734563484.4540095,,0.3206615447998047,1.0,0.001,1,16,40x40,MatchingNetwork,5,5,Egyptian,b-59-850,False,10,4000,2,exp1_permuted_src_datasets
88,22.650137186050415,0.0,1734563484.4975863,,0.2814100384712219,1.0,0.001,1,16,40x40,MatchingNetwork,5,5,Egyptian,b-59-850,False,10,4000,2,exp1_permuted_src_datasets
89,22.696362018585205,0.0,1734563484.543811,,0.283905953168869,1.0,0.001,1,16,40x40,MatchingNetwork,5,5,Egyptian,b-59-850,False,10,4000,2,exp1_permuted_src_datasets
90,22.74104070663452,0.0,1734563484.5884898,,0.27218198776245117,1.0,0.001,1,16,40x40,MatchingNetwork,5,5,Egyptian,b-59-850,False,10,4000,2,exp1_permuted_src_datasets
91,22.78572392463684,0.0,1734563484.633173,,0.26749202609062195,1.0,0.001,1,16,40x40,MatchingNetwork,5,5,Egyptian,b-59-850,False,10,4000,2,exp1_permuted_src_datasets
92,22.829949617385864,0.0,1734563484.6773987,,0.2961394488811493,1.0,0.001,1,16,40x40,MatchingNetwork,5,5,Egyptian,b-59-850,False,10,4000,2,exp1_permuted_src_datasets
93,22.874178647994995,0.0,1734563484.7216277,,0.33774322271347046,1.0,0.001,1,16,40x40,MatchingNetwork,5,5,Egyptian,b-59-850,False,10,4000,2,exp1_permuted_src_datasets
94,22.91827082633972,0.0,1734563484.76572,,0.2788545489311218,1.0,0.001,1,16,40x40,MatchingNetwork,5,5,Egyptian,b-59-850,False,10,4000,2,exp1_permuted_src_datasets
95,22.96177577972412,0.0,1734563484.8092248,,0.3146253824234009,1.0,0.001,1,16,40x40,MatchingNetwork,5,5,Egyptian,b-59-850,False,10,4000,2,exp1_permuted_src_datasets
96,23.005818367004395,0.0,1734563484.8532674,,0.284366250038147,1.0,0.001,1,16,40x40,MatchingNetwork,5,5,Egyptian,b-59-850,False,10,4000,2,exp1_permuted_src_datasets
97,23.04989004135132,0.0,1734563484.897339,,0.2565871477127075,1.0,0.001,1,16,40x40,MatchingNetwork,5,5,Egyptian,b-59-850,False,10,4000,2,exp1_permuted_src_datasets
98,23.096331357955933,0.0,1734563484.9437804,,0.303126722574234,1.0,0.001,1,16,40x40,MatchingNetwork,5,5,Egyptian,b-59-850,False,10,4000,2,exp1_permuted_src_datasets
99,23.142427921295166,0.0,1734563484.989877,,0.2782975435256958,1.0,0.001,1,16,40x40,MatchingNetwork,5,5,Egyptian,b-59-850,False,10,4000,2,exp1_permuted_src_datasets
100,23.18644690513611,0.0,1734563485.033896,,0.2963446378707886,1.0,0.001,1,16,40x40,MatchingNetwork,5,5,Egyptian,b-59-850,False,10,4000,2,exp1_permuted_src_datasets
101,23.230437994003296,0.0,1734563485.077887,,0.2911365032196045,1.0,0.001,1,16,40x40,MatchingNetwork,5,5,Egyptian,b-59-850,False,10,4000,2,exp1_permuted_src_datasets
102,23.274568796157837,0.0,1734563485.1220179,,0.35582494735717773,1.0,0.001,1,16,40x40,MatchingNetwork,5,5,Egyptian,b-59-850,False,10,4000,2,exp1_permuted_src_datasets
103,23.318347692489624,0.0,1734563485.1657968,,0.3022167682647705,1.0,0.001,1,16,40x40,MatchingNetwork,5,5,Egyptian,b-59-850,False,10,4000,2,exp1_permuted_src_datasets
104,23.363126754760742,0.0,1734563485.2105758,,0.2641209661960602,1.0,0.001,1,16,40x40,MatchingNetwork,5,5,Egyptian,b-59-850,False,10,4000,2,exp1_permuted_src_datasets
105,23.4078950881958,0.0,1734563485.2553442,,0.28754734992980957,1.0,0.001,1,16,40x40,MatchingNetwork,5,5,Egyptian,b-59-850,False,10,4000,2,exp1_permuted_src_datasets
106,23.451251983642578,0.0,1734563485.298701,,0.23775935173034668,1.0,0.001,1,16,40x40,MatchingNetwork,5,5,Egyptian,b-59-850,False,10,4000,2,exp1_permuted_src_datasets
107,23.495675325393677,0.0,1734563485.3431244,,0.29313018918037415,1.0,0.001,1,16,40x40,MatchingNetwork,5,5,Egyptian,b-59-850,False,10,4000,2,exp1_permuted_src_datasets
108,23.5394229888916,0.0,1734563485.386872,,0.2870396673679352,1.0,0.001,1,16,40x40,MatchingNetwork,5,5,Egyptian,b-59-850,False,10,4000,2,exp1_permuted_src_datasets
109,23.583914279937744,0.0,1734563485.4313633,,0.27849575877189636,1.0,0.001,1,16,40x40,MatchingNetwork,5,5,Egyptian,b-59-850,False,10,4000,2,exp1_permuted_src_datasets
110,23.628239154815674,0.0,1734563485.4756882,,0.21682552993297577,1.0,0.001,1,16,40x40,MatchingNetwork,5,5,Egyptian,b-59-850,False,10,4000,2,exp1_permuted_src_datasets
111,23.673681497573853,0.0,1734563485.5211306,,0.26402223110198975,1.0,0.001,1,16,40x40,MatchingNetwork,5,5,Egyptian,b-59-850,False,10,4000,2,exp1_permuted_src_datasets
112,23.71787166595459,0.0,1734563485.5653207,,0.3135812282562256,1.0,0.001,1,16,40x40,MatchingNetwork,5,5,Egyptian,b-59-850,False,10,4000,2,exp1_permuted_src_datasets
113,23.762866735458374,0.0,1734563485.6103158,,0.2869541049003601,1.0,0.001,1,16,40x40,MatchingNetwork,5,5,Egyptian,b-59-850,False,10,4000,2,exp1_permuted_src_datasets
114,23.807310819625854,0.0,1734563485.65476,,0.22275857627391815,1.0,0.001,1,16,40x40,MatchingNetwork,5,5,Egyptian,b-59-850,False,10,4000,2,exp1_permuted_src_datasets
115,23.85124921798706,0.0,1734563485.6986983,,0.34161576628685,1.0,0.001,1,16,40x40,MatchingNetwork,5,5,Egyptian,b-59-850,False,10,4000,2,exp1_permuted_src_datasets
116,23.895385026931763,0.0,1734563485.742834,,0.2772337794303894,1.0,0.001,1,16,40x40,MatchingNetwork,5,5,Egyptian,b-59-850,False,10,4000,2,exp1_permuted_src_datasets
117,23.939993143081665,0.0,1734563485.7874422,,0.24696891009807587,1.0,0.001,1,16,40x40,MatchingNetwork,5,5,Egyptian,b-59-850,False,10,4000,2,exp1_permuted_src_datasets
118,23.98379421234131,0.0,1734563485.8312433,,0.2609637975692749,1.0,0.001,1,16,40x40,MatchingNetwork,5,5,Egyptian,b-59-850,False,10,4000,2,exp1_permuted_src_datasets
119,24.027701377868652,0.0,1734563485.8751504,,0.2810481786727905,1.0,0.001,1,16,40x40,MatchingNetwork,5,5,Egyptian,b-59-850,False,10,4000,2,exp1_permuted_src_datasets
120,24.0722599029541,0.0,1734563485.919709,,0.2567735016345978,1.0,0.001,1,16,40x40,MatchingNetwork,5,5,Egyptian,b-59-850,False,10,4000,2,exp1_permuted_src_datasets
121,24.115999460220337,0.0,1734563485.9634485,,0.24579626321792603,1.0,0.001,1,16,40x40,MatchingNetwork,5,5,Egyptian,b-59-850,False,10,4000,2,exp1_permuted_src_datasets
122,24.161293506622314,0.0,1734563486.0087426,,0.290585458278656,1.0,0.001,1,16,40x40,MatchingNetwork,5,5,Egyptian,b-59-850,False,10,4000,2,exp1_permuted_src_datasets
123,24.20560884475708,0.0,1734563486.053058,,0.27315855026245117,1.0,0.001,1,16,40x40,MatchingNetwork,5,5,Egyptian,b-59-850,False,10,4000,2,exp1_permuted_src_datasets
124,24.250192165374756,0.0,1734563486.0976412,,0.23239494860172272,1.0,0.001,1,16,40x40,MatchingNetwork,5,5,Egyptian,b-59-850,False,10,4000,2,exp1_permuted_src_datasets
125,24.294515371322632,0.0,1734563486.1419644,,0.22688362002372742,1.0,0.001,1,16,40x40,MatchingNetwork,5,5,Egyptian,b-59-850,False,10,4000,2,exp1_permuted_src_datasets
126,24.338647842407227,0.0,1734563486.186097,,0.28377774357795715,1.0,0.001,1,16,40x40,MatchingNetwork,5,5,Egyptian,b-59-850,False,10,4000,2,exp1_permuted_src_datasets
127,24.38425898551941,0.0,1734563486.231708,,0.2688978314399719,1.0,0.001,1,16,40x40,MatchingNetwork,5,5,Egyptian,b-59-850,False,10,4000,2,exp1_permuted_src_datasets
128,29.878413438796997,0.0,1734563491.7258625,0.88325,,,0.001,1,16,40x40,MatchingNetwork,5,5,Egyptian,b-59-850,False,10,4000,2,exp1_permuted_src_datasets
129,35.348164558410645,0.0,1734563497.1956136,0.88575,,,0.001,1,16,40x40,MatchingNetwork,5,5,Egyptian,b-59-850,False,10,4000,2,exp1_permuted_src_datasets
130,35.370896100997925,0.0,1734563497.2183452,,0.2722932994365692,1.0,0.001,1,16,40x40,MatchingNetwork,5,5,Egyptian,b-59-850,False,10,4000,2,exp1_permuted_src_datasets
131,35.41553997993469,0.0,1734563497.262989,,0.31556496024131775,1.0,0.001,1,16,40x40,MatchingNetwork,5,5,Egyptian,b-59-850,False,10,4000,2,exp1_permuted_src_datasets
132,35.460702657699585,0.0,1734563497.3081517,,0.30353525280952454,1.0,0.001,1,16,40x40,MatchingNetwork,5,5,Egyptian,b-59-850,False,10,4000,2,exp1_permuted_src_datasets
133,35.505774974823,0.0,1734563497.353224,,0.2769463360309601,1.0,0.001,1,16,40x40,MatchingNetwork,5,5,Egyptian,b-59-850,False,10,4000,2,exp1_permuted_src_datasets
134,35.55075001716614,0.0,1734563497.398199,,0.24573644995689392,1.0,0.001,1,16,40x40,MatchingNetwork,5,5,Egyptian,b-59-850,False,10,4000,2,exp1_permuted_src_datasets
135,35.595414876937866,0.0,1734563497.442864,,0.27803730964660645,1.0,0.001,1,16,40x40,MatchingNetwork,5,5,Egyptian,b-59-850,False,10,4000,2,exp1_permuted_src_datasets
136,35.640209436416626,0.0,1734563497.4876585,,0.24850326776504517,1.0,0.001,1,16,40x40,MatchingNetwork,5,5,Egyptian,b-59-850,False,10,4000,2,exp1_permuted_src_datasets
137,35.683635234832764,0.0,1734563497.5310843,,0.23213759064674377,1.0,0.001,1,16,40x40,MatchingNetwork,5,5,Egyptian,b-59-850,False,10,4000,2,exp1_permuted_src_datasets
138,35.72776126861572,0.0,1734563497.5752103,,0.2581050992012024,1.0,0.001,1,16,40x40,MatchingNetwork,5,5,Egyptian,b-59-850,False,10,4000,2,exp1_permuted_src_datasets
139,35.77184510231018,0.0,1734563497.6192942,,0.23612992465496063,1.0,0.001,1,16,40x40,MatchingNetwork,5,5,Egyptian,b-59-850,False,10,4000,2,exp1_permuted_src_datasets
140,35.82024645805359,0.0,1734563497.6676955,,0.2375819981098175,1.0,0.001,1,16,40x40,MatchingNetwork,5,5,Egyptian,b-59-850,False,10,4000,2,exp1_permuted_src_datasets
141,35.86384201049805,0.0,1734563497.711291,,0.30090123414993286,1.0,0.001,1,16,40x40,MatchingNetwork,5,5,Egyptian,b-59-850,False,10,4000,2,exp1_permuted_src_datasets
142,35.908069133758545,0.0,1734563497.7555182,,0.28050997853279114,1.0,0.001,1,16,40x40,MatchingNetwork,5,5,Egyptian,b-59-850,False,10,4000,2,exp1_permuted_src_datasets
143,35.951335430145264,0.0,1734563497.7987845,,0.25479355454444885,1.0,0.001,1,16,40x40,MatchingNetwork,5,5,Egyptian,b-59-850,False,10,4000,2,exp1_permuted_src_datasets
144,35.99525308609009,0.0,1734563497.8427022,,0.24613741040229797,1.0,0.001,1,16,40x40,MatchingNetwork,5,5,Egyptian,b-59-850,False,10,4000,2,exp1_permuted_src_datasets
145,36.038506746292114,0.0,1734563497.8859558,,0.2788887619972229,1.0,0.001,1,16,40x40,MatchingNetwork,5,5,Egyptian,b-59-850,False,10,4000,2,exp1_permuted_src_datasets
146,36.08160638809204,0.0,1734563497.9290555,,0.2667393982410431,1.0,0.001,1,16,40x40,MatchingNetwork,5,5,Egyptian,b-59-850,False,10,4000,2,exp1_permuted_src_datasets
147,36.12491965293884,0.0,1734563497.9723687,,0.31318920850753784,1.0,0.001,1,16,40x40,MatchingNetwork,5,5,Egyptian,b-59-850,False,10,4000,2,exp1_permuted_src_datasets
148,36.16861820220947,0.0,1734563498.0160673,,0.2461608350276947,1.0,0.001,1,16,40x40,MatchingNetwork,5,5,Egyptian,b-59-850,False,10,4000,2,exp1_permuted_src_datasets
149,36.21219992637634,0.0,1734563498.059649,,0.2578073740005493,1.0,0.001,1,16,40x40,MatchingNetwork,5,5,Egyptian,b-59-850,False,10,4000,2,exp1_permuted_src_datasets
150,36.255449533462524,0.0,1734563498.1028986,,0.2866572439670563,1.0,0.001,1,16,40x40,MatchingNetwork,5,5,Egyptian,b-59-850,False,10,4000,2,exp1_permuted_src_datasets
151,36.299155950546265,0.0,1734563498.146605,,0.2930794954299927,1.0,0.001,1,16,40x40,MatchingNetwork,5,5,Egyptian,b-59-850,False,10,4000,2,exp1_permuted_src_datasets
152,36.34202265739441,0.0,1734563498.1894717,,0.26065388321876526,1.0,0.001,1,16,40x40,MatchingNetwork,5,5,Egyptian,b-59-850,False,10,4000,2,exp1_permuted_src_datasets
153,36.38552665710449,0.0,1734563498.2329757,,0.27871498465538025,1.0,0.001,1,16,40x40,MatchingNetwork,5,5,Egyptian,b-59-850,False,10,4000,2,exp1_permuted_src_datasets
154,36.428619384765625,0.0,1734563498.2760684,,0.25127455592155457,1.0,0.001,1,16,40x40,MatchingNetwork,5,5,Egyptian,b-59-850,False,10,4000,2,exp1_permuted_src_datasets
155,36.4718759059906,0.0,1734563498.319325,,0.24806195497512817,1.0,0.001,1,16,40x40,MatchingNetwork,5,5,Egyptian,b-59-850,False,10,4000,2,exp1_permuted_src_datasets
156,36.51588797569275,0.0,1734563498.363337,,0.26151883602142334,1.0,0.001,1,16,40x40,MatchingNetwork,5,5,Egyptian,b-59-850,False,10,4000,2,exp1_permuted_src_datasets
157,36.561383962631226,0.0,1734563498.408833,,0.2546178698539734,1.0,0.001,1,16,40x40,MatchingNetwork,5,5,Egyptian,b-59-850,False,10,4000,2,exp1_permuted_src_datasets
158,36.605876445770264,0.0,1734563498.4533255,,0.26301082968711853,1.0,0.001,1,16,40x40,MatchingNetwork,5,5,Egyptian,b-59-850,False,10,4000,2,exp1_permuted_src_datasets
159,36.650397062301636,0.0,1734563498.4978461,,0.26168060302734375,1.0,0.001,1,16,40x40,MatchingNetwork,5,5,Egyptian,b-59-850,False,10,4000,2,exp1_permuted_src_datasets
160,36.69404196739197,0.0,1734563498.541491,,0.23478484153747559,1.0,0.001,1,16,40x40,MatchingNetwork,5,5,Egyptian,b-59-850,False,10,4000,2,exp1_permuted_src_datasets
161,36.73813247680664,0.0,1734563498.5855815,,0.32529333233833313,1.0,0.001,1,16,40x40,MatchingNetwork,5,5,Egyptian,b-59-850,False,10,4000,2,exp1_permuted_src_datasets
162,36.78171634674072,0.0,1734563498.6291654,,0.2893543243408203,1.0,0.001,1,16,40x40,MatchingNetwork,5,5,Egyptian,b-59-850,False,10,4000,2,exp1_permuted_src_datasets
163,36.82634091377258,0.0,1734563498.67379,,0.30223187804222107,1.0,0.001,1,16,40x40,MatchingNetwork,5,5,Egyptian,b-59-850,False,10,4000,2,exp1_permuted_src_datasets
164,36.87026309967041,0.0,1734563498.7177122,,0.2610672414302826,1.0,0.001,1,16,40x40,MatchingNetwork,5,5,Egyptian,b-59-850,False,10,4000,2,exp1_permuted_src_datasets
165,36.91459941864014,0.0,1734563498.7620485,,0.25471144914627075,1.0,0.001,1,16,40x40,MatchingNetwork,5,5,Egyptian,b-59-850,False,10,4000,2,exp1_permuted_src_datasets
166,36.95913910865784,0.0,1734563498.8065882,,0.2607353925704956,1.0,0.001,1,16,40x40,MatchingNetwork,5,5,Egyptian,b-59-850,False,10,4000,2,exp1_permuted_src_datasets
167,37.00315856933594,0.0,1734563498.8506076,,0.27968665957450867,1.0,0.001,1,16,40x40,MatchingNetwork,5,5,Egyptian,b-59-850,False,10,4000,2,exp1_permuted_src_datasets
168,37.04759931564331,0.0,1734563498.8950484,,0.28479793667793274,1.0,0.001,1,16,40x40,MatchingNetwork,5,5,Egyptian,b-59-850,False,10,4000,2,exp1_permuted_src_datasets
169,37.09514403343201,0.0,1734563498.942593,,0.22714167833328247,1.0,0.001,1,16,40x40,MatchingNetwork,5,5,Egyptian,b-59-850,False,10,4000,2,exp1_permuted_src_datasets
170,37.13972473144531,0.0,1734563498.9871738,,0.24468374252319336,1.0,0.001,1,16,40x40,MatchingNetwork,5,5,Egyptian,b-59-850,False,10,4000,2,exp1_permuted_src_datasets
171,37.18326687812805,0.0,1734563499.030716,,0.3069477379322052,1.0,0.001,1,16,40x40,MatchingNetwork,5,5,Egyptian,b-59-850,False,10,4000,2,exp1_permuted_src_datasets
172,37.22664976119995,0.0,1734563499.0740988,,0.28018733859062195,1.0,0.001,1,16,40x40,MatchingNetwork,5,5,Egyptian,b-59-850,False,10,4000,2,exp1_permuted_src_datasets
173,37.2703161239624,0.0,1734563499.1177652,,0.2757861018180847,1.0,0.001,1,16,40x40,MatchingNetwork,5,5,Egyptian,b-59-850,False,10,4000,2,exp1_permuted_src_datasets
174,37.31437563896179,0.0,1734563499.1618247,,0.2615053653717041,1.0,0.001,1,16,40x40,MatchingNetwork,5,5,Egyptian,b-59-850,False,10,4000,2,exp1_permuted_src_datasets
175,37.35803818702698,0.0,1734563499.2054873,,0.282762736082077,1.0,0.001,1,16,40x40,MatchingNetwork,5,5,Egyptian,b-59-850,False,10,4000,2,exp1_permuted_src_datasets
176,37.40139579772949,0.0,1734563499.2488449,,0.238735631108284,1.0,0.001,1,16,40x40,MatchingNetwork,5,5,Egyptian,b-59-850,False,10,4000,2,exp1_permuted_src_datasets
177,37.445372581481934,0.0,1734563499.2928216,,0.24219022691249847,1.0,0.001,1,16,40x40,MatchingNetwork,5,5,Egyptian,b-59-850,False,10,4000,2,exp1_permuted_src_datasets
178,37.490201473236084,0.0,1734563499.3376505,,0.252530038356781,1.0,0.001,1,16,40x40,MatchingNetwork,5,5,Egyptian,b-59-850,False,10,4000,2,exp1_permuted_src_datasets
179,37.53493070602417,0.0,1734563499.3823798,,0.2599318325519562,1.0,0.001,1,16,40x40,MatchingNetwork,5,5,Egyptian,b-59-850,False,10,4000,2,exp1_permuted_src_datasets
180,37.57899308204651,0.0,1734563499.4264421,,0.24850359559059143,1.0,0.001,1,16,40x40,MatchingNetwork,5,5,Egyptian,b-59-850,False,10,4000,2,exp1_permuted_src_datasets
181,37.62294340133667,0.0,1734563499.4703925,,0.2406233698129654,1.0,0.001,1,16,40x40,MatchingNetwork,5,5,Egyptian,b-59-850,False,10,4000,2,exp1_permuted_src_datasets
182,37.667346239089966,0.0,1734563499.5147953,,0.244153693318367,1.0,0.001,1,16,40x40,MatchingNetwork,5,5,Egyptian,b-59-850,False,10,4000,2,exp1_permuted_src_datasets
183,37.71126890182495,0.0,1734563499.558718,,0.29060542583465576,1.0,0.001,1,16,40x40,MatchingNetwork,5,5,Egyptian,b-59-850,False,10,4000,2,exp1_permuted_src_datasets
184,37.754940032958984,0.0,1734563499.602389,,0.21930944919586182,1.0,0.001,1,16,40x40,MatchingNetwork,5,5,Egyptian,b-59-850,False,10,4000,2,exp1_permuted_src_datasets
185,37.79830718040466,0.0,1734563499.6457562,,0.24559803307056427,1.0,0.001,1,16,40x40,MatchingNetwork,5,5,Egyptian,b-59-850,False,10,4000,2,exp1_permuted_src_datasets
186,37.845444679260254,0.0,1734563499.6928937,,0.24437646567821503,1.0,0.001,1,16,40x40,MatchingNetwork,5,5,Egyptian,b-59-850,False,10,4000,2,exp1_permuted_src_datasets
187,37.8914909362793,0.0,1734563499.73894,,0.2544728219509125,1.0,0.001,1,16,40x40,MatchingNetwork,5,5,Egyptian,b-59-850,False,10,4000,2,exp1_permuted_src_datasets
188,37.936007261276245,0.0,1734563499.7834563,,0.338652104139328,1.0,0.001,1,16,40x40,MatchingNetwork,5,5,Egyptian,b-59-850,False,10,4000,2,exp1_permuted_src_datasets
189,37.981937408447266,0.0,1734563499.8293865,,0.21901898086071014,1.0,0.001,1,16,40x40,MatchingNetwork,5,5,Egyptian,b-59-850,False,10,4000,2,exp1_permuted_src_datasets
190,38.02603578567505,0.0,1734563499.8734848,,0.2594586908817291,1.0,0.001,1,16,40x40,MatchingNetwork,5,5,Egyptian,b-59-850,False,10,4000,2,exp1_permuted_src_datasets
191,38.07114386558533,0.0,1734563499.918593,,0.2781038284301758,1.0,0.001,1,16,40x40,MatchingNetwork,5,5,Egyptian,b-59-850,False,10,4000,2,exp1_permuted_src_datasets
192,43.563607931137085,0.0,1734563505.411057,0.88425,,,0.001,1,16,40x40,MatchingNetwork,5,5,Egyptian,b-59-850,False,10,4000,2,exp1_permuted_src_datasets
193,49.076186418533325,0.0,1734563510.9236355,0.88375,,,0.001,1,16,40x40,MatchingNetwork,5,5,Egyptian,b-59-850,False,10,4000,2,exp1_permuted_src_datasets
194,49.099567890167236,0.0,1734563510.947017,,0.20021410286426544,1.0,0.001,1,16,40x40,MatchingNetwork,5,5,Egyptian,b-59-850,False,10,4000,2,exp1_permuted_src_datasets
195,49.145394802093506,0.0,1734563510.9928439,,0.26591402292251587,1.0,0.001,1,16,40x40,MatchingNetwork,5,5,Egyptian,b-59-850,False,10,4000,2,exp1_permuted_src_datasets
196,49.19062566757202,0.0,1734563511.0380747,,0.2737595736980438,1.0,0.001,1,16,40x40,MatchingNetwork,5,5,Egyptian,b-59-850,False,10,4000,2,exp1_permuted_src_datasets
197,49.23653745651245,0.0,1734563511.0839865,,0.3068941831588745,1.0,0.001,1,16,40x40,MatchingNetwork,5,5,Egyptian,b-59-850,False,10,4000,2,exp1_permuted_src_datasets
198,49.280917167663574,0.0,1734563511.1283662,,0.2596000134944916,1.0,0.001,1,16,40x40,MatchingNetwork,5,5,Egyptian,b-59-850,False,10,4000,2,exp1_permuted_src_datasets
199,49.32710409164429,0.0,1734563511.1745532,,0.2688177525997162,1.0,0.001,1,16,40x40,MatchingNetwork,5,5,Egyptian,b-59-850,False,10,4000,2,exp1_permuted_src_datasets
200,49.37201404571533,0.0,1734563511.219463,,0.2550866901874542,1.0,0.001,1,16,40x40,MatchingNetwork,5,5,Egyptian,b-59-850,False,10,4000,2,exp1_permuted_src_datasets
201,49.417105197906494,0.0,1734563511.2645543,,0.24464388191699982,1.0,0.001,1,16,40x40,MatchingNetwork,5,5,Egyptian,b-59-850,False,10,4000,2,exp1_permuted_src_datasets
202,49.46126985549927,0.0,1734563511.308719,,0.24428203701972961,1.0,0.001,1,16,40x40,MatchingNetwork,5,5,Egyptian,b-59-850,False,10,4000,2,exp1_permuted_src_datasets
203,49.50590419769287,0.0,1734563511.3533533,,0.2715200185775757,1.0,0.001,1,16,40x40,MatchingNetwork,5,5,Egyptian,b-59-850,False,10,4000,2,exp1_permuted_src_datasets
204,49.5519905090332,0.0,1734563511.3994396,,0.2704315483570099,1.0,0.001,1,16,40x40,MatchingNetwork,5,5,Egyptian,b-59-850,False,10,4000,2,exp1_permuted_src_datasets
205,49.59925651550293,0.0,1734563511.4467056,,0.251471608877182,1.0,0.001,1,16,40x40,MatchingNetwork,5,5,Egyptian,b-59-850,False,10,4000,2,exp1_permuted_src_datasets
206,49.64375352859497,0.0,1734563511.4912026,,0.25783631205558777,1.0,0.001,1,16,40x40,MatchingNetwork,5,5,Egyptian,b-59-850,False,10,4000,2,exp1_permuted_src_datasets
207,49.687716007232666,0.0,1734563511.535165,,0.23019945621490479,1.0,0.001,1,16,40x40,MatchingNetwork,5,5,Egyptian,b-59-850,False,10,4000,2,exp1_permuted_src_datasets
208,49.73222255706787,0.0,1734563511.5796716,,0.29875853657722473,1.0,0.001,1,16,40x40,MatchingNetwork,5,5,Egyptian,b-59-850,False,10,4000,2,exp1_permuted_src_datasets
209,49.777987241744995,0.0,1734563511.6254363,,0.24736462533473969,1.0,0.001,1,16,40x40,MatchingNetwork,5,5,Egyptian,b-59-850,False,10,4000,2,exp1_permuted_src_datasets
210,49.823092222213745,0.0,1734563511.6705413,,0.25799480080604553,1.0,0.001,1,16,40x40,MatchingNetwork,5,5,Egyptian,b-59-850,False,10,4000,2,exp1_permuted_src_datasets
211,49.86817955970764,0.0,1734563511.7156286,,0.2354276478290558,1.0,0.001,1,16,40x40,MatchingNetwork,5,5,Egyptian,b-59-850,False,10,4000,2,exp1_permuted_src_datasets
212,49.91286873817444,0.0,1734563511.7603178,,0.21312806010246277,1.0,0.001,1,16,40x40,MatchingNetwork,5,5,Egyptian,b-59-850,False,10,4000,2,exp1_permuted_src_datasets
213,49.95778131484985,0.0,1734563511.8052304,,0.22093278169631958,1.0,0.001,1,16,40x40,MatchingNetwork,5,5,Egyptian,b-59-850,False,10,4000,2,exp1_permuted_src_datasets
214,50.003196477890015,0.0,1734563511.8506455,,0.22361329197883606,1.0,0.001,1,16,40x40,MatchingNetwork,5,5,Egyptian,b-59-850,False,10,4000,2,exp1_permuted_src_datasets
215,50.04764795303345,0.0,1734563511.895097,,0.25817641615867615,1.0,0.001,1,16,40x40,MatchingNetwork,5,5,Egyptian,b-59-850,False,10,4000,2,exp1_permuted_src_datasets
216,50.09187912940979,0.0,1734563511.9393282,,0.22371937334537506,1.0,0.001,1,16,40x40,MatchingNetwork,5,5,Egyptian,b-59-850,False,10,4000,2,exp1_permuted_src_datasets
217,50.137317419052124,0.0,1734563511.9847665,,0.2558213770389557,1.0,0.001,1,16,40x40,MatchingNetwork,5,5,Egyptian,b-59-850,False,10,4000,2,exp1_permuted_src_datasets
218,50.181466817855835,0.0,1734563512.028916,,0.2407136857509613,1.0,0.001,1,16,40x40,MatchingNetwork,5,5,Egyptian,b-59-850,False,10,4000,2,exp1_permuted_src_datasets
219,50.225576877593994,0.0,1734563512.073026,,0.254077285528183,1.0,0.001,1,16,40x40,MatchingNetwork,5,5,Egyptian,b-59-850,False,10,4000,2,exp1_permuted_src_datasets
220,50.2694296836853,0.0,1734563512.1168787,,0.27140817046165466,1.0,0.001,1,16,40x40,MatchingNetwork,5,5,Egyptian,b-59-850,False,10,4000,2,exp1_permuted_src_datasets
221,50.314807176589966,0.0,1734563512.1622562,,0.23789216578006744,1.0,0.001,1,16,40x40,MatchingNetwork,5,5,Egyptian,b-59-850,False,10,4000,2,exp1_permuted_src_datasets
222,50.360989570617676,0.0,1734563512.2084386,,0.24192652106285095,1.0,0.001,1,16,40x40,MatchingNetwork,5,5,Egyptian,b-59-850,False,10,4000,2,exp1_permuted_src_datasets
223,50.40705108642578,0.0,1734563512.2545002,,0.260901540517807,1.0,0.001,1,16,40x40,MatchingNetwork,5,5,Egyptian,b-59-850,False,10,4000,2,exp1_permuted_src_datasets
224,50.45147967338562,0.0,1734563512.2989287,,0.24721316993236542,1.0,0.001,1,16,40x40,MatchingNetwork,5,5,Egyptian,b-59-850,False,10,4000,2,exp1_permuted_src_datasets
225,50.49608612060547,0.0,1734563512.3435352,,0.22870808839797974,1.0,0.001,1,16,40x40,MatchingNetwork,5,5,Egyptian,b-59-850,False,10,4000,2,exp1_permuted_src_datasets
226,50.540178298950195,0.0,1734563512.3876274,,0.2717249095439911,1.0,0.001,1,16,40x40,MatchingNetwork,5,5,Egyptian,b-59-850,False,10,4000,2,exp1_permuted_src_datasets
227,50.58404493331909,0.0,1734563512.431494,,0.248860165476799,1.0,0.001,1,16,40x40,MatchingNetwork,5,5,Egyptian,b-59-850,False,10,4000,2,exp1_permuted_src_datasets
228,50.62803673744202,0.0,1734563512.4754858,,0.2446812093257904,1.0,0.001,1,16,40x40,MatchingNetwork,5,5,Egyptian,b-59-850,False,10,4000,2,exp1_permuted_src_datasets
229,50.67182779312134,0.0,1734563512.5192769,,0.2292199283838272,1.0,0.001,1,16,40x40,MatchingNetwork,5,5,Egyptian,b-59-850,False,10,4000,2,exp1_permuted_src_datasets
230,50.71580410003662,0.0,1734563512.5632532,,0.2648802399635315,1.0,0.001,1,16,40x40,MatchingNetwork,5,5,Egyptian,b-59-850,False,10,4000,2,exp1_permuted_src_datasets
231,50.75999116897583,0.0,1734563512.6074402,,0.21286901831626892,1.0,0.001,1,16,40x40,MatchingNetwork,5,5,Egyptian,b-59-850,False,10,4000,2,exp1_permuted_src_datasets
232,50.80397582054138,0.0,1734563512.651425,,0.2537803053855896,1.0,0.001,1,16,40x40,MatchingNetwork,5,5,Egyptian,b-59-850,False,10,4000,2,exp1_permuted_src_datasets
233,50.848299980163574,0.0,1734563512.695749,,0.23037020862102509,1.0,0.001,1,16,40x40,MatchingNetwork,5,5,Egyptian,b-59-850,False,10,4000,2,exp1_permuted_src_datasets
234,50.89203429222107,0.0,1734563512.7394834,,0.24202197790145874,1.0,0.001,1,16,40x40,MatchingNetwork,5,5,Egyptian,b-59-850,False,10,4000,2,exp1_permuted_src_datasets
235,50.93621277809143,0.0,1734563512.7836618,,0.2148146629333496,1.0,0.001,1,16,40x40,MatchingNetwork,5,5,Egyptian,b-59-850,False,10,4000,2,exp1_permuted_src_datasets
236,50.98033428192139,0.0,1734563512.8277833,,0.23780372738838196,1.0,0.001,1,16,40x40,MatchingNetwork,5,5,Egyptian,b-59-850,False,10,4000,2,exp1_permuted_src_datasets
237,51.02470636367798,0.0,1734563512.8721554,,0.3162221610546112,1.0,0.001,1,16,40x40,MatchingNetwork,5,5,Egyptian,b-59-850,False,10,4000,2,exp1_permuted_src_datasets
238,51.06858706474304,0.0,1734563512.9160361,,0.22789321839809418,1.0,0.001,1,16,40x40,MatchingNetwork,5,5,Egyptian,b-59-850,False,10,4000,2,exp1_permuted_src_datasets
239,51.11381959915161,0.0,1734563512.9612687,,0.25248023867607117,1.0,0.001,1,16,40x40,MatchingNetwork,5,5,Egyptian,b-59-850,False,10,4000,2,exp1_permuted_src_datasets
240,51.15677785873413,0.0,1734563513.004227,,0.26401737332344055,1.0,0.001,1,16,40x40,MatchingNetwork,5,5,Egyptian,b-59-850,False,10,4000,2,exp1_permuted_src_datasets
241,51.20018815994263,0.0,1734563513.0476372,,0.2610161602497101,1.0,0.001,1,16,40x40,MatchingNetwork,5,5,Egyptian,b-59-850,False,10,4000,2,exp1_permuted_src_datasets
242,51.245667457580566,0.0,1734563513.0931165,,0.29230180382728577,1.0,0.001,1,16,40x40,MatchingNetwork,5,5,Egyptian,b-59-850,False,10,4000,2,exp1_permuted_src_datasets
243,51.28989052772522,0.0,1734563513.1373396,,0.25081533193588257,1.0,0.001,1,16,40x40,MatchingNetwork,5,5,Egyptian,b-59-850,False,10,4000,2,exp1_permuted_src_datasets
244,51.334012269973755,0.0,1734563513.1814613,,0.23792622983455658,1.0,0.001,1,16,40x40,MatchingNetwork,5,5,Egyptian,b-59-850,False,10,4000,2,exp1_permuted_src_datasets
245,51.37881255149841,0.0,1734563513.2262616,,0.24693496525287628,1.0,0.001,1,16,40x40,MatchingNetwork,5,5,Egyptian,b-59-850,False,10,4000,2,exp1_permuted_src_datasets
246,51.424774169921875,0.0,1734563513.2722232,,0.20925067365169525,1.0,0.001,1,16,40x40,MatchingNetwork,5,5,Egyptian,b-59-850,False,10,4000,2,exp1_permuted_src_datasets
247,51.471614837646484,0.0,1734563513.319064,,0.20784907042980194,1.0,0.001,1,16,40x40,MatchingNetwork,5,5,Egyptian,b-59-850,False,10,4000,2,exp1_permuted_src_datasets
248,51.51588201522827,0.0,1734563513.363331,,0.27417469024658203,1.0,0.001,1,16,40x40,MatchingNetwork,5,5,Egyptian,b-59-850,False,10,4000,2,exp1_permuted_src_datasets
249,51.56007432937622,0.0,1734563513.4075234,,0.2223932147026062,1.0,0.001,1,16,40x40,MatchingNetwork,5,5,Egyptian,b-59-850,False,10,4000,2,exp1_permuted_src_datasets
250,51.60403108596802,0.0,1734563513.4514802,,0.28160610795021057,1.0,0.001,1,16,40x40,MatchingNetwork,5,5,Egyptian,b-59-850,False,10,4000,2,exp1_permuted_src_datasets
251,51.64992928504944,0.0,1734563513.4973783,,0.22246265411376953,1.0,0.001,1,16,40x40,MatchingNetwork,5,5,Egyptian,b-59-850,False,10,4000,2,exp1_permuted_src_datasets
252,51.6942343711853,0.0,1734563513.5416834,,0.2943642735481262,1.0,0.001,1,16,40x40,MatchingNetwork,5,5,Egyptian,b-59-850,False,10,4000,2,exp1_permuted_src_datasets
253,51.73888397216797,0.0,1734563513.586333,,0.24086755514144897,1.0,0.001,1,16,40x40,MatchingNetwork,5,5,Egyptian,b-59-850,False,10,4000,2,exp1_permuted_src_datasets
254,51.78283357620239,0.0,1734563513.6302826,,0.2221718728542328,1.0,0.001,1,16,40x40,MatchingNetwork,5,5,Egyptian,b-59-850,False,10,4000,2,exp1_permuted_src_datasets
255,51.82681965827942,0.0,1734563513.6742687,,0.23142670094966888,1.0,0.001,1,16,40x40,MatchingNetwork,5,5,Egyptian,b-59-850,False,10,4000,2,exp1_permuted_src_datasets
256,57.3943395614624,0.0,1734563519.2417886,0.8795,,,0.001,1,16,40x40,MatchingNetwork,5,5,Egyptian,b-59-850,False,10,4000,2,exp1_permuted_src_datasets
257,62.90138554573059,0.0,1734563524.7488346,0.8835,,,0.001,1,16,40x40,MatchingNetwork,5,5,Egyptian,b-59-850,False,10,4000,2,exp1_permuted_src_datasets
258,62.92432165145874,0.0,1734563524.7717707,,0.20419225096702576,1.0,0.001,1,16,40x40,MatchingNetwork,5,5,Egyptian,b-59-850,False,10,4000,2,exp1_permuted_src_datasets
259,62.96935248374939,0.0,1734563524.8168015,,0.22852851450443268,1.0,0.001,1,16,40x40,MatchingNetwork,5,5,Egyptian,b-59-850,False,10,4000,2,exp1_permuted_src_datasets
260,63.013360261917114,0.0,1734563524.8608093,,0.21871218085289001,1.0,0.001,1,16,40x40,MatchingNetwork,5,5,Egyptian,b-59-850,False,10,4000,2,exp1_permuted_src_datasets
261,63.057706356048584,0.0,1734563524.9051554,,0.23980391025543213,1.0,0.001,1,16,40x40,MatchingNetwork,5,5,Egyptian,b-59-850,False,10,4000,2,exp1_permuted_src_datasets
262,63.10187244415283,0.0,1734563524.9493215,,0.26392653584480286,1.0,0.001,1,16,40x40,MatchingNetwork,5,5,Egyptian,b-59-850,False,10,4000,2,exp1_permuted_src_datasets
263,63.14720010757446,0.0,1734563524.9946492,,0.2380409985780716,1.0,0.001,1,16,40x40,MatchingNetwork,5,5,Egyptian,b-59-850,False,10,4000,2,exp1_permuted_src_datasets
264,63.1947295665741,0.0,1734563525.0421786,,0.23313024640083313,1.0,0.001,1,16,40x40,MatchingNetwork,5,5,Egyptian,b-59-850,False,10,4000,2,exp1_permuted_src_datasets
265,63.23970556259155,0.0,1734563525.0871546,,0.2527807950973511,1.0,0.001,1,16,40x40,MatchingNetwork,5,5,Egyptian,b-59-850,False,10,4000,2,exp1_permuted_src_datasets
266,63.28381299972534,0.0,1734563525.131262,,0.24483482539653778,1.0,0.001,1,16,40x40,MatchingNetwork,5,5,Egyptian,b-59-850,False,10,4000,2,exp1_permuted_src_datasets
267,63.32763862609863,0.0,1734563525.1750877,,0.2563225030899048,1.0,0.001,1,16,40x40,MatchingNetwork,5,5,Egyptian,b-59-850,False,10,4000,2,exp1_permuted_src_datasets
268,63.37130832672119,0.0,1734563525.2187574,,0.2986750304698944,1.0,0.001,1,16,40x40,MatchingNetwork,5,5,Egyptian,b-59-850,False,10,4000,2,exp1_permuted_src_datasets
269,63.415777921676636,0.0,1734563525.263227,,0.23864620923995972,1.0,0.001,1,16,40x40,MatchingNetwork,5,5,Egyptian,b-59-850,False,10,4000,2,exp1_permuted_src_datasets
270,63.46002697944641,0.0,1734563525.307476,,0.27443456649780273,1.0,0.001,1,16,40x40,MatchingNetwork,5,5,Egyptian,b-59-850,False,10,4000,2,exp1_permuted_src_datasets
271,63.50317907333374,0.0,1734563525.3506281,,0.258794903755188,1.0,0.001,1,16,40x40,MatchingNetwork,5,5,Egyptian,b-59-850,False,10,4000,2,exp1_permuted_src_datasets
272,63.546963930130005,0.0,1734563525.394413,,0.24631166458129883,1.0,0.001,1,16,40x40,MatchingNetwork,5,5,Egyptian,b-59-850,False,10,4000,2,exp1_permuted_src_datasets
273,63.59106469154358,0.0,1734563525.4385138,,0.2335839569568634,1.0,0.001,1,16,40x40,MatchingNetwork,5,5,Egyptian,b-59-850,False,10,4000,2,exp1_permuted_src_datasets
274,63.63424563407898,0.0,1734563525.4816947,,0.23914900422096252,1.0,0.001,1,16,40x40,MatchingNetwork,5,5,Egyptian,b-59-850,False,10,4000,2,exp1_permuted_src_datasets
275,63.678393840789795,0.0,1734563525.525843,,0.22073380649089813,1.0,0.001,1,16,40x40,MatchingNetwork,5,5,Egyptian,b-59-850,False,10,4000,2,exp1_permuted_src_datasets
276,63.72246503829956,0.0,1734563525.569914,,0.26739758253097534,1.0,0.001,1,16,40x40,MatchingNetwork,5,5,Egyptian,b-59-850,False,10,4000,2,exp1_permuted_src_datasets
277,63.765684604644775,0.0,1734563525.6131337,,0.2504708170890808,1.0,0.001,1,16,40x40,MatchingNetwork,5,5,Egyptian,b-59-850,False,10,4000,2,exp1_permuted_src_datasets
278,63.8112998008728,0.0,1734563525.6587489,,0.2586369514465332,1.0,0.001,1,16,40x40,MatchingNetwork,5,5,Egyptian,b-59-850,False,10,4000,2,exp1_permuted_src_datasets
279,63.856016397476196,0.0,1734563525.7034655,,0.23949730396270752,1.0,0.001,1,16,40x40,MatchingNetwork,5,5,Egyptian,b-59-850,False,10,4000,2,exp1_permuted_src_datasets
280,63.900980949401855,0.0,1734563525.74843,,0.21603497862815857,1.0,0.001,1,16,40x40,MatchingNetwork,5,5,Egyptian,b-59-850,False,10,4000,2,exp1_permuted_src_datasets
281,63.9460129737854,0.0,1734563525.793462,,0.2074780911207199,1.0,0.001,1,16,40x40,MatchingNetwork,5,5,Egyptian,b-59-850,False,10,4000,2,exp1_permuted_src_datasets
282,63.99107360839844,0.0,1734563525.8385227,,0.23118583858013153,1.0,0.001,1,16,40x40,MatchingNetwork,5,5,Egyptian,b-59-850,False,10,4000,2,exp1_permuted_src_datasets
283,64.03582739830017,0.0,1734563525.8832765,,0.24800097942352295,1.0,0.001,1,16,40x40,MatchingNetwork,5,5,Egyptian,b-59-850,False,10,4000,2,exp1_permuted_src_datasets
284,64.08062672615051,0.0,1734563525.9280758,,0.22247473895549774,1.0,0.001,1,16,40x40,MatchingNetwork,5,5,Egyptian,b-59-850,False,10,4000,2,exp1_permuted_src_datasets
285,64.1254415512085,0.0,1734563525.9728906,,0.21997490525245667,1.0,0.001,1,16,40x40,MatchingNetwork,5,5,Egyptian,b-59-850,False,10,4000,2,exp1_permuted_src_datasets
286,64.17026257514954,0.0,1734563526.0177116,,0.22615249454975128,1.0,0.001,1,16,40x40,MatchingNetwork,5,5,Egyptian,b-59-850,False,10,4000,2,exp1_permuted_src_datasets
287,64.21535611152649,0.0,1734563526.0628052,,0.2149817794561386,1.0,0.001,1,16,40x40,MatchingNetwork,5,5,Egyptian,b-59-850,False,10,4000,2,exp1_permuted_src_datasets
288,64.26006150245667,0.0,1734563526.1075106,,0.24159714579582214,1.0,0.001,1,16,40x40,MatchingNetwork,5,5,Egyptian,b-59-850,False,10,4000,2,exp1_permuted_src_datasets
289,64.30508089065552,0.0,1734563526.15253,,0.2323065847158432,1.0,0.001,1,16,40x40,MatchingNetwork,5,5,Egyptian,b-59-850,False,10,4000,2,exp1_permuted_src_datasets
290,64.3503839969635,0.0,1734563526.197833,,0.22230859100818634,1.0,0.001,1,16,40x40,MatchingNetwork,5,5,Egyptian,b-59-850,False,10,4000,2,exp1_permuted_src_datasets
291,64.39511322975159,0.0,1734563526.2425623,,0.21317458152770996,1.0,0.001,1,16,40x40,MatchingNetwork,5,5,Egyptian,b-59-850,False,10,4000,2,exp1_permuted_src_datasets
292,64.43989491462708,0.0,1734563526.287344,,0.2600228786468506,1.0,0.001,1,16,40x40,MatchingNetwork,5,5,Egyptian,b-59-850,False,10,4000,2,exp1_permuted_src_datasets
293,64.48418760299683,0.0,1734563526.3316367,,0.2764819860458374,1.0,0.001,1,16,40x40,MatchingNetwork,5,5,Egyptian,b-59-850,False,10,4000,2,exp1_permuted_src_datasets
294,64.53033018112183,0.0,1734563526.3777792,,0.2572324573993683,1.0,0.001,1,16,40x40,MatchingNetwork,5,5,Egyptian,b-59-850,False,10,4000,2,exp1_permuted_src_datasets
295,64.5740077495575,0.0,1734563526.4214568,,0.21366648375988007,1.0,0.001,1,16,40x40,MatchingNetwork,5,5,Egyptian,b-59-850,False,10,4000,2,exp1_permuted_src_datasets
296,64.6189603805542,0.0,1734563526.4664094,,0.20906096696853638,1.0,0.001,1,16,40x40,MatchingNetwork,5,5,Egyptian,b-59-850,False,10,4000,2,exp1_permuted_src_datasets
297,64.66308927536011,0.0,1734563526.5105383,,0.2400490641593933,1.0,0.001,1,16,40x40,MatchingNetwork,5,5,Egyptian,b-59-850,False,10,4000,2,exp1_permuted_src_datasets
298,64.70800113677979,0.0,1734563526.5554502,,0.2833682596683502,1.0,0.001,1,16,40x40,MatchingNetwork,5,5,Egyptian,b-59-850,False,10,4000,2,exp1_permuted_src_datasets
299,64.75229334831238,0.0,1734563526.5997424,,0.22903893887996674,1.0,0.001,1,16,40x40,MatchingNetwork,5,5,Egyptian,b-59-850,False,10,4000,2,exp1_permuted_src_datasets
300,64.79635238647461,0.0,1734563526.6438015,,0.2401716411113739,1.0,0.001,1,16,40x40,MatchingNetwork,5,5,Egyptian,b-59-850,False,10,4000,2,exp1_permuted_src_datasets
301,64.84128499031067,0.0,1734563526.688734,,0.2514796257019043,1.0,0.001,1,16,40x40,MatchingNetwork,5,5,Egyptian,b-59-850,False,10,4000,2,exp1_permuted_src_datasets
302,64.88504981994629,0.0,1734563526.732499,,0.22676478326320648,1.0,0.001,1,16,40x40,MatchingNetwork,5,5,Egyptian,b-59-850,False,10,4000,2,exp1_permuted_src_datasets
303,64.93197703361511,0.0,1734563526.779426,,0.24762028455734253,1.0,0.001,1,16,40x40,MatchingNetwork,5,5,Egyptian,b-59-850,False,10,4000,2,exp1_permuted_src_datasets
304,64.976083278656,0.0,1734563526.8235323,,0.2623230516910553,1.0,0.001,1,16,40x40,MatchingNetwork,5,5,Egyptian,b-59-850,False,10,4000,2,exp1_permuted_src_datasets
305,65.02104115486145,0.0,1734563526.8684902,,0.21998797357082367,1.0,0.001,1,16,40x40,MatchingNetwork,5,5,Egyptian,b-59-850,False,10,4000,2,exp1_permuted_src_datasets
306,65.06617188453674,0.0,1734563526.913621,,0.22472459077835083,1.0,0.001,1,16,40x40,MatchingNetwork,5,5,Egyptian,b-59-850,False,10,4000,2,exp1_permuted_src_datasets
307,65.11063194274902,0.0,1734563526.958081,,0.23561164736747742,1.0,0.001,1,16,40x40,MatchingNetwork,5,5,Egyptian,b-59-850,False,10,4000,2,exp1_permuted_src_datasets
308,65.15432548522949,0.0,1734563527.0017745,,0.21166227757930756,1.0,0.001,1,16,40x40,MatchingNetwork,5,5,Egyptian,b-59-850,False,10,4000,2,exp1_permuted_src_datasets
309,65.19960761070251,0.0,1734563527.0470567,,0.2396276891231537,1.0,0.001,1,16,40x40,MatchingNetwork,5,5,Egyptian,b-59-850,False,10,4000,2,exp1_permuted_src_datasets
310,65.24430251121521,0.0,1734563527.0917516,,0.23586811125278473,1.0,0.001,1,16,40x40,MatchingNetwork,5,5,Egyptian,b-59-850,False,10,4000,2,exp1_permuted_src_datasets
311,65.28893566131592,0.0,1734563527.1363847,,0.20392517745494843,1.0,0.001,1,16,40x40,MatchingNetwork,5,5,Egyptian,b-59-850,False,10,4000,2,exp1_permuted_src_datasets
312,65.33353900909424,0.0,1734563527.180988,,0.20927803218364716,1.0,0.001,1,16,40x40,MatchingNetwork,5,5,Egyptian,b-59-850,False,10,4000,2,exp1_permuted_src_datasets
313,65.37788581848145,0.0,1734563527.225335,,0.25759780406951904,1.0,0.001,1,16,40x40,MatchingNetwork,5,5,Egyptian,b-59-850,False,10,4000,2,exp1_permuted_src_datasets
314,65.42200016975403,0.0,1734563527.2694492,,0.2476777583360672,1.0,0.001,1,16,40x40,MatchingNetwork,5,5,Egyptian,b-59-850,False,10,4000,2,exp1_permuted_src_datasets
315,65.467205286026,0.0,1734563527.3146544,,0.20813637971878052,1.0,0.001,1,16,40x40,MatchingNetwork,5,5,Egyptian,b-59-850,False,10,4000,2,exp1_permuted_src_datasets
316,65.51206612586975,0.0,1734563527.3595152,,0.21786773204803467,1.0,0.001,1,16,40x40,MatchingNetwork,5,5,Egyptian,b-59-850,False,10,4000,2,exp1_permuted_src_datasets
317,65.55752086639404,0.0,1734563527.40497,,0.2231203317642212,1.0,0.001,1,16,40x40,MatchingNetwork,5,5,Egyptian,b-59-850,False,10,4000,2,exp1_permuted_src_datasets
318,65.60461330413818,0.0,1734563527.4520624,,0.25231534242630005,1.0,0.001,1,16,40x40,MatchingNetwork,5,5,Egyptian,b-59-850,False,10,4000,2,exp1_permuted_src_datasets
319,65.64903974533081,0.0,1734563527.4964888,,0.25881367921829224,1.0,0.001,1,16,40x40,MatchingNetwork,5,5,Egyptian,b-59-850,False,10,4000,2,exp1_permuted_src_datasets
320,71.13246393203735,0.0,1734563532.979913,0.88125,,,0.001,1,16,40x40,MatchingNetwork,5,5,Egyptian,b-59-850,False,10,4000,2,exp1_permuted_src_datasets
321,76.60860872268677,0.0,1734563538.4560578,0.87975,,,0.001,1,16,40x40,MatchingNetwork,5,5,Egyptian,b-59-850,False,10,4000,2,exp1_permuted_src_datasets
322,76.6317229270935,0.0,1734563538.479172,,0.23200570046901703,1.0,0.001,1,16,40x40,MatchingNetwork,5,5,Egyptian,b-59-850,False,10,4000,2,exp1_permuted_src_datasets
323,76.67699384689331,0.0,1734563538.524443,,0.2400384247303009,1.0,0.001,1,16,40x40,MatchingNetwork,5,5,Egyptian,b-59-850,False,10,4000,2,exp1_permuted_src_datasets
324,76.72227144241333,0.0,1734563538.5697205,,0.23989644646644592,1.0,0.001,1,16,40x40,MatchingNetwork,5,5,Egyptian,b-59-850,False,10,4000,2,exp1_permuted_src_datasets
325,76.76809549331665,0.0,1734563538.6155446,,0.2635241448879242,1.0,0.001,1,16,40x40,MatchingNetwork,5,5,Egyptian,b-59-850,False,10,4000,2,exp1_permuted_src_datasets
326,76.81963038444519,0.0,1734563538.6670794,,0.2226259559392929,1.0,0.001,1,16,40x40,MatchingNetwork,5,5,Egyptian,b-59-850,False,10,4000,2,exp1_permuted_src_datasets
327,76.86385798454285,0.0,1734563538.711307,,0.20318472385406494,1.0,0.001,1,16,40x40,MatchingNetwork,5,5,Egyptian,b-59-850,False,10,4000,2,exp1_permuted_src_datasets
328,76.90898275375366,0.0,1734563538.7564318,,0.2210487574338913,1.0,0.001,1,16,40x40,MatchingNetwork,5,5,Egyptian,b-59-850,False,10,4000,2,exp1_permuted_src_datasets
329,76.95377373695374,0.0,1734563538.8012228,,0.23924244940280914,1.0,0.001,1,16,40x40,MatchingNetwork,5,5,Egyptian,b-59-850,False,10,4000,2,exp1_permuted_src_datasets
330,76.99859118461609,0.0,1734563538.8460402,,0.23589922487735748,1.0,0.001,1,16,40x40,MatchingNetwork,5,5,Egyptian,b-59-850,False,10,4000,2,exp1_permuted_src_datasets
331,77.04300284385681,0.0,1734563538.890452,,0.2324468195438385,1.0,0.001,1,16,40x40,MatchingNetwork,5,5,Egyptian,b-59-850,False,10,4000,2,exp1_permuted_src_datasets
332,77.087730884552,0.0,1734563538.93518,,0.26546669006347656,1.0,0.001,1,16,40x40,MatchingNetwork,5,5,Egyptian,b-59-850,False,10,4000,2,exp1_permuted_src_datasets
333,77.13389325141907,0.0,1734563538.9813423,,0.26941272616386414,1.0,0.001,1,16,40x40,MatchingNetwork,5,5,Egyptian,b-59-850,False,10,4000,2,exp1_permuted_src_datasets
334,77.18043231964111,0.0,1734563539.0278814,,0.24756360054016113,1.0,0.001,1,16,40x40,MatchingNetwork,5,5,Egyptian,b-59-850,False,10,4000,2,exp1_permuted_src_datasets
335,77.22619009017944,0.0,1734563539.0736392,,0.2689368426799774,1.0,0.001,1,16,40x40,MatchingNetwork,5,5,Egyptian,b-59-850,False,10,4000,2,exp1_permuted_src_datasets
336,77.27272439002991,0.0,1734563539.1201735,,0.1967562437057495,1.0,0.001,1,16,40x40,MatchingNetwork,5,5,Egyptian,b-59-850,False,10,4000,2,exp1_permuted_src_datasets
337,77.31885743141174,0.0,1734563539.1663065,,0.21960091590881348,1.0,0.001,1,16,40x40,MatchingNetwork,5,5,Egyptian,b-59-850,False,10,4000,2,exp1_permuted_src_datasets
338,77.36370205879211,0.0,1734563539.2111511,,0.2519513964653015,1.0,0.001,1,16,40x40,MatchingNetwork,5,5,Egyptian,b-59-850,False,10,4000,2,exp1_permuted_src_datasets
339,77.40873336791992,0.0,1734563539.2561824,,0.20704065263271332,1.0,0.001,1,16,40x40,MatchingNetwork,5,5,Egyptian,b-59-850,False,10,4000,2,exp1_permuted_src_datasets
340,77.45360064506531,0.0,1734563539.3010497,,0.26255908608436584,1.0,0.001,1,16,40x40,MatchingNetwork,5,5,Egyptian,b-59-850,False,10,4000,2,exp1_permuted_src_datasets
341,77.49818158149719,0.0,1734563539.3456306,,0.22833289206027985,1.0,0.001,1,16,40x40,MatchingNetwork,5,5,Egyptian,b-59-850,False,10,4000,2,exp1_permuted_src_datasets
342,77.54297208786011,0.0,1734563539.3904212,,0.24125488102436066,1.0,0.001,1,16,40x40,MatchingNetwork,5,5,Egyptian,b-59-850,False,10,4000,2,exp1_permuted_src_datasets
343,77.58713507652283,0.0,1734563539.4345841,,0.24427422881126404,1.0,0.001,1,16,40x40,MatchingNetwork,5,5,Egyptian,b-59-850,False,10,4000,2,exp1_permuted_src_datasets
344,77.6316819190979,0.0,1734563539.479131,,0.22472763061523438,1.0,0.001,1,16,40x40,MatchingNetwork,5,5,Egyptian,b-59-850,False,10,4000,2,exp1_permuted_src_datasets
345,77.67606925964355,0.0,1734563539.5235183,,0.27491888403892517,1.0,0.001,1,16,40x40,MatchingNetwork,5,5,Egyptian,b-59-850,False,10,4000,2,exp1_permuted_src_datasets
346,77.72064113616943,0.0,1734563539.5680902,,0.2585877478122711,1.0,0.001,1,16,40x40,MatchingNetwork,5,5,Egyptian,b-59-850,False,10,4000,2,exp1_permuted_src_datasets
347,77.7650682926178,0.0,1734563539.6125174,,0.27542954683303833,1.0,0.001,1,16,40x40,MatchingNetwork,5,5,Egyptian,b-59-850,False,10,4000,2,exp1_permuted_src_datasets
348,77.8093991279602,0.0,1734563539.6568482,,0.20590609312057495,1.0,0.001,1,16,40x40,MatchingNetwork,5,5,Egyptian,b-59-850,False,10,4000,2,exp1_permuted_src_datasets
349,77.8537847995758,0.0,1734563539.7012339,,0.229111447930336,1.0,0.001,1,16,40x40,MatchingNetwork,5,5,Egyptian,b-59-850,False,10,4000,2,exp1_permuted_src_datasets
350,77.89922261238098,0.0,1734563539.7466717,,0.25666332244873047,1.0,0.001,1,16,40x40,MatchingNetwork,5,5,Egyptian,b-59-850,False,10,4000,2,exp1_permuted_src_datasets
351,77.94379711151123,0.0,1734563539.7912462,,0.24898628890514374,1.0,0.001,1,16,40x40,MatchingNetwork,5,5,Egyptian,b-59-850,False,10,4000,2,exp1_permuted_src_datasets
352,77.98830270767212,0.0,1734563539.8357518,,0.21255984902381897,1.0,0.001,1,16,40x40,MatchingNetwork,5,5,Egyptian,b-59-850,False,10,4000,2,exp1_permuted_src_datasets
353,78.0324296951294,0.0,1734563539.8798788,,0.2344798445701599,1.0,0.001,1,16,40x40,MatchingNetwork,5,5,Egyptian,b-59-850,False,10,4000,2,exp1_permuted_src_datasets
354,78.07716250419617,0.0,1734563539.9246116,,0.24818389117717743,1.0,0.001,1,16,40x40,MatchingNetwork,5,5,Egyptian,b-59-850,False,10,4000,2,exp1_permuted_src_datasets
355,78.12177562713623,0.0,1734563539.9692247,,0.21434621512889862,1.0,0.001,1,16,40x40,MatchingNetwork,5,5,Egyptian,b-59-850,False,10,4000,2,exp1_permuted_src_datasets
356,78.1657989025116,0.0,1734563540.013248,,0.2167833149433136,1.0,0.001,1,16,40x40,MatchingNetwork,5,5,Egyptian,b-59-850,False,10,4000,2,exp1_permuted_src_datasets
357,78.21044397354126,0.0,1734563540.057893,,0.2300632894039154,1.0,0.001,1,16,40x40,MatchingNetwork,5,5,Egyptian,b-59-850,False,10,4000,2,exp1_permuted_src_datasets
358,78.2548623085022,0.0,1734563540.1023114,,0.21900855004787445,1.0,0.001,1,16,40x40,MatchingNetwork,5,5,Egyptian,b-59-850,False,10,4000,2,exp1_permuted_src_datasets
359,78.29945850372314,0.0,1734563540.1469076,,0.2611767053604126,1.0,0.001,1,16,40x40,MatchingNetwork,5,5,Egyptian,b-59-850,False,10,4000,2,exp1_permuted_src_datasets
360,78.34357023239136,0.0,1734563540.1910193,,0.22932296991348267,1.0,0.001,1,16,40x40,MatchingNetwork,5,5,Egyptian,b-59-850,False,10,4000,2,exp1_permuted_src_datasets
361,78.38798999786377,0.0,1734563540.235439,,0.24907435476779938,1.0,0.001,1,16,40x40,MatchingNetwork,5,5,Egyptian,b-59-850,False,10,4000,2,exp1_permuted_src_datasets
362,78.43304657936096,0.0,1734563540.2804956,,0.21863873302936554,1.0,0.001,1,16,40x40,MatchingNetwork,5,5,Egyptian,b-59-850,False,10,4000,2,exp1_permuted_src_datasets
363,78.4790587425232,0.0,1734563540.3265078,,0.21670949459075928,1.0,0.001,1,16,40x40,MatchingNetwork,5,5,Egyptian,b-59-850,False,10,4000,2,exp1_permuted_src_datasets
364,78.52351403236389,0.0,1734563540.370963,,0.25451430678367615,1.0,0.001,1,16,40x40,MatchingNetwork,5,5,Egyptian,b-59-850,False,10,4000,2,exp1_permuted_src_datasets
365,78.56836748123169,0.0,1734563540.4158165,,0.24992455542087555,1.0,0.001,1,16,40x40,MatchingNetwork,5,5,Egyptian,b-59-850,False,10,4000,2,exp1_permuted_src_datasets
366,78.6129879951477,0.0,1734563540.460437,,0.21811068058013916,1.0,0.001,1,16,40x40,MatchingNetwork,5,5,Egyptian,b-59-850,False,10,4000,2,exp1_permuted_src_datasets
367,78.65730357170105,0.0,1734563540.5047526,,0.2313915342092514,1.0,0.001,1,16,40x40,MatchingNetwork,5,5,Egyptian,b-59-850,False,10,4000,2,exp1_permuted_src_datasets
368,78.701828956604,0.0,1734563540.549278,,0.22574742138385773,1.0,0.001,1,16,40x40,MatchingNetwork,5,5,Egyptian,b-59-850,False,10,4000,2,exp1_permuted_src_datasets
369,78.74739909172058,0.0,1734563540.5948482,,0.26021042466163635,1.0,0.001,1,16,40x40,MatchingNetwork,5,5,Egyptian,b-59-850,False,10,4000,2,exp1_permuted_src_datasets
370,78.79163360595703,0.0,1734563540.6390827,,0.25010615587234497,1.0,0.001,1,16,40x40,MatchingNetwork,5,5,Egyptian,b-59-850,False,10,4000,2,exp1_permuted_src_datasets
371,78.83492231369019,0.0,1734563540.6823714,,0.24434468150138855,1.0,0.001,1,16,40x40,MatchingNetwork,5,5,Egyptian,b-59-850,False,10,4000,2,exp1_permuted_src_datasets
372,78.87923288345337,0.0,1734563540.726682,,0.2508494257926941,1.0,0.001,1,16,40x40,MatchingNetwork,5,5,Egyptian,b-59-850,False,10,4000,2,exp1_permuted_src_datasets
373,78.92304158210754,0.0,1734563540.7704906,,0.2179839164018631,1.0,0.001,1,16,40x40,MatchingNetwork,5,5,Egyptian,b-59-850,False,10,4000,2,exp1_permuted_src_datasets
374,78.9688241481781,0.0,1734563540.8162732,,0.24848899245262146,1.0,0.001,1,16,40x40,MatchingNetwork,5,5,Egyptian,b-59-850,False,10,4000,2,exp1_permuted_src_datasets
375,79.01371145248413,0.0,1734563540.8611605,,0.2393375039100647,1.0,0.001,1,16,40x40,MatchingNetwork,5,5,Egyptian,b-59-850,False,10,4000,2,exp1_permuted_src_datasets
376,79.0590136051178,0.0,1734563540.9064627,,0.2303638756275177,1.0,0.001,1,16,40x40,MatchingNetwork,5,5,Egyptian,b-59-850,False,10,4000,2,exp1_permuted_src_datasets
377,79.10371994972229,0.0,1734563540.951169,,0.24126334488391876,1.0,0.001,1,16,40x40,MatchingNetwork,5,5,Egyptian,b-59-850,False,10,4000,2,exp1_permuted_src_datasets
378,79.14847779273987,0.0,1734563540.9959269,,0.25952407717704773,1.0,0.001,1,16,40x40,MatchingNetwork,5,5,Egyptian,b-59-850,False,10,4000,2,exp1_permuted_src_datasets
379,79.1931324005127,0.0,1734563541.0405815,,0.2152925580739975,1.0,0.001,1,16,40x40,MatchingNetwork,5,5,Egyptian,b-59-850,False,10,4000,2,exp1_permuted_src_datasets
380,79.23820114135742,0.0,1734563541.0856502,,0.24752458930015564,1.0,0.001,1,16,40x40,MatchingNetwork,5,5,Egyptian,b-59-850,False,10,4000,2,exp1_permuted_src_datasets
381,79.28273248672485,0.0,1734563541.1301816,,0.20848341286182404,1.0,0.001,1,16,40x40,MatchingNetwork,5,5,Egyptian,b-59-850,False,10,4000,2,exp1_permuted_src_datasets
382,79.32732057571411,0.0,1734563541.1747696,,0.22605614364147186,1.0,0.001,1,16,40x40,MatchingNetwork,5,5,Egyptian,b-59-850,False,10,4000,2,exp1_permuted_src_datasets
383,79.37177586555481,0.0,1734563541.219225,,0.2739398777484894,1.0,0.001,1,16,40x40,MatchingNetwork,5,5,Egyptian,b-59-850,False,10,4000,2,exp1_permuted_src_datasets
384,84.90958547592163,0.0,1734563546.7570345,0.8835,,,0.001,1,16,40x40,MatchingNetwork,5,5,Egyptian,b-59-850,False,10,4000,2,exp1_permuted_src_datasets
385,90.41459465026855,0.0,1734563552.2620437,0.88725,,,0.001,1,16,40x40,MatchingNetwork,5,5,Egyptian,b-59-850,False,10,4000,2,exp1_permuted_src_datasets
386,90.43777370452881,0.0,1734563552.2852228,,0.22392210364341736,1.0,0.001,1,16,40x40,MatchingNetwork,5,5,Egyptian,b-59-850,False,10,4000,2,exp1_permuted_src_datasets
387,90.48309850692749,0.0,1734563552.3305476,,0.21418805420398712,1.0,0.001,1,16,40x40,MatchingNetwork,5,5,Egyptian,b-59-850,False,10,4000,2,exp1_permuted_src_datasets
388,90.53048896789551,0.0,1734563552.377938,,0.22069674730300903,1.0,0.001,1,16,40x40,MatchingNetwork,5,5,Egyptian,b-59-850,False,10,4000,2,exp1_permuted_src_datasets
389,90.57690072059631,0.0,1734563552.4243498,,0.23075655102729797,1.0,0.001,1,16,40x40,MatchingNetwork,5,5,Egyptian,b-59-850,False,10,4000,2,exp1_permuted_src_datasets
390,90.62360715866089,0.0,1734563552.4710562,,0.22090190649032593,1.0,0.001,1,16,40x40,MatchingNetwork,5,5,Egyptian,b-59-850,False,10,4000,2,exp1_permuted_src_datasets
391,90.66764402389526,0.0,1734563552.515093,,0.254374235868454,1.0,0.001,1,16,40x40,MatchingNetwork,5,5,Egyptian,b-59-850,False,10,4000,2,exp1_permuted_src_datasets
392,90.71216154098511,0.0,1734563552.5596106,,0.25418370962142944,1.0,0.001,1,16,40x40,MatchingNetwork,5,5,Egyptian,b-59-850,False,10,4000,2,exp1_permuted_src_datasets
393,90.75657725334167,0.0,1734563552.6040263,,0.20801591873168945,1.0,0.001,1,16,40x40,MatchingNetwork,5,5,Egyptian,b-59-850,False,10,4000,2,exp1_permuted_src_datasets
394,90.80187106132507,0.0,1734563552.6493201,,0.2697542607784271,1.0,0.001,1,16,40x40,MatchingNetwork,5,5,Egyptian,b-59-850,False,10,4000,2,exp1_permuted_src_datasets
395,90.84687089920044,0.0,1734563552.69432,,0.23392201960086823,1.0,0.001,1,16,40x40,MatchingNetwork,5,5,Egyptian,b-59-850,False,10,4000,2,exp1_permuted_src_datasets
396,90.89131164550781,0.0,1734563552.7387607,,0.20633020997047424,1.0,0.001,1,16,40x40,MatchingNetwork,5,5,Egyptian,b-59-850,False,10,4000,2,exp1_permuted_src_datasets
397,90.93646907806396,0.0,1734563552.7839181,,0.27836546301841736,1.0,0.001,1,16,40x40,MatchingNetwork,5,5,Egyptian,b-59-850,False,10,4000,2,exp1_permuted_src_datasets
398,90.98098182678223,0.0,1734563552.828431,,0.20639322698116302,1.0,0.001,1,16,40x40,MatchingNetwork,5,5,Egyptian,b-59-850,False,10,4000,2,exp1_permuted_src_datasets
399,91.02500939369202,0.0,1734563552.8724585,,0.21020296216011047,1.0,0.001,1,16,40x40,MatchingNetwork,5,5,Egyptian,b-59-850,False,10,4000,2,exp1_permuted_src_datasets
400,91.06862807273865,0.0,1734563552.9160771,,0.22667954862117767,1.0,0.001,1,16,40x40,MatchingNetwork,5,5,Egyptian,b-59-850,False,10,4000,2,exp1_permuted_src_datasets
401,91.11405205726624,0.0,1734563552.9615011,,0.2292923927307129,1.0,0.001,1,16,40x40,MatchingNetwork,5,5,Egyptian,b-59-850,False,10,4000,2,exp1_permuted_src_datasets
402,91.15878486633301,0.0,1734563553.006234,,0.23710091412067413,1.0,0.001,1,16,40x40,MatchingNetwork,5,5,Egyptian,b-59-850,False,10,4000,2,exp1_permuted_src_datasets
403,91.20409345626831,0.0,1734563553.0515425,,0.2369239628314972,1.0,0.001,1,16,40x40,MatchingNetwork,5,5,Egyptian,b-59-850,False,10,4000,2,exp1_permuted_src_datasets
404,91.24851655960083,0.0,1734563553.0959656,,0.2432543933391571,1.0,0.001,1,16,40x40,MatchingNetwork,5,5,Egyptian,b-59-850,False,10,4000,2,exp1_permuted_src_datasets
405,91.29318165779114,0.0,1734563553.1406307,,0.20257441699504852,1.0,0.001,1,16,40x40,MatchingNetwork,5,5,Egyptian,b-59-850,False,10,4000,2,exp1_permuted_src_datasets
406,91.33740782737732,0.0,1734563553.184857,,0.20623786747455597,1.0,0.001,1,16,40x40,MatchingNetwork,5,5,Egyptian,b-59-850,False,10,4000,2,exp1_permuted_src_datasets
407,91.38207483291626,0.0,1734563553.229524,,0.24696171283721924,1.0,0.001,1,16,40x40,MatchingNetwork,5,5,Egyptian,b-59-850,False,10,4000,2,exp1_permuted_src_datasets
408,91.42657685279846,0.0,1734563553.274026,,0.20229293406009674,1.0,0.001,1,16,40x40,MatchingNetwork,5,5,Egyptian,b-59-850,False,10,4000,2,exp1_permuted_src_datasets
409,91.4729597568512,0.0,1734563553.3204088,,0.251583456993103,1.0,0.001,1,16,40x40,MatchingNetwork,5,5,Egyptian,b-59-850,False,10,4000,2,exp1_permuted_src_datasets
410,91.51767301559448,0.0,1734563553.365122,,0.2454397827386856,1.0,0.001,1,16,40x40,MatchingNetwork,5,5,Egyptian,b-59-850,False,10,4000,2,exp1_permuted_src_datasets
411,91.56219744682312,0.0,1734563553.4096465,,0.24269624054431915,1.0,0.001,1,16,40x40,MatchingNetwork,5,5,Egyptian,b-59-850,False,10,4000,2,exp1_permuted_src_datasets
412,91.60757303237915,0.0,1734563553.455022,,0.24399539828300476,1.0,0.001,1,16,40x40,MatchingNetwork,5,5,Egyptian,b-59-850,False,10,4000,2,exp1_permuted_src_datasets
413,91.65198254585266,0.0,1734563553.4994316,,0.20269688963890076,1.0,0.001,1,16,40x40,MatchingNetwork,5,5,Egyptian,b-59-850,False,10,4000,2,exp1_permuted_src_datasets
414,91.69703674316406,0.0,1734563553.5444858,,0.2410486936569214,1.0,0.001,1,16,40x40,MatchingNetwork,5,5,Egyptian,b-59-850,False,10,4000,2,exp1_permuted_src_datasets
415,91.74228882789612,0.0,1734563553.589738,,0.2373824119567871,1.0,0.001,1,16,40x40,MatchingNetwork,5,5,Egyptian,b-59-850,False,10,4000,2,exp1_permuted_src_datasets
416,91.78597927093506,0.0,1734563553.6334283,,0.20528271794319153,1.0,0.001,1,16,40x40,MatchingNetwork,5,5,Egyptian,b-59-850,False,10,4000,2,exp1_permuted_src_datasets
417,91.82972455024719,0.0,1734563553.6771736,,0.2724509537220001,1.0,0.001,1,16,40x40,MatchingNetwork,5,5,Egyptian,b-59-850,False,10,4000,2,exp1_permuted_src_datasets
418,91.87343335151672,0.0,1734563553.7208824,,0.20636193454265594,1.0,0.001,1,16,40x40,MatchingNetwork,5,5,Egyptian,b-59-850,False,10,4000,2,exp1_permuted_src_datasets
419,91.91852879524231,0.0,1734563553.7659779,,0.2654995918273926,1.0,0.001,1,16,40x40,MatchingNetwork,5,5,Egyptian,b-59-850,False,10,4000,2,exp1_permuted_src_datasets
420,91.9625403881073,0.0,1734563553.8099895,,0.22209778428077698,1.0,0.001,1,16,40x40,MatchingNetwork,5,5,Egyptian,b-59-850,False,10,4000,2,exp1_permuted_src_datasets
421,92.00718331336975,0.0,1734563553.8546324,,0.20491094887256622,1.0,0.001,1,16,40x40,MatchingNetwork,5,5,Egyptian,b-59-850,False,10,4000,2,exp1_permuted_src_datasets
422,92.052725315094,0.0,1734563553.9001744,,0.2512110471725464,1.0,0.001,1,16,40x40,MatchingNetwork,5,5,Egyptian,b-59-850,False,10,4000,2,exp1_permuted_src_datasets
423,92.09734225273132,0.0,1734563553.9447913,,0.2526560127735138,1.0,0.001,1,16,40x40,MatchingNetwork,5,5,Egyptian,b-59-850,False,10,4000,2,exp1_permuted_src_datasets
424,92.14275360107422,0.0,1734563553.9902027,,0.22710293531417847,1.0,0.001,1,16,40x40,MatchingNetwork,5,5,Egyptian,b-59-850,False,10,4000,2,exp1_permuted_src_datasets
425,92.18752026557922,0.0,1734563554.0349693,,0.2469477355480194,1.0,0.001,1,16,40x40,MatchingNetwork,5,5,Egyptian,b-59-850,False,10,4000,2,exp1_permuted_src_datasets
426,92.2318844795227,0.0,1734563554.0793335,,0.25515785813331604,1.0,0.001,1,16,40x40,MatchingNetwork,5,5,Egyptian,b-59-850,False,10,4000,2,exp1_permuted_src_datasets
427,92.2758526802063,0.0,1734563554.1233017,,0.26551371812820435,1.0,0.001,1,16,40x40,MatchingNetwork,5,5,Egyptian,b-59-850,False,10,4000,2,exp1_permuted_src_datasets
428,92.31998419761658,0.0,1734563554.1674333,,0.2300466001033783,1.0,0.001,1,16,40x40,MatchingNetwork,5,5,Egyptian,b-59-850,False,10,4000,2,exp1_permuted_src_datasets
429,92.36408758163452,0.0,1734563554.2115366,,0.19849440455436707,1.0,0.001,1,16,40x40,MatchingNetwork,5,5,Egyptian,b-59-850,False,10,4000,2,exp1_permuted_src_datasets
430,92.40848755836487,0.0,1734563554.2559366,,0.24181675910949707,1.0,0.001,1,16,40x40,MatchingNetwork,5,5,Egyptian,b-59-850,False,10,4000,2,exp1_permuted_src_datasets
431,92.45291328430176,0.0,1734563554.3003623,,0.23191915452480316,1.0,0.001,1,16,40x40,MatchingNetwork,5,5,Egyptian,b-59-850,False,10,4000,2,exp1_permuted_src_datasets
432,92.4962830543518,0.0,1734563554.343732,,0.20864197611808777,1.0,0.001,1,16,40x40,MatchingNetwork,5,5,Egyptian,b-59-850,False,10,4000,2,exp1_permuted_src_datasets
433,92.53993368148804,0.0,1734563554.3873827,,0.279390424489975,1.0,0.001,1,16,40x40,MatchingNetwork,5,5,Egyptian,b-59-850,False,10,4000,2,exp1_permuted_src_datasets
434,92.58349013328552,0.0,1734563554.4309392,,0.21158510446548462,1.0,0.001,1,16,40x40,MatchingNetwork,5,5,Egyptian,b-59-850,False,10,4000,2,exp1_permuted_src_datasets
435,92.62803268432617,0.0,1734563554.4754817,,0.24659113585948944,1.0,0.001,1,16,40x40,MatchingNetwork,5,5,Egyptian,b-59-850,False,10,4000,2,exp1_permuted_src_datasets
436,92.67248034477234,0.0,1734563554.5199294,,0.22964705526828766,1.0,0.001,1,16,40x40,MatchingNetwork,5,5,Egyptian,b-59-850,False,10,4000,2,exp1_permuted_src_datasets
437,92.71692728996277,0.0,1734563554.5643764,,0.2223130315542221,1.0,0.001,1,16,40x40,MatchingNetwork,5,5,Egyptian,b-59-850,False,10,4000,2,exp1_permuted_src_datasets
438,92.76070618629456,0.0,1734563554.6081553,,0.24399080872535706,1.0,0.001,1,16,40x40,MatchingNetwork,5,5,Egyptian,b-59-850,False,10,4000,2,exp1_permuted_src_datasets
439,92.80477285385132,0.0,1734563554.652222,,0.24422025680541992,1.0,0.001,1,16,40x40,MatchingNetwork,5,5,Egyptian,b-59-850,False,10,4000,2,exp1_permuted_src_datasets
440,92.84881353378296,0.0,1734563554.6962626,,0.24096277356147766,1.0,0.001,1,16,40x40,MatchingNetwork,5,5,Egyptian,b-59-850,False,10,4000,2,exp1_permuted_src_datasets
441,92.89300012588501,0.0,1734563554.7404492,,0.2167639434337616,1.0,0.001,1,16,40x40,MatchingNetwork,5,5,Egyptian,b-59-850,False,10,4000,2,exp1_permuted_src_datasets
442,92.93673586845398,0.0,1734563554.784185,,0.20105603337287903,1.0,0.001,1,16,40x40,MatchingNetwork,5,5,Egyptian,b-59-850,False,10,4000,2,exp1_permuted_src_datasets
443,92.98187208175659,0.0,1734563554.8293211,,0.21540841460227966,1.0,0.001,1,16,40x40,MatchingNetwork,5,5,Egyptian,b-59-850,False,10,4000,2,exp1_permuted_src_datasets
444,93.02898240089417,0.0,1734563554.8764315,,0.24026671051979065,1.0,0.001,1,16,40x40,MatchingNetwork,5,5,Egyptian,b-59-850,False,10,4000,2,exp1_permuted_src_datasets
445,93.07304644584656,0.0,1734563554.9204955,,0.24357545375823975,1.0,0.001,1,16,40x40,MatchingNetwork,5,5,Egyptian,b-59-850,False,10,4000,2,exp1_permuted_src_datasets
446,93.11860299110413,0.0,1734563554.966052,,0.31316304206848145,1.0,0.001,1,16,40x40,MatchingNetwork,5,5,Egyptian,b-59-850,False,10,4000,2,exp1_permuted_src_datasets
447,93.16318082809448,0.0,1734563555.01063,,0.19321268796920776,1.0,0.001,1,16,40x40,MatchingNetwork,5,5,Egyptian,b-59-850,False,10,4000,2,exp1_permuted_src_datasets
448,98.6813645362854,0.0,1734563560.5288136,0.8775,,,0.001,1,16,40x40,MatchingNetwork,5,5,Egyptian,b-59-850,False,10,4000,2,exp1_permuted_src_datasets
449,104.07739639282227,0.0,1734563565.9248455,0.886,,,0.001,1,16,40x40,MatchingNetwork,5,5,Egyptian,b-59-850,False,10,4000,2,exp1_permuted_src_datasets
450,104.10436844825745,0.0,1734563565.9518175,,0.24259412288665771,1.0,0.001,1,16,40x40,MatchingNetwork,5,5,Egyptian,b-59-850,False,10,4000,2,exp1_permuted_src_datasets
451,104.15060544013977,0.0,1734563565.9980545,,0.20313262939453125,1.0,0.001,1,16,40x40,MatchingNetwork,5,5,Egyptian,b-59-850,False,10,4000,2,exp1_permuted_src_datasets
452,104.19591569900513,0.0,1734563566.0433648,,0.23153644800186157,1.0,0.001,1,16,40x40,MatchingNetwork,5,5,Egyptian,b-59-850,False,10,4000,2,exp1_permuted_src_datasets
453,104.24122905731201,0.0,1734563566.0886781,,0.2652241587638855,1.0,0.001,1,16,40x40,MatchingNetwork,5,5,Egyptian,b-59-850,False,10,4000,2,exp1_permuted_src_datasets
454,104.28571581840515,0.0,1734563566.133165,,0.26147639751434326,1.0,0.001,1,16,40x40,MatchingNetwork,5,5,Egyptian,b-59-850,False,10,4000,2,exp1_permuted_src_datasets
455,104.33036494255066,0.0,1734563566.177814,,0.2400495707988739,1.0,0.001,1,16,40x40,MatchingNetwork,5,5,Egyptian,b-59-850,False,10,4000,2,exp1_permuted_src_datasets
456,104.37503552436829,0.0,1734563566.2224846,,0.22453902661800385,1.0,0.001,1,16,40x40,MatchingNetwork,5,5,Egyptian,b-59-850,False,10,4000,2,exp1_permuted_src_datasets
457,104.4207968711853,0.0,1734563566.268246,,0.22307029366493225,1.0,0.001,1,16,40x40,MatchingNetwork,5,5,Egyptian,b-59-850,False,10,4000,2,exp1_permuted_src_datasets
458,104.46886587142944,0.0,1734563566.316315,,0.2676682770252228,1.0,0.001,1,16,40x40,MatchingNetwork,5,5,Egyptian,b-59-850,False,10,4000,2,exp1_permuted_src_datasets
459,104.5128173828125,0.0,1734563566.3602664,,0.23534482717514038,1.0,0.001,1,16,40x40,MatchingNetwork,5,5,Egyptian,b-59-850,False,10,4000,2,exp1_permuted_src_datasets
460,104.55681777000427,0.0,1734563566.4042668,,0.19610725343227386,1.0,0.001,1,16,40x40,MatchingNetwork,5,5,Egyptian,b-59-850,False,10,4000,2,exp1_permuted_src_datasets
461,104.60068321228027,0.0,1734563566.4481323,,0.24971690773963928,1.0,0.001,1,16,40x40,MatchingNetwork,5,5,Egyptian,b-59-850,False,10,4000,2,exp1_permuted_src_datasets
462,104.64488911628723,0.0,1734563566.4923382,,0.22276178002357483,1.0,0.001,1,16,40x40,MatchingNetwork,5,5,Egyptian,b-59-850,False,10,4000,2,exp1_permuted_src_datasets
463,104.68905830383301,0.0,1734563566.5365074,,0.22100892663002014,1.0,0.001,1,16,40x40,MatchingNetwork,5,5,Egyptian,b-59-850,False,10,4000,2,exp1_permuted_src_datasets
464,104.73331308364868,0.0,1734563566.5807621,,0.22225818037986755,1.0,0.001,1,16,40x40,MatchingNetwork,5,5,Egyptian,b-59-850,False,10,4000,2,exp1_permuted_src_datasets
465,104.7769844532013,0.0,1734563566.6244335,,0.21094977855682373,1.0,0.001,1,16,40x40,MatchingNetwork,5,5,Egyptian,b-59-850,False,10,4000,2,exp1_permuted_src_datasets
466,104.8210780620575,0.0,1734563566.6685271,,0.23892012238502502,1.0,0.001,1,16,40x40,MatchingNetwork,5,5,Egyptian,b-59-850,False,10,4000,2,exp1_permuted_src_datasets
467,104.86461424827576,0.0,1734563566.7120633,,0.2366143763065338,1.0,0.001,1,16,40x40,MatchingNetwork,5,5,Egyptian,b-59-850,False,10,4000,2,exp1_permuted_src_datasets
468,104.90958070755005,0.0,1734563566.7570298,,0.2355421632528305,1.0,0.001,1,16,40x40,MatchingNetwork,5,5,Egyptian,b-59-850,False,10,4000,2,exp1_permuted_src_datasets
469,104.95306253433228,0.0,1734563566.8005116,,0.23029445111751556,1.0,0.001,1,16,40x40,MatchingNetwork,5,5,Egyptian,b-59-850,False,10,4000,2,exp1_permuted_src_datasets
470,104.99701642990112,0.0,1734563566.8444655,,0.21840600669384003,1.0,0.001,1,16,40x40,MatchingNetwork,5,5,Egyptian,b-59-850,False,10,4000,2,exp1_permuted_src_datasets
471,105.04095673561096,0.0,1734563566.8884058,,0.21108660101890564,1.0,0.001,1,16,40x40,MatchingNetwork,5,5,Egyptian,b-59-850,False,10,4000,2,exp1_permuted_src_datasets
472,105.08475399017334,0.0,1734563566.932203,,0.19064238667488098,1.0,0.001,1,16,40x40,MatchingNetwork,5,5,Egyptian,b-59-850,False,10,4000,2,exp1_permuted_src_datasets
473,105.13028073310852,0.0,1734563566.9777298,,0.23390686511993408,1.0,0.001,1,16,40x40,MatchingNetwork,5,5,Egyptian,b-59-850,False,10,4000,2,exp1_permuted_src_datasets
474,105.17425775527954,0.0,1734563567.0217068,,0.26322945952415466,1.0,0.001,1,16,40x40,MatchingNetwork,5,5,Egyptian,b-59-850,False,10,4000,2,exp1_permuted_src_datasets
475,105.21792459487915,0.0,1734563567.0653737,,0.23964667320251465,1.0,0.001,1,16,40x40,MatchingNetwork,5,5,Egyptian,b-59-850,False,10,4000,2,exp1_permuted_src_datasets
476,105.2630307674408,0.0,1734563567.1104798,,0.2038726955652237,1.0,0.001,1,16,40x40,MatchingNetwork,5,5,Egyptian,b-59-850,False,10,4000,2,exp1_permuted_src_datasets
477,105.30710625648499,0.0,1734563567.1545553,,0.19632986187934875,1.0,0.001,1,16,40x40,MatchingNetwork,5,5,Egyptian,b-59-850,False,10,4000,2,exp1_permuted_src_datasets
478,105.35132455825806,0.0,1734563567.1987736,,0.219538152217865,1.0,0.001,1,16,40x40,MatchingNetwork,5,5,Egyptian,b-59-850,False,10,4000,2,exp1_permuted_src_datasets
479,105.39551091194153,0.0,1734563567.24296,,0.20100735127925873,1.0,0.001,1,16,40x40,MatchingNetwork,5,5,Egyptian,b-59-850,False,10,4000,2,exp1_permuted_src_datasets
480,105.43981504440308,0.0,1734563567.287264,,0.24075499176979065,1.0,0.001,1,16,40x40,MatchingNetwork,5,5,Egyptian,b-59-850,False,10,4000,2,exp1_permuted_src_datasets
481,105.48522424697876,0.0,1734563567.3326733,,0.2421741783618927,1.0,0.001,1,16,40x40,MatchingNetwork,5,5,Egyptian,b-59-850,False,10,4000,2,exp1_permuted_src_datasets
482,105.53103065490723,0.0,1734563567.3784797,,0.19446974992752075,1.0,0.001,1,16,40x40,MatchingNetwork,5,5,Egyptian,b-59-850,False,10,4000,2,exp1_permuted_src_datasets
483,105.57474303245544,0.0,1734563567.422192,,0.21933557093143463,1.0,0.001,1,16,40x40,MatchingNetwork,5,5,Egyptian,b-59-850,False,10,4000,2,exp1_permuted_src_datasets
484,105.61971926689148,0.0,1734563567.4671683,,0.25186553597450256,1.0,0.001,1,16,40x40,MatchingNetwork,5,5,Egyptian,b-59-850,False,10,4000,2,exp1_permuted_src_datasets
485,105.66368746757507,0.0,1734563567.5111365,,0.22403061389923096,1.0,0.001,1,16,40x40,MatchingNetwork,5,5,Egyptian,b-59-850,False,10,4000,2,exp1_permuted_src_datasets
486,105.7076644897461,0.0,1734563567.5551136,,0.2600928544998169,1.0,0.001,1,16,40x40,MatchingNetwork,5,5,Egyptian,b-59-850,False,10,4000,2,exp1_permuted_src_datasets
487,105.75190711021423,0.0,1734563567.5993562,,0.24872176349163055,1.0,0.001,1,16,40x40,MatchingNetwork,5,5,Egyptian,b-59-850,False,10,4000,2,exp1_permuted_src_datasets
488,105.7962429523468,0.0,1734563567.643692,,0.2241911143064499,1.0,0.001,1,16,40x40,MatchingNetwork,5,5,Egyptian,b-59-850,False,10,4000,2,exp1_permuted_src_datasets
489,105.83991742134094,0.0,1734563567.6873665,,0.21593697369098663,1.0,0.001,1,16,40x40,MatchingNetwork,5,5,Egyptian,b-59-850,False,10,4000,2,exp1_permuted_src_datasets
490,105.88351440429688,0.0,1734563567.7309635,,0.2521015703678131,1.0,0.001,1,16,40x40,MatchingNetwork,5,5,Egyptian,b-59-850,False,10,4000,2,exp1_permuted_src_datasets
491,105.92849850654602,0.0,1734563567.7759476,,0.2643852233886719,1.0,0.001,1,16,40x40,MatchingNetwork,5,5,Egyptian,b-59-850,False,10,4000,2,exp1_permuted_src_datasets
492,105.97236180305481,0.0,1734563567.8198109,,0.21978268027305603,1.0,0.001,1,16,40x40,MatchingNetwork,5,5,Egyptian,b-59-850,False,10,4000,2,exp1_permuted_src_datasets
493,106.01590728759766,0.0,1734563567.8633564,,0.20282988250255585,1.0,0.001,1,16,40x40,MatchingNetwork,5,5,Egyptian,b-59-850,False,10,4000,2,exp1_permuted_src_datasets
494,106.05994296073914,0.0,1734563567.907392,,0.24599751830101013,1.0,0.001,1,16,40x40,MatchingNetwork,5,5,Egyptian,b-59-850,False,10,4000,2,exp1_permuted_src_datasets
495,106.1037073135376,0.0,1734563567.9511564,,0.2523609697818756,1.0,0.001,1,16,40x40,MatchingNetwork,5,5,Egyptian,b-59-850,False,10,4000,2,exp1_permuted_src_datasets
496,106.14950275421143,0.0,1734563567.9969518,,0.2500888705253601,1.0,0.001,1,16,40x40,MatchingNetwork,5,5,Egyptian,b-59-850,False,10,4000,2,exp1_permuted_src_datasets
497,106.19343757629395,0.0,1734563568.0408866,,0.24988456070423126,1.0,0.001,1,16,40x40,MatchingNetwork,5,5,Egyptian,b-59-850,False,10,4000,2,exp1_permuted_src_datasets
498,106.23748540878296,0.0,1734563568.0849345,,0.2395249307155609,1.0,0.001,1,16,40x40,MatchingNetwork,5,5,Egyptian,b-59-850,False,10,4000,2,exp1_permuted_src_datasets
499,106.28205847740173,0.0,1734563568.1295075,,0.20903941988945007,1.0,0.001,1,16,40x40,MatchingNetwork,5,5,Egyptian,b-59-850,False,10,4000,2,exp1_permuted_src_datasets
500,106.32582402229309,0.0,1734563568.173273,,0.21337172389030457,1.0,0.001,1,16,40x40,MatchingNetwork,5,5,Egyptian,b-59-850,False,10,4000,2,exp1_permuted_src_datasets
501,106.37001490592957,0.0,1734563568.217464,,0.22138799726963043,1.0,0.001,1,16,40x40,MatchingNetwork,5,5,Egyptian,b-59-850,False,10,4000,2,exp1_permuted_src_datasets
502,106.41333222389221,0.0,1734563568.2607813,,0.26108884811401367,1.0,0.001,1,16,40x40,MatchingNetwork,5,5,Egyptian,b-59-850,False,10,4000,2,exp1_permuted_src_datasets
503,106.45670294761658,0.0,1734563568.304152,,0.2515147030353546,1.0,0.001,1,16,40x40,MatchingNetwork,5,5,Egyptian,b-59-850,False,10,4000,2,exp1_permuted_src_datasets
504,106.50067353248596,0.0,1734563568.3481226,,0.21800802648067474,1.0,0.001,1,16,40x40,MatchingNetwork,5,5,Egyptian,b-59-850,False,10,4000,2,exp1_permuted_src_datasets
505,106.54525566101074,0.0,1734563568.3927047,,0.24139054119586945,1.0,0.001,1,16,40x40,MatchingNetwork,5,5,Egyptian,b-59-850,False,10,4000,2,exp1_permuted_src_datasets
506,106.58969783782959,0.0,1734563568.437147,,0.26847437024116516,1.0,0.001,1,16,40x40,MatchingNetwork,5,5,Egyptian,b-59-850,False,10,4000,2,exp1_permuted_src_datasets
507,106.63407850265503,0.0,1734563568.4815276,,0.2441282719373703,1.0,0.001,1,16,40x40,MatchingNetwork,5,5,Egyptian,b-59-850,False,10,4000,2,exp1_permuted_src_datasets
508,106.67825841903687,0.0,1734563568.5257075,,0.2140776813030243,1.0,0.001,1,16,40x40,MatchingNetwork,5,5,Egyptian,b-59-850,False,10,4000,2,exp1_permuted_src_datasets
509,106.72240829467773,0.0,1734563568.5698574,,0.20141825079917908,1.0,0.001,1,16,40x40,MatchingNetwork,5,5,Egyptian,b-59-850,False,10,4000,2,exp1_permuted_src_datasets
510,106.76670598983765,0.0,1734563568.614155,,0.23277632892131805,1.0,0.001,1,16,40x40,MatchingNetwork,5,5,Egyptian,b-59-850,False,10,4000,2,exp1_permuted_src_datasets
511,106.81245279312134,0.0,1734563568.6599019,,0.1909908652305603,1.0,0.001,1,16,40x40,MatchingNetwork,5,5,Egyptian,b-59-850,False,10,4000,2,exp1_permuted_src_datasets
512,112.35200214385986,0.0,1734563574.1994512,0.8715,,,0.001,1,16,40x40,MatchingNetwork,5,5,Egyptian,b-59-850,False,10,4000,2,exp1_permuted_src_datasets
513,117.86189651489258,0.0,1734563579.7093456,0.89025,,,0.001,1,16,40x40,MatchingNetwork,5,5,Egyptian,b-59-850,False,10,4000,2,exp1_permuted_src_datasets
514,117.88585925102234,0.0,1734563579.7333083,,0.18950507044792175,1.0,0.001,1,16,40x40,MatchingNetwork,5,5,Egyptian,b-59-850,False,10,4000,2,exp1_permuted_src_datasets
515,117.93120002746582,0.0,1734563579.778649,,0.17927253246307373,1.0,0.001,1,16,40x40,MatchingNetwork,5,5,Egyptian,b-59-850,False,10,4000,2,exp1_permuted_src_datasets
516,117.97644543647766,0.0,1734563579.8238945,,0.22304180264472961,1.0,0.001,1,16,40x40,MatchingNetwork,5,5,Egyptian,b-59-850,False,10,4000,2,exp1_permuted_src_datasets
517,118.02632880210876,0.0,1734563579.8737779,,0.2214726209640503,1.0,0.001,1,16,40x40,MatchingNetwork,5,5,Egyptian,b-59-850,False,10,4000,2,exp1_permuted_src_datasets
518,118.07183313369751,0.0,1734563579.9192822,,0.23214879631996155,1.0,0.001,1,16,40x40,MatchingNetwork,5,5,Egyptian,b-59-850,False,10,4000,2,exp1_permuted_src_datasets
519,118.1163215637207,0.0,1734563579.9637706,,0.2265828251838684,1.0,0.001,1,16,40x40,MatchingNetwork,5,5,Egyptian,b-59-850,False,10,4000,2,exp1_permuted_src_datasets
520,118.16074442863464,0.0,1734563580.0081935,,0.23986482620239258,1.0,0.001,1,16,40x40,MatchingNetwork,5,5,Egyptian,b-59-850,False,10,4000,2,exp1_permuted_src_datasets
521,118.20802617073059,0.0,1734563580.0554752,,0.2248392105102539,1.0,0.001,1,16,40x40,MatchingNetwork,5,5,Egyptian,b-59-850,False,10,4000,2,exp1_permuted_src_datasets
522,118.25303196907043,0.0,1734563580.100481,,0.21975485980510712,1.0,0.001,1,16,40x40,MatchingNetwork,5,5,Egyptian,b-59-850,False,10,4000,2,exp1_permuted_src_datasets
523,118.30113554000854,0.0,1734563580.1485846,,0.23675400018692017,1.0,0.001,1,16,40x40,MatchingNetwork,5,5,Egyptian,b-59-850,False,10,4000,2,exp1_permuted_src_datasets
524,118.34577775001526,0.0,1734563580.1932268,,0.2328314632177353,1.0,0.001,1,16,40x40,MatchingNetwork,5,5,Egyptian,b-59-850,False,10,4000,2,exp1_permuted_src_datasets
525,118.39045071601868,0.0,1734563580.2378998,,0.21986649930477142,1.0,0.001,1,16,40x40,MatchingNetwork,5,5,Egyptian,b-59-850,False,10,4000,2,exp1_permuted_src_datasets
526,118.43524169921875,0.0,1734563580.2826908,,0.20574116706848145,1.0,0.001,1,16,40x40,MatchingNetwork,5,5,Egyptian,b-59-850,False,10,4000,2,exp1_permuted_src_datasets
527,118.48089981079102,0.0,1734563580.3283489,,0.27652236819267273,1.0,0.001,1,16,40x40,MatchingNetwork,5,5,Egyptian,b-59-850,False,10,4000,2,exp1_permuted_src_datasets
528,118.52632164955139,0.0,1734563580.3737707,,0.27420422434806824,1.0,0.001,1,16,40x40,MatchingNetwork,5,5,Egyptian,b-59-850,False,10,4000,2,exp1_permuted_src_datasets
529,118.5721435546875,0.0,1734563580.4195926,,0.2611882984638214,1.0,0.001,1,16,40x40,MatchingNetwork,5,5,Egyptian,b-59-850,False,10,4000,2,exp1_permuted_src_datasets
530,118.61581921577454,0.0,1734563580.4632683,,0.22994744777679443,1.0,0.001,1,16,40x40,MatchingNetwork,5,5,Egyptian,b-59-850,False,10,4000,2,exp1_permuted_src_datasets
531,118.66076469421387,0.0,1734563580.5082138,,0.2608962655067444,1.0,0.001,1,16,40x40,MatchingNetwork,5,5,Egyptian,b-59-850,False,10,4000,2,exp1_permuted_src_datasets
532,118.71039080619812,0.0,1734563580.5578399,,0.25633224844932556,1.0,0.001,1,16,40x40,MatchingNetwork,5,5,Egyptian,b-59-850,False,10,4000,2,exp1_permuted_src_datasets
533,118.75539922714233,0.0,1734563580.6028483,,0.1944914311170578,1.0,0.001,1,16,40x40,MatchingNetwork,5,5,Egyptian,b-59-850,False,10,4000,2,exp1_permuted_src_datasets
534,118.79933619499207,0.0,1734563580.6467853,,0.2102280855178833,1.0,0.001,1,16,40x40,MatchingNetwork,5,5,Egyptian,b-59-850,False,10,4000,2,exp1_permuted_src_datasets
535,118.84303259849548,0.0,1734563580.6904817,,0.2342713624238968,1.0,0.001,1,16,40x40,MatchingNetwork,5,5,Egyptian,b-59-850,False,10,4000,2,exp1_permuted_src_datasets
536,118.8868477344513,0.0,1734563580.7342968,,0.2243098020553589,1.0,0.001,1,16,40x40,MatchingNetwork,5,5,Egyptian,b-59-850,False,10,4000,2,exp1_permuted_src_datasets
537,118.9303560256958,0.0,1734563580.777805,,0.23230008780956268,1.0,0.001,1,16,40x40,MatchingNetwork,5,5,Egyptian,b-59-850,False,10,4000,2,exp1_permuted_src_datasets
538,118.9736475944519,0.0,1734563580.8210967,,0.21388529241085052,1.0,0.001,1,16,40x40,MatchingNetwork,5,5,Egyptian,b-59-850,False,10,4000,2,exp1_permuted_src_datasets
539,119.0174412727356,0.0,1734563580.8648903,,0.2422035187482834,1.0,0.001,1,16,40x40,MatchingNetwork,5,5,Egyptian,b-59-850,False,10,4000,2,exp1_permuted_src_datasets
540,119.06125450134277,0.0,1734563580.9087036,,0.25022876262664795,1.0,0.001,1,16,40x40,MatchingNetwork,5,5,Egyptian,b-59-850,False,10,4000,2,exp1_permuted_src_datasets
541,119.10545086860657,0.0,1734563580.9529,,0.2532818019390106,1.0,0.001,1,16,40x40,MatchingNetwork,5,5,Egyptian,b-59-850,False,10,4000,2,exp1_permuted_src_datasets
542,119.1515851020813,0.0,1734563580.9990342,,0.26888105273246765,1.0,0.001,1,16,40x40,MatchingNetwork,5,5,Egyptian,b-59-850,False,10,4000,2,exp1_permuted_src_datasets
543,119.196218252182,0.0,1734563581.0436673,,0.23718948662281036,1.0,0.001,1,16,40x40,MatchingNetwork,5,5,Egyptian,b-59-850,False,10,4000,2,exp1_permuted_src_datasets
544,119.24027848243713,0.0,1734563581.0877275,,0.2429577112197876,1.0,0.001,1,16,40x40,MatchingNetwork,5,5,Egyptian,b-59-850,False,10,4000,2,exp1_permuted_src_datasets
545,119.28505158424377,0.0,1734563581.1325006,,0.2471608966588974,1.0,0.001,1,16,40x40,MatchingNetwork,5,5,Egyptian,b-59-850,False,10,4000,2,exp1_permuted_src_datasets
546,119.32970094680786,0.0,1734563581.17715,,0.2222525030374527,1.0,0.001,1,16,40x40,MatchingNetwork,5,5,Egyptian,b-59-850,False,10,4000,2,exp1_permuted_src_datasets
547,119.3749852180481,0.0,1734563581.2224343,,0.2075522243976593,1.0,0.001,1,16,40x40,MatchingNetwork,5,5,Egyptian,b-59-850,False,10,4000,2,exp1_permuted_src_datasets
548,119.41892862319946,0.0,1734563581.2663777,,0.2375788390636444,1.0,0.001,1,16,40x40,MatchingNetwork,5,5,Egyptian,b-59-850,False,10,4000,2,exp1_permuted_src_datasets
549,119.46447157859802,0.0,1734563581.3119206,,0.21157872676849365,1.0,0.001,1,16,40x40,MatchingNetwork,5,5,Egyptian,b-59-850,False,10,4000,2,exp1_permuted_src_datasets
550,119.50890779495239,0.0,1734563581.3563569,,0.20947599411010742,1.0,0.001,1,16,40x40,MatchingNetwork,5,5,Egyptian,b-59-850,False,10,4000,2,exp1_permuted_src_datasets
551,119.55329370498657,0.0,1734563581.4007428,,0.2408008724451065,1.0,0.001,1,16,40x40,MatchingNetwork,5,5,Egyptian,b-59-850,False,10,4000,2,exp1_permuted_src_datasets
552,119.59756469726562,0.0,1734563581.4450138,,0.2067113220691681,1.0,0.001,1,16,40x40,MatchingNetwork,5,5,Egyptian,b-59-850,False,10,4000,2,exp1_permuted_src_datasets
553,119.6417133808136,0.0,1734563581.4891624,,0.18840810656547546,1.0,0.001,1,16,40x40,MatchingNetwork,5,5,Egyptian,b-59-850,False,10,4000,2,exp1_permuted_src_datasets
554,119.68558049201965,0.0,1734563581.5330296,,0.22035326063632965,1.0,0.001,1,16,40x40,MatchingNetwork,5,5,Egyptian,b-59-850,False,10,4000,2,exp1_permuted_src_datasets
555,119.72980666160583,0.0,1734563581.5772557,,0.21506865322589874,1.0,0.001,1,16,40x40,MatchingNetwork,5,5,Egyptian,b-59-850,False,10,4000,2,exp1_permuted_src_datasets
556,119.7762017250061,0.0,1734563581.6236508,,0.24336306750774384,1.0,0.001,1,16,40x40,MatchingNetwork,5,5,Egyptian,b-59-850,False,10,4000,2,exp1_permuted_src_datasets
557,119.82079792022705,0.0,1734563581.668247,,0.20144803822040558,1.0,0.001,1,16,40x40,MatchingNetwork,5,5,Egyptian,b-59-850,False,10,4000,2,exp1_permuted_src_datasets
558,119.86542558670044,0.0,1734563581.7128747,,0.2093479037284851,1.0,0.001,1,16,40x40,MatchingNetwork,5,5,Egyptian,b-59-850,False,10,4000,2,exp1_permuted_src_datasets
559,119.90958380699158,0.0,1734563581.7570329,,0.25400590896606445,1.0,0.001,1,16,40x40,MatchingNetwork,5,5,Egyptian,b-59-850,False,10,4000,2,exp1_permuted_src_datasets
560,119.95532155036926,0.0,1734563581.8027706,,0.24094907939434052,1.0,0.001,1,16,40x40,MatchingNetwork,5,5,Egyptian,b-59-850,False,10,4000,2,exp1_permuted_src_datasets
561,119.99943828582764,0.0,1734563581.8468874,,0.2242100089788437,1.0,0.001,1,16,40x40,MatchingNetwork,5,5,Egyptian,b-59-850,False,10,4000,2,exp1_permuted_src_datasets
562,120.04338669776917,0.0,1734563581.8908358,,0.21618413925170898,1.0,0.001,1,16,40x40,MatchingNetwork,5,5,Egyptian,b-59-850,False,10,4000,2,exp1_permuted_src_datasets
563,120.08760452270508,0.0,1734563581.9350536,,0.24409589171409607,1.0,0.001,1,16,40x40,MatchingNetwork,5,5,Egyptian,b-59-850,False,10,4000,2,exp1_permuted_src_datasets
564,120.13168907165527,0.0,1734563581.9791381,,0.23006661236286163,1.0,0.001,1,16,40x40,MatchingNetwork,5,5,Egyptian,b-59-850,False,10,4000,2,exp1_permuted_src_datasets
565,120.175936460495,0.0,1734563582.0233855,,0.20841459929943085,1.0,0.001,1,16,40x40,MatchingNetwork,5,5,Egyptian,b-59-850,False,10,4000,2,exp1_permuted_src_datasets
566,120.22015929222107,0.0,1734563582.0676084,,0.24259833991527557,1.0,0.001,1,16,40x40,MatchingNetwork,5,5,Egyptian,b-59-850,False,10,4000,2,exp1_permuted_src_datasets
567,120.26448035240173,0.0,1734563582.1119294,,0.24730899930000305,1.0,0.001,1,16,40x40,MatchingNetwork,5,5,Egyptian,b-59-850,False,10,4000,2,exp1_permuted_src_datasets
568,120.30836415290833,0.0,1734563582.1558132,,0.2193368524312973,1.0,0.001,1,16,40x40,MatchingNetwork,5,5,Egyptian,b-59-850,False,10,4000,2,exp1_permuted_src_datasets
569,120.35309171676636,0.0,1734563582.2005408,,0.22891870141029358,1.0,0.001,1,16,40x40,MatchingNetwork,5,5,Egyptian,b-59-850,False,10,4000,2,exp1_permuted_src_datasets
570,120.39730787277222,0.0,1734563582.244757,,0.27447623014450073,1.0,0.001,1,16,40x40,MatchingNetwork,5,5,Egyptian,b-59-850,False,10,4000,2,exp1_permuted_src_datasets
571,120.44160461425781,0.0,1734563582.2890537,,0.24292178452014923,1.0,0.001,1,16,40x40,MatchingNetwork,5,5,Egyptian,b-59-850,False,10,4000,2,exp1_permuted_src_datasets
572,120.48674440383911,0.0,1734563582.3341935,,0.2626529932022095,1.0,0.001,1,16,40x40,MatchingNetwork,5,5,Egyptian,b-59-850,False,10,4000,2,exp1_permuted_src_datasets
573,120.5309100151062,0.0,1734563582.378359,,0.24629566073417664,1.0,0.001,1,16,40x40,MatchingNetwork,5,5,Egyptian,b-59-850,False,10,4000,2,exp1_permuted_src_datasets
574,120.57459282875061,0.0,1734563582.422042,,0.21258941292762756,1.0,0.001,1,16,40x40,MatchingNetwork,5,5,Egyptian,b-59-850,False,10,4000,2,exp1_permuted_src_datasets
575,120.61902379989624,0.0,1734563582.4664729,,0.22922231256961823,1.0,0.001,1,16,40x40,MatchingNetwork,5,5,Egyptian,b-59-850,False,10,4000,2,exp1_permuted_src_datasets
576,126.1226179599762,0.0,1734563587.970067,0.884,,,0.001,1,16,40x40,MatchingNetwork,5,5,Egyptian,b-59-850,False,10,4000,2,exp1_permuted_src_datasets
577,131.60320281982422,0.0,1734563593.450652,0.893,,,0.001,1,16,40x40,MatchingNetwork,5,5,Egyptian,b-59-850,False,10,4000,2,exp1_permuted_src_datasets
578,131.62712836265564,0.0,1734563593.4745774,,0.2274172157049179,1.0,0.001,1,16,40x40,MatchingNetwork,5,5,Egyptian,b-59-850,False,10,4000,2,exp1_permuted_src_datasets
579,131.67392110824585,0.0,1734563593.5213702,,0.19736634194850922,1.0,0.001,1,16,40x40,MatchingNetwork,5,5,Egyptian,b-59-850,False,10,4000,2,exp1_permuted_src_datasets
580,131.7196114063263,0.0,1734563593.5670605,,0.25510522723197937,1.0,0.001,1,16,40x40,MatchingNetwork,5,5,Egyptian,b-59-850,False,10,4000,2,exp1_permuted_src_datasets
581,131.76487612724304,0.0,1734563593.6123252,,0.24314169585704803,1.0,0.001,1,16,40x40,MatchingNetwork,5,5,Egyptian,b-59-850,False,10,4000,2,exp1_permuted_src_datasets
582,131.81063866615295,0.0,1734563593.6580877,,0.23121114075183868,1.0,0.001,1,16,40x40,MatchingNetwork,5,5,Egyptian,b-59-850,False,10,4000,2,exp1_permuted_src_datasets
583,131.85577821731567,0.0,1734563593.7032273,,0.2498067319393158,1.0,0.001,1,16,40x40,MatchingNetwork,5,5,Egyptian,b-59-850,False,10,4000,2,exp1_permuted_src_datasets
584,131.9009189605713,0.0,1734563593.748368,,0.22729426622390747,1.0,0.001,1,16,40x40,MatchingNetwork,5,5,Egyptian,b-59-850,False,10,4000,2,exp1_permuted_src_datasets
585,131.94588255882263,0.0,1734563593.7933316,,0.24953477084636688,1.0,0.001,1,16,40x40,MatchingNetwork,5,5,Egyptian,b-59-850,False,10,4000,2,exp1_permuted_src_datasets
586,131.99049878120422,0.0,1734563593.8379478,,0.2029191255569458,1.0,0.001,1,16,40x40,MatchingNetwork,5,5,Egyptian,b-59-850,False,10,4000,2,exp1_permuted_src_datasets
587,132.03570890426636,0.0,1734563593.883158,,0.22076883912086487,1.0,0.001,1,16,40x40,MatchingNetwork,5,5,Egyptian,b-59-850,False,10,4000,2,exp1_permuted_src_datasets
588,132.07998132705688,0.0,1734563593.9274304,,0.25161516666412354,1.0,0.001,1,16,40x40,MatchingNetwork,5,5,Egyptian,b-59-850,False,10,4000,2,exp1_permuted_src_datasets
589,132.12521243095398,0.0,1734563593.9726615,,0.25468936562538147,1.0,0.001,1,16,40x40,MatchingNetwork,5,5,Egyptian,b-59-850,False,10,4000,2,exp1_permuted_src_datasets
590,132.1702606678009,0.0,1734563594.0177097,,0.22655829787254333,1.0,0.001,1,16,40x40,MatchingNetwork,5,5,Egyptian,b-59-850,False,10,4000,2,exp1_permuted_src_datasets
591,132.21543860435486,0.0,1734563594.0628877,,0.21311600506305695,1.0,0.001,1,16,40x40,MatchingNetwork,5,5,Egyptian,b-59-850,False,10,4000,2,exp1_permuted_src_datasets
592,132.2605276107788,0.0,1734563594.1079767,,0.2398730367422104,1.0,0.001,1,16,40x40,MatchingNetwork,5,5,Egyptian,b-59-850,False,10,4000,2,exp1_permuted_src_datasets
593,132.30527257919312,0.0,1734563594.1527216,,0.2521139979362488,1.0,0.001,1,16,40x40,MatchingNetwork,5,5,Egyptian,b-59-850,False,10,4000,2,exp1_permuted_src_datasets
594,132.35187339782715,0.0,1734563594.1993225,,0.23404328525066376,1.0,0.001,1,16,40x40,MatchingNetwork,5,5,Egyptian,b-59-850,False,10,4000,2,exp1_permuted_src_datasets
595,132.3966052532196,0.0,1734563594.2440543,,0.2348881959915161,1.0,0.001,1,16,40x40,MatchingNetwork,5,5,Egyptian,b-59-850,False,10,4000,2,exp1_permuted_src_datasets
596,132.44161868095398,0.0,1734563594.2890677,,0.2893551290035248,1.0,0.001,1,16,40x40,MatchingNetwork,5,5,Egyptian,b-59-850,False,10,4000,2,exp1_permuted_src_datasets
597,132.48638010025024,0.0,1734563594.3338292,,0.20491141080856323,1.0,0.001,1,16,40x40,MatchingNetwork,5,5,Egyptian,b-59-850,False,10,4000,2,exp1_permuted_src_datasets
598,132.5321056842804,0.0,1734563594.3795547,,0.1953853815793991,1.0,0.001,1,16,40x40,MatchingNetwork,5,5,Egyptian,b-59-850,False,10,4000,2,exp1_permuted_src_datasets
599,132.58264136314392,0.0,1734563594.4300904,,0.21433879435062408,1.0,0.001,1,16,40x40,MatchingNetwork,5,5,Egyptian,b-59-850,False,10,4000,2,exp1_permuted_src_datasets
600,132.62734532356262,0.0,1734563594.4747944,,0.2504929304122925,1.0,0.001,1,16,40x40,MatchingNetwork,5,5,Egyptian,b-59-850,False,10,4000,2,exp1_permuted_src_datasets
601,132.67252779006958,0.0,1734563594.5199769,,0.1929597109556198,1.0,0.001,1,16,40x40,MatchingNetwork,5,5,Egyptian,b-59-850,False,10,4000,2,exp1_permuted_src_datasets
602,132.71757340431213,0.0,1734563594.5650225,,0.21639662981033325,1.0,0.001,1,16,40x40,MatchingNetwork,5,5,Egyptian,b-59-850,False,10,4000,2,exp1_permuted_src_datasets
603,132.7623975276947,0.0,1734563594.6098466,,0.22287747263908386,1.0,0.001,1,16,40x40,MatchingNetwork,5,5,Egyptian,b-59-850,False,10,4000,2,exp1_permuted_src_datasets
604,132.80730509757996,0.0,1734563594.6547542,,0.20332369208335876,1.0,0.001,1,16,40x40,MatchingNetwork,5,5,Egyptian,b-59-850,False,10,4000,2,exp1_permuted_src_datasets
605,132.85178875923157,0.0,1734563594.6992378,,0.20675943791866302,1.0,0.001,1,16,40x40,MatchingNetwork,5,5,Egyptian,b-59-850,False,10,4000,2,exp1_permuted_src_datasets
606,132.89595675468445,0.0,1734563594.7434058,,0.2276555597782135,1.0,0.001,1,16,40x40,MatchingNetwork,5,5,Egyptian,b-59-850,False,10,4000,2,exp1_permuted_src_datasets
607,132.94019103050232,0.0,1734563594.78764,,0.23199230432510376,1.0,0.001,1,16,40x40,MatchingNetwork,5,5,Egyptian,b-59-850,False,10,4000,2,exp1_permuted_src_datasets
608,132.9843225479126,0.0,1734563594.8317716,,0.2137117087841034,1.0,0.001,1,16,40x40,MatchingNetwork,5,5,Egyptian,b-59-850,False,10,4000,2,exp1_permuted_src_datasets
609,133.02878880500793,0.0,1734563594.8762379,,0.24846911430358887,1.0,0.001,1,16,40x40,MatchingNetwork,5,5,Egyptian,b-59-850,False,10,4000,2,exp1_permuted_src_datasets
610,133.0731179714203,0.0,1734563594.920567,,0.2077752947807312,1.0,0.001,1,16,40x40,MatchingNetwork,5,5,Egyptian,b-59-850,False,10,4000,2,exp1_permuted_src_datasets
611,133.11709308624268,0.0,1734563594.9645422,,0.25022783875465393,1.0,0.001,1,16,40x40,MatchingNetwork,5,5,Egyptian,b-59-850,False,10,4000,2,exp1_permuted_src_datasets
612,133.16176843643188,0.0,1734563595.0092175,,0.22204579412937164,1.0,0.001,1,16,40x40,MatchingNetwork,5,5,Egyptian,b-59-850,False,10,4000,2,exp1_permuted_src_datasets
613,133.2059202194214,0.0,1734563595.0533693,,0.23160800337791443,1.0,0.001,1,16,40x40,MatchingNetwork,5,5,Egyptian,b-59-850,False,10,4000,2,exp1_permuted_src_datasets
614,133.25105357170105,0.0,1734563595.0985026,,0.21985012292861938,1.0,0.001,1,16,40x40,MatchingNetwork,5,5,Egyptian,b-59-850,False,10,4000,2,exp1_permuted_src_datasets
615,133.29540061950684,0.0,1734563595.1428497,,0.2494596689939499,1.0,0.001,1,16,40x40,MatchingNetwork,5,5,Egyptian,b-59-850,False,10,4000,2,exp1_permuted_src_datasets
616,133.34043312072754,0.0,1734563595.1878822,,0.22729896008968353,1.0,0.001,1,16,40x40,MatchingNetwork,5,5,Egyptian,b-59-850,False,10,4000,2,exp1_permuted_src_datasets
617,133.3847041130066,0.0,1734563595.2321532,,0.22249916195869446,1.0,0.001,1,16,40x40,MatchingNetwork,5,5,Egyptian,b-59-850,False,10,4000,2,exp1_permuted_src_datasets
618,133.42907094955444,0.0,1734563595.27652,,0.25472524762153625,1.0,0.001,1,16,40x40,MatchingNetwork,5,5,Egyptian,b-59-850,False,10,4000,2,exp1_permuted_src_datasets
619,133.47324204444885,0.0,1734563595.320691,,0.22986295819282532,1.0,0.001,1,16,40x40,MatchingNetwork,5,5,Egyptian,b-59-850,False,10,4000,2,exp1_permuted_src_datasets
620,133.52122282981873,0.0,1734563595.368672,,0.24522358179092407,1.0,0.001,1,16,40x40,MatchingNetwork,5,5,Egyptian,b-59-850,False,10,4000,2,exp1_permuted_src_datasets
621,133.5661702156067,0.0,1734563595.4136193,,0.2127797156572342,1.0,0.001,1,16,40x40,MatchingNetwork,5,5,Egyptian,b-59-850,False,10,4000,2,exp1_permuted_src_datasets
622,133.61150574684143,0.0,1734563595.4589548,,0.25378531217575073,1.0,0.001,1,16,40x40,MatchingNetwork,5,5,Egyptian,b-59-850,False,10,4000,2,exp1_permuted_src_datasets
623,133.65568733215332,0.0,1734563595.5031364,,0.21898077428340912,1.0,0.001,1,16,40x40,MatchingNetwork,5,5,Egyptian,b-59-850,False,10,4000,2,exp1_permuted_src_datasets
624,133.69960951805115,0.0,1734563595.5470586,,0.20897570252418518,1.0,0.001,1,16,40x40,MatchingNetwork,5,5,Egyptian,b-59-850,False,10,4000,2,exp1_permuted_src_datasets
625,133.7440104484558,0.0,1734563595.5914595,,0.2563025653362274,1.0,0.001,1,16,40x40,MatchingNetwork,5,5,Egyptian,b-59-850,False,10,4000,2,exp1_permuted_src_datasets
626,133.81278443336487,0.0,1734563595.6602335,,0.21785670518875122,1.0,0.001,1,16,40x40,MatchingNetwork,5,5,Egyptian,b-59-850,False,10,4000,2,exp1_permuted_src_datasets
627,133.85673356056213,0.0,1734563595.7041826,,0.23544347286224365,1.0,0.001,1,16,40x40,MatchingNetwork,5,5,Egyptian,b-59-850,False,10,4000,2,exp1_permuted_src_datasets
628,133.90387988090515,0.0,1734563595.751329,,0.22933658957481384,1.0,0.001,1,16,40x40,MatchingNetwork,5,5,Egyptian,b-59-850,False,10,4000,2,exp1_permuted_src_datasets
629,133.94886422157288,0.0,1734563595.7963133,,0.18887746334075928,1.0,0.001,1,16,40x40,MatchingNetwork,5,5,Egyptian,b-59-850,False,10,4000,2,exp1_permuted_src_datasets
630,133.9926815032959,0.0,1734563595.8401306,,0.2471274584531784,1.0,0.001,1,16,40x40,MatchingNetwork,5,5,Egyptian,b-59-850,False,10,4000,2,exp1_permuted_src_datasets
631,134.03690385818481,0.0,1734563595.884353,,0.19389557838439941,1.0,0.001,1,16,40x40,MatchingNetwork,5,5,Egyptian,b-59-850,False,10,4000,2,exp1_permuted_src_datasets
632,134.08099913597107,0.0,1734563595.9284482,,0.2264201045036316,1.0,0.001,1,16,40x40,MatchingNetwork,5,5,Egyptian,b-59-850,False,10,4000,2,exp1_permuted_src_datasets
633,134.1248700618744,0.0,1734563595.9723191,,0.22638709843158722,1.0,0.001,1,16,40x40,MatchingNetwork,5,5,Egyptian,b-59-850,False,10,4000,2,exp1_permuted_src_datasets
634,134.16892170906067,0.0,1734563596.0163708,,0.2143329530954361,1.0,0.001,1,16,40x40,MatchingNetwork,5,5,Egyptian,b-59-850,False,10,4000,2,exp1_permuted_src_datasets
635,134.21398758888245,0.0,1734563596.0614367,,0.215363547205925,1.0,0.001,1,16,40x40,MatchingNetwork,5,5,Egyptian,b-59-850,False,10,4000,2,exp1_permuted_src_datasets
636,134.25781965255737,0.0,1734563596.1052687,,0.21492433547973633,1.0,0.001,1,16,40x40,MatchingNetwork,5,5,Egyptian,b-59-850,False,10,4000,2,exp1_permuted_src_datasets
637,134.30195665359497,0.0,1734563596.1494057,,0.2471839338541031,1.0,0.001,1,16,40x40,MatchingNetwork,5,5,Egyptian,b-59-850,False,10,4000,2,exp1_permuted_src_datasets
638,134.3463442325592,0.0,1734563596.1937933,,0.26224204897880554,1.0,0.001,1,16,40x40,MatchingNetwork,5,5,Egyptian,b-59-850,False,10,4000,2,exp1_permuted_src_datasets
639,134.390558719635,0.0,1734563596.2380078,,0.25599735975265503,1.0,0.001,1,16,40x40,MatchingNetwork,5,5,Egyptian,b-59-850,False,10,4000,2,exp1_permuted_src_datasets
640,139.87582302093506,0.0,1734563601.723272,0.87925,,,0.001,1,16,40x40,MatchingNetwork,5,5,Egyptian,b-59-850,False,10,4000,2,exp1_permuted_src_datasets
641,139.87959957122803,1.0,1734563601.7270486,,,,0.001,1,16,40x40,MatchingNetwork,5,5,Egyptian,b-59-850,False,10,4000,2,exp1_permuted_src_datasets
642,145.41568422317505,1.0,1734563607.2631333,0.84575,,,0.001,1,16,40x40,MatchingNetwork,5,5,Egyptian,b-59-850,False,10,4000,2,exp1_permuted_src_datasets
643,145.44520831108093,1.0,1734563607.2926574,,0.6900985240936279,1.0,0.001,1,16,40x40,MatchingNetwork,5,5,Egyptian,b-59-850,False,10,4000,2,exp1_permuted_src_datasets
644,145.4906370639801,1.0,1734563607.3380861,,0.42367690801620483,1.0,0.001,1,16,40x40,MatchingNetwork,5,5,Egyptian,b-59-850,False,10,4000,2,exp1_permuted_src_datasets
645,145.53573346138,1.0,1734563607.3831825,,0.5403615832328796,1.0,0.001,1,16,40x40,MatchingNetwork,5,5,Egyptian,b-59-850,False,10,4000,2,exp1_permuted_src_datasets
646,145.5805447101593,1.0,1734563607.4279938,,0.5165842175483704,1.0,0.001,1,16,40x40,MatchingNetwork,5,5,Egyptian,b-59-850,False,10,4000,2,exp1_permuted_src_datasets
647,145.62499952316284,1.0,1734563607.4724486,,0.5466708540916443,0.9375,0.001,1,16,40x40,MatchingNetwork,5,5,Egyptian,b-59-850,False,10,4000,2,exp1_permuted_src_datasets
648,145.66903853416443,1.0,1734563607.5164876,,0.5004820227622986,1.0,0.001,1,16,40x40,MatchingNetwork,5,5,Egyptian,b-59-850,False,10,4000,2,exp1_permuted_src_datasets
649,145.71350169181824,1.0,1734563607.5609508,,0.446689248085022,0.9375,0.001,1,16,40x40,MatchingNetwork,5,5,Egyptian,b-59-850,False,10,4000,2,exp1_permuted_src_datasets
650,145.75766324996948,1.0,1734563607.6051123,,0.46273112297058105,1.0,0.001,1,16,40x40,MatchingNetwork,5,5,Egyptian,b-59-850,False,10,4000,2,exp1_permuted_src_datasets
651,145.8019540309906,1.0,1734563607.649403,,0.5295262932777405,0.9375,0.001,1,16,40x40,MatchingNetwork,5,5,Egyptian,b-59-850,False,10,4000,2,exp1_permuted_src_datasets
652,145.84598064422607,1.0,1734563607.6934297,,0.5173924565315247,0.9375,0.001,1,16,40x40,MatchingNetwork,5,5,Egyptian,b-59-850,False,10,4000,2,exp1_permuted_src_datasets
653,145.89020228385925,1.0,1734563607.7376513,,0.5032562613487244,0.875,0.001,1,16,40x40,MatchingNetwork,5,5,Egyptian,b-59-850,False,10,4000,2,exp1_permuted_src_datasets
654,145.93365359306335,1.0,1734563607.7811027,,0.4379172921180725,1.0,0.001,1,16,40x40,MatchingNetwork,5,5,Egyptian,b-59-850,False,10,4000,2,exp1_permuted_src_datasets
655,145.97825288772583,1.0,1734563607.825702,,0.48325127363204956,1.0,0.001,1,16,40x40,MatchingNetwork,5,5,Egyptian,b-59-850,False,10,4000,2,exp1_permuted_src_datasets
656,146.02257084846497,1.0,1734563607.87002,,0.44616442918777466,1.0,0.001,1,16,40x40,MatchingNetwork,5,5,Egyptian,b-59-850,False,10,4000,2,exp1_permuted_src_datasets
657,146.06659364700317,1.0,1734563607.9140427,,0.4810219407081604,1.0,0.001,1,16,40x40,MatchingNetwork,5,5,Egyptian,b-59-850,False,10,4000,2,exp1_permuted_src_datasets
658,146.1105763912201,1.0,1734563607.9580255,,0.38301441073417664,1.0,0.001,1,16,40x40,MatchingNetwork,5,5,Egyptian,b-59-850,False,10,4000,2,exp1_permuted_src_datasets
659,146.15467977523804,1.0,1734563608.0021288,,0.5691829919815063,1.0,0.001,1,16,40x40,MatchingNetwork,5,5,Egyptian,b-59-850,False,10,4000,2,exp1_permuted_src_datasets
660,146.20025300979614,1.0,1734563608.047702,,0.45287278294563293,1.0,0.001,1,16,40x40,MatchingNetwork,5,5,Egyptian,b-59-850,False,10,4000,2,exp1_permuted_src_datasets
661,146.24480199813843,1.0,1734563608.092251,,0.43035751581192017,1.0,0.001,1,16,40x40,MatchingNetwork,5,5,Egyptian,b-59-850,False,10,4000,2,exp1_permuted_src_datasets
662,146.28801274299622,1.0,1734563608.1354618,,0.3944684863090515,1.0,0.001,1,16,40x40,MatchingNetwork,5,5,Egyptian,b-59-850,False,10,4000,2,exp1_permuted_src_datasets
663,146.33283710479736,1.0,1734563608.1802862,,0.4996569752693176,1.0,0.001,1,16,40x40,MatchingNetwork,5,5,Egyptian,b-59-850,False,10,4000,2,exp1_permuted_src_datasets
664,146.37739181518555,1.0,1734563608.2248409,,0.35788506269454956,1.0,0.001,1,16,40x40,MatchingNetwork,5,5,Egyptian,b-59-850,False,10,4000,2,exp1_permuted_src_datasets
665,146.42085886001587,1.0,1734563608.268308,,0.33891475200653076,1.0,0.001,1,16,40x40,MatchingNetwork,5,5,Egyptian,b-59-850,False,10,4000,2,exp1_permuted_src_datasets
666,146.46550917625427,1.0,1734563608.3129582,,0.4922081530094147,1.0,0.001,1,16,40x40,MatchingNetwork,5,5,Egyptian,b-59-850,False,10,4000,2,exp1_permuted_src_datasets
667,146.5093879699707,1.0,1734563608.356837,,0.32664060592651367,1.0,0.001,1,16,40x40,MatchingNetwork,5,5,Egyptian,b-59-850,False,10,4000,2,exp1_permuted_src_datasets
668,146.55369925498962,1.0,1734563608.4011483,,0.4045695662498474,1.0,0.001,1,16,40x40,MatchingNetwork,5,5,Egyptian,b-59-850,False,10,4000,2,exp1_permuted_src_datasets
669,146.59861779212952,1.0,1734563608.4460669,,0.3957878649234772,1.0,0.001,1,16,40x40,MatchingNetwork,5,5,Egyptian,b-59-850,False,10,4000,2,exp1_permuted_src_datasets
670,146.64172673225403,1.0,1734563608.4891758,,0.4406589865684509,0.9375,0.001,1,16,40x40,MatchingNetwork,5,5,Egyptian,b-59-850,False,10,4000,2,exp1_permuted_src_datasets
671,146.68496012687683,1.0,1734563608.5324092,,0.3941418528556824,1.0,0.001,1,16,40x40,MatchingNetwork,5,5,Egyptian,b-59-850,False,10,4000,2,exp1_permuted_src_datasets
672,146.72942399978638,1.0,1734563608.576873,,0.33661746978759766,1.0,0.001,1,16,40x40,MatchingNetwork,5,5,Egyptian,b-59-850,False,10,4000,2,exp1_permuted_src_datasets
673,146.7736155986786,1.0,1734563608.6210647,,0.3129374086856842,1.0,0.001,1,16,40x40,MatchingNetwork,5,5,Egyptian,b-59-850,False,10,4000,2,exp1_permuted_src_datasets
674,146.81744003295898,1.0,1734563608.664889,,0.3885021507740021,0.9375,0.001,1,16,40x40,MatchingNetwork,5,5,Egyptian,b-59-850,False,10,4000,2,exp1_permuted_src_datasets
675,146.86131477355957,1.0,1734563608.7087638,,0.33284124732017517,1.0,0.001,1,16,40x40,MatchingNetwork,5,5,Egyptian,b-59-850,False,10,4000,2,exp1_permuted_src_datasets
676,146.90520215034485,1.0,1734563608.7526512,,0.39583149552345276,1.0,0.001,1,16,40x40,MatchingNetwork,5,5,Egyptian,b-59-850,False,10,4000,2,exp1_permuted_src_datasets
677,146.948303937912,1.0,1734563608.795753,,0.42009517550468445,1.0,0.001,1,16,40x40,MatchingNetwork,5,5,Egyptian,b-59-850,False,10,4000,2,exp1_permuted_src_datasets
678,146.99190592765808,1.0,1734563608.839355,,0.35080844163894653,1.0,0.001,1,16,40x40,MatchingNetwork,5,5,Egyptian,b-59-850,False,10,4000,2,exp1_permuted_src_datasets
679,147.0457353591919,1.0,1734563608.8931844,,0.3502143323421478,1.0,0.001,1,16,40x40,MatchingNetwork,5,5,Egyptian,b-59-850,False,10,4000,2,exp1_permuted_src_datasets
680,147.0951747894287,1.0,1734563608.9426239,,0.41379183530807495,1.0,0.001,1,16,40x40,MatchingNetwork,5,5,Egyptian,b-59-850,False,10,4000,2,exp1_permuted_src_datasets
681,147.14122986793518,1.0,1734563608.988679,,0.35739967226982117,1.0,0.001,1,16,40x40,MatchingNetwork,5,5,Egyptian,b-59-850,False,10,4000,2,exp1_permuted_src_datasets
682,147.1849172115326,1.0,1734563609.0323663,,0.384378045797348,1.0,0.001,1,16,40x40,MatchingNetwork,5,5,Egyptian,b-59-850,False,10,4000,2,exp1_permuted_src_datasets
683,147.2287573814392,1.0,1734563609.0762064,,0.43147268891334534,1.0,0.001,1,16,40x40,MatchingNetwork,5,5,Egyptian,b-59-850,False,10,4000,2,exp1_permuted_src_datasets
684,147.27300786972046,1.0,1734563609.120457,,0.34737810492515564,1.0,0.001,1,16,40x40,MatchingNetwork,5,5,Egyptian,b-59-850,False,10,4000,2,exp1_permuted_src_datasets
685,147.31778931617737,1.0,1734563609.1652384,,0.3702753782272339,1.0,0.001,1,16,40x40,MatchingNetwork,5,5,Egyptian,b-59-850,False,10,4000,2,exp1_permuted_src_datasets
686,147.36358737945557,1.0,1734563609.2110364,,0.32986000180244446,1.0,0.001,1,16,40x40,MatchingNetwork,5,5,Egyptian,b-59-850,False,10,4000,2,exp1_permuted_src_datasets
687,147.4080867767334,1.0,1734563609.2555358,,0.2869124114513397,1.0,0.001,1,16,40x40,MatchingNetwork,5,5,Egyptian,b-59-850,False,10,4000,2,exp1_permuted_src_datasets
688,147.45298409461975,1.0,1734563609.3004332,,0.31117212772369385,1.0,0.001,1,16,40x40,MatchingNetwork,5,5,Egyptian,b-59-850,False,10,4000,2,exp1_permuted_src_datasets
689,147.4979453086853,1.0,1734563609.3453944,,0.34883591532707214,1.0,0.001,1,16,40x40,MatchingNetwork,5,5,Egyptian,b-59-850,False,10,4000,2,exp1_permuted_src_datasets
690,147.5426950454712,1.0,1734563609.390144,,0.35411781072616577,1.0,0.001,1,16,40x40,MatchingNetwork,5,5,Egyptian,b-59-850,False,10,4000,2,exp1_permuted_src_datasets
691,147.589102268219,1.0,1734563609.4365513,,0.347423791885376,1.0,0.001,1,16,40x40,MatchingNetwork,5,5,Egyptian,b-59-850,False,10,4000,2,exp1_permuted_src_datasets
692,147.63390159606934,1.0,1734563609.4813507,,0.4131305515766144,1.0,0.001,1,16,40x40,MatchingNetwork,5,5,Egyptian,b-59-850,False,10,4000,2,exp1_permuted_src_datasets
693,147.67836356163025,1.0,1734563609.5258126,,0.32162314653396606,1.0,0.001,1,16,40x40,MatchingNetwork,5,5,Egyptian,b-59-850,False,10,4000,2,exp1_permuted_src_datasets
694,147.72232747077942,1.0,1734563609.5697765,,0.35432153940200806,1.0,0.001,1,16,40x40,MatchingNetwork,5,5,Egyptian,b-59-850,False,10,4000,2,exp1_permuted_src_datasets
695,147.7667374610901,1.0,1734563609.6141865,,0.26431354880332947,1.0,0.001,1,16,40x40,MatchingNetwork,5,5,Egyptian,b-59-850,False,10,4000,2,exp1_permuted_src_datasets
696,147.81131196022034,1.0,1734563609.658761,,0.2835386097431183,1.0,0.001,1,16,40x40,MatchingNetwork,5,5,Egyptian,b-59-850,False,10,4000,2,exp1_permuted_src_datasets
697,147.8562569618225,1.0,1734563609.703706,,0.35286346077919006,1.0,0.001,1,16,40x40,MatchingNetwork,5,5,Egyptian,b-59-850,False,10,4000,2,exp1_permuted_src_datasets
698,147.900719165802,1.0,1734563609.7481682,,0.33471378684043884,1.0,0.001,1,16,40x40,MatchingNetwork,5,5,Egyptian,b-59-850,False,10,4000,2,exp1_permuted_src_datasets
699,147.94546461105347,1.0,1734563609.7929137,,0.3553171753883362,1.0,0.001,1,16,40x40,MatchingNetwork,5,5,Egyptian,b-59-850,False,10,4000,2,exp1_permuted_src_datasets
700,147.9895830154419,1.0,1734563609.837032,,0.3227125108242035,1.0,0.001,1,16,40x40,MatchingNetwork,5,5,Egyptian,b-59-850,False,10,4000,2,exp1_permuted_src_datasets
701,148.03621196746826,1.0,1734563609.883661,,0.29350873827934265,1.0,0.001,1,16,40x40,MatchingNetwork,5,5,Egyptian,b-59-850,False,10,4000,2,exp1_permuted_src_datasets
702,148.0803849697113,1.0,1734563609.927834,,0.3287461996078491,1.0,0.001,1,16,40x40,MatchingNetwork,5,5,Egyptian,b-59-850,False,10,4000,2,exp1_permuted_src_datasets
703,148.1249897480011,1.0,1734563609.9724388,,0.29729992151260376,1.0,0.001,1,16,40x40,MatchingNetwork,5,5,Egyptian,b-59-850,False,10,4000,2,exp1_permuted_src_datasets
704,148.16949248313904,1.0,1734563610.0169415,,0.30618029832839966,1.0,0.001,1,16,40x40,MatchingNetwork,5,5,Egyptian,b-59-850,False,10,4000,2,exp1_permuted_src_datasets
705,153.72887992858887,1.0,1734563615.576329,0.87425,,,0.001,1,16,40x40,MatchingNetwork,5,5,Egyptian,b-59-850,False,10,4000,2,exp1_permuted_src_datasets
706,159.2940547466278,1.0,1734563621.1415038,0.86975,,,0.001,1,16,40x40,MatchingNetwork,5,5,Egyptian,b-59-850,False,10,4000,2,exp1_permuted_src_datasets
707,159.31723833084106,1.0,1734563621.1646874,,0.3427525758743286,1.0,0.001,1,16,40x40,MatchingNetwork,5,5,Egyptian,b-59-850,False,10,4000,2,exp1_permuted_src_datasets
708,159.3618721961975,1.0,1734563621.2093213,,0.3354036509990692,1.0,0.001,1,16,40x40,MatchingNetwork,5,5,Egyptian,b-59-850,False,10,4000,2,exp1_permuted_src_datasets
709,159.40672063827515,1.0,1734563621.2541697,,0.3454749584197998,1.0,0.001,1,16,40x40,MatchingNetwork,5,5,Egyptian,b-59-850,False,10,4000,2,exp1_permuted_src_datasets
710,159.45488500595093,1.0,1734563621.302334,,0.3241174817085266,1.0,0.001,1,16,40x40,MatchingNetwork,5,5,Egyptian,b-59-850,False,10,4000,2,exp1_permuted_src_datasets
711,159.49982500076294,1.0,1734563621.347274,,0.3011021614074707,1.0,0.001,1,16,40x40,MatchingNetwork,5,5,Egyptian,b-59-850,False,10,4000,2,exp1_permuted_src_datasets
712,159.5443947315216,1.0,1734563621.3918438,,0.2984710931777954,1.0,0.001,1,16,40x40,MatchingNetwork,5,5,Egyptian,b-59-850,False,10,4000,2,exp1_permuted_src_datasets
713,159.58939957618713,1.0,1734563621.4368486,,0.2588059604167938,1.0,0.001,1,16,40x40,MatchingNetwork,5,5,Egyptian,b-59-850,False,10,4000,2,exp1_permuted_src_datasets
714,159.6333887577057,1.0,1734563621.4808378,,0.37301570177078247,1.0,0.001,1,16,40x40,MatchingNetwork,5,5,Egyptian,b-59-850,False,10,4000,2,exp1_permuted_src_datasets
715,159.67717146873474,1.0,1734563621.5246205,,0.25765907764434814,1.0,0.001,1,16,40x40,MatchingNetwork,5,5,Egyptian,b-59-850,False,10,4000,2,exp1_permuted_src_datasets
716,159.7209551334381,1.0,1734563621.5684042,,0.28016412258148193,1.0,0.001,1,16,40x40,MatchingNetwork,5,5,Egyptian,b-59-850,False,10,4000,2,exp1_permuted_src_datasets
717,159.76524925231934,1.0,1734563621.6126983,,0.3569289445877075,1.0,0.001,1,16,40x40,MatchingNetwork,5,5,Egyptian,b-59-850,False,10,4000,2,exp1_permuted_src_datasets
718,159.80982398986816,1.0,1734563621.657273,,0.35674306750297546,1.0,0.001,1,16,40x40,MatchingNetwork,5,5,Egyptian,b-59-850,False,10,4000,2,exp1_permuted_src_datasets
719,159.85380053520203,1.0,1734563621.7012496,,0.2884818911552429,1.0,0.001,1,16,40x40,MatchingNetwork,5,5,Egyptian,b-59-850,False,10,4000,2,exp1_permuted_src_datasets
720,159.90017771720886,1.0,1734563621.7476268,,0.28216537833213806,1.0,0.001,1,16,40x40,MatchingNetwork,5,5,Egyptian,b-59-850,False,10,4000,2,exp1_permuted_src_datasets
721,159.94563341140747,1.0,1734563621.7930825,,0.3416210114955902,1.0,0.001,1,16,40x40,MatchingNetwork,5,5,Egyptian,b-59-850,False,10,4000,2,exp1_permuted_src_datasets
722,159.99009084701538,1.0,1734563621.83754,,0.3188214898109436,1.0,0.001,1,16,40x40,MatchingNetwork,5,5,Egyptian,b-59-850,False,10,4000,2,exp1_permuted_src_datasets
723,160.03396010398865,1.0,1734563621.8814092,,0.24163997173309326,1.0,0.001,1,16,40x40,MatchingNetwork,5,5,Egyptian,b-59-850,False,10,4000,2,exp1_permuted_src_datasets
724,160.07769918441772,1.0,1734563621.9251482,,0.29037150740623474,1.0,0.001,1,16,40x40,MatchingNetwork,5,5,Egyptian,b-59-850,False,10,4000,2,exp1_permuted_src_datasets
725,160.12191319465637,1.0,1734563621.9693623,,0.2859140634536743,1.0,0.001,1,16,40x40,MatchingNetwork,5,5,Egyptian,b-59-850,False,10,4000,2,exp1_permuted_src_datasets
726,160.1667492389679,1.0,1734563622.0141983,,0.31206825375556946,1.0,0.001,1,16,40x40,MatchingNetwork,5,5,Egyptian,b-59-850,False,10,4000,2,exp1_permuted_src_datasets
727,160.21108174324036,1.0,1734563622.0585308,,0.3320750594139099,1.0,0.001,1,16,40x40,MatchingNetwork,5,5,Egyptian,b-59-850,False,10,4000,2,exp1_permuted_src_datasets
728,160.25540685653687,1.0,1734563622.102856,,0.29597267508506775,1.0,0.001,1,16,40x40,MatchingNetwork,5,5,Egyptian,b-59-850,False,10,4000,2,exp1_permuted_src_datasets
729,160.30016231536865,1.0,1734563622.1476114,,0.31499505043029785,1.0,0.001,1,16,40x40,MatchingNetwork,5,5,Egyptian,b-59-850,False,10,4000,2,exp1_permuted_src_datasets
730,160.3448920249939,1.0,1734563622.192341,,0.2729097604751587,1.0,0.001,1,16,40x40,MatchingNetwork,5,5,Egyptian,b-59-850,False,10,4000,2,exp1_permuted_src_datasets
731,160.38958740234375,1.0,1734563622.2370365,,0.26953965425491333,1.0,0.001,1,16,40x40,MatchingNetwork,5,5,Egyptian,b-59-850,False,10,4000,2,exp1_permuted_src_datasets
732,160.4337420463562,1.0,1734563622.281191,,0.2877023220062256,1.0,0.001,1,16,40x40,MatchingNetwork,5,5,Egyptian,b-59-850,False,10,4000,2,exp1_permuted_src_datasets
733,160.47828936576843,1.0,1734563622.3257384,,0.30323413014411926,1.0,0.001,1,16,40x40,MatchingNetwork,5,5,Egyptian,b-59-850,False,10,4000,2,exp1_permuted_src_datasets
734,160.5223832130432,1.0,1734563622.3698323,,0.3045835793018341,1.0,0.001,1,16,40x40,MatchingNetwork,5,5,Egyptian,b-59-850,False,10,4000,2,exp1_permuted_src_datasets
735,160.56700491905212,1.0,1734563622.414454,,0.2642187774181366,1.0,0.001,1,16,40x40,MatchingNetwork,5,5,Egyptian,b-59-850,False,10,4000,2,exp1_permuted_src_datasets
736,160.61161065101624,1.0,1734563622.4590597,,0.3023545444011688,1.0,0.001,1,16,40x40,MatchingNetwork,5,5,Egyptian,b-59-850,False,10,4000,2,exp1_permuted_src_datasets
737,160.65776896476746,1.0,1734563622.505218,,0.27582281827926636,1.0,0.001,1,16,40x40,MatchingNetwork,5,5,Egyptian,b-59-850,False,10,4000,2,exp1_permuted_src_datasets
738,160.7021496295929,1.0,1734563622.5495987,,0.3991188108921051,1.0,0.001,1,16,40x40,MatchingNetwork,5,5,Egyptian,b-59-850,False,10,4000,2,exp1_permuted_src_datasets
739,160.74581003189087,1.0,1734563622.593259,,0.266910195350647,1.0,0.001,1,16,40x40,MatchingNetwork,5,5,Egyptian,b-59-850,False,10,4000,2,exp1_permuted_src_datasets
740,160.79002451896667,1.0,1734563622.6374736,,0.32635533809661865,1.0,0.001,1,16,40x40,MatchingNetwork,5,5,Egyptian,b-59-850,False,10,4000,2,exp1_permuted_src_datasets
741,160.83493638038635,1.0,1734563622.6823854,,0.28128498792648315,1.0,0.001,1,16,40x40,MatchingNetwork,5,5,Egyptian,b-59-850,False,10,4000,2,exp1_permuted_src_datasets
742,160.87916374206543,1.0,1734563622.7266128,,0.2641039192676544,1.0,0.001,1,16,40x40,MatchingNetwork,5,5,Egyptian,b-59-850,False,10,4000,2,exp1_permuted_src_datasets
743,160.9234721660614,1.0,1734563622.7709212,,0.30267179012298584,1.0,0.001,1,16,40x40,MatchingNetwork,5,5,Egyptian,b-59-850,False,10,4000,2,exp1_permuted_src_datasets
744,160.9675633907318,1.0,1734563622.8150125,,0.2719978988170624,1.0,0.001,1,16,40x40,MatchingNetwork,5,5,Egyptian,b-59-850,False,10,4000,2,exp1_permuted_src_datasets
745,161.01104402542114,1.0,1734563622.858493,,0.3052135705947876,1.0,0.001,1,16,40x40,MatchingNetwork,5,5,Egyptian,b-59-850,False,10,4000,2,exp1_permuted_src_datasets
746,161.05514097213745,1.0,1734563622.90259,,0.281239777803421,1.0,0.001,1,16,40x40,MatchingNetwork,5,5,Egyptian,b-59-850,False,10,4000,2,exp1_permuted_src_datasets
747,161.09910917282104,1.0,1734563622.9465582,,0.27673351764678955,1.0,0.001,1,16,40x40,MatchingNetwork,5,5,Egyptian,b-59-850,False,10,4000,2,exp1_permuted_src_datasets
748,161.14381575584412,1.0,1734563622.9912648,,0.3003828823566437,1.0,0.001,1,16,40x40,MatchingNetwork,5,5,Egyptian,b-59-850,False,10,4000,2,exp1_permuted_src_datasets
749,161.1885278224945,1.0,1734563623.035977,,0.28553152084350586,1.0,0.001,1,16,40x40,MatchingNetwork,5,5,Egyptian,b-59-850,False,10,4000,2,exp1_permuted_src_datasets
750,161.23235535621643,1.0,1734563623.0798044,,0.286594420671463,1.0,0.001,1,16,40x40,MatchingNetwork,5,5,Egyptian,b-59-850,False,10,4000,2,exp1_permuted_src_datasets
751,161.27687287330627,1.0,1734563623.124322,,0.25726109743118286,1.0,0.001,1,16,40x40,MatchingNetwork,5,5,Egyptian,b-59-850,False,10,4000,2,exp1_permuted_src_datasets
752,161.3212342262268,1.0,1734563623.1686833,,0.28344184160232544,1.0,0.001,1,16,40x40,MatchingNetwork,5,5,Egyptian,b-59-850,False,10,4000,2,exp1_permuted_src_datasets
753,161.36516284942627,1.0,1734563623.212612,,0.2708267569541931,1.0,0.001,1,16,40x40,MatchingNetwork,5,5,Egyptian,b-59-850,False,10,4000,2,exp1_permuted_src_datasets
754,161.40919280052185,1.0,1734563623.2566419,,0.27616313099861145,1.0,0.001,1,16,40x40,MatchingNetwork,5,5,Egyptian,b-59-850,False,10,4000,2,exp1_permuted_src_datasets
755,161.45351099967957,1.0,1734563623.30096,,0.30612048506736755,1.0,0.001,1,16,40x40,MatchingNetwork,5,5,Egyptian,b-59-850,False,10,4000,2,exp1_permuted_src_datasets
756,161.4975085258484,1.0,1734563623.3449576,,0.2712259292602539,1.0,0.001,1,16,40x40,MatchingNetwork,5,5,Egyptian,b-59-850,False,10,4000,2,exp1_permuted_src_datasets
757,161.5416557788849,1.0,1734563623.3891048,,0.25919562578201294,1.0,0.001,1,16,40x40,MatchingNetwork,5,5,Egyptian,b-59-850,False,10,4000,2,exp1_permuted_src_datasets
758,161.58565855026245,1.0,1734563623.4331076,,0.30616194009780884,1.0,0.001,1,16,40x40,MatchingNetwork,5,5,Egyptian,b-59-850,False,10,4000,2,exp1_permuted_src_datasets
759,161.63122081756592,1.0,1734563623.47867,,0.30127114057540894,1.0,0.001,1,16,40x40,MatchingNetwork,5,5,Egyptian,b-59-850,False,10,4000,2,exp1_permuted_src_datasets
760,161.67509770393372,1.0,1734563623.5225468,,0.28224796056747437,1.0,0.001,1,16,40x40,MatchingNetwork,5,5,Egyptian,b-59-850,False,10,4000,2,exp1_permuted_src_datasets
761,161.7187020778656,1.0,1734563623.5661511,,0.25169387459754944,1.0,0.001,1,16,40x40,MatchingNetwork,5,5,Egyptian,b-59-850,False,10,4000,2,exp1_permuted_src_datasets
762,161.76181173324585,1.0,1734563623.6092608,,0.2578811049461365,1.0,0.001,1,16,40x40,MatchingNetwork,5,5,Egyptian,b-59-850,False,10,4000,2,exp1_permuted_src_datasets
763,161.8056869506836,1.0,1734563623.653136,,0.32679206132888794,1.0,0.001,1,16,40x40,MatchingNetwork,5,5,Egyptian,b-59-850,False,10,4000,2,exp1_permuted_src_datasets
764,161.8495635986328,1.0,1734563623.6970127,,0.28162842988967896,1.0,0.001,1,16,40x40,MatchingNetwork,5,5,Egyptian,b-59-850,False,10,4000,2,exp1_permuted_src_datasets
765,161.8935375213623,1.0,1734563623.7409866,,0.24920125305652618,1.0,0.001,1,16,40x40,MatchingNetwork,5,5,Egyptian,b-59-850,False,10,4000,2,exp1_permuted_src_datasets
766,161.93736290931702,1.0,1734563623.784812,,0.2507648468017578,1.0,0.001,1,16,40x40,MatchingNetwork,5,5,Egyptian,b-59-850,False,10,4000,2,exp1_permuted_src_datasets
767,161.9815011024475,1.0,1734563623.8289502,,0.2294394075870514,1.0,0.001,1,16,40x40,MatchingNetwork,5,5,Egyptian,b-59-850,False,10,4000,2,exp1_permuted_src_datasets
768,162.02543687820435,1.0,1734563623.872886,,0.24404674768447876,1.0,0.001,1,16,40x40,MatchingNetwork,5,5,Egyptian,b-59-850,False,10,4000,2,exp1_permuted_src_datasets
769,167.5494863986969,1.0,1734563629.3969355,0.88725,,,0.001,1,16,40x40,MatchingNetwork,5,5,Egyptian,b-59-850,False,10,4000,2,exp1_permuted_src_datasets
770,173.0297679901123,1.0,1734563634.877217,0.88025,,,0.001,1,16,40x40,MatchingNetwork,5,5,Egyptian,b-59-850,False,10,4000,2,exp1_permuted_src_datasets
771,173.05300760269165,1.0,1734563634.9004567,,0.2679824233055115,1.0,0.001,1,16,40x40,MatchingNetwork,5,5,Egyptian,b-59-850,False,10,4000,2,exp1_permuted_src_datasets
772,173.09802436828613,1.0,1734563634.9454734,,0.274122953414917,1.0,0.001,1,16,40x40,MatchingNetwork,5,5,Egyptian,b-59-850,False,10,4000,2,exp1_permuted_src_datasets
773,173.14336037635803,1.0,1734563634.9908094,,0.2860584259033203,1.0,0.001,1,16,40x40,MatchingNetwork,5,5,Egyptian,b-59-850,False,10,4000,2,exp1_permuted_src_datasets
774,173.1886591911316,1.0,1734563635.0361083,,0.22377091646194458,1.0,0.001,1,16,40x40,MatchingNetwork,5,5,Egyptian,b-59-850,False,10,4000,2,exp1_permuted_src_datasets
775,173.23311018943787,1.0,1734563635.0805593,,0.27036240696907043,1.0,0.001,1,16,40x40,MatchingNetwork,5,5,Egyptian,b-59-850,False,10,4000,2,exp1_permuted_src_datasets
776,173.27723503112793,1.0,1734563635.124684,,0.28875455260276794,1.0,0.001,1,16,40x40,MatchingNetwork,5,5,Egyptian,b-59-850,False,10,4000,2,exp1_permuted_src_datasets
777,173.32144403457642,1.0,1734563635.168893,,0.25679928064346313,1.0,0.001,1,16,40x40,MatchingNetwork,5,5,Egyptian,b-59-850,False,10,4000,2,exp1_permuted_src_datasets
778,173.36531043052673,1.0,1734563635.2127595,,0.25867050886154175,1.0,0.001,1,16,40x40,MatchingNetwork,5,5,Egyptian,b-59-850,False,10,4000,2,exp1_permuted_src_datasets
779,173.40951108932495,1.0,1734563635.2569602,,0.2866258919239044,1.0,0.001,1,16,40x40,MatchingNetwork,5,5,Egyptian,b-59-850,False,10,4000,2,exp1_permuted_src_datasets
780,173.45406770706177,1.0,1734563635.3015168,,0.30134865641593933,1.0,0.001,1,16,40x40,MatchingNetwork,5,5,Egyptian,b-59-850,False,10,4000,2,exp1_permuted_src_datasets
781,173.4979190826416,1.0,1734563635.3453681,,0.24398119747638702,1.0,0.001,1,16,40x40,MatchingNetwork,5,5,Egyptian,b-59-850,False,10,4000,2,exp1_permuted_src_datasets
782,173.5430645942688,1.0,1734563635.3905137,,0.2554935812950134,1.0,0.001,1,16,40x40,MatchingNetwork,5,5,Egyptian,b-59-850,False,10,4000,2,exp1_permuted_src_datasets
783,173.5868434906006,1.0,1734563635.4342926,,0.27521318197250366,1.0,0.001,1,16,40x40,MatchingNetwork,5,5,Egyptian,b-59-850,False,10,4000,2,exp1_permuted_src_datasets
784,173.6321005821228,1.0,1734563635.4795496,,0.2975543439388275,1.0,0.001,1,16,40x40,MatchingNetwork,5,5,Egyptian,b-59-850,False,10,4000,2,exp1_permuted_src_datasets
785,173.6765329837799,1.0,1734563635.523982,,0.2817085385322571,1.0,0.001,1,16,40x40,MatchingNetwork,5,5,Egyptian,b-59-850,False,10,4000,2,exp1_permuted_src_datasets
786,173.72078371047974,1.0,1734563635.5682328,,0.28514188528060913,1.0,0.001,1,16,40x40,MatchingNetwork,5,5,Egyptian,b-59-850,False,10,4000,2,exp1_permuted_src_datasets
787,173.7653193473816,1.0,1734563635.6127684,,0.2482636719942093,1.0,0.001,1,16,40x40,MatchingNetwork,5,5,Egyptian,b-59-850,False,10,4000,2,exp1_permuted_src_datasets
788,173.8092815876007,1.0,1734563635.6567307,,0.321757435798645,1.0,0.001,1,16,40x40,MatchingNetwork,5,5,Egyptian,b-59-850,False,10,4000,2,exp1_permuted_src_datasets
789,173.85391473770142,1.0,1734563635.7013638,,0.2652824819087982,1.0,0.001,1,16,40x40,MatchingNetwork,5,5,Egyptian,b-59-850,False,10,4000,2,exp1_permuted_src_datasets
790,173.8981854915619,1.0,1734563635.7456346,,0.28012171387672424,1.0,0.001,1,16,40x40,MatchingNetwork,5,5,Egyptian,b-59-850,False,10,4000,2,exp1_permuted_src_datasets
791,173.9442834854126,1.0,1734563635.7917325,,0.2705043852329254,1.0,0.001,1,16,40x40,MatchingNetwork,5,5,Egyptian,b-59-850,False,10,4000,2,exp1_permuted_src_datasets
792,173.9885377883911,1.0,1734563635.8359869,,0.23522678017616272,1.0,0.001,1,16,40x40,MatchingNetwork,5,5,Egyptian,b-59-850,False,10,4000,2,exp1_permuted_src_datasets
793,174.03243827819824,1.0,1734563635.8798873,,0.3052840232849121,1.0,0.001,1,16,40x40,MatchingNetwork,5,5,Egyptian,b-59-850,False,10,4000,2,exp1_permuted_src_datasets
794,174.07605910301208,1.0,1734563635.9235082,,0.24923117458820343,1.0,0.001,1,16,40x40,MatchingNetwork,5,5,Egyptian,b-59-850,False,10,4000,2,exp1_permuted_src_datasets
795,174.11977100372314,1.0,1734563635.96722,,0.23887565732002258,1.0,0.001,1,16,40x40,MatchingNetwork,5,5,Egyptian,b-59-850,False,10,4000,2,exp1_permuted_src_datasets
796,174.16358828544617,1.0,1734563636.0110373,,0.2734673321247101,1.0,0.001,1,16,40x40,MatchingNetwork,5,5,Egyptian,b-59-850,False,10,4000,2,exp1_permuted_src_datasets
797,174.20715880393982,1.0,1734563636.0546079,,0.23968249559402466,1.0,0.001,1,16,40x40,MatchingNetwork,5,5,Egyptian,b-59-850,False,10,4000,2,exp1_permuted_src_datasets
798,174.2516405582428,1.0,1734563636.0990896,,0.26525893807411194,1.0,0.001,1,16,40x40,MatchingNetwork,5,5,Egyptian,b-59-850,False,10,4000,2,exp1_permuted_src_datasets
799,174.2950587272644,1.0,1734563636.1425078,,0.27669697999954224,1.0,0.001,1,16,40x40,MatchingNetwork,5,5,Egyptian,b-59-850,False,10,4000,2,exp1_permuted_src_datasets
800,174.33875799179077,1.0,1734563636.186207,,0.22288662195205688,1.0,0.001,1,16,40x40,MatchingNetwork,5,5,Egyptian,b-59-850,False,10,4000,2,exp1_permuted_src_datasets
801,174.38278675079346,1.0,1734563636.2302358,,0.2889043092727661,1.0,0.001,1,16,40x40,MatchingNetwork,5,5,Egyptian,b-59-850,False,10,4000,2,exp1_permuted_src_datasets
802,174.4267237186432,1.0,1734563636.2741728,,0.23686212301254272,1.0,0.001,1,16,40x40,MatchingNetwork,5,5,Egyptian,b-59-850,False,10,4000,2,exp1_permuted_src_datasets
803,174.47067666053772,1.0,1734563636.3181257,,0.2644936740398407,1.0,0.001,1,16,40x40,MatchingNetwork,5,5,Egyptian,b-59-850,False,10,4000,2,exp1_permuted_src_datasets
804,174.51514291763306,1.0,1734563636.362592,,0.23446646332740784,1.0,0.001,1,16,40x40,MatchingNetwork,5,5,Egyptian,b-59-850,False,10,4000,2,exp1_permuted_src_datasets
805,174.55939626693726,1.0,1734563636.4068453,,0.26274460554122925,1.0,0.001,1,16,40x40,MatchingNetwork,5,5,Egyptian,b-59-850,False,10,4000,2,exp1_permuted_src_datasets
806,174.60389256477356,1.0,1734563636.4513416,,0.26796358823776245,1.0,0.001,1,16,40x40,MatchingNetwork,5,5,Egyptian,b-59-850,False,10,4000,2,exp1_permuted_src_datasets
807,174.64924502372742,1.0,1734563636.496694,,0.272088885307312,1.0,0.001,1,16,40x40,MatchingNetwork,5,5,Egyptian,b-59-850,False,10,4000,2,exp1_permuted_src_datasets
808,174.69399571418762,1.0,1734563636.5414448,,0.3032853305339813,1.0,0.001,1,16,40x40,MatchingNetwork,5,5,Egyptian,b-59-850,False,10,4000,2,exp1_permuted_src_datasets
809,174.7632851600647,1.0,1734563636.6107342,,0.28958791494369507,1.0,0.001,1,16,40x40,MatchingNetwork,5,5,Egyptian,b-59-850,False,10,4000,2,exp1_permuted_src_datasets
810,174.81533670425415,1.0,1734563636.6627858,,0.28872066736221313,1.0,0.001,1,16,40x40,MatchingNetwork,5,5,Egyptian,b-59-850,False,10,4000,2,exp1_permuted_src_datasets
811,174.87160301208496,1.0,1734563636.719052,,0.2537553012371063,1.0,0.001,1,16,40x40,MatchingNetwork,5,5,Egyptian,b-59-850,False,10,4000,2,exp1_permuted_src_datasets
812,174.9165964126587,1.0,1734563636.7640455,,0.25374487042427063,1.0,0.001,1,16,40x40,MatchingNetwork,5,5,Egyptian,b-59-850,False,10,4000,2,exp1_permuted_src_datasets
813,174.96097254753113,1.0,1734563636.8084216,,0.21349991858005524,1.0,0.001,1,16,40x40,MatchingNetwork,5,5,Egyptian,b-59-850,False,10,4000,2,exp1_permuted_src_datasets
814,175.00612378120422,1.0,1734563636.8535728,,0.2680726945400238,1.0,0.001,1,16,40x40,MatchingNetwork,5,5,Egyptian,b-59-850,False,10,4000,2,exp1_permuted_src_datasets
815,175.0503122806549,1.0,1734563636.8977613,,0.27760201692581177,1.0,0.001,1,16,40x40,MatchingNetwork,5,5,Egyptian,b-59-850,False,10,4000,2,exp1_permuted_src_datasets
816,175.0947504043579,1.0,1734563636.9421995,,0.2363210916519165,1.0,0.001,1,16,40x40,MatchingNetwork,5,5,Egyptian,b-59-850,False,10,4000,2,exp1_permuted_src_datasets
817,175.13881754875183,1.0,1734563636.9862666,,0.22697897255420685,1.0,0.001,1,16,40x40,MatchingNetwork,5,5,Egyptian,b-59-850,False,10,4000,2,exp1_permuted_src_datasets
818,175.1833827495575,1.0,1734563637.0308318,,0.283523827791214,1.0,0.001,1,16,40x40,MatchingNetwork,5,5,Egyptian,b-59-850,False,10,4000,2,exp1_permuted_src_datasets
819,175.22734475135803,1.0,1734563637.0747938,,0.2688874304294586,1.0,0.001,1,16,40x40,MatchingNetwork,5,5,Egyptian,b-59-850,False,10,4000,2,exp1_permuted_src_datasets
820,175.272784948349,1.0,1734563637.120234,,0.2315445989370346,1.0,0.001,1,16,40x40,MatchingNetwork,5,5,Egyptian,b-59-850,False,10,4000,2,exp1_permuted_src_datasets
821,175.31718230247498,1.0,1734563637.1646314,,0.2759478688240051,1.0,0.001,1,16,40x40,MatchingNetwork,5,5,Egyptian,b-59-850,False,10,4000,2,exp1_permuted_src_datasets
822,175.36206459999084,1.0,1734563637.2095137,,0.28843775391578674,1.0,0.001,1,16,40x40,MatchingNetwork,5,5,Egyptian,b-59-850,False,10,4000,2,exp1_permuted_src_datasets
823,175.40697240829468,1.0,1734563637.2544215,,0.23165158927440643,1.0,0.001,1,16,40x40,MatchingNetwork,5,5,Egyptian,b-59-850,False,10,4000,2,exp1_permuted_src_datasets
824,175.45134210586548,1.0,1734563637.2987912,,0.2384960651397705,1.0,0.001,1,16,40x40,MatchingNetwork,5,5,Egyptian,b-59-850,False,10,4000,2,exp1_permuted_src_datasets
825,175.49562120437622,1.0,1734563637.3430703,,0.27476125955581665,1.0,0.001,1,16,40x40,MatchingNetwork,5,5,Egyptian,b-59-850,False,10,4000,2,exp1_permuted_src_datasets
826,175.54142212867737,1.0,1734563637.3888712,,0.25127071142196655,1.0,0.001,1,16,40x40,MatchingNetwork,5,5,Egyptian,b-59-850,False,10,4000,2,exp1_permuted_src_datasets
827,175.585706949234,1.0,1734563637.433156,,0.2383701205253601,1.0,0.001,1,16,40x40,MatchingNetwork,5,5,Egyptian,b-59-850,False,10,4000,2,exp1_permuted_src_datasets
828,175.63028979301453,1.0,1734563637.4777389,,0.24034170806407928,1.0,0.001,1,16,40x40,MatchingNetwork,5,5,Egyptian,b-59-850,False,10,4000,2,exp1_permuted_src_datasets
829,175.6748926639557,1.0,1734563637.5223417,,0.2274423986673355,1.0,0.001,1,16,40x40,MatchingNetwork,5,5,Egyptian,b-59-850,False,10,4000,2,exp1_permuted_src_datasets
830,175.72126078605652,1.0,1734563637.5687099,,0.2341090887784958,1.0,0.001,1,16,40x40,MatchingNetwork,5,5,Egyptian,b-59-850,False,10,4000,2,exp1_permuted_src_datasets
831,175.76600885391235,1.0,1734563637.613458,,0.29720863699913025,1.0,0.001,1,16,40x40,MatchingNetwork,5,5,Egyptian,b-59-850,False,10,4000,2,exp1_permuted_src_datasets
832,175.8109941482544,1.0,1734563637.6584432,,0.2907717525959015,1.0,0.001,1,16,40x40,MatchingNetwork,5,5,Egyptian,b-59-850,False,10,4000,2,exp1_permuted_src_datasets
833,181.36643242835999,1.0,1734563643.2138815,0.8805,,,0.001,1,16,40x40,MatchingNetwork,5,5,Egyptian,b-59-850,False,10,4000,2,exp1_permuted_src_datasets
834,186.80319023132324,1.0,1734563648.6506393,0.8945,,,0.001,1,16,40x40,MatchingNetwork,5,5,Egyptian,b-59-850,False,10,4000,2,exp1_permuted_src_datasets
835,186.82643127441406,1.0,1734563648.6738803,,0.2750144302845001,1.0,0.001,1,16,40x40,MatchingNetwork,5,5,Egyptian,b-59-850,False,10,4000,2,exp1_permuted_src_datasets
836,186.87298822402954,1.0,1734563648.7204373,,0.2861854135990143,1.0,0.001,1,16,40x40,MatchingNetwork,5,5,Egyptian,b-59-850,False,10,4000,2,exp1_permuted_src_datasets
837,186.91830611228943,1.0,1734563648.7657552,,0.26482561230659485,1.0,0.001,1,16,40x40,MatchingNetwork,5,5,Egyptian,b-59-850,False,10,4000,2,exp1_permuted_src_datasets
838,186.96442365646362,1.0,1734563648.8118727,,0.27036020159721375,1.0,0.001,1,16,40x40,MatchingNetwork,5,5,Egyptian,b-59-850,False,10,4000,2,exp1_permuted_src_datasets
839,187.01008129119873,1.0,1734563648.8575304,,0.260356068611145,1.0,0.001,1,16,40x40,MatchingNetwork,5,5,Egyptian,b-59-850,False,10,4000,2,exp1_permuted_src_datasets
840,187.05439352989197,1.0,1734563648.9018426,,0.24431496858596802,1.0,0.001,1,16,40x40,MatchingNetwork,5,5,Egyptian,b-59-850,False,10,4000,2,exp1_permuted_src_datasets
841,187.09938311576843,1.0,1734563648.9468322,,0.2703685760498047,1.0,0.001,1,16,40x40,MatchingNetwork,5,5,Egyptian,b-59-850,False,10,4000,2,exp1_permuted_src_datasets
842,187.1441044807434,1.0,1734563648.9915535,,0.2521519660949707,1.0,0.001,1,16,40x40,MatchingNetwork,5,5,Egyptian,b-59-850,False,10,4000,2,exp1_permuted_src_datasets
843,187.1889717578888,1.0,1734563649.0364208,,0.26658114790916443,1.0,0.001,1,16,40x40,MatchingNetwork,5,5,Egyptian,b-59-850,False,10,4000,2,exp1_permuted_src_datasets
844,187.23480415344238,1.0,1734563649.0822532,,0.22657373547554016,1.0,0.001,1,16,40x40,MatchingNetwork,5,5,Egyptian,b-59-850,False,10,4000,2,exp1_permuted_src_datasets
845,187.2799937725067,1.0,1734563649.1274428,,0.2319050133228302,1.0,0.001,1,16,40x40,MatchingNetwork,5,5,Egyptian,b-59-850,False,10,4000,2,exp1_permuted_src_datasets
846,187.3241536617279,1.0,1734563649.1716027,,0.2407294660806656,1.0,0.001,1,16,40x40,MatchingNetwork,5,5,Egyptian,b-59-850,False,10,4000,2,exp1_permuted_src_datasets
847,187.36875438690186,1.0,1734563649.2162035,,0.22649885714054108,1.0,0.001,1,16,40x40,MatchingNetwork,5,5,Egyptian,b-59-850,False,10,4000,2,exp1_permuted_src_datasets
848,187.41323351860046,1.0,1734563649.2606826,,0.23163732886314392,1.0,0.001,1,16,40x40,MatchingNetwork,5,5,Egyptian,b-59-850,False,10,4000,2,exp1_permuted_src_datasets
849,187.45760202407837,1.0,1734563649.305051,,0.26025617122650146,1.0,0.001,1,16,40x40,MatchingNetwork,5,5,Egyptian,b-59-850,False,10,4000,2,exp1_permuted_src_datasets
850,187.50198578834534,1.0,1734563649.3494349,,0.2533203065395355,1.0,0.001,1,16,40x40,MatchingNetwork,5,5,Egyptian,b-59-850,False,10,4000,2,exp1_permuted_src_datasets
851,187.5457525253296,1.0,1734563649.3932016,,0.3063209652900696,1.0,0.001,1,16,40x40,MatchingNetwork,5,5,Egyptian,b-59-850,False,10,4000,2,exp1_permuted_src_datasets
852,187.59004664421082,1.0,1734563649.4374957,,0.255973219871521,1.0,0.001,1,16,40x40,MatchingNetwork,5,5,Egyptian,b-59-850,False,10,4000,2,exp1_permuted_src_datasets
853,187.63495707511902,1.0,1734563649.4824061,,0.22555507719516754,1.0,0.001,1,16,40x40,MatchingNetwork,5,5,Egyptian,b-59-850,False,10,4000,2,exp1_permuted_src_datasets
854,187.6793749332428,1.0,1734563649.526824,,0.22627770900726318,1.0,0.001,1,16,40x40,MatchingNetwork,5,5,Egyptian,b-59-850,False,10,4000,2,exp1_permuted_src_datasets
855,187.72456741333008,1.0,1734563649.5720165,,0.27766814827919006,1.0,0.001,1,16,40x40,MatchingNetwork,5,5,Egyptian,b-59-850,False,10,4000,2,exp1_permuted_src_datasets
856,187.76874232292175,1.0,1734563649.6161914,,0.20209087431430817,1.0,0.001,1,16,40x40,MatchingNetwork,5,5,Egyptian,b-59-850,False,10,4000,2,exp1_permuted_src_datasets
857,187.81329441070557,1.0,1734563649.6607435,,0.24760134518146515,1.0,0.001,1,16,40x40,MatchingNetwork,5,5,Egyptian,b-59-850,False,10,4000,2,exp1_permuted_src_datasets
858,187.8574023246765,1.0,1734563649.7048514,,0.24768510460853577,1.0,0.001,1,16,40x40,MatchingNetwork,5,5,Egyptian,b-59-850,False,10,4000,2,exp1_permuted_src_datasets
859,187.90199089050293,1.0,1734563649.74944,,0.25222715735435486,1.0,0.001,1,16,40x40,MatchingNetwork,5,5,Egyptian,b-59-850,False,10,4000,2,exp1_permuted_src_datasets
860,187.946683883667,1.0,1734563649.794133,,0.30078813433647156,1.0,0.001,1,16,40x40,MatchingNetwork,5,5,Egyptian,b-59-850,False,10,4000,2,exp1_permuted_src_datasets
861,187.99144625663757,1.0,1734563649.8388953,,0.23468270897865295,1.0,0.001,1,16,40x40,MatchingNetwork,5,5,Egyptian,b-59-850,False,10,4000,2,exp1_permuted_src_datasets
862,188.036634683609,1.0,1734563649.8840837,,0.26047059893608093,1.0,0.001,1,16,40x40,MatchingNetwork,5,5,Egyptian,b-59-850,False,10,4000,2,exp1_permuted_src_datasets
863,188.08136630058289,1.0,1734563649.9288154,,0.24141912162303925,1.0,0.001,1,16,40x40,MatchingNetwork,5,5,Egyptian,b-59-850,False,10,4000,2,exp1_permuted_src_datasets
864,188.12567687034607,1.0,1734563649.973126,,0.2542675733566284,1.0,0.001,1,16,40x40,MatchingNetwork,5,5,Egyptian,b-59-850,False,10,4000,2,exp1_permuted_src_datasets
865,188.16990661621094,1.0,1734563650.0173557,,0.21481510996818542,1.0,0.001,1,16,40x40,MatchingNetwork,5,5,Egyptian,b-59-850,False,10,4000,2,exp1_permuted_src_datasets
866,188.21434354782104,1.0,1734563650.0617926,,0.3670050799846649,1.0,0.001,1,16,40x40,MatchingNetwork,5,5,Egyptian,b-59-850,False,10,4000,2,exp1_permuted_src_datasets
867,188.25898122787476,1.0,1734563650.1064303,,0.2461645007133484,1.0,0.001,1,16,40x40,MatchingNetwork,5,5,Egyptian,b-59-850,False,10,4000,2,exp1_permuted_src_datasets
868,188.30359268188477,1.0,1734563650.1510417,,0.2595255672931671,1.0,0.001,1,16,40x40,MatchingNetwork,5,5,Egyptian,b-59-850,False,10,4000,2,exp1_permuted_src_datasets
869,188.34819626808167,1.0,1734563650.1956453,,0.22147950530052185,1.0,0.001,1,16,40x40,MatchingNetwork,5,5,Egyptian,b-59-850,False,10,4000,2,exp1_permuted_src_datasets
870,188.3929705619812,1.0,1734563650.2404196,,0.2884424328804016,1.0,0.001,1,16,40x40,MatchingNetwork,5,5,Egyptian,b-59-850,False,10,4000,2,exp1_permuted_src_datasets
871,188.43770241737366,1.0,1734563650.2851515,,0.2255440354347229,1.0,0.001,1,16,40x40,MatchingNetwork,5,5,Egyptian,b-59-850,False,10,4000,2,exp1_permuted_src_datasets
872,188.48255133628845,1.0,1734563650.3300004,,0.29912975430488586,1.0,0.001,1,16,40x40,MatchingNetwork,5,5,Egyptian,b-59-850,False,10,4000,2,exp1_permuted_src_datasets
873,188.52715635299683,1.0,1734563650.3746054,,0.20386384427547455,1.0,0.001,1,16,40x40,MatchingNetwork,5,5,Egyptian,b-59-850,False,10,4000,2,exp1_permuted_src_datasets
874,188.57244324684143,1.0,1734563650.4198923,,0.23486076295375824,1.0,0.001,1,16,40x40,MatchingNetwork,5,5,Egyptian,b-59-850,False,10,4000,2,exp1_permuted_src_datasets
875,188.61768245697021,1.0,1734563650.4651315,,0.24246826767921448,1.0,0.001,1,16,40x40,MatchingNetwork,5,5,Egyptian,b-59-850,False,10,4000,2,exp1_permuted_src_datasets
876,188.6630084514618,1.0,1734563650.5104575,,0.2294052690267563,1.0,0.001,1,16,40x40,MatchingNetwork,5,5,Egyptian,b-59-850,False,10,4000,2,exp1_permuted_src_datasets
877,188.7084743976593,1.0,1734563650.5559235,,0.23230335116386414,1.0,0.001,1,16,40x40,MatchingNetwork,5,5,Egyptian,b-59-850,False,10,4000,2,exp1_permuted_src_datasets
878,188.75294399261475,1.0,1734563650.600393,,0.23756733536720276,1.0,0.001,1,16,40x40,MatchingNetwork,5,5,Egyptian,b-59-850,False,10,4000,2,exp1_permuted_src_datasets
879,188.79778027534485,1.0,1734563650.6452293,,0.22429294884204865,1.0,0.001,1,16,40x40,MatchingNetwork,5,5,Egyptian,b-59-850,False,10,4000,2,exp1_permuted_src_datasets
880,188.84290528297424,1.0,1734563650.6903543,,0.2338801920413971,1.0,0.001,1,16,40x40,MatchingNetwork,5,5,Egyptian,b-59-850,False,10,4000,2,exp1_permuted_src_datasets
881,188.8869833946228,1.0,1734563650.7344325,,0.28196120262145996,1.0,0.001,1,16,40x40,MatchingNetwork,5,5,Egyptian,b-59-850,False,10,4000,2,exp1_permuted_src_datasets
882,188.93106079101562,1.0,1734563650.7785099,,0.23431333899497986,1.0,0.001,1,16,40x40,MatchingNetwork,5,5,Egyptian,b-59-850,False,10,4000,2,exp1_permuted_src_datasets
883,188.97582745552063,1.0,1734563650.8232765,,0.2520560622215271,1.0,0.001,1,16,40x40,MatchingNetwork,5,5,Egyptian,b-59-850,False,10,4000,2,exp1_permuted_src_datasets
884,189.02118682861328,1.0,1734563650.868636,,0.253868043422699,1.0,0.001,1,16,40x40,MatchingNetwork,5,5,Egyptian,b-59-850,False,10,4000,2,exp1_permuted_src_datasets
885,189.06560254096985,1.0,1734563650.9130516,,0.22834555804729462,1.0,0.001,1,16,40x40,MatchingNetwork,5,5,Egyptian,b-59-850,False,10,4000,2,exp1_permuted_src_datasets
886,189.11001133918762,1.0,1734563650.9574604,,0.2096262127161026,1.0,0.001,1,16,40x40,MatchingNetwork,5,5,Egyptian,b-59-850,False,10,4000,2,exp1_permuted_src_datasets
887,189.15583848953247,1.0,1734563651.0032876,,0.2160339057445526,1.0,0.001,1,16,40x40,MatchingNetwork,5,5,Egyptian,b-59-850,False,10,4000,2,exp1_permuted_src_datasets
888,189.19991421699524,1.0,1734563651.0473633,,0.26899537444114685,1.0,0.001,1,16,40x40,MatchingNetwork,5,5,Egyptian,b-59-850,False,10,4000,2,exp1_permuted_src_datasets
889,189.24398708343506,1.0,1734563651.0914361,,0.22994621098041534,1.0,0.001,1,16,40x40,MatchingNetwork,5,5,Egyptian,b-59-850,False,10,4000,2,exp1_permuted_src_datasets
890,189.28840041160583,1.0,1734563651.1358495,,0.27602097392082214,1.0,0.001,1,16,40x40,MatchingNetwork,5,5,Egyptian,b-59-850,False,10,4000,2,exp1_permuted_src_datasets
891,189.3327260017395,1.0,1734563651.180175,,0.23792552947998047,1.0,0.001,1,16,40x40,MatchingNetwork,5,5,Egyptian,b-59-850,False,10,4000,2,exp1_permuted_src_datasets
892,189.37695598602295,1.0,1734563651.224405,,0.2409718781709671,1.0,0.001,1,16,40x40,MatchingNetwork,5,5,Egyptian,b-59-850,False,10,4000,2,exp1_permuted_src_datasets
893,189.42073488235474,1.0,1734563651.268184,,0.24145762622356415,1.0,0.001,1,16,40x40,MatchingNetwork,5,5,Egyptian,b-59-850,False,10,4000,2,exp1_permuted_src_datasets
894,189.46557879447937,1.0,1734563651.3130279,,0.2503085136413574,1.0,0.001,1,16,40x40,MatchingNetwork,5,5,Egyptian,b-59-850,False,10,4000,2,exp1_permuted_src_datasets
895,189.50991940498352,1.0,1734563651.3573685,,0.24410279095172882,1.0,0.001,1,16,40x40,MatchingNetwork,5,5,Egyptian,b-59-850,False,10,4000,2,exp1_permuted_src_datasets
896,189.55520582199097,1.0,1734563651.402655,,0.25503894686698914,1.0,0.001,1,16,40x40,MatchingNetwork,5,5,Egyptian,b-59-850,False,10,4000,2,exp1_permuted_src_datasets
897,195.10930752754211,1.0,1734563656.9567566,0.89125,,,0.001,1,16,40x40,MatchingNetwork,5,5,Egyptian,b-59-850,False,10,4000,2,exp1_permuted_src_datasets
898,200.6890847682953,1.0,1734563662.5365338,0.88125,,,0.001,1,16,40x40,MatchingNetwork,5,5,Egyptian,b-59-850,False,10,4000,2,exp1_permuted_src_datasets
899,200.71293902397156,1.0,1734563662.560388,,0.2518882751464844,1.0,0.001,1,16,40x40,MatchingNetwork,5,5,Egyptian,b-59-850,False,10,4000,2,exp1_permuted_src_datasets
900,200.75895953178406,1.0,1734563662.6064086,,0.24910606443881989,1.0,0.001,1,16,40x40,MatchingNetwork,5,5,Egyptian,b-59-850,False,10,4000,2,exp1_permuted_src_datasets
901,200.80508518218994,1.0,1734563662.6525342,,0.20647388696670532,1.0,0.001,1,16,40x40,MatchingNetwork,5,5,Egyptian,b-59-850,False,10,4000,2,exp1_permuted_src_datasets
902,200.85119438171387,1.0,1734563662.6986434,,0.22624851763248444,1.0,0.001,1,16,40x40,MatchingNetwork,5,5,Egyptian,b-59-850,False,10,4000,2,exp1_permuted_src_datasets
903,200.8975124359131,1.0,1734563662.7449615,,0.22226978838443756,1.0,0.001,1,16,40x40,MatchingNetwork,5,5,Egyptian,b-59-850,False,10,4000,2,exp1_permuted_src_datasets
904,200.94318890571594,1.0,1734563662.790638,,0.25253161787986755,1.0,0.001,1,16,40x40,MatchingNetwork,5,5,Egyptian,b-59-850,False,10,4000,2,exp1_permuted_src_datasets
905,200.996431350708,1.0,1734563662.8438804,,0.2447117269039154,1.0,0.001,1,16,40x40,MatchingNetwork,5,5,Egyptian,b-59-850,False,10,4000,2,exp1_permuted_src_datasets
906,201.04488968849182,1.0,1734563662.8923388,,0.229631707072258,1.0,0.001,1,16,40x40,MatchingNetwork,5,5,Egyptian,b-59-850,False,10,4000,2,exp1_permuted_src_datasets
907,201.08985900878906,1.0,1734563662.937308,,0.20544980466365814,1.0,0.001,1,16,40x40,MatchingNetwork,5,5,Egyptian,b-59-850,False,10,4000,2,exp1_permuted_src_datasets
908,201.13470220565796,1.0,1734563662.9821513,,0.21447867155075073,1.0,0.001,1,16,40x40,MatchingNetwork,5,5,Egyptian,b-59-850,False,10,4000,2,exp1_permuted_src_datasets
909,201.1793704032898,1.0,1734563663.0268195,,0.20238466560840607,1.0,0.001,1,16,40x40,MatchingNetwork,5,5,Egyptian,b-59-850,False,10,4000,2,exp1_permuted_src_datasets
910,201.22492289543152,1.0,1734563663.072372,,0.2605684697628021,1.0,0.001,1,16,40x40,MatchingNetwork,5,5,Egyptian,b-59-850,False,10,4000,2,exp1_permuted_src_datasets
911,201.27029633522034,1.0,1734563663.1177454,,0.24448126554489136,1.0,0.001,1,16,40x40,MatchingNetwork,5,5,Egyptian,b-59-850,False,10,4000,2,exp1_permuted_src_datasets
912,201.31491255760193,1.0,1734563663.1623616,,0.2540811002254486,1.0,0.001,1,16,40x40,MatchingNetwork,5,5,Egyptian,b-59-850,False,10,4000,2,exp1_permuted_src_datasets
913,201.35937476158142,1.0,1734563663.2068238,,0.24837760627269745,1.0,0.001,1,16,40x40,MatchingNetwork,5,5,Egyptian,b-59-850,False,10,4000,2,exp1_permuted_src_datasets
914,201.40400767326355,1.0,1734563663.2514567,,0.22837556898593903,1.0,0.001,1,16,40x40,MatchingNetwork,5,5,Egyptian,b-59-850,False,10,4000,2,exp1_permuted_src_datasets
915,201.44787096977234,1.0,1734563663.29532,,0.22073538601398468,1.0,0.001,1,16,40x40,MatchingNetwork,5,5,Egyptian,b-59-850,False,10,4000,2,exp1_permuted_src_datasets
916,201.49211072921753,1.0,1734563663.3395598,,0.23505210876464844,1.0,0.001,1,16,40x40,MatchingNetwork,5,5,Egyptian,b-59-850,False,10,4000,2,exp1_permuted_src_datasets
917,201.53691029548645,1.0,1734563663.3843594,,0.2508847117424011,1.0,0.001,1,16,40x40,MatchingNetwork,5,5,Egyptian,b-59-850,False,10,4000,2,exp1_permuted_src_datasets
918,201.58125114440918,1.0,1734563663.4287002,,0.23570555448532104,1.0,0.001,1,16,40x40,MatchingNetwork,5,5,Egyptian,b-59-850,False,10,4000,2,exp1_permuted_src_datasets
919,201.62561297416687,1.0,1734563663.473062,,0.24471358954906464,1.0,0.001,1,16,40x40,MatchingNetwork,5,5,Egyptian,b-59-850,False,10,4000,2,exp1_permuted_src_datasets
920,201.67003679275513,1.0,1734563663.5174859,,0.2824690341949463,1.0,0.001,1,16,40x40,MatchingNetwork,5,5,Egyptian,b-59-850,False,10,4000,2,exp1_permuted_src_datasets
921,201.7138319015503,1.0,1734563663.561281,,0.2627442479133606,1.0,0.001,1,16,40x40,MatchingNetwork,5,5,Egyptian,b-59-850,False,10,4000,2,exp1_permuted_src_datasets
922,201.76529240608215,1.0,1734563663.6127415,,0.23997782170772552,1.0,0.001,1,16,40x40,MatchingNetwork,5,5,Egyptian,b-59-850,False,10,4000,2,exp1_permuted_src_datasets
923,201.81109499931335,1.0,1734563663.658544,,0.22853097319602966,1.0,0.001,1,16,40x40,MatchingNetwork,5,5,Egyptian,b-59-850,False,10,4000,2,exp1_permuted_src_datasets
924,201.85533261299133,1.0,1734563663.7027817,,0.2378731518983841,1.0,0.001,1,16,40x40,MatchingNetwork,5,5,Egyptian,b-59-850,False,10,4000,2,exp1_permuted_src_datasets
925,201.90113639831543,1.0,1734563663.7485855,,0.23115777969360352,1.0,0.001,1,16,40x40,MatchingNetwork,5,5,Egyptian,b-59-850,False,10,4000,2,exp1_permuted_src_datasets
926,201.94720005989075,1.0,1734563663.7946491,,0.26114943623542786,1.0,0.001,1,16,40x40,MatchingNetwork,5,5,Egyptian,b-59-850,False,10,4000,2,exp1_permuted_src_datasets
927,201.99106097221375,1.0,1734563663.83851,,0.2413940578699112,1.0,0.001,1,16,40x40,MatchingNetwork,5,5,Egyptian,b-59-850,False,10,4000,2,exp1_permuted_src_datasets
928,202.0358407497406,1.0,1734563663.8832898,,0.2033107876777649,1.0,0.001,1,16,40x40,MatchingNetwork,5,5,Egyptian,b-59-850,False,10,4000,2,exp1_permuted_src_datasets
929,202.07987570762634,1.0,1734563663.9273248,,0.24536174535751343,1.0,0.001,1,16,40x40,MatchingNetwork,5,5,Egyptian,b-59-850,False,10,4000,2,exp1_permuted_src_datasets
930,202.1242229938507,1.0,1734563663.971672,,0.26481133699417114,1.0,0.001,1,16,40x40,MatchingNetwork,5,5,Egyptian,b-59-850,False,10,4000,2,exp1_permuted_src_datasets
931,202.1691153049469,1.0,1734563664.0165644,,0.24617144465446472,1.0,0.001,1,16,40x40,MatchingNetwork,5,5,Egyptian,b-59-850,False,10,4000,2,exp1_permuted_src_datasets
932,202.21334195137024,1.0,1734563664.060791,,0.2445303350687027,1.0,0.001,1,16,40x40,MatchingNetwork,5,5,Egyptian,b-59-850,False,10,4000,2,exp1_permuted_src_datasets
933,202.2573115825653,1.0,1734563664.1047606,,0.24358658492565155,1.0,0.001,1,16,40x40,MatchingNetwork,5,5,Egyptian,b-59-850,False,10,4000,2,exp1_permuted_src_datasets
934,202.3056619167328,1.0,1734563664.153111,,0.2538148760795593,1.0,0.001,1,16,40x40,MatchingNetwork,5,5,Egyptian,b-59-850,False,10,4000,2,exp1_permuted_src_datasets
935,202.35034775733948,1.0,1734563664.1977968,,0.2058185636997223,1.0,0.001,1,16,40x40,MatchingNetwork,5,5,Egyptian,b-59-850,False,10,4000,2,exp1_permuted_src_datasets
936,202.39533019065857,1.0,1734563664.2427793,,0.23066212236881256,1.0,0.001,1,16,40x40,MatchingNetwork,5,5,Egyptian,b-59-850,False,10,4000,2,exp1_permuted_src_datasets
937,202.44127917289734,1.0,1734563664.2887282,,0.25125300884246826,1.0,0.001,1,16,40x40,MatchingNetwork,5,5,Egyptian,b-59-850,False,10,4000,2,exp1_permuted_src_datasets
938,202.48596262931824,1.0,1734563664.3334117,,0.2211368829011917,1.0,0.001,1,16,40x40,MatchingNetwork,5,5,Egyptian,b-59-850,False,10,4000,2,exp1_permuted_src_datasets
939,202.53056812286377,1.0,1734563664.3780172,,0.23468336462974548,1.0,0.001,1,16,40x40,MatchingNetwork,5,5,Egyptian,b-59-850,False,10,4000,2,exp1_permuted_src_datasets
940,202.57572412490845,1.0,1734563664.4231732,,0.23955124616622925,1.0,0.001,1,16,40x40,MatchingNetwork,5,5,Egyptian,b-59-850,False,10,4000,2,exp1_permuted_src_datasets
941,202.62099170684814,1.0,1734563664.4684408,,0.208703875541687,1.0,0.001,1,16,40x40,MatchingNetwork,5,5,Egyptian,b-59-850,False,10,4000,2,exp1_permuted_src_datasets
942,202.66487574577332,1.0,1734563664.5123248,,0.2010907232761383,1.0,0.001,1,16,40x40,MatchingNetwork,5,5,Egyptian,b-59-850,False,10,4000,2,exp1_permuted_src_datasets
943,202.70991206169128,1.0,1734563664.5573611,,0.2232612818479538,1.0,0.001,1,16,40x40,MatchingNetwork,5,5,Egyptian,b-59-850,False,10,4000,2,exp1_permuted_src_datasets
944,202.75420475006104,1.0,1734563664.6016538,,0.21944594383239746,1.0,0.001,1,16,40x40,MatchingNetwork,5,5,Egyptian,b-59-850,False,10,4000,2,exp1_permuted_src_datasets
945,202.797785282135,1.0,1734563664.6452343,,0.30891674757003784,1.0,0.001,1,16,40x40,MatchingNetwork,5,5,Egyptian,b-59-850,False,10,4000,2,exp1_permuted_src_datasets
946,202.84229278564453,1.0,1734563664.6897418,,0.25400152802467346,1.0,0.001,1,16,40x40,MatchingNetwork,5,5,Egyptian,b-59-850,False,10,4000,2,exp1_permuted_src_datasets
947,202.88757514953613,1.0,1734563664.7350242,,0.2135964184999466,1.0,0.001,1,16,40x40,MatchingNetwork,5,5,Egyptian,b-59-850,False,10,4000,2,exp1_permuted_src_datasets
948,202.9320728778839,1.0,1734563664.779522,,0.2073698341846466,1.0,0.001,1,16,40x40,MatchingNetwork,5,5,Egyptian,b-59-850,False,10,4000,2,exp1_permuted_src_datasets
949,202.9764621257782,1.0,1734563664.8239112,,0.2503165900707245,1.0,0.001,1,16,40x40,MatchingNetwork,5,5,Egyptian,b-59-850,False,10,4000,2,exp1_permuted_src_datasets
950,203.02224445343018,1.0,1734563664.8696935,,0.22795307636260986,1.0,0.001,1,16,40x40,MatchingNetwork,5,5,Egyptian,b-59-850,False,10,4000,2,exp1_permuted_src_datasets
951,203.06614661216736,1.0,1734563664.9135957,,0.271329402923584,1.0,0.001,1,16,40x40,MatchingNetwork,5,5,Egyptian,b-59-850,False,10,4000,2,exp1_permuted_src_datasets
952,203.11016988754272,1.0,1734563664.957619,,0.22471654415130615,1.0,0.001,1,16,40x40,MatchingNetwork,5,5,Egyptian,b-59-850,False,10,4000,2,exp1_permuted_src_datasets
953,203.1549801826477,1.0,1734563665.0024292,,0.2297067493200302,1.0,0.001,1,16,40x40,MatchingNetwork,5,5,Egyptian,b-59-850,False,10,4000,2,exp1_permuted_src_datasets
954,203.19936299324036,1.0,1734563665.046812,,0.21811795234680176,1.0,0.001,1,16,40x40,MatchingNetwork,5,5,Egyptian,b-59-850,False,10,4000,2,exp1_permuted_src_datasets
955,203.24386739730835,1.0,1734563665.0913165,,0.21966612339019775,1.0,0.001,1,16,40x40,MatchingNetwork,5,5,Egyptian,b-59-850,False,10,4000,2,exp1_permuted_src_datasets
956,203.28922319412231,1.0,1734563665.1366723,,0.22018715739250183,1.0,0.001,1,16,40x40,MatchingNetwork,5,5,Egyptian,b-59-850,False,10,4000,2,exp1_permuted_src_datasets
957,203.3338234424591,1.0,1734563665.1812725,,0.29598599672317505,1.0,0.001,1,16,40x40,MatchingNetwork,5,5,Egyptian,b-59-850,False,10,4000,2,exp1_permuted_src_datasets
958,203.3785195350647,1.0,1734563665.2259686,,0.21361137926578522,1.0,0.001,1,16,40x40,MatchingNetwork,5,5,Egyptian,b-59-850,False,10,4000,2,exp1_permuted_src_datasets
959,203.42339158058167,1.0,1734563665.2708406,,0.21928396821022034,1.0,0.001,1,16,40x40,MatchingNetwork,5,5,Egyptian,b-59-850,False,10,4000,2,exp1_permuted_src_datasets
960,203.46798467636108,1.0,1734563665.3154337,,0.21021588146686554,1.0,0.001,1,16,40x40,MatchingNetwork,5,5,Egyptian,b-59-850,False,10,4000,2,exp1_permuted_src_datasets
961,209.03072261810303,1.0,1734563670.8781717,0.872,,,0.001,1,16,40x40,MatchingNetwork,5,5,Egyptian,b-59-850,False,10,4000,2,exp1_permuted_src_datasets
962,214.49320363998413,1.0,1734563676.3406527,0.8815,,,0.001,1,16,40x40,MatchingNetwork,5,5,Egyptian,b-59-850,False,10,4000,2,exp1_permuted_src_datasets
963,214.51624035835266,1.0,1734563676.3636894,,0.22682616114616394,1.0,0.001,1,16,40x40,MatchingNetwork,5,5,Egyptian,b-59-850,False,10,4000,2,exp1_permuted_src_datasets
964,214.5605857372284,1.0,1734563676.4080348,,0.23666264116764069,1.0,0.001,1,16,40x40,MatchingNetwork,5,5,Egyptian,b-59-850,False,10,4000,2,exp1_permuted_src_datasets
965,214.60424661636353,1.0,1734563676.4516957,,0.21192194521427155,1.0,0.001,1,16,40x40,MatchingNetwork,5,5,Egyptian,b-59-850,False,10,4000,2,exp1_permuted_src_datasets
966,214.6492359638214,1.0,1734563676.496685,,0.22655823826789856,1.0,0.001,1,16,40x40,MatchingNetwork,5,5,Egyptian,b-59-850,False,10,4000,2,exp1_permuted_src_datasets
967,214.69363069534302,1.0,1734563676.5410798,,0.2359103560447693,1.0,0.001,1,16,40x40,MatchingNetwork,5,5,Egyptian,b-59-850,False,10,4000,2,exp1_permuted_src_datasets
968,214.73823475837708,1.0,1734563676.5856838,,0.2478061467409134,1.0,0.001,1,16,40x40,MatchingNetwork,5,5,Egyptian,b-59-850,False,10,4000,2,exp1_permuted_src_datasets
969,214.7839000225067,1.0,1734563676.631349,,0.1925211101770401,1.0,0.001,1,16,40x40,MatchingNetwork,5,5,Egyptian,b-59-850,False,10,4000,2,exp1_permuted_src_datasets
970,214.827707529068,1.0,1734563676.6751566,,0.2306787669658661,1.0,0.001,1,16,40x40,MatchingNetwork,5,5,Egyptian,b-59-850,False,10,4000,2,exp1_permuted_src_datasets
971,214.86998844146729,1.0,1734563676.7174375,,0.23126117885112762,1.0,0.001,1,16,40x40,MatchingNetwork,5,5,Egyptian,b-59-850,False,10,4000,2,exp1_permuted_src_datasets
972,214.91320252418518,1.0,1734563676.7606516,,0.22020848095417023,1.0,0.001,1,16,40x40,MatchingNetwork,5,5,Egyptian,b-59-850,False,10,4000,2,exp1_permuted_src_datasets
973,214.95626974105835,1.0,1734563676.8037188,,0.2318677008152008,1.0,0.001,1,16,40x40,MatchingNetwork,5,5,Egyptian,b-59-850,False,10,4000,2,exp1_permuted_src_datasets
974,215.00147223472595,1.0,1734563676.8489213,,0.22104041278362274,1.0,0.001,1,16,40x40,MatchingNetwork,5,5,Egyptian,b-59-850,False,10,4000,2,exp1_permuted_src_datasets
975,215.0461893081665,1.0,1734563676.8936384,,0.22199460864067078,1.0,0.001,1,16,40x40,MatchingNetwork,5,5,Egyptian,b-59-850,False,10,4000,2,exp1_permuted_src_datasets
976,215.08973336219788,1.0,1734563676.9371824,,0.2252206802368164,1.0,0.001,1,16,40x40,MatchingNetwork,5,5,Egyptian,b-59-850,False,10,4000,2,exp1_permuted_src_datasets
977,215.13291954994202,1.0,1734563676.9803686,,0.2557304799556732,1.0,0.001,1,16,40x40,MatchingNetwork,5,5,Egyptian,b-59-850,False,10,4000,2,exp1_permuted_src_datasets
978,215.1771857738495,1.0,1734563677.0246348,,0.25161999464035034,1.0,0.001,1,16,40x40,MatchingNetwork,5,5,Egyptian,b-59-850,False,10,4000,2,exp1_permuted_src_datasets
979,215.22139692306519,1.0,1734563677.068846,,0.23480521142482758,1.0,0.001,1,16,40x40,MatchingNetwork,5,5,Egyptian,b-59-850,False,10,4000,2,exp1_permuted_src_datasets
980,215.26566982269287,1.0,1734563677.113119,,0.27731263637542725,1.0,0.001,1,16,40x40,MatchingNetwork,5,5,Egyptian,b-59-850,False,10,4000,2,exp1_permuted_src_datasets
981,215.30984115600586,1.0,1734563677.1572902,,0.255829781293869,1.0,0.001,1,16,40x40,MatchingNetwork,5,5,Egyptian,b-59-850,False,10,4000,2,exp1_permuted_src_datasets
982,215.35376691818237,1.0,1734563677.201216,,0.2145686000585556,1.0,0.001,1,16,40x40,MatchingNetwork,5,5,Egyptian,b-59-850,False,10,4000,2,exp1_permuted_src_datasets
983,215.39768838882446,1.0,1734563677.2451375,,0.23753869533538818,1.0,0.001,1,16,40x40,MatchingNetwork,5,5,Egyptian,b-59-850,False,10,4000,2,exp1_permuted_src_datasets
984,215.44207549095154,1.0,1734563677.2895246,,0.21597787737846375,1.0,0.001,1,16,40x40,MatchingNetwork,5,5,Egyptian,b-59-850,False,10,4000,2,exp1_permuted_src_datasets
985,215.48628163337708,1.0,1734563677.3337307,,0.22729529440402985,1.0,0.001,1,16,40x40,MatchingNetwork,5,5,Egyptian,b-59-850,False,10,4000,2,exp1_permuted_src_datasets
986,215.5309338569641,1.0,1734563677.378383,,0.21002915501594543,1.0,0.001,1,16,40x40,MatchingNetwork,5,5,Egyptian,b-59-850,False,10,4000,2,exp1_permuted_src_datasets
987,215.57528686523438,1.0,1734563677.422736,,0.24468863010406494,1.0,0.001,1,16,40x40,MatchingNetwork,5,5,Egyptian,b-59-850,False,10,4000,2,exp1_permuted_src_datasets
988,215.61960220336914,1.0,1734563677.4670513,,0.22276543080806732,1.0,0.001,1,16,40x40,MatchingNetwork,5,5,Egyptian,b-59-850,False,10,4000,2,exp1_permuted_src_datasets
989,215.66374278068542,1.0,1734563677.5111918,,0.235293909907341,1.0,0.001,1,16,40x40,MatchingNetwork,5,5,Egyptian,b-59-850,False,10,4000,2,exp1_permuted_src_datasets
990,215.7103443145752,1.0,1734563677.5577934,,0.26599952578544617,1.0,0.001,1,16,40x40,MatchingNetwork,5,5,Egyptian,b-59-850,False,10,4000,2,exp1_permuted_src_datasets
991,215.75723934173584,1.0,1734563677.6046884,,0.24036601185798645,1.0,0.001,1,16,40x40,MatchingNetwork,5,5,Egyptian,b-59-850,False,10,4000,2,exp1_permuted_src_datasets
992,215.80217838287354,1.0,1734563677.6496274,,0.23972409963607788,1.0,0.001,1,16,40x40,MatchingNetwork,5,5,Egyptian,b-59-850,False,10,4000,2,exp1_permuted_src_datasets
993,215.8472044467926,1.0,1734563677.6946535,,0.2356530725955963,1.0,0.001,1,16,40x40,MatchingNetwork,5,5,Egyptian,b-59-850,False,10,4000,2,exp1_permuted_src_datasets
994,215.89160442352295,1.0,1734563677.7390535,,0.24730810523033142,1.0,0.001,1,16,40x40,MatchingNetwork,5,5,Egyptian,b-59-850,False,10,4000,2,exp1_permuted_src_datasets
995,215.93574929237366,1.0,1734563677.7831984,,0.21179163455963135,1.0,0.001,1,16,40x40,MatchingNetwork,5,5,Egyptian,b-59-850,False,10,4000,2,exp1_permuted_src_datasets
996,215.9813368320465,1.0,1734563677.828786,,0.24769769608974457,1.0,0.001,1,16,40x40,MatchingNetwork,5,5,Egyptian,b-59-850,False,10,4000,2,exp1_permuted_src_datasets
997,216.02543187141418,1.0,1734563677.872881,,0.2747825086116791,1.0,0.001,1,16,40x40,MatchingNetwork,5,5,Egyptian,b-59-850,False,10,4000,2,exp1_permuted_src_datasets
998,216.06942510604858,1.0,1734563677.9168742,,0.30417415499687195,1.0,0.001,1,16,40x40,MatchingNetwork,5,5,Egyptian,b-59-850,False,10,4000,2,exp1_permuted_src_datasets
999,216.11314153671265,1.0,1734563677.9605906,,0.2568114995956421,1.0,0.001,1,16,40x40,MatchingNetwork,5,5,Egyptian,b-59-850,False,10,4000,2,exp1_permuted_src_datasets
1000,216.1577832698822,1.0,1734563678.0052323,,0.2840886116027832,1.0,0.001,1,16,40x40,MatchingNetwork,5,5,Egyptian,b-59-850,False,10,4000,2,exp1_permuted_src_datasets
1001,216.20099306106567,1.0,1734563678.0484421,,0.22251009941101074,1.0,0.001,1,16,40x40,MatchingNetwork,5,5,Egyptian,b-59-850,False,10,4000,2,exp1_permuted_src_datasets
1002,216.24482822418213,1.0,1734563678.0922773,,0.23307585716247559,1.0,0.001,1,16,40x40,MatchingNetwork,5,5,Egyptian,b-59-850,False,10,4000,2,exp1_permuted_src_datasets
1003,216.28818082809448,1.0,1734563678.13563,,0.21135906875133514,1.0,0.001,1,16,40x40,MatchingNetwork,5,5,Egyptian,b-59-850,False,10,4000,2,exp1_permuted_src_datasets
1004,216.3316376209259,1.0,1734563678.1790867,,0.2508106231689453,1.0,0.001,1,16,40x40,MatchingNetwork,5,5,Egyptian,b-59-850,False,10,4000,2,exp1_permuted_src_datasets
1005,216.37572121620178,1.0,1734563678.2231703,,0.2466367781162262,1.0,0.001,1,16,40x40,MatchingNetwork,5,5,Egyptian,b-59-850,False,10,4000,2,exp1_permuted_src_datasets
1006,216.4195773601532,1.0,1734563678.2670264,,0.23000656068325043,1.0,0.001,1,16,40x40,MatchingNetwork,5,5,Egyptian,b-59-850,False,10,4000,2,exp1_permuted_src_datasets
1007,216.46300220489502,1.0,1734563678.3104513,,0.20635837316513062,1.0,0.001,1,16,40x40,MatchingNetwork,5,5,Egyptian,b-59-850,False,10,4000,2,exp1_permuted_src_datasets
1008,216.51152920722961,1.0,1734563678.3589783,,0.23945802450180054,1.0,0.001,1,16,40x40,MatchingNetwork,5,5,Egyptian,b-59-850,False,10,4000,2,exp1_permuted_src_datasets
1009,216.55685472488403,1.0,1734563678.4043038,,0.22944262623786926,1.0,0.001,1,16,40x40,MatchingNetwork,5,5,Egyptian,b-59-850,False,10,4000,2,exp1_permuted_src_datasets
1010,216.6010217666626,1.0,1734563678.4484708,,0.2746181786060333,1.0,0.001,1,16,40x40,MatchingNetwork,5,5,Egyptian,b-59-850,False,10,4000,2,exp1_permuted_src_datasets
1011,216.64550065994263,1.0,1734563678.4929497,,0.2336927205324173,1.0,0.001,1,16,40x40,MatchingNetwork,5,5,Egyptian,b-59-850,False,10,4000,2,exp1_permuted_src_datasets
1012,216.6908073425293,1.0,1734563678.5382564,,0.26386407017707825,1.0,0.001,1,16,40x40,MatchingNetwork,5,5,Egyptian,b-59-850,False,10,4000,2,exp1_permuted_src_datasets
1013,216.7357451915741,1.0,1734563678.5831943,,0.22460874915122986,1.0,0.001,1,16,40x40,MatchingNetwork,5,5,Egyptian,b-59-850,False,10,4000,2,exp1_permuted_src_datasets
1014,216.77978658676147,1.0,1734563678.6272357,,0.20970556139945984,1.0,0.001,1,16,40x40,MatchingNetwork,5,5,Egyptian,b-59-850,False,10,4000,2,exp1_permuted_src_datasets
1015,216.82397842407227,1.0,1734563678.6714275,,0.246734619140625,1.0,0.001,1,16,40x40,MatchingNetwork,5,5,Egyptian,b-59-850,False,10,4000,2,exp1_permuted_src_datasets
1016,216.86923122406006,1.0,1734563678.7166803,,0.24053272604942322,1.0,0.001,1,16,40x40,MatchingNetwork,5,5,Egyptian,b-59-850,False,10,4000,2,exp1_permuted_src_datasets
1017,216.9128646850586,1.0,1734563678.7603137,,0.2114136666059494,1.0,0.001,1,16,40x40,MatchingNetwork,5,5,Egyptian,b-59-850,False,10,4000,2,exp1_permuted_src_datasets
1018,216.9571123123169,1.0,1734563678.8045614,,0.20247679948806763,1.0,0.001,1,16,40x40,MatchingNetwork,5,5,Egyptian,b-59-850,False,10,4000,2,exp1_permuted_src_datasets
1019,217.0007152557373,1.0,1734563678.8481643,,0.22709232568740845,1.0,0.001,1,16,40x40,MatchingNetwork,5,5,Egyptian,b-59-850,False,10,4000,2,exp1_permuted_src_datasets
1020,217.0447461605072,1.0,1734563678.8921952,,0.23241081833839417,1.0,0.001,1,16,40x40,MatchingNetwork,5,5,Egyptian,b-59-850,False,10,4000,2,exp1_permuted_src_datasets
1021,217.08883213996887,1.0,1734563678.9362812,,0.20197457075119019,1.0,0.001,1,16,40x40,MatchingNetwork,5,5,Egyptian,b-59-850,False,10,4000,2,exp1_permuted_src_datasets
1022,217.1336545944214,1.0,1734563678.9811037,,0.2669815123081207,1.0,0.001,1,16,40x40,MatchingNetwork,5,5,Egyptian,b-59-850,False,10,4000,2,exp1_permuted_src_datasets
1023,217.17801547050476,1.0,1734563679.0254645,,0.22355706989765167,1.0,0.001,1,16,40x40,MatchingNetwork,5,5,Egyptian,b-59-850,False,10,4000,2,exp1_permuted_src_datasets
1024,217.22198295593262,1.0,1734563679.069432,,0.23938298225402832,1.0,0.001,1,16,40x40,MatchingNetwork,5,5,Egyptian,b-59-850,False,10,4000,2,exp1_permuted_src_datasets
1025,222.7846553325653,1.0,1734563684.6321044,0.87875,,,0.001,1,16,40x40,MatchingNetwork,5,5,Egyptian,b-59-850,False,10,4000,2,exp1_permuted_src_datasets
1026,228.3172562122345,1.0,1734563690.1647053,0.881,,,0.001,1,16,40x40,MatchingNetwork,5,5,Egyptian,b-59-850,False,10,4000,2,exp1_permuted_src_datasets
1027,228.34129548072815,1.0,1734563690.1887445,,0.24528354406356812,1.0,0.001,1,16,40x40,MatchingNetwork,5,5,Egyptian,b-59-850,False,10,4000,2,exp1_permuted_src_datasets
1028,228.38646054267883,1.0,1734563690.2339096,,0.25711962580680847,1.0,0.001,1,16,40x40,MatchingNetwork,5,5,Egyptian,b-59-850,False,10,4000,2,exp1_permuted_src_datasets
1029,228.4321484565735,1.0,1734563690.2795975,,0.26671355962753296,1.0,0.001,1,16,40x40,MatchingNetwork,5,5,Egyptian,b-59-850,False,10,4000,2,exp1_permuted_src_datasets
1030,228.47791457176208,1.0,1734563690.3253636,,0.22984014451503754,1.0,0.001,1,16,40x40,MatchingNetwork,5,5,Egyptian,b-59-850,False,10,4000,2,exp1_permuted_src_datasets
1031,228.52342438697815,1.0,1734563690.3708735,,0.21260987222194672,1.0,0.001,1,16,40x40,MatchingNetwork,5,5,Egyptian,b-59-850,False,10,4000,2,exp1_permuted_src_datasets
1032,228.56919360160828,1.0,1734563690.4166427,,0.27724719047546387,1.0,0.001,1,16,40x40,MatchingNetwork,5,5,Egyptian,b-59-850,False,10,4000,2,exp1_permuted_src_datasets
1033,228.6152355670929,1.0,1734563690.4626846,,0.2555283308029175,1.0,0.001,1,16,40x40,MatchingNetwork,5,5,Egyptian,b-59-850,False,10,4000,2,exp1_permuted_src_datasets
1034,228.65905165672302,1.0,1734563690.5065007,,0.21714739501476288,1.0,0.001,1,16,40x40,MatchingNetwork,5,5,Egyptian,b-59-850,False,10,4000,2,exp1_permuted_src_datasets
1035,228.7025556564331,1.0,1734563690.5500047,,0.2468077391386032,1.0,0.001,1,16,40x40,MatchingNetwork,5,5,Egyptian,b-59-850,False,10,4000,2,exp1_permuted_src_datasets
1036,228.74775624275208,1.0,1734563690.5952053,,0.20392818748950958,1.0,0.001,1,16,40x40,MatchingNetwork,5,5,Egyptian,b-59-850,False,10,4000,2,exp1_permuted_src_datasets
1037,228.79220938682556,1.0,1734563690.6396585,,0.22102868556976318,1.0,0.001,1,16,40x40,MatchingNetwork,5,5,Egyptian,b-59-850,False,10,4000,2,exp1_permuted_src_datasets
1038,228.83697509765625,1.0,1734563690.6844242,,0.21471714973449707,1.0,0.001,1,16,40x40,MatchingNetwork,5,5,Egyptian,b-59-850,False,10,4000,2,exp1_permuted_src_datasets
1039,228.8828728199005,1.0,1734563690.730322,,0.27423253655433655,1.0,0.001,1,16,40x40,MatchingNetwork,5,5,Egyptian,b-59-850,False,10,4000,2,exp1_permuted_src_datasets
1040,228.92832350730896,1.0,1734563690.7757726,,0.21858255565166473,1.0,0.001,1,16,40x40,MatchingNetwork,5,5,Egyptian,b-59-850,False,10,4000,2,exp1_permuted_src_datasets
1041,228.97328925132751,1.0,1734563690.8207383,,0.2350173443555832,1.0,0.001,1,16,40x40,MatchingNetwork,5,5,Egyptian,b-59-850,False,10,4000,2,exp1_permuted_src_datasets
1042,229.01768255233765,1.0,1734563690.8651316,,0.2390051782131195,1.0,0.001,1,16,40x40,MatchingNetwork,5,5,Egyptian,b-59-850,False,10,4000,2,exp1_permuted_src_datasets
1043,229.06220602989197,1.0,1734563690.909655,,0.2340582311153412,1.0,0.001,1,16,40x40,MatchingNetwork,5,5,Egyptian,b-59-850,False,10,4000,2,exp1_permuted_src_datasets
1044,229.1069164276123,1.0,1734563690.9543655,,0.24064871668815613,1.0,0.001,1,16,40x40,MatchingNetwork,5,5,Egyptian,b-59-850,False,10,4000,2,exp1_permuted_src_datasets
1045,229.1526391506195,1.0,1734563691.0000882,,0.21935869753360748,1.0,0.001,1,16,40x40,MatchingNetwork,5,5,Egyptian,b-59-850,False,10,4000,2,exp1_permuted_src_datasets
1046,229.19834232330322,1.0,1734563691.0457914,,0.22506235539913177,1.0,0.001,1,16,40x40,MatchingNetwork,5,5,Egyptian,b-59-850,False,10,4000,2,exp1_permuted_src_datasets
1047,229.2425513267517,1.0,1734563691.0900004,,0.22730877995491028,1.0,0.001,1,16,40x40,MatchingNetwork,5,5,Egyptian,b-59-850,False,10,4000,2,exp1_permuted_src_datasets
1048,229.2870078086853,1.0,1734563691.1344569,,0.2334631383419037,1.0,0.001,1,16,40x40,MatchingNetwork,5,5,Egyptian,b-59-850,False,10,4000,2,exp1_permuted_src_datasets
1049,229.33080983161926,1.0,1734563691.178259,,0.2359337955713272,1.0,0.001,1,16,40x40,MatchingNetwork,5,5,Egyptian,b-59-850,False,10,4000,2,exp1_permuted_src_datasets
1050,229.37630367279053,1.0,1734563691.2237527,,0.2756176292896271,1.0,0.001,1,16,40x40,MatchingNetwork,5,5,Egyptian,b-59-850,False,10,4000,2,exp1_permuted_src_datasets
1051,229.42043900489807,1.0,1734563691.267888,,0.22209931910037994,1.0,0.001,1,16,40x40,MatchingNetwork,5,5,Egyptian,b-59-850,False,10,4000,2,exp1_permuted_src_datasets
1052,229.4651801586151,1.0,1734563691.3126292,,0.24755212664604187,1.0,0.001,1,16,40x40,MatchingNetwork,5,5,Egyptian,b-59-850,False,10,4000,2,exp1_permuted_src_datasets
1053,229.51514840126038,1.0,1734563691.3625975,,0.20806273818016052,1.0,0.001,1,16,40x40,MatchingNetwork,5,5,Egyptian,b-59-850,False,10,4000,2,exp1_permuted_src_datasets
1054,229.56022381782532,1.0,1734563691.407673,,0.2172822207212448,1.0,0.001,1,16,40x40,MatchingNetwork,5,5,Egyptian,b-59-850,False,10,4000,2,exp1_permuted_src_datasets
1055,229.60428667068481,1.0,1734563691.4517357,,0.21173594892024994,1.0,0.001,1,16,40x40,MatchingNetwork,5,5,Egyptian,b-59-850,False,10,4000,2,exp1_permuted_src_datasets
1056,229.6498670578003,1.0,1734563691.4973161,,0.2073379009962082,1.0,0.001,1,16,40x40,MatchingNetwork,5,5,Egyptian,b-59-850,False,10,4000,2,exp1_permuted_src_datasets
1057,229.69521951675415,1.0,1734563691.5426686,,0.2597261369228363,1.0,0.001,1,16,40x40,MatchingNetwork,5,5,Egyptian,b-59-850,False,10,4000,2,exp1_permuted_src_datasets
1058,229.74008011817932,1.0,1734563691.5875292,,0.21467535197734833,1.0,0.001,1,16,40x40,MatchingNetwork,5,5,Egyptian,b-59-850,False,10,4000,2,exp1_permuted_src_datasets
1059,229.78541350364685,1.0,1734563691.6328626,,0.24037568271160126,1.0,0.001,1,16,40x40,MatchingNetwork,5,5,Egyptian,b-59-850,False,10,4000,2,exp1_permuted_src_datasets
1060,229.8302628993988,1.0,1734563691.677712,,0.2531457841396332,1.0,0.001,1,16,40x40,MatchingNetwork,5,5,Egyptian,b-59-850,False,10,4000,2,exp1_permuted_src_datasets
1061,229.87588787078857,1.0,1734563691.723337,,0.28554606437683105,1.0,0.001,1,16,40x40,MatchingNetwork,5,5,Egyptian,b-59-850,False,10,4000,2,exp1_permuted_src_datasets
1062,229.92068576812744,1.0,1734563691.7681348,,0.25179171562194824,1.0,0.001,1,16,40x40,MatchingNetwork,5,5,Egyptian,b-59-850,False,10,4000,2,exp1_permuted_src_datasets
1063,229.96554899215698,1.0,1734563691.812998,,0.21481193602085114,1.0,0.001,1,16,40x40,MatchingNetwork,5,5,Egyptian,b-59-850,False,10,4000,2,exp1_permuted_src_datasets
1064,230.01012063026428,1.0,1734563691.8575697,,0.26333341002464294,1.0,0.001,1,16,40x40,MatchingNetwork,5,5,Egyptian,b-59-850,False,10,4000,2,exp1_permuted_src_datasets
1065,230.0548722743988,1.0,1734563691.9023213,,0.22899241745471954,1.0,0.001,1,16,40x40,MatchingNetwork,5,5,Egyptian,b-59-850,False,10,4000,2,exp1_permuted_src_datasets
1066,230.10059452056885,1.0,1734563691.9480436,,0.20571713149547577,1.0,0.001,1,16,40x40,MatchingNetwork,5,5,Egyptian,b-59-850,False,10,4000,2,exp1_permuted_src_datasets
1067,230.14582443237305,1.0,1734563691.9932735,,0.21172386407852173,1.0,0.001,1,16,40x40,MatchingNetwork,5,5,Egyptian,b-59-850,False,10,4000,2,exp1_permuted_src_datasets
1068,230.19077324867249,1.0,1734563692.0382223,,0.21748340129852295,1.0,0.001,1,16,40x40,MatchingNetwork,5,5,Egyptian,b-59-850,False,10,4000,2,exp1_permuted_src_datasets
1069,230.23555707931519,1.0,1734563692.0830061,,0.222743958234787,1.0,0.001,1,16,40x40,MatchingNetwork,5,5,Egyptian,b-59-850,False,10,4000,2,exp1_permuted_src_datasets
1070,230.28118705749512,1.0,1734563692.1286361,,0.21981102228164673,1.0,0.001,1,16,40x40,MatchingNetwork,5,5,Egyptian,b-59-850,False,10,4000,2,exp1_permuted_src_datasets
1071,230.32645535469055,1.0,1734563692.1739044,,0.22971946001052856,1.0,0.001,1,16,40x40,MatchingNetwork,5,5,Egyptian,b-59-850,False,10,4000,2,exp1_permuted_src_datasets
1072,230.37126398086548,1.0,1734563692.218713,,0.23975935578346252,1.0,0.001,1,16,40x40,MatchingNetwork,5,5,Egyptian,b-59-850,False,10,4000,2,exp1_permuted_src_datasets
1073,230.41629552841187,1.0,1734563692.2637446,,0.22238515317440033,1.0,0.001,1,16,40x40,MatchingNetwork,5,5,Egyptian,b-59-850,False,10,4000,2,exp1_permuted_src_datasets
1074,230.4614429473877,1.0,1734563692.308892,,0.2512972056865692,1.0,0.001,1,16,40x40,MatchingNetwork,5,5,Egyptian,b-59-850,False,10,4000,2,exp1_permuted_src_datasets
1075,230.50603723526,1.0,1734563692.3534863,,0.24201643466949463,1.0,0.001,1,16,40x40,MatchingNetwork,5,5,Egyptian,b-59-850,False,10,4000,2,exp1_permuted_src_datasets
1076,230.5509054660797,1.0,1734563692.3983545,,0.22457349300384521,1.0,0.001,1,16,40x40,MatchingNetwork,5,5,Egyptian,b-59-850,False,10,4000,2,exp1_permuted_src_datasets
1077,230.5966100692749,1.0,1734563692.4440591,,0.23501501977443695,1.0,0.001,1,16,40x40,MatchingNetwork,5,5,Egyptian,b-59-850,False,10,4000,2,exp1_permuted_src_datasets
1078,230.64197444915771,1.0,1734563692.4894235,,0.2316114455461502,1.0,0.001,1,16,40x40,MatchingNetwork,5,5,Egyptian,b-59-850,False,10,4000,2,exp1_permuted_src_datasets
1079,230.68629455566406,1.0,1734563692.5337436,,0.2574737071990967,1.0,0.001,1,16,40x40,MatchingNetwork,5,5,Egyptian,b-59-850,False,10,4000,2,exp1_permuted_src_datasets
1080,230.73137640953064,1.0,1734563692.5788255,,0.246949702501297,1.0,0.001,1,16,40x40,MatchingNetwork,5,5,Egyptian,b-59-850,False,10,4000,2,exp1_permuted_src_datasets
1081,230.7760624885559,1.0,1734563692.6235116,,0.24106761813163757,1.0,0.001,1,16,40x40,MatchingNetwork,5,5,Egyptian,b-59-850,False,10,4000,2,exp1_permuted_src_datasets
1082,230.82125616073608,1.0,1734563692.6687052,,0.20355819165706635,1.0,0.001,1,16,40x40,MatchingNetwork,5,5,Egyptian,b-59-850,False,10,4000,2,exp1_permuted_src_datasets
1083,230.86598563194275,1.0,1734563692.7134347,,0.2060820311307907,1.0,0.001,1,16,40x40,MatchingNetwork,5,5,Egyptian,b-59-850,False,10,4000,2,exp1_permuted_src_datasets
1084,230.91208600997925,1.0,1734563692.759535,,0.24042102694511414,1.0,0.001,1,16,40x40,MatchingNetwork,5,5,Egyptian,b-59-850,False,10,4000,2,exp1_permuted_src_datasets
1085,230.9569342136383,1.0,1734563692.8043833,,0.22455599904060364,1.0,0.001,1,16,40x40,MatchingNetwork,5,5,Egyptian,b-59-850,False,10,4000,2,exp1_permuted_src_datasets
1086,231.00224995613098,1.0,1734563692.849699,,0.20894448459148407,1.0,0.001,1,16,40x40,MatchingNetwork,5,5,Egyptian,b-59-850,False,10,4000,2,exp1_permuted_src_datasets
1087,231.0472149848938,1.0,1734563692.894664,,0.21421808004379272,1.0,0.001,1,16,40x40,MatchingNetwork,5,5,Egyptian,b-59-850,False,10,4000,2,exp1_permuted_src_datasets
1088,231.09225010871887,1.0,1734563692.9396992,,0.19585400819778442,1.0,0.001,1,16,40x40,MatchingNetwork,5,5,Egyptian,b-59-850,False,10,4000,2,exp1_permuted_src_datasets
1089,236.57765245437622,1.0,1734563698.4251015,0.88475,,,0.001,1,16,40x40,MatchingNetwork,5,5,Egyptian,b-59-850,False,10,4000,2,exp1_permuted_src_datasets
1090,242.08814477920532,1.0,1734563703.9355938,0.88125,,,0.001,1,16,40x40,MatchingNetwork,5,5,Egyptian,b-59-850,False,10,4000,2,exp1_permuted_src_datasets
1091,242.11207938194275,1.0,1734563703.9595284,,0.19837380945682526,1.0,0.001,1,16,40x40,MatchingNetwork,5,5,Egyptian,b-59-850,False,10,4000,2,exp1_permuted_src_datasets
1092,242.1626546382904,1.0,1734563704.0101037,,0.1954108625650406,1.0,0.001,1,16,40x40,MatchingNetwork,5,5,Egyptian,b-59-850,False,10,4000,2,exp1_permuted_src_datasets
1093,242.20971965789795,1.0,1734563704.0571687,,0.2479860931634903,1.0,0.001,1,16,40x40,MatchingNetwork,5,5,Egyptian,b-59-850,False,10,4000,2,exp1_permuted_src_datasets
1094,242.2543909549713,1.0,1734563704.10184,,0.2162885218858719,1.0,0.001,1,16,40x40,MatchingNetwork,5,5,Egyptian,b-59-850,False,10,4000,2,exp1_permuted_src_datasets
1095,242.29908394813538,1.0,1734563704.146533,,0.26395195722579956,1.0,0.001,1,16,40x40,MatchingNetwork,5,5,Egyptian,b-59-850,False,10,4000,2,exp1_permuted_src_datasets
1096,242.34385871887207,1.0,1734563704.1913078,,0.203873872756958,1.0,0.001,1,16,40x40,MatchingNetwork,5,5,Egyptian,b-59-850,False,10,4000,2,exp1_permuted_src_datasets
1097,242.38841724395752,1.0,1734563704.2358663,,0.26424747705459595,1.0,0.001,1,16,40x40,MatchingNetwork,5,5,Egyptian,b-59-850,False,10,4000,2,exp1_permuted_src_datasets
1098,242.43337440490723,1.0,1734563704.2808235,,0.2199990302324295,1.0,0.001,1,16,40x40,MatchingNetwork,5,5,Egyptian,b-59-850,False,10,4000,2,exp1_permuted_src_datasets
1099,242.47852444648743,1.0,1734563704.3259735,,0.2561562955379486,1.0,0.001,1,16,40x40,MatchingNetwork,5,5,Egyptian,b-59-850,False,10,4000,2,exp1_permuted_src_datasets
1100,242.52323293685913,1.0,1734563704.370682,,0.25579729676246643,1.0,0.001,1,16,40x40,MatchingNetwork,5,5,Egyptian,b-59-850,False,10,4000,2,exp1_permuted_src_datasets
1101,242.56850123405457,1.0,1734563704.4159503,,0.2482876032590866,1.0,0.001,1,16,40x40,MatchingNetwork,5,5,Egyptian,b-59-850,False,10,4000,2,exp1_permuted_src_datasets
1102,242.61340928077698,1.0,1734563704.4608583,,0.22774328291416168,1.0,0.001,1,16,40x40,MatchingNetwork,5,5,Egyptian,b-59-850,False,10,4000,2,exp1_permuted_src_datasets
1103,242.657488822937,1.0,1734563704.504938,,0.2275961935520172,1.0,0.001,1,16,40x40,MatchingNetwork,5,5,Egyptian,b-59-850,False,10,4000,2,exp1_permuted_src_datasets
1104,242.70201873779297,1.0,1734563704.5494678,,0.25951746106147766,1.0,0.001,1,16,40x40,MatchingNetwork,5,5,Egyptian,b-59-850,False,10,4000,2,exp1_permuted_src_datasets
1105,242.74692678451538,1.0,1734563704.5943758,,0.20297181606292725,1.0,0.001,1,16,40x40,MatchingNetwork,5,5,Egyptian,b-59-850,False,10,4000,2,exp1_permuted_src_datasets
1106,242.791339635849,1.0,1734563704.6387887,,0.25666019320487976,1.0,0.001,1,16,40x40,MatchingNetwork,5,5,Egyptian,b-59-850,False,10,4000,2,exp1_permuted_src_datasets
1107,242.83592414855957,1.0,1734563704.6833732,,0.23039571940898895,1.0,0.001,1,16,40x40,MatchingNetwork,5,5,Egyptian,b-59-850,False,10,4000,2,exp1_permuted_src_datasets
1108,242.88645792007446,1.0,1734563704.733907,,0.25338825583457947,1.0,0.001,1,16,40x40,MatchingNetwork,5,5,Egyptian,b-59-850,False,10,4000,2,exp1_permuted_src_datasets
1109,242.93101334571838,1.0,1734563704.7784624,,0.2525133192539215,1.0,0.001,1,16,40x40,MatchingNetwork,5,5,Egyptian,b-59-850,False,10,4000,2,exp1_permuted_src_datasets
1110,242.97558307647705,1.0,1734563704.8230321,,0.23805978894233704,1.0,0.001,1,16,40x40,MatchingNetwork,5,5,Egyptian,b-59-850,False,10,4000,2,exp1_permuted_src_datasets
1111,243.01978850364685,1.0,1734563704.8672376,,0.22851046919822693,1.0,0.001,1,16,40x40,MatchingNetwork,5,5,Egyptian,b-59-850,False,10,4000,2,exp1_permuted_src_datasets
1112,243.06394004821777,1.0,1734563704.911389,,0.2632884681224823,1.0,0.001,1,16,40x40,MatchingNetwork,5,5,Egyptian,b-59-850,False,10,4000,2,exp1_permuted_src_datasets
1113,243.10793018341064,1.0,1734563704.9553792,,0.20529794692993164,1.0,0.001,1,16,40x40,MatchingNetwork,5,5,Egyptian,b-59-850,False,10,4000,2,exp1_permuted_src_datasets
1114,243.15205001831055,1.0,1734563704.999499,,0.27852654457092285,1.0,0.001,1,16,40x40,MatchingNetwork,5,5,Egyptian,b-59-850,False,10,4000,2,exp1_permuted_src_datasets
1115,243.19739508628845,1.0,1734563705.0448442,,0.24976462125778198,1.0,0.001,1,16,40x40,MatchingNetwork,5,5,Egyptian,b-59-850,False,10,4000,2,exp1_permuted_src_datasets
1116,243.24143314361572,1.0,1734563705.0888822,,0.19973696768283844,1.0,0.001,1,16,40x40,MatchingNetwork,5,5,Egyptian,b-59-850,False,10,4000,2,exp1_permuted_src_datasets
1117,243.28651070594788,1.0,1734563705.1339598,,0.22438174486160278,1.0,0.001,1,16,40x40,MatchingNetwork,5,5,Egyptian,b-59-850,False,10,4000,2,exp1_permuted_src_datasets
1118,243.33074164390564,1.0,1734563705.1781907,,0.2540415823459625,1.0,0.001,1,16,40x40,MatchingNetwork,5,5,Egyptian,b-59-850,False,10,4000,2,exp1_permuted_src_datasets
1119,243.37479972839355,1.0,1734563705.2222488,,0.23195210099220276,1.0,0.001,1,16,40x40,MatchingNetwork,5,5,Egyptian,b-59-850,False,10,4000,2,exp1_permuted_src_datasets
1120,243.41926264762878,1.0,1734563705.2667117,,0.2754584550857544,1.0,0.001,1,16,40x40,MatchingNetwork,5,5,Egyptian,b-59-850,False,10,4000,2,exp1_permuted_src_datasets
1121,243.4642722606659,1.0,1734563705.3117213,,0.20485664904117584,1.0,0.001,1,16,40x40,MatchingNetwork,5,5,Egyptian,b-59-850,False,10,4000,2,exp1_permuted_src_datasets
1122,243.5080008506775,1.0,1734563705.35545,,0.2628529667854309,1.0,0.001,1,16,40x40,MatchingNetwork,5,5,Egyptian,b-59-850,False,10,4000,2,exp1_permuted_src_datasets
1123,243.5522928237915,1.0,1734563705.399742,,0.19362904131412506,1.0,0.001,1,16,40x40,MatchingNetwork,5,5,Egyptian,b-59-850,False,10,4000,2,exp1_permuted_src_datasets
1124,243.59660243988037,1.0,1734563705.4440515,,0.2099122703075409,1.0,0.001,1,16,40x40,MatchingNetwork,5,5,Egyptian,b-59-850,False,10,4000,2,exp1_permuted_src_datasets
1125,243.64077401161194,1.0,1734563705.488223,,0.23794662952423096,1.0,0.001,1,16,40x40,MatchingNetwork,5,5,Egyptian,b-59-850,False,10,4000,2,exp1_permuted_src_datasets
1126,243.6850345134735,1.0,1734563705.5324836,,0.24208275973796844,1.0,0.001,1,16,40x40,MatchingNetwork,5,5,Egyptian,b-59-850,False,10,4000,2,exp1_permuted_src_datasets
1127,243.72909331321716,1.0,1734563705.5765424,,0.22938299179077148,1.0,0.001,1,16,40x40,MatchingNetwork,5,5,Egyptian,b-59-850,False,10,4000,2,exp1_permuted_src_datasets
1128,243.77359127998352,1.0,1734563705.6210403,,0.22087854146957397,1.0,0.001,1,16,40x40,MatchingNetwork,5,5,Egyptian,b-59-850,False,10,4000,2,exp1_permuted_src_datasets
1129,243.8178732395172,1.0,1734563705.6653223,,0.19072037935256958,1.0,0.001,1,16,40x40,MatchingNetwork,5,5,Egyptian,b-59-850,False,10,4000,2,exp1_permuted_src_datasets
1130,243.86336874961853,1.0,1734563705.7108178,,0.19602109491825104,1.0,0.001,1,16,40x40,MatchingNetwork,5,5,Egyptian,b-59-850,False,10,4000,2,exp1_permuted_src_datasets
1131,243.907532453537,1.0,1734563705.7549815,,0.2124728113412857,1.0,0.001,1,16,40x40,MatchingNetwork,5,5,Egyptian,b-59-850,False,10,4000,2,exp1_permuted_src_datasets
1132,243.95158314704895,1.0,1734563705.7990322,,0.25627174973487854,1.0,0.001,1,16,40x40,MatchingNetwork,5,5,Egyptian,b-59-850,False,10,4000,2,exp1_permuted_src_datasets
1133,243.99565243721008,1.0,1734563705.8431015,,0.21513015031814575,1.0,0.001,1,16,40x40,MatchingNetwork,5,5,Egyptian,b-59-850,False,10,4000,2,exp1_permuted_src_datasets
1134,244.03988242149353,1.0,1734563705.8873315,,0.23716703057289124,1.0,0.001,1,16,40x40,MatchingNetwork,5,5,Egyptian,b-59-850,False,10,4000,2,exp1_permuted_src_datasets
1135,244.08364510536194,1.0,1734563705.9310942,,0.23686626553535461,1.0,0.001,1,16,40x40,MatchingNetwork,5,5,Egyptian,b-59-850,False,10,4000,2,exp1_permuted_src_datasets
1136,244.13001942634583,1.0,1734563705.9774685,,0.23157191276550293,1.0,0.001,1,16,40x40,MatchingNetwork,5,5,Egyptian,b-59-850,False,10,4000,2,exp1_permuted_src_datasets
1137,244.179536819458,1.0,1734563706.026986,,0.21752749383449554,1.0,0.001,1,16,40x40,MatchingNetwork,5,5,Egyptian,b-59-850,False,10,4000,2,exp1_permuted_src_datasets
1138,244.2232322692871,1.0,1734563706.0706813,,0.21648943424224854,1.0,0.001,1,16,40x40,MatchingNetwork,5,5,Egyptian,b-59-850,False,10,4000,2,exp1_permuted_src_datasets
1139,244.26745510101318,1.0,1734563706.1149042,,0.23825453221797943,1.0,0.001,1,16,40x40,MatchingNetwork,5,5,Egyptian,b-59-850,False,10,4000,2,exp1_permuted_src_datasets
1140,244.31150317192078,1.0,1734563706.1589522,,0.2590460181236267,1.0,0.001,1,16,40x40,MatchingNetwork,5,5,Egyptian,b-59-850,False,10,4000,2,exp1_permuted_src_datasets
1141,244.3555817604065,1.0,1734563706.2030308,,0.2093002051115036,1.0,0.001,1,16,40x40,MatchingNetwork,5,5,Egyptian,b-59-850,False,10,4000,2,exp1_permuted_src_datasets
1142,244.39933156967163,1.0,1734563706.2467806,,0.2319316864013672,1.0,0.001,1,16,40x40,MatchingNetwork,5,5,Egyptian,b-59-850,False,10,4000,2,exp1_permuted_src_datasets
1143,244.4432716369629,1.0,1734563706.2907207,,0.22091007232666016,1.0,0.001,1,16,40x40,MatchingNetwork,5,5,Egyptian,b-59-850,False,10,4000,2,exp1_permuted_src_datasets
1144,244.48736453056335,1.0,1734563706.3348136,,0.22696878015995026,1.0,0.001,1,16,40x40,MatchingNetwork,5,5,Egyptian,b-59-850,False,10,4000,2,exp1_permuted_src_datasets
1145,244.53127789497375,1.0,1734563706.378727,,0.21599669754505157,1.0,0.001,1,16,40x40,MatchingNetwork,5,5,Egyptian,b-59-850,False,10,4000,2,exp1_permuted_src_datasets
1146,244.58043670654297,1.0,1734563706.4278858,,0.20783832669258118,1.0,0.001,1,16,40x40,MatchingNetwork,5,5,Egyptian,b-59-850,False,10,4000,2,exp1_permuted_src_datasets
1147,244.62605786323547,1.0,1734563706.473507,,0.2494942843914032,1.0,0.001,1,16,40x40,MatchingNetwork,5,5,Egyptian,b-59-850,False,10,4000,2,exp1_permuted_src_datasets
1148,244.67012858390808,1.0,1734563706.5175776,,0.1905808448791504,1.0,0.001,1,16,40x40,MatchingNetwork,5,5,Egyptian,b-59-850,False,10,4000,2,exp1_permuted_src_datasets
1149,244.71356534957886,1.0,1734563706.5610144,,0.2011016458272934,1.0,0.001,1,16,40x40,MatchingNetwork,5,5,Egyptian,b-59-850,False,10,4000,2,exp1_permuted_src_datasets
1150,244.75812005996704,1.0,1734563706.6055691,,0.21948081254959106,1.0,0.001,1,16,40x40,MatchingNetwork,5,5,Egyptian,b-59-850,False,10,4000,2,exp1_permuted_src_datasets
1151,244.80159211158752,1.0,1734563706.6490412,,0.22525450587272644,1.0,0.001,1,16,40x40,MatchingNetwork,5,5,Egyptian,b-59-850,False,10,4000,2,exp1_permuted_src_datasets
1152,244.84534120559692,1.0,1734563706.6927903,,0.21338210999965668,1.0,0.001,1,16,40x40,MatchingNetwork,5,5,Egyptian,b-59-850,False,10,4000,2,exp1_permuted_src_datasets
1153,250.40012502670288,1.0,1734563712.247574,0.88325,,,0.001,1,16,40x40,MatchingNetwork,5,5,Egyptian,b-59-850,False,10,4000,2,exp1_permuted_src_datasets
1154,255.94790959358215,1.0,1734563717.7953587,0.87575,,,0.001,1,16,40x40,MatchingNetwork,5,5,Egyptian,b-59-850,False,10,4000,2,exp1_permuted_src_datasets
1155,255.97068214416504,1.0,1734563717.8181312,,0.22462382912635803,1.0,0.001,1,16,40x40,MatchingNetwork,5,5,Egyptian,b-59-850,False,10,4000,2,exp1_permuted_src_datasets
1156,256.01599383354187,1.0,1734563717.863443,,0.2550925612449646,1.0,0.001,1,16,40x40,MatchingNetwork,5,5,Egyptian,b-59-850,False,10,4000,2,exp1_permuted_src_datasets
1157,256.0605835914612,1.0,1734563717.9080327,,0.21737129986286163,1.0,0.001,1,16,40x40,MatchingNetwork,5,5,Egyptian,b-59-850,False,10,4000,2,exp1_permuted_src_datasets
1158,256.10612964630127,1.0,1734563717.9535787,,0.23530244827270508,1.0,0.001,1,16,40x40,MatchingNetwork,5,5,Egyptian,b-59-850,False,10,4000,2,exp1_permuted_src_datasets
1159,256.15183424949646,1.0,1734563717.9992833,,0.2186182290315628,1.0,0.001,1,16,40x40,MatchingNetwork,5,5,Egyptian,b-59-850,False,10,4000,2,exp1_permuted_src_datasets
1160,256.19581627845764,1.0,1734563718.0432653,,0.22055023908615112,1.0,0.001,1,16,40x40,MatchingNetwork,5,5,Egyptian,b-59-850,False,10,4000,2,exp1_permuted_src_datasets
1161,256.24036693573,1.0,1734563718.087816,,0.23130924999713898,1.0,0.001,1,16,40x40,MatchingNetwork,5,5,Egyptian,b-59-850,False,10,4000,2,exp1_permuted_src_datasets
1162,256.2850112915039,1.0,1734563718.1324604,,0.24728283286094666,1.0,0.001,1,16,40x40,MatchingNetwork,5,5,Egyptian,b-59-850,False,10,4000,2,exp1_permuted_src_datasets
1163,256.3291676044464,1.0,1734563718.1766167,,0.24746021628379822,1.0,0.001,1,16,40x40,MatchingNetwork,5,5,Egyptian,b-59-850,False,10,4000,2,exp1_permuted_src_datasets
1164,256.37371015548706,1.0,1734563718.2211592,,0.21192912757396698,1.0,0.001,1,16,40x40,MatchingNetwork,5,5,Egyptian,b-59-850,False,10,4000,2,exp1_permuted_src_datasets
1165,256.41773891448975,1.0,1734563718.265188,,0.22113265097141266,1.0,0.001,1,16,40x40,MatchingNetwork,5,5,Egyptian,b-59-850,False,10,4000,2,exp1_permuted_src_datasets
1166,256.4621887207031,1.0,1734563718.3096378,,0.22425931692123413,1.0,0.001,1,16,40x40,MatchingNetwork,5,5,Egyptian,b-59-850,False,10,4000,2,exp1_permuted_src_datasets
1167,256.5063898563385,1.0,1734563718.353839,,0.2106160670518875,1.0,0.001,1,16,40x40,MatchingNetwork,5,5,Egyptian,b-59-850,False,10,4000,2,exp1_permuted_src_datasets
1168,256.55062198638916,1.0,1734563718.398071,,0.2758399546146393,1.0,0.001,1,16,40x40,MatchingNetwork,5,5,Egyptian,b-59-850,False,10,4000,2,exp1_permuted_src_datasets
1169,256.59470677375793,1.0,1734563718.4421558,,0.19630588591098785,1.0,0.001,1,16,40x40,MatchingNetwork,5,5,Egyptian,b-59-850,False,10,4000,2,exp1_permuted_src_datasets
1170,256.6383583545685,1.0,1734563718.4858074,,0.221798375248909,1.0,0.001,1,16,40x40,MatchingNetwork,5,5,Egyptian,b-59-850,False,10,4000,2,exp1_permuted_src_datasets
1171,256.6835877895355,1.0,1734563718.5310369,,0.21469275653362274,1.0,0.001,1,16,40x40,MatchingNetwork,5,5,Egyptian,b-59-850,False,10,4000,2,exp1_permuted_src_datasets
1172,256.72820258140564,1.0,1734563718.5756516,,0.24891091883182526,1.0,0.001,1,16,40x40,MatchingNetwork,5,5,Egyptian,b-59-850,False,10,4000,2,exp1_permuted_src_datasets
1173,256.77170991897583,1.0,1734563718.619159,,0.1974463313817978,1.0,0.001,1,16,40x40,MatchingNetwork,5,5,Egyptian,b-59-850,False,10,4000,2,exp1_permuted_src_datasets
1174,256.815819978714,1.0,1734563718.663269,,0.22379377484321594,1.0,0.001,1,16,40x40,MatchingNetwork,5,5,Egyptian,b-59-850,False,10,4000,2,exp1_permuted_src_datasets
1175,256.86091709136963,1.0,1734563718.7083662,,0.24987360835075378,1.0,0.001,1,16,40x40,MatchingNetwork,5,5,Egyptian,b-59-850,False,10,4000,2,exp1_permuted_src_datasets
1176,256.9056293964386,1.0,1734563718.7530785,,0.24072591960430145,1.0,0.001,1,16,40x40,MatchingNetwork,5,5,Egyptian,b-59-850,False,10,4000,2,exp1_permuted_src_datasets
1177,256.9501373767853,1.0,1734563718.7975864,,0.21786059439182281,1.0,0.001,1,16,40x40,MatchingNetwork,5,5,Egyptian,b-59-850,False,10,4000,2,exp1_permuted_src_datasets
1178,256.9948971271515,1.0,1734563718.8423462,,0.20923878252506256,1.0,0.001,1,16,40x40,MatchingNetwork,5,5,Egyptian,b-59-850,False,10,4000,2,exp1_permuted_src_datasets
1179,257.0397775173187,1.0,1734563718.8872266,,0.2241998314857483,1.0,0.001,1,16,40x40,MatchingNetwork,5,5,Egyptian,b-59-850,False,10,4000,2,exp1_permuted_src_datasets
1180,257.08442425727844,1.0,1734563718.9318733,,0.24144694209098816,1.0,0.001,1,16,40x40,MatchingNetwork,5,5,Egyptian,b-59-850,False,10,4000,2,exp1_permuted_src_datasets
1181,257.12966775894165,1.0,1734563718.9771168,,0.2331005334854126,1.0,0.001,1,16,40x40,MatchingNetwork,5,5,Egyptian,b-59-850,False,10,4000,2,exp1_permuted_src_datasets
1182,257.17444133758545,1.0,1734563719.0218904,,0.23247119784355164,1.0,0.001,1,16,40x40,MatchingNetwork,5,5,Egyptian,b-59-850,False,10,4000,2,exp1_permuted_src_datasets
1183,257.21931529045105,1.0,1734563719.0667644,,0.2626795470714569,1.0,0.001,1,16,40x40,MatchingNetwork,5,5,Egyptian,b-59-850,False,10,4000,2,exp1_permuted_src_datasets
1184,257.2647669315338,1.0,1734563719.112216,,0.25851139426231384,1.0,0.001,1,16,40x40,MatchingNetwork,5,5,Egyptian,b-59-850,False,10,4000,2,exp1_permuted_src_datasets
1185,257.3099317550659,1.0,1734563719.1573808,,0.25546908378601074,1.0,0.001,1,16,40x40,MatchingNetwork,5,5,Egyptian,b-59-850,False,10,4000,2,exp1_permuted_src_datasets
1186,257.35454392433167,1.0,1734563719.201993,,0.24402762949466705,1.0,0.001,1,16,40x40,MatchingNetwork,5,5,Egyptian,b-59-850,False,10,4000,2,exp1_permuted_src_datasets
1187,257.4024004936218,1.0,1734563719.2498496,,0.20232214033603668,1.0,0.001,1,16,40x40,MatchingNetwork,5,5,Egyptian,b-59-850,False,10,4000,2,exp1_permuted_src_datasets
1188,257.4482138156891,1.0,1734563719.2956629,,0.24360451102256775,1.0,0.001,1,16,40x40,MatchingNetwork,5,5,Egyptian,b-59-850,False,10,4000,2,exp1_permuted_src_datasets
1189,257.49286580085754,1.0,1734563719.3403149,,0.23731529712677002,1.0,0.001,1,16,40x40,MatchingNetwork,5,5,Egyptian,b-59-850,False,10,4000,2,exp1_permuted_src_datasets
1190,257.5377070903778,1.0,1734563719.3851562,,0.2018635869026184,1.0,0.001,1,16,40x40,MatchingNetwork,5,5,Egyptian,b-59-850,False,10,4000,2,exp1_permuted_src_datasets
1191,257.5818145275116,1.0,1734563719.4292636,,0.23622176051139832,1.0,0.001,1,16,40x40,MatchingNetwork,5,5,Egyptian,b-59-850,False,10,4000,2,exp1_permuted_src_datasets
1192,257.6268286705017,1.0,1734563719.4742777,,0.2315576672554016,1.0,0.001,1,16,40x40,MatchingNetwork,5,5,Egyptian,b-59-850,False,10,4000,2,exp1_permuted_src_datasets
1193,257.67126297950745,1.0,1734563719.518712,,0.2663252055644989,1.0,0.001,1,16,40x40,MatchingNetwork,5,5,Egyptian,b-59-850,False,10,4000,2,exp1_permuted_src_datasets
1194,257.7162461280823,1.0,1734563719.5636952,,0.21046049892902374,1.0,0.001,1,16,40x40,MatchingNetwork,5,5,Egyptian,b-59-850,False,10,4000,2,exp1_permuted_src_datasets
1195,257.76108169555664,1.0,1734563719.6085308,,0.21541516482830048,1.0,0.001,1,16,40x40,MatchingNetwork,5,5,Egyptian,b-59-850,False,10,4000,2,exp1_permuted_src_datasets
1196,257.80631828308105,1.0,1734563719.6537673,,0.21785783767700195,1.0,0.001,1,16,40x40,MatchingNetwork,5,5,Egyptian,b-59-850,False,10,4000,2,exp1_permuted_src_datasets
1197,257.85045552253723,1.0,1734563719.6979046,,0.20098498463630676,1.0,0.001,1,16,40x40,MatchingNetwork,5,5,Egyptian,b-59-850,False,10,4000,2,exp1_permuted_src_datasets
1198,257.89429354667664,1.0,1734563719.7417426,,0.2504323422908783,1.0,0.001,1,16,40x40,MatchingNetwork,5,5,Egyptian,b-59-850,False,10,4000,2,exp1_permuted_src_datasets
1199,257.93816614151,1.0,1734563719.7856152,,0.27255138754844666,1.0,0.001,1,16,40x40,MatchingNetwork,5,5,Egyptian,b-59-850,False,10,4000,2,exp1_permuted_src_datasets
1200,257.9824101924896,1.0,1734563719.8298593,,0.19299396872520447,1.0,0.001,1,16,40x40,MatchingNetwork,5,5,Egyptian,b-59-850,False,10,4000,2,exp1_permuted_src_datasets
1201,258.02656722068787,1.0,1734563719.8740163,,0.22296662628650665,1.0,0.001,1,16,40x40,MatchingNetwork,5,5,Egyptian,b-59-850,False,10,4000,2,exp1_permuted_src_datasets
1202,258.07070541381836,1.0,1734563719.9181545,,0.23417732119560242,1.0,0.001,1,16,40x40,MatchingNetwork,5,5,Egyptian,b-59-850,False,10,4000,2,exp1_permuted_src_datasets
1203,258.11482763290405,1.0,1734563719.9622767,,0.2218858301639557,1.0,0.001,1,16,40x40,MatchingNetwork,5,5,Egyptian,b-59-850,False,10,4000,2,exp1_permuted_src_datasets
1204,258.15906715393066,1.0,1734563720.0065162,,0.23472218215465546,1.0,0.001,1,16,40x40,MatchingNetwork,5,5,Egyptian,b-59-850,False,10,4000,2,exp1_permuted_src_datasets
1205,258.2027816772461,1.0,1734563720.0502307,,0.23705054819583893,1.0,0.001,1,16,40x40,MatchingNetwork,5,5,Egyptian,b-59-850,False,10,4000,2,exp1_permuted_src_datasets
1206,258.24708676338196,1.0,1734563720.0945358,,0.1949733942747116,1.0,0.001,1,16,40x40,MatchingNetwork,5,5,Egyptian,b-59-850,False,10,4000,2,exp1_permuted_src_datasets
1207,258.2905943393707,1.0,1734563720.1380434,,0.3488439917564392,1.0,0.001,1,16,40x40,MatchingNetwork,5,5,Egyptian,b-59-850,False,10,4000,2,exp1_permuted_src_datasets
1208,258.33430218696594,1.0,1734563720.1817513,,0.20921777188777924,1.0,0.001,1,16,40x40,MatchingNetwork,5,5,Egyptian,b-59-850,False,10,4000,2,exp1_permuted_src_datasets
1209,258.37798595428467,1.0,1734563720.225435,,0.2134069800376892,1.0,0.001,1,16,40x40,MatchingNetwork,5,5,Egyptian,b-59-850,False,10,4000,2,exp1_permuted_src_datasets
1210,258.4217264652252,1.0,1734563720.2691755,,0.20875616371631622,1.0,0.001,1,16,40x40,MatchingNetwork,5,5,Egyptian,b-59-850,False,10,4000,2,exp1_permuted_src_datasets
1211,258.4669210910797,1.0,1734563720.3143702,,0.2624581754207611,1.0,0.001,1,16,40x40,MatchingNetwork,5,5,Egyptian,b-59-850,False,10,4000,2,exp1_permuted_src_datasets
1212,258.5117835998535,1.0,1734563720.3592327,,0.26942357420921326,1.0,0.001,1,16,40x40,MatchingNetwork,5,5,Egyptian,b-59-850,False,10,4000,2,exp1_permuted_src_datasets
1213,258.55506110191345,1.0,1734563720.4025102,,0.19639548659324646,1.0,0.001,1,16,40x40,MatchingNetwork,5,5,Egyptian,b-59-850,False,10,4000,2,exp1_permuted_src_datasets
1214,258.6102387905121,1.0,1734563720.4576879,,0.20746205747127533,1.0,0.001,1,16,40x40,MatchingNetwork,5,5,Egyptian,b-59-850,False,10,4000,2,exp1_permuted_src_datasets
1215,258.65463972091675,1.0,1734563720.5020888,,0.21006228029727936,1.0,0.001,1,16,40x40,MatchingNetwork,5,5,Egyptian,b-59-850,False,10,4000,2,exp1_permuted_src_datasets
1216,258.698614358902,1.0,1734563720.5460634,,0.22486139833927155,1.0,0.001,1,16,40x40,MatchingNetwork,5,5,Egyptian,b-59-850,False,10,4000,2,exp1_permuted_src_datasets
1217,264.2458236217499,1.0,1734563726.0932727,0.87825,,,0.001,1,16,40x40,MatchingNetwork,5,5,Egyptian,b-59-850,False,10,4000,2,exp1_permuted_src_datasets
1218,269.7790319919586,1.0,1734563731.626481,0.8825,,,0.001,1,16,40x40,MatchingNetwork,5,5,Egyptian,b-59-850,False,10,4000,2,exp1_permuted_src_datasets
1219,269.80241417884827,1.0,1734563731.6498632,,0.23675647377967834,1.0,0.001,1,16,40x40,MatchingNetwork,5,5,Egyptian,b-59-850,False,10,4000,2,exp1_permuted_src_datasets
1220,269.8474545478821,1.0,1734563731.6949036,,0.20063936710357666,1.0,0.001,1,16,40x40,MatchingNetwork,5,5,Egyptian,b-59-850,False,10,4000,2,exp1_permuted_src_datasets
1221,269.89277625083923,1.0,1734563731.7402253,,0.19601118564605713,1.0,0.001,1,16,40x40,MatchingNetwork,5,5,Egyptian,b-59-850,False,10,4000,2,exp1_permuted_src_datasets
1222,269.93794775009155,1.0,1734563731.7853968,,0.2318379282951355,1.0,0.001,1,16,40x40,MatchingNetwork,5,5,Egyptian,b-59-850,False,10,4000,2,exp1_permuted_src_datasets
1223,269.982462644577,1.0,1734563731.8299117,,0.21980099380016327,1.0,0.001,1,16,40x40,MatchingNetwork,5,5,Egyptian,b-59-850,False,10,4000,2,exp1_permuted_src_datasets
1224,270.02688932418823,1.0,1734563731.8743384,,0.2480946183204651,1.0,0.001,1,16,40x40,MatchingNetwork,5,5,Egyptian,b-59-850,False,10,4000,2,exp1_permuted_src_datasets
1225,270.07106947898865,1.0,1734563731.9185185,,0.21659615635871887,1.0,0.001,1,16,40x40,MatchingNetwork,5,5,Egyptian,b-59-850,False,10,4000,2,exp1_permuted_src_datasets
1226,270.1152694225311,1.0,1734563731.9627185,,0.2685953974723816,1.0,0.001,1,16,40x40,MatchingNetwork,5,5,Egyptian,b-59-850,False,10,4000,2,exp1_permuted_src_datasets
1227,270.15972352027893,1.0,1734563732.0071726,,0.22935518622398376,1.0,0.001,1,16,40x40,MatchingNetwork,5,5,Egyptian,b-59-850,False,10,4000,2,exp1_permuted_src_datasets
1228,270.2041552066803,1.0,1734563732.0516043,,0.2234196811914444,1.0,0.001,1,16,40x40,MatchingNetwork,5,5,Egyptian,b-59-850,False,10,4000,2,exp1_permuted_src_datasets
1229,270.2483956813812,1.0,1734563732.0958447,,0.1900096833705902,1.0,0.001,1,16,40x40,MatchingNetwork,5,5,Egyptian,b-59-850,False,10,4000,2,exp1_permuted_src_datasets
1230,270.2925024032593,1.0,1734563732.1399515,,0.24367493391036987,1.0,0.001,1,16,40x40,MatchingNetwork,5,5,Egyptian,b-59-850,False,10,4000,2,exp1_permuted_src_datasets
1231,270.33631348609924,1.0,1734563732.1837626,,0.21805573999881744,1.0,0.001,1,16,40x40,MatchingNetwork,5,5,Egyptian,b-59-850,False,10,4000,2,exp1_permuted_src_datasets
1232,270.38077759742737,1.0,1734563732.2282267,,0.22945740818977356,1.0,0.001,1,16,40x40,MatchingNetwork,5,5,Egyptian,b-59-850,False,10,4000,2,exp1_permuted_src_datasets
1233,270.4243915081024,1.0,1734563732.2718406,,0.20116129517555237,1.0,0.001,1,16,40x40,MatchingNetwork,5,5,Egyptian,b-59-850,False,10,4000,2,exp1_permuted_src_datasets
1234,270.468789100647,1.0,1734563732.3162382,,0.2583991289138794,1.0,0.001,1,16,40x40,MatchingNetwork,5,5,Egyptian,b-59-850,False,10,4000,2,exp1_permuted_src_datasets
1235,270.5125856399536,1.0,1734563732.3600347,,0.19196473062038422,1.0,0.001,1,16,40x40,MatchingNetwork,5,5,Egyptian,b-59-850,False,10,4000,2,exp1_permuted_src_datasets
1236,270.55684447288513,1.0,1734563732.4042935,,0.2024625688791275,1.0,0.001,1,16,40x40,MatchingNetwork,5,5,Egyptian,b-59-850,False,10,4000,2,exp1_permuted_src_datasets
1237,270.600124835968,1.0,1734563732.447574,,0.25715863704681396,1.0,0.001,1,16,40x40,MatchingNetwork,5,5,Egyptian,b-59-850,False,10,4000,2,exp1_permuted_src_datasets
1238,270.6440393924713,1.0,1734563732.4914885,,0.23049640655517578,1.0,0.001,1,16,40x40,MatchingNetwork,5,5,Egyptian,b-59-850,False,10,4000,2,exp1_permuted_src_datasets
1239,270.68877267837524,1.0,1734563732.5362217,,0.20460250973701477,1.0,0.001,1,16,40x40,MatchingNetwork,5,5,Egyptian,b-59-850,False,10,4000,2,exp1_permuted_src_datasets
1240,270.73396921157837,1.0,1734563732.5814183,,0.23549892008304596,1.0,0.001,1,16,40x40,MatchingNetwork,5,5,Egyptian,b-59-850,False,10,4000,2,exp1_permuted_src_datasets
1241,270.77871012687683,1.0,1734563732.6261592,,0.2554676830768585,1.0,0.001,1,16,40x40,MatchingNetwork,5,5,Egyptian,b-59-850,False,10,4000,2,exp1_permuted_src_datasets
1242,270.822979927063,1.0,1734563732.670429,,0.20357567071914673,1.0,0.001,1,16,40x40,MatchingNetwork,5,5,Egyptian,b-59-850,False,10,4000,2,exp1_permuted_src_datasets
1243,270.86693239212036,1.0,1734563732.7143815,,0.22459739446640015,1.0,0.001,1,16,40x40,MatchingNetwork,5,5,Egyptian,b-59-850,False,10,4000,2,exp1_permuted_src_datasets
1244,270.91146326065063,1.0,1734563732.7589123,,0.2441575825214386,1.0,0.001,1,16,40x40,MatchingNetwork,5,5,Egyptian,b-59-850,False,10,4000,2,exp1_permuted_src_datasets
1245,270.9551899433136,1.0,1734563732.802639,,0.24425193667411804,1.0,0.001,1,16,40x40,MatchingNetwork,5,5,Egyptian,b-59-850,False,10,4000,2,exp1_permuted_src_datasets
1246,270.9992616176605,1.0,1734563732.8467107,,0.21255898475646973,1.0,0.001,1,16,40x40,MatchingNetwork,5,5,Egyptian,b-59-850,False,10,4000,2,exp1_permuted_src_datasets
1247,271.042973279953,1.0,1734563732.8904223,,0.2474793791770935,1.0,0.001,1,16,40x40,MatchingNetwork,5,5,Egyptian,b-59-850,False,10,4000,2,exp1_permuted_src_datasets
1248,271.087562084198,1.0,1734563732.9350111,,0.23629288375377655,1.0,0.001,1,16,40x40,MatchingNetwork,5,5,Egyptian,b-59-850,False,10,4000,2,exp1_permuted_src_datasets
1249,271.13212060928345,1.0,1734563732.9795697,,0.24772369861602783,1.0,0.001,1,16,40x40,MatchingNetwork,5,5,Egyptian,b-59-850,False,10,4000,2,exp1_permuted_src_datasets
1250,271.17611742019653,1.0,1734563733.0235665,,0.24285031855106354,1.0,0.001,1,16,40x40,MatchingNetwork,5,5,Egyptian,b-59-850,False,10,4000,2,exp1_permuted_src_datasets
1251,271.220486164093,1.0,1734563733.0679352,,0.20655891299247742,1.0,0.001,1,16,40x40,MatchingNetwork,5,5,Egyptian,b-59-850,False,10,4000,2,exp1_permuted_src_datasets
1252,271.2650752067566,1.0,1734563733.1125243,,0.2663622796535492,1.0,0.001,1,16,40x40,MatchingNetwork,5,5,Egyptian,b-59-850,False,10,4000,2,exp1_permuted_src_datasets
1253,271.3092408180237,1.0,1734563733.15669,,0.2250097244977951,1.0,0.001,1,16,40x40,MatchingNetwork,5,5,Egyptian,b-59-850,False,10,4000,2,exp1_permuted_src_datasets
1254,271.35338044166565,1.0,1734563733.2008295,,0.24092255532741547,1.0,0.001,1,16,40x40,MatchingNetwork,5,5,Egyptian,b-59-850,False,10,4000,2,exp1_permuted_src_datasets
1255,271.3974766731262,1.0,1734563733.2449257,,0.2283821403980255,1.0,0.001,1,16,40x40,MatchingNetwork,5,5,Egyptian,b-59-850,False,10,4000,2,exp1_permuted_src_datasets
1256,271.44158959388733,1.0,1734563733.2890387,,0.19367685914039612,1.0,0.001,1,16,40x40,MatchingNetwork,5,5,Egyptian,b-59-850,False,10,4000,2,exp1_permuted_src_datasets
1257,271.4854414463043,1.0,1734563733.3328905,,0.2129473090171814,1.0,0.001,1,16,40x40,MatchingNetwork,5,5,Egyptian,b-59-850,False,10,4000,2,exp1_permuted_src_datasets
1258,271.5293323993683,1.0,1734563733.3767815,,0.23775926232337952,1.0,0.001,1,16,40x40,MatchingNetwork,5,5,Egyptian,b-59-850,False,10,4000,2,exp1_permuted_src_datasets
1259,271.57327222824097,1.0,1734563733.4207213,,0.21063637733459473,1.0,0.001,1,16,40x40,MatchingNetwork,5,5,Egyptian,b-59-850,False,10,4000,2,exp1_permuted_src_datasets
1260,271.61726570129395,1.0,1734563733.4647148,,0.19486266374588013,1.0,0.001,1,16,40x40,MatchingNetwork,5,5,Egyptian,b-59-850,False,10,4000,2,exp1_permuted_src_datasets
1261,271.6610972881317,1.0,1734563733.5085464,,0.22170963883399963,1.0,0.001,1,16,40x40,MatchingNetwork,5,5,Egyptian,b-59-850,False,10,4000,2,exp1_permuted_src_datasets
1262,271.7048559188843,1.0,1734563733.552305,,0.24944385886192322,1.0,0.001,1,16,40x40,MatchingNetwork,5,5,Egyptian,b-59-850,False,10,4000,2,exp1_permuted_src_datasets
1263,271.750102519989,1.0,1734563733.5975516,,0.19907043874263763,1.0,0.001,1,16,40x40,MatchingNetwork,5,5,Egyptian,b-59-850,False,10,4000,2,exp1_permuted_src_datasets
1264,271.7943184375763,1.0,1734563733.6417675,,0.2195282280445099,1.0,0.001,1,16,40x40,MatchingNetwork,5,5,Egyptian,b-59-850,False,10,4000,2,exp1_permuted_src_datasets
1265,271.8380494117737,1.0,1734563733.6854985,,0.23835015296936035,1.0,0.001,1,16,40x40,MatchingNetwork,5,5,Egyptian,b-59-850,False,10,4000,2,exp1_permuted_src_datasets
1266,271.88366055488586,1.0,1734563733.7311096,,0.20484203100204468,1.0,0.001,1,16,40x40,MatchingNetwork,5,5,Egyptian,b-59-850,False,10,4000,2,exp1_permuted_src_datasets
1267,271.92769289016724,1.0,1734563733.775142,,0.21605180203914642,1.0,0.001,1,16,40x40,MatchingNetwork,5,5,Egyptian,b-59-850,False,10,4000,2,exp1_permuted_src_datasets
1268,271.9720847606659,1.0,1734563733.8195338,,0.21545353531837463,1.0,0.001,1,16,40x40,MatchingNetwork,5,5,Egyptian,b-59-850,False,10,4000,2,exp1_permuted_src_datasets
1269,272.0186016559601,1.0,1734563733.8660507,,0.23096589744091034,1.0,0.001,1,16,40x40,MatchingNetwork,5,5,Egyptian,b-59-850,False,10,4000,2,exp1_permuted_src_datasets
1270,272.062406539917,1.0,1734563733.9098556,,0.2272023856639862,1.0,0.001,1,16,40x40,MatchingNetwork,5,5,Egyptian,b-59-850,False,10,4000,2,exp1_permuted_src_datasets
1271,272.10551261901855,1.0,1734563733.9529617,,0.2278529852628708,1.0,0.001,1,16,40x40,MatchingNetwork,5,5,Egyptian,b-59-850,False,10,4000,2,exp1_permuted_src_datasets
1272,272.1505308151245,1.0,1734563733.9979799,,0.2604359984397888,1.0,0.001,1,16,40x40,MatchingNetwork,5,5,Egyptian,b-59-850,False,10,4000,2,exp1_permuted_src_datasets
1273,272.1954653263092,1.0,1734563734.0429144,,0.21742568910121918,1.0,0.001,1,16,40x40,MatchingNetwork,5,5,Egyptian,b-59-850,False,10,4000,2,exp1_permuted_src_datasets
1274,272.239866733551,1.0,1734563734.0873158,,0.23201000690460205,1.0,0.001,1,16,40x40,MatchingNetwork,5,5,Egyptian,b-59-850,False,10,4000,2,exp1_permuted_src_datasets
1275,272.2836480140686,1.0,1734563734.131097,,0.21674667298793793,1.0,0.001,1,16,40x40,MatchingNetwork,5,5,Egyptian,b-59-850,False,10,4000,2,exp1_permuted_src_datasets
1276,272.32725286483765,1.0,1734563734.174702,,0.20301702618598938,1.0,0.001,1,16,40x40,MatchingNetwork,5,5,Egyptian,b-59-850,False,10,4000,2,exp1_permuted_src_datasets
1277,272.37119722366333,1.0,1734563734.2186463,,0.23375257849693298,1.0,0.001,1,16,40x40,MatchingNetwork,5,5,Egyptian,b-59-850,False,10,4000,2,exp1_permuted_src_datasets
1278,272.41525650024414,1.0,1734563734.2627056,,0.22150470316410065,1.0,0.001,1,16,40x40,MatchingNetwork,5,5,Egyptian,b-59-850,False,10,4000,2,exp1_permuted_src_datasets
1279,272.4603703022003,1.0,1734563734.3078194,,0.21020838618278503,1.0,0.001,1,16,40x40,MatchingNetwork,5,5,Egyptian,b-59-850,False,10,4000,2,exp1_permuted_src_datasets
1280,272.50545835494995,1.0,1734563734.3529074,,0.2376609593629837,1.0,0.001,1,16,40x40,MatchingNetwork,5,5,Egyptian,b-59-850,False,10,4000,2,exp1_permuted_src_datasets
1281,278.03116059303284,1.0,1734563739.8786097,0.8835,,,0.001,1,16,40x40,MatchingNetwork,5,5,Egyptian,b-59-850,False,10,4000,2,exp1_permuted_src_datasets
