_step,_runtime,bootstrap_iter,_timestamp,ft_eval_acc,ft_loss,ft_acc,lr,epochs,batch_size,input_size,model_type,n_way_test,n_way_train,tgt_dataset,src_datasets,fixed_support,samples_per_class,num_total_episodes,num_bootstrap_iters,exp_name
0,7.161471941,0.0,1738645777.065229,,,,0.001,1,16,40x40,MatchingNetwork,5,5,Greek,Egyptian,False,10,4000,2,exp1_permuted_src_datasets
1,23.859493982,0.0,1738645793.7632983,0.94125,,,0.001,1,16,40x40,MatchingNetwork,5,5,Greek,Egyptian,False,10,4000,2,exp1_permuted_src_datasets
2,23.899601559,0.0,1738645793.8033063,,0.4589659571647644,1.0,0.001,1,16,40x40,MatchingNetwork,5,5,Greek,Egyptian,False,10,4000,2,exp1_permuted_src_datasets
3,24.033904716,0.0,1738645793.9375708,,0.5601716041564941,0.9375,0.001,1,16,40x40,MatchingNetwork,5,5,Greek,Egyptian,False,10,4000,2,exp1_permuted_src_datasets
4,24.080739041,0.0,1738645793.9844184,,0.511925995349884,1.0,0.001,1,16,40x40,MatchingNetwork,5,5,Greek,Egyptian,False,10,4000,2,exp1_permuted_src_datasets
5,24.161600462,0.0,1738645794.065176,,0.472708523273468,1.0,0.001,1,16,40x40,MatchingNetwork,5,5,Greek,Egyptian,False,10,4000,2,exp1_permuted_src_datasets
6,24.218979209,0.0,1738645794.1226625,,0.3586078882217407,1.0,0.001,1,16,40x40,MatchingNetwork,5,5,Greek,Egyptian,False,10,4000,2,exp1_permuted_src_datasets
7,24.299646909,0.0,1738645794.2032661,,0.45601749420166016,1.0,0.001,1,16,40x40,MatchingNetwork,5,5,Greek,Egyptian,False,10,4000,2,exp1_permuted_src_datasets
8,24.358211202,0.0,1738645794.2618575,,0.3877207338809967,1.0,0.001,1,16,40x40,MatchingNetwork,5,5,Greek,Egyptian,False,10,4000,2,exp1_permuted_src_datasets
9,24.423945153,0.0,1738645794.3276267,,0.39044520258903503,1.0,0.001,1,16,40x40,MatchingNetwork,5,5,Greek,Egyptian,False,10,4000,2,exp1_permuted_src_datasets
10,24.500245291,0.0,1738645794.4038146,,0.3656325340270996,1.0,0.001,1,16,40x40,MatchingNetwork,5,5,Greek,Egyptian,False,10,4000,2,exp1_permuted_src_datasets
11,24.557514341,0.0,1738645794.4611778,,0.33876165747642517,1.0,0.001,1,16,40x40,MatchingNetwork,5,5,Greek,Egyptian,False,10,4000,2,exp1_permuted_src_datasets
12,24.619756299,0.0,1738645794.5234241,,0.3618256747722626,1.0,0.001,1,16,40x40,MatchingNetwork,5,5,Greek,Egyptian,False,10,4000,2,exp1_permuted_src_datasets
13,24.686272027,0.0,1738645794.5899296,,0.32218635082244873,1.0,0.001,1,16,40x40,MatchingNetwork,5,5,Greek,Egyptian,False,10,4000,2,exp1_permuted_src_datasets
14,24.755353325,0.0,1738645794.6590092,,0.3540309965610504,1.0,0.001,1,16,40x40,MatchingNetwork,5,5,Greek,Egyptian,False,10,4000,2,exp1_permuted_src_datasets
15,24.805616767,0.0,1738645794.709309,,0.4017433226108551,1.0,0.001,1,16,40x40,MatchingNetwork,5,5,Greek,Egyptian,False,10,4000,2,exp1_permuted_src_datasets
16,24.857591329,0.0,1738645794.7612457,,0.337510883808136,1.0,0.001,1,16,40x40,MatchingNetwork,5,5,Greek,Egyptian,False,10,4000,2,exp1_permuted_src_datasets
17,24.909709024,0.0,1738645794.8133624,,0.3404095768928528,1.0,0.001,1,16,40x40,MatchingNetwork,5,5,Greek,Egyptian,False,10,4000,2,exp1_permuted_src_datasets
18,24.95541137,0.0,1738645794.859074,,0.3400879502296448,1.0,0.001,1,16,40x40,MatchingNetwork,5,5,Greek,Egyptian,False,10,4000,2,exp1_permuted_src_datasets
19,24.999743379,0.0,1738645794.9034078,,0.3771335184574127,1.0,0.001,1,16,40x40,MatchingNetwork,5,5,Greek,Egyptian,False,10,4000,2,exp1_permuted_src_datasets
20,25.043255231,0.0,1738645794.9469287,,0.3382949233055115,1.0,0.001,1,16,40x40,MatchingNetwork,5,5,Greek,Egyptian,False,10,4000,2,exp1_permuted_src_datasets
21,25.119345949,0.0,1738645795.0229914,,0.31833013892173767,1.0,0.001,1,16,40x40,MatchingNetwork,5,5,Greek,Egyptian,False,10,4000,2,exp1_permuted_src_datasets
22,25.175132487,0.0,1738645795.078783,,0.3352706730365753,1.0,0.001,1,16,40x40,MatchingNetwork,5,5,Greek,Egyptian,False,10,4000,2,exp1_permuted_src_datasets
23,25.234002448,0.0,1738645795.137661,,0.3302121162414551,1.0,0.001,1,16,40x40,MatchingNetwork,5,5,Greek,Egyptian,False,10,4000,2,exp1_permuted_src_datasets
24,25.292316884,0.0,1738645795.195957,,0.4277622103691101,1.0,0.001,1,16,40x40,MatchingNetwork,5,5,Greek,Egyptian,False,10,4000,2,exp1_permuted_src_datasets
25,25.349568183,0.0,1738645795.2532187,,0.3566199541091919,1.0,0.001,1,16,40x40,MatchingNetwork,5,5,Greek,Egyptian,False,10,4000,2,exp1_permuted_src_datasets
26,25.407223552,0.0,1738645795.31089,,0.3261004090309143,1.0,0.001,1,16,40x40,MatchingNetwork,5,5,Greek,Egyptian,False,10,4000,2,exp1_permuted_src_datasets
27,25.453776569,0.0,1738645795.3574786,,0.3536361753940582,1.0,0.001,1,16,40x40,MatchingNetwork,5,5,Greek,Egyptian,False,10,4000,2,exp1_permuted_src_datasets
28,25.52482833,0.0,1738645795.428481,,0.2714003324508667,1.0,0.001,1,16,40x40,MatchingNetwork,5,5,Greek,Egyptian,False,10,4000,2,exp1_permuted_src_datasets
29,25.595530163,0.0,1738645795.4991946,,0.36324143409729004,1.0,0.001,1,16,40x40,MatchingNetwork,5,5,Greek,Egyptian,False,10,4000,2,exp1_permuted_src_datasets
30,25.673938717,0.0,1738645795.577615,,0.26818758249282837,1.0,0.001,1,16,40x40,MatchingNetwork,5,5,Greek,Egyptian,False,10,4000,2,exp1_permuted_src_datasets
31,25.731839605,0.0,1738645795.6355114,,0.3342853784561157,1.0,0.001,1,16,40x40,MatchingNetwork,5,5,Greek,Egyptian,False,10,4000,2,exp1_permuted_src_datasets
32,25.788772635,0.0,1738645795.6924338,,0.3400518000125885,1.0,0.001,1,16,40x40,MatchingNetwork,5,5,Greek,Egyptian,False,10,4000,2,exp1_permuted_src_datasets
33,25.839617135,0.0,1738645795.7432492,,0.34727075695991516,1.0,0.001,1,16,40x40,MatchingNetwork,5,5,Greek,Egyptian,False,10,4000,2,exp1_permuted_src_datasets
34,25.91663744,0.0,1738645795.8203013,,0.32163164019584656,1.0,0.001,1,16,40x40,MatchingNetwork,5,5,Greek,Egyptian,False,10,4000,2,exp1_permuted_src_datasets
35,25.986311833,0.0,1738645795.889967,,0.2529390752315521,1.0,0.001,1,16,40x40,MatchingNetwork,5,5,Greek,Egyptian,False,10,4000,2,exp1_permuted_src_datasets
36,26.034828328,0.0,1738645795.938479,,0.27727198600769043,1.0,0.001,1,16,40x40,MatchingNetwork,5,5,Greek,Egyptian,False,10,4000,2,exp1_permuted_src_datasets
37,26.083338289,0.0,1738645795.9869945,,0.3539329767227173,1.0,0.001,1,16,40x40,MatchingNetwork,5,5,Greek,Egyptian,False,10,4000,2,exp1_permuted_src_datasets
38,26.142641365,0.0,1738645796.0462923,,0.2927040755748749,1.0,0.001,1,16,40x40,MatchingNetwork,5,5,Greek,Egyptian,False,10,4000,2,exp1_permuted_src_datasets
39,26.190298157,0.0,1738645796.0939453,,0.32136937975883484,1.0,0.001,1,16,40x40,MatchingNetwork,5,5,Greek,Egyptian,False,10,4000,2,exp1_permuted_src_datasets
40,26.238337173,0.0,1738645796.1419835,,0.27952051162719727,1.0,0.001,1,16,40x40,MatchingNetwork,5,5,Greek,Egyptian,False,10,4000,2,exp1_permuted_src_datasets
41,26.285424422,0.0,1738645796.1890733,,0.28537261486053467,1.0,0.001,1,16,40x40,MatchingNetwork,5,5,Greek,Egyptian,False,10,4000,2,exp1_permuted_src_datasets
42,26.380838883,0.0,1738645796.2845156,,0.2852969765663147,1.0,0.001,1,16,40x40,MatchingNetwork,5,5,Greek,Egyptian,False,10,4000,2,exp1_permuted_src_datasets
43,26.462451459,0.0,1738645796.36609,,0.2746967077255249,1.0,0.001,1,16,40x40,MatchingNetwork,5,5,Greek,Egyptian,False,10,4000,2,exp1_permuted_src_datasets
44,26.529223221,0.0,1738645796.4328678,,0.2756240963935852,1.0,0.001,1,16,40x40,MatchingNetwork,5,5,Greek,Egyptian,False,10,4000,2,exp1_permuted_src_datasets
45,26.597213143,0.0,1738645796.5008485,,0.29166561365127563,1.0,0.001,1,16,40x40,MatchingNetwork,5,5,Greek,Egyptian,False,10,4000,2,exp1_permuted_src_datasets
46,26.683418965,0.0,1738645796.5870388,,0.254010945558548,1.0,0.001,1,16,40x40,MatchingNetwork,5,5,Greek,Egyptian,False,10,4000,2,exp1_permuted_src_datasets
47,26.738830589,0.0,1738645796.642471,,0.34149402379989624,1.0,0.001,1,16,40x40,MatchingNetwork,5,5,Greek,Egyptian,False,10,4000,2,exp1_permuted_src_datasets
48,26.796979762,0.0,1738645796.700532,,0.26705801486968994,1.0,0.001,1,16,40x40,MatchingNetwork,5,5,Greek,Egyptian,False,10,4000,2,exp1_permuted_src_datasets
49,26.864342105,0.0,1738645796.7679777,,0.23972365260124207,1.0,0.001,1,16,40x40,MatchingNetwork,5,5,Greek,Egyptian,False,10,4000,2,exp1_permuted_src_datasets
50,26.918835042,0.0,1738645796.822507,,0.3010092079639435,1.0,0.001,1,16,40x40,MatchingNetwork,5,5,Greek,Egyptian,False,10,4000,2,exp1_permuted_src_datasets
51,26.993915005,0.0,1738645796.8975828,,0.33933472633361816,1.0,0.001,1,16,40x40,MatchingNetwork,5,5,Greek,Egyptian,False,10,4000,2,exp1_permuted_src_datasets
52,27.046741547,0.0,1738645796.950414,,0.2838183343410492,1.0,0.001,1,16,40x40,MatchingNetwork,5,5,Greek,Egyptian,False,10,4000,2,exp1_permuted_src_datasets
53,27.094966912,0.0,1738645796.9985974,,0.282480925321579,1.0,0.001,1,16,40x40,MatchingNetwork,5,5,Greek,Egyptian,False,10,4000,2,exp1_permuted_src_datasets
54,27.168680049,0.0,1738645797.072359,,0.2931341528892517,1.0,0.001,1,16,40x40,MatchingNetwork,5,5,Greek,Egyptian,False,10,4000,2,exp1_permuted_src_datasets
55,27.245864336,0.0,1738645797.149545,,0.3427683711051941,1.0,0.001,1,16,40x40,MatchingNetwork,5,5,Greek,Egyptian,False,10,4000,2,exp1_permuted_src_datasets
56,27.296915449,0.0,1738645797.2005842,,0.31247973442077637,1.0,0.001,1,16,40x40,MatchingNetwork,5,5,Greek,Egyptian,False,10,4000,2,exp1_permuted_src_datasets
57,27.344352543,0.0,1738645797.2480218,,0.22579550743103027,1.0,0.001,1,16,40x40,MatchingNetwork,5,5,Greek,Egyptian,False,10,4000,2,exp1_permuted_src_datasets
58,27.389720496,0.0,1738645797.2933748,,0.28494909405708313,1.0,0.001,1,16,40x40,MatchingNetwork,5,5,Greek,Egyptian,False,10,4000,2,exp1_permuted_src_datasets
59,27.436067158,0.0,1738645797.339703,,0.2887175381183624,1.0,0.001,1,16,40x40,MatchingNetwork,5,5,Greek,Egyptian,False,10,4000,2,exp1_permuted_src_datasets
60,27.511492985,0.0,1738645797.415136,,0.33854079246520996,1.0,0.001,1,16,40x40,MatchingNetwork,5,5,Greek,Egyptian,False,10,4000,2,exp1_permuted_src_datasets
61,27.574177541,0.0,1738645797.4778404,,0.23778925836086273,1.0,0.001,1,16,40x40,MatchingNetwork,5,5,Greek,Egyptian,False,10,4000,2,exp1_permuted_src_datasets
62,27.659833912,0.0,1738645797.563418,,0.2650030255317688,1.0,0.001,1,16,40x40,MatchingNetwork,5,5,Greek,Egyptian,False,10,4000,2,exp1_permuted_src_datasets
63,27.706406238,0.0,1738645797.610074,,0.3081111013889313,1.0,0.001,1,16,40x40,MatchingNetwork,5,5,Greek,Egyptian,False,10,4000,2,exp1_permuted_src_datasets
64,44.481803188,0.0,1738645814.385579,0.95275,,,0.001,1,16,40x40,MatchingNetwork,5,5,Greek,Egyptian,False,10,4000,2,exp1_permuted_src_datasets
65,44.54341485,0.0,1738645814.4470918,,0.3004820942878723,1.0,0.001,1,16,40x40,MatchingNetwork,5,5,Greek,Egyptian,False,10,4000,2,exp1_permuted_src_datasets
66,44.589207381,0.0,1738645814.4928713,,0.2985818088054657,1.0,0.001,1,16,40x40,MatchingNetwork,5,5,Greek,Egyptian,False,10,4000,2,exp1_permuted_src_datasets
67,44.667133545,0.0,1738645814.5707283,,0.3041400909423828,1.0,0.001,1,16,40x40,MatchingNetwork,5,5,Greek,Egyptian,False,10,4000,2,exp1_permuted_src_datasets
68,44.716530779,0.0,1738645814.6202166,,0.2528073787689209,1.0,0.001,1,16,40x40,MatchingNetwork,5,5,Greek,Egyptian,False,10,4000,2,exp1_permuted_src_datasets
69,44.768871249,0.0,1738645814.6725342,,0.2374190390110016,1.0,0.001,1,16,40x40,MatchingNetwork,5,5,Greek,Egyptian,False,10,4000,2,exp1_permuted_src_datasets
70,44.826078791,0.0,1738645814.729751,,0.24217669665813446,1.0,0.001,1,16,40x40,MatchingNetwork,5,5,Greek,Egyptian,False,10,4000,2,exp1_permuted_src_datasets
71,44.871659688,0.0,1738645814.7753122,,0.27208948135375977,1.0,0.001,1,16,40x40,MatchingNetwork,5,5,Greek,Egyptian,False,10,4000,2,exp1_permuted_src_datasets
72,44.922840026,0.0,1738645814.8265047,,0.26360592246055603,1.0,0.001,1,16,40x40,MatchingNetwork,5,5,Greek,Egyptian,False,10,4000,2,exp1_permuted_src_datasets
73,44.968624575,0.0,1738645814.8722882,,0.28067049384117126,1.0,0.001,1,16,40x40,MatchingNetwork,5,5,Greek,Egyptian,False,10,4000,2,exp1_permuted_src_datasets
74,45.012548044,0.0,1738645814.9162288,,0.27065226435661316,1.0,0.001,1,16,40x40,MatchingNetwork,5,5,Greek,Egyptian,False,10,4000,2,exp1_permuted_src_datasets
75,45.071444169,0.0,1738645814.9750867,,0.2923465073108673,1.0,0.001,1,16,40x40,MatchingNetwork,5,5,Greek,Egyptian,False,10,4000,2,exp1_permuted_src_datasets
76,45.143833976,0.0,1738645815.0475,,0.25534647703170776,1.0,0.001,1,16,40x40,MatchingNetwork,5,5,Greek,Egyptian,False,10,4000,2,exp1_permuted_src_datasets
77,45.205400528,0.0,1738645815.1090696,,0.25109678506851196,1.0,0.001,1,16,40x40,MatchingNetwork,5,5,Greek,Egyptian,False,10,4000,2,exp1_permuted_src_datasets
78,45.308347666,0.0,1738645815.2120163,,0.2690909802913666,1.0,0.001,1,16,40x40,MatchingNetwork,5,5,Greek,Egyptian,False,10,4000,2,exp1_permuted_src_datasets
79,45.385891075,0.0,1738645815.2895594,,0.26524609327316284,1.0,0.001,1,16,40x40,MatchingNetwork,5,5,Greek,Egyptian,False,10,4000,2,exp1_permuted_src_datasets
80,45.444762394,0.0,1738645815.3484674,,0.2586531341075897,1.0,0.001,1,16,40x40,MatchingNetwork,5,5,Greek,Egyptian,False,10,4000,2,exp1_permuted_src_datasets
81,45.502158303,0.0,1738645815.4058092,,0.2173306941986084,1.0,0.001,1,16,40x40,MatchingNetwork,5,5,Greek,Egyptian,False,10,4000,2,exp1_permuted_src_datasets
82,45.593605693,0.0,1738645815.4972138,,0.2420513927936554,1.0,0.001,1,16,40x40,MatchingNetwork,5,5,Greek,Egyptian,False,10,4000,2,exp1_permuted_src_datasets
83,45.640847401,0.0,1738645815.5445087,,0.25429609417915344,1.0,0.001,1,16,40x40,MatchingNetwork,5,5,Greek,Egyptian,False,10,4000,2,exp1_permuted_src_datasets
84,45.705735665,0.0,1738645815.6093903,,0.32915791869163513,1.0,0.001,1,16,40x40,MatchingNetwork,5,5,Greek,Egyptian,False,10,4000,2,exp1_permuted_src_datasets
85,45.786584397,0.0,1738645815.6902764,,0.25124385952949524,1.0,0.001,1,16,40x40,MatchingNetwork,5,5,Greek,Egyptian,False,10,4000,2,exp1_permuted_src_datasets
86,45.858805847,0.0,1738645815.7624943,,0.2595164477825165,1.0,0.001,1,16,40x40,MatchingNetwork,5,5,Greek,Egyptian,False,10,4000,2,exp1_permuted_src_datasets
87,45.906349289,0.0,1738645815.8100169,,0.28313207626342773,1.0,0.001,1,16,40x40,MatchingNetwork,5,5,Greek,Egyptian,False,10,4000,2,exp1_permuted_src_datasets
88,45.958068099,0.0,1738645815.8617249,,0.2791518270969391,1.0,0.001,1,16,40x40,MatchingNetwork,5,5,Greek,Egyptian,False,10,4000,2,exp1_permuted_src_datasets
89,46.028650431,0.0,1738645815.9323413,,0.2716069221496582,1.0,0.001,1,16,40x40,MatchingNetwork,5,5,Greek,Egyptian,False,10,4000,2,exp1_permuted_src_datasets
90,46.080613032,0.0,1738645815.9842951,,0.2324974238872528,1.0,0.001,1,16,40x40,MatchingNetwork,5,5,Greek,Egyptian,False,10,4000,2,exp1_permuted_src_datasets
91,46.126122595,0.0,1738645816.0297925,,0.27627718448638916,1.0,0.001,1,16,40x40,MatchingNetwork,5,5,Greek,Egyptian,False,10,4000,2,exp1_permuted_src_datasets
92,46.176392193,0.0,1738645816.0800452,,0.23579294979572296,1.0,0.001,1,16,40x40,MatchingNetwork,5,5,Greek,Egyptian,False,10,4000,2,exp1_permuted_src_datasets
93,46.272080675,0.0,1738645816.1757348,,0.24949920177459717,1.0,0.001,1,16,40x40,MatchingNetwork,5,5,Greek,Egyptian,False,10,4000,2,exp1_permuted_src_datasets
94,46.317602957,0.0,1738645816.221301,,0.23618747293949127,1.0,0.001,1,16,40x40,MatchingNetwork,5,5,Greek,Egyptian,False,10,4000,2,exp1_permuted_src_datasets
95,46.391480823,0.0,1738645816.295134,,0.24819764494895935,1.0,0.001,1,16,40x40,MatchingNetwork,5,5,Greek,Egyptian,False,10,4000,2,exp1_permuted_src_datasets
96,46.443267322,0.0,1738645816.346927,,0.25658923387527466,1.0,0.001,1,16,40x40,MatchingNetwork,5,5,Greek,Egyptian,False,10,4000,2,exp1_permuted_src_datasets
97,46.490990045,0.0,1738645816.3946712,,0.21742261946201324,1.0,0.001,1,16,40x40,MatchingNetwork,5,5,Greek,Egyptian,False,10,4000,2,exp1_permuted_src_datasets
98,46.568909344,0.0,1738645816.472549,,0.24415276944637299,1.0,0.001,1,16,40x40,MatchingNetwork,5,5,Greek,Egyptian,False,10,4000,2,exp1_permuted_src_datasets
99,46.620385364,0.0,1738645816.5240328,,0.22164976596832275,1.0,0.001,1,16,40x40,MatchingNetwork,5,5,Greek,Egyptian,False,10,4000,2,exp1_permuted_src_datasets
100,46.679277563,0.0,1738645816.5829406,,0.27529317140579224,1.0,0.001,1,16,40x40,MatchingNetwork,5,5,Greek,Egyptian,False,10,4000,2,exp1_permuted_src_datasets
101,46.727042861,0.0,1738645816.6306956,,0.26922541856765747,1.0,0.001,1,16,40x40,MatchingNetwork,5,5,Greek,Egyptian,False,10,4000,2,exp1_permuted_src_datasets
102,46.771419441,0.0,1738645816.675086,,0.2761058211326599,1.0,0.001,1,16,40x40,MatchingNetwork,5,5,Greek,Egyptian,False,10,4000,2,exp1_permuted_src_datasets
103,46.818028166,0.0,1738645816.7216876,,0.27608686685562134,1.0,0.001,1,16,40x40,MatchingNetwork,5,5,Greek,Egyptian,False,10,4000,2,exp1_permuted_src_datasets
104,46.871526338,0.0,1738645816.7751672,,0.22962825000286102,1.0,0.001,1,16,40x40,MatchingNetwork,5,5,Greek,Egyptian,False,10,4000,2,exp1_permuted_src_datasets
105,46.953162418,0.0,1738645816.8568304,,0.23413190245628357,1.0,0.001,1,16,40x40,MatchingNetwork,5,5,Greek,Egyptian,False,10,4000,2,exp1_permuted_src_datasets
106,46.998457925,0.0,1738645816.9021192,,0.22247284650802612,1.0,0.001,1,16,40x40,MatchingNetwork,5,5,Greek,Egyptian,False,10,4000,2,exp1_permuted_src_datasets
107,47.049109064,0.0,1738645816.9527986,,0.24033766984939575,1.0,0.001,1,16,40x40,MatchingNetwork,5,5,Greek,Egyptian,False,10,4000,2,exp1_permuted_src_datasets
108,47.096758798,0.0,1738645817.0004609,,0.29596391320228577,1.0,0.001,1,16,40x40,MatchingNetwork,5,5,Greek,Egyptian,False,10,4000,2,exp1_permuted_src_datasets
109,47.166588806,0.0,1738645817.0702379,,0.24825239181518555,1.0,0.001,1,16,40x40,MatchingNetwork,5,5,Greek,Egyptian,False,10,4000,2,exp1_permuted_src_datasets
110,47.247737779,0.0,1738645817.1513813,,0.23696909844875336,1.0,0.001,1,16,40x40,MatchingNetwork,5,5,Greek,Egyptian,False,10,4000,2,exp1_permuted_src_datasets
111,47.301089777,0.0,1738645817.2047348,,0.24873897433280945,1.0,0.001,1,16,40x40,MatchingNetwork,5,5,Greek,Egyptian,False,10,4000,2,exp1_permuted_src_datasets
112,47.353569415,0.0,1738645817.2572176,,0.23122699558734894,1.0,0.001,1,16,40x40,MatchingNetwork,5,5,Greek,Egyptian,False,10,4000,2,exp1_permuted_src_datasets
113,47.406536389,0.0,1738645817.3101928,,0.24280886352062225,1.0,0.001,1,16,40x40,MatchingNetwork,5,5,Greek,Egyptian,False,10,4000,2,exp1_permuted_src_datasets
114,47.453390056,0.0,1738645817.3570533,,0.2461005449295044,1.0,0.001,1,16,40x40,MatchingNetwork,5,5,Greek,Egyptian,False,10,4000,2,exp1_permuted_src_datasets
115,47.5206278,0.0,1738645817.4243085,,0.2990996539592743,1.0,0.001,1,16,40x40,MatchingNetwork,5,5,Greek,Egyptian,False,10,4000,2,exp1_permuted_src_datasets
116,47.63227253,0.0,1738645817.5358787,,0.23198485374450684,1.0,0.001,1,16,40x40,MatchingNetwork,5,5,Greek,Egyptian,False,10,4000,2,exp1_permuted_src_datasets
117,47.685362458,0.0,1738645817.5890229,,0.24155420064926147,1.0,0.001,1,16,40x40,MatchingNetwork,5,5,Greek,Egyptian,False,10,4000,2,exp1_permuted_src_datasets
118,47.741257694,0.0,1738645817.644921,,0.23296821117401123,1.0,0.001,1,16,40x40,MatchingNetwork,5,5,Greek,Egyptian,False,10,4000,2,exp1_permuted_src_datasets
119,47.830347433,0.0,1738645817.7339728,,0.23443520069122314,1.0,0.001,1,16,40x40,MatchingNetwork,5,5,Greek,Egyptian,False,10,4000,2,exp1_permuted_src_datasets
120,47.884684131,0.0,1738645817.7883377,,0.3409825265407562,1.0,0.001,1,16,40x40,MatchingNetwork,5,5,Greek,Egyptian,False,10,4000,2,exp1_permuted_src_datasets
121,47.935426147,0.0,1738645817.839087,,0.28866344690322876,1.0,0.001,1,16,40x40,MatchingNetwork,5,5,Greek,Egyptian,False,10,4000,2,exp1_permuted_src_datasets
122,47.993986787,0.0,1738645817.8976338,,0.32663729786872864,1.0,0.001,1,16,40x40,MatchingNetwork,5,5,Greek,Egyptian,False,10,4000,2,exp1_permuted_src_datasets
123,48.050677043,0.0,1738645817.9543052,,0.27040010690689087,1.0,0.001,1,16,40x40,MatchingNetwork,5,5,Greek,Egyptian,False,10,4000,2,exp1_permuted_src_datasets
124,48.102250179,0.0,1738645818.0059066,,0.23444439470767975,1.0,0.001,1,16,40x40,MatchingNetwork,5,5,Greek,Egyptian,False,10,4000,2,exp1_permuted_src_datasets
125,48.156770912,0.0,1738645818.0604115,,0.23215726017951965,1.0,0.001,1,16,40x40,MatchingNetwork,5,5,Greek,Egyptian,False,10,4000,2,exp1_permuted_src_datasets
126,48.212332136,0.0,1738645818.1159909,,0.24970167875289917,1.0,0.001,1,16,40x40,MatchingNetwork,5,5,Greek,Egyptian,False,10,4000,2,exp1_permuted_src_datasets
127,65.38967825,0.0,1738645835.2934933,0.95025,,,0.001,1,16,40x40,MatchingNetwork,5,5,Greek,Egyptian,False,10,4000,2,exp1_permuted_src_datasets
128,65.420002053,0.0,1738645835.3236997,,0.23768968880176544,1.0,0.001,1,16,40x40,MatchingNetwork,5,5,Greek,Egyptian,False,10,4000,2,exp1_permuted_src_datasets
129,65.465647013,0.0,1738645835.3693395,,0.26163339614868164,1.0,0.001,1,16,40x40,MatchingNetwork,5,5,Greek,Egyptian,False,10,4000,2,exp1_permuted_src_datasets
130,65.522429113,0.0,1738645835.4260845,,0.32187139987945557,1.0,0.001,1,16,40x40,MatchingNetwork,5,5,Greek,Egyptian,False,10,4000,2,exp1_permuted_src_datasets
131,65.582584419,0.0,1738645835.4862306,,0.2329099327325821,1.0,0.001,1,16,40x40,MatchingNetwork,5,5,Greek,Egyptian,False,10,4000,2,exp1_permuted_src_datasets
132,65.664406162,0.0,1738645835.5680668,,0.23652419447898865,1.0,0.001,1,16,40x40,MatchingNetwork,5,5,Greek,Egyptian,False,10,4000,2,exp1_permuted_src_datasets
133,65.731070093,0.0,1738645835.6347167,,0.25966259837150574,1.0,0.001,1,16,40x40,MatchingNetwork,5,5,Greek,Egyptian,False,10,4000,2,exp1_permuted_src_datasets
134,65.800699175,0.0,1738645835.7043397,,0.259579598903656,1.0,0.001,1,16,40x40,MatchingNetwork,5,5,Greek,Egyptian,False,10,4000,2,exp1_permuted_src_datasets
135,65.848685559,0.0,1738645835.7523532,,0.25738415122032166,1.0,0.001,1,16,40x40,MatchingNetwork,5,5,Greek,Egyptian,False,10,4000,2,exp1_permuted_src_datasets
136,65.908836087,0.0,1738645835.8125072,,0.22265422344207764,1.0,0.001,1,16,40x40,MatchingNetwork,5,5,Greek,Egyptian,False,10,4000,2,exp1_permuted_src_datasets
137,65.970318972,0.0,1738645835.8739743,,0.23858337104320526,1.0,0.001,1,16,40x40,MatchingNetwork,5,5,Greek,Egyptian,False,10,4000,2,exp1_permuted_src_datasets
138,66.039941548,0.0,1738645835.9436007,,0.22829319536685944,1.0,0.001,1,16,40x40,MatchingNetwork,5,5,Greek,Egyptian,False,10,4000,2,exp1_permuted_src_datasets
139,66.086736157,0.0,1738645835.9903948,,0.2308189570903778,1.0,0.001,1,16,40x40,MatchingNetwork,5,5,Greek,Egyptian,False,10,4000,2,exp1_permuted_src_datasets
140,66.134969441,0.0,1738645836.0385942,,0.2073604315519333,1.0,0.001,1,16,40x40,MatchingNetwork,5,5,Greek,Egyptian,False,10,4000,2,exp1_permuted_src_datasets
141,66.20608535,0.0,1738645836.1097288,,0.25449368357658386,1.0,0.001,1,16,40x40,MatchingNetwork,5,5,Greek,Egyptian,False,10,4000,2,exp1_permuted_src_datasets
142,66.256342303,0.0,1738645836.1600087,,0.21683424711227417,1.0,0.001,1,16,40x40,MatchingNetwork,5,5,Greek,Egyptian,False,10,4000,2,exp1_permuted_src_datasets
143,66.310910039,0.0,1738645836.2145822,,0.2438889443874359,1.0,0.001,1,16,40x40,MatchingNetwork,5,5,Greek,Egyptian,False,10,4000,2,exp1_permuted_src_datasets
144,66.374498308,0.0,1738645836.2781482,,0.2502145767211914,1.0,0.001,1,16,40x40,MatchingNetwork,5,5,Greek,Egyptian,False,10,4000,2,exp1_permuted_src_datasets
145,66.442719302,0.0,1738645836.3463774,,0.2465098351240158,1.0,0.001,1,16,40x40,MatchingNetwork,5,5,Greek,Egyptian,False,10,4000,2,exp1_permuted_src_datasets
146,66.491769397,0.0,1738645836.3953938,,0.24186491966247559,1.0,0.001,1,16,40x40,MatchingNetwork,5,5,Greek,Egyptian,False,10,4000,2,exp1_permuted_src_datasets
147,66.538049086,0.0,1738645836.4417233,,0.26342666149139404,1.0,0.001,1,16,40x40,MatchingNetwork,5,5,Greek,Egyptian,False,10,4000,2,exp1_permuted_src_datasets
148,66.588206346,0.0,1738645836.4918642,,0.26163509488105774,1.0,0.001,1,16,40x40,MatchingNetwork,5,5,Greek,Egyptian,False,10,4000,2,exp1_permuted_src_datasets
149,66.645241938,0.0,1738645836.5488973,,0.21033361554145813,1.0,0.001,1,16,40x40,MatchingNetwork,5,5,Greek,Egyptian,False,10,4000,2,exp1_permuted_src_datasets
150,66.692598116,0.0,1738645836.5962503,,0.24047906696796417,1.0,0.001,1,16,40x40,MatchingNetwork,5,5,Greek,Egyptian,False,10,4000,2,exp1_permuted_src_datasets
151,66.74289154,0.0,1738645836.6465456,,0.23113179206848145,1.0,0.001,1,16,40x40,MatchingNetwork,5,5,Greek,Egyptian,False,10,4000,2,exp1_permuted_src_datasets
152,66.800786366,0.0,1738645836.7044952,,0.21995361149311066,1.0,0.001,1,16,40x40,MatchingNetwork,5,5,Greek,Egyptian,False,10,4000,2,exp1_permuted_src_datasets
153,66.888914004,0.0,1738645836.7925677,,0.23009322583675385,1.0,0.001,1,16,40x40,MatchingNetwork,5,5,Greek,Egyptian,False,10,4000,2,exp1_permuted_src_datasets
154,66.943677538,0.0,1738645836.847307,,0.2517857551574707,1.0,0.001,1,16,40x40,MatchingNetwork,5,5,Greek,Egyptian,False,10,4000,2,exp1_permuted_src_datasets
155,67.02502751,0.0,1738645836.928693,,0.2562073767185211,1.0,0.001,1,16,40x40,MatchingNetwork,5,5,Greek,Egyptian,False,10,4000,2,exp1_permuted_src_datasets
156,67.087731576,0.0,1738645836.9913826,,0.24031442403793335,1.0,0.001,1,16,40x40,MatchingNetwork,5,5,Greek,Egyptian,False,10,4000,2,exp1_permuted_src_datasets
157,67.146952005,0.0,1738645837.0506144,,0.24298551678657532,1.0,0.001,1,16,40x40,MatchingNetwork,5,5,Greek,Egyptian,False,10,4000,2,exp1_permuted_src_datasets
158,67.196184343,0.0,1738645837.0998526,,0.2594243884086609,1.0,0.001,1,16,40x40,MatchingNetwork,5,5,Greek,Egyptian,False,10,4000,2,exp1_permuted_src_datasets
159,67.268952351,0.0,1738645837.1726072,,0.25083109736442566,1.0,0.001,1,16,40x40,MatchingNetwork,5,5,Greek,Egyptian,False,10,4000,2,exp1_permuted_src_datasets
160,67.33302685,0.0,1738645837.2366736,,0.24193218350410461,1.0,0.001,1,16,40x40,MatchingNetwork,5,5,Greek,Egyptian,False,10,4000,2,exp1_permuted_src_datasets
161,67.390789999,0.0,1738645837.2944245,,0.2749561071395874,1.0,0.001,1,16,40x40,MatchingNetwork,5,5,Greek,Egyptian,False,10,4000,2,exp1_permuted_src_datasets
162,67.439273548,0.0,1738645837.3429623,,0.2545790374279022,1.0,0.001,1,16,40x40,MatchingNetwork,5,5,Greek,Egyptian,False,10,4000,2,exp1_permuted_src_datasets
163,67.503636498,0.0,1738645837.4072902,,0.24817045032978058,1.0,0.001,1,16,40x40,MatchingNetwork,5,5,Greek,Egyptian,False,10,4000,2,exp1_permuted_src_datasets
164,67.556772461,0.0,1738645837.4604406,,0.26097702980041504,1.0,0.001,1,16,40x40,MatchingNetwork,5,5,Greek,Egyptian,False,10,4000,2,exp1_permuted_src_datasets
165,67.602021181,0.0,1738645837.505667,,0.2902788817882538,1.0,0.001,1,16,40x40,MatchingNetwork,5,5,Greek,Egyptian,False,10,4000,2,exp1_permuted_src_datasets
166,67.658192509,0.0,1738645837.561242,,0.2672557234764099,1.0,0.001,1,16,40x40,MatchingNetwork,5,5,Greek,Egyptian,False,10,4000,2,exp1_permuted_src_datasets
167,67.705206145,0.0,1738645837.6089077,,0.21585406363010406,1.0,0.001,1,16,40x40,MatchingNetwork,5,5,Greek,Egyptian,False,10,4000,2,exp1_permuted_src_datasets
168,67.757824702,0.0,1738645837.6614707,,0.2320866882801056,1.0,0.001,1,16,40x40,MatchingNetwork,5,5,Greek,Egyptian,False,10,4000,2,exp1_permuted_src_datasets
169,67.825919605,0.0,1738645837.7295825,,0.2531723082065582,1.0,0.001,1,16,40x40,MatchingNetwork,5,5,Greek,Egyptian,False,10,4000,2,exp1_permuted_src_datasets
170,67.870593398,0.0,1738645837.7742624,,0.23741742968559265,1.0,0.001,1,16,40x40,MatchingNetwork,5,5,Greek,Egyptian,False,10,4000,2,exp1_permuted_src_datasets
171,67.914606409,0.0,1738645837.818286,,0.22682493925094604,1.0,0.001,1,16,40x40,MatchingNetwork,5,5,Greek,Egyptian,False,10,4000,2,exp1_permuted_src_datasets
172,67.998173909,0.0,1738645837.9018219,,0.22879056632518768,1.0,0.001,1,16,40x40,MatchingNetwork,5,5,Greek,Egyptian,False,10,4000,2,exp1_permuted_src_datasets
173,68.0494443,0.0,1738645837.9531107,,0.23995228111743927,1.0,0.001,1,16,40x40,MatchingNetwork,5,5,Greek,Egyptian,False,10,4000,2,exp1_permuted_src_datasets
174,68.096114392,0.0,1738645837.9997942,,0.3362065255641937,1.0,0.001,1,16,40x40,MatchingNetwork,5,5,Greek,Egyptian,False,10,4000,2,exp1_permuted_src_datasets
175,68.149291052,0.0,1738645838.0529454,,0.26762905716896057,1.0,0.001,1,16,40x40,MatchingNetwork,5,5,Greek,Egyptian,False,10,4000,2,exp1_permuted_src_datasets
176,68.193434343,0.0,1738645838.0971038,,0.2958487868309021,1.0,0.001,1,16,40x40,MatchingNetwork,5,5,Greek,Egyptian,False,10,4000,2,exp1_permuted_src_datasets
177,68.240860199,0.0,1738645838.1445155,,0.24126411974430084,1.0,0.001,1,16,40x40,MatchingNetwork,5,5,Greek,Egyptian,False,10,4000,2,exp1_permuted_src_datasets
178,68.283987365,0.0,1738645838.1876676,,0.2326611876487732,1.0,0.001,1,16,40x40,MatchingNetwork,5,5,Greek,Egyptian,False,10,4000,2,exp1_permuted_src_datasets
179,68.3459867,0.0,1738645838.2495859,,0.24521377682685852,1.0,0.001,1,16,40x40,MatchingNetwork,5,5,Greek,Egyptian,False,10,4000,2,exp1_permuted_src_datasets
180,68.408553974,0.0,1738645838.3122091,,0.23240898549556732,1.0,0.001,1,16,40x40,MatchingNetwork,5,5,Greek,Egyptian,False,10,4000,2,exp1_permuted_src_datasets
181,68.482109383,0.0,1738645838.385791,,0.2443990707397461,1.0,0.001,1,16,40x40,MatchingNetwork,5,5,Greek,Egyptian,False,10,4000,2,exp1_permuted_src_datasets
182,68.545191836,0.0,1738645838.4488475,,0.2431882619857788,1.0,0.001,1,16,40x40,MatchingNetwork,5,5,Greek,Egyptian,False,10,4000,2,exp1_permuted_src_datasets
183,68.630569884,0.0,1738645838.5342333,,0.2427234649658203,1.0,0.001,1,16,40x40,MatchingNetwork,5,5,Greek,Egyptian,False,10,4000,2,exp1_permuted_src_datasets
184,68.68578956,0.0,1738645838.589434,,0.2247927039861679,1.0,0.001,1,16,40x40,MatchingNetwork,5,5,Greek,Egyptian,False,10,4000,2,exp1_permuted_src_datasets
185,68.750938462,0.0,1738645838.6545694,,0.19729600846767426,1.0,0.001,1,16,40x40,MatchingNetwork,5,5,Greek,Egyptian,False,10,4000,2,exp1_permuted_src_datasets
186,68.827804513,0.0,1738645838.7314632,,0.26000165939331055,1.0,0.001,1,16,40x40,MatchingNetwork,5,5,Greek,Egyptian,False,10,4000,2,exp1_permuted_src_datasets
187,68.912934979,0.0,1738645838.8165808,,0.2672156095504761,1.0,0.001,1,16,40x40,MatchingNetwork,5,5,Greek,Egyptian,False,10,4000,2,exp1_permuted_src_datasets
188,68.9950436,0.0,1738645838.8986998,,0.25649577379226685,1.0,0.001,1,16,40x40,MatchingNetwork,5,5,Greek,Egyptian,False,10,4000,2,exp1_permuted_src_datasets
189,69.050316325,0.0,1738645838.954011,,0.20917873084545135,1.0,0.001,1,16,40x40,MatchingNetwork,5,5,Greek,Egyptian,False,10,4000,2,exp1_permuted_src_datasets
190,86.587171707,0.0,1738645856.4909656,0.94625,,,0.001,1,16,40x40,MatchingNetwork,5,5,Greek,Egyptian,False,10,4000,2,exp1_permuted_src_datasets
191,86.621816678,0.0,1738645856.525416,,0.22717246413230896,1.0,0.001,1,16,40x40,MatchingNetwork,5,5,Greek,Egyptian,False,10,4000,2,exp1_permuted_src_datasets
192,86.667922586,0.0,1738645856.5715625,,0.2985965311527252,1.0,0.001,1,16,40x40,MatchingNetwork,5,5,Greek,Egyptian,False,10,4000,2,exp1_permuted_src_datasets
193,86.741442903,0.0,1738645856.645112,,0.2328786998987198,1.0,0.001,1,16,40x40,MatchingNetwork,5,5,Greek,Egyptian,False,10,4000,2,exp1_permuted_src_datasets
194,86.790254655,0.0,1738645856.6939638,,0.24468444287776947,1.0,0.001,1,16,40x40,MatchingNetwork,5,5,Greek,Egyptian,False,10,4000,2,exp1_permuted_src_datasets
195,86.836822757,0.0,1738645856.7404733,,0.24848692119121552,1.0,0.001,1,16,40x40,MatchingNetwork,5,5,Greek,Egyptian,False,10,4000,2,exp1_permuted_src_datasets
196,86.889294937,0.0,1738645856.7929518,,0.2894982099533081,1.0,0.001,1,16,40x40,MatchingNetwork,5,5,Greek,Egyptian,False,10,4000,2,exp1_permuted_src_datasets
197,86.945903879,0.0,1738645856.8495796,,0.2603943645954132,1.0,0.001,1,16,40x40,MatchingNetwork,5,5,Greek,Egyptian,False,10,4000,2,exp1_permuted_src_datasets
198,87.024990908,0.0,1738645856.9286182,,0.26095643639564514,1.0,0.001,1,16,40x40,MatchingNetwork,5,5,Greek,Egyptian,False,10,4000,2,exp1_permuted_src_datasets
199,87.078817475,0.0,1738645856.9824586,,0.2325391173362732,1.0,0.001,1,16,40x40,MatchingNetwork,5,5,Greek,Egyptian,False,10,4000,2,exp1_permuted_src_datasets
200,87.149917284,0.0,1738645857.0535655,,0.2461346834897995,1.0,0.001,1,16,40x40,MatchingNetwork,5,5,Greek,Egyptian,False,10,4000,2,exp1_permuted_src_datasets
201,87.197666977,0.0,1738645857.1013498,,0.2886374294757843,1.0,0.001,1,16,40x40,MatchingNetwork,5,5,Greek,Egyptian,False,10,4000,2,exp1_permuted_src_datasets
202,87.303154804,0.0,1738645857.2067528,,0.22844649851322174,1.0,0.001,1,16,40x40,MatchingNetwork,5,5,Greek,Egyptian,False,10,4000,2,exp1_permuted_src_datasets
203,87.39172756,0.0,1738645857.2953794,,0.24349114298820496,1.0,0.001,1,16,40x40,MatchingNetwork,5,5,Greek,Egyptian,False,10,4000,2,exp1_permuted_src_datasets
204,87.499694099,0.0,1738645857.4032612,,0.20349609851837158,1.0,0.001,1,16,40x40,MatchingNetwork,5,5,Greek,Egyptian,False,10,4000,2,exp1_permuted_src_datasets
205,87.567299065,0.0,1738645857.470945,,0.21360436081886292,1.0,0.001,1,16,40x40,MatchingNetwork,5,5,Greek,Egyptian,False,10,4000,2,exp1_permuted_src_datasets
206,87.611615422,0.0,1738645857.5152822,,0.2231452316045761,1.0,0.001,1,16,40x40,MatchingNetwork,5,5,Greek,Egyptian,False,10,4000,2,exp1_permuted_src_datasets
207,87.66163394,0.0,1738645857.5653205,,0.19924025237560272,1.0,0.001,1,16,40x40,MatchingNetwork,5,5,Greek,Egyptian,False,10,4000,2,exp1_permuted_src_datasets
208,87.713264482,0.0,1738645857.6169012,,0.2631896734237671,1.0,0.001,1,16,40x40,MatchingNetwork,5,5,Greek,Egyptian,False,10,4000,2,exp1_permuted_src_datasets
209,87.786840808,0.0,1738645857.690486,,0.19741852581501007,1.0,0.001,1,16,40x40,MatchingNetwork,5,5,Greek,Egyptian,False,10,4000,2,exp1_permuted_src_datasets
210,87.862849468,0.0,1738645857.766524,,0.24728523194789886,1.0,0.001,1,16,40x40,MatchingNetwork,5,5,Greek,Egyptian,False,10,4000,2,exp1_permuted_src_datasets
211,87.949122775,0.0,1738645857.8527496,,0.19793999195098877,1.0,0.001,1,16,40x40,MatchingNetwork,5,5,Greek,Egyptian,False,10,4000,2,exp1_permuted_src_datasets
212,88.012518874,0.0,1738645857.9161646,,0.2697948217391968,1.0,0.001,1,16,40x40,MatchingNetwork,5,5,Greek,Egyptian,False,10,4000,2,exp1_permuted_src_datasets
213,88.084465367,0.0,1738645857.9881291,,0.20361723005771637,1.0,0.001,1,16,40x40,MatchingNetwork,5,5,Greek,Egyptian,False,10,4000,2,exp1_permuted_src_datasets
214,88.137539032,0.0,1738645858.0411863,,0.2280835211277008,1.0,0.001,1,16,40x40,MatchingNetwork,5,5,Greek,Egyptian,False,10,4000,2,exp1_permuted_src_datasets
215,88.184663925,0.0,1738645858.0883327,,0.21079786121845245,1.0,0.001,1,16,40x40,MatchingNetwork,5,5,Greek,Egyptian,False,10,4000,2,exp1_permuted_src_datasets
216,88.252075524,0.0,1738645858.1557264,,0.24062038958072662,1.0,0.001,1,16,40x40,MatchingNetwork,5,5,Greek,Egyptian,False,10,4000,2,exp1_permuted_src_datasets
217,88.302867407,0.0,1738645858.2065282,,0.23902812600135803,1.0,0.001,1,16,40x40,MatchingNetwork,5,5,Greek,Egyptian,False,10,4000,2,exp1_permuted_src_datasets
218,88.348817906,0.0,1738645858.2524998,,0.23654226958751678,1.0,0.001,1,16,40x40,MatchingNetwork,5,5,Greek,Egyptian,False,10,4000,2,exp1_permuted_src_datasets
219,88.405406767,0.0,1738645858.3090749,,0.21294865012168884,1.0,0.001,1,16,40x40,MatchingNetwork,5,5,Greek,Egyptian,False,10,4000,2,exp1_permuted_src_datasets
220,88.453686016,0.0,1738645858.3573368,,0.24347741901874542,1.0,0.001,1,16,40x40,MatchingNetwork,5,5,Greek,Egyptian,False,10,4000,2,exp1_permuted_src_datasets
221,88.497760898,0.0,1738645858.4014394,,0.23300832509994507,1.0,0.001,1,16,40x40,MatchingNetwork,5,5,Greek,Egyptian,False,10,4000,2,exp1_permuted_src_datasets
222,88.575417757,0.0,1738645858.4790998,,0.23316413164138794,1.0,0.001,1,16,40x40,MatchingNetwork,5,5,Greek,Egyptian,False,10,4000,2,exp1_permuted_src_datasets
223,88.639411229,0.0,1738645858.5430415,,0.22280353307724,1.0,0.001,1,16,40x40,MatchingNetwork,5,5,Greek,Egyptian,False,10,4000,2,exp1_permuted_src_datasets
224,88.690558705,0.0,1738645858.5942125,,0.2127019315958023,1.0,0.001,1,16,40x40,MatchingNetwork,5,5,Greek,Egyptian,False,10,4000,2,exp1_permuted_src_datasets
225,88.75520789,0.0,1738645858.6588564,,0.23795969784259796,1.0,0.001,1,16,40x40,MatchingNetwork,5,5,Greek,Egyptian,False,10,4000,2,exp1_permuted_src_datasets
226,88.830102151,0.0,1738645858.733763,,0.23669929802417755,1.0,0.001,1,16,40x40,MatchingNetwork,5,5,Greek,Egyptian,False,10,4000,2,exp1_permuted_src_datasets
227,88.910574757,0.0,1738645858.8142107,,0.22373387217521667,1.0,0.001,1,16,40x40,MatchingNetwork,5,5,Greek,Egyptian,False,10,4000,2,exp1_permuted_src_datasets
228,88.957391264,0.0,1738645858.861062,,0.23947729170322418,1.0,0.001,1,16,40x40,MatchingNetwork,5,5,Greek,Egyptian,False,10,4000,2,exp1_permuted_src_datasets
229,89.013540881,0.0,1738645858.9171188,,0.2457381933927536,1.0,0.001,1,16,40x40,MatchingNetwork,5,5,Greek,Egyptian,False,10,4000,2,exp1_permuted_src_datasets
230,89.081523842,0.0,1738645858.985177,,0.24967388808727264,1.0,0.001,1,16,40x40,MatchingNetwork,5,5,Greek,Egyptian,False,10,4000,2,exp1_permuted_src_datasets
231,89.129538781,0.0,1738645859.033201,,0.21267855167388916,1.0,0.001,1,16,40x40,MatchingNetwork,5,5,Greek,Egyptian,False,10,4000,2,exp1_permuted_src_datasets
232,89.177053361,0.0,1738645859.080728,,0.24771806597709656,1.0,0.001,1,16,40x40,MatchingNetwork,5,5,Greek,Egyptian,False,10,4000,2,exp1_permuted_src_datasets
233,89.231845365,0.0,1738645859.1354835,,0.2183692753314972,1.0,0.001,1,16,40x40,MatchingNetwork,5,5,Greek,Egyptian,False,10,4000,2,exp1_permuted_src_datasets
234,89.293895289,0.0,1738645859.1975036,,0.25887182354927063,1.0,0.001,1,16,40x40,MatchingNetwork,5,5,Greek,Egyptian,False,10,4000,2,exp1_permuted_src_datasets
235,89.343060409,0.0,1738645859.2466908,,0.23112241923809052,1.0,0.001,1,16,40x40,MatchingNetwork,5,5,Greek,Egyptian,False,10,4000,2,exp1_permuted_src_datasets
236,89.409039367,0.0,1738645859.3127089,,0.24827297031879425,1.0,0.001,1,16,40x40,MatchingNetwork,5,5,Greek,Egyptian,False,10,4000,2,exp1_permuted_src_datasets
237,89.467911918,0.0,1738645859.3715684,,0.21671518683433533,1.0,0.001,1,16,40x40,MatchingNetwork,5,5,Greek,Egyptian,False,10,4000,2,exp1_permuted_src_datasets
238,89.539487273,0.0,1738645859.4431322,,0.24255754053592682,1.0,0.001,1,16,40x40,MatchingNetwork,5,5,Greek,Egyptian,False,10,4000,2,exp1_permuted_src_datasets
239,89.583533687,0.0,1738645859.4871874,,0.2776331305503845,1.0,0.001,1,16,40x40,MatchingNetwork,5,5,Greek,Egyptian,False,10,4000,2,exp1_permuted_src_datasets
240,89.659295385,0.0,1738645859.5629697,,0.20860853791236877,1.0,0.001,1,16,40x40,MatchingNetwork,5,5,Greek,Egyptian,False,10,4000,2,exp1_permuted_src_datasets
241,89.703449158,0.0,1738645859.6071155,,0.22395595908164978,1.0,0.001,1,16,40x40,MatchingNetwork,5,5,Greek,Egyptian,False,10,4000,2,exp1_permuted_src_datasets
242,89.782006318,0.0,1738645859.6856022,,0.22107267379760742,1.0,0.001,1,16,40x40,MatchingNetwork,5,5,Greek,Egyptian,False,10,4000,2,exp1_permuted_src_datasets
243,89.843648339,0.0,1738645859.747295,,0.21183018386363983,1.0,0.001,1,16,40x40,MatchingNetwork,5,5,Greek,Egyptian,False,10,4000,2,exp1_permuted_src_datasets
244,89.889871527,0.0,1738645859.7935412,,0.21550941467285156,1.0,0.001,1,16,40x40,MatchingNetwork,5,5,Greek,Egyptian,False,10,4000,2,exp1_permuted_src_datasets
245,89.949547481,0.0,1738645859.853171,,0.26682019233703613,1.0,0.001,1,16,40x40,MatchingNetwork,5,5,Greek,Egyptian,False,10,4000,2,exp1_permuted_src_datasets
246,90.008119647,0.0,1738645859.9117646,,0.2402103692293167,1.0,0.001,1,16,40x40,MatchingNetwork,5,5,Greek,Egyptian,False,10,4000,2,exp1_permuted_src_datasets
247,90.119814927,0.0,1738645860.0234027,,0.20149853825569153,1.0,0.001,1,16,40x40,MatchingNetwork,5,5,Greek,Egyptian,False,10,4000,2,exp1_permuted_src_datasets
248,90.218217538,0.0,1738645860.1218894,,0.23597784340381622,1.0,0.001,1,16,40x40,MatchingNetwork,5,5,Greek,Egyptian,False,10,4000,2,exp1_permuted_src_datasets
249,90.265430171,0.0,1738645860.1690855,,0.2588679790496826,1.0,0.001,1,16,40x40,MatchingNetwork,5,5,Greek,Egyptian,False,10,4000,2,exp1_permuted_src_datasets
250,90.345866358,0.0,1738645860.2494693,,0.2198094129562378,1.0,0.001,1,16,40x40,MatchingNetwork,5,5,Greek,Egyptian,False,10,4000,2,exp1_permuted_src_datasets
251,90.406759887,0.0,1738645860.3104565,,0.2426726371049881,1.0,0.001,1,16,40x40,MatchingNetwork,5,5,Greek,Egyptian,False,10,4000,2,exp1_permuted_src_datasets
252,90.505971032,0.0,1738645860.4096186,,0.2427300214767456,1.0,0.001,1,16,40x40,MatchingNetwork,5,5,Greek,Egyptian,False,10,4000,2,exp1_permuted_src_datasets
253,107.888143036,0.0,1738645877.7919374,0.95425,,,0.001,1,16,40x40,MatchingNetwork,5,5,Greek,Egyptian,False,10,4000,2,exp1_permuted_src_datasets
254,107.937114617,0.0,1738645877.8407924,,0.21179787814617157,1.0,0.001,1,16,40x40,MatchingNetwork,5,5,Greek,Egyptian,False,10,4000,2,exp1_permuted_src_datasets
255,108.010740181,0.0,1738645877.9143467,,0.22329264879226685,1.0,0.001,1,16,40x40,MatchingNetwork,5,5,Greek,Egyptian,False,10,4000,2,exp1_permuted_src_datasets
256,108.056353483,0.0,1738645877.9600124,,0.21623381972312927,1.0,0.001,1,16,40x40,MatchingNetwork,5,5,Greek,Egyptian,False,10,4000,2,exp1_permuted_src_datasets
257,108.137975555,0.0,1738645878.0415642,,0.2538336515426636,1.0,0.001,1,16,40x40,MatchingNetwork,5,5,Greek,Egyptian,False,10,4000,2,exp1_permuted_src_datasets
258,108.203521889,0.0,1738645878.1071858,,0.2349986582994461,1.0,0.001,1,16,40x40,MatchingNetwork,5,5,Greek,Egyptian,False,10,4000,2,exp1_permuted_src_datasets
259,108.258198163,0.0,1738645878.16186,,0.2700706422328949,1.0,0.001,1,16,40x40,MatchingNetwork,5,5,Greek,Egyptian,False,10,4000,2,exp1_permuted_src_datasets
260,108.325982706,0.0,1738645878.2296398,,0.2376173585653305,1.0,0.001,1,16,40x40,MatchingNetwork,5,5,Greek,Egyptian,False,10,4000,2,exp1_permuted_src_datasets
261,108.372998903,0.0,1738645878.2766564,,0.22451728582382202,1.0,0.001,1,16,40x40,MatchingNetwork,5,5,Greek,Egyptian,False,10,4000,2,exp1_permuted_src_datasets
262,108.425233666,0.0,1738645878.3289046,,0.2107439637184143,1.0,0.001,1,16,40x40,MatchingNetwork,5,5,Greek,Egyptian,False,10,4000,2,exp1_permuted_src_datasets
263,108.483330736,0.0,1738645878.3869684,,0.2362997680902481,1.0,0.001,1,16,40x40,MatchingNetwork,5,5,Greek,Egyptian,False,10,4000,2,exp1_permuted_src_datasets
264,108.540202686,0.0,1738645878.443859,,0.2720864713191986,1.0,0.001,1,16,40x40,MatchingNetwork,5,5,Greek,Egyptian,False,10,4000,2,exp1_permuted_src_datasets
265,108.618108002,0.0,1738645878.521757,,0.2358669489622116,1.0,0.001,1,16,40x40,MatchingNetwork,5,5,Greek,Egyptian,False,10,4000,2,exp1_permuted_src_datasets
266,108.702411223,0.0,1738645878.6060812,,0.21449191868305206,1.0,0.001,1,16,40x40,MatchingNetwork,5,5,Greek,Egyptian,False,10,4000,2,exp1_permuted_src_datasets
267,108.747297031,0.0,1738645878.6509209,,0.260482519865036,1.0,0.001,1,16,40x40,MatchingNetwork,5,5,Greek,Egyptian,False,10,4000,2,exp1_permuted_src_datasets
268,108.794907948,0.0,1738645878.6985931,,0.24819745123386383,1.0,0.001,1,16,40x40,MatchingNetwork,5,5,Greek,Egyptian,False,10,4000,2,exp1_permuted_src_datasets
269,108.841168214,0.0,1738645878.7447913,,0.22214089334011078,1.0,0.001,1,16,40x40,MatchingNetwork,5,5,Greek,Egyptian,False,10,4000,2,exp1_permuted_src_datasets
270,108.896976457,0.0,1738645878.8006406,,0.21027305722236633,1.0,0.001,1,16,40x40,MatchingNetwork,5,5,Greek,Egyptian,False,10,4000,2,exp1_permuted_src_datasets
271,108.961469886,0.0,1738645878.8651183,,0.23482851684093475,1.0,0.001,1,16,40x40,MatchingNetwork,5,5,Greek,Egyptian,False,10,4000,2,exp1_permuted_src_datasets
272,109.016720542,0.0,1738645878.920371,,0.19772586226463318,1.0,0.001,1,16,40x40,MatchingNetwork,5,5,Greek,Egyptian,False,10,4000,2,exp1_permuted_src_datasets
273,109.064660575,0.0,1738645878.968346,,0.2042042315006256,1.0,0.001,1,16,40x40,MatchingNetwork,5,5,Greek,Egyptian,False,10,4000,2,exp1_permuted_src_datasets
274,109.117925134,0.0,1738645879.0215735,,0.2142527997493744,1.0,0.001,1,16,40x40,MatchingNetwork,5,5,Greek,Egyptian,False,10,4000,2,exp1_permuted_src_datasets
275,109.165336212,0.0,1738645879.068972,,0.22728700935840607,1.0,0.001,1,16,40x40,MatchingNetwork,5,5,Greek,Egyptian,False,10,4000,2,exp1_permuted_src_datasets
276,109.211838632,0.0,1738645879.1155245,,0.23120345175266266,1.0,0.001,1,16,40x40,MatchingNetwork,5,5,Greek,Egyptian,False,10,4000,2,exp1_permuted_src_datasets
277,109.300223353,0.0,1738645879.2038572,,0.2166973054409027,1.0,0.001,1,16,40x40,MatchingNetwork,5,5,Greek,Egyptian,False,10,4000,2,exp1_permuted_src_datasets
278,109.366063,0.0,1738645879.2697237,,0.23265603184700012,1.0,0.001,1,16,40x40,MatchingNetwork,5,5,Greek,Egyptian,False,10,4000,2,exp1_permuted_src_datasets
279,109.426211194,0.0,1738645879.329896,,0.22656585276126862,1.0,0.001,1,16,40x40,MatchingNetwork,5,5,Greek,Egyptian,False,10,4000,2,exp1_permuted_src_datasets
280,109.472436168,0.0,1738645879.3761206,,0.24581101536750793,1.0,0.001,1,16,40x40,MatchingNetwork,5,5,Greek,Egyptian,False,10,4000,2,exp1_permuted_src_datasets
281,109.519888102,0.0,1738645879.4235597,,0.25817403197288513,1.0,0.001,1,16,40x40,MatchingNetwork,5,5,Greek,Egyptian,False,10,4000,2,exp1_permuted_src_datasets
282,109.571410587,0.0,1738645879.4750817,,0.213239848613739,1.0,0.001,1,16,40x40,MatchingNetwork,5,5,Greek,Egyptian,False,10,4000,2,exp1_permuted_src_datasets
283,109.624951648,0.0,1738645879.5286357,,0.23062767088413239,1.0,0.001,1,16,40x40,MatchingNetwork,5,5,Greek,Egyptian,False,10,4000,2,exp1_permuted_src_datasets
284,109.699967199,0.0,1738645879.6036339,,0.23105427622795105,1.0,0.001,1,16,40x40,MatchingNetwork,5,5,Greek,Egyptian,False,10,4000,2,exp1_permuted_src_datasets
285,109.792506532,0.0,1738645879.6959724,,0.2205791473388672,1.0,0.001,1,16,40x40,MatchingNetwork,5,5,Greek,Egyptian,False,10,4000,2,exp1_permuted_src_datasets
286,109.843339096,0.0,1738645879.7470121,,0.23077833652496338,1.0,0.001,1,16,40x40,MatchingNetwork,5,5,Greek,Egyptian,False,10,4000,2,exp1_permuted_src_datasets
287,109.895858405,0.0,1738645879.7995284,,0.21146638691425323,1.0,0.001,1,16,40x40,MatchingNetwork,5,5,Greek,Egyptian,False,10,4000,2,exp1_permuted_src_datasets
288,109.989209967,0.0,1738645879.8927896,,0.2319868505001068,1.0,0.001,1,16,40x40,MatchingNetwork,5,5,Greek,Egyptian,False,10,4000,2,exp1_permuted_src_datasets
289,110.083859941,0.0,1738645879.9875226,,0.21659673750400543,1.0,0.001,1,16,40x40,MatchingNetwork,5,5,Greek,Egyptian,False,10,4000,2,exp1_permuted_src_datasets
290,110.137467239,0.0,1738645880.0411346,,0.20231187343597412,1.0,0.001,1,16,40x40,MatchingNetwork,5,5,Greek,Egyptian,False,10,4000,2,exp1_permuted_src_datasets
291,110.218695229,0.0,1738645880.1223168,,0.22023159265518188,1.0,0.001,1,16,40x40,MatchingNetwork,5,5,Greek,Egyptian,False,10,4000,2,exp1_permuted_src_datasets
292,110.288941121,0.0,1738645880.1926365,,0.21684379875659943,1.0,0.001,1,16,40x40,MatchingNetwork,5,5,Greek,Egyptian,False,10,4000,2,exp1_permuted_src_datasets
293,110.346555438,0.0,1738645880.2502282,,0.234447181224823,1.0,0.001,1,16,40x40,MatchingNetwork,5,5,Greek,Egyptian,False,10,4000,2,exp1_permuted_src_datasets
294,110.390628772,0.0,1738645880.2943099,,0.20424537360668182,1.0,0.001,1,16,40x40,MatchingNetwork,5,5,Greek,Egyptian,False,10,4000,2,exp1_permuted_src_datasets
295,110.445243755,0.0,1738645880.3489008,,0.240350604057312,1.0,0.001,1,16,40x40,MatchingNetwork,5,5,Greek,Egyptian,False,10,4000,2,exp1_permuted_src_datasets
296,110.522429808,0.0,1738645880.4261065,,0.2418302595615387,1.0,0.001,1,16,40x40,MatchingNetwork,5,5,Greek,Egyptian,False,10,4000,2,exp1_permuted_src_datasets
297,110.574121822,0.0,1738645880.4778106,,0.25221142172813416,1.0,0.001,1,16,40x40,MatchingNetwork,5,5,Greek,Egyptian,False,10,4000,2,exp1_permuted_src_datasets
298,110.618537874,0.0,1738645880.5222685,,0.2007714956998825,1.0,0.001,1,16,40x40,MatchingNetwork,5,5,Greek,Egyptian,False,10,4000,2,exp1_permuted_src_datasets
299,110.665523336,0.0,1738645880.5691853,,0.22230787575244904,1.0,0.001,1,16,40x40,MatchingNetwork,5,5,Greek,Egyptian,False,10,4000,2,exp1_permuted_src_datasets
300,110.714171588,0.0,1738645880.6178367,,0.21583062410354614,1.0,0.001,1,16,40x40,MatchingNetwork,5,5,Greek,Egyptian,False,10,4000,2,exp1_permuted_src_datasets
301,110.762601884,0.0,1738645880.6662352,,0.20617718994617462,1.0,0.001,1,16,40x40,MatchingNetwork,5,5,Greek,Egyptian,False,10,4000,2,exp1_permuted_src_datasets
302,110.819115596,0.0,1738645880.7227862,,0.21447226405143738,1.0,0.001,1,16,40x40,MatchingNetwork,5,5,Greek,Egyptian,False,10,4000,2,exp1_permuted_src_datasets
303,110.864361264,0.0,1738645880.768039,,0.20944319665431976,1.0,0.001,1,16,40x40,MatchingNetwork,5,5,Greek,Egyptian,False,10,4000,2,exp1_permuted_src_datasets
304,110.945052089,0.0,1738645880.8487158,,0.2167986035346985,1.0,0.001,1,16,40x40,MatchingNetwork,5,5,Greek,Egyptian,False,10,4000,2,exp1_permuted_src_datasets
305,111.037025537,0.0,1738645880.9406538,,0.22681863605976105,1.0,0.001,1,16,40x40,MatchingNetwork,5,5,Greek,Egyptian,False,10,4000,2,exp1_permuted_src_datasets
306,111.1415785,0.0,1738645881.0451477,,0.21493899822235107,1.0,0.001,1,16,40x40,MatchingNetwork,5,5,Greek,Egyptian,False,10,4000,2,exp1_permuted_src_datasets
307,111.22748512,0.0,1738645881.1311257,,0.2312532365322113,1.0,0.001,1,16,40x40,MatchingNetwork,5,5,Greek,Egyptian,False,10,4000,2,exp1_permuted_src_datasets
308,111.27619289,0.0,1738645881.1798472,,0.23977479338645935,1.0,0.001,1,16,40x40,MatchingNetwork,5,5,Greek,Egyptian,False,10,4000,2,exp1_permuted_src_datasets
309,111.332812672,0.0,1738645881.236464,,0.24060851335525513,1.0,0.001,1,16,40x40,MatchingNetwork,5,5,Greek,Egyptian,False,10,4000,2,exp1_permuted_src_datasets
310,111.39687508,0.0,1738645881.300505,,0.24261629581451416,1.0,0.001,1,16,40x40,MatchingNetwork,5,5,Greek,Egyptian,False,10,4000,2,exp1_permuted_src_datasets
311,111.462225627,0.0,1738645881.3658745,,0.21431578695774078,1.0,0.001,1,16,40x40,MatchingNetwork,5,5,Greek,Egyptian,False,10,4000,2,exp1_permuted_src_datasets
312,111.512712456,0.0,1738645881.4163585,,0.2060500830411911,1.0,0.001,1,16,40x40,MatchingNetwork,5,5,Greek,Egyptian,False,10,4000,2,exp1_permuted_src_datasets
313,111.559800597,0.0,1738645881.463466,,0.20687927305698395,1.0,0.001,1,16,40x40,MatchingNetwork,5,5,Greek,Egyptian,False,10,4000,2,exp1_permuted_src_datasets
314,111.611338485,0.0,1738645881.5149968,,0.20540979504585266,1.0,0.001,1,16,40x40,MatchingNetwork,5,5,Greek,Egyptian,False,10,4000,2,exp1_permuted_src_datasets
315,111.693365417,0.0,1738645881.5970454,,0.2241821140050888,1.0,0.001,1,16,40x40,MatchingNetwork,5,5,Greek,Egyptian,False,10,4000,2,exp1_permuted_src_datasets
316,128.549142755,0.0,1738645898.4529443,0.95075,,,0.001,1,16,40x40,MatchingNetwork,5,5,Greek,Egyptian,False,10,4000,2,exp1_permuted_src_datasets
317,128.576401353,0.0,1738645898.4800858,,0.21588414907455444,1.0,0.001,1,16,40x40,MatchingNetwork,5,5,Greek,Egyptian,False,10,4000,2,exp1_permuted_src_datasets
318,128.664993837,0.0,1738645898.5686362,,0.23715277016162872,1.0,0.001,1,16,40x40,MatchingNetwork,5,5,Greek,Egyptian,False,10,4000,2,exp1_permuted_src_datasets
319,128.723101935,0.0,1738645898.6267571,,0.20274080336093903,1.0,0.001,1,16,40x40,MatchingNetwork,5,5,Greek,Egyptian,False,10,4000,2,exp1_permuted_src_datasets
320,128.776448471,0.0,1738645898.6801014,,0.2526260316371918,1.0,0.001,1,16,40x40,MatchingNetwork,5,5,Greek,Egyptian,False,10,4000,2,exp1_permuted_src_datasets
321,128.824021161,0.0,1738645898.7276888,,0.24837495386600494,1.0,0.001,1,16,40x40,MatchingNetwork,5,5,Greek,Egyptian,False,10,4000,2,exp1_permuted_src_datasets
322,128.881511517,0.0,1738645898.7849667,,0.22000844776630402,1.0,0.001,1,16,40x40,MatchingNetwork,5,5,Greek,Egyptian,False,10,4000,2,exp1_permuted_src_datasets
323,128.964365711,0.0,1738645898.8680108,,0.24608881771564484,1.0,0.001,1,16,40x40,MatchingNetwork,5,5,Greek,Egyptian,False,10,4000,2,exp1_permuted_src_datasets
324,129.020143356,0.0,1738645898.923814,,0.23895946145057678,1.0,0.001,1,16,40x40,MatchingNetwork,5,5,Greek,Egyptian,False,10,4000,2,exp1_permuted_src_datasets
325,129.079280708,0.0,1738645898.9829643,,0.22355729341506958,1.0,0.001,1,16,40x40,MatchingNetwork,5,5,Greek,Egyptian,False,10,4000,2,exp1_permuted_src_datasets
326,129.139727319,0.0,1738645899.0433908,,0.24135980010032654,1.0,0.001,1,16,40x40,MatchingNetwork,5,5,Greek,Egyptian,False,10,4000,2,exp1_permuted_src_datasets
327,129.189612974,0.0,1738645899.0932593,,0.25127074122428894,1.0,0.001,1,16,40x40,MatchingNetwork,5,5,Greek,Egyptian,False,10,4000,2,exp1_permuted_src_datasets
328,129.262662283,0.0,1738645899.1663198,,0.20572960376739502,1.0,0.001,1,16,40x40,MatchingNetwork,5,5,Greek,Egyptian,False,10,4000,2,exp1_permuted_src_datasets
329,129.313556932,0.0,1738645899.217216,,0.2017212063074112,1.0,0.001,1,16,40x40,MatchingNetwork,5,5,Greek,Egyptian,False,10,4000,2,exp1_permuted_src_datasets
330,129.366488864,0.0,1738645899.2701492,,0.23397022485733032,1.0,0.001,1,16,40x40,MatchingNetwork,5,5,Greek,Egyptian,False,10,4000,2,exp1_permuted_src_datasets
331,129.419145957,0.0,1738645899.322843,,0.22070641815662384,1.0,0.001,1,16,40x40,MatchingNetwork,5,5,Greek,Egyptian,False,10,4000,2,exp1_permuted_src_datasets
332,129.489560094,0.0,1738645899.3932312,,0.2238423079252243,1.0,0.001,1,16,40x40,MatchingNetwork,5,5,Greek,Egyptian,False,10,4000,2,exp1_permuted_src_datasets
333,129.564323818,0.0,1738645899.4679837,,0.23324796557426453,1.0,0.001,1,16,40x40,MatchingNetwork,5,5,Greek,Egyptian,False,10,4000,2,exp1_permuted_src_datasets
334,129.620387417,0.0,1738645899.5240173,,0.22276176512241364,1.0,0.001,1,16,40x40,MatchingNetwork,5,5,Greek,Egyptian,False,10,4000,2,exp1_permuted_src_datasets
335,129.665423222,0.0,1738645899.5691097,,0.22713977098464966,1.0,0.001,1,16,40x40,MatchingNetwork,5,5,Greek,Egyptian,False,10,4000,2,exp1_permuted_src_datasets
336,129.747954885,0.0,1738645899.6516042,,0.26510557532310486,1.0,0.001,1,16,40x40,MatchingNetwork,5,5,Greek,Egyptian,False,10,4000,2,exp1_permuted_src_datasets
337,129.81034592,0.0,1738645899.7139988,,0.2700546085834503,1.0,0.001,1,16,40x40,MatchingNetwork,5,5,Greek,Egyptian,False,10,4000,2,exp1_permuted_src_datasets
338,129.89288887,0.0,1738645899.7965462,,0.19961842894554138,1.0,0.001,1,16,40x40,MatchingNetwork,5,5,Greek,Egyptian,False,10,4000,2,exp1_permuted_src_datasets
339,129.938843265,0.0,1738645899.8425157,,0.29473158717155457,1.0,0.001,1,16,40x40,MatchingNetwork,5,5,Greek,Egyptian,False,10,4000,2,exp1_permuted_src_datasets
340,129.99375108,0.0,1738645899.8972516,,0.27853164076805115,1.0,0.001,1,16,40x40,MatchingNetwork,5,5,Greek,Egyptian,False,10,4000,2,exp1_permuted_src_datasets
341,130.053572199,0.0,1738645899.957243,,0.24165073037147522,1.0,0.001,1,16,40x40,MatchingNetwork,5,5,Greek,Egyptian,False,10,4000,2,exp1_permuted_src_datasets
342,130.102952596,0.0,1738645900.006654,,0.22700734436511993,1.0,0.001,1,16,40x40,MatchingNetwork,5,5,Greek,Egyptian,False,10,4000,2,exp1_permuted_src_datasets
343,130.149178034,0.0,1738645900.0528302,,0.21065378189086914,1.0,0.001,1,16,40x40,MatchingNetwork,5,5,Greek,Egyptian,False,10,4000,2,exp1_permuted_src_datasets
344,130.200446173,0.0,1738645900.1041253,,0.23148277401924133,1.0,0.001,1,16,40x40,MatchingNetwork,5,5,Greek,Egyptian,False,10,4000,2,exp1_permuted_src_datasets
345,130.311463297,0.0,1738645900.2150466,,0.21475844085216522,1.0,0.001,1,16,40x40,MatchingNetwork,5,5,Greek,Egyptian,False,10,4000,2,exp1_permuted_src_datasets
346,130.368732769,0.0,1738645900.272389,,0.20520839095115662,1.0,0.001,1,16,40x40,MatchingNetwork,5,5,Greek,Egyptian,False,10,4000,2,exp1_permuted_src_datasets
347,130.417248959,0.0,1738645900.3209348,,0.19781363010406494,1.0,0.001,1,16,40x40,MatchingNetwork,5,5,Greek,Egyptian,False,10,4000,2,exp1_permuted_src_datasets
348,130.464827757,0.0,1738645900.3684824,,0.24524295330047607,1.0,0.001,1,16,40x40,MatchingNetwork,5,5,Greek,Egyptian,False,10,4000,2,exp1_permuted_src_datasets
349,130.539570371,0.0,1738645900.443201,,0.23852792382240295,1.0,0.001,1,16,40x40,MatchingNetwork,5,5,Greek,Egyptian,False,10,4000,2,exp1_permuted_src_datasets
350,130.599576169,0.0,1738645900.4882832,,0.22052063047885895,1.0,0.001,1,16,40x40,MatchingNetwork,5,5,Greek,Egyptian,False,10,4000,2,exp1_permuted_src_datasets
351,130.651776514,0.0,1738645900.5554397,,0.2179739624261856,1.0,0.001,1,16,40x40,MatchingNetwork,5,5,Greek,Egyptian,False,10,4000,2,exp1_permuted_src_datasets
352,130.708896413,0.0,1738645900.6125588,,0.2118639200925827,1.0,0.001,1,16,40x40,MatchingNetwork,5,5,Greek,Egyptian,False,10,4000,2,exp1_permuted_src_datasets
353,130.777432689,0.0,1738645900.6810884,,0.22538965940475464,1.0,0.001,1,16,40x40,MatchingNetwork,5,5,Greek,Egyptian,False,10,4000,2,exp1_permuted_src_datasets
354,130.828387424,0.0,1738645900.7320533,,0.25014522671699524,1.0,0.001,1,16,40x40,MatchingNetwork,5,5,Greek,Egyptian,False,10,4000,2,exp1_permuted_src_datasets
355,130.907696631,0.0,1738645900.8113258,,0.22379377484321594,1.0,0.001,1,16,40x40,MatchingNetwork,5,5,Greek,Egyptian,False,10,4000,2,exp1_permuted_src_datasets
356,130.95942509,0.0,1738645900.8616085,,0.22237394750118256,1.0,0.001,1,16,40x40,MatchingNetwork,5,5,Greek,Egyptian,False,10,4000,2,exp1_permuted_src_datasets
357,131.028603716,0.0,1738645900.9322653,,0.2722366452217102,1.0,0.001,1,16,40x40,MatchingNetwork,5,5,Greek,Egyptian,False,10,4000,2,exp1_permuted_src_datasets
358,131.086494555,0.0,1738645900.9901538,,0.24866467714309692,1.0,0.001,1,16,40x40,MatchingNetwork,5,5,Greek,Egyptian,False,10,4000,2,exp1_permuted_src_datasets
359,131.141166883,0.0,1738645901.0448565,,0.21038281917572021,1.0,0.001,1,16,40x40,MatchingNetwork,5,5,Greek,Egyptian,False,10,4000,2,exp1_permuted_src_datasets
360,131.196026619,0.0,1738645901.0996966,,0.2213018387556076,1.0,0.001,1,16,40x40,MatchingNetwork,5,5,Greek,Egyptian,False,10,4000,2,exp1_permuted_src_datasets
361,131.242257755,0.0,1738645901.145906,,0.20656827092170715,1.0,0.001,1,16,40x40,MatchingNetwork,5,5,Greek,Egyptian,False,10,4000,2,exp1_permuted_src_datasets
362,131.291846798,0.0,1738645901.1955304,,0.22363829612731934,1.0,0.001,1,16,40x40,MatchingNetwork,5,5,Greek,Egyptian,False,10,4000,2,exp1_permuted_src_datasets
363,131.339867963,0.0,1738645901.2435215,,0.19176100194454193,1.0,0.001,1,16,40x40,MatchingNetwork,5,5,Greek,Egyptian,False,10,4000,2,exp1_permuted_src_datasets
364,131.393679413,0.0,1738645901.2973545,,0.22373372316360474,1.0,0.001,1,16,40x40,MatchingNetwork,5,5,Greek,Egyptian,False,10,4000,2,exp1_permuted_src_datasets
365,131.471801119,0.0,1738645901.3753736,,0.21814338862895966,1.0,0.001,1,16,40x40,MatchingNetwork,5,5,Greek,Egyptian,False,10,4000,2,exp1_permuted_src_datasets
366,131.521505594,0.0,1738645901.4251542,,0.22901830077171326,1.0,0.001,1,16,40x40,MatchingNetwork,5,5,Greek,Egyptian,False,10,4000,2,exp1_permuted_src_datasets
367,131.569394379,0.0,1738645901.4730504,,0.20247094333171844,1.0,0.001,1,16,40x40,MatchingNetwork,5,5,Greek,Egyptian,False,10,4000,2,exp1_permuted_src_datasets
368,131.625991978,0.0,1738645901.529647,,0.19522203505039215,1.0,0.001,1,16,40x40,MatchingNetwork,5,5,Greek,Egyptian,False,10,4000,2,exp1_permuted_src_datasets
369,131.683524753,0.0,1738645901.5871696,,0.2490873634815216,1.0,0.001,1,16,40x40,MatchingNetwork,5,5,Greek,Egyptian,False,10,4000,2,exp1_permuted_src_datasets
370,131.732130054,0.0,1738645901.6357543,,0.23945525288581848,1.0,0.001,1,16,40x40,MatchingNetwork,5,5,Greek,Egyptian,False,10,4000,2,exp1_permuted_src_datasets
371,131.792794111,0.0,1738645901.6964607,,0.2155873030424118,1.0,0.001,1,16,40x40,MatchingNetwork,5,5,Greek,Egyptian,False,10,4000,2,exp1_permuted_src_datasets
372,131.845810362,0.0,1738645901.7495027,,0.1971931755542755,1.0,0.001,1,16,40x40,MatchingNetwork,5,5,Greek,Egyptian,False,10,4000,2,exp1_permuted_src_datasets
373,131.899023938,0.0,1738645901.8026886,,0.23446160554885864,1.0,0.001,1,16,40x40,MatchingNetwork,5,5,Greek,Egyptian,False,10,4000,2,exp1_permuted_src_datasets
374,131.965001469,0.0,1738645901.8686464,,0.2347254455089569,1.0,0.001,1,16,40x40,MatchingNetwork,5,5,Greek,Egyptian,False,10,4000,2,exp1_permuted_src_datasets
375,132.01001104,0.0,1738645901.9136624,,0.23440085351467133,1.0,0.001,1,16,40x40,MatchingNetwork,5,5,Greek,Egyptian,False,10,4000,2,exp1_permuted_src_datasets
376,132.054120394,0.0,1738645901.9578161,,0.20457226037979126,1.0,0.001,1,16,40x40,MatchingNetwork,5,5,Greek,Egyptian,False,10,4000,2,exp1_permuted_src_datasets
377,132.098644688,0.0,1738645902.0023134,,0.21904058754444122,1.0,0.001,1,16,40x40,MatchingNetwork,5,5,Greek,Egyptian,False,10,4000,2,exp1_permuted_src_datasets
378,132.150984054,0.0,1738645902.0546181,,0.21134953200817108,1.0,0.001,1,16,40x40,MatchingNetwork,5,5,Greek,Egyptian,False,10,4000,2,exp1_permuted_src_datasets
379,149.098328606,0.0,1738645919.0021303,0.9545,,,0.001,1,16,40x40,MatchingNetwork,5,5,Greek,Egyptian,False,10,4000,2,exp1_permuted_src_datasets
380,149.154744418,0.0,1738645919.058454,,0.220981165766716,1.0,0.001,1,16,40x40,MatchingNetwork,5,5,Greek,Egyptian,False,10,4000,2,exp1_permuted_src_datasets
381,149.229198339,0.0,1738645919.1328537,,0.24099643528461456,1.0,0.001,1,16,40x40,MatchingNetwork,5,5,Greek,Egyptian,False,10,4000,2,exp1_permuted_src_datasets
382,149.29998562,0.0,1738645919.2036707,,0.23969000577926636,1.0,0.001,1,16,40x40,MatchingNetwork,5,5,Greek,Egyptian,False,10,4000,2,exp1_permuted_src_datasets
383,149.373960294,0.0,1738645919.27761,,0.24456647038459778,1.0,0.001,1,16,40x40,MatchingNetwork,5,5,Greek,Egyptian,False,10,4000,2,exp1_permuted_src_datasets
384,149.4401172,0.0,1738645919.343755,,0.19569045305252075,1.0,0.001,1,16,40x40,MatchingNetwork,5,5,Greek,Egyptian,False,10,4000,2,exp1_permuted_src_datasets
385,149.491305084,0.0,1738645919.3949788,,0.21569153666496277,1.0,0.001,1,16,40x40,MatchingNetwork,5,5,Greek,Egyptian,False,10,4000,2,exp1_permuted_src_datasets
386,149.544509812,0.0,1738645919.4481692,,0.23683637380599976,1.0,0.001,1,16,40x40,MatchingNetwork,5,5,Greek,Egyptian,False,10,4000,2,exp1_permuted_src_datasets
387,149.628489826,0.0,1738645919.5321534,,0.19241662323474884,1.0,0.001,1,16,40x40,MatchingNetwork,5,5,Greek,Egyptian,False,10,4000,2,exp1_permuted_src_datasets
388,149.704577129,0.0,1738645919.6082437,,0.23892420530319214,1.0,0.001,1,16,40x40,MatchingNetwork,5,5,Greek,Egyptian,False,10,4000,2,exp1_permuted_src_datasets
389,149.75875562,0.0,1738645919.6624124,,0.22152473032474518,1.0,0.001,1,16,40x40,MatchingNetwork,5,5,Greek,Egyptian,False,10,4000,2,exp1_permuted_src_datasets
390,149.808316566,0.0,1738645919.7119987,,0.193451389670372,1.0,0.001,1,16,40x40,MatchingNetwork,5,5,Greek,Egyptian,False,10,4000,2,exp1_permuted_src_datasets
391,149.859148262,0.0,1738645919.7627873,,0.272085577249527,1.0,0.001,1,16,40x40,MatchingNetwork,5,5,Greek,Egyptian,False,10,4000,2,exp1_permuted_src_datasets
392,149.914228796,0.0,1738645919.8178923,,0.22981268167495728,1.0,0.001,1,16,40x40,MatchingNetwork,5,5,Greek,Egyptian,False,10,4000,2,exp1_permuted_src_datasets
393,149.967289872,0.0,1738645919.870918,,0.21560712158679962,1.0,0.001,1,16,40x40,MatchingNetwork,5,5,Greek,Egyptian,False,10,4000,2,exp1_permuted_src_datasets
394,150.041452755,0.0,1738645919.9450982,,0.218230202794075,1.0,0.001,1,16,40x40,MatchingNetwork,5,5,Greek,Egyptian,False,10,4000,2,exp1_permuted_src_datasets
395,150.088061231,0.0,1738645919.9917195,,0.19566494226455688,1.0,0.001,1,16,40x40,MatchingNetwork,5,5,Greek,Egyptian,False,10,4000,2,exp1_permuted_src_datasets
396,150.169009037,0.0,1738645920.0726786,,0.26526519656181335,1.0,0.001,1,16,40x40,MatchingNetwork,5,5,Greek,Egyptian,False,10,4000,2,exp1_permuted_src_datasets
397,150.248233732,0.0,1738645920.1519024,,0.23711659014225006,1.0,0.001,1,16,40x40,MatchingNetwork,5,5,Greek,Egyptian,False,10,4000,2,exp1_permuted_src_datasets
398,150.306804005,0.0,1738645920.2104578,,0.1982123702764511,1.0,0.001,1,16,40x40,MatchingNetwork,5,5,Greek,Egyptian,False,10,4000,2,exp1_permuted_src_datasets
399,150.362141106,0.0,1738645920.2658079,,0.1898626983165741,1.0,0.001,1,16,40x40,MatchingNetwork,5,5,Greek,Egyptian,False,10,4000,2,exp1_permuted_src_datasets
400,150.428684905,0.0,1738645920.3323295,,0.18565434217453003,1.0,0.001,1,16,40x40,MatchingNetwork,5,5,Greek,Egyptian,False,10,4000,2,exp1_permuted_src_datasets
401,150.501731787,0.0,1738645920.4054422,,0.24204030632972717,1.0,0.001,1,16,40x40,MatchingNetwork,5,5,Greek,Egyptian,False,10,4000,2,exp1_permuted_src_datasets
402,150.548641888,0.0,1738645920.4523134,,0.23567160964012146,1.0,0.001,1,16,40x40,MatchingNetwork,5,5,Greek,Egyptian,False,10,4000,2,exp1_permuted_src_datasets
403,150.638227366,0.0,1738645920.5418959,,0.2055642008781433,1.0,0.001,1,16,40x40,MatchingNetwork,5,5,Greek,Egyptian,False,10,4000,2,exp1_permuted_src_datasets
404,150.685074349,0.0,1738645920.5887377,,0.2356780469417572,1.0,0.001,1,16,40x40,MatchingNetwork,5,5,Greek,Egyptian,False,10,4000,2,exp1_permuted_src_datasets
405,150.739152155,0.0,1738645920.6428041,,0.2275526076555252,1.0,0.001,1,16,40x40,MatchingNetwork,5,5,Greek,Egyptian,False,10,4000,2,exp1_permuted_src_datasets
406,150.788764911,0.0,1738645920.6924994,,0.26657161116600037,1.0,0.001,1,16,40x40,MatchingNetwork,5,5,Greek,Egyptian,False,10,4000,2,exp1_permuted_src_datasets
407,150.872781085,0.0,1738645920.7764192,,0.23715421557426453,1.0,0.001,1,16,40x40,MatchingNetwork,5,5,Greek,Egyptian,False,10,4000,2,exp1_permuted_src_datasets
408,150.922857885,0.0,1738645920.826523,,0.23943355679512024,1.0,0.001,1,16,40x40,MatchingNetwork,5,5,Greek,Egyptian,False,10,4000,2,exp1_permuted_src_datasets
409,150.973565489,0.0,1738645920.877225,,0.2261892706155777,1.0,0.001,1,16,40x40,MatchingNetwork,5,5,Greek,Egyptian,False,10,4000,2,exp1_permuted_src_datasets
410,151.022775448,0.0,1738645920.9264667,,0.19182522594928741,1.0,0.001,1,16,40x40,MatchingNetwork,5,5,Greek,Egyptian,False,10,4000,2,exp1_permuted_src_datasets
411,151.114471547,0.0,1738645921.0181227,,0.21570797264575958,1.0,0.001,1,16,40x40,MatchingNetwork,5,5,Greek,Egyptian,False,10,4000,2,exp1_permuted_src_datasets
412,151.175133957,0.0,1738645921.078809,,0.24028831720352173,1.0,0.001,1,16,40x40,MatchingNetwork,5,5,Greek,Egyptian,False,10,4000,2,exp1_permuted_src_datasets
413,151.2377996,0.0,1738645921.1414711,,0.2109706550836563,1.0,0.001,1,16,40x40,MatchingNetwork,5,5,Greek,Egyptian,False,10,4000,2,exp1_permuted_src_datasets
414,151.293728617,0.0,1738645921.197419,,0.19390174746513367,1.0,0.001,1,16,40x40,MatchingNetwork,5,5,Greek,Egyptian,False,10,4000,2,exp1_permuted_src_datasets
415,151.354002994,0.0,1738645921.2576654,,0.24104367196559906,1.0,0.001,1,16,40x40,MatchingNetwork,5,5,Greek,Egyptian,False,10,4000,2,exp1_permuted_src_datasets
416,151.433472326,0.0,1738645921.3371089,,0.257126122713089,1.0,0.001,1,16,40x40,MatchingNetwork,5,5,Greek,Egyptian,False,10,4000,2,exp1_permuted_src_datasets
417,151.517660958,0.0,1738645921.4213095,,0.22345468401908875,1.0,0.001,1,16,40x40,MatchingNetwork,5,5,Greek,Egyptian,False,10,4000,2,exp1_permuted_src_datasets
418,151.566673499,0.0,1738645921.4703574,,0.20418596267700195,1.0,0.001,1,16,40x40,MatchingNetwork,5,5,Greek,Egyptian,False,10,4000,2,exp1_permuted_src_datasets
419,151.614889136,0.0,1738645921.5185452,,0.22115275263786316,1.0,0.001,1,16,40x40,MatchingNetwork,5,5,Greek,Egyptian,False,10,4000,2,exp1_permuted_src_datasets
420,151.661288681,0.0,1738645921.5649645,,0.20222510397434235,1.0,0.001,1,16,40x40,MatchingNetwork,5,5,Greek,Egyptian,False,10,4000,2,exp1_permuted_src_datasets
421,151.724886896,0.0,1738645921.6285484,,0.23970337212085724,1.0,0.001,1,16,40x40,MatchingNetwork,5,5,Greek,Egyptian,False,10,4000,2,exp1_permuted_src_datasets
422,151.792678584,0.0,1738645921.6963334,,0.20694497227668762,1.0,0.001,1,16,40x40,MatchingNetwork,5,5,Greek,Egyptian,False,10,4000,2,exp1_permuted_src_datasets
423,151.857153735,0.0,1738645921.7608025,,0.2098461240530014,1.0,0.001,1,16,40x40,MatchingNetwork,5,5,Greek,Egyptian,False,10,4000,2,exp1_permuted_src_datasets
424,151.912586594,0.0,1738645921.8162475,,0.2449464201927185,1.0,0.001,1,16,40x40,MatchingNetwork,5,5,Greek,Egyptian,False,10,4000,2,exp1_permuted_src_datasets
425,151.985546391,0.0,1738645921.8891735,,0.22320868074893951,1.0,0.001,1,16,40x40,MatchingNetwork,5,5,Greek,Egyptian,False,10,4000,2,exp1_permuted_src_datasets
426,152.039740616,0.0,1738645921.9433935,,0.21499310433864594,1.0,0.001,1,16,40x40,MatchingNetwork,5,5,Greek,Egyptian,False,10,4000,2,exp1_permuted_src_datasets
427,152.083655536,0.0,1738645921.987315,,0.2221556156873703,1.0,0.001,1,16,40x40,MatchingNetwork,5,5,Greek,Egyptian,False,10,4000,2,exp1_permuted_src_datasets
428,152.161684869,0.0,1738645922.0653322,,0.2053893357515335,1.0,0.001,1,16,40x40,MatchingNetwork,5,5,Greek,Egyptian,False,10,4000,2,exp1_permuted_src_datasets
429,152.211998481,0.0,1738645922.1156554,,0.20668640732765198,1.0,0.001,1,16,40x40,MatchingNetwork,5,5,Greek,Egyptian,False,10,4000,2,exp1_permuted_src_datasets
430,152.264375729,0.0,1738645922.1680353,,0.2317545861005783,1.0,0.001,1,16,40x40,MatchingNetwork,5,5,Greek,Egyptian,False,10,4000,2,exp1_permuted_src_datasets
431,152.308917141,0.0,1738645922.2125947,,0.20943009853363037,1.0,0.001,1,16,40x40,MatchingNetwork,5,5,Greek,Egyptian,False,10,4000,2,exp1_permuted_src_datasets
432,152.365177545,0.0,1738645922.2688274,,0.1846979409456253,1.0,0.001,1,16,40x40,MatchingNetwork,5,5,Greek,Egyptian,False,10,4000,2,exp1_permuted_src_datasets
433,152.427042822,0.0,1738645922.3307195,,0.2286418229341507,1.0,0.001,1,16,40x40,MatchingNetwork,5,5,Greek,Egyptian,False,10,4000,2,exp1_permuted_src_datasets
434,152.472429612,0.0,1738645922.3761091,,0.21520447731018066,1.0,0.001,1,16,40x40,MatchingNetwork,5,5,Greek,Egyptian,False,10,4000,2,exp1_permuted_src_datasets
435,152.537530917,0.0,1738645922.4411366,,0.22914160788059235,1.0,0.001,1,16,40x40,MatchingNetwork,5,5,Greek,Egyptian,False,10,4000,2,exp1_permuted_src_datasets
436,152.598014979,0.0,1738645922.501657,,0.2438810169696808,1.0,0.001,1,16,40x40,MatchingNetwork,5,5,Greek,Egyptian,False,10,4000,2,exp1_permuted_src_datasets
437,152.643293498,0.0,1738645922.5469666,,0.2442457526922226,1.0,0.001,1,16,40x40,MatchingNetwork,5,5,Greek,Egyptian,False,10,4000,2,exp1_permuted_src_datasets
438,152.696835,0.0,1738645922.6005,,0.22215986251831055,1.0,0.001,1,16,40x40,MatchingNetwork,5,5,Greek,Egyptian,False,10,4000,2,exp1_permuted_src_datasets
439,152.751297571,0.0,1738645922.654955,,0.23682087659835815,1.0,0.001,1,16,40x40,MatchingNetwork,5,5,Greek,Egyptian,False,10,4000,2,exp1_permuted_src_datasets
440,152.795876208,0.0,1738645922.699564,,0.22166387736797333,1.0,0.001,1,16,40x40,MatchingNetwork,5,5,Greek,Egyptian,False,10,4000,2,exp1_permuted_src_datasets
441,152.845455864,0.0,1738645922.7491305,,0.20966364443302155,1.0,0.001,1,16,40x40,MatchingNetwork,5,5,Greek,Egyptian,False,10,4000,2,exp1_permuted_src_datasets
442,169.734281952,0.0,1738645939.638101,0.95375,,,0.001,1,16,40x40,MatchingNetwork,5,5,Greek,Egyptian,False,10,4000,2,exp1_permuted_src_datasets
443,169.759380113,0.0,1738645939.6630955,,0.22550898790359497,1.0,0.001,1,16,40x40,MatchingNetwork,5,5,Greek,Egyptian,False,10,4000,2,exp1_permuted_src_datasets
444,169.810038506,0.0,1738645939.7136936,,0.22208215296268463,1.0,0.001,1,16,40x40,MatchingNetwork,5,5,Greek,Egyptian,False,10,4000,2,exp1_permuted_src_datasets
445,169.870329879,0.0,1738645939.7739866,,0.19569364190101624,1.0,0.001,1,16,40x40,MatchingNetwork,5,5,Greek,Egyptian,False,10,4000,2,exp1_permuted_src_datasets
446,169.92731568,0.0,1738645939.830979,,0.18223686516284943,1.0,0.001,1,16,40x40,MatchingNetwork,5,5,Greek,Egyptian,False,10,4000,2,exp1_permuted_src_datasets
447,169.981571425,0.0,1738645939.8852415,,0.21910278499126434,1.0,0.001,1,16,40x40,MatchingNetwork,5,5,Greek,Egyptian,False,10,4000,2,exp1_permuted_src_datasets
448,170.044221587,0.0,1738645939.9478893,,0.22974687814712524,1.0,0.001,1,16,40x40,MatchingNetwork,5,5,Greek,Egyptian,False,10,4000,2,exp1_permuted_src_datasets
449,170.109337288,0.0,1738645940.0129757,,0.20658333599567413,1.0,0.001,1,16,40x40,MatchingNetwork,5,5,Greek,Egyptian,False,10,4000,2,exp1_permuted_src_datasets
450,170.170543879,0.0,1738645940.074243,,0.2017788290977478,1.0,0.001,1,16,40x40,MatchingNetwork,5,5,Greek,Egyptian,False,10,4000,2,exp1_permuted_src_datasets
451,170.228512305,0.0,1738645940.132152,,0.24379754066467285,1.0,0.001,1,16,40x40,MatchingNetwork,5,5,Greek,Egyptian,False,10,4000,2,exp1_permuted_src_datasets
452,170.310505079,0.0,1738645940.2141635,,0.21376356482505798,1.0,0.001,1,16,40x40,MatchingNetwork,5,5,Greek,Egyptian,False,10,4000,2,exp1_permuted_src_datasets
453,170.383604615,0.0,1738645940.287273,,0.2193160504102707,1.0,0.001,1,16,40x40,MatchingNetwork,5,5,Greek,Egyptian,False,10,4000,2,exp1_permuted_src_datasets
454,170.456964217,0.0,1738645940.3606339,,0.23987776041030884,1.0,0.001,1,16,40x40,MatchingNetwork,5,5,Greek,Egyptian,False,10,4000,2,exp1_permuted_src_datasets
455,170.50186012,0.0,1738645940.4055555,,0.2473512887954712,1.0,0.001,1,16,40x40,MatchingNetwork,5,5,Greek,Egyptian,False,10,4000,2,exp1_permuted_src_datasets
456,170.579557607,0.0,1738645940.483215,,0.24088813364505768,1.0,0.001,1,16,40x40,MatchingNetwork,5,5,Greek,Egyptian,False,10,4000,2,exp1_permuted_src_datasets
457,170.634433453,0.0,1738645940.5381653,,0.20079028606414795,1.0,0.001,1,16,40x40,MatchingNetwork,5,5,Greek,Egyptian,False,10,4000,2,exp1_permuted_src_datasets
458,170.725234963,0.0,1738645940.6287718,,0.20858658850193024,1.0,0.001,1,16,40x40,MatchingNetwork,5,5,Greek,Egyptian,False,10,4000,2,exp1_permuted_src_datasets
459,170.812609044,0.0,1738645940.7162774,,0.22243595123291016,1.0,0.001,1,16,40x40,MatchingNetwork,5,5,Greek,Egyptian,False,10,4000,2,exp1_permuted_src_datasets
460,170.870859208,0.0,1738645940.7745485,,0.22596798837184906,1.0,0.001,1,16,40x40,MatchingNetwork,5,5,Greek,Egyptian,False,10,4000,2,exp1_permuted_src_datasets
461,170.921577277,0.0,1738645940.8252482,,0.2337414175271988,1.0,0.001,1,16,40x40,MatchingNetwork,5,5,Greek,Egyptian,False,10,4000,2,exp1_permuted_src_datasets
462,170.980923596,0.0,1738645940.884581,,0.20577195286750793,1.0,0.001,1,16,40x40,MatchingNetwork,5,5,Greek,Egyptian,False,10,4000,2,exp1_permuted_src_datasets
463,171.041150925,0.0,1738645940.9448123,,0.21874944865703583,1.0,0.001,1,16,40x40,MatchingNetwork,5,5,Greek,Egyptian,False,10,4000,2,exp1_permuted_src_datasets
464,171.088393666,0.0,1738645940.9920669,,0.28225287795066833,1.0,0.001,1,16,40x40,MatchingNetwork,5,5,Greek,Egyptian,False,10,4000,2,exp1_permuted_src_datasets
465,171.164639158,0.0,1738645941.0682917,,0.22769753634929657,1.0,0.001,1,16,40x40,MatchingNetwork,5,5,Greek,Egyptian,False,10,4000,2,exp1_permuted_src_datasets
466,171.24167536,0.0,1738645941.1453424,,0.22738999128341675,1.0,0.001,1,16,40x40,MatchingNetwork,5,5,Greek,Egyptian,False,10,4000,2,exp1_permuted_src_datasets
467,171.318145076,0.0,1738645941.2218,,0.2047509402036667,1.0,0.001,1,16,40x40,MatchingNetwork,5,5,Greek,Egyptian,False,10,4000,2,exp1_permuted_src_datasets
468,171.384168029,0.0,1738645941.28783,,0.2182740569114685,1.0,0.001,1,16,40x40,MatchingNetwork,5,5,Greek,Egyptian,False,10,4000,2,exp1_permuted_src_datasets
469,171.43300539,0.0,1738645941.3366857,,0.2046246975660324,1.0,0.001,1,16,40x40,MatchingNetwork,5,5,Greek,Egyptian,False,10,4000,2,exp1_permuted_src_datasets
470,171.496924982,0.0,1738645941.4006102,,0.23909330368041992,1.0,0.001,1,16,40x40,MatchingNetwork,5,5,Greek,Egyptian,False,10,4000,2,exp1_permuted_src_datasets
471,171.555967347,0.0,1738645941.4596598,,0.24194319546222687,1.0,0.001,1,16,40x40,MatchingNetwork,5,5,Greek,Egyptian,False,10,4000,2,exp1_permuted_src_datasets
472,171.61378348,0.0,1738645941.5174356,,0.2096218466758728,1.0,0.001,1,16,40x40,MatchingNetwork,5,5,Greek,Egyptian,False,10,4000,2,exp1_permuted_src_datasets
473,171.660028631,0.0,1738645941.5636885,,0.2310534119606018,1.0,0.001,1,16,40x40,MatchingNetwork,5,5,Greek,Egyptian,False,10,4000,2,exp1_permuted_src_datasets
474,171.710620626,0.0,1738645941.6142712,,0.24074774980545044,1.0,0.001,1,16,40x40,MatchingNetwork,5,5,Greek,Egyptian,False,10,4000,2,exp1_permuted_src_datasets
475,171.765430041,0.0,1738645941.6690912,,0.24173711240291595,1.0,0.001,1,16,40x40,MatchingNetwork,5,5,Greek,Egyptian,False,10,4000,2,exp1_permuted_src_datasets
476,171.816155856,0.0,1738645941.719797,,0.24009811878204346,1.0,0.001,1,16,40x40,MatchingNetwork,5,5,Greek,Egyptian,False,10,4000,2,exp1_permuted_src_datasets
477,171.866026491,0.0,1738645941.769704,,0.22303557395935059,1.0,0.001,1,16,40x40,MatchingNetwork,5,5,Greek,Egyptian,False,10,4000,2,exp1_permuted_src_datasets
478,171.910114077,0.0,1738645941.8138058,,0.23998858034610748,1.0,0.001,1,16,40x40,MatchingNetwork,5,5,Greek,Egyptian,False,10,4000,2,exp1_permuted_src_datasets
479,171.965218911,0.0,1738645941.868873,,0.2097993791103363,1.0,0.001,1,16,40x40,MatchingNetwork,5,5,Greek,Egyptian,False,10,4000,2,exp1_permuted_src_datasets
480,172.013506498,0.0,1738645941.9171836,,0.2772279977798462,1.0,0.001,1,16,40x40,MatchingNetwork,5,5,Greek,Egyptian,False,10,4000,2,exp1_permuted_src_datasets
481,172.068449984,0.0,1738645941.972128,,0.2424621731042862,1.0,0.001,1,16,40x40,MatchingNetwork,5,5,Greek,Egyptian,False,10,4000,2,exp1_permuted_src_datasets
482,172.129129651,0.0,1738645942.032793,,0.19815431535243988,1.0,0.001,1,16,40x40,MatchingNetwork,5,5,Greek,Egyptian,False,10,4000,2,exp1_permuted_src_datasets
483,172.176014837,0.0,1738645942.0796814,,0.21867211163043976,1.0,0.001,1,16,40x40,MatchingNetwork,5,5,Greek,Egyptian,False,10,4000,2,exp1_permuted_src_datasets
484,172.249508375,0.0,1738645942.153173,,0.23177722096443176,1.0,0.001,1,16,40x40,MatchingNetwork,5,5,Greek,Egyptian,False,10,4000,2,exp1_permuted_src_datasets
485,172.309295037,0.0,1738645942.212947,,0.21253231167793274,1.0,0.001,1,16,40x40,MatchingNetwork,5,5,Greek,Egyptian,False,10,4000,2,exp1_permuted_src_datasets
486,172.362381904,0.0,1738645942.2660367,,0.23052412271499634,1.0,0.001,1,16,40x40,MatchingNetwork,5,5,Greek,Egyptian,False,10,4000,2,exp1_permuted_src_datasets
487,172.427650533,0.0,1738645942.3313065,,0.22392381727695465,1.0,0.001,1,16,40x40,MatchingNetwork,5,5,Greek,Egyptian,False,10,4000,2,exp1_permuted_src_datasets
488,172.478399951,0.0,1738645942.38206,,0.2243194282054901,1.0,0.001,1,16,40x40,MatchingNetwork,5,5,Greek,Egyptian,False,10,4000,2,exp1_permuted_src_datasets
489,172.525743996,0.0,1738645942.4293973,,0.21877063810825348,1.0,0.001,1,16,40x40,MatchingNetwork,5,5,Greek,Egyptian,False,10,4000,2,exp1_permuted_src_datasets
490,172.575819418,0.0,1738645942.4795012,,0.22601574659347534,1.0,0.001,1,16,40x40,MatchingNetwork,5,5,Greek,Egyptian,False,10,4000,2,exp1_permuted_src_datasets
491,172.626568296,0.0,1738645942.530251,,0.21756814420223236,1.0,0.001,1,16,40x40,MatchingNetwork,5,5,Greek,Egyptian,False,10,4000,2,exp1_permuted_src_datasets
492,172.682248076,0.0,1738645942.58588,,0.21625328063964844,1.0,0.001,1,16,40x40,MatchingNetwork,5,5,Greek,Egyptian,False,10,4000,2,exp1_permuted_src_datasets
493,172.75793344,0.0,1738645942.661574,,0.21729223430156708,1.0,0.001,1,16,40x40,MatchingNetwork,5,5,Greek,Egyptian,False,10,4000,2,exp1_permuted_src_datasets
494,172.808345584,0.0,1738645942.7120128,,0.23543107509613037,1.0,0.001,1,16,40x40,MatchingNetwork,5,5,Greek,Egyptian,False,10,4000,2,exp1_permuted_src_datasets
495,172.852855046,0.0,1738645942.75654,,0.23554955422878265,1.0,0.001,1,16,40x40,MatchingNetwork,5,5,Greek,Egyptian,False,10,4000,2,exp1_permuted_src_datasets
496,172.9121872,0.0,1738645942.8158505,,0.29442131519317627,1.0,0.001,1,16,40x40,MatchingNetwork,5,5,Greek,Egyptian,False,10,4000,2,exp1_permuted_src_datasets
497,172.992344982,0.0,1738645942.896007,,0.21295897662639618,1.0,0.001,1,16,40x40,MatchingNetwork,5,5,Greek,Egyptian,False,10,4000,2,exp1_permuted_src_datasets
498,173.060618541,0.0,1738645942.9642797,,0.26636236906051636,1.0,0.001,1,16,40x40,MatchingNetwork,5,5,Greek,Egyptian,False,10,4000,2,exp1_permuted_src_datasets
499,173.126384264,0.0,1738645943.0300393,,0.21124902367591858,1.0,0.001,1,16,40x40,MatchingNetwork,5,5,Greek,Egyptian,False,10,4000,2,exp1_permuted_src_datasets
500,173.1785454,0.0,1738645943.0821989,,0.27723053097724915,1.0,0.001,1,16,40x40,MatchingNetwork,5,5,Greek,Egyptian,False,10,4000,2,exp1_permuted_src_datasets
501,173.241370517,0.0,1738645943.145057,,0.26392799615859985,1.0,0.001,1,16,40x40,MatchingNetwork,5,5,Greek,Egyptian,False,10,4000,2,exp1_permuted_src_datasets
502,173.297205682,0.0,1738645943.2008712,,0.21292749047279358,1.0,0.001,1,16,40x40,MatchingNetwork,5,5,Greek,Egyptian,False,10,4000,2,exp1_permuted_src_datasets
503,173.363239315,0.0,1738645943.2668915,,0.2175755798816681,1.0,0.001,1,16,40x40,MatchingNetwork,5,5,Greek,Egyptian,False,10,4000,2,exp1_permuted_src_datasets
504,173.443265256,0.0,1738645943.346957,,0.2244151085615158,1.0,0.001,1,16,40x40,MatchingNetwork,5,5,Greek,Egyptian,False,10,4000,2,exp1_permuted_src_datasets
505,190.647633531,0.0,1738645960.5097725,0.948,,,0.001,1,16,40x40,MatchingNetwork,5,5,Greek,Egyptian,False,10,4000,2,exp1_permuted_src_datasets
506,190.647690023,0.0,1738645960.5357761,,0.2170821726322174,1.0,0.001,1,16,40x40,MatchingNetwork,5,5,Greek,Egyptian,False,10,4000,2,exp1_permuted_src_datasets
507,190.689056379,0.0,1738645960.592653,,0.24323993921279907,1.0,0.001,1,16,40x40,MatchingNetwork,5,5,Greek,Egyptian,False,10,4000,2,exp1_permuted_src_datasets
508,190.76596598,0.0,1738645960.6696413,,0.27285337448120117,1.0,0.001,1,16,40x40,MatchingNetwork,5,5,Greek,Egyptian,False,10,4000,2,exp1_permuted_src_datasets
509,190.815882433,0.0,1738645960.7195797,,0.21762889623641968,1.0,0.001,1,16,40x40,MatchingNetwork,5,5,Greek,Egyptian,False,10,4000,2,exp1_permuted_src_datasets
510,190.902857647,0.0,1738645960.8064277,,0.23292097449302673,1.0,0.001,1,16,40x40,MatchingNetwork,5,5,Greek,Egyptian,False,10,4000,2,exp1_permuted_src_datasets
511,190.963035321,0.0,1738645960.866696,,0.2333475649356842,1.0,0.001,1,16,40x40,MatchingNetwork,5,5,Greek,Egyptian,False,10,4000,2,exp1_permuted_src_datasets
512,191.023569934,0.0,1738645960.9272265,,0.22984595596790314,1.0,0.001,1,16,40x40,MatchingNetwork,5,5,Greek,Egyptian,False,10,4000,2,exp1_permuted_src_datasets
513,191.079729778,0.0,1738645960.9833674,,0.19964084029197693,1.0,0.001,1,16,40x40,MatchingNetwork,5,5,Greek,Egyptian,False,10,4000,2,exp1_permuted_src_datasets
514,191.157037725,0.0,1738645961.0606902,,0.1983782947063446,1.0,0.001,1,16,40x40,MatchingNetwork,5,5,Greek,Egyptian,False,10,4000,2,exp1_permuted_src_datasets
515,191.220679023,0.0,1738645961.124326,,0.22986750304698944,1.0,0.001,1,16,40x40,MatchingNetwork,5,5,Greek,Egyptian,False,10,4000,2,exp1_permuted_src_datasets
516,191.275659792,0.0,1738645961.179322,,0.20362147688865662,1.0,0.001,1,16,40x40,MatchingNetwork,5,5,Greek,Egyptian,False,10,4000,2,exp1_permuted_src_datasets
517,191.337679223,0.0,1738645961.2413235,,0.2668667733669281,1.0,0.001,1,16,40x40,MatchingNetwork,5,5,Greek,Egyptian,False,10,4000,2,exp1_permuted_src_datasets
518,191.391669496,0.0,1738645961.2953289,,0.27185967564582825,1.0,0.001,1,16,40x40,MatchingNetwork,5,5,Greek,Egyptian,False,10,4000,2,exp1_permuted_src_datasets
519,191.458983995,0.0,1738645961.3626442,,0.215865358710289,1.0,0.001,1,16,40x40,MatchingNetwork,5,5,Greek,Egyptian,False,10,4000,2,exp1_permuted_src_datasets
520,191.523474545,0.0,1738645961.427119,,0.20812059938907623,1.0,0.001,1,16,40x40,MatchingNetwork,5,5,Greek,Egyptian,False,10,4000,2,exp1_permuted_src_datasets
521,191.580848998,0.0,1738645961.484524,,0.21814310550689697,1.0,0.001,1,16,40x40,MatchingNetwork,5,5,Greek,Egyptian,False,10,4000,2,exp1_permuted_src_datasets
522,191.636438662,0.0,1738645961.5401454,,0.2376224398612976,1.0,0.001,1,16,40x40,MatchingNetwork,5,5,Greek,Egyptian,False,10,4000,2,exp1_permuted_src_datasets
523,191.687458321,0.0,1738645961.5911222,,0.20985516905784607,1.0,0.001,1,16,40x40,MatchingNetwork,5,5,Greek,Egyptian,False,10,4000,2,exp1_permuted_src_datasets
524,191.752789169,0.0,1738645961.6564627,,0.20792502164840698,1.0,0.001,1,16,40x40,MatchingNetwork,5,5,Greek,Egyptian,False,10,4000,2,exp1_permuted_src_datasets
525,191.811713008,0.0,1738645961.7152014,,0.2271737903356552,1.0,0.001,1,16,40x40,MatchingNetwork,5,5,Greek,Egyptian,False,10,4000,2,exp1_permuted_src_datasets
526,191.881778649,0.0,1738645961.7854333,,0.2412066012620926,1.0,0.001,1,16,40x40,MatchingNetwork,5,5,Greek,Egyptian,False,10,4000,2,exp1_permuted_src_datasets
527,191.944740077,0.0,1738645961.8483992,,0.2378477305173874,1.0,0.001,1,16,40x40,MatchingNetwork,5,5,Greek,Egyptian,False,10,4000,2,exp1_permuted_src_datasets
528,191.994806681,0.0,1738645961.8984766,,0.23357176780700684,1.0,0.001,1,16,40x40,MatchingNetwork,5,5,Greek,Egyptian,False,10,4000,2,exp1_permuted_src_datasets
529,192.048220883,0.0,1738645961.95188,,0.2593386471271515,1.0,0.001,1,16,40x40,MatchingNetwork,5,5,Greek,Egyptian,False,10,4000,2,exp1_permuted_src_datasets
530,192.096239132,0.0,1738645961.9998918,,0.24190719425678253,1.0,0.001,1,16,40x40,MatchingNetwork,5,5,Greek,Egyptian,False,10,4000,2,exp1_permuted_src_datasets
531,192.142016089,0.0,1738645962.045679,,0.22882135212421417,1.0,0.001,1,16,40x40,MatchingNetwork,5,5,Greek,Egyptian,False,10,4000,2,exp1_permuted_src_datasets
532,192.195484698,0.0,1738645962.099146,,0.20564128458499908,1.0,0.001,1,16,40x40,MatchingNetwork,5,5,Greek,Egyptian,False,10,4000,2,exp1_permuted_src_datasets
533,192.240651504,0.0,1738645962.1443226,,0.2030210942029953,1.0,0.001,1,16,40x40,MatchingNetwork,5,5,Greek,Egyptian,False,10,4000,2,exp1_permuted_src_datasets
534,192.284695675,0.0,1738645962.1883736,,0.17847774922847748,1.0,0.001,1,16,40x40,MatchingNetwork,5,5,Greek,Egyptian,False,10,4000,2,exp1_permuted_src_datasets
535,192.354305184,0.0,1738645962.2579665,,0.22269396483898163,1.0,0.001,1,16,40x40,MatchingNetwork,5,5,Greek,Egyptian,False,10,4000,2,exp1_permuted_src_datasets
536,192.424130981,0.0,1738645962.3277893,,0.21807795763015747,1.0,0.001,1,16,40x40,MatchingNetwork,5,5,Greek,Egyptian,False,10,4000,2,exp1_permuted_src_datasets
537,192.476752903,0.0,1738645962.380438,,0.21333391964435577,1.0,0.001,1,16,40x40,MatchingNetwork,5,5,Greek,Egyptian,False,10,4000,2,exp1_permuted_src_datasets
538,192.563873201,0.0,1738645962.4675393,,0.2127625048160553,1.0,0.001,1,16,40x40,MatchingNetwork,5,5,Greek,Egyptian,False,10,4000,2,exp1_permuted_src_datasets
539,192.632326149,0.0,1738645962.5359528,,0.2169327437877655,1.0,0.001,1,16,40x40,MatchingNetwork,5,5,Greek,Egyptian,False,10,4000,2,exp1_permuted_src_datasets
540,192.681802596,0.0,1738645962.5854626,,0.22254961729049683,1.0,0.001,1,16,40x40,MatchingNetwork,5,5,Greek,Egyptian,False,10,4000,2,exp1_permuted_src_datasets
541,192.737586605,0.0,1738645962.641235,,0.2019163817167282,1.0,0.001,1,16,40x40,MatchingNetwork,5,5,Greek,Egyptian,False,10,4000,2,exp1_permuted_src_datasets
542,192.801495388,0.0,1738645962.7051587,,0.2317759096622467,1.0,0.001,1,16,40x40,MatchingNetwork,5,5,Greek,Egyptian,False,10,4000,2,exp1_permuted_src_datasets
543,192.878441918,0.0,1738645962.7820888,,0.22415728867053986,1.0,0.001,1,16,40x40,MatchingNetwork,5,5,Greek,Egyptian,False,10,4000,2,exp1_permuted_src_datasets
544,192.947117467,0.0,1738645962.8507578,,0.19788102805614471,1.0,0.001,1,16,40x40,MatchingNetwork,5,5,Greek,Egyptian,False,10,4000,2,exp1_permuted_src_datasets
545,193.03783986,0.0,1738645962.9415188,,0.22493022680282593,1.0,0.001,1,16,40x40,MatchingNetwork,5,5,Greek,Egyptian,False,10,4000,2,exp1_permuted_src_datasets
546,193.083322103,0.0,1738645962.9870203,,0.23765449225902557,1.0,0.001,1,16,40x40,MatchingNetwork,5,5,Greek,Egyptian,False,10,4000,2,exp1_permuted_src_datasets
547,193.140621287,0.0,1738645963.0442877,,0.24829958379268646,1.0,0.001,1,16,40x40,MatchingNetwork,5,5,Greek,Egyptian,False,10,4000,2,exp1_permuted_src_datasets
548,193.201049852,0.0,1738645963.104702,,0.22827735543251038,1.0,0.001,1,16,40x40,MatchingNetwork,5,5,Greek,Egyptian,False,10,4000,2,exp1_permuted_src_datasets
549,193.25354262,0.0,1738645963.1572127,,0.21622347831726074,1.0,0.001,1,16,40x40,MatchingNetwork,5,5,Greek,Egyptian,False,10,4000,2,exp1_permuted_src_datasets
550,193.319925982,0.0,1738645963.2236261,,0.24359486997127533,1.0,0.001,1,16,40x40,MatchingNetwork,5,5,Greek,Egyptian,False,10,4000,2,exp1_permuted_src_datasets
551,193.378710525,0.0,1738645963.2823784,,0.2670806050300598,1.0,0.001,1,16,40x40,MatchingNetwork,5,5,Greek,Egyptian,False,10,4000,2,exp1_permuted_src_datasets
552,193.428587984,0.0,1738645963.3322678,,0.1985715925693512,1.0,0.001,1,16,40x40,MatchingNetwork,5,5,Greek,Egyptian,False,10,4000,2,exp1_permuted_src_datasets
553,193.492166302,0.0,1738645963.3958051,,0.2389860898256302,1.0,0.001,1,16,40x40,MatchingNetwork,5,5,Greek,Egyptian,False,10,4000,2,exp1_permuted_src_datasets
554,193.576428963,0.0,1738645963.4801207,,0.2663595676422119,1.0,0.001,1,16,40x40,MatchingNetwork,5,5,Greek,Egyptian,False,10,4000,2,exp1_permuted_src_datasets
555,193.649092799,0.0,1738645963.5527623,,0.2094811499118805,1.0,0.001,1,16,40x40,MatchingNetwork,5,5,Greek,Egyptian,False,10,4000,2,exp1_permuted_src_datasets
556,193.695001727,0.0,1738645963.598673,,0.25325554609298706,1.0,0.001,1,16,40x40,MatchingNetwork,5,5,Greek,Egyptian,False,10,4000,2,exp1_permuted_src_datasets
557,193.746594144,0.0,1738645963.6502469,,0.2358720600605011,1.0,0.001,1,16,40x40,MatchingNetwork,5,5,Greek,Egyptian,False,10,4000,2,exp1_permuted_src_datasets
558,193.811014704,0.0,1738645963.7146678,,0.22687634825706482,1.0,0.001,1,16,40x40,MatchingNetwork,5,5,Greek,Egyptian,False,10,4000,2,exp1_permuted_src_datasets
559,193.88294924,0.0,1738645963.7865736,,0.2424871027469635,1.0,0.001,1,16,40x40,MatchingNetwork,5,5,Greek,Egyptian,False,10,4000,2,exp1_permuted_src_datasets
560,193.935867358,0.0,1738645963.8395653,,0.196690633893013,1.0,0.001,1,16,40x40,MatchingNetwork,5,5,Greek,Egyptian,False,10,4000,2,exp1_permuted_src_datasets
561,193.985714989,0.0,1738645963.889309,,0.21666434407234192,1.0,0.001,1,16,40x40,MatchingNetwork,5,5,Greek,Egyptian,False,10,4000,2,exp1_permuted_src_datasets
562,194.032112189,0.0,1738645963.93578,,0.22592952847480774,1.0,0.001,1,16,40x40,MatchingNetwork,5,5,Greek,Egyptian,False,10,4000,2,exp1_permuted_src_datasets
563,194.107718865,0.0,1738645964.0113943,,0.21749120950698853,1.0,0.001,1,16,40x40,MatchingNetwork,5,5,Greek,Egyptian,False,10,4000,2,exp1_permuted_src_datasets
564,194.153466638,0.0,1738645964.0571551,,0.21855366230010986,1.0,0.001,1,16,40x40,MatchingNetwork,5,5,Greek,Egyptian,False,10,4000,2,exp1_permuted_src_datasets
565,194.205557626,0.0,1738645964.109209,,0.2055835872888565,1.0,0.001,1,16,40x40,MatchingNetwork,5,5,Greek,Egyptian,False,10,4000,2,exp1_permuted_src_datasets
566,194.255077248,0.0,1738645964.1587298,,0.25208938121795654,1.0,0.001,1,16,40x40,MatchingNetwork,5,5,Greek,Egyptian,False,10,4000,2,exp1_permuted_src_datasets
567,194.332515913,0.0,1738645964.2361772,,0.21808283030986786,1.0,0.001,1,16,40x40,MatchingNetwork,5,5,Greek,Egyptian,False,10,4000,2,exp1_permuted_src_datasets
568,211.380729122,0.0,1738645981.2845218,0.9475,,,0.001,1,16,40x40,MatchingNetwork,5,5,Greek,Egyptian,False,10,4000,2,exp1_permuted_src_datasets
569,211.408539309,0.0,1738645981.3122172,,0.23478524386882782,1.0,0.001,1,16,40x40,MatchingNetwork,5,5,Greek,Egyptian,False,10,4000,2,exp1_permuted_src_datasets
570,211.493776515,0.0,1738645981.3974104,,0.2178380787372589,1.0,0.001,1,16,40x40,MatchingNetwork,5,5,Greek,Egyptian,False,10,4000,2,exp1_permuted_src_datasets
571,211.578406762,0.0,1738645981.4820437,,0.22330142557621002,1.0,0.001,1,16,40x40,MatchingNetwork,5,5,Greek,Egyptian,False,10,4000,2,exp1_permuted_src_datasets
572,211.634037874,0.0,1738645981.5377178,,0.21815547347068787,1.0,0.001,1,16,40x40,MatchingNetwork,5,5,Greek,Egyptian,False,10,4000,2,exp1_permuted_src_datasets
573,211.709015394,0.0,1738645981.6126444,,0.26839789748191833,1.0,0.001,1,16,40x40,MatchingNetwork,5,5,Greek,Egyptian,False,10,4000,2,exp1_permuted_src_datasets
574,211.783805192,0.0,1738645981.6874502,,0.22097277641296387,1.0,0.001,1,16,40x40,MatchingNetwork,5,5,Greek,Egyptian,False,10,4000,2,exp1_permuted_src_datasets
575,211.839212208,0.0,1738645981.742863,,0.22899314761161804,1.0,0.001,1,16,40x40,MatchingNetwork,5,5,Greek,Egyptian,False,10,4000,2,exp1_permuted_src_datasets
576,211.901502016,0.0,1738645981.8051481,,0.2432623654603958,1.0,0.001,1,16,40x40,MatchingNetwork,5,5,Greek,Egyptian,False,10,4000,2,exp1_permuted_src_datasets
577,211.963115486,0.0,1738645981.8666248,,0.1985560953617096,1.0,0.001,1,16,40x40,MatchingNetwork,5,5,Greek,Egyptian,False,10,4000,2,exp1_permuted_src_datasets
578,212.036204744,0.0,1738645981.939853,,0.24581614136695862,1.0,0.001,1,16,40x40,MatchingNetwork,5,5,Greek,Egyptian,False,10,4000,2,exp1_permuted_src_datasets
579,212.08195076,0.0,1738645981.9856281,,0.21536171436309814,1.0,0.001,1,16,40x40,MatchingNetwork,5,5,Greek,Egyptian,False,10,4000,2,exp1_permuted_src_datasets
580,212.128873425,0.0,1738645982.0325227,,0.19373944401741028,1.0,0.001,1,16,40x40,MatchingNetwork,5,5,Greek,Egyptian,False,10,4000,2,exp1_permuted_src_datasets
581,212.191914254,0.0,1738645982.09558,,0.2185511291027069,1.0,0.001,1,16,40x40,MatchingNetwork,5,5,Greek,Egyptian,False,10,4000,2,exp1_permuted_src_datasets
582,212.25470642,0.0,1738645982.1583674,,0.21479474008083344,1.0,0.001,1,16,40x40,MatchingNetwork,5,5,Greek,Egyptian,False,10,4000,2,exp1_permuted_src_datasets
583,212.342424801,0.0,1738645982.2460938,,0.25414425134658813,1.0,0.001,1,16,40x40,MatchingNetwork,5,5,Greek,Egyptian,False,10,4000,2,exp1_permuted_src_datasets
584,212.423321151,0.0,1738645982.3269916,,0.2606845200061798,1.0,0.001,1,16,40x40,MatchingNetwork,5,5,Greek,Egyptian,False,10,4000,2,exp1_permuted_src_datasets
585,212.49632566,0.0,1738645982.4000084,,0.20680966973304749,1.0,0.001,1,16,40x40,MatchingNetwork,5,5,Greek,Egyptian,False,10,4000,2,exp1_permuted_src_datasets
586,212.547840165,0.0,1738645982.451478,,0.23075251281261444,1.0,0.001,1,16,40x40,MatchingNetwork,5,5,Greek,Egyptian,False,10,4000,2,exp1_permuted_src_datasets
587,212.601207196,0.0,1738645982.5048678,,0.20144067704677582,1.0,0.001,1,16,40x40,MatchingNetwork,5,5,Greek,Egyptian,False,10,4000,2,exp1_permuted_src_datasets
588,212.653805036,0.0,1738645982.5574665,,0.21096132695674896,1.0,0.001,1,16,40x40,MatchingNetwork,5,5,Greek,Egyptian,False,10,4000,2,exp1_permuted_src_datasets
589,212.698044674,0.0,1738645982.601717,,0.21516387164592743,1.0,0.001,1,16,40x40,MatchingNetwork,5,5,Greek,Egyptian,False,10,4000,2,exp1_permuted_src_datasets
590,212.786932722,0.0,1738645982.6905184,,0.19492922723293304,1.0,0.001,1,16,40x40,MatchingNetwork,5,5,Greek,Egyptian,False,10,4000,2,exp1_permuted_src_datasets
591,212.832925416,0.0,1738645982.7365856,,0.23553027212619781,1.0,0.001,1,16,40x40,MatchingNetwork,5,5,Greek,Egyptian,False,10,4000,2,exp1_permuted_src_datasets
592,212.898733741,0.0,1738645982.8023806,,0.21678435802459717,1.0,0.001,1,16,40x40,MatchingNetwork,5,5,Greek,Egyptian,False,10,4000,2,exp1_permuted_src_datasets
593,212.947599739,0.0,1738645982.8512595,,0.2512100636959076,1.0,0.001,1,16,40x40,MatchingNetwork,5,5,Greek,Egyptian,False,10,4000,2,exp1_permuted_src_datasets
594,212.993743285,0.0,1738645982.8973749,,0.24683524668216705,1.0,0.001,1,16,40x40,MatchingNetwork,5,5,Greek,Egyptian,False,10,4000,2,exp1_permuted_src_datasets
595,213.060818639,0.0,1738645982.964487,,0.2127707302570343,1.0,0.001,1,16,40x40,MatchingNetwork,5,5,Greek,Egyptian,False,10,4000,2,exp1_permuted_src_datasets
596,213.152889356,0.0,1738645983.0564883,,0.22007893025875092,1.0,0.001,1,16,40x40,MatchingNetwork,5,5,Greek,Egyptian,False,10,4000,2,exp1_permuted_src_datasets
597,213.201425869,0.0,1738645983.1050737,,0.2118179351091385,1.0,0.001,1,16,40x40,MatchingNetwork,5,5,Greek,Egyptian,False,10,4000,2,exp1_permuted_src_datasets
598,213.247135488,0.0,1738645983.1508021,,0.25023776292800903,1.0,0.001,1,16,40x40,MatchingNetwork,5,5,Greek,Egyptian,False,10,4000,2,exp1_permuted_src_datasets
599,213.291046877,0.0,1738645983.1947167,,0.22545930743217468,1.0,0.001,1,16,40x40,MatchingNetwork,5,5,Greek,Egyptian,False,10,4000,2,exp1_permuted_src_datasets
600,213.345732053,0.0,1738645983.249388,,0.2138219028711319,1.0,0.001,1,16,40x40,MatchingNetwork,5,5,Greek,Egyptian,False,10,4000,2,exp1_permuted_src_datasets
601,213.40676579,0.0,1738645983.3104303,,0.21241697669029236,1.0,0.001,1,16,40x40,MatchingNetwork,5,5,Greek,Egyptian,False,10,4000,2,exp1_permuted_src_datasets
602,213.456218672,0.0,1738645983.359887,,0.2272689938545227,1.0,0.001,1,16,40x40,MatchingNetwork,5,5,Greek,Egyptian,False,10,4000,2,exp1_permuted_src_datasets
603,213.511587288,0.0,1738645983.415236,,0.20644152164459229,1.0,0.001,1,16,40x40,MatchingNetwork,5,5,Greek,Egyptian,False,10,4000,2,exp1_permuted_src_datasets
604,213.565515258,0.0,1738645983.4692016,,0.212066188454628,1.0,0.001,1,16,40x40,MatchingNetwork,5,5,Greek,Egyptian,False,10,4000,2,exp1_permuted_src_datasets
605,213.627014494,0.0,1738645983.530682,,0.22627969086170197,1.0,0.001,1,16,40x40,MatchingNetwork,5,5,Greek,Egyptian,False,10,4000,2,exp1_permuted_src_datasets
606,213.686280377,0.0,1738645983.5899136,,0.22397975623607635,1.0,0.001,1,16,40x40,MatchingNetwork,5,5,Greek,Egyptian,False,10,4000,2,exp1_permuted_src_datasets
607,213.750861765,0.0,1738645983.6545327,,0.2129223495721817,1.0,0.001,1,16,40x40,MatchingNetwork,5,5,Greek,Egyptian,False,10,4000,2,exp1_permuted_src_datasets
608,213.827980792,0.0,1738645983.7316408,,0.19287006556987762,1.0,0.001,1,16,40x40,MatchingNetwork,5,5,Greek,Egyptian,False,10,4000,2,exp1_permuted_src_datasets
609,213.881196669,0.0,1738645983.7848504,,0.2098199725151062,1.0,0.001,1,16,40x40,MatchingNetwork,5,5,Greek,Egyptian,False,10,4000,2,exp1_permuted_src_datasets
610,213.926613598,0.0,1738645983.8302908,,0.19848087430000305,1.0,0.001,1,16,40x40,MatchingNetwork,5,5,Greek,Egyptian,False,10,4000,2,exp1_permuted_src_datasets
611,213.997087757,0.0,1738645983.900723,,0.21693401038646698,1.0,0.001,1,16,40x40,MatchingNetwork,5,5,Greek,Egyptian,False,10,4000,2,exp1_permuted_src_datasets
612,214.049518893,0.0,1738645983.953181,,0.19705969095230103,1.0,0.001,1,16,40x40,MatchingNetwork,5,5,Greek,Egyptian,False,10,4000,2,exp1_permuted_src_datasets
613,214.099498708,0.0,1738645984.003143,,0.21323531866073608,1.0,0.001,1,16,40x40,MatchingNetwork,5,5,Greek,Egyptian,False,10,4000,2,exp1_permuted_src_datasets
614,214.185976971,0.0,1738645984.0896056,,0.2213846743106842,1.0,0.001,1,16,40x40,MatchingNetwork,5,5,Greek,Egyptian,False,10,4000,2,exp1_permuted_src_datasets
615,214.254022073,0.0,1738645984.1576712,,0.20952703058719635,1.0,0.001,1,16,40x40,MatchingNetwork,5,5,Greek,Egyptian,False,10,4000,2,exp1_permuted_src_datasets
616,214.341017774,0.0,1738645984.2445898,,0.21455910801887512,1.0,0.001,1,16,40x40,MatchingNetwork,5,5,Greek,Egyptian,False,10,4000,2,exp1_permuted_src_datasets
617,214.397556444,0.0,1738645984.301215,,0.22596819698810577,1.0,0.001,1,16,40x40,MatchingNetwork,5,5,Greek,Egyptian,False,10,4000,2,exp1_permuted_src_datasets
618,214.449894197,0.0,1738645984.3535712,,0.23877394199371338,1.0,0.001,1,16,40x40,MatchingNetwork,5,5,Greek,Egyptian,False,10,4000,2,exp1_permuted_src_datasets
619,214.501904125,0.0,1738645984.4055037,,0.2004346400499344,1.0,0.001,1,16,40x40,MatchingNetwork,5,5,Greek,Egyptian,False,10,4000,2,exp1_permuted_src_datasets
620,214.557271302,0.0,1738645984.4609303,,0.1952894926071167,1.0,0.001,1,16,40x40,MatchingNetwork,5,5,Greek,Egyptian,False,10,4000,2,exp1_permuted_src_datasets
621,214.610052303,0.0,1738645984.5136924,,0.21034064888954163,1.0,0.001,1,16,40x40,MatchingNetwork,5,5,Greek,Egyptian,False,10,4000,2,exp1_permuted_src_datasets
622,214.687867746,0.0,1738645984.591481,,0.19609828293323517,1.0,0.001,1,16,40x40,MatchingNetwork,5,5,Greek,Egyptian,False,10,4000,2,exp1_permuted_src_datasets
623,214.737010063,0.0,1738645984.640657,,0.22428026795387268,1.0,0.001,1,16,40x40,MatchingNetwork,5,5,Greek,Egyptian,False,10,4000,2,exp1_permuted_src_datasets
624,214.792824055,0.0,1738645984.696483,,0.2166406214237213,1.0,0.001,1,16,40x40,MatchingNetwork,5,5,Greek,Egyptian,False,10,4000,2,exp1_permuted_src_datasets
625,214.839779709,0.0,1738645984.743434,,0.2322423905134201,1.0,0.001,1,16,40x40,MatchingNetwork,5,5,Greek,Egyptian,False,10,4000,2,exp1_permuted_src_datasets
626,214.898657805,0.0,1738645984.8023248,,0.20333777368068695,1.0,0.001,1,16,40x40,MatchingNetwork,5,5,Greek,Egyptian,False,10,4000,2,exp1_permuted_src_datasets
627,214.949680336,0.0,1738645984.8533232,,0.22620657086372375,1.0,0.001,1,16,40x40,MatchingNetwork,5,5,Greek,Egyptian,False,10,4000,2,exp1_permuted_src_datasets
628,215.00248991,0.0,1738645984.9061325,,0.20919789373874664,1.0,0.001,1,16,40x40,MatchingNetwork,5,5,Greek,Egyptian,False,10,4000,2,exp1_permuted_src_datasets
629,215.063463223,0.0,1738645984.9670968,,0.20214900374412537,1.0,0.001,1,16,40x40,MatchingNetwork,5,5,Greek,Egyptian,False,10,4000,2,exp1_permuted_src_datasets
630,215.168544622,0.0,1738645985.0722096,,0.22484299540519714,1.0,0.001,1,16,40x40,MatchingNetwork,5,5,Greek,Egyptian,False,10,4000,2,exp1_permuted_src_datasets
631,232.322411022,0.0,1738646002.2262275,0.94975,,,0.001,1,16,40x40,MatchingNetwork,5,5,Greek,Egyptian,False,10,4000,2,exp1_permuted_src_datasets
632,232.323719508,1.0,1738646002.2275665,,,,0.001,1,16,40x40,MatchingNetwork,5,5,Greek,Egyptian,False,10,4000,2,exp1_permuted_src_datasets
633,249.238722846,1.0,1738646019.1425488,0.94275,,,0.001,1,16,40x40,MatchingNetwork,5,5,Greek,Egyptian,False,10,4000,2,exp1_permuted_src_datasets
634,249.269158179,1.0,1738646019.1728559,,0.44866943359375,1.0,0.001,1,16,40x40,MatchingNetwork,5,5,Greek,Egyptian,False,10,4000,2,exp1_permuted_src_datasets
635,249.322189359,1.0,1738646019.2258568,,0.4822212755680084,1.0,0.001,1,16,40x40,MatchingNetwork,5,5,Greek,Egyptian,False,10,4000,2,exp1_permuted_src_datasets
636,249.393428894,1.0,1738646019.2971253,,0.48933011293411255,1.0,0.001,1,16,40x40,MatchingNetwork,5,5,Greek,Egyptian,False,10,4000,2,exp1_permuted_src_datasets
637,249.44611752,1.0,1738646019.3497796,,0.45885908603668213,1.0,0.001,1,16,40x40,MatchingNetwork,5,5,Greek,Egyptian,False,10,4000,2,exp1_permuted_src_datasets
638,249.500539114,1.0,1738646019.4042287,,0.4185832142829895,0.9375,0.001,1,16,40x40,MatchingNetwork,5,5,Greek,Egyptian,False,10,4000,2,exp1_permuted_src_datasets
639,249.551219751,1.0,1738646019.454848,,0.3498045802116394,1.0,0.001,1,16,40x40,MatchingNetwork,5,5,Greek,Egyptian,False,10,4000,2,exp1_permuted_src_datasets
640,249.607323221,1.0,1738646019.5110009,,0.4923928380012512,0.9375,0.001,1,16,40x40,MatchingNetwork,5,5,Greek,Egyptian,False,10,4000,2,exp1_permuted_src_datasets
641,249.659819465,1.0,1738646019.5634606,,0.3132987320423126,1.0,0.001,1,16,40x40,MatchingNetwork,5,5,Greek,Egyptian,False,10,4000,2,exp1_permuted_src_datasets
642,249.723061824,1.0,1738646019.626722,,0.4072735905647278,1.0,0.001,1,16,40x40,MatchingNetwork,5,5,Greek,Egyptian,False,10,4000,2,exp1_permuted_src_datasets
643,249.805608657,1.0,1738646019.7092655,,0.3908824622631073,1.0,0.001,1,16,40x40,MatchingNetwork,5,5,Greek,Egyptian,False,10,4000,2,exp1_permuted_src_datasets
644,249.904912493,1.0,1738646019.808582,,0.4118072986602783,1.0,0.001,1,16,40x40,MatchingNetwork,5,5,Greek,Egyptian,False,10,4000,2,exp1_permuted_src_datasets
645,249.99606098,1.0,1738646019.8997064,,0.3631165027618408,1.0,0.001,1,16,40x40,MatchingNetwork,5,5,Greek,Egyptian,False,10,4000,2,exp1_permuted_src_datasets
646,250.056894276,1.0,1738646019.9605563,,0.3754676580429077,1.0,0.001,1,16,40x40,MatchingNetwork,5,5,Greek,Egyptian,False,10,4000,2,exp1_permuted_src_datasets
647,250.109514724,1.0,1738646020.013191,,0.46356743574142456,1.0,0.001,1,16,40x40,MatchingNetwork,5,5,Greek,Egyptian,False,10,4000,2,exp1_permuted_src_datasets
648,250.157238276,1.0,1738646020.06091,,0.42797932028770447,1.0,0.001,1,16,40x40,MatchingNetwork,5,5,Greek,Egyptian,False,10,4000,2,exp1_permuted_src_datasets
649,250.221604206,1.0,1738646020.1252308,,0.3938690423965454,1.0,0.001,1,16,40x40,MatchingNetwork,5,5,Greek,Egyptian,False,10,4000,2,exp1_permuted_src_datasets
650,250.298477367,1.0,1738646020.2021358,,0.406076580286026,1.0,0.001,1,16,40x40,MatchingNetwork,5,5,Greek,Egyptian,False,10,4000,2,exp1_permuted_src_datasets
651,250.372134514,1.0,1738646020.2757761,,0.3792435824871063,1.0,0.001,1,16,40x40,MatchingNetwork,5,5,Greek,Egyptian,False,10,4000,2,exp1_permuted_src_datasets
652,250.416543956,1.0,1738646020.3202593,,0.29151451587677,1.0,0.001,1,16,40x40,MatchingNetwork,5,5,Greek,Egyptian,False,10,4000,2,exp1_permuted_src_datasets
653,250.46929318,1.0,1738646020.3729522,,0.3794967830181122,1.0,0.001,1,16,40x40,MatchingNetwork,5,5,Greek,Egyptian,False,10,4000,2,exp1_permuted_src_datasets
654,250.527566434,1.0,1738646020.4312463,,0.3945696949958801,0.9375,0.001,1,16,40x40,MatchingNetwork,5,5,Greek,Egyptian,False,10,4000,2,exp1_permuted_src_datasets
655,250.619655053,1.0,1738646020.5199184,,0.36478132009506226,1.0,0.001,1,16,40x40,MatchingNetwork,5,5,Greek,Egyptian,False,10,4000,2,exp1_permuted_src_datasets
656,250.680326627,1.0,1738646020.5840087,,0.42412254214286804,1.0,0.001,1,16,40x40,MatchingNetwork,5,5,Greek,Egyptian,False,10,4000,2,exp1_permuted_src_datasets
657,250.740509352,1.0,1738646020.6441853,,0.3469018042087555,1.0,0.001,1,16,40x40,MatchingNetwork,5,5,Greek,Egyptian,False,10,4000,2,exp1_permuted_src_datasets
658,250.787001835,1.0,1738646020.6906676,,0.3646690249443054,1.0,0.001,1,16,40x40,MatchingNetwork,5,5,Greek,Egyptian,False,10,4000,2,exp1_permuted_src_datasets
659,250.858075802,1.0,1738646020.7617323,,0.4229574203491211,1.0,0.001,1,16,40x40,MatchingNetwork,5,5,Greek,Egyptian,False,10,4000,2,exp1_permuted_src_datasets
660,250.924798925,1.0,1738646020.8284469,,0.3521196246147156,1.0,0.001,1,16,40x40,MatchingNetwork,5,5,Greek,Egyptian,False,10,4000,2,exp1_permuted_src_datasets
661,250.974464176,1.0,1738646020.878123,,0.27245330810546875,1.0,0.001,1,16,40x40,MatchingNetwork,5,5,Greek,Egyptian,False,10,4000,2,exp1_permuted_src_datasets
662,251.018794975,1.0,1738646020.922438,,0.2681102454662323,1.0,0.001,1,16,40x40,MatchingNetwork,5,5,Greek,Egyptian,False,10,4000,2,exp1_permuted_src_datasets
663,251.080352916,1.0,1738646020.984015,,0.36337119340896606,1.0,0.001,1,16,40x40,MatchingNetwork,5,5,Greek,Egyptian,False,10,4000,2,exp1_permuted_src_datasets
664,251.138944809,1.0,1738646021.0425987,,0.3531676232814789,1.0,0.001,1,16,40x40,MatchingNetwork,5,5,Greek,Egyptian,False,10,4000,2,exp1_permuted_src_datasets
665,251.189634874,1.0,1738646021.093279,,0.2898365259170532,1.0,0.001,1,16,40x40,MatchingNetwork,5,5,Greek,Egyptian,False,10,4000,2,exp1_permuted_src_datasets
666,251.272481687,1.0,1738646021.1760705,,0.3269183933734894,1.0,0.001,1,16,40x40,MatchingNetwork,5,5,Greek,Egyptian,False,10,4000,2,exp1_permuted_src_datasets
667,251.32539424,1.0,1738646021.2290556,,0.2839968800544739,1.0,0.001,1,16,40x40,MatchingNetwork,5,5,Greek,Egyptian,False,10,4000,2,exp1_permuted_src_datasets
668,251.392700734,1.0,1738646021.296337,,0.309804767370224,1.0,0.001,1,16,40x40,MatchingNetwork,5,5,Greek,Egyptian,False,10,4000,2,exp1_permuted_src_datasets
669,251.443858158,1.0,1738646021.3474984,,0.2803999185562134,1.0,0.001,1,16,40x40,MatchingNetwork,5,5,Greek,Egyptian,False,10,4000,2,exp1_permuted_src_datasets
670,251.531749132,1.0,1738646021.4353008,,0.3186272084712982,1.0,0.001,1,16,40x40,MatchingNetwork,5,5,Greek,Egyptian,False,10,4000,2,exp1_permuted_src_datasets
671,251.578265243,1.0,1738646021.4819143,,0.3736310601234436,1.0,0.001,1,16,40x40,MatchingNetwork,5,5,Greek,Egyptian,False,10,4000,2,exp1_permuted_src_datasets
672,251.640295873,1.0,1738646021.543977,,0.2526076138019562,1.0,0.001,1,16,40x40,MatchingNetwork,5,5,Greek,Egyptian,False,10,4000,2,exp1_permuted_src_datasets
673,251.699676535,1.0,1738646021.603301,,0.3446781635284424,1.0,0.001,1,16,40x40,MatchingNetwork,5,5,Greek,Egyptian,False,10,4000,2,exp1_permuted_src_datasets
674,251.755122868,1.0,1738646021.65877,,0.35296669602394104,1.0,0.001,1,16,40x40,MatchingNetwork,5,5,Greek,Egyptian,False,10,4000,2,exp1_permuted_src_datasets
675,251.80426812,1.0,1738646021.707922,,0.2586999535560608,1.0,0.001,1,16,40x40,MatchingNetwork,5,5,Greek,Egyptian,False,10,4000,2,exp1_permuted_src_datasets
676,251.853602434,1.0,1738646021.7572608,,0.3277014493942261,1.0,0.001,1,16,40x40,MatchingNetwork,5,5,Greek,Egyptian,False,10,4000,2,exp1_permuted_src_datasets
677,251.913083962,1.0,1738646021.8167307,,0.2708568572998047,1.0,0.001,1,16,40x40,MatchingNetwork,5,5,Greek,Egyptian,False,10,4000,2,exp1_permuted_src_datasets
678,251.969578288,1.0,1738646021.8732448,,0.3669017553329468,1.0,0.001,1,16,40x40,MatchingNetwork,5,5,Greek,Egyptian,False,10,4000,2,exp1_permuted_src_datasets
679,252.019984005,1.0,1738646021.923624,,0.28453701734542847,1.0,0.001,1,16,40x40,MatchingNetwork,5,5,Greek,Egyptian,False,10,4000,2,exp1_permuted_src_datasets
680,252.104676326,1.0,1738646022.0083165,,0.30418211221694946,1.0,0.001,1,16,40x40,MatchingNetwork,5,5,Greek,Egyptian,False,10,4000,2,exp1_permuted_src_datasets
681,252.181924162,1.0,1738646022.085574,,0.2386845499277115,1.0,0.001,1,16,40x40,MatchingNetwork,5,5,Greek,Egyptian,False,10,4000,2,exp1_permuted_src_datasets
682,252.254098458,1.0,1738646022.1577454,,0.33021941781044006,1.0,0.001,1,16,40x40,MatchingNetwork,5,5,Greek,Egyptian,False,10,4000,2,exp1_permuted_src_datasets
683,252.324065432,1.0,1738646022.2277098,,0.288044273853302,1.0,0.001,1,16,40x40,MatchingNetwork,5,5,Greek,Egyptian,False,10,4000,2,exp1_permuted_src_datasets
684,252.398303664,1.0,1738646022.3019457,,0.2417430281639099,1.0,0.001,1,16,40x40,MatchingNetwork,5,5,Greek,Egyptian,False,10,4000,2,exp1_permuted_src_datasets
685,252.46468386,1.0,1738646022.3683276,,0.24840113520622253,1.0,0.001,1,16,40x40,MatchingNetwork,5,5,Greek,Egyptian,False,10,4000,2,exp1_permuted_src_datasets
686,252.520542724,1.0,1738646022.4242299,,0.25554394721984863,1.0,0.001,1,16,40x40,MatchingNetwork,5,5,Greek,Egyptian,False,10,4000,2,exp1_permuted_src_datasets
687,252.605615406,1.0,1738646022.5092597,,0.2522604167461395,1.0,0.001,1,16,40x40,MatchingNetwork,5,5,Greek,Egyptian,False,10,4000,2,exp1_permuted_src_datasets
688,252.657179119,1.0,1738646022.5608404,,0.25794047117233276,1.0,0.001,1,16,40x40,MatchingNetwork,5,5,Greek,Egyptian,False,10,4000,2,exp1_permuted_src_datasets
689,252.744540897,1.0,1738646022.64818,,0.31219637393951416,1.0,0.001,1,16,40x40,MatchingNetwork,5,5,Greek,Egyptian,False,10,4000,2,exp1_permuted_src_datasets
690,252.798569347,1.0,1738646022.7022235,,0.30619484186172485,1.0,0.001,1,16,40x40,MatchingNetwork,5,5,Greek,Egyptian,False,10,4000,2,exp1_permuted_src_datasets
691,252.856635982,1.0,1738646022.7603066,,0.27774176001548767,1.0,0.001,1,16,40x40,MatchingNetwork,5,5,Greek,Egyptian,False,10,4000,2,exp1_permuted_src_datasets
692,252.931897054,1.0,1738646022.835537,,0.23241667449474335,1.0,0.001,1,16,40x40,MatchingNetwork,5,5,Greek,Egyptian,False,10,4000,2,exp1_permuted_src_datasets
693,253.008272099,1.0,1738646022.91187,,0.30346596240997314,1.0,0.001,1,16,40x40,MatchingNetwork,5,5,Greek,Egyptian,False,10,4000,2,exp1_permuted_src_datasets
694,253.069623371,1.0,1738646022.973311,,0.25380247831344604,1.0,0.001,1,16,40x40,MatchingNetwork,5,5,Greek,Egyptian,False,10,4000,2,exp1_permuted_src_datasets
695,253.116582134,1.0,1738646023.0202534,,0.2908863127231598,1.0,0.001,1,16,40x40,MatchingNetwork,5,5,Greek,Egyptian,False,10,4000,2,exp1_permuted_src_datasets
696,270.28884996,1.0,1738646040.1926477,0.95,,,0.001,1,16,40x40,MatchingNetwork,5,5,Greek,Egyptian,False,10,4000,2,exp1_permuted_src_datasets
697,270.338093754,1.0,1738646040.2417674,,0.3742455542087555,1.0,0.001,1,16,40x40,MatchingNetwork,5,5,Greek,Egyptian,False,10,4000,2,exp1_permuted_src_datasets
698,270.384669654,1.0,1738646040.288335,,0.2518581748008728,1.0,0.001,1,16,40x40,MatchingNetwork,5,5,Greek,Egyptian,False,10,4000,2,exp1_permuted_src_datasets
699,270.462194325,1.0,1738646040.36585,,0.23346582055091858,1.0,0.001,1,16,40x40,MatchingNetwork,5,5,Greek,Egyptian,False,10,4000,2,exp1_permuted_src_datasets
700,270.525986567,1.0,1738646040.429643,,0.27630022168159485,1.0,0.001,1,16,40x40,MatchingNetwork,5,5,Greek,Egyptian,False,10,4000,2,exp1_permuted_src_datasets
701,270.583580199,1.0,1738646040.487245,,0.2794738709926605,1.0,0.001,1,16,40x40,MatchingNetwork,5,5,Greek,Egyptian,False,10,4000,2,exp1_permuted_src_datasets
702,270.634439215,1.0,1738646040.5381703,,0.3250861167907715,1.0,0.001,1,16,40x40,MatchingNetwork,5,5,Greek,Egyptian,False,10,4000,2,exp1_permuted_src_datasets
703,270.71036084,1.0,1738646040.6140068,,0.250382661819458,1.0,0.001,1,16,40x40,MatchingNetwork,5,5,Greek,Egyptian,False,10,4000,2,exp1_permuted_src_datasets
704,270.755846587,1.0,1738646040.6595004,,0.28245237469673157,1.0,0.001,1,16,40x40,MatchingNetwork,5,5,Greek,Egyptian,False,10,4000,2,exp1_permuted_src_datasets
705,270.817966559,1.0,1738646040.721681,,0.2542496919631958,1.0,0.001,1,16,40x40,MatchingNetwork,5,5,Greek,Egyptian,False,10,4000,2,exp1_permuted_src_datasets
706,270.907200279,1.0,1738646040.810746,,0.3127838671207428,1.0,0.001,1,16,40x40,MatchingNetwork,5,5,Greek,Egyptian,False,10,4000,2,exp1_permuted_src_datasets
707,270.953543758,1.0,1738646040.857203,,0.24423959851264954,1.0,0.001,1,16,40x40,MatchingNetwork,5,5,Greek,Egyptian,False,10,4000,2,exp1_permuted_src_datasets
708,271.006067644,1.0,1738646040.9097629,,0.28723666071891785,1.0,0.001,1,16,40x40,MatchingNetwork,5,5,Greek,Egyptian,False,10,4000,2,exp1_permuted_src_datasets
709,271.052281937,1.0,1738646040.95595,,0.26113227009773254,1.0,0.001,1,16,40x40,MatchingNetwork,5,5,Greek,Egyptian,False,10,4000,2,exp1_permuted_src_datasets
710,271.117077966,1.0,1738646041.0207474,,0.22561350464820862,1.0,0.001,1,16,40x40,MatchingNetwork,5,5,Greek,Egyptian,False,10,4000,2,exp1_permuted_src_datasets
711,271.189496964,1.0,1738646041.0931466,,0.2306690365076065,1.0,0.001,1,16,40x40,MatchingNetwork,5,5,Greek,Egyptian,False,10,4000,2,exp1_permuted_src_datasets
712,271.265292543,1.0,1738646041.168959,,0.24116535484790802,1.0,0.001,1,16,40x40,MatchingNetwork,5,5,Greek,Egyptian,False,10,4000,2,exp1_permuted_src_datasets
713,271.312238933,1.0,1738646041.2158935,,0.23425903916358948,1.0,0.001,1,16,40x40,MatchingNetwork,5,5,Greek,Egyptian,False,10,4000,2,exp1_permuted_src_datasets
714,271.360446013,1.0,1738646041.2641141,,0.21351835131645203,1.0,0.001,1,16,40x40,MatchingNetwork,5,5,Greek,Egyptian,False,10,4000,2,exp1_permuted_src_datasets
715,271.406394253,1.0,1738646041.3100727,,0.3270256817340851,1.0,0.001,1,16,40x40,MatchingNetwork,5,5,Greek,Egyptian,False,10,4000,2,exp1_permuted_src_datasets
716,271.452643006,1.0,1738646041.3563116,,0.3061603307723999,1.0,0.001,1,16,40x40,MatchingNetwork,5,5,Greek,Egyptian,False,10,4000,2,exp1_permuted_src_datasets
717,271.508556134,1.0,1738646041.4122252,,0.24907143414020538,1.0,0.001,1,16,40x40,MatchingNetwork,5,5,Greek,Egyptian,False,10,4000,2,exp1_permuted_src_datasets
718,271.553968582,1.0,1738646041.4576385,,0.30767205357551575,1.0,0.001,1,16,40x40,MatchingNetwork,5,5,Greek,Egyptian,False,10,4000,2,exp1_permuted_src_datasets
719,271.609850623,1.0,1738646041.5135047,,0.30403807759284973,1.0,0.001,1,16,40x40,MatchingNetwork,5,5,Greek,Egyptian,False,10,4000,2,exp1_permuted_src_datasets
720,271.664339004,1.0,1738646041.5679755,,0.22717581689357758,1.0,0.001,1,16,40x40,MatchingNetwork,5,5,Greek,Egyptian,False,10,4000,2,exp1_permuted_src_datasets
721,271.737943121,1.0,1738646041.6416075,,0.24164849519729614,1.0,0.001,1,16,40x40,MatchingNetwork,5,5,Greek,Egyptian,False,10,4000,2,exp1_permuted_src_datasets
722,271.782643404,1.0,1738646041.6863182,,0.24716323614120483,1.0,0.001,1,16,40x40,MatchingNetwork,5,5,Greek,Egyptian,False,10,4000,2,exp1_permuted_src_datasets
723,271.828660724,1.0,1738646041.7323277,,0.2617590129375458,1.0,0.001,1,16,40x40,MatchingNetwork,5,5,Greek,Egyptian,False,10,4000,2,exp1_permuted_src_datasets
724,271.891245956,1.0,1738646041.7949095,,0.269461065530777,1.0,0.001,1,16,40x40,MatchingNetwork,5,5,Greek,Egyptian,False,10,4000,2,exp1_permuted_src_datasets
725,271.944432137,1.0,1738646041.848098,,0.23232197761535645,1.0,0.001,1,16,40x40,MatchingNetwork,5,5,Greek,Egyptian,False,10,4000,2,exp1_permuted_src_datasets
726,272.006610531,1.0,1738646041.9101999,,0.27882125973701477,1.0,0.001,1,16,40x40,MatchingNetwork,5,5,Greek,Egyptian,False,10,4000,2,exp1_permuted_src_datasets
727,272.085602666,1.0,1738646041.9891667,,0.3179592490196228,1.0,0.001,1,16,40x40,MatchingNetwork,5,5,Greek,Egyptian,False,10,4000,2,exp1_permuted_src_datasets
728,272.139692647,1.0,1738646042.0433314,,0.2544904351234436,1.0,0.001,1,16,40x40,MatchingNetwork,5,5,Greek,Egyptian,False,10,4000,2,exp1_permuted_src_datasets
729,272.190183365,1.0,1738646042.0938451,,0.2656565010547638,1.0,0.001,1,16,40x40,MatchingNetwork,5,5,Greek,Egyptian,False,10,4000,2,exp1_permuted_src_datasets
730,272.24807273,1.0,1738646042.1517026,,0.26896119117736816,1.0,0.001,1,16,40x40,MatchingNetwork,5,5,Greek,Egyptian,False,10,4000,2,exp1_permuted_src_datasets
731,272.294050016,1.0,1738646042.1977098,,0.2518134117126465,1.0,0.001,1,16,40x40,MatchingNetwork,5,5,Greek,Egyptian,False,10,4000,2,exp1_permuted_src_datasets
732,272.370310618,1.0,1738646042.2739012,,0.22975872457027435,1.0,0.001,1,16,40x40,MatchingNetwork,5,5,Greek,Egyptian,False,10,4000,2,exp1_permuted_src_datasets
733,272.430369839,1.0,1738646042.3340287,,0.2574560046195984,1.0,0.001,1,16,40x40,MatchingNetwork,5,5,Greek,Egyptian,False,10,4000,2,exp1_permuted_src_datasets
734,272.491233134,1.0,1738646042.3948822,,0.2724733054637909,1.0,0.001,1,16,40x40,MatchingNetwork,5,5,Greek,Egyptian,False,10,4000,2,exp1_permuted_src_datasets
735,272.560904678,1.0,1738646042.464559,,0.2410505712032318,1.0,0.001,1,16,40x40,MatchingNetwork,5,5,Greek,Egyptian,False,10,4000,2,exp1_permuted_src_datasets
736,272.606946877,1.0,1738646042.5106227,,0.24157068133354187,1.0,0.001,1,16,40x40,MatchingNetwork,5,5,Greek,Egyptian,False,10,4000,2,exp1_permuted_src_datasets
737,272.661137903,1.0,1738646042.564772,,0.3314090371131897,1.0,0.001,1,16,40x40,MatchingNetwork,5,5,Greek,Egyptian,False,10,4000,2,exp1_permuted_src_datasets
738,272.756380351,1.0,1738646042.6599867,,0.29320889711380005,1.0,0.001,1,16,40x40,MatchingNetwork,5,5,Greek,Egyptian,False,10,4000,2,exp1_permuted_src_datasets
739,272.816280872,1.0,1738646042.7199123,,0.22764852643013,1.0,0.001,1,16,40x40,MatchingNetwork,5,5,Greek,Egyptian,False,10,4000,2,exp1_permuted_src_datasets
740,272.907704731,1.0,1738646042.8113441,,0.2666712701320648,1.0,0.001,1,16,40x40,MatchingNetwork,5,5,Greek,Egyptian,False,10,4000,2,exp1_permuted_src_datasets
741,272.957685471,1.0,1738646042.8613355,,0.22842861711978912,1.0,0.001,1,16,40x40,MatchingNetwork,5,5,Greek,Egyptian,False,10,4000,2,exp1_permuted_src_datasets
742,273.002745664,1.0,1738646042.9064367,,0.2484070509672165,1.0,0.001,1,16,40x40,MatchingNetwork,5,5,Greek,Egyptian,False,10,4000,2,exp1_permuted_src_datasets
743,273.053450985,1.0,1738646042.9571178,,0.24969622492790222,1.0,0.001,1,16,40x40,MatchingNetwork,5,5,Greek,Egyptian,False,10,4000,2,exp1_permuted_src_datasets
744,273.102865508,1.0,1738646043.0065377,,0.2725018858909607,1.0,0.001,1,16,40x40,MatchingNetwork,5,5,Greek,Egyptian,False,10,4000,2,exp1_permuted_src_datasets
745,273.154137847,1.0,1738646043.0577564,,0.29438281059265137,1.0,0.001,1,16,40x40,MatchingNetwork,5,5,Greek,Egyptian,False,10,4000,2,exp1_permuted_src_datasets
746,273.213122427,1.0,1738646043.1167672,,0.22223591804504395,1.0,0.001,1,16,40x40,MatchingNetwork,5,5,Greek,Egyptian,False,10,4000,2,exp1_permuted_src_datasets
747,273.282414383,1.0,1738646043.1860738,,0.24013501405715942,1.0,0.001,1,16,40x40,MatchingNetwork,5,5,Greek,Egyptian,False,10,4000,2,exp1_permuted_src_datasets
748,273.32971368,1.0,1738646043.2333765,,0.22335182130336761,1.0,0.001,1,16,40x40,MatchingNetwork,5,5,Greek,Egyptian,False,10,4000,2,exp1_permuted_src_datasets
749,273.384036904,1.0,1738646043.287693,,0.22311846911907196,1.0,0.001,1,16,40x40,MatchingNetwork,5,5,Greek,Egyptian,False,10,4000,2,exp1_permuted_src_datasets
750,273.433039676,1.0,1738646043.3366995,,0.21064822375774384,1.0,0.001,1,16,40x40,MatchingNetwork,5,5,Greek,Egyptian,False,10,4000,2,exp1_permuted_src_datasets
751,273.489434621,1.0,1738646043.3930886,,0.2878073453903198,1.0,0.001,1,16,40x40,MatchingNetwork,5,5,Greek,Egyptian,False,10,4000,2,exp1_permuted_src_datasets
752,273.541426616,1.0,1738646043.4450939,,0.22211772203445435,1.0,0.001,1,16,40x40,MatchingNetwork,5,5,Greek,Egyptian,False,10,4000,2,exp1_permuted_src_datasets
753,273.602108785,1.0,1738646043.5057535,,0.2848099172115326,1.0,0.001,1,16,40x40,MatchingNetwork,5,5,Greek,Egyptian,False,10,4000,2,exp1_permuted_src_datasets
754,273.649156128,1.0,1738646043.5528135,,0.25685518980026245,1.0,0.001,1,16,40x40,MatchingNetwork,5,5,Greek,Egyptian,False,10,4000,2,exp1_permuted_src_datasets
755,273.735973297,1.0,1738646043.6396105,,0.23827724158763885,1.0,0.001,1,16,40x40,MatchingNetwork,5,5,Greek,Egyptian,False,10,4000,2,exp1_permuted_src_datasets
756,273.806502774,1.0,1738646043.7101572,,0.22896194458007812,1.0,0.001,1,16,40x40,MatchingNetwork,5,5,Greek,Egyptian,False,10,4000,2,exp1_permuted_src_datasets
757,273.86668959,1.0,1738646043.7703304,,0.22650116682052612,1.0,0.001,1,16,40x40,MatchingNetwork,5,5,Greek,Egyptian,False,10,4000,2,exp1_permuted_src_datasets
758,273.949767561,1.0,1738646043.8533893,,0.2512418329715729,1.0,0.001,1,16,40x40,MatchingNetwork,5,5,Greek,Egyptian,False,10,4000,2,exp1_permuted_src_datasets
759,291.138132145,1.0,1738646061.041845,0.95525,,,0.001,1,16,40x40,MatchingNetwork,5,5,Greek,Egyptian,False,10,4000,2,exp1_permuted_src_datasets
760,291.186695606,1.0,1738646061.0903819,,0.23458458483219147,1.0,0.001,1,16,40x40,MatchingNetwork,5,5,Greek,Egyptian,False,10,4000,2,exp1_permuted_src_datasets
761,291.266923934,1.0,1738646061.1705692,,0.2407945841550827,1.0,0.001,1,16,40x40,MatchingNetwork,5,5,Greek,Egyptian,False,10,4000,2,exp1_permuted_src_datasets
762,291.360109038,1.0,1738646061.2636774,,0.24948982894420624,1.0,0.001,1,16,40x40,MatchingNetwork,5,5,Greek,Egyptian,False,10,4000,2,exp1_permuted_src_datasets
763,291.414188618,1.0,1738646061.317843,,0.21295462548732758,1.0,0.001,1,16,40x40,MatchingNetwork,5,5,Greek,Egyptian,False,10,4000,2,exp1_permuted_src_datasets
764,291.459290441,1.0,1738646061.3629498,,0.25236937403678894,1.0,0.001,1,16,40x40,MatchingNetwork,5,5,Greek,Egyptian,False,10,4000,2,exp1_permuted_src_datasets
765,291.511111974,1.0,1738646061.4147599,,0.2784894108772278,1.0,0.001,1,16,40x40,MatchingNetwork,5,5,Greek,Egyptian,False,10,4000,2,exp1_permuted_src_datasets
766,291.58496186,1.0,1738646061.4886148,,0.26349860429763794,1.0,0.001,1,16,40x40,MatchingNetwork,5,5,Greek,Egyptian,False,10,4000,2,exp1_permuted_src_datasets
767,291.646667461,1.0,1738646061.5503478,,0.2051147073507309,1.0,0.001,1,16,40x40,MatchingNetwork,5,5,Greek,Egyptian,False,10,4000,2,exp1_permuted_src_datasets
768,291.730662505,1.0,1738646061.6333141,,0.23961316049098969,1.0,0.001,1,16,40x40,MatchingNetwork,5,5,Greek,Egyptian,False,10,4000,2,exp1_permuted_src_datasets
769,291.792674364,1.0,1738646061.6963701,,0.2728482484817505,1.0,0.001,1,16,40x40,MatchingNetwork,5,5,Greek,Egyptian,False,10,4000,2,exp1_permuted_src_datasets
770,291.838312442,1.0,1738646061.741985,,0.27214643359184265,1.0,0.001,1,16,40x40,MatchingNetwork,5,5,Greek,Egyptian,False,10,4000,2,exp1_permuted_src_datasets
771,291.895301587,1.0,1738646061.7989647,,0.2241455465555191,1.0,0.001,1,16,40x40,MatchingNetwork,5,5,Greek,Egyptian,False,10,4000,2,exp1_permuted_src_datasets
772,291.952084313,1.0,1738646061.8557487,,0.23549401760101318,1.0,0.001,1,16,40x40,MatchingNetwork,5,5,Greek,Egyptian,False,10,4000,2,exp1_permuted_src_datasets
773,292.006820282,1.0,1738646061.910492,,0.2307141274213791,1.0,0.001,1,16,40x40,MatchingNetwork,5,5,Greek,Egyptian,False,10,4000,2,exp1_permuted_src_datasets
774,292.061826049,1.0,1738646061.9655373,,0.26651373505592346,1.0,0.001,1,16,40x40,MatchingNetwork,5,5,Greek,Egyptian,False,10,4000,2,exp1_permuted_src_datasets
775,292.126178523,1.0,1738646062.0298321,,0.23995894193649292,1.0,0.001,1,16,40x40,MatchingNetwork,5,5,Greek,Egyptian,False,10,4000,2,exp1_permuted_src_datasets
776,292.179013915,1.0,1738646062.0826616,,0.23606286942958832,1.0,0.001,1,16,40x40,MatchingNetwork,5,5,Greek,Egyptian,False,10,4000,2,exp1_permuted_src_datasets
777,292.252278585,1.0,1738646062.1559253,,0.23909352719783783,1.0,0.001,1,16,40x40,MatchingNetwork,5,5,Greek,Egyptian,False,10,4000,2,exp1_permuted_src_datasets
778,292.307905136,1.0,1738646062.2115657,,0.2324688583612442,1.0,0.001,1,16,40x40,MatchingNetwork,5,5,Greek,Egyptian,False,10,4000,2,exp1_permuted_src_datasets
779,292.366795308,1.0,1738646062.2704382,,0.2528092861175537,1.0,0.001,1,16,40x40,MatchingNetwork,5,5,Greek,Egyptian,False,10,4000,2,exp1_permuted_src_datasets
780,292.4156751,1.0,1738646062.3193185,,0.20406809449195862,1.0,0.001,1,16,40x40,MatchingNetwork,5,5,Greek,Egyptian,False,10,4000,2,exp1_permuted_src_datasets
781,292.491781265,1.0,1738646062.3954287,,0.23905614018440247,1.0,0.001,1,16,40x40,MatchingNetwork,5,5,Greek,Egyptian,False,10,4000,2,exp1_permuted_src_datasets
782,292.541100297,1.0,1738646062.444779,,0.24305087327957153,1.0,0.001,1,16,40x40,MatchingNetwork,5,5,Greek,Egyptian,False,10,4000,2,exp1_permuted_src_datasets
783,292.589417231,1.0,1738646062.4931011,,0.2630796432495117,1.0,0.001,1,16,40x40,MatchingNetwork,5,5,Greek,Egyptian,False,10,4000,2,exp1_permuted_src_datasets
784,292.637551119,1.0,1738646062.5412178,,0.2507442831993103,1.0,0.001,1,16,40x40,MatchingNetwork,5,5,Greek,Egyptian,False,10,4000,2,exp1_permuted_src_datasets
785,292.685617037,1.0,1738646062.5892613,,0.22330476343631744,1.0,0.001,1,16,40x40,MatchingNetwork,5,5,Greek,Egyptian,False,10,4000,2,exp1_permuted_src_datasets
786,292.79163821,1.0,1738646062.6952853,,0.19518586993217468,1.0,0.001,1,16,40x40,MatchingNetwork,5,5,Greek,Egyptian,False,10,4000,2,exp1_permuted_src_datasets
787,292.840531841,1.0,1738646062.7442017,,0.2507549822330475,1.0,0.001,1,16,40x40,MatchingNetwork,5,5,Greek,Egyptian,False,10,4000,2,exp1_permuted_src_datasets
788,292.890467298,1.0,1738646062.7941267,,0.22361157834529877,1.0,0.001,1,16,40x40,MatchingNetwork,5,5,Greek,Egyptian,False,10,4000,2,exp1_permuted_src_datasets
789,292.943966484,1.0,1738646062.847594,,0.26041558384895325,1.0,0.001,1,16,40x40,MatchingNetwork,5,5,Greek,Egyptian,False,10,4000,2,exp1_permuted_src_datasets
790,293.045248969,1.0,1738646062.9489172,,0.23872926831245422,1.0,0.001,1,16,40x40,MatchingNetwork,5,5,Greek,Egyptian,False,10,4000,2,exp1_permuted_src_datasets
791,293.131406875,1.0,1738646063.0350714,,0.25504037737846375,1.0,0.001,1,16,40x40,MatchingNetwork,5,5,Greek,Egyptian,False,10,4000,2,exp1_permuted_src_datasets
792,293.195025587,1.0,1738646063.0986767,,0.25060221552848816,1.0,0.001,1,16,40x40,MatchingNetwork,5,5,Greek,Egyptian,False,10,4000,2,exp1_permuted_src_datasets
793,293.246496577,1.0,1738646063.1501377,,0.20552116632461548,1.0,0.001,1,16,40x40,MatchingNetwork,5,5,Greek,Egyptian,False,10,4000,2,exp1_permuted_src_datasets
794,293.306686101,1.0,1738646063.2103424,,0.23105047643184662,1.0,0.001,1,16,40x40,MatchingNetwork,5,5,Greek,Egyptian,False,10,4000,2,exp1_permuted_src_datasets
795,293.369313418,1.0,1738646063.2729993,,0.2589792311191559,1.0,0.001,1,16,40x40,MatchingNetwork,5,5,Greek,Egyptian,False,10,4000,2,exp1_permuted_src_datasets
796,293.420052133,1.0,1738646063.3237062,,0.24351146817207336,1.0,0.001,1,16,40x40,MatchingNetwork,5,5,Greek,Egyptian,False,10,4000,2,exp1_permuted_src_datasets
797,293.483755972,1.0,1738646063.3874311,,0.23923929035663605,1.0,0.001,1,16,40x40,MatchingNetwork,5,5,Greek,Egyptian,False,10,4000,2,exp1_permuted_src_datasets
798,293.547072743,1.0,1738646063.4507186,,0.26042330265045166,1.0,0.001,1,16,40x40,MatchingNetwork,5,5,Greek,Egyptian,False,10,4000,2,exp1_permuted_src_datasets
799,293.615172315,1.0,1738646063.5188198,,0.223305806517601,1.0,0.001,1,16,40x40,MatchingNetwork,5,5,Greek,Egyptian,False,10,4000,2,exp1_permuted_src_datasets
800,293.704419312,1.0,1738646063.608064,,0.24247992038726807,1.0,0.001,1,16,40x40,MatchingNetwork,5,5,Greek,Egyptian,False,10,4000,2,exp1_permuted_src_datasets
801,293.814878609,1.0,1738646063.7183986,,0.2125389128923416,1.0,0.001,1,16,40x40,MatchingNetwork,5,5,Greek,Egyptian,False,10,4000,2,exp1_permuted_src_datasets
802,293.902344364,1.0,1738646063.8059242,,0.20595945417881012,1.0,0.001,1,16,40x40,MatchingNetwork,5,5,Greek,Egyptian,False,10,4000,2,exp1_permuted_src_datasets
803,293.971485193,1.0,1738646063.8751109,,0.251434326171875,1.0,0.001,1,16,40x40,MatchingNetwork,5,5,Greek,Egyptian,False,10,4000,2,exp1_permuted_src_datasets
804,294.074779988,1.0,1738646063.9784424,,0.2062283754348755,1.0,0.001,1,16,40x40,MatchingNetwork,5,5,Greek,Egyptian,False,10,4000,2,exp1_permuted_src_datasets
805,294.139781564,1.0,1738646064.0434515,,0.22957229614257812,1.0,0.001,1,16,40x40,MatchingNetwork,5,5,Greek,Egyptian,False,10,4000,2,exp1_permuted_src_datasets
806,294.196760596,1.0,1738646064.100447,,0.22345247864723206,1.0,0.001,1,16,40x40,MatchingNetwork,5,5,Greek,Egyptian,False,10,4000,2,exp1_permuted_src_datasets
807,294.257343687,1.0,1738646064.1609845,,0.21787917613983154,1.0,0.001,1,16,40x40,MatchingNetwork,5,5,Greek,Egyptian,False,10,4000,2,exp1_permuted_src_datasets
808,294.309691305,1.0,1738646064.2133477,,0.2969135642051697,1.0,0.001,1,16,40x40,MatchingNetwork,5,5,Greek,Egyptian,False,10,4000,2,exp1_permuted_src_datasets
809,294.384411466,1.0,1738646064.2880726,,0.2225542664527893,1.0,0.001,1,16,40x40,MatchingNetwork,5,5,Greek,Egyptian,False,10,4000,2,exp1_permuted_src_datasets
810,294.429545646,1.0,1738646064.333239,,0.23409844934940338,1.0,0.001,1,16,40x40,MatchingNetwork,5,5,Greek,Egyptian,False,10,4000,2,exp1_permuted_src_datasets
811,294.478292935,1.0,1738646064.3819332,,0.22113287448883057,1.0,0.001,1,16,40x40,MatchingNetwork,5,5,Greek,Egyptian,False,10,4000,2,exp1_permuted_src_datasets
812,294.529015907,1.0,1738646064.432678,,0.24099980294704437,1.0,0.001,1,16,40x40,MatchingNetwork,5,5,Greek,Egyptian,False,10,4000,2,exp1_permuted_src_datasets
813,294.573896807,1.0,1738646064.4775877,,0.2180928885936737,1.0,0.001,1,16,40x40,MatchingNetwork,5,5,Greek,Egyptian,False,10,4000,2,exp1_permuted_src_datasets
814,294.618563432,1.0,1738646064.5222347,,0.2575176954269409,1.0,0.001,1,16,40x40,MatchingNetwork,5,5,Greek,Egyptian,False,10,4000,2,exp1_permuted_src_datasets
815,294.681824865,1.0,1738646064.5854595,,0.2691539525985718,1.0,0.001,1,16,40x40,MatchingNetwork,5,5,Greek,Egyptian,False,10,4000,2,exp1_permuted_src_datasets
816,294.735668648,1.0,1738646064.6393235,,0.22912466526031494,1.0,0.001,1,16,40x40,MatchingNetwork,5,5,Greek,Egyptian,False,10,4000,2,exp1_permuted_src_datasets
817,294.799857413,1.0,1738646064.7035134,,0.26509207487106323,1.0,0.001,1,16,40x40,MatchingNetwork,5,5,Greek,Egyptian,False,10,4000,2,exp1_permuted_src_datasets
818,294.866358304,1.0,1738646064.7700214,,0.23351161181926727,1.0,0.001,1,16,40x40,MatchingNetwork,5,5,Greek,Egyptian,False,10,4000,2,exp1_permuted_src_datasets
819,294.920316071,1.0,1738646064.8239877,,0.23196156322956085,1.0,0.001,1,16,40x40,MatchingNetwork,5,5,Greek,Egyptian,False,10,4000,2,exp1_permuted_src_datasets
820,294.968317659,1.0,1738646064.872011,,0.2121991068124771,1.0,0.001,1,16,40x40,MatchingNetwork,5,5,Greek,Egyptian,False,10,4000,2,exp1_permuted_src_datasets
821,295.034485665,1.0,1738646064.938165,,0.25851675868034363,1.0,0.001,1,16,40x40,MatchingNetwork,5,5,Greek,Egyptian,False,10,4000,2,exp1_permuted_src_datasets
822,311.800259106,1.0,1738646081.7040737,0.958,,,0.001,1,16,40x40,MatchingNetwork,5,5,Greek,Egyptian,False,10,4000,2,exp1_permuted_src_datasets
823,311.877354143,1.0,1738646081.7809756,,0.24378414452075958,1.0,0.001,1,16,40x40,MatchingNetwork,5,5,Greek,Egyptian,False,10,4000,2,exp1_permuted_src_datasets
824,311.938192048,1.0,1738646081.8418303,,0.25408756732940674,1.0,0.001,1,16,40x40,MatchingNetwork,5,5,Greek,Egyptian,False,10,4000,2,exp1_permuted_src_datasets
825,312.004564049,1.0,1738646081.9082253,,0.24789151549339294,1.0,0.001,1,16,40x40,MatchingNetwork,5,5,Greek,Egyptian,False,10,4000,2,exp1_permuted_src_datasets
826,312.065441254,1.0,1738646081.9691317,,0.23595461249351501,1.0,0.001,1,16,40x40,MatchingNetwork,5,5,Greek,Egyptian,False,10,4000,2,exp1_permuted_src_datasets
827,312.153850155,1.0,1738646082.0574453,,0.22903472185134888,1.0,0.001,1,16,40x40,MatchingNetwork,5,5,Greek,Egyptian,False,10,4000,2,exp1_permuted_src_datasets
828,312.199823708,1.0,1738646082.1034544,,0.22680068016052246,1.0,0.001,1,16,40x40,MatchingNetwork,5,5,Greek,Egyptian,False,10,4000,2,exp1_permuted_src_datasets
829,312.257839081,1.0,1738646082.1614926,,0.24323007464408875,1.0,0.001,1,16,40x40,MatchingNetwork,5,5,Greek,Egyptian,False,10,4000,2,exp1_permuted_src_datasets
830,312.33260116,1.0,1738646082.2362623,,0.2267841100692749,1.0,0.001,1,16,40x40,MatchingNetwork,5,5,Greek,Egyptian,False,10,4000,2,exp1_permuted_src_datasets
831,312.383581788,1.0,1738646082.2872286,,0.22900472581386566,1.0,0.001,1,16,40x40,MatchingNetwork,5,5,Greek,Egyptian,False,10,4000,2,exp1_permuted_src_datasets
832,312.432625952,1.0,1738646082.336297,,0.23306627571582794,1.0,0.001,1,16,40x40,MatchingNetwork,5,5,Greek,Egyptian,False,10,4000,2,exp1_permuted_src_datasets
833,312.496589247,1.0,1738646082.4003048,,0.27128443121910095,1.0,0.001,1,16,40x40,MatchingNetwork,5,5,Greek,Egyptian,False,10,4000,2,exp1_permuted_src_datasets
834,312.557119973,1.0,1738646082.4607847,,0.2356175035238266,1.0,0.001,1,16,40x40,MatchingNetwork,5,5,Greek,Egyptian,False,10,4000,2,exp1_permuted_src_datasets
835,312.604960613,1.0,1738646082.508627,,0.20098461210727692,1.0,0.001,1,16,40x40,MatchingNetwork,5,5,Greek,Egyptian,False,10,4000,2,exp1_permuted_src_datasets
836,312.662965967,1.0,1738646082.56663,,0.22572478652000427,1.0,0.001,1,16,40x40,MatchingNetwork,5,5,Greek,Egyptian,False,10,4000,2,exp1_permuted_src_datasets
837,312.712838147,1.0,1738646082.6165295,,0.2538350820541382,1.0,0.001,1,16,40x40,MatchingNetwork,5,5,Greek,Egyptian,False,10,4000,2,exp1_permuted_src_datasets
838,312.763109104,1.0,1738646082.666782,,0.22036652266979218,1.0,0.001,1,16,40x40,MatchingNetwork,5,5,Greek,Egyptian,False,10,4000,2,exp1_permuted_src_datasets
839,312.843739806,1.0,1738646082.7473042,,0.23749104142189026,1.0,0.001,1,16,40x40,MatchingNetwork,5,5,Greek,Egyptian,False,10,4000,2,exp1_permuted_src_datasets
840,312.91555037,1.0,1738646082.8191915,,0.21034173667430878,1.0,0.001,1,16,40x40,MatchingNetwork,5,5,Greek,Egyptian,False,10,4000,2,exp1_permuted_src_datasets
841,312.995264189,1.0,1738646082.898939,,0.24597947299480438,1.0,0.001,1,16,40x40,MatchingNetwork,5,5,Greek,Egyptian,False,10,4000,2,exp1_permuted_src_datasets
842,313.055275535,1.0,1738646082.9589064,,0.2568838596343994,1.0,0.001,1,16,40x40,MatchingNetwork,5,5,Greek,Egyptian,False,10,4000,2,exp1_permuted_src_datasets
843,313.101373172,1.0,1738646083.005044,,0.20654846727848053,1.0,0.001,1,16,40x40,MatchingNetwork,5,5,Greek,Egyptian,False,10,4000,2,exp1_permuted_src_datasets
844,313.15553312,1.0,1738646083.0591922,,0.20891502499580383,1.0,0.001,1,16,40x40,MatchingNetwork,5,5,Greek,Egyptian,False,10,4000,2,exp1_permuted_src_datasets
845,313.222505238,1.0,1738646083.12615,,0.23802074790000916,1.0,0.001,1,16,40x40,MatchingNetwork,5,5,Greek,Egyptian,False,10,4000,2,exp1_permuted_src_datasets
846,313.272384374,1.0,1738646083.1760535,,0.2701086401939392,1.0,0.001,1,16,40x40,MatchingNetwork,5,5,Greek,Egyptian,False,10,4000,2,exp1_permuted_src_datasets
847,313.345142617,1.0,1738646083.248786,,0.22035887837409973,1.0,0.001,1,16,40x40,MatchingNetwork,5,5,Greek,Egyptian,False,10,4000,2,exp1_permuted_src_datasets
848,313.392537095,1.0,1738646083.2962084,,0.22995050251483917,1.0,0.001,1,16,40x40,MatchingNetwork,5,5,Greek,Egyptian,False,10,4000,2,exp1_permuted_src_datasets
849,313.471358961,1.0,1738646083.3749988,,0.2588177025318146,1.0,0.001,1,16,40x40,MatchingNetwork,5,5,Greek,Egyptian,False,10,4000,2,exp1_permuted_src_datasets
850,313.532027023,1.0,1738646083.435671,,0.21174262464046478,1.0,0.001,1,16,40x40,MatchingNetwork,5,5,Greek,Egyptian,False,10,4000,2,exp1_permuted_src_datasets
851,313.626559081,1.0,1738646083.5302365,,0.18908239901065826,1.0,0.001,1,16,40x40,MatchingNetwork,5,5,Greek,Egyptian,False,10,4000,2,exp1_permuted_src_datasets
852,313.686395243,1.0,1738646083.5900917,,0.2325432002544403,1.0,0.001,1,16,40x40,MatchingNetwork,5,5,Greek,Egyptian,False,10,4000,2,exp1_permuted_src_datasets
853,313.762453331,1.0,1738646083.666097,,0.24702271819114685,1.0,0.001,1,16,40x40,MatchingNetwork,5,5,Greek,Egyptian,False,10,4000,2,exp1_permuted_src_datasets
854,313.828679573,1.0,1738646083.7323415,,0.2486492097377777,1.0,0.001,1,16,40x40,MatchingNetwork,5,5,Greek,Egyptian,False,10,4000,2,exp1_permuted_src_datasets
855,313.919570698,1.0,1738646083.8232083,,0.2759169638156891,1.0,0.001,1,16,40x40,MatchingNetwork,5,5,Greek,Egyptian,False,10,4000,2,exp1_permuted_src_datasets
856,314.009984078,1.0,1738646083.913472,,0.19560325145721436,1.0,0.001,1,16,40x40,MatchingNetwork,5,5,Greek,Egyptian,False,10,4000,2,exp1_permuted_src_datasets
857,314.097390247,1.0,1738646084.0009954,,0.2040712833404541,1.0,0.001,1,16,40x40,MatchingNetwork,5,5,Greek,Egyptian,False,10,4000,2,exp1_permuted_src_datasets
858,314.148183128,1.0,1738646084.0518525,,0.24426406621932983,1.0,0.001,1,16,40x40,MatchingNetwork,5,5,Greek,Egyptian,False,10,4000,2,exp1_permuted_src_datasets
859,314.19751786,1.0,1738646084.1012053,,0.24532516300678253,1.0,0.001,1,16,40x40,MatchingNetwork,5,5,Greek,Egyptian,False,10,4000,2,exp1_permuted_src_datasets
860,314.255200432,1.0,1738646084.1588566,,0.23732411861419678,1.0,0.001,1,16,40x40,MatchingNetwork,5,5,Greek,Egyptian,False,10,4000,2,exp1_permuted_src_datasets
861,314.325232145,1.0,1738646084.2288911,,0.1940394639968872,1.0,0.001,1,16,40x40,MatchingNetwork,5,5,Greek,Egyptian,False,10,4000,2,exp1_permuted_src_datasets
862,314.368796984,1.0,1738646084.272476,,0.2188751995563507,1.0,0.001,1,16,40x40,MatchingNetwork,5,5,Greek,Egyptian,False,10,4000,2,exp1_permuted_src_datasets
863,314.429569557,1.0,1738646084.3332207,,0.24239914119243622,1.0,0.001,1,16,40x40,MatchingNetwork,5,5,Greek,Egyptian,False,10,4000,2,exp1_permuted_src_datasets
864,314.473870327,1.0,1738646084.3775413,,0.22479206323623657,1.0,0.001,1,16,40x40,MatchingNetwork,5,5,Greek,Egyptian,False,10,4000,2,exp1_permuted_src_datasets
865,314.524951563,1.0,1738646084.428603,,0.2756333649158478,1.0,0.001,1,16,40x40,MatchingNetwork,5,5,Greek,Egyptian,False,10,4000,2,exp1_permuted_src_datasets
866,314.591966567,1.0,1738646084.4956307,,0.21822190284729004,1.0,0.001,1,16,40x40,MatchingNetwork,5,5,Greek,Egyptian,False,10,4000,2,exp1_permuted_src_datasets
867,314.665042845,1.0,1738646084.5687258,,0.2026817798614502,1.0,0.001,1,16,40x40,MatchingNetwork,5,5,Greek,Egyptian,False,10,4000,2,exp1_permuted_src_datasets
868,314.724180791,1.0,1738646084.6278353,,0.2192387580871582,1.0,0.001,1,16,40x40,MatchingNetwork,5,5,Greek,Egyptian,False,10,4000,2,exp1_permuted_src_datasets
869,314.779415646,1.0,1738646084.6830628,,0.2429547756910324,1.0,0.001,1,16,40x40,MatchingNetwork,5,5,Greek,Egyptian,False,10,4000,2,exp1_permuted_src_datasets
870,314.831955298,1.0,1738646084.73562,,0.23338863253593445,1.0,0.001,1,16,40x40,MatchingNetwork,5,5,Greek,Egyptian,False,10,4000,2,exp1_permuted_src_datasets
871,314.898650928,1.0,1738646084.8022912,,0.20432868599891663,1.0,0.001,1,16,40x40,MatchingNetwork,5,5,Greek,Egyptian,False,10,4000,2,exp1_permuted_src_datasets
872,314.97847642199997,1.0,1738646084.8821247,,0.22693073749542236,1.0,0.001,1,16,40x40,MatchingNetwork,5,5,Greek,Egyptian,False,10,4000,2,exp1_permuted_src_datasets
873,315.026412145,1.0,1738646084.9300475,,0.27320459485054016,1.0,0.001,1,16,40x40,MatchingNetwork,5,5,Greek,Egyptian,False,10,4000,2,exp1_permuted_src_datasets
874,315.082108302,1.0,1738646084.9857645,,0.22498437762260437,1.0,0.001,1,16,40x40,MatchingNetwork,5,5,Greek,Egyptian,False,10,4000,2,exp1_permuted_src_datasets
875,315.130320861,1.0,1738646085.0339994,,0.24128742516040802,1.0,0.001,1,16,40x40,MatchingNetwork,5,5,Greek,Egyptian,False,10,4000,2,exp1_permuted_src_datasets
876,315.191356759,1.0,1738646085.0950582,,0.23242802917957306,1.0,0.001,1,16,40x40,MatchingNetwork,5,5,Greek,Egyptian,False,10,4000,2,exp1_permuted_src_datasets
877,315.239973033,1.0,1738646085.143641,,0.21973244845867157,1.0,0.001,1,16,40x40,MatchingNetwork,5,5,Greek,Egyptian,False,10,4000,2,exp1_permuted_src_datasets
878,315.303266657,1.0,1738646085.2069237,,0.19973543286323547,1.0,0.001,1,16,40x40,MatchingNetwork,5,5,Greek,Egyptian,False,10,4000,2,exp1_permuted_src_datasets
879,315.358749589,1.0,1738646085.2624052,,0.26617205142974854,1.0,0.001,1,16,40x40,MatchingNetwork,5,5,Greek,Egyptian,False,10,4000,2,exp1_permuted_src_datasets
880,315.41701276,1.0,1738646085.3206625,,0.23601029813289642,1.0,0.001,1,16,40x40,MatchingNetwork,5,5,Greek,Egyptian,False,10,4000,2,exp1_permuted_src_datasets
881,315.4668259,1.0,1738646085.3704996,,0.2201235443353653,1.0,0.001,1,16,40x40,MatchingNetwork,5,5,Greek,Egyptian,False,10,4000,2,exp1_permuted_src_datasets
882,315.532938425,1.0,1738646085.4366367,,0.19497032463550568,1.0,0.001,1,16,40x40,MatchingNetwork,5,5,Greek,Egyptian,False,10,4000,2,exp1_permuted_src_datasets
883,315.59004918,1.0,1738646085.4937158,,0.2469077706336975,1.0,0.001,1,16,40x40,MatchingNetwork,5,5,Greek,Egyptian,False,10,4000,2,exp1_permuted_src_datasets
884,315.641981272,1.0,1738646085.5456223,,0.23520757257938385,1.0,0.001,1,16,40x40,MatchingNetwork,5,5,Greek,Egyptian,False,10,4000,2,exp1_permuted_src_datasets
885,332.836423729,1.0,1738646102.7402477,0.9515,,,0.001,1,16,40x40,MatchingNetwork,5,5,Greek,Egyptian,False,10,4000,2,exp1_permuted_src_datasets
886,332.862500749,1.0,1738646102.7661717,,0.2393348515033722,1.0,0.001,1,16,40x40,MatchingNetwork,5,5,Greek,Egyptian,False,10,4000,2,exp1_permuted_src_datasets
887,332.914551613,1.0,1738646102.8182313,,0.24002705514431,1.0,0.001,1,16,40x40,MatchingNetwork,5,5,Greek,Egyptian,False,10,4000,2,exp1_permuted_src_datasets
888,332.963454981,1.0,1738646102.8670225,,0.23690038919448853,1.0,0.001,1,16,40x40,MatchingNetwork,5,5,Greek,Egyptian,False,10,4000,2,exp1_permuted_src_datasets
889,333.029996671,1.0,1738646102.9336777,,0.18115989863872528,1.0,0.001,1,16,40x40,MatchingNetwork,5,5,Greek,Egyptian,False,10,4000,2,exp1_permuted_src_datasets
890,333.091113703,1.0,1738646102.994788,,0.24502751231193542,1.0,0.001,1,16,40x40,MatchingNetwork,5,5,Greek,Egyptian,False,10,4000,2,exp1_permuted_src_datasets
891,333.137955334,1.0,1738646103.041602,,0.218600794672966,1.0,0.001,1,16,40x40,MatchingNetwork,5,5,Greek,Egyptian,False,10,4000,2,exp1_permuted_src_datasets
892,333.206881287,1.0,1738646103.110532,,0.22571761906147003,1.0,0.001,1,16,40x40,MatchingNetwork,5,5,Greek,Egyptian,False,10,4000,2,exp1_permuted_src_datasets
893,333.275409518,1.0,1738646103.1790037,,0.22084762156009674,1.0,0.001,1,16,40x40,MatchingNetwork,5,5,Greek,Egyptian,False,10,4000,2,exp1_permuted_src_datasets
894,333.325862284,1.0,1738646103.229533,,0.2527236044406891,1.0,0.001,1,16,40x40,MatchingNetwork,5,5,Greek,Egyptian,False,10,4000,2,exp1_permuted_src_datasets
895,333.372646702,1.0,1738646103.2762983,,0.2111920565366745,1.0,0.001,1,16,40x40,MatchingNetwork,5,5,Greek,Egyptian,False,10,4000,2,exp1_permuted_src_datasets
896,333.432756974,1.0,1738646103.336409,,0.24827346205711365,1.0,0.001,1,16,40x40,MatchingNetwork,5,5,Greek,Egyptian,False,10,4000,2,exp1_permuted_src_datasets
897,333.488131821,1.0,1738646103.391774,,0.26835745573043823,1.0,0.001,1,16,40x40,MatchingNetwork,5,5,Greek,Egyptian,False,10,4000,2,exp1_permuted_src_datasets
898,333.543413982,1.0,1738646103.4470627,,0.24460124969482422,1.0,0.001,1,16,40x40,MatchingNetwork,5,5,Greek,Egyptian,False,10,4000,2,exp1_permuted_src_datasets
899,333.604639498,1.0,1738646103.5083008,,0.2355508804321289,1.0,0.001,1,16,40x40,MatchingNetwork,5,5,Greek,Egyptian,False,10,4000,2,exp1_permuted_src_datasets
900,333.714304162,1.0,1738646103.617881,,0.21258710324764252,1.0,0.001,1,16,40x40,MatchingNetwork,5,5,Greek,Egyptian,False,10,4000,2,exp1_permuted_src_datasets
901,333.782845018,1.0,1738646103.6864896,,0.26442620158195496,1.0,0.001,1,16,40x40,MatchingNetwork,5,5,Greek,Egyptian,False,10,4000,2,exp1_permuted_src_datasets
902,333.84158888,1.0,1738646103.7452428,,0.2566881775856018,1.0,0.001,1,16,40x40,MatchingNetwork,5,5,Greek,Egyptian,False,10,4000,2,exp1_permuted_src_datasets
903,333.909993904,1.0,1738646103.8136535,,0.2953522801399231,1.0,0.001,1,16,40x40,MatchingNetwork,5,5,Greek,Egyptian,False,10,4000,2,exp1_permuted_src_datasets
904,334.010263033,1.0,1738646103.9139013,,0.2660742700099945,1.0,0.001,1,16,40x40,MatchingNetwork,5,5,Greek,Egyptian,False,10,4000,2,exp1_permuted_src_datasets
905,334.112770193,1.0,1738646104.016411,,0.23593446612358093,1.0,0.001,1,16,40x40,MatchingNetwork,5,5,Greek,Egyptian,False,10,4000,2,exp1_permuted_src_datasets
906,334.194373242,1.0,1738646104.0980327,,0.23992851376533508,1.0,0.001,1,16,40x40,MatchingNetwork,5,5,Greek,Egyptian,False,10,4000,2,exp1_permuted_src_datasets
907,334.268441536,1.0,1738646104.17212,,0.2245768904685974,1.0,0.001,1,16,40x40,MatchingNetwork,5,5,Greek,Egyptian,False,10,4000,2,exp1_permuted_src_datasets
908,334.313754042,1.0,1738646104.2174425,,0.2139083743095398,1.0,0.001,1,16,40x40,MatchingNetwork,5,5,Greek,Egyptian,False,10,4000,2,exp1_permuted_src_datasets
909,334.400096847,1.0,1738646104.303795,,0.2300320863723755,1.0,0.001,1,16,40x40,MatchingNetwork,5,5,Greek,Egyptian,False,10,4000,2,exp1_permuted_src_datasets
910,334.456628115,1.0,1738646104.360309,,0.23006506264209747,1.0,0.001,1,16,40x40,MatchingNetwork,5,5,Greek,Egyptian,False,10,4000,2,exp1_permuted_src_datasets
911,334.507688938,1.0,1738646104.4113326,,0.2235870659351349,1.0,0.001,1,16,40x40,MatchingNetwork,5,5,Greek,Egyptian,False,10,4000,2,exp1_permuted_src_datasets
912,334.554598027,1.0,1738646104.4582746,,0.24546043574810028,1.0,0.001,1,16,40x40,MatchingNetwork,5,5,Greek,Egyptian,False,10,4000,2,exp1_permuted_src_datasets
913,334.629248794,1.0,1738646104.5329247,,0.2252569943666458,1.0,0.001,1,16,40x40,MatchingNetwork,5,5,Greek,Egyptian,False,10,4000,2,exp1_permuted_src_datasets
914,334.706627413,1.0,1738646104.6101282,,0.23333600163459778,1.0,0.001,1,16,40x40,MatchingNetwork,5,5,Greek,Egyptian,False,10,4000,2,exp1_permuted_src_datasets
915,334.757864058,1.0,1738646104.6615293,,0.23131239414215088,1.0,0.001,1,16,40x40,MatchingNetwork,5,5,Greek,Egyptian,False,10,4000,2,exp1_permuted_src_datasets
916,334.802012497,1.0,1738646104.7056804,,0.22518478333950043,1.0,0.001,1,16,40x40,MatchingNetwork,5,5,Greek,Egyptian,False,10,4000,2,exp1_permuted_src_datasets
917,334.846414729,1.0,1738646104.750086,,0.2259911596775055,1.0,0.001,1,16,40x40,MatchingNetwork,5,5,Greek,Egyptian,False,10,4000,2,exp1_permuted_src_datasets
918,334.896027781,1.0,1738646104.7996895,,0.22884565591812134,1.0,0.001,1,16,40x40,MatchingNetwork,5,5,Greek,Egyptian,False,10,4000,2,exp1_permuted_src_datasets
919,334.963763498,1.0,1738646104.8674173,,0.24305850267410278,1.0,0.001,1,16,40x40,MatchingNetwork,5,5,Greek,Egyptian,False,10,4000,2,exp1_permuted_src_datasets
920,335.02149302,1.0,1738646104.9251156,,0.223736971616745,1.0,0.001,1,16,40x40,MatchingNetwork,5,5,Greek,Egyptian,False,10,4000,2,exp1_permuted_src_datasets
921,335.067514403,1.0,1738646104.9711642,,0.22859808802604675,1.0,0.001,1,16,40x40,MatchingNetwork,5,5,Greek,Egyptian,False,10,4000,2,exp1_permuted_src_datasets
922,335.113131925,1.0,1738646105.016817,,0.25615429878234863,1.0,0.001,1,16,40x40,MatchingNetwork,5,5,Greek,Egyptian,False,10,4000,2,exp1_permuted_src_datasets
923,335.156427046,1.0,1738646105.0601106,,0.22232484817504883,1.0,0.001,1,16,40x40,MatchingNetwork,5,5,Greek,Egyptian,False,10,4000,2,exp1_permuted_src_datasets
924,335.202088082,1.0,1738646105.105742,,0.21850836277008057,1.0,0.001,1,16,40x40,MatchingNetwork,5,5,Greek,Egyptian,False,10,4000,2,exp1_permuted_src_datasets
925,335.256031945,1.0,1738646105.1597362,,0.21805760264396667,1.0,0.001,1,16,40x40,MatchingNetwork,5,5,Greek,Egyptian,False,10,4000,2,exp1_permuted_src_datasets
926,335.339785639,1.0,1738646105.2434378,,0.21032316982746124,1.0,0.001,1,16,40x40,MatchingNetwork,5,5,Greek,Egyptian,False,10,4000,2,exp1_permuted_src_datasets
927,335.413835843,1.0,1738646105.31749,,0.23134544491767883,1.0,0.001,1,16,40x40,MatchingNetwork,5,5,Greek,Egyptian,False,10,4000,2,exp1_permuted_src_datasets
928,335.478244304,1.0,1738646105.381897,,0.19554051756858826,1.0,0.001,1,16,40x40,MatchingNetwork,5,5,Greek,Egyptian,False,10,4000,2,exp1_permuted_src_datasets
929,335.522798148,1.0,1738646105.4264622,,0.2350521832704544,1.0,0.001,1,16,40x40,MatchingNetwork,5,5,Greek,Egyptian,False,10,4000,2,exp1_permuted_src_datasets
930,335.573847371,1.0,1738646105.4775078,,0.2073674201965332,1.0,0.001,1,16,40x40,MatchingNetwork,5,5,Greek,Egyptian,False,10,4000,2,exp1_permuted_src_datasets
931,335.627023596,1.0,1738646105.5306792,,0.21853210031986237,1.0,0.001,1,16,40x40,MatchingNetwork,5,5,Greek,Egyptian,False,10,4000,2,exp1_permuted_src_datasets
932,335.689331189,1.0,1738646105.5929923,,0.2352737933397293,1.0,0.001,1,16,40x40,MatchingNetwork,5,5,Greek,Egyptian,False,10,4000,2,exp1_permuted_src_datasets
933,335.739926956,1.0,1738646105.6435719,,0.2036721259355545,1.0,0.001,1,16,40x40,MatchingNetwork,5,5,Greek,Egyptian,False,10,4000,2,exp1_permuted_src_datasets
934,335.78421986,1.0,1738646105.6878989,,0.2594507336616516,1.0,0.001,1,16,40x40,MatchingNetwork,5,5,Greek,Egyptian,False,10,4000,2,exp1_permuted_src_datasets
935,335.87708366,1.0,1738646105.7806404,,0.2106243371963501,1.0,0.001,1,16,40x40,MatchingNetwork,5,5,Greek,Egyptian,False,10,4000,2,exp1_permuted_src_datasets
936,335.935314929,1.0,1738646105.8389802,,0.19458463788032532,1.0,0.001,1,16,40x40,MatchingNetwork,5,5,Greek,Egyptian,False,10,4000,2,exp1_permuted_src_datasets
937,335.979579367,1.0,1738646105.883242,,0.22014448046684265,1.0,0.001,1,16,40x40,MatchingNetwork,5,5,Greek,Egyptian,False,10,4000,2,exp1_permuted_src_datasets
938,336.026923976,1.0,1738646105.9305973,,0.20701484382152557,1.0,0.001,1,16,40x40,MatchingNetwork,5,5,Greek,Egyptian,False,10,4000,2,exp1_permuted_src_datasets
939,336.079888074,1.0,1738646105.9835415,,0.21591109037399292,1.0,0.001,1,16,40x40,MatchingNetwork,5,5,Greek,Egyptian,False,10,4000,2,exp1_permuted_src_datasets
940,336.133662722,1.0,1738646106.0371842,,0.2571602165699005,1.0,0.001,1,16,40x40,MatchingNetwork,5,5,Greek,Egyptian,False,10,4000,2,exp1_permuted_src_datasets
941,336.20912211,1.0,1738646106.1127837,,0.20236815512180328,1.0,0.001,1,16,40x40,MatchingNetwork,5,5,Greek,Egyptian,False,10,4000,2,exp1_permuted_src_datasets
942,336.254351145,1.0,1738646106.1580212,,0.21205690503120422,1.0,0.001,1,16,40x40,MatchingNetwork,5,5,Greek,Egyptian,False,10,4000,2,exp1_permuted_src_datasets
943,336.299355601,1.0,1738646106.2030246,,0.25094130635261536,1.0,0.001,1,16,40x40,MatchingNetwork,5,5,Greek,Egyptian,False,10,4000,2,exp1_permuted_src_datasets
944,336.346423309,1.0,1738646106.2501273,,0.2301536500453949,1.0,0.001,1,16,40x40,MatchingNetwork,5,5,Greek,Egyptian,False,10,4000,2,exp1_permuted_src_datasets
945,336.402670937,1.0,1738646106.306357,,0.19790542125701904,1.0,0.001,1,16,40x40,MatchingNetwork,5,5,Greek,Egyptian,False,10,4000,2,exp1_permuted_src_datasets
946,336.46911037,1.0,1738646106.3727536,,0.2317683845758438,1.0,0.001,1,16,40x40,MatchingNetwork,5,5,Greek,Egyptian,False,10,4000,2,exp1_permuted_src_datasets
947,336.514166719,1.0,1738646106.4178245,,0.24994798004627228,1.0,0.001,1,16,40x40,MatchingNetwork,5,5,Greek,Egyptian,False,10,4000,2,exp1_permuted_src_datasets
948,353.810452345,1.0,1738646123.7142677,0.94825,,,0.001,1,16,40x40,MatchingNetwork,5,5,Greek,Egyptian,False,10,4000,2,exp1_permuted_src_datasets
949,353.838109815,1.0,1738646123.741797,,0.23307187855243683,1.0,0.001,1,16,40x40,MatchingNetwork,5,5,Greek,Egyptian,False,10,4000,2,exp1_permuted_src_datasets
950,353.92137238,1.0,1738646123.824991,,0.21386587619781494,1.0,0.001,1,16,40x40,MatchingNetwork,5,5,Greek,Egyptian,False,10,4000,2,exp1_permuted_src_datasets
951,353.985299559,1.0,1738646123.8889291,,0.22767536342144012,1.0,0.001,1,16,40x40,MatchingNetwork,5,5,Greek,Egyptian,False,10,4000,2,exp1_permuted_src_datasets
952,354.053156203,1.0,1738646123.9566934,,0.23802825808525085,1.0,0.001,1,16,40x40,MatchingNetwork,5,5,Greek,Egyptian,False,10,4000,2,exp1_permuted_src_datasets
953,354.163443512,1.0,1738646124.0670338,,0.27519097924232483,1.0,0.001,1,16,40x40,MatchingNetwork,5,5,Greek,Egyptian,False,10,4000,2,exp1_permuted_src_datasets
954,354.225026747,1.0,1738646124.12871,,0.28234851360321045,1.0,0.001,1,16,40x40,MatchingNetwork,5,5,Greek,Egyptian,False,10,4000,2,exp1_permuted_src_datasets
955,354.30741179,1.0,1738646124.2109716,,0.18663552403450012,1.0,0.001,1,16,40x40,MatchingNetwork,5,5,Greek,Egyptian,False,10,4000,2,exp1_permuted_src_datasets
956,354.365694483,1.0,1738646124.2693455,,0.24420154094696045,1.0,0.001,1,16,40x40,MatchingNetwork,5,5,Greek,Egyptian,False,10,4000,2,exp1_permuted_src_datasets
957,354.431778945,1.0,1738646124.3354545,,0.19660742580890656,1.0,0.001,1,16,40x40,MatchingNetwork,5,5,Greek,Egyptian,False,10,4000,2,exp1_permuted_src_datasets
958,354.509961794,1.0,1738646124.4135618,,0.22738786041736603,1.0,0.001,1,16,40x40,MatchingNetwork,5,5,Greek,Egyptian,False,10,4000,2,exp1_permuted_src_datasets
959,354.572842248,1.0,1738646124.4764876,,0.19727742671966553,1.0,0.001,1,16,40x40,MatchingNetwork,5,5,Greek,Egyptian,False,10,4000,2,exp1_permuted_src_datasets
960,354.633805614,1.0,1738646124.5374608,,0.23973359167575836,1.0,0.001,1,16,40x40,MatchingNetwork,5,5,Greek,Egyptian,False,10,4000,2,exp1_permuted_src_datasets
961,354.693629462,1.0,1738646124.5972638,,0.23803246021270752,1.0,0.001,1,16,40x40,MatchingNetwork,5,5,Greek,Egyptian,False,10,4000,2,exp1_permuted_src_datasets
962,354.739859549,1.0,1738646124.6435275,,0.2605898678302765,1.0,0.001,1,16,40x40,MatchingNetwork,5,5,Greek,Egyptian,False,10,4000,2,exp1_permuted_src_datasets
963,354.793560636,1.0,1738646124.6972208,,0.22878117859363556,1.0,0.001,1,16,40x40,MatchingNetwork,5,5,Greek,Egyptian,False,10,4000,2,exp1_permuted_src_datasets
964,354.877104437,1.0,1738646124.78076,,0.26551854610443115,1.0,0.001,1,16,40x40,MatchingNetwork,5,5,Greek,Egyptian,False,10,4000,2,exp1_permuted_src_datasets
965,354.924850418,1.0,1738646124.828509,,0.22613543272018433,1.0,0.001,1,16,40x40,MatchingNetwork,5,5,Greek,Egyptian,False,10,4000,2,exp1_permuted_src_datasets
966,354.969654157,1.0,1738646124.8733258,,0.23339661955833435,1.0,0.001,1,16,40x40,MatchingNetwork,5,5,Greek,Egyptian,False,10,4000,2,exp1_permuted_src_datasets
967,355.018581062,1.0,1738646124.922201,,0.20330505073070526,1.0,0.001,1,16,40x40,MatchingNetwork,5,5,Greek,Egyptian,False,10,4000,2,exp1_permuted_src_datasets
968,355.086905073,1.0,1738646124.9905531,,0.25731125473976135,1.0,0.001,1,16,40x40,MatchingNetwork,5,5,Greek,Egyptian,False,10,4000,2,exp1_permuted_src_datasets
969,355.139108046,1.0,1738646125.042779,,0.21910351514816284,1.0,0.001,1,16,40x40,MatchingNetwork,5,5,Greek,Egyptian,False,10,4000,2,exp1_permuted_src_datasets
970,355.193580425,1.0,1738646125.0972512,,0.2325485497713089,1.0,0.001,1,16,40x40,MatchingNetwork,5,5,Greek,Egyptian,False,10,4000,2,exp1_permuted_src_datasets
971,355.255593254,1.0,1738646125.1592474,,0.271287739276886,1.0,0.001,1,16,40x40,MatchingNetwork,5,5,Greek,Egyptian,False,10,4000,2,exp1_permuted_src_datasets
972,355.310598361,1.0,1738646125.214262,,0.22695082426071167,1.0,0.001,1,16,40x40,MatchingNetwork,5,5,Greek,Egyptian,False,10,4000,2,exp1_permuted_src_datasets
973,355.361665127,1.0,1738646125.2653232,,0.19649304449558258,1.0,0.001,1,16,40x40,MatchingNetwork,5,5,Greek,Egyptian,False,10,4000,2,exp1_permuted_src_datasets
974,355.434454506,1.0,1738646125.3380902,,0.25896191596984863,1.0,0.001,1,16,40x40,MatchingNetwork,5,5,Greek,Egyptian,False,10,4000,2,exp1_permuted_src_datasets
975,355.52394426,1.0,1738646125.4276087,,0.2400691658258438,1.0,0.001,1,16,40x40,MatchingNetwork,5,5,Greek,Egyptian,False,10,4000,2,exp1_permuted_src_datasets
976,355.593590636,1.0,1738646125.4972613,,0.23875847458839417,1.0,0.001,1,16,40x40,MatchingNetwork,5,5,Greek,Egyptian,False,10,4000,2,exp1_permuted_src_datasets
977,355.65160477,1.0,1738646125.5552585,,0.21236535906791687,1.0,0.001,1,16,40x40,MatchingNetwork,5,5,Greek,Egyptian,False,10,4000,2,exp1_permuted_src_datasets
978,355.72440348,1.0,1738646125.6280563,,0.2335101068019867,1.0,0.001,1,16,40x40,MatchingNetwork,5,5,Greek,Egyptian,False,10,4000,2,exp1_permuted_src_datasets
979,355.776199923,1.0,1738646125.6798692,,0.23179608583450317,1.0,0.001,1,16,40x40,MatchingNetwork,5,5,Greek,Egyptian,False,10,4000,2,exp1_permuted_src_datasets
980,355.858260794,1.0,1738646125.761837,,0.18053902685642242,1.0,0.001,1,16,40x40,MatchingNetwork,5,5,Greek,Egyptian,False,10,4000,2,exp1_permuted_src_datasets
981,355.90979254,1.0,1738646125.8134327,,0.2529517412185669,1.0,0.001,1,16,40x40,MatchingNetwork,5,5,Greek,Egyptian,False,10,4000,2,exp1_permuted_src_datasets
982,355.961571627,1.0,1738646125.8652287,,0.2641727924346924,1.0,0.001,1,16,40x40,MatchingNetwork,5,5,Greek,Egyptian,False,10,4000,2,exp1_permuted_src_datasets
983,356.027862052,1.0,1738646125.9315135,,0.2513045370578766,1.0,0.001,1,16,40x40,MatchingNetwork,5,5,Greek,Egyptian,False,10,4000,2,exp1_permuted_src_datasets
984,356.09508357,1.0,1738646125.9987462,,0.22895021736621857,1.0,0.001,1,16,40x40,MatchingNetwork,5,5,Greek,Egyptian,False,10,4000,2,exp1_permuted_src_datasets
985,356.182429621,1.0,1738646126.086077,,0.21489007771015167,1.0,0.001,1,16,40x40,MatchingNetwork,5,5,Greek,Egyptian,False,10,4000,2,exp1_permuted_src_datasets
986,356.228175161,1.0,1738646126.1318305,,0.2619742453098297,1.0,0.001,1,16,40x40,MatchingNetwork,5,5,Greek,Egyptian,False,10,4000,2,exp1_permuted_src_datasets
987,356.295800256,1.0,1738646126.1994603,,0.23996728658676147,1.0,0.001,1,16,40x40,MatchingNetwork,5,5,Greek,Egyptian,False,10,4000,2,exp1_permuted_src_datasets
988,356.345825888,1.0,1738646126.2495346,,0.22331328690052032,1.0,0.001,1,16,40x40,MatchingNetwork,5,5,Greek,Egyptian,False,10,4000,2,exp1_permuted_src_datasets
989,356.437115075,1.0,1738646126.3406374,,0.23337337374687195,1.0,0.001,1,16,40x40,MatchingNetwork,5,5,Greek,Egyptian,False,10,4000,2,exp1_permuted_src_datasets
990,356.512134934,1.0,1738646126.4157963,,0.20454071462154388,1.0,0.001,1,16,40x40,MatchingNetwork,5,5,Greek,Egyptian,False,10,4000,2,exp1_permuted_src_datasets
991,356.557582491,1.0,1738646126.4612603,,0.20677384734153748,1.0,0.001,1,16,40x40,MatchingNetwork,5,5,Greek,Egyptian,False,10,4000,2,exp1_permuted_src_datasets
992,356.60799774,1.0,1738646126.5116386,,0.2619227170944214,1.0,0.001,1,16,40x40,MatchingNetwork,5,5,Greek,Egyptian,False,10,4000,2,exp1_permuted_src_datasets
993,356.676267943,1.0,1738646126.5799289,,0.23524050414562225,1.0,0.001,1,16,40x40,MatchingNetwork,5,5,Greek,Egyptian,False,10,4000,2,exp1_permuted_src_datasets
994,356.741491887,1.0,1738646126.6451612,,0.21033112704753876,1.0,0.001,1,16,40x40,MatchingNetwork,5,5,Greek,Egyptian,False,10,4000,2,exp1_permuted_src_datasets
995,356.797457707,1.0,1738646126.7011623,,0.20525000989437103,1.0,0.001,1,16,40x40,MatchingNetwork,5,5,Greek,Egyptian,False,10,4000,2,exp1_permuted_src_datasets
996,356.844999385,1.0,1738646126.748678,,0.23818211257457733,1.0,0.001,1,16,40x40,MatchingNetwork,5,5,Greek,Egyptian,False,10,4000,2,exp1_permuted_src_datasets
997,356.911398851,1.0,1738646126.8150682,,0.26219308376312256,1.0,0.001,1,16,40x40,MatchingNetwork,5,5,Greek,Egyptian,False,10,4000,2,exp1_permuted_src_datasets
998,356.966442154,1.0,1738646126.8701065,,0.22793066501617432,1.0,0.001,1,16,40x40,MatchingNetwork,5,5,Greek,Egyptian,False,10,4000,2,exp1_permuted_src_datasets
999,357.020447106,1.0,1738646126.9241061,,0.2454976588487625,1.0,0.001,1,16,40x40,MatchingNetwork,5,5,Greek,Egyptian,False,10,4000,2,exp1_permuted_src_datasets
1000,357.082981356,1.0,1738646126.9866233,,0.23412789404392242,1.0,0.001,1,16,40x40,MatchingNetwork,5,5,Greek,Egyptian,False,10,4000,2,exp1_permuted_src_datasets
1001,357.14072438,1.0,1738646127.0444171,,0.23866333067417145,1.0,0.001,1,16,40x40,MatchingNetwork,5,5,Greek,Egyptian,False,10,4000,2,exp1_permuted_src_datasets
1002,357.189882566,1.0,1738646127.0935495,,0.21676704287528992,1.0,0.001,1,16,40x40,MatchingNetwork,5,5,Greek,Egyptian,False,10,4000,2,exp1_permuted_src_datasets
1003,357.23451844,1.0,1738646127.1381857,,0.23192960023880005,1.0,0.001,1,16,40x40,MatchingNetwork,5,5,Greek,Egyptian,False,10,4000,2,exp1_permuted_src_datasets
1004,357.27836521,1.0,1738646127.1819823,,0.20523998141288757,1.0,0.001,1,16,40x40,MatchingNetwork,5,5,Greek,Egyptian,False,10,4000,2,exp1_permuted_src_datasets
1005,357.328791922,1.0,1738646127.2324483,,0.22452370822429657,1.0,0.001,1,16,40x40,MatchingNetwork,5,5,Greek,Egyptian,False,10,4000,2,exp1_permuted_src_datasets
1006,357.412915808,1.0,1738646127.3165534,,0.21255746483802795,1.0,0.001,1,16,40x40,MatchingNetwork,5,5,Greek,Egyptian,False,10,4000,2,exp1_permuted_src_datasets
1007,357.4608555,1.0,1738646127.3645325,,0.18069320917129517,1.0,0.001,1,16,40x40,MatchingNetwork,5,5,Greek,Egyptian,False,10,4000,2,exp1_permuted_src_datasets
1008,357.542753397,1.0,1738646127.4463413,,0.21341472864151,1.0,0.001,1,16,40x40,MatchingNetwork,5,5,Greek,Egyptian,False,10,4000,2,exp1_permuted_src_datasets
1009,357.608003736,1.0,1738646127.5116482,,0.23441170156002045,1.0,0.001,1,16,40x40,MatchingNetwork,5,5,Greek,Egyptian,False,10,4000,2,exp1_permuted_src_datasets
1010,357.680605759,1.0,1738646127.584271,,0.19831295311450958,1.0,0.001,1,16,40x40,MatchingNetwork,5,5,Greek,Egyptian,False,10,4000,2,exp1_permuted_src_datasets
1011,374.737950262,1.0,1738646144.6417618,0.9495,,,0.001,1,16,40x40,MatchingNetwork,5,5,Greek,Egyptian,False,10,4000,2,exp1_permuted_src_datasets
1012,374.763051228,1.0,1738646144.6667454,,0.222662553191185,1.0,0.001,1,16,40x40,MatchingNetwork,5,5,Greek,Egyptian,False,10,4000,2,exp1_permuted_src_datasets
1013,374.808258045,1.0,1738646144.7119508,,0.1870354562997818,1.0,0.001,1,16,40x40,MatchingNetwork,5,5,Greek,Egyptian,False,10,4000,2,exp1_permuted_src_datasets
1014,374.862516015,1.0,1738646144.766163,,0.21646633744239807,1.0,0.001,1,16,40x40,MatchingNetwork,5,5,Greek,Egyptian,False,10,4000,2,exp1_permuted_src_datasets
1015,374.943388143,1.0,1738646144.8470597,,0.21052616834640503,1.0,0.001,1,16,40x40,MatchingNetwork,5,5,Greek,Egyptian,False,10,4000,2,exp1_permuted_src_datasets
1016,374.996381397,1.0,1738646144.9000392,,0.25424325466156006,1.0,0.001,1,16,40x40,MatchingNetwork,5,5,Greek,Egyptian,False,10,4000,2,exp1_permuted_src_datasets
1017,375.081463284,1.0,1738646144.9851265,,0.2098730057477951,1.0,0.001,1,16,40x40,MatchingNetwork,5,5,Greek,Egyptian,False,10,4000,2,exp1_permuted_src_datasets
1018,375.139188728,1.0,1738646145.0428543,,0.22242772579193115,1.0,0.001,1,16,40x40,MatchingNetwork,5,5,Greek,Egyptian,False,10,4000,2,exp1_permuted_src_datasets
1019,375.187264901,1.0,1738646145.090941,,0.20385432243347168,1.0,0.001,1,16,40x40,MatchingNetwork,5,5,Greek,Egyptian,False,10,4000,2,exp1_permuted_src_datasets
1020,375.251844201,1.0,1738646145.155523,,0.22015386819839478,1.0,0.001,1,16,40x40,MatchingNetwork,5,5,Greek,Egyptian,False,10,4000,2,exp1_permuted_src_datasets
1021,375.312145239,1.0,1738646145.2158124,,0.21673965454101562,1.0,0.001,1,16,40x40,MatchingNetwork,5,5,Greek,Egyptian,False,10,4000,2,exp1_permuted_src_datasets
1022,375.377329216,1.0,1738646145.280993,,0.24714887142181396,1.0,0.001,1,16,40x40,MatchingNetwork,5,5,Greek,Egyptian,False,10,4000,2,exp1_permuted_src_datasets
1023,375.431507168,1.0,1738646145.335169,,0.21487177908420563,1.0,0.001,1,16,40x40,MatchingNetwork,5,5,Greek,Egyptian,False,10,4000,2,exp1_permuted_src_datasets
1024,375.509763797,1.0,1738646145.413343,,0.18410617113113403,1.0,0.001,1,16,40x40,MatchingNetwork,5,5,Greek,Egyptian,False,10,4000,2,exp1_permuted_src_datasets
1025,375.57872976,1.0,1738646145.4823945,,0.21717365086078644,1.0,0.001,1,16,40x40,MatchingNetwork,5,5,Greek,Egyptian,False,10,4000,2,exp1_permuted_src_datasets
1026,375.624836609,1.0,1738646145.5284882,,0.21442969143390656,1.0,0.001,1,16,40x40,MatchingNetwork,5,5,Greek,Egyptian,False,10,4000,2,exp1_permuted_src_datasets
1027,375.670797368,1.0,1738646145.5744472,,0.22851933538913727,1.0,0.001,1,16,40x40,MatchingNetwork,5,5,Greek,Egyptian,False,10,4000,2,exp1_permuted_src_datasets
1028,375.718772708,1.0,1738646145.6224205,,0.20275269448757172,1.0,0.001,1,16,40x40,MatchingNetwork,5,5,Greek,Egyptian,False,10,4000,2,exp1_permuted_src_datasets
1029,375.765791422,1.0,1738646145.6695032,,0.2327212244272232,1.0,0.001,1,16,40x40,MatchingNetwork,5,5,Greek,Egyptian,False,10,4000,2,exp1_permuted_src_datasets
1030,375.81045042,1.0,1738646145.7141821,,0.21233274042606354,1.0,0.001,1,16,40x40,MatchingNetwork,5,5,Greek,Egyptian,False,10,4000,2,exp1_permuted_src_datasets
1031,375.861736112,1.0,1738646145.7653978,,0.20751695334911346,1.0,0.001,1,16,40x40,MatchingNetwork,5,5,Greek,Egyptian,False,10,4000,2,exp1_permuted_src_datasets
1032,375.94523124,1.0,1738646145.8488505,,0.20910173654556274,1.0,0.001,1,16,40x40,MatchingNetwork,5,5,Greek,Egyptian,False,10,4000,2,exp1_permuted_src_datasets
1033,376.000199207,1.0,1738646145.9038472,,0.23990005254745483,1.0,0.001,1,16,40x40,MatchingNetwork,5,5,Greek,Egyptian,False,10,4000,2,exp1_permuted_src_datasets
1034,376.068111956,1.0,1738646145.9717052,,0.24114635586738586,1.0,0.001,1,16,40x40,MatchingNetwork,5,5,Greek,Egyptian,False,10,4000,2,exp1_permuted_src_datasets
1035,376.141879297,1.0,1738646146.0455356,,0.21357350051403046,1.0,0.001,1,16,40x40,MatchingNetwork,5,5,Greek,Egyptian,False,10,4000,2,exp1_permuted_src_datasets
1036,376.21314251,1.0,1738646146.1168501,,0.21560651063919067,1.0,0.001,1,16,40x40,MatchingNetwork,5,5,Greek,Egyptian,False,10,4000,2,exp1_permuted_src_datasets
1037,376.260443156,1.0,1738646146.164121,,0.22937244176864624,1.0,0.001,1,16,40x40,MatchingNetwork,5,5,Greek,Egyptian,False,10,4000,2,exp1_permuted_src_datasets
1038,376.311025915,1.0,1738646146.2146788,,0.2168949544429779,1.0,0.001,1,16,40x40,MatchingNetwork,5,5,Greek,Egyptian,False,10,4000,2,exp1_permuted_src_datasets
1039,376.372974897,1.0,1738646146.276617,,0.19844529032707214,1.0,0.001,1,16,40x40,MatchingNetwork,5,5,Greek,Egyptian,False,10,4000,2,exp1_permuted_src_datasets
1040,376.438499403,1.0,1738646146.342166,,0.22578786313533783,1.0,0.001,1,16,40x40,MatchingNetwork,5,5,Greek,Egyptian,False,10,4000,2,exp1_permuted_src_datasets
1041,376.500259758,1.0,1738646146.4039216,,0.22300533950328827,1.0,0.001,1,16,40x40,MatchingNetwork,5,5,Greek,Egyptian,False,10,4000,2,exp1_permuted_src_datasets
1042,376.551732355,1.0,1738646146.4554036,,0.22883367538452148,1.0,0.001,1,16,40x40,MatchingNetwork,5,5,Greek,Egyptian,False,10,4000,2,exp1_permuted_src_datasets
1043,376.602024021,1.0,1738646146.5056994,,0.20813852548599243,1.0,0.001,1,16,40x40,MatchingNetwork,5,5,Greek,Egyptian,False,10,4000,2,exp1_permuted_src_datasets
1044,376.657724665,1.0,1738646146.561402,,0.2127460390329361,1.0,0.001,1,16,40x40,MatchingNetwork,5,5,Greek,Egyptian,False,10,4000,2,exp1_permuted_src_datasets
1045,376.716359228,1.0,1738646146.6200218,,0.24232369661331177,1.0,0.001,1,16,40x40,MatchingNetwork,5,5,Greek,Egyptian,False,10,4000,2,exp1_permuted_src_datasets
1046,376.766097689,1.0,1738646146.6697423,,0.22066748142242432,1.0,0.001,1,16,40x40,MatchingNetwork,5,5,Greek,Egyptian,False,10,4000,2,exp1_permuted_src_datasets
1047,376.809854793,1.0,1738646146.7135503,,0.224863201379776,1.0,0.001,1,16,40x40,MatchingNetwork,5,5,Greek,Egyptian,False,10,4000,2,exp1_permuted_src_datasets
1048,376.8550736,1.0,1738646146.7587461,,0.2411229908466339,1.0,0.001,1,16,40x40,MatchingNetwork,5,5,Greek,Egyptian,False,10,4000,2,exp1_permuted_src_datasets
1049,376.901744628,1.0,1738646146.8053868,,0.2092629075050354,1.0,0.001,1,16,40x40,MatchingNetwork,5,5,Greek,Egyptian,False,10,4000,2,exp1_permuted_src_datasets
1050,376.98218012,1.0,1738646146.8857677,,0.21800754964351654,1.0,0.001,1,16,40x40,MatchingNetwork,5,5,Greek,Egyptian,False,10,4000,2,exp1_permuted_src_datasets
1051,377.026960396,1.0,1738646146.9306185,,0.25641077756881714,1.0,0.001,1,16,40x40,MatchingNetwork,5,5,Greek,Egyptian,False,10,4000,2,exp1_permuted_src_datasets
1052,377.107772101,1.0,1738646147.011361,,0.22131504118442535,1.0,0.001,1,16,40x40,MatchingNetwork,5,5,Greek,Egyptian,False,10,4000,2,exp1_permuted_src_datasets
1053,377.155638932,1.0,1738646147.0592868,,0.2178199738264084,1.0,0.001,1,16,40x40,MatchingNetwork,5,5,Greek,Egyptian,False,10,4000,2,exp1_permuted_src_datasets
1054,377.2015891,1.0,1738646147.1052642,,0.2236316204071045,1.0,0.001,1,16,40x40,MatchingNetwork,5,5,Greek,Egyptian,False,10,4000,2,exp1_permuted_src_datasets
1055,377.279374505,1.0,1738646147.183028,,0.2346625179052353,1.0,0.001,1,16,40x40,MatchingNetwork,5,5,Greek,Egyptian,False,10,4000,2,exp1_permuted_src_datasets
1056,377.35730827,1.0,1738646147.2609088,,0.21014465391635895,1.0,0.001,1,16,40x40,MatchingNetwork,5,5,Greek,Egyptian,False,10,4000,2,exp1_permuted_src_datasets
1057,377.416576666,1.0,1738646147.320231,,0.2354705035686493,1.0,0.001,1,16,40x40,MatchingNetwork,5,5,Greek,Egyptian,False,10,4000,2,exp1_permuted_src_datasets
1058,377.513632054,1.0,1738646147.4172406,,0.23308704793453217,1.0,0.001,1,16,40x40,MatchingNetwork,5,5,Greek,Egyptian,False,10,4000,2,exp1_permuted_src_datasets
1059,377.596707179,1.0,1738646147.5003695,,0.2194458395242691,1.0,0.001,1,16,40x40,MatchingNetwork,5,5,Greek,Egyptian,False,10,4000,2,exp1_permuted_src_datasets
1060,377.6642682,1.0,1738646147.5679128,,0.22985178232192993,1.0,0.001,1,16,40x40,MatchingNetwork,5,5,Greek,Egyptian,False,10,4000,2,exp1_permuted_src_datasets
1061,377.712946517,1.0,1738646147.6165822,,0.2626877725124359,1.0,0.001,1,16,40x40,MatchingNetwork,5,5,Greek,Egyptian,False,10,4000,2,exp1_permuted_src_datasets
1062,377.766325553,1.0,1738646147.6699228,,0.23158638179302216,1.0,0.001,1,16,40x40,MatchingNetwork,5,5,Greek,Egyptian,False,10,4000,2,exp1_permuted_src_datasets
1063,377.814013794,1.0,1738646147.7176704,,0.21550260484218597,1.0,0.001,1,16,40x40,MatchingNetwork,5,5,Greek,Egyptian,False,10,4000,2,exp1_permuted_src_datasets
1064,377.882876648,1.0,1738646147.7865338,,0.24928684532642365,1.0,0.001,1,16,40x40,MatchingNetwork,5,5,Greek,Egyptian,False,10,4000,2,exp1_permuted_src_datasets
1065,377.927616778,1.0,1738646147.8312535,,0.2381058931350708,1.0,0.001,1,16,40x40,MatchingNetwork,5,5,Greek,Egyptian,False,10,4000,2,exp1_permuted_src_datasets
1066,378.011499316,1.0,1738646147.9151442,,0.21029074490070343,1.0,0.001,1,16,40x40,MatchingNetwork,5,5,Greek,Egyptian,False,10,4000,2,exp1_permuted_src_datasets
1067,378.087530707,1.0,1738646147.9911842,,0.1987059861421585,1.0,0.001,1,16,40x40,MatchingNetwork,5,5,Greek,Egyptian,False,10,4000,2,exp1_permuted_src_datasets
1068,378.166890932,1.0,1738646148.0705678,,0.24743860960006714,1.0,0.001,1,16,40x40,MatchingNetwork,5,5,Greek,Egyptian,False,10,4000,2,exp1_permuted_src_datasets
1069,378.231171288,1.0,1738646148.1348114,,0.1912672519683838,1.0,0.001,1,16,40x40,MatchingNetwork,5,5,Greek,Egyptian,False,10,4000,2,exp1_permuted_src_datasets
1070,378.2869171,1.0,1738646148.1905868,,0.20695972442626953,1.0,0.001,1,16,40x40,MatchingNetwork,5,5,Greek,Egyptian,False,10,4000,2,exp1_permuted_src_datasets
1071,378.340350835,1.0,1738646148.2439811,,0.23810245096683502,1.0,0.001,1,16,40x40,MatchingNetwork,5,5,Greek,Egyptian,False,10,4000,2,exp1_permuted_src_datasets
1072,378.3887418,1.0,1738646148.2923677,,0.1871354877948761,1.0,0.001,1,16,40x40,MatchingNetwork,5,5,Greek,Egyptian,False,10,4000,2,exp1_permuted_src_datasets
1073,378.452217036,1.0,1738646148.355839,,0.2017073631286621,1.0,0.001,1,16,40x40,MatchingNetwork,5,5,Greek,Egyptian,False,10,4000,2,exp1_permuted_src_datasets
1074,395.857013471,1.0,1738646165.760811,0.95075,,,0.001,1,16,40x40,MatchingNetwork,5,5,Greek,Egyptian,False,10,4000,2,exp1_permuted_src_datasets
1075,395.886760463,1.0,1738646165.790421,,0.20783855020999908,1.0,0.001,1,16,40x40,MatchingNetwork,5,5,Greek,Egyptian,False,10,4000,2,exp1_permuted_src_datasets
1076,395.986483031,1.0,1738646165.8901365,,0.20543019473552704,1.0,0.001,1,16,40x40,MatchingNetwork,5,5,Greek,Egyptian,False,10,4000,2,exp1_permuted_src_datasets
1077,396.06802639,1.0,1738646165.971683,,0.23473049700260162,1.0,0.001,1,16,40x40,MatchingNetwork,5,5,Greek,Egyptian,False,10,4000,2,exp1_permuted_src_datasets
1078,396.179979176,1.0,1738646166.0836365,,0.2029397040605545,1.0,0.001,1,16,40x40,MatchingNetwork,5,5,Greek,Egyptian,False,10,4000,2,exp1_permuted_src_datasets
1079,396.24425884,1.0,1738646166.1479156,,0.22342602908611298,1.0,0.001,1,16,40x40,MatchingNetwork,5,5,Greek,Egyptian,False,10,4000,2,exp1_permuted_src_datasets
1080,396.335679493,1.0,1738646166.239375,,0.20804888010025024,1.0,0.001,1,16,40x40,MatchingNetwork,5,5,Greek,Egyptian,False,10,4000,2,exp1_permuted_src_datasets
1081,396.41500171,1.0,1738646166.3186789,,0.2416314333677292,1.0,0.001,1,16,40x40,MatchingNetwork,5,5,Greek,Egyptian,False,10,4000,2,exp1_permuted_src_datasets
1082,396.468511631,1.0,1738646166.3721313,,0.20156963169574738,1.0,0.001,1,16,40x40,MatchingNetwork,5,5,Greek,Egyptian,False,10,4000,2,exp1_permuted_src_datasets
1083,396.545642428,1.0,1738646166.4492683,,0.22156216204166412,1.0,0.001,1,16,40x40,MatchingNetwork,5,5,Greek,Egyptian,False,10,4000,2,exp1_permuted_src_datasets
1084,396.620847434,1.0,1738646166.52451,,0.24344325065612793,1.0,0.001,1,16,40x40,MatchingNetwork,5,5,Greek,Egyptian,False,10,4000,2,exp1_permuted_src_datasets
1085,396.682746268,1.0,1738646166.586403,,0.22173380851745605,1.0,0.001,1,16,40x40,MatchingNetwork,5,5,Greek,Egyptian,False,10,4000,2,exp1_permuted_src_datasets
1086,396.729164361,1.0,1738646166.6328037,,0.27528074383735657,1.0,0.001,1,16,40x40,MatchingNetwork,5,5,Greek,Egyptian,False,10,4000,2,exp1_permuted_src_datasets
1087,396.777236252,1.0,1738646166.6808805,,0.22707340121269226,1.0,0.001,1,16,40x40,MatchingNetwork,5,5,Greek,Egyptian,False,10,4000,2,exp1_permuted_src_datasets
1088,396.830828556,1.0,1738646166.7344735,,0.19229979813098907,1.0,0.001,1,16,40x40,MatchingNetwork,5,5,Greek,Egyptian,False,10,4000,2,exp1_permuted_src_datasets
1089,396.876884709,1.0,1738646166.7805555,,0.23496468365192413,1.0,0.001,1,16,40x40,MatchingNetwork,5,5,Greek,Egyptian,False,10,4000,2,exp1_permuted_src_datasets
1090,396.923172835,1.0,1738646166.8268673,,0.22403152287006378,1.0,0.001,1,16,40x40,MatchingNetwork,5,5,Greek,Egyptian,False,10,4000,2,exp1_permuted_src_datasets
1091,397.005353721,1.0,1738646166.9089365,,0.23823797702789307,1.0,0.001,1,16,40x40,MatchingNetwork,5,5,Greek,Egyptian,False,10,4000,2,exp1_permuted_src_datasets
1092,397.063863765,1.0,1738646166.9675329,,0.23917806148529053,1.0,0.001,1,16,40x40,MatchingNetwork,5,5,Greek,Egyptian,False,10,4000,2,exp1_permuted_src_datasets
1093,397.113198202,1.0,1738646167.016862,,0.22517414391040802,1.0,0.001,1,16,40x40,MatchingNetwork,5,5,Greek,Egyptian,False,10,4000,2,exp1_permuted_src_datasets
1094,397.162370749,1.0,1738646167.0660353,,0.23051616549491882,1.0,0.001,1,16,40x40,MatchingNetwork,5,5,Greek,Egyptian,False,10,4000,2,exp1_permuted_src_datasets
1095,397.225582829,1.0,1738646167.1292243,,0.22306959331035614,1.0,0.001,1,16,40x40,MatchingNetwork,5,5,Greek,Egyptian,False,10,4000,2,exp1_permuted_src_datasets
1096,397.27068616,1.0,1738646167.1743586,,0.24047277867794037,1.0,0.001,1,16,40x40,MatchingNetwork,5,5,Greek,Egyptian,False,10,4000,2,exp1_permuted_src_datasets
1097,397.32441542,1.0,1738646167.2280774,,0.21967096626758575,1.0,0.001,1,16,40x40,MatchingNetwork,5,5,Greek,Egyptian,False,10,4000,2,exp1_permuted_src_datasets
1098,397.377402673,1.0,1738646167.2810564,,0.26013055443763733,1.0,0.001,1,16,40x40,MatchingNetwork,5,5,Greek,Egyptian,False,10,4000,2,exp1_permuted_src_datasets
1099,397.45939805,1.0,1738646167.3630612,,0.2194797247648239,1.0,0.001,1,16,40x40,MatchingNetwork,5,5,Greek,Egyptian,False,10,4000,2,exp1_permuted_src_datasets
1100,397.532111316,1.0,1738646167.4357717,,0.21301962435245514,1.0,0.001,1,16,40x40,MatchingNetwork,5,5,Greek,Egyptian,False,10,4000,2,exp1_permuted_src_datasets
1101,397.589022946,1.0,1738646167.4927053,,0.20466768741607666,1.0,0.001,1,16,40x40,MatchingNetwork,5,5,Greek,Egyptian,False,10,4000,2,exp1_permuted_src_datasets
1102,397.679776394,1.0,1738646167.5831926,,0.18567465245723724,1.0,0.001,1,16,40x40,MatchingNetwork,5,5,Greek,Egyptian,False,10,4000,2,exp1_permuted_src_datasets
1103,397.764671201,1.0,1738646167.6683288,,0.22790564596652985,1.0,0.001,1,16,40x40,MatchingNetwork,5,5,Greek,Egyptian,False,10,4000,2,exp1_permuted_src_datasets
1104,397.837304134,1.0,1738646167.7409585,,0.23396986722946167,1.0,0.001,1,16,40x40,MatchingNetwork,5,5,Greek,Egyptian,False,10,4000,2,exp1_permuted_src_datasets
1105,397.906608521,1.0,1738646167.8102634,,0.2428310364484787,1.0,0.001,1,16,40x40,MatchingNetwork,5,5,Greek,Egyptian,False,10,4000,2,exp1_permuted_src_datasets
1106,397.95153841,1.0,1738646167.8551967,,0.21981510519981384,1.0,0.001,1,16,40x40,MatchingNetwork,5,5,Greek,Egyptian,False,10,4000,2,exp1_permuted_src_datasets
1107,398.001812188,1.0,1738646167.9054806,,0.22083765268325806,1.0,0.001,1,16,40x40,MatchingNetwork,5,5,Greek,Egyptian,False,10,4000,2,exp1_permuted_src_datasets
1108,398.055778611,1.0,1738646167.9594374,,0.2587389051914215,1.0,0.001,1,16,40x40,MatchingNetwork,5,5,Greek,Egyptian,False,10,4000,2,exp1_permuted_src_datasets
1109,398.099771611,1.0,1738646168.003452,,0.22334744036197662,1.0,0.001,1,16,40x40,MatchingNetwork,5,5,Greek,Egyptian,False,10,4000,2,exp1_permuted_src_datasets
1110,398.145728454,1.0,1738646168.0493882,,0.22007253766059875,1.0,0.001,1,16,40x40,MatchingNetwork,5,5,Greek,Egyptian,False,10,4000,2,exp1_permuted_src_datasets
1111,398.189922613,1.0,1738646168.093598,,0.26073336601257324,1.0,0.001,1,16,40x40,MatchingNetwork,5,5,Greek,Egyptian,False,10,4000,2,exp1_permuted_src_datasets
1112,398.241664241,1.0,1738646168.145316,,0.2099977731704712,1.0,0.001,1,16,40x40,MatchingNetwork,5,5,Greek,Egyptian,False,10,4000,2,exp1_permuted_src_datasets
1113,398.293769857,1.0,1738646168.1974123,,0.2586311995983124,1.0,0.001,1,16,40x40,MatchingNetwork,5,5,Greek,Egyptian,False,10,4000,2,exp1_permuted_src_datasets
1114,398.340352521,1.0,1738646168.2440166,,0.2018122524023056,1.0,0.001,1,16,40x40,MatchingNetwork,5,5,Greek,Egyptian,False,10,4000,2,exp1_permuted_src_datasets
1115,398.392600619,1.0,1738646168.296236,,0.22704827785491943,1.0,0.001,1,16,40x40,MatchingNetwork,5,5,Greek,Egyptian,False,10,4000,2,exp1_permuted_src_datasets
1116,398.444283707,1.0,1738646168.3479674,,0.23297159373760223,1.0,0.001,1,16,40x40,MatchingNetwork,5,5,Greek,Egyptian,False,10,4000,2,exp1_permuted_src_datasets
1117,398.50002414,1.0,1738646168.4036927,,0.2504339814186096,1.0,0.001,1,16,40x40,MatchingNetwork,5,5,Greek,Egyptian,False,10,4000,2,exp1_permuted_src_datasets
1118,398.553657364,1.0,1738646168.4573061,,0.20961721241474152,1.0,0.001,1,16,40x40,MatchingNetwork,5,5,Greek,Egyptian,False,10,4000,2,exp1_permuted_src_datasets
1119,398.613530168,1.0,1738646168.5171986,,0.2234305590391159,1.0,0.001,1,16,40x40,MatchingNetwork,5,5,Greek,Egyptian,False,10,4000,2,exp1_permuted_src_datasets
1120,398.697707223,1.0,1738646168.601372,,0.2078021615743637,1.0,0.001,1,16,40x40,MatchingNetwork,5,5,Greek,Egyptian,False,10,4000,2,exp1_permuted_src_datasets
1121,398.779911778,1.0,1738646168.6835134,,0.20059077441692352,1.0,0.001,1,16,40x40,MatchingNetwork,5,5,Greek,Egyptian,False,10,4000,2,exp1_permuted_src_datasets
1122,398.856711644,1.0,1738646168.7603538,,0.21006594598293304,1.0,0.001,1,16,40x40,MatchingNetwork,5,5,Greek,Egyptian,False,10,4000,2,exp1_permuted_src_datasets
1123,398.907736731,1.0,1738646168.8113887,,0.20934000611305237,1.0,0.001,1,16,40x40,MatchingNetwork,5,5,Greek,Egyptian,False,10,4000,2,exp1_permuted_src_datasets
1124,398.970489065,1.0,1738646168.8741484,,0.2002914994955063,1.0,0.001,1,16,40x40,MatchingNetwork,5,5,Greek,Egyptian,False,10,4000,2,exp1_permuted_src_datasets
1125,399.024975851,1.0,1738646168.92868,,0.2057161182165146,1.0,0.001,1,16,40x40,MatchingNetwork,5,5,Greek,Egyptian,False,10,4000,2,exp1_permuted_src_datasets
1126,399.078375945,1.0,1738646168.982035,,0.18177953362464905,1.0,0.001,1,16,40x40,MatchingNetwork,5,5,Greek,Egyptian,False,10,4000,2,exp1_permuted_src_datasets
1127,399.146099343,1.0,1738646169.0497596,,0.22091908752918243,1.0,0.001,1,16,40x40,MatchingNetwork,5,5,Greek,Egyptian,False,10,4000,2,exp1_permuted_src_datasets
1128,399.220137406,1.0,1738646169.123796,,0.21313384175300598,1.0,0.001,1,16,40x40,MatchingNetwork,5,5,Greek,Egyptian,False,10,4000,2,exp1_permuted_src_datasets
1129,399.285411247,1.0,1738646169.189079,,0.20971167087554932,1.0,0.001,1,16,40x40,MatchingNetwork,5,5,Greek,Egyptian,False,10,4000,2,exp1_permuted_src_datasets
1130,399.343281194,1.0,1738646169.2469237,,0.21790799498558044,1.0,0.001,1,16,40x40,MatchingNetwork,5,5,Greek,Egyptian,False,10,4000,2,exp1_permuted_src_datasets
1131,399.42442723,1.0,1738646169.3280346,,0.19077646732330322,1.0,0.001,1,16,40x40,MatchingNetwork,5,5,Greek,Egyptian,False,10,4000,2,exp1_permuted_src_datasets
1132,399.468468369,1.0,1738646169.3721206,,0.2296963483095169,1.0,0.001,1,16,40x40,MatchingNetwork,5,5,Greek,Egyptian,False,10,4000,2,exp1_permuted_src_datasets
1133,399.519624241,1.0,1738646169.4232895,,0.20648422837257385,1.0,0.001,1,16,40x40,MatchingNetwork,5,5,Greek,Egyptian,False,10,4000,2,exp1_permuted_src_datasets
1134,399.60382584,1.0,1738646169.507409,,0.193459615111351,1.0,0.001,1,16,40x40,MatchingNetwork,5,5,Greek,Egyptian,False,10,4000,2,exp1_permuted_src_datasets
1135,399.660235027,1.0,1738646169.5638955,,0.2251783162355423,1.0,0.001,1,16,40x40,MatchingNetwork,5,5,Greek,Egyptian,False,10,4000,2,exp1_permuted_src_datasets
1136,399.704829164,1.0,1738646169.608512,,0.22032423317432404,1.0,0.001,1,16,40x40,MatchingNetwork,5,5,Greek,Egyptian,False,10,4000,2,exp1_permuted_src_datasets
1137,416.62578159,1.0,1738646186.529602,0.946,,,0.001,1,16,40x40,MatchingNetwork,5,5,Greek,Egyptian,False,10,4000,2,exp1_permuted_src_datasets
1138,416.651719043,1.0,1738646186.5554113,,0.23200306296348572,1.0,0.001,1,16,40x40,MatchingNetwork,5,5,Greek,Egyptian,False,10,4000,2,exp1_permuted_src_datasets
1139,416.698424502,1.0,1738646186.6020977,,0.2035829722881317,1.0,0.001,1,16,40x40,MatchingNetwork,5,5,Greek,Egyptian,False,10,4000,2,exp1_permuted_src_datasets
1140,416.780959608,1.0,1738646186.6846151,,0.22955775260925293,1.0,0.001,1,16,40x40,MatchingNetwork,5,5,Greek,Egyptian,False,10,4000,2,exp1_permuted_src_datasets
1141,416.887019513,1.0,1738646186.7905648,,0.18391284346580505,1.0,0.001,1,16,40x40,MatchingNetwork,5,5,Greek,Egyptian,False,10,4000,2,exp1_permuted_src_datasets
1142,416.941449152,1.0,1738646186.8451052,,0.2200007438659668,1.0,0.001,1,16,40x40,MatchingNetwork,5,5,Greek,Egyptian,False,10,4000,2,exp1_permuted_src_datasets
1143,416.987503729,1.0,1738646186.8912055,,0.1971387416124344,1.0,0.001,1,16,40x40,MatchingNetwork,5,5,Greek,Egyptian,False,10,4000,2,exp1_permuted_src_datasets
1144,417.037342798,1.0,1738646186.9410155,,0.24376648664474487,1.0,0.001,1,16,40x40,MatchingNetwork,5,5,Greek,Egyptian,False,10,4000,2,exp1_permuted_src_datasets
1145,417.096084513,1.0,1738646186.9997497,,0.21104702353477478,1.0,0.001,1,16,40x40,MatchingNetwork,5,5,Greek,Egyptian,False,10,4000,2,exp1_permuted_src_datasets
1146,417.156876314,1.0,1738646187.0605392,,0.2144898623228073,1.0,0.001,1,16,40x40,MatchingNetwork,5,5,Greek,Egyptian,False,10,4000,2,exp1_permuted_src_datasets
1147,417.201329728,1.0,1738646187.1049948,,0.26840493083000183,1.0,0.001,1,16,40x40,MatchingNetwork,5,5,Greek,Egyptian,False,10,4000,2,exp1_permuted_src_datasets
1148,417.246224525,1.0,1738646187.1499166,,0.234903946518898,1.0,0.001,1,16,40x40,MatchingNetwork,5,5,Greek,Egyptian,False,10,4000,2,exp1_permuted_src_datasets
1149,417.300959374,1.0,1738646187.2045774,,0.22564995288848877,1.0,0.001,1,16,40x40,MatchingNetwork,5,5,Greek,Egyptian,False,10,4000,2,exp1_permuted_src_datasets
1150,417.350830967,1.0,1738646187.2544951,,0.23349177837371826,1.0,0.001,1,16,40x40,MatchingNetwork,5,5,Greek,Egyptian,False,10,4000,2,exp1_permuted_src_datasets
1151,417.399316126,1.0,1738646187.302975,,0.19984351098537445,1.0,0.001,1,16,40x40,MatchingNetwork,5,5,Greek,Egyptian,False,10,4000,2,exp1_permuted_src_datasets
1152,417.495093525,1.0,1738646187.3987317,,0.25801464915275574,1.0,0.001,1,16,40x40,MatchingNetwork,5,5,Greek,Egyptian,False,10,4000,2,exp1_permuted_src_datasets
1153,417.595601374,1.0,1738646187.4992318,,0.2540871798992157,1.0,0.001,1,16,40x40,MatchingNetwork,5,5,Greek,Egyptian,False,10,4000,2,exp1_permuted_src_datasets
1154,417.643579624,1.0,1738646187.5472517,,0.23318436741828918,1.0,0.001,1,16,40x40,MatchingNetwork,5,5,Greek,Egyptian,False,10,4000,2,exp1_permuted_src_datasets
1155,417.697478787,1.0,1738646187.6011333,,0.20331032574176788,1.0,0.001,1,16,40x40,MatchingNetwork,5,5,Greek,Egyptian,False,10,4000,2,exp1_permuted_src_datasets
1156,417.772590224,1.0,1738646187.6762247,,0.22277595102787018,1.0,0.001,1,16,40x40,MatchingNetwork,5,5,Greek,Egyptian,False,10,4000,2,exp1_permuted_src_datasets
1157,417.837257507,1.0,1738646187.7408998,,0.21658675372600555,1.0,0.001,1,16,40x40,MatchingNetwork,5,5,Greek,Egyptian,False,10,4000,2,exp1_permuted_src_datasets
1158,417.925669834,1.0,1738646187.8293111,,0.25624728202819824,1.0,0.001,1,16,40x40,MatchingNetwork,5,5,Greek,Egyptian,False,10,4000,2,exp1_permuted_src_datasets
1159,417.991571707,1.0,1738646187.8952138,,0.21684585511684418,1.0,0.001,1,16,40x40,MatchingNetwork,5,5,Greek,Egyptian,False,10,4000,2,exp1_permuted_src_datasets
1160,418.047902784,1.0,1738646187.9515471,,0.24408875405788422,1.0,0.001,1,16,40x40,MatchingNetwork,5,5,Greek,Egyptian,False,10,4000,2,exp1_permuted_src_datasets
1161,418.133674906,1.0,1738646188.0371644,,0.2387641966342926,1.0,0.001,1,16,40x40,MatchingNetwork,5,5,Greek,Egyptian,False,10,4000,2,exp1_permuted_src_datasets
1162,418.2354775,1.0,1738646188.1391273,,0.19684557616710663,1.0,0.001,1,16,40x40,MatchingNetwork,5,5,Greek,Egyptian,False,10,4000,2,exp1_permuted_src_datasets
1163,418.297224792,1.0,1738646188.2008724,,0.22966532409191132,1.0,0.001,1,16,40x40,MatchingNetwork,5,5,Greek,Egyptian,False,10,4000,2,exp1_permuted_src_datasets
1164,418.351361192,1.0,1738646188.2550254,,0.1999003142118454,1.0,0.001,1,16,40x40,MatchingNetwork,5,5,Greek,Egyptian,False,10,4000,2,exp1_permuted_src_datasets
1165,418.400331848,1.0,1738646188.3039978,,0.234986811876297,1.0,0.001,1,16,40x40,MatchingNetwork,5,5,Greek,Egyptian,False,10,4000,2,exp1_permuted_src_datasets
1166,418.470031259,1.0,1738646188.37365,,0.19095876812934875,1.0,0.001,1,16,40x40,MatchingNetwork,5,5,Greek,Egyptian,False,10,4000,2,exp1_permuted_src_datasets
1167,418.514614045,1.0,1738646188.418285,,0.27932268381118774,1.0,0.001,1,16,40x40,MatchingNetwork,5,5,Greek,Egyptian,False,10,4000,2,exp1_permuted_src_datasets
1168,418.560649638,1.0,1738646188.4643471,,0.24148514866828918,1.0,0.001,1,16,40x40,MatchingNetwork,5,5,Greek,Egyptian,False,10,4000,2,exp1_permuted_src_datasets
1169,418.634467743,1.0,1738646188.53812,,0.24776433408260345,1.0,0.001,1,16,40x40,MatchingNetwork,5,5,Greek,Egyptian,False,10,4000,2,exp1_permuted_src_datasets
1170,418.685014085,1.0,1738646188.5886772,,0.26033905148506165,1.0,0.001,1,16,40x40,MatchingNetwork,5,5,Greek,Egyptian,False,10,4000,2,exp1_permuted_src_datasets
1171,418.742366785,1.0,1738646188.6460278,,0.2074456810951233,1.0,0.001,1,16,40x40,MatchingNetwork,5,5,Greek,Egyptian,False,10,4000,2,exp1_permuted_src_datasets
1172,418.797336386,1.0,1738646188.7009974,,0.25563812255859375,1.0,0.001,1,16,40x40,MatchingNetwork,5,5,Greek,Egyptian,False,10,4000,2,exp1_permuted_src_datasets
1173,418.848934118,1.0,1738646188.7525885,,0.19753888249397278,1.0,0.001,1,16,40x40,MatchingNetwork,5,5,Greek,Egyptian,False,10,4000,2,exp1_permuted_src_datasets
1174,418.902407546,1.0,1738646188.8060613,,0.20313331484794617,1.0,0.001,1,16,40x40,MatchingNetwork,5,5,Greek,Egyptian,False,10,4000,2,exp1_permuted_src_datasets
1175,418.950502174,1.0,1738646188.854177,,0.2036866992712021,1.0,0.001,1,16,40x40,MatchingNetwork,5,5,Greek,Egyptian,False,10,4000,2,exp1_permuted_src_datasets
1176,419.000338031,1.0,1738646188.9039867,,0.20099133253097534,1.0,0.001,1,16,40x40,MatchingNetwork,5,5,Greek,Egyptian,False,10,4000,2,exp1_permuted_src_datasets
1177,419.051661832,1.0,1738646188.955315,,0.22211606800556183,1.0,0.001,1,16,40x40,MatchingNetwork,5,5,Greek,Egyptian,False,10,4000,2,exp1_permuted_src_datasets
1178,419.101576879,1.0,1738646189.0052214,,0.18312077224254608,1.0,0.001,1,16,40x40,MatchingNetwork,5,5,Greek,Egyptian,False,10,4000,2,exp1_permuted_src_datasets
1179,419.146711143,1.0,1738646189.050376,,0.22567453980445862,1.0,0.001,1,16,40x40,MatchingNetwork,5,5,Greek,Egyptian,False,10,4000,2,exp1_permuted_src_datasets
1180,419.191803219,1.0,1738646189.0954518,,0.2166869342327118,1.0,0.001,1,16,40x40,MatchingNetwork,5,5,Greek,Egyptian,False,10,4000,2,exp1_permuted_src_datasets
1181,419.236875618,1.0,1738646189.1405547,,0.21686871349811554,1.0,0.001,1,16,40x40,MatchingNetwork,5,5,Greek,Egyptian,False,10,4000,2,exp1_permuted_src_datasets
1182,419.285631462,1.0,1738646189.1892934,,0.21120142936706543,1.0,0.001,1,16,40x40,MatchingNetwork,5,5,Greek,Egyptian,False,10,4000,2,exp1_permuted_src_datasets
1183,419.353728639,1.0,1738646189.2573879,,0.22598132491111755,1.0,0.001,1,16,40x40,MatchingNetwork,5,5,Greek,Egyptian,False,10,4000,2,exp1_permuted_src_datasets
1184,419.428192898,1.0,1738646189.3318603,,0.2128201127052307,1.0,0.001,1,16,40x40,MatchingNetwork,5,5,Greek,Egyptian,False,10,4000,2,exp1_permuted_src_datasets
1185,419.473054137,1.0,1738646189.3767486,,0.2236635982990265,1.0,0.001,1,16,40x40,MatchingNetwork,5,5,Greek,Egyptian,False,10,4000,2,exp1_permuted_src_datasets
1186,419.519290703,1.0,1738646189.422938,,0.21643732488155365,1.0,0.001,1,16,40x40,MatchingNetwork,5,5,Greek,Egyptian,False,10,4000,2,exp1_permuted_src_datasets
1187,419.604706296,1.0,1738646189.5083587,,0.25796306133270264,1.0,0.001,1,16,40x40,MatchingNetwork,5,5,Greek,Egyptian,False,10,4000,2,exp1_permuted_src_datasets
1188,419.686333928,1.0,1738646189.589902,,0.21604275703430176,1.0,0.001,1,16,40x40,MatchingNetwork,5,5,Greek,Egyptian,False,10,4000,2,exp1_permuted_src_datasets
1189,419.730962695,1.0,1738646189.6346018,,0.20031128823757172,1.0,0.001,1,16,40x40,MatchingNetwork,5,5,Greek,Egyptian,False,10,4000,2,exp1_permuted_src_datasets
1190,419.789626345,1.0,1738646189.693286,,0.23045597970485687,1.0,0.001,1,16,40x40,MatchingNetwork,5,5,Greek,Egyptian,False,10,4000,2,exp1_permuted_src_datasets
1191,419.843628136,1.0,1738646189.7472649,,0.19771167635917664,1.0,0.001,1,16,40x40,MatchingNetwork,5,5,Greek,Egyptian,False,10,4000,2,exp1_permuted_src_datasets
1192,419.92348591,1.0,1738646189.8271642,,0.20574542880058289,1.0,0.001,1,16,40x40,MatchingNetwork,5,5,Greek,Egyptian,False,10,4000,2,exp1_permuted_src_datasets
1193,419.991340019,1.0,1738646189.8949726,,0.2006436437368393,1.0,0.001,1,16,40x40,MatchingNetwork,5,5,Greek,Egyptian,False,10,4000,2,exp1_permuted_src_datasets
1194,420.049754048,1.0,1738646189.9534116,,0.2023412585258484,1.0,0.001,1,16,40x40,MatchingNetwork,5,5,Greek,Egyptian,False,10,4000,2,exp1_permuted_src_datasets
1195,420.096984438,1.0,1738646190.000681,,0.24756376445293427,1.0,0.001,1,16,40x40,MatchingNetwork,5,5,Greek,Egyptian,False,10,4000,2,exp1_permuted_src_datasets
1196,420.152525384,1.0,1738646190.056197,,0.21920636296272278,1.0,0.001,1,16,40x40,MatchingNetwork,5,5,Greek,Egyptian,False,10,4000,2,exp1_permuted_src_datasets
1197,420.237685535,1.0,1738646190.1413739,,0.25779804587364197,1.0,0.001,1,16,40x40,MatchingNetwork,5,5,Greek,Egyptian,False,10,4000,2,exp1_permuted_src_datasets
1198,420.293864616,1.0,1738646190.1975496,,0.20857754349708557,1.0,0.001,1,16,40x40,MatchingNetwork,5,5,Greek,Egyptian,False,10,4000,2,exp1_permuted_src_datasets
1199,420.350878184,1.0,1738646190.2545223,,0.2161741554737091,1.0,0.001,1,16,40x40,MatchingNetwork,5,5,Greek,Egyptian,False,10,4000,2,exp1_permuted_src_datasets
1200,437.370558541,1.0,1738646207.2743783,0.951,,,0.001,1,16,40x40,MatchingNetwork,5,5,Greek,Egyptian,False,10,4000,2,exp1_permuted_src_datasets
1201,437.396635483,1.0,1738646207.3003113,,0.23418807983398438,1.0,0.001,1,16,40x40,MatchingNetwork,5,5,Greek,Egyptian,False,10,4000,2,exp1_permuted_src_datasets
1202,437.461636496,1.0,1738646207.3653002,,0.24962368607521057,1.0,0.001,1,16,40x40,MatchingNetwork,5,5,Greek,Egyptian,False,10,4000,2,exp1_permuted_src_datasets
1203,437.52964815,1.0,1738646207.4332945,,0.22632180154323578,1.0,0.001,1,16,40x40,MatchingNetwork,5,5,Greek,Egyptian,False,10,4000,2,exp1_permuted_src_datasets
1204,437.590800583,1.0,1738646207.4944484,,0.2161845564842224,1.0,0.001,1,16,40x40,MatchingNetwork,5,5,Greek,Egyptian,False,10,4000,2,exp1_permuted_src_datasets
1205,437.636211244,1.0,1738646207.5398748,,0.2288946509361267,1.0,0.001,1,16,40x40,MatchingNetwork,5,5,Greek,Egyptian,False,10,4000,2,exp1_permuted_src_datasets
1206,437.749336555,1.0,1738646207.6529195,,0.22912737727165222,1.0,0.001,1,16,40x40,MatchingNetwork,5,5,Greek,Egyptian,False,10,4000,2,exp1_permuted_src_datasets
1207,437.819857298,1.0,1738646207.7235227,,0.20439085364341736,1.0,0.001,1,16,40x40,MatchingNetwork,5,5,Greek,Egyptian,False,10,4000,2,exp1_permuted_src_datasets
1208,437.894531091,1.0,1738646207.7981796,,0.2411339432001114,1.0,0.001,1,16,40x40,MatchingNetwork,5,5,Greek,Egyptian,False,10,4000,2,exp1_permuted_src_datasets
1209,437.945420799,1.0,1738646207.849068,,0.21248888969421387,1.0,0.001,1,16,40x40,MatchingNetwork,5,5,Greek,Egyptian,False,10,4000,2,exp1_permuted_src_datasets
1210,438.006512231,1.0,1738646207.9101796,,0.20928606390953064,1.0,0.001,1,16,40x40,MatchingNetwork,5,5,Greek,Egyptian,False,10,4000,2,exp1_permuted_src_datasets
1211,438.054226858,1.0,1738646207.9578838,,0.18860332667827606,1.0,0.001,1,16,40x40,MatchingNetwork,5,5,Greek,Egyptian,False,10,4000,2,exp1_permuted_src_datasets
1212,438.118477398,1.0,1738646208.0221334,,0.2388940453529358,1.0,0.001,1,16,40x40,MatchingNetwork,5,5,Greek,Egyptian,False,10,4000,2,exp1_permuted_src_datasets
1213,438.185967524,1.0,1738646208.089622,,0.2160140872001648,1.0,0.001,1,16,40x40,MatchingNetwork,5,5,Greek,Egyptian,False,10,4000,2,exp1_permuted_src_datasets
1214,438.252487657,1.0,1738646208.156133,,0.20496469736099243,1.0,0.001,1,16,40x40,MatchingNetwork,5,5,Greek,Egyptian,False,10,4000,2,exp1_permuted_src_datasets
1215,438.3422159,1.0,1738646208.2457833,,0.19502626359462738,1.0,0.001,1,16,40x40,MatchingNetwork,5,5,Greek,Egyptian,False,10,4000,2,exp1_permuted_src_datasets
1216,438.401495102,1.0,1738646208.3051236,,0.25836336612701416,1.0,0.001,1,16,40x40,MatchingNetwork,5,5,Greek,Egyptian,False,10,4000,2,exp1_permuted_src_datasets
1217,438.464983649,1.0,1738646208.3686335,,0.2329624742269516,1.0,0.001,1,16,40x40,MatchingNetwork,5,5,Greek,Egyptian,False,10,4000,2,exp1_permuted_src_datasets
1218,438.51510786,1.0,1738646208.4187694,,0.20821626484394073,1.0,0.001,1,16,40x40,MatchingNetwork,5,5,Greek,Egyptian,False,10,4000,2,exp1_permuted_src_datasets
1219,438.572102383,1.0,1738646208.4757547,,0.23352070152759552,1.0,0.001,1,16,40x40,MatchingNetwork,5,5,Greek,Egyptian,False,10,4000,2,exp1_permuted_src_datasets
1220,438.656586394,1.0,1738646208.5602188,,0.21118216216564178,1.0,0.001,1,16,40x40,MatchingNetwork,5,5,Greek,Egyptian,False,10,4000,2,exp1_permuted_src_datasets
1221,438.71301993,1.0,1738646208.6166825,,0.23731260001659393,1.0,0.001,1,16,40x40,MatchingNetwork,5,5,Greek,Egyptian,False,10,4000,2,exp1_permuted_src_datasets
1222,438.795714892,1.0,1738646208.6992981,,0.24674923717975616,1.0,0.001,1,16,40x40,MatchingNetwork,5,5,Greek,Egyptian,False,10,4000,2,exp1_permuted_src_datasets
1223,438.85152588,1.0,1738646208.7551563,,0.22015273571014404,1.0,0.001,1,16,40x40,MatchingNetwork,5,5,Greek,Egyptian,False,10,4000,2,exp1_permuted_src_datasets
1224,438.917891553,1.0,1738646208.821533,,0.19995972514152527,1.0,0.001,1,16,40x40,MatchingNetwork,5,5,Greek,Egyptian,False,10,4000,2,exp1_permuted_src_datasets
1225,438.976227805,1.0,1738646208.8798704,,0.20466133952140808,1.0,0.001,1,16,40x40,MatchingNetwork,5,5,Greek,Egyptian,False,10,4000,2,exp1_permuted_src_datasets
1226,439.033310778,1.0,1738646208.9369667,,0.3073822855949402,1.0,0.001,1,16,40x40,MatchingNetwork,5,5,Greek,Egyptian,False,10,4000,2,exp1_permuted_src_datasets
1227,439.080729525,1.0,1738646208.9843645,,0.18529775738716125,1.0,0.001,1,16,40x40,MatchingNetwork,5,5,Greek,Egyptian,False,10,4000,2,exp1_permuted_src_datasets
1228,439.18574241,1.0,1738646209.0893779,,0.2102547585964203,1.0,0.001,1,16,40x40,MatchingNetwork,5,5,Greek,Egyptian,False,10,4000,2,exp1_permuted_src_datasets
1229,439.243459401,1.0,1738646209.1471143,,0.2500380873680115,1.0,0.001,1,16,40x40,MatchingNetwork,5,5,Greek,Egyptian,False,10,4000,2,exp1_permuted_src_datasets
1230,439.299943309,1.0,1738646209.2036102,,0.21008135378360748,1.0,0.001,1,16,40x40,MatchingNetwork,5,5,Greek,Egyptian,False,10,4000,2,exp1_permuted_src_datasets
1231,439.351874421,1.0,1738646209.2555158,,0.2164682149887085,1.0,0.001,1,16,40x40,MatchingNetwork,5,5,Greek,Egyptian,False,10,4000,2,exp1_permuted_src_datasets
1232,439.398999865,1.0,1738646209.30266,,0.2021489143371582,1.0,0.001,1,16,40x40,MatchingNetwork,5,5,Greek,Egyptian,False,10,4000,2,exp1_permuted_src_datasets
1233,439.459885362,1.0,1738646209.3635461,,0.20695899426937103,1.0,0.001,1,16,40x40,MatchingNetwork,5,5,Greek,Egyptian,False,10,4000,2,exp1_permuted_src_datasets
1234,439.508814363,1.0,1738646209.4124706,,0.24843919277191162,1.0,0.001,1,16,40x40,MatchingNetwork,5,5,Greek,Egyptian,False,10,4000,2,exp1_permuted_src_datasets
1235,439.55631174,1.0,1738646209.4599788,,0.20255567133426666,1.0,0.001,1,16,40x40,MatchingNetwork,5,5,Greek,Egyptian,False,10,4000,2,exp1_permuted_src_datasets
1236,439.630620395,1.0,1738646209.5342972,,0.23022915422916412,1.0,0.001,1,16,40x40,MatchingNetwork,5,5,Greek,Egyptian,False,10,4000,2,exp1_permuted_src_datasets
1237,439.675984857,1.0,1738646209.5796664,,0.21306025981903076,1.0,0.001,1,16,40x40,MatchingNetwork,5,5,Greek,Egyptian,False,10,4000,2,exp1_permuted_src_datasets
1238,439.743496314,1.0,1738646209.6471508,,0.22768111526966095,1.0,0.001,1,16,40x40,MatchingNetwork,5,5,Greek,Egyptian,False,10,4000,2,exp1_permuted_src_datasets
1239,439.828453727,1.0,1738646209.7320423,,0.21219921112060547,1.0,0.001,1,16,40x40,MatchingNetwork,5,5,Greek,Egyptian,False,10,4000,2,exp1_permuted_src_datasets
1240,439.884173931,1.0,1738646209.7878392,,0.20943139493465424,1.0,0.001,1,16,40x40,MatchingNetwork,5,5,Greek,Egyptian,False,10,4000,2,exp1_permuted_src_datasets
1241,439.937064097,1.0,1738646209.8407369,,0.21319517493247986,1.0,0.001,1,16,40x40,MatchingNetwork,5,5,Greek,Egyptian,False,10,4000,2,exp1_permuted_src_datasets
1242,440.020800326,1.0,1738646209.9244668,,0.19375836849212646,1.0,0.001,1,16,40x40,MatchingNetwork,5,5,Greek,Egyptian,False,10,4000,2,exp1_permuted_src_datasets
1243,440.106704194,1.0,1738646210.0103827,,0.1917508989572525,1.0,0.001,1,16,40x40,MatchingNetwork,5,5,Greek,Egyptian,False,10,4000,2,exp1_permuted_src_datasets
1244,440.183040745,1.0,1738646210.0867352,,0.21979311108589172,1.0,0.001,1,16,40x40,MatchingNetwork,5,5,Greek,Egyptian,False,10,4000,2,exp1_permuted_src_datasets
1245,440.242690047,1.0,1738646210.1463482,,0.206606924533844,1.0,0.001,1,16,40x40,MatchingNetwork,5,5,Greek,Egyptian,False,10,4000,2,exp1_permuted_src_datasets
1246,440.305814768,1.0,1738646210.2094605,,0.26131609082221985,1.0,0.001,1,16,40x40,MatchingNetwork,5,5,Greek,Egyptian,False,10,4000,2,exp1_permuted_src_datasets
1247,440.360266739,1.0,1738646210.2639277,,0.22090017795562744,1.0,0.001,1,16,40x40,MatchingNetwork,5,5,Greek,Egyptian,False,10,4000,2,exp1_permuted_src_datasets
1248,440.409042674,1.0,1738646210.3127222,,0.25134652853012085,1.0,0.001,1,16,40x40,MatchingNetwork,5,5,Greek,Egyptian,False,10,4000,2,exp1_permuted_src_datasets
1249,440.474200908,1.0,1738646210.3778691,,0.191076397895813,1.0,0.001,1,16,40x40,MatchingNetwork,5,5,Greek,Egyptian,False,10,4000,2,exp1_permuted_src_datasets
1250,440.542666661,1.0,1738646210.4463546,,0.22274699807167053,1.0,0.001,1,16,40x40,MatchingNetwork,5,5,Greek,Egyptian,False,10,4000,2,exp1_permuted_src_datasets
1251,440.603583122,1.0,1738646210.4899304,,0.2160949558019638,1.0,0.001,1,16,40x40,MatchingNetwork,5,5,Greek,Egyptian,False,10,4000,2,exp1_permuted_src_datasets
1252,440.630194648,1.0,1738646210.5338697,,0.23351116478443146,1.0,0.001,1,16,40x40,MatchingNetwork,5,5,Greek,Egyptian,False,10,4000,2,exp1_permuted_src_datasets
1253,440.687146648,1.0,1738646210.5908039,,0.20952533185482025,1.0,0.001,1,16,40x40,MatchingNetwork,5,5,Greek,Egyptian,False,10,4000,2,exp1_permuted_src_datasets
1254,440.740961273,1.0,1738646210.6446187,,0.1978006660938263,1.0,0.001,1,16,40x40,MatchingNetwork,5,5,Greek,Egyptian,False,10,4000,2,exp1_permuted_src_datasets
1255,440.805175934,1.0,1738646210.7088714,,0.24787896871566772,1.0,0.001,1,16,40x40,MatchingNetwork,5,5,Greek,Egyptian,False,10,4000,2,exp1_permuted_src_datasets
1256,440.850648165,1.0,1738646210.754327,,0.17617453634738922,1.0,0.001,1,16,40x40,MatchingNetwork,5,5,Greek,Egyptian,False,10,4000,2,exp1_permuted_src_datasets
1257,440.92256386,1.0,1738646210.8262167,,0.1878899186849594,1.0,0.001,1,16,40x40,MatchingNetwork,5,5,Greek,Egyptian,False,10,4000,2,exp1_permuted_src_datasets
1258,440.978716852,1.0,1738646210.8823845,,0.2386023998260498,1.0,0.001,1,16,40x40,MatchingNetwork,5,5,Greek,Egyptian,False,10,4000,2,exp1_permuted_src_datasets
1259,441.026033626,1.0,1738646210.9296925,,0.2201230823993683,1.0,0.001,1,16,40x40,MatchingNetwork,5,5,Greek,Egyptian,False,10,4000,2,exp1_permuted_src_datasets
1260,441.093665269,1.0,1738646210.997325,,0.22415782511234283,1.0,0.001,1,16,40x40,MatchingNetwork,5,5,Greek,Egyptian,False,10,4000,2,exp1_permuted_src_datasets
1261,441.174614198,1.0,1738646211.078268,,0.22022633254528046,1.0,0.001,1,16,40x40,MatchingNetwork,5,5,Greek,Egyptian,False,10,4000,2,exp1_permuted_src_datasets
1262,441.220003317,1.0,1738646211.1236875,,0.22791461646556854,1.0,0.001,1,16,40x40,MatchingNetwork,5,5,Greek,Egyptian,False,10,4000,2,exp1_permuted_src_datasets
1263,458.222781461,1.0,1738646228.1266046,0.951,,,0.001,1,16,40x40,MatchingNetwork,5,5,Greek,Egyptian,False,10,4000,2,exp1_permuted_src_datasets
