_step,_runtime,bootstrap_iter,_timestamp,ft_eval_acc,ft_loss,ft_acc,lr,epochs,batch_size,input_size,model_type,n_way_test,n_way_train,tgt_dataset,src_datasets,fixed_support,samples_per_class,num_total_episodes,num_bootstrap_iters,exp_name
0,7.24412481,0.0,1738575926.5538526,,,,0.001,1,16,40x40,PrototypicalNetwork,5,5,Greek,Egyptian,False,1,4000,2,exp1_permuted_src_datasets
1,343.273547149,0.0,1738576262.5406485,0.7125499985218048,,,0.001,1,16,40x40,PrototypicalNetwork,5,5,Greek,Egyptian,False,1,4000,2,exp1_permuted_src_datasets
2,343.273602152,0.0,1738576262.5737267,,8.314832484757062e-07,1.0,0.001,1,16,40x40,PrototypicalNetwork,5,5,Greek,Egyptian,False,1,4000,2,exp1_permuted_src_datasets
3,343.436587925,0.0,1738576262.746245,,0.0,1.0,0.001,1,16,40x40,PrototypicalNetwork,5,5,Greek,Egyptian,False,1,4000,2,exp1_permuted_src_datasets
4,343.478217728,0.0,1738576262.787955,,0.0,1.0,0.001,1,16,40x40,PrototypicalNetwork,5,5,Greek,Egyptian,False,1,4000,2,exp1_permuted_src_datasets
5,343.515428431,0.0,1738576262.8251183,,0.0,1.0,0.001,1,16,40x40,PrototypicalNetwork,5,5,Greek,Egyptian,False,1,4000,2,exp1_permuted_src_datasets
6,343.547419435,0.0,1738576262.8571968,,0.0,1.0,0.001,1,16,40x40,PrototypicalNetwork,5,5,Greek,Egyptian,False,1,4000,2,exp1_permuted_src_datasets
7,343.585278908,0.0,1738576262.8949766,,0.0,1.0,0.001,1,16,40x40,PrototypicalNetwork,5,5,Greek,Egyptian,False,1,4000,2,exp1_permuted_src_datasets
8,343.637140242,0.0,1738576262.9467914,,0.0,1.0,0.001,1,16,40x40,PrototypicalNetwork,5,5,Greek,Egyptian,False,1,4000,2,exp1_permuted_src_datasets
9,343.682347438,0.0,1738576262.9919896,,0.0,1.0,0.001,1,16,40x40,PrototypicalNetwork,5,5,Greek,Egyptian,False,1,4000,2,exp1_permuted_src_datasets
10,343.723797626,0.0,1738576263.033562,,0.0,1.0,0.001,1,16,40x40,PrototypicalNetwork,5,5,Greek,Egyptian,False,1,4000,2,exp1_permuted_src_datasets
11,343.756011734,0.0,1738576263.0657685,,0.0,1.0,0.001,1,16,40x40,PrototypicalNetwork,5,5,Greek,Egyptian,False,1,4000,2,exp1_permuted_src_datasets
12,343.779683726,0.0,1738576263.0894678,,0.0,1.0,0.001,1,16,40x40,PrototypicalNetwork,5,5,Greek,Egyptian,False,1,4000,2,exp1_permuted_src_datasets
13,343.818805932,0.0,1738576263.128563,,0.0,1.0,0.001,1,16,40x40,PrototypicalNetwork,5,5,Greek,Egyptian,False,1,4000,2,exp1_permuted_src_datasets
14,343.862732259,0.0,1738576263.1723516,,0.0,1.0,0.001,1,16,40x40,PrototypicalNetwork,5,5,Greek,Egyptian,False,1,4000,2,exp1_permuted_src_datasets
15,343.902486372,0.0,1738576263.2121701,,0.0,1.0,0.001,1,16,40x40,PrototypicalNetwork,5,5,Greek,Egyptian,False,1,4000,2,exp1_permuted_src_datasets
16,343.955299437,0.0,1738576263.2649636,,0.0,1.0,0.001,1,16,40x40,PrototypicalNetwork,5,5,Greek,Egyptian,False,1,4000,2,exp1_permuted_src_datasets
17,343.993104511,0.0,1738576263.302804,,0.0,1.0,0.001,1,16,40x40,PrototypicalNetwork,5,5,Greek,Egyptian,False,1,4000,2,exp1_permuted_src_datasets
18,344.032219993,0.0,1738576263.3418987,,0.0,1.0,0.001,1,16,40x40,PrototypicalNetwork,5,5,Greek,Egyptian,False,1,4000,2,exp1_permuted_src_datasets
19,344.074805467,0.0,1738576263.3845248,,0.0,1.0,0.001,1,16,40x40,PrototypicalNetwork,5,5,Greek,Egyptian,False,1,4000,2,exp1_permuted_src_datasets
20,344.100592496,0.0,1738576263.4103498,,0.0,1.0,0.001,1,16,40x40,PrototypicalNetwork,5,5,Greek,Egyptian,False,1,4000,2,exp1_permuted_src_datasets
21,344.120133445,0.0,1738576263.4299133,,0.0,1.0,0.001,1,16,40x40,PrototypicalNetwork,5,5,Greek,Egyptian,False,1,4000,2,exp1_permuted_src_datasets
22,344.155641077,0.0,1738576263.4653702,,0.0,1.0,0.001,1,16,40x40,PrototypicalNetwork,5,5,Greek,Egyptian,False,1,4000,2,exp1_permuted_src_datasets
23,344.18096303,0.0,1738576263.490697,,0.0,1.0,0.001,1,16,40x40,PrototypicalNetwork,5,5,Greek,Egyptian,False,1,4000,2,exp1_permuted_src_datasets
24,344.225094024,0.0,1738576263.5347614,,0.0,1.0,0.001,1,16,40x40,PrototypicalNetwork,5,5,Greek,Egyptian,False,1,4000,2,exp1_permuted_src_datasets
25,344.262881113,0.0,1738576263.5726266,,0.0,1.0,0.001,1,16,40x40,PrototypicalNetwork,5,5,Greek,Egyptian,False,1,4000,2,exp1_permuted_src_datasets
26,344.290034915,0.0,1738576263.5997946,,0.0,1.0,0.001,1,16,40x40,PrototypicalNetwork,5,5,Greek,Egyptian,False,1,4000,2,exp1_permuted_src_datasets
27,344.314344149,0.0,1738576263.6240594,,0.0,1.0,0.001,1,16,40x40,PrototypicalNetwork,5,5,Greek,Egyptian,False,1,4000,2,exp1_permuted_src_datasets
28,344.346879734,0.0,1738576263.6565437,,0.0,1.0,0.001,1,16,40x40,PrototypicalNetwork,5,5,Greek,Egyptian,False,1,4000,2,exp1_permuted_src_datasets
29,344.396204762,0.0,1738576263.705914,,0.0,1.0,0.001,1,16,40x40,PrototypicalNetwork,5,5,Greek,Egyptian,False,1,4000,2,exp1_permuted_src_datasets
30,344.431763508,0.0,1738576263.7414188,,0.0,1.0,0.001,1,16,40x40,PrototypicalNetwork,5,5,Greek,Egyptian,False,1,4000,2,exp1_permuted_src_datasets
31,344.477503447,0.0,1738576263.787122,,0.0,1.0,0.001,1,16,40x40,PrototypicalNetwork,5,5,Greek,Egyptian,False,1,4000,2,exp1_permuted_src_datasets
32,344.518368873,0.0,1738576263.8280864,,0.0,1.0,0.001,1,16,40x40,PrototypicalNetwork,5,5,Greek,Egyptian,False,1,4000,2,exp1_permuted_src_datasets
33,344.560610412,0.0,1738576263.8702803,,0.0,1.0,0.001,1,16,40x40,PrototypicalNetwork,5,5,Greek,Egyptian,False,1,4000,2,exp1_permuted_src_datasets
34,344.594216633,0.0,1738576263.9038932,,0.0,1.0,0.001,1,16,40x40,PrototypicalNetwork,5,5,Greek,Egyptian,False,1,4000,2,exp1_permuted_src_datasets
35,344.625928254,0.0,1738576263.935712,,0.0,1.0,0.001,1,16,40x40,PrototypicalNetwork,5,5,Greek,Egyptian,False,1,4000,2,exp1_permuted_src_datasets
36,344.654653891,0.0,1738576263.9643435,,0.0,1.0,0.001,1,16,40x40,PrototypicalNetwork,5,5,Greek,Egyptian,False,1,4000,2,exp1_permuted_src_datasets
37,344.694610489,0.0,1738576264.004347,,0.0,1.0,0.001,1,16,40x40,PrototypicalNetwork,5,5,Greek,Egyptian,False,1,4000,2,exp1_permuted_src_datasets
38,344.732095348,0.0,1738576264.041816,,0.0,1.0,0.001,1,16,40x40,PrototypicalNetwork,5,5,Greek,Egyptian,False,1,4000,2,exp1_permuted_src_datasets
39,344.753626843,0.0,1738576264.0633833,,0.0,1.0,0.001,1,16,40x40,PrototypicalNetwork,5,5,Greek,Egyptian,False,1,4000,2,exp1_permuted_src_datasets
40,344.773025207,0.0,1738576264.0828183,,0.0,1.0,0.001,1,16,40x40,PrototypicalNetwork,5,5,Greek,Egyptian,False,1,4000,2,exp1_permuted_src_datasets
41,344.792598806,0.0,1738576264.1023943,,0.0,1.0,0.001,1,16,40x40,PrototypicalNetwork,5,5,Greek,Egyptian,False,1,4000,2,exp1_permuted_src_datasets
42,344.814215709,0.0,1738576264.123986,,0.0,1.0,0.001,1,16,40x40,PrototypicalNetwork,5,5,Greek,Egyptian,False,1,4000,2,exp1_permuted_src_datasets
43,344.855763307,0.0,1738576264.1654978,,0.0,1.0,0.001,1,16,40x40,PrototypicalNetwork,5,5,Greek,Egyptian,False,1,4000,2,exp1_permuted_src_datasets
44,344.899527719,0.0,1738576264.2091901,,0.0,1.0,0.001,1,16,40x40,PrototypicalNetwork,5,5,Greek,Egyptian,False,1,4000,2,exp1_permuted_src_datasets
45,344.942004359,0.0,1738576264.2516372,,0.0,1.0,0.001,1,16,40x40,PrototypicalNetwork,5,5,Greek,Egyptian,False,1,4000,2,exp1_permuted_src_datasets
46,344.985919327,0.0,1738576264.2955778,,0.0,1.0,0.001,1,16,40x40,PrototypicalNetwork,5,5,Greek,Egyptian,False,1,4000,2,exp1_permuted_src_datasets
47,345.035484081,0.0,1738576264.3451395,,0.0,1.0,0.001,1,16,40x40,PrototypicalNetwork,5,5,Greek,Egyptian,False,1,4000,2,exp1_permuted_src_datasets
48,345.068386942,0.0,1738576264.3781266,,0.0,1.0,0.001,1,16,40x40,PrototypicalNetwork,5,5,Greek,Egyptian,False,1,4000,2,exp1_permuted_src_datasets
49,345.098684471,0.0,1738576264.4084198,,0.0,1.0,0.001,1,16,40x40,PrototypicalNetwork,5,5,Greek,Egyptian,False,1,4000,2,exp1_permuted_src_datasets
50,345.143439724,0.0,1738576264.4531536,,0.0,1.0,0.001,1,16,40x40,PrototypicalNetwork,5,5,Greek,Egyptian,False,1,4000,2,exp1_permuted_src_datasets
51,345.181820336,0.0,1738576264.4915392,,0.0,1.0,0.001,1,16,40x40,PrototypicalNetwork,5,5,Greek,Egyptian,False,1,4000,2,exp1_permuted_src_datasets
52,345.22788858,0.0,1738576264.5375466,,0.0,1.0,0.001,1,16,40x40,PrototypicalNetwork,5,5,Greek,Egyptian,False,1,4000,2,exp1_permuted_src_datasets
53,345.257184791,0.0,1738576264.566884,,0.0,1.0,0.001,1,16,40x40,PrototypicalNetwork,5,5,Greek,Egyptian,False,1,4000,2,exp1_permuted_src_datasets
54,345.298134219,0.0,1738576264.6078424,,0.0,1.0,0.001,1,16,40x40,PrototypicalNetwork,5,5,Greek,Egyptian,False,1,4000,2,exp1_permuted_src_datasets
55,345.334253845,0.0,1738576264.6439936,,0.0,1.0,0.001,1,16,40x40,PrototypicalNetwork,5,5,Greek,Egyptian,False,1,4000,2,exp1_permuted_src_datasets
56,345.376202309,0.0,1738576264.6859589,,0.0,1.0,0.001,1,16,40x40,PrototypicalNetwork,5,5,Greek,Egyptian,False,1,4000,2,exp1_permuted_src_datasets
57,345.433779095,0.0,1738576264.7434757,,0.0,1.0,0.001,1,16,40x40,PrototypicalNetwork,5,5,Greek,Egyptian,False,1,4000,2,exp1_permuted_src_datasets
58,345.479969134,0.0,1738576264.7896757,,0.0,1.0,0.001,1,16,40x40,PrototypicalNetwork,5,5,Greek,Egyptian,False,1,4000,2,exp1_permuted_src_datasets
59,345.520958499,0.0,1738576264.8307052,,0.0,1.0,0.001,1,16,40x40,PrototypicalNetwork,5,5,Greek,Egyptian,False,1,4000,2,exp1_permuted_src_datasets
60,345.552978107,0.0,1738576264.86272,,0.0,1.0,0.001,1,16,40x40,PrototypicalNetwork,5,5,Greek,Egyptian,False,1,4000,2,exp1_permuted_src_datasets
61,345.606444302,0.0,1738576264.9161117,,0.0,1.0,0.001,1,16,40x40,PrototypicalNetwork,5,5,Greek,Egyptian,False,1,4000,2,exp1_permuted_src_datasets
62,345.638840524,0.0,1738576264.948619,,0.0,1.0,0.001,1,16,40x40,PrototypicalNetwork,5,5,Greek,Egyptian,False,1,4000,2,exp1_permuted_src_datasets
63,345.677415522,0.0,1738576264.9870813,,0.0,1.0,0.001,1,16,40x40,PrototypicalNetwork,5,5,Greek,Egyptian,False,1,4000,2,exp1_permuted_src_datasets
64,692.837532872,0.0,1738576612.108111,0.7574500005245208,,,0.001,1,16,40x40,PrototypicalNetwork,5,5,Greek,Egyptian,False,1,4000,2,exp1_permuted_src_datasets
65,692.837583543,0.0,1738576612.1366954,,0.0,1.0,0.001,1,16,40x40,PrototypicalNetwork,5,5,Greek,Egyptian,False,1,4000,2,exp1_permuted_src_datasets
66,692.860823076,0.0,1738576612.1705976,,0.0,1.0,0.001,1,16,40x40,PrototypicalNetwork,5,5,Greek,Egyptian,False,1,4000,2,exp1_permuted_src_datasets
67,692.891781987,0.0,1738576612.2015514,,0.0,1.0,0.001,1,16,40x40,PrototypicalNetwork,5,5,Greek,Egyptian,False,1,4000,2,exp1_permuted_src_datasets
68,692.922339382,0.0,1738576612.2320855,,0.0,1.0,0.001,1,16,40x40,PrototypicalNetwork,5,5,Greek,Egyptian,False,1,4000,2,exp1_permuted_src_datasets
69,692.955273057,0.0,1738576612.2650664,,0.0,1.0,0.001,1,16,40x40,PrototypicalNetwork,5,5,Greek,Egyptian,False,1,4000,2,exp1_permuted_src_datasets
70,692.999873637,0.0,1738576612.3095937,,0.0,1.0,0.001,1,16,40x40,PrototypicalNetwork,5,5,Greek,Egyptian,False,1,4000,2,exp1_permuted_src_datasets
71,693.039299723,0.0,1738576612.349047,,0.0,1.0,0.001,1,16,40x40,PrototypicalNetwork,5,5,Greek,Egyptian,False,1,4000,2,exp1_permuted_src_datasets
72,693.061314819,0.0,1738576612.3710256,,0.0,1.0,0.001,1,16,40x40,PrototypicalNetwork,5,5,Greek,Egyptian,False,1,4000,2,exp1_permuted_src_datasets
73,693.103386906,0.0,1738576612.4130647,,0.0,1.0,0.001,1,16,40x40,PrototypicalNetwork,5,5,Greek,Egyptian,False,1,4000,2,exp1_permuted_src_datasets
74,693.141670271,0.0,1738576612.4513092,,0.0,1.0,0.001,1,16,40x40,PrototypicalNetwork,5,5,Greek,Egyptian,False,1,4000,2,exp1_permuted_src_datasets
75,693.184488238,0.0,1738576612.4942183,,0.0,1.0,0.001,1,16,40x40,PrototypicalNetwork,5,5,Greek,Egyptian,False,1,4000,2,exp1_permuted_src_datasets
76,693.22776061,0.0,1738576612.537486,,0.0,1.0,0.001,1,16,40x40,PrototypicalNetwork,5,5,Greek,Egyptian,False,1,4000,2,exp1_permuted_src_datasets
77,693.269611701,0.0,1738576612.5793269,,0.0,1.0,0.001,1,16,40x40,PrototypicalNetwork,5,5,Greek,Egyptian,False,1,4000,2,exp1_permuted_src_datasets
78,693.295988817,0.0,1738576612.6057942,,0.0,1.0,0.001,1,16,40x40,PrototypicalNetwork,5,5,Greek,Egyptian,False,1,4000,2,exp1_permuted_src_datasets
79,693.326418779,0.0,1738576612.6362007,,0.0,1.0,0.001,1,16,40x40,PrototypicalNetwork,5,5,Greek,Egyptian,False,1,4000,2,exp1_permuted_src_datasets
80,693.354415485,0.0,1738576612.6641984,,0.0,1.0,0.001,1,16,40x40,PrototypicalNetwork,5,5,Greek,Egyptian,False,1,4000,2,exp1_permuted_src_datasets
81,693.386890131,0.0,1738576612.6966317,,0.0,1.0,0.001,1,16,40x40,PrototypicalNetwork,5,5,Greek,Egyptian,False,1,4000,2,exp1_permuted_src_datasets
82,693.418088604,0.0,1738576612.7278135,,0.0,1.0,0.001,1,16,40x40,PrototypicalNetwork,5,5,Greek,Egyptian,False,1,4000,2,exp1_permuted_src_datasets
83,693.452227223,0.0,1738576612.7620149,,0.0,1.0,0.001,1,16,40x40,PrototypicalNetwork,5,5,Greek,Egyptian,False,1,4000,2,exp1_permuted_src_datasets
84,693.49081104,0.0,1738576612.8005745,,0.0,1.0,0.001,1,16,40x40,PrototypicalNetwork,5,5,Greek,Egyptian,False,1,4000,2,exp1_permuted_src_datasets
85,693.528943001,0.0,1738576612.8385785,,0.0,1.0,0.001,1,16,40x40,PrototypicalNetwork,5,5,Greek,Egyptian,False,1,4000,2,exp1_permuted_src_datasets
86,693.575950663,0.0,1738576612.8856091,,0.0,1.0,0.001,1,16,40x40,PrototypicalNetwork,5,5,Greek,Egyptian,False,1,4000,2,exp1_permuted_src_datasets
87,693.622248757,0.0,1738576612.932,,0.0,1.0,0.001,1,16,40x40,PrototypicalNetwork,5,5,Greek,Egyptian,False,1,4000,2,exp1_permuted_src_datasets
88,693.658527958,0.0,1738576612.9682643,,0.0,1.0,0.001,1,16,40x40,PrototypicalNetwork,5,5,Greek,Egyptian,False,1,4000,2,exp1_permuted_src_datasets
89,693.705087882,0.0,1738576613.014708,,0.0,1.0,0.001,1,16,40x40,PrototypicalNetwork,5,5,Greek,Egyptian,False,1,4000,2,exp1_permuted_src_datasets
90,693.735718752,0.0,1738576613.045501,,0.0,1.0,0.001,1,16,40x40,PrototypicalNetwork,5,5,Greek,Egyptian,False,1,4000,2,exp1_permuted_src_datasets
91,693.774666044,0.0,1738576613.0844104,,0.0,1.0,0.001,1,16,40x40,PrototypicalNetwork,5,5,Greek,Egyptian,False,1,4000,2,exp1_permuted_src_datasets
92,693.800220088,0.0,1738576613.1099806,,0.0,1.0,0.001,1,16,40x40,PrototypicalNetwork,5,5,Greek,Egyptian,False,1,4000,2,exp1_permuted_src_datasets
93,693.828200323,0.0,1738576613.1379466,,0.0,1.0,0.001,1,16,40x40,PrototypicalNetwork,5,5,Greek,Egyptian,False,1,4000,2,exp1_permuted_src_datasets
94,693.849734441,0.0,1738576613.159522,,0.0,1.0,0.001,1,16,40x40,PrototypicalNetwork,5,5,Greek,Egyptian,False,1,4000,2,exp1_permuted_src_datasets
95,693.869203533,0.0,1738576613.1789887,,0.0,1.0,0.001,1,16,40x40,PrototypicalNetwork,5,5,Greek,Egyptian,False,1,4000,2,exp1_permuted_src_datasets
96,693.888736988,0.0,1738576613.198529,,0.0,1.0,0.001,1,16,40x40,PrototypicalNetwork,5,5,Greek,Egyptian,False,1,4000,2,exp1_permuted_src_datasets
97,693.908436959,0.0,1738576613.2181983,,0.0,1.0,0.001,1,16,40x40,PrototypicalNetwork,5,5,Greek,Egyptian,False,1,4000,2,exp1_permuted_src_datasets
98,693.92774872,0.0,1738576613.237552,,0.0,1.0,0.001,1,16,40x40,PrototypicalNetwork,5,5,Greek,Egyptian,False,1,4000,2,exp1_permuted_src_datasets
99,693.947232441,0.0,1738576613.2570431,,0.0,1.0,0.001,1,16,40x40,PrototypicalNetwork,5,5,Greek,Egyptian,False,1,4000,2,exp1_permuted_src_datasets
100,693.975368035,0.0,1738576613.2851748,,0.0,1.0,0.001,1,16,40x40,PrototypicalNetwork,5,5,Greek,Egyptian,False,1,4000,2,exp1_permuted_src_datasets
101,694.01680144,0.0,1738576613.3264287,,0.0,1.0,0.001,1,16,40x40,PrototypicalNetwork,5,5,Greek,Egyptian,False,1,4000,2,exp1_permuted_src_datasets
102,694.042962852,0.0,1738576613.3527522,,0.0,1.0,0.001,1,16,40x40,PrototypicalNetwork,5,5,Greek,Egyptian,False,1,4000,2,exp1_permuted_src_datasets
103,694.069082036,0.0,1738576613.3788157,,0.0,1.0,0.001,1,16,40x40,PrototypicalNetwork,5,5,Greek,Egyptian,False,1,4000,2,exp1_permuted_src_datasets
104,694.092557386,0.0,1738576613.4022188,,0.0,1.0,0.001,1,16,40x40,PrototypicalNetwork,5,5,Greek,Egyptian,False,1,4000,2,exp1_permuted_src_datasets
105,694.13061362,0.0,1738576613.4402585,,0.0,1.0,0.001,1,16,40x40,PrototypicalNetwork,5,5,Greek,Egyptian,False,1,4000,2,exp1_permuted_src_datasets
106,694.182980623,0.0,1738576613.4926083,,0.0,1.0,0.001,1,16,40x40,PrototypicalNetwork,5,5,Greek,Egyptian,False,1,4000,2,exp1_permuted_src_datasets
107,694.231870544,0.0,1738576613.5415788,,0.0,1.0,0.001,1,16,40x40,PrototypicalNetwork,5,5,Greek,Egyptian,False,1,4000,2,exp1_permuted_src_datasets
108,694.265755022,0.0,1738576613.5755112,,0.0,1.0,0.001,1,16,40x40,PrototypicalNetwork,5,5,Greek,Egyptian,False,1,4000,2,exp1_permuted_src_datasets
109,694.289443969,0.0,1738576613.5992084,,0.0,1.0,0.001,1,16,40x40,PrototypicalNetwork,5,5,Greek,Egyptian,False,1,4000,2,exp1_permuted_src_datasets
110,694.311002151,0.0,1738576613.6207902,,0.0,1.0,0.001,1,16,40x40,PrototypicalNetwork,5,5,Greek,Egyptian,False,1,4000,2,exp1_permuted_src_datasets
111,694.330490754,0.0,1738576613.6402729,,0.0,1.0,0.001,1,16,40x40,PrototypicalNetwork,5,5,Greek,Egyptian,False,1,4000,2,exp1_permuted_src_datasets
112,694.350050366,0.0,1738576613.659829,,0.0,1.0,0.001,1,16,40x40,PrototypicalNetwork,5,5,Greek,Egyptian,False,1,4000,2,exp1_permuted_src_datasets
113,694.369715553,0.0,1738576613.679521,,0.0,1.0,0.001,1,16,40x40,PrototypicalNetwork,5,5,Greek,Egyptian,False,1,4000,2,exp1_permuted_src_datasets
114,694.389294615,0.0,1738576613.6990836,,0.0,1.0,0.001,1,16,40x40,PrototypicalNetwork,5,5,Greek,Egyptian,False,1,4000,2,exp1_permuted_src_datasets
115,694.408966836,0.0,1738576613.7187276,,0.0,1.0,0.001,1,16,40x40,PrototypicalNetwork,5,5,Greek,Egyptian,False,1,4000,2,exp1_permuted_src_datasets
116,694.429047538,0.0,1738576613.7388318,,0.0,1.0,0.001,1,16,40x40,PrototypicalNetwork,5,5,Greek,Egyptian,False,1,4000,2,exp1_permuted_src_datasets
117,694.460456296,0.0,1738576613.7701957,,0.0,1.0,0.001,1,16,40x40,PrototypicalNetwork,5,5,Greek,Egyptian,False,1,4000,2,exp1_permuted_src_datasets
118,694.480892708,0.0,1738576613.7907062,,0.0,1.0,0.001,1,16,40x40,PrototypicalNetwork,5,5,Greek,Egyptian,False,1,4000,2,exp1_permuted_src_datasets
119,694.511020505,0.0,1738576613.8208048,,0.0,1.0,0.001,1,16,40x40,PrototypicalNetwork,5,5,Greek,Egyptian,False,1,4000,2,exp1_permuted_src_datasets
120,694.543119186,0.0,1738576613.8529058,,0.0,1.0,0.001,1,16,40x40,PrototypicalNetwork,5,5,Greek,Egyptian,False,1,4000,2,exp1_permuted_src_datasets
121,694.564814123,0.0,1738576613.874609,,0.0,1.0,0.001,1,16,40x40,PrototypicalNetwork,5,5,Greek,Egyptian,False,1,4000,2,exp1_permuted_src_datasets
122,694.583899763,0.0,1738576613.8936975,,0.0,1.0,0.001,1,16,40x40,PrototypicalNetwork,5,5,Greek,Egyptian,False,1,4000,2,exp1_permuted_src_datasets
123,694.611517802,0.0,1738576613.9213,,0.0,1.0,0.001,1,16,40x40,PrototypicalNetwork,5,5,Greek,Egyptian,False,1,4000,2,exp1_permuted_src_datasets
124,694.631214346,0.0,1738576613.9409342,,0.0,1.0,0.001,1,16,40x40,PrototypicalNetwork,5,5,Greek,Egyptian,False,1,4000,2,exp1_permuted_src_datasets
125,694.65045621,0.0,1738576613.9602702,,0.0,1.0,0.001,1,16,40x40,PrototypicalNetwork,5,5,Greek,Egyptian,False,1,4000,2,exp1_permuted_src_datasets
126,694.672492951,0.0,1738576613.98222,,0.0,1.0,0.001,1,16,40x40,PrototypicalNetwork,5,5,Greek,Egyptian,False,1,4000,2,exp1_permuted_src_datasets
127,1045.00954949,0.0,1738576964.2779217,0.7447500007152558,,,0.001,1,16,40x40,PrototypicalNetwork,5,5,Greek,Egyptian,False,1,4000,2,exp1_permuted_src_datasets
128,1045.00960231,0.0,1738576964.2959373,,0.0,1.0,0.001,1,16,40x40,PrototypicalNetwork,5,5,Greek,Egyptian,False,1,4000,2,exp1_permuted_src_datasets
129,1045.01093804,0.0,1738576964.320729,,0.0,1.0,0.001,1,16,40x40,PrototypicalNetwork,5,5,Greek,Egyptian,False,1,4000,2,exp1_permuted_src_datasets
130,1045.038199776,0.0,1738576964.347986,,0.0,1.0,0.001,1,16,40x40,PrototypicalNetwork,5,5,Greek,Egyptian,False,1,4000,2,exp1_permuted_src_datasets
131,1045.07191178,0.0,1738576964.3816855,,0.0,1.0,0.001,1,16,40x40,PrototypicalNetwork,5,5,Greek,Egyptian,False,1,4000,2,exp1_permuted_src_datasets
132,1045.102572143,0.0,1738576964.412343,,0.0,1.0,0.001,1,16,40x40,PrototypicalNetwork,5,5,Greek,Egyptian,False,1,4000,2,exp1_permuted_src_datasets
133,1045.130314798,0.0,1738576964.4401011,,0.0,1.0,0.001,1,16,40x40,PrototypicalNetwork,5,5,Greek,Egyptian,False,1,4000,2,exp1_permuted_src_datasets
134,1045.149952007,0.0,1738576964.459709,,0.0,1.0,0.001,1,16,40x40,PrototypicalNetwork,5,5,Greek,Egyptian,False,1,4000,2,exp1_permuted_src_datasets
135,1045.171798353,0.0,1738576964.4815912,,0.0,1.0,0.001,1,16,40x40,PrototypicalNetwork,5,5,Greek,Egyptian,False,1,4000,2,exp1_permuted_src_datasets
136,1045.192801235,0.0,1738576964.5025907,,0.0,1.0,0.001,1,16,40x40,PrototypicalNetwork,5,5,Greek,Egyptian,False,1,4000,2,exp1_permuted_src_datasets
137,1045.215321883,0.0,1738576964.525075,,0.0,1.0,0.001,1,16,40x40,PrototypicalNetwork,5,5,Greek,Egyptian,False,1,4000,2,exp1_permuted_src_datasets
138,1045.241324537,0.0,1738576964.551088,,0.0,1.0,0.001,1,16,40x40,PrototypicalNetwork,5,5,Greek,Egyptian,False,1,4000,2,exp1_permuted_src_datasets
139,1045.280654188,0.0,1738576964.5903637,,0.0,1.0,0.001,1,16,40x40,PrototypicalNetwork,5,5,Greek,Egyptian,False,1,4000,2,exp1_permuted_src_datasets
140,1045.333534337,0.0,1738576964.643118,,0.0,1.0,0.001,1,16,40x40,PrototypicalNetwork,5,5,Greek,Egyptian,False,1,4000,2,exp1_permuted_src_datasets
141,1045.371810021,0.0,1738576964.6815317,,0.0,1.0,0.001,1,16,40x40,PrototypicalNetwork,5,5,Greek,Egyptian,False,1,4000,2,exp1_permuted_src_datasets
142,1045.410054528,0.0,1738576964.719797,,0.0,1.0,0.001,1,16,40x40,PrototypicalNetwork,5,5,Greek,Egyptian,False,1,4000,2,exp1_permuted_src_datasets
143,1045.458716104,0.0,1738576964.7683394,,0.0,1.0,0.001,1,16,40x40,PrototypicalNetwork,5,5,Greek,Egyptian,False,1,4000,2,exp1_permuted_src_datasets
144,1045.500649207,0.0,1738576964.8103642,,0.0,1.0,0.001,1,16,40x40,PrototypicalNetwork,5,5,Greek,Egyptian,False,1,4000,2,exp1_permuted_src_datasets
145,1045.52922551,0.0,1738576964.8389513,,0.0,1.0,0.001,1,16,40x40,PrototypicalNetwork,5,5,Greek,Egyptian,False,1,4000,2,exp1_permuted_src_datasets
146,1045.565732475,0.0,1738576964.8754761,,0.0,1.0,0.001,1,16,40x40,PrototypicalNetwork,5,5,Greek,Egyptian,False,1,4000,2,exp1_permuted_src_datasets
147,1045.602103252,0.0,1738576964.9118583,,0.0,1.0,0.001,1,16,40x40,PrototypicalNetwork,5,5,Greek,Egyptian,False,1,4000,2,exp1_permuted_src_datasets
148,1045.643084253,0.0,1738576964.9528418,,0.0,1.0,0.001,1,16,40x40,PrototypicalNetwork,5,5,Greek,Egyptian,False,1,4000,2,exp1_permuted_src_datasets
149,1045.687907543,0.0,1738576964.9976096,,0.0,1.0,0.001,1,16,40x40,PrototypicalNetwork,5,5,Greek,Egyptian,False,1,4000,2,exp1_permuted_src_datasets
150,1045.722371929,0.0,1738576965.0321164,,0.0,1.0,0.001,1,16,40x40,PrototypicalNetwork,5,5,Greek,Egyptian,False,1,4000,2,exp1_permuted_src_datasets
151,1045.746116047,0.0,1738576965.0559015,,0.0,1.0,0.001,1,16,40x40,PrototypicalNetwork,5,5,Greek,Egyptian,False,1,4000,2,exp1_permuted_src_datasets
152,1045.771236444,0.0,1738576965.0810263,,0.0,1.0,0.001,1,16,40x40,PrototypicalNetwork,5,5,Greek,Egyptian,False,1,4000,2,exp1_permuted_src_datasets
153,1045.795187501,0.0,1738576965.1049886,,0.0,1.0,0.001,1,16,40x40,PrototypicalNetwork,5,5,Greek,Egyptian,False,1,4000,2,exp1_permuted_src_datasets
154,1045.828513459,0.0,1738576965.1382096,,0.0,1.0,0.001,1,16,40x40,PrototypicalNetwork,5,5,Greek,Egyptian,False,1,4000,2,exp1_permuted_src_datasets
155,1045.869133897,0.0,1738576965.1788793,,0.0,1.0,0.001,1,16,40x40,PrototypicalNetwork,5,5,Greek,Egyptian,False,1,4000,2,exp1_permuted_src_datasets
156,1045.892133455,0.0,1738576965.2019095,,0.0,1.0,0.001,1,16,40x40,PrototypicalNetwork,5,5,Greek,Egyptian,False,1,4000,2,exp1_permuted_src_datasets
157,1045.923256069,0.0,1738576965.2330158,,0.0,1.0,0.001,1,16,40x40,PrototypicalNetwork,5,5,Greek,Egyptian,False,1,4000,2,exp1_permuted_src_datasets
158,1045.95827184,0.0,1738576965.2680218,,0.0,1.0,0.001,1,16,40x40,PrototypicalNetwork,5,5,Greek,Egyptian,False,1,4000,2,exp1_permuted_src_datasets
159,1046.002314317,0.0,1738576965.3120625,,0.0,1.0,0.001,1,16,40x40,PrototypicalNetwork,5,5,Greek,Egyptian,False,1,4000,2,exp1_permuted_src_datasets
160,1046.03701477,0.0,1738576965.3466988,,0.0,1.0,0.001,1,16,40x40,PrototypicalNetwork,5,5,Greek,Egyptian,False,1,4000,2,exp1_permuted_src_datasets
161,1046.076465033,0.0,1738576965.386236,,0.0,1.0,0.001,1,16,40x40,PrototypicalNetwork,5,5,Greek,Egyptian,False,1,4000,2,exp1_permuted_src_datasets
162,1046.107296987,0.0,1738576965.4170496,,0.0,1.0,0.001,1,16,40x40,PrototypicalNetwork,5,5,Greek,Egyptian,False,1,4000,2,exp1_permuted_src_datasets
163,1046.13211656,0.0,1738576965.4418786,,0.0,1.0,0.001,1,16,40x40,PrototypicalNetwork,5,5,Greek,Egyptian,False,1,4000,2,exp1_permuted_src_datasets
164,1046.16586069,0.0,1738576965.4755912,,0.0,1.0,0.001,1,16,40x40,PrototypicalNetwork,5,5,Greek,Egyptian,False,1,4000,2,exp1_permuted_src_datasets
165,1046.195857485,0.0,1738576965.5055857,,0.0,1.0,0.001,1,16,40x40,PrototypicalNetwork,5,5,Greek,Egyptian,False,1,4000,2,exp1_permuted_src_datasets
166,1046.231081074,0.0,1738576965.5408304,,0.0,1.0,0.001,1,16,40x40,PrototypicalNetwork,5,5,Greek,Egyptian,False,1,4000,2,exp1_permuted_src_datasets
167,1046.265572424,0.0,1738576965.5753148,,0.0,1.0,0.001,1,16,40x40,PrototypicalNetwork,5,5,Greek,Egyptian,False,1,4000,2,exp1_permuted_src_datasets
168,1046.297613968,0.0,1738576965.6074111,,0.0,1.0,0.001,1,16,40x40,PrototypicalNetwork,5,5,Greek,Egyptian,False,1,4000,2,exp1_permuted_src_datasets
169,1046.336973891,0.0,1738576965.6466935,,0.0,1.0,0.001,1,16,40x40,PrototypicalNetwork,5,5,Greek,Egyptian,False,1,4000,2,exp1_permuted_src_datasets
170,1046.375635796,0.0,1738576965.6852808,,0.0,1.0,0.001,1,16,40x40,PrototypicalNetwork,5,5,Greek,Egyptian,False,1,4000,2,exp1_permuted_src_datasets
171,1046.413905343,0.0,1738576965.7236624,,0.0,1.0,0.001,1,16,40x40,PrototypicalNetwork,5,5,Greek,Egyptian,False,1,4000,2,exp1_permuted_src_datasets
172,1046.444332705,0.0,1738576965.75407,,0.0,1.0,0.001,1,16,40x40,PrototypicalNetwork,5,5,Greek,Egyptian,False,1,4000,2,exp1_permuted_src_datasets
173,1046.480835525,0.0,1738576965.7905788,,0.0,1.0,0.001,1,16,40x40,PrototypicalNetwork,5,5,Greek,Egyptian,False,1,4000,2,exp1_permuted_src_datasets
174,1046.509985688,0.0,1738576965.8197262,,0.0,1.0,0.001,1,16,40x40,PrototypicalNetwork,5,5,Greek,Egyptian,False,1,4000,2,exp1_permuted_src_datasets
175,1046.555456314,0.0,1738576965.8651185,,0.0,1.0,0.001,1,16,40x40,PrototypicalNetwork,5,5,Greek,Egyptian,False,1,4000,2,exp1_permuted_src_datasets
176,1046.598098628,0.0,1738576965.9078128,,0.0,1.0,0.001,1,16,40x40,PrototypicalNetwork,5,5,Greek,Egyptian,False,1,4000,2,exp1_permuted_src_datasets
177,1046.641286048,0.0,1738576965.9509914,,0.0,1.0,0.001,1,16,40x40,PrototypicalNetwork,5,5,Greek,Egyptian,False,1,4000,2,exp1_permuted_src_datasets
178,1046.6713465,0.0,1738576965.9810977,,0.0,1.0,0.001,1,16,40x40,PrototypicalNetwork,5,5,Greek,Egyptian,False,1,4000,2,exp1_permuted_src_datasets
179,1046.693279842,0.0,1738576966.0029843,,0.0,1.0,0.001,1,16,40x40,PrototypicalNetwork,5,5,Greek,Egyptian,False,1,4000,2,exp1_permuted_src_datasets
180,1046.714920879,0.0,1738576966.0246954,,0.0,1.0,0.001,1,16,40x40,PrototypicalNetwork,5,5,Greek,Egyptian,False,1,4000,2,exp1_permuted_src_datasets
181,1046.739165193,0.0,1738576966.0489037,,0.0,1.0,0.001,1,16,40x40,PrototypicalNetwork,5,5,Greek,Egyptian,False,1,4000,2,exp1_permuted_src_datasets
182,1046.760734502,0.0,1738576966.0704875,,0.0,1.0,0.001,1,16,40x40,PrototypicalNetwork,5,5,Greek,Egyptian,False,1,4000,2,exp1_permuted_src_datasets
183,1046.782739771,0.0,1738576966.0924773,,0.0,1.0,0.001,1,16,40x40,PrototypicalNetwork,5,5,Greek,Egyptian,False,1,4000,2,exp1_permuted_src_datasets
184,1046.815107883,0.0,1738576966.1248493,,0.0,1.0,0.001,1,16,40x40,PrototypicalNetwork,5,5,Greek,Egyptian,False,1,4000,2,exp1_permuted_src_datasets
185,1046.835767388,0.0,1738576966.1455739,,0.0,1.0,0.001,1,16,40x40,PrototypicalNetwork,5,5,Greek,Egyptian,False,1,4000,2,exp1_permuted_src_datasets
186,1046.874646234,0.0,1738576966.1843886,,0.0,1.0,0.001,1,16,40x40,PrototypicalNetwork,5,5,Greek,Egyptian,False,1,4000,2,exp1_permuted_src_datasets
187,1046.894723983,0.0,1738576966.2045245,,0.0,1.0,0.001,1,16,40x40,PrototypicalNetwork,5,5,Greek,Egyptian,False,1,4000,2,exp1_permuted_src_datasets
188,1046.92878461,0.0,1738576966.2385771,,0.0,1.0,0.001,1,16,40x40,PrototypicalNetwork,5,5,Greek,Egyptian,False,1,4000,2,exp1_permuted_src_datasets
189,1046.961832604,0.0,1738576966.2715933,,0.0,1.0,0.001,1,16,40x40,PrototypicalNetwork,5,5,Greek,Egyptian,False,1,4000,2,exp1_permuted_src_datasets
190,1390.427262391,0.0,1738577309.7370975,0.7487500004768372,,,0.001,1,16,40x40,PrototypicalNetwork,5,5,Greek,Egyptian,False,1,4000,2,exp1_permuted_src_datasets
191,1390.451590174,0.0,1738577309.7613456,,0.0,1.0,0.001,1,16,40x40,PrototypicalNetwork,5,5,Greek,Egyptian,False,1,4000,2,exp1_permuted_src_datasets
192,1390.48535542,0.0,1738577309.7950175,,0.0,1.0,0.001,1,16,40x40,PrototypicalNetwork,5,5,Greek,Egyptian,False,1,4000,2,exp1_permuted_src_datasets
193,1390.533528084,0.0,1738577309.8432207,,0.0,1.0,0.001,1,16,40x40,PrototypicalNetwork,5,5,Greek,Egyptian,False,1,4000,2,exp1_permuted_src_datasets
194,1390.572975458,0.0,1738577309.8827457,,0.0,1.0,0.001,1,16,40x40,PrototypicalNetwork,5,5,Greek,Egyptian,False,1,4000,2,exp1_permuted_src_datasets
195,1390.621835202,0.0,1738577309.931479,,0.0,1.0,0.001,1,16,40x40,PrototypicalNetwork,5,5,Greek,Egyptian,False,1,4000,2,exp1_permuted_src_datasets
196,1390.663414455,0.0,1738577309.9731188,,0.0,1.0,0.001,1,16,40x40,PrototypicalNetwork,5,5,Greek,Egyptian,False,1,4000,2,exp1_permuted_src_datasets
197,1390.704412446,0.0,1738577310.0141294,,0.0,1.0,0.001,1,16,40x40,PrototypicalNetwork,5,5,Greek,Egyptian,False,1,4000,2,exp1_permuted_src_datasets
198,1390.744269735,0.0,1738577310.053972,,0.0,1.0,0.001,1,16,40x40,PrototypicalNetwork,5,5,Greek,Egyptian,False,1,4000,2,exp1_permuted_src_datasets
199,1390.783870401,0.0,1738577310.0935767,,0.0,1.0,0.001,1,16,40x40,PrototypicalNetwork,5,5,Greek,Egyptian,False,1,4000,2,exp1_permuted_src_datasets
200,1390.820547006,0.0,1738577310.1303313,,0.0,1.0,0.001,1,16,40x40,PrototypicalNetwork,5,5,Greek,Egyptian,False,1,4000,2,exp1_permuted_src_datasets
201,1390.865409365,0.0,1738577310.175098,,0.0,1.0,0.001,1,16,40x40,PrototypicalNetwork,5,5,Greek,Egyptian,False,1,4000,2,exp1_permuted_src_datasets
202,1390.902680561,0.0,1738577310.2124708,,0.0,1.0,0.001,1,16,40x40,PrototypicalNetwork,5,5,Greek,Egyptian,False,1,4000,2,exp1_permuted_src_datasets
203,1390.945547763,0.0,1738577310.2384803,,0.0,1.0,0.001,1,16,40x40,PrototypicalNetwork,5,5,Greek,Egyptian,False,1,4000,2,exp1_permuted_src_datasets
204,1390.965322818,0.0,1738577310.2750878,,0.0,1.0,0.001,1,16,40x40,PrototypicalNetwork,5,5,Greek,Egyptian,False,1,4000,2,exp1_permuted_src_datasets
205,1390.991229594,0.0,1738577310.3010075,,0.0,1.0,0.001,1,16,40x40,PrototypicalNetwork,5,5,Greek,Egyptian,False,1,4000,2,exp1_permuted_src_datasets
206,1391.012875052,0.0,1738577310.3226526,,0.0,1.0,0.001,1,16,40x40,PrototypicalNetwork,5,5,Greek,Egyptian,False,1,4000,2,exp1_permuted_src_datasets
207,1391.047098722,0.0,1738577310.3568676,,0.0,1.0,0.001,1,16,40x40,PrototypicalNetwork,5,5,Greek,Egyptian,False,1,4000,2,exp1_permuted_src_datasets
208,1391.078195657,0.0,1738577310.3879447,,0.0,1.0,0.001,1,16,40x40,PrototypicalNetwork,5,5,Greek,Egyptian,False,1,4000,2,exp1_permuted_src_datasets
209,1391.111235487,0.0,1738577310.4209886,,0.0,1.0,0.001,1,16,40x40,PrototypicalNetwork,5,5,Greek,Egyptian,False,1,4000,2,exp1_permuted_src_datasets
210,1391.143506653,0.0,1738577310.4532156,,0.0,1.0,0.001,1,16,40x40,PrototypicalNetwork,5,5,Greek,Egyptian,False,1,4000,2,exp1_permuted_src_datasets
211,1391.183842626,0.0,1738577310.4935098,,0.0,1.0,0.001,1,16,40x40,PrototypicalNetwork,5,5,Greek,Egyptian,False,1,4000,2,exp1_permuted_src_datasets
212,1391.220555712,0.0,1738577310.5302339,,0.0,1.0,0.001,1,16,40x40,PrototypicalNetwork,5,5,Greek,Egyptian,False,1,4000,2,exp1_permuted_src_datasets
213,1391.267032886,0.0,1738577310.5766666,,0.0,1.0,0.001,1,16,40x40,PrototypicalNetwork,5,5,Greek,Egyptian,False,1,4000,2,exp1_permuted_src_datasets
214,1391.290257507,0.0,1738577310.6000144,,0.0,1.0,0.001,1,16,40x40,PrototypicalNetwork,5,5,Greek,Egyptian,False,1,4000,2,exp1_permuted_src_datasets
215,1391.336701744,0.0,1738577310.6463692,,0.0,1.0,0.001,1,16,40x40,PrototypicalNetwork,5,5,Greek,Egyptian,False,1,4000,2,exp1_permuted_src_datasets
216,1391.382630351,0.0,1738577310.6924071,,0.0,1.0,0.001,1,16,40x40,PrototypicalNetwork,5,5,Greek,Egyptian,False,1,4000,2,exp1_permuted_src_datasets
217,1391.419486092,0.0,1738577310.7292159,,0.0,1.0,0.001,1,16,40x40,PrototypicalNetwork,5,5,Greek,Egyptian,False,1,4000,2,exp1_permuted_src_datasets
218,1391.456580994,0.0,1738577310.766308,,0.0,1.0,0.001,1,16,40x40,PrototypicalNetwork,5,5,Greek,Egyptian,False,1,4000,2,exp1_permuted_src_datasets
219,1391.49075263,0.0,1738577310.8005033,,0.0,1.0,0.001,1,16,40x40,PrototypicalNetwork,5,5,Greek,Egyptian,False,1,4000,2,exp1_permuted_src_datasets
220,1391.516522985,0.0,1738577310.826308,,0.0,1.0,0.001,1,16,40x40,PrototypicalNetwork,5,5,Greek,Egyptian,False,1,4000,2,exp1_permuted_src_datasets
221,1391.558177337,0.0,1738577310.8678823,,0.0,1.0,0.001,1,16,40x40,PrototypicalNetwork,5,5,Greek,Egyptian,False,1,4000,2,exp1_permuted_src_datasets
222,1391.592345316,0.0,1738577310.9020658,,0.0,1.0,0.001,1,16,40x40,PrototypicalNetwork,5,5,Greek,Egyptian,False,1,4000,2,exp1_permuted_src_datasets
223,1391.625082411,0.0,1738577310.9347935,,0.0,1.0,0.001,1,16,40x40,PrototypicalNetwork,5,5,Greek,Egyptian,False,1,4000,2,exp1_permuted_src_datasets
224,1391.679039692,0.0,1738577310.9887047,,0.0,1.0,0.001,1,16,40x40,PrototypicalNetwork,5,5,Greek,Egyptian,False,1,4000,2,exp1_permuted_src_datasets
225,1391.728391893,0.0,1738577311.0381222,,0.0,1.0,0.001,1,16,40x40,PrototypicalNetwork,5,5,Greek,Egyptian,False,1,4000,2,exp1_permuted_src_datasets
226,1391.773843091,0.0,1738577311.0834577,,0.0,1.0,0.001,1,16,40x40,PrototypicalNetwork,5,5,Greek,Egyptian,False,1,4000,2,exp1_permuted_src_datasets
227,1391.812916738,0.0,1738577311.1226375,,0.0,1.0,0.001,1,16,40x40,PrototypicalNetwork,5,5,Greek,Egyptian,False,1,4000,2,exp1_permuted_src_datasets
228,1391.861401938,0.0,1738577311.1710484,,0.0,1.0,0.001,1,16,40x40,PrototypicalNetwork,5,5,Greek,Egyptian,False,1,4000,2,exp1_permuted_src_datasets
229,1391.896418454,0.0,1738577311.2061985,,0.0,1.0,0.001,1,16,40x40,PrototypicalNetwork,5,5,Greek,Egyptian,False,1,4000,2,exp1_permuted_src_datasets
230,1391.917958573,0.0,1738577311.2277465,,0.0,1.0,0.001,1,16,40x40,PrototypicalNetwork,5,5,Greek,Egyptian,False,1,4000,2,exp1_permuted_src_datasets
231,1391.954777957,0.0,1738577311.264516,,0.0,1.0,0.001,1,16,40x40,PrototypicalNetwork,5,5,Greek,Egyptian,False,1,4000,2,exp1_permuted_src_datasets
232,1391.997471488,0.0,1738577311.3070629,,0.0,1.0,0.001,1,16,40x40,PrototypicalNetwork,5,5,Greek,Egyptian,False,1,4000,2,exp1_permuted_src_datasets
233,1392.044556073,0.0,1738577311.3541086,,0.0,1.0,0.001,1,16,40x40,PrototypicalNetwork,5,5,Greek,Egyptian,False,1,4000,2,exp1_permuted_src_datasets
234,1392.085620204,0.0,1738577311.395326,,0.0,1.0,0.001,1,16,40x40,PrototypicalNetwork,5,5,Greek,Egyptian,False,1,4000,2,exp1_permuted_src_datasets
235,1392.107715459,0.0,1738577311.417464,,0.0,1.0,0.001,1,16,40x40,PrototypicalNetwork,5,5,Greek,Egyptian,False,1,4000,2,exp1_permuted_src_datasets
236,1392.147668901,0.0,1738577311.4573295,,0.0,1.0,0.001,1,16,40x40,PrototypicalNetwork,5,5,Greek,Egyptian,False,1,4000,2,exp1_permuted_src_datasets
237,1392.194797212,0.0,1738577311.5044546,,0.0,1.0,0.001,1,16,40x40,PrototypicalNetwork,5,5,Greek,Egyptian,False,1,4000,2,exp1_permuted_src_datasets
238,1392.234717014,0.0,1738577311.54443,,0.0,1.0,0.001,1,16,40x40,PrototypicalNetwork,5,5,Greek,Egyptian,False,1,4000,2,exp1_permuted_src_datasets
239,1392.269612165,0.0,1738577311.579278,,0.0,1.0,0.001,1,16,40x40,PrototypicalNetwork,5,5,Greek,Egyptian,False,1,4000,2,exp1_permuted_src_datasets
240,1392.305870885,0.0,1738577311.6156042,,0.0,1.0,0.001,1,16,40x40,PrototypicalNetwork,5,5,Greek,Egyptian,False,1,4000,2,exp1_permuted_src_datasets
241,1392.34472096,0.0,1738577311.6544874,,0.0,1.0,0.001,1,16,40x40,PrototypicalNetwork,5,5,Greek,Egyptian,False,1,4000,2,exp1_permuted_src_datasets
242,1392.368495084,0.0,1738577311.6782854,,0.0,1.0,0.001,1,16,40x40,PrototypicalNetwork,5,5,Greek,Egyptian,False,1,4000,2,exp1_permuted_src_datasets
243,1392.405050446,0.0,1738577311.714796,,0.0,1.0,0.001,1,16,40x40,PrototypicalNetwork,5,5,Greek,Egyptian,False,1,4000,2,exp1_permuted_src_datasets
244,1392.450018982,0.0,1738577311.7597535,,0.0,1.0,0.001,1,16,40x40,PrototypicalNetwork,5,5,Greek,Egyptian,False,1,4000,2,exp1_permuted_src_datasets
245,1392.493719852,0.0,1738577311.8034768,,0.0,1.0,0.001,1,16,40x40,PrototypicalNetwork,5,5,Greek,Egyptian,False,1,4000,2,exp1_permuted_src_datasets
246,1392.535614285,0.0,1738577311.845289,,0.0,1.0,0.001,1,16,40x40,PrototypicalNetwork,5,5,Greek,Egyptian,False,1,4000,2,exp1_permuted_src_datasets
247,1392.574582313,0.0,1738577311.8843114,,0.0,1.0,0.001,1,16,40x40,PrototypicalNetwork,5,5,Greek,Egyptian,False,1,4000,2,exp1_permuted_src_datasets
248,1392.605457701,0.0,1738577311.9151428,,0.0,1.0,0.001,1,16,40x40,PrototypicalNetwork,5,5,Greek,Egyptian,False,1,4000,2,exp1_permuted_src_datasets
249,1392.643015055,0.0,1738577311.9527276,,0.0,1.0,0.001,1,16,40x40,PrototypicalNetwork,5,5,Greek,Egyptian,False,1,4000,2,exp1_permuted_src_datasets
250,1392.675306356,0.0,1738577311.9849894,,0.0,1.0,0.001,1,16,40x40,PrototypicalNetwork,5,5,Greek,Egyptian,False,1,4000,2,exp1_permuted_src_datasets
251,1392.709202135,0.0,1738577312.0189297,,0.0,1.0,0.001,1,16,40x40,PrototypicalNetwork,5,5,Greek,Egyptian,False,1,4000,2,exp1_permuted_src_datasets
252,1392.750171471,0.0,1738577312.0599306,,0.0,1.0,0.001,1,16,40x40,PrototypicalNetwork,5,5,Greek,Egyptian,False,1,4000,2,exp1_permuted_src_datasets
253,1743.357556121,0.0,1738577662.6267717,0.745200002193451,,,0.001,1,16,40x40,PrototypicalNetwork,5,5,Greek,Egyptian,False,1,4000,2,exp1_permuted_src_datasets
254,1743.35760881,0.0,1738577662.6545534,,0.0,1.0,0.001,1,16,40x40,PrototypicalNetwork,5,5,Greek,Egyptian,False,1,4000,2,exp1_permuted_src_datasets
255,1743.383313305,0.0,1738577662.6931007,,0.0,1.0,0.001,1,16,40x40,PrototypicalNetwork,5,5,Greek,Egyptian,False,1,4000,2,exp1_permuted_src_datasets
256,1743.425175596,0.0,1738577662.7348664,,0.0,1.0,0.001,1,16,40x40,PrototypicalNetwork,5,5,Greek,Egyptian,False,1,4000,2,exp1_permuted_src_datasets
257,1743.46139932,0.0,1738577662.7710874,,0.0,1.0,0.001,1,16,40x40,PrototypicalNetwork,5,5,Greek,Egyptian,False,1,4000,2,exp1_permuted_src_datasets
258,1743.50321968,0.0,1738577662.8129103,,0.0,1.0,0.001,1,16,40x40,PrototypicalNetwork,5,5,Greek,Egyptian,False,1,4000,2,exp1_permuted_src_datasets
259,1743.536839198,0.0,1738577662.846502,,0.0,1.0,0.001,1,16,40x40,PrototypicalNetwork,5,5,Greek,Egyptian,False,1,4000,2,exp1_permuted_src_datasets
260,1743.573868239,0.0,1738577662.883595,,0.0,1.0,0.001,1,16,40x40,PrototypicalNetwork,5,5,Greek,Egyptian,False,1,4000,2,exp1_permuted_src_datasets
261,1743.595218656,0.0,1738577662.905,,0.0,1.0,0.001,1,16,40x40,PrototypicalNetwork,5,5,Greek,Egyptian,False,1,4000,2,exp1_permuted_src_datasets
262,1743.614787843,0.0,1738577662.9244874,,0.0,1.0,0.001,1,16,40x40,PrototypicalNetwork,5,5,Greek,Egyptian,False,1,4000,2,exp1_permuted_src_datasets
263,1743.655126428,0.0,1738577662.9647946,,0.0,1.0,0.001,1,16,40x40,PrototypicalNetwork,5,5,Greek,Egyptian,False,1,4000,2,exp1_permuted_src_datasets
264,1743.69891184,0.0,1738577663.0086353,,0.0,1.0,0.001,1,16,40x40,PrototypicalNetwork,5,5,Greek,Egyptian,False,1,4000,2,exp1_permuted_src_datasets
265,1743.725888921,0.0,1738577663.0356946,,0.0,1.0,0.001,1,16,40x40,PrototypicalNetwork,5,5,Greek,Egyptian,False,1,4000,2,exp1_permuted_src_datasets
266,1743.753813811,0.0,1738577663.063589,,0.0,1.0,0.001,1,16,40x40,PrototypicalNetwork,5,5,Greek,Egyptian,False,1,4000,2,exp1_permuted_src_datasets
267,1743.783904067,0.0,1738577663.0936651,,0.0,1.0,0.001,1,16,40x40,PrototypicalNetwork,5,5,Greek,Egyptian,False,1,4000,2,exp1_permuted_src_datasets
268,1743.81842412,0.0,1738577663.1281734,,0.0,1.0,0.001,1,16,40x40,PrototypicalNetwork,5,5,Greek,Egyptian,False,1,4000,2,exp1_permuted_src_datasets
269,1743.847193666,0.0,1738577663.1569774,,0.0,1.0,0.001,1,16,40x40,PrototypicalNetwork,5,5,Greek,Egyptian,False,1,4000,2,exp1_permuted_src_datasets
270,1743.88489069,0.0,1738577663.1946232,,0.0,1.0,0.001,1,16,40x40,PrototypicalNetwork,5,5,Greek,Egyptian,False,1,4000,2,exp1_permuted_src_datasets
271,1743.918288621,0.0,1738577663.2280421,,0.0,1.0,0.001,1,16,40x40,PrototypicalNetwork,5,5,Greek,Egyptian,False,1,4000,2,exp1_permuted_src_datasets
272,1743.947626134,0.0,1738577663.2573757,,0.0,1.0,0.001,1,16,40x40,PrototypicalNetwork,5,5,Greek,Egyptian,False,1,4000,2,exp1_permuted_src_datasets
273,1743.982235865,0.0,1738577663.291991,,0.0,1.0,0.001,1,16,40x40,PrototypicalNetwork,5,5,Greek,Egyptian,False,1,4000,2,exp1_permuted_src_datasets
274,1744.016648353,0.0,1738577663.326379,,0.0,1.0,0.001,1,16,40x40,PrototypicalNetwork,5,5,Greek,Egyptian,False,1,4000,2,exp1_permuted_src_datasets
275,1744.062989535,0.0,1738577663.372658,,0.0,1.0,0.001,1,16,40x40,PrototypicalNetwork,5,5,Greek,Egyptian,False,1,4000,2,exp1_permuted_src_datasets
276,1744.104782997,0.0,1738577663.4145024,,0.0,1.0,0.001,1,16,40x40,PrototypicalNetwork,5,5,Greek,Egyptian,False,1,4000,2,exp1_permuted_src_datasets
277,1744.125120775,0.0,1738577663.434879,,0.0,1.0,0.001,1,16,40x40,PrototypicalNetwork,5,5,Greek,Egyptian,False,1,4000,2,exp1_permuted_src_datasets
278,1744.145287698,0.0,1738577663.45507,,0.0,1.0,0.001,1,16,40x40,PrototypicalNetwork,5,5,Greek,Egyptian,False,1,4000,2,exp1_permuted_src_datasets
279,1744.173472447,0.0,1738577663.4832492,,0.0,1.0,0.001,1,16,40x40,PrototypicalNetwork,5,5,Greek,Egyptian,False,1,4000,2,exp1_permuted_src_datasets
280,1744.215174521,0.0,1738577663.5248735,,0.0,1.0,0.001,1,16,40x40,PrototypicalNetwork,5,5,Greek,Egyptian,False,1,4000,2,exp1_permuted_src_datasets
281,1744.242304509,0.0,1738577663.5520868,,0.0,1.0,0.001,1,16,40x40,PrototypicalNetwork,5,5,Greek,Egyptian,False,1,4000,2,exp1_permuted_src_datasets
282,1744.268136985,0.0,1738577663.5779057,,0.0,1.0,0.001,1,16,40x40,PrototypicalNetwork,5,5,Greek,Egyptian,False,1,4000,2,exp1_permuted_src_datasets
283,1744.294194871,0.0,1738577663.60397,,0.0,1.0,0.001,1,16,40x40,PrototypicalNetwork,5,5,Greek,Egyptian,False,1,4000,2,exp1_permuted_src_datasets
284,1744.320267017,0.0,1738577663.6300793,,0.0,1.0,0.001,1,16,40x40,PrototypicalNetwork,5,5,Greek,Egyptian,False,1,4000,2,exp1_permuted_src_datasets
285,1744.34214549,0.0,1738577663.6519575,,0.0,1.0,0.001,1,16,40x40,PrototypicalNetwork,5,5,Greek,Egyptian,False,1,4000,2,exp1_permuted_src_datasets
286,1744.368158846,0.0,1738577663.6779258,,0.0,1.0,0.001,1,16,40x40,PrototypicalNetwork,5,5,Greek,Egyptian,False,1,4000,2,exp1_permuted_src_datasets
287,1744.388436591,0.0,1738577663.6982396,,0.0,1.0,0.001,1,16,40x40,PrototypicalNetwork,5,5,Greek,Egyptian,False,1,4000,2,exp1_permuted_src_datasets
288,1744.427145803,0.0,1738577663.7369254,,0.0,1.0,0.001,1,16,40x40,PrototypicalNetwork,5,5,Greek,Egyptian,False,1,4000,2,exp1_permuted_src_datasets
289,1744.455270502,0.0,1738577663.7650476,,0.0,1.0,0.001,1,16,40x40,PrototypicalNetwork,5,5,Greek,Egyptian,False,1,4000,2,exp1_permuted_src_datasets
290,1744.479342338,0.0,1738577663.78911,,0.0,1.0,0.001,1,16,40x40,PrototypicalNetwork,5,5,Greek,Egyptian,False,1,4000,2,exp1_permuted_src_datasets
291,1744.499789965,0.0,1738577663.8095744,,0.0,1.0,0.001,1,16,40x40,PrototypicalNetwork,5,5,Greek,Egyptian,False,1,4000,2,exp1_permuted_src_datasets
292,1744.530021075,0.0,1738577663.8397636,,0.0,1.0,0.001,1,16,40x40,PrototypicalNetwork,5,5,Greek,Egyptian,False,1,4000,2,exp1_permuted_src_datasets
293,1744.574275367,0.0,1738577663.883935,,0.0,1.0,0.001,1,16,40x40,PrototypicalNetwork,5,5,Greek,Egyptian,False,1,4000,2,exp1_permuted_src_datasets
294,1744.619020559,0.0,1738577663.9287257,,0.0,1.0,0.001,1,16,40x40,PrototypicalNetwork,5,5,Greek,Egyptian,False,1,4000,2,exp1_permuted_src_datasets
295,1744.64851321,0.0,1738577663.9582355,,0.0,1.0,0.001,1,16,40x40,PrototypicalNetwork,5,5,Greek,Egyptian,False,1,4000,2,exp1_permuted_src_datasets
296,1744.671902228,0.0,1738577663.9816468,,0.0,1.0,0.001,1,16,40x40,PrototypicalNetwork,5,5,Greek,Egyptian,False,1,4000,2,exp1_permuted_src_datasets
297,1744.710585861,0.0,1738577664.02033,,0.0,1.0,0.001,1,16,40x40,PrototypicalNetwork,5,5,Greek,Egyptian,False,1,4000,2,exp1_permuted_src_datasets
298,1744.749093811,0.0,1738577664.058818,,0.0,1.0,0.001,1,16,40x40,PrototypicalNetwork,5,5,Greek,Egyptian,False,1,4000,2,exp1_permuted_src_datasets
299,1744.773986601,0.0,1738577664.0837803,,0.0,1.0,0.001,1,16,40x40,PrototypicalNetwork,5,5,Greek,Egyptian,False,1,4000,2,exp1_permuted_src_datasets
300,1744.793720947,0.0,1738577664.1035044,,0.0,1.0,0.001,1,16,40x40,PrototypicalNetwork,5,5,Greek,Egyptian,False,1,4000,2,exp1_permuted_src_datasets
301,1744.833433342,0.0,1738577664.1431265,,0.0,1.0,0.001,1,16,40x40,PrototypicalNetwork,5,5,Greek,Egyptian,False,1,4000,2,exp1_permuted_src_datasets
302,1744.864706587,0.0,1738577664.1744664,,0.0,1.0,0.001,1,16,40x40,PrototypicalNetwork,5,5,Greek,Egyptian,False,1,4000,2,exp1_permuted_src_datasets
303,1744.88412408,0.0,1738577664.1939318,,0.0,1.0,0.001,1,16,40x40,PrototypicalNetwork,5,5,Greek,Egyptian,False,1,4000,2,exp1_permuted_src_datasets
304,1744.903695377,0.0,1738577664.2134948,,0.0,1.0,0.001,1,16,40x40,PrototypicalNetwork,5,5,Greek,Egyptian,False,1,4000,2,exp1_permuted_src_datasets
305,1744.927422593,0.0,1738577664.2372098,,0.0,1.0,0.001,1,16,40x40,PrototypicalNetwork,5,5,Greek,Egyptian,False,1,4000,2,exp1_permuted_src_datasets
306,1744.947008876,0.0,1738577664.2568202,,0.0,1.0,0.001,1,16,40x40,PrototypicalNetwork,5,5,Greek,Egyptian,False,1,4000,2,exp1_permuted_src_datasets
307,1744.968603807,0.0,1738577664.2783804,,0.0,1.0,0.001,1,16,40x40,PrototypicalNetwork,5,5,Greek,Egyptian,False,1,4000,2,exp1_permuted_src_datasets
308,1744.987116993,0.0,1738577664.2968814,,0.0,1.0,0.001,1,16,40x40,PrototypicalNetwork,5,5,Greek,Egyptian,False,1,4000,2,exp1_permuted_src_datasets
309,1745.031500084,0.0,1738577664.34117,,0.0,1.0,0.001,1,16,40x40,PrototypicalNetwork,5,5,Greek,Egyptian,False,1,4000,2,exp1_permuted_src_datasets
310,1745.0673205,0.0,1738577664.3770354,,0.0,1.0,0.001,1,16,40x40,PrototypicalNetwork,5,5,Greek,Egyptian,False,1,4000,2,exp1_permuted_src_datasets
311,1745.104393345,0.0,1738577664.4140995,,0.0,1.0,0.001,1,16,40x40,PrototypicalNetwork,5,5,Greek,Egyptian,False,1,4000,2,exp1_permuted_src_datasets
312,1745.132065881,0.0,1738577664.4418416,,0.0,1.0,0.001,1,16,40x40,PrototypicalNetwork,5,5,Greek,Egyptian,False,1,4000,2,exp1_permuted_src_datasets
313,1745.170436656,0.0,1738577664.4800975,,0.0,1.0,0.001,1,16,40x40,PrototypicalNetwork,5,5,Greek,Egyptian,False,1,4000,2,exp1_permuted_src_datasets
314,1745.198365245,0.0,1738577664.5081084,,0.0,1.0,0.001,1,16,40x40,PrototypicalNetwork,5,5,Greek,Egyptian,False,1,4000,2,exp1_permuted_src_datasets
315,1745.232956392,0.0,1738577664.542742,,0.0,1.0,0.001,1,16,40x40,PrototypicalNetwork,5,5,Greek,Egyptian,False,1,4000,2,exp1_permuted_src_datasets
316,2092.765566092,0.0,1738578012.032442,0.7397999997138978,,,0.001,1,16,40x40,PrototypicalNetwork,5,5,Greek,Egyptian,False,1,4000,2,exp1_permuted_src_datasets
317,2092.765618864,0.0,1738578012.060449,,0.0,1.0,0.001,1,16,40x40,PrototypicalNetwork,5,5,Greek,Egyptian,False,1,4000,2,exp1_permuted_src_datasets
318,2092.780743595,0.0,1738578012.0905323,,0.0,1.0,0.001,1,16,40x40,PrototypicalNetwork,5,5,Greek,Egyptian,False,1,4000,2,exp1_permuted_src_datasets
319,2092.802606266,0.0,1738578012.1123407,,0.0,1.0,0.001,1,16,40x40,PrototypicalNetwork,5,5,Greek,Egyptian,False,1,4000,2,exp1_permuted_src_datasets
320,2092.831261864,0.0,1738578012.140948,,0.0,1.0,0.001,1,16,40x40,PrototypicalNetwork,5,5,Greek,Egyptian,False,1,4000,2,exp1_permuted_src_datasets
321,2092.862879089,0.0,1738578012.172668,,0.0,1.0,0.001,1,16,40x40,PrototypicalNetwork,5,5,Greek,Egyptian,False,1,4000,2,exp1_permuted_src_datasets
322,2092.882535546,0.0,1738578012.192276,,0.0,1.0,0.001,1,16,40x40,PrototypicalNetwork,5,5,Greek,Egyptian,False,1,4000,2,exp1_permuted_src_datasets
323,2092.904487043,0.0,1738578012.214262,,0.0,1.0,0.001,1,16,40x40,PrototypicalNetwork,5,5,Greek,Egyptian,False,1,4000,2,exp1_permuted_src_datasets
324,2092.937384052,0.0,1738578012.2471056,,0.0,1.0,0.001,1,16,40x40,PrototypicalNetwork,5,5,Greek,Egyptian,False,1,4000,2,exp1_permuted_src_datasets
325,2092.975897753,0.0,1738578012.2856247,,0.0,1.0,0.001,1,16,40x40,PrototypicalNetwork,5,5,Greek,Egyptian,False,1,4000,2,exp1_permuted_src_datasets
326,2093.001936475,0.0,1738578012.311672,,0.0,1.0,0.001,1,16,40x40,PrototypicalNetwork,5,5,Greek,Egyptian,False,1,4000,2,exp1_permuted_src_datasets
327,2093.027706282,0.0,1738578012.3374798,,0.0,1.0,0.001,1,16,40x40,PrototypicalNetwork,5,5,Greek,Egyptian,False,1,4000,2,exp1_permuted_src_datasets
328,2093.048249552,0.0,1738578012.3578744,,0.0,1.0,0.001,1,16,40x40,PrototypicalNetwork,5,5,Greek,Egyptian,False,1,4000,2,exp1_permuted_src_datasets
329,2093.079882185,0.0,1738578012.3896532,,0.0,1.0,0.001,1,16,40x40,PrototypicalNetwork,5,5,Greek,Egyptian,False,1,4000,2,exp1_permuted_src_datasets
330,2093.104590712,0.0,1738578012.4143198,,0.0,1.0,0.001,1,16,40x40,PrototypicalNetwork,5,5,Greek,Egyptian,False,1,4000,2,exp1_permuted_src_datasets
331,2093.128366565,0.0,1738578012.4380941,,0.0,1.0,0.001,1,16,40x40,PrototypicalNetwork,5,5,Greek,Egyptian,False,1,4000,2,exp1_permuted_src_datasets
332,2093.158854153,0.0,1738578012.4685779,,0.0,1.0,0.001,1,16,40x40,PrototypicalNetwork,5,5,Greek,Egyptian,False,1,4000,2,exp1_permuted_src_datasets
333,2093.190768627,0.0,1738578012.500528,,0.0,1.0,0.001,1,16,40x40,PrototypicalNetwork,5,5,Greek,Egyptian,False,1,4000,2,exp1_permuted_src_datasets
334,2093.226382438,0.0,1738578012.5361016,,0.0,1.0,0.001,1,16,40x40,PrototypicalNetwork,5,5,Greek,Egyptian,False,1,4000,2,exp1_permuted_src_datasets
335,2093.264118368,0.0,1738578012.5738564,,0.0,1.0,0.001,1,16,40x40,PrototypicalNetwork,5,5,Greek,Egyptian,False,1,4000,2,exp1_permuted_src_datasets
336,2093.291392488,0.0,1738578012.6011503,,0.0,1.0,0.001,1,16,40x40,PrototypicalNetwork,5,5,Greek,Egyptian,False,1,4000,2,exp1_permuted_src_datasets
337,2093.3237402,0.0,1738578012.6335127,,0.0,1.0,0.001,1,16,40x40,PrototypicalNetwork,5,5,Greek,Egyptian,False,1,4000,2,exp1_permuted_src_datasets
338,2093.367545244,0.0,1738578012.6772945,,0.0,1.0,0.001,1,16,40x40,PrototypicalNetwork,5,5,Greek,Egyptian,False,1,4000,2,exp1_permuted_src_datasets
339,2093.397019254,0.0,1738578012.7067578,,0.0,1.0,0.001,1,16,40x40,PrototypicalNetwork,5,5,Greek,Egyptian,False,1,4000,2,exp1_permuted_src_datasets
340,2093.432038034,0.0,1738578012.7417092,,0.0,1.0,0.001,1,16,40x40,PrototypicalNetwork,5,5,Greek,Egyptian,False,1,4000,2,exp1_permuted_src_datasets
341,2093.463600397,0.0,1738578012.7733593,,0.0,1.0,0.001,1,16,40x40,PrototypicalNetwork,5,5,Greek,Egyptian,False,1,4000,2,exp1_permuted_src_datasets
342,2093.495039049,0.0,1738578012.8048239,,0.0,1.0,0.001,1,16,40x40,PrototypicalNetwork,5,5,Greek,Egyptian,False,1,4000,2,exp1_permuted_src_datasets
343,2093.514478074,0.0,1738578012.8242862,,0.0,1.0,0.001,1,16,40x40,PrototypicalNetwork,5,5,Greek,Egyptian,False,1,4000,2,exp1_permuted_src_datasets
344,2093.548909795,0.0,1738578012.8586657,,0.0,1.0,0.001,1,16,40x40,PrototypicalNetwork,5,5,Greek,Egyptian,False,1,4000,2,exp1_permuted_src_datasets
345,2093.570335296,0.0,1738578012.8801484,,0.0,1.0,0.001,1,16,40x40,PrototypicalNetwork,5,5,Greek,Egyptian,False,1,4000,2,exp1_permuted_src_datasets
346,2093.59203144,0.0,1738578012.9018426,,0.0,1.0,0.001,1,16,40x40,PrototypicalNetwork,5,5,Greek,Egyptian,False,1,4000,2,exp1_permuted_src_datasets
347,2093.625118053,0.0,1738578012.9348822,,0.0,1.0,0.001,1,16,40x40,PrototypicalNetwork,5,5,Greek,Egyptian,False,1,4000,2,exp1_permuted_src_datasets
348,2093.667385233,0.0,1738578012.9771116,,0.0,1.0,0.001,1,16,40x40,PrototypicalNetwork,5,5,Greek,Egyptian,False,1,4000,2,exp1_permuted_src_datasets
349,2093.690176205,0.0,1738578012.9999664,,0.0,1.0,0.001,1,16,40x40,PrototypicalNetwork,5,5,Greek,Egyptian,False,1,4000,2,exp1_permuted_src_datasets
350,2093.70975064,0.0,1738578013.019541,,0.0,1.0,0.001,1,16,40x40,PrototypicalNetwork,5,5,Greek,Egyptian,False,1,4000,2,exp1_permuted_src_datasets
351,2093.740439304,0.0,1738578013.0501432,,0.0,1.0,0.001,1,16,40x40,PrototypicalNetwork,5,5,Greek,Egyptian,False,1,4000,2,exp1_permuted_src_datasets
352,2093.783271008,0.0,1738578013.093035,,0.0,1.0,0.001,1,16,40x40,PrototypicalNetwork,5,5,Greek,Egyptian,False,1,4000,2,exp1_permuted_src_datasets
353,2093.815547964,0.0,1738578013.1252766,,0.0,1.0,0.001,1,16,40x40,PrototypicalNetwork,5,5,Greek,Egyptian,False,1,4000,2,exp1_permuted_src_datasets
354,2093.844180263,0.0,1738578013.153898,,0.0,1.0,0.001,1,16,40x40,PrototypicalNetwork,5,5,Greek,Egyptian,False,1,4000,2,exp1_permuted_src_datasets
355,2093.885079643,0.0,1738578013.194774,,0.0,1.0,0.001,1,16,40x40,PrototypicalNetwork,5,5,Greek,Egyptian,False,1,4000,2,exp1_permuted_src_datasets
356,2093.929487342,0.0,1738578013.2391677,,0.0,1.0,0.001,1,16,40x40,PrototypicalNetwork,5,5,Greek,Egyptian,False,1,4000,2,exp1_permuted_src_datasets
357,2093.979597056,0.0,1738578013.289234,,0.0,1.0,0.001,1,16,40x40,PrototypicalNetwork,5,5,Greek,Egyptian,False,1,4000,2,exp1_permuted_src_datasets
358,2094.031409617,0.0,1738578013.3410485,,0.0,1.0,0.001,1,16,40x40,PrototypicalNetwork,5,5,Greek,Egyptian,False,1,4000,2,exp1_permuted_src_datasets
359,2094.078002635,0.0,1738578013.38775,,0.0,1.0,0.001,1,16,40x40,PrototypicalNetwork,5,5,Greek,Egyptian,False,1,4000,2,exp1_permuted_src_datasets
360,2094.11108476,0.0,1738578013.4208405,,0.0,1.0,0.001,1,16,40x40,PrototypicalNetwork,5,5,Greek,Egyptian,False,1,4000,2,exp1_permuted_src_datasets
361,2094.147422382,0.0,1738578013.4572005,,0.0,1.0,0.001,1,16,40x40,PrototypicalNetwork,5,5,Greek,Egyptian,False,1,4000,2,exp1_permuted_src_datasets
362,2094.17348709,0.0,1738578013.4832284,,0.0,1.0,0.001,1,16,40x40,PrototypicalNetwork,5,5,Greek,Egyptian,False,1,4000,2,exp1_permuted_src_datasets
363,2094.19487212,0.0,1738578013.5046568,,0.0,1.0,0.001,1,16,40x40,PrototypicalNetwork,5,5,Greek,Egyptian,False,1,4000,2,exp1_permuted_src_datasets
364,2094.227530089,0.0,1738578013.5372846,,0.0,1.0,0.001,1,16,40x40,PrototypicalNetwork,5,5,Greek,Egyptian,False,1,4000,2,exp1_permuted_src_datasets
365,2094.250998379,0.0,1738578013.5607953,,0.0,1.0,0.001,1,16,40x40,PrototypicalNetwork,5,5,Greek,Egyptian,False,1,4000,2,exp1_permuted_src_datasets
366,2094.276821736,0.0,1738578013.5865998,,0.0,1.0,0.001,1,16,40x40,PrototypicalNetwork,5,5,Greek,Egyptian,False,1,4000,2,exp1_permuted_src_datasets
367,2094.295902227,0.0,1738578013.6057048,,0.0,1.0,0.001,1,16,40x40,PrototypicalNetwork,5,5,Greek,Egyptian,False,1,4000,2,exp1_permuted_src_datasets
368,2094.337035964,0.0,1738578013.6466572,,0.0,1.0,0.001,1,16,40x40,PrototypicalNetwork,5,5,Greek,Egyptian,False,1,4000,2,exp1_permuted_src_datasets
369,2094.38143363,0.0,1738578013.6910508,,0.0,1.0,0.001,1,16,40x40,PrototypicalNetwork,5,5,Greek,Egyptian,False,1,4000,2,exp1_permuted_src_datasets
370,2094.428994405,0.0,1738578013.7387083,,0.0,1.0,0.001,1,16,40x40,PrototypicalNetwork,5,5,Greek,Egyptian,False,1,4000,2,exp1_permuted_src_datasets
371,2094.453197167,0.0,1738578013.7629476,,0.0,1.0,0.001,1,16,40x40,PrototypicalNetwork,5,5,Greek,Egyptian,False,1,4000,2,exp1_permuted_src_datasets
372,2094.495725951,0.0,1738578013.805413,,0.0,1.0,0.001,1,16,40x40,PrototypicalNetwork,5,5,Greek,Egyptian,False,1,4000,2,exp1_permuted_src_datasets
373,2094.536242027,0.0,1738578013.8459718,,0.0,1.0,0.001,1,16,40x40,PrototypicalNetwork,5,5,Greek,Egyptian,False,1,4000,2,exp1_permuted_src_datasets
374,2094.56857413,0.0,1738578013.8783178,,0.0,1.0,0.001,1,16,40x40,PrototypicalNetwork,5,5,Greek,Egyptian,False,1,4000,2,exp1_permuted_src_datasets
375,2094.592502372,0.0,1738578013.9022489,,0.0,1.0,0.001,1,16,40x40,PrototypicalNetwork,5,5,Greek,Egyptian,False,1,4000,2,exp1_permuted_src_datasets
376,2094.614187073,0.0,1738578013.923968,,0.0,1.0,0.001,1,16,40x40,PrototypicalNetwork,5,5,Greek,Egyptian,False,1,4000,2,exp1_permuted_src_datasets
377,2094.640019202,0.0,1738578013.9497952,,0.0,1.0,0.001,1,16,40x40,PrototypicalNetwork,5,5,Greek,Egyptian,False,1,4000,2,exp1_permuted_src_datasets
378,2094.676746859,0.0,1738578013.986494,,0.0,1.0,0.001,1,16,40x40,PrototypicalNetwork,5,5,Greek,Egyptian,False,1,4000,2,exp1_permuted_src_datasets
379,2440.399289775,0.0,1738578359.709118,0.7395000014305114,,,0.001,1,16,40x40,PrototypicalNetwork,5,5,Greek,Egyptian,False,1,4000,2,exp1_permuted_src_datasets
380,2440.417432968,0.0,1738578359.7271826,,0.0,1.0,0.001,1,16,40x40,PrototypicalNetwork,5,5,Greek,Egyptian,False,1,4000,2,exp1_permuted_src_datasets
381,2440.453055888,0.0,1738578359.762789,,0.0,1.0,0.001,1,16,40x40,PrototypicalNetwork,5,5,Greek,Egyptian,False,1,4000,2,exp1_permuted_src_datasets
382,2440.49228552,0.0,1738578359.8019516,,0.0,1.0,0.001,1,16,40x40,PrototypicalNetwork,5,5,Greek,Egyptian,False,1,4000,2,exp1_permuted_src_datasets
383,2440.531706691,0.0,1738578359.8413935,,0.0,1.0,0.001,1,16,40x40,PrototypicalNetwork,5,5,Greek,Egyptian,False,1,4000,2,exp1_permuted_src_datasets
384,2440.56907019,0.0,1738578359.8788066,,0.0,1.0,0.001,1,16,40x40,PrototypicalNetwork,5,5,Greek,Egyptian,False,1,4000,2,exp1_permuted_src_datasets
385,2440.598929399,0.0,1738578359.9087062,,0.0,1.0,0.001,1,16,40x40,PrototypicalNetwork,5,5,Greek,Egyptian,False,1,4000,2,exp1_permuted_src_datasets
386,2440.651297351,0.0,1738578359.9609392,,0.0,1.0,0.001,1,16,40x40,PrototypicalNetwork,5,5,Greek,Egyptian,False,1,4000,2,exp1_permuted_src_datasets
387,2440.681683407,0.0,1738578359.9914734,,0.0,1.0,0.001,1,16,40x40,PrototypicalNetwork,5,5,Greek,Egyptian,False,1,4000,2,exp1_permuted_src_datasets
388,2440.703223096,0.0,1738578360.0130265,,0.0,1.0,0.001,1,16,40x40,PrototypicalNetwork,5,5,Greek,Egyptian,False,1,4000,2,exp1_permuted_src_datasets
389,2440.740245263,0.0,1738578360.049967,,0.0,1.0,0.001,1,16,40x40,PrototypicalNetwork,5,5,Greek,Egyptian,False,1,4000,2,exp1_permuted_src_datasets
390,2440.765739802,0.0,1738578360.0755427,,0.0,1.0,0.001,1,16,40x40,PrototypicalNetwork,5,5,Greek,Egyptian,False,1,4000,2,exp1_permuted_src_datasets
391,2440.810162954,0.0,1738578360.1198976,,0.0,1.0,0.001,1,16,40x40,PrototypicalNetwork,5,5,Greek,Egyptian,False,1,4000,2,exp1_permuted_src_datasets
392,2440.83469395,0.0,1738578360.1444488,,0.0,1.0,0.001,1,16,40x40,PrototypicalNetwork,5,5,Greek,Egyptian,False,1,4000,2,exp1_permuted_src_datasets
393,2440.858367716,0.0,1738578360.1681402,,0.0,1.0,0.001,1,16,40x40,PrototypicalNetwork,5,5,Greek,Egyptian,False,1,4000,2,exp1_permuted_src_datasets
394,2440.897474251,0.0,1738578360.207168,,0.0,1.0,0.001,1,16,40x40,PrototypicalNetwork,5,5,Greek,Egyptian,False,1,4000,2,exp1_permuted_src_datasets
395,2440.931845768,0.0,1738578360.2415032,,0.0,1.0,0.001,1,16,40x40,PrototypicalNetwork,5,5,Greek,Egyptian,False,1,4000,2,exp1_permuted_src_datasets
396,2440.955526041,0.0,1738578360.2652462,,0.0,1.0,0.001,1,16,40x40,PrototypicalNetwork,5,5,Greek,Egyptian,False,1,4000,2,exp1_permuted_src_datasets
397,2440.979074522,0.0,1738578360.2888489,,0.0,1.0,0.001,1,16,40x40,PrototypicalNetwork,5,5,Greek,Egyptian,False,1,4000,2,exp1_permuted_src_datasets
398,2441.02603714,0.0,1738578360.335801,,0.0,1.0,0.001,1,16,40x40,PrototypicalNetwork,5,5,Greek,Egyptian,False,1,4000,2,exp1_permuted_src_datasets
399,2441.069560797,0.0,1738578360.3675382,,0.0,1.0,0.001,1,16,40x40,PrototypicalNetwork,5,5,Greek,Egyptian,False,1,4000,2,exp1_permuted_src_datasets
400,2441.083280483,0.0,1738578360.3930151,,0.0,1.0,0.001,1,16,40x40,PrototypicalNetwork,5,5,Greek,Egyptian,False,1,4000,2,exp1_permuted_src_datasets
401,2441.125265505,0.0,1738578360.4349878,,0.0,1.0,0.001,1,16,40x40,PrototypicalNetwork,5,5,Greek,Egyptian,False,1,4000,2,exp1_permuted_src_datasets
402,2441.162893909,0.0,1738578360.472626,,0.0,1.0,0.001,1,16,40x40,PrototypicalNetwork,5,5,Greek,Egyptian,False,1,4000,2,exp1_permuted_src_datasets
403,2441.188774478,0.0,1738578360.4985626,,0.0,1.0,0.001,1,16,40x40,PrototypicalNetwork,5,5,Greek,Egyptian,False,1,4000,2,exp1_permuted_src_datasets
404,2441.224772524,0.0,1738578360.5345209,,0.0,1.0,0.001,1,16,40x40,PrototypicalNetwork,5,5,Greek,Egyptian,False,1,4000,2,exp1_permuted_src_datasets
405,2441.264398175,0.0,1738578360.574132,,0.0,1.0,0.001,1,16,40x40,PrototypicalNetwork,5,5,Greek,Egyptian,False,1,4000,2,exp1_permuted_src_datasets
406,2441.299852725,0.0,1738578360.6095235,,0.0,1.0,0.001,1,16,40x40,PrototypicalNetwork,5,5,Greek,Egyptian,False,1,4000,2,exp1_permuted_src_datasets
407,2441.342603263,0.0,1738578360.6523218,,0.0,1.0,0.001,1,16,40x40,PrototypicalNetwork,5,5,Greek,Egyptian,False,1,4000,2,exp1_permuted_src_datasets
408,2441.364024631,0.0,1738578360.6737733,,0.0,1.0,0.001,1,16,40x40,PrototypicalNetwork,5,5,Greek,Egyptian,False,1,4000,2,exp1_permuted_src_datasets
409,2441.384052512,0.0,1738578360.6938124,,0.0,1.0,0.001,1,16,40x40,PrototypicalNetwork,5,5,Greek,Egyptian,False,1,4000,2,exp1_permuted_src_datasets
410,2441.407400633,0.0,1738578360.7171617,,0.0,1.0,0.001,1,16,40x40,PrototypicalNetwork,5,5,Greek,Egyptian,False,1,4000,2,exp1_permuted_src_datasets
411,2441.448364957,0.0,1738578360.7581015,,0.0,1.0,0.001,1,16,40x40,PrototypicalNetwork,5,5,Greek,Egyptian,False,1,4000,2,exp1_permuted_src_datasets
412,2441.496003174,0.0,1738578360.8057215,,0.0,1.0,0.001,1,16,40x40,PrototypicalNetwork,5,5,Greek,Egyptian,False,1,4000,2,exp1_permuted_src_datasets
413,2441.54827394,0.0,1738578360.857925,,0.0,1.0,0.001,1,16,40x40,PrototypicalNetwork,5,5,Greek,Egyptian,False,1,4000,2,exp1_permuted_src_datasets
414,2441.5942006,0.0,1738578360.903834,,0.0,1.0,0.001,1,16,40x40,PrototypicalNetwork,5,5,Greek,Egyptian,False,1,4000,2,exp1_permuted_src_datasets
415,2441.636815688,0.0,1738578360.9465532,,0.0,1.0,0.001,1,16,40x40,PrototypicalNetwork,5,5,Greek,Egyptian,False,1,4000,2,exp1_permuted_src_datasets
416,2441.678123416,0.0,1738578360.9878364,,0.0,1.0,0.001,1,16,40x40,PrototypicalNetwork,5,5,Greek,Egyptian,False,1,4000,2,exp1_permuted_src_datasets
417,2441.707145457,0.0,1738578361.0169327,,0.0,1.0,0.001,1,16,40x40,PrototypicalNetwork,5,5,Greek,Egyptian,False,1,4000,2,exp1_permuted_src_datasets
418,2441.743707683,0.0,1738578361.0534477,,0.0,1.0,0.001,1,16,40x40,PrototypicalNetwork,5,5,Greek,Egyptian,False,1,4000,2,exp1_permuted_src_datasets
419,2441.765345991,0.0,1738578361.07514,,0.0,1.0,0.001,1,16,40x40,PrototypicalNetwork,5,5,Greek,Egyptian,False,1,4000,2,exp1_permuted_src_datasets
420,2441.795316341,0.0,1738578361.1051123,,0.0,1.0,0.001,1,16,40x40,PrototypicalNetwork,5,5,Greek,Egyptian,False,1,4000,2,exp1_permuted_src_datasets
421,2441.844849033,0.0,1738578361.154601,,0.0,1.0,0.001,1,16,40x40,PrototypicalNetwork,5,5,Greek,Egyptian,False,1,4000,2,exp1_permuted_src_datasets
422,2441.88858754,0.0,1738578361.1982608,,0.0,1.0,0.001,1,16,40x40,PrototypicalNetwork,5,5,Greek,Egyptian,False,1,4000,2,exp1_permuted_src_datasets
423,2441.931277206,0.0,1738578361.2409759,,0.0,1.0,0.001,1,16,40x40,PrototypicalNetwork,5,5,Greek,Egyptian,False,1,4000,2,exp1_permuted_src_datasets
424,2441.977349976,0.0,1738578361.286989,,0.0,1.0,0.001,1,16,40x40,PrototypicalNetwork,5,5,Greek,Egyptian,False,1,4000,2,exp1_permuted_src_datasets
425,2442.010662256,0.0,1738578361.3203816,,0.0,1.0,0.001,1,16,40x40,PrototypicalNetwork,5,5,Greek,Egyptian,False,1,4000,2,exp1_permuted_src_datasets
426,2442.043475576,0.0,1738578361.353187,,0.0,1.0,0.001,1,16,40x40,PrototypicalNetwork,5,5,Greek,Egyptian,False,1,4000,2,exp1_permuted_src_datasets
427,2442.069774674,0.0,1738578361.3795176,,0.0,1.0,0.001,1,16,40x40,PrototypicalNetwork,5,5,Greek,Egyptian,False,1,4000,2,exp1_permuted_src_datasets
428,2442.116175823,0.0,1738578361.4258463,,0.0,1.0,0.001,1,16,40x40,PrototypicalNetwork,5,5,Greek,Egyptian,False,1,4000,2,exp1_permuted_src_datasets
429,2442.143336696,0.0,1738578361.4530911,,0.0,1.0,0.001,1,16,40x40,PrototypicalNetwork,5,5,Greek,Egyptian,False,1,4000,2,exp1_permuted_src_datasets
430,2442.181973794,0.0,1738578361.491709,,0.0,1.0,0.001,1,16,40x40,PrototypicalNetwork,5,5,Greek,Egyptian,False,1,4000,2,exp1_permuted_src_datasets
431,2442.227883983,0.0,1738578361.537617,,0.0,1.0,0.001,1,16,40x40,PrototypicalNetwork,5,5,Greek,Egyptian,False,1,4000,2,exp1_permuted_src_datasets
432,2442.270337482,0.0,1738578361.580066,,0.0,1.0,0.001,1,16,40x40,PrototypicalNetwork,5,5,Greek,Egyptian,False,1,4000,2,exp1_permuted_src_datasets
433,2442.30665941,0.0,1738578361.6164088,,0.0,1.0,0.001,1,16,40x40,PrototypicalNetwork,5,5,Greek,Egyptian,False,1,4000,2,exp1_permuted_src_datasets
434,2442.348851846,0.0,1738578361.6585836,,0.0,1.0,0.001,1,16,40x40,PrototypicalNetwork,5,5,Greek,Egyptian,False,1,4000,2,exp1_permuted_src_datasets
435,2442.376741755,0.0,1738578361.6865244,,0.0,1.0,0.001,1,16,40x40,PrototypicalNetwork,5,5,Greek,Egyptian,False,1,4000,2,exp1_permuted_src_datasets
436,2442.40826848,0.0,1738578361.7180092,,0.0,1.0,0.001,1,16,40x40,PrototypicalNetwork,5,5,Greek,Egyptian,False,1,4000,2,exp1_permuted_src_datasets
437,2442.450279077,0.0,1738578361.759996,,0.0,1.0,0.001,1,16,40x40,PrototypicalNetwork,5,5,Greek,Egyptian,False,1,4000,2,exp1_permuted_src_datasets
438,2442.497046689,0.0,1738578361.8067763,,0.0,1.0,0.001,1,16,40x40,PrototypicalNetwork,5,5,Greek,Egyptian,False,1,4000,2,exp1_permuted_src_datasets
439,2442.535840807,0.0,1738578361.8455148,,0.0,1.0,0.001,1,16,40x40,PrototypicalNetwork,5,5,Greek,Egyptian,False,1,4000,2,exp1_permuted_src_datasets
440,2442.574412688,0.0,1738578361.8841176,,0.0,1.0,0.001,1,16,40x40,PrototypicalNetwork,5,5,Greek,Egyptian,False,1,4000,2,exp1_permuted_src_datasets
441,2442.597137909,0.0,1738578361.9068923,,0.0,1.0,0.001,1,16,40x40,PrototypicalNetwork,5,5,Greek,Egyptian,False,1,4000,2,exp1_permuted_src_datasets
442,2785.653585402,0.0,1738578704.921326,0.7363499987125397,,,0.001,1,16,40x40,PrototypicalNetwork,5,5,Greek,Egyptian,False,1,4000,2,exp1_permuted_src_datasets
443,2785.653642379,0.0,1738578704.9469209,,0.0,1.0,0.001,1,16,40x40,PrototypicalNetwork,5,5,Greek,Egyptian,False,1,4000,2,exp1_permuted_src_datasets
444,2785.663370241,0.0,1738578704.9731226,,0.0,1.0,0.001,1,16,40x40,PrototypicalNetwork,5,5,Greek,Egyptian,False,1,4000,2,exp1_permuted_src_datasets
445,2785.702611608,0.0,1738578705.0123513,,0.0,1.0,0.001,1,16,40x40,PrototypicalNetwork,5,5,Greek,Egyptian,False,1,4000,2,exp1_permuted_src_datasets
446,2785.735194805,0.0,1738578705.0449386,,0.0,1.0,0.001,1,16,40x40,PrototypicalNetwork,5,5,Greek,Egyptian,False,1,4000,2,exp1_permuted_src_datasets
447,2785.75532598,0.0,1738578705.0651355,,0.0,1.0,0.001,1,16,40x40,PrototypicalNetwork,5,5,Greek,Egyptian,False,1,4000,2,exp1_permuted_src_datasets
448,2785.78801967,0.0,1738578705.0977554,,0.0,1.0,0.001,1,16,40x40,PrototypicalNetwork,5,5,Greek,Egyptian,False,1,4000,2,exp1_permuted_src_datasets
449,2785.822074544,0.0,1738578705.1318398,,0.0,1.0,0.001,1,16,40x40,PrototypicalNetwork,5,5,Greek,Egyptian,False,1,4000,2,exp1_permuted_src_datasets
450,2785.866234988,0.0,1738578705.1758857,,0.0,1.0,0.001,1,16,40x40,PrototypicalNetwork,5,5,Greek,Egyptian,False,1,4000,2,exp1_permuted_src_datasets
451,2785.907481614,0.0,1738578705.2171888,,0.0,1.0,0.001,1,16,40x40,PrototypicalNetwork,5,5,Greek,Egyptian,False,1,4000,2,exp1_permuted_src_datasets
452,2785.942428318,0.0,1738578705.2521572,,0.0,1.0,0.001,1,16,40x40,PrototypicalNetwork,5,5,Greek,Egyptian,False,1,4000,2,exp1_permuted_src_datasets
453,2785.979979346,0.0,1738578705.2897055,,0.0,1.0,0.001,1,16,40x40,PrototypicalNetwork,5,5,Greek,Egyptian,False,1,4000,2,exp1_permuted_src_datasets
454,2786.017442296,0.0,1738578705.327139,,0.0,1.0,0.001,1,16,40x40,PrototypicalNetwork,5,5,Greek,Egyptian,False,1,4000,2,exp1_permuted_src_datasets
455,2786.044507471,0.0,1738578705.354328,,0.0,1.0,0.001,1,16,40x40,PrototypicalNetwork,5,5,Greek,Egyptian,False,1,4000,2,exp1_permuted_src_datasets
456,2786.064023435,0.0,1738578705.3738384,,0.0,1.0,0.001,1,16,40x40,PrototypicalNetwork,5,5,Greek,Egyptian,False,1,4000,2,exp1_permuted_src_datasets
457,2786.083627186,0.0,1738578705.3934457,,0.0,1.0,0.001,1,16,40x40,PrototypicalNetwork,5,5,Greek,Egyptian,False,1,4000,2,exp1_permuted_src_datasets
458,2786.103402235,0.0,1738578705.4131453,,0.0,1.0,0.001,1,16,40x40,PrototypicalNetwork,5,5,Greek,Egyptian,False,1,4000,2,exp1_permuted_src_datasets
459,2786.133473344,0.0,1738578705.443269,,0.0,1.0,0.001,1,16,40x40,PrototypicalNetwork,5,5,Greek,Egyptian,False,1,4000,2,exp1_permuted_src_datasets
460,2786.155920391,0.0,1738578705.4657142,,0.0,1.0,0.001,1,16,40x40,PrototypicalNetwork,5,5,Greek,Egyptian,False,1,4000,2,exp1_permuted_src_datasets
461,2786.186840391,0.0,1738578705.49663,,0.0,1.0,0.001,1,16,40x40,PrototypicalNetwork,5,5,Greek,Egyptian,False,1,4000,2,exp1_permuted_src_datasets
462,2786.209818987,0.0,1738578705.5196452,,0.0,1.0,0.001,1,16,40x40,PrototypicalNetwork,5,5,Greek,Egyptian,False,1,4000,2,exp1_permuted_src_datasets
463,2786.229581608,0.0,1738578705.5393233,,0.0,1.0,0.001,1,16,40x40,PrototypicalNetwork,5,5,Greek,Egyptian,False,1,4000,2,exp1_permuted_src_datasets
464,2786.248967335,0.0,1738578705.5587835,,0.0,1.0,0.001,1,16,40x40,PrototypicalNetwork,5,5,Greek,Egyptian,False,1,4000,2,exp1_permuted_src_datasets
465,2786.268481751,0.0,1738578705.5782845,,0.0,1.0,0.001,1,16,40x40,PrototypicalNetwork,5,5,Greek,Egyptian,False,1,4000,2,exp1_permuted_src_datasets
466,2786.303540095,0.0,1738578705.613218,,0.0,1.0,0.001,1,16,40x40,PrototypicalNetwork,5,5,Greek,Egyptian,False,1,4000,2,exp1_permuted_src_datasets
467,2786.350816421,0.0,1738578705.6605206,,0.0,1.0,0.001,1,16,40x40,PrototypicalNetwork,5,5,Greek,Egyptian,False,1,4000,2,exp1_permuted_src_datasets
468,2786.39052243,0.0,1738578705.700274,,0.0,1.0,0.001,1,16,40x40,PrototypicalNetwork,5,5,Greek,Egyptian,False,1,4000,2,exp1_permuted_src_datasets
469,2786.424461251,0.0,1738578705.7342434,,0.0,1.0,0.001,1,16,40x40,PrototypicalNetwork,5,5,Greek,Egyptian,False,1,4000,2,exp1_permuted_src_datasets
470,2786.461828936,0.0,1738578705.7715313,,0.0,1.0,0.001,1,16,40x40,PrototypicalNetwork,5,5,Greek,Egyptian,False,1,4000,2,exp1_permuted_src_datasets
471,2786.495143202,0.0,1738578705.8049104,,0.0,1.0,0.001,1,16,40x40,PrototypicalNetwork,5,5,Greek,Egyptian,False,1,4000,2,exp1_permuted_src_datasets
472,2786.534088724,0.0,1738578705.843823,,0.0,1.0,0.001,1,16,40x40,PrototypicalNetwork,5,5,Greek,Egyptian,False,1,4000,2,exp1_permuted_src_datasets
473,2786.557776067,0.0,1738578705.8675976,,0.0,1.0,0.001,1,16,40x40,PrototypicalNetwork,5,5,Greek,Egyptian,False,1,4000,2,exp1_permuted_src_datasets
474,2786.581630666,0.0,1738578705.8914368,,0.0,1.0,0.001,1,16,40x40,PrototypicalNetwork,5,5,Greek,Egyptian,False,1,4000,2,exp1_permuted_src_datasets
475,2786.608679863,0.0,1738578705.9184687,,0.0,1.0,0.001,1,16,40x40,PrototypicalNetwork,5,5,Greek,Egyptian,False,1,4000,2,exp1_permuted_src_datasets
476,2786.632530621,0.0,1738578705.9423535,,0.0,1.0,0.001,1,16,40x40,PrototypicalNetwork,5,5,Greek,Egyptian,False,1,4000,2,exp1_permuted_src_datasets
477,2786.671725078,0.0,1738578705.981516,,0.0,1.0,0.001,1,16,40x40,PrototypicalNetwork,5,5,Greek,Egyptian,False,1,4000,2,exp1_permuted_src_datasets
478,2786.708384891,0.0,1738578706.0181637,,0.0,1.0,0.001,1,16,40x40,PrototypicalNetwork,5,5,Greek,Egyptian,False,1,4000,2,exp1_permuted_src_datasets
479,2786.743030147,0.0,1738578706.0528195,,0.0,1.0,0.001,1,16,40x40,PrototypicalNetwork,5,5,Greek,Egyptian,False,1,4000,2,exp1_permuted_src_datasets
480,2786.777254199,0.0,1738578706.0869849,,0.0,1.0,0.001,1,16,40x40,PrototypicalNetwork,5,5,Greek,Egyptian,False,1,4000,2,exp1_permuted_src_datasets
481,2786.796870882,0.0,1738578706.106675,,0.0,1.0,0.001,1,16,40x40,PrototypicalNetwork,5,5,Greek,Egyptian,False,1,4000,2,exp1_permuted_src_datasets
482,2786.82925692,0.0,1738578706.139046,,0.0,1.0,0.001,1,16,40x40,PrototypicalNetwork,5,5,Greek,Egyptian,False,1,4000,2,exp1_permuted_src_datasets
483,2786.877832589,0.0,1738578706.1874917,,0.0,1.0,0.001,1,16,40x40,PrototypicalNetwork,5,5,Greek,Egyptian,False,1,4000,2,exp1_permuted_src_datasets
484,2786.923613531,0.0,1738578706.2333288,,0.0,1.0,0.001,1,16,40x40,PrototypicalNetwork,5,5,Greek,Egyptian,False,1,4000,2,exp1_permuted_src_datasets
485,2786.959015829,0.0,1738578706.2686985,,0.0,1.0,0.001,1,16,40x40,PrototypicalNetwork,5,5,Greek,Egyptian,False,1,4000,2,exp1_permuted_src_datasets
486,2786.996350819,0.0,1738578706.3060975,,0.0,1.0,0.001,1,16,40x40,PrototypicalNetwork,5,5,Greek,Egyptian,False,1,4000,2,exp1_permuted_src_datasets
487,2787.031367517,0.0,1738578706.3411312,,0.0,1.0,0.001,1,16,40x40,PrototypicalNetwork,5,5,Greek,Egyptian,False,1,4000,2,exp1_permuted_src_datasets
488,2787.07234791,0.0,1738578706.382036,,0.0,1.0,0.001,1,16,40x40,PrototypicalNetwork,5,5,Greek,Egyptian,False,1,4000,2,exp1_permuted_src_datasets
489,2787.100055638,0.0,1738578706.409854,,0.0,1.0,0.001,1,16,40x40,PrototypicalNetwork,5,5,Greek,Egyptian,False,1,4000,2,exp1_permuted_src_datasets
490,2787.136368483,0.0,1738578706.4461207,,0.0,1.0,0.001,1,16,40x40,PrototypicalNetwork,5,5,Greek,Egyptian,False,1,4000,2,exp1_permuted_src_datasets
491,2787.181568225,0.0,1738578706.4912512,,0.0,1.0,0.001,1,16,40x40,PrototypicalNetwork,5,5,Greek,Egyptian,False,1,4000,2,exp1_permuted_src_datasets
492,2787.221744674,0.0,1738578706.5315325,,0.0,1.0,0.001,1,16,40x40,PrototypicalNetwork,5,5,Greek,Egyptian,False,1,4000,2,exp1_permuted_src_datasets
493,2787.260407781,0.0,1738578706.5701702,,0.0,1.0,0.001,1,16,40x40,PrototypicalNetwork,5,5,Greek,Egyptian,False,1,4000,2,exp1_permuted_src_datasets
494,2787.284297155,0.0,1738578706.5940855,,0.0,1.0,0.001,1,16,40x40,PrototypicalNetwork,5,5,Greek,Egyptian,False,1,4000,2,exp1_permuted_src_datasets
495,2787.323211305,0.0,1738578706.6329072,,0.0,1.0,0.001,1,16,40x40,PrototypicalNetwork,5,5,Greek,Egyptian,False,1,4000,2,exp1_permuted_src_datasets
496,2787.358584001,0.0,1738578706.6682138,,0.0,1.0,0.001,1,16,40x40,PrototypicalNetwork,5,5,Greek,Egyptian,False,1,4000,2,exp1_permuted_src_datasets
497,2787.408996308,0.0,1738578706.7186644,,0.0,1.0,0.001,1,16,40x40,PrototypicalNetwork,5,5,Greek,Egyptian,False,1,4000,2,exp1_permuted_src_datasets
498,2787.449321975,0.0,1738578706.7590523,,0.0,1.0,0.001,1,16,40x40,PrototypicalNetwork,5,5,Greek,Egyptian,False,1,4000,2,exp1_permuted_src_datasets
499,2787.475234102,0.0,1738578706.784952,,0.0,1.0,0.001,1,16,40x40,PrototypicalNetwork,5,5,Greek,Egyptian,False,1,4000,2,exp1_permuted_src_datasets
500,2787.496734618,0.0,1738578706.8065536,,0.0,1.0,0.001,1,16,40x40,PrototypicalNetwork,5,5,Greek,Egyptian,False,1,4000,2,exp1_permuted_src_datasets
501,2787.531617991,0.0,1738578706.8413265,,0.0,1.0,0.001,1,16,40x40,PrototypicalNetwork,5,5,Greek,Egyptian,False,1,4000,2,exp1_permuted_src_datasets
502,2787.568286605,0.0,1738578706.878067,,0.0,1.0,0.001,1,16,40x40,PrototypicalNetwork,5,5,Greek,Egyptian,False,1,4000,2,exp1_permuted_src_datasets
503,2787.598263076,0.0,1738578706.9080632,,0.0,1.0,0.001,1,16,40x40,PrototypicalNetwork,5,5,Greek,Egyptian,False,1,4000,2,exp1_permuted_src_datasets
504,2787.620029135,0.0,1738578706.9298332,,0.0,1.0,0.001,1,16,40x40,PrototypicalNetwork,5,5,Greek,Egyptian,False,1,4000,2,exp1_permuted_src_datasets
505,3125.013568442,0.0,1738579044.2819545,0.7361999983787537,,,0.001,1,16,40x40,PrototypicalNetwork,5,5,Greek,Egyptian,False,1,4000,2,exp1_permuted_src_datasets
506,3125.013618559,0.0,1738579044.3027253,,0.0,1.0,0.001,1,16,40x40,PrototypicalNetwork,5,5,Greek,Egyptian,False,1,4000,2,exp1_permuted_src_datasets
507,3125.038187577,0.0,1738579044.3478515,,0.0,1.0,0.001,1,16,40x40,PrototypicalNetwork,5,5,Greek,Egyptian,False,1,4000,2,exp1_permuted_src_datasets
508,3125.086478336,0.0,1738579044.3961837,,0.0,1.0,0.001,1,16,40x40,PrototypicalNetwork,5,5,Greek,Egyptian,False,1,4000,2,exp1_permuted_src_datasets
509,3125.131699296,0.0,1738579044.4414215,,0.0,1.0,0.001,1,16,40x40,PrototypicalNetwork,5,5,Greek,Egyptian,False,1,4000,2,exp1_permuted_src_datasets
510,3125.179156216,0.0,1738579044.4888706,,0.0,1.0,0.001,1,16,40x40,PrototypicalNetwork,5,5,Greek,Egyptian,False,1,4000,2,exp1_permuted_src_datasets
511,3125.21958696,0.0,1738579044.529322,,0.0,1.0,0.001,1,16,40x40,PrototypicalNetwork,5,5,Greek,Egyptian,False,1,4000,2,exp1_permuted_src_datasets
512,3125.24992649,0.0,1738579044.5597277,,0.0,1.0,0.001,1,16,40x40,PrototypicalNetwork,5,5,Greek,Egyptian,False,1,4000,2,exp1_permuted_src_datasets
513,3125.286823681,0.0,1738579044.5965781,,0.0,1.0,0.001,1,16,40x40,PrototypicalNetwork,5,5,Greek,Egyptian,False,1,4000,2,exp1_permuted_src_datasets
514,3125.324076185,0.0,1738579044.6338112,,0.0,1.0,0.001,1,16,40x40,PrototypicalNetwork,5,5,Greek,Egyptian,False,1,4000,2,exp1_permuted_src_datasets
515,3125.351861819,0.0,1738579044.6616838,,0.0,1.0,0.001,1,16,40x40,PrototypicalNetwork,5,5,Greek,Egyptian,False,1,4000,2,exp1_permuted_src_datasets
516,3125.376176862,0.0,1738579044.6859815,,0.0,1.0,0.001,1,16,40x40,PrototypicalNetwork,5,5,Greek,Egyptian,False,1,4000,2,exp1_permuted_src_datasets
517,3125.41980309,0.0,1738579044.7295344,,0.0,1.0,0.001,1,16,40x40,PrototypicalNetwork,5,5,Greek,Egyptian,False,1,4000,2,exp1_permuted_src_datasets
518,3125.454660041,0.0,1738579044.764441,,0.0,1.0,0.001,1,16,40x40,PrototypicalNetwork,5,5,Greek,Egyptian,False,1,4000,2,exp1_permuted_src_datasets
519,3125.480905045,0.0,1738579044.7907069,,0.0,1.0,0.001,1,16,40x40,PrototypicalNetwork,5,5,Greek,Egyptian,False,1,4000,2,exp1_permuted_src_datasets
520,3125.500042115,0.0,1738579044.80983,,0.0,1.0,0.001,1,16,40x40,PrototypicalNetwork,5,5,Greek,Egyptian,False,1,4000,2,exp1_permuted_src_datasets
521,3125.534835917,0.0,1738579044.8444772,,0.0,1.0,0.001,1,16,40x40,PrototypicalNetwork,5,5,Greek,Egyptian,False,1,4000,2,exp1_permuted_src_datasets
522,3125.579734587,0.0,1738579044.8894591,,0.0,1.0,0.001,1,16,40x40,PrototypicalNetwork,5,5,Greek,Egyptian,False,1,4000,2,exp1_permuted_src_datasets
523,3125.622963346,0.0,1738579044.9326444,,0.0,1.0,0.001,1,16,40x40,PrototypicalNetwork,5,5,Greek,Egyptian,False,1,4000,2,exp1_permuted_src_datasets
524,3125.66288801,0.0,1738579044.9725661,,0.0,1.0,0.001,1,16,40x40,PrototypicalNetwork,5,5,Greek,Egyptian,False,1,4000,2,exp1_permuted_src_datasets
525,3125.698058143,0.0,1738579045.0077903,,0.0,1.0,0.001,1,16,40x40,PrototypicalNetwork,5,5,Greek,Egyptian,False,1,4000,2,exp1_permuted_src_datasets
526,3125.727402715,0.0,1738579045.0371335,,0.0,1.0,0.001,1,16,40x40,PrototypicalNetwork,5,5,Greek,Egyptian,False,1,4000,2,exp1_permuted_src_datasets
527,3125.762640151,0.0,1738579045.0723925,,0.0,1.0,0.001,1,16,40x40,PrototypicalNetwork,5,5,Greek,Egyptian,False,1,4000,2,exp1_permuted_src_datasets
528,3125.796085187,0.0,1738579045.105893,,0.0,1.0,0.001,1,16,40x40,PrototypicalNetwork,5,5,Greek,Egyptian,False,1,4000,2,exp1_permuted_src_datasets
529,3125.816392465,0.0,1738579045.126193,,0.0,1.0,0.001,1,16,40x40,PrototypicalNetwork,5,5,Greek,Egyptian,False,1,4000,2,exp1_permuted_src_datasets
530,3125.83601469,0.0,1738579045.145797,,0.0,1.0,0.001,1,16,40x40,PrototypicalNetwork,5,5,Greek,Egyptian,False,1,4000,2,exp1_permuted_src_datasets
531,3125.861764291,0.0,1738579045.1715524,,0.0,1.0,0.001,1,16,40x40,PrototypicalNetwork,5,5,Greek,Egyptian,False,1,4000,2,exp1_permuted_src_datasets
532,3125.892383284,0.0,1738579045.2021506,,0.0,1.0,0.001,1,16,40x40,PrototypicalNetwork,5,5,Greek,Egyptian,False,1,4000,2,exp1_permuted_src_datasets
533,3125.913921106,0.0,1738579045.2237206,,0.0,1.0,0.001,1,16,40x40,PrototypicalNetwork,5,5,Greek,Egyptian,False,1,4000,2,exp1_permuted_src_datasets
534,3125.933399914,0.0,1738579045.2432203,,0.0,1.0,0.001,1,16,40x40,PrototypicalNetwork,5,5,Greek,Egyptian,False,1,4000,2,exp1_permuted_src_datasets
535,3125.968559132,0.0,1738579045.2782795,,0.0,1.0,0.001,1,16,40x40,PrototypicalNetwork,5,5,Greek,Egyptian,False,1,4000,2,exp1_permuted_src_datasets
536,3126.000622788,0.0,1738579045.3103614,,0.0,1.0,0.001,1,16,40x40,PrototypicalNetwork,5,5,Greek,Egyptian,False,1,4000,2,exp1_permuted_src_datasets
537,3126.036107174,0.0,1738579045.3458683,,0.0,1.0,0.001,1,16,40x40,PrototypicalNetwork,5,5,Greek,Egyptian,False,1,4000,2,exp1_permuted_src_datasets
538,3126.082234336,0.0,1738579045.3918736,,0.0,1.0,0.001,1,16,40x40,PrototypicalNetwork,5,5,Greek,Egyptian,False,1,4000,2,exp1_permuted_src_datasets
539,3126.126252831,0.0,1738579045.4359896,,0.0,1.0,0.001,1,16,40x40,PrototypicalNetwork,5,5,Greek,Egyptian,False,1,4000,2,exp1_permuted_src_datasets
540,3126.161674748,0.0,1738579045.4714193,,0.0,1.0,0.001,1,16,40x40,PrototypicalNetwork,5,5,Greek,Egyptian,False,1,4000,2,exp1_permuted_src_datasets
541,3126.193473246,0.0,1738579045.503159,,0.0,1.0,0.001,1,16,40x40,PrototypicalNetwork,5,5,Greek,Egyptian,False,1,4000,2,exp1_permuted_src_datasets
542,3126.215455055,0.0,1738579045.525164,,0.0,1.0,0.001,1,16,40x40,PrototypicalNetwork,5,5,Greek,Egyptian,False,1,4000,2,exp1_permuted_src_datasets
543,3126.241743261,0.0,1738579045.5514884,,0.0,1.0,0.001,1,16,40x40,PrototypicalNetwork,5,5,Greek,Egyptian,False,1,4000,2,exp1_permuted_src_datasets
544,3126.274111465,0.0,1738579045.583859,,0.0,1.0,0.001,1,16,40x40,PrototypicalNetwork,5,5,Greek,Egyptian,False,1,4000,2,exp1_permuted_src_datasets
545,3126.304186334,0.0,1738579045.6139557,,0.0,1.0,0.001,1,16,40x40,PrototypicalNetwork,5,5,Greek,Egyptian,False,1,4000,2,exp1_permuted_src_datasets
546,3126.334053097,0.0,1738579045.6438458,,0.0,1.0,0.001,1,16,40x40,PrototypicalNetwork,5,5,Greek,Egyptian,False,1,4000,2,exp1_permuted_src_datasets
547,3126.35344475,0.0,1738579045.6632636,,0.0,1.0,0.001,1,16,40x40,PrototypicalNetwork,5,5,Greek,Egyptian,False,1,4000,2,exp1_permuted_src_datasets
548,3126.382581052,0.0,1738579045.6923392,,0.0,1.0,0.001,1,16,40x40,PrototypicalNetwork,5,5,Greek,Egyptian,False,1,4000,2,exp1_permuted_src_datasets
549,3126.423555832,0.0,1738579045.733315,,0.0,1.0,0.001,1,16,40x40,PrototypicalNetwork,5,5,Greek,Egyptian,False,1,4000,2,exp1_permuted_src_datasets
550,3126.460082518,0.0,1738579045.769853,,0.0,1.0,0.001,1,16,40x40,PrototypicalNetwork,5,5,Greek,Egyptian,False,1,4000,2,exp1_permuted_src_datasets
551,3126.501513319,0.0,1738579045.8112776,,0.0,1.0,0.001,1,16,40x40,PrototypicalNetwork,5,5,Greek,Egyptian,False,1,4000,2,exp1_permuted_src_datasets
552,3126.542266498,0.0,1738579045.8520033,,0.0,1.0,0.001,1,16,40x40,PrototypicalNetwork,5,5,Greek,Egyptian,False,1,4000,2,exp1_permuted_src_datasets
553,3126.591396953,0.0,1738579045.9010496,,0.0,1.0,0.001,1,16,40x40,PrototypicalNetwork,5,5,Greek,Egyptian,False,1,4000,2,exp1_permuted_src_datasets
554,3126.640597289,0.0,1738579045.9502852,,0.0,1.0,0.001,1,16,40x40,PrototypicalNetwork,5,5,Greek,Egyptian,False,1,4000,2,exp1_permuted_src_datasets
555,3126.679516013,0.0,1738579045.989181,,0.0,1.0,0.001,1,16,40x40,PrototypicalNetwork,5,5,Greek,Egyptian,False,1,4000,2,exp1_permuted_src_datasets
556,3126.719600233,0.0,1738579046.0293567,,0.0,1.0,0.001,1,16,40x40,PrototypicalNetwork,5,5,Greek,Egyptian,False,1,4000,2,exp1_permuted_src_datasets
557,3126.759202596,0.0,1738579046.0689418,,0.0,1.0,0.001,1,16,40x40,PrototypicalNetwork,5,5,Greek,Egyptian,False,1,4000,2,exp1_permuted_src_datasets
558,3126.803053814,0.0,1738579046.1127803,,0.0,1.0,0.001,1,16,40x40,PrototypicalNetwork,5,5,Greek,Egyptian,False,1,4000,2,exp1_permuted_src_datasets
559,3126.844422977,0.0,1738579046.1540895,,0.0,1.0,0.001,1,16,40x40,PrototypicalNetwork,5,5,Greek,Egyptian,False,1,4000,2,exp1_permuted_src_datasets
560,3126.869064391,0.0,1738579046.1788766,,0.0,1.0,0.001,1,16,40x40,PrototypicalNetwork,5,5,Greek,Egyptian,False,1,4000,2,exp1_permuted_src_datasets
561,3126.89273926,0.0,1738579046.2025237,,0.0,1.0,0.001,1,16,40x40,PrototypicalNetwork,5,5,Greek,Egyptian,False,1,4000,2,exp1_permuted_src_datasets
562,3126.918780842,0.0,1738579046.2285547,,0.0,1.0,0.001,1,16,40x40,PrototypicalNetwork,5,5,Greek,Egyptian,False,1,4000,2,exp1_permuted_src_datasets
563,3126.938375226,0.0,1738579046.2481778,,0.0,1.0,0.001,1,16,40x40,PrototypicalNetwork,5,5,Greek,Egyptian,False,1,4000,2,exp1_permuted_src_datasets
564,3126.974053482,0.0,1738579046.283809,,0.0,1.0,0.001,1,16,40x40,PrototypicalNetwork,5,5,Greek,Egyptian,False,1,4000,2,exp1_permuted_src_datasets
565,3127.011682239,0.0,1738579046.3213675,,0.0,1.0,0.001,1,16,40x40,PrototypicalNetwork,5,5,Greek,Egyptian,False,1,4000,2,exp1_permuted_src_datasets
566,3127.032245079,0.0,1738579046.342015,,0.0,1.0,0.001,1,16,40x40,PrototypicalNetwork,5,5,Greek,Egyptian,False,1,4000,2,exp1_permuted_src_datasets
567,3127.062682736,0.0,1738579046.3723779,,0.0,1.0,0.001,1,16,40x40,PrototypicalNetwork,5,5,Greek,Egyptian,False,1,4000,2,exp1_permuted_src_datasets
568,3506.22157868,0.0,1738579425.4883845,0.734849999666214,,,0.001,1,16,40x40,PrototypicalNetwork,5,5,Greek,Egyptian,False,1,4000,2,exp1_permuted_src_datasets
569,3506.221628759,0.0,1738579425.5215034,,0.0,1.0,0.001,1,16,40x40,PrototypicalNetwork,5,5,Greek,Egyptian,False,1,4000,2,exp1_permuted_src_datasets
570,3506.251999599,0.0,1738579425.5616803,,0.0,1.0,0.001,1,16,40x40,PrototypicalNetwork,5,5,Greek,Egyptian,False,1,4000,2,exp1_permuted_src_datasets
571,3506.289861232,0.0,1738579425.5995553,,0.0,1.0,0.001,1,16,40x40,PrototypicalNetwork,5,5,Greek,Egyptian,False,1,4000,2,exp1_permuted_src_datasets
572,3506.329150866,0.0,1738579425.6388497,,0.0,1.0,0.001,1,16,40x40,PrototypicalNetwork,5,5,Greek,Egyptian,False,1,4000,2,exp1_permuted_src_datasets
573,3506.365605678,0.0,1738579425.6753037,,0.0,1.0,0.001,1,16,40x40,PrototypicalNetwork,5,5,Greek,Egyptian,False,1,4000,2,exp1_permuted_src_datasets
574,3506.411557912,0.0,1738579425.721203,,0.0,1.0,0.001,1,16,40x40,PrototypicalNetwork,5,5,Greek,Egyptian,False,1,4000,2,exp1_permuted_src_datasets
575,3506.450840452,0.0,1738579425.7604923,,0.0,1.0,0.001,1,16,40x40,PrototypicalNetwork,5,5,Greek,Egyptian,False,1,4000,2,exp1_permuted_src_datasets
576,3506.494424116,0.0,1738579425.80415,,0.0,1.0,0.001,1,16,40x40,PrototypicalNetwork,5,5,Greek,Egyptian,False,1,4000,2,exp1_permuted_src_datasets
577,3506.535580384,0.0,1738579425.8452694,,0.0,1.0,0.001,1,16,40x40,PrototypicalNetwork,5,5,Greek,Egyptian,False,1,4000,2,exp1_permuted_src_datasets
578,3506.581593495,0.0,1738579425.8912256,,0.0,1.0,0.001,1,16,40x40,PrototypicalNetwork,5,5,Greek,Egyptian,False,1,4000,2,exp1_permuted_src_datasets
579,3506.625823589,0.0,1738579425.935532,,0.0,1.0,0.001,1,16,40x40,PrototypicalNetwork,5,5,Greek,Egyptian,False,1,4000,2,exp1_permuted_src_datasets
580,3506.671471697,0.0,1738579425.9811487,,0.0,1.0,0.001,1,16,40x40,PrototypicalNetwork,5,5,Greek,Egyptian,False,1,4000,2,exp1_permuted_src_datasets
581,3506.706061039,0.0,1738579426.0157716,,0.0,1.0,0.001,1,16,40x40,PrototypicalNetwork,5,5,Greek,Egyptian,False,1,4000,2,exp1_permuted_src_datasets
582,3506.75136608,0.0,1738579426.0610838,,0.0,1.0,0.001,1,16,40x40,PrototypicalNetwork,5,5,Greek,Egyptian,False,1,4000,2,exp1_permuted_src_datasets
583,3506.77922857,0.0,1738579426.0889664,,0.0,1.0,0.001,1,16,40x40,PrototypicalNetwork,5,5,Greek,Egyptian,False,1,4000,2,exp1_permuted_src_datasets
584,3506.803017762,0.0,1738579426.1127825,,0.0,1.0,0.001,1,16,40x40,PrototypicalNetwork,5,5,Greek,Egyptian,False,1,4000,2,exp1_permuted_src_datasets
585,3506.846160682,0.0,1738579426.1559196,,0.0,1.0,0.001,1,16,40x40,PrototypicalNetwork,5,5,Greek,Egyptian,False,1,4000,2,exp1_permuted_src_datasets
586,3506.887247804,0.0,1738579426.1969328,,0.0,1.0,0.001,1,16,40x40,PrototypicalNetwork,5,5,Greek,Egyptian,False,1,4000,2,exp1_permuted_src_datasets
587,3506.917070768,0.0,1738579426.2268379,,0.0,1.0,0.001,1,16,40x40,PrototypicalNetwork,5,5,Greek,Egyptian,False,1,4000,2,exp1_permuted_src_datasets
588,3506.945378937,0.0,1738579426.2551122,,0.0,1.0,0.001,1,16,40x40,PrototypicalNetwork,5,5,Greek,Egyptian,False,1,4000,2,exp1_permuted_src_datasets
589,3506.975625402,0.0,1738579426.285414,,0.0,1.0,0.001,1,16,40x40,PrototypicalNetwork,5,5,Greek,Egyptian,False,1,4000,2,exp1_permuted_src_datasets
590,3507.010483414,0.0,1738579426.3201747,,0.0,1.0,0.001,1,16,40x40,PrototypicalNetwork,5,5,Greek,Egyptian,False,1,4000,2,exp1_permuted_src_datasets
591,3507.057877036,0.0,1738579426.3675432,,0.0,1.0,0.001,1,16,40x40,PrototypicalNetwork,5,5,Greek,Egyptian,False,1,4000,2,exp1_permuted_src_datasets
592,3507.097595594,0.0,1738579426.4072368,,0.0,1.0,0.001,1,16,40x40,PrototypicalNetwork,5,5,Greek,Egyptian,False,1,4000,2,exp1_permuted_src_datasets
593,3507.144705404,0.0,1738579426.4543586,,0.0,1.0,0.001,1,16,40x40,PrototypicalNetwork,5,5,Greek,Egyptian,False,1,4000,2,exp1_permuted_src_datasets
594,3507.200874115,0.0,1738579426.5105352,,0.0,1.0,0.001,1,16,40x40,PrototypicalNetwork,5,5,Greek,Egyptian,False,1,4000,2,exp1_permuted_src_datasets
595,3507.253917963,0.0,1738579426.5635786,,0.0,1.0,0.001,1,16,40x40,PrototypicalNetwork,5,5,Greek,Egyptian,False,1,4000,2,exp1_permuted_src_datasets
596,3507.296890523,0.0,1738579426.6066232,,0.0,1.0,0.001,1,16,40x40,PrototypicalNetwork,5,5,Greek,Egyptian,False,1,4000,2,exp1_permuted_src_datasets
597,3507.340178587,0.0,1738579426.6499014,,0.0,1.0,0.001,1,16,40x40,PrototypicalNetwork,5,5,Greek,Egyptian,False,1,4000,2,exp1_permuted_src_datasets
598,3507.370333208,0.0,1738579426.6800628,,0.0,1.0,0.001,1,16,40x40,PrototypicalNetwork,5,5,Greek,Egyptian,False,1,4000,2,exp1_permuted_src_datasets
599,3507.400275778,0.0,1738579426.710016,,0.0,1.0,0.001,1,16,40x40,PrototypicalNetwork,5,5,Greek,Egyptian,False,1,4000,2,exp1_permuted_src_datasets
600,3507.437324666,0.0,1738579426.7470975,,0.0,1.0,0.001,1,16,40x40,PrototypicalNetwork,5,5,Greek,Egyptian,False,1,4000,2,exp1_permuted_src_datasets
601,3507.471838259,0.0,1738579426.7815692,,0.0,1.0,0.001,1,16,40x40,PrototypicalNetwork,5,5,Greek,Egyptian,False,1,4000,2,exp1_permuted_src_datasets
602,3507.507316121,0.0,1738579426.8170552,,0.0,1.0,0.001,1,16,40x40,PrototypicalNetwork,5,5,Greek,Egyptian,False,1,4000,2,exp1_permuted_src_datasets
603,3507.528881298,0.0,1738579426.8386655,,0.0,1.0,0.001,1,16,40x40,PrototypicalNetwork,5,5,Greek,Egyptian,False,1,4000,2,exp1_permuted_src_datasets
604,3507.550975256,0.0,1738579426.8606791,,0.0,1.0,0.001,1,16,40x40,PrototypicalNetwork,5,5,Greek,Egyptian,False,1,4000,2,exp1_permuted_src_datasets
605,3507.574706339,0.0,1738579426.884399,,0.0,1.0,0.001,1,16,40x40,PrototypicalNetwork,5,5,Greek,Egyptian,False,1,4000,2,exp1_permuted_src_datasets
606,3507.621378953,0.0,1738579426.9309924,,0.0,1.0,0.001,1,16,40x40,PrototypicalNetwork,5,5,Greek,Egyptian,False,1,4000,2,exp1_permuted_src_datasets
607,3507.649634548,0.0,1738579426.9593167,,0.0,1.0,0.001,1,16,40x40,PrototypicalNetwork,5,5,Greek,Egyptian,False,1,4000,2,exp1_permuted_src_datasets
608,3507.67777815,0.0,1738579426.9875016,,0.0,1.0,0.001,1,16,40x40,PrototypicalNetwork,5,5,Greek,Egyptian,False,1,4000,2,exp1_permuted_src_datasets
609,3507.713366585,0.0,1738579427.0230806,,0.0,1.0,0.001,1,16,40x40,PrototypicalNetwork,5,5,Greek,Egyptian,False,1,4000,2,exp1_permuted_src_datasets
610,3507.745295766,0.0,1738579427.055037,,0.0,1.0,0.001,1,16,40x40,PrototypicalNetwork,5,5,Greek,Egyptian,False,1,4000,2,exp1_permuted_src_datasets
611,3507.772549303,0.0,1738579427.0822985,,0.0,1.0,0.001,1,16,40x40,PrototypicalNetwork,5,5,Greek,Egyptian,False,1,4000,2,exp1_permuted_src_datasets
612,3507.819765371,0.0,1738579427.129478,,0.0,1.0,0.001,1,16,40x40,PrototypicalNetwork,5,5,Greek,Egyptian,False,1,4000,2,exp1_permuted_src_datasets
613,3507.855835169,0.0,1738579427.1655974,,0.0,1.0,0.001,1,16,40x40,PrototypicalNetwork,5,5,Greek,Egyptian,False,1,4000,2,exp1_permuted_src_datasets
614,3507.885878271,0.0,1738579427.1956336,,0.0,1.0,0.001,1,16,40x40,PrototypicalNetwork,5,5,Greek,Egyptian,False,1,4000,2,exp1_permuted_src_datasets
615,3507.90744825,0.0,1738579427.2172127,,0.0,1.0,0.001,1,16,40x40,PrototypicalNetwork,5,5,Greek,Egyptian,False,1,4000,2,exp1_permuted_src_datasets
616,3507.928949688,0.0,1738579427.2387443,,0.0,1.0,0.001,1,16,40x40,PrototypicalNetwork,5,5,Greek,Egyptian,False,1,4000,2,exp1_permuted_src_datasets
617,3507.950850338,0.0,1738579427.2606132,,0.0,1.0,0.001,1,16,40x40,PrototypicalNetwork,5,5,Greek,Egyptian,False,1,4000,2,exp1_permuted_src_datasets
618,3507.993131266,0.0,1738579427.3027954,,0.0,1.0,0.001,1,16,40x40,PrototypicalNetwork,5,5,Greek,Egyptian,False,1,4000,2,exp1_permuted_src_datasets
619,3508.031568471,0.0,1738579427.3412824,,0.0,1.0,0.001,1,16,40x40,PrototypicalNetwork,5,5,Greek,Egyptian,False,1,4000,2,exp1_permuted_src_datasets
620,3508.063546958,0.0,1738579427.3732867,,0.0,1.0,0.001,1,16,40x40,PrototypicalNetwork,5,5,Greek,Egyptian,False,1,4000,2,exp1_permuted_src_datasets
621,3508.095385395,0.0,1738579427.405117,,0.0,1.0,0.001,1,16,40x40,PrototypicalNetwork,5,5,Greek,Egyptian,False,1,4000,2,exp1_permuted_src_datasets
622,3508.140833497,0.0,1738579427.4505153,,0.0,1.0,0.001,1,16,40x40,PrototypicalNetwork,5,5,Greek,Egyptian,False,1,4000,2,exp1_permuted_src_datasets
623,3508.173068673,0.0,1738579427.4827826,,0.0,1.0,0.001,1,16,40x40,PrototypicalNetwork,5,5,Greek,Egyptian,False,1,4000,2,exp1_permuted_src_datasets
624,3508.218283571,0.0,1738579427.5279863,,0.0,1.0,0.001,1,16,40x40,PrototypicalNetwork,5,5,Greek,Egyptian,False,1,4000,2,exp1_permuted_src_datasets
625,3508.258625355,0.0,1738579427.568278,,0.0,1.0,0.001,1,16,40x40,PrototypicalNetwork,5,5,Greek,Egyptian,False,1,4000,2,exp1_permuted_src_datasets
626,3508.295660034,0.0,1738579427.605372,,0.0,1.0,0.001,1,16,40x40,PrototypicalNetwork,5,5,Greek,Egyptian,False,1,4000,2,exp1_permuted_src_datasets
627,3508.331440816,0.0,1738579427.641155,,0.0,1.0,0.001,1,16,40x40,PrototypicalNetwork,5,5,Greek,Egyptian,False,1,4000,2,exp1_permuted_src_datasets
628,3508.367542835,0.0,1738579427.6773055,,0.0,1.0,0.001,1,16,40x40,PrototypicalNetwork,5,5,Greek,Egyptian,False,1,4000,2,exp1_permuted_src_datasets
629,3508.416186952,0.0,1738579427.7258751,,0.0,1.0,0.001,1,16,40x40,PrototypicalNetwork,5,5,Greek,Egyptian,False,1,4000,2,exp1_permuted_src_datasets
630,3508.461505332,0.0,1738579427.7711513,,0.0,1.0,0.001,1,16,40x40,PrototypicalNetwork,5,5,Greek,Egyptian,False,1,4000,2,exp1_permuted_src_datasets
631,3915.529606848,0.0,1738579834.7991467,0.7353000004291534,,,0.001,1,16,40x40,PrototypicalNetwork,5,5,Greek,Egyptian,False,1,4000,2,exp1_permuted_src_datasets
632,3915.529649455,1.0,1738579834.7998743,,,,0.001,1,16,40x40,PrototypicalNetwork,5,5,Greek,Egyptian,False,1,4000,2,exp1_permuted_src_datasets
633,4324.897548147,1.0,1738580244.1677427,0.7101000010967254,,,0.001,1,16,40x40,PrototypicalNetwork,5,5,Greek,Egyptian,False,1,4000,2,exp1_permuted_src_datasets
634,4324.897601893,1.0,1738580244.1941729,,8.910880637813534e-07,1.0,0.001,1,16,40x40,PrototypicalNetwork,5,5,Greek,Egyptian,False,1,4000,2,exp1_permuted_src_datasets
635,4324.904009584,1.0,1738580244.2138245,,0.0,1.0,0.001,1,16,40x40,PrototypicalNetwork,5,5,Greek,Egyptian,False,1,4000,2,exp1_permuted_src_datasets
636,4324.947540867,1.0,1738580244.2572913,,0.0,1.0,0.001,1,16,40x40,PrototypicalNetwork,5,5,Greek,Egyptian,False,1,4000,2,exp1_permuted_src_datasets
637,4324.97976948,1.0,1738580244.2894547,,0.0,1.0,0.001,1,16,40x40,PrototypicalNetwork,5,5,Greek,Egyptian,False,1,4000,2,exp1_permuted_src_datasets
638,4325.001015879,1.0,1738580244.3108065,,0.0,1.0,0.001,1,16,40x40,PrototypicalNetwork,5,5,Greek,Egyptian,False,1,4000,2,exp1_permuted_src_datasets
639,4325.0508867,1.0,1738580244.360592,,0.0,1.0,0.001,1,16,40x40,PrototypicalNetwork,5,5,Greek,Egyptian,False,1,4000,2,exp1_permuted_src_datasets
640,4325.089961785,1.0,1738580244.399649,,0.0,1.0,0.001,1,16,40x40,PrototypicalNetwork,5,5,Greek,Egyptian,False,1,4000,2,exp1_permuted_src_datasets
641,4325.123414235,1.0,1738580244.43311,,0.0,1.0,0.001,1,16,40x40,PrototypicalNetwork,5,5,Greek,Egyptian,False,1,4000,2,exp1_permuted_src_datasets
642,4325.158560056,1.0,1738580244.4682822,,0.0,1.0,0.001,1,16,40x40,PrototypicalNetwork,5,5,Greek,Egyptian,False,1,4000,2,exp1_permuted_src_datasets
643,4325.179941864,1.0,1738580244.4897168,,0.0,1.0,0.001,1,16,40x40,PrototypicalNetwork,5,5,Greek,Egyptian,False,1,4000,2,exp1_permuted_src_datasets
644,4325.217776745,1.0,1738580244.5274596,,0.0,1.0,0.001,1,16,40x40,PrototypicalNetwork,5,5,Greek,Egyptian,False,1,4000,2,exp1_permuted_src_datasets
645,4325.253198649,1.0,1738580244.5629404,,0.0,1.0,0.001,1,16,40x40,PrototypicalNetwork,5,5,Greek,Egyptian,False,1,4000,2,exp1_permuted_src_datasets
646,4325.297705503,1.0,1738580244.6073413,,0.0,1.0,0.001,1,16,40x40,PrototypicalNetwork,5,5,Greek,Egyptian,False,1,4000,2,exp1_permuted_src_datasets
647,4325.334816645,1.0,1738580244.6445358,,0.0,1.0,0.001,1,16,40x40,PrototypicalNetwork,5,5,Greek,Egyptian,False,1,4000,2,exp1_permuted_src_datasets
648,4325.362719605,1.0,1738580244.6724496,,0.0,1.0,0.001,1,16,40x40,PrototypicalNetwork,5,5,Greek,Egyptian,False,1,4000,2,exp1_permuted_src_datasets
649,4325.390903053,1.0,1738580244.7006598,,0.0,1.0,0.001,1,16,40x40,PrototypicalNetwork,5,5,Greek,Egyptian,False,1,4000,2,exp1_permuted_src_datasets
650,4325.43219452,1.0,1738580244.741854,,0.0,1.0,0.001,1,16,40x40,PrototypicalNetwork,5,5,Greek,Egyptian,False,1,4000,2,exp1_permuted_src_datasets
651,4325.487852423,1.0,1738580244.7975273,,0.0,1.0,0.001,1,16,40x40,PrototypicalNetwork,5,5,Greek,Egyptian,False,1,4000,2,exp1_permuted_src_datasets
652,4325.535523062,1.0,1738580244.8452282,,0.0,1.0,0.001,1,16,40x40,PrototypicalNetwork,5,5,Greek,Egyptian,False,1,4000,2,exp1_permuted_src_datasets
653,4325.5822208,1.0,1738580244.891896,,0.0,1.0,0.001,1,16,40x40,PrototypicalNetwork,5,5,Greek,Egyptian,False,1,4000,2,exp1_permuted_src_datasets
654,4325.626836168,1.0,1738580244.9365733,,0.0,1.0,0.001,1,16,40x40,PrototypicalNetwork,5,5,Greek,Egyptian,False,1,4000,2,exp1_permuted_src_datasets
655,4325.663892274,1.0,1738580244.9736083,,0.0,1.0,0.001,1,16,40x40,PrototypicalNetwork,5,5,Greek,Egyptian,False,1,4000,2,exp1_permuted_src_datasets
656,4325.710344803,1.0,1738580245.0200655,,0.0,1.0,0.001,1,16,40x40,PrototypicalNetwork,5,5,Greek,Egyptian,False,1,4000,2,exp1_permuted_src_datasets
657,4325.745253296,1.0,1738580245.054989,,0.0,1.0,0.001,1,16,40x40,PrototypicalNetwork,5,5,Greek,Egyptian,False,1,4000,2,exp1_permuted_src_datasets
658,4325.773538337,1.0,1738580245.0832582,,0.0,1.0,0.001,1,16,40x40,PrototypicalNetwork,5,5,Greek,Egyptian,False,1,4000,2,exp1_permuted_src_datasets
659,4325.812137252,1.0,1738580245.1218944,,0.0,1.0,0.001,1,16,40x40,PrototypicalNetwork,5,5,Greek,Egyptian,False,1,4000,2,exp1_permuted_src_datasets
660,4325.842416965,1.0,1738580245.152213,,0.0,1.0,0.001,1,16,40x40,PrototypicalNetwork,5,5,Greek,Egyptian,False,1,4000,2,exp1_permuted_src_datasets
661,4325.892562845,1.0,1738580245.2022731,,0.0,1.0,0.001,1,16,40x40,PrototypicalNetwork,5,5,Greek,Egyptian,False,1,4000,2,exp1_permuted_src_datasets
662,4325.929544966,1.0,1738580245.239217,,0.0,1.0,0.001,1,16,40x40,PrototypicalNetwork,5,5,Greek,Egyptian,False,1,4000,2,exp1_permuted_src_datasets
663,4325.982539672,1.0,1738580245.2922506,,0.0,1.0,0.001,1,16,40x40,PrototypicalNetwork,5,5,Greek,Egyptian,False,1,4000,2,exp1_permuted_src_datasets
664,4326.023470512,1.0,1738580245.333142,,0.0,1.0,0.001,1,16,40x40,PrototypicalNetwork,5,5,Greek,Egyptian,False,1,4000,2,exp1_permuted_src_datasets
665,4326.069465114,1.0,1738580245.379129,,0.0,1.0,0.001,1,16,40x40,PrototypicalNetwork,5,5,Greek,Egyptian,False,1,4000,2,exp1_permuted_src_datasets
666,4326.125571885,1.0,1738580245.4352095,,0.0,1.0,0.001,1,16,40x40,PrototypicalNetwork,5,5,Greek,Egyptian,False,1,4000,2,exp1_permuted_src_datasets
667,4326.175681369,1.0,1738580245.4853432,,0.0,1.0,0.001,1,16,40x40,PrototypicalNetwork,5,5,Greek,Egyptian,False,1,4000,2,exp1_permuted_src_datasets
668,4326.227015143,1.0,1738580245.5366626,,0.0,1.0,0.001,1,16,40x40,PrototypicalNetwork,5,5,Greek,Egyptian,False,1,4000,2,exp1_permuted_src_datasets
669,4326.310125767,1.0,1738580245.6197233,,0.0,1.0,0.001,1,16,40x40,PrototypicalNetwork,5,5,Greek,Egyptian,False,1,4000,2,exp1_permuted_src_datasets
670,4326.359953731,1.0,1738580245.669645,,0.0,1.0,0.001,1,16,40x40,PrototypicalNetwork,5,5,Greek,Egyptian,False,1,4000,2,exp1_permuted_src_datasets
671,4326.398315772,1.0,1738580245.7080715,,0.0,1.0,0.001,1,16,40x40,PrototypicalNetwork,5,5,Greek,Egyptian,False,1,4000,2,exp1_permuted_src_datasets
672,4326.436028135,1.0,1738580245.7456934,,0.0,1.0,0.001,1,16,40x40,PrototypicalNetwork,5,5,Greek,Egyptian,False,1,4000,2,exp1_permuted_src_datasets
673,4326.477345351,1.0,1738580245.7870224,,0.0,1.0,0.001,1,16,40x40,PrototypicalNetwork,5,5,Greek,Egyptian,False,1,4000,2,exp1_permuted_src_datasets
674,4326.518380663,1.0,1738580245.828068,,0.0,1.0,0.001,1,16,40x40,PrototypicalNetwork,5,5,Greek,Egyptian,False,1,4000,2,exp1_permuted_src_datasets
675,4326.559731857,1.0,1738580245.86942,,0.0,1.0,0.001,1,16,40x40,PrototypicalNetwork,5,5,Greek,Egyptian,False,1,4000,2,exp1_permuted_src_datasets
676,4326.581068639,1.0,1738580245.8908541,,0.0,1.0,0.001,1,16,40x40,PrototypicalNetwork,5,5,Greek,Egyptian,False,1,4000,2,exp1_permuted_src_datasets
677,4326.615044469,1.0,1738580245.9247503,,0.0,1.0,0.001,1,16,40x40,PrototypicalNetwork,5,5,Greek,Egyptian,False,1,4000,2,exp1_permuted_src_datasets
678,4326.642569889,1.0,1738580245.9522722,,0.0,1.0,0.001,1,16,40x40,PrototypicalNetwork,5,5,Greek,Egyptian,False,1,4000,2,exp1_permuted_src_datasets
679,4326.681680641,1.0,1738580245.991366,,0.0,1.0,0.001,1,16,40x40,PrototypicalNetwork,5,5,Greek,Egyptian,False,1,4000,2,exp1_permuted_src_datasets
680,4326.715628185,1.0,1738580246.025388,,0.0,1.0,0.001,1,16,40x40,PrototypicalNetwork,5,5,Greek,Egyptian,False,1,4000,2,exp1_permuted_src_datasets
681,4326.749904507,1.0,1738580246.0596228,,0.0,1.0,0.001,1,16,40x40,PrototypicalNetwork,5,5,Greek,Egyptian,False,1,4000,2,exp1_permuted_src_datasets
682,4326.786807602,1.0,1738580246.0964992,,0.0,1.0,0.001,1,16,40x40,PrototypicalNetwork,5,5,Greek,Egyptian,False,1,4000,2,exp1_permuted_src_datasets
683,4326.824431383,1.0,1738580246.1341772,,0.0,1.0,0.001,1,16,40x40,PrototypicalNetwork,5,5,Greek,Egyptian,False,1,4000,2,exp1_permuted_src_datasets
684,4326.871840288,1.0,1738580246.1815436,,0.0,1.0,0.001,1,16,40x40,PrototypicalNetwork,5,5,Greek,Egyptian,False,1,4000,2,exp1_permuted_src_datasets
685,4326.915793908,1.0,1738580246.2255294,,0.0,1.0,0.001,1,16,40x40,PrototypicalNetwork,5,5,Greek,Egyptian,False,1,4000,2,exp1_permuted_src_datasets
686,4326.953317528,1.0,1738580246.2630517,,0.0,1.0,0.001,1,16,40x40,PrototypicalNetwork,5,5,Greek,Egyptian,False,1,4000,2,exp1_permuted_src_datasets
687,4326.998555486,1.0,1738580246.308212,,0.0,1.0,0.001,1,16,40x40,PrototypicalNetwork,5,5,Greek,Egyptian,False,1,4000,2,exp1_permuted_src_datasets
688,4327.033822581,1.0,1738580246.3435342,,0.0,1.0,0.001,1,16,40x40,PrototypicalNetwork,5,5,Greek,Egyptian,False,1,4000,2,exp1_permuted_src_datasets
689,4327.068278278,1.0,1738580246.377965,,0.0,1.0,0.001,1,16,40x40,PrototypicalNetwork,5,5,Greek,Egyptian,False,1,4000,2,exp1_permuted_src_datasets
690,4327.112255007,1.0,1738580246.421897,,0.0,1.0,0.001,1,16,40x40,PrototypicalNetwork,5,5,Greek,Egyptian,False,1,4000,2,exp1_permuted_src_datasets
691,4327.14897461,1.0,1738580246.458692,,0.0,1.0,0.001,1,16,40x40,PrototypicalNetwork,5,5,Greek,Egyptian,False,1,4000,2,exp1_permuted_src_datasets
692,4327.189982702,1.0,1738580246.4997227,,0.0,1.0,0.001,1,16,40x40,PrototypicalNetwork,5,5,Greek,Egyptian,False,1,4000,2,exp1_permuted_src_datasets
693,4327.228860995,1.0,1738580246.538618,,0.0,1.0,0.001,1,16,40x40,PrototypicalNetwork,5,5,Greek,Egyptian,False,1,4000,2,exp1_permuted_src_datasets
694,4327.267495604,1.0,1738580246.577244,,0.0,1.0,0.001,1,16,40x40,PrototypicalNetwork,5,5,Greek,Egyptian,False,1,4000,2,exp1_permuted_src_datasets
695,4327.293603832,1.0,1738580246.6033354,,0.0,1.0,0.001,1,16,40x40,PrototypicalNetwork,5,5,Greek,Egyptian,False,1,4000,2,exp1_permuted_src_datasets
696,4725.141543309,1.0,1738580644.4107647,0.756449999332428,,,0.001,1,16,40x40,PrototypicalNetwork,5,5,Greek,Egyptian,False,1,4000,2,exp1_permuted_src_datasets
697,4725.146252998,1.0,1738580644.456046,,0.0,1.0,0.001,1,16,40x40,PrototypicalNetwork,5,5,Greek,Egyptian,False,1,4000,2,exp1_permuted_src_datasets
698,4725.194429867,1.0,1738580644.5041177,,0.0,1.0,0.001,1,16,40x40,PrototypicalNetwork,5,5,Greek,Egyptian,False,1,4000,2,exp1_permuted_src_datasets
699,4725.231681523,1.0,1738580644.5414536,,0.0,1.0,0.001,1,16,40x40,PrototypicalNetwork,5,5,Greek,Egyptian,False,1,4000,2,exp1_permuted_src_datasets
700,4725.258635237,1.0,1738580644.5684292,,0.0,1.0,0.001,1,16,40x40,PrototypicalNetwork,5,5,Greek,Egyptian,False,1,4000,2,exp1_permuted_src_datasets
701,4725.291547463,1.0,1738580644.6012435,,0.0,1.0,0.001,1,16,40x40,PrototypicalNetwork,5,5,Greek,Egyptian,False,1,4000,2,exp1_permuted_src_datasets
702,4725.33379277,1.0,1738580644.643481,,0.0,1.0,0.001,1,16,40x40,PrototypicalNetwork,5,5,Greek,Egyptian,False,1,4000,2,exp1_permuted_src_datasets
703,4725.377011961,1.0,1738580644.6866977,,0.0,1.0,0.001,1,16,40x40,PrototypicalNetwork,5,5,Greek,Egyptian,False,1,4000,2,exp1_permuted_src_datasets
704,4725.413995087,1.0,1738580644.723702,,0.0,1.0,0.001,1,16,40x40,PrototypicalNetwork,5,5,Greek,Egyptian,False,1,4000,2,exp1_permuted_src_datasets
705,4725.438722228,1.0,1738580644.7484818,,0.0,1.0,0.001,1,16,40x40,PrototypicalNetwork,5,5,Greek,Egyptian,False,1,4000,2,exp1_permuted_src_datasets
706,4725.481513407,1.0,1738580644.791234,,0.0,1.0,0.001,1,16,40x40,PrototypicalNetwork,5,5,Greek,Egyptian,False,1,4000,2,exp1_permuted_src_datasets
707,4725.519564709,1.0,1738580644.8292568,,0.0,1.0,0.001,1,16,40x40,PrototypicalNetwork,5,5,Greek,Egyptian,False,1,4000,2,exp1_permuted_src_datasets
708,4725.565742472,1.0,1738580644.875422,,0.0,1.0,0.001,1,16,40x40,PrototypicalNetwork,5,5,Greek,Egyptian,False,1,4000,2,exp1_permuted_src_datasets
709,4725.619545603,1.0,1738580644.929266,,0.0,1.0,0.001,1,16,40x40,PrototypicalNetwork,5,5,Greek,Egyptian,False,1,4000,2,exp1_permuted_src_datasets
710,4725.666450156,1.0,1738580644.976232,,0.0,1.0,0.001,1,16,40x40,PrototypicalNetwork,5,5,Greek,Egyptian,False,1,4000,2,exp1_permuted_src_datasets
711,4725.714700486,1.0,1738580645.02437,,0.0,1.0,0.001,1,16,40x40,PrototypicalNetwork,5,5,Greek,Egyptian,False,1,4000,2,exp1_permuted_src_datasets
712,4725.753816795,1.0,1738580645.0635512,,0.0,1.0,0.001,1,16,40x40,PrototypicalNetwork,5,5,Greek,Egyptian,False,1,4000,2,exp1_permuted_src_datasets
713,4725.799662466,1.0,1738580645.1093142,,0.0,1.0,0.001,1,16,40x40,PrototypicalNetwork,5,5,Greek,Egyptian,False,1,4000,2,exp1_permuted_src_datasets
714,4725.837297878,1.0,1738580645.1470516,,0.0,1.0,0.001,1,16,40x40,PrototypicalNetwork,5,5,Greek,Egyptian,False,1,4000,2,exp1_permuted_src_datasets
715,4725.867068642,1.0,1738580645.1768353,,0.0,1.0,0.001,1,16,40x40,PrototypicalNetwork,5,5,Greek,Egyptian,False,1,4000,2,exp1_permuted_src_datasets
716,4725.910676698,1.0,1738580645.2204106,,0.0,1.0,0.001,1,16,40x40,PrototypicalNetwork,5,5,Greek,Egyptian,False,1,4000,2,exp1_permuted_src_datasets
717,4725.943640249,1.0,1738580645.253418,,0.0,1.0,0.001,1,16,40x40,PrototypicalNetwork,5,5,Greek,Egyptian,False,1,4000,2,exp1_permuted_src_datasets
718,4725.982997885,1.0,1738580645.2926912,,0.0,1.0,0.001,1,16,40x40,PrototypicalNetwork,5,5,Greek,Egyptian,False,1,4000,2,exp1_permuted_src_datasets
719,4726.026741912,1.0,1738580645.3364685,,0.0,1.0,0.001,1,16,40x40,PrototypicalNetwork,5,5,Greek,Egyptian,False,1,4000,2,exp1_permuted_src_datasets
720,4726.069901506,1.0,1738580645.3796577,,0.0,1.0,0.001,1,16,40x40,PrototypicalNetwork,5,5,Greek,Egyptian,False,1,4000,2,exp1_permuted_src_datasets
721,4726.097535436,1.0,1738580645.4072666,,0.0,1.0,0.001,1,16,40x40,PrototypicalNetwork,5,5,Greek,Egyptian,False,1,4000,2,exp1_permuted_src_datasets
722,4726.132043334,1.0,1738580645.4418116,,0.0,1.0,0.001,1,16,40x40,PrototypicalNetwork,5,5,Greek,Egyptian,False,1,4000,2,exp1_permuted_src_datasets
723,4726.176746534,1.0,1738580645.4864087,,0.0,1.0,0.001,1,16,40x40,PrototypicalNetwork,5,5,Greek,Egyptian,False,1,4000,2,exp1_permuted_src_datasets
724,4726.226414494,1.0,1738580645.536131,,0.0,1.0,0.001,1,16,40x40,PrototypicalNetwork,5,5,Greek,Egyptian,False,1,4000,2,exp1_permuted_src_datasets
725,4726.273374706,1.0,1738580645.5830777,,0.0,1.0,0.001,1,16,40x40,PrototypicalNetwork,5,5,Greek,Egyptian,False,1,4000,2,exp1_permuted_src_datasets
726,4726.313886944,1.0,1738580645.6235878,,0.0,1.0,0.001,1,16,40x40,PrototypicalNetwork,5,5,Greek,Egyptian,False,1,4000,2,exp1_permuted_src_datasets
727,4726.354151376,1.0,1738580645.6638818,,0.0,1.0,0.001,1,16,40x40,PrototypicalNetwork,5,5,Greek,Egyptian,False,1,4000,2,exp1_permuted_src_datasets
728,4726.382735084,1.0,1738580645.69252,,0.0,1.0,0.001,1,16,40x40,PrototypicalNetwork,5,5,Greek,Egyptian,False,1,4000,2,exp1_permuted_src_datasets
729,4726.405994922,1.0,1738580645.7157347,,0.0,1.0,0.001,1,16,40x40,PrototypicalNetwork,5,5,Greek,Egyptian,False,1,4000,2,exp1_permuted_src_datasets
730,4726.444058368,1.0,1738580645.7538342,,0.0,1.0,0.001,1,16,40x40,PrototypicalNetwork,5,5,Greek,Egyptian,False,1,4000,2,exp1_permuted_src_datasets
731,4726.486752183,1.0,1738580645.7965407,,0.0,1.0,0.001,1,16,40x40,PrototypicalNetwork,5,5,Greek,Egyptian,False,1,4000,2,exp1_permuted_src_datasets
732,4726.517339384,1.0,1738580645.827106,,0.0,1.0,0.001,1,16,40x40,PrototypicalNetwork,5,5,Greek,Egyptian,False,1,4000,2,exp1_permuted_src_datasets
733,4726.563750671,1.0,1738580645.8734424,,0.0,1.0,0.001,1,16,40x40,PrototypicalNetwork,5,5,Greek,Egyptian,False,1,4000,2,exp1_permuted_src_datasets
734,4726.610056592,1.0,1738580645.9197652,,0.0,1.0,0.001,1,16,40x40,PrototypicalNetwork,5,5,Greek,Egyptian,False,1,4000,2,exp1_permuted_src_datasets
735,4726.651210598,1.0,1738580645.9609332,,0.0,1.0,0.001,1,16,40x40,PrototypicalNetwork,5,5,Greek,Egyptian,False,1,4000,2,exp1_permuted_src_datasets
736,4726.68972848,1.0,1738580645.999452,,0.0,1.0,0.001,1,16,40x40,PrototypicalNetwork,5,5,Greek,Egyptian,False,1,4000,2,exp1_permuted_src_datasets
737,4726.741732099,1.0,1738580646.0513928,,0.0,1.0,0.001,1,16,40x40,PrototypicalNetwork,5,5,Greek,Egyptian,False,1,4000,2,exp1_permuted_src_datasets
738,4726.788126723,1.0,1738580646.097862,,0.0,1.0,0.001,1,16,40x40,PrototypicalNetwork,5,5,Greek,Egyptian,False,1,4000,2,exp1_permuted_src_datasets
739,4726.837865962,1.0,1738580646.1475546,,0.0,1.0,0.001,1,16,40x40,PrototypicalNetwork,5,5,Greek,Egyptian,False,1,4000,2,exp1_permuted_src_datasets
740,4726.884459068,1.0,1738580646.1940951,,0.0,1.0,0.001,1,16,40x40,PrototypicalNetwork,5,5,Greek,Egyptian,False,1,4000,2,exp1_permuted_src_datasets
741,4726.9434754,1.0,1738580646.2531307,,0.0,1.0,0.001,1,16,40x40,PrototypicalNetwork,5,5,Greek,Egyptian,False,1,4000,2,exp1_permuted_src_datasets
742,4726.996593973,1.0,1738580646.3062215,,0.0,1.0,0.001,1,16,40x40,PrototypicalNetwork,5,5,Greek,Egyptian,False,1,4000,2,exp1_permuted_src_datasets
743,4727.036285985,1.0,1738580646.3460305,,0.0,1.0,0.001,1,16,40x40,PrototypicalNetwork,5,5,Greek,Egyptian,False,1,4000,2,exp1_permuted_src_datasets
744,4727.075449763,1.0,1738580646.3851902,,0.0,1.0,0.001,1,16,40x40,PrototypicalNetwork,5,5,Greek,Egyptian,False,1,4000,2,exp1_permuted_src_datasets
745,4727.111828658,1.0,1738580646.421563,,0.0,1.0,0.001,1,16,40x40,PrototypicalNetwork,5,5,Greek,Egyptian,False,1,4000,2,exp1_permuted_src_datasets
746,4727.157499173,1.0,1738580646.4672618,,0.0,1.0,0.001,1,16,40x40,PrototypicalNetwork,5,5,Greek,Egyptian,False,1,4000,2,exp1_permuted_src_datasets
747,4727.199878861,1.0,1738580646.5096576,,0.0,1.0,0.001,1,16,40x40,PrototypicalNetwork,5,5,Greek,Egyptian,False,1,4000,2,exp1_permuted_src_datasets
748,4727.237234669,1.0,1738580646.5469499,,0.0,1.0,0.001,1,16,40x40,PrototypicalNetwork,5,5,Greek,Egyptian,False,1,4000,2,exp1_permuted_src_datasets
749,4727.277636976,1.0,1738580646.5873911,,0.0,1.0,0.001,1,16,40x40,PrototypicalNetwork,5,5,Greek,Egyptian,False,1,4000,2,exp1_permuted_src_datasets
750,4727.320278513,1.0,1738580646.630029,,0.0,1.0,0.001,1,16,40x40,PrototypicalNetwork,5,5,Greek,Egyptian,False,1,4000,2,exp1_permuted_src_datasets
751,4727.349979665,1.0,1738580646.6597311,,0.0,1.0,0.001,1,16,40x40,PrototypicalNetwork,5,5,Greek,Egyptian,False,1,4000,2,exp1_permuted_src_datasets
752,4727.388967319,1.0,1738580646.6986687,,0.0,1.0,0.001,1,16,40x40,PrototypicalNetwork,5,5,Greek,Egyptian,False,1,4000,2,exp1_permuted_src_datasets
753,4727.424581086,1.0,1738580646.7343314,,0.0,1.0,0.001,1,16,40x40,PrototypicalNetwork,5,5,Greek,Egyptian,False,1,4000,2,exp1_permuted_src_datasets
754,4727.471623881,1.0,1738580646.781277,,0.0,1.0,0.001,1,16,40x40,PrototypicalNetwork,5,5,Greek,Egyptian,False,1,4000,2,exp1_permuted_src_datasets
755,4727.513662135,1.0,1738580646.8233802,,0.0,1.0,0.001,1,16,40x40,PrototypicalNetwork,5,5,Greek,Egyptian,False,1,4000,2,exp1_permuted_src_datasets
756,4727.567150589,1.0,1738580646.8767304,,0.0,1.0,0.001,1,16,40x40,PrototypicalNetwork,5,5,Greek,Egyptian,False,1,4000,2,exp1_permuted_src_datasets
757,4727.648235991,1.0,1738580646.957897,,0.0,1.0,0.001,1,16,40x40,PrototypicalNetwork,5,5,Greek,Egyptian,False,1,4000,2,exp1_permuted_src_datasets
758,4727.692164524,1.0,1738580647.001892,,0.0,1.0,0.001,1,16,40x40,PrototypicalNetwork,5,5,Greek,Egyptian,False,1,4000,2,exp1_permuted_src_datasets
759,5130.672676277,1.0,1738581049.982466,0.7514999988079071,,,0.001,1,16,40x40,PrototypicalNetwork,5,5,Greek,Egyptian,False,1,4000,2,exp1_permuted_src_datasets
760,5130.712301453,1.0,1738581050.0219262,,0.0,1.0,0.001,1,16,40x40,PrototypicalNetwork,5,5,Greek,Egyptian,False,1,4000,2,exp1_permuted_src_datasets
761,5130.744987809,1.0,1738581050.0546901,,0.0,1.0,0.001,1,16,40x40,PrototypicalNetwork,5,5,Greek,Egyptian,False,1,4000,2,exp1_permuted_src_datasets
762,5130.783950976,1.0,1738581050.0936358,,0.0,1.0,0.001,1,16,40x40,PrototypicalNetwork,5,5,Greek,Egyptian,False,1,4000,2,exp1_permuted_src_datasets
763,5130.822172203,1.0,1738581050.131794,,0.0,1.0,0.001,1,16,40x40,PrototypicalNetwork,5,5,Greek,Egyptian,False,1,4000,2,exp1_permuted_src_datasets
764,5130.854536503,1.0,1738581050.1641517,,0.0,1.0,0.001,1,16,40x40,PrototypicalNetwork,5,5,Greek,Egyptian,False,1,4000,2,exp1_permuted_src_datasets
765,5130.89278295,1.0,1738581050.2025049,,0.0,1.0,0.001,1,16,40x40,PrototypicalNetwork,5,5,Greek,Egyptian,False,1,4000,2,exp1_permuted_src_datasets
766,5130.920762602,1.0,1738581050.2305057,,0.0,1.0,0.001,1,16,40x40,PrototypicalNetwork,5,5,Greek,Egyptian,False,1,4000,2,exp1_permuted_src_datasets
767,5130.957684719,1.0,1738581050.2672718,,0.0,1.0,0.001,1,16,40x40,PrototypicalNetwork,5,5,Greek,Egyptian,False,1,4000,2,exp1_permuted_src_datasets
768,5130.997543856,1.0,1738581050.3072126,,0.0,1.0,0.001,1,16,40x40,PrototypicalNetwork,5,5,Greek,Egyptian,False,1,4000,2,exp1_permuted_src_datasets
769,5131.039931554,1.0,1738581050.3496432,,0.0,1.0,0.001,1,16,40x40,PrototypicalNetwork,5,5,Greek,Egyptian,False,1,4000,2,exp1_permuted_src_datasets
770,5131.096092178,1.0,1738581050.405794,,0.0,1.0,0.001,1,16,40x40,PrototypicalNetwork,5,5,Greek,Egyptian,False,1,4000,2,exp1_permuted_src_datasets
771,5131.138763116,1.0,1738581050.4484174,,0.0,1.0,0.001,1,16,40x40,PrototypicalNetwork,5,5,Greek,Egyptian,False,1,4000,2,exp1_permuted_src_datasets
772,5131.16425708,1.0,1738581050.474041,,0.0,1.0,0.001,1,16,40x40,PrototypicalNetwork,5,5,Greek,Egyptian,False,1,4000,2,exp1_permuted_src_datasets
773,5131.204649131,1.0,1738581050.5142853,,0.0,1.0,0.001,1,16,40x40,PrototypicalNetwork,5,5,Greek,Egyptian,False,1,4000,2,exp1_permuted_src_datasets
774,5131.256073699,1.0,1738581050.565685,,0.0,1.0,0.001,1,16,40x40,PrototypicalNetwork,5,5,Greek,Egyptian,False,1,4000,2,exp1_permuted_src_datasets
775,5131.308796668,1.0,1738581050.6184947,,0.0,1.0,0.001,1,16,40x40,PrototypicalNetwork,5,5,Greek,Egyptian,False,1,4000,2,exp1_permuted_src_datasets
776,5131.351581962,1.0,1738581050.661301,,0.0,1.0,0.001,1,16,40x40,PrototypicalNetwork,5,5,Greek,Egyptian,False,1,4000,2,exp1_permuted_src_datasets
777,5131.379955253,1.0,1738581050.6896691,,0.0,1.0,0.001,1,16,40x40,PrototypicalNetwork,5,5,Greek,Egyptian,False,1,4000,2,exp1_permuted_src_datasets
778,5131.429707133,1.0,1738581050.7393436,,0.0,1.0,0.001,1,16,40x40,PrototypicalNetwork,5,5,Greek,Egyptian,False,1,4000,2,exp1_permuted_src_datasets
779,5131.474867478,1.0,1738581050.7845125,,0.0,1.0,0.001,1,16,40x40,PrototypicalNetwork,5,5,Greek,Egyptian,False,1,4000,2,exp1_permuted_src_datasets
780,5131.523010192,1.0,1738581050.8327382,,0.0,1.0,0.001,1,16,40x40,PrototypicalNetwork,5,5,Greek,Egyptian,False,1,4000,2,exp1_permuted_src_datasets
781,5131.567406768,1.0,1738581050.8770778,,0.0,1.0,0.001,1,16,40x40,PrototypicalNetwork,5,5,Greek,Egyptian,False,1,4000,2,exp1_permuted_src_datasets
782,5131.621526398,1.0,1738581050.9234798,,0.0,1.0,0.001,1,16,40x40,PrototypicalNetwork,5,5,Greek,Egyptian,False,1,4000,2,exp1_permuted_src_datasets
783,5131.63859152,1.0,1738581050.948338,,0.0,1.0,0.001,1,16,40x40,PrototypicalNetwork,5,5,Greek,Egyptian,False,1,4000,2,exp1_permuted_src_datasets
784,5131.678448284,1.0,1738581050.9881685,,0.0,1.0,0.001,1,16,40x40,PrototypicalNetwork,5,5,Greek,Egyptian,False,1,4000,2,exp1_permuted_src_datasets
785,5131.716507542,1.0,1738581051.0261664,,0.0,1.0,0.001,1,16,40x40,PrototypicalNetwork,5,5,Greek,Egyptian,False,1,4000,2,exp1_permuted_src_datasets
786,5131.75838815,1.0,1738581051.0680408,,0.0,1.0,0.001,1,16,40x40,PrototypicalNetwork,5,5,Greek,Egyptian,False,1,4000,2,exp1_permuted_src_datasets
787,5131.801266582,1.0,1738581051.1109805,,0.0,1.0,0.001,1,16,40x40,PrototypicalNetwork,5,5,Greek,Egyptian,False,1,4000,2,exp1_permuted_src_datasets
788,5131.844558704,1.0,1738581051.1543188,,0.0,1.0,0.001,1,16,40x40,PrototypicalNetwork,5,5,Greek,Egyptian,False,1,4000,2,exp1_permuted_src_datasets
789,5131.887589252,1.0,1738581051.1972811,,0.0,1.0,0.001,1,16,40x40,PrototypicalNetwork,5,5,Greek,Egyptian,False,1,4000,2,exp1_permuted_src_datasets
790,5131.923860222,1.0,1738581051.233553,,0.0,1.0,0.001,1,16,40x40,PrototypicalNetwork,5,5,Greek,Egyptian,False,1,4000,2,exp1_permuted_src_datasets
791,5131.957981268,1.0,1738581051.2676785,,0.0,1.0,0.001,1,16,40x40,PrototypicalNetwork,5,5,Greek,Egyptian,False,1,4000,2,exp1_permuted_src_datasets
792,5132.000973189,1.0,1738581051.3106833,,0.0,1.0,0.001,1,16,40x40,PrototypicalNetwork,5,5,Greek,Egyptian,False,1,4000,2,exp1_permuted_src_datasets
793,5132.046330163,1.0,1738581051.356057,,0.0,1.0,0.001,1,16,40x40,PrototypicalNetwork,5,5,Greek,Egyptian,False,1,4000,2,exp1_permuted_src_datasets
794,5132.089098758,1.0,1738581051.398838,,0.0,1.0,0.001,1,16,40x40,PrototypicalNetwork,5,5,Greek,Egyptian,False,1,4000,2,exp1_permuted_src_datasets
795,5132.132455948,1.0,1738581051.44221,,0.0,1.0,0.001,1,16,40x40,PrototypicalNetwork,5,5,Greek,Egyptian,False,1,4000,2,exp1_permuted_src_datasets
796,5132.179769404,1.0,1738581051.4894252,,0.0,1.0,0.001,1,16,40x40,PrototypicalNetwork,5,5,Greek,Egyptian,False,1,4000,2,exp1_permuted_src_datasets
797,5132.219666849,1.0,1738581051.5294,,0.0,1.0,0.001,1,16,40x40,PrototypicalNetwork,5,5,Greek,Egyptian,False,1,4000,2,exp1_permuted_src_datasets
798,5132.255545272,1.0,1738581051.5652437,,0.0,1.0,0.001,1,16,40x40,PrototypicalNetwork,5,5,Greek,Egyptian,False,1,4000,2,exp1_permuted_src_datasets
799,5132.307351757,1.0,1738581051.6170464,,0.0,1.0,0.001,1,16,40x40,PrototypicalNetwork,5,5,Greek,Egyptian,False,1,4000,2,exp1_permuted_src_datasets
800,5132.352293642,1.0,1738581051.6620033,,0.0,1.0,0.001,1,16,40x40,PrototypicalNetwork,5,5,Greek,Egyptian,False,1,4000,2,exp1_permuted_src_datasets
801,5132.399004421,1.0,1738581051.7087233,,0.0,1.0,0.001,1,16,40x40,PrototypicalNetwork,5,5,Greek,Egyptian,False,1,4000,2,exp1_permuted_src_datasets
802,5132.43924972,1.0,1738581051.74895,,0.0,1.0,0.001,1,16,40x40,PrototypicalNetwork,5,5,Greek,Egyptian,False,1,4000,2,exp1_permuted_src_datasets
803,5132.492319549,1.0,1738581051.80195,,0.0,1.0,0.001,1,16,40x40,PrototypicalNetwork,5,5,Greek,Egyptian,False,1,4000,2,exp1_permuted_src_datasets
804,5132.529179516,1.0,1738581051.8389468,,0.0,1.0,0.001,1,16,40x40,PrototypicalNetwork,5,5,Greek,Egyptian,False,1,4000,2,exp1_permuted_src_datasets
805,5132.572077908,1.0,1738581051.881828,,0.0,1.0,0.001,1,16,40x40,PrototypicalNetwork,5,5,Greek,Egyptian,False,1,4000,2,exp1_permuted_src_datasets
806,5132.615444256,1.0,1738581051.925093,,0.0,1.0,0.001,1,16,40x40,PrototypicalNetwork,5,5,Greek,Egyptian,False,1,4000,2,exp1_permuted_src_datasets
807,5132.662855477,1.0,1738581051.9725642,,0.0,1.0,0.001,1,16,40x40,PrototypicalNetwork,5,5,Greek,Egyptian,False,1,4000,2,exp1_permuted_src_datasets
808,5132.700484766,1.0,1738581052.0102067,,0.0,1.0,0.001,1,16,40x40,PrototypicalNetwork,5,5,Greek,Egyptian,False,1,4000,2,exp1_permuted_src_datasets
809,5132.749236474,1.0,1738581052.0588763,,0.0,1.0,0.001,1,16,40x40,PrototypicalNetwork,5,5,Greek,Egyptian,False,1,4000,2,exp1_permuted_src_datasets
810,5132.800091888,1.0,1738581052.1097414,,0.0,1.0,0.001,1,16,40x40,PrototypicalNetwork,5,5,Greek,Egyptian,False,1,4000,2,exp1_permuted_src_datasets
811,5132.856536618,1.0,1738581052.1661634,,0.0,1.0,0.001,1,16,40x40,PrototypicalNetwork,5,5,Greek,Egyptian,False,1,4000,2,exp1_permuted_src_datasets
812,5132.919452448,1.0,1738581052.2291083,,0.0,1.0,0.001,1,16,40x40,PrototypicalNetwork,5,5,Greek,Egyptian,False,1,4000,2,exp1_permuted_src_datasets
813,5132.959769657,1.0,1738581052.2694747,,0.0,1.0,0.001,1,16,40x40,PrototypicalNetwork,5,5,Greek,Egyptian,False,1,4000,2,exp1_permuted_src_datasets
814,5132.98751117,1.0,1738581052.297272,,0.0,1.0,0.001,1,16,40x40,PrototypicalNetwork,5,5,Greek,Egyptian,False,1,4000,2,exp1_permuted_src_datasets
815,5133.019981662,1.0,1738581052.3296769,,0.0,1.0,0.001,1,16,40x40,PrototypicalNetwork,5,5,Greek,Egyptian,False,1,4000,2,exp1_permuted_src_datasets
816,5133.051931512,1.0,1738581052.361702,,0.0,1.0,0.001,1,16,40x40,PrototypicalNetwork,5,5,Greek,Egyptian,False,1,4000,2,exp1_permuted_src_datasets
817,5133.086324276,1.0,1738581052.3960738,,0.0,1.0,0.001,1,16,40x40,PrototypicalNetwork,5,5,Greek,Egyptian,False,1,4000,2,exp1_permuted_src_datasets
818,5133.12698421,1.0,1738581052.4367294,,0.0,1.0,0.001,1,16,40x40,PrototypicalNetwork,5,5,Greek,Egyptian,False,1,4000,2,exp1_permuted_src_datasets
819,5133.173023084,1.0,1738581052.4827092,,0.0,1.0,0.001,1,16,40x40,PrototypicalNetwork,5,5,Greek,Egyptian,False,1,4000,2,exp1_permuted_src_datasets
820,5133.20033625,1.0,1738581052.510071,,0.0,1.0,0.001,1,16,40x40,PrototypicalNetwork,5,5,Greek,Egyptian,False,1,4000,2,exp1_permuted_src_datasets
821,5133.233285264,1.0,1738581052.5429766,,0.0,1.0,0.001,1,16,40x40,PrototypicalNetwork,5,5,Greek,Egyptian,False,1,4000,2,exp1_permuted_src_datasets
822,5539.451854053,1.0,1738581458.7616808,0.7443499989509582,,,0.001,1,16,40x40,PrototypicalNetwork,5,5,Greek,Egyptian,False,1,4000,2,exp1_permuted_src_datasets
823,5539.484648649,1.0,1738581458.7943711,,0.0,1.0,0.001,1,16,40x40,PrototypicalNetwork,5,5,Greek,Egyptian,False,1,4000,2,exp1_permuted_src_datasets
824,5539.519305444,1.0,1738581458.8290715,,0.0,1.0,0.001,1,16,40x40,PrototypicalNetwork,5,5,Greek,Egyptian,False,1,4000,2,exp1_permuted_src_datasets
825,5539.570628317,1.0,1738581458.8802938,,0.0,1.0,0.001,1,16,40x40,PrototypicalNetwork,5,5,Greek,Egyptian,False,1,4000,2,exp1_permuted_src_datasets
826,5539.608228382,1.0,1738581458.9179645,,0.0,1.0,0.001,1,16,40x40,PrototypicalNetwork,5,5,Greek,Egyptian,False,1,4000,2,exp1_permuted_src_datasets
827,5539.6535911,1.0,1738581458.963236,,0.0,1.0,0.001,1,16,40x40,PrototypicalNetwork,5,5,Greek,Egyptian,False,1,4000,2,exp1_permuted_src_datasets
828,5539.697374681,1.0,1738581459.007089,,0.0,1.0,0.001,1,16,40x40,PrototypicalNetwork,5,5,Greek,Egyptian,False,1,4000,2,exp1_permuted_src_datasets
829,5539.743558269,1.0,1738581459.0532897,,0.0,1.0,0.001,1,16,40x40,PrototypicalNetwork,5,5,Greek,Egyptian,False,1,4000,2,exp1_permuted_src_datasets
830,5539.78119188,1.0,1738581459.0909426,,0.0,1.0,0.001,1,16,40x40,PrototypicalNetwork,5,5,Greek,Egyptian,False,1,4000,2,exp1_permuted_src_datasets
831,5539.814560279,1.0,1738581459.124275,,0.0,1.0,0.001,1,16,40x40,PrototypicalNetwork,5,5,Greek,Egyptian,False,1,4000,2,exp1_permuted_src_datasets
832,5539.853022206,1.0,1738581459.1627512,,0.0,1.0,0.001,1,16,40x40,PrototypicalNetwork,5,5,Greek,Egyptian,False,1,4000,2,exp1_permuted_src_datasets
833,5539.894707546,1.0,1738581459.204435,,0.0,1.0,0.001,1,16,40x40,PrototypicalNetwork,5,5,Greek,Egyptian,False,1,4000,2,exp1_permuted_src_datasets
834,5539.936860189,1.0,1738581459.2465749,,0.0,1.0,0.001,1,16,40x40,PrototypicalNetwork,5,5,Greek,Egyptian,False,1,4000,2,exp1_permuted_src_datasets
835,5539.969409845,1.0,1738581459.279134,,0.0,1.0,0.001,1,16,40x40,PrototypicalNetwork,5,5,Greek,Egyptian,False,1,4000,2,exp1_permuted_src_datasets
836,5540.015334497,1.0,1738581459.325065,,0.0,1.0,0.001,1,16,40x40,PrototypicalNetwork,5,5,Greek,Egyptian,False,1,4000,2,exp1_permuted_src_datasets
837,5540.053160576,1.0,1738581459.362931,,0.0,1.0,0.001,1,16,40x40,PrototypicalNetwork,5,5,Greek,Egyptian,False,1,4000,2,exp1_permuted_src_datasets
838,5540.089099624,1.0,1738581459.3987894,,0.0,1.0,0.001,1,16,40x40,PrototypicalNetwork,5,5,Greek,Egyptian,False,1,4000,2,exp1_permuted_src_datasets
839,5540.128551865,1.0,1738581459.438285,,0.0,1.0,0.001,1,16,40x40,PrototypicalNetwork,5,5,Greek,Egyptian,False,1,4000,2,exp1_permuted_src_datasets
840,5540.172341211,1.0,1738581459.4819694,,0.0,1.0,0.001,1,16,40x40,PrototypicalNetwork,5,5,Greek,Egyptian,False,1,4000,2,exp1_permuted_src_datasets
841,5540.220830092,1.0,1738581459.5304992,,0.0,1.0,0.001,1,16,40x40,PrototypicalNetwork,5,5,Greek,Egyptian,False,1,4000,2,exp1_permuted_src_datasets
842,5540.2655164,1.0,1738581459.5751867,,0.0,1.0,0.001,1,16,40x40,PrototypicalNetwork,5,5,Greek,Egyptian,False,1,4000,2,exp1_permuted_src_datasets
843,5540.309201073,1.0,1738581459.6189165,,0.0,1.0,0.001,1,16,40x40,PrototypicalNetwork,5,5,Greek,Egyptian,False,1,4000,2,exp1_permuted_src_datasets
844,5540.349161485,1.0,1738581459.6588724,,0.0,1.0,0.001,1,16,40x40,PrototypicalNetwork,5,5,Greek,Egyptian,False,1,4000,2,exp1_permuted_src_datasets
845,5540.392509471,1.0,1738581459.7022278,,0.0,1.0,0.001,1,16,40x40,PrototypicalNetwork,5,5,Greek,Egyptian,False,1,4000,2,exp1_permuted_src_datasets
846,5540.420080495,1.0,1738581459.729881,,0.0,1.0,0.001,1,16,40x40,PrototypicalNetwork,5,5,Greek,Egyptian,False,1,4000,2,exp1_permuted_src_datasets
847,5540.448150608,1.0,1738581459.7579107,,0.0,1.0,0.001,1,16,40x40,PrototypicalNetwork,5,5,Greek,Egyptian,False,1,4000,2,exp1_permuted_src_datasets
848,5540.490805906,1.0,1738581459.8005102,,0.0,1.0,0.001,1,16,40x40,PrototypicalNetwork,5,5,Greek,Egyptian,False,1,4000,2,exp1_permuted_src_datasets
849,5540.530982592,1.0,1738581459.8407323,,0.0,1.0,0.001,1,16,40x40,PrototypicalNetwork,5,5,Greek,Egyptian,False,1,4000,2,exp1_permuted_src_datasets
850,5540.566482634,1.0,1738581459.8762033,,0.0,1.0,0.001,1,16,40x40,PrototypicalNetwork,5,5,Greek,Egyptian,False,1,4000,2,exp1_permuted_src_datasets
851,5540.599712198,1.0,1738581459.9094317,,0.0,1.0,0.001,1,16,40x40,PrototypicalNetwork,5,5,Greek,Egyptian,False,1,4000,2,exp1_permuted_src_datasets
852,5540.643490909,1.0,1738581459.9531603,,0.0,1.0,0.001,1,16,40x40,PrototypicalNetwork,5,5,Greek,Egyptian,False,1,4000,2,exp1_permuted_src_datasets
853,5540.693121396,1.0,1738581460.0027585,,0.0,1.0,0.001,1,16,40x40,PrototypicalNetwork,5,5,Greek,Egyptian,False,1,4000,2,exp1_permuted_src_datasets
854,5540.7302518,1.0,1738581460.039972,,0.0,1.0,0.001,1,16,40x40,PrototypicalNetwork,5,5,Greek,Egyptian,False,1,4000,2,exp1_permuted_src_datasets
855,5540.774780471,1.0,1738581460.0844104,,0.0,1.0,0.001,1,16,40x40,PrototypicalNetwork,5,5,Greek,Egyptian,False,1,4000,2,exp1_permuted_src_datasets
856,5540.820869886,1.0,1738581460.1304832,,0.0,1.0,0.001,1,16,40x40,PrototypicalNetwork,5,5,Greek,Egyptian,False,1,4000,2,exp1_permuted_src_datasets
857,5540.870108592,1.0,1738581460.1797407,,0.0,1.0,0.001,1,16,40x40,PrototypicalNetwork,5,5,Greek,Egyptian,False,1,4000,2,exp1_permuted_src_datasets
858,5540.923807271,1.0,1738581460.2334528,,0.0,1.0,0.001,1,16,40x40,PrototypicalNetwork,5,5,Greek,Egyptian,False,1,4000,2,exp1_permuted_src_datasets
859,5540.970206806,1.0,1738581460.2799246,,0.0,1.0,0.001,1,16,40x40,PrototypicalNetwork,5,5,Greek,Egyptian,False,1,4000,2,exp1_permuted_src_datasets
860,5541.014730653,1.0,1738581460.324468,,0.0,1.0,0.001,1,16,40x40,PrototypicalNetwork,5,5,Greek,Egyptian,False,1,4000,2,exp1_permuted_src_datasets
861,5541.059356357,1.0,1738581460.3690202,,0.0,1.0,0.001,1,16,40x40,PrototypicalNetwork,5,5,Greek,Egyptian,False,1,4000,2,exp1_permuted_src_datasets
862,5541.1049082,1.0,1738581460.414617,,0.0,1.0,0.001,1,16,40x40,PrototypicalNetwork,5,5,Greek,Egyptian,False,1,4000,2,exp1_permuted_src_datasets
863,5541.145922642,1.0,1738581460.4555595,,0.0,1.0,0.001,1,16,40x40,PrototypicalNetwork,5,5,Greek,Egyptian,False,1,4000,2,exp1_permuted_src_datasets
864,5541.17867993,1.0,1738581460.4883897,,0.0,1.0,0.001,1,16,40x40,PrototypicalNetwork,5,5,Greek,Egyptian,False,1,4000,2,exp1_permuted_src_datasets
865,5541.22023524,1.0,1738581460.5299723,,0.0,1.0,0.001,1,16,40x40,PrototypicalNetwork,5,5,Greek,Egyptian,False,1,4000,2,exp1_permuted_src_datasets
866,5541.249369012,1.0,1738581460.5590918,,0.0,1.0,0.001,1,16,40x40,PrototypicalNetwork,5,5,Greek,Egyptian,False,1,4000,2,exp1_permuted_src_datasets
867,5541.275899055,1.0,1738581460.5855856,,0.0,1.0,0.001,1,16,40x40,PrototypicalNetwork,5,5,Greek,Egyptian,False,1,4000,2,exp1_permuted_src_datasets
868,5541.321924958,1.0,1738581460.6315618,,0.0,1.0,0.001,1,16,40x40,PrototypicalNetwork,5,5,Greek,Egyptian,False,1,4000,2,exp1_permuted_src_datasets
869,5541.363043847,1.0,1738581460.6727781,,0.0,1.0,0.001,1,16,40x40,PrototypicalNetwork,5,5,Greek,Egyptian,False,1,4000,2,exp1_permuted_src_datasets
870,5541.39708315,1.0,1738581460.7068365,,0.0,1.0,0.001,1,16,40x40,PrototypicalNetwork,5,5,Greek,Egyptian,False,1,4000,2,exp1_permuted_src_datasets
871,5541.433463611,1.0,1738581460.7432146,,0.0,1.0,0.001,1,16,40x40,PrototypicalNetwork,5,5,Greek,Egyptian,False,1,4000,2,exp1_permuted_src_datasets
872,5541.46215779,1.0,1738581460.77191,,0.0,1.0,0.001,1,16,40x40,PrototypicalNetwork,5,5,Greek,Egyptian,False,1,4000,2,exp1_permuted_src_datasets
873,5541.492285075,1.0,1738581460.802058,,0.0,1.0,0.001,1,16,40x40,PrototypicalNetwork,5,5,Greek,Egyptian,False,1,4000,2,exp1_permuted_src_datasets
874,5541.524758335,1.0,1738581460.834495,,0.0,1.0,0.001,1,16,40x40,PrototypicalNetwork,5,5,Greek,Egyptian,False,1,4000,2,exp1_permuted_src_datasets
875,5541.554838697,1.0,1738581460.8645668,,0.0,1.0,0.001,1,16,40x40,PrototypicalNetwork,5,5,Greek,Egyptian,False,1,4000,2,exp1_permuted_src_datasets
876,5541.596370005,1.0,1738581460.906086,,0.0,1.0,0.001,1,16,40x40,PrototypicalNetwork,5,5,Greek,Egyptian,False,1,4000,2,exp1_permuted_src_datasets
877,5541.635222988,1.0,1738581460.9449358,,0.0,1.0,0.001,1,16,40x40,PrototypicalNetwork,5,5,Greek,Egyptian,False,1,4000,2,exp1_permuted_src_datasets
878,5541.676885964,1.0,1738581460.986544,,0.0,1.0,0.001,1,16,40x40,PrototypicalNetwork,5,5,Greek,Egyptian,False,1,4000,2,exp1_permuted_src_datasets
879,5541.719603036,1.0,1738581461.0292652,,0.0,1.0,0.001,1,16,40x40,PrototypicalNetwork,5,5,Greek,Egyptian,False,1,4000,2,exp1_permuted_src_datasets
880,5541.762321778,1.0,1738581461.0720346,,0.0,1.0,0.001,1,16,40x40,PrototypicalNetwork,5,5,Greek,Egyptian,False,1,4000,2,exp1_permuted_src_datasets
881,5541.810394837,1.0,1738581461.1200957,,0.0,1.0,0.001,1,16,40x40,PrototypicalNetwork,5,5,Greek,Egyptian,False,1,4000,2,exp1_permuted_src_datasets
882,5541.855580433,1.0,1738581461.1653159,,0.0,1.0,0.001,1,16,40x40,PrototypicalNetwork,5,5,Greek,Egyptian,False,1,4000,2,exp1_permuted_src_datasets
883,5541.899146036,1.0,1738581461.2089014,,0.0,1.0,0.001,1,16,40x40,PrototypicalNetwork,5,5,Greek,Egyptian,False,1,4000,2,exp1_permuted_src_datasets
884,5541.941574679,1.0,1738581461.2359395,,0.0,1.0,0.001,1,16,40x40,PrototypicalNetwork,5,5,Greek,Egyptian,False,1,4000,2,exp1_permuted_src_datasets
885,5955.421579192,1.0,1738581874.686562,0.7458500003814698,,,0.001,1,16,40x40,PrototypicalNetwork,5,5,Greek,Egyptian,False,1,4000,2,exp1_permuted_src_datasets
886,5955.421631075,1.0,1738581874.7166657,,0.0,1.0,0.001,1,16,40x40,PrototypicalNetwork,5,5,Greek,Egyptian,False,1,4000,2,exp1_permuted_src_datasets
887,5955.449203673,1.0,1738581874.7589233,,0.0,1.0,0.001,1,16,40x40,PrototypicalNetwork,5,5,Greek,Egyptian,False,1,4000,2,exp1_permuted_src_datasets
888,5955.48900496,1.0,1738581874.7987182,,0.0,1.0,0.001,1,16,40x40,PrototypicalNetwork,5,5,Greek,Egyptian,False,1,4000,2,exp1_permuted_src_datasets
889,5955.525306566,1.0,1738581874.8349721,,0.0,1.0,0.001,1,16,40x40,PrototypicalNetwork,5,5,Greek,Egyptian,False,1,4000,2,exp1_permuted_src_datasets
890,5955.548608388,1.0,1738581874.8583562,,0.0,1.0,0.001,1,16,40x40,PrototypicalNetwork,5,5,Greek,Egyptian,False,1,4000,2,exp1_permuted_src_datasets
891,5955.585930358,1.0,1738581874.8956454,,0.0,1.0,0.001,1,16,40x40,PrototypicalNetwork,5,5,Greek,Egyptian,False,1,4000,2,exp1_permuted_src_datasets
892,5955.628619539,1.0,1738581874.9383695,,0.0,1.0,0.001,1,16,40x40,PrototypicalNetwork,5,5,Greek,Egyptian,False,1,4000,2,exp1_permuted_src_datasets
893,5955.667273579,1.0,1738581874.9769907,,0.0,1.0,0.001,1,16,40x40,PrototypicalNetwork,5,5,Greek,Egyptian,False,1,4000,2,exp1_permuted_src_datasets
894,5955.68867367,1.0,1738581874.998468,,0.0,1.0,0.001,1,16,40x40,PrototypicalNetwork,5,5,Greek,Egyptian,False,1,4000,2,exp1_permuted_src_datasets
895,5955.71701454,1.0,1738581875.0267437,,0.0,1.0,0.001,1,16,40x40,PrototypicalNetwork,5,5,Greek,Egyptian,False,1,4000,2,exp1_permuted_src_datasets
896,5955.758409626,1.0,1738581875.0681577,,0.0,1.0,0.001,1,16,40x40,PrototypicalNetwork,5,5,Greek,Egyptian,False,1,4000,2,exp1_permuted_src_datasets
897,5955.80329079,1.0,1738581875.112962,,0.0,1.0,0.001,1,16,40x40,PrototypicalNetwork,5,5,Greek,Egyptian,False,1,4000,2,exp1_permuted_src_datasets
898,5955.843935814,1.0,1738581875.1536577,,0.0,1.0,0.001,1,16,40x40,PrototypicalNetwork,5,5,Greek,Egyptian,False,1,4000,2,exp1_permuted_src_datasets
899,5955.864724057,1.0,1738581875.1744742,,0.0,1.0,0.001,1,16,40x40,PrototypicalNetwork,5,5,Greek,Egyptian,False,1,4000,2,exp1_permuted_src_datasets
900,5955.892943364,1.0,1738581875.2026606,,0.0,1.0,0.001,1,16,40x40,PrototypicalNetwork,5,5,Greek,Egyptian,False,1,4000,2,exp1_permuted_src_datasets
901,5955.929747778,1.0,1738581875.2394729,,0.0,1.0,0.001,1,16,40x40,PrototypicalNetwork,5,5,Greek,Egyptian,False,1,4000,2,exp1_permuted_src_datasets
902,5955.965982805,1.0,1738581875.2757342,,0.0,1.0,0.001,1,16,40x40,PrototypicalNetwork,5,5,Greek,Egyptian,False,1,4000,2,exp1_permuted_src_datasets
903,5955.996206077,1.0,1738581875.3059587,,0.0,1.0,0.001,1,16,40x40,PrototypicalNetwork,5,5,Greek,Egyptian,False,1,4000,2,exp1_permuted_src_datasets
904,5956.021249282,1.0,1738581875.331012,,0.0,1.0,0.001,1,16,40x40,PrototypicalNetwork,5,5,Greek,Egyptian,False,1,4000,2,exp1_permuted_src_datasets
905,5956.050941087,1.0,1738581875.360662,,0.0,1.0,0.001,1,16,40x40,PrototypicalNetwork,5,5,Greek,Egyptian,False,1,4000,2,exp1_permuted_src_datasets
906,5956.07652049,1.0,1738581875.3862858,,0.0,1.0,0.001,1,16,40x40,PrototypicalNetwork,5,5,Greek,Egyptian,False,1,4000,2,exp1_permuted_src_datasets
907,5956.12552942,1.0,1738581875.435187,,0.0,1.0,0.001,1,16,40x40,PrototypicalNetwork,5,5,Greek,Egyptian,False,1,4000,2,exp1_permuted_src_datasets
908,5956.17404898,1.0,1738581875.4837143,,0.0,1.0,0.001,1,16,40x40,PrototypicalNetwork,5,5,Greek,Egyptian,False,1,4000,2,exp1_permuted_src_datasets
909,5956.221318776,1.0,1738581875.5309746,,0.0,1.0,0.001,1,16,40x40,PrototypicalNetwork,5,5,Greek,Egyptian,False,1,4000,2,exp1_permuted_src_datasets
910,5956.266420837,1.0,1738581875.5761516,,0.0,1.0,0.001,1,16,40x40,PrototypicalNetwork,5,5,Greek,Egyptian,False,1,4000,2,exp1_permuted_src_datasets
911,5956.291387661,1.0,1738581875.6011546,,0.0,1.0,0.001,1,16,40x40,PrototypicalNetwork,5,5,Greek,Egyptian,False,1,4000,2,exp1_permuted_src_datasets
912,5956.312934474,1.0,1738581875.6227188,,0.0,1.0,0.001,1,16,40x40,PrototypicalNetwork,5,5,Greek,Egyptian,False,1,4000,2,exp1_permuted_src_datasets
913,5956.345446013,1.0,1738581875.655143,,0.0,1.0,0.001,1,16,40x40,PrototypicalNetwork,5,5,Greek,Egyptian,False,1,4000,2,exp1_permuted_src_datasets
914,5956.382728025,1.0,1738581875.6924393,,0.0,1.0,0.001,1,16,40x40,PrototypicalNetwork,5,5,Greek,Egyptian,False,1,4000,2,exp1_permuted_src_datasets
915,5956.4200169,1.0,1738581875.7296736,,0.0,1.0,0.001,1,16,40x40,PrototypicalNetwork,5,5,Greek,Egyptian,False,1,4000,2,exp1_permuted_src_datasets
916,5956.470945964,1.0,1738581875.7806067,,0.0,1.0,0.001,1,16,40x40,PrototypicalNetwork,5,5,Greek,Egyptian,False,1,4000,2,exp1_permuted_src_datasets
917,5956.516096074,1.0,1738581875.8257906,,0.0,1.0,0.001,1,16,40x40,PrototypicalNetwork,5,5,Greek,Egyptian,False,1,4000,2,exp1_permuted_src_datasets
918,5956.556163492,1.0,1738581875.8658988,,0.0,1.0,0.001,1,16,40x40,PrototypicalNetwork,5,5,Greek,Egyptian,False,1,4000,2,exp1_permuted_src_datasets
919,5956.579235269,1.0,1738581875.888971,,0.0,1.0,0.001,1,16,40x40,PrototypicalNetwork,5,5,Greek,Egyptian,False,1,4000,2,exp1_permuted_src_datasets
920,5956.59901048,1.0,1738581875.9087868,,0.0,1.0,0.001,1,16,40x40,PrototypicalNetwork,5,5,Greek,Egyptian,False,1,4000,2,exp1_permuted_src_datasets
921,5956.620742051,1.0,1738581875.9305506,,0.0,1.0,0.001,1,16,40x40,PrototypicalNetwork,5,5,Greek,Egyptian,False,1,4000,2,exp1_permuted_src_datasets
922,5956.646983368,1.0,1738581875.9566777,,0.0,1.0,0.001,1,16,40x40,PrototypicalNetwork,5,5,Greek,Egyptian,False,1,4000,2,exp1_permuted_src_datasets
923,5956.681066184,1.0,1738581875.9908023,,0.0,1.0,0.001,1,16,40x40,PrototypicalNetwork,5,5,Greek,Egyptian,False,1,4000,2,exp1_permuted_src_datasets
924,5956.706798927,1.0,1738581876.0165777,,0.0,1.0,0.001,1,16,40x40,PrototypicalNetwork,5,5,Greek,Egyptian,False,1,4000,2,exp1_permuted_src_datasets
925,5956.740462457,1.0,1738581876.0501988,,0.0,1.0,0.001,1,16,40x40,PrototypicalNetwork,5,5,Greek,Egyptian,False,1,4000,2,exp1_permuted_src_datasets
926,5956.773175395,1.0,1738581876.0828588,,0.0,1.0,0.001,1,16,40x40,PrototypicalNetwork,5,5,Greek,Egyptian,False,1,4000,2,exp1_permuted_src_datasets
927,5956.819982586,1.0,1738581876.1296299,,0.0,1.0,0.001,1,16,40x40,PrototypicalNetwork,5,5,Greek,Egyptian,False,1,4000,2,exp1_permuted_src_datasets
928,5956.854510584,1.0,1738581876.1642563,,0.0,1.0,0.001,1,16,40x40,PrototypicalNetwork,5,5,Greek,Egyptian,False,1,4000,2,exp1_permuted_src_datasets
929,5956.909569667,1.0,1738581876.2166734,,0.0,1.0,0.001,1,16,40x40,PrototypicalNetwork,5,5,Greek,Egyptian,False,1,4000,2,exp1_permuted_src_datasets
930,5956.960707954,1.0,1738581876.2704375,,0.0,1.0,0.001,1,16,40x40,PrototypicalNetwork,5,5,Greek,Egyptian,False,1,4000,2,exp1_permuted_src_datasets
931,5956.98884596,1.0,1738581876.2985678,,0.0,1.0,0.001,1,16,40x40,PrototypicalNetwork,5,5,Greek,Egyptian,False,1,4000,2,exp1_permuted_src_datasets
932,5957.029559861,1.0,1738581876.3392825,,0.0,1.0,0.001,1,16,40x40,PrototypicalNetwork,5,5,Greek,Egyptian,False,1,4000,2,exp1_permuted_src_datasets
933,5957.074243033,1.0,1738581876.3839414,,0.0,1.0,0.001,1,16,40x40,PrototypicalNetwork,5,5,Greek,Egyptian,False,1,4000,2,exp1_permuted_src_datasets
934,5957.107988777,1.0,1738581876.4176476,,0.0,1.0,0.001,1,16,40x40,PrototypicalNetwork,5,5,Greek,Egyptian,False,1,4000,2,exp1_permuted_src_datasets
935,5957.16068217,1.0,1738581876.4703603,,0.0,1.0,0.001,1,16,40x40,PrototypicalNetwork,5,5,Greek,Egyptian,False,1,4000,2,exp1_permuted_src_datasets
936,5957.199735494,1.0,1738581876.50949,,0.0,1.0,0.001,1,16,40x40,PrototypicalNetwork,5,5,Greek,Egyptian,False,1,4000,2,exp1_permuted_src_datasets
937,5957.233966962,1.0,1738581876.5437062,,0.0,1.0,0.001,1,16,40x40,PrototypicalNetwork,5,5,Greek,Egyptian,False,1,4000,2,exp1_permuted_src_datasets
938,5957.270395289,1.0,1738581876.5801435,,0.0,1.0,0.001,1,16,40x40,PrototypicalNetwork,5,5,Greek,Egyptian,False,1,4000,2,exp1_permuted_src_datasets
939,5957.312898429,1.0,1738581876.6225584,,0.0,1.0,0.001,1,16,40x40,PrototypicalNetwork,5,5,Greek,Egyptian,False,1,4000,2,exp1_permuted_src_datasets
940,5957.35673446,1.0,1738581876.6663787,,0.0,1.0,0.001,1,16,40x40,PrototypicalNetwork,5,5,Greek,Egyptian,False,1,4000,2,exp1_permuted_src_datasets
941,5957.393420198,1.0,1738581876.703173,,0.0,1.0,0.001,1,16,40x40,PrototypicalNetwork,5,5,Greek,Egyptian,False,1,4000,2,exp1_permuted_src_datasets
942,5957.427220877,1.0,1738581876.7369668,,0.0,1.0,0.001,1,16,40x40,PrototypicalNetwork,5,5,Greek,Egyptian,False,1,4000,2,exp1_permuted_src_datasets
943,5957.46165997,1.0,1738581876.7713714,,0.0,1.0,0.001,1,16,40x40,PrototypicalNetwork,5,5,Greek,Egyptian,False,1,4000,2,exp1_permuted_src_datasets
944,5957.491904474,1.0,1738581876.8016274,,0.0,1.0,0.001,1,16,40x40,PrototypicalNetwork,5,5,Greek,Egyptian,False,1,4000,2,exp1_permuted_src_datasets
945,5957.525867454,1.0,1738581876.835613,,0.0,1.0,0.001,1,16,40x40,PrototypicalNetwork,5,5,Greek,Egyptian,False,1,4000,2,exp1_permuted_src_datasets
946,5957.563029217,1.0,1738581876.8727012,,0.0,1.0,0.001,1,16,40x40,PrototypicalNetwork,5,5,Greek,Egyptian,False,1,4000,2,exp1_permuted_src_datasets
947,5957.611536855,1.0,1738581876.9212432,,0.0,1.0,0.001,1,16,40x40,PrototypicalNetwork,5,5,Greek,Egyptian,False,1,4000,2,exp1_permuted_src_datasets
948,6363.405590266,1.0,1738582282.6690779,0.7409000015258789,,,0.001,1,16,40x40,PrototypicalNetwork,5,5,Greek,Egyptian,False,1,4000,2,exp1_permuted_src_datasets
949,6363.405651349,1.0,1738582282.71362,,0.0,1.0,0.001,1,16,40x40,PrototypicalNetwork,5,5,Greek,Egyptian,False,1,4000,2,exp1_permuted_src_datasets
950,6363.452267583,1.0,1738582282.7619543,,0.0,1.0,0.001,1,16,40x40,PrototypicalNetwork,5,5,Greek,Egyptian,False,1,4000,2,exp1_permuted_src_datasets
951,6363.506705358,1.0,1738582282.8164208,,0.0,1.0,0.001,1,16,40x40,PrototypicalNetwork,5,5,Greek,Egyptian,False,1,4000,2,exp1_permuted_src_datasets
952,6363.559165533,1.0,1738582282.8688164,,0.0,1.0,0.001,1,16,40x40,PrototypicalNetwork,5,5,Greek,Egyptian,False,1,4000,2,exp1_permuted_src_datasets
953,6363.608367313,1.0,1738582282.9180977,,0.0,1.0,0.001,1,16,40x40,PrototypicalNetwork,5,5,Greek,Egyptian,False,1,4000,2,exp1_permuted_src_datasets
954,6363.655477657,1.0,1738582282.9652076,,0.0,1.0,0.001,1,16,40x40,PrototypicalNetwork,5,5,Greek,Egyptian,False,1,4000,2,exp1_permuted_src_datasets
955,6363.694367108,1.0,1738582283.0040648,,0.0,1.0,0.001,1,16,40x40,PrototypicalNetwork,5,5,Greek,Egyptian,False,1,4000,2,exp1_permuted_src_datasets
956,6363.72872649,1.0,1738582283.038413,,0.0,1.0,0.001,1,16,40x40,PrototypicalNetwork,5,5,Greek,Egyptian,False,1,4000,2,exp1_permuted_src_datasets
957,6363.762526325,1.0,1738582283.0722635,,0.0,1.0,0.001,1,16,40x40,PrototypicalNetwork,5,5,Greek,Egyptian,False,1,4000,2,exp1_permuted_src_datasets
958,6363.841096135,1.0,1738582283.1507528,,0.0,1.0,0.001,1,16,40x40,PrototypicalNetwork,5,5,Greek,Egyptian,False,1,4000,2,exp1_permuted_src_datasets
959,6363.893438002,1.0,1738582283.203084,,0.0,1.0,0.001,1,16,40x40,PrototypicalNetwork,5,5,Greek,Egyptian,False,1,4000,2,exp1_permuted_src_datasets
960,6363.919772375,1.0,1738582283.2295084,,0.0,1.0,0.001,1,16,40x40,PrototypicalNetwork,5,5,Greek,Egyptian,False,1,4000,2,exp1_permuted_src_datasets
961,6363.965765993,1.0,1738582283.275463,,0.0,1.0,0.001,1,16,40x40,PrototypicalNetwork,5,5,Greek,Egyptian,False,1,4000,2,exp1_permuted_src_datasets
962,6363.999784363,1.0,1738582283.309547,,0.0,1.0,0.001,1,16,40x40,PrototypicalNetwork,5,5,Greek,Egyptian,False,1,4000,2,exp1_permuted_src_datasets
963,6364.041384101,1.0,1738582283.3511016,,0.0,1.0,0.001,1,16,40x40,PrototypicalNetwork,5,5,Greek,Egyptian,False,1,4000,2,exp1_permuted_src_datasets
964,6364.093481508,1.0,1738582283.4031613,,0.0,1.0,0.001,1,16,40x40,PrototypicalNetwork,5,5,Greek,Egyptian,False,1,4000,2,exp1_permuted_src_datasets
965,6364.148003287,1.0,1738582283.4576654,,0.0,1.0,0.001,1,16,40x40,PrototypicalNetwork,5,5,Greek,Egyptian,False,1,4000,2,exp1_permuted_src_datasets
966,6364.195582323,1.0,1738582283.5052958,,0.0,1.0,0.001,1,16,40x40,PrototypicalNetwork,5,5,Greek,Egyptian,False,1,4000,2,exp1_permuted_src_datasets
967,6364.244816425,1.0,1738582283.5544488,,0.0,1.0,0.001,1,16,40x40,PrototypicalNetwork,5,5,Greek,Egyptian,False,1,4000,2,exp1_permuted_src_datasets
968,6364.291385264,1.0,1738582283.6010969,,0.0,1.0,0.001,1,16,40x40,PrototypicalNetwork,5,5,Greek,Egyptian,False,1,4000,2,exp1_permuted_src_datasets
969,6364.335447828,1.0,1738582283.6451602,,0.0,1.0,0.001,1,16,40x40,PrototypicalNetwork,5,5,Greek,Egyptian,False,1,4000,2,exp1_permuted_src_datasets
970,6364.373598123,1.0,1738582283.6832898,,0.0,1.0,0.001,1,16,40x40,PrototypicalNetwork,5,5,Greek,Egyptian,False,1,4000,2,exp1_permuted_src_datasets
971,6364.408218147,1.0,1738582283.7179894,,0.0,1.0,0.001,1,16,40x40,PrototypicalNetwork,5,5,Greek,Egyptian,False,1,4000,2,exp1_permuted_src_datasets
972,6364.442720795,1.0,1738582283.7524402,,0.0,1.0,0.001,1,16,40x40,PrototypicalNetwork,5,5,Greek,Egyptian,False,1,4000,2,exp1_permuted_src_datasets
973,6364.493185187,1.0,1738582283.8028522,,0.0,1.0,0.001,1,16,40x40,PrototypicalNetwork,5,5,Greek,Egyptian,False,1,4000,2,exp1_permuted_src_datasets
974,6364.54197483,1.0,1738582283.8516924,,0.0,1.0,0.001,1,16,40x40,PrototypicalNetwork,5,5,Greek,Egyptian,False,1,4000,2,exp1_permuted_src_datasets
975,6364.584256827,1.0,1738582283.893992,,0.0,1.0,0.001,1,16,40x40,PrototypicalNetwork,5,5,Greek,Egyptian,False,1,4000,2,exp1_permuted_src_datasets
976,6364.621195507,1.0,1738582283.9309676,,0.0,1.0,0.001,1,16,40x40,PrototypicalNetwork,5,5,Greek,Egyptian,False,1,4000,2,exp1_permuted_src_datasets
977,6364.671750094,1.0,1738582283.98141,,0.0,1.0,0.001,1,16,40x40,PrototypicalNetwork,5,5,Greek,Egyptian,False,1,4000,2,exp1_permuted_src_datasets
978,6364.71374141,1.0,1738582284.0234542,,0.0,1.0,0.001,1,16,40x40,PrototypicalNetwork,5,5,Greek,Egyptian,False,1,4000,2,exp1_permuted_src_datasets
979,6364.755766759,1.0,1738582284.065485,,0.0,1.0,0.001,1,16,40x40,PrototypicalNetwork,5,5,Greek,Egyptian,False,1,4000,2,exp1_permuted_src_datasets
980,6364.77626074,1.0,1738582284.0859964,,0.0,1.0,0.001,1,16,40x40,PrototypicalNetwork,5,5,Greek,Egyptian,False,1,4000,2,exp1_permuted_src_datasets
981,6364.817765415,1.0,1738582284.1274116,,0.0,1.0,0.001,1,16,40x40,PrototypicalNetwork,5,5,Greek,Egyptian,False,1,4000,2,exp1_permuted_src_datasets
982,6364.855171322,1.0,1738582284.1648643,,0.0,1.0,0.001,1,16,40x40,PrototypicalNetwork,5,5,Greek,Egyptian,False,1,4000,2,exp1_permuted_src_datasets
983,6364.896227924,1.0,1738582284.20589,,0.0,1.0,0.001,1,16,40x40,PrototypicalNetwork,5,5,Greek,Egyptian,False,1,4000,2,exp1_permuted_src_datasets
984,6364.929408609,1.0,1738582284.2391071,,0.0,1.0,0.001,1,16,40x40,PrototypicalNetwork,5,5,Greek,Egyptian,False,1,4000,2,exp1_permuted_src_datasets
985,6364.963449953,1.0,1738582284.273189,,0.0,1.0,0.001,1,16,40x40,PrototypicalNetwork,5,5,Greek,Egyptian,False,1,4000,2,exp1_permuted_src_datasets
986,6365.011159138,1.0,1738582284.3207996,,0.0,1.0,0.001,1,16,40x40,PrototypicalNetwork,5,5,Greek,Egyptian,False,1,4000,2,exp1_permuted_src_datasets
987,6365.059106127,1.0,1738582284.368805,,0.0,1.0,0.001,1,16,40x40,PrototypicalNetwork,5,5,Greek,Egyptian,False,1,4000,2,exp1_permuted_src_datasets
988,6365.098747591,1.0,1738582284.4084034,,0.0,1.0,0.001,1,16,40x40,PrototypicalNetwork,5,5,Greek,Egyptian,False,1,4000,2,exp1_permuted_src_datasets
989,6365.146357719,1.0,1738582284.4560165,,0.0,1.0,0.001,1,16,40x40,PrototypicalNetwork,5,5,Greek,Egyptian,False,1,4000,2,exp1_permuted_src_datasets
990,6365.199978921,1.0,1738582284.5095863,,0.0,1.0,0.001,1,16,40x40,PrototypicalNetwork,5,5,Greek,Egyptian,False,1,4000,2,exp1_permuted_src_datasets
991,6365.243866641,1.0,1738582284.5535622,,0.0,1.0,0.001,1,16,40x40,PrototypicalNetwork,5,5,Greek,Egyptian,False,1,4000,2,exp1_permuted_src_datasets
992,6365.294240766,1.0,1738582284.603919,,0.0,1.0,0.001,1,16,40x40,PrototypicalNetwork,5,5,Greek,Egyptian,False,1,4000,2,exp1_permuted_src_datasets
993,6365.336610721,1.0,1738582284.6463573,,0.0,1.0,0.001,1,16,40x40,PrototypicalNetwork,5,5,Greek,Egyptian,False,1,4000,2,exp1_permuted_src_datasets
994,6365.380440169,1.0,1738582284.6901352,,0.0,1.0,0.001,1,16,40x40,PrototypicalNetwork,5,5,Greek,Egyptian,False,1,4000,2,exp1_permuted_src_datasets
995,6365.424016168,1.0,1738582284.7337162,,0.0,1.0,0.001,1,16,40x40,PrototypicalNetwork,5,5,Greek,Egyptian,False,1,4000,2,exp1_permuted_src_datasets
996,6365.473780792,1.0,1738582284.783415,,0.0,1.0,0.001,1,16,40x40,PrototypicalNetwork,5,5,Greek,Egyptian,False,1,4000,2,exp1_permuted_src_datasets
997,6365.51603027,1.0,1738582284.825716,,0.0,1.0,0.001,1,16,40x40,PrototypicalNetwork,5,5,Greek,Egyptian,False,1,4000,2,exp1_permuted_src_datasets
998,6365.552461655,1.0,1738582284.8622015,,0.0,1.0,0.001,1,16,40x40,PrototypicalNetwork,5,5,Greek,Egyptian,False,1,4000,2,exp1_permuted_src_datasets
999,6365.586362156,1.0,1738582284.8960369,,0.0,1.0,0.001,1,16,40x40,PrototypicalNetwork,5,5,Greek,Egyptian,False,1,4000,2,exp1_permuted_src_datasets
1000,6365.636441901,1.0,1738582284.9461148,,0.0,1.0,0.001,1,16,40x40,PrototypicalNetwork,5,5,Greek,Egyptian,False,1,4000,2,exp1_permuted_src_datasets
1001,6365.680729036,1.0,1738582284.9904315,,0.0,1.0,0.001,1,16,40x40,PrototypicalNetwork,5,5,Greek,Egyptian,False,1,4000,2,exp1_permuted_src_datasets
1002,6365.717225386,1.0,1738582285.0269322,,0.0,1.0,0.001,1,16,40x40,PrototypicalNetwork,5,5,Greek,Egyptian,False,1,4000,2,exp1_permuted_src_datasets
1003,6365.756369272,1.0,1738582285.066094,,0.0,1.0,0.001,1,16,40x40,PrototypicalNetwork,5,5,Greek,Egyptian,False,1,4000,2,exp1_permuted_src_datasets
1004,6365.802943953,1.0,1738582285.1126153,,0.0,1.0,0.001,1,16,40x40,PrototypicalNetwork,5,5,Greek,Egyptian,False,1,4000,2,exp1_permuted_src_datasets
1005,6365.845461305,1.0,1738582285.1551893,,0.0,1.0,0.001,1,16,40x40,PrototypicalNetwork,5,5,Greek,Egyptian,False,1,4000,2,exp1_permuted_src_datasets
1006,6365.886714497,1.0,1738582285.1963847,,0.0,1.0,0.001,1,16,40x40,PrototypicalNetwork,5,5,Greek,Egyptian,False,1,4000,2,exp1_permuted_src_datasets
1007,6365.924376115,1.0,1738582285.2341278,,0.0,1.0,0.001,1,16,40x40,PrototypicalNetwork,5,5,Greek,Egyptian,False,1,4000,2,exp1_permuted_src_datasets
1008,6365.964977719,1.0,1738582285.2746499,,0.0,1.0,0.001,1,16,40x40,PrototypicalNetwork,5,5,Greek,Egyptian,False,1,4000,2,exp1_permuted_src_datasets
1009,6366.015373525,1.0,1738582285.3250258,,0.0,1.0,0.001,1,16,40x40,PrototypicalNetwork,5,5,Greek,Egyptian,False,1,4000,2,exp1_permuted_src_datasets
1010,6366.051455411,1.0,1738582285.3612034,,0.0,1.0,0.001,1,16,40x40,PrototypicalNetwork,5,5,Greek,Egyptian,False,1,4000,2,exp1_permuted_src_datasets
1011,6746.713568183,1.0,1738582665.9841022,0.74449999833107,,,0.001,1,16,40x40,PrototypicalNetwork,5,5,Greek,Egyptian,False,1,4000,2,exp1_permuted_src_datasets
1012,6746.713620452,1.0,1738582666.0196984,,0.0,1.0,0.001,1,16,40x40,PrototypicalNetwork,5,5,Greek,Egyptian,False,1,4000,2,exp1_permuted_src_datasets
1013,6746.744873198,1.0,1738582666.0545857,,0.0,1.0,0.001,1,16,40x40,PrototypicalNetwork,5,5,Greek,Egyptian,False,1,4000,2,exp1_permuted_src_datasets
1014,6746.768719524,1.0,1738582666.0784922,,0.0,1.0,0.001,1,16,40x40,PrototypicalNetwork,5,5,Greek,Egyptian,False,1,4000,2,exp1_permuted_src_datasets
1015,6746.793058131,1.0,1738582666.1028354,,0.0,1.0,0.001,1,16,40x40,PrototypicalNetwork,5,5,Greek,Egyptian,False,1,4000,2,exp1_permuted_src_datasets
1016,6746.819456744,1.0,1738582666.1292179,,0.0,1.0,0.001,1,16,40x40,PrototypicalNetwork,5,5,Greek,Egyptian,False,1,4000,2,exp1_permuted_src_datasets
1017,6746.845850304,1.0,1738582666.1556065,,0.0,1.0,0.001,1,16,40x40,PrototypicalNetwork,5,5,Greek,Egyptian,False,1,4000,2,exp1_permuted_src_datasets
1018,6746.864284808,1.0,1738582666.1740735,,0.0,1.0,0.001,1,16,40x40,PrototypicalNetwork,5,5,Greek,Egyptian,False,1,4000,2,exp1_permuted_src_datasets
1019,6746.883792908,1.0,1738582666.1935112,,0.0,1.0,0.001,1,16,40x40,PrototypicalNetwork,5,5,Greek,Egyptian,False,1,4000,2,exp1_permuted_src_datasets
1020,6746.92348237,1.0,1738582666.2332048,,0.0,1.0,0.001,1,16,40x40,PrototypicalNetwork,5,5,Greek,Egyptian,False,1,4000,2,exp1_permuted_src_datasets
1021,6746.95280976,1.0,1738582666.2625449,,0.0,1.0,0.001,1,16,40x40,PrototypicalNetwork,5,5,Greek,Egyptian,False,1,4000,2,exp1_permuted_src_datasets
1022,6746.991653434,1.0,1738582666.3013396,,0.0,1.0,0.001,1,16,40x40,PrototypicalNetwork,5,5,Greek,Egyptian,False,1,4000,2,exp1_permuted_src_datasets
1023,6747.01669706,1.0,1738582666.3264608,,0.0,1.0,0.001,1,16,40x40,PrototypicalNetwork,5,5,Greek,Egyptian,False,1,4000,2,exp1_permuted_src_datasets
1024,6747.044447743,1.0,1738582666.3541791,,0.0,1.0,0.001,1,16,40x40,PrototypicalNetwork,5,5,Greek,Egyptian,False,1,4000,2,exp1_permuted_src_datasets
1025,6747.074620417,1.0,1738582666.384334,,0.0,1.0,0.001,1,16,40x40,PrototypicalNetwork,5,5,Greek,Egyptian,False,1,4000,2,exp1_permuted_src_datasets
1026,6747.109054688,1.0,1738582666.418717,,0.0,1.0,0.001,1,16,40x40,PrototypicalNetwork,5,5,Greek,Egyptian,False,1,4000,2,exp1_permuted_src_datasets
1027,6747.130257812,1.0,1738582666.4400575,,0.0,1.0,0.001,1,16,40x40,PrototypicalNetwork,5,5,Greek,Egyptian,False,1,4000,2,exp1_permuted_src_datasets
1028,6747.158408966,1.0,1738582666.4681606,,0.0,1.0,0.001,1,16,40x40,PrototypicalNetwork,5,5,Greek,Egyptian,False,1,4000,2,exp1_permuted_src_datasets
1029,6747.198054812,1.0,1738582666.507739,,0.0,1.0,0.001,1,16,40x40,PrototypicalNetwork,5,5,Greek,Egyptian,False,1,4000,2,exp1_permuted_src_datasets
1030,6747.221919665,1.0,1738582666.5316858,,0.0,1.0,0.001,1,16,40x40,PrototypicalNetwork,5,5,Greek,Egyptian,False,1,4000,2,exp1_permuted_src_datasets
1031,6747.252330475,1.0,1738582666.562054,,0.0,1.0,0.001,1,16,40x40,PrototypicalNetwork,5,5,Greek,Egyptian,False,1,4000,2,exp1_permuted_src_datasets
1032,6747.285202998,1.0,1738582666.5949504,,0.0,1.0,0.001,1,16,40x40,PrototypicalNetwork,5,5,Greek,Egyptian,False,1,4000,2,exp1_permuted_src_datasets
1033,6747.335737448,1.0,1738582666.6454139,,0.0,1.0,0.001,1,16,40x40,PrototypicalNetwork,5,5,Greek,Egyptian,False,1,4000,2,exp1_permuted_src_datasets
1034,6747.36785744,1.0,1738582666.6776183,,0.0,1.0,0.001,1,16,40x40,PrototypicalNetwork,5,5,Greek,Egyptian,False,1,4000,2,exp1_permuted_src_datasets
1035,6747.407627351,1.0,1738582666.717315,,0.0,1.0,0.001,1,16,40x40,PrototypicalNetwork,5,5,Greek,Egyptian,False,1,4000,2,exp1_permuted_src_datasets
1036,6747.454135508,1.0,1738582666.7638113,,0.0,1.0,0.001,1,16,40x40,PrototypicalNetwork,5,5,Greek,Egyptian,False,1,4000,2,exp1_permuted_src_datasets
1037,6747.483965886,1.0,1738582666.7936878,,0.0,1.0,0.001,1,16,40x40,PrototypicalNetwork,5,5,Greek,Egyptian,False,1,4000,2,exp1_permuted_src_datasets
1038,6747.508231903,1.0,1738582666.8180442,,0.0,1.0,0.001,1,16,40x40,PrototypicalNetwork,5,5,Greek,Egyptian,False,1,4000,2,exp1_permuted_src_datasets
1039,6747.552130599,1.0,1738582666.8618743,,0.0,1.0,0.001,1,16,40x40,PrototypicalNetwork,5,5,Greek,Egyptian,False,1,4000,2,exp1_permuted_src_datasets
1040,6747.588574372,1.0,1738582666.8983011,,0.0,1.0,0.001,1,16,40x40,PrototypicalNetwork,5,5,Greek,Egyptian,False,1,4000,2,exp1_permuted_src_datasets
1041,6747.60724408,1.0,1738582666.9170444,,0.0,1.0,0.001,1,16,40x40,PrototypicalNetwork,5,5,Greek,Egyptian,False,1,4000,2,exp1_permuted_src_datasets
1042,6747.627695798,1.0,1738582666.9374766,,0.0,1.0,0.001,1,16,40x40,PrototypicalNetwork,5,5,Greek,Egyptian,False,1,4000,2,exp1_permuted_src_datasets
1043,6747.656566376,1.0,1738582666.9663668,,0.0,1.0,0.001,1,16,40x40,PrototypicalNetwork,5,5,Greek,Egyptian,False,1,4000,2,exp1_permuted_src_datasets
1044,6747.695246143,1.0,1738582667.0049727,,0.0,1.0,0.001,1,16,40x40,PrototypicalNetwork,5,5,Greek,Egyptian,False,1,4000,2,exp1_permuted_src_datasets
1045,6747.715416068,1.0,1738582667.0252156,,0.0,1.0,0.001,1,16,40x40,PrototypicalNetwork,5,5,Greek,Egyptian,False,1,4000,2,exp1_permuted_src_datasets
1046,6747.745832865,1.0,1738582667.0554895,,0.0,1.0,0.001,1,16,40x40,PrototypicalNetwork,5,5,Greek,Egyptian,False,1,4000,2,exp1_permuted_src_datasets
1047,6747.778818477,1.0,1738582667.0885618,,0.0,1.0,0.001,1,16,40x40,PrototypicalNetwork,5,5,Greek,Egyptian,False,1,4000,2,exp1_permuted_src_datasets
1048,6747.802159306,1.0,1738582667.111886,,0.0,1.0,0.001,1,16,40x40,PrototypicalNetwork,5,5,Greek,Egyptian,False,1,4000,2,exp1_permuted_src_datasets
1049,6747.837769676,1.0,1738582667.147512,,0.0,1.0,0.001,1,16,40x40,PrototypicalNetwork,5,5,Greek,Egyptian,False,1,4000,2,exp1_permuted_src_datasets
1050,6747.869729424,1.0,1738582667.179501,,0.0,1.0,0.001,1,16,40x40,PrototypicalNetwork,5,5,Greek,Egyptian,False,1,4000,2,exp1_permuted_src_datasets
1051,6747.90375203,1.0,1738582667.2134893,,0.0,1.0,0.001,1,16,40x40,PrototypicalNetwork,5,5,Greek,Egyptian,False,1,4000,2,exp1_permuted_src_datasets
1052,6747.939731125,1.0,1738582667.2494624,,0.0,1.0,0.001,1,16,40x40,PrototypicalNetwork,5,5,Greek,Egyptian,False,1,4000,2,exp1_permuted_src_datasets
1053,6747.961730366,1.0,1738582667.2715023,,0.0,1.0,0.001,1,16,40x40,PrototypicalNetwork,5,5,Greek,Egyptian,False,1,4000,2,exp1_permuted_src_datasets
1054,6748.011065393,1.0,1738582667.3207538,,0.0,1.0,0.001,1,16,40x40,PrototypicalNetwork,5,5,Greek,Egyptian,False,1,4000,2,exp1_permuted_src_datasets
1055,6748.039307283,1.0,1738582667.3490858,,0.0,1.0,0.001,1,16,40x40,PrototypicalNetwork,5,5,Greek,Egyptian,False,1,4000,2,exp1_permuted_src_datasets
1056,6748.062676421,1.0,1738582667.3724332,,0.0,1.0,0.001,1,16,40x40,PrototypicalNetwork,5,5,Greek,Egyptian,False,1,4000,2,exp1_permuted_src_datasets
1057,6748.08982524,1.0,1738582667.399414,,0.0,1.0,0.001,1,16,40x40,PrototypicalNetwork,5,5,Greek,Egyptian,False,1,4000,2,exp1_permuted_src_datasets
1058,6748.13923067,1.0,1738582667.4488413,,0.0,1.0,0.001,1,16,40x40,PrototypicalNetwork,5,5,Greek,Egyptian,False,1,4000,2,exp1_permuted_src_datasets
1059,6748.18842219,1.0,1738582667.4980905,,0.0,1.0,0.001,1,16,40x40,PrototypicalNetwork,5,5,Greek,Egyptian,False,1,4000,2,exp1_permuted_src_datasets
1060,6748.218706802,1.0,1738582667.5284605,,0.0,1.0,0.001,1,16,40x40,PrototypicalNetwork,5,5,Greek,Egyptian,False,1,4000,2,exp1_permuted_src_datasets
1061,6748.252332875,1.0,1738582667.562076,,0.0,1.0,0.001,1,16,40x40,PrototypicalNetwork,5,5,Greek,Egyptian,False,1,4000,2,exp1_permuted_src_datasets
1062,6748.291843696,1.0,1738582667.6016085,,0.0,1.0,0.001,1,16,40x40,PrototypicalNetwork,5,5,Greek,Egyptian,False,1,4000,2,exp1_permuted_src_datasets
1063,6748.321463453,1.0,1738582667.6312108,,0.0,1.0,0.001,1,16,40x40,PrototypicalNetwork,5,5,Greek,Egyptian,False,1,4000,2,exp1_permuted_src_datasets
1064,6748.344315175,1.0,1738582667.6541076,,0.0,1.0,0.001,1,16,40x40,PrototypicalNetwork,5,5,Greek,Egyptian,False,1,4000,2,exp1_permuted_src_datasets
1065,6748.381069669,1.0,1738582667.6907933,,0.0,1.0,0.001,1,16,40x40,PrototypicalNetwork,5,5,Greek,Egyptian,False,1,4000,2,exp1_permuted_src_datasets
1066,6748.415409801,1.0,1738582667.7251835,,0.0,1.0,0.001,1,16,40x40,PrototypicalNetwork,5,5,Greek,Egyptian,False,1,4000,2,exp1_permuted_src_datasets
1067,6748.452498245,1.0,1738582667.76221,,0.0,1.0,0.001,1,16,40x40,PrototypicalNetwork,5,5,Greek,Egyptian,False,1,4000,2,exp1_permuted_src_datasets
1068,6748.483134324,1.0,1738582667.792885,,0.0,1.0,0.001,1,16,40x40,PrototypicalNetwork,5,5,Greek,Egyptian,False,1,4000,2,exp1_permuted_src_datasets
1069,6748.511136403,1.0,1738582667.820881,,0.0,1.0,0.001,1,16,40x40,PrototypicalNetwork,5,5,Greek,Egyptian,False,1,4000,2,exp1_permuted_src_datasets
1070,6748.553742306,1.0,1738582667.863433,,0.0,1.0,0.001,1,16,40x40,PrototypicalNetwork,5,5,Greek,Egyptian,False,1,4000,2,exp1_permuted_src_datasets
1071,6748.602669449,1.0,1738582667.912363,,0.0,1.0,0.001,1,16,40x40,PrototypicalNetwork,5,5,Greek,Egyptian,False,1,4000,2,exp1_permuted_src_datasets
1072,6748.65198447,1.0,1738582667.9616637,,0.0,1.0,0.001,1,16,40x40,PrototypicalNetwork,5,5,Greek,Egyptian,False,1,4000,2,exp1_permuted_src_datasets
1073,6748.696216684,1.0,1738582668.0059295,,0.0,1.0,0.001,1,16,40x40,PrototypicalNetwork,5,5,Greek,Egyptian,False,1,4000,2,exp1_permuted_src_datasets
1074,7093.221565853,1.0,1738583012.4904218,0.732850001335144,,,0.001,1,16,40x40,PrototypicalNetwork,5,5,Greek,Egyptian,False,1,4000,2,exp1_permuted_src_datasets
1075,7093.221616649,1.0,1738583012.5182672,,0.0,1.0,0.001,1,16,40x40,PrototypicalNetwork,5,5,Greek,Egyptian,False,1,4000,2,exp1_permuted_src_datasets
1076,7093.248425688,1.0,1738583012.5581658,,0.0,1.0,0.001,1,16,40x40,PrototypicalNetwork,5,5,Greek,Egyptian,False,1,4000,2,exp1_permuted_src_datasets
1077,7093.281590738,1.0,1738583012.5913088,,0.0,1.0,0.001,1,16,40x40,PrototypicalNetwork,5,5,Greek,Egyptian,False,1,4000,2,exp1_permuted_src_datasets
1078,7093.322439942,1.0,1738583012.6321616,,0.0,1.0,0.001,1,16,40x40,PrototypicalNetwork,5,5,Greek,Egyptian,False,1,4000,2,exp1_permuted_src_datasets
1079,7093.347013164,1.0,1738583012.6567812,,0.0,1.0,0.001,1,16,40x40,PrototypicalNetwork,5,5,Greek,Egyptian,False,1,4000,2,exp1_permuted_src_datasets
1080,7093.367985751,1.0,1738583012.6777864,,0.0,1.0,0.001,1,16,40x40,PrototypicalNetwork,5,5,Greek,Egyptian,False,1,4000,2,exp1_permuted_src_datasets
1081,7093.394535133,1.0,1738583012.7042835,,0.0,1.0,0.001,1,16,40x40,PrototypicalNetwork,5,5,Greek,Egyptian,False,1,4000,2,exp1_permuted_src_datasets
1082,7093.41343479,1.0,1738583012.7232375,,0.0,1.0,0.001,1,16,40x40,PrototypicalNetwork,5,5,Greek,Egyptian,False,1,4000,2,exp1_permuted_src_datasets
1083,7093.440920636,1.0,1738583012.750684,,0.0,1.0,0.001,1,16,40x40,PrototypicalNetwork,5,5,Greek,Egyptian,False,1,4000,2,exp1_permuted_src_datasets
1084,7093.475925374,1.0,1738583012.7857003,,0.0,1.0,0.001,1,16,40x40,PrototypicalNetwork,5,5,Greek,Egyptian,False,1,4000,2,exp1_permuted_src_datasets
1085,7093.504866903,1.0,1738583012.8146307,,0.0,1.0,0.001,1,16,40x40,PrototypicalNetwork,5,5,Greek,Egyptian,False,1,4000,2,exp1_permuted_src_datasets
1086,7093.532975653,1.0,1738583012.8427458,,0.0,1.0,0.001,1,16,40x40,PrototypicalNetwork,5,5,Greek,Egyptian,False,1,4000,2,exp1_permuted_src_datasets
1087,7093.572939059,1.0,1738583012.8826473,,0.0,1.0,0.001,1,16,40x40,PrototypicalNetwork,5,5,Greek,Egyptian,False,1,4000,2,exp1_permuted_src_datasets
1088,7093.612019265,1.0,1738583012.9216821,,0.0,1.0,0.001,1,16,40x40,PrototypicalNetwork,5,5,Greek,Egyptian,False,1,4000,2,exp1_permuted_src_datasets
1089,7093.642594737,1.0,1738583012.9523597,,0.0,1.0,0.001,1,16,40x40,PrototypicalNetwork,5,5,Greek,Egyptian,False,1,4000,2,exp1_permuted_src_datasets
1090,7093.660824368,1.0,1738583012.9706123,,0.0,1.0,0.001,1,16,40x40,PrototypicalNetwork,5,5,Greek,Egyptian,False,1,4000,2,exp1_permuted_src_datasets
1091,7093.679299395,1.0,1738583012.9890707,,0.0,1.0,0.001,1,16,40x40,PrototypicalNetwork,5,5,Greek,Egyptian,False,1,4000,2,exp1_permuted_src_datasets
1092,7093.697111399,1.0,1738583013.0069058,,0.0,1.0,0.001,1,16,40x40,PrototypicalNetwork,5,5,Greek,Egyptian,False,1,4000,2,exp1_permuted_src_datasets
1093,7093.727077261,1.0,1738583013.0367942,,0.0,1.0,0.001,1,16,40x40,PrototypicalNetwork,5,5,Greek,Egyptian,False,1,4000,2,exp1_permuted_src_datasets
1094,7093.767738033,1.0,1738583013.0774472,,0.0,1.0,0.001,1,16,40x40,PrototypicalNetwork,5,5,Greek,Egyptian,False,1,4000,2,exp1_permuted_src_datasets
1095,7093.794152678,1.0,1738583013.1038942,,0.0,1.0,0.001,1,16,40x40,PrototypicalNetwork,5,5,Greek,Egyptian,False,1,4000,2,exp1_permuted_src_datasets
1096,7093.841796679,1.0,1738583013.1514983,,0.0,1.0,0.001,1,16,40x40,PrototypicalNetwork,5,5,Greek,Egyptian,False,1,4000,2,exp1_permuted_src_datasets
1097,7093.875552795,1.0,1738583013.185257,,0.0,1.0,0.001,1,16,40x40,PrototypicalNetwork,5,5,Greek,Egyptian,False,1,4000,2,exp1_permuted_src_datasets
1098,7093.913280528,1.0,1738583013.2230194,,0.0,1.0,0.001,1,16,40x40,PrototypicalNetwork,5,5,Greek,Egyptian,False,1,4000,2,exp1_permuted_src_datasets
1099,7093.94584711,1.0,1738583013.2555668,,0.0,1.0,0.001,1,16,40x40,PrototypicalNetwork,5,5,Greek,Egyptian,False,1,4000,2,exp1_permuted_src_datasets
1100,7093.986984203,1.0,1738583013.296733,,0.0,1.0,0.001,1,16,40x40,PrototypicalNetwork,5,5,Greek,Egyptian,False,1,4000,2,exp1_permuted_src_datasets
1101,7094.01392175,1.0,1738583013.323694,,0.0,1.0,0.001,1,16,40x40,PrototypicalNetwork,5,5,Greek,Egyptian,False,1,4000,2,exp1_permuted_src_datasets
1102,7094.045136806,1.0,1738583013.3548713,,0.0,1.0,0.001,1,16,40x40,PrototypicalNetwork,5,5,Greek,Egyptian,False,1,4000,2,exp1_permuted_src_datasets
1103,7094.077471538,1.0,1738583013.387244,,0.0,1.0,0.001,1,16,40x40,PrototypicalNetwork,5,5,Greek,Egyptian,False,1,4000,2,exp1_permuted_src_datasets
1104,7094.107108816,1.0,1738583013.416859,,0.0,1.0,0.001,1,16,40x40,PrototypicalNetwork,5,5,Greek,Egyptian,False,1,4000,2,exp1_permuted_src_datasets
1105,7094.155305217,1.0,1738583013.465007,,0.0,1.0,0.001,1,16,40x40,PrototypicalNetwork,5,5,Greek,Egyptian,False,1,4000,2,exp1_permuted_src_datasets
1106,7094.193149941,1.0,1738583013.5028944,,0.0,1.0,0.001,1,16,40x40,PrototypicalNetwork,5,5,Greek,Egyptian,False,1,4000,2,exp1_permuted_src_datasets
1107,7094.227682297,1.0,1738583013.5373797,,0.0,1.0,0.001,1,16,40x40,PrototypicalNetwork,5,5,Greek,Egyptian,False,1,4000,2,exp1_permuted_src_datasets
1108,7094.276157971,1.0,1738583013.5858517,,0.0,1.0,0.001,1,16,40x40,PrototypicalNetwork,5,5,Greek,Egyptian,False,1,4000,2,exp1_permuted_src_datasets
1109,7094.314919211,1.0,1738583013.6246455,,0.0,1.0,0.001,1,16,40x40,PrototypicalNetwork,5,5,Greek,Egyptian,False,1,4000,2,exp1_permuted_src_datasets
1110,7094.347366036,1.0,1738583013.6571124,,0.0,1.0,0.001,1,16,40x40,PrototypicalNetwork,5,5,Greek,Egyptian,False,1,4000,2,exp1_permuted_src_datasets
1111,7094.39583882,1.0,1738583013.7054765,,0.0,1.0,0.001,1,16,40x40,PrototypicalNetwork,5,5,Greek,Egyptian,False,1,4000,2,exp1_permuted_src_datasets
1112,7094.443256942,1.0,1738583013.7529387,,0.0,1.0,0.001,1,16,40x40,PrototypicalNetwork,5,5,Greek,Egyptian,False,1,4000,2,exp1_permuted_src_datasets
1113,7094.47838701,1.0,1738583013.7881324,,0.0,1.0,0.001,1,16,40x40,PrototypicalNetwork,5,5,Greek,Egyptian,False,1,4000,2,exp1_permuted_src_datasets
1114,7094.503833407,1.0,1738583013.8135612,,0.0,1.0,0.001,1,16,40x40,PrototypicalNetwork,5,5,Greek,Egyptian,False,1,4000,2,exp1_permuted_src_datasets
1115,7094.531788671,1.0,1738583013.8415499,,0.0,1.0,0.001,1,16,40x40,PrototypicalNetwork,5,5,Greek,Egyptian,False,1,4000,2,exp1_permuted_src_datasets
1116,7094.554700295,1.0,1738583013.8644764,,0.0,1.0,0.001,1,16,40x40,PrototypicalNetwork,5,5,Greek,Egyptian,False,1,4000,2,exp1_permuted_src_datasets
1117,7094.593817277,1.0,1738583013.9035347,,0.0,1.0,0.001,1,16,40x40,PrototypicalNetwork,5,5,Greek,Egyptian,False,1,4000,2,exp1_permuted_src_datasets
1118,7094.634465981,1.0,1738583013.9442027,,0.0,1.0,0.001,1,16,40x40,PrototypicalNetwork,5,5,Greek,Egyptian,False,1,4000,2,exp1_permuted_src_datasets
1119,7094.663280851,1.0,1738583013.9730248,,0.0,1.0,0.001,1,16,40x40,PrototypicalNetwork,5,5,Greek,Egyptian,False,1,4000,2,exp1_permuted_src_datasets
1120,7094.699932553,1.0,1738583014.0096905,,0.0,1.0,0.001,1,16,40x40,PrototypicalNetwork,5,5,Greek,Egyptian,False,1,4000,2,exp1_permuted_src_datasets
1121,7094.741195643,1.0,1738583014.0508852,,0.0,1.0,0.001,1,16,40x40,PrototypicalNetwork,5,5,Greek,Egyptian,False,1,4000,2,exp1_permuted_src_datasets
1122,7094.785871223,1.0,1738583014.0955863,,0.0,1.0,0.001,1,16,40x40,PrototypicalNetwork,5,5,Greek,Egyptian,False,1,4000,2,exp1_permuted_src_datasets
1123,7094.838107276,1.0,1738583014.1477964,,0.0,1.0,0.001,1,16,40x40,PrototypicalNetwork,5,5,Greek,Egyptian,False,1,4000,2,exp1_permuted_src_datasets
1124,7094.881999419,1.0,1738583014.1917458,,0.0,1.0,0.001,1,16,40x40,PrototypicalNetwork,5,5,Greek,Egyptian,False,1,4000,2,exp1_permuted_src_datasets
1125,7094.916660808,1.0,1738583014.2263944,,0.0,1.0,0.001,1,16,40x40,PrototypicalNetwork,5,5,Greek,Egyptian,False,1,4000,2,exp1_permuted_src_datasets
1126,7094.964430336,1.0,1738583014.2741437,,0.0,1.0,0.001,1,16,40x40,PrototypicalNetwork,5,5,Greek,Egyptian,False,1,4000,2,exp1_permuted_src_datasets
1127,7095.008823162,1.0,1738583014.31856,,0.0,1.0,0.001,1,16,40x40,PrototypicalNetwork,5,5,Greek,Egyptian,False,1,4000,2,exp1_permuted_src_datasets
1128,7095.046366741,1.0,1738583014.35612,,0.0,1.0,0.001,1,16,40x40,PrototypicalNetwork,5,5,Greek,Egyptian,False,1,4000,2,exp1_permuted_src_datasets
1129,7095.070905816,1.0,1738583014.3806372,,0.0,1.0,0.001,1,16,40x40,PrototypicalNetwork,5,5,Greek,Egyptian,False,1,4000,2,exp1_permuted_src_datasets
1130,7095.090879567,1.0,1738583014.4006503,,0.0,1.0,0.001,1,16,40x40,PrototypicalNetwork,5,5,Greek,Egyptian,False,1,4000,2,exp1_permuted_src_datasets
1131,7095.111490535,1.0,1738583014.4212031,,0.0,1.0,0.001,1,16,40x40,PrototypicalNetwork,5,5,Greek,Egyptian,False,1,4000,2,exp1_permuted_src_datasets
1132,7095.150660539,1.0,1738583014.4603295,,0.0,1.0,0.001,1,16,40x40,PrototypicalNetwork,5,5,Greek,Egyptian,False,1,4000,2,exp1_permuted_src_datasets
1133,7095.181276802,1.0,1738583014.491028,,0.0,1.0,0.001,1,16,40x40,PrototypicalNetwork,5,5,Greek,Egyptian,False,1,4000,2,exp1_permuted_src_datasets
1134,7095.217823426,1.0,1738583014.5275545,,0.0,1.0,0.001,1,16,40x40,PrototypicalNetwork,5,5,Greek,Egyptian,False,1,4000,2,exp1_permuted_src_datasets
1135,7095.237543516,1.0,1738583014.5473146,,0.0,1.0,0.001,1,16,40x40,PrototypicalNetwork,5,5,Greek,Egyptian,False,1,4000,2,exp1_permuted_src_datasets
1136,7095.256533188,1.0,1738583014.566317,,0.0,1.0,0.001,1,16,40x40,PrototypicalNetwork,5,5,Greek,Egyptian,False,1,4000,2,exp1_permuted_src_datasets
1137,7440.976843867,1.0,1738583360.2866745,0.7332999994754791,,,0.001,1,16,40x40,PrototypicalNetwork,5,5,Greek,Egyptian,False,1,4000,2,exp1_permuted_src_datasets
1138,7440.999245023,1.0,1738583360.3089964,,0.0,1.0,0.001,1,16,40x40,PrototypicalNetwork,5,5,Greek,Egyptian,False,1,4000,2,exp1_permuted_src_datasets
1139,7441.037230578,1.0,1738583360.3469753,,0.0,1.0,0.001,1,16,40x40,PrototypicalNetwork,5,5,Greek,Egyptian,False,1,4000,2,exp1_permuted_src_datasets
1140,7441.072369685,1.0,1738583360.382113,,0.0,1.0,0.001,1,16,40x40,PrototypicalNetwork,5,5,Greek,Egyptian,False,1,4000,2,exp1_permuted_src_datasets
1141,7441.106328094,1.0,1738583360.4160767,,0.0,1.0,0.001,1,16,40x40,PrototypicalNetwork,5,5,Greek,Egyptian,False,1,4000,2,exp1_permuted_src_datasets
1142,7441.145463376,1.0,1738583360.4551709,,0.0,1.0,0.001,1,16,40x40,PrototypicalNetwork,5,5,Greek,Egyptian,False,1,4000,2,exp1_permuted_src_datasets
1143,7441.182808142,1.0,1738583360.4925547,,0.0,1.0,0.001,1,16,40x40,PrototypicalNetwork,5,5,Greek,Egyptian,False,1,4000,2,exp1_permuted_src_datasets
1144,7441.219382951,1.0,1738583360.5290873,,0.0,1.0,0.001,1,16,40x40,PrototypicalNetwork,5,5,Greek,Egyptian,False,1,4000,2,exp1_permuted_src_datasets
1145,7441.243831661,1.0,1738583360.553621,,0.0,1.0,0.001,1,16,40x40,PrototypicalNetwork,5,5,Greek,Egyptian,False,1,4000,2,exp1_permuted_src_datasets
1146,7441.266054703,1.0,1738583360.57586,,0.0,1.0,0.001,1,16,40x40,PrototypicalNetwork,5,5,Greek,Egyptian,False,1,4000,2,exp1_permuted_src_datasets
1147,7441.284026532,1.0,1738583360.5938141,,0.0,1.0,0.001,1,16,40x40,PrototypicalNetwork,5,5,Greek,Egyptian,False,1,4000,2,exp1_permuted_src_datasets
1148,7441.319470109,1.0,1738583360.6292026,,0.0,1.0,0.001,1,16,40x40,PrototypicalNetwork,5,5,Greek,Egyptian,False,1,4000,2,exp1_permuted_src_datasets
1149,7441.363222816,1.0,1738583360.672875,,0.0,1.0,0.001,1,16,40x40,PrototypicalNetwork,5,5,Greek,Egyptian,False,1,4000,2,exp1_permuted_src_datasets
1150,7441.408200372,1.0,1738583360.7178988,,0.0,1.0,0.001,1,16,40x40,PrototypicalNetwork,5,5,Greek,Egyptian,False,1,4000,2,exp1_permuted_src_datasets
1151,7441.449657006,1.0,1738583360.759379,,0.0,1.0,0.001,1,16,40x40,PrototypicalNetwork,5,5,Greek,Egyptian,False,1,4000,2,exp1_permuted_src_datasets
1152,7441.476899287,1.0,1738583360.7866313,,0.0,1.0,0.001,1,16,40x40,PrototypicalNetwork,5,5,Greek,Egyptian,False,1,4000,2,exp1_permuted_src_datasets
1153,7441.50671455,1.0,1738583360.8164515,,0.0,1.0,0.001,1,16,40x40,PrototypicalNetwork,5,5,Greek,Egyptian,False,1,4000,2,exp1_permuted_src_datasets
1154,7441.534352131,1.0,1738583360.8440585,,0.0,1.0,0.001,1,16,40x40,PrototypicalNetwork,5,5,Greek,Egyptian,False,1,4000,2,exp1_permuted_src_datasets
1155,7441.5676692,1.0,1738583360.8774326,,0.0,1.0,0.001,1,16,40x40,PrototypicalNetwork,5,5,Greek,Egyptian,False,1,4000,2,exp1_permuted_src_datasets
1156,7441.607818784,1.0,1738583360.9175236,,0.0,1.0,0.001,1,16,40x40,PrototypicalNetwork,5,5,Greek,Egyptian,False,1,4000,2,exp1_permuted_src_datasets
1157,7441.64193694,1.0,1738583360.951691,,0.0,1.0,0.001,1,16,40x40,PrototypicalNetwork,5,5,Greek,Egyptian,False,1,4000,2,exp1_permuted_src_datasets
1158,7441.669779051,1.0,1738583360.979504,,0.0,1.0,0.001,1,16,40x40,PrototypicalNetwork,5,5,Greek,Egyptian,False,1,4000,2,exp1_permuted_src_datasets
1159,7441.701041192,1.0,1738583361.0108142,,0.0,1.0,0.001,1,16,40x40,PrototypicalNetwork,5,5,Greek,Egyptian,False,1,4000,2,exp1_permuted_src_datasets
1160,7441.731066442,1.0,1738583361.040828,,0.0,1.0,0.001,1,16,40x40,PrototypicalNetwork,5,5,Greek,Egyptian,False,1,4000,2,exp1_permuted_src_datasets
1161,7441.772988629,1.0,1738583361.0826843,,0.0,1.0,0.001,1,16,40x40,PrototypicalNetwork,5,5,Greek,Egyptian,False,1,4000,2,exp1_permuted_src_datasets
1162,7441.804271723,1.0,1738583361.1140249,,0.0,1.0,0.001,1,16,40x40,PrototypicalNetwork,5,5,Greek,Egyptian,False,1,4000,2,exp1_permuted_src_datasets
1163,7441.841264683,1.0,1738583361.1509638,,0.0,1.0,0.001,1,16,40x40,PrototypicalNetwork,5,5,Greek,Egyptian,False,1,4000,2,exp1_permuted_src_datasets
1164,7441.872882852,1.0,1738583361.1826394,,0.0,1.0,0.001,1,16,40x40,PrototypicalNetwork,5,5,Greek,Egyptian,False,1,4000,2,exp1_permuted_src_datasets
1165,7441.894040793,1.0,1738583361.2037988,,0.0,1.0,0.001,1,16,40x40,PrototypicalNetwork,5,5,Greek,Egyptian,False,1,4000,2,exp1_permuted_src_datasets
1166,7441.926892827,1.0,1738583361.2366655,,0.0,1.0,0.001,1,16,40x40,PrototypicalNetwork,5,5,Greek,Egyptian,False,1,4000,2,exp1_permuted_src_datasets
1167,7441.946253689,1.0,1738583361.2560487,,0.0,1.0,0.001,1,16,40x40,PrototypicalNetwork,5,5,Greek,Egyptian,False,1,4000,2,exp1_permuted_src_datasets
1168,7441.966838661,1.0,1738583361.276579,,0.0,1.0,0.001,1,16,40x40,PrototypicalNetwork,5,5,Greek,Egyptian,False,1,4000,2,exp1_permuted_src_datasets
1169,7442.003958498,1.0,1738583361.3136108,,0.0,1.0,0.001,1,16,40x40,PrototypicalNetwork,5,5,Greek,Egyptian,False,1,4000,2,exp1_permuted_src_datasets
1170,7442.05050917,1.0,1738583361.3602226,,0.0,1.0,0.001,1,16,40x40,PrototypicalNetwork,5,5,Greek,Egyptian,False,1,4000,2,exp1_permuted_src_datasets
1171,7442.087112992,1.0,1738583361.3968503,,0.0,1.0,0.001,1,16,40x40,PrototypicalNetwork,5,5,Greek,Egyptian,False,1,4000,2,exp1_permuted_src_datasets
1172,7442.133462112,1.0,1738583361.4431496,,0.0,1.0,0.001,1,16,40x40,PrototypicalNetwork,5,5,Greek,Egyptian,False,1,4000,2,exp1_permuted_src_datasets
1173,7442.17757534,1.0,1738583361.4775448,,0.0,1.0,0.001,1,16,40x40,PrototypicalNetwork,5,5,Greek,Egyptian,False,1,4000,2,exp1_permuted_src_datasets
1174,7442.203260396,1.0,1738583361.5129714,,0.0,1.0,0.001,1,16,40x40,PrototypicalNetwork,5,5,Greek,Egyptian,False,1,4000,2,exp1_permuted_src_datasets
1175,7442.248467511,1.0,1738583361.558157,,0.0,1.0,0.001,1,16,40x40,PrototypicalNetwork,5,5,Greek,Egyptian,False,1,4000,2,exp1_permuted_src_datasets
1176,7442.289260058,1.0,1738583361.599005,,0.0,1.0,0.001,1,16,40x40,PrototypicalNetwork,5,5,Greek,Egyptian,False,1,4000,2,exp1_permuted_src_datasets
1177,7442.309373123,1.0,1738583361.6191647,,0.0,1.0,0.001,1,16,40x40,PrototypicalNetwork,5,5,Greek,Egyptian,False,1,4000,2,exp1_permuted_src_datasets
1178,7442.345456263,1.0,1738583361.6551037,,0.0,1.0,0.001,1,16,40x40,PrototypicalNetwork,5,5,Greek,Egyptian,False,1,4000,2,exp1_permuted_src_datasets
1179,7442.401570222,1.0,1738583361.699226,,0.0,1.0,0.001,1,16,40x40,PrototypicalNetwork,5,5,Greek,Egyptian,False,1,4000,2,exp1_permuted_src_datasets
1180,7442.419358082,1.0,1738583361.729057,,0.0,1.0,0.001,1,16,40x40,PrototypicalNetwork,5,5,Greek,Egyptian,False,1,4000,2,exp1_permuted_src_datasets
1181,7442.459045443,1.0,1738583361.7687385,,0.0,1.0,0.001,1,16,40x40,PrototypicalNetwork,5,5,Greek,Egyptian,False,1,4000,2,exp1_permuted_src_datasets
1182,7442.50606359,1.0,1738583361.8157325,,0.0,1.0,0.001,1,16,40x40,PrototypicalNetwork,5,5,Greek,Egyptian,False,1,4000,2,exp1_permuted_src_datasets
1183,7442.546101285,1.0,1738583361.8557727,,0.0,1.0,0.001,1,16,40x40,PrototypicalNetwork,5,5,Greek,Egyptian,False,1,4000,2,exp1_permuted_src_datasets
1184,7442.580994986,1.0,1738583361.8907344,,0.0,1.0,0.001,1,16,40x40,PrototypicalNetwork,5,5,Greek,Egyptian,False,1,4000,2,exp1_permuted_src_datasets
1185,7442.619756627,1.0,1738583361.9290094,,0.0,1.0,0.001,1,16,40x40,PrototypicalNetwork,5,5,Greek,Egyptian,False,1,4000,2,exp1_permuted_src_datasets
1186,7442.66842029,1.0,1738583361.9781184,,0.0,1.0,0.001,1,16,40x40,PrototypicalNetwork,5,5,Greek,Egyptian,False,1,4000,2,exp1_permuted_src_datasets
1187,7442.724608985,1.0,1738583362.0343046,,0.0,1.0,0.001,1,16,40x40,PrototypicalNetwork,5,5,Greek,Egyptian,False,1,4000,2,exp1_permuted_src_datasets
1188,7442.771897015,1.0,1738583362.0815926,,0.0,1.0,0.001,1,16,40x40,PrototypicalNetwork,5,5,Greek,Egyptian,False,1,4000,2,exp1_permuted_src_datasets
1189,7442.8103375,1.0,1738583362.1200242,,0.0,1.0,0.001,1,16,40x40,PrototypicalNetwork,5,5,Greek,Egyptian,False,1,4000,2,exp1_permuted_src_datasets
1190,7442.843198769,1.0,1738583362.1529446,,0.0,1.0,0.001,1,16,40x40,PrototypicalNetwork,5,5,Greek,Egyptian,False,1,4000,2,exp1_permuted_src_datasets
1191,7442.865654176,1.0,1738583362.1753979,,0.0,1.0,0.001,1,16,40x40,PrototypicalNetwork,5,5,Greek,Egyptian,False,1,4000,2,exp1_permuted_src_datasets
1192,7442.888961783,1.0,1738583362.1986961,,0.0,1.0,0.001,1,16,40x40,PrototypicalNetwork,5,5,Greek,Egyptian,False,1,4000,2,exp1_permuted_src_datasets
1193,7442.91388733,1.0,1738583362.223593,,0.0,1.0,0.001,1,16,40x40,PrototypicalNetwork,5,5,Greek,Egyptian,False,1,4000,2,exp1_permuted_src_datasets
1194,7442.938592736,1.0,1738583362.2483509,,0.0,1.0,0.001,1,16,40x40,PrototypicalNetwork,5,5,Greek,Egyptian,False,1,4000,2,exp1_permuted_src_datasets
1195,7442.96185841,1.0,1738583362.2716382,,0.0,1.0,0.001,1,16,40x40,PrototypicalNetwork,5,5,Greek,Egyptian,False,1,4000,2,exp1_permuted_src_datasets
1196,7442.998112292,1.0,1738583362.307851,,0.0,1.0,0.001,1,16,40x40,PrototypicalNetwork,5,5,Greek,Egyptian,False,1,4000,2,exp1_permuted_src_datasets
1197,7443.0172253,1.0,1738583362.3270214,,0.0,1.0,0.001,1,16,40x40,PrototypicalNetwork,5,5,Greek,Egyptian,False,1,4000,2,exp1_permuted_src_datasets
1198,7443.036494987,1.0,1738583362.3462772,,0.0,1.0,0.001,1,16,40x40,PrototypicalNetwork,5,5,Greek,Egyptian,False,1,4000,2,exp1_permuted_src_datasets
1199,7443.067978012,1.0,1738583362.37771,,0.0,1.0,0.001,1,16,40x40,PrototypicalNetwork,5,5,Greek,Egyptian,False,1,4000,2,exp1_permuted_src_datasets
1200,7819.453682237,1.0,1738583738.7635221,0.7315000021457672,,,0.001,1,16,40x40,PrototypicalNetwork,5,5,Greek,Egyptian,False,1,4000,2,exp1_permuted_src_datasets
1201,7819.476482861,1.0,1738583738.786241,,0.0,1.0,0.001,1,16,40x40,PrototypicalNetwork,5,5,Greek,Egyptian,False,1,4000,2,exp1_permuted_src_datasets
1202,7819.513013319,1.0,1738583738.8227563,,0.0,1.0,0.001,1,16,40x40,PrototypicalNetwork,5,5,Greek,Egyptian,False,1,4000,2,exp1_permuted_src_datasets
1203,7819.552824005,1.0,1738583738.8625312,,0.0,1.0,0.001,1,16,40x40,PrototypicalNetwork,5,5,Greek,Egyptian,False,1,4000,2,exp1_permuted_src_datasets
1204,7819.589957836,1.0,1738583738.8997276,,0.0,1.0,0.001,1,16,40x40,PrototypicalNetwork,5,5,Greek,Egyptian,False,1,4000,2,exp1_permuted_src_datasets
1205,7819.633675183,1.0,1738583738.943394,,0.0,1.0,0.001,1,16,40x40,PrototypicalNetwork,5,5,Greek,Egyptian,False,1,4000,2,exp1_permuted_src_datasets
1206,7819.676677135,1.0,1738583738.9863553,,0.0,1.0,0.001,1,16,40x40,PrototypicalNetwork,5,5,Greek,Egyptian,False,1,4000,2,exp1_permuted_src_datasets
1207,7819.718212989,1.0,1738583739.0279343,,0.0,1.0,0.001,1,16,40x40,PrototypicalNetwork,5,5,Greek,Egyptian,False,1,4000,2,exp1_permuted_src_datasets
1208,7819.757001287,1.0,1738583739.0667622,,0.0,1.0,0.001,1,16,40x40,PrototypicalNetwork,5,5,Greek,Egyptian,False,1,4000,2,exp1_permuted_src_datasets
1209,7819.787832024,1.0,1738583739.0975802,,0.0,1.0,0.001,1,16,40x40,PrototypicalNetwork,5,5,Greek,Egyptian,False,1,4000,2,exp1_permuted_src_datasets
1210,7819.834144905,1.0,1738583739.1438093,,0.0,1.0,0.001,1,16,40x40,PrototypicalNetwork,5,5,Greek,Egyptian,False,1,4000,2,exp1_permuted_src_datasets
1211,7819.872031905,1.0,1738583739.1817503,,0.0,1.0,0.001,1,16,40x40,PrototypicalNetwork,5,5,Greek,Egyptian,False,1,4000,2,exp1_permuted_src_datasets
1212,7819.902757559,1.0,1738583739.2124984,,0.0,1.0,0.001,1,16,40x40,PrototypicalNetwork,5,5,Greek,Egyptian,False,1,4000,2,exp1_permuted_src_datasets
1213,7819.929656127,1.0,1738583739.2394052,,0.0,1.0,0.001,1,16,40x40,PrototypicalNetwork,5,5,Greek,Egyptian,False,1,4000,2,exp1_permuted_src_datasets
1214,7819.954794695,1.0,1738583739.264543,,0.0,1.0,0.001,1,16,40x40,PrototypicalNetwork,5,5,Greek,Egyptian,False,1,4000,2,exp1_permuted_src_datasets
1215,7819.982691718,1.0,1738583739.292405,,0.0,1.0,0.001,1,16,40x40,PrototypicalNetwork,5,5,Greek,Egyptian,False,1,4000,2,exp1_permuted_src_datasets
1216,7820.012230761,1.0,1738583739.321996,,0.0,1.0,0.001,1,16,40x40,PrototypicalNetwork,5,5,Greek,Egyptian,False,1,4000,2,exp1_permuted_src_datasets
1217,7820.049616553,1.0,1738583739.3593075,,0.0,1.0,0.001,1,16,40x40,PrototypicalNetwork,5,5,Greek,Egyptian,False,1,4000,2,exp1_permuted_src_datasets
1218,7820.074961691,1.0,1738583739.3847022,,0.0,1.0,0.001,1,16,40x40,PrototypicalNetwork,5,5,Greek,Egyptian,False,1,4000,2,exp1_permuted_src_datasets
1219,7820.103771463,1.0,1738583739.4135103,,0.0,1.0,0.001,1,16,40x40,PrototypicalNetwork,5,5,Greek,Egyptian,False,1,4000,2,exp1_permuted_src_datasets
1220,7820.122098609,1.0,1738583739.4318635,,0.0,1.0,0.001,1,16,40x40,PrototypicalNetwork,5,5,Greek,Egyptian,False,1,4000,2,exp1_permuted_src_datasets
1221,7820.162308265,1.0,1738583739.4719837,,0.0,1.0,0.001,1,16,40x40,PrototypicalNetwork,5,5,Greek,Egyptian,False,1,4000,2,exp1_permuted_src_datasets
1222,7820.195026725,1.0,1738583739.5047169,,0.0,1.0,0.001,1,16,40x40,PrototypicalNetwork,5,5,Greek,Egyptian,False,1,4000,2,exp1_permuted_src_datasets
1223,7820.22786731,1.0,1738583739.5375986,,0.0,1.0,0.001,1,16,40x40,PrototypicalNetwork,5,5,Greek,Egyptian,False,1,4000,2,exp1_permuted_src_datasets
1224,7820.265432507,1.0,1738583739.57514,,0.0,1.0,0.001,1,16,40x40,PrototypicalNetwork,5,5,Greek,Egyptian,False,1,4000,2,exp1_permuted_src_datasets
1225,7820.291026082,1.0,1738583739.6007626,,0.0,1.0,0.001,1,16,40x40,PrototypicalNetwork,5,5,Greek,Egyptian,False,1,4000,2,exp1_permuted_src_datasets
1226,7820.338316544,1.0,1738583739.648069,,0.0,1.0,0.001,1,16,40x40,PrototypicalNetwork,5,5,Greek,Egyptian,False,1,4000,2,exp1_permuted_src_datasets
1227,7820.371691909,1.0,1738583739.6814284,,0.0,1.0,0.001,1,16,40x40,PrototypicalNetwork,5,5,Greek,Egyptian,False,1,4000,2,exp1_permuted_src_datasets
1228,7820.39293853,1.0,1738583739.7026937,,0.0,1.0,0.001,1,16,40x40,PrototypicalNetwork,5,5,Greek,Egyptian,False,1,4000,2,exp1_permuted_src_datasets
1229,7820.41434264,1.0,1738583739.7241147,,0.0,1.0,0.001,1,16,40x40,PrototypicalNetwork,5,5,Greek,Egyptian,False,1,4000,2,exp1_permuted_src_datasets
1230,7820.451441834,1.0,1738583739.7611926,,0.0,1.0,0.001,1,16,40x40,PrototypicalNetwork,5,5,Greek,Egyptian,False,1,4000,2,exp1_permuted_src_datasets
1231,7820.485648832,1.0,1738583739.795319,,0.0,1.0,0.001,1,16,40x40,PrototypicalNetwork,5,5,Greek,Egyptian,False,1,4000,2,exp1_permuted_src_datasets
1232,7820.51881245,1.0,1738583739.828517,,0.0,1.0,0.001,1,16,40x40,PrototypicalNetwork,5,5,Greek,Egyptian,False,1,4000,2,exp1_permuted_src_datasets
1233,7820.556728732,1.0,1738583739.8663812,,0.0,1.0,0.001,1,16,40x40,PrototypicalNetwork,5,5,Greek,Egyptian,False,1,4000,2,exp1_permuted_src_datasets
1234,7820.59358874,1.0,1738583739.9032931,,0.0,1.0,0.001,1,16,40x40,PrototypicalNetwork,5,5,Greek,Egyptian,False,1,4000,2,exp1_permuted_src_datasets
1235,7820.631307984,1.0,1738583739.9410315,,0.0,1.0,0.001,1,16,40x40,PrototypicalNetwork,5,5,Greek,Egyptian,False,1,4000,2,exp1_permuted_src_datasets
1236,7820.654259763,1.0,1738583739.964048,,0.0,1.0,0.001,1,16,40x40,PrototypicalNetwork,5,5,Greek,Egyptian,False,1,4000,2,exp1_permuted_src_datasets
1237,7820.698805018,1.0,1738583740.008515,,0.0,1.0,0.001,1,16,40x40,PrototypicalNetwork,5,5,Greek,Egyptian,False,1,4000,2,exp1_permuted_src_datasets
1238,7820.739435155,1.0,1738583740.0491574,,0.0,1.0,0.001,1,16,40x40,PrototypicalNetwork,5,5,Greek,Egyptian,False,1,4000,2,exp1_permuted_src_datasets
1239,7820.768192968,1.0,1738583740.077902,,0.0,1.0,0.001,1,16,40x40,PrototypicalNetwork,5,5,Greek,Egyptian,False,1,4000,2,exp1_permuted_src_datasets
1240,7820.809599271,1.0,1738583740.1192784,,0.0,1.0,0.001,1,16,40x40,PrototypicalNetwork,5,5,Greek,Egyptian,False,1,4000,2,exp1_permuted_src_datasets
1241,7820.847476352,1.0,1738583740.1572218,,0.0,1.0,0.001,1,16,40x40,PrototypicalNetwork,5,5,Greek,Egyptian,False,1,4000,2,exp1_permuted_src_datasets
1242,7820.884255949,1.0,1738583740.1939807,,0.0,1.0,0.001,1,16,40x40,PrototypicalNetwork,5,5,Greek,Egyptian,False,1,4000,2,exp1_permuted_src_datasets
1243,7820.923751669,1.0,1738583740.2334344,,0.0,1.0,0.001,1,16,40x40,PrototypicalNetwork,5,5,Greek,Egyptian,False,1,4000,2,exp1_permuted_src_datasets
1244,7820.962911727,1.0,1738583740.272591,,0.0,1.0,0.001,1,16,40x40,PrototypicalNetwork,5,5,Greek,Egyptian,False,1,4000,2,exp1_permuted_src_datasets
1245,7820.981613113,1.0,1738583740.2914133,,0.0,1.0,0.001,1,16,40x40,PrototypicalNetwork,5,5,Greek,Egyptian,False,1,4000,2,exp1_permuted_src_datasets
1246,7821.022696429,1.0,1738583740.3324578,,0.0,1.0,0.001,1,16,40x40,PrototypicalNetwork,5,5,Greek,Egyptian,False,1,4000,2,exp1_permuted_src_datasets
1247,7821.064098052,1.0,1738583740.3738298,,0.0,1.0,0.001,1,16,40x40,PrototypicalNetwork,5,5,Greek,Egyptian,False,1,4000,2,exp1_permuted_src_datasets
1248,7821.103105967,1.0,1738583740.4127836,,0.0,1.0,0.001,1,16,40x40,PrototypicalNetwork,5,5,Greek,Egyptian,False,1,4000,2,exp1_permuted_src_datasets
1249,7821.140152113,1.0,1738583740.4498935,,0.0,1.0,0.001,1,16,40x40,PrototypicalNetwork,5,5,Greek,Egyptian,False,1,4000,2,exp1_permuted_src_datasets
1250,7821.167623147,1.0,1738583740.4773936,,0.0,1.0,0.001,1,16,40x40,PrototypicalNetwork,5,5,Greek,Egyptian,False,1,4000,2,exp1_permuted_src_datasets
1251,7821.199713721,1.0,1738583740.509483,,0.0,1.0,0.001,1,16,40x40,PrototypicalNetwork,5,5,Greek,Egyptian,False,1,4000,2,exp1_permuted_src_datasets
1252,7821.230316518,1.0,1738583740.5400605,,0.0,1.0,0.001,1,16,40x40,PrototypicalNetwork,5,5,Greek,Egyptian,False,1,4000,2,exp1_permuted_src_datasets
1253,7821.250992666,1.0,1738583740.5607584,,0.0,1.0,0.001,1,16,40x40,PrototypicalNetwork,5,5,Greek,Egyptian,False,1,4000,2,exp1_permuted_src_datasets
1254,7821.287535058,1.0,1738583740.5972795,,0.0,1.0,0.001,1,16,40x40,PrototypicalNetwork,5,5,Greek,Egyptian,False,1,4000,2,exp1_permuted_src_datasets
1255,7821.316841698,1.0,1738583740.6266024,,0.0,1.0,0.001,1,16,40x40,PrototypicalNetwork,5,5,Greek,Egyptian,False,1,4000,2,exp1_permuted_src_datasets
1256,7821.339562515,1.0,1738583740.6493375,,0.0,1.0,0.001,1,16,40x40,PrototypicalNetwork,5,5,Greek,Egyptian,False,1,4000,2,exp1_permuted_src_datasets
1257,7821.371353162,1.0,1738583740.6810827,,0.0,1.0,0.001,1,16,40x40,PrototypicalNetwork,5,5,Greek,Egyptian,False,1,4000,2,exp1_permuted_src_datasets
1258,7821.398987457,1.0,1738583740.7087529,,0.0,1.0,0.001,1,16,40x40,PrototypicalNetwork,5,5,Greek,Egyptian,False,1,4000,2,exp1_permuted_src_datasets
1259,7821.426344757,1.0,1738583740.7360709,,0.0,1.0,0.001,1,16,40x40,PrototypicalNetwork,5,5,Greek,Egyptian,False,1,4000,2,exp1_permuted_src_datasets
1260,7821.454427898,1.0,1738583740.7641828,,0.0,1.0,0.001,1,16,40x40,PrototypicalNetwork,5,5,Greek,Egyptian,False,1,4000,2,exp1_permuted_src_datasets
1261,7821.487759957,1.0,1738583740.797511,,0.0,1.0,0.001,1,16,40x40,PrototypicalNetwork,5,5,Greek,Egyptian,False,1,4000,2,exp1_permuted_src_datasets
1262,7821.521344227,1.0,1738583740.8310523,,0.0,1.0,0.001,1,16,40x40,PrototypicalNetwork,5,5,Greek,Egyptian,False,1,4000,2,exp1_permuted_src_datasets
1263,8209.434248471,1.0,1738584128.744091,0.7326499998569489,,,0.001,1,16,40x40,PrototypicalNetwork,5,5,Greek,Egyptian,False,1,4000,2,exp1_permuted_src_datasets
