_step,_runtime,bootstrap_iter,_timestamp,ft_eval_acc,ft_loss,ft_acc,lr,epochs,batch_size,input_size,model_type,n_way_test,n_way_train,tgt_dataset,src_datasets,fixed_support,samples_per_class,num_total_episodes,num_bootstrap_iters,exp_name
0,6.245520411,0.0,1738668059.4552197,,,,0.001,1,16,40x40,PrototypicalNetwork,5,5,b-59-850,TKH,False,5,4000,2,exp1_permuted_src_datasets
1,481.421611942,0.0,1738668534.5908926,0.8521999986171722,,,0.001,1,16,40x40,PrototypicalNetwork,5,5,b-59-850,TKH,False,5,4000,2,exp1_permuted_src_datasets
2,481.431227851,0.0,1738668534.6409364,,0.0011326646199449897,1.0,0.001,1,16,40x40,PrototypicalNetwork,5,5,b-59-850,TKH,False,5,4000,2,exp1_permuted_src_datasets
3,481.579823602,0.0,1738668534.7894225,,0.0007282298756763339,1.0,0.001,1,16,40x40,PrototypicalNetwork,5,5,b-59-850,TKH,False,5,4000,2,exp1_permuted_src_datasets
4,481.675830774,0.0,1738668534.885432,,9.419220441486686e-05,1.0,0.001,1,16,40x40,PrototypicalNetwork,5,5,b-59-850,TKH,False,5,4000,2,exp1_permuted_src_datasets
5,481.775176703,0.0,1738668534.9847283,,0.00010949316492769867,1.0,0.001,1,16,40x40,PrototypicalNetwork,5,5,b-59-850,TKH,False,5,4000,2,exp1_permuted_src_datasets
6,481.853007096,0.0,1738668535.0626526,,2.0583393052220345e-05,1.0,0.001,1,16,40x40,PrototypicalNetwork,5,5,b-59-850,TKH,False,5,4000,2,exp1_permuted_src_datasets
7,481.931731343,0.0,1738668535.1413777,,2.212529579992406e-05,1.0,0.001,1,16,40x40,PrototypicalNetwork,5,5,b-59-850,TKH,False,5,4000,2,exp1_permuted_src_datasets
8,482.013474214,0.0,1738668535.2231164,,1.0802979886648245e-05,1.0,0.001,1,16,40x40,PrototypicalNetwork,5,5,b-59-850,TKH,False,5,4000,2,exp1_permuted_src_datasets
9,482.110546011,0.0,1738668535.3201888,,6.283680704655126e-06,1.0,0.001,1,16,40x40,PrototypicalNetwork,5,5,b-59-850,TKH,False,5,4000,2,exp1_permuted_src_datasets
10,482.184504246,0.0,1738668535.3941422,,2.1581201508524828e-05,1.0,0.001,1,16,40x40,PrototypicalNetwork,5,5,b-59-850,TKH,False,5,4000,2,exp1_permuted_src_datasets
11,482.267898709,0.0,1738668535.477502,,3.8131765904836357e-06,1.0,0.001,1,16,40x40,PrototypicalNetwork,5,5,b-59-850,TKH,False,5,4000,2,exp1_permuted_src_datasets
12,482.366672846,0.0,1738668535.5762799,,9.516011232335586e-06,1.0,0.001,1,16,40x40,PrototypicalNetwork,5,5,b-59-850,TKH,False,5,4000,2,exp1_permuted_src_datasets
13,482.464402465,0.0,1738668535.6739852,,5.012456313124858e-06,1.0,0.001,1,16,40x40,PrototypicalNetwork,5,5,b-59-850,TKH,False,5,4000,2,exp1_permuted_src_datasets
14,482.555216794,0.0,1738668535.7648368,,1.744917767609877e-06,1.0,0.001,1,16,40x40,PrototypicalNetwork,5,5,b-59-850,TKH,False,5,4000,2,exp1_permuted_src_datasets
15,482.64268464,0.0,1738668535.8523295,,3.6342757994134445e-06,1.0,0.001,1,16,40x40,PrototypicalNetwork,5,5,b-59-850,TKH,False,5,4000,2,exp1_permuted_src_datasets
16,482.710133603,0.0,1738668535.9197903,,2.762632448138902e-06,1.0,0.001,1,16,40x40,PrototypicalNetwork,5,5,b-59-850,TKH,False,5,4000,2,exp1_permuted_src_datasets
17,482.765403416,0.0,1738668535.975059,,2.3379616322927177e-06,1.0,0.001,1,16,40x40,PrototypicalNetwork,5,5,b-59-850,TKH,False,5,4000,2,exp1_permuted_src_datasets
18,482.83096011,0.0,1738668536.0406063,,1.438442268408835e-05,1.0,0.001,1,16,40x40,PrototypicalNetwork,5,5,b-59-850,TKH,False,5,4000,2,exp1_permuted_src_datasets
19,482.908734988,0.0,1738668536.1184213,,5.260101261228556e-07,1.0,0.001,1,16,40x40,PrototypicalNetwork,5,5,b-59-850,TKH,False,5,4000,2,exp1_permuted_src_datasets
20,482.965628567,0.0,1738668536.1752758,,1.6882853515198804e-06,1.0,0.001,1,16,40x40,PrototypicalNetwork,5,5,b-59-850,TKH,False,5,4000,2,exp1_permuted_src_datasets
21,483.027440697,0.0,1738668536.2370977,,7.018437031547364e-07,1.0,0.001,1,16,40x40,PrototypicalNetwork,5,5,b-59-850,TKH,False,5,4000,2,exp1_permuted_src_datasets
22,483.136134311,0.0,1738668536.3457284,,1.9430597149039386e-06,1.0,0.001,1,16,40x40,PrototypicalNetwork,5,5,b-59-850,TKH,False,5,4000,2,exp1_permuted_src_datasets
23,483.215543197,0.0,1738668536.4251277,,7.897584737293073e-07,1.0,0.001,1,16,40x40,PrototypicalNetwork,5,5,b-59-850,TKH,False,5,4000,2,exp1_permuted_src_datasets
24,483.309209062,0.0,1738668536.5188587,,5.49851279174618e-07,1.0,0.001,1,16,40x40,PrototypicalNetwork,5,5,b-59-850,TKH,False,5,4000,2,exp1_permuted_src_datasets
25,483.385597042,0.0,1738668536.5951807,,4.783265694641159e-07,1.0,0.001,1,16,40x40,PrototypicalNetwork,5,5,b-59-850,TKH,False,5,4000,2,exp1_permuted_src_datasets
26,483.476793648,0.0,1738668536.686333,,2.604659812277532e-06,1.0,0.001,1,16,40x40,PrototypicalNetwork,5,5,b-59-850,TKH,False,5,4000,2,exp1_permuted_src_datasets
27,483.564111683,0.0,1738668536.7736962,,5.125967845742707e-07,1.0,0.001,1,16,40x40,PrototypicalNetwork,5,5,b-59-850,TKH,False,5,4000,2,exp1_permuted_src_datasets
28,483.65191971,0.0,1738668536.8615317,,4.2033875615743455e-06,1.0,0.001,1,16,40x40,PrototypicalNetwork,5,5,b-59-850,TKH,False,5,4000,2,exp1_permuted_src_datasets
29,483.759728978,0.0,1738668536.9693804,,4.4405391008695005e-07,1.0,0.001,1,16,40x40,PrototypicalNetwork,5,5,b-59-850,TKH,False,5,4000,2,exp1_permuted_src_datasets
30,483.858281354,0.0,1738668537.0679538,,9.864498906608787e-07,1.0,0.001,1,16,40x40,PrototypicalNetwork,5,5,b-59-850,TKH,False,5,4000,2,exp1_permuted_src_datasets
31,483.935965198,0.0,1738668537.1456091,,2.3543813654214318e-07,1.0,0.001,1,16,40x40,PrototypicalNetwork,5,5,b-59-850,TKH,False,5,4000,2,exp1_permuted_src_datasets
32,484.005116901,0.0,1738668537.214746,,9.313052942161448e-07,1.0,0.001,1,16,40x40,PrototypicalNetwork,5,5,b-59-850,TKH,False,5,4000,2,exp1_permuted_src_datasets
33,484.082293748,0.0,1738668537.2919343,,3.0112119020486716e-06,1.0,0.001,1,16,40x40,PrototypicalNetwork,5,5,b-59-850,TKH,False,5,4000,2,exp1_permuted_src_datasets
34,484.167726457,0.0,1738668537.3773196,,5.513393261935562e-07,1.0,0.001,1,16,40x40,PrototypicalNetwork,5,5,b-59-850,TKH,False,5,4000,2,exp1_permuted_src_datasets
35,484.252204563,0.0,1738668537.4618518,,1.0505198133614613e-06,1.0,0.001,1,16,40x40,PrototypicalNetwork,5,5,b-59-850,TKH,False,5,4000,2,exp1_permuted_src_datasets
36,484.333468307,0.0,1738668537.5429819,,2.1308626685367926e-07,1.0,0.001,1,16,40x40,PrototypicalNetwork,5,5,b-59-850,TKH,False,5,4000,2,exp1_permuted_src_datasets
37,484.428452791,0.0,1738668537.6381097,,3.904087861883454e-07,1.0,0.001,1,16,40x40,PrototypicalNetwork,5,5,b-59-850,TKH,False,5,4000,2,exp1_permuted_src_datasets
38,484.497547584,0.0,1738668537.7071073,,4.261719368514605e-07,1.0,0.001,1,16,40x40,PrototypicalNetwork,5,5,b-59-850,TKH,False,5,4000,2,exp1_permuted_src_datasets
39,484.563000239,0.0,1738668537.772643,,5.498508244272671e-07,1.0,0.001,1,16,40x40,PrototypicalNetwork,5,5,b-59-850,TKH,False,5,4000,2,exp1_permuted_src_datasets
40,484.655547639,0.0,1738668537.865053,,1.6540280967092258e-07,1.0,0.001,1,16,40x40,PrototypicalNetwork,5,5,b-59-850,TKH,False,5,4000,2,exp1_permuted_src_datasets
41,484.7232194,0.0,1738668537.9328575,,4.4703375579047133e-07,1.0,0.001,1,16,40x40,PrototypicalNetwork,5,5,b-59-850,TKH,False,5,4000,2,exp1_permuted_src_datasets
42,484.804337829,0.0,1738668538.0139592,,3.173939546741167e-07,1.0,0.001,1,16,40x40,PrototypicalNetwork,5,5,b-59-850,TKH,False,5,4000,2,exp1_permuted_src_datasets
43,484.886792708,0.0,1738668538.0964255,,2.0563579994359316e-07,1.0,0.001,1,16,40x40,PrototypicalNetwork,5,5,b-59-850,TKH,False,5,4000,2,exp1_permuted_src_datasets
44,484.97530579,0.0,1738668538.1849413,,3.2037314667832106e-07,1.0,0.001,1,16,40x40,PrototypicalNetwork,5,5,b-59-850,TKH,False,5,4000,2,exp1_permuted_src_datasets
45,485.052097721,0.0,1738668538.2617176,,5.483572635966993e-07,1.0,0.001,1,16,40x40,PrototypicalNetwork,5,5,b-59-850,TKH,False,5,4000,2,exp1_permuted_src_datasets
46,485.12851854,0.0,1738668538.338158,,1.557100745230855e-06,1.0,0.001,1,16,40x40,PrototypicalNetwork,5,5,b-59-850,TKH,False,5,4000,2,exp1_permuted_src_datasets
47,485.194509177,0.0,1738668538.4041047,,2.5480954946033307e-07,1.0,0.001,1,16,40x40,PrototypicalNetwork,5,5,b-59-850,TKH,False,5,4000,2,exp1_permuted_src_datasets
48,485.279126349,0.0,1738668538.4887948,,1.4752143329133105e-07,1.0,0.001,1,16,40x40,PrototypicalNetwork,5,5,b-59-850,TKH,False,5,4000,2,exp1_permuted_src_datasets
49,485.343168288,0.0,1738668538.552819,,1.0579817910638667e-07,1.0,0.001,1,16,40x40,PrototypicalNetwork,5,5,b-59-850,TKH,False,5,4000,2,exp1_permuted_src_datasets
50,485.429624982,0.0,1738668538.6392348,,6.258486706656186e-08,1.0,0.001,1,16,40x40,PrototypicalNetwork,5,5,b-59-850,TKH,False,5,4000,2,exp1_permuted_src_datasets
51,485.51578637,0.0,1738668538.7254167,,2.905718190504558e-07,1.0,0.001,1,16,40x40,PrototypicalNetwork,5,5,b-59-850,TKH,False,5,4000,2,exp1_permuted_src_datasets
52,485.600079702,0.0,1738668538.8097124,,3.114337800980138e-07,1.0,0.001,1,16,40x40,PrototypicalNetwork,5,5,b-59-850,TKH,False,5,4000,2,exp1_permuted_src_datasets
53,485.647238598,0.0,1738668538.8568885,,1.0281793549893337e-07,1.0,0.001,1,16,40x40,PrototypicalNetwork,5,5,b-59-850,TKH,False,5,4000,2,exp1_permuted_src_datasets
54,485.708624255,0.0,1738668538.918259,,9.685752644372769e-08,1.0,0.001,1,16,40x40,PrototypicalNetwork,5,5,b-59-850,TKH,False,5,4000,2,exp1_permuted_src_datasets
55,485.771048824,0.0,1738668538.9806774,,2.0563568625675543e-07,1.0,0.001,1,16,40x40,PrototypicalNetwork,5,5,b-59-850,TKH,False,5,4000,2,exp1_permuted_src_datasets
56,485.834388468,0.0,1738668539.0439725,,6.258485285570714e-08,1.0,0.001,1,16,40x40,PrototypicalNetwork,5,5,b-59-850,TKH,False,5,4000,2,exp1_permuted_src_datasets
57,485.889242064,0.0,1738668539.0988705,,2.1457654497680778e-07,1.0,0.001,1,16,40x40,PrototypicalNetwork,5,5,b-59-850,TKH,False,5,4000,2,exp1_permuted_src_datasets
58,485.940794208,0.0,1738668539.150424,,3.963696144637652e-07,1.0,0.001,1,16,40x40,PrototypicalNetwork,5,5,b-59-850,TKH,False,5,4000,2,exp1_permuted_src_datasets
59,486.014073628,0.0,1738668539.2237082,,2.4586873337284487e-07,1.0,0.001,1,16,40x40,PrototypicalNetwork,5,5,b-59-850,TKH,False,5,4000,2,exp1_permuted_src_datasets
60,486.092865862,0.0,1738668539.302502,,1.2218944789310626e-07,1.0,0.001,1,16,40x40,PrototypicalNetwork,5,5,b-59-850,TKH,False,5,4000,2,exp1_permuted_src_datasets
61,486.177332166,0.0,1738668539.3869665,,4.5150417804507015e-07,1.0,0.001,1,16,40x40,PrototypicalNetwork,5,5,b-59-850,TKH,False,5,4000,2,exp1_permuted_src_datasets
62,486.304351737,0.0,1738668539.5138273,,9.983771320776214e-08,1.0,0.001,1,16,40x40,PrototypicalNetwork,5,5,b-59-850,TKH,False,5,4000,2,exp1_permuted_src_datasets
63,486.411510119,0.0,1738668539.6210968,,3.5315576951688854e-07,1.0,0.001,1,16,40x40,PrototypicalNetwork,5,5,b-59-850,TKH,False,5,4000,2,exp1_permuted_src_datasets
64,1008.741729891,0.0,1738669061.9514246,0.8441999988555908,,,0.001,1,16,40x40,PrototypicalNetwork,5,5,b-59-850,TKH,False,5,4000,2,exp1_permuted_src_datasets
65,1008.843992595,0.0,1738669062.0536394,,1.4007079585098836e-07,1.0,0.001,1,16,40x40,PrototypicalNetwork,5,5,b-59-850,TKH,False,5,4000,2,exp1_permuted_src_datasets
66,1008.947722388,0.0,1738669062.1573758,,6.362766953316168e-07,1.0,0.001,1,16,40x40,PrototypicalNetwork,5,5,b-59-850,TKH,False,5,4000,2,exp1_permuted_src_datasets
67,1009.029670523,0.0,1738669062.2393155,,1.0252430001855828e-05,1.0,0.001,1,16,40x40,PrototypicalNetwork,5,5,b-59-850,TKH,False,5,4000,2,exp1_permuted_src_datasets
68,1009.08877219,0.0,1738669062.298399,,1.221894763148157e-07,1.0,0.001,1,16,40x40,PrototypicalNetwork,5,5,b-59-850,TKH,False,5,4000,2,exp1_permuted_src_datasets
69,1009.13089922,0.0,1738669062.3405702,,2.6225970373161545e-07,1.0,0.001,1,16,40x40,PrototypicalNetwork,5,5,b-59-850,TKH,False,5,4000,2,exp1_permuted_src_datasets
70,1009.206561266,0.0,1738669062.4161603,,2.1457633181398705e-07,1.0,0.001,1,16,40x40,PrototypicalNetwork,5,5,b-59-850,TKH,False,5,4000,2,exp1_permuted_src_datasets
71,1009.256504512,0.0,1738669062.4661934,,1.3411030863608175e-07,1.0,0.001,1,16,40x40,PrototypicalNetwork,5,5,b-59-850,TKH,False,5,4000,2,exp1_permuted_src_datasets
72,1009.32112002,0.0,1738669062.5307724,,3.3974575330830703e-07,1.0,0.001,1,16,40x40,PrototypicalNetwork,5,5,b-59-850,TKH,False,5,4000,2,exp1_permuted_src_datasets
73,1009.410916002,0.0,1738669062.6205053,,8.493653780305976e-08,1.0,0.001,1,16,40x40,PrototypicalNetwork,5,5,b-59-850,TKH,False,5,4000,2,exp1_permuted_src_datasets
74,1009.511176474,0.0,1738669062.7207792,,3.620974098339502e-07,1.0,0.001,1,16,40x40,PrototypicalNetwork,5,5,b-59-850,TKH,False,5,4000,2,exp1_permuted_src_datasets
75,1009.571555847,0.0,1738669062.7812006,,3.650771702723432e-07,1.0,0.001,1,16,40x40,PrototypicalNetwork,5,5,b-59-850,TKH,False,5,4000,2,exp1_permuted_src_datasets
76,1009.612579583,0.0,1738669062.822239,,8.344644442104254e-08,1.0,0.001,1,16,40x40,PrototypicalNetwork,5,5,b-59-850,TKH,False,5,4000,2,exp1_permuted_src_datasets
77,1009.656855123,0.0,1738669062.8665113,,1.1026857293927605e-07,1.0,0.001,1,16,40x40,PrototypicalNetwork,5,5,b-59-850,TKH,False,5,4000,2,exp1_permuted_src_datasets
78,1009.73520899,0.0,1738669062.9448228,,1.3560044465066312e-07,1.0,0.001,1,16,40x40,PrototypicalNetwork,5,5,b-59-850,TKH,False,5,4000,2,exp1_permuted_src_datasets
79,1009.806893562,0.0,1738669063.0165157,,2.2053693271573138e-07,1.0,0.001,1,16,40x40,PrototypicalNetwork,5,5,b-59-850,TKH,False,5,4000,2,exp1_permuted_src_datasets
80,1009.848892487,0.0,1738669063.0585334,,2.2351707684720168e-07,1.0,0.001,1,16,40x40,PrototypicalNetwork,5,5,b-59-850,TKH,False,5,4000,2,exp1_permuted_src_datasets
81,1009.891617733,0.0,1738669063.101273,,1.445409480993476e-07,1.0,0.001,1,16,40x40,PrototypicalNetwork,5,5,b-59-850,TKH,False,5,4000,2,exp1_permuted_src_datasets
82,1009.961534113,0.0,1738669063.1712077,,2.2202698346518446e-07,1.0,0.001,1,16,40x40,PrototypicalNetwork,5,5,b-59-850,TKH,False,5,4000,2,exp1_permuted_src_datasets
83,1010.051138971,0.0,1738669063.2607334,,2.622599311052909e-07,1.0,0.001,1,16,40x40,PrototypicalNetwork,5,5,b-59-850,TKH,False,5,4000,2,exp1_permuted_src_datasets
84,1010.140963265,0.0,1738669063.3505523,,2.5480932208665763e-07,1.0,0.001,1,16,40x40,PrototypicalNetwork,5,5,b-59-850,TKH,False,5,4000,2,exp1_permuted_src_datasets
85,1010.180115357,0.0,1738669063.3897803,,4.0530881051381584e-07,1.0,0.001,1,16,40x40,PrototypicalNetwork,5,5,b-59-850,TKH,False,5,4000,2,exp1_permuted_src_datasets
86,1010.240797092,0.0,1738669063.4504063,,1.966949412235408e-07,1.0,0.001,1,16,40x40,PrototypicalNetwork,5,5,b-59-850,TKH,False,5,4000,2,exp1_permuted_src_datasets
87,1010.306741996,0.0,1738669063.5163395,,2.0563587099786673e-07,1.0,0.001,1,16,40x40,PrototypicalNetwork,5,5,b-59-850,TKH,False,5,4000,2,exp1_permuted_src_datasets
88,1010.377558262,0.0,1738669063.5871787,,1.1920921139108032e-07,1.0,0.001,1,16,40x40,PrototypicalNetwork,5,5,b-59-850,TKH,False,5,4000,2,exp1_permuted_src_datasets
89,1010.442872155,0.0,1738669063.652507,,2.920624240232428e-07,1.0,0.001,1,16,40x40,PrototypicalNetwork,5,5,b-59-850,TKH,False,5,4000,2,exp1_permuted_src_datasets
90,1010.51327034,0.0,1738669063.7229264,,5.513428646963803e-08,1.0,0.001,1,16,40x40,PrototypicalNetwork,5,5,b-59-850,TKH,False,5,4000,2,exp1_permuted_src_datasets
91,1010.561918461,0.0,1738669063.7715137,,1.0281778628495886e-07,1.0,0.001,1,16,40x40,PrototypicalNetwork,5,5,b-59-850,TKH,False,5,4000,2,exp1_permuted_src_datasets
92,1010.650347492,0.0,1738669063.8599901,,1.8626383280206937e-07,1.0,0.001,1,16,40x40,PrototypicalNetwork,5,5,b-59-850,TKH,False,5,4000,2,exp1_permuted_src_datasets
93,1010.714077968,0.0,1738669063.9237275,,2.473583720075112e-07,1.0,0.001,1,16,40x40,PrototypicalNetwork,5,5,b-59-850,TKH,False,5,4000,2,exp1_permuted_src_datasets
94,1010.785546306,0.0,1738669063.9951897,,1.2069929766767018e-07,1.0,0.001,1,16,40x40,PrototypicalNetwork,5,5,b-59-850,TKH,False,5,4000,2,exp1_permuted_src_datasets
95,1010.877144294,0.0,1738669064.0867317,,8.940692453052179e-08,1.0,0.001,1,16,40x40,PrototypicalNetwork,5,5,b-59-850,TKH,False,5,4000,2,exp1_permuted_src_datasets
96,1010.979620674,0.0,1738669064.1892543,,1.400706395315865e-07,1.0,0.001,1,16,40x40,PrototypicalNetwork,5,5,b-59-850,TKH,False,5,4000,2,exp1_permuted_src_datasets
97,1011.051924047,0.0,1738669064.2615063,,2.1904671143602172e-07,1.0,0.001,1,16,40x40,PrototypicalNetwork,5,5,b-59-850,TKH,False,5,4000,2,exp1_permuted_src_datasets
98,1011.12558662,0.0,1738669064.335226,,2.2351707684720168e-07,1.0,0.001,1,16,40x40,PrototypicalNetwork,5,5,b-59-850,TKH,False,5,4000,2,exp1_permuted_src_datasets
99,1011.21921507,0.0,1738669064.4288578,,1.0877823797272868e-07,1.0,0.001,1,16,40x40,PrototypicalNetwork,5,5,b-59-850,TKH,False,5,4000,2,exp1_permuted_src_datasets
100,1011.300060716,0.0,1738669064.509697,,1.3709056645438977e-07,1.0,0.001,1,16,40x40,PrototypicalNetwork,5,5,b-59-850,TKH,False,5,4000,2,exp1_permuted_src_datasets
101,1011.391928641,0.0,1738669064.6015406,,9.83476056148902e-08,1.0,0.001,1,16,40x40,PrototypicalNetwork,5,5,b-59-850,TKH,False,5,4000,2,exp1_permuted_src_datasets
102,1011.469736783,0.0,1738669064.6792948,,9.238718234882981e-08,1.0,0.001,1,16,40x40,PrototypicalNetwork,5,5,b-59-850,TKH,False,5,4000,2,exp1_permuted_src_datasets
103,1011.539654322,0.0,1738669064.749306,,1.1473882466361829e-07,1.0,0.001,1,16,40x40,PrototypicalNetwork,5,5,b-59-850,TKH,False,5,4000,2,exp1_permuted_src_datasets
104,1011.621237372,0.0,1738669064.8308904,,6.854532585975903e-08,1.0,0.001,1,16,40x40,PrototypicalNetwork,5,5,b-59-850,TKH,False,5,4000,2,exp1_permuted_src_datasets
105,1011.683217741,0.0,1738669064.8928566,,1.4305101103673223e-07,1.0,0.001,1,16,40x40,PrototypicalNetwork,5,5,b-59-850,TKH,False,5,4000,2,exp1_permuted_src_datasets
106,1011.759179332,0.0,1738669064.9688265,,1.9669505491037853e-07,1.0,0.001,1,16,40x40,PrototypicalNetwork,5,5,b-59-850,TKH,False,5,4000,2,exp1_permuted_src_datasets
107,1011.847242228,0.0,1738669065.0568793,,8.344645863189726e-08,1.0,0.001,1,16,40x40,PrototypicalNetwork,5,5,b-59-850,TKH,False,5,4000,2,exp1_permuted_src_datasets
108,1011.918024077,0.0,1738669065.1276789,,8.195635103902532e-08,1.0,0.001,1,16,40x40,PrototypicalNetwork,5,5,b-59-850,TKH,False,5,4000,2,exp1_permuted_src_datasets
109,1012.005754983,0.0,1738669065.2151353,,1.326201868323551e-07,1.0,0.001,1,16,40x40,PrototypicalNetwork,5,5,b-59-850,TKH,False,5,4000,2,exp1_permuted_src_datasets
110,1012.097998354,0.0,1738669065.3076334,,2.4586879021626373e-07,1.0,0.001,1,16,40x40,PrototypicalNetwork,5,5,b-59-850,TKH,False,5,4000,2,exp1_permuted_src_datasets
111,1012.192490597,0.0,1738669065.4021487,,1.6689287463123037e-07,1.0,0.001,1,16,40x40,PrototypicalNetwork,5,5,b-59-850,TKH,False,5,4000,2,exp1_permuted_src_datasets
112,1012.261568351,0.0,1738669065.4712105,,1.0430805019723266e-07,1.0,0.001,1,16,40x40,PrototypicalNetwork,5,5,b-59-850,TKH,False,5,4000,2,exp1_permuted_src_datasets
113,1012.319699267,0.0,1738669065.5293605,,3.680556233121024e-07,1.0,0.001,1,16,40x40,PrototypicalNetwork,5,5,b-59-850,TKH,False,5,4000,2,exp1_permuted_src_datasets
114,1012.410052523,0.0,1738669065.6196532,,3.7252888773764425e-08,1.0,0.001,1,16,40x40,PrototypicalNetwork,5,5,b-59-850,TKH,False,5,4000,2,exp1_permuted_src_datasets
115,1012.490646774,0.0,1738669065.7002354,,8.642668802849585e-08,1.0,0.001,1,16,40x40,PrototypicalNetwork,5,5,b-59-850,TKH,False,5,4000,2,exp1_permuted_src_datasets
116,1012.542023344,0.0,1738669065.7516394,,1.3411032284693647e-07,1.0,0.001,1,16,40x40,PrototypicalNetwork,5,5,b-59-850,TKH,False,5,4000,2,exp1_permuted_src_datasets
117,1012.600208858,0.0,1738669065.8098528,,8.642668802849585e-08,1.0,0.001,1,16,40x40,PrototypicalNetwork,5,5,b-59-850,TKH,False,5,4000,2,exp1_permuted_src_datasets
118,1012.679902278,0.0,1738669065.8895266,,3.5017646382584644e-07,1.0,0.001,1,16,40x40,PrototypicalNetwork,5,5,b-59-850,TKH,False,5,4000,2,exp1_permuted_src_datasets
119,1012.763503944,0.0,1738669065.973141,,2.5331971187370073e-08,1.0,0.001,1,16,40x40,PrototypicalNetwork,5,5,b-59-850,TKH,False,5,4000,2,exp1_permuted_src_datasets
120,1012.848722208,0.0,1738669066.0583193,,3.2782460834823723e-07,1.0,0.001,1,16,40x40,PrototypicalNetwork,5,5,b-59-850,TKH,False,5,4000,2,exp1_permuted_src_datasets
121,1012.935845636,0.0,1738669066.1454945,,5.8114515866236616e-08,1.0,0.001,1,16,40x40,PrototypicalNetwork,5,5,b-59-850,TKH,False,5,4000,2,exp1_permuted_src_datasets
122,1012.991151869,0.0,1738669066.2007837,,8.791680272679514e-08,1.0,0.001,1,16,40x40,PrototypicalNetwork,5,5,b-59-850,TKH,False,5,4000,2,exp1_permuted_src_datasets
123,1013.053418191,0.0,1738669066.263057,,3.7997804724909656e-07,1.0,0.001,1,16,40x40,PrototypicalNetwork,5,5,b-59-850,TKH,False,5,4000,2,exp1_permuted_src_datasets
124,1013.110246759,0.0,1738669066.3198915,,7.301566995465691e-08,1.0,0.001,1,16,40x40,PrototypicalNetwork,5,5,b-59-850,TKH,False,5,4000,2,exp1_permuted_src_datasets
125,1013.149357839,0.0,1738669066.3590267,,1.2665982751514093e-07,1.0,0.001,1,16,40x40,PrototypicalNetwork,5,5,b-59-850,TKH,False,5,4000,2,exp1_permuted_src_datasets
126,1013.205484428,0.0,1738669066.415129,,4.76837058727142e-08,1.0,0.001,1,16,40x40,PrototypicalNetwork,5,5,b-59-850,TKH,False,5,4000,2,exp1_permuted_src_datasets
127,1538.451179986,0.0,1738669591.6609664,0.8519000005722046,,,0.001,1,16,40x40,PrototypicalNetwork,5,5,b-59-850,TKH,False,5,4000,2,exp1_permuted_src_datasets
128,1538.542211089,0.0,1738669591.7518132,,1.2814984984288458e-07,1.0,0.001,1,16,40x40,PrototypicalNetwork,5,5,b-59-850,TKH,False,5,4000,2,exp1_permuted_src_datasets
129,1538.624555882,0.0,1738669591.8341775,,1.1771910379820838e-07,1.0,0.001,1,16,40x40,PrototypicalNetwork,5,5,b-59-850,TKH,False,5,4000,2,exp1_permuted_src_datasets
130,1538.704270355,0.0,1738669591.913907,,8.046622923529867e-08,1.0,0.001,1,16,40x40,PrototypicalNetwork,5,5,b-59-850,TKH,False,5,4000,2,exp1_permuted_src_datasets
131,1538.772693358,0.0,1738669591.9823406,,3.278254823158022e-08,1.0,0.001,1,16,40x40,PrototypicalNetwork,5,5,b-59-850,TKH,False,5,4000,2,exp1_permuted_src_datasets
132,1538.873143071,0.0,1738669592.0827265,,2.145759054883456e-07,1.0,0.001,1,16,40x40,PrototypicalNetwork,5,5,b-59-850,TKH,False,5,4000,2,exp1_permuted_src_datasets
133,1538.94660599,0.0,1738669592.1562495,,9.387728994170175e-08,1.0,0.001,1,16,40x40,PrototypicalNetwork,5,5,b-59-850,TKH,False,5,4000,2,exp1_permuted_src_datasets
134,1539.043480748,0.0,1738669592.2531214,,1.1771908248192631e-07,1.0,0.001,1,16,40x40,PrototypicalNetwork,5,5,b-59-850,TKH,False,5,4000,2,exp1_permuted_src_datasets
135,1539.147514537,0.0,1738669592.3570986,,1.2367952706426877e-07,1.0,0.001,1,16,40x40,PrototypicalNetwork,5,5,b-59-850,TKH,False,5,4000,2,exp1_permuted_src_datasets
136,1539.263738752,0.0,1738669592.4733129,,4.321335822510264e-08,1.0,0.001,1,16,40x40,PrototypicalNetwork,5,5,b-59-850,TKH,False,5,4000,2,exp1_permuted_src_datasets
137,1539.3578786,0.0,1738669592.5674946,,2.2351703421463753e-07,1.0,0.001,1,16,40x40,PrototypicalNetwork,5,5,b-59-850,TKH,False,5,4000,2,exp1_permuted_src_datasets
138,1539.446582311,0.0,1738669592.6562371,,2.741805360528815e-07,1.0,0.001,1,16,40x40,PrototypicalNetwork,5,5,b-59-850,TKH,False,5,4000,2,exp1_permuted_src_datasets
139,1539.53302234,0.0,1738669592.7426558,,9.536739753457368e-08,1.0,0.001,1,16,40x40,PrototypicalNetwork,5,5,b-59-850,TKH,False,5,4000,2,exp1_permuted_src_datasets
140,1539.609172132,0.0,1738669592.8188357,,4.9173820571013493e-08,1.0,0.001,1,16,40x40,PrototypicalNetwork,5,5,b-59-850,TKH,False,5,4000,2,exp1_permuted_src_datasets
141,1539.668319994,0.0,1738669592.8779721,,1.0877842981926733e-07,1.0,0.001,1,16,40x40,PrototypicalNetwork,5,5,b-59-850,TKH,False,5,4000,2,exp1_permuted_src_datasets
142,1539.744041294,0.0,1738669592.9536495,,9.387722599285553e-08,1.0,0.001,1,16,40x40,PrototypicalNetwork,5,5,b-59-850,TKH,False,5,4000,2,exp1_permuted_src_datasets
143,1539.81748658,0.0,1738669593.0271292,,4.768369521457316e-08,1.0,0.001,1,16,40x40,PrototypicalNetwork,5,5,b-59-850,TKH,False,5,4000,2,exp1_permuted_src_datasets
144,1539.884916047,0.0,1738669593.0945485,,8.195636524988004e-08,1.0,0.001,1,16,40x40,PrototypicalNetwork,5,5,b-59-850,TKH,False,5,4000,2,exp1_permuted_src_datasets
145,1539.979092724,0.0,1738669593.1884725,,2.562991880949994e-07,1.0,0.001,1,16,40x40,PrototypicalNetwork,5,5,b-59-850,TKH,False,5,4000,2,exp1_permuted_src_datasets
146,1540.021895998,0.0,1738669593.2315724,,6.854533296518639e-08,1.0,0.001,1,16,40x40,PrototypicalNetwork,5,5,b-59-850,TKH,False,5,4000,2,exp1_permuted_src_datasets
147,1540.070380378,0.0,1738669593.2800572,,9.83474706117704e-08,1.0,0.001,1,16,40x40,PrototypicalNetwork,5,5,b-59-850,TKH,False,5,4000,2,exp1_permuted_src_datasets
148,1540.137663457,0.0,1738669593.3472939,,7.897610032614466e-08,1.0,0.001,1,16,40x40,PrototypicalNetwork,5,5,b-59-850,TKH,False,5,4000,2,exp1_permuted_src_datasets
149,1540.209784123,0.0,1738669593.419217,,3.4272666482593195e-08,1.0,0.001,1,16,40x40,PrototypicalNetwork,5,5,b-59-850,TKH,False,5,4000,2,exp1_permuted_src_datasets
150,1540.309715093,0.0,1738669593.5193503,,7.301564153294748e-08,1.0,0.001,1,16,40x40,PrototypicalNetwork,5,5,b-59-850,TKH,False,5,4000,2,exp1_permuted_src_datasets
151,1540.405522622,0.0,1738669593.615153,,5.066393526931279e-08,1.0,0.001,1,16,40x40,PrototypicalNetwork,5,5,b-59-850,TKH,False,5,4000,2,exp1_permuted_src_datasets
152,1540.461262029,0.0,1738669593.6709383,,6.258485285570714e-08,1.0,0.001,1,16,40x40,PrototypicalNetwork,5,5,b-59-850,TKH,False,5,4000,2,exp1_permuted_src_datasets
153,1540.549174526,0.0,1738669593.7587702,,2.7417937076279486e-07,1.0,0.001,1,16,40x40,PrototypicalNetwork,5,5,b-59-850,TKH,False,5,4000,2,exp1_permuted_src_datasets
154,1540.595876546,0.0,1738669593.8055127,,6.705521116145974e-08,1.0,0.001,1,16,40x40,PrototypicalNetwork,5,5,b-59-850,TKH,False,5,4000,2,exp1_permuted_src_datasets
155,1540.666062807,0.0,1738669593.875707,,7.152554815093026e-08,1.0,0.001,1,16,40x40,PrototypicalNetwork,5,5,b-59-850,TKH,False,5,4000,2,exp1_permuted_src_datasets
156,1540.706660575,0.0,1738669593.9163008,,9.387717625486403e-08,1.0,0.001,1,16,40x40,PrototypicalNetwork,5,5,b-59-850,TKH,False,5,4000,2,exp1_permuted_src_datasets
157,1540.785333675,0.0,1738669593.9949799,,2.5182899321407604e-07,1.0,0.001,1,16,40x40,PrototypicalNetwork,5,5,b-59-850,TKH,False,5,4000,2,exp1_permuted_src_datasets
158,1540.849998855,0.0,1738669594.0596588,,9.983767768062535e-08,1.0,0.001,1,16,40x40,PrototypicalNetwork,5,5,b-59-850,TKH,False,5,4000,2,exp1_permuted_src_datasets
159,1540.92952932,0.0,1738669594.1391675,,3.4272666482593195e-08,1.0,0.001,1,16,40x40,PrototypicalNetwork,5,5,b-59-850,TKH,False,5,4000,2,exp1_permuted_src_datasets
160,1540.988177997,0.0,1738669594.1977558,,6.407498176486115e-08,1.0,0.001,1,16,40x40,PrototypicalNetwork,5,5,b-59-850,TKH,False,5,4000,2,exp1_permuted_src_datasets
161,1541.054349515,0.0,1738669594.264005,,1.5497190020141716e-07,1.0,0.001,1,16,40x40,PrototypicalNetwork,5,5,b-59-850,TKH,False,5,4000,2,exp1_permuted_src_datasets
162,1541.105439988,0.0,1738669594.3150687,,6.109473815740785e-08,1.0,0.001,1,16,40x40,PrototypicalNetwork,5,5,b-59-850,TKH,False,5,4000,2,exp1_permuted_src_datasets
163,1541.194824478,0.0,1738669594.4044602,,1.2069929766767018e-07,1.0,0.001,1,16,40x40,PrototypicalNetwork,5,5,b-59-850,TKH,False,5,4000,2,exp1_permuted_src_datasets
164,1541.287524963,0.0,1738669594.4971433,,1.266597990934315e-07,1.0,0.001,1,16,40x40,PrototypicalNetwork,5,5,b-59-850,TKH,False,5,4000,2,exp1_permuted_src_datasets
165,1541.362228726,0.0,1738669594.5718749,,6.854532585975903e-08,1.0,0.001,1,16,40x40,PrototypicalNetwork,5,5,b-59-850,TKH,False,5,4000,2,exp1_permuted_src_datasets
166,1541.435756092,0.0,1738669594.6453779,,9.983767768062535e-08,1.0,0.001,1,16,40x40,PrototypicalNetwork,5,5,b-59-850,TKH,False,5,4000,2,exp1_permuted_src_datasets
167,1541.525787286,0.0,1738669594.735418,,1.0877820244559189e-07,1.0,0.001,1,16,40x40,PrototypicalNetwork,5,5,b-59-850,TKH,False,5,4000,2,exp1_permuted_src_datasets
168,1541.627101654,0.0,1738669594.8367305,,7.59958993512555e-08,1.0,0.001,1,16,40x40,PrototypicalNetwork,5,5,b-59-850,TKH,False,5,4000,2,exp1_permuted_src_datasets
169,1541.685063074,0.0,1738669594.8946981,,4.6193591174414905e-08,1.0,0.001,1,16,40x40,PrototypicalNetwork,5,5,b-59-850,TKH,False,5,4000,2,exp1_permuted_src_datasets
170,1541.77807246,0.0,1738669594.9877045,,4.917380991287246e-08,1.0,0.001,1,16,40x40,PrototypicalNetwork,5,5,b-59-850,TKH,False,5,4000,2,exp1_permuted_src_datasets
171,1541.874498966,0.0,1738669595.08406,,8.940691031966708e-08,1.0,0.001,1,16,40x40,PrototypicalNetwork,5,5,b-59-850,TKH,False,5,4000,2,exp1_permuted_src_datasets
172,1541.967949661,0.0,1738669595.1775875,,5.811447323367247e-08,1.0,0.001,1,16,40x40,PrototypicalNetwork,5,5,b-59-850,TKH,False,5,4000,2,exp1_permuted_src_datasets
173,1542.083546977,0.0,1738669595.2931228,,2.175558790895593e-07,1.0,0.001,1,16,40x40,PrototypicalNetwork,5,5,b-59-850,TKH,False,5,4000,2,exp1_permuted_src_datasets
174,1542.219175264,0.0,1738669595.4288015,,5.6624394062509964e-08,1.0,0.001,1,16,40x40,PrototypicalNetwork,5,5,b-59-850,TKH,False,5,4000,2,exp1_permuted_src_datasets
175,1542.292371023,0.0,1738669595.5020216,,5.215405352032576e-08,1.0,0.001,1,16,40x40,PrototypicalNetwork,5,5,b-59-850,TKH,False,5,4000,2,exp1_permuted_src_datasets
176,1542.371948328,0.0,1738669595.5816019,,1.1920921849650767e-07,1.0,0.001,1,16,40x40,PrototypicalNetwork,5,5,b-59-850,TKH,False,5,4000,2,exp1_permuted_src_datasets
177,1542.452434798,0.0,1738669595.6620917,,7.301564153294748e-08,1.0,0.001,1,16,40x40,PrototypicalNetwork,5,5,b-59-850,TKH,False,5,4000,2,exp1_permuted_src_datasets
178,1542.52745175,0.0,1738669595.7370067,,9.38772473091376e-08,1.0,0.001,1,16,40x40,PrototypicalNetwork,5,5,b-59-850,TKH,False,5,4000,2,exp1_permuted_src_datasets
179,1542.603849124,0.0,1738669595.813485,,4.470347647611561e-08,1.0,0.001,1,16,40x40,PrototypicalNetwork,5,5,b-59-850,TKH,False,5,4000,2,exp1_permuted_src_datasets
180,1542.653297915,0.0,1738669595.8629553,,1.356004304398084e-07,1.0,0.001,1,16,40x40,PrototypicalNetwork,5,5,b-59-850,TKH,False,5,4000,2,exp1_permuted_src_datasets
181,1542.707091704,0.0,1738669595.9167442,,6.705519695060502e-08,1.0,0.001,1,16,40x40,PrototypicalNetwork,5,5,b-59-850,TKH,False,5,4000,2,exp1_permuted_src_datasets
182,1542.745508929,0.0,1738669595.9551687,,2.6822084109312527e-08,1.0,0.001,1,16,40x40,PrototypicalNetwork,5,5,b-59-850,TKH,False,5,4000,2,exp1_permuted_src_datasets
183,1542.797863871,0.0,1738669596.0074995,,6.407496044857908e-08,1.0,0.001,1,16,40x40,PrototypicalNetwork,5,5,b-59-850,TKH,False,5,4000,2,exp1_permuted_src_datasets
184,1542.869171069,0.0,1738669596.0787873,,5.215405352032576e-08,1.0,0.001,1,16,40x40,PrototypicalNetwork,5,5,b-59-850,TKH,False,5,4000,2,exp1_permuted_src_datasets
185,1542.930894825,0.0,1738669596.140548,,6.258479601228828e-08,1.0,0.001,1,16,40x40,PrototypicalNetwork,5,5,b-59-850,TKH,False,5,4000,2,exp1_permuted_src_datasets
186,1542.987353398,0.0,1738669596.197029,,5.215405352032576e-08,1.0,0.001,1,16,40x40,PrototypicalNetwork,5,5,b-59-850,TKH,False,5,4000,2,exp1_permuted_src_datasets
187,1543.029496427,0.0,1738669596.2391562,,6.109473815740785e-08,1.0,0.001,1,16,40x40,PrototypicalNetwork,5,5,b-59-850,TKH,False,5,4000,2,exp1_permuted_src_datasets
188,1543.103570517,0.0,1738669596.3132045,,3.576277052275145e-08,1.0,0.001,1,16,40x40,PrototypicalNetwork,5,5,b-59-850,TKH,False,5,4000,2,exp1_permuted_src_datasets
189,1543.180235315,0.0,1738669596.389887,,3.8743014130204756e-08,1.0,0.001,1,16,40x40,PrototypicalNetwork,5,5,b-59-850,TKH,False,5,4000,2,exp1_permuted_src_datasets
190,2078.083239496,0.0,1738670131.29295,0.8555500016212464,,,0.001,1,16,40x40,PrototypicalNetwork,5,5,b-59-850,TKH,False,5,4000,2,exp1_permuted_src_datasets
191,2078.162900042,0.0,1738670131.3725452,,3.725289587919178e-08,1.0,0.001,1,16,40x40,PrototypicalNetwork,5,5,b-59-850,TKH,False,5,4000,2,exp1_permuted_src_datasets
192,2078.215748918,0.0,1738670131.425396,,9.983772031318949e-08,1.0,0.001,1,16,40x40,PrototypicalNetwork,5,5,b-59-850,TKH,False,5,4000,2,exp1_permuted_src_datasets
193,2078.320060594,0.0,1738670131.5296657,,5.513427225878331e-08,1.0,0.001,1,16,40x40,PrototypicalNetwork,5,5,b-59-850,TKH,False,5,4000,2,exp1_permuted_src_datasets
194,2078.424598942,0.0,1738670131.634274,,5.0663942374740145e-08,1.0,0.001,1,16,40x40,PrototypicalNetwork,5,5,b-59-850,TKH,False,5,4000,2,exp1_permuted_src_datasets
195,2078.498336265,0.0,1738670131.7079673,,5.513428646963803e-08,1.0,0.001,1,16,40x40,PrototypicalNetwork,5,5,b-59-850,TKH,False,5,4000,2,exp1_permuted_src_datasets
196,2078.62390344,0.0,1738670131.8335657,,7.599588514040079e-08,1.0,0.001,1,16,40x40,PrototypicalNetwork,5,5,b-59-850,TKH,False,5,4000,2,exp1_permuted_src_datasets
197,2078.690773047,0.0,1738670131.900373,,8.046616528645245e-08,1.0,0.001,1,16,40x40,PrototypicalNetwork,5,5,b-59-850,TKH,False,5,4000,2,exp1_permuted_src_datasets
198,2078.734411992,0.0,1738670131.9440944,,5.066393526931279e-08,1.0,0.001,1,16,40x40,PrototypicalNetwork,5,5,b-59-850,TKH,False,5,4000,2,exp1_permuted_src_datasets
199,2078.792075815,0.0,1738670132.001768,,4.1723239974089665e-08,1.0,0.001,1,16,40x40,PrototypicalNetwork,5,5,b-59-850,TKH,False,5,4000,2,exp1_permuted_src_datasets
200,2078.853157918,0.0,1738670132.062779,,1.1920911902052467e-07,1.0,0.001,1,16,40x40,PrototypicalNetwork,5,5,b-59-850,TKH,False,5,4000,2,exp1_permuted_src_datasets
201,2078.930621827,0.0,1738670132.1403155,,5.215405352032576e-08,1.0,0.001,1,16,40x40,PrototypicalNetwork,5,5,b-59-850,TKH,False,5,4000,2,exp1_permuted_src_datasets
202,2078.989768001,0.0,1738670132.1994362,,1.2218931999541383e-07,1.0,0.001,1,16,40x40,PrototypicalNetwork,5,5,b-59-850,TKH,False,5,4000,2,exp1_permuted_src_datasets
203,2079.05847668,0.0,1738670132.2681243,,4.023312882850405e-08,1.0,0.001,1,16,40x40,PrototypicalNetwork,5,5,b-59-850,TKH,False,5,4000,2,exp1_permuted_src_datasets
204,2079.120318709,0.0,1738670132.3299778,,6.10947452628352e-08,1.0,0.001,1,16,40x40,PrototypicalNetwork,5,5,b-59-850,TKH,False,5,4000,2,exp1_permuted_src_datasets
205,2079.190119808,0.0,1738670132.3998268,,1.1771910379820838e-07,1.0,0.001,1,16,40x40,PrototypicalNetwork,5,5,b-59-850,TKH,False,5,4000,2,exp1_permuted_src_datasets
206,2079.275564123,0.0,1738670132.4852426,,4.1723243526803344e-08,1.0,0.001,1,16,40x40,PrototypicalNetwork,5,5,b-59-850,TKH,False,5,4000,2,exp1_permuted_src_datasets
207,2079.373689854,0.0,1738670132.583278,,5.215405352032576e-08,1.0,0.001,1,16,40x40,PrototypicalNetwork,5,5,b-59-850,TKH,False,5,4000,2,exp1_permuted_src_datasets
208,2079.434497702,0.0,1738670132.6441424,,1.6689276094439265e-07,1.0,0.001,1,16,40x40,PrototypicalNetwork,5,5,b-59-850,TKH,False,5,4000,2,exp1_permuted_src_datasets
209,2079.521343097,0.0,1738670132.7310364,,1.3858058878213342e-07,1.0,0.001,1,16,40x40,PrototypicalNetwork,5,5,b-59-850,TKH,False,5,4000,2,exp1_permuted_src_datasets
210,2079.625669673,0.0,1738670132.835252,,1.9967482955962623e-07,1.0,0.001,1,16,40x40,PrototypicalNetwork,5,5,b-59-850,TKH,False,5,4000,2,exp1_permuted_src_datasets
211,2079.706339977,0.0,1738670132.9159675,,4.917379925473142e-08,1.0,0.001,1,16,40x40,PrototypicalNetwork,5,5,b-59-850,TKH,False,5,4000,2,exp1_permuted_src_datasets
212,2079.769593801,0.0,1738670132.979239,,1.7881392366803084e-08,1.0,0.001,1,16,40x40,PrototypicalNetwork,5,5,b-59-850,TKH,False,5,4000,2,exp1_permuted_src_datasets
213,2079.854969519,0.0,1738670133.0646183,,8.195632972274325e-08,1.0,0.001,1,16,40x40,PrototypicalNetwork,5,5,b-59-850,TKH,False,5,4000,2,exp1_permuted_src_datasets
214,2079.93688704,0.0,1738670133.1465523,,7.301561311123805e-08,1.0,0.001,1,16,40x40,PrototypicalNetwork,5,5,b-59-850,TKH,False,5,4000,2,exp1_permuted_src_datasets
215,2080.021676076,0.0,1738670133.2313147,,7.748597852241801e-08,1.0,0.001,1,16,40x40,PrototypicalNetwork,5,5,b-59-850,TKH,False,5,4000,2,exp1_permuted_src_datasets
216,2080.107970695,0.0,1738670133.317613,,8.493658754105127e-08,1.0,0.001,1,16,40x40,PrototypicalNetwork,5,5,b-59-850,TKH,False,5,4000,2,exp1_permuted_src_datasets
217,2080.1986191,0.0,1738670133.4082625,,1.475212059176556e-07,1.0,0.001,1,16,40x40,PrototypicalNetwork,5,5,b-59-850,TKH,False,5,4000,2,exp1_permuted_src_datasets
218,2080.258642888,0.0,1738670133.4682348,,9.834758429860813e-08,1.0,0.001,1,16,40x40,PrototypicalNetwork,5,5,b-59-850,TKH,False,5,4000,2,exp1_permuted_src_datasets
219,2080.33090752,0.0,1738670133.540556,,1.236794702208499e-07,1.0,0.001,1,16,40x40,PrototypicalNetwork,5,5,b-59-850,TKH,False,5,4000,2,exp1_permuted_src_datasets
220,2080.376664731,0.0,1738670133.5862987,,1.9520469152212172e-07,1.0,0.001,1,16,40x40,PrototypicalNetwork,5,5,b-59-850,TKH,False,5,4000,2,exp1_permuted_src_datasets
221,2080.457093962,0.0,1738670133.6667705,,7.15255410455029e-08,1.0,0.001,1,16,40x40,PrototypicalNetwork,5,5,b-59-850,TKH,False,5,4000,2,exp1_permuted_src_datasets
222,2080.520226239,0.0,1738670133.729913,,9.685751223287298e-08,1.0,0.001,1,16,40x40,PrototypicalNetwork,5,5,b-59-850,TKH,False,5,4000,2,exp1_permuted_src_datasets
223,2080.584598227,0.0,1738670133.7942228,,2.5331967634656394e-08,1.0,0.001,1,16,40x40,PrototypicalNetwork,5,5,b-59-850,TKH,False,5,4000,2,exp1_permuted_src_datasets
224,2080.677519741,0.0,1738670133.8871534,,2.831220413668234e-08,1.0,0.001,1,16,40x40,PrototypicalNetwork,5,5,b-59-850,TKH,False,5,4000,2,exp1_permuted_src_datasets
225,2080.738768053,0.0,1738670133.9484847,,2.831220058396866e-08,1.0,0.001,1,16,40x40,PrototypicalNetwork,5,5,b-59-850,TKH,False,5,4000,2,exp1_permuted_src_datasets
226,2080.811708264,0.0,1738670134.0214486,,4.321336177781632e-08,1.0,0.001,1,16,40x40,PrototypicalNetwork,5,5,b-59-850,TKH,False,5,4000,2,exp1_permuted_src_datasets
227,2080.866883824,0.0,1738670134.076545,,9.983769899690742e-08,1.0,0.001,1,16,40x40,PrototypicalNetwork,5,5,b-59-850,TKH,False,5,4000,2,exp1_permuted_src_datasets
228,2080.931550943,0.0,1738670134.1411934,,1.519913155334507e-07,1.0,0.001,1,16,40x40,PrototypicalNetwork,5,5,b-59-850,TKH,False,5,4000,2,exp1_permuted_src_datasets
229,2080.98175765,0.0,1738670134.191428,,1.0579812226296781e-07,1.0,0.001,1,16,40x40,PrototypicalNetwork,5,5,b-59-850,TKH,False,5,4000,2,exp1_permuted_src_datasets
230,2081.033276291,0.0,1738670134.242931,,3.1292437085994607e-08,1.0,0.001,1,16,40x40,PrototypicalNetwork,5,5,b-59-850,TKH,False,5,4000,2,exp1_permuted_src_datasets
231,2081.077446774,0.0,1738670134.2870636,,6.10947452628352e-08,1.0,0.001,1,16,40x40,PrototypicalNetwork,5,5,b-59-850,TKH,False,5,4000,2,exp1_permuted_src_datasets
232,2081.159312973,0.0,1738670134.3689594,,3.576277762817881e-08,1.0,0.001,1,16,40x40,PrototypicalNetwork,5,5,b-59-850,TKH,False,5,4000,2,exp1_permuted_src_datasets
233,2081.248039396,0.0,1738670134.4576886,,4.172324707951702e-08,1.0,0.001,1,16,40x40,PrototypicalNetwork,5,5,b-59-850,TKH,False,5,4000,2,exp1_permuted_src_datasets
234,2081.343020509,0.0,1738670134.5526643,,7.45057349149647e-08,1.0,0.001,1,16,40x40,PrototypicalNetwork,5,5,b-59-850,TKH,False,5,4000,2,exp1_permuted_src_datasets
235,2081.408456722,0.0,1738670134.6181529,,3.27825517842939e-08,1.0,0.001,1,16,40x40,PrototypicalNetwork,5,5,b-59-850,TKH,False,5,4000,2,exp1_permuted_src_datasets
236,2081.472895006,0.0,1738670134.6825964,,3.874301057749108e-08,1.0,0.001,1,16,40x40,PrototypicalNetwork,5,5,b-59-850,TKH,False,5,4000,2,exp1_permuted_src_datasets
237,2081.521418822,0.0,1738670134.7310057,,1.9222420633013826e-07,1.0,0.001,1,16,40x40,PrototypicalNetwork,5,5,b-59-850,TKH,False,5,4000,2,exp1_permuted_src_datasets
238,2081.570350393,0.0,1738670134.7800028,,6.556507514687837e-08,1.0,0.001,1,16,40x40,PrototypicalNetwork,5,5,b-59-850,TKH,False,5,4000,2,exp1_permuted_src_datasets
239,2081.642943731,0.0,1738670134.8525872,,3.4272666482593195e-08,1.0,0.001,1,16,40x40,PrototypicalNetwork,5,5,b-59-850,TKH,False,5,4000,2,exp1_permuted_src_datasets
240,2081.714085819,0.0,1738670134.9237256,,4.619357341084651e-08,1.0,0.001,1,16,40x40,PrototypicalNetwork,5,5,b-59-850,TKH,False,5,4000,2,exp1_permuted_src_datasets
241,2081.788028844,0.0,1738670134.9977274,,3.278254823158022e-08,1.0,0.001,1,16,40x40,PrototypicalNetwork,5,5,b-59-850,TKH,False,5,4000,2,exp1_permuted_src_datasets
242,2081.86651007,0.0,1738670135.0761733,,7.599588514040079e-08,1.0,0.001,1,16,40x40,PrototypicalNetwork,5,5,b-59-850,TKH,False,5,4000,2,exp1_permuted_src_datasets
243,2081.95024012,0.0,1738670135.1598601,,7.152554815093026e-08,1.0,0.001,1,16,40x40,PrototypicalNetwork,5,5,b-59-850,TKH,False,5,4000,2,exp1_permuted_src_datasets
244,2082.050004205,0.0,1738670135.259674,,4.32133475669616e-08,1.0,0.001,1,16,40x40,PrototypicalNetwork,5,5,b-59-850,TKH,False,5,4000,2,exp1_permuted_src_datasets
245,2082.101763753,0.0,1738670135.311427,,4.7683691661859484e-08,1.0,0.001,1,16,40x40,PrototypicalNetwork,5,5,b-59-850,TKH,False,5,4000,2,exp1_permuted_src_datasets
246,2082.19330944,0.0,1738670135.4028819,,8.344645863189726e-08,1.0,0.001,1,16,40x40,PrototypicalNetwork,5,5,b-59-850,TKH,False,5,4000,2,exp1_permuted_src_datasets
247,2082.278539834,0.0,1738670135.4881272,,6.854530454347696e-08,1.0,0.001,1,16,40x40,PrototypicalNetwork,5,5,b-59-850,TKH,False,5,4000,2,exp1_permuted_src_datasets
248,2082.358482549,0.0,1738670135.5680814,,4.321335111967528e-08,1.0,0.001,1,16,40x40,PrototypicalNetwork,5,5,b-59-850,TKH,False,5,4000,2,exp1_permuted_src_datasets
249,2082.421362094,0.0,1738670135.6309874,,4.768370942542788e-08,1.0,0.001,1,16,40x40,PrototypicalNetwork,5,5,b-59-850,TKH,False,5,4000,2,exp1_permuted_src_datasets
250,2082.501281331,0.0,1738670135.7109017,,5.21540464148984e-08,1.0,0.001,1,16,40x40,PrototypicalNetwork,5,5,b-59-850,TKH,False,5,4000,2,exp1_permuted_src_datasets
251,2082.570534767,0.0,1738670135.7801845,,5.6624390509796285e-08,1.0,0.001,1,16,40x40,PrototypicalNetwork,5,5,b-59-850,TKH,False,5,4000,2,exp1_permuted_src_datasets
252,2082.646592648,0.0,1738670135.856205,,4.023312882850405e-08,1.0,0.001,1,16,40x40,PrototypicalNetwork,5,5,b-59-850,TKH,False,5,4000,2,exp1_permuted_src_datasets
253,2625.037634604,0.0,1738670678.2063065,0.8541499989032746,,,0.001,1,16,40x40,PrototypicalNetwork,5,5,b-59-850,TKH,False,5,4000,2,exp1_permuted_src_datasets
254,2625.037686397,0.0,1738670678.2445703,,2.2351740014414645e-08,1.0,0.001,1,16,40x40,PrototypicalNetwork,5,5,b-59-850,TKH,False,5,4000,2,exp1_permuted_src_datasets
255,2625.1219476,0.0,1738670678.3316133,,5.960462345910855e-08,1.0,0.001,1,16,40x40,PrototypicalNetwork,5,5,b-59-850,TKH,False,5,4000,2,exp1_permuted_src_datasets
256,2625.209330477,0.0,1738670678.4189618,,5.632556963064417e-07,1.0,0.001,1,16,40x40,PrototypicalNetwork,5,5,b-59-850,TKH,False,5,4000,2,exp1_permuted_src_datasets
257,2625.298449717,0.0,1738670678.5080817,,4.1723239974089665e-08,1.0,0.001,1,16,40x40,PrototypicalNetwork,5,5,b-59-850,TKH,False,5,4000,2,exp1_permuted_src_datasets
258,2625.389311241,0.0,1738670678.5989826,,2.831220058396866e-08,1.0,0.001,1,16,40x40,PrototypicalNetwork,5,5,b-59-850,TKH,False,5,4000,2,exp1_permuted_src_datasets
259,2625.450430739,0.0,1738670678.6600482,,1.609322453077766e-07,1.0,0.001,1,16,40x40,PrototypicalNetwork,5,5,b-59-850,TKH,False,5,4000,2,exp1_permuted_src_datasets
260,2625.545144077,0.0,1738670678.7547326,,3.1292437085994607e-08,1.0,0.001,1,16,40x40,PrototypicalNetwork,5,5,b-59-850,TKH,False,5,4000,2,exp1_permuted_src_datasets
261,2625.623032668,0.0,1738670678.8325827,,5.811451231352294e-08,1.0,0.001,1,16,40x40,PrototypicalNetwork,5,5,b-59-850,TKH,False,5,4000,2,exp1_permuted_src_datasets
262,2625.714680506,0.0,1738670678.924311,,2.086162353975851e-08,1.0,0.001,1,16,40x40,PrototypicalNetwork,5,5,b-59-850,TKH,False,5,4000,2,exp1_permuted_src_datasets
263,2625.797850992,0.0,1738670679.0074759,,2.5331971187370073e-08,1.0,0.001,1,16,40x40,PrototypicalNetwork,5,5,b-59-850,TKH,False,5,4000,2,exp1_permuted_src_datasets
264,2625.879216323,0.0,1738670679.0888512,,2.562996428423503e-07,1.0,0.001,1,16,40x40,PrototypicalNetwork,5,5,b-59-850,TKH,False,5,4000,2,exp1_permuted_src_datasets
265,2625.960893013,0.0,1738670679.1704671,,3.8743014130204756e-08,1.0,0.001,1,16,40x40,PrototypicalNetwork,5,5,b-59-850,TKH,False,5,4000,2,exp1_permuted_src_datasets
266,2626.058936224,0.0,1738670679.2684429,,4.321336177781632e-08,1.0,0.001,1,16,40x40,PrototypicalNetwork,5,5,b-59-850,TKH,False,5,4000,2,exp1_permuted_src_datasets
267,2626.143455859,0.0,1738670679.353096,,2.086162353975851e-08,1.0,0.001,1,16,40x40,PrototypicalNetwork,5,5,b-59-850,TKH,False,5,4000,2,exp1_permuted_src_datasets
268,2626.239395439,0.0,1738670679.448931,,2.6822082332955688e-08,1.0,0.001,1,16,40x40,PrototypicalNetwork,5,5,b-59-850,TKH,False,5,4000,2,exp1_permuted_src_datasets
269,2626.331941203,0.0,1738670679.5414875,,2.6822087662026206e-08,1.0,0.001,1,16,40x40,PrototypicalNetwork,5,5,b-59-850,TKH,False,5,4000,2,exp1_permuted_src_datasets
270,2626.422450296,0.0,1738670679.6320045,,2.1010498585383175e-07,1.0,0.001,1,16,40x40,PrototypicalNetwork,5,5,b-59-850,TKH,False,5,4000,2,exp1_permuted_src_datasets
271,2626.499347742,0.0,1738670679.7088468,,7.599588514040079e-08,1.0,0.001,1,16,40x40,PrototypicalNetwork,5,5,b-59-850,TKH,False,5,4000,2,exp1_permuted_src_datasets
272,2626.57452305,0.0,1738670679.7841446,,4.1723236421375987e-08,1.0,0.001,1,16,40x40,PrototypicalNetwork,5,5,b-59-850,TKH,False,5,4000,2,exp1_permuted_src_datasets
273,2626.647502521,0.0,1738670679.8571353,,2.086162353975851e-08,1.0,0.001,1,16,40x40,PrototypicalNetwork,5,5,b-59-850,TKH,False,5,4000,2,exp1_permuted_src_datasets
274,2626.743544338,0.0,1738670679.9531174,,3.1292437085994607e-08,1.0,0.001,1,16,40x40,PrototypicalNetwork,5,5,b-59-850,TKH,False,5,4000,2,exp1_permuted_src_datasets
275,2626.822801247,0.0,1738670680.032435,,1.728530207856238e-07,1.0,0.001,1,16,40x40,PrototypicalNetwork,5,5,b-59-850,TKH,False,5,4000,2,exp1_permuted_src_datasets
276,2626.916759187,0.0,1738670680.1263561,,1.2516949254859355e-07,1.0,0.001,1,16,40x40,PrototypicalNetwork,5,5,b-59-850,TKH,False,5,4000,2,exp1_permuted_src_datasets
277,2627.030418735,0.0,1738670680.2400155,,5.960462701182223e-08,1.0,0.001,1,16,40x40,PrototypicalNetwork,5,5,b-59-850,TKH,False,5,4000,2,exp1_permuted_src_datasets
278,2627.114537133,0.0,1738670680.32406,,1.639127589214695e-08,1.0,0.001,1,16,40x40,PrototypicalNetwork,5,5,b-59-850,TKH,False,5,4000,2,exp1_permuted_src_datasets
279,2627.196326006,0.0,1738670680.4058464,,2.2351738238057806e-08,1.0,0.001,1,16,40x40,PrototypicalNetwork,5,5,b-59-850,TKH,False,5,4000,2,exp1_permuted_src_datasets
280,2627.251362302,0.0,1738670680.460993,,1.7434322785447876e-07,1.0,0.001,1,16,40x40,PrototypicalNetwork,5,5,b-59-850,TKH,False,5,4000,2,exp1_permuted_src_datasets
281,2627.317373696,0.0,1738670680.5270088,,5.662435142994582e-08,1.0,0.001,1,16,40x40,PrototypicalNetwork,5,5,b-59-850,TKH,False,5,4000,2,exp1_permuted_src_datasets
282,2627.367071732,0.0,1738670680.5766935,,4.321336177781632e-08,1.0,0.001,1,16,40x40,PrototypicalNetwork,5,5,b-59-850,TKH,False,5,4000,2,exp1_permuted_src_datasets
283,2627.437131408,0.0,1738670680.6467628,,5.066393171659911e-08,1.0,0.001,1,16,40x40,PrototypicalNetwork,5,5,b-59-850,TKH,False,5,4000,2,exp1_permuted_src_datasets
284,2627.519089169,0.0,1738670680.728673,,2.831220058396866e-08,1.0,0.001,1,16,40x40,PrototypicalNetwork,5,5,b-59-850,TKH,False,5,4000,2,exp1_permuted_src_datasets
285,2627.5865015,0.0,1738670680.79614,,2.384185471271394e-08,1.0,0.001,1,16,40x40,PrototypicalNetwork,5,5,b-59-850,TKH,False,5,4000,2,exp1_permuted_src_datasets
286,2627.661920793,0.0,1738670680.8715584,,5.2154042862184724e-08,1.0,0.001,1,16,40x40,PrototypicalNetwork,5,5,b-59-850,TKH,False,5,4000,2,exp1_permuted_src_datasets
287,2627.747902851,0.0,1738670680.9575455,,5.6624394062509964e-08,1.0,0.001,1,16,40x40,PrototypicalNetwork,5,5,b-59-850,TKH,False,5,4000,2,exp1_permuted_src_datasets
288,2627.811558376,0.0,1738670681.0211976,,6.109472394655313e-08,1.0,0.001,1,16,40x40,PrototypicalNetwork,5,5,b-59-850,TKH,False,5,4000,2,exp1_permuted_src_datasets
289,2627.889532018,0.0,1738670681.0991578,,1.7881392366803084e-08,1.0,0.001,1,16,40x40,PrototypicalNetwork,5,5,b-59-850,TKH,False,5,4000,2,exp1_permuted_src_datasets
290,2627.988109867,0.0,1738670681.1977468,,1.6838292538068345e-07,1.0,0.001,1,16,40x40,PrototypicalNetwork,5,5,b-59-850,TKH,False,5,4000,2,exp1_permuted_src_datasets
291,2628.051832618,0.0,1738670681.261454,,1.3411043831013103e-08,1.0,0.001,1,16,40x40,PrototypicalNetwork,5,5,b-59-850,TKH,False,5,4000,2,exp1_permuted_src_datasets
292,2628.112095431,0.0,1738670681.3217082,,6.556507514687837e-08,1.0,0.001,1,16,40x40,PrototypicalNetwork,5,5,b-59-850,TKH,False,5,4000,2,exp1_permuted_src_datasets
293,2628.182463096,0.0,1738670681.392103,,4.76837058727142e-08,1.0,0.001,1,16,40x40,PrototypicalNetwork,5,5,b-59-850,TKH,False,5,4000,2,exp1_permuted_src_datasets
294,2628.274277695,0.0,1738670681.483891,,1.7583337807991484e-07,1.0,0.001,1,16,40x40,PrototypicalNetwork,5,5,b-59-850,TKH,False,5,4000,2,exp1_permuted_src_datasets
295,2628.355868424,0.0,1738670681.5652983,,4.3213340461534244e-08,1.0,0.001,1,16,40x40,PrototypicalNetwork,5,5,b-59-850,TKH,False,5,4000,2,exp1_permuted_src_datasets
296,2628.43019487,0.0,1738670681.6397612,,1.594420666606311e-07,1.0,0.001,1,16,40x40,PrototypicalNetwork,5,5,b-59-850,TKH,False,5,4000,2,exp1_permuted_src_datasets
297,2628.498328445,0.0,1738670681.7079484,,3.576277407546513e-08,1.0,0.001,1,16,40x40,PrototypicalNetwork,5,5,b-59-850,TKH,False,5,4000,2,exp1_permuted_src_datasets
298,2628.556425598,0.0,1738670681.766059,,2.8312197031254982e-08,1.0,0.001,1,16,40x40,PrototypicalNetwork,5,5,b-59-850,TKH,False,5,4000,2,exp1_permuted_src_datasets
299,2628.644546741,0.0,1738670681.854134,,1.1026852320128455e-07,1.0,0.001,1,16,40x40,PrototypicalNetwork,5,5,b-59-850,TKH,False,5,4000,2,exp1_permuted_src_datasets
300,2628.727806249,0.0,1738670681.9373827,,2.086162353975851e-08,1.0,0.001,1,16,40x40,PrototypicalNetwork,5,5,b-59-850,TKH,False,5,4000,2,exp1_permuted_src_datasets
301,2628.801742733,0.0,1738670682.011362,,3.129242998056725e-08,1.0,0.001,1,16,40x40,PrototypicalNetwork,5,5,b-59-850,TKH,False,5,4000,2,exp1_permuted_src_datasets
302,2628.87667081,0.0,1738670682.0863135,,9.089701080711166e-08,1.0,0.001,1,16,40x40,PrototypicalNetwork,5,5,b-59-850,TKH,False,5,4000,2,exp1_permuted_src_datasets
303,2628.920661864,0.0,1738670682.1303318,,3.576278118089249e-08,1.0,0.001,1,16,40x40,PrototypicalNetwork,5,5,b-59-850,TKH,False,5,4000,2,exp1_permuted_src_datasets
304,2628.987750881,0.0,1738670682.1973257,,8.940696183401542e-09,1.0,0.001,1,16,40x40,PrototypicalNetwork,5,5,b-59-850,TKH,False,5,4000,2,exp1_permuted_src_datasets
305,2629.059881771,0.0,1738670682.2694836,,8.642666671221377e-08,1.0,0.001,1,16,40x40,PrototypicalNetwork,5,5,b-59-850,TKH,False,5,4000,2,exp1_permuted_src_datasets
306,2629.153901069,0.0,1738670682.3634632,,1.9371508841459217e-08,1.0,0.001,1,16,40x40,PrototypicalNetwork,5,5,b-59-850,TKH,False,5,4000,2,exp1_permuted_src_datasets
307,2629.238914553,0.0,1738670682.4484856,,2.682207878024201e-08,1.0,0.001,1,16,40x40,PrototypicalNetwork,5,5,b-59-850,TKH,False,5,4000,2,exp1_permuted_src_datasets
308,2629.320624453,0.0,1738670682.5302866,,2.5331843289677636e-07,1.0,0.001,1,16,40x40,PrototypicalNetwork,5,5,b-59-850,TKH,False,5,4000,2,exp1_permuted_src_datasets
309,2629.411267225,0.0,1738670682.6209123,,1.2218927736284968e-07,1.0,0.001,1,16,40x40,PrototypicalNetwork,5,5,b-59-850,TKH,False,5,4000,2,exp1_permuted_src_datasets
310,2629.482817996,0.0,1738670682.6924055,,4.172323286866231e-08,1.0,0.001,1,16,40x40,PrototypicalNetwork,5,5,b-59-850,TKH,False,5,4000,2,exp1_permuted_src_datasets
311,2629.57215923,0.0,1738670682.7816558,,2.6822084109312527e-08,1.0,0.001,1,16,40x40,PrototypicalNetwork,5,5,b-59-850,TKH,False,5,4000,2,exp1_permuted_src_datasets
312,2629.663583577,0.0,1738670682.8731637,,5.960463766996327e-08,1.0,0.001,1,16,40x40,PrototypicalNetwork,5,5,b-59-850,TKH,False,5,4000,2,exp1_permuted_src_datasets
313,2629.730015349,0.0,1738670682.9396472,,1.5348170734341693e-07,1.0,0.001,1,16,40x40,PrototypicalNetwork,5,5,b-59-850,TKH,False,5,4000,2,exp1_permuted_src_datasets
314,2629.804625242,0.0,1738670683.0142198,,3.129242642785357e-08,1.0,0.001,1,16,40x40,PrototypicalNetwork,5,5,b-59-850,TKH,False,5,4000,2,exp1_permuted_src_datasets
315,2629.853335815,0.0,1738670683.0629694,,3.87430070247774e-08,1.0,0.001,1,16,40x40,PrototypicalNetwork,5,5,b-59-850,TKH,False,5,4000,2,exp1_permuted_src_datasets
316,3163.497626171,0.0,1738671216.665477,0.8569999980926514,,,0.001,1,16,40x40,PrototypicalNetwork,5,5,b-59-850,TKH,False,5,4000,2,exp1_permuted_src_datasets
317,3163.542447929,0.0,1738671216.7521048,,1.9371508841459217e-08,1.0,0.001,1,16,40x40,PrototypicalNetwork,5,5,b-59-850,TKH,False,5,4000,2,exp1_permuted_src_datasets
318,3163.614856193,0.0,1738671216.8244493,,2.831220413668234e-08,1.0,0.001,1,16,40x40,PrototypicalNetwork,5,5,b-59-850,TKH,False,5,4000,2,exp1_permuted_src_datasets
319,3163.695557296,0.0,1738671216.9051797,,2.2351738238057806e-08,1.0,0.001,1,16,40x40,PrototypicalNetwork,5,5,b-59-850,TKH,False,5,4000,2,exp1_permuted_src_datasets
320,3163.779050661,0.0,1738671216.9886563,,5.513427225878331e-08,1.0,0.001,1,16,40x40,PrototypicalNetwork,5,5,b-59-850,TKH,False,5,4000,2,exp1_permuted_src_datasets
321,3163.880034603,0.0,1738671217.0896878,,1.817939079273856e-07,1.0,0.001,1,16,40x40,PrototypicalNetwork,5,5,b-59-850,TKH,False,5,4000,2,exp1_permuted_src_datasets
322,3163.955743975,0.0,1738671217.1653163,,6.854529033262224e-08,1.0,0.001,1,16,40x40,PrototypicalNetwork,5,5,b-59-850,TKH,False,5,4000,2,exp1_permuted_src_datasets
323,3164.058381566,0.0,1738671217.268015,,3.725289587919178e-08,1.0,0.001,1,16,40x40,PrototypicalNetwork,5,5,b-59-850,TKH,False,5,4000,2,exp1_permuted_src_datasets
324,3164.144296317,0.0,1738671217.353871,,5.5134268706069633e-08,1.0,0.001,1,16,40x40,PrototypicalNetwork,5,5,b-59-850,TKH,False,5,4000,2,exp1_permuted_src_datasets
325,3164.23699969,0.0,1738671217.4466183,,3.010013074344897e-07,1.0,0.001,1,16,40x40,PrototypicalNetwork,5,5,b-59-850,TKH,False,5,4000,2,exp1_permuted_src_datasets
326,3164.329958038,0.0,1738671217.5396004,,7.301563442752013e-08,1.0,0.001,1,16,40x40,PrototypicalNetwork,5,5,b-59-850,TKH,False,5,4000,2,exp1_permuted_src_datasets
327,3164.403730728,0.0,1738671217.613111,,2.5331971187370073e-08,1.0,0.001,1,16,40x40,PrototypicalNetwork,5,5,b-59-850,TKH,False,5,4000,2,exp1_permuted_src_datasets
328,3164.484753616,0.0,1738671217.6944392,,5.364415756048402e-08,1.0,0.001,1,16,40x40,PrototypicalNetwork,5,5,b-59-850,TKH,False,5,4000,2,exp1_permuted_src_datasets
329,3164.527714257,0.0,1738671217.737357,,2.0414555024217407e-07,1.0,0.001,1,16,40x40,PrototypicalNetwork,5,5,b-59-850,TKH,False,5,4000,2,exp1_permuted_src_datasets
330,3164.605098203,0.0,1738671217.814749,,5.73682768845174e-07,1.0,0.001,1,16,40x40,PrototypicalNetwork,5,5,b-59-850,TKH,False,5,4000,2,exp1_permuted_src_datasets
331,3164.670480354,0.0,1738671217.8800755,,2.6822084109312527e-08,1.0,0.001,1,16,40x40,PrototypicalNetwork,5,5,b-59-850,TKH,False,5,4000,2,exp1_permuted_src_datasets
332,3164.760131172,0.0,1738671217.9698074,,1.4901159417490817e-08,1.0,0.001,1,16,40x40,PrototypicalNetwork,5,5,b-59-850,TKH,False,5,4000,2,exp1_permuted_src_datasets
333,3164.822140001,0.0,1738671218.0317664,,1.9371507065102378e-08,1.0,0.001,1,16,40x40,PrototypicalNetwork,5,5,b-59-850,TKH,False,5,4000,2,exp1_permuted_src_datasets
334,3164.895610935,0.0,1738671218.1052713,,2.831220413668234e-08,1.0,0.001,1,16,40x40,PrototypicalNetwork,5,5,b-59-850,TKH,False,5,4000,2,exp1_permuted_src_datasets
335,3164.96960538,0.0,1738671218.1792548,,2.831220413668234e-08,1.0,0.001,1,16,40x40,PrototypicalNetwork,5,5,b-59-850,TKH,False,5,4000,2,exp1_permuted_src_datasets
336,3165.038539255,0.0,1738671218.2481372,,1.192092735635697e-08,1.0,0.001,1,16,40x40,PrototypicalNetwork,5,5,b-59-850,TKH,False,5,4000,2,exp1_permuted_src_datasets
337,3165.103541738,0.0,1738671218.31321,,1.4901159417490817e-08,1.0,0.001,1,16,40x40,PrototypicalNetwork,5,5,b-59-850,TKH,False,5,4000,2,exp1_permuted_src_datasets
338,3165.194957294,0.0,1738671218.4046292,,5.0663885531321284e-08,1.0,0.001,1,16,40x40,PrototypicalNetwork,5,5,b-59-850,TKH,False,5,4000,2,exp1_permuted_src_datasets
339,3165.270347462,0.0,1738671218.4799578,,3.874300347206372e-08,1.0,0.001,1,16,40x40,PrototypicalNetwork,5,5,b-59-850,TKH,False,5,4000,2,exp1_permuted_src_datasets
340,3165.339821129,0.0,1738671218.5494645,,3.4272666482593195e-08,1.0,0.001,1,16,40x40,PrototypicalNetwork,5,5,b-59-850,TKH,False,5,4000,2,exp1_permuted_src_datasets
341,3165.446891475,0.0,1738671218.6565223,,2.5331967634656394e-08,1.0,0.001,1,16,40x40,PrototypicalNetwork,5,5,b-59-850,TKH,False,5,4000,2,exp1_permuted_src_datasets
342,3165.539990634,0.0,1738671218.7496302,,6.109475236826256e-08,1.0,0.001,1,16,40x40,PrototypicalNetwork,5,5,b-59-850,TKH,False,5,4000,2,exp1_permuted_src_datasets
343,3165.638575688,0.0,1738671218.8482223,,2.5331962305585876e-08,1.0,0.001,1,16,40x40,PrototypicalNetwork,5,5,b-59-850,TKH,False,5,4000,2,exp1_permuted_src_datasets
344,3165.740186887,0.0,1738671218.9498096,,1.0728803090387373e-07,1.0,0.001,1,16,40x40,PrototypicalNetwork,5,5,b-59-850,TKH,False,5,4000,2,exp1_permuted_src_datasets
345,3165.813027392,0.0,1738671219.0226672,,4.470348091700771e-09,1.0,0.001,1,16,40x40,PrototypicalNetwork,5,5,b-59-850,TKH,False,5,4000,2,exp1_permuted_src_datasets
346,3165.879355663,0.0,1738671219.0889862,,3.7252892326478104e-08,1.0,0.001,1,16,40x40,PrototypicalNetwork,5,5,b-59-850,TKH,False,5,4000,2,exp1_permuted_src_datasets
347,3165.95837943,0.0,1738671219.1680279,,8.046622212987131e-08,1.0,0.001,1,16,40x40,PrototypicalNetwork,5,5,b-59-850,TKH,False,5,4000,2,exp1_permuted_src_datasets
348,3166.020777634,0.0,1738671219.2304206,,6.258482443399771e-08,1.0,0.001,1,16,40x40,PrototypicalNetwork,5,5,b-59-850,TKH,False,5,4000,2,exp1_permuted_src_datasets
349,3166.060689121,0.0,1738671219.2703545,,2.9802318834981634e-08,1.0,0.001,1,16,40x40,PrototypicalNetwork,5,5,b-59-850,TKH,False,5,4000,2,exp1_permuted_src_datasets
350,3166.119768785,0.0,1738671219.329438,,5.2154035756757366e-08,1.0,0.001,1,16,40x40,PrototypicalNetwork,5,5,b-59-850,TKH,False,5,4000,2,exp1_permuted_src_datasets
351,3166.187660927,0.0,1738671219.3973086,,1.192092735635697e-08,1.0,0.001,1,16,40x40,PrototypicalNetwork,5,5,b-59-850,TKH,False,5,4000,2,exp1_permuted_src_datasets
352,3166.26297338,0.0,1738671219.4725993,,2.5331965858299554e-08,1.0,0.001,1,16,40x40,PrototypicalNetwork,5,5,b-59-850,TKH,False,5,4000,2,exp1_permuted_src_datasets
353,3166.340997401,0.0,1738671219.5506198,,4.023312172307669e-08,1.0,0.001,1,16,40x40,PrototypicalNetwork,5,5,b-59-850,TKH,False,5,4000,2,exp1_permuted_src_datasets
354,3166.407084686,0.0,1738671219.61676,,2.086162353975851e-08,1.0,0.001,1,16,40x40,PrototypicalNetwork,5,5,b-59-850,TKH,False,5,4000,2,exp1_permuted_src_datasets
355,3166.48634319,0.0,1738671219.6959891,,2.6822087662026206e-08,1.0,0.001,1,16,40x40,PrototypicalNetwork,5,5,b-59-850,TKH,False,5,4000,2,exp1_permuted_src_datasets
356,3166.573197323,0.0,1738671219.7828329,,3.427265227173848e-08,1.0,0.001,1,16,40x40,PrototypicalNetwork,5,5,b-59-850,TKH,False,5,4000,2,exp1_permuted_src_datasets
357,3166.629470298,0.0,1738671219.839114,,2.9802311729554276e-08,1.0,0.001,1,16,40x40,PrototypicalNetwork,5,5,b-59-850,TKH,False,5,4000,2,exp1_permuted_src_datasets
358,3166.686490596,0.0,1738671219.8961363,,4.172323286866231e-08,1.0,0.001,1,16,40x40,PrototypicalNetwork,5,5,b-59-850,TKH,False,5,4000,2,exp1_permuted_src_datasets
359,3166.760210936,0.0,1738671219.9698455,,5.3644136244201945e-08,1.0,0.001,1,16,40x40,PrototypicalNetwork,5,5,b-59-850,TKH,False,5,4000,2,exp1_permuted_src_datasets
360,3166.826333223,0.0,1738671220.0359502,,2.6822084109312527e-08,1.0,0.001,1,16,40x40,PrototypicalNetwork,5,5,b-59-850,TKH,False,5,4000,2,exp1_permuted_src_datasets
361,3166.89776992,0.0,1738671220.1074238,,1.639127411579011e-08,1.0,0.001,1,16,40x40,PrototypicalNetwork,5,5,b-59-850,TKH,False,5,4000,2,exp1_permuted_src_datasets
362,3166.969548112,0.0,1738671220.1791465,,2.5331965858299554e-08,1.0,0.001,1,16,40x40,PrototypicalNetwork,5,5,b-59-850,TKH,False,5,4000,2,exp1_permuted_src_datasets
363,3167.048665611,0.0,1738671220.25831,,8.940696183401542e-09,1.0,0.001,1,16,40x40,PrototypicalNetwork,5,5,b-59-850,TKH,False,5,4000,2,exp1_permuted_src_datasets
364,3167.130263007,0.0,1738671220.3399076,,7.4505797087454084e-09,1.0,0.001,1,16,40x40,PrototypicalNetwork,5,5,b-59-850,TKH,False,5,4000,2,exp1_permuted_src_datasets
365,3167.212848886,0.0,1738671220.422378,,2.831220058396866e-08,1.0,0.001,1,16,40x40,PrototypicalNetwork,5,5,b-59-850,TKH,False,5,4000,2,exp1_permuted_src_datasets
366,3167.307144141,0.0,1738671220.5168033,,1.3411043831013103e-08,1.0,0.001,1,16,40x40,PrototypicalNetwork,5,5,b-59-850,TKH,False,5,4000,2,exp1_permuted_src_datasets
367,3167.391387918,0.0,1738671220.601039,,2.5331967634656394e-08,1.0,0.001,1,16,40x40,PrototypicalNetwork,5,5,b-59-850,TKH,False,5,4000,2,exp1_permuted_src_datasets
368,3167.466952512,0.0,1738671220.676535,,3.278254823158022e-08,1.0,0.001,1,16,40x40,PrototypicalNetwork,5,5,b-59-850,TKH,False,5,4000,2,exp1_permuted_src_datasets
369,3167.528405173,0.0,1738671220.7380638,,3.4123473824365647e-07,1.0,0.001,1,16,40x40,PrototypicalNetwork,5,5,b-59-850,TKH,False,5,4000,2,exp1_permuted_src_datasets
370,3167.567803545,0.0,1738671220.7774026,,1.9371507065102378e-08,1.0,0.001,1,16,40x40,PrototypicalNetwork,5,5,b-59-850,TKH,False,5,4000,2,exp1_permuted_src_datasets
371,3167.623713569,0.0,1738671220.8333704,,2.2351738238057806e-08,1.0,0.001,1,16,40x40,PrototypicalNetwork,5,5,b-59-850,TKH,False,5,4000,2,exp1_permuted_src_datasets
372,3167.68076205,0.0,1738671220.8904076,,1.0430811769879256e-08,1.0,0.001,1,16,40x40,PrototypicalNetwork,5,5,b-59-850,TKH,False,5,4000,2,exp1_permuted_src_datasets
373,3167.749394151,0.0,1738671220.9589684,,9.983765636434327e-08,1.0,0.001,1,16,40x40,PrototypicalNetwork,5,5,b-59-850,TKH,False,5,4000,2,exp1_permuted_src_datasets
374,3167.812644219,0.0,1738671221.0222795,,5.96045985901128e-08,1.0,0.001,1,16,40x40,PrototypicalNetwork,5,5,b-59-850,TKH,False,5,4000,2,exp1_permuted_src_datasets
375,3167.89929312,0.0,1738671221.1088862,,1.3709045276755205e-07,1.0,0.001,1,16,40x40,PrototypicalNetwork,5,5,b-59-850,TKH,False,5,4000,2,exp1_permuted_src_datasets
376,3167.953588589,0.0,1738671221.1632395,,2.6822087662026206e-08,1.0,0.001,1,16,40x40,PrototypicalNetwork,5,5,b-59-850,TKH,False,5,4000,2,exp1_permuted_src_datasets
377,3168.041865586,0.0,1738671221.2514517,,1.3411043831013103e-08,1.0,0.001,1,16,40x40,PrototypicalNetwork,5,5,b-59-850,TKH,False,5,4000,2,exp1_permuted_src_datasets
378,3168.115609513,0.0,1738671221.3252573,,1.3411043831013103e-08,1.0,0.001,1,16,40x40,PrototypicalNetwork,5,5,b-59-850,TKH,False,5,4000,2,exp1_permuted_src_datasets
379,3692.643754662,0.0,1738671745.8535392,0.8500499985218049,,,0.001,1,16,40x40,PrototypicalNetwork,5,5,b-59-850,TKH,False,5,4000,2,exp1_permuted_src_datasets
380,3692.689053668,0.0,1738671745.8987036,,8.940696183401542e-09,1.0,0.001,1,16,40x40,PrototypicalNetwork,5,5,b-59-850,TKH,False,5,4000,2,exp1_permuted_src_datasets
381,3692.763312078,0.0,1738671745.9729064,,1.639127411579011e-08,1.0,0.001,1,16,40x40,PrototypicalNetwork,5,5,b-59-850,TKH,False,5,4000,2,exp1_permuted_src_datasets
382,3692.848170532,0.0,1738671746.0578384,,1.192092735635697e-08,1.0,0.001,1,16,40x40,PrototypicalNetwork,5,5,b-59-850,TKH,False,5,4000,2,exp1_permuted_src_datasets
383,3692.922413196,0.0,1738671746.1320632,,1.0430811769879256e-08,1.0,0.001,1,16,40x40,PrototypicalNetwork,5,5,b-59-850,TKH,False,5,4000,2,exp1_permuted_src_datasets
384,3692.976835315,0.0,1738671746.186497,,2.9802318834981634e-08,1.0,0.001,1,16,40x40,PrototypicalNetwork,5,5,b-59-850,TKH,False,5,4000,2,exp1_permuted_src_datasets
385,3693.033529472,0.0,1738671746.243158,,3.427265937716584e-08,1.0,0.001,1,16,40x40,PrototypicalNetwork,5,5,b-59-850,TKH,False,5,4000,2,exp1_permuted_src_datasets
386,3693.119072345,0.0,1738671746.3287172,,4.470348091700771e-09,1.0,0.001,1,16,40x40,PrototypicalNetwork,5,5,b-59-850,TKH,False,5,4000,2,exp1_permuted_src_datasets
387,3693.177499489,0.0,1738671746.3871264,,7.152553394007555e-08,1.0,0.001,1,16,40x40,PrototypicalNetwork,5,5,b-59-850,TKH,False,5,4000,2,exp1_permuted_src_datasets
388,3693.238685891,0.0,1738671746.448321,,5.960463411724959e-08,1.0,0.001,1,16,40x40,PrototypicalNetwork,5,5,b-59-850,TKH,False,5,4000,2,exp1_permuted_src_datasets
389,3693.285197192,0.0,1738671746.494869,,2.3841845830929742e-08,1.0,0.001,1,16,40x40,PrototypicalNetwork,5,5,b-59-850,TKH,False,5,4000,2,exp1_permuted_src_datasets
390,3693.347378359,0.0,1738671746.5570214,,2.5331967634656394e-08,1.0,0.001,1,16,40x40,PrototypicalNetwork,5,5,b-59-850,TKH,False,5,4000,2,exp1_permuted_src_datasets
391,3693.418454672,0.0,1738671746.6281211,,6.109473815740785e-08,1.0,0.001,1,16,40x40,PrototypicalNetwork,5,5,b-59-850,TKH,False,5,4000,2,exp1_permuted_src_datasets
392,3693.516061583,0.0,1738671746.7256007,,9.387720467657346e-08,1.0,0.001,1,16,40x40,PrototypicalNetwork,5,5,b-59-850,TKH,False,5,4000,2,exp1_permuted_src_datasets
393,3693.599843263,0.0,1738671746.8094215,,2.6822087662026206e-08,1.0,0.001,1,16,40x40,PrototypicalNetwork,5,5,b-59-850,TKH,False,5,4000,2,exp1_permuted_src_datasets
394,3693.683596176,0.0,1738671746.893247,,2.9802317058624794e-08,1.0,0.001,1,16,40x40,PrototypicalNetwork,5,5,b-59-850,TKH,False,5,4000,2,exp1_permuted_src_datasets
395,3693.760150234,0.0,1738671746.9698122,,5.960464122267695e-09,1.0,0.001,1,16,40x40,PrototypicalNetwork,5,5,b-59-850,TKH,False,5,4000,2,exp1_permuted_src_datasets
396,3693.862204766,0.0,1738671747.0717976,,2.2053575321479002e-07,1.0,0.001,1,16,40x40,PrototypicalNetwork,5,5,b-59-850,TKH,False,5,4000,2,exp1_permuted_src_datasets
397,3693.912416506,0.0,1738671747.1220644,,1.6838275485042686e-07,1.0,0.001,1,16,40x40,PrototypicalNetwork,5,5,b-59-850,TKH,False,5,4000,2,exp1_permuted_src_datasets
398,3693.98171219,0.0,1738671747.1913648,,2.6822087662026206e-08,1.0,0.001,1,16,40x40,PrototypicalNetwork,5,5,b-59-850,TKH,False,5,4000,2,exp1_permuted_src_datasets
399,3694.055899117,0.0,1738671747.265547,,2.2798585064265353e-07,1.0,0.001,1,16,40x40,PrototypicalNetwork,5,5,b-59-850,TKH,False,5,4000,2,exp1_permuted_src_datasets
400,3694.132282566,0.0,1738671747.341906,,1.9371507065102378e-08,1.0,0.001,1,16,40x40,PrototypicalNetwork,5,5,b-59-850,TKH,False,5,4000,2,exp1_permuted_src_datasets
401,3694.196936294,0.0,1738671747.4065995,,1.7881390590446244e-08,1.0,0.001,1,16,40x40,PrototypicalNetwork,5,5,b-59-850,TKH,False,5,4000,2,exp1_permuted_src_datasets
402,3694.236123283,0.0,1738671747.445768,,1.192092646817855e-08,1.0,0.001,1,16,40x40,PrototypicalNetwork,5,5,b-59-850,TKH,False,5,4000,2,exp1_permuted_src_datasets
403,3694.307937905,0.0,1738671747.5175588,,2.0861619987044833e-08,1.0,0.001,1,16,40x40,PrototypicalNetwork,5,5,b-59-850,TKH,False,5,4000,2,exp1_permuted_src_datasets
404,3694.377505653,0.0,1738671747.587103,,2.5331967634656394e-08,1.0,0.001,1,16,40x40,PrototypicalNetwork,5,5,b-59-850,TKH,False,5,4000,2,exp1_permuted_src_datasets
405,3694.430934021,0.0,1738671747.6406026,,1.7881390590446244e-08,1.0,0.001,1,16,40x40,PrototypicalNetwork,5,5,b-59-850,TKH,False,5,4000,2,exp1_permuted_src_datasets
406,3694.473385012,0.0,1738671747.683045,,5.6624333666377424e-08,1.0,0.001,1,16,40x40,PrototypicalNetwork,5,5,b-59-850,TKH,False,5,4000,2,exp1_permuted_src_datasets
407,3694.53332491,0.0,1738671747.7429347,,2.38418529363571e-08,1.0,0.001,1,16,40x40,PrototypicalNetwork,5,5,b-59-850,TKH,False,5,4000,2,exp1_permuted_src_datasets
408,3694.608814605,0.0,1738671747.8184307,,1.9371507065102378e-08,1.0,0.001,1,16,40x40,PrototypicalNetwork,5,5,b-59-850,TKH,False,5,4000,2,exp1_permuted_src_datasets
409,3694.67625246,0.0,1738671747.8858979,,1.639127589214695e-08,1.0,0.001,1,16,40x40,PrototypicalNetwork,5,5,b-59-850,TKH,False,5,4000,2,exp1_permuted_src_datasets
410,3694.751314865,0.0,1738671747.9609816,,2.2351738238057806e-08,1.0,0.001,1,16,40x40,PrototypicalNetwork,5,5,b-59-850,TKH,False,5,4000,2,exp1_permuted_src_datasets
411,3694.821320444,0.0,1738671748.0309422,,1.639127411579011e-08,1.0,0.001,1,16,40x40,PrototypicalNetwork,5,5,b-59-850,TKH,False,5,4000,2,exp1_permuted_src_datasets
412,3694.874294434,0.0,1738671748.0839427,,2.2351738238057806e-08,1.0,0.001,1,16,40x40,PrototypicalNetwork,5,5,b-59-850,TKH,False,5,4000,2,exp1_permuted_src_datasets
413,3694.929433069,0.0,1738671748.1390781,,2.086162353975851e-08,1.0,0.001,1,16,40x40,PrototypicalNetwork,5,5,b-59-850,TKH,False,5,4000,2,exp1_permuted_src_datasets
414,3695.016050406,0.0,1738671748.2256315,,2.0861621763401672e-08,1.0,0.001,1,16,40x40,PrototypicalNetwork,5,5,b-59-850,TKH,False,5,4000,2,exp1_permuted_src_datasets
415,3695.076589252,0.0,1738671748.2862527,,1.93715035123887e-08,1.0,0.001,1,16,40x40,PrototypicalNetwork,5,5,b-59-850,TKH,False,5,4000,2,exp1_permuted_src_datasets
416,3695.170024364,0.0,1738671748.379638,,3.129242642785357e-08,1.0,0.001,1,16,40x40,PrototypicalNetwork,5,5,b-59-850,TKH,False,5,4000,2,exp1_permuted_src_datasets
417,3695.22092872,0.0,1738671748.4305887,,7.301561311123805e-08,1.0,0.001,1,16,40x40,PrototypicalNetwork,5,5,b-59-850,TKH,False,5,4000,2,exp1_permuted_src_datasets
418,3695.308081957,0.0,1738671748.5177286,,6.556507514687837e-08,1.0,0.001,1,16,40x40,PrototypicalNetwork,5,5,b-59-850,TKH,False,5,4000,2,exp1_permuted_src_datasets
419,3695.389895775,0.0,1738671748.5995557,,1.192092646817855e-08,1.0,0.001,1,16,40x40,PrototypicalNetwork,5,5,b-59-850,TKH,False,5,4000,2,exp1_permuted_src_datasets
420,3695.445559553,0.0,1738671748.6552317,,1.3411043831013103e-08,1.0,0.001,1,16,40x40,PrototypicalNetwork,5,5,b-59-850,TKH,False,5,4000,2,exp1_permuted_src_datasets
421,3695.53560002,0.0,1738671748.745225,,7.4505797087454084e-09,1.0,0.001,1,16,40x40,PrototypicalNetwork,5,5,b-59-850,TKH,False,5,4000,2,exp1_permuted_src_datasets
422,3695.62949723,0.0,1738671748.8390799,,2.2351738238057806e-08,1.0,0.001,1,16,40x40,PrototypicalNetwork,5,5,b-59-850,TKH,False,5,4000,2,exp1_permuted_src_datasets
423,3695.671241426,0.0,1738671748.8809059,,3.4272666482593195e-08,1.0,0.001,1,16,40x40,PrototypicalNetwork,5,5,b-59-850,TKH,False,5,4000,2,exp1_permuted_src_datasets
424,3695.765145349,0.0,1738671748.9747968,,1.639127411579011e-08,1.0,0.001,1,16,40x40,PrototypicalNetwork,5,5,b-59-850,TKH,False,5,4000,2,exp1_permuted_src_datasets
425,3695.831346518,0.0,1738671749.0409873,,3.27825517842939e-08,1.0,0.001,1,16,40x40,PrototypicalNetwork,5,5,b-59-850,TKH,False,5,4000,2,exp1_permuted_src_datasets
426,3695.921854229,0.0,1738671749.131558,,1.639127589214695e-08,1.0,0.001,1,16,40x40,PrototypicalNetwork,5,5,b-59-850,TKH,False,5,4000,2,exp1_permuted_src_datasets
427,3696.000058876,0.0,1738671749.209653,,6.705509036919466e-08,1.0,0.001,1,16,40x40,PrototypicalNetwork,5,5,b-59-850,TKH,False,5,4000,2,exp1_permuted_src_datasets
428,3696.062137306,0.0,1738671749.2717266,,7.152552683464819e-08,1.0,0.001,1,16,40x40,PrototypicalNetwork,5,5,b-59-850,TKH,False,5,4000,2,exp1_permuted_src_datasets
429,3696.142058724,0.0,1738671749.3516817,,5.960464122267695e-09,1.0,0.001,1,16,40x40,PrototypicalNetwork,5,5,b-59-850,TKH,False,5,4000,2,exp1_permuted_src_datasets
430,3696.211320704,0.0,1738671749.4209785,,3.7252892326478104e-08,1.0,0.001,1,16,40x40,PrototypicalNetwork,5,5,b-59-850,TKH,False,5,4000,2,exp1_permuted_src_datasets
431,3696.261131654,0.0,1738671749.4707766,,1.3411043831013103e-08,1.0,0.001,1,16,40x40,PrototypicalNetwork,5,5,b-59-850,TKH,False,5,4000,2,exp1_permuted_src_datasets
432,3696.355637848,0.0,1738671749.5652368,,4.1723243526803344e-08,1.0,0.001,1,16,40x40,PrototypicalNetwork,5,5,b-59-850,TKH,False,5,4000,2,exp1_permuted_src_datasets
433,3696.412579155,0.0,1738671749.622136,,1.0430811769879256e-08,1.0,0.001,1,16,40x40,PrototypicalNetwork,5,5,b-59-850,TKH,False,5,4000,2,exp1_permuted_src_datasets
434,3696.487322324,0.0,1738671749.6969411,,2.2351738238057806e-08,1.0,0.001,1,16,40x40,PrototypicalNetwork,5,5,b-59-850,TKH,False,5,4000,2,exp1_permuted_src_datasets
435,3696.561200296,0.0,1738671749.7708485,,1.4901158529312397e-08,1.0,0.001,1,16,40x40,PrototypicalNetwork,5,5,b-59-850,TKH,False,5,4000,2,exp1_permuted_src_datasets
436,3696.602463991,0.0,1738671749.812127,,2.8312197031254982e-08,1.0,0.001,1,16,40x40,PrototypicalNetwork,5,5,b-59-850,TKH,False,5,4000,2,exp1_permuted_src_datasets
437,3696.641962103,0.0,1738671749.8516212,,1.192092824453539e-08,1.0,0.001,1,16,40x40,PrototypicalNetwork,5,5,b-59-850,TKH,False,5,4000,2,exp1_permuted_src_datasets
438,3696.716357464,0.0,1738671749.9259996,,2.5331967634656394e-08,1.0,0.001,1,16,40x40,PrototypicalNetwork,5,5,b-59-850,TKH,False,5,4000,2,exp1_permuted_src_datasets
439,3696.786817643,0.0,1738671749.9964232,,1.4901159417490817e-08,1.0,0.001,1,16,40x40,PrototypicalNetwork,5,5,b-59-850,TKH,False,5,4000,2,exp1_permuted_src_datasets
440,3696.842636486,0.0,1738671750.0522978,,1.639127589214695e-08,1.0,0.001,1,16,40x40,PrototypicalNetwork,5,5,b-59-850,TKH,False,5,4000,2,exp1_permuted_src_datasets
441,3696.900296093,0.0,1738671750.1099243,,6.854527612176753e-08,1.0,0.001,1,16,40x40,PrototypicalNetwork,5,5,b-59-850,TKH,False,5,4000,2,exp1_permuted_src_datasets
442,4228.19086972,0.0,1738672281.4006317,0.8555500004291534,,,0.001,1,16,40x40,PrototypicalNetwork,5,5,b-59-850,TKH,False,5,4000,2,exp1_permuted_src_datasets
443,4228.264533825,0.0,1738672281.4741936,,7.748599273327272e-08,1.0,0.001,1,16,40x40,PrototypicalNetwork,5,5,b-59-850,TKH,False,5,4000,2,exp1_permuted_src_datasets
444,4228.346691641,0.0,1738672281.5563366,,1.7881390590446244e-08,1.0,0.001,1,16,40x40,PrototypicalNetwork,5,5,b-59-850,TKH,False,5,4000,2,exp1_permuted_src_datasets
445,4228.422144281,0.0,1738672281.6317701,,4.470348091700771e-09,1.0,0.001,1,16,40x40,PrototypicalNetwork,5,5,b-59-850,TKH,False,5,4000,2,exp1_permuted_src_datasets
446,4228.495004441,0.0,1738672281.7047021,,1.0430811769879256e-08,1.0,0.001,1,16,40x40,PrototypicalNetwork,5,5,b-59-850,TKH,False,5,4000,2,exp1_permuted_src_datasets
447,4228.571696634,0.0,1738672281.7813046,,1.3411043831013103e-08,1.0,0.001,1,16,40x40,PrototypicalNetwork,5,5,b-59-850,TKH,False,5,4000,2,exp1_permuted_src_datasets
448,4228.664046679,0.0,1738672281.8736217,,5.960464122267695e-09,1.0,0.001,1,16,40x40,PrototypicalNetwork,5,5,b-59-850,TKH,False,5,4000,2,exp1_permuted_src_datasets
449,4228.716793975,0.0,1738672281.9264271,,5.960464122267695e-09,1.0,0.001,1,16,40x40,PrototypicalNetwork,5,5,b-59-850,TKH,False,5,4000,2,exp1_permuted_src_datasets
450,4228.823924505,0.0,1738672282.0335593,,2.384185471271394e-08,1.0,0.001,1,16,40x40,PrototypicalNetwork,5,5,b-59-850,TKH,False,5,4000,2,exp1_permuted_src_datasets
451,4228.883599336,0.0,1738672282.093272,,2.2351738238057806e-08,1.0,0.001,1,16,40x40,PrototypicalNetwork,5,5,b-59-850,TKH,False,5,4000,2,exp1_permuted_src_datasets
452,4228.970321489,0.0,1738672282.1799521,,7.4505797087454084e-09,1.0,0.001,1,16,40x40,PrototypicalNetwork,5,5,b-59-850,TKH,False,5,4000,2,exp1_permuted_src_datasets
453,4229.036072625,0.0,1738672282.2456975,,2.086162353975851e-08,1.0,0.001,1,16,40x40,PrototypicalNetwork,5,5,b-59-850,TKH,False,5,4000,2,exp1_permuted_src_datasets
454,4229.118485196,0.0,1738672282.3281305,,5.0663913953030715e-08,1.0,0.001,1,16,40x40,PrototypicalNetwork,5,5,b-59-850,TKH,False,5,4000,2,exp1_permuted_src_datasets
455,4229.182309146,0.0,1738672282.3919694,,1.3411043831013103e-08,1.0,0.001,1,16,40x40,PrototypicalNetwork,5,5,b-59-850,TKH,False,5,4000,2,exp1_permuted_src_datasets
456,4229.235366893,0.0,1738672282.4450135,,1.7881387037732566e-08,1.0,0.001,1,16,40x40,PrototypicalNetwork,5,5,b-59-850,TKH,False,5,4000,2,exp1_permuted_src_datasets
457,4229.310577112,0.0,1738672282.5202103,,5.960464122267695e-09,1.0,0.001,1,16,40x40,PrototypicalNetwork,5,5,b-59-850,TKH,False,5,4000,2,exp1_permuted_src_datasets
458,4229.386159439,0.0,1738672282.5958047,,1.7881392366803084e-08,1.0,0.001,1,16,40x40,PrototypicalNetwork,5,5,b-59-850,TKH,False,5,4000,2,exp1_permuted_src_datasets
459,4229.427370743,0.0,1738672282.6369827,,8.940696183401542e-09,1.0,0.001,1,16,40x40,PrototypicalNetwork,5,5,b-59-850,TKH,False,5,4000,2,exp1_permuted_src_datasets
460,4229.489090026,0.0,1738672282.6987405,,7.4505792646561986e-09,1.0,0.001,1,16,40x40,PrototypicalNetwork,5,5,b-59-850,TKH,False,5,4000,2,exp1_permuted_src_datasets
461,4229.556099118,0.0,1738672282.7656844,,2.980230462412692e-08,1.0,0.001,1,16,40x40,PrototypicalNetwork,5,5,b-59-850,TKH,False,5,4000,2,exp1_permuted_src_datasets
462,4229.643807589,0.0,1738672282.853394,,1.3411042054656264e-08,1.0,0.001,1,16,40x40,PrototypicalNetwork,5,5,b-59-850,TKH,False,5,4000,2,exp1_permuted_src_datasets
463,4229.708418268,0.0,1738672282.9180698,,3.129243353328093e-08,1.0,0.001,1,16,40x40,PrototypicalNetwork,5,5,b-59-850,TKH,False,5,4000,2,exp1_permuted_src_datasets
464,4229.784003184,0.0,1738672282.9936492,,2.5331967634656394e-08,1.0,0.001,1,16,40x40,PrototypicalNetwork,5,5,b-59-850,TKH,False,5,4000,2,exp1_permuted_src_datasets
465,4229.838940042,0.0,1738672283.0486102,,2.6822084109312527e-08,1.0,0.001,1,16,40x40,PrototypicalNetwork,5,5,b-59-850,TKH,False,5,4000,2,exp1_permuted_src_datasets
466,4229.898058398,0.0,1738672283.10774,,4.9173820571013493e-08,1.0,0.001,1,16,40x40,PrototypicalNetwork,5,5,b-59-850,TKH,False,5,4000,2,exp1_permuted_src_datasets
467,4229.983344639,0.0,1738672283.1929088,,8.940696183401542e-09,1.0,0.001,1,16,40x40,PrototypicalNetwork,5,5,b-59-850,TKH,False,5,4000,2,exp1_permuted_src_datasets
468,4230.072504151,0.0,1738672283.2821577,,2.6822087662026206e-08,1.0,0.001,1,16,40x40,PrototypicalNetwork,5,5,b-59-850,TKH,False,5,4000,2,exp1_permuted_src_datasets
469,4230.128642213,0.0,1738672283.3383281,,1.937150528874554e-08,1.0,0.001,1,16,40x40,PrototypicalNetwork,5,5,b-59-850,TKH,False,5,4000,2,exp1_permuted_src_datasets
470,4230.18932723,0.0,1738672283.3989882,,7.4505797087454084e-09,1.0,0.001,1,16,40x40,PrototypicalNetwork,5,5,b-59-850,TKH,False,5,4000,2,exp1_permuted_src_datasets
471,4230.250517438,0.0,1738672283.4601738,,3.4272666482593195e-08,1.0,0.001,1,16,40x40,PrototypicalNetwork,5,5,b-59-850,TKH,False,5,4000,2,exp1_permuted_src_datasets
472,4230.339213127,0.0,1738672283.5488636,,2.9802313505911115e-08,1.0,0.001,1,16,40x40,PrototypicalNetwork,5,5,b-59-850,TKH,False,5,4000,2,exp1_permuted_src_datasets
473,4230.394290868,0.0,1738672283.6038985,,3.129242642785357e-08,1.0,0.001,1,16,40x40,PrototypicalNetwork,5,5,b-59-850,TKH,False,5,4000,2,exp1_permuted_src_datasets
474,4230.474808998,0.0,1738672283.6845057,,1.9371507065102378e-08,1.0,0.001,1,16,40x40,PrototypicalNetwork,5,5,b-59-850,TKH,False,5,4000,2,exp1_permuted_src_datasets
475,4230.529960758,0.0,1738672283.7396255,,5.960464122267695e-09,1.0,0.001,1,16,40x40,PrototypicalNetwork,5,5,b-59-850,TKH,False,5,4000,2,exp1_permuted_src_datasets
476,4230.570751487,0.0,1738672283.7804363,,1.4901159417490817e-08,1.0,0.001,1,16,40x40,PrototypicalNetwork,5,5,b-59-850,TKH,False,5,4000,2,exp1_permuted_src_datasets
477,4230.635959058,0.0,1738672283.8456109,,7.4505797087454084e-09,1.0,0.001,1,16,40x40,PrototypicalNetwork,5,5,b-59-850,TKH,False,5,4000,2,exp1_permuted_src_datasets
478,4230.709634136,0.0,1738672283.9192617,,5.960463678178485e-09,1.0,0.001,1,16,40x40,PrototypicalNetwork,5,5,b-59-850,TKH,False,5,4000,2,exp1_permuted_src_datasets
479,4230.813730533,0.0,1738672284.023379,,2.235172580355993e-08,1.0,0.001,1,16,40x40,PrototypicalNetwork,5,5,b-59-850,TKH,False,5,4000,2,exp1_permuted_src_datasets
480,4230.881655434,0.0,1738672284.0846722,,1.639127411579011e-08,1.0,0.001,1,16,40x40,PrototypicalNetwork,5,5,b-59-850,TKH,False,5,4000,2,exp1_permuted_src_datasets
481,4230.939495475,0.0,1738672284.149142,,1.7881390590446244e-08,1.0,0.001,1,16,40x40,PrototypicalNetwork,5,5,b-59-850,TKH,False,5,4000,2,exp1_permuted_src_datasets
482,4230.997828303,0.0,1738672284.2074978,,2.8312189925827624e-08,1.0,0.001,1,16,40x40,PrototypicalNetwork,5,5,b-59-850,TKH,False,5,4000,2,exp1_permuted_src_datasets
483,4231.05564457,0.0,1738672284.2653208,,4.619358406898755e-08,1.0,0.001,1,16,40x40,PrototypicalNetwork,5,5,b-59-850,TKH,False,5,4000,2,exp1_permuted_src_datasets
484,4231.129549007,0.0,1738672284.3391836,,1.4901160305669237e-09,1.0,0.001,1,16,40x40,PrototypicalNetwork,5,5,b-59-850,TKH,False,5,4000,2,exp1_permuted_src_datasets
485,4231.196504289,0.0,1738672284.4061904,,1.4901159417490817e-08,1.0,0.001,1,16,40x40,PrototypicalNetwork,5,5,b-59-850,TKH,False,5,4000,2,exp1_permuted_src_datasets
486,4231.2565134,0.0,1738672284.4632423,,3.7252885221050747e-08,1.0,0.001,1,16,40x40,PrototypicalNetwork,5,5,b-59-850,TKH,False,5,4000,2,exp1_permuted_src_datasets
487,4231.357874343,0.0,1738672284.567441,,2.384185471271394e-08,1.0,0.001,1,16,40x40,PrototypicalNetwork,5,5,b-59-850,TKH,False,5,4000,2,exp1_permuted_src_datasets
488,4231.434861138,0.0,1738672284.6444821,,1.7881390590446244e-08,1.0,0.001,1,16,40x40,PrototypicalNetwork,5,5,b-59-850,TKH,False,5,4000,2,exp1_permuted_src_datasets
489,4231.514005349,0.0,1738672284.723638,,3.874300347206372e-08,1.0,0.001,1,16,40x40,PrototypicalNetwork,5,5,b-59-850,TKH,False,5,4000,2,exp1_permuted_src_datasets
490,4231.611981958,0.0,1738672284.8216019,,1.639127589214695e-08,1.0,0.001,1,16,40x40,PrototypicalNetwork,5,5,b-59-850,TKH,False,5,4000,2,exp1_permuted_src_datasets
491,4231.678887725,0.0,1738672284.888522,,5.21540464148984e-08,1.0,0.001,1,16,40x40,PrototypicalNetwork,5,5,b-59-850,TKH,False,5,4000,2,exp1_permuted_src_datasets
492,4231.761436708,0.0,1738672284.9710686,,2.2351738238057806e-08,1.0,0.001,1,16,40x40,PrototypicalNetwork,5,5,b-59-850,TKH,False,5,4000,2,exp1_permuted_src_datasets
493,4231.836593462,0.0,1738672285.0462368,,1.0430811769879256e-08,1.0,0.001,1,16,40x40,PrototypicalNetwork,5,5,b-59-850,TKH,False,5,4000,2,exp1_permuted_src_datasets
494,4231.913085437,0.0,1738672285.1227207,,2.831220058396866e-08,1.0,0.001,1,16,40x40,PrototypicalNetwork,5,5,b-59-850,TKH,False,5,4000,2,exp1_permuted_src_datasets
495,4231.975994642,0.0,1738672285.1856549,,3.4272666482593195e-08,1.0,0.001,1,16,40x40,PrototypicalNetwork,5,5,b-59-850,TKH,False,5,4000,2,exp1_permuted_src_datasets
496,4232.023522824,0.0,1738672285.2331595,,1.639127411579011e-08,1.0,0.001,1,16,40x40,PrototypicalNetwork,5,5,b-59-850,TKH,False,5,4000,2,exp1_permuted_src_datasets
497,4232.080838983,0.0,1738672285.290496,,1.192092735635697e-08,1.0,0.001,1,16,40x40,PrototypicalNetwork,5,5,b-59-850,TKH,False,5,4000,2,exp1_permuted_src_datasets
498,4232.144547551,0.0,1738672285.3541675,,2.086162353975851e-08,1.0,0.001,1,16,40x40,PrototypicalNetwork,5,5,b-59-850,TKH,False,5,4000,2,exp1_permuted_src_datasets
499,4232.223025788,0.0,1738672285.4325225,,1.192092824453539e-08,1.0,0.001,1,16,40x40,PrototypicalNetwork,5,5,b-59-850,TKH,False,5,4000,2,exp1_permuted_src_datasets
500,4232.339453109,0.0,1738672285.5491116,,1.7881388814089405e-08,1.0,0.001,1,16,40x40,PrototypicalNetwork,5,5,b-59-850,TKH,False,5,4000,2,exp1_permuted_src_datasets
501,4232.379756409,0.0,1738672285.5894194,,1.4901159417490817e-08,1.0,0.001,1,16,40x40,PrototypicalNetwork,5,5,b-59-850,TKH,False,5,4000,2,exp1_permuted_src_datasets
502,4232.445708729,0.0,1738672285.6553478,,1.192092735635697e-08,1.0,0.001,1,16,40x40,PrototypicalNetwork,5,5,b-59-850,TKH,False,5,4000,2,exp1_permuted_src_datasets
503,4232.491400273,0.0,1738672285.701073,,1.3411043831013103e-08,1.0,0.001,1,16,40x40,PrototypicalNetwork,5,5,b-59-850,TKH,False,5,4000,2,exp1_permuted_src_datasets
504,4232.531103928,0.0,1738672285.740757,,1.1324876680873786e-07,1.0,0.001,1,16,40x40,PrototypicalNetwork,5,5,b-59-850,TKH,False,5,4000,2,exp1_permuted_src_datasets
505,4754.945626562,0.0,1738672808.1118796,0.8538500018119812,,,0.001,1,16,40x40,PrototypicalNetwork,5,5,b-59-850,TKH,False,5,4000,2,exp1_permuted_src_datasets
506,4754.973689579,0.0,1738672808.183373,,5.960464122267695e-09,1.0,0.001,1,16,40x40,PrototypicalNetwork,5,5,b-59-850,TKH,False,5,4000,2,exp1_permuted_src_datasets
507,4755.082838735,0.0,1738672808.2923083,,2.5331967634656394e-08,1.0,0.001,1,16,40x40,PrototypicalNetwork,5,5,b-59-850,TKH,False,5,4000,2,exp1_permuted_src_datasets
508,4755.140928832,0.0,1738672808.3506005,,8.344642310476047e-08,1.0,0.001,1,16,40x40,PrototypicalNetwork,5,5,b-59-850,TKH,False,5,4000,2,exp1_permuted_src_datasets
509,4755.212291374,0.0,1738672808.4219499,,1.4305058471109078e-07,1.0,0.001,1,16,40x40,PrototypicalNetwork,5,5,b-59-850,TKH,False,5,4000,2,exp1_permuted_src_datasets
510,4755.260659363,0.0,1738672808.4703083,,1.192092735635697e-08,1.0,0.001,1,16,40x40,PrototypicalNetwork,5,5,b-59-850,TKH,False,5,4000,2,exp1_permuted_src_datasets
511,4755.337395603,0.0,1738672808.547006,,1.639127589214695e-08,1.0,0.001,1,16,40x40,PrototypicalNetwork,5,5,b-59-850,TKH,False,5,4000,2,exp1_permuted_src_datasets
512,4755.403556163,0.0,1738672808.613211,,1.639127411579011e-08,1.0,0.001,1,16,40x40,PrototypicalNetwork,5,5,b-59-850,TKH,False,5,4000,2,exp1_permuted_src_datasets
513,4755.49058798,0.0,1738672808.7001987,,2.6822082332955688e-08,1.0,0.001,1,16,40x40,PrototypicalNetwork,5,5,b-59-850,TKH,False,5,4000,2,exp1_permuted_src_datasets
514,4755.564510245,0.0,1738672808.7741544,,1.4901158529312397e-08,1.0,0.001,1,16,40x40,PrototypicalNetwork,5,5,b-59-850,TKH,False,5,4000,2,exp1_permuted_src_datasets
515,4755.635489475,0.0,1738672808.845116,,2.2351740014414645e-08,1.0,0.001,1,16,40x40,PrototypicalNetwork,5,5,b-59-850,TKH,False,5,4000,2,exp1_permuted_src_datasets
516,4755.680271093,0.0,1738672808.8899248,,1.3411042054656264e-08,1.0,0.001,1,16,40x40,PrototypicalNetwork,5,5,b-59-850,TKH,False,5,4000,2,exp1_permuted_src_datasets
517,4755.7226884,0.0,1738672808.9323747,,2.682207878024201e-08,1.0,0.001,1,16,40x40,PrototypicalNetwork,5,5,b-59-850,TKH,False,5,4000,2,exp1_permuted_src_datasets
518,4755.775948004,0.0,1738672808.9855595,,1.9371507065102378e-08,1.0,0.001,1,16,40x40,PrototypicalNetwork,5,5,b-59-850,TKH,False,5,4000,2,exp1_permuted_src_datasets
519,4755.859209588,0.0,1738672809.0688868,,8.940696183401542e-09,1.0,0.001,1,16,40x40,PrototypicalNetwork,5,5,b-59-850,TKH,False,5,4000,2,exp1_permuted_src_datasets
520,4755.91080011,0.0,1738672809.1204565,,4.470348091700771e-09,1.0,0.001,1,16,40x40,PrototypicalNetwork,5,5,b-59-850,TKH,False,5,4000,2,exp1_permuted_src_datasets
521,4755.970194775,0.0,1738672809.1798487,,1.4901158529312397e-08,1.0,0.001,1,16,40x40,PrototypicalNetwork,5,5,b-59-850,TKH,False,5,4000,2,exp1_permuted_src_datasets
522,4756.021560578,0.0,1738672809.2200553,,3.8743014130204756e-08,1.0,0.001,1,16,40x40,PrototypicalNetwork,5,5,b-59-850,TKH,False,5,4000,2,exp1_permuted_src_datasets
523,4756.049656011,0.0,1738672809.259296,,1.4901159417490817e-08,1.0,0.001,1,16,40x40,PrototypicalNetwork,5,5,b-59-850,TKH,False,5,4000,2,exp1_permuted_src_datasets
524,4756.127384139,0.0,1738672809.3370078,,2.2351738238057806e-08,1.0,0.001,1,16,40x40,PrototypicalNetwork,5,5,b-59-850,TKH,False,5,4000,2,exp1_permuted_src_datasets
525,4756.223246298,0.0,1738672809.432927,,1.9371507065102378e-08,1.0,0.001,1,16,40x40,PrototypicalNetwork,5,5,b-59-850,TKH,False,5,4000,2,exp1_permuted_src_datasets
526,4756.297945322,0.0,1738672809.5075302,,2.2351740014414645e-08,1.0,0.001,1,16,40x40,PrototypicalNetwork,5,5,b-59-850,TKH,False,5,4000,2,exp1_permuted_src_datasets
527,4756.370500291,0.0,1738672809.5801504,,1.4901159417490817e-08,1.0,0.001,1,16,40x40,PrototypicalNetwork,5,5,b-59-850,TKH,False,5,4000,2,exp1_permuted_src_datasets
528,4756.453023303,0.0,1738672809.6626558,,3.278254467886654e-08,1.0,0.001,1,16,40x40,PrototypicalNetwork,5,5,b-59-850,TKH,False,5,4000,2,exp1_permuted_src_datasets
529,4756.531107416,0.0,1738672809.740765,,1.7881390590446244e-08,1.0,0.001,1,16,40x40,PrototypicalNetwork,5,5,b-59-850,TKH,False,5,4000,2,exp1_permuted_src_datasets
530,4756.636490261,0.0,1738672809.8460405,,1.192092824453539e-08,1.0,0.001,1,16,40x40,PrototypicalNetwork,5,5,b-59-850,TKH,False,5,4000,2,exp1_permuted_src_datasets
531,4756.708895762,0.0,1738672809.9185526,,1.0430810881700836e-08,1.0,0.001,1,16,40x40,PrototypicalNetwork,5,5,b-59-850,TKH,False,5,4000,2,exp1_permuted_src_datasets
532,4756.799893091,0.0,1738672810.009529,,2.682207878024201e-08,1.0,0.001,1,16,40x40,PrototypicalNetwork,5,5,b-59-850,TKH,False,5,4000,2,exp1_permuted_src_datasets
533,4756.880949772,0.0,1738672810.0906134,,2.9802317058624794e-08,1.0,0.001,1,16,40x40,PrototypicalNetwork,5,5,b-59-850,TKH,False,5,4000,2,exp1_permuted_src_datasets
534,4756.964648037,0.0,1738672810.174281,,1.7881390590446244e-08,1.0,0.001,1,16,40x40,PrototypicalNetwork,5,5,b-59-850,TKH,False,5,4000,2,exp1_permuted_src_datasets
535,4757.059972806,0.0,1738672810.2695732,,1.639127589214695e-08,1.0,0.001,1,16,40x40,PrototypicalNetwork,5,5,b-59-850,TKH,False,5,4000,2,exp1_permuted_src_datasets
536,4757.148403566,0.0,1738672810.3580294,,7.4505797087454084e-09,1.0,0.001,1,16,40x40,PrototypicalNetwork,5,5,b-59-850,TKH,False,5,4000,2,exp1_permuted_src_datasets
537,4757.254850364,0.0,1738672810.4645066,,7.4505797087454084e-09,1.0,0.001,1,16,40x40,PrototypicalNetwork,5,5,b-59-850,TKH,False,5,4000,2,exp1_permuted_src_datasets
538,4757.340265379,0.0,1738672810.5499024,,1.7881392366803084e-08,1.0,0.001,1,16,40x40,PrototypicalNetwork,5,5,b-59-850,TKH,False,5,4000,2,exp1_permuted_src_datasets
539,4757.431284972,0.0,1738672810.640936,,2.831220058396866e-08,1.0,0.001,1,16,40x40,PrototypicalNetwork,5,5,b-59-850,TKH,False,5,4000,2,exp1_permuted_src_datasets
540,4757.503923195,0.0,1738672810.7135656,,4.470348091700771e-09,1.0,0.001,1,16,40x40,PrototypicalNetwork,5,5,b-59-850,TKH,False,5,4000,2,exp1_permuted_src_datasets
541,4757.574309685,0.0,1738672810.7839515,,2.9802320611338473e-09,1.0,0.001,1,16,40x40,PrototypicalNetwork,5,5,b-59-850,TKH,False,5,4000,2,exp1_permuted_src_datasets
542,4757.641251873,0.0,1738672810.8508496,,1.639127411579011e-08,1.0,0.001,1,16,40x40,PrototypicalNetwork,5,5,b-59-850,TKH,False,5,4000,2,exp1_permuted_src_datasets
543,4757.712446144,0.0,1738672810.922082,,3.576277052275145e-08,1.0,0.001,1,16,40x40,PrototypicalNetwork,5,5,b-59-850,TKH,False,5,4000,2,exp1_permuted_src_datasets
544,4757.781185656,0.0,1738672810.990842,,2.384185471271394e-08,1.0,0.001,1,16,40x40,PrototypicalNetwork,5,5,b-59-850,TKH,False,5,4000,2,exp1_permuted_src_datasets
545,4757.863065291,0.0,1738672811.0727022,,1.7881392366803084e-08,1.0,0.001,1,16,40x40,PrototypicalNetwork,5,5,b-59-850,TKH,False,5,4000,2,exp1_permuted_src_datasets
546,4757.915205911,0.0,1738672811.124877,,2.38418529363571e-08,1.0,0.001,1,16,40x40,PrototypicalNetwork,5,5,b-59-850,TKH,False,5,4000,2,exp1_permuted_src_datasets
547,4757.969163387,0.0,1738672811.178807,,5.960464122267695e-09,1.0,0.001,1,16,40x40,PrototypicalNetwork,5,5,b-59-850,TKH,False,5,4000,2,exp1_permuted_src_datasets
548,4758.026883865,0.0,1738672811.2365313,,1.639127411579011e-08,1.0,0.001,1,16,40x40,PrototypicalNetwork,5,5,b-59-850,TKH,False,5,4000,2,exp1_permuted_src_datasets
549,4758.076364595,0.0,1738672811.2860181,,5.960464122267695e-09,1.0,0.001,1,16,40x40,PrototypicalNetwork,5,5,b-59-850,TKH,False,5,4000,2,exp1_permuted_src_datasets
550,4758.173934309,0.0,1738672811.3835664,,4.470348091700771e-09,1.0,0.001,1,16,40x40,PrototypicalNetwork,5,5,b-59-850,TKH,False,5,4000,2,exp1_permuted_src_datasets
551,4758.225992668,0.0,1738672811.4356313,,4.470348091700771e-09,1.0,0.001,1,16,40x40,PrototypicalNetwork,5,5,b-59-850,TKH,False,5,4000,2,exp1_permuted_src_datasets
552,4758.310179764,0.0,1738672811.51984,,6.258483153942507e-08,1.0,0.001,1,16,40x40,PrototypicalNetwork,5,5,b-59-850,TKH,False,5,4000,2,exp1_permuted_src_datasets
553,4758.386982645,0.0,1738672811.59663,,1.192092735635697e-08,1.0,0.001,1,16,40x40,PrototypicalNetwork,5,5,b-59-850,TKH,False,5,4000,2,exp1_permuted_src_datasets
554,4758.458195576,0.0,1738672811.6678338,,2.086162353975851e-08,1.0,0.001,1,16,40x40,PrototypicalNetwork,5,5,b-59-850,TKH,False,5,4000,2,exp1_permuted_src_datasets
555,4758.518991119,0.0,1738672811.7286859,,1.0430811769879256e-08,1.0,0.001,1,16,40x40,PrototypicalNetwork,5,5,b-59-850,TKH,False,5,4000,2,exp1_permuted_src_datasets
556,4758.559353647,0.0,1738672811.769017,,1.0430811769879256e-08,1.0,0.001,1,16,40x40,PrototypicalNetwork,5,5,b-59-850,TKH,False,5,4000,2,exp1_permuted_src_datasets
557,4758.65458861,0.0,1738672811.864175,,2.086162353975851e-08,1.0,0.001,1,16,40x40,PrototypicalNetwork,5,5,b-59-850,TKH,False,5,4000,2,exp1_permuted_src_datasets
558,4758.752659185,0.0,1738672811.9622538,,1.0430811769879256e-08,1.0,0.001,1,16,40x40,PrototypicalNetwork,5,5,b-59-850,TKH,False,5,4000,2,exp1_permuted_src_datasets
559,4758.844776143,0.0,1738672812.0544086,,4.172323286866231e-08,1.0,0.001,1,16,40x40,PrototypicalNetwork,5,5,b-59-850,TKH,False,5,4000,2,exp1_permuted_src_datasets
560,4758.915040817,0.0,1738672812.1246648,,1.0430811769879256e-08,1.0,0.001,1,16,40x40,PrototypicalNetwork,5,5,b-59-850,TKH,False,5,4000,2,exp1_permuted_src_datasets
561,4758.962200627,0.0,1738672812.1718721,,7.4505797087454084e-09,1.0,0.001,1,16,40x40,PrototypicalNetwork,5,5,b-59-850,TKH,False,5,4000,2,exp1_permuted_src_datasets
562,4759.020826526,0.0,1738672812.2304647,,4.470348091700771e-09,1.0,0.001,1,16,40x40,PrototypicalNetwork,5,5,b-59-850,TKH,False,5,4000,2,exp1_permuted_src_datasets
563,4759.130051473,0.0,1738672812.3396857,,8.940696183401542e-09,1.0,0.001,1,16,40x40,PrototypicalNetwork,5,5,b-59-850,TKH,False,5,4000,2,exp1_permuted_src_datasets
564,4759.189577122,0.0,1738672812.399206,,8.940696183401542e-09,1.0,0.001,1,16,40x40,PrototypicalNetwork,5,5,b-59-850,TKH,False,5,4000,2,exp1_permuted_src_datasets
565,4759.252947475,0.0,1738672812.4625714,,1.937150173603186e-08,1.0,0.001,1,16,40x40,PrototypicalNetwork,5,5,b-59-850,TKH,False,5,4000,2,exp1_permuted_src_datasets
566,4759.335496581,0.0,1738672812.5451438,,1.4901159417490817e-08,1.0,0.001,1,16,40x40,PrototypicalNetwork,5,5,b-59-850,TKH,False,5,4000,2,exp1_permuted_src_datasets
567,4759.419402185,0.0,1738672812.6290355,,2.2351738238057806e-08,1.0,0.001,1,16,40x40,PrototypicalNetwork,5,5,b-59-850,TKH,False,5,4000,2,exp1_permuted_src_datasets
568,5295.129634977,0.0,1738673348.2988374,0.8555500004291534,,,0.001,1,16,40x40,PrototypicalNetwork,5,5,b-59-850,TKH,False,5,4000,2,exp1_permuted_src_datasets
569,5295.129684669,0.0,1738673348.3327765,,1.4901159417490817e-08,1.0,0.001,1,16,40x40,PrototypicalNetwork,5,5,b-59-850,TKH,False,5,4000,2,exp1_permuted_src_datasets
570,5295.167568709,0.0,1738673348.3772714,,7.4505797087454084e-09,1.0,0.001,1,16,40x40,PrototypicalNetwork,5,5,b-59-850,TKH,False,5,4000,2,exp1_permuted_src_datasets
571,5295.244588218,0.0,1738673348.4541483,,1.4901160305669237e-09,1.0,0.001,1,16,40x40,PrototypicalNetwork,5,5,b-59-850,TKH,False,5,4000,2,exp1_permuted_src_datasets
572,5295.297891469,0.0,1738673348.5075533,,4.470348091700771e-09,1.0,0.001,1,16,40x40,PrototypicalNetwork,5,5,b-59-850,TKH,False,5,4000,2,exp1_permuted_src_datasets
573,5295.37830767,0.0,1738673348.5879865,,1.0430811769879256e-08,1.0,0.001,1,16,40x40,PrototypicalNetwork,5,5,b-59-850,TKH,False,5,4000,2,exp1_permuted_src_datasets
574,5295.439045762,0.0,1738673348.6486886,,4.4703465817974575e-08,1.0,0.001,1,16,40x40,PrototypicalNetwork,5,5,b-59-850,TKH,False,5,4000,2,exp1_permuted_src_datasets
575,5295.503794993,0.0,1738673348.7134442,,5.0663913953030715e-08,1.0,0.001,1,16,40x40,PrototypicalNetwork,5,5,b-59-850,TKH,False,5,4000,2,exp1_permuted_src_datasets
576,5295.599517296,0.0,1738673348.8091142,,2.2351738238057806e-08,1.0,0.001,1,16,40x40,PrototypicalNetwork,5,5,b-59-850,TKH,False,5,4000,2,exp1_permuted_src_datasets
577,5295.672468512,0.0,1738673348.882116,,8.940696183401542e-09,1.0,0.001,1,16,40x40,PrototypicalNetwork,5,5,b-59-850,TKH,False,5,4000,2,exp1_permuted_src_datasets
578,5295.752688666,0.0,1738673348.9623015,,4.470348091700771e-09,1.0,0.001,1,16,40x40,PrototypicalNetwork,5,5,b-59-850,TKH,False,5,4000,2,exp1_permuted_src_datasets
579,5295.850872556,0.0,1738673349.0605676,,7.4505797087454084e-09,1.0,0.001,1,16,40x40,PrototypicalNetwork,5,5,b-59-850,TKH,False,5,4000,2,exp1_permuted_src_datasets
580,5295.919277997,0.0,1738673349.128917,,2.2351738238057806e-08,1.0,0.001,1,16,40x40,PrototypicalNetwork,5,5,b-59-850,TKH,False,5,4000,2,exp1_permuted_src_datasets
581,5295.995402353,0.0,1738673349.2049906,,8.940696183401542e-09,1.0,0.001,1,16,40x40,PrototypicalNetwork,5,5,b-59-850,TKH,False,5,4000,2,exp1_permuted_src_datasets
582,5296.055297309,0.0,1738673349.2649481,,1.3411042054656264e-08,1.0,0.001,1,16,40x40,PrototypicalNetwork,5,5,b-59-850,TKH,False,5,4000,2,exp1_permuted_src_datasets
583,5296.147255268,0.0,1738673349.35686,,1.4901158529312397e-08,1.0,0.001,1,16,40x40,PrototypicalNetwork,5,5,b-59-850,TKH,False,5,4000,2,exp1_permuted_src_datasets
584,5296.205554203,0.0,1738673349.4152174,,8.940696183401542e-09,1.0,0.001,1,16,40x40,PrototypicalNetwork,5,5,b-59-850,TKH,False,5,4000,2,exp1_permuted_src_datasets
585,5296.281452546,0.0,1738673349.4910998,,1.4901159417490817e-08,1.0,0.001,1,16,40x40,PrototypicalNetwork,5,5,b-59-850,TKH,False,5,4000,2,exp1_permuted_src_datasets
586,5296.375125491,0.0,1738673349.5847008,,2.9802320611338473e-09,1.0,0.001,1,16,40x40,PrototypicalNetwork,5,5,b-59-850,TKH,False,5,4000,2,exp1_permuted_src_datasets
587,5296.465948796,0.0,1738673349.67559,,1.9371507065102378e-08,1.0,0.001,1,16,40x40,PrototypicalNetwork,5,5,b-59-850,TKH,False,5,4000,2,exp1_permuted_src_datasets
588,5296.542286579,0.0,1738673349.751928,,2.2351738238057806e-08,1.0,0.001,1,16,40x40,PrototypicalNetwork,5,5,b-59-850,TKH,False,5,4000,2,exp1_permuted_src_datasets
589,5296.636421329,0.0,1738673349.8460488,,2.086162353975851e-08,1.0,0.001,1,16,40x40,PrototypicalNetwork,5,5,b-59-850,TKH,False,5,4000,2,exp1_permuted_src_datasets
590,5296.707185807,0.0,1738673349.9168,,1.3858053193871456e-07,1.0,0.001,1,16,40x40,PrototypicalNetwork,5,5,b-59-850,TKH,False,5,4000,2,exp1_permuted_src_datasets
591,5296.765235329,0.0,1738673349.9748635,,1.7881392366803084e-08,1.0,0.001,1,16,40x40,PrototypicalNetwork,5,5,b-59-850,TKH,False,5,4000,2,exp1_permuted_src_datasets
592,5296.866212334,0.0,1738673350.0758758,,7.4505792646561986e-09,1.0,0.001,1,16,40x40,PrototypicalNetwork,5,5,b-59-850,TKH,False,5,4000,2,exp1_permuted_src_datasets
593,5296.954896754,0.0,1738673350.164517,,1.4901159417490817e-08,1.0,0.001,1,16,40x40,PrototypicalNetwork,5,5,b-59-850,TKH,False,5,4000,2,exp1_permuted_src_datasets
594,5297.014693367,0.0,1738673350.2243307,,7.4505797087454084e-09,1.0,0.001,1,16,40x40,PrototypicalNetwork,5,5,b-59-850,TKH,False,5,4000,2,exp1_permuted_src_datasets
595,5297.101599792,0.0,1738673350.3111806,,1.0430811769879256e-08,1.0,0.001,1,16,40x40,PrototypicalNetwork,5,5,b-59-850,TKH,False,5,4000,2,exp1_permuted_src_datasets
596,5297.18545396,0.0,1738673350.3951058,,2.9802320611338473e-09,1.0,0.001,1,16,40x40,PrototypicalNetwork,5,5,b-59-850,TKH,False,5,4000,2,exp1_permuted_src_datasets
597,5297.233935019,0.0,1738673350.4435873,,4.9173813465586136e-08,1.0,0.001,1,16,40x40,PrototypicalNetwork,5,5,b-59-850,TKH,False,5,4000,2,exp1_permuted_src_datasets
598,5297.303931739,0.0,1738673350.5135763,,2.2351738238057806e-08,1.0,0.001,1,16,40x40,PrototypicalNetwork,5,5,b-59-850,TKH,False,5,4000,2,exp1_permuted_src_datasets
599,5297.37858001,0.0,1738673350.5881906,,8.940695295223122e-09,1.0,0.001,1,16,40x40,PrototypicalNetwork,5,5,b-59-850,TKH,False,5,4000,2,exp1_permuted_src_datasets
600,5297.451619374,0.0,1738673350.6612785,,2.2351738238057806e-08,1.0,0.001,1,16,40x40,PrototypicalNetwork,5,5,b-59-850,TKH,False,5,4000,2,exp1_permuted_src_datasets
601,5297.522440522,0.0,1738673350.7320385,,3.874300347206372e-08,1.0,0.001,1,16,40x40,PrototypicalNetwork,5,5,b-59-850,TKH,False,5,4000,2,exp1_permuted_src_datasets
602,5297.569354839,0.0,1738673350.7789953,,4.619355209456444e-08,1.0,0.001,1,16,40x40,PrototypicalNetwork,5,5,b-59-850,TKH,False,5,4000,2,exp1_permuted_src_datasets
603,5297.637127431,0.0,1738673350.8467705,,3.576278118089249e-08,1.0,0.001,1,16,40x40,PrototypicalNetwork,5,5,b-59-850,TKH,False,5,4000,2,exp1_permuted_src_datasets
604,5297.724798846,0.0,1738673350.9344316,,2.831220413668234e-08,1.0,0.001,1,16,40x40,PrototypicalNetwork,5,5,b-59-850,TKH,False,5,4000,2,exp1_permuted_src_datasets
605,5297.784617278,0.0,1738673350.9942627,,2.9802308176840597e-08,1.0,0.001,1,16,40x40,PrototypicalNetwork,5,5,b-59-850,TKH,False,5,4000,2,exp1_permuted_src_datasets
606,5297.848135597,0.0,1738673351.0578294,,1.7881355063309456e-07,1.0,0.001,1,16,40x40,PrototypicalNetwork,5,5,b-59-850,TKH,False,5,4000,2,exp1_permuted_src_datasets
607,5297.92116114,0.0,1738673351.1308033,,2.384185471271394e-08,1.0,0.001,1,16,40x40,PrototypicalNetwork,5,5,b-59-850,TKH,False,5,4000,2,exp1_permuted_src_datasets
608,5297.996945857,0.0,1738673351.2065735,,7.4505797087454084e-09,1.0,0.001,1,16,40x40,PrototypicalNetwork,5,5,b-59-850,TKH,False,5,4000,2,exp1_permuted_src_datasets
609,5298.051863237,0.0,1738673351.2615101,,2.831220058396866e-08,1.0,0.001,1,16,40x40,PrototypicalNetwork,5,5,b-59-850,TKH,False,5,4000,2,exp1_permuted_src_datasets
610,5298.156688155,0.0,1738673351.366283,,2.38418529363571e-08,1.0,0.001,1,16,40x40,PrototypicalNetwork,5,5,b-59-850,TKH,False,5,4000,2,exp1_permuted_src_datasets
611,5298.260157601,0.0,1738673351.4697385,,1.4752123433936504e-07,1.0,0.001,1,16,40x40,PrototypicalNetwork,5,5,b-59-850,TKH,False,5,4000,2,exp1_permuted_src_datasets
612,5298.336992614,0.0,1738673351.546641,,4.470348091700771e-09,1.0,0.001,1,16,40x40,PrototypicalNetwork,5,5,b-59-850,TKH,False,5,4000,2,exp1_permuted_src_datasets
613,5298.400108108,0.0,1738673351.6097636,,1.0430810881700836e-08,1.0,0.001,1,16,40x40,PrototypicalNetwork,5,5,b-59-850,TKH,False,5,4000,2,exp1_permuted_src_datasets
614,5298.473964005,0.0,1738673351.6836128,,2.2351738238057806e-08,1.0,0.001,1,16,40x40,PrototypicalNetwork,5,5,b-59-850,TKH,False,5,4000,2,exp1_permuted_src_datasets
615,5298.555088811,0.0,1738673351.7647362,,5.960464122267695e-09,1.0,0.001,1,16,40x40,PrototypicalNetwork,5,5,b-59-850,TKH,False,5,4000,2,exp1_permuted_src_datasets
616,5298.630450529,0.0,1738673351.839918,,7.15254913075114e-08,1.0,0.001,1,16,40x40,PrototypicalNetwork,5,5,b-59-850,TKH,False,5,4000,2,exp1_permuted_src_datasets
617,5298.695049591,0.0,1738673351.9047117,,8.940696183401542e-09,1.0,0.001,1,16,40x40,PrototypicalNetwork,5,5,b-59-850,TKH,False,5,4000,2,exp1_permuted_src_datasets
618,5298.758829049,0.0,1738673351.9684827,,1.4901158529312397e-08,1.0,0.001,1,16,40x40,PrototypicalNetwork,5,5,b-59-850,TKH,False,5,4000,2,exp1_permuted_src_datasets
619,5298.855996792,0.0,1738673352.0656345,,2.086162353975851e-08,1.0,0.001,1,16,40x40,PrototypicalNetwork,5,5,b-59-850,TKH,False,5,4000,2,exp1_permuted_src_datasets
620,5298.923084067,0.0,1738673352.1327085,,1.2069892818544758e-07,1.0,0.001,1,16,40x40,PrototypicalNetwork,5,5,b-59-850,TKH,False,5,4000,2,exp1_permuted_src_datasets
621,5298.983488751,0.0,1738673352.1931617,,5.960464122267695e-09,1.0,0.001,1,16,40x40,PrototypicalNetwork,5,5,b-59-850,TKH,False,5,4000,2,exp1_permuted_src_datasets
622,5299.025437298,0.0,1738673352.235037,,2.5331967634656394e-08,1.0,0.001,1,16,40x40,PrototypicalNetwork,5,5,b-59-850,TKH,False,5,4000,2,exp1_permuted_src_datasets
623,5299.082684726,0.0,1738673352.29233,,1.0430811769879256e-08,1.0,0.001,1,16,40x40,PrototypicalNetwork,5,5,b-59-850,TKH,False,5,4000,2,exp1_permuted_src_datasets
624,5299.164272264,0.0,1738673352.3739684,,8.940696183401542e-09,1.0,0.001,1,16,40x40,PrototypicalNetwork,5,5,b-59-850,TKH,False,5,4000,2,exp1_permuted_src_datasets
625,5299.247335913,0.0,1738673352.456976,,5.0663913953030715e-08,1.0,0.001,1,16,40x40,PrototypicalNetwork,5,5,b-59-850,TKH,False,5,4000,2,exp1_permuted_src_datasets
626,5299.324332629,0.0,1738673352.5339801,,7.4505797087454084e-09,1.0,0.001,1,16,40x40,PrototypicalNetwork,5,5,b-59-850,TKH,False,5,4000,2,exp1_permuted_src_datasets
627,5299.385577856,0.0,1738673352.595155,,1.0430811769879256e-08,1.0,0.001,1,16,40x40,PrototypicalNetwork,5,5,b-59-850,TKH,False,5,4000,2,exp1_permuted_src_datasets
628,5299.446898257,0.0,1738673352.6565137,,1.3411042054656264e-08,1.0,0.001,1,16,40x40,PrototypicalNetwork,5,5,b-59-850,TKH,False,5,4000,2,exp1_permuted_src_datasets
629,5299.500327423,0.0,1738673352.7099833,,8.940696183401542e-09,1.0,0.001,1,16,40x40,PrototypicalNetwork,5,5,b-59-850,TKH,False,5,4000,2,exp1_permuted_src_datasets
630,5299.543666483,0.0,1738673352.7533045,,1.3411042054656264e-08,1.0,0.001,1,16,40x40,PrototypicalNetwork,5,5,b-59-850,TKH,False,5,4000,2,exp1_permuted_src_datasets
631,5821.850771192,0.0,1738673875.0605643,0.8566999976634979,,,0.001,1,16,40x40,PrototypicalNetwork,5,5,b-59-850,TKH,False,5,4000,2,exp1_permuted_src_datasets
632,5821.851658573,1.0,1738673875.0614824,,,,0.001,1,16,40x40,PrototypicalNetwork,5,5,b-59-850,TKH,False,5,4000,2,exp1_permuted_src_datasets
633,6341.817608298,1.0,1738674394.9872677,0.8578500001430511,,,0.001,1,16,40x40,PrototypicalNetwork,5,5,b-59-850,TKH,False,5,4000,2,exp1_permuted_src_datasets
634,6341.846012545,1.0,1738674395.0556655,,0.0007802245090715587,1.0,0.001,1,16,40x40,PrototypicalNetwork,5,5,b-59-850,TKH,False,5,4000,2,exp1_permuted_src_datasets
635,6341.921809569,1.0,1738674395.131474,,0.0003324726421851665,1.0,0.001,1,16,40x40,PrototypicalNetwork,5,5,b-59-850,TKH,False,5,4000,2,exp1_permuted_src_datasets
636,6341.96406713,1.0,1738674395.17375,,9.010720532387495e-05,1.0,0.001,1,16,40x40,PrototypicalNetwork,5,5,b-59-850,TKH,False,5,4000,2,exp1_permuted_src_datasets
637,6342.056498309,1.0,1738674395.2661426,,5.0846185331465676e-05,1.0,0.001,1,16,40x40,PrototypicalNetwork,5,5,b-59-850,TKH,False,5,4000,2,exp1_permuted_src_datasets
638,6342.165701249,1.0,1738674395.375325,,1.851362867455464e-05,1.0,0.001,1,16,40x40,PrototypicalNetwork,5,5,b-59-850,TKH,False,5,4000,2,exp1_permuted_src_datasets
639,6342.233701855,1.0,1738674395.4433396,,1.6531517758267e-05,1.0,0.001,1,16,40x40,PrototypicalNetwork,5,5,b-59-850,TKH,False,5,4000,2,exp1_permuted_src_datasets
640,6342.293701091,1.0,1738674395.5033321,,9.613951078790706e-06,1.0,0.001,1,16,40x40,PrototypicalNetwork,5,5,b-59-850,TKH,False,5,4000,2,exp1_permuted_src_datasets
641,6342.343329093,1.0,1738674395.5529873,,5.838126980961533e-06,1.0,0.001,1,16,40x40,PrototypicalNetwork,5,5,b-59-850,TKH,False,5,4000,2,exp1_permuted_src_datasets
642,6342.394978935,1.0,1738674395.6046584,,3.753499186132103e-06,1.0,0.001,1,16,40x40,PrototypicalNetwork,5,5,b-59-850,TKH,False,5,4000,2,exp1_permuted_src_datasets
643,6342.451467618,1.0,1738674395.6611059,,2.494396539987065e-06,1.0,0.001,1,16,40x40,PrototypicalNetwork,5,5,b-59-850,TKH,False,5,4000,2,exp1_permuted_src_datasets
644,6342.546001039,1.0,1738674395.7556822,,1.5199091194517678e-06,1.0,0.001,1,16,40x40,PrototypicalNetwork,5,5,b-59-850,TKH,False,5,4000,2,exp1_permuted_src_datasets
645,6342.622159593,1.0,1738674395.831791,,2.3245540887728566e-06,1.0,0.001,1,16,40x40,PrototypicalNetwork,5,5,b-59-850,TKH,False,5,4000,2,exp1_permuted_src_datasets
646,6342.706441907,1.0,1738674395.9160693,,1.633153601687809e-06,1.0,0.001,1,16,40x40,PrototypicalNetwork,5,5,b-59-850,TKH,False,5,4000,2,exp1_permuted_src_datasets
647,6342.765404491,1.0,1738674395.9750392,,1.2442404795365292e-06,1.0,0.001,1,16,40x40,PrototypicalNetwork,5,5,b-59-850,TKH,False,5,4000,2,exp1_permuted_src_datasets
648,6342.832620983,1.0,1738674396.0422676,,8.359508001376525e-07,1.0,0.001,1,16,40x40,PrototypicalNetwork,5,5,b-59-850,TKH,False,5,4000,2,exp1_permuted_src_datasets
649,6342.924008794,1.0,1738674396.1334753,,9.730333658808377e-07,1.0,0.001,1,16,40x40,PrototypicalNetwork,5,5,b-59-850,TKH,False,5,4000,2,exp1_permuted_src_datasets
650,6343.012221613,1.0,1738674396.2218635,,2.5331945607831585e-07,1.0,0.001,1,16,40x40,PrototypicalNetwork,5,5,b-59-850,TKH,False,5,4000,2,exp1_permuted_src_datasets
651,6343.094906819,1.0,1738674396.3045673,,1.28148531075567e-06,1.0,0.001,1,16,40x40,PrototypicalNetwork,5,5,b-59-850,TKH,False,5,4000,2,exp1_permuted_src_datasets
652,6343.142302645,1.0,1738674396.3519568,,2.86101794699789e-07,1.0,0.001,1,16,40x40,PrototypicalNetwork,5,5,b-59-850,TKH,False,5,4000,2,exp1_permuted_src_datasets
653,6343.203308537,1.0,1738674396.412968,,5.215389364821021e-07,1.0,0.001,1,16,40x40,PrototypicalNetwork,5,5,b-59-850,TKH,False,5,4000,2,exp1_permuted_src_datasets
654,6343.248383552,1.0,1738674396.4580455,,2.1606642519600427e-07,1.0,0.001,1,16,40x40,PrototypicalNetwork,5,5,b-59-850,TKH,False,5,4000,2,exp1_permuted_src_datasets
655,6343.288214547,1.0,1738674396.4978747,,9.387728994170175e-08,1.0,0.001,1,16,40x40,PrototypicalNetwork,5,5,b-59-850,TKH,False,5,4000,2,exp1_permuted_src_datasets
656,6343.357391167,1.0,1738674396.5670278,,7.688929031246516e-07,1.0,0.001,1,16,40x40,PrototypicalNetwork,5,5,b-59-850,TKH,False,5,4000,2,exp1_permuted_src_datasets
657,6343.431602973,1.0,1738674396.6412463,,1.20102276923717e-06,1.0,0.001,1,16,40x40,PrototypicalNetwork,5,5,b-59-850,TKH,False,5,4000,2,exp1_permuted_src_datasets
658,6343.49631838,1.0,1738674396.705955,,6.422371825465234e-07,1.0,0.001,1,16,40x40,PrototypicalNetwork,5,5,b-59-850,TKH,False,5,4000,2,exp1_permuted_src_datasets
659,6343.581929156,1.0,1738674396.791514,,7.748540156171657e-07,1.0,0.001,1,16,40x40,PrototypicalNetwork,5,5,b-59-850,TKH,False,5,4000,2,exp1_permuted_src_datasets
660,6343.674008056,1.0,1738674396.8836513,,5.513377345778281e-07,1.0,0.001,1,16,40x40,PrototypicalNetwork,5,5,b-59-850,TKH,False,5,4000,2,exp1_permuted_src_datasets
661,6343.738668981,1.0,1738674396.9483097,,2.607696956147265e-07,1.0,0.001,1,16,40x40,PrototypicalNetwork,5,5,b-59-850,TKH,False,5,4000,2,exp1_permuted_src_datasets
662,6343.785650603,1.0,1738674396.9953115,,6.973677955102175e-07,1.0,0.001,1,16,40x40,PrototypicalNetwork,5,5,b-59-850,TKH,False,5,4000,2,exp1_permuted_src_datasets
663,6343.853438118,1.0,1738674397.063043,,1.4930390079825884e-06,1.0,0.001,1,16,40x40,PrototypicalNetwork,5,5,b-59-850,TKH,False,5,4000,2,exp1_permuted_src_datasets
664,6343.933943332,1.0,1738674397.1435788,,2.1457626075971348e-07,1.0,0.001,1,16,40x40,PrototypicalNetwork,5,5,b-59-850,TKH,False,5,4000,2,exp1_permuted_src_datasets
665,6344.023156878,1.0,1738674397.2327511,,3.6507634604276973e-07,1.0,0.001,1,16,40x40,PrototypicalNetwork,5,5,b-59-850,TKH,False,5,4000,2,exp1_permuted_src_datasets
666,6344.10295932,1.0,1738674397.312624,,2.1755666068656865e-07,1.0,0.001,1,16,40x40,PrototypicalNetwork,5,5,b-59-850,TKH,False,5,4000,2,exp1_permuted_src_datasets
667,6344.156351289,1.0,1738674397.3660219,,1.3709056645438977e-07,1.0,0.001,1,16,40x40,PrototypicalNetwork,5,5,b-59-850,TKH,False,5,4000,2,exp1_permuted_src_datasets
668,6344.234332629,1.0,1738674397.443977,,1.7285330500271812e-07,1.0,0.001,1,16,40x40,PrototypicalNetwork,5,5,b-59-850,TKH,False,5,4000,2,exp1_permuted_src_datasets
669,6344.314597961,1.0,1738674397.5242648,,2.399077061454591e-07,1.0,0.001,1,16,40x40,PrototypicalNetwork,5,5,b-59-850,TKH,False,5,4000,2,exp1_permuted_src_datasets
670,6344.389080657,1.0,1738674397.5987294,,1.0877838718670318e-07,1.0,0.001,1,16,40x40,PrototypicalNetwork,5,5,b-59-850,TKH,False,5,4000,2,exp1_permuted_src_datasets
671,6344.475133521,1.0,1738674397.684774,,7.897612164242673e-08,1.0,0.001,1,16,40x40,PrototypicalNetwork,5,5,b-59-850,TKH,False,5,4000,2,exp1_permuted_src_datasets
672,6344.547386281,1.0,1738674397.7570286,,1.803039282322061e-07,1.0,0.001,1,16,40x40,PrototypicalNetwork,5,5,b-59-850,TKH,False,5,4000,2,exp1_permuted_src_datasets
673,6344.615381792,1.0,1738674397.8249967,,8.344647284275197e-08,1.0,0.001,1,16,40x40,PrototypicalNetwork,5,5,b-59-850,TKH,False,5,4000,2,exp1_permuted_src_datasets
674,6344.658093787,1.0,1738674397.867732,,5.6624390509796285e-08,1.0,0.001,1,16,40x40,PrototypicalNetwork,5,5,b-59-850,TKH,False,5,4000,2,exp1_permuted_src_datasets
675,6344.735126234,1.0,1738674397.9447782,,7.897610743157202e-08,1.0,0.001,1,16,40x40,PrototypicalNetwork,5,5,b-59-850,TKH,False,5,4000,2,exp1_permuted_src_datasets
676,6344.783110908,1.0,1738674397.9927657,,5.274937393551227e-07,1.0,0.001,1,16,40x40,PrototypicalNetwork,5,5,b-59-850,TKH,False,5,4000,2,exp1_permuted_src_datasets
677,6344.836799236,1.0,1738674398.0464418,,6.854528322719489e-08,1.0,0.001,1,16,40x40,PrototypicalNetwork,5,5,b-59-850,TKH,False,5,4000,2,exp1_permuted_src_datasets
678,6344.885930546,1.0,1738674398.095577,,9.536737621829161e-08,1.0,0.001,1,16,40x40,PrototypicalNetwork,5,5,b-59-850,TKH,False,5,4000,2,exp1_permuted_src_datasets
679,6344.950313119,1.0,1738674398.159953,,2.0265540001673799e-07,1.0,0.001,1,16,40x40,PrototypicalNetwork,5,5,b-59-850,TKH,False,5,4000,2,exp1_permuted_src_datasets
680,6344.998504713,1.0,1738674398.2080996,,3.6060643537894066e-07,1.0,0.001,1,16,40x40,PrototypicalNetwork,5,5,b-59-850,TKH,False,5,4000,2,exp1_permuted_src_datasets
681,6345.104359439,1.0,1738674398.3139853,,9.685751223287298e-08,1.0,0.001,1,16,40x40,PrototypicalNetwork,5,5,b-59-850,TKH,False,5,4000,2,exp1_permuted_src_datasets
682,6345.193610609,1.0,1738674398.4032612,,1.8179393634909502e-07,1.0,0.001,1,16,40x40,PrototypicalNetwork,5,5,b-59-850,TKH,False,5,4000,2,exp1_permuted_src_datasets
683,6345.286547833,1.0,1738674398.496171,,9.685744828402676e-08,1.0,0.001,1,16,40x40,PrototypicalNetwork,5,5,b-59-850,TKH,False,5,4000,2,exp1_permuted_src_datasets
684,6345.391276898,1.0,1738674398.6008754,,9.983772031318949e-08,1.0,0.001,1,16,40x40,PrototypicalNetwork,5,5,b-59-850,TKH,False,5,4000,2,exp1_permuted_src_datasets
685,6345.435080504,1.0,1738674398.6447375,,1.1920921849650767e-07,1.0,0.001,1,16,40x40,PrototypicalNetwork,5,5,b-59-850,TKH,False,5,4000,2,exp1_permuted_src_datasets
686,6345.506937287,1.0,1738674398.7166014,,1.6540268177323014e-07,1.0,0.001,1,16,40x40,PrototypicalNetwork,5,5,b-59-850,TKH,False,5,4000,2,exp1_permuted_src_datasets
687,6345.573201171,1.0,1738674398.7828412,,2.0712585069304623e-07,1.0,0.001,1,16,40x40,PrototypicalNetwork,5,5,b-59-850,TKH,False,5,4000,2,exp1_permuted_src_datasets
688,6345.661480301,1.0,1738674398.871041,,6.109472394655313e-08,1.0,0.001,1,16,40x40,PrototypicalNetwork,5,5,b-59-850,TKH,False,5,4000,2,exp1_permuted_src_datasets
689,6345.724116672,1.0,1738674398.933795,,2.384185648907078e-08,1.0,0.001,1,16,40x40,PrototypicalNetwork,5,5,b-59-850,TKH,False,5,4000,2,exp1_permuted_src_datasets
690,6345.785485738,1.0,1738674398.9951298,,1.117584957910367e-07,1.0,0.001,1,16,40x40,PrototypicalNetwork,5,5,b-59-850,TKH,False,5,4000,2,exp1_permuted_src_datasets
691,6345.834168887,1.0,1738674399.0438037,,8.195627998475175e-08,1.0,0.001,1,16,40x40,PrototypicalNetwork,5,5,b-59-850,TKH,False,5,4000,2,exp1_permuted_src_datasets
692,6345.906382915,1.0,1738674399.1160383,,9.536737621829161e-08,1.0,0.001,1,16,40x40,PrototypicalNetwork,5,5,b-59-850,TKH,False,5,4000,2,exp1_permuted_src_datasets
693,6345.955103692,1.0,1738674399.1648138,,1.9818511987068632e-07,1.0,0.001,1,16,40x40,PrototypicalNetwork,5,5,b-59-850,TKH,False,5,4000,2,exp1_permuted_src_datasets
694,6346.003317256,1.0,1738674399.2129664,,1.7583347755589784e-07,1.0,0.001,1,16,40x40,PrototypicalNetwork,5,5,b-59-850,TKH,False,5,4000,2,exp1_permuted_src_datasets
695,6346.066355236,1.0,1738674399.2760355,,7.450575623124678e-08,1.0,0.001,1,16,40x40,PrototypicalNetwork,5,5,b-59-850,TKH,False,5,4000,2,exp1_permuted_src_datasets
696,6869.199254254,1.0,1738674922.4090116,0.8634499998092652,,,0.001,1,16,40x40,PrototypicalNetwork,5,5,b-59-850,TKH,False,5,4000,2,exp1_permuted_src_datasets
697,6869.267293756,1.0,1738674922.47696,,1.847739667937276e-07,1.0,0.001,1,16,40x40,PrototypicalNetwork,5,5,b-59-850,TKH,False,5,4000,2,exp1_permuted_src_datasets
698,6869.350893496,1.0,1738674922.5605412,,1.206990418722853e-07,1.0,0.001,1,16,40x40,PrototypicalNetwork,5,5,b-59-850,TKH,False,5,4000,2,exp1_permuted_src_datasets
699,6869.446467424,1.0,1738674922.656116,,8.642668092306849e-08,1.0,0.001,1,16,40x40,PrototypicalNetwork,5,5,b-59-850,TKH,False,5,4000,2,exp1_permuted_src_datasets
700,6869.519180798,1.0,1738674922.72883,,2.2351738238057806e-08,1.0,0.001,1,16,40x40,PrototypicalNetwork,5,5,b-59-850,TKH,False,5,4000,2,exp1_permuted_src_datasets
701,6869.601197511,1.0,1738674922.810832,,1.2218936262797797e-07,1.0,0.001,1,16,40x40,PrototypicalNetwork,5,5,b-59-850,TKH,False,5,4000,2,exp1_permuted_src_datasets
702,6869.699154579,1.0,1738674922.908714,,1.0877838718670318e-07,1.0,0.001,1,16,40x40,PrototypicalNetwork,5,5,b-59-850,TKH,False,5,4000,2,exp1_permuted_src_datasets
703,6869.774390708,1.0,1738674922.9840357,,5.066393526931279e-08,1.0,0.001,1,16,40x40,PrototypicalNetwork,5,5,b-59-850,TKH,False,5,4000,2,exp1_permuted_src_datasets
704,6869.860316268,1.0,1738674923.0699737,,5.6624390509796285e-08,1.0,0.001,1,16,40x40,PrototypicalNetwork,5,5,b-59-850,TKH,False,5,4000,2,exp1_permuted_src_datasets
705,6869.935203192,1.0,1738674923.144856,,3.576277762817881e-08,1.0,0.001,1,16,40x40,PrototypicalNetwork,5,5,b-59-850,TKH,False,5,4000,2,exp1_permuted_src_datasets
706,6869.999741071,1.0,1738674923.2094164,,6.407495334315172e-08,1.0,0.001,1,16,40x40,PrototypicalNetwork,5,5,b-59-850,TKH,False,5,4000,2,exp1_permuted_src_datasets
707,6870.066896709,1.0,1738674923.2765646,,4.9173813465586136e-08,1.0,0.001,1,16,40x40,PrototypicalNetwork,5,5,b-59-850,TKH,False,5,4000,2,exp1_permuted_src_datasets
708,6870.118373488,1.0,1738674923.3280358,,9.983764215348856e-08,1.0,0.001,1,16,40x40,PrototypicalNetwork,5,5,b-59-850,TKH,False,5,4000,2,exp1_permuted_src_datasets
709,6870.182398386,1.0,1738674923.392045,,9.983766346977063e-08,1.0,0.001,1,16,40x40,PrototypicalNetwork,5,5,b-59-850,TKH,False,5,4000,2,exp1_permuted_src_datasets
710,6870.240412739,1.0,1738674923.4500842,,9.834751324433455e-08,1.0,0.001,1,16,40x40,PrototypicalNetwork,5,5,b-59-850,TKH,False,5,4000,2,exp1_permuted_src_datasets
711,6870.315944716,1.0,1738674923.5255315,,1.594421519257594e-07,1.0,0.001,1,16,40x40,PrototypicalNetwork,5,5,b-59-850,TKH,False,5,4000,2,exp1_permuted_src_datasets
712,6870.384051372,1.0,1738674923.5937042,,2.384185471271394e-08,1.0,0.001,1,16,40x40,PrototypicalNetwork,5,5,b-59-850,TKH,False,5,4000,2,exp1_permuted_src_datasets
713,6870.458761442,1.0,1738674923.6683671,,1.5050160584451078e-07,1.0,0.001,1,16,40x40,PrototypicalNetwork,5,5,b-59-850,TKH,False,5,4000,2,exp1_permuted_src_datasets
714,6870.543222487,1.0,1738674923.7528002,,8.046625055158074e-08,1.0,0.001,1,16,40x40,PrototypicalNetwork,5,5,b-59-850,TKH,False,5,4000,2,exp1_permuted_src_datasets
715,6870.601989889,1.0,1738674923.8116293,,4.023312882850405e-08,1.0,0.001,1,16,40x40,PrototypicalNetwork,5,5,b-59-850,TKH,False,5,4000,2,exp1_permuted_src_datasets
716,6870.64220494,1.0,1738674923.8518608,,1.847738815285993e-07,1.0,0.001,1,16,40x40,PrototypicalNetwork,5,5,b-59-850,TKH,False,5,4000,2,exp1_permuted_src_datasets
717,6870.702017992,1.0,1738674923.9117086,,5.066392461117175e-08,1.0,0.001,1,16,40x40,PrototypicalNetwork,5,5,b-59-850,TKH,False,5,4000,2,exp1_permuted_src_datasets
718,6870.773913492,1.0,1738674923.9835665,,7.301564153294748e-08,1.0,0.001,1,16,40x40,PrototypicalNetwork,5,5,b-59-850,TKH,False,5,4000,2,exp1_permuted_src_datasets
719,6870.901622426,1.0,1738674924.0752597,,2.5331967634656394e-08,1.0,0.001,1,16,40x40,PrototypicalNetwork,5,5,b-59-850,TKH,False,5,4000,2,exp1_permuted_src_datasets
720,6870.931844488,1.0,1738674924.1415012,,9.238711839998359e-08,1.0,0.001,1,16,40x40,PrototypicalNetwork,5,5,b-59-850,TKH,False,5,4000,2,exp1_permuted_src_datasets
721,6870.990186602,1.0,1738674924.1998334,,6.109473815740785e-08,1.0,0.001,1,16,40x40,PrototypicalNetwork,5,5,b-59-850,TKH,False,5,4000,2,exp1_permuted_src_datasets
722,6871.075718761,1.0,1738674924.2852917,,5.066393171659911e-08,1.0,0.001,1,16,40x40,PrototypicalNetwork,5,5,b-59-850,TKH,False,5,4000,2,exp1_permuted_src_datasets
723,6871.160383307,1.0,1738674924.3700604,,8.195629419560646e-08,1.0,0.001,1,16,40x40,PrototypicalNetwork,5,5,b-59-850,TKH,False,5,4000,2,exp1_permuted_src_datasets
724,6871.24106068,1.0,1738674924.4507449,,1.2367935653401219e-07,1.0,0.001,1,16,40x40,PrototypicalNetwork,5,5,b-59-850,TKH,False,5,4000,2,exp1_permuted_src_datasets
725,6871.33269294,1.0,1738674924.5423374,,7.897610743157202e-08,1.0,0.001,1,16,40x40,PrototypicalNetwork,5,5,b-59-850,TKH,False,5,4000,2,exp1_permuted_src_datasets
726,6871.418871017,1.0,1738674924.6285212,,5.036553716308845e-07,1.0,0.001,1,16,40x40,PrototypicalNetwork,5,5,b-59-850,TKH,False,5,4000,2,exp1_permuted_src_datasets
727,6871.487554376,1.0,1738674924.6971972,,5.513427936421067e-08,1.0,0.001,1,16,40x40,PrototypicalNetwork,5,5,b-59-850,TKH,False,5,4000,2,exp1_permuted_src_datasets
728,6871.566907274,1.0,1738674924.776588,,6.85452974380496e-08,1.0,0.001,1,16,40x40,PrototypicalNetwork,5,5,b-59-850,TKH,False,5,4000,2,exp1_permuted_src_datasets
729,6871.628101996,1.0,1738674924.8377514,,1.1354243270034203e-06,1.0,0.001,1,16,40x40,PrototypicalNetwork,5,5,b-59-850,TKH,False,5,4000,2,exp1_permuted_src_datasets
730,6871.686002546,1.0,1738674924.8956432,,2.399077345671685e-07,1.0,0.001,1,16,40x40,PrototypicalNetwork,5,5,b-59-850,TKH,False,5,4000,2,exp1_permuted_src_datasets
731,6871.792039382,1.0,1738674925.0016448,,9.238715392712038e-08,1.0,0.001,1,16,40x40,PrototypicalNetwork,5,5,b-59-850,TKH,False,5,4000,2,exp1_permuted_src_datasets
732,6871.859692241,1.0,1738674925.069314,,9.983766346977063e-08,1.0,0.001,1,16,40x40,PrototypicalNetwork,5,5,b-59-850,TKH,False,5,4000,2,exp1_permuted_src_datasets
733,6871.923268561,1.0,1738674925.132911,,2.3543699967376597e-07,1.0,0.001,1,16,40x40,PrototypicalNetwork,5,5,b-59-850,TKH,False,5,4000,2,exp1_permuted_src_datasets
734,6871.989817262,1.0,1738674925.199469,,1.400707390075695e-07,1.0,0.001,1,16,40x40,PrototypicalNetwork,5,5,b-59-850,TKH,False,5,4000,2,exp1_permuted_src_datasets
735,6872.07175775,1.0,1738674925.2814033,,8.195631551188853e-08,1.0,0.001,1,16,40x40,PrototypicalNetwork,5,5,b-59-850,TKH,False,5,4000,2,exp1_permuted_src_datasets
736,6872.141776101,1.0,1738674925.3514216,,2.086162353975851e-08,1.0,0.001,1,16,40x40,PrototypicalNetwork,5,5,b-59-850,TKH,False,5,4000,2,exp1_permuted_src_datasets
737,6872.212037343,1.0,1738674925.4216878,,7.897610032614466e-08,1.0,0.001,1,16,40x40,PrototypicalNetwork,5,5,b-59-850,TKH,False,5,4000,2,exp1_permuted_src_datasets
738,6872.272446935,1.0,1738674925.4821095,,1.7881392366803084e-08,1.0,0.001,1,16,40x40,PrototypicalNetwork,5,5,b-59-850,TKH,False,5,4000,2,exp1_permuted_src_datasets
739,6872.35995077,1.0,1738674925.5695958,,1.3709052382182563e-07,1.0,0.001,1,16,40x40,PrototypicalNetwork,5,5,b-59-850,TKH,False,5,4000,2,exp1_permuted_src_datasets
740,6872.427511758,1.0,1738674925.6371646,,2.2351738238057806e-08,1.0,0.001,1,16,40x40,PrototypicalNetwork,5,5,b-59-850,TKH,False,5,4000,2,exp1_permuted_src_datasets
741,6872.497323952,1.0,1738674925.706964,,6.109475236826256e-08,1.0,0.001,1,16,40x40,PrototypicalNetwork,5,5,b-59-850,TKH,False,5,4000,2,exp1_permuted_src_datasets
742,6872.573159904,1.0,1738674925.7828078,,3.278254823158022e-08,1.0,0.001,1,16,40x40,PrototypicalNetwork,5,5,b-59-850,TKH,False,5,4000,2,exp1_permuted_src_datasets
743,6872.639482487,1.0,1738674925.8490586,,1.4901159417490817e-08,1.0,0.001,1,16,40x40,PrototypicalNetwork,5,5,b-59-850,TKH,False,5,4000,2,exp1_permuted_src_datasets
744,6872.716301424,1.0,1738674925.9258816,,7.15255410455029e-08,1.0,0.001,1,16,40x40,PrototypicalNetwork,5,5,b-59-850,TKH,False,5,4000,2,exp1_permuted_src_datasets
745,6872.803498094,1.0,1738674926.0131335,,3.576278118089249e-08,1.0,0.001,1,16,40x40,PrototypicalNetwork,5,5,b-59-850,TKH,False,5,4000,2,exp1_permuted_src_datasets
746,6872.883603509,1.0,1738674926.0932634,,4.91738028074451e-08,1.0,0.001,1,16,40x40,PrototypicalNetwork,5,5,b-59-850,TKH,False,5,4000,2,exp1_permuted_src_datasets
747,6872.951023834,1.0,1738674926.160655,,5.811449454995454e-08,1.0,0.001,1,16,40x40,PrototypicalNetwork,5,5,b-59-850,TKH,False,5,4000,2,exp1_permuted_src_datasets
748,6873.036517829,1.0,1738674926.24618,,6.556508225230573e-08,1.0,0.001,1,16,40x40,PrototypicalNetwork,5,5,b-59-850,TKH,False,5,4000,2,exp1_permuted_src_datasets
749,6873.128532386,1.0,1738674926.3381176,,4.917380991287246e-08,1.0,0.001,1,16,40x40,PrototypicalNetwork,5,5,b-59-850,TKH,False,5,4000,2,exp1_permuted_src_datasets
750,6873.195933449,1.0,1738674926.4055893,,7.15255410455029e-08,1.0,0.001,1,16,40x40,PrototypicalNetwork,5,5,b-59-850,TKH,False,5,4000,2,exp1_permuted_src_datasets
751,6873.274606747,1.0,1738674926.4842634,,1.639127589214695e-08,1.0,0.001,1,16,40x40,PrototypicalNetwork,5,5,b-59-850,TKH,False,5,4000,2,exp1_permuted_src_datasets
752,6873.408326269,1.0,1738674926.6179647,,3.2782537573439186e-08,1.0,0.001,1,16,40x40,PrototypicalNetwork,5,5,b-59-850,TKH,False,5,4000,2,exp1_permuted_src_datasets
753,6873.488152555,1.0,1738674926.6978238,,3.576277762817881e-08,1.0,0.001,1,16,40x40,PrototypicalNetwork,5,5,b-59-850,TKH,False,5,4000,2,exp1_permuted_src_datasets
754,6873.55899516,1.0,1738674926.768603,,1.9371507065102378e-08,1.0,0.001,1,16,40x40,PrototypicalNetwork,5,5,b-59-850,TKH,False,5,4000,2,exp1_permuted_src_datasets
755,6873.608182709,1.0,1738674926.8178077,,3.576278118089249e-08,1.0,0.001,1,16,40x40,PrototypicalNetwork,5,5,b-59-850,TKH,False,5,4000,2,exp1_permuted_src_datasets
756,6873.68938802,1.0,1738674926.8990362,,3.278254823158022e-08,1.0,0.001,1,16,40x40,PrototypicalNetwork,5,5,b-59-850,TKH,False,5,4000,2,exp1_permuted_src_datasets
757,6873.764316223,1.0,1738674926.9739494,,1.1175855973988291e-07,1.0,0.001,1,16,40x40,PrototypicalNetwork,5,5,b-59-850,TKH,False,5,4000,2,exp1_permuted_src_datasets
758,6873.829383778,1.0,1738674927.0390332,,1.639127589214695e-08,1.0,0.001,1,16,40x40,PrototypicalNetwork,5,5,b-59-850,TKH,False,5,4000,2,exp1_permuted_src_datasets
759,7406.95199132,1.0,1738675460.1617675,0.8681000006198883,,,0.001,1,16,40x40,PrototypicalNetwork,5,5,b-59-850,TKH,False,5,4000,2,exp1_permuted_src_datasets
760,7407.023118794,1.0,1738675460.2327769,,5.960460924825384e-08,1.0,0.001,1,16,40x40,PrototypicalNetwork,5,5,b-59-850,TKH,False,5,4000,2,exp1_permuted_src_datasets
761,7407.110166778,1.0,1738675460.3198073,,5.6624365640800534e-08,1.0,0.001,1,16,40x40,PrototypicalNetwork,5,5,b-59-850,TKH,False,5,4000,2,exp1_permuted_src_datasets
762,7407.169916751,1.0,1738675460.37954,,3.576277052275145e-08,1.0,0.001,1,16,40x40,PrototypicalNetwork,5,5,b-59-850,TKH,False,5,4000,2,exp1_permuted_src_datasets
763,7407.211256412,1.0,1738675460.420904,,7.45057349149647e-08,1.0,0.001,1,16,40x40,PrototypicalNetwork,5,5,b-59-850,TKH,False,5,4000,2,exp1_permuted_src_datasets
764,7407.278797793,1.0,1738675460.488388,,1.6391234680668276e-07,1.0,0.001,1,16,40x40,PrototypicalNetwork,5,5,b-59-850,TKH,False,5,4000,2,exp1_permuted_src_datasets
765,7407.320893856,1.0,1738675460.5305703,,6.258483153942507e-08,1.0,0.001,1,16,40x40,PrototypicalNetwork,5,5,b-59-850,TKH,False,5,4000,2,exp1_permuted_src_datasets
766,7407.378016806,1.0,1738675460.5876458,,4.1723239974089665e-08,1.0,0.001,1,16,40x40,PrototypicalNetwork,5,5,b-59-850,TKH,False,5,4000,2,exp1_permuted_src_datasets
767,7407.433424614,1.0,1738675460.6430795,,8.046624344615338e-08,1.0,0.001,1,16,40x40,PrototypicalNetwork,5,5,b-59-850,TKH,False,5,4000,2,exp1_permuted_src_datasets
768,7407.496391211,1.0,1738675460.7060294,,3.576278118089249e-08,1.0,0.001,1,16,40x40,PrototypicalNetwork,5,5,b-59-850,TKH,False,5,4000,2,exp1_permuted_src_datasets
769,7407.547458786,1.0,1738675460.7571137,,3.427265227173848e-08,1.0,0.001,1,16,40x40,PrototypicalNetwork,5,5,b-59-850,TKH,False,5,4000,2,exp1_permuted_src_datasets
770,7407.605317105,1.0,1738675460.814948,,4.172323286866231e-08,1.0,0.001,1,16,40x40,PrototypicalNetwork,5,5,b-59-850,TKH,False,5,4000,2,exp1_permuted_src_datasets
771,7407.662345925,1.0,1738675460.871992,,4.470344805440618e-08,1.0,0.001,1,16,40x40,PrototypicalNetwork,5,5,b-59-850,TKH,False,5,4000,2,exp1_permuted_src_datasets
772,7407.745365266,1.0,1738675460.955012,,1.2665954329804663e-07,1.0,0.001,1,16,40x40,PrototypicalNetwork,5,5,b-59-850,TKH,False,5,4000,2,exp1_permuted_src_datasets
773,7407.842771074,1.0,1738675461.0523977,,6.109472394655313e-08,1.0,0.001,1,16,40x40,PrototypicalNetwork,5,5,b-59-850,TKH,False,5,4000,2,exp1_permuted_src_datasets
774,7407.922083508,1.0,1738675461.131716,,1.2516957781372184e-07,1.0,0.001,1,16,40x40,PrototypicalNetwork,5,5,b-59-850,TKH,False,5,4000,2,exp1_permuted_src_datasets
775,7407.991392352,1.0,1738675461.2010345,,2.8312189925827624e-08,1.0,0.001,1,16,40x40,PrototypicalNetwork,5,5,b-59-850,TKH,False,5,4000,2,exp1_permuted_src_datasets
776,7408.042415851,1.0,1738675461.2520957,,1.847735120463767e-07,1.0,0.001,1,16,40x40,PrototypicalNetwork,5,5,b-59-850,TKH,False,5,4000,2,exp1_permuted_src_datasets
777,7408.107260266,1.0,1738675461.3168876,,6.556501830345951e-08,1.0,0.001,1,16,40x40,PrototypicalNetwork,5,5,b-59-850,TKH,False,5,4000,2,exp1_permuted_src_datasets
778,7408.20713332,1.0,1738675461.4167879,,8.493647385421355e-08,1.0,0.001,1,16,40x40,PrototypicalNetwork,5,5,b-59-850,TKH,False,5,4000,2,exp1_permuted_src_datasets
779,7408.304362556,1.0,1738675461.514008,,2.9057119377284835e-07,1.0,0.001,1,16,40x40,PrototypicalNetwork,5,5,b-59-850,TKH,False,5,4000,2,exp1_permuted_src_datasets
780,7408.382188859,1.0,1738675461.5918362,,4.91738028074451e-08,1.0,0.001,1,16,40x40,PrototypicalNetwork,5,5,b-59-850,TKH,False,5,4000,2,exp1_permuted_src_datasets
781,7408.444467173,1.0,1738675461.6540987,,3.576278118089249e-08,1.0,0.001,1,16,40x40,PrototypicalNetwork,5,5,b-59-850,TKH,False,5,4000,2,exp1_permuted_src_datasets
782,7408.512068476,1.0,1738675461.7217104,,6.109473105198049e-08,1.0,0.001,1,16,40x40,PrototypicalNetwork,5,5,b-59-850,TKH,False,5,4000,2,exp1_permuted_src_datasets
783,7408.572375442,1.0,1738675461.7820458,,2.8312197031254982e-08,1.0,0.001,1,16,40x40,PrototypicalNetwork,5,5,b-59-850,TKH,False,5,4000,2,exp1_permuted_src_datasets
784,7408.655517316,1.0,1738675461.8651762,,4.6193587621701226e-08,1.0,0.001,1,16,40x40,PrototypicalNetwork,5,5,b-59-850,TKH,False,5,4000,2,exp1_permuted_src_datasets
785,7408.722317926,1.0,1738675461.9319148,,3.576277407546513e-08,1.0,0.001,1,16,40x40,PrototypicalNetwork,5,5,b-59-850,TKH,False,5,4000,2,exp1_permuted_src_datasets
786,7408.800031854,1.0,1738675462.0096502,,1.4305092577160394e-07,1.0,0.001,1,16,40x40,PrototypicalNetwork,5,5,b-59-850,TKH,False,5,4000,2,exp1_permuted_src_datasets
787,7408.894306699,1.0,1738675462.1039398,,5.066393171659911e-08,1.0,0.001,1,16,40x40,PrototypicalNetwork,5,5,b-59-850,TKH,False,5,4000,2,exp1_permuted_src_datasets
788,7408.947337976,1.0,1738675462.1569974,,3.278254467886654e-08,1.0,0.001,1,16,40x40,PrototypicalNetwork,5,5,b-59-850,TKH,False,5,4000,2,exp1_permuted_src_datasets
789,7409.017826597,1.0,1738675462.2274761,,2.5331971187370073e-08,1.0,0.001,1,16,40x40,PrototypicalNetwork,5,5,b-59-850,TKH,False,5,4000,2,exp1_permuted_src_datasets
790,7409.092406398,1.0,1738675462.3020113,,1.0430811769879256e-08,1.0,0.001,1,16,40x40,PrototypicalNetwork,5,5,b-59-850,TKH,False,5,4000,2,exp1_permuted_src_datasets
791,7409.143303516,1.0,1738675462.3529625,,2.38418529363571e-08,1.0,0.001,1,16,40x40,PrototypicalNetwork,5,5,b-59-850,TKH,False,5,4000,2,exp1_permuted_src_datasets
792,7409.228228786,1.0,1738675462.4378421,,1.3411043831013103e-08,1.0,0.001,1,16,40x40,PrototypicalNetwork,5,5,b-59-850,TKH,False,5,4000,2,exp1_permuted_src_datasets
793,7409.292793599,1.0,1738675462.5024397,,5.066392105845807e-08,1.0,0.001,1,16,40x40,PrototypicalNetwork,5,5,b-59-850,TKH,False,5,4000,2,exp1_permuted_src_datasets
794,7409.346495679,1.0,1738675462.5561495,,2.5331971187370073e-08,1.0,0.001,1,16,40x40,PrototypicalNetwork,5,5,b-59-850,TKH,False,5,4000,2,exp1_permuted_src_datasets
795,7409.431199623,1.0,1738675462.6408293,,3.8743014130204756e-08,1.0,0.001,1,16,40x40,PrototypicalNetwork,5,5,b-59-850,TKH,False,5,4000,2,exp1_permuted_src_datasets
796,7409.514965631,1.0,1738675462.724554,,2.831220058396866e-08,1.0,0.001,1,16,40x40,PrototypicalNetwork,5,5,b-59-850,TKH,False,5,4000,2,exp1_permuted_src_datasets
797,7409.555973803,1.0,1738675462.7656374,,3.278254823158022e-08,1.0,0.001,1,16,40x40,PrototypicalNetwork,5,5,b-59-850,TKH,False,5,4000,2,exp1_permuted_src_datasets
798,7409.624487855,1.0,1738675462.8341022,,2.9802317058624794e-08,1.0,0.001,1,16,40x40,PrototypicalNetwork,5,5,b-59-850,TKH,False,5,4000,2,exp1_permuted_src_datasets
799,7409.69474725,1.0,1738675462.9044287,,2.6822087662026206e-08,1.0,0.001,1,16,40x40,PrototypicalNetwork,5,5,b-59-850,TKH,False,5,4000,2,exp1_permuted_src_datasets
800,7409.742639247,1.0,1738675462.9523237,,4.321335111967528e-08,1.0,0.001,1,16,40x40,PrototypicalNetwork,5,5,b-59-850,TKH,False,5,4000,2,exp1_permuted_src_datasets
801,7409.787936651,1.0,1738675462.997594,,3.1292437085994607e-08,1.0,0.001,1,16,40x40,PrototypicalNetwork,5,5,b-59-850,TKH,False,5,4000,2,exp1_permuted_src_datasets
802,7409.868058848,1.0,1738675463.0776985,,9.536726253145389e-08,1.0,0.001,1,16,40x40,PrototypicalNetwork,5,5,b-59-850,TKH,False,5,4000,2,exp1_permuted_src_datasets
803,7409.941188277,1.0,1738675463.1508458,,4.6193587621701226e-08,1.0,0.001,1,16,40x40,PrototypicalNetwork,5,5,b-59-850,TKH,False,5,4000,2,exp1_permuted_src_datasets
804,7410.008189014,1.0,1738675463.2177913,,3.427265937716584e-08,1.0,0.001,1,16,40x40,PrototypicalNetwork,5,5,b-59-850,TKH,False,5,4000,2,exp1_permuted_src_datasets
805,7410.071790886,1.0,1738675463.2813883,,4.4703465817974575e-08,1.0,0.001,1,16,40x40,PrototypicalNetwork,5,5,b-59-850,TKH,False,5,4000,2,exp1_permuted_src_datasets
806,7410.165434507,1.0,1738675463.375044,,1.2367954127512348e-07,1.0,0.001,1,16,40x40,PrototypicalNetwork,5,5,b-59-850,TKH,False,5,4000,2,exp1_permuted_src_datasets
807,7410.253572059,1.0,1738675463.463219,,3.874300347206372e-08,1.0,0.001,1,16,40x40,PrototypicalNetwork,5,5,b-59-850,TKH,False,5,4000,2,exp1_permuted_src_datasets
808,7410.317474102,1.0,1738675463.5271196,,4.7683688109145805e-08,1.0,0.001,1,16,40x40,PrototypicalNetwork,5,5,b-59-850,TKH,False,5,4000,2,exp1_permuted_src_datasets
809,7410.360621323,1.0,1738675463.570268,,2.2351734685344127e-08,1.0,0.001,1,16,40x40,PrototypicalNetwork,5,5,b-59-850,TKH,False,5,4000,2,exp1_permuted_src_datasets
810,7410.414329361,1.0,1738675463.6239836,,2.384185471271394e-08,1.0,0.001,1,16,40x40,PrototypicalNetwork,5,5,b-59-850,TKH,False,5,4000,2,exp1_permuted_src_datasets
811,7410.481175795,1.0,1738675463.6907845,,2.831220058396866e-08,1.0,0.001,1,16,40x40,PrototypicalNetwork,5,5,b-59-850,TKH,False,5,4000,2,exp1_permuted_src_datasets
812,7410.539850862,1.0,1738675463.7494798,,4.917379925473142e-08,1.0,0.001,1,16,40x40,PrototypicalNetwork,5,5,b-59-850,TKH,False,5,4000,2,exp1_permuted_src_datasets
813,7410.585758589,1.0,1738675463.795413,,1.192092735635697e-08,1.0,0.001,1,16,40x40,PrototypicalNetwork,5,5,b-59-850,TKH,False,5,4000,2,exp1_permuted_src_datasets
814,7410.625856442,1.0,1738675463.8355231,,1.0430811769879256e-08,1.0,0.001,1,16,40x40,PrototypicalNetwork,5,5,b-59-850,TKH,False,5,4000,2,exp1_permuted_src_datasets
815,7410.703596544,1.0,1738675463.9132621,,3.576277762817881e-08,1.0,0.001,1,16,40x40,PrototypicalNetwork,5,5,b-59-850,TKH,False,5,4000,2,exp1_permuted_src_datasets
816,7410.785266234,1.0,1738675463.9949212,,8.195631551188853e-08,1.0,0.001,1,16,40x40,PrototypicalNetwork,5,5,b-59-850,TKH,False,5,4000,2,exp1_permuted_src_datasets
817,7410.828187118,1.0,1738675464.0378666,,4.321334401424792e-08,1.0,0.001,1,16,40x40,PrototypicalNetwork,5,5,b-59-850,TKH,False,5,4000,2,exp1_permuted_src_datasets
818,7410.941514113,1.0,1738675464.1510806,,8.19563368281706e-08,1.0,0.001,1,16,40x40,PrototypicalNetwork,5,5,b-59-850,TKH,False,5,4000,2,exp1_permuted_src_datasets
819,7411.004775357,1.0,1738675464.2144046,,2.38418529363571e-08,1.0,0.001,1,16,40x40,PrototypicalNetwork,5,5,b-59-850,TKH,False,5,4000,2,exp1_permuted_src_datasets
820,7411.069306178,1.0,1738675464.2789192,,4.172322931594863e-08,1.0,0.001,1,16,40x40,PrototypicalNetwork,5,5,b-59-850,TKH,False,5,4000,2,exp1_permuted_src_datasets
821,7411.145962071,1.0,1738675464.3556263,,3.87430070247774e-08,1.0,0.001,1,16,40x40,PrototypicalNetwork,5,5,b-59-850,TKH,False,5,4000,2,exp1_permuted_src_datasets
822,7942.249641284,1.0,1738675995.4198487,0.8624000017642974,,,0.001,1,16,40x40,PrototypicalNetwork,5,5,b-59-850,TKH,False,5,4000,2,exp1_permuted_src_datasets
823,7942.252832139,1.0,1738675995.4625525,,4.619357341084651e-08,1.0,0.001,1,16,40x40,PrototypicalNetwork,5,5,b-59-850,TKH,False,5,4000,2,exp1_permuted_src_datasets
824,7942.325080765,1.0,1738675995.534739,,1.0430811769879256e-08,1.0,0.001,1,16,40x40,PrototypicalNetwork,5,5,b-59-850,TKH,False,5,4000,2,exp1_permuted_src_datasets
825,7942.396863844,1.0,1738675995.606523,,2.9802317058624794e-08,1.0,0.001,1,16,40x40,PrototypicalNetwork,5,5,b-59-850,TKH,False,5,4000,2,exp1_permuted_src_datasets
826,7942.471086756,1.0,1738675995.680742,,3.874300347206372e-08,1.0,0.001,1,16,40x40,PrototypicalNetwork,5,5,b-59-850,TKH,False,5,4000,2,exp1_permuted_src_datasets
827,7942.553116225,1.0,1738675995.7626975,,4.1723239974089665e-08,1.0,0.001,1,16,40x40,PrototypicalNetwork,5,5,b-59-850,TKH,False,5,4000,2,exp1_permuted_src_datasets
828,7942.636397372,1.0,1738675995.8460011,,1.4901158529312397e-08,1.0,0.001,1,16,40x40,PrototypicalNetwork,5,5,b-59-850,TKH,False,5,4000,2,exp1_permuted_src_datasets
829,7942.702657193,1.0,1738675995.9123147,,2.5331967634656394e-08,1.0,0.001,1,16,40x40,PrototypicalNetwork,5,5,b-59-850,TKH,False,5,4000,2,exp1_permuted_src_datasets
830,7942.781258809,1.0,1738675995.9908996,,3.576277762817881e-08,1.0,0.001,1,16,40x40,PrototypicalNetwork,5,5,b-59-850,TKH,False,5,4000,2,exp1_permuted_src_datasets
831,7942.873364316,1.0,1738675996.082949,,7.748599273327272e-08,1.0,0.001,1,16,40x40,PrototypicalNetwork,5,5,b-59-850,TKH,False,5,4000,2,exp1_permuted_src_datasets
832,7942.939475965,1.0,1738675996.1490927,,2.086162353975851e-08,1.0,0.001,1,16,40x40,PrototypicalNetwork,5,5,b-59-850,TKH,False,5,4000,2,exp1_permuted_src_datasets
833,7943.009742832,1.0,1738675996.21939,,7.4505792646561986e-09,1.0,0.001,1,16,40x40,PrototypicalNetwork,5,5,b-59-850,TKH,False,5,4000,2,exp1_permuted_src_datasets
834,7943.077461237,1.0,1738675996.2871153,,2.3692777517680952e-07,1.0,0.001,1,16,40x40,PrototypicalNetwork,5,5,b-59-850,TKH,False,5,4000,2,exp1_permuted_src_datasets
835,7943.146692526,1.0,1738675996.3563437,,1.7881390590446244e-08,1.0,0.001,1,16,40x40,PrototypicalNetwork,5,5,b-59-850,TKH,False,5,4000,2,exp1_permuted_src_datasets
836,7943.20329825,1.0,1738675996.412952,,2.2351738238057806e-08,1.0,0.001,1,16,40x40,PrototypicalNetwork,5,5,b-59-850,TKH,False,5,4000,2,exp1_permuted_src_datasets
837,7943.275679715,1.0,1738675996.4853272,,7.4505797087454084e-09,1.0,0.001,1,16,40x40,PrototypicalNetwork,5,5,b-59-850,TKH,False,5,4000,2,exp1_permuted_src_datasets
838,7943.36770896,1.0,1738675996.5773013,,7.152554815093026e-08,1.0,0.001,1,16,40x40,PrototypicalNetwork,5,5,b-59-850,TKH,False,5,4000,2,exp1_permuted_src_datasets
839,7943.462958977,1.0,1738675996.672597,,1.639127411579011e-08,1.0,0.001,1,16,40x40,PrototypicalNetwork,5,5,b-59-850,TKH,False,5,4000,2,exp1_permuted_src_datasets
840,7943.523082437,1.0,1738675996.732716,,2.086162353975851e-08,1.0,0.001,1,16,40x40,PrototypicalNetwork,5,5,b-59-850,TKH,False,5,4000,2,exp1_permuted_src_datasets
841,7943.594153801,1.0,1738675996.803731,,1.3411043831013103e-08,1.0,0.001,1,16,40x40,PrototypicalNetwork,5,5,b-59-850,TKH,False,5,4000,2,exp1_permuted_src_datasets
842,7943.673787354,1.0,1738675996.8834305,,1.639127589214695e-08,1.0,0.001,1,16,40x40,PrototypicalNetwork,5,5,b-59-850,TKH,False,5,4000,2,exp1_permuted_src_datasets
843,7943.716055725,1.0,1738675996.9257038,,1.2963982953806408e-07,1.0,0.001,1,16,40x40,PrototypicalNetwork,5,5,b-59-850,TKH,False,5,4000,2,exp1_permuted_src_datasets
844,7943.756554531,1.0,1738675996.9661973,,1.7881392366803084e-08,1.0,0.001,1,16,40x40,PrototypicalNetwork,5,5,b-59-850,TKH,False,5,4000,2,exp1_permuted_src_datasets
845,7943.821363582,1.0,1738675997.0310123,,4.023312527579037e-08,1.0,0.001,1,16,40x40,PrototypicalNetwork,5,5,b-59-850,TKH,False,5,4000,2,exp1_permuted_src_datasets
846,7943.886958789,1.0,1738675997.0966005,,2.6822084109312527e-08,1.0,0.001,1,16,40x40,PrototypicalNetwork,5,5,b-59-850,TKH,False,5,4000,2,exp1_permuted_src_datasets
847,7943.93177569,1.0,1738675997.141445,,1.639127411579011e-08,1.0,0.001,1,16,40x40,PrototypicalNetwork,5,5,b-59-850,TKH,False,5,4000,2,exp1_permuted_src_datasets
848,7943.97952542,1.0,1738675997.189167,,2.086162353975851e-08,1.0,0.001,1,16,40x40,PrototypicalNetwork,5,5,b-59-850,TKH,False,5,4000,2,exp1_permuted_src_datasets
849,7944.050947299,1.0,1738675997.2605352,,2.086162353975851e-08,1.0,0.001,1,16,40x40,PrototypicalNetwork,5,5,b-59-850,TKH,False,5,4000,2,exp1_permuted_src_datasets
850,7944.117876959,1.0,1738675997.3275294,,3.4272666482593195e-08,1.0,0.001,1,16,40x40,PrototypicalNetwork,5,5,b-59-850,TKH,False,5,4000,2,exp1_permuted_src_datasets
851,7944.158885715,1.0,1738675997.3685422,,7.003539792549418e-08,1.0,0.001,1,16,40x40,PrototypicalNetwork,5,5,b-59-850,TKH,False,5,4000,2,exp1_permuted_src_datasets
852,7944.229374797,1.0,1738675997.4390383,,1.0430811769879256e-08,1.0,0.001,1,16,40x40,PrototypicalNetwork,5,5,b-59-850,TKH,False,5,4000,2,exp1_permuted_src_datasets
853,7944.282500523,1.0,1738675997.4921374,,8.195632261731589e-08,1.0,0.001,1,16,40x40,PrototypicalNetwork,5,5,b-59-850,TKH,False,5,4000,2,exp1_permuted_src_datasets
854,7944.347109308,1.0,1738675997.5567625,,8.940696183401542e-09,1.0,0.001,1,16,40x40,PrototypicalNetwork,5,5,b-59-850,TKH,False,5,4000,2,exp1_permuted_src_datasets
855,7944.426390279,1.0,1738675997.6360614,,1.4901159417490817e-08,1.0,0.001,1,16,40x40,PrototypicalNetwork,5,5,b-59-850,TKH,False,5,4000,2,exp1_permuted_src_datasets
856,7944.468173946,1.0,1738675997.6778252,,1.7881387037732566e-08,1.0,0.001,1,16,40x40,PrototypicalNetwork,5,5,b-59-850,TKH,False,5,4000,2,exp1_permuted_src_datasets
857,7944.513964854,1.0,1738675997.7236257,,4.7683691661859484e-08,1.0,0.001,1,16,40x40,PrototypicalNetwork,5,5,b-59-850,TKH,False,5,4000,2,exp1_permuted_src_datasets
858,7944.586545424,1.0,1738675997.7962072,,7.4505792646561986e-09,1.0,0.001,1,16,40x40,PrototypicalNetwork,5,5,b-59-850,TKH,False,5,4000,2,exp1_permuted_src_datasets
859,7944.668477431,1.0,1738675997.878113,,8.195635814445268e-08,1.0,0.001,1,16,40x40,PrototypicalNetwork,5,5,b-59-850,TKH,False,5,4000,2,exp1_permuted_src_datasets
860,7944.76167662,1.0,1738675997.9713175,,2.5331967634656394e-08,1.0,0.001,1,16,40x40,PrototypicalNetwork,5,5,b-59-850,TKH,False,5,4000,2,exp1_permuted_src_datasets
861,7944.836106232,1.0,1738675998.045781,,5.960464122267695e-09,1.0,0.001,1,16,40x40,PrototypicalNetwork,5,5,b-59-850,TKH,False,5,4000,2,exp1_permuted_src_datasets
862,7944.894882344,1.0,1738675998.104544,,1.9371508841459217e-08,1.0,0.001,1,16,40x40,PrototypicalNetwork,5,5,b-59-850,TKH,False,5,4000,2,exp1_permuted_src_datasets
863,7944.968144621,1.0,1738675998.1777923,,3.576277407546513e-08,1.0,0.001,1,16,40x40,PrototypicalNetwork,5,5,b-59-850,TKH,False,5,4000,2,exp1_permuted_src_datasets
864,7945.04618399,1.0,1738675998.2557728,,5.960463678178485e-09,1.0,0.001,1,16,40x40,PrototypicalNetwork,5,5,b-59-850,TKH,False,5,4000,2,exp1_permuted_src_datasets
865,7945.135811704,1.0,1738675998.34541,,9.685741986231733e-08,1.0,0.001,1,16,40x40,PrototypicalNetwork,5,5,b-59-850,TKH,False,5,4000,2,exp1_permuted_src_datasets
866,7945.206235452,1.0,1738675998.4158812,,1.9371507065102378e-08,1.0,0.001,1,16,40x40,PrototypicalNetwork,5,5,b-59-850,TKH,False,5,4000,2,exp1_permuted_src_datasets
867,7945.264945974,1.0,1738675998.474608,,2.384185471271394e-08,1.0,0.001,1,16,40x40,PrototypicalNetwork,5,5,b-59-850,TKH,False,5,4000,2,exp1_permuted_src_datasets
868,7945.316851043,1.0,1738675998.5265017,,2.2351738238057806e-08,1.0,0.001,1,16,40x40,PrototypicalNetwork,5,5,b-59-850,TKH,False,5,4000,2,exp1_permuted_src_datasets
869,7945.415905916,1.0,1738675998.625496,,1.192092735635697e-08,1.0,0.001,1,16,40x40,PrototypicalNetwork,5,5,b-59-850,TKH,False,5,4000,2,exp1_permuted_src_datasets
870,7945.475656599,1.0,1738675998.6853282,,6.705516852889559e-08,1.0,0.001,1,16,40x40,PrototypicalNetwork,5,5,b-59-850,TKH,False,5,4000,2,exp1_permuted_src_datasets
871,7945.517601696,1.0,1738675998.7272594,,1.639127411579011e-08,1.0,0.001,1,16,40x40,PrototypicalNetwork,5,5,b-59-850,TKH,False,5,4000,2,exp1_permuted_src_datasets
872,7945.568654704,1.0,1738675998.778263,,1.0430811769879256e-08,1.0,0.001,1,16,40x40,PrototypicalNetwork,5,5,b-59-850,TKH,False,5,4000,2,exp1_permuted_src_datasets
873,7945.627167543,1.0,1738675998.8368175,,2.6822087662026206e-08,1.0,0.001,1,16,40x40,PrototypicalNetwork,5,5,b-59-850,TKH,False,5,4000,2,exp1_permuted_src_datasets
874,7945.675834786,1.0,1738675998.8855138,,4.4703469370688254e-08,1.0,0.001,1,16,40x40,PrototypicalNetwork,5,5,b-59-850,TKH,False,5,4000,2,exp1_permuted_src_datasets
875,7945.714094627,1.0,1738675998.92377,,4.321336177781632e-08,1.0,0.001,1,16,40x40,PrototypicalNetwork,5,5,b-59-850,TKH,False,5,4000,2,exp1_permuted_src_datasets
876,7945.805830041,1.0,1738675999.015441,,2.086162353975851e-08,1.0,0.001,1,16,40x40,PrototypicalNetwork,5,5,b-59-850,TKH,False,5,4000,2,exp1_permuted_src_datasets
877,7945.878985905,1.0,1738675999.08864,,5.960464122267695e-09,1.0,0.001,1,16,40x40,PrototypicalNetwork,5,5,b-59-850,TKH,False,5,4000,2,exp1_permuted_src_datasets
878,7945.939271806,1.0,1738675999.1489317,,8.940696183401542e-09,1.0,0.001,1,16,40x40,PrototypicalNetwork,5,5,b-59-850,TKH,False,5,4000,2,exp1_permuted_src_datasets
879,7946.014024267,1.0,1738675999.2236676,,4.4703465817974575e-08,1.0,0.001,1,16,40x40,PrototypicalNetwork,5,5,b-59-850,TKH,False,5,4000,2,exp1_permuted_src_datasets
880,7946.081147532,1.0,1738675999.290804,,1.0430811769879256e-08,1.0,0.001,1,16,40x40,PrototypicalNetwork,5,5,b-59-850,TKH,False,5,4000,2,exp1_permuted_src_datasets
881,7946.120299103,1.0,1738675999.3299851,,3.129241932242621e-08,1.0,0.001,1,16,40x40,PrototypicalNetwork,5,5,b-59-850,TKH,False,5,4000,2,exp1_permuted_src_datasets
882,7946.182647234,1.0,1738675999.3923247,,1.3411043831013103e-08,1.0,0.001,1,16,40x40,PrototypicalNetwork,5,5,b-59-850,TKH,False,5,4000,2,exp1_permuted_src_datasets
883,7946.236185153,1.0,1738675999.4458406,,4.023312882850405e-08,1.0,0.001,1,16,40x40,PrototypicalNetwork,5,5,b-59-850,TKH,False,5,4000,2,exp1_permuted_src_datasets
884,7946.328507342,1.0,1738675999.5381365,,1.0430811769879256e-08,1.0,0.001,1,16,40x40,PrototypicalNetwork,5,5,b-59-850,TKH,False,5,4000,2,exp1_permuted_src_datasets
885,8494.269829773,1.0,1738676547.4795842,0.8650999999046326,,,0.001,1,16,40x40,PrototypicalNetwork,5,5,b-59-850,TKH,False,5,4000,2,exp1_permuted_src_datasets
886,8494.317344572,1.0,1738676547.5270464,,1.0430811769879256e-08,1.0,0.001,1,16,40x40,PrototypicalNetwork,5,5,b-59-850,TKH,False,5,4000,2,exp1_permuted_src_datasets
887,8494.402584639,1.0,1738676547.6122396,,1.490115231206346e-08,1.0,0.001,1,16,40x40,PrototypicalNetwork,5,5,b-59-850,TKH,False,5,4000,2,exp1_permuted_src_datasets
888,8494.484745919,1.0,1738676547.694396,,4.7683684556432127e-08,1.0,0.001,1,16,40x40,PrototypicalNetwork,5,5,b-59-850,TKH,False,5,4000,2,exp1_permuted_src_datasets
889,8494.553457553,1.0,1738676547.7631319,,2.2351738238057806e-08,1.0,0.001,1,16,40x40,PrototypicalNetwork,5,5,b-59-850,TKH,False,5,4000,2,exp1_permuted_src_datasets
890,8494.637473858,1.0,1738676547.847082,,7.301564153294748e-08,1.0,0.001,1,16,40x40,PrototypicalNetwork,5,5,b-59-850,TKH,False,5,4000,2,exp1_permuted_src_datasets
891,8494.70051359,1.0,1738676547.9101596,,2.384185471271394e-08,1.0,0.001,1,16,40x40,PrototypicalNetwork,5,5,b-59-850,TKH,False,5,4000,2,exp1_permuted_src_datasets
892,8494.786755737,1.0,1738676547.9963632,,1.4901159417490817e-08,1.0,0.001,1,16,40x40,PrototypicalNetwork,5,5,b-59-850,TKH,False,5,4000,2,exp1_permuted_src_datasets
893,8494.8311596,1.0,1738676548.0407994,,7.4505797087454084e-09,1.0,0.001,1,16,40x40,PrototypicalNetwork,5,5,b-59-850,TKH,False,5,4000,2,exp1_permuted_src_datasets
894,8494.906607376,1.0,1738676548.1162531,,1.4901158529312397e-08,1.0,0.001,1,16,40x40,PrototypicalNetwork,5,5,b-59-850,TKH,False,5,4000,2,exp1_permuted_src_datasets
895,8494.969365953,1.0,1738676548.1790044,,1.3411043831013103e-08,1.0,0.001,1,16,40x40,PrototypicalNetwork,5,5,b-59-850,TKH,False,5,4000,2,exp1_permuted_src_datasets
896,8495.026390449,1.0,1738676548.236035,,5.960464122267695e-09,1.0,0.001,1,16,40x40,PrototypicalNetwork,5,5,b-59-850,TKH,False,5,4000,2,exp1_permuted_src_datasets
897,8495.093416115,1.0,1738676548.303083,,3.129243353328093e-08,1.0,0.001,1,16,40x40,PrototypicalNetwork,5,5,b-59-850,TKH,False,5,4000,2,exp1_permuted_src_datasets
898,8495.18417749,1.0,1738676548.3937626,,9.387705546259895e-08,1.0,0.001,1,16,40x40,PrototypicalNetwork,5,5,b-59-850,TKH,False,5,4000,2,exp1_permuted_src_datasets
899,8495.2332741,1.0,1738676548.442942,,7.4505797087454084e-09,1.0,0.001,1,16,40x40,PrototypicalNetwork,5,5,b-59-850,TKH,False,5,4000,2,exp1_permuted_src_datasets
900,8495.299960565,1.0,1738676548.509647,,3.4272666482593195e-08,1.0,0.001,1,16,40x40,PrototypicalNetwork,5,5,b-59-850,TKH,False,5,4000,2,exp1_permuted_src_datasets
901,8495.37243282,1.0,1738676548.5820854,,2.831220058396866e-08,1.0,0.001,1,16,40x40,PrototypicalNetwork,5,5,b-59-850,TKH,False,5,4000,2,exp1_permuted_src_datasets
902,8495.42733791,1.0,1738676548.6369867,,2.5331967634656394e-08,1.0,0.001,1,16,40x40,PrototypicalNetwork,5,5,b-59-850,TKH,False,5,4000,2,exp1_permuted_src_datasets
903,8495.494875582,1.0,1738676548.7045243,,1.0430811769879256e-08,1.0,0.001,1,16,40x40,PrototypicalNetwork,5,5,b-59-850,TKH,False,5,4000,2,exp1_permuted_src_datasets
904,8495.580717145,1.0,1738676548.7903638,,2.086162353975851e-08,1.0,0.001,1,16,40x40,PrototypicalNetwork,5,5,b-59-850,TKH,False,5,4000,2,exp1_permuted_src_datasets
905,8495.662557776,1.0,1738676548.8722048,,1.7881390590446244e-08,1.0,0.001,1,16,40x40,PrototypicalNetwork,5,5,b-59-850,TKH,False,5,4000,2,exp1_permuted_src_datasets
906,8495.735056213,1.0,1738676548.9447005,,4.9173820571013493e-08,1.0,0.001,1,16,40x40,PrototypicalNetwork,5,5,b-59-850,TKH,False,5,4000,2,exp1_permuted_src_datasets
907,8495.789296466,1.0,1738676548.9989552,,1.4901159417490817e-08,1.0,0.001,1,16,40x40,PrototypicalNetwork,5,5,b-59-850,TKH,False,5,4000,2,exp1_permuted_src_datasets
908,8495.828713421,1.0,1738676549.0383894,,1.9371507065102378e-08,1.0,0.001,1,16,40x40,PrototypicalNetwork,5,5,b-59-850,TKH,False,5,4000,2,exp1_permuted_src_datasets
909,8495.868523711,1.0,1738676549.0781791,,8.940696183401542e-09,1.0,0.001,1,16,40x40,PrototypicalNetwork,5,5,b-59-850,TKH,False,5,4000,2,exp1_permuted_src_datasets
910,8495.926082055,1.0,1738676549.1357248,,7.301562021666541e-08,1.0,0.001,1,16,40x40,PrototypicalNetwork,5,5,b-59-850,TKH,False,5,4000,2,exp1_permuted_src_datasets
911,8495.964550887,1.0,1738676549.1742609,,2.6822084109312527e-08,1.0,0.001,1,16,40x40,PrototypicalNetwork,5,5,b-59-850,TKH,False,5,4000,2,exp1_permuted_src_datasets
912,8496.007307001,1.0,1738676549.2169607,,2.086162353975851e-08,1.0,0.001,1,16,40x40,PrototypicalNetwork,5,5,b-59-850,TKH,False,5,4000,2,exp1_permuted_src_datasets
913,8496.084216569,1.0,1738676549.2938056,,1.639127589214695e-08,1.0,0.001,1,16,40x40,PrototypicalNetwork,5,5,b-59-850,TKH,False,5,4000,2,exp1_permuted_src_datasets
914,8496.157107927,1.0,1738676549.3667588,,4.172323286866231e-08,1.0,0.001,1,16,40x40,PrototypicalNetwork,5,5,b-59-850,TKH,False,5,4000,2,exp1_permuted_src_datasets
915,8496.21213651,1.0,1738676549.4218085,,3.725288166833707e-08,1.0,0.001,1,16,40x40,PrototypicalNetwork,5,5,b-59-850,TKH,False,5,4000,2,exp1_permuted_src_datasets
916,8496.255452017,1.0,1738676549.4650993,,4.470348091700771e-09,1.0,0.001,1,16,40x40,PrototypicalNetwork,5,5,b-59-850,TKH,False,5,4000,2,exp1_permuted_src_datasets
917,8496.319286188,1.0,1738676549.5287416,,2.0861621763401672e-08,1.0,0.001,1,16,40x40,PrototypicalNetwork,5,5,b-59-850,TKH,False,5,4000,2,exp1_permuted_src_datasets
918,8496.382436055,1.0,1738676549.59209,,1.9371507065102378e-08,1.0,0.001,1,16,40x40,PrototypicalNetwork,5,5,b-59-850,TKH,False,5,4000,2,exp1_permuted_src_datasets
919,8496.475518742,1.0,1738676549.685162,,1.3411043831013103e-08,1.0,0.001,1,16,40x40,PrototypicalNetwork,5,5,b-59-850,TKH,False,5,4000,2,exp1_permuted_src_datasets
920,8496.539176972,1.0,1738676549.748821,,3.129242998056725e-08,1.0,0.001,1,16,40x40,PrototypicalNetwork,5,5,b-59-850,TKH,False,5,4000,2,exp1_permuted_src_datasets
921,8496.580357095,1.0,1738676549.7900326,,4.023309685408094e-08,1.0,0.001,1,16,40x40,PrototypicalNetwork,5,5,b-59-850,TKH,False,5,4000,2,exp1_permuted_src_datasets
922,8496.635284108,1.0,1738676549.8449337,,3.576277052275145e-08,1.0,0.001,1,16,40x40,PrototypicalNetwork,5,5,b-59-850,TKH,False,5,4000,2,exp1_permuted_src_datasets
923,8496.689846669,1.0,1738676549.8995233,,1.9371507065102378e-08,1.0,0.001,1,16,40x40,PrototypicalNetwork,5,5,b-59-850,TKH,False,5,4000,2,exp1_permuted_src_datasets
924,8496.728534675,1.0,1738676549.9381986,,4.470348091700771e-09,1.0,0.001,1,16,40x40,PrototypicalNetwork,5,5,b-59-850,TKH,False,5,4000,2,exp1_permuted_src_datasets
925,8496.806906112,1.0,1738676550.0165544,,4.470348091700771e-09,1.0,0.001,1,16,40x40,PrototypicalNetwork,5,5,b-59-850,TKH,False,5,4000,2,exp1_permuted_src_datasets
926,8496.867863381,1.0,1738676550.0775604,,2.5331965858299554e-08,1.0,0.001,1,16,40x40,PrototypicalNetwork,5,5,b-59-850,TKH,False,5,4000,2,exp1_permuted_src_datasets
927,8496.943066118,1.0,1738676550.1527245,,1.192092735635697e-08,1.0,0.001,1,16,40x40,PrototypicalNetwork,5,5,b-59-850,TKH,False,5,4000,2,exp1_permuted_src_datasets
928,8497.011224053,1.0,1738676550.2208881,,2.9802311729554276e-08,1.0,0.001,1,16,40x40,PrototypicalNetwork,5,5,b-59-850,TKH,False,5,4000,2,exp1_permuted_src_datasets
929,8497.087909032,1.0,1738676550.2975342,,1.4901160305669237e-09,1.0,0.001,1,16,40x40,PrototypicalNetwork,5,5,b-59-850,TKH,False,5,4000,2,exp1_permuted_src_datasets
930,8497.179900779,1.0,1738676550.38955,,1.192092735635697e-08,1.0,0.001,1,16,40x40,PrototypicalNetwork,5,5,b-59-850,TKH,False,5,4000,2,exp1_permuted_src_datasets
931,8497.27363757,1.0,1738676550.483184,,1.639127411579011e-08,1.0,0.001,1,16,40x40,PrototypicalNetwork,5,5,b-59-850,TKH,False,5,4000,2,exp1_permuted_src_datasets
932,8497.333032555,1.0,1738676550.5427003,,1.4901160305669237e-09,1.0,0.001,1,16,40x40,PrototypicalNetwork,5,5,b-59-850,TKH,False,5,4000,2,exp1_permuted_src_datasets
933,8497.431585702,1.0,1738676550.6412258,,1.4901158529312397e-08,1.0,0.001,1,16,40x40,PrototypicalNetwork,5,5,b-59-850,TKH,False,5,4000,2,exp1_permuted_src_datasets
934,8497.490774029,1.0,1738676550.7004323,,7.4505797087454084e-09,1.0,0.001,1,16,40x40,PrototypicalNetwork,5,5,b-59-850,TKH,False,5,4000,2,exp1_permuted_src_datasets
935,8497.558159906,1.0,1738676550.7678075,,7.4505797087454084e-09,1.0,0.001,1,16,40x40,PrototypicalNetwork,5,5,b-59-850,TKH,False,5,4000,2,exp1_permuted_src_datasets
936,8497.637166951,1.0,1738676550.846819,,2.2351734685344127e-08,1.0,0.001,1,16,40x40,PrototypicalNetwork,5,5,b-59-850,TKH,False,5,4000,2,exp1_permuted_src_datasets
937,8497.70818444,1.0,1738676550.917856,,6.258478890686092e-08,1.0,0.001,1,16,40x40,PrototypicalNetwork,5,5,b-59-850,TKH,False,5,4000,2,exp1_permuted_src_datasets
938,8497.807272988,1.0,1738676551.0168486,,8.940696183401542e-09,1.0,0.001,1,16,40x40,PrototypicalNetwork,5,5,b-59-850,TKH,False,5,4000,2,exp1_permuted_src_datasets
939,8497.877595855,1.0,1738676551.0872252,,1.639127411579011e-08,1.0,0.001,1,16,40x40,PrototypicalNetwork,5,5,b-59-850,TKH,False,5,4000,2,exp1_permuted_src_datasets
940,8497.947915824,1.0,1738676551.157561,,1.4901159417490817e-08,1.0,0.001,1,16,40x40,PrototypicalNetwork,5,5,b-59-850,TKH,False,5,4000,2,exp1_permuted_src_datasets
941,8498.031120383,1.0,1738676551.2407744,,1.4901159417490817e-08,1.0,0.001,1,16,40x40,PrototypicalNetwork,5,5,b-59-850,TKH,False,5,4000,2,exp1_permuted_src_datasets
942,8498.088547016,1.0,1738676551.2981973,,2.9802320611338473e-09,1.0,0.001,1,16,40x40,PrototypicalNetwork,5,5,b-59-850,TKH,False,5,4000,2,exp1_permuted_src_datasets
943,8498.152655469,1.0,1738676551.3623035,,2.38418529363571e-08,1.0,0.001,1,16,40x40,PrototypicalNetwork,5,5,b-59-850,TKH,False,5,4000,2,exp1_permuted_src_datasets
944,8498.230012711,1.0,1738676551.439598,,1.7881390590446244e-08,1.0,0.001,1,16,40x40,PrototypicalNetwork,5,5,b-59-850,TKH,False,5,4000,2,exp1_permuted_src_datasets
945,8498.293826426,1.0,1738676551.5034366,,2.6822084109312527e-08,1.0,0.001,1,16,40x40,PrototypicalNetwork,5,5,b-59-850,TKH,False,5,4000,2,exp1_permuted_src_datasets
946,8498.382965143,1.0,1738676551.5925736,,1.4901158529312397e-08,1.0,0.001,1,16,40x40,PrototypicalNetwork,5,5,b-59-850,TKH,False,5,4000,2,exp1_permuted_src_datasets
947,8498.484436874,1.0,1738676551.6940215,,8.940696183401542e-09,1.0,0.001,1,16,40x40,PrototypicalNetwork,5,5,b-59-850,TKH,False,5,4000,2,exp1_permuted_src_datasets
948,9042.469628676,1.0,1738677095.6381319,0.8660000019073486,,,0.001,1,16,40x40,PrototypicalNetwork,5,5,b-59-850,TKH,False,5,4000,2,exp1_permuted_src_datasets
949,9042.495865068,1.0,1738677095.7054834,,1.7881390590446244e-08,1.0,0.001,1,16,40x40,PrototypicalNetwork,5,5,b-59-850,TKH,False,5,4000,2,exp1_permuted_src_datasets
950,9042.575715717,1.0,1738677095.7853487,,1.9371507065102378e-08,1.0,0.001,1,16,40x40,PrototypicalNetwork,5,5,b-59-850,TKH,False,5,4000,2,exp1_permuted_src_datasets
951,9042.645037412,1.0,1738677095.8546288,,2.9802320611338473e-09,1.0,0.001,1,16,40x40,PrototypicalNetwork,5,5,b-59-850,TKH,False,5,4000,2,exp1_permuted_src_datasets
952,9042.701754682,1.0,1738677095.9113827,,2.086162353975851e-08,1.0,0.001,1,16,40x40,PrototypicalNetwork,5,5,b-59-850,TKH,False,5,4000,2,exp1_permuted_src_datasets
953,9042.780731619,1.0,1738677095.9903705,,1.639127411579011e-08,1.0,0.001,1,16,40x40,PrototypicalNetwork,5,5,b-59-850,TKH,False,5,4000,2,exp1_permuted_src_datasets
954,9042.867023714,1.0,1738677096.0766087,,1.3411043831013103e-08,1.0,0.001,1,16,40x40,PrototypicalNetwork,5,5,b-59-850,TKH,False,5,4000,2,exp1_permuted_src_datasets
955,9042.964016924,1.0,1738677096.1736634,,1.3411042054656264e-08,1.0,0.001,1,16,40x40,PrototypicalNetwork,5,5,b-59-850,TKH,False,5,4000,2,exp1_permuted_src_datasets
956,9043.087762744,1.0,1738677096.2973826,,2.5331960529229036e-08,1.0,0.001,1,16,40x40,PrototypicalNetwork,5,5,b-59-850,TKH,False,5,4000,2,exp1_permuted_src_datasets
957,9043.183425512,1.0,1738677096.3930345,,4.470348091700771e-09,1.0,0.001,1,16,40x40,PrototypicalNetwork,5,5,b-59-850,TKH,False,5,4000,2,exp1_permuted_src_datasets
958,9043.260456212,1.0,1738677096.4701002,,4.76837058727142e-08,1.0,0.001,1,16,40x40,PrototypicalNetwork,5,5,b-59-850,TKH,False,5,4000,2,exp1_permuted_src_datasets
959,9043.334232692,1.0,1738677096.5438921,,2.8312191702184464e-08,1.0,0.001,1,16,40x40,PrototypicalNetwork,5,5,b-59-850,TKH,False,5,4000,2,exp1_permuted_src_datasets
960,9043.428169946,1.0,1738677096.6378262,,5.960464122267695e-09,1.0,0.001,1,16,40x40,PrototypicalNetwork,5,5,b-59-850,TKH,False,5,4000,2,exp1_permuted_src_datasets
961,9043.501023161,1.0,1738677096.7106693,,5.960464122267695e-09,1.0,0.001,1,16,40x40,PrototypicalNetwork,5,5,b-59-850,TKH,False,5,4000,2,exp1_permuted_src_datasets
962,9043.591361234,1.0,1738677096.801003,,1.4901159417490817e-08,1.0,0.001,1,16,40x40,PrototypicalNetwork,5,5,b-59-850,TKH,False,5,4000,2,exp1_permuted_src_datasets
963,9043.631515151,1.0,1738677096.841182,,1.7881390590446244e-08,1.0,0.001,1,16,40x40,PrototypicalNetwork,5,5,b-59-850,TKH,False,5,4000,2,exp1_permuted_src_datasets
964,9043.696077577,1.0,1738677096.905715,,1.0430811769879256e-08,1.0,0.001,1,16,40x40,PrototypicalNetwork,5,5,b-59-850,TKH,False,5,4000,2,exp1_permuted_src_datasets
965,9043.790592845,1.0,1738677097.0001874,,5.960464122267695e-09,1.0,0.001,1,16,40x40,PrototypicalNetwork,5,5,b-59-850,TKH,False,5,4000,2,exp1_permuted_src_datasets
966,9043.856536366,1.0,1738677097.0661974,,2.0861619987044833e-08,1.0,0.001,1,16,40x40,PrototypicalNetwork,5,5,b-59-850,TKH,False,5,4000,2,exp1_permuted_src_datasets
967,9043.917436864,1.0,1738677097.1270328,,4.470347647611561e-09,1.0,0.001,1,16,40x40,PrototypicalNetwork,5,5,b-59-850,TKH,False,5,4000,2,exp1_permuted_src_datasets
968,9043.968121436,1.0,1738677097.1777864,,1.1622874040995157e-07,1.0,0.001,1,16,40x40,PrototypicalNetwork,5,5,b-59-850,TKH,False,5,4000,2,exp1_permuted_src_datasets
969,9044.037106965,1.0,1738677097.2467601,,5.51342580479286e-08,1.0,0.001,1,16,40x40,PrototypicalNetwork,5,5,b-59-850,TKH,False,5,4000,2,exp1_permuted_src_datasets
970,9044.119362199,1.0,1738677097.328969,,8.940695295223122e-09,1.0,0.001,1,16,40x40,PrototypicalNetwork,5,5,b-59-850,TKH,False,5,4000,2,exp1_permuted_src_datasets
971,9044.19364684,1.0,1738677097.4032986,,1.0430811769879256e-08,1.0,0.001,1,16,40x40,PrototypicalNetwork,5,5,b-59-850,TKH,False,5,4000,2,exp1_permuted_src_datasets
972,9044.280493892,1.0,1738677097.4901016,,5.960463678178485e-09,1.0,0.001,1,16,40x40,PrototypicalNetwork,5,5,b-59-850,TKH,False,5,4000,2,exp1_permuted_src_datasets
973,9044.356741091,1.0,1738677097.566418,,7.4505797087454084e-09,1.0,0.001,1,16,40x40,PrototypicalNetwork,5,5,b-59-850,TKH,False,5,4000,2,exp1_permuted_src_datasets
974,9044.42272356,1.0,1738677097.6323638,,3.129241932242621e-08,1.0,0.001,1,16,40x40,PrototypicalNetwork,5,5,b-59-850,TKH,False,5,4000,2,exp1_permuted_src_datasets
975,9044.493572098,1.0,1738677097.7031674,,1.5795183117006673e-07,1.0,0.001,1,16,40x40,PrototypicalNetwork,5,5,b-59-850,TKH,False,5,4000,2,exp1_permuted_src_datasets
976,9044.563673336,1.0,1738677097.773317,,2.5331967634656394e-08,1.0,0.001,1,16,40x40,PrototypicalNetwork,5,5,b-59-850,TKH,False,5,4000,2,exp1_permuted_src_datasets
977,9044.624647733,1.0,1738677097.8343067,,8.940696183401542e-09,1.0,0.001,1,16,40x40,PrototypicalNetwork,5,5,b-59-850,TKH,False,5,4000,2,exp1_permuted_src_datasets
978,9044.716604569,1.0,1738677097.9261987,,8.940696183401542e-09,1.0,0.001,1,16,40x40,PrototypicalNetwork,5,5,b-59-850,TKH,False,5,4000,2,exp1_permuted_src_datasets
979,9044.778179285,1.0,1738677097.9878144,,3.7252888773764425e-08,1.0,0.001,1,16,40x40,PrototypicalNetwork,5,5,b-59-850,TKH,False,5,4000,2,exp1_permuted_src_datasets
980,9044.845736707,1.0,1738677098.0553765,,8.940695295223122e-09,1.0,0.001,1,16,40x40,PrototypicalNetwork,5,5,b-59-850,TKH,False,5,4000,2,exp1_permuted_src_datasets
981,9044.940091655,1.0,1738677098.1497486,,1.192092824453539e-08,1.0,0.001,1,16,40x40,PrototypicalNetwork,5,5,b-59-850,TKH,False,5,4000,2,exp1_permuted_src_datasets
982,9045.010131759,1.0,1738677098.2197833,,1.4901160305669237e-09,1.0,0.001,1,16,40x40,PrototypicalNetwork,5,5,b-59-850,TKH,False,5,4000,2,exp1_permuted_src_datasets
983,9045.077661251,1.0,1738677098.2873485,,1.3411042054656264e-08,1.0,0.001,1,16,40x40,PrototypicalNetwork,5,5,b-59-850,TKH,False,5,4000,2,exp1_permuted_src_datasets
984,9045.143563695,1.0,1738677098.3532193,,1.4901155864777138e-08,1.0,0.001,1,16,40x40,PrototypicalNetwork,5,5,b-59-850,TKH,False,5,4000,2,exp1_permuted_src_datasets
985,9045.236848648,1.0,1738677098.4464538,,7.4505797087454084e-09,1.0,0.001,1,16,40x40,PrototypicalNetwork,5,5,b-59-850,TKH,False,5,4000,2,exp1_permuted_src_datasets
986,9045.305982476,1.0,1738677098.5156212,,2.5331967634656394e-08,1.0,0.001,1,16,40x40,PrototypicalNetwork,5,5,b-59-850,TKH,False,5,4000,2,exp1_permuted_src_datasets
987,9045.362487319,1.0,1738677098.572085,,8.940696183401542e-09,1.0,0.001,1,16,40x40,PrototypicalNetwork,5,5,b-59-850,TKH,False,5,4000,2,exp1_permuted_src_datasets
988,9045.436405203,1.0,1738677098.646006,,4.321335822510264e-08,1.0,0.001,1,16,40x40,PrototypicalNetwork,5,5,b-59-850,TKH,False,5,4000,2,exp1_permuted_src_datasets
989,9045.507586229,1.0,1738677098.7171888,,5.960464122267695e-09,1.0,0.001,1,16,40x40,PrototypicalNetwork,5,5,b-59-850,TKH,False,5,4000,2,exp1_permuted_src_datasets
990,9045.556187431,1.0,1738677098.7658706,,4.470348091700771e-09,1.0,0.001,1,16,40x40,PrototypicalNetwork,5,5,b-59-850,TKH,False,5,4000,2,exp1_permuted_src_datasets
991,9045.633729648,1.0,1738677098.8433704,,2.831220058396866e-08,1.0,0.001,1,16,40x40,PrototypicalNetwork,5,5,b-59-850,TKH,False,5,4000,2,exp1_permuted_src_datasets
992,9045.673673821,1.0,1738677098.8833354,,2.086162353975851e-08,1.0,0.001,1,16,40x40,PrototypicalNetwork,5,5,b-59-850,TKH,False,5,4000,2,exp1_permuted_src_datasets
993,9045.760308484,1.0,1738677098.9699485,,4.0233118170363014e-08,1.0,0.001,1,16,40x40,PrototypicalNetwork,5,5,b-59-850,TKH,False,5,4000,2,exp1_permuted_src_datasets
994,9045.832532781,1.0,1738677099.042131,,9.23869336588723e-08,1.0,0.001,1,16,40x40,PrototypicalNetwork,5,5,b-59-850,TKH,False,5,4000,2,exp1_permuted_src_datasets
995,9045.897378157,1.0,1738677099.1070294,,1.7881390590446244e-08,1.0,0.001,1,16,40x40,PrototypicalNetwork,5,5,b-59-850,TKH,False,5,4000,2,exp1_permuted_src_datasets
996,9045.986657875,1.0,1738677099.1962898,,8.940696183401542e-09,1.0,0.001,1,16,40x40,PrototypicalNetwork,5,5,b-59-850,TKH,False,5,4000,2,exp1_permuted_src_datasets
997,9046.038060633,1.0,1738677099.2477071,,3.129241932242621e-08,1.0,0.001,1,16,40x40,PrototypicalNetwork,5,5,b-59-850,TKH,False,5,4000,2,exp1_permuted_src_datasets
998,9046.108253091,1.0,1738677099.3178222,,6.258484575027978e-08,1.0,0.001,1,16,40x40,PrototypicalNetwork,5,5,b-59-850,TKH,False,5,4000,2,exp1_permuted_src_datasets
999,9046.19816512,1.0,1738677099.4078577,,6.258485285570714e-08,1.0,0.001,1,16,40x40,PrototypicalNetwork,5,5,b-59-850,TKH,False,5,4000,2,exp1_permuted_src_datasets
1000,9046.290404309,1.0,1738677099.4999943,,2.8312189925827624e-08,1.0,0.001,1,16,40x40,PrototypicalNetwork,5,5,b-59-850,TKH,False,5,4000,2,exp1_permuted_src_datasets
1001,9046.36807987,1.0,1738677099.5777256,,3.129242642785357e-08,1.0,0.001,1,16,40x40,PrototypicalNetwork,5,5,b-59-850,TKH,False,5,4000,2,exp1_permuted_src_datasets
1002,9046.430469282,1.0,1738677099.6401327,,4.470348091700771e-09,1.0,0.001,1,16,40x40,PrototypicalNetwork,5,5,b-59-850,TKH,False,5,4000,2,exp1_permuted_src_datasets
1003,9046.524370741,1.0,1738677099.7339523,,2.9802320611338473e-09,1.0,0.001,1,16,40x40,PrototypicalNetwork,5,5,b-59-850,TKH,False,5,4000,2,exp1_permuted_src_datasets
1004,9046.568890621,1.0,1738677099.7785454,,1.7881390590446244e-08,1.0,0.001,1,16,40x40,PrototypicalNetwork,5,5,b-59-850,TKH,False,5,4000,2,exp1_permuted_src_datasets
1005,9046.651584038,1.0,1738677099.8612385,,4.917379214930406e-08,1.0,0.001,1,16,40x40,PrototypicalNetwork,5,5,b-59-850,TKH,False,5,4000,2,exp1_permuted_src_datasets
1006,9046.743177128,1.0,1738677099.95282,,9.387712651687252e-08,1.0,0.001,1,16,40x40,PrototypicalNetwork,5,5,b-59-850,TKH,False,5,4000,2,exp1_permuted_src_datasets
1007,9046.818133692,1.0,1738677100.0277576,,1.4901158529312397e-08,1.0,0.001,1,16,40x40,PrototypicalNetwork,5,5,b-59-850,TKH,False,5,4000,2,exp1_permuted_src_datasets
1008,9046.898862315,1.0,1738677100.1084588,,5.8114483891813506e-08,1.0,0.001,1,16,40x40,PrototypicalNetwork,5,5,b-59-850,TKH,False,5,4000,2,exp1_permuted_src_datasets
1009,9046.970751565,1.0,1738677100.1804001,,2.9802320611338473e-09,1.0,0.001,1,16,40x40,PrototypicalNetwork,5,5,b-59-850,TKH,False,5,4000,2,exp1_permuted_src_datasets
1010,9047.056198092,1.0,1738677100.265815,,5.960463678178485e-09,1.0,0.001,1,16,40x40,PrototypicalNetwork,5,5,b-59-850,TKH,False,5,4000,2,exp1_permuted_src_datasets
1011,9571.713648805,1.0,1738677624.8813977,0.8613500001430512,,,0.001,1,16,40x40,PrototypicalNetwork,5,5,b-59-850,TKH,False,5,4000,2,exp1_permuted_src_datasets
1012,9571.722509137,1.0,1738677624.9321635,,4.917377083302199e-08,1.0,0.001,1,16,40x40,PrototypicalNetwork,5,5,b-59-850,TKH,False,5,4000,2,exp1_permuted_src_datasets
1013,9571.814826714,1.0,1738677625.024418,,8.940696183401542e-09,1.0,0.001,1,16,40x40,PrototypicalNetwork,5,5,b-59-850,TKH,False,5,4000,2,exp1_permuted_src_datasets
1014,9571.922243897,1.0,1738677625.1319017,,2.0861618210687993e-08,1.0,0.001,1,16,40x40,PrototypicalNetwork,5,5,b-59-850,TKH,False,5,4000,2,exp1_permuted_src_datasets
1015,9571.99860064,1.0,1738677625.2081878,,7.4505797087454084e-09,1.0,0.001,1,16,40x40,PrototypicalNetwork,5,5,b-59-850,TKH,False,5,4000,2,exp1_permuted_src_datasets
1016,9572.094069048,1.0,1738677625.303683,,5.960464122267695e-09,1.0,0.001,1,16,40x40,PrototypicalNetwork,5,5,b-59-850,TKH,False,5,4000,2,exp1_permuted_src_datasets
1017,9572.174342435,1.0,1738677625.383968,,7.4505797087454084e-09,1.0,0.001,1,16,40x40,PrototypicalNetwork,5,5,b-59-850,TKH,False,5,4000,2,exp1_permuted_src_datasets
1018,9572.255994868,1.0,1738677625.4656584,,7.4505792646561986e-09,1.0,0.001,1,16,40x40,PrototypicalNetwork,5,5,b-59-850,TKH,False,5,4000,2,exp1_permuted_src_datasets
1019,9572.300300336,1.0,1738677625.5099351,,1.639127589214695e-08,1.0,0.001,1,16,40x40,PrototypicalNetwork,5,5,b-59-850,TKH,False,5,4000,2,exp1_permuted_src_datasets
1020,9572.378513514,1.0,1738677625.5880938,,1.3411043831013103e-08,1.0,0.001,1,16,40x40,PrototypicalNetwork,5,5,b-59-850,TKH,False,5,4000,2,exp1_permuted_src_datasets
1021,9572.502304732,1.0,1738677625.7119224,,2.9802320611338473e-09,1.0,0.001,1,16,40x40,PrototypicalNetwork,5,5,b-59-850,TKH,False,5,4000,2,exp1_permuted_src_datasets
1022,9572.575051692,1.0,1738677625.7847035,,1.0430811769879256e-08,1.0,0.001,1,16,40x40,PrototypicalNetwork,5,5,b-59-850,TKH,False,5,4000,2,exp1_permuted_src_datasets
1023,9572.626814457,1.0,1738677625.8364646,,1.192092824453539e-08,1.0,0.001,1,16,40x40,PrototypicalNetwork,5,5,b-59-850,TKH,False,5,4000,2,exp1_permuted_src_datasets
1024,9572.668849205,1.0,1738677625.8785203,,5.960464122267695e-09,1.0,0.001,1,16,40x40,PrototypicalNetwork,5,5,b-59-850,TKH,False,5,4000,2,exp1_permuted_src_datasets
1025,9572.720382872,1.0,1738677625.9300249,,8.940696183401542e-09,1.0,0.001,1,16,40x40,PrototypicalNetwork,5,5,b-59-850,TKH,False,5,4000,2,exp1_permuted_src_datasets
1026,9572.807182532,1.0,1738677626.0167732,,8.940695295223122e-09,1.0,0.001,1,16,40x40,PrototypicalNetwork,5,5,b-59-850,TKH,False,5,4000,2,exp1_permuted_src_datasets
1027,9572.895742701,1.0,1738677626.105331,,8.940696183401542e-09,1.0,0.001,1,16,40x40,PrototypicalNetwork,5,5,b-59-850,TKH,False,5,4000,2,exp1_permuted_src_datasets
1028,9572.967349876,1.0,1738677626.1769981,,7.4505797087454084e-09,1.0,0.001,1,16,40x40,PrototypicalNetwork,5,5,b-59-850,TKH,False,5,4000,2,exp1_permuted_src_datasets
1029,9573.071034854,1.0,1738677626.2806656,,8.940695295223122e-09,1.0,0.001,1,16,40x40,PrototypicalNetwork,5,5,b-59-850,TKH,False,5,4000,2,exp1_permuted_src_datasets
1030,9573.153019388,1.0,1738677626.3626666,,1.0430811769879256e-08,1.0,0.001,1,16,40x40,PrototypicalNetwork,5,5,b-59-850,TKH,False,5,4000,2,exp1_permuted_src_datasets
1031,9573.198239537,1.0,1738677626.4078984,,5.960464122267695e-09,1.0,0.001,1,16,40x40,PrototypicalNetwork,5,5,b-59-850,TKH,False,5,4000,2,exp1_permuted_src_datasets
1032,9573.252595447,1.0,1738677626.4622395,,0.0,1.0,0.001,1,16,40x40,PrototypicalNetwork,5,5,b-59-850,TKH,False,5,4000,2,exp1_permuted_src_datasets
1033,9573.327210835,1.0,1738677626.5367925,,4.470348091700771e-09,1.0,0.001,1,16,40x40,PrototypicalNetwork,5,5,b-59-850,TKH,False,5,4000,2,exp1_permuted_src_datasets
1034,9573.408368205,1.0,1738677626.6180096,,5.960464122267695e-09,1.0,0.001,1,16,40x40,PrototypicalNetwork,5,5,b-59-850,TKH,False,5,4000,2,exp1_permuted_src_datasets
1035,9573.47162022,1.0,1738677626.6812701,,8.940696183401542e-09,1.0,0.001,1,16,40x40,PrototypicalNetwork,5,5,b-59-850,TKH,False,5,4000,2,exp1_permuted_src_datasets
1036,9573.5708538,1.0,1738677626.7804968,,4.470348091700771e-09,1.0,0.001,1,16,40x40,PrototypicalNetwork,5,5,b-59-850,TKH,False,5,4000,2,exp1_permuted_src_datasets
1037,9573.653135751,1.0,1738677626.8627818,,2.0861621763401672e-08,1.0,0.001,1,16,40x40,PrototypicalNetwork,5,5,b-59-850,TKH,False,5,4000,2,exp1_permuted_src_datasets
1038,9573.710232401,1.0,1738677626.919887,,6.705506905291259e-08,1.0,0.001,1,16,40x40,PrototypicalNetwork,5,5,b-59-850,TKH,False,5,4000,2,exp1_permuted_src_datasets
1039,9573.782616287,1.0,1738677626.9923012,,1.0430809993522416e-08,1.0,0.001,1,16,40x40,PrototypicalNetwork,5,5,b-59-850,TKH,False,5,4000,2,exp1_permuted_src_datasets
1040,9573.836885165,1.0,1738677627.0465484,,5.960464122267695e-09,1.0,0.001,1,16,40x40,PrototypicalNetwork,5,5,b-59-850,TKH,False,5,4000,2,exp1_permuted_src_datasets
1041,9573.907380935,1.0,1738677627.1170247,,3.576277407546513e-08,1.0,0.001,1,16,40x40,PrototypicalNetwork,5,5,b-59-850,TKH,False,5,4000,2,exp1_permuted_src_datasets
1042,9573.990457684,1.0,1738677627.200109,,8.940696183401542e-09,1.0,0.001,1,16,40x40,PrototypicalNetwork,5,5,b-59-850,TKH,False,5,4000,2,exp1_permuted_src_datasets
1043,9574.047461889,1.0,1738677627.257115,,2.9802320611338473e-09,1.0,0.001,1,16,40x40,PrototypicalNetwork,5,5,b-59-850,TKH,False,5,4000,2,exp1_permuted_src_datasets
1044,9574.129319684,1.0,1738677627.3389552,,1.4901159417490817e-08,1.0,0.001,1,16,40x40,PrototypicalNetwork,5,5,b-59-850,TKH,False,5,4000,2,exp1_permuted_src_datasets
1045,9574.202052101,1.0,1738677627.411736,,6.258480311771564e-08,1.0,0.001,1,16,40x40,PrototypicalNetwork,5,5,b-59-850,TKH,False,5,4000,2,exp1_permuted_src_datasets
1046,9574.273073316,1.0,1738677627.482726,,2.9802320611338473e-09,1.0,0.001,1,16,40x40,PrototypicalNetwork,5,5,b-59-850,TKH,False,5,4000,2,exp1_permuted_src_datasets
1047,9574.337066202,1.0,1738677627.5467112,,8.940696183401542e-09,1.0,0.001,1,16,40x40,PrototypicalNetwork,5,5,b-59-850,TKH,False,5,4000,2,exp1_permuted_src_datasets
1048,9574.402012427,1.0,1738677627.6116126,,1.7881390590446244e-08,1.0,0.001,1,16,40x40,PrototypicalNetwork,5,5,b-59-850,TKH,False,5,4000,2,exp1_permuted_src_datasets
1049,9574.509812686,1.0,1738677627.7194064,,8.940696183401542e-09,1.0,0.001,1,16,40x40,PrototypicalNetwork,5,5,b-59-850,TKH,False,5,4000,2,exp1_permuted_src_datasets
1050,9574.617109823,1.0,1738677627.826651,,1.192092469182171e-08,1.0,0.001,1,16,40x40,PrototypicalNetwork,5,5,b-59-850,TKH,False,5,4000,2,exp1_permuted_src_datasets
1051,9574.704119247,1.0,1738677627.9137642,,7.15253918315284e-08,1.0,0.001,1,16,40x40,PrototypicalNetwork,5,5,b-59-850,TKH,False,5,4000,2,exp1_permuted_src_datasets
1052,9574.773021628,1.0,1738677627.9826558,,1.4901159417490817e-08,1.0,0.001,1,16,40x40,PrototypicalNetwork,5,5,b-59-850,TKH,False,5,4000,2,exp1_permuted_src_datasets
1053,9574.860239898,1.0,1738677628.069889,,8.940696183401542e-09,1.0,0.001,1,16,40x40,PrototypicalNetwork,5,5,b-59-850,TKH,False,5,4000,2,exp1_permuted_src_datasets
1054,9574.942668966,1.0,1738677628.1523125,,8.940696183401542e-09,1.0,0.001,1,16,40x40,PrototypicalNetwork,5,5,b-59-850,TKH,False,5,4000,2,exp1_permuted_src_datasets
1055,9575.035614857,1.0,1738677628.2452095,,7.4505797087454084e-09,1.0,0.001,1,16,40x40,PrototypicalNetwork,5,5,b-59-850,TKH,False,5,4000,2,exp1_permuted_src_datasets
1056,9575.103479152,1.0,1738677628.3131588,,2.5331967634656394e-08,1.0,0.001,1,16,40x40,PrototypicalNetwork,5,5,b-59-850,TKH,False,5,4000,2,exp1_permuted_src_datasets
1057,9575.183979989,1.0,1738677628.3935971,,0.0,1.0,0.001,1,16,40x40,PrototypicalNetwork,5,5,b-59-850,TKH,False,5,4000,2,exp1_permuted_src_datasets
1058,9575.257466598,1.0,1738677628.4671004,,1.192092646817855e-08,1.0,0.001,1,16,40x40,PrototypicalNetwork,5,5,b-59-850,TKH,False,5,4000,2,exp1_permuted_src_datasets
1059,9575.316248905,1.0,1738677628.525842,,5.960463678178485e-09,1.0,0.001,1,16,40x40,PrototypicalNetwork,5,5,b-59-850,TKH,False,5,4000,2,exp1_permuted_src_datasets
1060,9575.372935697,1.0,1738677628.5825922,,4.470348091700771e-09,1.0,0.001,1,16,40x40,PrototypicalNetwork,5,5,b-59-850,TKH,False,5,4000,2,exp1_permuted_src_datasets
1061,9575.415794197,1.0,1738677628.6254604,,8.940696183401542e-09,1.0,0.001,1,16,40x40,PrototypicalNetwork,5,5,b-59-850,TKH,False,5,4000,2,exp1_permuted_src_datasets
1062,9575.516029599,1.0,1738677628.7255743,,4.470348091700771e-09,1.0,0.001,1,16,40x40,PrototypicalNetwork,5,5,b-59-850,TKH,False,5,4000,2,exp1_permuted_src_datasets
1063,9575.612911163,1.0,1738677628.8225365,,1.0430811769879256e-08,1.0,0.001,1,16,40x40,PrototypicalNetwork,5,5,b-59-850,TKH,False,5,4000,2,exp1_permuted_src_datasets
1064,9575.689095633,1.0,1738677628.898722,,2.2351736461700966e-08,1.0,0.001,1,16,40x40,PrototypicalNetwork,5,5,b-59-850,TKH,False,5,4000,2,exp1_permuted_src_datasets
1065,9575.750922324,1.0,1738677628.960551,,7.4505797087454084e-09,1.0,0.001,1,16,40x40,PrototypicalNetwork,5,5,b-59-850,TKH,False,5,4000,2,exp1_permuted_src_datasets
1066,9575.837222368,1.0,1738677629.0468152,,7.4505797087454084e-09,1.0,0.001,1,16,40x40,PrototypicalNetwork,5,5,b-59-850,TKH,False,5,4000,2,exp1_permuted_src_datasets
1067,9575.922747589,1.0,1738677629.1323292,,9.685737722975318e-08,1.0,0.001,1,16,40x40,PrototypicalNetwork,5,5,b-59-850,TKH,False,5,4000,2,exp1_permuted_src_datasets
1068,9576.000461715,1.0,1738677629.2101073,,2.9802320611338473e-09,1.0,0.001,1,16,40x40,PrototypicalNetwork,5,5,b-59-850,TKH,False,5,4000,2,exp1_permuted_src_datasets
1069,9576.087388077,1.0,1738677629.2970338,,1.7881387037732566e-08,1.0,0.001,1,16,40x40,PrototypicalNetwork,5,5,b-59-850,TKH,False,5,4000,2,exp1_permuted_src_datasets
1070,9576.158985391,1.0,1738677629.368624,,2.831220413668234e-08,1.0,0.001,1,16,40x40,PrototypicalNetwork,5,5,b-59-850,TKH,False,5,4000,2,exp1_permuted_src_datasets
1071,9576.224022104,1.0,1738677629.4335773,,7.4505797087454084e-09,1.0,0.001,1,16,40x40,PrototypicalNetwork,5,5,b-59-850,TKH,False,5,4000,2,exp1_permuted_src_datasets
1072,9576.302516695,1.0,1738677629.512152,,1.0430811769879256e-08,1.0,0.001,1,16,40x40,PrototypicalNetwork,5,5,b-59-850,TKH,False,5,4000,2,exp1_permuted_src_datasets
1073,9576.371768763,1.0,1738677629.581409,,5.960464122267695e-09,1.0,0.001,1,16,40x40,PrototypicalNetwork,5,5,b-59-850,TKH,False,5,4000,2,exp1_permuted_src_datasets
1074,10100.167352116,1.0,1738678153.3771229,0.8655500013828278,,,0.001,1,16,40x40,PrototypicalNetwork,5,5,b-59-850,TKH,False,5,4000,2,exp1_permuted_src_datasets
1075,10100.196283442,1.0,1738678153.4059799,,5.960464122267695e-09,1.0,0.001,1,16,40x40,PrototypicalNetwork,5,5,b-59-850,TKH,False,5,4000,2,exp1_permuted_src_datasets
1076,10100.241937973,1.0,1738678153.451599,,5.960464122267695e-09,1.0,0.001,1,16,40x40,PrototypicalNetwork,5,5,b-59-850,TKH,False,5,4000,2,exp1_permuted_src_datasets
1077,10100.322896932,1.0,1738678153.5324926,,8.940696183401542e-09,1.0,0.001,1,16,40x40,PrototypicalNetwork,5,5,b-59-850,TKH,False,5,4000,2,exp1_permuted_src_datasets
1078,10100.37254434,1.0,1738678153.5821714,,3.7252860352054995e-08,1.0,0.001,1,16,40x40,PrototypicalNetwork,5,5,b-59-850,TKH,False,5,4000,2,exp1_permuted_src_datasets
1079,10100.42779126,1.0,1738678153.6374578,,1.6987227979825548e-07,1.0,0.001,1,16,40x40,PrototypicalNetwork,5,5,b-59-850,TKH,False,5,4000,2,exp1_permuted_src_datasets
1080,10100.497613086,1.0,1738678153.7072895,,1.4901158529312397e-08,1.0,0.001,1,16,40x40,PrototypicalNetwork,5,5,b-59-850,TKH,False,5,4000,2,exp1_permuted_src_datasets
1081,10100.573798446,1.0,1738678153.7833893,,5.960463678178485e-09,1.0,0.001,1,16,40x40,PrototypicalNetwork,5,5,b-59-850,TKH,False,5,4000,2,exp1_permuted_src_datasets
1082,10100.644230054,1.0,1738678153.8538706,,2.980230284777008e-08,1.0,0.001,1,16,40x40,PrototypicalNetwork,5,5,b-59-850,TKH,False,5,4000,2,exp1_permuted_src_datasets
1083,10100.723986241,1.0,1738678153.933709,,5.960464122267695e-09,1.0,0.001,1,16,40x40,PrototypicalNetwork,5,5,b-59-850,TKH,False,5,4000,2,exp1_permuted_src_datasets
1084,10100.766981938,1.0,1738678153.976659,,1.192092824453539e-08,1.0,0.001,1,16,40x40,PrototypicalNetwork,5,5,b-59-850,TKH,False,5,4000,2,exp1_permuted_src_datasets
1085,10100.849428785,1.0,1738678154.0590549,,2.9802317058624794e-08,1.0,0.001,1,16,40x40,PrototypicalNetwork,5,5,b-59-850,TKH,False,5,4000,2,exp1_permuted_src_datasets
1086,10100.918825455,1.0,1738678154.1284695,,8.940696183401542e-09,1.0,0.001,1,16,40x40,PrototypicalNetwork,5,5,b-59-850,TKH,False,5,4000,2,exp1_permuted_src_datasets
1087,10100.974400014,1.0,1738678154.1841135,,4.470348091700771e-09,1.0,0.001,1,16,40x40,PrototypicalNetwork,5,5,b-59-850,TKH,False,5,4000,2,exp1_permuted_src_datasets
1088,10101.049297391,1.0,1738678154.258954,,1.7881390590446244e-08,1.0,0.001,1,16,40x40,PrototypicalNetwork,5,5,b-59-850,TKH,False,5,4000,2,exp1_permuted_src_datasets
1089,10101.126050519,1.0,1738678154.335695,,7.4505797087454084e-09,1.0,0.001,1,16,40x40,PrototypicalNetwork,5,5,b-59-850,TKH,False,5,4000,2,exp1_permuted_src_datasets
1090,10101.198874008,1.0,1738678154.4084978,,1.0430811769879256e-08,1.0,0.001,1,16,40x40,PrototypicalNetwork,5,5,b-59-850,TKH,False,5,4000,2,exp1_permuted_src_datasets
1091,10101.266332428,1.0,1738678154.4759867,,1.4901160305669237e-09,1.0,0.001,1,16,40x40,PrototypicalNetwork,5,5,b-59-850,TKH,False,5,4000,2,exp1_permuted_src_datasets
1092,10101.364438561,1.0,1738678154.5740366,,7.4505797087454084e-09,1.0,0.001,1,16,40x40,PrototypicalNetwork,5,5,b-59-850,TKH,False,5,4000,2,exp1_permuted_src_datasets
1093,10101.443205734,1.0,1738678154.6528602,,2.2351738238057806e-08,1.0,0.001,1,16,40x40,PrototypicalNetwork,5,5,b-59-850,TKH,False,5,4000,2,exp1_permuted_src_datasets
1094,10101.53593684,1.0,1738678154.7456067,,1.4901160305669237e-09,1.0,0.001,1,16,40x40,PrototypicalNetwork,5,5,b-59-850,TKH,False,5,4000,2,exp1_permuted_src_datasets
1095,10101.615553889,1.0,1738678154.825199,,5.960464122267695e-09,1.0,0.001,1,16,40x40,PrototypicalNetwork,5,5,b-59-850,TKH,False,5,4000,2,exp1_permuted_src_datasets
1096,10101.722153552,1.0,1738678154.9317694,,8.940696183401542e-09,1.0,0.001,1,16,40x40,PrototypicalNetwork,5,5,b-59-850,TKH,False,5,4000,2,exp1_permuted_src_datasets
1097,10101.820261304,1.0,1738678155.029894,,2.9802320611338473e-09,1.0,0.001,1,16,40x40,PrototypicalNetwork,5,5,b-59-850,TKH,False,5,4000,2,exp1_permuted_src_datasets
1098,10101.923342623,1.0,1738678155.1329744,,4.47034445016925e-08,1.0,0.001,1,16,40x40,PrototypicalNetwork,5,5,b-59-850,TKH,False,5,4000,2,exp1_permuted_src_datasets
1099,10102.017845907,1.0,1738678155.2274919,,2.086162353975851e-08,1.0,0.001,1,16,40x40,PrototypicalNetwork,5,5,b-59-850,TKH,False,5,4000,2,exp1_permuted_src_datasets
1100,10102.103635706,1.0,1738678155.3132389,,2.384185471271394e-08,1.0,0.001,1,16,40x40,PrototypicalNetwork,5,5,b-59-850,TKH,False,5,4000,2,exp1_permuted_src_datasets
1101,10102.168686336,1.0,1738678155.3783634,,1.3411043831013103e-08,1.0,0.001,1,16,40x40,PrototypicalNetwork,5,5,b-59-850,TKH,False,5,4000,2,exp1_permuted_src_datasets
1102,10102.22805153,1.0,1738678155.4377086,,1.4901155864777138e-08,1.0,0.001,1,16,40x40,PrototypicalNetwork,5,5,b-59-850,TKH,False,5,4000,2,exp1_permuted_src_datasets
1103,10102.282044059,1.0,1738678155.4916992,,6.4074939132297e-08,1.0,0.001,1,16,40x40,PrototypicalNetwork,5,5,b-59-850,TKH,False,5,4000,2,exp1_permuted_src_datasets
1104,10102.35317753,1.0,1738678155.5628374,,2.9802320611338473e-09,1.0,0.001,1,16,40x40,PrototypicalNetwork,5,5,b-59-850,TKH,False,5,4000,2,exp1_permuted_src_datasets
1105,10102.417617472,1.0,1738678155.6272163,,7.4505797087454084e-09,1.0,0.001,1,16,40x40,PrototypicalNetwork,5,5,b-59-850,TKH,False,5,4000,2,exp1_permuted_src_datasets
1106,10102.524122221,1.0,1738678155.7336538,,1.0430809993522416e-08,1.0,0.001,1,16,40x40,PrototypicalNetwork,5,5,b-59-850,TKH,False,5,4000,2,exp1_permuted_src_datasets
1107,10102.607913119,1.0,1738678155.817507,,5.960464122267695e-09,1.0,0.001,1,16,40x40,PrototypicalNetwork,5,5,b-59-850,TKH,False,5,4000,2,exp1_permuted_src_datasets
1108,10102.687341436,1.0,1738678155.8969374,,2.9802320611338473e-09,1.0,0.001,1,16,40x40,PrototypicalNetwork,5,5,b-59-850,TKH,False,5,4000,2,exp1_permuted_src_datasets
1109,10102.779319842,1.0,1738678155.9889636,,7.4505797087454084e-09,1.0,0.001,1,16,40x40,PrototypicalNetwork,5,5,b-59-850,TKH,False,5,4000,2,exp1_permuted_src_datasets
1110,10102.875632256,1.0,1738678156.0853014,,2.3841845830929742e-08,1.0,0.001,1,16,40x40,PrototypicalNetwork,5,5,b-59-850,TKH,False,5,4000,2,exp1_permuted_src_datasets
1111,10102.942373851,1.0,1738678156.1520236,,7.4505797087454084e-09,1.0,0.001,1,16,40x40,PrototypicalNetwork,5,5,b-59-850,TKH,False,5,4000,2,exp1_permuted_src_datasets
1112,10103.032111579,1.0,1738678156.2417567,,4.470348091700771e-09,1.0,0.001,1,16,40x40,PrototypicalNetwork,5,5,b-59-850,TKH,False,5,4000,2,exp1_permuted_src_datasets
1113,10103.10834019,1.0,1738678156.3179994,,8.940694407044703e-09,1.0,0.001,1,16,40x40,PrototypicalNetwork,5,5,b-59-850,TKH,False,5,4000,2,exp1_permuted_src_datasets
1114,10103.185325602,1.0,1738678156.394979,,1.192092646817855e-08,1.0,0.001,1,16,40x40,PrototypicalNetwork,5,5,b-59-850,TKH,False,5,4000,2,exp1_permuted_src_datasets
1115,10103.256395796,1.0,1738678156.4660478,,1.4901158529312397e-08,1.0,0.001,1,16,40x40,PrototypicalNetwork,5,5,b-59-850,TKH,False,5,4000,2,exp1_permuted_src_datasets
1116,10103.324217491,1.0,1738678156.5338194,,1.6391268786719593e-08,1.0,0.001,1,16,40x40,PrototypicalNetwork,5,5,b-59-850,TKH,False,5,4000,2,exp1_permuted_src_datasets
1117,10103.365940269,1.0,1738678156.5756083,,8.940696183401542e-09,1.0,0.001,1,16,40x40,PrototypicalNetwork,5,5,b-59-850,TKH,False,5,4000,2,exp1_permuted_src_datasets
1118,10103.408708456,1.0,1738678156.6183746,,7.4505797087454084e-09,1.0,0.001,1,16,40x40,PrototypicalNetwork,5,5,b-59-850,TKH,False,5,4000,2,exp1_permuted_src_datasets
1119,10103.476026987,1.0,1738678156.6856494,,1.192092735635697e-08,1.0,0.001,1,16,40x40,PrototypicalNetwork,5,5,b-59-850,TKH,False,5,4000,2,exp1_permuted_src_datasets
1120,10103.55854447,1.0,1738678156.7681663,,7.4505797087454084e-09,1.0,0.001,1,16,40x40,PrototypicalNetwork,5,5,b-59-850,TKH,False,5,4000,2,exp1_permuted_src_datasets
1121,10103.635068399,1.0,1738678156.844707,,7.4505792646561986e-09,1.0,0.001,1,16,40x40,PrototypicalNetwork,5,5,b-59-850,TKH,False,5,4000,2,exp1_permuted_src_datasets
1122,10103.688736751,1.0,1738678156.8983707,,5.960464122267695e-09,1.0,0.001,1,16,40x40,PrototypicalNetwork,5,5,b-59-850,TKH,False,5,4000,2,exp1_permuted_src_datasets
1123,10103.736943843,1.0,1738678156.9465835,,5.960463678178485e-09,1.0,0.001,1,16,40x40,PrototypicalNetwork,5,5,b-59-850,TKH,False,5,4000,2,exp1_permuted_src_datasets
1124,10103.798588079,1.0,1738678157.0082228,,2.9802320611338473e-09,1.0,0.001,1,16,40x40,PrototypicalNetwork,5,5,b-59-850,TKH,False,5,4000,2,exp1_permuted_src_datasets
1125,10103.872378503,1.0,1738678157.0820308,,1.4901160305669237e-09,1.0,0.001,1,16,40x40,PrototypicalNetwork,5,5,b-59-850,TKH,False,5,4000,2,exp1_permuted_src_datasets
1126,10103.978041922,1.0,1738678157.187694,,2.384184760728658e-08,1.0,0.001,1,16,40x40,PrototypicalNetwork,5,5,b-59-850,TKH,False,5,4000,2,exp1_permuted_src_datasets
1127,10104.061806892,1.0,1738678157.271466,,8.940696183401542e-09,1.0,0.001,1,16,40x40,PrototypicalNetwork,5,5,b-59-850,TKH,False,5,4000,2,exp1_permuted_src_datasets
1128,10104.152064537,1.0,1738678157.3617475,,2.9802320611338473e-09,1.0,0.001,1,16,40x40,PrototypicalNetwork,5,5,b-59-850,TKH,False,5,4000,2,exp1_permuted_src_datasets
1129,10104.229217877,1.0,1738678157.438922,,1.4901160305669237e-09,1.0,0.001,1,16,40x40,PrototypicalNetwork,5,5,b-59-850,TKH,False,5,4000,2,exp1_permuted_src_datasets
1130,10104.29086602,1.0,1738678157.5004466,,1.639127233943327e-08,1.0,0.001,1,16,40x40,PrototypicalNetwork,5,5,b-59-850,TKH,False,5,4000,2,exp1_permuted_src_datasets
1131,10104.362778798,1.0,1738678157.5724845,,1.7881385261375726e-08,1.0,0.001,1,16,40x40,PrototypicalNetwork,5,5,b-59-850,TKH,False,5,4000,2,exp1_permuted_src_datasets
1132,10104.455151777,1.0,1738678157.664742,,4.470348091700771e-09,1.0,0.001,1,16,40x40,PrototypicalNetwork,5,5,b-59-850,TKH,False,5,4000,2,exp1_permuted_src_datasets
1133,10104.518017358,1.0,1738678157.7276719,,2.9802320611338473e-09,1.0,0.001,1,16,40x40,PrototypicalNetwork,5,5,b-59-850,TKH,False,5,4000,2,exp1_permuted_src_datasets
1134,10104.60292574,1.0,1738678157.8125541,,4.470348091700771e-09,1.0,0.001,1,16,40x40,PrototypicalNetwork,5,5,b-59-850,TKH,False,5,4000,2,exp1_permuted_src_datasets
1135,10104.693698634,1.0,1738678157.9033668,,1.192092735635697e-08,1.0,0.001,1,16,40x40,PrototypicalNetwork,5,5,b-59-850,TKH,False,5,4000,2,exp1_permuted_src_datasets
1136,10104.755672362,1.0,1738678157.9652607,,1.4901160305669237e-09,1.0,0.001,1,16,40x40,PrototypicalNetwork,5,5,b-59-850,TKH,False,5,4000,2,exp1_permuted_src_datasets
1137,10634.661629854,1.0,1738678687.8292065,0.8642499992847442,,,0.001,1,16,40x40,PrototypicalNetwork,5,5,b-59-850,TKH,False,5,4000,2,exp1_permuted_src_datasets
1138,10634.683360849,1.0,1738678687.893042,,4.470348091700771e-09,1.0,0.001,1,16,40x40,PrototypicalNetwork,5,5,b-59-850,TKH,False,5,4000,2,exp1_permuted_src_datasets
1139,10634.764013662,1.0,1738678687.9736714,,0.0,1.0,0.001,1,16,40x40,PrototypicalNetwork,5,5,b-59-850,TKH,False,5,4000,2,exp1_permuted_src_datasets
1140,10634.844402873,1.0,1738678688.0540082,,3.874300347206372e-08,1.0,0.001,1,16,40x40,PrototypicalNetwork,5,5,b-59-850,TKH,False,5,4000,2,exp1_permuted_src_datasets
1141,10634.923775835,1.0,1738678688.1334326,,3.2782537573439186e-08,1.0,0.001,1,16,40x40,PrototypicalNetwork,5,5,b-59-850,TKH,False,5,4000,2,exp1_permuted_src_datasets
1142,10634.990351536,1.0,1738678688.200004,,4.470347647611561e-09,1.0,0.001,1,16,40x40,PrototypicalNetwork,5,5,b-59-850,TKH,False,5,4000,2,exp1_permuted_src_datasets
1143,10635.091760355,1.0,1738678688.3013918,,1.0430811769879256e-08,1.0,0.001,1,16,40x40,PrototypicalNetwork,5,5,b-59-850,TKH,False,5,4000,2,exp1_permuted_src_datasets
1144,10635.154076095,1.0,1738678688.3637297,,4.470348091700771e-09,1.0,0.001,1,16,40x40,PrototypicalNetwork,5,5,b-59-850,TKH,False,5,4000,2,exp1_permuted_src_datasets
1145,10635.200941253,1.0,1738678688.4106002,,1.0430811769879256e-08,1.0,0.001,1,16,40x40,PrototypicalNetwork,5,5,b-59-850,TKH,False,5,4000,2,exp1_permuted_src_datasets
1146,10635.293271512,1.0,1738678688.5028768,,2.9802320611338473e-09,1.0,0.001,1,16,40x40,PrototypicalNetwork,5,5,b-59-850,TKH,False,5,4000,2,exp1_permuted_src_datasets
1147,10635.372891567,1.0,1738678688.582547,,2.9802320611338473e-09,1.0,0.001,1,16,40x40,PrototypicalNetwork,5,5,b-59-850,TKH,False,5,4000,2,exp1_permuted_src_datasets
1148,10635.438823101,1.0,1738678688.6484778,,2.9802320611338473e-09,1.0,0.001,1,16,40x40,PrototypicalNetwork,5,5,b-59-850,TKH,False,5,4000,2,exp1_permuted_src_datasets
1149,10635.49130336,1.0,1738678688.7009535,,7.4505797087454084e-09,1.0,0.001,1,16,40x40,PrototypicalNetwork,5,5,b-59-850,TKH,False,5,4000,2,exp1_permuted_src_datasets
1150,10635.563048066,1.0,1738678688.7726915,,2.9802318390892424e-09,1.0,0.001,1,16,40x40,PrototypicalNetwork,5,5,b-59-850,TKH,False,5,4000,2,exp1_permuted_src_datasets
1151,10635.605210011,1.0,1738678688.8148751,,7.4505797087454084e-09,1.0,0.001,1,16,40x40,PrototypicalNetwork,5,5,b-59-850,TKH,False,5,4000,2,exp1_permuted_src_datasets
1152,10635.669021534,1.0,1738678688.8786647,,2.682207878024201e-08,1.0,0.001,1,16,40x40,PrototypicalNetwork,5,5,b-59-850,TKH,False,5,4000,2,exp1_permuted_src_datasets
1153,10635.728932399,1.0,1738678688.938528,,5.960464122267695e-09,1.0,0.001,1,16,40x40,PrototypicalNetwork,5,5,b-59-850,TKH,False,5,4000,2,exp1_permuted_src_datasets
1154,10635.800921987,1.0,1738678689.0105648,,5.960463234089275e-09,1.0,0.001,1,16,40x40,PrototypicalNetwork,5,5,b-59-850,TKH,False,5,4000,2,exp1_permuted_src_datasets
1155,10635.864239433,1.0,1738678689.0738914,,2.0861612881617475e-08,1.0,0.001,1,16,40x40,PrototypicalNetwork,5,5,b-59-850,TKH,False,5,4000,2,exp1_permuted_src_datasets
1156,10635.91414724,1.0,1738678689.1237853,,1.3411043831013103e-08,1.0,0.001,1,16,40x40,PrototypicalNetwork,5,5,b-59-850,TKH,False,5,4000,2,exp1_permuted_src_datasets
1157,10635.975506987,1.0,1738678689.1852024,,1.0430811769879256e-08,1.0,0.001,1,16,40x40,PrototypicalNetwork,5,5,b-59-850,TKH,False,5,4000,2,exp1_permuted_src_datasets
1158,10636.036292152,1.0,1738678689.245938,,1.4901160305669237e-09,1.0,0.001,1,16,40x40,PrototypicalNetwork,5,5,b-59-850,TKH,False,5,4000,2,exp1_permuted_src_datasets
1159,10636.096694023,1.0,1738678689.3063462,,1.4901156752955558e-08,1.0,0.001,1,16,40x40,PrototypicalNetwork,5,5,b-59-850,TKH,False,5,4000,2,exp1_permuted_src_datasets
1160,10636.161859689,1.0,1738678689.371522,,4.470348091700771e-09,1.0,0.001,1,16,40x40,PrototypicalNetwork,5,5,b-59-850,TKH,False,5,4000,2,exp1_permuted_src_datasets
1161,10636.220795405,1.0,1738678689.4304948,,1.639127589214695e-08,1.0,0.001,1,16,40x40,PrototypicalNetwork,5,5,b-59-850,TKH,False,5,4000,2,exp1_permuted_src_datasets
1162,10636.290056139,1.0,1738678689.4997144,,1.0430811769879256e-08,1.0,0.001,1,16,40x40,PrototypicalNetwork,5,5,b-59-850,TKH,False,5,4000,2,exp1_permuted_src_datasets
1163,10636.341265274,1.0,1738678689.55092,,4.470347647611561e-09,1.0,0.001,1,16,40x40,PrototypicalNetwork,5,5,b-59-850,TKH,False,5,4000,2,exp1_permuted_src_datasets
1164,10636.383094782,1.0,1738678689.592752,,1.6391270563076432e-08,1.0,0.001,1,16,40x40,PrototypicalNetwork,5,5,b-59-850,TKH,False,5,4000,2,exp1_permuted_src_datasets
1165,10636.444789615,1.0,1738678689.654443,,2.9802320611338473e-09,1.0,0.001,1,16,40x40,PrototypicalNetwork,5,5,b-59-850,TKH,False,5,4000,2,exp1_permuted_src_datasets
1166,10636.501919821,1.0,1738678689.7115896,,7.4505797087454084e-09,1.0,0.001,1,16,40x40,PrototypicalNetwork,5,5,b-59-850,TKH,False,5,4000,2,exp1_permuted_src_datasets
1167,10636.566427742,1.0,1738678689.7760444,,5.960463678178485e-09,1.0,0.001,1,16,40x40,PrototypicalNetwork,5,5,b-59-850,TKH,False,5,4000,2,exp1_permuted_src_datasets
1168,10636.658860557,1.0,1738678689.8684804,,7.4505797087454084e-09,1.0,0.001,1,16,40x40,PrototypicalNetwork,5,5,b-59-850,TKH,False,5,4000,2,exp1_permuted_src_datasets
1169,10636.746184244,1.0,1738678689.9558065,,1.4901160305669237e-09,1.0,0.001,1,16,40x40,PrototypicalNetwork,5,5,b-59-850,TKH,False,5,4000,2,exp1_permuted_src_datasets
1170,10636.838921372,1.0,1738678690.0485034,,4.470348091700771e-09,1.0,0.001,1,16,40x40,PrototypicalNetwork,5,5,b-59-850,TKH,False,5,4000,2,exp1_permuted_src_datasets
1171,10636.934810414,1.0,1738678690.144455,,4.470348091700771e-09,1.0,0.001,1,16,40x40,PrototypicalNetwork,5,5,b-59-850,TKH,False,5,4000,2,exp1_permuted_src_datasets
1172,10637.013611511,1.0,1738678690.22324,,3.2782537573439186e-08,1.0,0.001,1,16,40x40,PrototypicalNetwork,5,5,b-59-850,TKH,False,5,4000,2,exp1_permuted_src_datasets
1173,10637.10131486,1.0,1738678690.3109474,,1.639127589214695e-08,1.0,0.001,1,16,40x40,PrototypicalNetwork,5,5,b-59-850,TKH,False,5,4000,2,exp1_permuted_src_datasets
1174,10637.174994563,1.0,1738678690.3846178,,4.619355564727812e-08,1.0,0.001,1,16,40x40,PrototypicalNetwork,5,5,b-59-850,TKH,False,5,4000,2,exp1_permuted_src_datasets
1175,10637.273253548,1.0,1738678690.4823709,,1.0430811769879256e-08,1.0,0.001,1,16,40x40,PrototypicalNetwork,5,5,b-59-850,TKH,False,5,4000,2,exp1_permuted_src_datasets
1176,10637.38486763,1.0,1738678690.5945594,,1.0430811769879256e-08,1.0,0.001,1,16,40x40,PrototypicalNetwork,5,5,b-59-850,TKH,False,5,4000,2,exp1_permuted_src_datasets
1177,10637.457163618,1.0,1738678690.6668022,,2.9802318390892424e-09,1.0,0.001,1,16,40x40,PrototypicalNetwork,5,5,b-59-850,TKH,False,5,4000,2,exp1_permuted_src_datasets
1178,10637.520604181,1.0,1738678690.7302601,,4.470348091700771e-09,1.0,0.001,1,16,40x40,PrototypicalNetwork,5,5,b-59-850,TKH,False,5,4000,2,exp1_permuted_src_datasets
1179,10637.592376611,1.0,1738678690.8019788,,8.940696183401542e-09,1.0,0.001,1,16,40x40,PrototypicalNetwork,5,5,b-59-850,TKH,False,5,4000,2,exp1_permuted_src_datasets
1180,10637.679511574,1.0,1738678690.889131,,7.4505792646561986e-09,1.0,0.001,1,16,40x40,PrototypicalNetwork,5,5,b-59-850,TKH,False,5,4000,2,exp1_permuted_src_datasets
1181,10637.741306793,1.0,1738678690.9509573,,5.960463678178485e-09,1.0,0.001,1,16,40x40,PrototypicalNetwork,5,5,b-59-850,TKH,False,5,4000,2,exp1_permuted_src_datasets
1182,10637.833001893,1.0,1738678691.042611,,2.9802320611338473e-09,1.0,0.001,1,16,40x40,PrototypicalNetwork,5,5,b-59-850,TKH,False,5,4000,2,exp1_permuted_src_datasets
1183,10637.907352243,1.0,1738678691.1170108,,2.9802320611338473e-09,1.0,0.001,1,16,40x40,PrototypicalNetwork,5,5,b-59-850,TKH,False,5,4000,2,exp1_permuted_src_datasets
1184,10637.954430168,1.0,1738678691.1640239,,1.4901160305669237e-09,1.0,0.001,1,16,40x40,PrototypicalNetwork,5,5,b-59-850,TKH,False,5,4000,2,exp1_permuted_src_datasets
1185,10638.030659743,1.0,1738678691.240314,,8.940696183401542e-09,1.0,0.001,1,16,40x40,PrototypicalNetwork,5,5,b-59-850,TKH,False,5,4000,2,exp1_permuted_src_datasets
1186,10638.124586868,1.0,1738678691.3341932,,1.3411043831013103e-08,1.0,0.001,1,16,40x40,PrototypicalNetwork,5,5,b-59-850,TKH,False,5,4000,2,exp1_permuted_src_datasets
1187,10638.212243723,1.0,1738678691.421904,,2.9802320611338473e-09,1.0,0.001,1,16,40x40,PrototypicalNetwork,5,5,b-59-850,TKH,False,5,4000,2,exp1_permuted_src_datasets
1188,10638.267420792,1.0,1738678691.4770746,,1.4901160305669237e-09,1.0,0.001,1,16,40x40,PrototypicalNetwork,5,5,b-59-850,TKH,False,5,4000,2,exp1_permuted_src_datasets
1189,10638.338288816,1.0,1738678691.5479481,,4.470348091700771e-09,1.0,0.001,1,16,40x40,PrototypicalNetwork,5,5,b-59-850,TKH,False,5,4000,2,exp1_permuted_src_datasets
1190,10638.399417494,1.0,1738678691.6090643,,1.0430811769879256e-08,1.0,0.001,1,16,40x40,PrototypicalNetwork,5,5,b-59-850,TKH,False,5,4000,2,exp1_permuted_src_datasets
1191,10638.470811926,1.0,1738678691.6804018,,4.470348091700771e-09,1.0,0.001,1,16,40x40,PrototypicalNetwork,5,5,b-59-850,TKH,False,5,4000,2,exp1_permuted_src_datasets
1192,10638.54628137,1.0,1738678691.7559495,,1.4901159417490817e-08,1.0,0.001,1,16,40x40,PrototypicalNetwork,5,5,b-59-850,TKH,False,5,4000,2,exp1_permuted_src_datasets
1193,10638.616413739,1.0,1738678691.826062,,4.470348091700771e-09,1.0,0.001,1,16,40x40,PrototypicalNetwork,5,5,b-59-850,TKH,False,5,4000,2,exp1_permuted_src_datasets
1194,10638.681188872,1.0,1738678691.8908284,,5.960463234089275e-09,1.0,0.001,1,16,40x40,PrototypicalNetwork,5,5,b-59-850,TKH,False,5,4000,2,exp1_permuted_src_datasets
1195,10638.773892342,1.0,1738678691.9835658,,1.7881390590446244e-08,1.0,0.001,1,16,40x40,PrototypicalNetwork,5,5,b-59-850,TKH,False,5,4000,2,exp1_permuted_src_datasets
1196,10638.831744676,1.0,1738678692.0413995,,1.4901160305669237e-09,1.0,0.001,1,16,40x40,PrototypicalNetwork,5,5,b-59-850,TKH,False,5,4000,2,exp1_permuted_src_datasets
1197,10638.89562974,1.0,1738678692.1052818,,2.9802320611338473e-09,1.0,0.001,1,16,40x40,PrototypicalNetwork,5,5,b-59-850,TKH,False,5,4000,2,exp1_permuted_src_datasets
1198,10638.958851469,1.0,1738678692.1685164,,7.4505797087454084e-09,1.0,0.001,1,16,40x40,PrototypicalNetwork,5,5,b-59-850,TKH,False,5,4000,2,exp1_permuted_src_datasets
1199,10639.040298384,1.0,1738678692.2499633,,4.470348091700771e-09,1.0,0.001,1,16,40x40,PrototypicalNetwork,5,5,b-59-850,TKH,False,5,4000,2,exp1_permuted_src_datasets
1200,11164.58179892,1.0,1738679217.744391,0.8638499987125396,,,0.001,1,16,40x40,PrototypicalNetwork,5,5,b-59-850,TKH,False,5,4000,2,exp1_permuted_src_datasets
1201,11164.587900049,1.0,1738679217.7976308,,2.0861616434331154e-08,1.0,0.001,1,16,40x40,PrototypicalNetwork,5,5,b-59-850,TKH,False,5,4000,2,exp1_permuted_src_datasets
1202,11164.636038973,1.0,1738679217.845704,,2.3841838725502384e-08,1.0,0.001,1,16,40x40,PrototypicalNetwork,5,5,b-59-850,TKH,False,5,4000,2,exp1_permuted_src_datasets
1203,11164.715231021,1.0,1738679217.9248405,,1.7881390590446244e-08,1.0,0.001,1,16,40x40,PrototypicalNetwork,5,5,b-59-850,TKH,False,5,4000,2,exp1_permuted_src_datasets
1204,11164.784130611,1.0,1738679217.9937928,,1.0430811769879256e-08,1.0,0.001,1,16,40x40,PrototypicalNetwork,5,5,b-59-850,TKH,False,5,4000,2,exp1_permuted_src_datasets
1205,11164.844904899,1.0,1738679218.0545466,,1.0430811769879256e-08,1.0,0.001,1,16,40x40,PrototypicalNetwork,5,5,b-59-850,TKH,False,5,4000,2,exp1_permuted_src_datasets
1206,11164.91533256,1.0,1738679218.124975,,5.960464122267695e-09,1.0,0.001,1,16,40x40,PrototypicalNetwork,5,5,b-59-850,TKH,False,5,4000,2,exp1_permuted_src_datasets
1207,11164.975154972,1.0,1738679218.1847847,,1.0430811769879256e-08,1.0,0.001,1,16,40x40,PrototypicalNetwork,5,5,b-59-850,TKH,False,5,4000,2,exp1_permuted_src_datasets
1208,11165.053140137,1.0,1738679218.2627885,,2.9802320611338473e-09,1.0,0.001,1,16,40x40,PrototypicalNetwork,5,5,b-59-850,TKH,False,5,4000,2,exp1_permuted_src_datasets
1209,11165.109124527,1.0,1738679218.3187795,,1.4901160305669237e-09,1.0,0.001,1,16,40x40,PrototypicalNetwork,5,5,b-59-850,TKH,False,5,4000,2,exp1_permuted_src_datasets
1210,11165.201868692,1.0,1738679218.4114618,,4.470348091700771e-09,1.0,0.001,1,16,40x40,PrototypicalNetwork,5,5,b-59-850,TKH,False,5,4000,2,exp1_permuted_src_datasets
1211,11165.261409069,1.0,1738679218.471067,,8.940696183401542e-09,1.0,0.001,1,16,40x40,PrototypicalNetwork,5,5,b-59-850,TKH,False,5,4000,2,exp1_permuted_src_datasets
1212,11165.307403982,1.0,1738679218.5170636,,2.9802320611338473e-09,1.0,0.001,1,16,40x40,PrototypicalNetwork,5,5,b-59-850,TKH,False,5,4000,2,exp1_permuted_src_datasets
1213,11165.399467258,1.0,1738679218.609051,,1.192092735635697e-08,1.0,0.001,1,16,40x40,PrototypicalNetwork,5,5,b-59-850,TKH,False,5,4000,2,exp1_permuted_src_datasets
1214,11165.462323021,1.0,1738679218.6719837,,3.129242642785357e-08,1.0,0.001,1,16,40x40,PrototypicalNetwork,5,5,b-59-850,TKH,False,5,4000,2,exp1_permuted_src_datasets
1215,11165.563270591,1.0,1738679218.7728765,,8.940695295223122e-09,1.0,0.001,1,16,40x40,PrototypicalNetwork,5,5,b-59-850,TKH,False,5,4000,2,exp1_permuted_src_datasets
1216,11165.643536483,1.0,1738679218.853188,,7.4505792646561986e-09,1.0,0.001,1,16,40x40,PrototypicalNetwork,5,5,b-59-850,TKH,False,5,4000,2,exp1_permuted_src_datasets
1217,11165.705807358,1.0,1738679218.915447,,5.960464122267695e-09,1.0,0.001,1,16,40x40,PrototypicalNetwork,5,5,b-59-850,TKH,False,5,4000,2,exp1_permuted_src_datasets
1218,11165.792901196,1.0,1738679219.002546,,5.960464122267695e-09,1.0,0.001,1,16,40x40,PrototypicalNetwork,5,5,b-59-850,TKH,False,5,4000,2,exp1_permuted_src_datasets
1219,11165.865223437,1.0,1738679219.0748305,,1.937150173603186e-08,1.0,0.001,1,16,40x40,PrototypicalNetwork,5,5,b-59-850,TKH,False,5,4000,2,exp1_permuted_src_datasets
1220,11165.935578763,1.0,1738679219.1452014,,2.9802320611338473e-09,1.0,0.001,1,16,40x40,PrototypicalNetwork,5,5,b-59-850,TKH,False,5,4000,2,exp1_permuted_src_datasets
1221,11166.005227756,1.0,1738679219.2148776,,0.0,1.0,0.001,1,16,40x40,PrototypicalNetwork,5,5,b-59-850,TKH,False,5,4000,2,exp1_permuted_src_datasets
1222,11166.075431524,1.0,1738679219.2850888,,2.9802320611338473e-09,1.0,0.001,1,16,40x40,PrototypicalNetwork,5,5,b-59-850,TKH,False,5,4000,2,exp1_permuted_src_datasets
1223,11166.137757874,1.0,1738679219.3474045,,5.960464122267695e-09,1.0,0.001,1,16,40x40,PrototypicalNetwork,5,5,b-59-850,TKH,False,5,4000,2,exp1_permuted_src_datasets
1224,11166.226631431,1.0,1738679219.436224,,5.960464122267695e-09,1.0,0.001,1,16,40x40,PrototypicalNetwork,5,5,b-59-850,TKH,False,5,4000,2,exp1_permuted_src_datasets
1225,11166.295426612,1.0,1738679219.5050967,,1.4901160305669237e-09,1.0,0.001,1,16,40x40,PrototypicalNetwork,5,5,b-59-850,TKH,False,5,4000,2,exp1_permuted_src_datasets
1226,11166.356365868,1.0,1738679219.5660212,,1.4901160305669237e-09,1.0,0.001,1,16,40x40,PrototypicalNetwork,5,5,b-59-850,TKH,False,5,4000,2,exp1_permuted_src_datasets
1227,11166.415355346,1.0,1738679219.625021,,4.470348091700771e-09,1.0,0.001,1,16,40x40,PrototypicalNetwork,5,5,b-59-850,TKH,False,5,4000,2,exp1_permuted_src_datasets
1228,11166.480844127,1.0,1738679219.6904454,,5.960464122267695e-09,1.0,0.001,1,16,40x40,PrototypicalNetwork,5,5,b-59-850,TKH,False,5,4000,2,exp1_permuted_src_datasets
1229,11166.572053136,1.0,1738679219.7816756,,5.960463234089275e-09,1.0,0.001,1,16,40x40,PrototypicalNetwork,5,5,b-59-850,TKH,False,5,4000,2,exp1_permuted_src_datasets
1230,11166.665666664,1.0,1738679219.8752935,,1.3411042054656264e-08,1.0,0.001,1,16,40x40,PrototypicalNetwork,5,5,b-59-850,TKH,False,5,4000,2,exp1_permuted_src_datasets
1231,11166.720426169,1.0,1738679219.930082,,1.4901160305669237e-09,1.0,0.001,1,16,40x40,PrototypicalNetwork,5,5,b-59-850,TKH,False,5,4000,2,exp1_permuted_src_datasets
1232,11166.796389539,1.0,1738679220.0060341,,1.3411043831013103e-08,1.0,0.001,1,16,40x40,PrototypicalNetwork,5,5,b-59-850,TKH,False,5,4000,2,exp1_permuted_src_datasets
1233,11166.839838367,1.0,1738679220.0494838,,1.4901160305669237e-09,1.0,0.001,1,16,40x40,PrototypicalNetwork,5,5,b-59-850,TKH,False,5,4000,2,exp1_permuted_src_datasets
1234,11166.905833289,1.0,1738679220.1154215,,2.086162353975851e-08,1.0,0.001,1,16,40x40,PrototypicalNetwork,5,5,b-59-850,TKH,False,5,4000,2,exp1_permuted_src_datasets
1235,11166.986211542,1.0,1738679220.1958709,,1.3411043831013103e-08,1.0,0.001,1,16,40x40,PrototypicalNetwork,5,5,b-59-850,TKH,False,5,4000,2,exp1_permuted_src_datasets
1236,11167.065665809,1.0,1738679220.2753234,,1.192092735635697e-08,1.0,0.001,1,16,40x40,PrototypicalNetwork,5,5,b-59-850,TKH,False,5,4000,2,exp1_permuted_src_datasets
1237,11167.133834164,1.0,1738679220.3434684,,8.940696183401542e-09,1.0,0.001,1,16,40x40,PrototypicalNetwork,5,5,b-59-850,TKH,False,5,4000,2,exp1_permuted_src_datasets
1238,11167.237691081,1.0,1738679220.447323,,2.9802320611338473e-09,1.0,0.001,1,16,40x40,PrototypicalNetwork,5,5,b-59-850,TKH,False,5,4000,2,exp1_permuted_src_datasets
1239,11167.31903705,1.0,1738679220.5286748,,1.4901160305669237e-09,1.0,0.001,1,16,40x40,PrototypicalNetwork,5,5,b-59-850,TKH,False,5,4000,2,exp1_permuted_src_datasets
1240,11167.401045402,1.0,1738679220.6106532,,3.5762763417324095e-08,1.0,0.001,1,16,40x40,PrototypicalNetwork,5,5,b-59-850,TKH,False,5,4000,2,exp1_permuted_src_datasets
1241,11167.464673992,1.0,1738679220.674321,,2.9802320611338473e-09,1.0,0.001,1,16,40x40,PrototypicalNetwork,5,5,b-59-850,TKH,False,5,4000,2,exp1_permuted_src_datasets
1242,11167.532650713,1.0,1738679220.7422934,,8.940696183401542e-09,1.0,0.001,1,16,40x40,PrototypicalNetwork,5,5,b-59-850,TKH,False,5,4000,2,exp1_permuted_src_datasets
1243,11167.579923222,1.0,1738679220.7895713,,4.470348091700771e-09,1.0,0.001,1,16,40x40,PrototypicalNetwork,5,5,b-59-850,TKH,False,5,4000,2,exp1_permuted_src_datasets
1244,11167.626239872,1.0,1738679220.8358767,,2.0861621763401672e-08,1.0,0.001,1,16,40x40,PrototypicalNetwork,5,5,b-59-850,TKH,False,5,4000,2,exp1_permuted_src_datasets
1245,11167.758954335,1.0,1738679220.9685907,,1.4901160305669237e-09,1.0,0.001,1,16,40x40,PrototypicalNetwork,5,5,b-59-850,TKH,False,5,4000,2,exp1_permuted_src_datasets
1246,11167.843227642,1.0,1738679221.052871,,1.0430811769879256e-08,1.0,0.001,1,16,40x40,PrototypicalNetwork,5,5,b-59-850,TKH,False,5,4000,2,exp1_permuted_src_datasets
1247,11167.88859259,1.0,1738679221.0982285,,1.4901160305669237e-09,1.0,0.001,1,16,40x40,PrototypicalNetwork,5,5,b-59-850,TKH,False,5,4000,2,exp1_permuted_src_datasets
1248,11167.963126265,1.0,1738679221.1727753,,1.3411043831013103e-08,1.0,0.001,1,16,40x40,PrototypicalNetwork,5,5,b-59-850,TKH,False,5,4000,2,exp1_permuted_src_datasets
1249,11168.052483712,1.0,1738679221.2620752,,4.470348091700771e-09,1.0,0.001,1,16,40x40,PrototypicalNetwork,5,5,b-59-850,TKH,False,5,4000,2,exp1_permuted_src_datasets
1250,11168.118187719,1.0,1738679221.3278239,,1.192092735635697e-08,1.0,0.001,1,16,40x40,PrototypicalNetwork,5,5,b-59-850,TKH,False,5,4000,2,exp1_permuted_src_datasets
1251,11168.193777486,1.0,1738679221.403421,,1.639127589214695e-08,1.0,0.001,1,16,40x40,PrototypicalNetwork,5,5,b-59-850,TKH,False,5,4000,2,exp1_permuted_src_datasets
1252,11168.247520448,1.0,1738679221.457174,,7.450578376477779e-09,1.0,0.001,1,16,40x40,PrototypicalNetwork,5,5,b-59-850,TKH,False,5,4000,2,exp1_permuted_src_datasets
1253,11168.290527908,1.0,1738679221.5001807,,1.3411042054656264e-08,1.0,0.001,1,16,40x40,PrototypicalNetwork,5,5,b-59-850,TKH,False,5,4000,2,exp1_permuted_src_datasets
1254,11168.342528058,1.0,1738679221.5521405,,1.3411042054656264e-08,1.0,0.001,1,16,40x40,PrototypicalNetwork,5,5,b-59-850,TKH,False,5,4000,2,exp1_permuted_src_datasets
1255,11168.397110654,1.0,1738679221.6067626,,4.470348091700771e-09,1.0,0.001,1,16,40x40,PrototypicalNetwork,5,5,b-59-850,TKH,False,5,4000,2,exp1_permuted_src_datasets
1256,11168.4811838,1.0,1738679221.6907756,,1.4901160305669237e-09,1.0,0.001,1,16,40x40,PrototypicalNetwork,5,5,b-59-850,TKH,False,5,4000,2,exp1_permuted_src_datasets
1257,11168.574418455,1.0,1738679221.7840152,,1.0430811769879256e-08,1.0,0.001,1,16,40x40,PrototypicalNetwork,5,5,b-59-850,TKH,False,5,4000,2,exp1_permuted_src_datasets
1258,11168.663632522,1.0,1738679221.8732777,,7.4505797087454084e-09,1.0,0.001,1,16,40x40,PrototypicalNetwork,5,5,b-59-850,TKH,False,5,4000,2,exp1_permuted_src_datasets
1259,11168.725225361,1.0,1738679221.934833,,4.470348091700771e-09,1.0,0.001,1,16,40x40,PrototypicalNetwork,5,5,b-59-850,TKH,False,5,4000,2,exp1_permuted_src_datasets
1260,11168.768520407,1.0,1738679221.978168,,2.9802320611338473e-09,1.0,0.001,1,16,40x40,PrototypicalNetwork,5,5,b-59-850,TKH,False,5,4000,2,exp1_permuted_src_datasets
1261,11168.810948779,1.0,1738679222.0205805,,2.9802320611338473e-09,1.0,0.001,1,16,40x40,PrototypicalNetwork,5,5,b-59-850,TKH,False,5,4000,2,exp1_permuted_src_datasets
1262,11168.871096108,1.0,1738679222.0807092,,1.0430811769879256e-08,1.0,0.001,1,16,40x40,PrototypicalNetwork,5,5,b-59-850,TKH,False,5,4000,2,exp1_permuted_src_datasets
1263,11692.741673173,1.0,1738679745.9120417,0.8644499998092652,,,0.001,1,16,40x40,PrototypicalNetwork,5,5,b-59-850,TKH,False,5,4000,2,exp1_permuted_src_datasets
