_step,_runtime,bootstrap_iter,_timestamp,ft_eval_acc,ft_loss,ft_acc,lr,epochs,batch_size,input_size,model_type,n_way_test,n_way_train,tgt_dataset,src_datasets,fixed_support,samples_per_class,num_total_episodes,num_bootstrap_iters,exp_name
0,0.751317706,0.0,1738324661.709407,,,,0.001,1,16,40x40,MatchingNetwork,5,5,Egyptian,b-59-850,False,1,4000,2,exp1_permuted_src_datasets
1,3.453882683,0.0,1738324664.4119864,0.57925,,,0.001,1,16,40x40,MatchingNetwork,5,5,Egyptian,b-59-850,False,1,4000,2,exp1_permuted_src_datasets
2,3.470819067,0.0,1738324664.4288912,,1.385013461112976,1.0,0.001,1,16,40x40,MatchingNetwork,5,5,Egyptian,b-59-850,False,1,4000,2,exp1_permuted_src_datasets
3,3.571448238,0.0,1738324664.5295298,,1.3876574039459229,1.0,0.001,1,16,40x40,MatchingNetwork,5,5,Egyptian,b-59-850,False,1,4000,2,exp1_permuted_src_datasets
4,3.58557234,0.0,1738324664.5436547,,1.3995614051818848,0.9375,0.001,1,16,40x40,MatchingNetwork,5,5,Egyptian,b-59-850,False,1,4000,2,exp1_permuted_src_datasets
5,3.594927557,0.0,1738324664.5530486,,1.3993059396743774,1.0,0.001,1,16,40x40,MatchingNetwork,5,5,Egyptian,b-59-850,False,1,4000,2,exp1_permuted_src_datasets
6,3.604192739,0.0,1738324664.562316,,1.3823047876358032,1.0,0.001,1,16,40x40,MatchingNetwork,5,5,Egyptian,b-59-850,False,1,4000,2,exp1_permuted_src_datasets
7,3.614640007,0.0,1738324664.572758,,1.380411148071289,1.0,0.001,1,16,40x40,MatchingNetwork,5,5,Egyptian,b-59-850,False,1,4000,2,exp1_permuted_src_datasets
8,3.623915021,0.0,1738324664.5820413,,1.3829656839370728,1.0,0.001,1,16,40x40,MatchingNetwork,5,5,Egyptian,b-59-850,False,1,4000,2,exp1_permuted_src_datasets
9,3.6416120039999997,0.0,1738324664.599731,,1.3775922060012817,1.0,0.001,1,16,40x40,MatchingNetwork,5,5,Egyptian,b-59-850,False,1,4000,2,exp1_permuted_src_datasets
10,3.653666217,0.0,1738324664.6117227,,1.3806191682815552,1.0,0.001,1,16,40x40,MatchingNetwork,5,5,Egyptian,b-59-850,False,1,4000,2,exp1_permuted_src_datasets
11,3.663134681,0.0,1738324664.6212368,,1.3777873516082764,1.0,0.001,1,16,40x40,MatchingNetwork,5,5,Egyptian,b-59-850,False,1,4000,2,exp1_permuted_src_datasets
12,3.6759707600000002,0.0,1738324664.634071,,1.3725183010101318,1.0,0.001,1,16,40x40,MatchingNetwork,5,5,Egyptian,b-59-850,False,1,4000,2,exp1_permuted_src_datasets
13,3.685239032,0.0,1738324664.643346,,1.375998854637146,1.0,0.001,1,16,40x40,MatchingNetwork,5,5,Egyptian,b-59-850,False,1,4000,2,exp1_permuted_src_datasets
14,3.694552399,0.0,1738324664.6526692,,1.3713350296020508,1.0,0.001,1,16,40x40,MatchingNetwork,5,5,Egyptian,b-59-850,False,1,4000,2,exp1_permuted_src_datasets
15,3.703731006,0.0,1738324664.66186,,1.3742327690124512,1.0,0.001,1,16,40x40,MatchingNetwork,5,5,Egyptian,b-59-850,False,1,4000,2,exp1_permuted_src_datasets
16,3.712997571,0.0,1738324664.671124,,1.3725309371948242,1.0,0.001,1,16,40x40,MatchingNetwork,5,5,Egyptian,b-59-850,False,1,4000,2,exp1_permuted_src_datasets
17,3.725653392,0.0,1738324664.6837678,,1.3752473592758179,1.0,0.001,1,16,40x40,MatchingNetwork,5,5,Egyptian,b-59-850,False,1,4000,2,exp1_permuted_src_datasets
18,3.738530088,0.0,1738324664.6966562,,1.3733434677124023,1.0,0.001,1,16,40x40,MatchingNetwork,5,5,Egyptian,b-59-850,False,1,4000,2,exp1_permuted_src_datasets
19,3.751287618,0.0,1738324664.7094126,,1.370570421218872,1.0,0.001,1,16,40x40,MatchingNetwork,5,5,Egyptian,b-59-850,False,1,4000,2,exp1_permuted_src_datasets
20,3.76391915,0.0,1738324664.7220423,,1.4305386543273926,0.875,0.001,1,16,40x40,MatchingNetwork,5,5,Egyptian,b-59-850,False,1,4000,2,exp1_permuted_src_datasets
21,3.7787485910000003,0.0,1738324664.736858,,1.37099027633667,1.0,0.001,1,16,40x40,MatchingNetwork,5,5,Egyptian,b-59-850,False,1,4000,2,exp1_permuted_src_datasets
22,3.788251155,0.0,1738324664.7463663,,1.3706964254379272,1.0,0.001,1,16,40x40,MatchingNetwork,5,5,Egyptian,b-59-850,False,1,4000,2,exp1_permuted_src_datasets
23,3.798065142,0.0,1738324664.7561495,,1.3718782663345337,1.0,0.001,1,16,40x40,MatchingNetwork,5,5,Egyptian,b-59-850,False,1,4000,2,exp1_permuted_src_datasets
24,3.807494672,0.0,1738324664.7656226,,1.433195948600769,0.9375,0.001,1,16,40x40,MatchingNetwork,5,5,Egyptian,b-59-850,False,1,4000,2,exp1_permuted_src_datasets
25,3.8168239440000002,0.0,1738324664.7749438,,1.3706254959106445,1.0,0.001,1,16,40x40,MatchingNetwork,5,5,Egyptian,b-59-850,False,1,4000,2,exp1_permuted_src_datasets
26,3.831062566,0.0,1738324664.7891,,1.4325401782989502,0.9375,0.001,1,16,40x40,MatchingNetwork,5,5,Egyptian,b-59-850,False,1,4000,2,exp1_permuted_src_datasets
27,3.845142306,0.0,1738324664.803251,,1.3697700500488281,1.0,0.001,1,16,40x40,MatchingNetwork,5,5,Egyptian,b-59-850,False,1,4000,2,exp1_permuted_src_datasets
28,3.861359041,0.0,1738324664.8194273,,1.4297754764556885,0.9375,0.001,1,16,40x40,MatchingNetwork,5,5,Egyptian,b-59-850,False,1,4000,2,exp1_permuted_src_datasets
29,3.874871427,0.0,1738324664.832994,,1.3738595247268677,1.0,0.001,1,16,40x40,MatchingNetwork,5,5,Egyptian,b-59-850,False,1,4000,2,exp1_permuted_src_datasets
30,3.8856813690000003,0.0,1738324664.8437343,,1.3728582859039307,1.0,0.001,1,16,40x40,MatchingNetwork,5,5,Egyptian,b-59-850,False,1,4000,2,exp1_permuted_src_datasets
31,3.9041668830000003,0.0,1738324664.8621995,,1.429167628288269,1.0,0.001,1,16,40x40,MatchingNetwork,5,5,Egyptian,b-59-850,False,1,4000,2,exp1_permuted_src_datasets
32,3.91520138,0.0,1738324664.873317,,1.4281567335128784,1.0,0.001,1,16,40x40,MatchingNetwork,5,5,Egyptian,b-59-850,False,1,4000,2,exp1_permuted_src_datasets
33,3.924755654,0.0,1738324664.8828785,,1.3715614080429077,1.0,0.001,1,16,40x40,MatchingNetwork,5,5,Egyptian,b-59-850,False,1,4000,2,exp1_permuted_src_datasets
34,3.935523457,0.0,1738324664.8936105,,1.432063102722168,0.875,0.001,1,16,40x40,MatchingNetwork,5,5,Egyptian,b-59-850,False,1,4000,2,exp1_permuted_src_datasets
35,3.953824989,0.0,1738324664.9118552,,1.3710843324661255,1.0,0.001,1,16,40x40,MatchingNetwork,5,5,Egyptian,b-59-850,False,1,4000,2,exp1_permuted_src_datasets
36,3.970264231,0.0,1738324664.9283757,,1.3711282014846802,1.0,0.001,1,16,40x40,MatchingNetwork,5,5,Egyptian,b-59-850,False,1,4000,2,exp1_permuted_src_datasets
37,3.979751769,0.0,1738324664.9378724,,1.3746097087860107,1.0,0.001,1,16,40x40,MatchingNetwork,5,5,Egyptian,b-59-850,False,1,4000,2,exp1_permuted_src_datasets
38,3.989475336,0.0,1738324664.9475799,,1.3742550611495972,1.0,0.001,1,16,40x40,MatchingNetwork,5,5,Egyptian,b-59-850,False,1,4000,2,exp1_permuted_src_datasets
39,4.004316089,0.0,1738324664.9623868,,1.432477355003357,0.9375,0.001,1,16,40x40,MatchingNetwork,5,5,Egyptian,b-59-850,False,1,4000,2,exp1_permuted_src_datasets
40,4.020811618,0.0,1738324664.9788396,,1.3709771633148193,1.0,0.001,1,16,40x40,MatchingNetwork,5,5,Egyptian,b-59-850,False,1,4000,2,exp1_permuted_src_datasets
41,4.03157104,0.0,1738324664.9896924,,1.3747774362564087,1.0,0.001,1,16,40x40,MatchingNetwork,5,5,Egyptian,b-59-850,False,1,4000,2,exp1_permuted_src_datasets
42,4.040993824,0.0,1738324664.99911,,1.4291671514511108,0.875,0.001,1,16,40x40,MatchingNetwork,5,5,Egyptian,b-59-850,False,1,4000,2,exp1_permuted_src_datasets
43,4.050587743,0.0,1738324665.0086927,,1.4287805557250977,0.9375,0.001,1,16,40x40,MatchingNetwork,5,5,Egyptian,b-59-850,False,1,4000,2,exp1_permuted_src_datasets
44,4.060156536,0.0,1738324665.0182712,,1.3730071783065796,1.0,0.001,1,16,40x40,MatchingNetwork,5,5,Egyptian,b-59-850,False,1,4000,2,exp1_permuted_src_datasets
45,4.069556442,0.0,1738324665.027686,,1.3709765672683716,1.0,0.001,1,16,40x40,MatchingNetwork,5,5,Egyptian,b-59-850,False,1,4000,2,exp1_permuted_src_datasets
46,4.079775272,0.0,1738324665.0378892,,1.3698667287826538,1.0,0.001,1,16,40x40,MatchingNetwork,5,5,Egyptian,b-59-850,False,1,4000,2,exp1_permuted_src_datasets
47,4.091716169,0.0,1738324665.049826,,1.3768036365509033,1.0,0.001,1,16,40x40,MatchingNetwork,5,5,Egyptian,b-59-850,False,1,4000,2,exp1_permuted_src_datasets
48,4.102251163,0.0,1738324665.0603669,,1.3736964464187622,1.0,0.001,1,16,40x40,MatchingNetwork,5,5,Egyptian,b-59-850,False,1,4000,2,exp1_permuted_src_datasets
49,4.113129131,0.0,1738324665.0712376,,1.4283679723739624,0.875,0.001,1,16,40x40,MatchingNetwork,5,5,Egyptian,b-59-850,False,1,4000,2,exp1_permuted_src_datasets
50,4.122915254,0.0,1738324665.0810366,,1.3701542615890503,1.0,0.001,1,16,40x40,MatchingNetwork,5,5,Egyptian,b-59-850,False,1,4000,2,exp1_permuted_src_datasets
51,4.135403585,0.0,1738324665.0934737,,1.3742200136184692,1.0,0.001,1,16,40x40,MatchingNetwork,5,5,Egyptian,b-59-850,False,1,4000,2,exp1_permuted_src_datasets
52,4.144997563,0.0,1738324665.1031373,,1.3731505870819092,1.0,0.001,1,16,40x40,MatchingNetwork,5,5,Egyptian,b-59-850,False,1,4000,2,exp1_permuted_src_datasets
53,4.154331548,0.0,1738324665.1124773,,1.3709158897399902,1.0,0.001,1,16,40x40,MatchingNetwork,5,5,Egyptian,b-59-850,False,1,4000,2,exp1_permuted_src_datasets
54,4.166174402,0.0,1738324665.124292,,1.3730777502059937,1.0,0.001,1,16,40x40,MatchingNetwork,5,5,Egyptian,b-59-850,False,1,4000,2,exp1_permuted_src_datasets
55,4.176321719,0.0,1738324665.1344643,,1.37349271774292,1.0,0.001,1,16,40x40,MatchingNetwork,5,5,Egyptian,b-59-850,False,1,4000,2,exp1_permuted_src_datasets
56,4.18558773,0.0,1738324665.143732,,1.3707222938537598,1.0,0.001,1,16,40x40,MatchingNetwork,5,5,Egyptian,b-59-850,False,1,4000,2,exp1_permuted_src_datasets
57,4.194974731,0.0,1738324665.1530986,,1.3731353282928467,1.0,0.001,1,16,40x40,MatchingNetwork,5,5,Egyptian,b-59-850,False,1,4000,2,exp1_permuted_src_datasets
58,4.204237368,0.0,1738324665.1623807,,1.3692301511764526,1.0,0.001,1,16,40x40,MatchingNetwork,5,5,Egyptian,b-59-850,False,1,4000,2,exp1_permuted_src_datasets
59,4.213564881,0.0,1738324665.1716928,,1.3730272054672241,1.0,0.001,1,16,40x40,MatchingNetwork,5,5,Egyptian,b-59-850,False,1,4000,2,exp1_permuted_src_datasets
60,4.222849428,0.0,1738324665.1809788,,1.370094656944275,1.0,0.001,1,16,40x40,MatchingNetwork,5,5,Egyptian,b-59-850,False,1,4000,2,exp1_permuted_src_datasets
61,4.232193838,0.0,1738324665.1903095,,1.3701945543289185,1.0,0.001,1,16,40x40,MatchingNetwork,5,5,Egyptian,b-59-850,False,1,4000,2,exp1_permuted_src_datasets
62,4.241495192,0.0,1738324665.1996417,,1.3697677850723267,1.0,0.001,1,16,40x40,MatchingNetwork,5,5,Egyptian,b-59-850,False,1,4000,2,exp1_permuted_src_datasets
63,4.250856142,0.0,1738324665.2089808,,1.3695622682571411,1.0,0.001,1,16,40x40,MatchingNetwork,5,5,Egyptian,b-59-850,False,1,4000,2,exp1_permuted_src_datasets
64,6.745734219,0.0,1738324667.7038858,0.595,,,0.001,1,16,40x40,MatchingNetwork,5,5,Egyptian,b-59-850,False,1,4000,2,exp1_permuted_src_datasets
65,6.795380078,0.0,1738324667.753426,,1.3691825866699219,1.0,0.001,1,16,40x40,MatchingNetwork,5,5,Egyptian,b-59-850,False,1,4000,2,exp1_permuted_src_datasets
66,6.8053361930000005,0.0,1738324667.763418,,1.3720183372497559,1.0,0.001,1,16,40x40,MatchingNetwork,5,5,Egyptian,b-59-850,False,1,4000,2,exp1_permuted_src_datasets
67,6.814950254,0.0,1738324667.7730565,,1.372083306312561,1.0,0.001,1,16,40x40,MatchingNetwork,5,5,Egyptian,b-59-850,False,1,4000,2,exp1_permuted_src_datasets
68,6.824808637,0.0,1738324667.7829027,,1.4278262853622437,1.0,0.001,1,16,40x40,MatchingNetwork,5,5,Egyptian,b-59-850,False,1,4000,2,exp1_permuted_src_datasets
69,6.839594438,0.0,1738324667.7977,,1.3727335929870605,1.0,0.001,1,16,40x40,MatchingNetwork,5,5,Egyptian,b-59-850,False,1,4000,2,exp1_permuted_src_datasets
70,6.85560785,0.0,1738324667.8137052,,1.3730051517486572,1.0,0.001,1,16,40x40,MatchingNetwork,5,5,Egyptian,b-59-850,False,1,4000,2,exp1_permuted_src_datasets
71,6.865339698,0.0,1738324667.823461,,1.3717565536499023,1.0,0.001,1,16,40x40,MatchingNetwork,5,5,Egyptian,b-59-850,False,1,4000,2,exp1_permuted_src_datasets
72,6.874853074,0.0,1738324667.8329296,,1.3760408163070679,1.0,0.001,1,16,40x40,MatchingNetwork,5,5,Egyptian,b-59-850,False,1,4000,2,exp1_permuted_src_datasets
73,6.887080972,0.0,1738324667.8451588,,1.376777172088623,1.0,0.001,1,16,40x40,MatchingNetwork,5,5,Egyptian,b-59-850,False,1,4000,2,exp1_permuted_src_datasets
74,6.896730054,0.0,1738324667.8548439,,1.4301999807357788,0.875,0.001,1,16,40x40,MatchingNetwork,5,5,Egyptian,b-59-850,False,1,4000,2,exp1_permuted_src_datasets
75,6.906376493,0.0,1738324667.8644595,,1.3710025548934937,1.0,0.001,1,16,40x40,MatchingNetwork,5,5,Egyptian,b-59-850,False,1,4000,2,exp1_permuted_src_datasets
76,6.915927774,0.0,1738324667.8740442,,1.368743896484375,1.0,0.001,1,16,40x40,MatchingNetwork,5,5,Egyptian,b-59-850,False,1,4000,2,exp1_permuted_src_datasets
77,6.925178471,0.0,1738324667.883299,,1.3768794536590576,1.0,0.001,1,16,40x40,MatchingNetwork,5,5,Egyptian,b-59-850,False,1,4000,2,exp1_permuted_src_datasets
78,6.938277373,0.0,1738324667.8963532,,1.3724979162216187,1.0,0.001,1,16,40x40,MatchingNetwork,5,5,Egyptian,b-59-850,False,1,4000,2,exp1_permuted_src_datasets
79,6.947681244,0.0,1738324667.9057934,,1.3758946657180786,1.0,0.001,1,16,40x40,MatchingNetwork,5,5,Egyptian,b-59-850,False,1,4000,2,exp1_permuted_src_datasets
80,6.963203664,0.0,1738324667.9212592,,1.3724249601364136,1.0,0.001,1,16,40x40,MatchingNetwork,5,5,Egyptian,b-59-850,False,1,4000,2,exp1_permuted_src_datasets
81,6.976285407,0.0,1738324667.9344091,,1.3756295442581177,1.0,0.001,1,16,40x40,MatchingNetwork,5,5,Egyptian,b-59-850,False,1,4000,2,exp1_permuted_src_datasets
82,6.996107554,0.0,1738324667.954146,,1.3734447956085205,1.0,0.001,1,16,40x40,MatchingNetwork,5,5,Egyptian,b-59-850,False,1,4000,2,exp1_permuted_src_datasets
83,7.009520682,0.0,1738324667.9676406,,1.3725106716156006,1.0,0.001,1,16,40x40,MatchingNetwork,5,5,Egyptian,b-59-850,False,1,4000,2,exp1_permuted_src_datasets
84,7.02642489,0.0,1738324667.9845004,,1.3734575510025024,1.0,0.001,1,16,40x40,MatchingNetwork,5,5,Egyptian,b-59-850,False,1,4000,2,exp1_permuted_src_datasets
85,7.036723559,0.0,1738324667.9948308,,1.4273029565811157,1.0,0.001,1,16,40x40,MatchingNetwork,5,5,Egyptian,b-59-850,False,1,4000,2,exp1_permuted_src_datasets
86,7.04615811,0.0,1738324668.004289,,1.3708215951919556,1.0,0.001,1,16,40x40,MatchingNetwork,5,5,Egyptian,b-59-850,False,1,4000,2,exp1_permuted_src_datasets
87,7.058403552,0.0,1738324668.0165114,,1.4280710220336914,0.9375,0.001,1,16,40x40,MatchingNetwork,5,5,Egyptian,b-59-850,False,1,4000,2,exp1_permuted_src_datasets
88,7.067857106,0.0,1738324668.025993,,1.3723453283309937,1.0,0.001,1,16,40x40,MatchingNetwork,5,5,Egyptian,b-59-850,False,1,4000,2,exp1_permuted_src_datasets
89,7.077241891,0.0,1738324668.0353603,,1.3722492456436157,1.0,0.001,1,16,40x40,MatchingNetwork,5,5,Egyptian,b-59-850,False,1,4000,2,exp1_permuted_src_datasets
90,7.086589318,0.0,1738324668.0447228,,1.428017020225525,0.9375,0.001,1,16,40x40,MatchingNetwork,5,5,Egyptian,b-59-850,False,1,4000,2,exp1_permuted_src_datasets
91,7.096067344,0.0,1738324668.0541945,,1.370762586593628,1.0,0.001,1,16,40x40,MatchingNetwork,5,5,Egyptian,b-59-850,False,1,4000,2,exp1_permuted_src_datasets
92,7.111321262,0.0,1738324668.0693953,,1.368170142173767,1.0,0.001,1,16,40x40,MatchingNetwork,5,5,Egyptian,b-59-850,False,1,4000,2,exp1_permuted_src_datasets
93,7.123123019,0.0,1738324668.0812309,,1.4295706748962402,0.9375,0.001,1,16,40x40,MatchingNetwork,5,5,Egyptian,b-59-850,False,1,4000,2,exp1_permuted_src_datasets
94,7.132646223,0.0,1738324668.090773,,1.368880271911621,1.0,0.001,1,16,40x40,MatchingNetwork,5,5,Egyptian,b-59-850,False,1,4000,2,exp1_permuted_src_datasets
95,7.142163188,0.0,1738324668.1002827,,1.4283713102340698,1.0,0.001,1,16,40x40,MatchingNetwork,5,5,Egyptian,b-59-850,False,1,4000,2,exp1_permuted_src_datasets
96,7.158380222,0.0,1738324668.1163943,,1.3732002973556519,1.0,0.001,1,16,40x40,MatchingNetwork,5,5,Egyptian,b-59-850,False,1,4000,2,exp1_permuted_src_datasets
97,7.168215501,0.0,1738324668.1263344,,1.368818759918213,1.0,0.001,1,16,40x40,MatchingNetwork,5,5,Egyptian,b-59-850,False,1,4000,2,exp1_permuted_src_datasets
98,7.185036607,0.0,1738324668.1430347,,1.3732478618621826,1.0,0.001,1,16,40x40,MatchingNetwork,5,5,Egyptian,b-59-850,False,1,4000,2,exp1_permuted_src_datasets
99,7.194755187,0.0,1738324668.1528764,,1.3692318201065063,1.0,0.001,1,16,40x40,MatchingNetwork,5,5,Egyptian,b-59-850,False,1,4000,2,exp1_permuted_src_datasets
100,7.204662443,0.0,1738324668.1627886,,1.3691424131393433,1.0,0.001,1,16,40x40,MatchingNetwork,5,5,Egyptian,b-59-850,False,1,4000,2,exp1_permuted_src_datasets
101,7.213883452,0.0,1738324668.1720107,,1.4328432083129883,0.9375,0.001,1,16,40x40,MatchingNetwork,5,5,Egyptian,b-59-850,False,1,4000,2,exp1_permuted_src_datasets
102,7.223572235,0.0,1738324668.181704,,1.3717821836471558,1.0,0.001,1,16,40x40,MatchingNetwork,5,5,Egyptian,b-59-850,False,1,4000,2,exp1_permuted_src_datasets
103,7.236783526,0.0,1738324668.194842,,1.3705934286117554,1.0,0.001,1,16,40x40,MatchingNetwork,5,5,Egyptian,b-59-850,False,1,4000,2,exp1_permuted_src_datasets
104,7.252028186,0.0,1738324668.2101588,,1.379664421081543,1.0,0.001,1,16,40x40,MatchingNetwork,5,5,Egyptian,b-59-850,False,1,4000,2,exp1_permuted_src_datasets
105,7.263355688,0.0,1738324668.2214744,,1.3726253509521484,1.0,0.001,1,16,40x40,MatchingNetwork,5,5,Egyptian,b-59-850,False,1,4000,2,exp1_permuted_src_datasets
106,7.273030992,0.0,1738324668.2311342,,1.3729488849639893,1.0,0.001,1,16,40x40,MatchingNetwork,5,5,Egyptian,b-59-850,False,1,4000,2,exp1_permuted_src_datasets
107,7.294202785,0.0,1738324668.252219,,1.4289225339889526,0.875,0.001,1,16,40x40,MatchingNetwork,5,5,Egyptian,b-59-850,False,1,4000,2,exp1_permuted_src_datasets
108,7.308871366,0.0,1738324668.2668948,,1.4292538166046143,1.0,0.001,1,16,40x40,MatchingNetwork,5,5,Egyptian,b-59-850,False,1,4000,2,exp1_permuted_src_datasets
109,7.318890165,0.0,1738324668.276994,,1.3734136819839478,1.0,0.001,1,16,40x40,MatchingNetwork,5,5,Egyptian,b-59-850,False,1,4000,2,exp1_permuted_src_datasets
110,7.334062488,0.0,1738324668.2921977,,1.375345230102539,1.0,0.001,1,16,40x40,MatchingNetwork,5,5,Egyptian,b-59-850,False,1,4000,2,exp1_permuted_src_datasets
111,7.343572275,0.0,1738324668.3016908,,1.3725298643112183,1.0,0.001,1,16,40x40,MatchingNetwork,5,5,Egyptian,b-59-850,False,1,4000,2,exp1_permuted_src_datasets
112,7.353310838,0.0,1738324668.3114257,,1.372512698173523,1.0,0.001,1,16,40x40,MatchingNetwork,5,5,Egyptian,b-59-850,False,1,4000,2,exp1_permuted_src_datasets
113,7.362733538,0.0,1738324668.3208706,,1.371345043182373,1.0,0.001,1,16,40x40,MatchingNetwork,5,5,Egyptian,b-59-850,False,1,4000,2,exp1_permuted_src_datasets
114,7.372118196,0.0,1738324668.3302507,,1.369533658027649,1.0,0.001,1,16,40x40,MatchingNetwork,5,5,Egyptian,b-59-850,False,1,4000,2,exp1_permuted_src_datasets
115,7.387620827,0.0,1738324668.345748,,1.4288220405578613,1.0,0.001,1,16,40x40,MatchingNetwork,5,5,Egyptian,b-59-850,False,1,4000,2,exp1_permuted_src_datasets
116,7.401278017,0.0,1738324668.3594105,,1.371574878692627,1.0,0.001,1,16,40x40,MatchingNetwork,5,5,Egyptian,b-59-850,False,1,4000,2,exp1_permuted_src_datasets
117,7.415091992,0.0,1738324668.3732162,,1.3724089860916138,1.0,0.001,1,16,40x40,MatchingNetwork,5,5,Egyptian,b-59-850,False,1,4000,2,exp1_permuted_src_datasets
118,7.429186941,0.0,1738324668.3872135,,1.373389482498169,1.0,0.001,1,16,40x40,MatchingNetwork,5,5,Egyptian,b-59-850,False,1,4000,2,exp1_permuted_src_datasets
119,7.438847778,0.0,1738324668.3969576,,1.3724321126937866,1.0,0.001,1,16,40x40,MatchingNetwork,5,5,Egyptian,b-59-850,False,1,4000,2,exp1_permuted_src_datasets
120,7.448344412,0.0,1738324668.4064782,,1.4297385215759277,0.875,0.001,1,16,40x40,MatchingNetwork,5,5,Egyptian,b-59-850,False,1,4000,2,exp1_permuted_src_datasets
121,7.457953834,0.0,1738324668.4160812,,1.3720847368240356,1.0,0.001,1,16,40x40,MatchingNetwork,5,5,Egyptian,b-59-850,False,1,4000,2,exp1_permuted_src_datasets
122,7.477034679,0.0,1738324668.4351072,,1.372426152229309,1.0,0.001,1,16,40x40,MatchingNetwork,5,5,Egyptian,b-59-850,False,1,4000,2,exp1_permuted_src_datasets
123,7.497135195,0.0,1738324668.4551828,,1.4315190315246582,1.0,0.001,1,16,40x40,MatchingNetwork,5,5,Egyptian,b-59-850,False,1,4000,2,exp1_permuted_src_datasets
124,7.517386337,0.0,1738324668.4754639,,1.3733147382736206,1.0,0.001,1,16,40x40,MatchingNetwork,5,5,Egyptian,b-59-850,False,1,4000,2,exp1_permuted_src_datasets
125,7.527222916,0.0,1738324668.4853382,,1.370082139968872,1.0,0.001,1,16,40x40,MatchingNetwork,5,5,Egyptian,b-59-850,False,1,4000,2,exp1_permuted_src_datasets
126,7.542308589,0.0,1738324668.5004268,,1.36945378780365,1.0,0.001,1,16,40x40,MatchingNetwork,5,5,Egyptian,b-59-850,False,1,4000,2,exp1_permuted_src_datasets
127,9.950001828,0.0,1738324670.9081326,0.576,,,0.001,1,16,40x40,MatchingNetwork,5,5,Egyptian,b-59-850,False,1,4000,2,exp1_permuted_src_datasets
128,9.957346173,0.0,1738324670.9154396,,1.3731989860534668,1.0,0.001,1,16,40x40,MatchingNetwork,5,5,Egyptian,b-59-850,False,1,4000,2,exp1_permuted_src_datasets
129,9.967169174,0.0,1738324670.925268,,1.369402289390564,1.0,0.001,1,16,40x40,MatchingNetwork,5,5,Egyptian,b-59-850,False,1,4000,2,exp1_permuted_src_datasets
130,9.9769517,0.0,1738324670.934995,,1.369586706161499,1.0,0.001,1,16,40x40,MatchingNetwork,5,5,Egyptian,b-59-850,False,1,4000,2,exp1_permuted_src_datasets
131,9.987922853,0.0,1738324670.945986,,1.3691480159759521,1.0,0.001,1,16,40x40,MatchingNetwork,5,5,Egyptian,b-59-850,False,1,4000,2,exp1_permuted_src_datasets
132,9.997578236,0.0,1738324670.9556952,,1.3688499927520752,1.0,0.001,1,16,40x40,MatchingNetwork,5,5,Egyptian,b-59-850,False,1,4000,2,exp1_permuted_src_datasets
133,10.006881375,0.0,1738324670.9650037,,1.3770452737808228,1.0,0.001,1,16,40x40,MatchingNetwork,5,5,Egyptian,b-59-850,False,1,4000,2,exp1_permuted_src_datasets
134,10.016694407,0.0,1738324670.974811,,1.4283181428909302,1.0,0.001,1,16,40x40,MatchingNetwork,5,5,Egyptian,b-59-850,False,1,4000,2,exp1_permuted_src_datasets
135,10.031461776,0.0,1738324670.989512,,1.4295727014541626,1.0,0.001,1,16,40x40,MatchingNetwork,5,5,Egyptian,b-59-850,False,1,4000,2,exp1_permuted_src_datasets
136,10.049296764,0.0,1738324671.007367,,1.368556261062622,1.0,0.001,1,16,40x40,MatchingNetwork,5,5,Egyptian,b-59-850,False,1,4000,2,exp1_permuted_src_datasets
137,10.067951563,0.0,1738324671.026024,,1.369875431060791,1.0,0.001,1,16,40x40,MatchingNetwork,5,5,Egyptian,b-59-850,False,1,4000,2,exp1_permuted_src_datasets
138,10.083727312,0.0,1738324671.0418444,,1.372230052947998,1.0,0.001,1,16,40x40,MatchingNetwork,5,5,Egyptian,b-59-850,False,1,4000,2,exp1_permuted_src_datasets
139,10.098868926,0.0,1738324671.0569475,,1.3721215724945068,1.0,0.001,1,16,40x40,MatchingNetwork,5,5,Egyptian,b-59-850,False,1,4000,2,exp1_permuted_src_datasets
140,10.110841612,0.0,1738324671.068945,,1.3724929094314575,1.0,0.001,1,16,40x40,MatchingNetwork,5,5,Egyptian,b-59-850,False,1,4000,2,exp1_permuted_src_datasets
141,10.120391796,0.0,1738324671.078516,,1.375139832496643,1.0,0.001,1,16,40x40,MatchingNetwork,5,5,Egyptian,b-59-850,False,1,4000,2,exp1_permuted_src_datasets
142,10.131662299,0.0,1738324671.0897813,,1.3729084730148315,1.0,0.001,1,16,40x40,MatchingNetwork,5,5,Egyptian,b-59-850,False,1,4000,2,exp1_permuted_src_datasets
143,10.141035336,0.0,1738324671.0991573,,1.3725192546844482,1.0,0.001,1,16,40x40,MatchingNetwork,5,5,Egyptian,b-59-850,False,1,4000,2,exp1_permuted_src_datasets
144,10.150475673,0.0,1738324671.1086047,,1.3757126331329346,1.0,0.001,1,16,40x40,MatchingNetwork,5,5,Egyptian,b-59-850,False,1,4000,2,exp1_permuted_src_datasets
145,10.169446489,0.0,1738324671.127555,,1.372029423713684,1.0,0.001,1,16,40x40,MatchingNetwork,5,5,Egyptian,b-59-850,False,1,4000,2,exp1_permuted_src_datasets
146,10.182429958,0.0,1738324671.1405287,,1.4309818744659424,0.9375,0.001,1,16,40x40,MatchingNetwork,5,5,Egyptian,b-59-850,False,1,4000,2,exp1_permuted_src_datasets
147,10.19204641,0.0,1738324671.1501687,,1.3690969944000244,1.0,0.001,1,16,40x40,MatchingNetwork,5,5,Egyptian,b-59-850,False,1,4000,2,exp1_permuted_src_datasets
148,10.202131957,0.0,1738324671.1602407,,1.369396686553955,1.0,0.001,1,16,40x40,MatchingNetwork,5,5,Egyptian,b-59-850,False,1,4000,2,exp1_permuted_src_datasets
149,10.211851432,0.0,1738324671.1699812,,1.3693780899047852,1.0,0.001,1,16,40x40,MatchingNetwork,5,5,Egyptian,b-59-850,False,1,4000,2,exp1_permuted_src_datasets
150,10.224714901,0.0,1738324671.182835,,1.3689266443252563,1.0,0.001,1,16,40x40,MatchingNetwork,5,5,Egyptian,b-59-850,False,1,4000,2,exp1_permuted_src_datasets
151,10.234488236,0.0,1738324671.1925874,,1.3699967861175537,1.0,0.001,1,16,40x40,MatchingNetwork,5,5,Egyptian,b-59-850,False,1,4000,2,exp1_permuted_src_datasets
152,10.24397565,0.0,1738324671.202098,,1.3724051713943481,1.0,0.001,1,16,40x40,MatchingNetwork,5,5,Egyptian,b-59-850,False,1,4000,2,exp1_permuted_src_datasets
153,10.253331091,0.0,1738324671.2114558,,1.368544578552246,1.0,0.001,1,16,40x40,MatchingNetwork,5,5,Egyptian,b-59-850,False,1,4000,2,exp1_permuted_src_datasets
154,10.262752526,0.0,1738324671.2208755,,1.3687680959701538,1.0,0.001,1,16,40x40,MatchingNetwork,5,5,Egyptian,b-59-850,False,1,4000,2,exp1_permuted_src_datasets
155,10.27209516,0.0,1738324671.2302234,,1.3694449663162231,1.0,0.001,1,16,40x40,MatchingNetwork,5,5,Egyptian,b-59-850,False,1,4000,2,exp1_permuted_src_datasets
156,10.281777246,0.0,1738324671.239904,,1.3707119226455688,1.0,0.001,1,16,40x40,MatchingNetwork,5,5,Egyptian,b-59-850,False,1,4000,2,exp1_permuted_src_datasets
157,10.295455574,0.0,1738324671.2535205,,1.4285359382629395,1.0,0.001,1,16,40x40,MatchingNetwork,5,5,Egyptian,b-59-850,False,1,4000,2,exp1_permuted_src_datasets
158,10.309344986,0.0,1738324671.2674632,,1.3698328733444214,1.0,0.001,1,16,40x40,MatchingNetwork,5,5,Egyptian,b-59-850,False,1,4000,2,exp1_permuted_src_datasets
159,10.319279381,0.0,1738324671.2773998,,1.3720341920852661,1.0,0.001,1,16,40x40,MatchingNetwork,5,5,Egyptian,b-59-850,False,1,4000,2,exp1_permuted_src_datasets
160,10.328779656,0.0,1738324671.286907,,1.3695634603500366,1.0,0.001,1,16,40x40,MatchingNetwork,5,5,Egyptian,b-59-850,False,1,4000,2,exp1_permuted_src_datasets
161,10.339716356,0.0,1738324671.2978196,,1.3683147430419922,1.0,0.001,1,16,40x40,MatchingNetwork,5,5,Egyptian,b-59-850,False,1,4000,2,exp1_permuted_src_datasets
162,10.359170361,0.0,1738324671.3172028,,1.3731200695037842,1.0,0.001,1,16,40x40,MatchingNetwork,5,5,Egyptian,b-59-850,False,1,4000,2,exp1_permuted_src_datasets
163,10.379686571,0.0,1738324671.3377323,,1.3702259063720703,1.0,0.001,1,16,40x40,MatchingNetwork,5,5,Egyptian,b-59-850,False,1,4000,2,exp1_permuted_src_datasets
164,10.398292391,0.0,1738324671.3563926,,1.369220495223999,1.0,0.001,1,16,40x40,MatchingNetwork,5,5,Egyptian,b-59-850,False,1,4000,2,exp1_permuted_src_datasets
165,10.413511908,0.0,1738324671.3715887,,1.3681089878082275,1.0,0.001,1,16,40x40,MatchingNetwork,5,5,Egyptian,b-59-850,False,1,4000,2,exp1_permuted_src_datasets
166,10.428682453,0.0,1738324671.3848543,,1.369734525680542,1.0,0.001,1,16,40x40,MatchingNetwork,5,5,Egyptian,b-59-850,False,1,4000,2,exp1_permuted_src_datasets
167,10.439067457,0.0,1738324671.397193,,1.3688733577728271,1.0,0.001,1,16,40x40,MatchingNetwork,5,5,Egyptian,b-59-850,False,1,4000,2,exp1_permuted_src_datasets
168,10.485246824,0.0,1738324671.4067125,,1.3721476793289185,1.0,0.001,1,16,40x40,MatchingNetwork,5,5,Egyptian,b-59-850,False,1,4000,2,exp1_permuted_src_datasets
169,10.485285842,0.0,1738324671.4159315,,1.3718533515930176,1.0,0.001,1,16,40x40,MatchingNetwork,5,5,Egyptian,b-59-850,False,1,4000,2,exp1_permuted_src_datasets
170,10.485295849,0.0,1738324671.425611,,1.3702480792999268,1.0,0.001,1,16,40x40,MatchingNetwork,5,5,Egyptian,b-59-850,False,1,4000,2,exp1_permuted_src_datasets
171,10.485306831,0.0,1738324671.4357996,,1.3685415983200073,1.0,0.001,1,16,40x40,MatchingNetwork,5,5,Egyptian,b-59-850,False,1,4000,2,exp1_permuted_src_datasets
172,10.529218452,0.0,1738324671.4450898,,1.3721871376037598,1.0,0.001,1,16,40x40,MatchingNetwork,5,5,Egyptian,b-59-850,False,1,4000,2,exp1_permuted_src_datasets
173,10.529240398,0.0,1738324671.4545145,,1.372495174407959,1.0,0.001,1,16,40x40,MatchingNetwork,5,5,Egyptian,b-59-850,False,1,4000,2,exp1_permuted_src_datasets
174,10.529250738,0.0,1738324671.46386,,1.3728270530700684,1.0,0.001,1,16,40x40,MatchingNetwork,5,5,Egyptian,b-59-850,False,1,4000,2,exp1_permuted_src_datasets
175,10.529260336,0.0,1738324671.4731731,,1.3723033666610718,1.0,0.001,1,16,40x40,MatchingNetwork,5,5,Egyptian,b-59-850,False,1,4000,2,exp1_permuted_src_datasets
176,10.529268367,0.0,1738324671.482419,,1.3727524280548096,1.0,0.001,1,16,40x40,MatchingNetwork,5,5,Egyptian,b-59-850,False,1,4000,2,exp1_permuted_src_datasets
177,10.573221932,0.0,1738324671.4919083,,1.3687047958374023,1.0,0.001,1,16,40x40,MatchingNetwork,5,5,Egyptian,b-59-850,False,1,4000,2,exp1_permuted_src_datasets
178,10.573248122,0.0,1738324671.5012279,,1.3726879358291626,1.0,0.001,1,16,40x40,MatchingNetwork,5,5,Egyptian,b-59-850,False,1,4000,2,exp1_permuted_src_datasets
179,10.573259048,0.0,1738324671.510518,,1.372444748878479,1.0,0.001,1,16,40x40,MatchingNetwork,5,5,Egyptian,b-59-850,False,1,4000,2,exp1_permuted_src_datasets
180,10.573268665,0.0,1738324671.5258183,,1.368856430053711,1.0,0.001,1,16,40x40,MatchingNetwork,5,5,Egyptian,b-59-850,False,1,4000,2,exp1_permuted_src_datasets
181,10.578902734,0.0,1738324671.5370288,,1.3725440502166748,1.0,0.001,1,16,40x40,MatchingNetwork,5,5,Egyptian,b-59-850,False,1,4000,2,exp1_permuted_src_datasets
182,10.590844194,0.0,1738324671.5489562,,1.3725221157073975,1.0,0.001,1,16,40x40,MatchingNetwork,5,5,Egyptian,b-59-850,False,1,4000,2,exp1_permuted_src_datasets
183,10.600282943,0.0,1738324671.5584073,,1.4283841848373413,1.0,0.001,1,16,40x40,MatchingNetwork,5,5,Egyptian,b-59-850,False,1,4000,2,exp1_permuted_src_datasets
184,10.609741219,0.0,1738324671.567862,,1.3696742057800293,1.0,0.001,1,16,40x40,MatchingNetwork,5,5,Egyptian,b-59-850,False,1,4000,2,exp1_permuted_src_datasets
185,10.619968321,0.0,1738324671.5780745,,1.3697224855422974,1.0,0.001,1,16,40x40,MatchingNetwork,5,5,Egyptian,b-59-850,False,1,4000,2,exp1_permuted_src_datasets
186,10.629502623,0.0,1738324671.587625,,1.3723868131637573,1.0,0.001,1,16,40x40,MatchingNetwork,5,5,Egyptian,b-59-850,False,1,4000,2,exp1_permuted_src_datasets
187,10.639005822,0.0,1738324671.5971105,,1.4289559125900269,0.9375,0.001,1,16,40x40,MatchingNetwork,5,5,Egyptian,b-59-850,False,1,4000,2,exp1_permuted_src_datasets
188,10.65487493,0.0,1738324671.612993,,1.372239112854004,1.0,0.001,1,16,40x40,MatchingNetwork,5,5,Egyptian,b-59-850,False,1,4000,2,exp1_permuted_src_datasets
189,10.664970356,0.0,1738324671.6230857,,1.369502067565918,1.0,0.001,1,16,40x40,MatchingNetwork,5,5,Egyptian,b-59-850,False,1,4000,2,exp1_permuted_src_datasets
190,13.277902319,0.0,1738324674.2360568,0.59475,,,0.001,1,16,40x40,MatchingNetwork,5,5,Egyptian,b-59-850,False,1,4000,2,exp1_permuted_src_datasets
191,13.285727124,0.0,1738324674.243795,,1.371992826461792,1.0,0.001,1,16,40x40,MatchingNetwork,5,5,Egyptian,b-59-850,False,1,4000,2,exp1_permuted_src_datasets
192,13.295704783,0.0,1738324674.2538154,,1.3688278198242188,1.0,0.001,1,16,40x40,MatchingNetwork,5,5,Egyptian,b-59-850,False,1,4000,2,exp1_permuted_src_datasets
193,13.306160106,0.0,1738324674.264251,,1.3685956001281738,1.0,0.001,1,16,40x40,MatchingNetwork,5,5,Egyptian,b-59-850,False,1,4000,2,exp1_permuted_src_datasets
194,13.31654328,0.0,1738324674.274651,,1.370283603668213,1.0,0.001,1,16,40x40,MatchingNetwork,5,5,Egyptian,b-59-850,False,1,4000,2,exp1_permuted_src_datasets
195,13.333417734,0.0,1738324674.2915401,,1.372272253036499,1.0,0.001,1,16,40x40,MatchingNetwork,5,5,Egyptian,b-59-850,False,1,4000,2,exp1_permuted_src_datasets
196,13.347210104,0.0,1738324674.3052878,,1.4279329776763916,1.0,0.001,1,16,40x40,MatchingNetwork,5,5,Egyptian,b-59-850,False,1,4000,2,exp1_permuted_src_datasets
197,13.356859699,0.0,1738324674.3149695,,1.3737497329711914,1.0,0.001,1,16,40x40,MatchingNetwork,5,5,Egyptian,b-59-850,False,1,4000,2,exp1_permuted_src_datasets
198,13.366267038,0.0,1738324674.3243911,,1.3723129034042358,1.0,0.001,1,16,40x40,MatchingNetwork,5,5,Egyptian,b-59-850,False,1,4000,2,exp1_permuted_src_datasets
199,13.375673295,0.0,1738324674.333789,,1.3730863332748413,1.0,0.001,1,16,40x40,MatchingNetwork,5,5,Egyptian,b-59-850,False,1,4000,2,exp1_permuted_src_datasets
200,13.385022777,0.0,1738324674.343144,,1.3696956634521484,1.0,0.001,1,16,40x40,MatchingNetwork,5,5,Egyptian,b-59-850,False,1,4000,2,exp1_permuted_src_datasets
201,13.394792847,0.0,1738324674.3529034,,1.3693197965621948,1.0,0.001,1,16,40x40,MatchingNetwork,5,5,Egyptian,b-59-850,False,1,4000,2,exp1_permuted_src_datasets
202,13.40417162,0.0,1738324674.3622909,,1.3690217733383179,1.0,0.001,1,16,40x40,MatchingNetwork,5,5,Egyptian,b-59-850,False,1,4000,2,exp1_permuted_src_datasets
203,13.423326764,0.0,1738324674.3805454,,1.4283074140548706,1.0,0.001,1,16,40x40,MatchingNetwork,5,5,Egyptian,b-59-850,False,1,4000,2,exp1_permuted_src_datasets
204,13.439572614,0.0,1738324674.397588,,1.3718667030334473,1.0,0.001,1,16,40x40,MatchingNetwork,5,5,Egyptian,b-59-850,False,1,4000,2,exp1_permuted_src_datasets
205,13.449701527,0.0,1738324674.4077978,,1.3701261281967163,1.0,0.001,1,16,40x40,MatchingNetwork,5,5,Egyptian,b-59-850,False,1,4000,2,exp1_permuted_src_datasets
206,13.459168264,0.0,1738324674.4172964,,1.3686209917068481,1.0,0.001,1,16,40x40,MatchingNetwork,5,5,Egyptian,b-59-850,False,1,4000,2,exp1_permuted_src_datasets
207,13.468417566,0.0,1738324674.426544,,1.3755648136138916,1.0,0.001,1,16,40x40,MatchingNetwork,5,5,Egyptian,b-59-850,False,1,4000,2,exp1_permuted_src_datasets
208,13.481868525,0.0,1738324674.4399803,,1.369221806526184,1.0,0.001,1,16,40x40,MatchingNetwork,5,5,Egyptian,b-59-850,False,1,4000,2,exp1_permuted_src_datasets
209,13.498841693,0.0,1738324674.4569545,,1.3715927600860596,1.0,0.001,1,16,40x40,MatchingNetwork,5,5,Egyptian,b-59-850,False,1,4000,2,exp1_permuted_src_datasets
210,13.510362028,0.0,1738324674.4684777,,1.3702805042266846,1.0,0.001,1,16,40x40,MatchingNetwork,5,5,Egyptian,b-59-850,False,1,4000,2,exp1_permuted_src_datasets
211,13.520115143,0.0,1738324674.4782372,,1.4282084703445435,1.0,0.001,1,16,40x40,MatchingNetwork,5,5,Egyptian,b-59-850,False,1,4000,2,exp1_permuted_src_datasets
212,13.531670614,0.0,1738324674.4897742,,1.3695133924484253,1.0,0.001,1,16,40x40,MatchingNetwork,5,5,Egyptian,b-59-850,False,1,4000,2,exp1_permuted_src_datasets
213,13.543456998,0.0,1738324674.5015624,,1.3712772130966187,1.0,0.001,1,16,40x40,MatchingNetwork,5,5,Egyptian,b-59-850,False,1,4000,2,exp1_permuted_src_datasets
214,13.552986109,0.0,1738324674.5110776,,1.4298113584518433,1.0,0.001,1,16,40x40,MatchingNetwork,5,5,Egyptian,b-59-850,False,1,4000,2,exp1_permuted_src_datasets
215,13.569437796,0.0,1738324674.527482,,1.3686399459838867,1.0,0.001,1,16,40x40,MatchingNetwork,5,5,Egyptian,b-59-850,False,1,4000,2,exp1_permuted_src_datasets
216,13.579801648,0.0,1738324674.5379138,,1.4275580644607544,1.0,0.001,1,16,40x40,MatchingNetwork,5,5,Egyptian,b-59-850,False,1,4000,2,exp1_permuted_src_datasets
217,13.592346827,0.0,1738324674.550454,,1.4285304546356201,1.0,0.001,1,16,40x40,MatchingNetwork,5,5,Egyptian,b-59-850,False,1,4000,2,exp1_permuted_src_datasets
218,13.60207053,0.0,1738324674.5601907,,1.369032859802246,1.0,0.001,1,16,40x40,MatchingNetwork,5,5,Egyptian,b-59-850,False,1,4000,2,exp1_permuted_src_datasets
219,13.611432177,0.0,1738324674.56954,,1.3723279237747192,1.0,0.001,1,16,40x40,MatchingNetwork,5,5,Egyptian,b-59-850,False,1,4000,2,exp1_permuted_src_datasets
220,13.620896655,0.0,1738324674.5790396,,1.4285632371902466,1.0,0.001,1,16,40x40,MatchingNetwork,5,5,Egyptian,b-59-850,False,1,4000,2,exp1_permuted_src_datasets
221,13.63432249,0.0,1738324674.59241,,1.369567632675171,1.0,0.001,1,16,40x40,MatchingNetwork,5,5,Egyptian,b-59-850,False,1,4000,2,exp1_permuted_src_datasets
222,13.644112993,0.0,1738324674.6021929,,1.3722777366638184,1.0,0.001,1,16,40x40,MatchingNetwork,5,5,Egyptian,b-59-850,False,1,4000,2,exp1_permuted_src_datasets
223,13.654791154,0.0,1738324674.6128721,,1.3751024007797241,1.0,0.001,1,16,40x40,MatchingNetwork,5,5,Egyptian,b-59-850,False,1,4000,2,exp1_permuted_src_datasets
224,13.670656745,0.0,1738324674.6287422,,1.372374176979065,1.0,0.001,1,16,40x40,MatchingNetwork,5,5,Egyptian,b-59-850,False,1,4000,2,exp1_permuted_src_datasets
225,13.685008144,0.0,1738324674.6430113,,1.3696458339691162,1.0,0.001,1,16,40x40,MatchingNetwork,5,5,Egyptian,b-59-850,False,1,4000,2,exp1_permuted_src_datasets
226,13.698219036,0.0,1738324674.656309,,1.3724490404129028,1.0,0.001,1,16,40x40,MatchingNetwork,5,5,Egyptian,b-59-850,False,1,4000,2,exp1_permuted_src_datasets
227,13.707704482,0.0,1738324674.6658273,,1.3722610473632812,1.0,0.001,1,16,40x40,MatchingNetwork,5,5,Egyptian,b-59-850,False,1,4000,2,exp1_permuted_src_datasets
228,13.717008822,0.0,1738324674.6751306,,1.372193694114685,1.0,0.001,1,16,40x40,MatchingNetwork,5,5,Egyptian,b-59-850,False,1,4000,2,exp1_permuted_src_datasets
229,13.726450431,0.0,1738324674.6845682,,1.3717960119247437,1.0,0.001,1,16,40x40,MatchingNetwork,5,5,Egyptian,b-59-850,False,1,4000,2,exp1_permuted_src_datasets
230,13.735753965,0.0,1738324674.6938822,,1.3698043823242188,1.0,0.001,1,16,40x40,MatchingNetwork,5,5,Egyptian,b-59-850,False,1,4000,2,exp1_permuted_src_datasets
231,13.746718155,0.0,1738324674.7047987,,1.371871829032898,1.0,0.001,1,16,40x40,MatchingNetwork,5,5,Egyptian,b-59-850,False,1,4000,2,exp1_permuted_src_datasets
232,13.756153756,0.0,1738324674.7142768,,1.3686449527740479,1.0,0.001,1,16,40x40,MatchingNetwork,5,5,Egyptian,b-59-850,False,1,4000,2,exp1_permuted_src_datasets
233,13.765462311,0.0,1738324674.7235906,,1.3715088367462158,1.0,0.001,1,16,40x40,MatchingNetwork,5,5,Egyptian,b-59-850,False,1,4000,2,exp1_permuted_src_datasets
234,13.774885092,0.0,1738324674.7330081,,1.369436264038086,1.0,0.001,1,16,40x40,MatchingNetwork,5,5,Egyptian,b-59-850,False,1,4000,2,exp1_permuted_src_datasets
235,13.784352072,0.0,1738324674.742467,,1.369059443473816,1.0,0.001,1,16,40x40,MatchingNetwork,5,5,Egyptian,b-59-850,False,1,4000,2,exp1_permuted_src_datasets
236,13.793796983,0.0,1738324674.7519152,,1.429499864578247,0.8125,0.001,1,16,40x40,MatchingNetwork,5,5,Egyptian,b-59-850,False,1,4000,2,exp1_permuted_src_datasets
237,13.806618934,0.0,1738324674.7647269,,1.3720881938934326,1.0,0.001,1,16,40x40,MatchingNetwork,5,5,Egyptian,b-59-850,False,1,4000,2,exp1_permuted_src_datasets
238,13.816394498,0.0,1738324674.7744977,,1.3698570728302002,1.0,0.001,1,16,40x40,MatchingNetwork,5,5,Egyptian,b-59-850,False,1,4000,2,exp1_permuted_src_datasets
239,13.825826525,0.0,1738324674.7839513,,1.3700475692749023,1.0,0.001,1,16,40x40,MatchingNetwork,5,5,Egyptian,b-59-850,False,1,4000,2,exp1_permuted_src_datasets
240,13.835286603,0.0,1738324674.7934027,,1.372209072113037,1.0,0.001,1,16,40x40,MatchingNetwork,5,5,Egyptian,b-59-850,False,1,4000,2,exp1_permuted_src_datasets
241,13.849859588,0.0,1738324674.8079271,,1.3714631795883179,1.0,0.001,1,16,40x40,MatchingNetwork,5,5,Egyptian,b-59-850,False,1,4000,2,exp1_permuted_src_datasets
242,13.862516017,0.0,1738324674.8206217,,1.368706464767456,1.0,0.001,1,16,40x40,MatchingNetwork,5,5,Egyptian,b-59-850,False,1,4000,2,exp1_permuted_src_datasets
243,13.875835885,0.0,1738324674.8338828,,1.4318329095840454,0.9375,0.001,1,16,40x40,MatchingNetwork,5,5,Egyptian,b-59-850,False,1,4000,2,exp1_permuted_src_datasets
244,13.886146488,0.0,1738324674.8441758,,1.3695216178894043,1.0,0.001,1,16,40x40,MatchingNetwork,5,5,Egyptian,b-59-850,False,1,4000,2,exp1_permuted_src_datasets
245,13.896257764,0.0,1738324674.8543155,,1.3695297241210938,1.0,0.001,1,16,40x40,MatchingNetwork,5,5,Egyptian,b-59-850,False,1,4000,2,exp1_permuted_src_datasets
246,13.906558878,0.0,1738324674.864613,,1.3727737665176392,1.0,0.001,1,16,40x40,MatchingNetwork,5,5,Egyptian,b-59-850,False,1,4000,2,exp1_permuted_src_datasets
247,13.916426977,0.0,1738324674.874514,,1.3713854551315308,1.0,0.001,1,16,40x40,MatchingNetwork,5,5,Egyptian,b-59-850,False,1,4000,2,exp1_permuted_src_datasets
248,13.926245368,0.0,1738324674.8843138,,1.3728889226913452,1.0,0.001,1,16,40x40,MatchingNetwork,5,5,Egyptian,b-59-850,False,1,4000,2,exp1_permuted_src_datasets
249,13.936279602,0.0,1738324674.8943298,,1.372014045715332,1.0,0.001,1,16,40x40,MatchingNetwork,5,5,Egyptian,b-59-850,False,1,4000,2,exp1_permuted_src_datasets
250,13.949719091,0.0,1738324674.9078321,,1.369260549545288,1.0,0.001,1,16,40x40,MatchingNetwork,5,5,Egyptian,b-59-850,False,1,4000,2,exp1_permuted_src_datasets
251,13.963069206,0.0,1738324674.9211922,,1.4309324026107788,0.9375,0.001,1,16,40x40,MatchingNetwork,5,5,Egyptian,b-59-850,False,1,4000,2,exp1_permuted_src_datasets
252,13.97501681,0.0,1738324674.933142,,1.3719226121902466,1.0,0.001,1,16,40x40,MatchingNetwork,5,5,Egyptian,b-59-850,False,1,4000,2,exp1_permuted_src_datasets
253,16.29118919,0.0,1738324677.249317,0.588,,,0.001,1,16,40x40,MatchingNetwork,5,5,Egyptian,b-59-850,False,1,4000,2,exp1_permuted_src_datasets
254,16.298403247,0.0,1738324677.2565272,,1.3791600465774536,1.0,0.001,1,16,40x40,MatchingNetwork,5,5,Egyptian,b-59-850,False,1,4000,2,exp1_permuted_src_datasets
255,16.308053588,0.0,1738324677.2661622,,1.373433232307434,1.0,0.001,1,16,40x40,MatchingNetwork,5,5,Egyptian,b-59-850,False,1,4000,2,exp1_permuted_src_datasets
256,16.321678098,0.0,1738324677.2797859,,1.368900179862976,1.0,0.001,1,16,40x40,MatchingNetwork,5,5,Egyptian,b-59-850,False,1,4000,2,exp1_permuted_src_datasets
257,16.331066863,0.0,1738324677.2892084,,1.4291595220565796,0.9375,0.001,1,16,40x40,MatchingNetwork,5,5,Egyptian,b-59-850,False,1,4000,2,exp1_permuted_src_datasets
258,16.340699155,0.0,1738324677.298847,,1.428371548652649,1.0,0.001,1,16,40x40,MatchingNetwork,5,5,Egyptian,b-59-850,False,1,4000,2,exp1_permuted_src_datasets
259,16.350368138,0.0,1738324677.308505,,1.3750805854797363,1.0,0.001,1,16,40x40,MatchingNetwork,5,5,Egyptian,b-59-850,False,1,4000,2,exp1_permuted_src_datasets
260,16.362097488,0.0,1738324677.3202417,,1.3685634136199951,1.0,0.001,1,16,40x40,MatchingNetwork,5,5,Egyptian,b-59-850,False,1,4000,2,exp1_permuted_src_datasets
261,16.371500104,0.0,1738324677.329628,,1.3720099925994873,1.0,0.001,1,16,40x40,MatchingNetwork,5,5,Egyptian,b-59-850,False,1,4000,2,exp1_permuted_src_datasets
262,16.388483451,0.0,1738324677.3465765,,1.3713619709014893,1.0,0.001,1,16,40x40,MatchingNetwork,5,5,Egyptian,b-59-850,False,1,4000,2,exp1_permuted_src_datasets
263,16.399739287,0.0,1738324677.3578572,,1.3727235794067383,1.0,0.001,1,16,40x40,MatchingNetwork,5,5,Egyptian,b-59-850,False,1,4000,2,exp1_permuted_src_datasets
264,16.410501525,0.0,1738324677.3685954,,1.3699042797088623,1.0,0.001,1,16,40x40,MatchingNetwork,5,5,Egyptian,b-59-850,False,1,4000,2,exp1_permuted_src_datasets
265,16.421376304,0.0,1738324677.3794866,,1.3697201013565063,1.0,0.001,1,16,40x40,MatchingNetwork,5,5,Egyptian,b-59-850,False,1,4000,2,exp1_permuted_src_datasets
266,16.440928256,0.0,1738324677.3989015,,1.4283932447433472,1.0,0.001,1,16,40x40,MatchingNetwork,5,5,Egyptian,b-59-850,False,1,4000,2,exp1_permuted_src_datasets
267,16.451051997,0.0,1738324677.4091644,,1.3697351217269897,1.0,0.001,1,16,40x40,MatchingNetwork,5,5,Egyptian,b-59-850,False,1,4000,2,exp1_permuted_src_datasets
268,16.462992735,0.0,1738324677.4211035,,1.3688017129898071,1.0,0.001,1,16,40x40,MatchingNetwork,5,5,Egyptian,b-59-850,False,1,4000,2,exp1_permuted_src_datasets
269,16.474795521,0.0,1738324677.4328976,,1.3735893964767456,1.0,0.001,1,16,40x40,MatchingNetwork,5,5,Egyptian,b-59-850,False,1,4000,2,exp1_permuted_src_datasets
270,16.48464373,0.0,1738324677.442758,,1.3686977624893188,1.0,0.001,1,16,40x40,MatchingNetwork,5,5,Egyptian,b-59-850,False,1,4000,2,exp1_permuted_src_datasets
271,16.495115516,0.0,1738324677.453229,,1.3725481033325195,1.0,0.001,1,16,40x40,MatchingNetwork,5,5,Egyptian,b-59-850,False,1,4000,2,exp1_permuted_src_datasets
272,16.504616088,0.0,1738324677.4627323,,1.369225025177002,1.0,0.001,1,16,40x40,MatchingNetwork,5,5,Egyptian,b-59-850,False,1,4000,2,exp1_permuted_src_datasets
273,16.514260295,0.0,1738324677.4723823,,1.3717197179794312,1.0,0.001,1,16,40x40,MatchingNetwork,5,5,Egyptian,b-59-850,False,1,4000,2,exp1_permuted_src_datasets
274,16.523633739,0.0,1738324677.4817731,,1.3735737800598145,1.0,0.001,1,16,40x40,MatchingNetwork,5,5,Egyptian,b-59-850,False,1,4000,2,exp1_permuted_src_datasets
275,16.537158613,0.0,1738324677.4952672,,1.4321706295013428,0.9375,0.001,1,16,40x40,MatchingNetwork,5,5,Egyptian,b-59-850,False,1,4000,2,exp1_permuted_src_datasets
276,16.546433248,0.0,1738324677.5045626,,1.3721539974212646,1.0,0.001,1,16,40x40,MatchingNetwork,5,5,Egyptian,b-59-850,False,1,4000,2,exp1_permuted_src_datasets
277,16.556454887,0.0,1738324677.514562,,1.3692179918289185,1.0,0.001,1,16,40x40,MatchingNetwork,5,5,Egyptian,b-59-850,False,1,4000,2,exp1_permuted_src_datasets
278,16.566083332,0.0,1738324677.5241942,,1.373217225074768,1.0,0.001,1,16,40x40,MatchingNetwork,5,5,Egyptian,b-59-850,False,1,4000,2,exp1_permuted_src_datasets
279,16.577401185,0.0,1738324677.5355217,,1.3720371723175049,1.0,0.001,1,16,40x40,MatchingNetwork,5,5,Egyptian,b-59-850,False,1,4000,2,exp1_permuted_src_datasets
280,16.595013531,0.0,1738324677.5530322,,1.4283411502838135,1.0,0.001,1,16,40x40,MatchingNetwork,5,5,Egyptian,b-59-850,False,1,4000,2,exp1_permuted_src_datasets
281,16.613968698,0.0,1738324677.5720773,,1.4272438287734985,1.0,0.001,1,16,40x40,MatchingNetwork,5,5,Egyptian,b-59-850,False,1,4000,2,exp1_permuted_src_datasets
282,16.626764536,0.0,1738324677.5848863,,1.369207501411438,1.0,0.001,1,16,40x40,MatchingNetwork,5,5,Egyptian,b-59-850,False,1,4000,2,exp1_permuted_src_datasets
283,16.639108566,0.0,1738324677.597236,,1.3715695142745972,1.0,0.001,1,16,40x40,MatchingNetwork,5,5,Egyptian,b-59-850,False,1,4000,2,exp1_permuted_src_datasets
284,16.652460312,0.0,1738324677.6105807,,1.3692114353179932,1.0,0.001,1,16,40x40,MatchingNetwork,5,5,Egyptian,b-59-850,False,1,4000,2,exp1_permuted_src_datasets
285,16.661944115,0.0,1738324677.620075,,1.3686859607696533,1.0,0.001,1,16,40x40,MatchingNetwork,5,5,Egyptian,b-59-850,False,1,4000,2,exp1_permuted_src_datasets
286,16.675160682,0.0,1738324677.633286,,1.3716320991516113,1.0,0.001,1,16,40x40,MatchingNetwork,5,5,Egyptian,b-59-850,False,1,4000,2,exp1_permuted_src_datasets
287,16.689973239,0.0,1738324677.6480935,,1.3730963468551636,1.0,0.001,1,16,40x40,MatchingNetwork,5,5,Egyptian,b-59-850,False,1,4000,2,exp1_permuted_src_datasets
288,16.706852226,0.0,1738324677.6649718,,1.37326979637146,1.0,0.001,1,16,40x40,MatchingNetwork,5,5,Egyptian,b-59-850,False,1,4000,2,exp1_permuted_src_datasets
289,16.716737412,0.0,1738324677.674833,,1.3715121746063232,1.0,0.001,1,16,40x40,MatchingNetwork,5,5,Egyptian,b-59-850,False,1,4000,2,exp1_permuted_src_datasets
290,16.726253653,0.0,1738324677.6843777,,1.3685823678970337,1.0,0.001,1,16,40x40,MatchingNetwork,5,5,Egyptian,b-59-850,False,1,4000,2,exp1_permuted_src_datasets
291,16.736231281,0.0,1738324677.6943257,,1.3729711771011353,1.0,0.001,1,16,40x40,MatchingNetwork,5,5,Egyptian,b-59-850,False,1,4000,2,exp1_permuted_src_datasets
292,16.746053371,0.0,1738324677.7041533,,1.3719414472579956,1.0,0.001,1,16,40x40,MatchingNetwork,5,5,Egyptian,b-59-850,False,1,4000,2,exp1_permuted_src_datasets
293,16.755600728,0.0,1738324677.7137318,,1.3724849224090576,1.0,0.001,1,16,40x40,MatchingNetwork,5,5,Egyptian,b-59-850,False,1,4000,2,exp1_permuted_src_datasets
294,16.765048413,0.0,1738324677.7231793,,1.3694615364074707,1.0,0.001,1,16,40x40,MatchingNetwork,5,5,Egyptian,b-59-850,False,1,4000,2,exp1_permuted_src_datasets
295,16.774572452,0.0,1738324677.7326944,,1.4271728992462158,1.0,0.001,1,16,40x40,MatchingNetwork,5,5,Egyptian,b-59-850,False,1,4000,2,exp1_permuted_src_datasets
296,16.788666415,0.0,1738324677.7467563,,1.3694515228271484,1.0,0.001,1,16,40x40,MatchingNetwork,5,5,Egyptian,b-59-850,False,1,4000,2,exp1_permuted_src_datasets
297,16.805544443,0.0,1738324677.7636707,,1.3692288398742676,1.0,0.001,1,16,40x40,MatchingNetwork,5,5,Egyptian,b-59-850,False,1,4000,2,exp1_permuted_src_datasets
298,16.822452807,0.0,1738324677.7805376,,1.371504306793213,1.0,0.001,1,16,40x40,MatchingNetwork,5,5,Egyptian,b-59-850,False,1,4000,2,exp1_permuted_src_datasets
299,16.836810068,0.0,1738324677.7948604,,1.3680570125579834,1.0,0.001,1,16,40x40,MatchingNetwork,5,5,Egyptian,b-59-850,False,1,4000,2,exp1_permuted_src_datasets
300,16.849910068,0.0,1738324677.8080215,,1.3690252304077148,1.0,0.001,1,16,40x40,MatchingNetwork,5,5,Egyptian,b-59-850,False,1,4000,2,exp1_permuted_src_datasets
301,16.862789089,0.0,1738324677.820911,,1.372366189956665,1.0,0.001,1,16,40x40,MatchingNetwork,5,5,Egyptian,b-59-850,False,1,4000,2,exp1_permuted_src_datasets
302,16.873682152,0.0,1738324677.8318033,,1.428118109703064,1.0,0.001,1,16,40x40,MatchingNetwork,5,5,Egyptian,b-59-850,False,1,4000,2,exp1_permuted_src_datasets
303,16.882828263,0.0,1738324677.8409717,,1.4313271045684814,1.0,0.001,1,16,40x40,MatchingNetwork,5,5,Egyptian,b-59-850,False,1,4000,2,exp1_permuted_src_datasets
304,16.894501969,0.0,1738324677.8509119,,1.3693605661392212,1.0,0.001,1,16,40x40,MatchingNetwork,5,5,Egyptian,b-59-850,False,1,4000,2,exp1_permuted_src_datasets
305,16.90488472,0.0,1738324677.8629699,,1.3686832189559937,1.0,0.001,1,16,40x40,MatchingNetwork,5,5,Egyptian,b-59-850,False,1,4000,2,exp1_permuted_src_datasets
306,16.914286605,0.0,1738324677.8724275,,1.4316622018814087,0.9375,0.001,1,16,40x40,MatchingNetwork,5,5,Egyptian,b-59-850,False,1,4000,2,exp1_permuted_src_datasets
307,16.923429466,0.0,1738324677.8815806,,1.3692362308502197,1.0,0.001,1,16,40x40,MatchingNetwork,5,5,Egyptian,b-59-850,False,1,4000,2,exp1_permuted_src_datasets
308,16.932616466,0.0,1738324677.8907466,,1.3722517490386963,1.0,0.001,1,16,40x40,MatchingNetwork,5,5,Egyptian,b-59-850,False,1,4000,2,exp1_permuted_src_datasets
309,16.942319357,0.0,1738324677.9004114,,1.3792144060134888,1.0,0.001,1,16,40x40,MatchingNetwork,5,5,Egyptian,b-59-850,False,1,4000,2,exp1_permuted_src_datasets
310,16.951922912,0.0,1738324677.9100468,,1.3693151473999023,1.0,0.001,1,16,40x40,MatchingNetwork,5,5,Egyptian,b-59-850,False,1,4000,2,exp1_permuted_src_datasets
311,16.966553702,0.0,1738324677.9246702,,1.3760982751846313,1.0,0.001,1,16,40x40,MatchingNetwork,5,5,Egyptian,b-59-850,False,1,4000,2,exp1_permuted_src_datasets
312,16.975970795,0.0,1738324677.9340978,,1.3685027360916138,1.0,0.001,1,16,40x40,MatchingNetwork,5,5,Egyptian,b-59-850,False,1,4000,2,exp1_permuted_src_datasets
313,16.985169987,0.0,1738324677.9432945,,1.3721351623535156,1.0,0.001,1,16,40x40,MatchingNetwork,5,5,Egyptian,b-59-850,False,1,4000,2,exp1_permuted_src_datasets
314,16.99447198,0.0,1738324677.9525924,,1.3730947971343994,1.0,0.001,1,16,40x40,MatchingNetwork,5,5,Egyptian,b-59-850,False,1,4000,2,exp1_permuted_src_datasets
315,17.006302749,0.0,1738324677.9644053,,1.3729627132415771,1.0,0.001,1,16,40x40,MatchingNetwork,5,5,Egyptian,b-59-850,False,1,4000,2,exp1_permuted_src_datasets
316,19.394966121,0.0,1738324680.3531098,0.58575,,,0.001,1,16,40x40,MatchingNetwork,5,5,Egyptian,b-59-850,False,1,4000,2,exp1_permuted_src_datasets
317,19.402308252,0.0,1738324680.3604157,,1.372015118598938,1.0,0.001,1,16,40x40,MatchingNetwork,5,5,Egyptian,b-59-850,False,1,4000,2,exp1_permuted_src_datasets
318,19.41193852,0.0,1738324680.3700576,,1.3698221445083618,1.0,0.001,1,16,40x40,MatchingNetwork,5,5,Egyptian,b-59-850,False,1,4000,2,exp1_permuted_src_datasets
319,19.421420088,0.0,1738324680.3795385,,1.3720136880874634,1.0,0.001,1,16,40x40,MatchingNetwork,5,5,Egyptian,b-59-850,False,1,4000,2,exp1_permuted_src_datasets
320,19.439481475,0.0,1738324680.3975568,,1.3691976070404053,1.0,0.001,1,16,40x40,MatchingNetwork,5,5,Egyptian,b-59-850,False,1,4000,2,exp1_permuted_src_datasets
321,19.457778432,0.0,1738324680.4159012,,1.3688114881515503,1.0,0.001,1,16,40x40,MatchingNetwork,5,5,Egyptian,b-59-850,False,1,4000,2,exp1_permuted_src_datasets
322,19.467333252,0.0,1738324680.4254718,,1.3687083721160889,1.0,0.001,1,16,40x40,MatchingNetwork,5,5,Egyptian,b-59-850,False,1,4000,2,exp1_permuted_src_datasets
323,19.477575009,0.0,1738324680.435661,,1.371425986289978,1.0,0.001,1,16,40x40,MatchingNetwork,5,5,Egyptian,b-59-850,False,1,4000,2,exp1_permuted_src_datasets
324,19.492236432,0.0,1738324680.450308,,1.427276611328125,1.0,0.001,1,16,40x40,MatchingNetwork,5,5,Egyptian,b-59-850,False,1,4000,2,exp1_permuted_src_datasets
325,19.503149143,0.0,1738324680.461159,,1.3790611028671265,1.0,0.001,1,16,40x40,MatchingNetwork,5,5,Egyptian,b-59-850,False,1,4000,2,exp1_permuted_src_datasets
326,19.519566238,0.0,1738324680.477603,,1.3692443370819092,1.0,0.001,1,16,40x40,MatchingNetwork,5,5,Egyptian,b-59-850,False,1,4000,2,exp1_permuted_src_datasets
327,19.529447097,0.0,1738324680.4875717,,1.369385004043579,1.0,0.001,1,16,40x40,MatchingNetwork,5,5,Egyptian,b-59-850,False,1,4000,2,exp1_permuted_src_datasets
328,19.539029447,0.0,1738324680.4971569,,1.4277478456497192,1.0,0.001,1,16,40x40,MatchingNetwork,5,5,Egyptian,b-59-850,False,1,4000,2,exp1_permuted_src_datasets
329,19.548425745,0.0,1738324680.5065567,,1.3699198961257935,1.0,0.001,1,16,40x40,MatchingNetwork,5,5,Egyptian,b-59-850,False,1,4000,2,exp1_permuted_src_datasets
330,19.561894903,0.0,1738324680.5199833,,1.36847984790802,1.0,0.001,1,16,40x40,MatchingNetwork,5,5,Egyptian,b-59-850,False,1,4000,2,exp1_permuted_src_datasets
331,19.581600704,0.0,1738324680.5397086,,1.369178056716919,1.0,0.001,1,16,40x40,MatchingNetwork,5,5,Egyptian,b-59-850,False,1,4000,2,exp1_permuted_src_datasets
332,19.591256714,0.0,1738324680.5493789,,1.4270132780075073,1.0,0.001,1,16,40x40,MatchingNetwork,5,5,Egyptian,b-59-850,False,1,4000,2,exp1_permuted_src_datasets
333,19.601616357,0.0,1738324680.5597305,,1.3700233697891235,1.0,0.001,1,16,40x40,MatchingNetwork,5,5,Egyptian,b-59-850,False,1,4000,2,exp1_permuted_src_datasets
334,19.610935733,0.0,1738324680.5690544,,1.4294071197509766,0.9375,0.001,1,16,40x40,MatchingNetwork,5,5,Egyptian,b-59-850,False,1,4000,2,exp1_permuted_src_datasets
335,19.620461388,0.0,1738324680.578596,,1.4311350584030151,1.0,0.001,1,16,40x40,MatchingNetwork,5,5,Egyptian,b-59-850,False,1,4000,2,exp1_permuted_src_datasets
336,19.629845221,0.0,1738324680.5879912,,1.368504524230957,1.0,0.001,1,16,40x40,MatchingNetwork,5,5,Egyptian,b-59-850,False,1,4000,2,exp1_permuted_src_datasets
337,19.63922012,0.0,1738324680.5973463,,1.3726996183395386,1.0,0.001,1,16,40x40,MatchingNetwork,5,5,Egyptian,b-59-850,False,1,4000,2,exp1_permuted_src_datasets
338,19.652887771,0.0,1738324680.6109762,,1.3723622560501099,1.0,0.001,1,16,40x40,MatchingNetwork,5,5,Egyptian,b-59-850,False,1,4000,2,exp1_permuted_src_datasets
339,19.662581587,0.0,1738324680.620702,,1.370251178741455,1.0,0.001,1,16,40x40,MatchingNetwork,5,5,Egyptian,b-59-850,False,1,4000,2,exp1_permuted_src_datasets
340,19.673595298,0.0,1738324680.6315472,,1.3717602491378784,1.0,0.001,1,16,40x40,MatchingNetwork,5,5,Egyptian,b-59-850,False,1,4000,2,exp1_permuted_src_datasets
341,19.685166809000002,0.0,1738324680.643248,,1.4273585081100464,1.0,0.001,1,16,40x40,MatchingNetwork,5,5,Egyptian,b-59-850,False,1,4000,2,exp1_permuted_src_datasets
342,19.696767783,0.0,1738324680.654828,,1.428235650062561,1.0,0.001,1,16,40x40,MatchingNetwork,5,5,Egyptian,b-59-850,False,1,4000,2,exp1_permuted_src_datasets
343,19.717657461,0.0,1738324680.6756678,,1.3697304725646973,1.0,0.001,1,16,40x40,MatchingNetwork,5,5,Egyptian,b-59-850,False,1,4000,2,exp1_permuted_src_datasets
344,19.736313122,0.0,1738324680.6944315,,1.3693859577178955,1.0,0.001,1,16,40x40,MatchingNetwork,5,5,Egyptian,b-59-850,False,1,4000,2,exp1_permuted_src_datasets
345,19.746770527,0.0,1738324680.7048922,,1.3734922409057617,1.0,0.001,1,16,40x40,MatchingNetwork,5,5,Egyptian,b-59-850,False,1,4000,2,exp1_permuted_src_datasets
346,19.758965839,0.0,1738324680.7170413,,1.3695895671844482,1.0,0.001,1,16,40x40,MatchingNetwork,5,5,Egyptian,b-59-850,False,1,4000,2,exp1_permuted_src_datasets
347,19.771375707,0.0,1738324680.7294562,,1.368597149848938,1.0,0.001,1,16,40x40,MatchingNetwork,5,5,Egyptian,b-59-850,False,1,4000,2,exp1_permuted_src_datasets
348,19.78267608,0.0,1738324680.7407894,,1.3694812059402466,1.0,0.001,1,16,40x40,MatchingNetwork,5,5,Egyptian,b-59-850,False,1,4000,2,exp1_permuted_src_datasets
349,19.796147058,0.0,1738324680.7542784,,1.3686904907226562,1.0,0.001,1,16,40x40,MatchingNetwork,5,5,Egyptian,b-59-850,False,1,4000,2,exp1_permuted_src_datasets
350,19.815093053,0.0,1738324680.773171,,1.369539737701416,1.0,0.001,1,16,40x40,MatchingNetwork,5,5,Egyptian,b-59-850,False,1,4000,2,exp1_permuted_src_datasets
351,19.827487256,0.0,1738324680.7856145,,1.3723877668380737,1.0,0.001,1,16,40x40,MatchingNetwork,5,5,Egyptian,b-59-850,False,1,4000,2,exp1_permuted_src_datasets
352,19.841966098,0.0,1738324680.800089,,1.3731651306152344,1.0,0.001,1,16,40x40,MatchingNetwork,5,5,Egyptian,b-59-850,False,1,4000,2,exp1_permuted_src_datasets
353,19.855096934,0.0,1738324680.8132296,,1.4294041395187378,1.0,0.001,1,16,40x40,MatchingNetwork,5,5,Egyptian,b-59-850,False,1,4000,2,exp1_permuted_src_datasets
354,19.864605816,0.0,1738324680.822731,,1.4275479316711426,1.0,0.001,1,16,40x40,MatchingNetwork,5,5,Egyptian,b-59-850,False,1,4000,2,exp1_permuted_src_datasets
355,19.878227969,0.0,1738324680.8363154,,1.3687174320220947,1.0,0.001,1,16,40x40,MatchingNetwork,5,5,Egyptian,b-59-850,False,1,4000,2,exp1_permuted_src_datasets
356,19.887794243,0.0,1738324680.8458996,,1.4286071062088013,1.0,0.001,1,16,40x40,MatchingNetwork,5,5,Egyptian,b-59-850,False,1,4000,2,exp1_permuted_src_datasets
357,19.897343719,0.0,1738324680.8554547,,1.3723574876785278,1.0,0.001,1,16,40x40,MatchingNetwork,5,5,Egyptian,b-59-850,False,1,4000,2,exp1_permuted_src_datasets
358,19.908416801,0.0,1738324680.8665395,,1.3723794221878052,1.0,0.001,1,16,40x40,MatchingNetwork,5,5,Egyptian,b-59-850,False,1,4000,2,exp1_permuted_src_datasets
359,19.918307978,0.0,1738324680.8764226,,1.3696507215499878,1.0,0.001,1,16,40x40,MatchingNetwork,5,5,Egyptian,b-59-850,False,1,4000,2,exp1_permuted_src_datasets
360,19.927816522,0.0,1738324680.885938,,1.3695765733718872,1.0,0.001,1,16,40x40,MatchingNetwork,5,5,Egyptian,b-59-850,False,1,4000,2,exp1_permuted_src_datasets
361,19.940635848,0.0,1738324680.8987584,,1.3731509447097778,1.0,0.001,1,16,40x40,MatchingNetwork,5,5,Egyptian,b-59-850,False,1,4000,2,exp1_permuted_src_datasets
362,19.952846366,0.0,1738324680.910973,,1.3691946268081665,1.0,0.001,1,16,40x40,MatchingNetwork,5,5,Egyptian,b-59-850,False,1,4000,2,exp1_permuted_src_datasets
363,19.962379009,0.0,1738324680.9205022,,1.3691926002502441,1.0,0.001,1,16,40x40,MatchingNetwork,5,5,Egyptian,b-59-850,False,1,4000,2,exp1_permuted_src_datasets
364,19.971646788,0.0,1738324680.9297674,,1.369632601737976,1.0,0.001,1,16,40x40,MatchingNetwork,5,5,Egyptian,b-59-850,False,1,4000,2,exp1_permuted_src_datasets
365,19.980867865,0.0,1738324680.9389951,,1.372031807899475,1.0,0.001,1,16,40x40,MatchingNetwork,5,5,Egyptian,b-59-850,False,1,4000,2,exp1_permuted_src_datasets
366,19.990157064,0.0,1738324680.9482899,,1.3693935871124268,1.0,0.001,1,16,40x40,MatchingNetwork,5,5,Egyptian,b-59-850,False,1,4000,2,exp1_permuted_src_datasets
367,20.004272689,0.0,1738324680.9623625,,1.3714743852615356,1.0,0.001,1,16,40x40,MatchingNetwork,5,5,Egyptian,b-59-850,False,1,4000,2,exp1_permuted_src_datasets
368,20.017807714,0.0,1738324680.9758763,,1.3687281608581543,1.0,0.001,1,16,40x40,MatchingNetwork,5,5,Egyptian,b-59-850,False,1,4000,2,exp1_permuted_src_datasets
369,20.027425126,0.0,1738324680.9855366,,1.369889259338379,1.0,0.001,1,16,40x40,MatchingNetwork,5,5,Egyptian,b-59-850,False,1,4000,2,exp1_permuted_src_datasets
370,20.040993486,0.0,1738324680.9991143,,1.3700554370880127,1.0,0.001,1,16,40x40,MatchingNetwork,5,5,Egyptian,b-59-850,False,1,4000,2,exp1_permuted_src_datasets
371,20.05053173,0.0,1738324681.0086596,,1.371421217918396,1.0,0.001,1,16,40x40,MatchingNetwork,5,5,Egyptian,b-59-850,False,1,4000,2,exp1_permuted_src_datasets
372,20.059996023,0.0,1738324681.018127,,1.3681130409240723,1.0,0.001,1,16,40x40,MatchingNetwork,5,5,Egyptian,b-59-850,False,1,4000,2,exp1_permuted_src_datasets
373,20.070265251,0.0,1738324681.0283484,,1.3679790496826172,1.0,0.001,1,16,40x40,MatchingNetwork,5,5,Egyptian,b-59-850,False,1,4000,2,exp1_permuted_src_datasets
374,20.079863261,0.0,1738324681.037978,,1.3719218969345093,1.0,0.001,1,16,40x40,MatchingNetwork,5,5,Egyptian,b-59-850,False,1,4000,2,exp1_permuted_src_datasets
375,20.099003142,0.0,1738324681.0571127,,1.369841456413269,1.0,0.001,1,16,40x40,MatchingNetwork,5,5,Egyptian,b-59-850,False,1,4000,2,exp1_permuted_src_datasets
376,20.114138474,0.0,1738324681.0722606,,1.3684542179107666,1.0,0.001,1,16,40x40,MatchingNetwork,5,5,Egyptian,b-59-850,False,1,4000,2,exp1_permuted_src_datasets
377,20.130890147,0.0,1738324681.0889442,,1.428382396697998,1.0,0.001,1,16,40x40,MatchingNetwork,5,5,Egyptian,b-59-850,False,1,4000,2,exp1_permuted_src_datasets
378,20.144382594,0.0,1738324681.10248,,1.3720569610595703,1.0,0.001,1,16,40x40,MatchingNetwork,5,5,Egyptian,b-59-850,False,1,4000,2,exp1_permuted_src_datasets
379,22.526367397,0.0,1738324683.4845057,0.603,,,0.001,1,16,40x40,MatchingNetwork,5,5,Egyptian,b-59-850,False,1,4000,2,exp1_permuted_src_datasets
380,22.559682942,0.0,1738324683.5177717,,1.372689962387085,1.0,0.001,1,16,40x40,MatchingNetwork,5,5,Egyptian,b-59-850,False,1,4000,2,exp1_permuted_src_datasets
381,22.570386188,0.0,1738324683.5285058,,1.4276134967803955,1.0,0.001,1,16,40x40,MatchingNetwork,5,5,Egyptian,b-59-850,False,1,4000,2,exp1_permuted_src_datasets
382,22.579887446,0.0,1738324683.538006,,1.3768079280853271,1.0,0.001,1,16,40x40,MatchingNetwork,5,5,Egyptian,b-59-850,False,1,4000,2,exp1_permuted_src_datasets
383,22.589375166,0.0,1738324683.5474982,,1.371504306793213,1.0,0.001,1,16,40x40,MatchingNetwork,5,5,Egyptian,b-59-850,False,1,4000,2,exp1_permuted_src_datasets
384,22.598836049,0.0,1738324683.5569603,,1.3701121807098389,1.0,0.001,1,16,40x40,MatchingNetwork,5,5,Egyptian,b-59-850,False,1,4000,2,exp1_permuted_src_datasets
385,22.608337454,0.0,1738324683.5664768,,1.3680088520050049,1.0,0.001,1,16,40x40,MatchingNetwork,5,5,Egyptian,b-59-850,False,1,4000,2,exp1_permuted_src_datasets
386,22.617896084,0.0,1738324683.576032,,1.3687974214553833,1.0,0.001,1,16,40x40,MatchingNetwork,5,5,Egyptian,b-59-850,False,1,4000,2,exp1_permuted_src_datasets
387,22.627504022,0.0,1738324683.5856452,,1.3723442554473877,1.0,0.001,1,16,40x40,MatchingNetwork,5,5,Egyptian,b-59-850,False,1,4000,2,exp1_permuted_src_datasets
388,22.642538513,0.0,1738324683.6006224,,1.3679834604263306,1.0,0.001,1,16,40x40,MatchingNetwork,5,5,Egyptian,b-59-850,False,1,4000,2,exp1_permuted_src_datasets
389,22.658950102,0.0,1738324683.617042,,1.3695900440216064,1.0,0.001,1,16,40x40,MatchingNetwork,5,5,Egyptian,b-59-850,False,1,4000,2,exp1_permuted_src_datasets
390,22.674338397,0.0,1738324683.6324093,,1.3693394660949707,1.0,0.001,1,16,40x40,MatchingNetwork,5,5,Egyptian,b-59-850,False,1,4000,2,exp1_permuted_src_datasets
391,22.683926209,0.0,1738324683.6420505,,1.368967056274414,1.0,0.001,1,16,40x40,MatchingNetwork,5,5,Egyptian,b-59-850,False,1,4000,2,exp1_permuted_src_datasets
392,22.693324571,0.0,1738324683.6514437,,1.36881422996521,1.0,0.001,1,16,40x40,MatchingNetwork,5,5,Egyptian,b-59-850,False,1,4000,2,exp1_permuted_src_datasets
393,22.707444452,0.0,1738324683.6655755,,1.3684433698654175,1.0,0.001,1,16,40x40,MatchingNetwork,5,5,Egyptian,b-59-850,False,1,4000,2,exp1_permuted_src_datasets
394,22.718044427,0.0,1738324683.6761637,,1.3703334331512451,1.0,0.001,1,16,40x40,MatchingNetwork,5,5,Egyptian,b-59-850,False,1,4000,2,exp1_permuted_src_datasets
395,22.727523635,0.0,1738324683.6856623,,1.3702970743179321,1.0,0.001,1,16,40x40,MatchingNetwork,5,5,Egyptian,b-59-850,False,1,4000,2,exp1_permuted_src_datasets
396,22.73691631,0.0,1738324683.6950328,,1.3726085424423218,1.0,0.001,1,16,40x40,MatchingNetwork,5,5,Egyptian,b-59-850,False,1,4000,2,exp1_permuted_src_datasets
397,22.74631368,0.0,1738324683.7044334,,1.4278743267059326,0.9375,0.001,1,16,40x40,MatchingNetwork,5,5,Egyptian,b-59-850,False,1,4000,2,exp1_permuted_src_datasets
398,22.75656753,0.0,1738324683.7146616,,1.3722532987594604,1.0,0.001,1,16,40x40,MatchingNetwork,5,5,Egyptian,b-59-850,False,1,4000,2,exp1_permuted_src_datasets
399,22.773936415,0.0,1738324683.7320106,,1.3692206144332886,1.0,0.001,1,16,40x40,MatchingNetwork,5,5,Egyptian,b-59-850,False,1,4000,2,exp1_permuted_src_datasets
400,22.789291993,0.0,1738324683.747394,,1.3690969944000244,1.0,0.001,1,16,40x40,MatchingNetwork,5,5,Egyptian,b-59-850,False,1,4000,2,exp1_permuted_src_datasets
401,22.798940053,0.0,1738324683.7570589,,1.3684964179992676,1.0,0.001,1,16,40x40,MatchingNetwork,5,5,Egyptian,b-59-850,False,1,4000,2,exp1_permuted_src_datasets
402,22.808910976,0.0,1738324683.7670124,,1.3692032098770142,1.0,0.001,1,16,40x40,MatchingNetwork,5,5,Egyptian,b-59-850,False,1,4000,2,exp1_permuted_src_datasets
403,22.822569451,0.0,1738324683.7806442,,1.3690298795700073,1.0,0.001,1,16,40x40,MatchingNetwork,5,5,Egyptian,b-59-850,False,1,4000,2,exp1_permuted_src_datasets
404,22.834445432,0.0,1738324683.792519,,1.368788242340088,1.0,0.001,1,16,40x40,MatchingNetwork,5,5,Egyptian,b-59-850,False,1,4000,2,exp1_permuted_src_datasets
405,22.844817983,0.0,1738324683.8028712,,1.3762619495391846,1.0,0.001,1,16,40x40,MatchingNetwork,5,5,Egyptian,b-59-850,False,1,4000,2,exp1_permuted_src_datasets
406,22.855013125,0.0,1738324683.8131194,,1.3684560060501099,1.0,0.001,1,16,40x40,MatchingNetwork,5,5,Egyptian,b-59-850,False,1,4000,2,exp1_permuted_src_datasets
407,22.86647876,0.0,1738324683.8245578,,1.4281445741653442,1.0,0.001,1,16,40x40,MatchingNetwork,5,5,Egyptian,b-59-850,False,1,4000,2,exp1_permuted_src_datasets
408,22.881995305,0.0,1738324683.8400657,,1.3732460737228394,1.0,0.001,1,16,40x40,MatchingNetwork,5,5,Egyptian,b-59-850,False,1,4000,2,exp1_permuted_src_datasets
409,22.899009308,0.0,1738324683.8571494,,1.3760311603546143,1.0,0.001,1,16,40x40,MatchingNetwork,5,5,Egyptian,b-59-850,False,1,4000,2,exp1_permuted_src_datasets
410,22.909145172,0.0,1738324683.8672278,,1.3687952756881714,1.0,0.001,1,16,40x40,MatchingNetwork,5,5,Egyptian,b-59-850,False,1,4000,2,exp1_permuted_src_datasets
411,22.918871912,0.0,1738324683.877009,,1.4272857904434204,1.0,0.001,1,16,40x40,MatchingNetwork,5,5,Egyptian,b-59-850,False,1,4000,2,exp1_permuted_src_datasets
412,22.928324268,0.0,1738324683.8864708,,1.372122883796692,1.0,0.001,1,16,40x40,MatchingNetwork,5,5,Egyptian,b-59-850,False,1,4000,2,exp1_permuted_src_datasets
413,22.938409203,0.0,1738324683.896553,,1.4282456636428833,1.0,0.001,1,16,40x40,MatchingNetwork,5,5,Egyptian,b-59-850,False,1,4000,2,exp1_permuted_src_datasets
414,22.947837415,0.0,1738324683.905961,,1.3725697994232178,1.0,0.001,1,16,40x40,MatchingNetwork,5,5,Egyptian,b-59-850,False,1,4000,2,exp1_permuted_src_datasets
415,22.957342946,0.0,1738324683.9154704,,1.3753275871276855,1.0,0.001,1,16,40x40,MatchingNetwork,5,5,Egyptian,b-59-850,False,1,4000,2,exp1_permuted_src_datasets
416,22.966824465,0.0,1738324683.924944,,1.428862452507019,0.875,0.001,1,16,40x40,MatchingNetwork,5,5,Egyptian,b-59-850,False,1,4000,2,exp1_permuted_src_datasets
417,22.976268549,0.0,1738324683.934379,,1.3722501993179321,1.0,0.001,1,16,40x40,MatchingNetwork,5,5,Egyptian,b-59-850,False,1,4000,2,exp1_permuted_src_datasets
418,22.987056976,0.0,1738324683.9451525,,1.3749257326126099,1.0,0.001,1,16,40x40,MatchingNetwork,5,5,Egyptian,b-59-850,False,1,4000,2,exp1_permuted_src_datasets
419,22.997391023,0.0,1738324683.9554918,,1.3722074031829834,1.0,0.001,1,16,40x40,MatchingNetwork,5,5,Egyptian,b-59-850,False,1,4000,2,exp1_permuted_src_datasets
420,23.007286688,0.0,1738324683.965403,,1.372667670249939,1.0,0.001,1,16,40x40,MatchingNetwork,5,5,Egyptian,b-59-850,False,1,4000,2,exp1_permuted_src_datasets
421,23.020531657,0.0,1738324683.978629,,1.3692470788955688,1.0,0.001,1,16,40x40,MatchingNetwork,5,5,Egyptian,b-59-850,False,1,4000,2,exp1_permuted_src_datasets
422,23.034500519,0.0,1738324683.9925847,,1.3722264766693115,1.0,0.001,1,16,40x40,MatchingNetwork,5,5,Egyptian,b-59-850,False,1,4000,2,exp1_permuted_src_datasets
423,23.045664685,0.0,1738324684.003781,,1.374916672706604,1.0,0.001,1,16,40x40,MatchingNetwork,5,5,Egyptian,b-59-850,False,1,4000,2,exp1_permuted_src_datasets
424,23.055093689,0.0,1738324684.0132117,,1.4322301149368286,1.0,0.001,1,16,40x40,MatchingNetwork,5,5,Egyptian,b-59-850,False,1,4000,2,exp1_permuted_src_datasets
425,23.064591315,0.0,1738324684.0227106,,1.3720886707305908,1.0,0.001,1,16,40x40,MatchingNetwork,5,5,Egyptian,b-59-850,False,1,4000,2,exp1_permuted_src_datasets
426,23.074086059,0.0,1738324684.0322056,,1.3753594160079956,1.0,0.001,1,16,40x40,MatchingNetwork,5,5,Egyptian,b-59-850,False,1,4000,2,exp1_permuted_src_datasets
427,23.083669983,0.0,1738324684.041788,,1.3715291023254395,1.0,0.001,1,16,40x40,MatchingNetwork,5,5,Egyptian,b-59-850,False,1,4000,2,exp1_permuted_src_datasets
428,23.093104081,0.0,1738324684.0512378,,1.4276063442230225,1.0,0.001,1,16,40x40,MatchingNetwork,5,5,Egyptian,b-59-850,False,1,4000,2,exp1_permuted_src_datasets
429,23.102577036,0.0,1738324684.0607097,,1.375207543373108,1.0,0.001,1,16,40x40,MatchingNetwork,5,5,Egyptian,b-59-850,False,1,4000,2,exp1_permuted_src_datasets
430,23.111993957,0.0,1738324684.070134,,1.3694775104522705,1.0,0.001,1,16,40x40,MatchingNetwork,5,5,Egyptian,b-59-850,False,1,4000,2,exp1_permuted_src_datasets
431,23.129548721,0.0,1738324684.0875897,,1.4282643795013428,1.0,0.001,1,16,40x40,MatchingNetwork,5,5,Egyptian,b-59-850,False,1,4000,2,exp1_permuted_src_datasets
432,23.149593438,0.0,1738324684.1076913,,1.371612310409546,1.0,0.001,1,16,40x40,MatchingNetwork,5,5,Egyptian,b-59-850,False,1,4000,2,exp1_permuted_src_datasets
433,23.159575872,0.0,1738324684.117685,,1.3691658973693848,1.0,0.001,1,16,40x40,MatchingNetwork,5,5,Egyptian,b-59-850,False,1,4000,2,exp1_permuted_src_datasets
434,23.169017812,0.0,1738324684.127136,,1.368474006652832,1.0,0.001,1,16,40x40,MatchingNetwork,5,5,Egyptian,b-59-850,False,1,4000,2,exp1_permuted_src_datasets
435,23.178448512,0.0,1738324684.1365662,,1.4273790121078491,1.0,0.001,1,16,40x40,MatchingNetwork,5,5,Egyptian,b-59-850,False,1,4000,2,exp1_permuted_src_datasets
436,23.197296576,0.0,1738324684.1554034,,1.3691829442977905,1.0,0.001,1,16,40x40,MatchingNetwork,5,5,Egyptian,b-59-850,False,1,4000,2,exp1_permuted_src_datasets
437,23.20713074,0.0,1738324684.1652613,,1.3722035884857178,1.0,0.001,1,16,40x40,MatchingNetwork,5,5,Egyptian,b-59-850,False,1,4000,2,exp1_permuted_src_datasets
438,23.216532854,0.0,1738324684.1746578,,1.3691160678863525,1.0,0.001,1,16,40x40,MatchingNetwork,5,5,Egyptian,b-59-850,False,1,4000,2,exp1_permuted_src_datasets
439,23.230757559,0.0,1738324684.1888423,,1.3713467121124268,1.0,0.001,1,16,40x40,MatchingNetwork,5,5,Egyptian,b-59-850,False,1,4000,2,exp1_permuted_src_datasets
440,23.242291348,0.0,1738324684.2004008,,1.374855637550354,1.0,0.001,1,16,40x40,MatchingNetwork,5,5,Egyptian,b-59-850,False,1,4000,2,exp1_permuted_src_datasets
441,23.257295037,0.0,1738324684.215389,,1.3753020763397217,1.0,0.001,1,16,40x40,MatchingNetwork,5,5,Egyptian,b-59-850,False,1,4000,2,exp1_permuted_src_datasets
442,25.751121481,0.0,1738324686.7092793,0.595,,,0.001,1,16,40x40,MatchingNetwork,5,5,Egyptian,b-59-850,False,1,4000,2,exp1_permuted_src_datasets
443,25.758657673,0.0,1738324686.7167592,,1.3691595792770386,1.0,0.001,1,16,40x40,MatchingNetwork,5,5,Egyptian,b-59-850,False,1,4000,2,exp1_permuted_src_datasets
444,25.768291984,0.0,1738324686.7264075,,1.3692371845245361,1.0,0.001,1,16,40x40,MatchingNetwork,5,5,Egyptian,b-59-850,False,1,4000,2,exp1_permuted_src_datasets
445,25.778057487,0.0,1738324686.7361696,,1.3715423345565796,1.0,0.001,1,16,40x40,MatchingNetwork,5,5,Egyptian,b-59-850,False,1,4000,2,exp1_permuted_src_datasets
446,25.791094964,0.0,1738324686.7492046,,1.3722091913223267,1.0,0.001,1,16,40x40,MatchingNetwork,5,5,Egyptian,b-59-850,False,1,4000,2,exp1_permuted_src_datasets
447,25.802931599,0.0,1738324686.7609844,,1.3692532777786255,1.0,0.001,1,16,40x40,MatchingNetwork,5,5,Egyptian,b-59-850,False,1,4000,2,exp1_permuted_src_datasets
448,25.818663053999998,0.0,1738324686.7766318,,1.3687024116516113,1.0,0.001,1,16,40x40,MatchingNetwork,5,5,Egyptian,b-59-850,False,1,4000,2,exp1_permuted_src_datasets
449,25.838053049,0.0,1738324686.7961743,,1.3750025033950806,1.0,0.001,1,16,40x40,MatchingNetwork,5,5,Egyptian,b-59-850,False,1,4000,2,exp1_permuted_src_datasets
450,25.849802246,0.0,1738324686.8079083,,1.3731082677841187,1.0,0.001,1,16,40x40,MatchingNetwork,5,5,Egyptian,b-59-850,False,1,4000,2,exp1_permuted_src_datasets
451,25.859519742,0.0,1738324686.8176258,,1.4279186725616455,1.0,0.001,1,16,40x40,MatchingNetwork,5,5,Egyptian,b-59-850,False,1,4000,2,exp1_permuted_src_datasets
452,25.868834515,0.0,1738324686.8269796,,1.368503212928772,1.0,0.001,1,16,40x40,MatchingNetwork,5,5,Egyptian,b-59-850,False,1,4000,2,exp1_permuted_src_datasets
453,25.879240316,0.0,1738324686.8373535,,1.3692009449005127,1.0,0.001,1,16,40x40,MatchingNetwork,5,5,Egyptian,b-59-850,False,1,4000,2,exp1_permuted_src_datasets
454,25.88899555,0.0,1738324686.847092,,1.3692097663879395,1.0,0.001,1,16,40x40,MatchingNetwork,5,5,Egyptian,b-59-850,False,1,4000,2,exp1_permuted_src_datasets
455,25.906444687,0.0,1738324686.8645494,,1.3684710264205933,1.0,0.001,1,16,40x40,MatchingNetwork,5,5,Egyptian,b-59-850,False,1,4000,2,exp1_permuted_src_datasets
456,25.919495285,0.0,1738324686.8776214,,1.3684577941894531,1.0,0.001,1,16,40x40,MatchingNetwork,5,5,Egyptian,b-59-850,False,1,4000,2,exp1_permuted_src_datasets
457,25.933078002,0.0,1738324686.8911812,,1.3721864223480225,1.0,0.001,1,16,40x40,MatchingNetwork,5,5,Egyptian,b-59-850,False,1,4000,2,exp1_permuted_src_datasets
458,25.945184679,0.0,1738324686.9032955,,1.3714607954025269,1.0,0.001,1,16,40x40,MatchingNetwork,5,5,Egyptian,b-59-850,False,1,4000,2,exp1_permuted_src_datasets
459,25.954944325,0.0,1738324686.9130652,,1.3691773414611816,1.0,0.001,1,16,40x40,MatchingNetwork,5,5,Egyptian,b-59-850,False,1,4000,2,exp1_permuted_src_datasets
460,25.964427698,0.0,1738324686.9225535,,1.4281179904937744,1.0,0.001,1,16,40x40,MatchingNetwork,5,5,Egyptian,b-59-850,False,1,4000,2,exp1_permuted_src_datasets
461,25.97368432,0.0,1738324686.9318159,,1.3691463470458984,1.0,0.001,1,16,40x40,MatchingNetwork,5,5,Egyptian,b-59-850,False,1,4000,2,exp1_permuted_src_datasets
462,25.98353129,0.0,1738324686.9416301,,1.4274506568908691,0.9375,0.001,1,16,40x40,MatchingNetwork,5,5,Egyptian,b-59-850,False,1,4000,2,exp1_permuted_src_datasets
463,25.993059816,0.0,1738324686.9511814,,1.3679653406143188,1.0,0.001,1,16,40x40,MatchingNetwork,5,5,Egyptian,b-59-850,False,1,4000,2,exp1_permuted_src_datasets
464,26.002426834,0.0,1738324686.9605489,,1.4281519651412964,1.0,0.001,1,16,40x40,MatchingNetwork,5,5,Egyptian,b-59-850,False,1,4000,2,exp1_permuted_src_datasets
465,26.012434069,0.0,1738324686.9705575,,1.3722708225250244,1.0,0.001,1,16,40x40,MatchingNetwork,5,5,Egyptian,b-59-850,False,1,4000,2,exp1_permuted_src_datasets
466,26.022307663,0.0,1738324686.9804385,,1.3693450689315796,1.0,0.001,1,16,40x40,MatchingNetwork,5,5,Egyptian,b-59-850,False,1,4000,2,exp1_permuted_src_datasets
467,26.031889367,0.0,1738324686.9900095,,1.3714103698730469,1.0,0.001,1,16,40x40,MatchingNetwork,5,5,Egyptian,b-59-850,False,1,4000,2,exp1_permuted_src_datasets
468,26.041510058,0.0,1738324686.9996367,,1.3691678047180176,1.0,0.001,1,16,40x40,MatchingNetwork,5,5,Egyptian,b-59-850,False,1,4000,2,exp1_permuted_src_datasets
469,26.055331498,0.0,1738324687.0134504,,1.373018741607666,1.0,0.001,1,16,40x40,MatchingNetwork,5,5,Egyptian,b-59-850,False,1,4000,2,exp1_permuted_src_datasets
470,26.066241936,0.0,1738324687.0243466,,1.3730883598327637,1.0,0.001,1,16,40x40,MatchingNetwork,5,5,Egyptian,b-59-850,False,1,4000,2,exp1_permuted_src_datasets
471,26.07580119,0.0,1738324687.0339284,,1.3690149784088135,1.0,0.001,1,16,40x40,MatchingNetwork,5,5,Egyptian,b-59-850,False,1,4000,2,exp1_permuted_src_datasets
472,26.085184469,0.0,1738324687.0433068,,1.4284939765930176,1.0,0.001,1,16,40x40,MatchingNetwork,5,5,Egyptian,b-59-850,False,1,4000,2,exp1_permuted_src_datasets
473,26.094619323,0.0,1738324687.0527394,,1.3712891340255737,1.0,0.001,1,16,40x40,MatchingNetwork,5,5,Egyptian,b-59-850,False,1,4000,2,exp1_permuted_src_datasets
474,26.10429306,0.0,1738324687.0624263,,1.3687385320663452,1.0,0.001,1,16,40x40,MatchingNetwork,5,5,Egyptian,b-59-850,False,1,4000,2,exp1_permuted_src_datasets
475,26.118120592,0.0,1738324687.0761735,,1.3690290451049805,1.0,0.001,1,16,40x40,MatchingNetwork,5,5,Egyptian,b-59-850,False,1,4000,2,exp1_permuted_src_datasets
476,26.128235914,0.0,1738324687.086347,,1.3685753345489502,1.0,0.001,1,16,40x40,MatchingNetwork,5,5,Egyptian,b-59-850,False,1,4000,2,exp1_permuted_src_datasets
477,26.137645914,0.0,1738324687.0957785,,1.4274708032608032,1.0,0.001,1,16,40x40,MatchingNetwork,5,5,Egyptian,b-59-850,False,1,4000,2,exp1_permuted_src_datasets
478,26.149278408,0.0,1738324687.1073985,,1.371753215789795,1.0,0.001,1,16,40x40,MatchingNetwork,5,5,Egyptian,b-59-850,False,1,4000,2,exp1_permuted_src_datasets
479,26.15885856,0.0,1738324687.116957,,1.4276187419891357,1.0,0.001,1,16,40x40,MatchingNetwork,5,5,Egyptian,b-59-850,False,1,4000,2,exp1_permuted_src_datasets
480,26.177919171,0.0,1738324687.1359377,,1.3695355653762817,1.0,0.001,1,16,40x40,MatchingNetwork,5,5,Egyptian,b-59-850,False,1,4000,2,exp1_permuted_src_datasets
481,26.188180923,0.0,1738324687.146265,,1.370283603668213,1.0,0.001,1,16,40x40,MatchingNetwork,5,5,Egyptian,b-59-850,False,1,4000,2,exp1_permuted_src_datasets
482,26.197948336,0.0,1738324687.1560671,,1.3720914125442505,1.0,0.001,1,16,40x40,MatchingNetwork,5,5,Egyptian,b-59-850,False,1,4000,2,exp1_permuted_src_datasets
483,26.209758986,0.0,1738324687.1678264,,1.3752845525741577,1.0,0.001,1,16,40x40,MatchingNetwork,5,5,Egyptian,b-59-850,False,1,4000,2,exp1_permuted_src_datasets
484,26.2193874,0.0,1738324687.1774945,,1.371410846710205,1.0,0.001,1,16,40x40,MatchingNetwork,5,5,Egyptian,b-59-850,False,1,4000,2,exp1_permuted_src_datasets
485,26.228965731,0.0,1738324687.1870692,,1.36947762966156,1.0,0.001,1,16,40x40,MatchingNetwork,5,5,Egyptian,b-59-850,False,1,4000,2,exp1_permuted_src_datasets
486,26.240448918,0.0,1738324687.1985664,,1.3691954612731934,1.0,0.001,1,16,40x40,MatchingNetwork,5,5,Egyptian,b-59-850,False,1,4000,2,exp1_permuted_src_datasets
487,26.253880329,0.0,1738324687.212022,,1.4312212467193604,1.0,0.001,1,16,40x40,MatchingNetwork,5,5,Egyptian,b-59-850,False,1,4000,2,exp1_permuted_src_datasets
488,26.266338495,0.0,1738324687.2241573,,1.3759797811508179,1.0,0.001,1,16,40x40,MatchingNetwork,5,5,Egyptian,b-59-850,False,1,4000,2,exp1_permuted_src_datasets
489,26.282250926,0.0,1738324687.2402472,,1.3686606884002686,1.0,0.001,1,16,40x40,MatchingNetwork,5,5,Egyptian,b-59-850,False,1,4000,2,exp1_permuted_src_datasets
490,26.293797861,0.0,1738324687.2519326,,1.368578553199768,1.0,0.001,1,16,40x40,MatchingNetwork,5,5,Egyptian,b-59-850,False,1,4000,2,exp1_permuted_src_datasets
491,26.30356416,0.0,1738324687.2616513,,1.3687458038330078,1.0,0.001,1,16,40x40,MatchingNetwork,5,5,Egyptian,b-59-850,False,1,4000,2,exp1_permuted_src_datasets
492,26.312966001,0.0,1738324687.271087,,1.36906898021698,1.0,0.001,1,16,40x40,MatchingNetwork,5,5,Egyptian,b-59-850,False,1,4000,2,exp1_permuted_src_datasets
493,26.322394977,0.0,1738324687.2805235,,1.3717001676559448,1.0,0.001,1,16,40x40,MatchingNetwork,5,5,Egyptian,b-59-850,False,1,4000,2,exp1_permuted_src_datasets
494,26.331731216,0.0,1738324687.2898602,,1.3712735176086426,1.0,0.001,1,16,40x40,MatchingNetwork,5,5,Egyptian,b-59-850,False,1,4000,2,exp1_permuted_src_datasets
495,26.341058122,0.0,1738324687.2991958,,1.371910572052002,1.0,0.001,1,16,40x40,MatchingNetwork,5,5,Egyptian,b-59-850,False,1,4000,2,exp1_permuted_src_datasets
496,26.350613237,0.0,1738324687.3087382,,1.3716163635253906,1.0,0.001,1,16,40x40,MatchingNetwork,5,5,Egyptian,b-59-850,False,1,4000,2,exp1_permuted_src_datasets
497,26.359949483,0.0,1738324687.3180788,,1.3699069023132324,1.0,0.001,1,16,40x40,MatchingNetwork,5,5,Egyptian,b-59-850,False,1,4000,2,exp1_permuted_src_datasets
498,26.374016212,0.0,1738324687.3321433,,1.3703137636184692,1.0,0.001,1,16,40x40,MatchingNetwork,5,5,Egyptian,b-59-850,False,1,4000,2,exp1_permuted_src_datasets
499,26.39034899,0.0,1738324687.3484318,,1.3714752197265625,1.0,0.001,1,16,40x40,MatchingNetwork,5,5,Egyptian,b-59-850,False,1,4000,2,exp1_permuted_src_datasets
500,26.407143891,0.0,1738324687.3652768,,1.37221097946167,1.0,0.001,1,16,40x40,MatchingNetwork,5,5,Egyptian,b-59-850,False,1,4000,2,exp1_permuted_src_datasets
501,26.416600258,0.0,1738324687.3747199,,1.3684953451156616,1.0,0.001,1,16,40x40,MatchingNetwork,5,5,Egyptian,b-59-850,False,1,4000,2,exp1_permuted_src_datasets
502,26.427107973,0.0,1738324687.3851912,,1.3686459064483643,1.0,0.001,1,16,40x40,MatchingNetwork,5,5,Egyptian,b-59-850,False,1,4000,2,exp1_permuted_src_datasets
503,26.436662135,0.0,1738324687.394794,,1.371914029121399,1.0,0.001,1,16,40x40,MatchingNetwork,5,5,Egyptian,b-59-850,False,1,4000,2,exp1_permuted_src_datasets
504,26.446256252,0.0,1738324687.4043782,,1.3687241077423096,1.0,0.001,1,16,40x40,MatchingNetwork,5,5,Egyptian,b-59-850,False,1,4000,2,exp1_permuted_src_datasets
505,28.700102332,0.0,1738324689.6582248,0.58925,,,0.001,1,16,40x40,MatchingNetwork,5,5,Egyptian,b-59-850,False,1,4000,2,exp1_permuted_src_datasets
506,28.707297044,0.0,1738324689.6654067,,1.3711906671524048,1.0,0.001,1,16,40x40,MatchingNetwork,5,5,Egyptian,b-59-850,False,1,4000,2,exp1_permuted_src_datasets
507,28.716906693,0.0,1738324689.6750045,,1.371370792388916,1.0,0.001,1,16,40x40,MatchingNetwork,5,5,Egyptian,b-59-850,False,1,4000,2,exp1_permuted_src_datasets
508,28.726461362,0.0,1738324689.6845753,,1.3717939853668213,1.0,0.001,1,16,40x40,MatchingNetwork,5,5,Egyptian,b-59-850,False,1,4000,2,exp1_permuted_src_datasets
509,28.735919974,0.0,1738324689.694046,,1.3690587282180786,1.0,0.001,1,16,40x40,MatchingNetwork,5,5,Egyptian,b-59-850,False,1,4000,2,exp1_permuted_src_datasets
510,28.751640578,0.0,1738324689.7097352,,1.3714529275894165,1.0,0.001,1,16,40x40,MatchingNetwork,5,5,Egyptian,b-59-850,False,1,4000,2,exp1_permuted_src_datasets
511,28.761686105,0.0,1738324689.7197988,,1.369626760482788,1.0,0.001,1,16,40x40,MatchingNetwork,5,5,Egyptian,b-59-850,False,1,4000,2,exp1_permuted_src_datasets
512,28.771266513,0.0,1738324689.7293875,,1.3689934015274048,1.0,0.001,1,16,40x40,MatchingNetwork,5,5,Egyptian,b-59-850,False,1,4000,2,exp1_permuted_src_datasets
513,28.78066383,0.0,1738324689.7387924,,1.3691580295562744,1.0,0.001,1,16,40x40,MatchingNetwork,5,5,Egyptian,b-59-850,False,1,4000,2,exp1_permuted_src_datasets
514,28.793945166,0.0,1738324689.752057,,1.373008370399475,1.0,0.001,1,16,40x40,MatchingNetwork,5,5,Egyptian,b-59-850,False,1,4000,2,exp1_permuted_src_datasets
515,28.809778879,0.0,1738324689.7678077,,1.371421217918396,1.0,0.001,1,16,40x40,MatchingNetwork,5,5,Egyptian,b-59-850,False,1,4000,2,exp1_permuted_src_datasets
516,28.821154794,0.0,1738324689.7792346,,1.3722621202468872,1.0,0.001,1,16,40x40,MatchingNetwork,5,5,Egyptian,b-59-850,False,1,4000,2,exp1_permuted_src_datasets
517,28.830922274,0.0,1738324689.789057,,1.371901512145996,1.0,0.001,1,16,40x40,MatchingNetwork,5,5,Egyptian,b-59-850,False,1,4000,2,exp1_permuted_src_datasets
518,28.840278743,0.0,1738324689.798402,,1.3694828748703003,1.0,0.001,1,16,40x40,MatchingNetwork,5,5,Egyptian,b-59-850,False,1,4000,2,exp1_permuted_src_datasets
519,28.850313499,0.0,1738324689.808413,,1.4271864891052246,1.0,0.001,1,16,40x40,MatchingNetwork,5,5,Egyptian,b-59-850,False,1,4000,2,exp1_permuted_src_datasets
520,28.867598443,0.0,1738324689.825662,,1.3687399625778198,1.0,0.001,1,16,40x40,MatchingNetwork,5,5,Egyptian,b-59-850,False,1,4000,2,exp1_permuted_src_datasets
521,28.886392925,0.0,1738324689.844496,,1.3714467287063599,1.0,0.001,1,16,40x40,MatchingNetwork,5,5,Egyptian,b-59-850,False,1,4000,2,exp1_permuted_src_datasets
522,28.896190721,0.0,1738324689.854314,,1.4276756048202515,1.0,0.001,1,16,40x40,MatchingNetwork,5,5,Egyptian,b-59-850,False,1,4000,2,exp1_permuted_src_datasets
523,28.906053719,0.0,1738324689.8641593,,1.372098684310913,1.0,0.001,1,16,40x40,MatchingNetwork,5,5,Egyptian,b-59-850,False,1,4000,2,exp1_permuted_src_datasets
524,28.91761165,0.0,1738324689.8757346,,1.373062252998352,1.0,0.001,1,16,40x40,MatchingNetwork,5,5,Egyptian,b-59-850,False,1,4000,2,exp1_permuted_src_datasets
525,28.927204019,0.0,1738324689.885313,,1.3691678047180176,1.0,0.001,1,16,40x40,MatchingNetwork,5,5,Egyptian,b-59-850,False,1,4000,2,exp1_permuted_src_datasets
526,28.936538434,0.0,1738324689.8946576,,1.4312984943389893,1.0,0.001,1,16,40x40,MatchingNetwork,5,5,Egyptian,b-59-850,False,1,4000,2,exp1_permuted_src_datasets
527,28.946033628,0.0,1738324689.9041605,,1.3716713190078735,1.0,0.001,1,16,40x40,MatchingNetwork,5,5,Egyptian,b-59-850,False,1,4000,2,exp1_permuted_src_datasets
528,28.955321563,0.0,1738324689.9134529,,1.3719714879989624,1.0,0.001,1,16,40x40,MatchingNetwork,5,5,Egyptian,b-59-850,False,1,4000,2,exp1_permuted_src_datasets
529,28.964958172,0.0,1738324689.9230807,,1.3718823194503784,1.0,0.001,1,16,40x40,MatchingNetwork,5,5,Egyptian,b-59-850,False,1,4000,2,exp1_permuted_src_datasets
530,28.975118946,0.0,1738324689.93322,,1.368477463722229,1.0,0.001,1,16,40x40,MatchingNetwork,5,5,Egyptian,b-59-850,False,1,4000,2,exp1_permuted_src_datasets
531,28.984774068,0.0,1738324689.9428968,,1.427198052406311,1.0,0.001,1,16,40x40,MatchingNetwork,5,5,Egyptian,b-59-850,False,1,4000,2,exp1_permuted_src_datasets
532,28.99891722,0.0,1738324689.9570367,,1.3679773807525635,1.0,0.001,1,16,40x40,MatchingNetwork,5,5,Egyptian,b-59-850,False,1,4000,2,exp1_permuted_src_datasets
533,29.013481687,0.0,1738324689.9715717,,1.431150197982788,1.0,0.001,1,16,40x40,MatchingNetwork,5,5,Egyptian,b-59-850,False,1,4000,2,exp1_permuted_src_datasets
534,29.024454126,0.0,1738324689.9824677,,1.4282289743423462,1.0,0.001,1,16,40x40,MatchingNetwork,5,5,Egyptian,b-59-850,False,1,4000,2,exp1_permuted_src_datasets
535,29.034653614,0.0,1738324689.992756,,1.3693217039108276,1.0,0.001,1,16,40x40,MatchingNetwork,5,5,Egyptian,b-59-850,False,1,4000,2,exp1_permuted_src_datasets
536,29.044117643,0.0,1738324690.0022452,,1.3686497211456299,1.0,0.001,1,16,40x40,MatchingNetwork,5,5,Egyptian,b-59-850,False,1,4000,2,exp1_permuted_src_datasets
537,29.053654402,0.0,1738324690.0117748,,1.3691489696502686,1.0,0.001,1,16,40x40,MatchingNetwork,5,5,Egyptian,b-59-850,False,1,4000,2,exp1_permuted_src_datasets
538,29.062948633,0.0,1738324690.021073,,1.369171380996704,1.0,0.001,1,16,40x40,MatchingNetwork,5,5,Egyptian,b-59-850,False,1,4000,2,exp1_permuted_src_datasets
539,29.072384463,0.0,1738324690.030512,,1.3713864088058472,1.0,0.001,1,16,40x40,MatchingNetwork,5,5,Egyptian,b-59-850,False,1,4000,2,exp1_permuted_src_datasets
540,29.081943999,0.0,1738324690.0400388,,1.3690502643585205,1.0,0.001,1,16,40x40,MatchingNetwork,5,5,Egyptian,b-59-850,False,1,4000,2,exp1_permuted_src_datasets
541,29.091306748,0.0,1738324690.049429,,1.372223973274231,1.0,0.001,1,16,40x40,MatchingNetwork,5,5,Egyptian,b-59-850,False,1,4000,2,exp1_permuted_src_datasets
542,29.100627997,0.0,1738324690.0587485,,1.3721508979797363,1.0,0.001,1,16,40x40,MatchingNetwork,5,5,Egyptian,b-59-850,False,1,4000,2,exp1_permuted_src_datasets
543,29.113894693,0.0,1738324690.0719147,,1.3734368085861206,1.0,0.001,1,16,40x40,MatchingNetwork,5,5,Egyptian,b-59-850,False,1,4000,2,exp1_permuted_src_datasets
544,29.124392497,0.0,1738324690.0825114,,1.3685210943222046,1.0,0.001,1,16,40x40,MatchingNetwork,5,5,Egyptian,b-59-850,False,1,4000,2,exp1_permuted_src_datasets
545,29.133804507,0.0,1738324690.091928,,1.3691892623901367,1.0,0.001,1,16,40x40,MatchingNetwork,5,5,Egyptian,b-59-850,False,1,4000,2,exp1_permuted_src_datasets
546,29.146375386,0.0,1738324690.104463,,1.3686676025390625,1.0,0.001,1,16,40x40,MatchingNetwork,5,5,Egyptian,b-59-850,False,1,4000,2,exp1_permuted_src_datasets
547,29.155813066,0.0,1738324690.1139288,,1.3729383945465088,1.0,0.001,1,16,40x40,MatchingNetwork,5,5,Egyptian,b-59-850,False,1,4000,2,exp1_permuted_src_datasets
548,29.165089826,0.0,1738324690.1232095,,1.3723317384719849,1.0,0.001,1,16,40x40,MatchingNetwork,5,5,Egyptian,b-59-850,False,1,4000,2,exp1_permuted_src_datasets
549,29.174438013,0.0,1738324690.1325588,,1.3721370697021484,1.0,0.001,1,16,40x40,MatchingNetwork,5,5,Egyptian,b-59-850,False,1,4000,2,exp1_permuted_src_datasets
550,29.183696269,0.0,1738324690.141815,,1.3719152212142944,1.0,0.001,1,16,40x40,MatchingNetwork,5,5,Egyptian,b-59-850,False,1,4000,2,exp1_permuted_src_datasets
551,29.193214103,0.0,1738324690.1513317,,1.3721262216567993,1.0,0.001,1,16,40x40,MatchingNetwork,5,5,Egyptian,b-59-850,False,1,4000,2,exp1_permuted_src_datasets
552,29.205930552,0.0,1738324690.1640573,,1.3702813386917114,1.0,0.001,1,16,40x40,MatchingNetwork,5,5,Egyptian,b-59-850,False,1,4000,2,exp1_permuted_src_datasets
553,29.219130853,0.0,1738324690.1772192,,1.427844524383545,1.0,0.001,1,16,40x40,MatchingNetwork,5,5,Egyptian,b-59-850,False,1,4000,2,exp1_permuted_src_datasets
554,29.230503407,0.0,1738324690.1886067,,1.4282156229019165,1.0,0.001,1,16,40x40,MatchingNetwork,5,5,Egyptian,b-59-850,False,1,4000,2,exp1_permuted_src_datasets
555,29.240245562,0.0,1738324690.1983368,,1.3684362173080444,1.0,0.001,1,16,40x40,MatchingNetwork,5,5,Egyptian,b-59-850,False,1,4000,2,exp1_permuted_src_datasets
556,29.25317808,0.0,1738324690.2112877,,1.3726106882095337,1.0,0.001,1,16,40x40,MatchingNetwork,5,5,Egyptian,b-59-850,False,1,4000,2,exp1_permuted_src_datasets
557,29.262588249,0.0,1738324690.220719,,1.3691879510879517,1.0,0.001,1,16,40x40,MatchingNetwork,5,5,Egyptian,b-59-850,False,1,4000,2,exp1_permuted_src_datasets
558,29.272193339,0.0,1738324690.2303123,,1.375974416732788,1.0,0.001,1,16,40x40,MatchingNetwork,5,5,Egyptian,b-59-850,False,1,4000,2,exp1_permuted_src_datasets
559,29.281584494,0.0,1738324690.2397163,,1.368527889251709,1.0,0.001,1,16,40x40,MatchingNetwork,5,5,Egyptian,b-59-850,False,1,4000,2,exp1_permuted_src_datasets
560,29.29087991,0.0,1738324690.2490294,,1.3712002038955688,1.0,0.001,1,16,40x40,MatchingNetwork,5,5,Egyptian,b-59-850,False,1,4000,2,exp1_permuted_src_datasets
561,29.304765781,0.0,1738324690.2628434,,1.3692282438278198,1.0,0.001,1,16,40x40,MatchingNetwork,5,5,Egyptian,b-59-850,False,1,4000,2,exp1_permuted_src_datasets
562,29.314474559,0.0,1738324690.2725875,,1.3713973760604858,1.0,0.001,1,16,40x40,MatchingNetwork,5,5,Egyptian,b-59-850,False,1,4000,2,exp1_permuted_src_datasets
563,29.323773501,0.0,1738324690.281895,,1.3719525337219238,1.0,0.001,1,16,40x40,MatchingNetwork,5,5,Egyptian,b-59-850,False,1,4000,2,exp1_permuted_src_datasets
564,29.333131575,0.0,1738324690.2912533,,1.3694676160812378,1.0,0.001,1,16,40x40,MatchingNetwork,5,5,Egyptian,b-59-850,False,1,4000,2,exp1_permuted_src_datasets
565,29.342394452,0.0,1738324690.3005383,,1.428019642829895,1.0,0.001,1,16,40x40,MatchingNetwork,5,5,Egyptian,b-59-850,False,1,4000,2,exp1_permuted_src_datasets
566,29.351947213,0.0,1738324690.3100564,,1.3722405433654785,1.0,0.001,1,16,40x40,MatchingNetwork,5,5,Egyptian,b-59-850,False,1,4000,2,exp1_permuted_src_datasets
567,29.361393944,0.0,1738324690.3194926,,1.3691635131835938,1.0,0.001,1,16,40x40,MatchingNetwork,5,5,Egyptian,b-59-850,False,1,4000,2,exp1_permuted_src_datasets
568,31.821852018,0.0,1738324692.7799788,0.60025,,,0.001,1,16,40x40,MatchingNetwork,5,5,Egyptian,b-59-850,False,1,4000,2,exp1_permuted_src_datasets
569,31.829207237,0.0,1738324692.7873113,,1.373058795928955,1.0,0.001,1,16,40x40,MatchingNetwork,5,5,Egyptian,b-59-850,False,1,4000,2,exp1_permuted_src_datasets
570,31.843905589,0.0,1738324692.8019905,,1.3721774816513062,1.0,0.001,1,16,40x40,MatchingNetwork,5,5,Egyptian,b-59-850,False,1,4000,2,exp1_permuted_src_datasets
571,31.857049001,0.0,1738324692.8151586,,1.3721705675125122,1.0,0.001,1,16,40x40,MatchingNetwork,5,5,Egyptian,b-59-850,False,1,4000,2,exp1_permuted_src_datasets
572,31.869272046,0.0,1738324692.827385,,1.36916184425354,1.0,0.001,1,16,40x40,MatchingNetwork,5,5,Egyptian,b-59-850,False,1,4000,2,exp1_permuted_src_datasets
573,31.878734441,0.0,1738324692.8368635,,1.3688386678695679,1.0,0.001,1,16,40x40,MatchingNetwork,5,5,Egyptian,b-59-850,False,1,4000,2,exp1_permuted_src_datasets
574,31.888147651,0.0,1738324692.8462749,,1.371215581893921,1.0,0.001,1,16,40x40,MatchingNetwork,5,5,Egyptian,b-59-850,False,1,4000,2,exp1_permuted_src_datasets
575,31.905774776,0.0,1738324692.8638983,,1.3699536323547363,1.0,0.001,1,16,40x40,MatchingNetwork,5,5,Egyptian,b-59-850,False,1,4000,2,exp1_permuted_src_datasets
576,31.915966827,0.0,1738324692.8740654,,1.3684920072555542,1.0,0.001,1,16,40x40,MatchingNetwork,5,5,Egyptian,b-59-850,False,1,4000,2,exp1_permuted_src_datasets
577,31.92613771,0.0,1738324692.8841834,,1.3691010475158691,1.0,0.001,1,16,40x40,MatchingNetwork,5,5,Egyptian,b-59-850,False,1,4000,2,exp1_permuted_src_datasets
578,31.941422865,0.0,1738324692.899495,,1.372867226600647,1.0,0.001,1,16,40x40,MatchingNetwork,5,5,Egyptian,b-59-850,False,1,4000,2,exp1_permuted_src_datasets
579,31.951121922,0.0,1738324692.9092388,,1.369565486907959,1.0,0.001,1,16,40x40,MatchingNetwork,5,5,Egyptian,b-59-850,False,1,4000,2,exp1_permuted_src_datasets
580,31.96069788,0.0,1738324692.918828,,1.3714144229888916,1.0,0.001,1,16,40x40,MatchingNetwork,5,5,Egyptian,b-59-850,False,1,4000,2,exp1_permuted_src_datasets
581,31.970009695,0.0,1738324692.928136,,1.3721855878829956,1.0,0.001,1,16,40x40,MatchingNetwork,5,5,Egyptian,b-59-850,False,1,4000,2,exp1_permuted_src_datasets
582,31.979190723,0.0,1738324692.9373167,,1.3684682846069336,1.0,0.001,1,16,40x40,MatchingNetwork,5,5,Egyptian,b-59-850,False,1,4000,2,exp1_permuted_src_datasets
583,31.988397634000002,0.0,1738324692.9465277,,1.3684567213058472,1.0,0.001,1,16,40x40,MatchingNetwork,5,5,Egyptian,b-59-850,False,1,4000,2,exp1_permuted_src_datasets
584,32.001538702,0.0,1738324692.9596663,,1.3687061071395874,1.0,0.001,1,16,40x40,MatchingNetwork,5,5,Egyptian,b-59-850,False,1,4000,2,exp1_permuted_src_datasets
585,32.010897769,0.0,1738324692.9690049,,1.3715406656265259,1.0,0.001,1,16,40x40,MatchingNetwork,5,5,Egyptian,b-59-850,False,1,4000,2,exp1_permuted_src_datasets
586,32.02392914,0.0,1738324692.9820402,,1.369175910949707,1.0,0.001,1,16,40x40,MatchingNetwork,5,5,Egyptian,b-59-850,False,1,4000,2,exp1_permuted_src_datasets
587,32.033525636,0.0,1738324692.9916506,,1.3685449361801147,1.0,0.001,1,16,40x40,MatchingNetwork,5,5,Egyptian,b-59-850,False,1,4000,2,exp1_permuted_src_datasets
588,32.050601368,0.0,1738324693.0087173,,1.4281178712844849,1.0,0.001,1,16,40x40,MatchingNetwork,5,5,Egyptian,b-59-850,False,1,4000,2,exp1_permuted_src_datasets
589,32.069596164,0.0,1738324693.0276568,,1.3687993288040161,1.0,0.001,1,16,40x40,MatchingNetwork,5,5,Egyptian,b-59-850,False,1,4000,2,exp1_permuted_src_datasets
590,32.084592369,0.0,1738324693.0427122,,1.3721431493759155,1.0,0.001,1,16,40x40,MatchingNetwork,5,5,Egyptian,b-59-850,False,1,4000,2,exp1_permuted_src_datasets
591,32.101461032,0.0,1738324693.059568,,1.3685466051101685,1.0,0.001,1,16,40x40,MatchingNetwork,5,5,Egyptian,b-59-850,False,1,4000,2,exp1_permuted_src_datasets
592,32.11117391,0.0,1738324693.0692828,,1.372577428817749,1.0,0.001,1,16,40x40,MatchingNetwork,5,5,Egyptian,b-59-850,False,1,4000,2,exp1_permuted_src_datasets
593,32.121135191,0.0,1738324693.0792637,,1.3719409704208374,1.0,0.001,1,16,40x40,MatchingNetwork,5,5,Egyptian,b-59-850,False,1,4000,2,exp1_permuted_src_datasets
594,32.130416818,0.0,1738324693.0885172,,1.372619390487671,1.0,0.001,1,16,40x40,MatchingNetwork,5,5,Egyptian,b-59-850,False,1,4000,2,exp1_permuted_src_datasets
595,32.14771112,0.0,1738324693.105781,,1.3752402067184448,1.0,0.001,1,16,40x40,MatchingNetwork,5,5,Egyptian,b-59-850,False,1,4000,2,exp1_permuted_src_datasets
596,32.159576138,0.0,1738324693.1177025,,1.3686473369598389,1.0,0.001,1,16,40x40,MatchingNetwork,5,5,Egyptian,b-59-850,False,1,4000,2,exp1_permuted_src_datasets
597,32.170943204,0.0,1738324693.1290705,,1.373252272605896,1.0,0.001,1,16,40x40,MatchingNetwork,5,5,Egyptian,b-59-850,False,1,4000,2,exp1_permuted_src_datasets
598,32.182395421,0.0,1738324693.1404967,,1.3694555759429932,1.0,0.001,1,16,40x40,MatchingNetwork,5,5,Egyptian,b-59-850,False,1,4000,2,exp1_permuted_src_datasets
599,32.191651904,0.0,1738324693.1497774,,1.3713170289993286,1.0,0.001,1,16,40x40,MatchingNetwork,5,5,Egyptian,b-59-850,False,1,4000,2,exp1_permuted_src_datasets
600,32.200820068,0.0,1738324693.1589398,,1.3691776990890503,1.0,0.001,1,16,40x40,MatchingNetwork,5,5,Egyptian,b-59-850,False,1,4000,2,exp1_permuted_src_datasets
601,32.212643357,0.0,1738324693.170768,,1.373428225517273,1.0,0.001,1,16,40x40,MatchingNetwork,5,5,Egyptian,b-59-850,False,1,4000,2,exp1_permuted_src_datasets
602,32.221973942,0.0,1738324693.1800935,,1.3723074197769165,1.0,0.001,1,16,40x40,MatchingNetwork,5,5,Egyptian,b-59-850,False,1,4000,2,exp1_permuted_src_datasets
603,32.232080752,0.0,1738324693.190207,,1.3699853420257568,1.0,0.001,1,16,40x40,MatchingNetwork,5,5,Egyptian,b-59-850,False,1,4000,2,exp1_permuted_src_datasets
604,32.241388834,0.0,1738324693.199515,,1.3690370321273804,1.0,0.001,1,16,40x40,MatchingNetwork,5,5,Egyptian,b-59-850,False,1,4000,2,exp1_permuted_src_datasets
605,32.25067713,0.0,1738324693.2087953,,1.3719637393951416,1.0,0.001,1,16,40x40,MatchingNetwork,5,5,Egyptian,b-59-850,False,1,4000,2,exp1_permuted_src_datasets
606,32.264385144,0.0,1738324693.222502,,1.3701308965682983,1.0,0.001,1,16,40x40,MatchingNetwork,5,5,Egyptian,b-59-850,False,1,4000,2,exp1_permuted_src_datasets
607,32.273862875,0.0,1738324693.2319913,,1.3713898658752441,1.0,0.001,1,16,40x40,MatchingNetwork,5,5,Egyptian,b-59-850,False,1,4000,2,exp1_permuted_src_datasets
608,32.283359847,0.0,1738324693.2414882,,1.3684871196746826,1.0,0.001,1,16,40x40,MatchingNetwork,5,5,Egyptian,b-59-850,False,1,4000,2,exp1_permuted_src_datasets
609,32.29290192,0.0,1738324693.2509959,,1.3679300546646118,1.0,0.001,1,16,40x40,MatchingNetwork,5,5,Egyptian,b-59-850,False,1,4000,2,exp1_permuted_src_datasets
610,32.302371704,0.0,1738324693.2604995,,1.3719338178634644,1.0,0.001,1,16,40x40,MatchingNetwork,5,5,Egyptian,b-59-850,False,1,4000,2,exp1_permuted_src_datasets
611,32.311763796,0.0,1738324693.2698789,,1.3725141286849976,1.0,0.001,1,16,40x40,MatchingNetwork,5,5,Egyptian,b-59-850,False,1,4000,2,exp1_permuted_src_datasets
612,32.321045578,0.0,1738324693.2791655,,1.3692522048950195,1.0,0.001,1,16,40x40,MatchingNetwork,5,5,Egyptian,b-59-850,False,1,4000,2,exp1_permuted_src_datasets
613,32.331001243,0.0,1738324693.2891333,,1.3732326030731201,1.0,0.001,1,16,40x40,MatchingNetwork,5,5,Egyptian,b-59-850,False,1,4000,2,exp1_permuted_src_datasets
614,32.340807774,0.0,1738324693.2988677,,1.3714247941970825,1.0,0.001,1,16,40x40,MatchingNetwork,5,5,Egyptian,b-59-850,False,1,4000,2,exp1_permuted_src_datasets
615,32.351729053,0.0,1738324693.309753,,1.3729348182678223,1.0,0.001,1,16,40x40,MatchingNetwork,5,5,Egyptian,b-59-850,False,1,4000,2,exp1_permuted_src_datasets
616,32.362056167,0.0,1738324693.3201447,,1.369565486907959,1.0,0.001,1,16,40x40,MatchingNetwork,5,5,Egyptian,b-59-850,False,1,4000,2,exp1_permuted_src_datasets
617,32.372092772,0.0,1738324693.3301685,,1.3749408721923828,1.0,0.001,1,16,40x40,MatchingNetwork,5,5,Egyptian,b-59-850,False,1,4000,2,exp1_permuted_src_datasets
618,32.387719883,0.0,1738324693.345731,,1.3716984987258911,1.0,0.001,1,16,40x40,MatchingNetwork,5,5,Egyptian,b-59-850,False,1,4000,2,exp1_permuted_src_datasets
619,32.397951881,0.0,1738324693.3560572,,1.3687633275985718,1.0,0.001,1,16,40x40,MatchingNetwork,5,5,Egyptian,b-59-850,False,1,4000,2,exp1_permuted_src_datasets
620,32.407688668,0.0,1738324693.3657713,,1.3735148906707764,1.0,0.001,1,16,40x40,MatchingNetwork,5,5,Egyptian,b-59-850,False,1,4000,2,exp1_permuted_src_datasets
621,32.417623612,0.0,1738324693.3757331,,1.3748737573623657,1.0,0.001,1,16,40x40,MatchingNetwork,5,5,Egyptian,b-59-850,False,1,4000,2,exp1_permuted_src_datasets
622,32.427037579,0.0,1738324693.3851557,,1.3714975118637085,1.0,0.001,1,16,40x40,MatchingNetwork,5,5,Egyptian,b-59-850,False,1,4000,2,exp1_permuted_src_datasets
623,32.436542996,0.0,1738324693.3946671,,1.3692853450775146,1.0,0.001,1,16,40x40,MatchingNetwork,5,5,Egyptian,b-59-850,False,1,4000,2,exp1_permuted_src_datasets
624,32.445918202,0.0,1738324693.4040437,,1.3693053722381592,1.0,0.001,1,16,40x40,MatchingNetwork,5,5,Egyptian,b-59-850,False,1,4000,2,exp1_permuted_src_datasets
625,32.455268792,0.0,1738324693.4133883,,1.372528076171875,1.0,0.001,1,16,40x40,MatchingNetwork,5,5,Egyptian,b-59-850,False,1,4000,2,exp1_permuted_src_datasets
626,32.464631584,0.0,1738324693.4227595,,1.3700039386749268,1.0,0.001,1,16,40x40,MatchingNetwork,5,5,Egyptian,b-59-850,False,1,4000,2,exp1_permuted_src_datasets
627,32.474341443,0.0,1738324693.4324605,,1.3685662746429443,1.0,0.001,1,16,40x40,MatchingNetwork,5,5,Egyptian,b-59-850,False,1,4000,2,exp1_permuted_src_datasets
628,32.483750726,0.0,1738324693.4418757,,1.4269381761550903,1.0,0.001,1,16,40x40,MatchingNetwork,5,5,Egyptian,b-59-850,False,1,4000,2,exp1_permuted_src_datasets
629,32.493162476,0.0,1738324693.451288,,1.3722105026245117,1.0,0.001,1,16,40x40,MatchingNetwork,5,5,Egyptian,b-59-850,False,1,4000,2,exp1_permuted_src_datasets
630,32.504742961,0.0,1738324693.4628057,,1.3685064315795898,1.0,0.001,1,16,40x40,MatchingNetwork,5,5,Egyptian,b-59-850,False,1,4000,2,exp1_permuted_src_datasets
631,34.996133827,0.0,1738324695.9542706,0.598,,,0.001,1,16,40x40,MatchingNetwork,5,5,Egyptian,b-59-850,False,1,4000,2,exp1_permuted_src_datasets
632,34.997219285,1.0,1738324695.9553916,,,,0.001,1,16,40x40,MatchingNetwork,5,5,Egyptian,b-59-850,False,1,4000,2,exp1_permuted_src_datasets
633,37.281769684,1.0,1738324698.2399194,0.5785,,,0.001,1,16,40x40,MatchingNetwork,5,5,Egyptian,b-59-850,False,1,4000,2,exp1_permuted_src_datasets
634,37.291864802,1.0,1738324698.2499812,,1.3914726972579956,1.0,0.001,1,16,40x40,MatchingNetwork,5,5,Egyptian,b-59-850,False,1,4000,2,exp1_permuted_src_datasets
635,37.301691913,1.0,1738324698.2597983,,1.389920949935913,1.0,0.001,1,16,40x40,MatchingNetwork,5,5,Egyptian,b-59-850,False,1,4000,2,exp1_permuted_src_datasets
636,37.311406091,1.0,1738324698.2695312,,1.4363136291503906,0.8125,0.001,1,16,40x40,MatchingNetwork,5,5,Egyptian,b-59-850,False,1,4000,2,exp1_permuted_src_datasets
637,37.320811253,1.0,1738324698.2789364,,1.381966233253479,1.0,0.001,1,16,40x40,MatchingNetwork,5,5,Egyptian,b-59-850,False,1,4000,2,exp1_permuted_src_datasets
638,37.333901273,1.0,1738324698.292019,,1.380154013633728,1.0,0.001,1,16,40x40,MatchingNetwork,5,5,Egyptian,b-59-850,False,1,4000,2,exp1_permuted_src_datasets
639,37.345760231,1.0,1738324698.3038611,,1.379611611366272,1.0,0.001,1,16,40x40,MatchingNetwork,5,5,Egyptian,b-59-850,False,1,4000,2,exp1_permuted_src_datasets
640,37.355286469,1.0,1738324698.3133998,,1.3732247352600098,1.0,0.001,1,16,40x40,MatchingNetwork,5,5,Egyptian,b-59-850,False,1,4000,2,exp1_permuted_src_datasets
641,37.368565333,1.0,1738324698.3266993,,1.3746837377548218,1.0,0.001,1,16,40x40,MatchingNetwork,5,5,Egyptian,b-59-850,False,1,4000,2,exp1_permuted_src_datasets
642,37.37829416,1.0,1738324698.3364236,,1.3810476064682007,1.0,0.001,1,16,40x40,MatchingNetwork,5,5,Egyptian,b-59-850,False,1,4000,2,exp1_permuted_src_datasets
643,37.388816278,1.0,1738324698.3469307,,1.3748090267181396,1.0,0.001,1,16,40x40,MatchingNetwork,5,5,Egyptian,b-59-850,False,1,4000,2,exp1_permuted_src_datasets
644,37.398590537,1.0,1738324698.3567166,,1.3761227130889893,1.0,0.001,1,16,40x40,MatchingNetwork,5,5,Egyptian,b-59-850,False,1,4000,2,exp1_permuted_src_datasets
645,37.412475182,1.0,1738324698.3705802,,1.3722883462905884,1.0,0.001,1,16,40x40,MatchingNetwork,5,5,Egyptian,b-59-850,False,1,4000,2,exp1_permuted_src_datasets
646,37.421920284,1.0,1738324698.3800611,,1.3815157413482666,1.0,0.001,1,16,40x40,MatchingNetwork,5,5,Egyptian,b-59-850,False,1,4000,2,exp1_permuted_src_datasets
647,37.433725973,1.0,1738324698.3918622,,1.375841498374939,1.0,0.001,1,16,40x40,MatchingNetwork,5,5,Egyptian,b-59-850,False,1,4000,2,exp1_permuted_src_datasets
648,37.443050493,1.0,1738324698.4011755,,1.4290564060211182,1.0,0.001,1,16,40x40,MatchingNetwork,5,5,Egyptian,b-59-850,False,1,4000,2,exp1_permuted_src_datasets
649,37.452771672,1.0,1738324698.4108808,,1.38276207447052,1.0,0.001,1,16,40x40,MatchingNetwork,5,5,Egyptian,b-59-850,False,1,4000,2,exp1_permuted_src_datasets
650,37.464459399,1.0,1738324698.422579,,1.4289700984954834,0.875,0.001,1,16,40x40,MatchingNetwork,5,5,Egyptian,b-59-850,False,1,4000,2,exp1_permuted_src_datasets
651,37.474041931,1.0,1738324698.4321814,,1.3732479810714722,1.0,0.001,1,16,40x40,MatchingNetwork,5,5,Egyptian,b-59-850,False,1,4000,2,exp1_permuted_src_datasets
652,37.483305338,1.0,1738324698.4414263,,1.3741244077682495,1.0,0.001,1,16,40x40,MatchingNetwork,5,5,Egyptian,b-59-850,False,1,4000,2,exp1_permuted_src_datasets
653,37.492557654,1.0,1738324698.4506907,,1.3747702836990356,1.0,0.001,1,16,40x40,MatchingNetwork,5,5,Egyptian,b-59-850,False,1,4000,2,exp1_permuted_src_datasets
654,37.504341745,1.0,1738324698.4613655,,1.4295077323913574,1.0,0.001,1,16,40x40,MatchingNetwork,5,5,Egyptian,b-59-850,False,1,4000,2,exp1_permuted_src_datasets
655,37.522303581,1.0,1738324698.480378,,1.371806263923645,1.0,0.001,1,16,40x40,MatchingNetwork,5,5,Egyptian,b-59-850,False,1,4000,2,exp1_permuted_src_datasets
656,37.532453191,1.0,1738324698.4906,,1.3742287158966064,1.0,0.001,1,16,40x40,MatchingNetwork,5,5,Egyptian,b-59-850,False,1,4000,2,exp1_permuted_src_datasets
657,37.542756632,1.0,1738324698.5008543,,1.3727219104766846,1.0,0.001,1,16,40x40,MatchingNetwork,5,5,Egyptian,b-59-850,False,1,4000,2,exp1_permuted_src_datasets
658,37.552053277,1.0,1738324698.5101843,,1.3786641359329224,1.0,0.001,1,16,40x40,MatchingNetwork,5,5,Egyptian,b-59-850,False,1,4000,2,exp1_permuted_src_datasets
659,37.561246632,1.0,1738324698.519373,,1.4293872117996216,0.875,0.001,1,16,40x40,MatchingNetwork,5,5,Egyptian,b-59-850,False,1,4000,2,exp1_permuted_src_datasets
660,37.57108613,1.0,1738324698.5291867,,1.3790489435195923,1.0,0.001,1,16,40x40,MatchingNetwork,5,5,Egyptian,b-59-850,False,1,4000,2,exp1_permuted_src_datasets
661,37.580631446,1.0,1738324698.5387523,,1.370747685432434,1.0,0.001,1,16,40x40,MatchingNetwork,5,5,Egyptian,b-59-850,False,1,4000,2,exp1_permuted_src_datasets
662,37.590217386,1.0,1738324698.5483255,,1.373047113418579,1.0,0.001,1,16,40x40,MatchingNetwork,5,5,Egyptian,b-59-850,False,1,4000,2,exp1_permuted_src_datasets
663,37.599860423,1.0,1738324698.5579798,,1.3760333061218262,1.0,0.001,1,16,40x40,MatchingNetwork,5,5,Egyptian,b-59-850,False,1,4000,2,exp1_permuted_src_datasets
664,37.609411151,1.0,1738324698.567523,,1.3735849857330322,1.0,0.001,1,16,40x40,MatchingNetwork,5,5,Egyptian,b-59-850,False,1,4000,2,exp1_permuted_src_datasets
665,37.619046089,1.0,1738324698.5771623,,1.3702609539031982,1.0,0.001,1,16,40x40,MatchingNetwork,5,5,Egyptian,b-59-850,False,1,4000,2,exp1_permuted_src_datasets
666,37.628882862,1.0,1738324698.5869384,,1.3704568147659302,1.0,0.001,1,16,40x40,MatchingNetwork,5,5,Egyptian,b-59-850,False,1,4000,2,exp1_permuted_src_datasets
667,37.638927322,1.0,1738324698.596984,,1.3695780038833618,1.0,0.001,1,16,40x40,MatchingNetwork,5,5,Egyptian,b-59-850,False,1,4000,2,exp1_permuted_src_datasets
668,37.648984211,1.0,1738324698.6070538,,1.3743767738342285,1.0,0.001,1,16,40x40,MatchingNetwork,5,5,Egyptian,b-59-850,False,1,4000,2,exp1_permuted_src_datasets
669,37.658693527,1.0,1738324698.616786,,1.370026707649231,1.0,0.001,1,16,40x40,MatchingNetwork,5,5,Egyptian,b-59-850,False,1,4000,2,exp1_permuted_src_datasets
670,37.66952949,1.0,1738324698.6275783,,1.3713473081588745,1.0,0.001,1,16,40x40,MatchingNetwork,5,5,Egyptian,b-59-850,False,1,4000,2,exp1_permuted_src_datasets
671,37.679099008,1.0,1738324698.6372056,,1.3736709356307983,1.0,0.001,1,16,40x40,MatchingNetwork,5,5,Egyptian,b-59-850,False,1,4000,2,exp1_permuted_src_datasets
672,37.688708856,1.0,1738324698.6468308,,1.3721611499786377,1.0,0.001,1,16,40x40,MatchingNetwork,5,5,Egyptian,b-59-850,False,1,4000,2,exp1_permuted_src_datasets
673,37.700984815,1.0,1738324698.6589026,,1.3703266382217407,1.0,0.001,1,16,40x40,MatchingNetwork,5,5,Egyptian,b-59-850,False,1,4000,2,exp1_permuted_src_datasets
674,37.713982082,1.0,1738324698.6720796,,1.3718929290771484,1.0,0.001,1,16,40x40,MatchingNetwork,5,5,Egyptian,b-59-850,False,1,4000,2,exp1_permuted_src_datasets
675,37.725633026,1.0,1738324698.6836298,,1.3699984550476074,1.0,0.001,1,16,40x40,MatchingNetwork,5,5,Egyptian,b-59-850,False,1,4000,2,exp1_permuted_src_datasets
676,37.735806375,1.0,1738324698.6939204,,1.3692307472229004,1.0,0.001,1,16,40x40,MatchingNetwork,5,5,Egyptian,b-59-850,False,1,4000,2,exp1_permuted_src_datasets
677,37.745384558,1.0,1738324698.7034993,,1.430448055267334,0.9375,0.001,1,16,40x40,MatchingNetwork,5,5,Egyptian,b-59-850,False,1,4000,2,exp1_permuted_src_datasets
678,37.76091678,1.0,1738324698.718995,,1.375678539276123,1.0,0.001,1,16,40x40,MatchingNetwork,5,5,Egyptian,b-59-850,False,1,4000,2,exp1_permuted_src_datasets
679,37.780031784,1.0,1738324698.738106,,1.369270920753479,1.0,0.001,1,16,40x40,MatchingNetwork,5,5,Egyptian,b-59-850,False,1,4000,2,exp1_permuted_src_datasets
680,37.791036152,1.0,1738324698.7491632,,1.3731783628463745,1.0,0.001,1,16,40x40,MatchingNetwork,5,5,Egyptian,b-59-850,False,1,4000,2,exp1_permuted_src_datasets
681,37.800380983,1.0,1738324698.7585094,,1.3733330965042114,1.0,0.001,1,16,40x40,MatchingNetwork,5,5,Egyptian,b-59-850,False,1,4000,2,exp1_permuted_src_datasets
682,37.809767103,1.0,1738324698.7678936,,1.3693984746932983,1.0,0.001,1,16,40x40,MatchingNetwork,5,5,Egyptian,b-59-850,False,1,4000,2,exp1_permuted_src_datasets
683,37.819060445,1.0,1738324698.7771904,,1.3729051351547241,1.0,0.001,1,16,40x40,MatchingNetwork,5,5,Egyptian,b-59-850,False,1,4000,2,exp1_permuted_src_datasets
684,37.837574383,1.0,1738324698.7956414,,1.3723933696746826,1.0,0.001,1,16,40x40,MatchingNetwork,5,5,Egyptian,b-59-850,False,1,4000,2,exp1_permuted_src_datasets
685,37.851663905,1.0,1738324698.809786,,1.369229793548584,1.0,0.001,1,16,40x40,MatchingNetwork,5,5,Egyptian,b-59-850,False,1,4000,2,exp1_permuted_src_datasets
686,37.863125084,1.0,1738324698.8211906,,1.3725557327270508,1.0,0.001,1,16,40x40,MatchingNetwork,5,5,Egyptian,b-59-850,False,1,4000,2,exp1_permuted_src_datasets
687,37.872635154,1.0,1738324698.830758,,1.3730829954147339,1.0,0.001,1,16,40x40,MatchingNetwork,5,5,Egyptian,b-59-850,False,1,4000,2,exp1_permuted_src_datasets
688,37.88203024,1.0,1738324698.8401515,,1.371914029121399,1.0,0.001,1,16,40x40,MatchingNetwork,5,5,Egyptian,b-59-850,False,1,4000,2,exp1_permuted_src_datasets
689,37.891336894,1.0,1738324698.8494785,,1.368658423423767,1.0,0.001,1,16,40x40,MatchingNetwork,5,5,Egyptian,b-59-850,False,1,4000,2,exp1_permuted_src_datasets
690,37.900678665,1.0,1738324698.8588219,,1.3699676990509033,1.0,0.001,1,16,40x40,MatchingNetwork,5,5,Egyptian,b-59-850,False,1,4000,2,exp1_permuted_src_datasets
691,37.909989057,1.0,1738324698.8681283,,1.3698811531066895,1.0,0.001,1,16,40x40,MatchingNetwork,5,5,Egyptian,b-59-850,False,1,4000,2,exp1_permuted_src_datasets
692,37.919491375,1.0,1738324698.8775911,,1.3690890073776245,1.0,0.001,1,16,40x40,MatchingNetwork,5,5,Egyptian,b-59-850,False,1,4000,2,exp1_permuted_src_datasets
693,37.936367328,1.0,1738324698.894417,,1.428787350654602,1.0,0.001,1,16,40x40,MatchingNetwork,5,5,Egyptian,b-59-850,False,1,4000,2,exp1_permuted_src_datasets
694,37.947904486,1.0,1738324698.9060066,,1.3700940608978271,1.0,0.001,1,16,40x40,MatchingNetwork,5,5,Egyptian,b-59-850,False,1,4000,2,exp1_permuted_src_datasets
695,37.958269817,1.0,1738324698.9163969,,1.3724321126937866,1.0,0.001,1,16,40x40,MatchingNetwork,5,5,Egyptian,b-59-850,False,1,4000,2,exp1_permuted_src_datasets
696,40.426607902,1.0,1738324701.3847504,0.584,,,0.001,1,16,40x40,MatchingNetwork,5,5,Egyptian,b-59-850,False,1,4000,2,exp1_permuted_src_datasets
697,40.438823432,1.0,1738324701.3969285,,1.3724353313446045,1.0,0.001,1,16,40x40,MatchingNetwork,5,5,Egyptian,b-59-850,False,1,4000,2,exp1_permuted_src_datasets
698,40.481235723,1.0,1738324701.4085896,,1.4286553859710693,0.9375,0.001,1,16,40x40,MatchingNetwork,5,5,Egyptian,b-59-850,False,1,4000,2,exp1_permuted_src_datasets
699,40.481254068,1.0,1738324701.4183078,,1.3735586404800415,1.0,0.001,1,16,40x40,MatchingNetwork,5,5,Egyptian,b-59-850,False,1,4000,2,exp1_permuted_src_datasets
700,40.481265928,1.0,1738324701.4282234,,1.3726298809051514,1.0,0.001,1,16,40x40,MatchingNetwork,5,5,Egyptian,b-59-850,False,1,4000,2,exp1_permuted_src_datasets
701,40.481276034,1.0,1738324701.4379523,,1.3718246221542358,1.0,0.001,1,16,40x40,MatchingNetwork,5,5,Egyptian,b-59-850,False,1,4000,2,exp1_permuted_src_datasets
702,40.493658893,1.0,1738324701.451776,,1.3701874017715454,1.0,0.001,1,16,40x40,MatchingNetwork,5,5,Egyptian,b-59-850,False,1,4000,2,exp1_permuted_src_datasets
703,40.505460226,1.0,1738324701.4635832,,1.4317044019699097,1.0,0.001,1,16,40x40,MatchingNetwork,5,5,Egyptian,b-59-850,False,1,4000,2,exp1_permuted_src_datasets
704,40.515678972,1.0,1738324701.4737682,,1.373346209526062,1.0,0.001,1,16,40x40,MatchingNetwork,5,5,Egyptian,b-59-850,False,1,4000,2,exp1_permuted_src_datasets
705,40.525859454,1.0,1738324701.4839334,,1.3756190538406372,1.0,0.001,1,16,40x40,MatchingNetwork,5,5,Egyptian,b-59-850,False,1,4000,2,exp1_permuted_src_datasets
706,40.535682104,1.0,1738324701.4937954,,1.376620888710022,1.0,0.001,1,16,40x40,MatchingNetwork,5,5,Egyptian,b-59-850,False,1,4000,2,exp1_permuted_src_datasets
707,40.551392092,1.0,1738324701.5094326,,1.368419885635376,1.0,0.001,1,16,40x40,MatchingNetwork,5,5,Egyptian,b-59-850,False,1,4000,2,exp1_permuted_src_datasets
708,40.563244012,1.0,1738324701.5213258,,1.3701584339141846,1.0,0.001,1,16,40x40,MatchingNetwork,5,5,Egyptian,b-59-850,False,1,4000,2,exp1_permuted_src_datasets
709,40.575212447,1.0,1738324701.5332873,,1.369606614112854,1.0,0.001,1,16,40x40,MatchingNetwork,5,5,Egyptian,b-59-850,False,1,4000,2,exp1_permuted_src_datasets
710,40.587191701,1.0,1738324701.5452604,,1.3689661026000977,1.0,0.001,1,16,40x40,MatchingNetwork,5,5,Egyptian,b-59-850,False,1,4000,2,exp1_permuted_src_datasets
711,40.597633667,1.0,1738324701.5556965,,1.3760439157485962,1.0,0.001,1,16,40x40,MatchingNetwork,5,5,Egyptian,b-59-850,False,1,4000,2,exp1_permuted_src_datasets
712,40.608032682,1.0,1738324701.5660787,,1.3705066442489624,1.0,0.001,1,16,40x40,MatchingNetwork,5,5,Egyptian,b-59-850,False,1,4000,2,exp1_permuted_src_datasets
713,40.618221423,1.0,1738324701.5763218,,1.3723737001419067,1.0,0.001,1,16,40x40,MatchingNetwork,5,5,Egyptian,b-59-850,False,1,4000,2,exp1_permuted_src_datasets
714,40.628219285,1.0,1738324701.5863118,,1.3694313764572144,1.0,0.001,1,16,40x40,MatchingNetwork,5,5,Egyptian,b-59-850,False,1,4000,2,exp1_permuted_src_datasets
715,40.639787985,1.0,1738324701.5978243,,1.3724725246429443,1.0,0.001,1,16,40x40,MatchingNetwork,5,5,Egyptian,b-59-850,False,1,4000,2,exp1_permuted_src_datasets
716,40.660542516,1.0,1738324701.6185758,,1.3722256422042847,1.0,0.001,1,16,40x40,MatchingNetwork,5,5,Egyptian,b-59-850,False,1,4000,2,exp1_permuted_src_datasets
717,40.671387127,1.0,1738324701.6294966,,1.3756284713745117,1.0,0.001,1,16,40x40,MatchingNetwork,5,5,Egyptian,b-59-850,False,1,4000,2,exp1_permuted_src_datasets
718,40.681603741,1.0,1738324701.6397147,,1.3723434209823608,1.0,0.001,1,16,40x40,MatchingNetwork,5,5,Egyptian,b-59-850,False,1,4000,2,exp1_permuted_src_datasets
719,40.691275046,1.0,1738324701.6493936,,1.3734705448150635,1.0,0.001,1,16,40x40,MatchingNetwork,5,5,Egyptian,b-59-850,False,1,4000,2,exp1_permuted_src_datasets
720,40.701045388,1.0,1738324701.6591814,,1.372562050819397,1.0,0.001,1,16,40x40,MatchingNetwork,5,5,Egyptian,b-59-850,False,1,4000,2,exp1_permuted_src_datasets
721,40.710643278,1.0,1738324701.668764,,1.3695443868637085,1.0,0.001,1,16,40x40,MatchingNetwork,5,5,Egyptian,b-59-850,False,1,4000,2,exp1_permuted_src_datasets
722,40.720300093,1.0,1738324701.6784244,,1.3702149391174316,1.0,0.001,1,16,40x40,MatchingNetwork,5,5,Egyptian,b-59-850,False,1,4000,2,exp1_permuted_src_datasets
723,40.729683419,1.0,1738324701.687826,,1.372102975845337,1.0,0.001,1,16,40x40,MatchingNetwork,5,5,Egyptian,b-59-850,False,1,4000,2,exp1_permuted_src_datasets
724,40.738947598,1.0,1738324701.6970787,,1.3726062774658203,1.0,0.001,1,16,40x40,MatchingNetwork,5,5,Egyptian,b-59-850,False,1,4000,2,exp1_permuted_src_datasets
725,40.748711612,1.0,1738324701.7068324,,1.3794348239898682,1.0,0.001,1,16,40x40,MatchingNetwork,5,5,Egyptian,b-59-850,False,1,4000,2,exp1_permuted_src_datasets
726,40.758340567,1.0,1738324701.7164655,,1.373711347579956,1.0,0.001,1,16,40x40,MatchingNetwork,5,5,Egyptian,b-59-850,False,1,4000,2,exp1_permuted_src_datasets
727,40.767826507,1.0,1738324701.7259514,,1.3755511045455933,1.0,0.001,1,16,40x40,MatchingNetwork,5,5,Egyptian,b-59-850,False,1,4000,2,exp1_permuted_src_datasets
728,40.778153846,1.0,1738324701.7362654,,1.3767374753952026,1.0,0.001,1,16,40x40,MatchingNetwork,5,5,Egyptian,b-59-850,False,1,4000,2,exp1_permuted_src_datasets
729,40.788038902,1.0,1738324701.7461057,,1.4289116859436035,0.875,0.001,1,16,40x40,MatchingNetwork,5,5,Egyptian,b-59-850,False,1,4000,2,exp1_permuted_src_datasets
730,40.798473629,1.0,1738324701.7565575,,1.3699259757995605,1.0,0.001,1,16,40x40,MatchingNetwork,5,5,Egyptian,b-59-850,False,1,4000,2,exp1_permuted_src_datasets
731,40.812140685,1.0,1738324701.7702599,,1.3714418411254883,1.0,0.001,1,16,40x40,MatchingNetwork,5,5,Egyptian,b-59-850,False,1,4000,2,exp1_permuted_src_datasets
732,40.821888098,1.0,1738324701.780006,,1.3714784383773804,1.0,0.001,1,16,40x40,MatchingNetwork,5,5,Egyptian,b-59-850,False,1,4000,2,exp1_permuted_src_datasets
733,40.831467613,1.0,1738324701.7895765,,1.372837781906128,1.0,0.001,1,16,40x40,MatchingNetwork,5,5,Egyptian,b-59-850,False,1,4000,2,exp1_permuted_src_datasets
734,40.850810901,1.0,1738324701.8088737,,1.3717806339263916,1.0,0.001,1,16,40x40,MatchingNetwork,5,5,Egyptian,b-59-850,False,1,4000,2,exp1_permuted_src_datasets
735,40.860566224,1.0,1738324701.8186953,,1.372928500175476,1.0,0.001,1,16,40x40,MatchingNetwork,5,5,Egyptian,b-59-850,False,1,4000,2,exp1_permuted_src_datasets
736,40.870333373,1.0,1738324701.8284745,,1.3733583688735962,1.0,0.001,1,16,40x40,MatchingNetwork,5,5,Egyptian,b-59-850,False,1,4000,2,exp1_permuted_src_datasets
737,40.880239629,1.0,1738324701.838378,,1.3732824325561523,1.0,0.001,1,16,40x40,MatchingNetwork,5,5,Egyptian,b-59-850,False,1,4000,2,exp1_permuted_src_datasets
738,40.896208741,1.0,1738324701.8542955,,1.3711268901824951,1.0,0.001,1,16,40x40,MatchingNetwork,5,5,Egyptian,b-59-850,False,1,4000,2,exp1_permuted_src_datasets
739,40.914498934,1.0,1738324701.8726335,,1.368903636932373,1.0,0.001,1,16,40x40,MatchingNetwork,5,5,Egyptian,b-59-850,False,1,4000,2,exp1_permuted_src_datasets
740,40.933818029,1.0,1738324701.8919287,,1.3724185228347778,1.0,0.001,1,16,40x40,MatchingNetwork,5,5,Egyptian,b-59-850,False,1,4000,2,exp1_permuted_src_datasets
741,40.943788944,1.0,1738324701.9019048,,1.3723706007003784,1.0,0.001,1,16,40x40,MatchingNetwork,5,5,Egyptian,b-59-850,False,1,4000,2,exp1_permuted_src_datasets
742,40.953828469,1.0,1738324701.9119494,,1.3697478771209717,1.0,0.001,1,16,40x40,MatchingNetwork,5,5,Egyptian,b-59-850,False,1,4000,2,exp1_permuted_src_datasets
743,40.963537757,1.0,1738324701.9216743,,1.3724039793014526,1.0,0.001,1,16,40x40,MatchingNetwork,5,5,Egyptian,b-59-850,False,1,4000,2,exp1_permuted_src_datasets
744,40.973052673,1.0,1738324701.9311824,,1.3716869354248047,1.0,0.001,1,16,40x40,MatchingNetwork,5,5,Egyptian,b-59-850,False,1,4000,2,exp1_permuted_src_datasets
745,40.982684138,1.0,1738324701.9408264,,1.3705954551696777,1.0,0.001,1,16,40x40,MatchingNetwork,5,5,Egyptian,b-59-850,False,1,4000,2,exp1_permuted_src_datasets
746,41.000059849,1.0,1738324701.958096,,1.3696376085281372,1.0,0.001,1,16,40x40,MatchingNetwork,5,5,Egyptian,b-59-850,False,1,4000,2,exp1_permuted_src_datasets
747,41.01172777,1.0,1738324701.969837,,1.3693021535873413,1.0,0.001,1,16,40x40,MatchingNetwork,5,5,Egyptian,b-59-850,False,1,4000,2,exp1_permuted_src_datasets
748,41.021839366,1.0,1738324701.979956,,1.3706330060958862,1.0,0.001,1,16,40x40,MatchingNetwork,5,5,Egyptian,b-59-850,False,1,4000,2,exp1_permuted_src_datasets
749,41.031908804,1.0,1738324701.9900227,,1.3708382844924927,1.0,0.001,1,16,40x40,MatchingNetwork,5,5,Egyptian,b-59-850,False,1,4000,2,exp1_permuted_src_datasets
750,41.042105494,1.0,1738324702.0001838,,1.3681371212005615,1.0,0.001,1,16,40x40,MatchingNetwork,5,5,Egyptian,b-59-850,False,1,4000,2,exp1_permuted_src_datasets
751,41.05235137,1.0,1738324702.0104544,,1.3793941736221313,1.0,0.001,1,16,40x40,MatchingNetwork,5,5,Egyptian,b-59-850,False,1,4000,2,exp1_permuted_src_datasets
752,41.061917599,1.0,1738324702.0200577,,1.4300776720046997,0.9375,0.001,1,16,40x40,MatchingNetwork,5,5,Egyptian,b-59-850,False,1,4000,2,exp1_permuted_src_datasets
753,41.071538597,1.0,1738324702.0296571,,1.3697429895401,1.0,0.001,1,16,40x40,MatchingNetwork,5,5,Egyptian,b-59-850,False,1,4000,2,exp1_permuted_src_datasets
754,41.085576061,1.0,1738324702.0436397,,1.3731838464736938,1.0,0.001,1,16,40x40,MatchingNetwork,5,5,Egyptian,b-59-850,False,1,4000,2,exp1_permuted_src_datasets
755,41.102073416,1.0,1738324702.0601597,,1.4285552501678467,0.9375,0.001,1,16,40x40,MatchingNetwork,5,5,Egyptian,b-59-850,False,1,4000,2,exp1_permuted_src_datasets
756,41.118595953,1.0,1738324702.0766568,,1.3728175163269043,1.0,0.001,1,16,40x40,MatchingNetwork,5,5,Egyptian,b-59-850,False,1,4000,2,exp1_permuted_src_datasets
757,41.134476127,1.0,1738324702.0925384,,1.4285297393798828,1.0,0.001,1,16,40x40,MatchingNetwork,5,5,Egyptian,b-59-850,False,1,4000,2,exp1_permuted_src_datasets
758,41.147110539,1.0,1738324702.1052036,,1.3689194917678833,1.0,0.001,1,16,40x40,MatchingNetwork,5,5,Egyptian,b-59-850,False,1,4000,2,exp1_permuted_src_datasets
759,43.548825605,1.0,1738324704.5069594,0.59125,,,0.001,1,16,40x40,MatchingNetwork,5,5,Egyptian,b-59-850,False,1,4000,2,exp1_permuted_src_datasets
760,43.58233324,1.0,1738324704.5404007,,1.374907374382019,1.0,0.001,1,16,40x40,MatchingNetwork,5,5,Egyptian,b-59-850,False,1,4000,2,exp1_permuted_src_datasets
761,43.593670003,1.0,1738324704.5517821,,1.3696743249893188,1.0,0.001,1,16,40x40,MatchingNetwork,5,5,Egyptian,b-59-850,False,1,4000,2,exp1_permuted_src_datasets
762,43.603015893,1.0,1738324704.5611472,,1.3716444969177246,1.0,0.001,1,16,40x40,MatchingNetwork,5,5,Egyptian,b-59-850,False,1,4000,2,exp1_permuted_src_datasets
763,43.612461192,1.0,1738324704.570577,,1.3697144985198975,1.0,0.001,1,16,40x40,MatchingNetwork,5,5,Egyptian,b-59-850,False,1,4000,2,exp1_permuted_src_datasets
764,43.621872643,1.0,1738324704.5800142,,1.4278069734573364,1.0,0.001,1,16,40x40,MatchingNetwork,5,5,Egyptian,b-59-850,False,1,4000,2,exp1_permuted_src_datasets
765,43.631297845,1.0,1738324704.589425,,1.372789978981018,1.0,0.001,1,16,40x40,MatchingNetwork,5,5,Egyptian,b-59-850,False,1,4000,2,exp1_permuted_src_datasets
766,43.640719945,1.0,1738324704.5988383,,1.3695433139801025,1.0,0.001,1,16,40x40,MatchingNetwork,5,5,Egyptian,b-59-850,False,1,4000,2,exp1_permuted_src_datasets
767,43.652427113,1.0,1738324704.6105487,,1.3721163272857666,1.0,0.001,1,16,40x40,MatchingNetwork,5,5,Egyptian,b-59-850,False,1,4000,2,exp1_permuted_src_datasets
768,43.661931415,1.0,1738324704.6200511,,1.3691933155059814,1.0,0.001,1,16,40x40,MatchingNetwork,5,5,Egyptian,b-59-850,False,1,4000,2,exp1_permuted_src_datasets
769,43.677282423,1.0,1738324704.6353889,,1.3688371181488037,1.0,0.001,1,16,40x40,MatchingNetwork,5,5,Egyptian,b-59-850,False,1,4000,2,exp1_permuted_src_datasets
770,43.693979091,1.0,1738324704.6520977,,1.3723487854003906,1.0,0.001,1,16,40x40,MatchingNetwork,5,5,Egyptian,b-59-850,False,1,4000,2,exp1_permuted_src_datasets
771,43.713744866,1.0,1738324704.6718087,,1.3724970817565918,1.0,0.001,1,16,40x40,MatchingNetwork,5,5,Egyptian,b-59-850,False,1,4000,2,exp1_permuted_src_datasets
772,43.727487275,1.0,1738324704.6855824,,1.37114417552948,1.0,0.001,1,16,40x40,MatchingNetwork,5,5,Egyptian,b-59-850,False,1,4000,2,exp1_permuted_src_datasets
773,43.74144662,1.0,1738324704.6994815,,1.375332236289978,1.0,0.001,1,16,40x40,MatchingNetwork,5,5,Egyptian,b-59-850,False,1,4000,2,exp1_permuted_src_datasets
774,43.760658091,1.0,1738324704.7187054,,1.3763558864593506,1.0,0.001,1,16,40x40,MatchingNetwork,5,5,Egyptian,b-59-850,False,1,4000,2,exp1_permuted_src_datasets
775,43.778798817,1.0,1738324704.7369058,,1.4316514730453491,0.875,0.001,1,16,40x40,MatchingNetwork,5,5,Egyptian,b-59-850,False,1,4000,2,exp1_permuted_src_datasets
776,43.788377059,1.0,1738324704.7464886,,1.429456114768982,0.875,0.001,1,16,40x40,MatchingNetwork,5,5,Egyptian,b-59-850,False,1,4000,2,exp1_permuted_src_datasets
777,43.797901058,1.0,1738324704.756016,,1.369691252708435,1.0,0.001,1,16,40x40,MatchingNetwork,5,5,Egyptian,b-59-850,False,1,4000,2,exp1_permuted_src_datasets
778,43.807407551,1.0,1738324704.765525,,1.3692060708999634,1.0,0.001,1,16,40x40,MatchingNetwork,5,5,Egyptian,b-59-850,False,1,4000,2,exp1_permuted_src_datasets
779,43.81683064,1.0,1738324704.7749498,,1.3699934482574463,1.0,0.001,1,16,40x40,MatchingNetwork,5,5,Egyptian,b-59-850,False,1,4000,2,exp1_permuted_src_datasets
780,43.82634963,1.0,1738324704.7844648,,1.3695240020751953,1.0,0.001,1,16,40x40,MatchingNetwork,5,5,Egyptian,b-59-850,False,1,4000,2,exp1_permuted_src_datasets
781,43.846423545,1.0,1738324704.8043542,,1.369828224182129,1.0,0.001,1,16,40x40,MatchingNetwork,5,5,Egyptian,b-59-850,False,1,4000,2,exp1_permuted_src_datasets
782,43.859747443,1.0,1738324704.817788,,1.3723784685134888,1.0,0.001,1,16,40x40,MatchingNetwork,5,5,Egyptian,b-59-850,False,1,4000,2,exp1_permuted_src_datasets
783,43.869690771,1.0,1738324704.8278172,,1.3700224161148071,1.0,0.001,1,16,40x40,MatchingNetwork,5,5,Egyptian,b-59-850,False,1,4000,2,exp1_permuted_src_datasets
784,43.87909503,1.0,1738324704.837235,,1.370402455329895,1.0,0.001,1,16,40x40,MatchingNetwork,5,5,Egyptian,b-59-850,False,1,4000,2,exp1_permuted_src_datasets
785,43.888583213,1.0,1738324704.84673,,1.3715940713882446,1.0,0.001,1,16,40x40,MatchingNetwork,5,5,Egyptian,b-59-850,False,1,4000,2,exp1_permuted_src_datasets
786,43.898358465,1.0,1738324704.856489,,1.3691264390945435,1.0,0.001,1,16,40x40,MatchingNetwork,5,5,Egyptian,b-59-850,False,1,4000,2,exp1_permuted_src_datasets
787,43.907820538,1.0,1738324704.865961,,1.376245141029358,1.0,0.001,1,16,40x40,MatchingNetwork,5,5,Egyptian,b-59-850,False,1,4000,2,exp1_permuted_src_datasets
788,43.918113749,1.0,1738324704.876235,,1.4287211894989014,0.875,0.001,1,16,40x40,MatchingNetwork,5,5,Egyptian,b-59-850,False,1,4000,2,exp1_permuted_src_datasets
789,43.927871209,1.0,1738324704.8859608,,1.3689446449279785,1.0,0.001,1,16,40x40,MatchingNetwork,5,5,Egyptian,b-59-850,False,1,4000,2,exp1_permuted_src_datasets
790,43.937683284,1.0,1738324704.8957973,,1.3689045906066895,1.0,0.001,1,16,40x40,MatchingNetwork,5,5,Egyptian,b-59-850,False,1,4000,2,exp1_permuted_src_datasets
791,43.947232962,1.0,1738324704.905352,,1.3723560571670532,1.0,0.001,1,16,40x40,MatchingNetwork,5,5,Egyptian,b-59-850,False,1,4000,2,exp1_permuted_src_datasets
792,43.961899031,1.0,1738324704.9199517,,1.3739688396453857,1.0,0.001,1,16,40x40,MatchingNetwork,5,5,Egyptian,b-59-850,False,1,4000,2,exp1_permuted_src_datasets
793,43.973770469,1.0,1738324704.931876,,1.3694297075271606,1.0,0.001,1,16,40x40,MatchingNetwork,5,5,Egyptian,b-59-850,False,1,4000,2,exp1_permuted_src_datasets
794,43.983444404,1.0,1738324704.9415734,,1.3727240562438965,1.0,0.001,1,16,40x40,MatchingNetwork,5,5,Egyptian,b-59-850,False,1,4000,2,exp1_permuted_src_datasets
795,43.993477893,1.0,1738324704.9515834,,1.432246208190918,1.0,0.001,1,16,40x40,MatchingNetwork,5,5,Egyptian,b-59-850,False,1,4000,2,exp1_permuted_src_datasets
796,44.013081634,1.0,1738324704.9711661,,1.3687107563018799,1.0,0.001,1,16,40x40,MatchingNetwork,5,5,Egyptian,b-59-850,False,1,4000,2,exp1_permuted_src_datasets
797,44.033412501,1.0,1738324704.9914865,,1.4274866580963135,0.9375,0.001,1,16,40x40,MatchingNetwork,5,5,Egyptian,b-59-850,False,1,4000,2,exp1_permuted_src_datasets
798,44.048729432,1.0,1738324705.0068402,,1.3731375932693481,1.0,0.001,1,16,40x40,MatchingNetwork,5,5,Egyptian,b-59-850,False,1,4000,2,exp1_permuted_src_datasets
799,44.058347104,1.0,1738324705.0164733,,1.3728082180023193,1.0,0.001,1,16,40x40,MatchingNetwork,5,5,Egyptian,b-59-850,False,1,4000,2,exp1_permuted_src_datasets
800,44.068541457,1.0,1738324705.0266185,,1.3728561401367188,1.0,0.001,1,16,40x40,MatchingNetwork,5,5,Egyptian,b-59-850,False,1,4000,2,exp1_permuted_src_datasets
801,44.078612688,1.0,1738324705.0366971,,1.3685569763183594,1.0,0.001,1,16,40x40,MatchingNetwork,5,5,Egyptian,b-59-850,False,1,4000,2,exp1_permuted_src_datasets
802,44.088500408,1.0,1738324705.04661,,1.369358777999878,1.0,0.001,1,16,40x40,MatchingNetwork,5,5,Egyptian,b-59-850,False,1,4000,2,exp1_permuted_src_datasets
803,44.098169897,1.0,1738324705.0563061,,1.3716965913772583,1.0,0.001,1,16,40x40,MatchingNetwork,5,5,Egyptian,b-59-850,False,1,4000,2,exp1_permuted_src_datasets
804,44.107856142,1.0,1738324705.0659382,,1.4283603429794312,1.0,0.001,1,16,40x40,MatchingNetwork,5,5,Egyptian,b-59-850,False,1,4000,2,exp1_permuted_src_datasets
805,44.117612397,1.0,1738324705.0757463,,1.4312206506729126,1.0,0.001,1,16,40x40,MatchingNetwork,5,5,Egyptian,b-59-850,False,1,4000,2,exp1_permuted_src_datasets
806,44.127620152,1.0,1738324705.0857277,,1.3723578453063965,1.0,0.001,1,16,40x40,MatchingNetwork,5,5,Egyptian,b-59-850,False,1,4000,2,exp1_permuted_src_datasets
807,44.137081048,1.0,1738324705.0952172,,1.3715413808822632,1.0,0.001,1,16,40x40,MatchingNetwork,5,5,Egyptian,b-59-850,False,1,4000,2,exp1_permuted_src_datasets
808,44.152734345,1.0,1738324705.110812,,1.3698266744613647,1.0,0.001,1,16,40x40,MatchingNetwork,5,5,Egyptian,b-59-850,False,1,4000,2,exp1_permuted_src_datasets
809,44.164251769,1.0,1738324705.1223612,,1.3722593784332275,1.0,0.001,1,16,40x40,MatchingNetwork,5,5,Egyptian,b-59-850,False,1,4000,2,exp1_permuted_src_datasets
810,44.180942697,1.0,1738324705.1390274,,1.3724393844604492,1.0,0.001,1,16,40x40,MatchingNetwork,5,5,Egyptian,b-59-850,False,1,4000,2,exp1_permuted_src_datasets
811,44.191283542,1.0,1738324705.1494098,,1.3699266910552979,1.0,0.001,1,16,40x40,MatchingNetwork,5,5,Egyptian,b-59-850,False,1,4000,2,exp1_permuted_src_datasets
812,44.201831262,1.0,1738324705.1599607,,1.3694627285003662,1.0,0.001,1,16,40x40,MatchingNetwork,5,5,Egyptian,b-59-850,False,1,4000,2,exp1_permuted_src_datasets
813,44.211311839,1.0,1738324705.1694543,,1.375280737876892,1.0,0.001,1,16,40x40,MatchingNetwork,5,5,Egyptian,b-59-850,False,1,4000,2,exp1_permuted_src_datasets
814,44.220582034,1.0,1738324705.1787262,,1.3686076402664185,1.0,0.001,1,16,40x40,MatchingNetwork,5,5,Egyptian,b-59-850,False,1,4000,2,exp1_permuted_src_datasets
815,44.230831249,1.0,1738324705.188879,,1.3722885847091675,1.0,0.001,1,16,40x40,MatchingNetwork,5,5,Egyptian,b-59-850,False,1,4000,2,exp1_permuted_src_datasets
816,44.242328711,1.0,1738324705.2004385,,1.3717784881591797,1.0,0.001,1,16,40x40,MatchingNetwork,5,5,Egyptian,b-59-850,False,1,4000,2,exp1_permuted_src_datasets
817,44.252145817,1.0,1738324705.2102513,,1.3704051971435547,1.0,0.001,1,16,40x40,MatchingNetwork,5,5,Egyptian,b-59-850,False,1,4000,2,exp1_permuted_src_datasets
818,44.262296507,1.0,1738324705.2203772,,1.369653582572937,1.0,0.001,1,16,40x40,MatchingNetwork,5,5,Egyptian,b-59-850,False,1,4000,2,exp1_permuted_src_datasets
819,44.272576317,1.0,1738324705.2306802,,1.3732656240463257,1.0,0.001,1,16,40x40,MatchingNetwork,5,5,Egyptian,b-59-850,False,1,4000,2,exp1_permuted_src_datasets
820,44.281950322,1.0,1738324705.24008,,1.3689751625061035,1.0,0.001,1,16,40x40,MatchingNetwork,5,5,Egyptian,b-59-850,False,1,4000,2,exp1_permuted_src_datasets
821,44.291227754,1.0,1738324705.2493615,,1.4308542013168335,0.875,0.001,1,16,40x40,MatchingNetwork,5,5,Egyptian,b-59-850,False,1,4000,2,exp1_permuted_src_datasets
822,46.694343993,1.0,1738324707.6524916,0.60375,,,0.001,1,16,40x40,MatchingNetwork,5,5,Egyptian,b-59-850,False,1,4000,2,exp1_permuted_src_datasets
823,46.724533832,1.0,1738324707.6826441,,1.3686991930007935,1.0,0.001,1,16,40x40,MatchingNetwork,5,5,Egyptian,b-59-850,False,1,4000,2,exp1_permuted_src_datasets
824,46.735446971,1.0,1738324707.6935682,,1.4282598495483398,1.0,0.001,1,16,40x40,MatchingNetwork,5,5,Egyptian,b-59-850,False,1,4000,2,exp1_permuted_src_datasets
825,46.745055194,1.0,1738324707.7031827,,1.4873713254928589,1.0,0.001,1,16,40x40,MatchingNetwork,5,5,Egyptian,b-59-850,False,1,4000,2,exp1_permuted_src_datasets
826,46.755800093,1.0,1738324707.7139,,1.3765754699707031,1.0,0.001,1,16,40x40,MatchingNetwork,5,5,Egyptian,b-59-850,False,1,4000,2,exp1_permuted_src_datasets
827,46.765288929,1.0,1738324707.7234097,,1.371793270111084,1.0,0.001,1,16,40x40,MatchingNetwork,5,5,Egyptian,b-59-850,False,1,4000,2,exp1_permuted_src_datasets
828,46.776961175,1.0,1738324707.7350192,,1.372127652168274,1.0,0.001,1,16,40x40,MatchingNetwork,5,5,Egyptian,b-59-850,False,1,4000,2,exp1_permuted_src_datasets
829,46.786721334,1.0,1738324707.7448394,,1.371478796005249,1.0,0.001,1,16,40x40,MatchingNetwork,5,5,Egyptian,b-59-850,False,1,4000,2,exp1_permuted_src_datasets
830,46.796169746,1.0,1738324707.7542953,,1.3723337650299072,1.0,0.001,1,16,40x40,MatchingNetwork,5,5,Egyptian,b-59-850,False,1,4000,2,exp1_permuted_src_datasets
831,46.805439653,1.0,1738324707.763569,,1.371511459350586,1.0,0.001,1,16,40x40,MatchingNetwork,5,5,Egyptian,b-59-850,False,1,4000,2,exp1_permuted_src_datasets
832,46.814952042,1.0,1738324707.7730832,,1.3723223209381104,1.0,0.001,1,16,40x40,MatchingNetwork,5,5,Egyptian,b-59-850,False,1,4000,2,exp1_permuted_src_datasets
833,46.832278534,1.0,1738324707.7903895,,1.3690897226333618,1.0,0.001,1,16,40x40,MatchingNetwork,5,5,Egyptian,b-59-850,False,1,4000,2,exp1_permuted_src_datasets
834,46.841682365,1.0,1738324707.7997932,,1.3702110052108765,1.0,0.001,1,16,40x40,MatchingNetwork,5,5,Egyptian,b-59-850,False,1,4000,2,exp1_permuted_src_datasets
835,46.851034551,1.0,1738324707.8091736,,1.3723818063735962,1.0,0.001,1,16,40x40,MatchingNetwork,5,5,Egyptian,b-59-850,False,1,4000,2,exp1_permuted_src_datasets
836,46.8603578,1.0,1738324707.8184826,,1.3726985454559326,1.0,0.001,1,16,40x40,MatchingNetwork,5,5,Egyptian,b-59-850,False,1,4000,2,exp1_permuted_src_datasets
837,46.869903822,1.0,1738324707.828021,,1.3687400817871094,1.0,0.001,1,16,40x40,MatchingNetwork,5,5,Egyptian,b-59-850,False,1,4000,2,exp1_permuted_src_datasets
838,46.879322978,1.0,1738324707.8374484,,1.4316132068634033,1.0,0.001,1,16,40x40,MatchingNetwork,5,5,Egyptian,b-59-850,False,1,4000,2,exp1_permuted_src_datasets
839,46.894191319,1.0,1738324707.8522503,,1.4276375770568848,1.0,0.001,1,16,40x40,MatchingNetwork,5,5,Egyptian,b-59-850,False,1,4000,2,exp1_permuted_src_datasets
840,46.904297219,1.0,1738324707.8624086,,1.3680206537246704,1.0,0.001,1,16,40x40,MatchingNetwork,5,5,Egyptian,b-59-850,False,1,4000,2,exp1_permuted_src_datasets
841,46.918053944,1.0,1738324707.8761468,,1.3680779933929443,1.0,0.001,1,16,40x40,MatchingNetwork,5,5,Egyptian,b-59-850,False,1,4000,2,exp1_permuted_src_datasets
842,46.93139755,1.0,1738324707.889515,,1.3716444969177246,1.0,0.001,1,16,40x40,MatchingNetwork,5,5,Egyptian,b-59-850,False,1,4000,2,exp1_permuted_src_datasets
843,46.942154352,1.0,1738324707.9002895,,1.3728351593017578,1.0,0.001,1,16,40x40,MatchingNetwork,5,5,Egyptian,b-59-850,False,1,4000,2,exp1_permuted_src_datasets
844,46.951517535,1.0,1738324707.9096355,,1.3686491250991821,1.0,0.001,1,16,40x40,MatchingNetwork,5,5,Egyptian,b-59-850,False,1,4000,2,exp1_permuted_src_datasets
845,46.960930981,1.0,1738324707.919051,,1.372436285018921,1.0,0.001,1,16,40x40,MatchingNetwork,5,5,Egyptian,b-59-850,False,1,4000,2,exp1_permuted_src_datasets
846,46.970363771,1.0,1738324707.9284728,,1.3717347383499146,1.0,0.001,1,16,40x40,MatchingNetwork,5,5,Egyptian,b-59-850,False,1,4000,2,exp1_permuted_src_datasets
847,46.979877185,1.0,1738324707.9379954,,1.3752021789550781,1.0,0.001,1,16,40x40,MatchingNetwork,5,5,Egyptian,b-59-850,False,1,4000,2,exp1_permuted_src_datasets
848,46.989296964,1.0,1738324707.94742,,1.3719842433929443,1.0,0.001,1,16,40x40,MatchingNetwork,5,5,Egyptian,b-59-850,False,1,4000,2,exp1_permuted_src_datasets
849,46.998506102,1.0,1738324707.9566364,,1.371996283531189,1.0,0.001,1,16,40x40,MatchingNetwork,5,5,Egyptian,b-59-850,False,1,4000,2,exp1_permuted_src_datasets
850,47.014471732,1.0,1738324707.9725287,,1.3731632232666016,1.0,0.001,1,16,40x40,MatchingNetwork,5,5,Egyptian,b-59-850,False,1,4000,2,exp1_permuted_src_datasets
851,47.026972946,1.0,1738324707.985057,,1.3714323043823242,1.0,0.001,1,16,40x40,MatchingNetwork,5,5,Egyptian,b-59-850,False,1,4000,2,exp1_permuted_src_datasets
852,47.038329848,1.0,1738324707.9964385,,1.3724476099014282,1.0,0.001,1,16,40x40,MatchingNetwork,5,5,Egyptian,b-59-850,False,1,4000,2,exp1_permuted_src_datasets
853,47.047939723,1.0,1738324708.0060587,,1.3722084760665894,1.0,0.001,1,16,40x40,MatchingNetwork,5,5,Egyptian,b-59-850,False,1,4000,2,exp1_permuted_src_datasets
854,47.057380795,1.0,1738324708.0154872,,1.3712608814239502,1.0,0.001,1,16,40x40,MatchingNetwork,5,5,Egyptian,b-59-850,False,1,4000,2,exp1_permuted_src_datasets
855,47.066816219,1.0,1738324708.0249436,,1.4311633110046387,1.0,0.001,1,16,40x40,MatchingNetwork,5,5,Egyptian,b-59-850,False,1,4000,2,exp1_permuted_src_datasets
856,47.077485287,1.0,1738324708.0356019,,1.3715579509735107,1.0,0.001,1,16,40x40,MatchingNetwork,5,5,Egyptian,b-59-850,False,1,4000,2,exp1_permuted_src_datasets
857,47.092258906,1.0,1738324708.0502818,,1.369559407234192,1.0,0.001,1,16,40x40,MatchingNetwork,5,5,Egyptian,b-59-850,False,1,4000,2,exp1_permuted_src_datasets
858,47.104117767,1.0,1738324708.0611181,,1.3695124387741089,1.0,0.001,1,16,40x40,MatchingNetwork,5,5,Egyptian,b-59-850,False,1,4000,2,exp1_permuted_src_datasets
859,47.114827736,1.0,1738324708.072931,,1.36876380443573,1.0,0.001,1,16,40x40,MatchingNetwork,5,5,Egyptian,b-59-850,False,1,4000,2,exp1_permuted_src_datasets
860,47.129396386,1.0,1738324708.0874507,,1.4288411140441895,1.0,0.001,1,16,40x40,MatchingNetwork,5,5,Egyptian,b-59-850,False,1,4000,2,exp1_permuted_src_datasets
861,47.146342183,1.0,1738324708.1044538,,1.3689464330673218,1.0,0.001,1,16,40x40,MatchingNetwork,5,5,Egyptian,b-59-850,False,1,4000,2,exp1_permuted_src_datasets
862,47.165638806,1.0,1738324708.1237426,,1.368833065032959,1.0,0.001,1,16,40x40,MatchingNetwork,5,5,Egyptian,b-59-850,False,1,4000,2,exp1_permuted_src_datasets
863,47.175395269,1.0,1738324708.1335337,,1.431010127067566,1.0,0.001,1,16,40x40,MatchingNetwork,5,5,Egyptian,b-59-850,False,1,4000,2,exp1_permuted_src_datasets
864,47.184988339,1.0,1738324708.1431077,,1.3693032264709473,1.0,0.001,1,16,40x40,MatchingNetwork,5,5,Egyptian,b-59-850,False,1,4000,2,exp1_permuted_src_datasets
865,47.194313173,1.0,1738324708.1524422,,1.3691946268081665,1.0,0.001,1,16,40x40,MatchingNetwork,5,5,Egyptian,b-59-850,False,1,4000,2,exp1_permuted_src_datasets
866,47.203624876,1.0,1738324708.1617484,,1.3724137544631958,1.0,0.001,1,16,40x40,MatchingNetwork,5,5,Egyptian,b-59-850,False,1,4000,2,exp1_permuted_src_datasets
867,47.213020588,1.0,1738324708.171143,,1.3694822788238525,1.0,0.001,1,16,40x40,MatchingNetwork,5,5,Egyptian,b-59-850,False,1,4000,2,exp1_permuted_src_datasets
868,47.222478107,1.0,1738324708.1806035,,1.4314361810684204,1.0,0.001,1,16,40x40,MatchingNetwork,5,5,Egyptian,b-59-850,False,1,4000,2,exp1_permuted_src_datasets
869,47.231750294,1.0,1738324708.189861,,1.3720333576202393,1.0,0.001,1,16,40x40,MatchingNetwork,5,5,Egyptian,b-59-850,False,1,4000,2,exp1_permuted_src_datasets
870,47.241328202,1.0,1738324708.1994529,,1.3692325353622437,1.0,0.001,1,16,40x40,MatchingNetwork,5,5,Egyptian,b-59-850,False,1,4000,2,exp1_permuted_src_datasets
871,47.25061916,1.0,1738324708.2087493,,1.3680821657180786,1.0,0.001,1,16,40x40,MatchingNetwork,5,5,Egyptian,b-59-850,False,1,4000,2,exp1_permuted_src_datasets
872,47.26021376,1.0,1738324708.2183306,,1.3712594509124756,1.0,0.001,1,16,40x40,MatchingNetwork,5,5,Egyptian,b-59-850,False,1,4000,2,exp1_permuted_src_datasets
873,47.270166742,1.0,1738324708.2282553,,1.369099736213684,1.0,0.001,1,16,40x40,MatchingNetwork,5,5,Egyptian,b-59-850,False,1,4000,2,exp1_permuted_src_datasets
874,47.279733269,1.0,1738324708.2378674,,1.3719735145568848,1.0,0.001,1,16,40x40,MatchingNetwork,5,5,Egyptian,b-59-850,False,1,4000,2,exp1_permuted_src_datasets
875,47.291712717,1.0,1738324708.2498443,,1.3724660873413086,1.0,0.001,1,16,40x40,MatchingNetwork,5,5,Egyptian,b-59-850,False,1,4000,2,exp1_permuted_src_datasets
876,47.310545449,1.0,1738324708.2686138,,1.371588945388794,1.0,0.001,1,16,40x40,MatchingNetwork,5,5,Egyptian,b-59-850,False,1,4000,2,exp1_permuted_src_datasets
877,47.330355096,1.0,1738324708.2884254,,1.3735241889953613,1.0,0.001,1,16,40x40,MatchingNetwork,5,5,Egyptian,b-59-850,False,1,4000,2,exp1_permuted_src_datasets
878,47.34238312,1.0,1738324708.3005188,,1.3680588006973267,1.0,0.001,1,16,40x40,MatchingNetwork,5,5,Egyptian,b-59-850,False,1,4000,2,exp1_permuted_src_datasets
879,47.352918978,1.0,1738324708.3110359,,1.3714869022369385,1.0,0.001,1,16,40x40,MatchingNetwork,5,5,Egyptian,b-59-850,False,1,4000,2,exp1_permuted_src_datasets
880,47.362429523,1.0,1738324708.3205538,,1.3719794750213623,1.0,0.001,1,16,40x40,MatchingNetwork,5,5,Egyptian,b-59-850,False,1,4000,2,exp1_permuted_src_datasets
881,47.377498295,1.0,1738324708.3356025,,1.3695894479751587,1.0,0.001,1,16,40x40,MatchingNetwork,5,5,Egyptian,b-59-850,False,1,4000,2,exp1_permuted_src_datasets
882,47.397352108,1.0,1738324708.3553946,,1.3702099323272705,1.0,0.001,1,16,40x40,MatchingNetwork,5,5,Egyptian,b-59-850,False,1,4000,2,exp1_permuted_src_datasets
883,47.410301926,1.0,1738324708.3684342,,1.4291881322860718,1.0,0.001,1,16,40x40,MatchingNetwork,5,5,Egyptian,b-59-850,False,1,4000,2,exp1_permuted_src_datasets
884,47.428085643,1.0,1738324708.3861794,,1.3757766485214233,1.0,0.001,1,16,40x40,MatchingNetwork,5,5,Egyptian,b-59-850,False,1,4000,2,exp1_permuted_src_datasets
885,49.929632114,1.0,1738324710.8877637,0.6015,,,0.001,1,16,40x40,MatchingNetwork,5,5,Egyptian,b-59-850,False,1,4000,2,exp1_permuted_src_datasets
886,49.947374415,1.0,1738324710.9052582,,1.3684923648834229,1.0,0.001,1,16,40x40,MatchingNetwork,5,5,Egyptian,b-59-850,False,1,4000,2,exp1_permuted_src_datasets
887,49.969159496,1.0,1738324710.9271703,,1.3685439825057983,1.0,0.001,1,16,40x40,MatchingNetwork,5,5,Egyptian,b-59-850,False,1,4000,2,exp1_permuted_src_datasets
888,49.979547034,1.0,1738324710.9376552,,1.3753840923309326,1.0,0.001,1,16,40x40,MatchingNetwork,5,5,Egyptian,b-59-850,False,1,4000,2,exp1_permuted_src_datasets
889,49.989593991,1.0,1738324710.9477122,,1.3687881231307983,1.0,0.001,1,16,40x40,MatchingNetwork,5,5,Egyptian,b-59-850,False,1,4000,2,exp1_permuted_src_datasets
890,50.003569288,1.0,1738324710.96169,,1.4275600910186768,1.0,0.001,1,16,40x40,MatchingNetwork,5,5,Egyptian,b-59-850,False,1,4000,2,exp1_permuted_src_datasets
891,50.019631412,1.0,1738324710.9777496,,1.3690764904022217,1.0,0.001,1,16,40x40,MatchingNetwork,5,5,Egyptian,b-59-850,False,1,4000,2,exp1_permuted_src_datasets
892,50.03236989,1.0,1738324710.990489,,1.3686792850494385,1.0,0.001,1,16,40x40,MatchingNetwork,5,5,Egyptian,b-59-850,False,1,4000,2,exp1_permuted_src_datasets
893,50.05129728,1.0,1738324711.0093806,,1.4278875589370728,1.0,0.001,1,16,40x40,MatchingNetwork,5,5,Egyptian,b-59-850,False,1,4000,2,exp1_permuted_src_datasets
894,50.063019388,1.0,1738324711.0211344,,1.3701692819595337,1.0,0.001,1,16,40x40,MatchingNetwork,5,5,Egyptian,b-59-850,False,1,4000,2,exp1_permuted_src_datasets
895,50.077523569,1.0,1738324711.035597,,1.3714559078216553,1.0,0.001,1,16,40x40,MatchingNetwork,5,5,Egyptian,b-59-850,False,1,4000,2,exp1_permuted_src_datasets
896,50.100499259,1.0,1738324711.0585127,,1.3693809509277344,1.0,0.001,1,16,40x40,MatchingNetwork,5,5,Egyptian,b-59-850,False,1,4000,2,exp1_permuted_src_datasets
897,50.119646749,1.0,1738324711.077661,,1.37144935131073,1.0,0.001,1,16,40x40,MatchingNetwork,5,5,Egyptian,b-59-850,False,1,4000,2,exp1_permuted_src_datasets
898,50.134328652,1.0,1738324711.0923865,,1.4292274713516235,1.0,0.001,1,16,40x40,MatchingNetwork,5,5,Egyptian,b-59-850,False,1,4000,2,exp1_permuted_src_datasets
899,50.145261171,1.0,1738324711.1033776,,1.3688336610794067,1.0,0.001,1,16,40x40,MatchingNetwork,5,5,Egyptian,b-59-850,False,1,4000,2,exp1_permuted_src_datasets
900,50.1552016,1.0,1738324711.1133213,,1.3733364343643188,1.0,0.001,1,16,40x40,MatchingNetwork,5,5,Egyptian,b-59-850,False,1,4000,2,exp1_permuted_src_datasets
901,50.164535745,1.0,1738324711.1226614,,1.3693498373031616,1.0,0.001,1,16,40x40,MatchingNetwork,5,5,Egyptian,b-59-850,False,1,4000,2,exp1_permuted_src_datasets
902,50.173833898,1.0,1738324711.1319473,,1.372849464416504,1.0,0.001,1,16,40x40,MatchingNetwork,5,5,Egyptian,b-59-850,False,1,4000,2,exp1_permuted_src_datasets
903,50.187048873,1.0,1738324711.1451433,,1.37228524684906,1.0,0.001,1,16,40x40,MatchingNetwork,5,5,Egyptian,b-59-850,False,1,4000,2,exp1_permuted_src_datasets
904,50.203314364,1.0,1738324711.1613815,,1.3686792850494385,1.0,0.001,1,16,40x40,MatchingNetwork,5,5,Egyptian,b-59-850,False,1,4000,2,exp1_permuted_src_datasets
905,50.22032303,1.0,1738324711.1783783,,1.4309360980987549,1.0,0.001,1,16,40x40,MatchingNetwork,5,5,Egyptian,b-59-850,False,1,4000,2,exp1_permuted_src_datasets
906,50.231250009,1.0,1738324711.1893682,,1.428413987159729,1.0,0.001,1,16,40x40,MatchingNetwork,5,5,Egyptian,b-59-850,False,1,4000,2,exp1_permuted_src_datasets
907,50.240857998,1.0,1738324711.1989655,,1.4311413764953613,1.0,0.001,1,16,40x40,MatchingNetwork,5,5,Egyptian,b-59-850,False,1,4000,2,exp1_permuted_src_datasets
908,50.250386145,1.0,1738324711.2085192,,1.3699615001678467,1.0,0.001,1,16,40x40,MatchingNetwork,5,5,Egyptian,b-59-850,False,1,4000,2,exp1_permuted_src_datasets
909,50.259889327,1.0,1738324711.2180185,,1.3704218864440918,1.0,0.001,1,16,40x40,MatchingNetwork,5,5,Egyptian,b-59-850,False,1,4000,2,exp1_permuted_src_datasets
910,50.275067008,1.0,1738324711.233143,,1.372135043144226,1.0,0.001,1,16,40x40,MatchingNetwork,5,5,Egyptian,b-59-850,False,1,4000,2,exp1_permuted_src_datasets
911,50.284547151,1.0,1738324711.242672,,1.3718554973602295,1.0,0.001,1,16,40x40,MatchingNetwork,5,5,Egyptian,b-59-850,False,1,4000,2,exp1_permuted_src_datasets
912,50.296139098,1.0,1738324711.2542036,,1.3715790510177612,1.0,0.001,1,16,40x40,MatchingNetwork,5,5,Egyptian,b-59-850,False,1,4000,2,exp1_permuted_src_datasets
913,50.31492992,1.0,1738324711.2729795,,1.3691803216934204,1.0,0.001,1,16,40x40,MatchingNetwork,5,5,Egyptian,b-59-850,False,1,4000,2,exp1_permuted_src_datasets
914,50.326404265,1.0,1738324711.2845304,,1.3762195110321045,1.0,0.001,1,16,40x40,MatchingNetwork,5,5,Egyptian,b-59-850,False,1,4000,2,exp1_permuted_src_datasets
915,50.335722713,1.0,1738324711.2938511,,1.3735246658325195,1.0,0.001,1,16,40x40,MatchingNetwork,5,5,Egyptian,b-59-850,False,1,4000,2,exp1_permuted_src_datasets
916,50.345074441,1.0,1738324711.3032126,,1.3725013732910156,1.0,0.001,1,16,40x40,MatchingNetwork,5,5,Egyptian,b-59-850,False,1,4000,2,exp1_permuted_src_datasets
917,50.354309857,1.0,1738324711.3124402,,1.4314260482788086,1.0,0.001,1,16,40x40,MatchingNetwork,5,5,Egyptian,b-59-850,False,1,4000,2,exp1_permuted_src_datasets
918,50.365062316,1.0,1738324711.3231535,,1.3693510293960571,1.0,0.001,1,16,40x40,MatchingNetwork,5,5,Egyptian,b-59-850,False,1,4000,2,exp1_permuted_src_datasets
919,50.374412526,1.0,1738324711.3325343,,1.3694143295288086,1.0,0.001,1,16,40x40,MatchingNetwork,5,5,Egyptian,b-59-850,False,1,4000,2,exp1_permuted_src_datasets
920,50.388754236,1.0,1738324711.346793,,1.3691688776016235,1.0,0.001,1,16,40x40,MatchingNetwork,5,5,Egyptian,b-59-850,False,1,4000,2,exp1_permuted_src_datasets
921,50.3993503,1.0,1738324711.3574371,,1.3693243265151978,1.0,0.001,1,16,40x40,MatchingNetwork,5,5,Egyptian,b-59-850,False,1,4000,2,exp1_permuted_src_datasets
922,50.409451618,1.0,1738324711.367545,,1.3720263242721558,1.0,0.001,1,16,40x40,MatchingNetwork,5,5,Egyptian,b-59-850,False,1,4000,2,exp1_permuted_src_datasets
923,50.419060951,1.0,1738324711.3771827,,1.3726232051849365,1.0,0.001,1,16,40x40,MatchingNetwork,5,5,Egyptian,b-59-850,False,1,4000,2,exp1_permuted_src_datasets
924,50.428474145,1.0,1738324711.3865879,,1.3685587644577026,1.0,0.001,1,16,40x40,MatchingNetwork,5,5,Egyptian,b-59-850,False,1,4000,2,exp1_permuted_src_datasets
925,50.4384914,1.0,1738324711.3966212,,1.428117036819458,1.0,0.001,1,16,40x40,MatchingNetwork,5,5,Egyptian,b-59-850,False,1,4000,2,exp1_permuted_src_datasets
926,50.481232877,1.0,1738324711.4059558,,1.3750481605529785,1.0,0.001,1,16,40x40,MatchingNetwork,5,5,Egyptian,b-59-850,False,1,4000,2,exp1_permuted_src_datasets
927,50.48125532,1.0,1738324711.4200125,,1.371498703956604,1.0,0.001,1,16,40x40,MatchingNetwork,5,5,Egyptian,b-59-850,False,1,4000,2,exp1_permuted_src_datasets
928,50.481264812,1.0,1738324711.4327006,,1.4281811714172363,1.0,0.001,1,16,40x40,MatchingNetwork,5,5,Egyptian,b-59-850,False,1,4000,2,exp1_permuted_src_datasets
929,50.484561435,1.0,1738324711.4426656,,1.3700709342956543,1.0,0.001,1,16,40x40,MatchingNetwork,5,5,Egyptian,b-59-850,False,1,4000,2,exp1_permuted_src_datasets
930,50.495303623,1.0,1738324711.45342,,1.372462272644043,1.0,0.001,1,16,40x40,MatchingNetwork,5,5,Egyptian,b-59-850,False,1,4000,2,exp1_permuted_src_datasets
931,50.506731122,1.0,1738324711.4648495,,1.3690721988677979,1.0,0.001,1,16,40x40,MatchingNetwork,5,5,Egyptian,b-59-850,False,1,4000,2,exp1_permuted_src_datasets
932,50.516111157,1.0,1738324711.474233,,1.3692532777786255,1.0,0.001,1,16,40x40,MatchingNetwork,5,5,Egyptian,b-59-850,False,1,4000,2,exp1_permuted_src_datasets
933,50.525562966,1.0,1738324711.4837,,1.3714584112167358,1.0,0.001,1,16,40x40,MatchingNetwork,5,5,Egyptian,b-59-850,False,1,4000,2,exp1_permuted_src_datasets
934,50.538523283,1.0,1738324711.4966438,,1.3691860437393188,1.0,0.001,1,16,40x40,MatchingNetwork,5,5,Egyptian,b-59-850,False,1,4000,2,exp1_permuted_src_datasets
935,50.558418002,1.0,1738324711.5165231,,1.4287484884262085,1.0,0.001,1,16,40x40,MatchingNetwork,5,5,Egyptian,b-59-850,False,1,4000,2,exp1_permuted_src_datasets
936,50.567903073,1.0,1738324711.52603,,1.3695058822631836,1.0,0.001,1,16,40x40,MatchingNetwork,5,5,Egyptian,b-59-850,False,1,4000,2,exp1_permuted_src_datasets
937,50.584004334,1.0,1738324711.542099,,1.3689128160476685,1.0,0.001,1,16,40x40,MatchingNetwork,5,5,Egyptian,b-59-850,False,1,4000,2,exp1_permuted_src_datasets
938,50.594941697,1.0,1738324711.5530534,,1.3697222471237183,1.0,0.001,1,16,40x40,MatchingNetwork,5,5,Egyptian,b-59-850,False,1,4000,2,exp1_permuted_src_datasets
939,50.604410256,1.0,1738324711.5625308,,1.3692481517791748,1.0,0.001,1,16,40x40,MatchingNetwork,5,5,Egyptian,b-59-850,False,1,4000,2,exp1_permuted_src_datasets
940,50.617239126,1.0,1738324711.5753117,,1.369362711906433,1.0,0.001,1,16,40x40,MatchingNetwork,5,5,Egyptian,b-59-850,False,1,4000,2,exp1_permuted_src_datasets
941,50.626995631,1.0,1738324711.585119,,1.372931718826294,1.0,0.001,1,16,40x40,MatchingNetwork,5,5,Egyptian,b-59-850,False,1,4000,2,exp1_permuted_src_datasets
942,50.636361402,1.0,1738324711.5944993,,1.4273463487625122,1.0,0.001,1,16,40x40,MatchingNetwork,5,5,Egyptian,b-59-850,False,1,4000,2,exp1_permuted_src_datasets
943,50.645989359,1.0,1738324711.6041136,,1.3692798614501953,1.0,0.001,1,16,40x40,MatchingNetwork,5,5,Egyptian,b-59-850,False,1,4000,2,exp1_permuted_src_datasets
944,50.655479628,1.0,1738324711.6136067,,1.3692042827606201,1.0,0.001,1,16,40x40,MatchingNetwork,5,5,Egyptian,b-59-850,False,1,4000,2,exp1_permuted_src_datasets
945,50.675101198,1.0,1738324711.6331525,,1.372206211090088,1.0,0.001,1,16,40x40,MatchingNetwork,5,5,Egyptian,b-59-850,False,1,4000,2,exp1_permuted_src_datasets
946,50.698938659,1.0,1738324711.656908,,1.3687480688095093,1.0,0.001,1,16,40x40,MatchingNetwork,5,5,Egyptian,b-59-850,False,1,4000,2,exp1_permuted_src_datasets
947,50.711271033,1.0,1738324711.6693234,,1.373094081878662,1.0,0.001,1,16,40x40,MatchingNetwork,5,5,Egyptian,b-59-850,False,1,4000,2,exp1_permuted_src_datasets
948,53.110366083,1.0,1738324714.0684988,0.593,,,0.001,1,16,40x40,MatchingNetwork,5,5,Egyptian,b-59-850,False,1,4000,2,exp1_permuted_src_datasets
949,53.117740438,1.0,1738324714.0758507,,1.3699421882629395,1.0,0.001,1,16,40x40,MatchingNetwork,5,5,Egyptian,b-59-850,False,1,4000,2,exp1_permuted_src_datasets
950,53.128010715,1.0,1738324714.0860736,,1.3688981533050537,1.0,0.001,1,16,40x40,MatchingNetwork,5,5,Egyptian,b-59-850,False,1,4000,2,exp1_permuted_src_datasets
951,53.138073642,1.0,1738324714.096186,,1.3730190992355347,1.0,0.001,1,16,40x40,MatchingNetwork,5,5,Egyptian,b-59-850,False,1,4000,2,exp1_permuted_src_datasets
952,53.147575319,1.0,1738324714.1057,,1.375130295753479,1.0,0.001,1,16,40x40,MatchingNetwork,5,5,Egyptian,b-59-850,False,1,4000,2,exp1_permuted_src_datasets
953,53.164453578,1.0,1738324714.1225228,,1.3719507455825806,1.0,0.001,1,16,40x40,MatchingNetwork,5,5,Egyptian,b-59-850,False,1,4000,2,exp1_permuted_src_datasets
954,53.177738779,1.0,1738324714.1358466,,1.4280511140823364,1.0,0.001,1,16,40x40,MatchingNetwork,5,5,Egyptian,b-59-850,False,1,4000,2,exp1_permuted_src_datasets
955,53.189247483,1.0,1738324714.1473508,,1.3680232763290405,1.0,0.001,1,16,40x40,MatchingNetwork,5,5,Egyptian,b-59-850,False,1,4000,2,exp1_permuted_src_datasets
956,53.198724637,1.0,1738324714.1568522,,1.3719569444656372,1.0,0.001,1,16,40x40,MatchingNetwork,5,5,Egyptian,b-59-850,False,1,4000,2,exp1_permuted_src_datasets
957,53.208018949,1.0,1738324714.1661494,,1.372327446937561,1.0,0.001,1,16,40x40,MatchingNetwork,5,5,Egyptian,b-59-850,False,1,4000,2,exp1_permuted_src_datasets
958,53.21733581,1.0,1738324714.1754622,,1.4290364980697632,1.0,0.001,1,16,40x40,MatchingNetwork,5,5,Egyptian,b-59-850,False,1,4000,2,exp1_permuted_src_datasets
959,53.226844143,1.0,1738324714.1849663,,1.3715507984161377,1.0,0.001,1,16,40x40,MatchingNetwork,5,5,Egyptian,b-59-850,False,1,4000,2,exp1_permuted_src_datasets
960,53.236277836,1.0,1738324714.1943693,,1.3721953630447388,1.0,0.001,1,16,40x40,MatchingNetwork,5,5,Egyptian,b-59-850,False,1,4000,2,exp1_permuted_src_datasets
961,53.248613433,1.0,1738324714.2066607,,1.3748596906661987,1.0,0.001,1,16,40x40,MatchingNetwork,5,5,Egyptian,b-59-850,False,1,4000,2,exp1_permuted_src_datasets
962,53.258319729,1.0,1738324714.216425,,1.3692963123321533,1.0,0.001,1,16,40x40,MatchingNetwork,5,5,Egyptian,b-59-850,False,1,4000,2,exp1_permuted_src_datasets
963,53.274968787,1.0,1738324714.2329311,,1.371927261352539,1.0,0.001,1,16,40x40,MatchingNetwork,5,5,Egyptian,b-59-850,False,1,4000,2,exp1_permuted_src_datasets
964,53.295967904,1.0,1738324714.2540321,,1.3691601753234863,1.0,0.001,1,16,40x40,MatchingNetwork,5,5,Egyptian,b-59-850,False,1,4000,2,exp1_permuted_src_datasets
965,53.315978147,1.0,1738324714.2740116,,1.369179606437683,1.0,0.001,1,16,40x40,MatchingNetwork,5,5,Egyptian,b-59-850,False,1,4000,2,exp1_permuted_src_datasets
966,53.326297962,1.0,1738324714.2844174,,1.372082233428955,1.0,0.001,1,16,40x40,MatchingNetwork,5,5,Egyptian,b-59-850,False,1,4000,2,exp1_permuted_src_datasets
967,53.335717544,1.0,1738324714.2938437,,1.3723361492156982,1.0,0.001,1,16,40x40,MatchingNetwork,5,5,Egyptian,b-59-850,False,1,4000,2,exp1_permuted_src_datasets
968,53.345402702,1.0,1738324714.3035047,,1.4275202751159668,1.0,0.001,1,16,40x40,MatchingNetwork,5,5,Egyptian,b-59-850,False,1,4000,2,exp1_permuted_src_datasets
969,53.355183152,1.0,1738324714.3132992,,1.3696393966674805,1.0,0.001,1,16,40x40,MatchingNetwork,5,5,Egyptian,b-59-850,False,1,4000,2,exp1_permuted_src_datasets
970,53.373413545,1.0,1738324714.3314734,,1.375192642211914,1.0,0.001,1,16,40x40,MatchingNetwork,5,5,Egyptian,b-59-850,False,1,4000,2,exp1_permuted_src_datasets
971,53.386684755,1.0,1738324714.3447897,,1.428436279296875,1.0,0.001,1,16,40x40,MatchingNetwork,5,5,Egyptian,b-59-850,False,1,4000,2,exp1_permuted_src_datasets
972,53.399676292,1.0,1738324714.357789,,1.372171401977539,1.0,0.001,1,16,40x40,MatchingNetwork,5,5,Egyptian,b-59-850,False,1,4000,2,exp1_permuted_src_datasets
973,53.412601087,1.0,1738324714.3707244,,1.36933434009552,1.0,0.001,1,16,40x40,MatchingNetwork,5,5,Egyptian,b-59-850,False,1,4000,2,exp1_permuted_src_datasets
974,53.422329541,1.0,1738324714.3804538,,1.372184157371521,1.0,0.001,1,16,40x40,MatchingNetwork,5,5,Egyptian,b-59-850,False,1,4000,2,exp1_permuted_src_datasets
975,53.434783292,1.0,1738324714.3928955,,1.3680733442306519,1.0,0.001,1,16,40x40,MatchingNetwork,5,5,Egyptian,b-59-850,False,1,4000,2,exp1_permuted_src_datasets
976,53.44437201,1.0,1738324714.40249,,1.3693166971206665,1.0,0.001,1,16,40x40,MatchingNetwork,5,5,Egyptian,b-59-850,False,1,4000,2,exp1_permuted_src_datasets
977,53.453813601,1.0,1738324714.411943,,1.369654893875122,1.0,0.001,1,16,40x40,MatchingNetwork,5,5,Egyptian,b-59-850,False,1,4000,2,exp1_permuted_src_datasets
978,53.463436714,1.0,1738324714.4215403,,1.4281419515609741,1.0,0.001,1,16,40x40,MatchingNetwork,5,5,Egyptian,b-59-850,False,1,4000,2,exp1_permuted_src_datasets
979,53.477009056,1.0,1738324714.4351163,,1.371722936630249,1.0,0.001,1,16,40x40,MatchingNetwork,5,5,Egyptian,b-59-850,False,1,4000,2,exp1_permuted_src_datasets
980,53.486916779,1.0,1738324714.4450338,,1.3726288080215454,1.0,0.001,1,16,40x40,MatchingNetwork,5,5,Egyptian,b-59-850,False,1,4000,2,exp1_permuted_src_datasets
981,53.496395199,1.0,1738324714.4544885,,1.375377893447876,1.0,0.001,1,16,40x40,MatchingNetwork,5,5,Egyptian,b-59-850,False,1,4000,2,exp1_permuted_src_datasets
982,53.505942144,1.0,1738324714.464067,,1.3755065202713013,1.0,0.001,1,16,40x40,MatchingNetwork,5,5,Egyptian,b-59-850,False,1,4000,2,exp1_permuted_src_datasets
983,53.515790876,1.0,1738324714.4739063,,1.3689061403274536,1.0,0.001,1,16,40x40,MatchingNetwork,5,5,Egyptian,b-59-850,False,1,4000,2,exp1_permuted_src_datasets
984,53.525147167,1.0,1738324714.4832726,,1.3686418533325195,1.0,0.001,1,16,40x40,MatchingNetwork,5,5,Egyptian,b-59-850,False,1,4000,2,exp1_permuted_src_datasets
985,53.534547243,1.0,1738324714.492667,,1.4273589849472046,1.0,0.001,1,16,40x40,MatchingNetwork,5,5,Egyptian,b-59-850,False,1,4000,2,exp1_permuted_src_datasets
986,53.546716623,1.0,1738324714.504773,,1.3689090013504028,1.0,0.001,1,16,40x40,MatchingNetwork,5,5,Egyptian,b-59-850,False,1,4000,2,exp1_permuted_src_datasets
987,53.55639771,1.0,1738324714.5145073,,1.3696650266647339,1.0,0.001,1,16,40x40,MatchingNetwork,5,5,Egyptian,b-59-850,False,1,4000,2,exp1_permuted_src_datasets
988,53.567160056,1.0,1738324714.525277,,1.36802339553833,1.0,0.001,1,16,40x40,MatchingNetwork,5,5,Egyptian,b-59-850,False,1,4000,2,exp1_permuted_src_datasets
989,53.577154995,1.0,1738324714.5352366,,1.4313970804214478,0.875,0.001,1,16,40x40,MatchingNetwork,5,5,Egyptian,b-59-850,False,1,4000,2,exp1_permuted_src_datasets
990,53.587002499,1.0,1738324714.5451126,,1.4280281066894531,1.0,0.001,1,16,40x40,MatchingNetwork,5,5,Egyptian,b-59-850,False,1,4000,2,exp1_permuted_src_datasets
991,53.596657315,1.0,1738324714.5547779,,1.372043251991272,1.0,0.001,1,16,40x40,MatchingNetwork,5,5,Egyptian,b-59-850,False,1,4000,2,exp1_permuted_src_datasets
992,53.606078108,1.0,1738324714.5642068,,1.429082989692688,1.0,0.001,1,16,40x40,MatchingNetwork,5,5,Egyptian,b-59-850,False,1,4000,2,exp1_permuted_src_datasets
993,53.615507837,1.0,1738324714.5736308,,1.3687385320663452,1.0,0.001,1,16,40x40,MatchingNetwork,5,5,Egyptian,b-59-850,False,1,4000,2,exp1_permuted_src_datasets
994,53.631406416,1.0,1738324714.5894349,,1.3712431192398071,1.0,0.001,1,16,40x40,MatchingNetwork,5,5,Egyptian,b-59-850,False,1,4000,2,exp1_permuted_src_datasets
995,53.642889487,1.0,1738324714.6010015,,1.4292880296707153,1.0,0.001,1,16,40x40,MatchingNetwork,5,5,Egyptian,b-59-850,False,1,4000,2,exp1_permuted_src_datasets
996,53.652208225,1.0,1738324714.6103404,,1.3688890933990479,1.0,0.001,1,16,40x40,MatchingNetwork,5,5,Egyptian,b-59-850,False,1,4000,2,exp1_permuted_src_datasets
997,53.661666575,1.0,1738324714.6198049,,1.3723256587982178,1.0,0.001,1,16,40x40,MatchingNetwork,5,5,Egyptian,b-59-850,False,1,4000,2,exp1_permuted_src_datasets
998,53.671165249,1.0,1738324714.6292822,,1.3686466217041016,1.0,0.001,1,16,40x40,MatchingNetwork,5,5,Egyptian,b-59-850,False,1,4000,2,exp1_permuted_src_datasets
999,53.680531857,1.0,1738324714.6386542,,1.3692762851715088,1.0,0.001,1,16,40x40,MatchingNetwork,5,5,Egyptian,b-59-850,False,1,4000,2,exp1_permuted_src_datasets
1000,53.689819298,1.0,1738324714.6479387,,1.4314603805541992,1.0,0.001,1,16,40x40,MatchingNetwork,5,5,Egyptian,b-59-850,False,1,4000,2,exp1_permuted_src_datasets
1001,53.699467286,1.0,1738324714.657599,,1.3691937923431396,1.0,0.001,1,16,40x40,MatchingNetwork,5,5,Egyptian,b-59-850,False,1,4000,2,exp1_permuted_src_datasets
1002,53.708863255,1.0,1738324714.6669838,,1.3693015575408936,1.0,0.001,1,16,40x40,MatchingNetwork,5,5,Egyptian,b-59-850,False,1,4000,2,exp1_permuted_src_datasets
1003,53.718226373,1.0,1738324714.6763456,,1.3718973398208618,1.0,0.001,1,16,40x40,MatchingNetwork,5,5,Egyptian,b-59-850,False,1,4000,2,exp1_permuted_src_datasets
1004,53.72832256,1.0,1738324714.6863708,,1.3728078603744507,1.0,0.001,1,16,40x40,MatchingNetwork,5,5,Egyptian,b-59-850,False,1,4000,2,exp1_permuted_src_datasets
1005,53.744815174,1.0,1738324714.70286,,1.3714431524276733,1.0,0.001,1,16,40x40,MatchingNetwork,5,5,Egyptian,b-59-850,False,1,4000,2,exp1_permuted_src_datasets
1006,53.757286092,1.0,1738324714.7153466,,1.3722057342529297,1.0,0.001,1,16,40x40,MatchingNetwork,5,5,Egyptian,b-59-850,False,1,4000,2,exp1_permuted_src_datasets
1007,53.772356634,1.0,1738324714.7304604,,1.3724079132080078,1.0,0.001,1,16,40x40,MatchingNetwork,5,5,Egyptian,b-59-850,False,1,4000,2,exp1_permuted_src_datasets
1008,53.78203476,1.0,1738324714.7401578,,1.370058536529541,1.0,0.001,1,16,40x40,MatchingNetwork,5,5,Egyptian,b-59-850,False,1,4000,2,exp1_permuted_src_datasets
1009,53.799991827,1.0,1738324714.758065,,1.372387409210205,1.0,0.001,1,16,40x40,MatchingNetwork,5,5,Egyptian,b-59-850,False,1,4000,2,exp1_permuted_src_datasets
1010,53.8119243,1.0,1738324714.7700424,,1.3763151168823242,1.0,0.001,1,16,40x40,MatchingNetwork,5,5,Egyptian,b-59-850,False,1,4000,2,exp1_permuted_src_datasets
1011,56.165890596,1.0,1738324717.1240277,0.59425,,,0.001,1,16,40x40,MatchingNetwork,5,5,Egyptian,b-59-850,False,1,4000,2,exp1_permuted_src_datasets
1012,56.173249092,1.0,1738324717.1313708,,1.3699305057525635,1.0,0.001,1,16,40x40,MatchingNetwork,5,5,Egyptian,b-59-850,False,1,4000,2,exp1_permuted_src_datasets
1013,56.18310957,1.0,1738324717.14119,,1.3688971996307373,1.0,0.001,1,16,40x40,MatchingNetwork,5,5,Egyptian,b-59-850,False,1,4000,2,exp1_permuted_src_datasets
1014,56.192758706,1.0,1738324717.1508698,,1.3715174198150635,1.0,0.001,1,16,40x40,MatchingNetwork,5,5,Egyptian,b-59-850,False,1,4000,2,exp1_permuted_src_datasets
1015,56.207484016,1.0,1738324717.1655893,,1.4275776147842407,1.0,0.001,1,16,40x40,MatchingNetwork,5,5,Egyptian,b-59-850,False,1,4000,2,exp1_permuted_src_datasets
1016,56.220226554999996,1.0,1738324717.1783462,,1.3723019361495972,1.0,0.001,1,16,40x40,MatchingNetwork,5,5,Egyptian,b-59-850,False,1,4000,2,exp1_permuted_src_datasets
1017,56.230698806,1.0,1738324717.188816,,1.4274343252182007,1.0,0.001,1,16,40x40,MatchingNetwork,5,5,Egyptian,b-59-850,False,1,4000,2,exp1_permuted_src_datasets
1018,56.244182746,1.0,1738324717.2022583,,1.375029444694519,1.0,0.001,1,16,40x40,MatchingNetwork,5,5,Egyptian,b-59-850,False,1,4000,2,exp1_permuted_src_datasets
1019,56.255376999,1.0,1738324717.2135,,1.4278684854507446,1.0,0.001,1,16,40x40,MatchingNetwork,5,5,Egyptian,b-59-850,False,1,4000,2,exp1_permuted_src_datasets
1020,56.265127608,1.0,1738324717.2232277,,1.4284477233886719,1.0,0.001,1,16,40x40,MatchingNetwork,5,5,Egyptian,b-59-850,False,1,4000,2,exp1_permuted_src_datasets
1021,56.274621562,1.0,1738324717.2327478,,1.3688784837722778,1.0,0.001,1,16,40x40,MatchingNetwork,5,5,Egyptian,b-59-850,False,1,4000,2,exp1_permuted_src_datasets
1022,56.28505108,1.0,1738324717.2431705,,1.3720991611480713,1.0,0.001,1,16,40x40,MatchingNetwork,5,5,Egyptian,b-59-850,False,1,4000,2,exp1_permuted_src_datasets
1023,56.301584247,1.0,1738324717.2597067,,1.3688874244689941,1.0,0.001,1,16,40x40,MatchingNetwork,5,5,Egyptian,b-59-850,False,1,4000,2,exp1_permuted_src_datasets
1024,56.314364428,1.0,1738324717.272427,,1.3685156106948853,1.0,0.001,1,16,40x40,MatchingNetwork,5,5,Egyptian,b-59-850,False,1,4000,2,exp1_permuted_src_datasets
1025,56.328212629,1.0,1738324717.286272,,1.3722296953201294,1.0,0.001,1,16,40x40,MatchingNetwork,5,5,Egyptian,b-59-850,False,1,4000,2,exp1_permuted_src_datasets
1026,56.34476895,1.0,1738324717.3028438,,1.4278564453125,1.0,0.001,1,16,40x40,MatchingNetwork,5,5,Egyptian,b-59-850,False,1,4000,2,exp1_permuted_src_datasets
1027,56.355261055,1.0,1738324717.3133383,,1.3685908317565918,1.0,0.001,1,16,40x40,MatchingNetwork,5,5,Egyptian,b-59-850,False,1,4000,2,exp1_permuted_src_datasets
1028,56.365207257,1.0,1738324717.32332,,1.3691527843475342,1.0,0.001,1,16,40x40,MatchingNetwork,5,5,Egyptian,b-59-850,False,1,4000,2,exp1_permuted_src_datasets
1029,56.377872887,1.0,1738324717.3359807,,1.3729397058486938,1.0,0.001,1,16,40x40,MatchingNetwork,5,5,Egyptian,b-59-850,False,1,4000,2,exp1_permuted_src_datasets
1030,56.395971079,1.0,1738324717.3540552,,1.3684583902359009,1.0,0.001,1,16,40x40,MatchingNetwork,5,5,Egyptian,b-59-850,False,1,4000,2,exp1_permuted_src_datasets
1031,56.40590933,1.0,1738324717.3640227,,1.4284367561340332,1.0,0.001,1,16,40x40,MatchingNetwork,5,5,Egyptian,b-59-850,False,1,4000,2,exp1_permuted_src_datasets
1032,56.415438236,1.0,1738324717.37357,,1.4316681623458862,1.0,0.001,1,16,40x40,MatchingNetwork,5,5,Egyptian,b-59-850,False,1,4000,2,exp1_permuted_src_datasets
1033,56.42493446,1.0,1738324717.3830593,,1.3694994449615479,1.0,0.001,1,16,40x40,MatchingNetwork,5,5,Egyptian,b-59-850,False,1,4000,2,exp1_permuted_src_datasets
1034,56.434890088,1.0,1738324717.3929758,,1.368498682975769,1.0,0.001,1,16,40x40,MatchingNetwork,5,5,Egyptian,b-59-850,False,1,4000,2,exp1_permuted_src_datasets
1035,56.444521703,1.0,1738324717.4026427,,1.3692104816436768,1.0,0.001,1,16,40x40,MatchingNetwork,5,5,Egyptian,b-59-850,False,1,4000,2,exp1_permuted_src_datasets
1036,56.454156219,1.0,1738324717.4122622,,1.3686951398849487,1.0,0.001,1,16,40x40,MatchingNetwork,5,5,Egyptian,b-59-850,False,1,4000,2,exp1_permuted_src_datasets
1037,56.470963073,1.0,1738324717.4290462,,1.3752810955047607,1.0,0.001,1,16,40x40,MatchingNetwork,5,5,Egyptian,b-59-850,False,1,4000,2,exp1_permuted_src_datasets
1038,56.480986784,1.0,1738324717.4390962,,1.3690778017044067,1.0,0.001,1,16,40x40,MatchingNetwork,5,5,Egyptian,b-59-850,False,1,4000,2,exp1_permuted_src_datasets
1039,56.499078314,1.0,1738324717.4571588,,1.3685534000396729,1.0,0.001,1,16,40x40,MatchingNetwork,5,5,Egyptian,b-59-850,False,1,4000,2,exp1_permuted_src_datasets
1040,56.518587611,1.0,1738324717.4766524,,1.369989275932312,1.0,0.001,1,16,40x40,MatchingNetwork,5,5,Egyptian,b-59-850,False,1,4000,2,exp1_permuted_src_datasets
1041,56.528260421,1.0,1738324717.4863672,,1.3719003200531006,1.0,0.001,1,16,40x40,MatchingNetwork,5,5,Egyptian,b-59-850,False,1,4000,2,exp1_permuted_src_datasets
1042,56.539620284,1.0,1738324717.4977322,,1.3719888925552368,1.0,0.001,1,16,40x40,MatchingNetwork,5,5,Egyptian,b-59-850,False,1,4000,2,exp1_permuted_src_datasets
1043,56.549038552,1.0,1738324717.5071685,,1.3714313507080078,1.0,0.001,1,16,40x40,MatchingNetwork,5,5,Egyptian,b-59-850,False,1,4000,2,exp1_permuted_src_datasets
1044,56.56063957,1.0,1738324717.518725,,1.3703120946884155,1.0,0.001,1,16,40x40,MatchingNetwork,5,5,Egyptian,b-59-850,False,1,4000,2,exp1_permuted_src_datasets
1045,56.570273419,1.0,1738324717.5283852,,1.4273940324783325,1.0,0.001,1,16,40x40,MatchingNetwork,5,5,Egyptian,b-59-850,False,1,4000,2,exp1_permuted_src_datasets
1046,56.582798324,1.0,1738324717.5408938,,1.3694614171981812,1.0,0.001,1,16,40x40,MatchingNetwork,5,5,Egyptian,b-59-850,False,1,4000,2,exp1_permuted_src_datasets
1047,56.599193487,1.0,1738324717.5571806,,1.371485948562622,1.0,0.001,1,16,40x40,MatchingNetwork,5,5,Egyptian,b-59-850,False,1,4000,2,exp1_permuted_src_datasets
1048,56.609488849,1.0,1738324717.5675697,,1.3719735145568848,1.0,0.001,1,16,40x40,MatchingNetwork,5,5,Egyptian,b-59-850,False,1,4000,2,exp1_permuted_src_datasets
1049,56.621998214,1.0,1738324717.5800416,,1.3686461448669434,1.0,0.001,1,16,40x40,MatchingNetwork,5,5,Egyptian,b-59-850,False,1,4000,2,exp1_permuted_src_datasets
1050,56.637717245,1.0,1738324717.5957642,,1.3731193542480469,1.0,0.001,1,16,40x40,MatchingNetwork,5,5,Egyptian,b-59-850,False,1,4000,2,exp1_permuted_src_datasets
1051,56.648146953,1.0,1738324717.60623,,1.3695260286331177,1.0,0.001,1,16,40x40,MatchingNetwork,5,5,Egyptian,b-59-850,False,1,4000,2,exp1_permuted_src_datasets
1052,56.659813638,1.0,1738324717.6179037,,1.43129301071167,1.0,0.001,1,16,40x40,MatchingNetwork,5,5,Egyptian,b-59-850,False,1,4000,2,exp1_permuted_src_datasets
1053,56.678975796,1.0,1738324717.637024,,1.3688559532165527,1.0,0.001,1,16,40x40,MatchingNetwork,5,5,Egyptian,b-59-850,False,1,4000,2,exp1_permuted_src_datasets
1054,56.693450884,1.0,1738324717.6515741,,1.3695076704025269,1.0,0.001,1,16,40x40,MatchingNetwork,5,5,Egyptian,b-59-850,False,1,4000,2,exp1_permuted_src_datasets
1055,56.702949289,1.0,1738324717.6610603,,1.372207522392273,1.0,0.001,1,16,40x40,MatchingNetwork,5,5,Egyptian,b-59-850,False,1,4000,2,exp1_permuted_src_datasets
1056,56.715772282,1.0,1738324717.673863,,1.4273631572723389,0.9375,0.001,1,16,40x40,MatchingNetwork,5,5,Egyptian,b-59-850,False,1,4000,2,exp1_permuted_src_datasets
1057,56.731453528,1.0,1738324717.6895237,,1.3712555170059204,1.0,0.001,1,16,40x40,MatchingNetwork,5,5,Egyptian,b-59-850,False,1,4000,2,exp1_permuted_src_datasets
1058,56.74201314,1.0,1738324717.7001028,,1.3723151683807373,1.0,0.001,1,16,40x40,MatchingNetwork,5,5,Egyptian,b-59-850,False,1,4000,2,exp1_permuted_src_datasets
1059,56.751557137,1.0,1738324717.7096896,,1.3725512027740479,1.0,0.001,1,16,40x40,MatchingNetwork,5,5,Egyptian,b-59-850,False,1,4000,2,exp1_permuted_src_datasets
1060,56.760967832,1.0,1738324717.7190933,,1.368462085723877,1.0,0.001,1,16,40x40,MatchingNetwork,5,5,Egyptian,b-59-850,False,1,4000,2,exp1_permuted_src_datasets
1061,56.770398129,1.0,1738324717.7285361,,1.3687632083892822,1.0,0.001,1,16,40x40,MatchingNetwork,5,5,Egyptian,b-59-850,False,1,4000,2,exp1_permuted_src_datasets
1062,56.779749292,1.0,1738324717.7378955,,1.369484543800354,1.0,0.001,1,16,40x40,MatchingNetwork,5,5,Egyptian,b-59-850,False,1,4000,2,exp1_permuted_src_datasets
1063,56.789203249,1.0,1738324717.7473001,,1.3691558837890625,1.0,0.001,1,16,40x40,MatchingNetwork,5,5,Egyptian,b-59-850,False,1,4000,2,exp1_permuted_src_datasets
1064,56.802643858,1.0,1738324717.7607212,,1.3686299324035645,1.0,0.001,1,16,40x40,MatchingNetwork,5,5,Egyptian,b-59-850,False,1,4000,2,exp1_permuted_src_datasets
1065,56.816409171,1.0,1738324717.7745066,,1.3749395608901978,1.0,0.001,1,16,40x40,MatchingNetwork,5,5,Egyptian,b-59-850,False,1,4000,2,exp1_permuted_src_datasets
1066,56.834275758,1.0,1738324717.7923956,,1.3727539777755737,1.0,0.001,1,16,40x40,MatchingNetwork,5,5,Egyptian,b-59-850,False,1,4000,2,exp1_permuted_src_datasets
1067,56.85103,1.0,1738324717.8091388,,1.3685420751571655,1.0,0.001,1,16,40x40,MatchingNetwork,5,5,Egyptian,b-59-850,False,1,4000,2,exp1_permuted_src_datasets
1068,56.870160252,1.0,1738324717.828229,,1.3716868162155151,1.0,0.001,1,16,40x40,MatchingNetwork,5,5,Egyptian,b-59-850,False,1,4000,2,exp1_permuted_src_datasets
1069,56.883387552,1.0,1738324717.8415048,,1.368767499923706,1.0,0.001,1,16,40x40,MatchingNetwork,5,5,Egyptian,b-59-850,False,1,4000,2,exp1_permuted_src_datasets
1070,56.89281463,1.0,1738324717.8509388,,1.4274280071258545,1.0,0.001,1,16,40x40,MatchingNetwork,5,5,Egyptian,b-59-850,False,1,4000,2,exp1_permuted_src_datasets
1071,56.902253034,1.0,1738324717.8603787,,1.3693044185638428,1.0,0.001,1,16,40x40,MatchingNetwork,5,5,Egyptian,b-59-850,False,1,4000,2,exp1_permuted_src_datasets
1072,56.911659166,1.0,1738324717.869789,,1.373581051826477,1.0,0.001,1,16,40x40,MatchingNetwork,5,5,Egyptian,b-59-850,False,1,4000,2,exp1_permuted_src_datasets
1073,56.921085303,1.0,1738324717.8792076,,1.3722831010818481,1.0,0.001,1,16,40x40,MatchingNetwork,5,5,Egyptian,b-59-850,False,1,4000,2,exp1_permuted_src_datasets
1074,59.259855389,1.0,1738324720.218003,0.593,,,0.001,1,16,40x40,MatchingNetwork,5,5,Egyptian,b-59-850,False,1,4000,2,exp1_permuted_src_datasets
1075,59.267105966,1.0,1738324720.225214,,1.4275493621826172,1.0,0.001,1,16,40x40,MatchingNetwork,5,5,Egyptian,b-59-850,False,1,4000,2,exp1_permuted_src_datasets
1076,59.276749319,1.0,1738324720.2348676,,1.374990463256836,1.0,0.001,1,16,40x40,MatchingNetwork,5,5,Egyptian,b-59-850,False,1,4000,2,exp1_permuted_src_datasets
1077,59.286549029,1.0,1738324720.2446444,,1.3723933696746826,1.0,0.001,1,16,40x40,MatchingNetwork,5,5,Egyptian,b-59-850,False,1,4000,2,exp1_permuted_src_datasets
1078,59.296058817,1.0,1738324720.254184,,1.3722524642944336,1.0,0.001,1,16,40x40,MatchingNetwork,5,5,Egyptian,b-59-850,False,1,4000,2,exp1_permuted_src_datasets
1079,59.310214556,1.0,1738324720.268282,,1.431189775466919,1.0,0.001,1,16,40x40,MatchingNetwork,5,5,Egyptian,b-59-850,False,1,4000,2,exp1_permuted_src_datasets
1080,59.31974683,1.0,1738324720.2778668,,1.371814250946045,1.0,0.001,1,16,40x40,MatchingNetwork,5,5,Egyptian,b-59-850,False,1,4000,2,exp1_permuted_src_datasets
1081,59.328990739,1.0,1738324720.287115,,1.3749836683273315,1.0,0.001,1,16,40x40,MatchingNetwork,5,5,Egyptian,b-59-850,False,1,4000,2,exp1_permuted_src_datasets
1082,59.338236048,1.0,1738324720.2963576,,1.368688702583313,1.0,0.001,1,16,40x40,MatchingNetwork,5,5,Egyptian,b-59-850,False,1,4000,2,exp1_permuted_src_datasets
1083,59.347741997,1.0,1738324720.3058743,,1.369264841079712,1.0,0.001,1,16,40x40,MatchingNetwork,5,5,Egyptian,b-59-850,False,1,4000,2,exp1_permuted_src_datasets
1084,59.357196114,1.0,1738324720.3153331,,1.3687958717346191,1.0,0.001,1,16,40x40,MatchingNetwork,5,5,Egyptian,b-59-850,False,1,4000,2,exp1_permuted_src_datasets
1085,59.366601561,1.0,1738324720.3247502,,1.3721213340759277,1.0,0.001,1,16,40x40,MatchingNetwork,5,5,Egyptian,b-59-850,False,1,4000,2,exp1_permuted_src_datasets
1086,59.379533282,1.0,1738324720.3376443,,1.3714544773101807,1.0,0.001,1,16,40x40,MatchingNetwork,5,5,Egyptian,b-59-850,False,1,4000,2,exp1_permuted_src_datasets
1087,59.388890263,1.0,1738324720.347033,,1.4278641939163208,1.0,0.001,1,16,40x40,MatchingNetwork,5,5,Egyptian,b-59-850,False,1,4000,2,exp1_permuted_src_datasets
1088,59.398402265,1.0,1738324720.356536,,1.3685435056686401,1.0,0.001,1,16,40x40,MatchingNetwork,5,5,Egyptian,b-59-850,False,1,4000,2,exp1_permuted_src_datasets
1089,59.408572198,1.0,1738324720.3666048,,1.3719236850738525,1.0,0.001,1,16,40x40,MatchingNetwork,5,5,Egyptian,b-59-850,False,1,4000,2,exp1_permuted_src_datasets
1090,59.422420676,1.0,1738324720.3804734,,1.3691935539245605,1.0,0.001,1,16,40x40,MatchingNetwork,5,5,Egyptian,b-59-850,False,1,4000,2,exp1_permuted_src_datasets
1091,59.442256926,1.0,1738324720.4003232,,1.372126817703247,1.0,0.001,1,16,40x40,MatchingNetwork,5,5,Egyptian,b-59-850,False,1,4000,2,exp1_permuted_src_datasets
1092,59.452115464,1.0,1738324720.4102216,,1.4279154539108276,1.0,0.001,1,16,40x40,MatchingNetwork,5,5,Egyptian,b-59-850,False,1,4000,2,exp1_permuted_src_datasets
1093,59.461509112,1.0,1738324720.4196405,,1.3691660165786743,1.0,0.001,1,16,40x40,MatchingNetwork,5,5,Egyptian,b-59-850,False,1,4000,2,exp1_permuted_src_datasets
1094,59.478500184,1.0,1738324720.436627,,1.368079662322998,1.0,0.001,1,16,40x40,MatchingNetwork,5,5,Egyptian,b-59-850,False,1,4000,2,exp1_permuted_src_datasets
1095,59.487883379,1.0,1738324720.4460146,,1.3715498447418213,1.0,0.001,1,16,40x40,MatchingNetwork,5,5,Egyptian,b-59-850,False,1,4000,2,exp1_permuted_src_datasets
1096,59.497249207,1.0,1738324720.4553728,,1.3694413900375366,1.0,0.001,1,16,40x40,MatchingNetwork,5,5,Egyptian,b-59-850,False,1,4000,2,exp1_permuted_src_datasets
1097,59.515470672,1.0,1738324720.473537,,1.3716219663619995,1.0,0.001,1,16,40x40,MatchingNetwork,5,5,Egyptian,b-59-850,False,1,4000,2,exp1_permuted_src_datasets
1098,59.526909809,1.0,1738324720.4849982,,1.3687283992767334,1.0,0.001,1,16,40x40,MatchingNetwork,5,5,Egyptian,b-59-850,False,1,4000,2,exp1_permuted_src_datasets
1099,59.536230933,1.0,1738324720.494357,,1.3719475269317627,1.0,0.001,1,16,40x40,MatchingNetwork,5,5,Egyptian,b-59-850,False,1,4000,2,exp1_permuted_src_datasets
1100,59.555370437,1.0,1738324720.5134327,,1.3694230318069458,1.0,0.001,1,16,40x40,MatchingNetwork,5,5,Egyptian,b-59-850,False,1,4000,2,exp1_permuted_src_datasets
1101,59.566551659,1.0,1738324720.5246744,,1.372100830078125,1.0,0.001,1,16,40x40,MatchingNetwork,5,5,Egyptian,b-59-850,False,1,4000,2,exp1_permuted_src_datasets
1102,59.57627296,1.0,1738324720.5344033,,1.371603012084961,1.0,0.001,1,16,40x40,MatchingNetwork,5,5,Egyptian,b-59-850,False,1,4000,2,exp1_permuted_src_datasets
1103,59.585582222,1.0,1738324720.5437255,,1.3699883222579956,1.0,0.001,1,16,40x40,MatchingNetwork,5,5,Egyptian,b-59-850,False,1,4000,2,exp1_permuted_src_datasets
1104,59.594880658,1.0,1738324720.5530083,,1.3717947006225586,1.0,0.001,1,16,40x40,MatchingNetwork,5,5,Egyptian,b-59-850,False,1,4000,2,exp1_permuted_src_datasets
1105,59.608435202,1.0,1738324720.5665612,,1.3751540184020996,1.0,0.001,1,16,40x40,MatchingNetwork,5,5,Egyptian,b-59-850,False,1,4000,2,exp1_permuted_src_datasets
1106,59.618064617,1.0,1738324720.5761805,,1.368546485900879,1.0,0.001,1,16,40x40,MatchingNetwork,5,5,Egyptian,b-59-850,False,1,4000,2,exp1_permuted_src_datasets
1107,59.627552742,1.0,1738324720.585671,,1.370192050933838,1.0,0.001,1,16,40x40,MatchingNetwork,5,5,Egyptian,b-59-850,False,1,4000,2,exp1_permuted_src_datasets
1108,59.636940104,1.0,1738324720.5950677,,1.428195595741272,1.0,0.001,1,16,40x40,MatchingNetwork,5,5,Egyptian,b-59-850,False,1,4000,2,exp1_permuted_src_datasets
1109,59.646389887,1.0,1738324720.6045074,,1.3686614036560059,1.0,0.001,1,16,40x40,MatchingNetwork,5,5,Egyptian,b-59-850,False,1,4000,2,exp1_permuted_src_datasets
1110,59.65617981,1.0,1738324720.6142907,,1.3715245723724365,1.0,0.001,1,16,40x40,MatchingNetwork,5,5,Egyptian,b-59-850,False,1,4000,2,exp1_permuted_src_datasets
1111,59.665735587,1.0,1738324720.623862,,1.3713468313217163,1.0,0.001,1,16,40x40,MatchingNetwork,5,5,Egyptian,b-59-850,False,1,4000,2,exp1_permuted_src_datasets
1112,59.675241339,1.0,1738324720.6333804,,1.3735136985778809,1.0,0.001,1,16,40x40,MatchingNetwork,5,5,Egyptian,b-59-850,False,1,4000,2,exp1_permuted_src_datasets
1113,59.692625124,1.0,1738324720.6506963,,1.3685338497161865,1.0,0.001,1,16,40x40,MatchingNetwork,5,5,Egyptian,b-59-850,False,1,4000,2,exp1_permuted_src_datasets
1114,59.703292028,1.0,1738324720.6614187,,1.3733078241348267,1.0,0.001,1,16,40x40,MatchingNetwork,5,5,Egyptian,b-59-850,False,1,4000,2,exp1_permuted_src_datasets
1115,59.713691588,1.0,1738324720.671785,,1.4310898780822754,0.875,0.001,1,16,40x40,MatchingNetwork,5,5,Egyptian,b-59-850,False,1,4000,2,exp1_permuted_src_datasets
1116,59.729077672,1.0,1738324720.6871326,,1.368535041809082,1.0,0.001,1,16,40x40,MatchingNetwork,5,5,Egyptian,b-59-850,False,1,4000,2,exp1_permuted_src_datasets
1117,59.746905022,1.0,1738324720.7050047,,1.373183012008667,1.0,0.001,1,16,40x40,MatchingNetwork,5,5,Egyptian,b-59-850,False,1,4000,2,exp1_permuted_src_datasets
1118,59.756299001,1.0,1738324720.7144434,,1.3720543384552002,1.0,0.001,1,16,40x40,MatchingNetwork,5,5,Egyptian,b-59-850,False,1,4000,2,exp1_permuted_src_datasets
1119,59.765582988,1.0,1738324720.7237206,,1.3723416328430176,1.0,0.001,1,16,40x40,MatchingNetwork,5,5,Egyptian,b-59-850,False,1,4000,2,exp1_permuted_src_datasets
1120,59.775388163,1.0,1738324720.7334678,,1.3687347173690796,1.0,0.001,1,16,40x40,MatchingNetwork,5,5,Egyptian,b-59-850,False,1,4000,2,exp1_permuted_src_datasets
1121,59.795018702,1.0,1738324720.7530982,,1.3756660223007202,1.0,0.001,1,16,40x40,MatchingNetwork,5,5,Egyptian,b-59-850,False,1,4000,2,exp1_permuted_src_datasets
1122,59.805246359,1.0,1738324720.7633755,,1.427367925643921,1.0,0.001,1,16,40x40,MatchingNetwork,5,5,Egyptian,b-59-850,False,1,4000,2,exp1_permuted_src_datasets
1123,59.821079049,1.0,1738324720.7791958,,1.4321694374084473,1.0,0.001,1,16,40x40,MatchingNetwork,5,5,Egyptian,b-59-850,False,1,4000,2,exp1_permuted_src_datasets
1124,59.838576195,1.0,1738324720.796684,,1.3719404935836792,1.0,0.001,1,16,40x40,MatchingNetwork,5,5,Egyptian,b-59-850,False,1,4000,2,exp1_permuted_src_datasets
1125,59.848003878,1.0,1738324720.806121,,1.3722165822982788,1.0,0.001,1,16,40x40,MatchingNetwork,5,5,Egyptian,b-59-850,False,1,4000,2,exp1_permuted_src_datasets
1126,59.857469107,1.0,1738324720.815597,,1.3687124252319336,1.0,0.001,1,16,40x40,MatchingNetwork,5,5,Egyptian,b-59-850,False,1,4000,2,exp1_permuted_src_datasets
1127,59.867136131,1.0,1738324720.8252091,,1.371570110321045,1.0,0.001,1,16,40x40,MatchingNetwork,5,5,Egyptian,b-59-850,False,1,4000,2,exp1_permuted_src_datasets
1128,59.876717991,1.0,1738324720.8348296,,1.3695406913757324,1.0,0.001,1,16,40x40,MatchingNetwork,5,5,Egyptian,b-59-850,False,1,4000,2,exp1_permuted_src_datasets
1129,59.890917183,1.0,1738324720.8490114,,1.368639349937439,1.0,0.001,1,16,40x40,MatchingNetwork,5,5,Egyptian,b-59-850,False,1,4000,2,exp1_permuted_src_datasets
1130,59.904955322,1.0,1738324720.863036,,1.427348017692566,1.0,0.001,1,16,40x40,MatchingNetwork,5,5,Egyptian,b-59-850,False,1,4000,2,exp1_permuted_src_datasets
1131,59.914612782,1.0,1738324720.872732,,1.4279476404190063,1.0,0.001,1,16,40x40,MatchingNetwork,5,5,Egyptian,b-59-850,False,1,4000,2,exp1_permuted_src_datasets
1132,59.924498221,1.0,1738324720.8825045,,1.3693619966506958,1.0,0.001,1,16,40x40,MatchingNetwork,5,5,Egyptian,b-59-850,False,1,4000,2,exp1_permuted_src_datasets
1133,59.935520397,1.0,1738324720.8936124,,1.3686938285827637,1.0,0.001,1,16,40x40,MatchingNetwork,5,5,Egyptian,b-59-850,False,1,4000,2,exp1_permuted_src_datasets
1134,59.945244188,1.0,1738324720.9033594,,1.376151204109192,1.0,0.001,1,16,40x40,MatchingNetwork,5,5,Egyptian,b-59-850,False,1,4000,2,exp1_permuted_src_datasets
1135,59.95469727,1.0,1738324720.912805,,1.373077630996704,1.0,0.001,1,16,40x40,MatchingNetwork,5,5,Egyptian,b-59-850,False,1,4000,2,exp1_permuted_src_datasets
1136,59.966773642,1.0,1738324720.924889,,1.4289957284927368,1.0,0.001,1,16,40x40,MatchingNetwork,5,5,Egyptian,b-59-850,False,1,4000,2,exp1_permuted_src_datasets
1137,62.736771133,1.0,1738324723.6948876,0.58625,,,0.001,1,16,40x40,MatchingNetwork,5,5,Egyptian,b-59-850,False,1,4000,2,exp1_permuted_src_datasets
1138,62.751317852,1.0,1738324723.709335,,1.3686755895614624,1.0,0.001,1,16,40x40,MatchingNetwork,5,5,Egyptian,b-59-850,False,1,4000,2,exp1_permuted_src_datasets
1139,62.768089218,1.0,1738324723.7261853,,1.368605136871338,1.0,0.001,1,16,40x40,MatchingNetwork,5,5,Egyptian,b-59-850,False,1,4000,2,exp1_permuted_src_datasets
1140,62.779171194,1.0,1738324723.7372303,,1.3692667484283447,1.0,0.001,1,16,40x40,MatchingNetwork,5,5,Egyptian,b-59-850,False,1,4000,2,exp1_permuted_src_datasets
1141,62.78909959,1.0,1738324723.7471998,,1.3714537620544434,1.0,0.001,1,16,40x40,MatchingNetwork,5,5,Egyptian,b-59-850,False,1,4000,2,exp1_permuted_src_datasets
1142,62.799030285,1.0,1738324723.7570987,,1.3700129985809326,1.0,0.001,1,16,40x40,MatchingNetwork,5,5,Egyptian,b-59-850,False,1,4000,2,exp1_permuted_src_datasets
1143,62.809127902,1.0,1738324723.767187,,1.3684827089309692,1.0,0.001,1,16,40x40,MatchingNetwork,5,5,Egyptian,b-59-850,False,1,4000,2,exp1_permuted_src_datasets
1144,62.819368752,1.0,1738324723.7774642,,1.372139573097229,1.0,0.001,1,16,40x40,MatchingNetwork,5,5,Egyptian,b-59-850,False,1,4000,2,exp1_permuted_src_datasets
1145,62.829205283,1.0,1738324723.7873178,,1.3721868991851807,1.0,0.001,1,16,40x40,MatchingNetwork,5,5,Egyptian,b-59-850,False,1,4000,2,exp1_permuted_src_datasets
1146,62.844882327,1.0,1738324723.8029146,,1.3729134798049927,1.0,0.001,1,16,40x40,MatchingNetwork,5,5,Egyptian,b-59-850,False,1,4000,2,exp1_permuted_src_datasets
1147,62.858851098,1.0,1738324723.8169346,,1.3751307725906372,1.0,0.001,1,16,40x40,MatchingNetwork,5,5,Egyptian,b-59-850,False,1,4000,2,exp1_permuted_src_datasets
1148,62.868577336,1.0,1738324723.826699,,1.3684611320495605,1.0,0.001,1,16,40x40,MatchingNetwork,5,5,Egyptian,b-59-850,False,1,4000,2,exp1_permuted_src_datasets
1149,62.87867878,1.0,1738324723.8367758,,1.3719370365142822,1.0,0.001,1,16,40x40,MatchingNetwork,5,5,Egyptian,b-59-850,False,1,4000,2,exp1_permuted_src_datasets
1150,62.895599269,1.0,1738324723.8536525,,1.3720828294754028,1.0,0.001,1,16,40x40,MatchingNetwork,5,5,Egyptian,b-59-850,False,1,4000,2,exp1_permuted_src_datasets
1151,62.908342094,1.0,1738324723.8664272,,1.375309705734253,1.0,0.001,1,16,40x40,MatchingNetwork,5,5,Egyptian,b-59-850,False,1,4000,2,exp1_permuted_src_datasets
1152,62.918012391,1.0,1738324723.8761451,,1.3692212104797363,1.0,0.001,1,16,40x40,MatchingNetwork,5,5,Egyptian,b-59-850,False,1,4000,2,exp1_permuted_src_datasets
1153,62.927875025,1.0,1738324723.8860025,,1.3731191158294678,1.0,0.001,1,16,40x40,MatchingNetwork,5,5,Egyptian,b-59-850,False,1,4000,2,exp1_permuted_src_datasets
1154,62.937206356,1.0,1738324723.895314,,1.3689048290252686,1.0,0.001,1,16,40x40,MatchingNetwork,5,5,Egyptian,b-59-850,False,1,4000,2,exp1_permuted_src_datasets
1155,62.947075567,1.0,1738324723.905161,,1.3729439973831177,1.0,0.001,1,16,40x40,MatchingNetwork,5,5,Egyptian,b-59-850,False,1,4000,2,exp1_permuted_src_datasets
1156,62.956509032,1.0,1738324723.9146402,,1.37189781665802,1.0,0.001,1,16,40x40,MatchingNetwork,5,5,Egyptian,b-59-850,False,1,4000,2,exp1_permuted_src_datasets
1157,62.965735409,1.0,1738324723.923882,,1.3721890449523926,1.0,0.001,1,16,40x40,MatchingNetwork,5,5,Egyptian,b-59-850,False,1,4000,2,exp1_permuted_src_datasets
1158,62.975616425,1.0,1738324723.9337223,,1.3698396682739258,1.0,0.001,1,16,40x40,MatchingNetwork,5,5,Egyptian,b-59-850,False,1,4000,2,exp1_permuted_src_datasets
1159,62.990778725,1.0,1738324723.9488518,,1.3748581409454346,1.0,0.001,1,16,40x40,MatchingNetwork,5,5,Egyptian,b-59-850,False,1,4000,2,exp1_permuted_src_datasets
1160,63.000323658,1.0,1738324723.958443,,1.371191382408142,1.0,0.001,1,16,40x40,MatchingNetwork,5,5,Egyptian,b-59-850,False,1,4000,2,exp1_permuted_src_datasets
1161,63.009654239,1.0,1738324723.9677806,,1.371182918548584,1.0,0.001,1,16,40x40,MatchingNetwork,5,5,Egyptian,b-59-850,False,1,4000,2,exp1_permuted_src_datasets
1162,63.019484037,1.0,1738324723.9775956,,1.3691810369491577,1.0,0.001,1,16,40x40,MatchingNetwork,5,5,Egyptian,b-59-850,False,1,4000,2,exp1_permuted_src_datasets
1163,63.028807954,1.0,1738324723.9869351,,1.4279415607452393,1.0,0.001,1,16,40x40,MatchingNetwork,5,5,Egyptian,b-59-850,False,1,4000,2,exp1_permuted_src_datasets
1164,63.039657485,1.0,1738324723.9977775,,1.3766248226165771,1.0,0.001,1,16,40x40,MatchingNetwork,5,5,Egyptian,b-59-850,False,1,4000,2,exp1_permuted_src_datasets
1165,63.049149314,1.0,1738324724.0072668,,1.427156925201416,1.0,0.001,1,16,40x40,MatchingNetwork,5,5,Egyptian,b-59-850,False,1,4000,2,exp1_permuted_src_datasets
1166,63.065415978,1.0,1738324724.02353,,1.3717217445373535,1.0,0.001,1,16,40x40,MatchingNetwork,5,5,Egyptian,b-59-850,False,1,4000,2,exp1_permuted_src_datasets
1167,63.075179989,1.0,1738324724.0332985,,1.4273368120193481,1.0,0.001,1,16,40x40,MatchingNetwork,5,5,Egyptian,b-59-850,False,1,4000,2,exp1_permuted_src_datasets
1168,63.08821227,1.0,1738324724.046336,,1.3714033365249634,1.0,0.001,1,16,40x40,MatchingNetwork,5,5,Egyptian,b-59-850,False,1,4000,2,exp1_permuted_src_datasets
1169,63.101381818,1.0,1738324724.0594883,,1.3719556331634521,1.0,0.001,1,16,40x40,MatchingNetwork,5,5,Egyptian,b-59-850,False,1,4000,2,exp1_permuted_src_datasets
1170,63.11087794,1.0,1738324724.0689895,,1.3689727783203125,1.0,0.001,1,16,40x40,MatchingNetwork,5,5,Egyptian,b-59-850,False,1,4000,2,exp1_permuted_src_datasets
1171,63.120306154,1.0,1738324724.0784268,,1.3690084218978882,1.0,0.001,1,16,40x40,MatchingNetwork,5,5,Egyptian,b-59-850,False,1,4000,2,exp1_permuted_src_datasets
1172,63.129864484,1.0,1738324724.0879793,,1.374963641166687,1.0,0.001,1,16,40x40,MatchingNetwork,5,5,Egyptian,b-59-850,False,1,4000,2,exp1_permuted_src_datasets
1173,63.140490773,1.0,1738324724.0985851,,1.3694782257080078,1.0,0.001,1,16,40x40,MatchingNetwork,5,5,Egyptian,b-59-850,False,1,4000,2,exp1_permuted_src_datasets
1174,63.150760243,1.0,1738324724.1088672,,1.3730499744415283,1.0,0.001,1,16,40x40,MatchingNetwork,5,5,Egyptian,b-59-850,False,1,4000,2,exp1_permuted_src_datasets
1175,63.161459363,1.0,1738324724.1195686,,1.372247338294983,1.0,0.001,1,16,40x40,MatchingNetwork,5,5,Egyptian,b-59-850,False,1,4000,2,exp1_permuted_src_datasets
1176,63.175574506,1.0,1738324724.133702,,1.3691291809082031,1.0,0.001,1,16,40x40,MatchingNetwork,5,5,Egyptian,b-59-850,False,1,4000,2,exp1_permuted_src_datasets
1177,63.197812093,1.0,1738324724.1558988,,1.3714003562927246,1.0,0.001,1,16,40x40,MatchingNetwork,5,5,Egyptian,b-59-850,False,1,4000,2,exp1_permuted_src_datasets
1178,63.209933904,1.0,1738324724.1680052,,1.3721685409545898,1.0,0.001,1,16,40x40,MatchingNetwork,5,5,Egyptian,b-59-850,False,1,4000,2,exp1_permuted_src_datasets
1179,63.223372969,1.0,1738324724.1813757,,1.4271883964538574,1.0,0.001,1,16,40x40,MatchingNetwork,5,5,Egyptian,b-59-850,False,1,4000,2,exp1_permuted_src_datasets
1180,63.235239562,1.0,1738324724.1932697,,1.3679640293121338,1.0,0.001,1,16,40x40,MatchingNetwork,5,5,Egyptian,b-59-850,False,1,4000,2,exp1_permuted_src_datasets
1181,63.245597734,1.0,1738324724.2036726,,1.3686387538909912,1.0,0.001,1,16,40x40,MatchingNetwork,5,5,Egyptian,b-59-850,False,1,4000,2,exp1_permuted_src_datasets
1182,63.256028299,1.0,1738324724.21412,,1.372194528579712,1.0,0.001,1,16,40x40,MatchingNetwork,5,5,Egyptian,b-59-850,False,1,4000,2,exp1_permuted_src_datasets
1183,63.266054372,1.0,1738324724.22416,,1.3728959560394287,1.0,0.001,1,16,40x40,MatchingNetwork,5,5,Egyptian,b-59-850,False,1,4000,2,exp1_permuted_src_datasets
1184,63.276110217,1.0,1738324724.234228,,1.4280799627304077,1.0,0.001,1,16,40x40,MatchingNetwork,5,5,Egyptian,b-59-850,False,1,4000,2,exp1_permuted_src_datasets
1185,63.286287536,1.0,1738324724.2443862,,1.3714513778686523,1.0,0.001,1,16,40x40,MatchingNetwork,5,5,Egyptian,b-59-850,False,1,4000,2,exp1_permuted_src_datasets
1186,63.300844498000004,1.0,1738324724.2589617,,1.3689416646957397,1.0,0.001,1,16,40x40,MatchingNetwork,5,5,Egyptian,b-59-850,False,1,4000,2,exp1_permuted_src_datasets
1187,63.310539019,1.0,1738324724.268662,,1.3720788955688477,1.0,0.001,1,16,40x40,MatchingNetwork,5,5,Egyptian,b-59-850,False,1,4000,2,exp1_permuted_src_datasets
1188,63.3248655,1.0,1738324724.2829354,,1.371199607849121,1.0,0.001,1,16,40x40,MatchingNetwork,5,5,Egyptian,b-59-850,False,1,4000,2,exp1_permuted_src_datasets
1189,63.335594624,1.0,1738324724.293717,,1.3679949045181274,1.0,0.001,1,16,40x40,MatchingNetwork,5,5,Egyptian,b-59-850,False,1,4000,2,exp1_permuted_src_datasets
1190,63.345679388,1.0,1738324724.3037987,,1.3748223781585693,1.0,0.001,1,16,40x40,MatchingNetwork,5,5,Egyptian,b-59-850,False,1,4000,2,exp1_permuted_src_datasets
1191,63.35523852,1.0,1738324724.3133328,,1.369864583015442,1.0,0.001,1,16,40x40,MatchingNetwork,5,5,Egyptian,b-59-850,False,1,4000,2,exp1_permuted_src_datasets
1192,63.366897118,1.0,1738324724.3250036,,1.4269942045211792,1.0,0.001,1,16,40x40,MatchingNetwork,5,5,Egyptian,b-59-850,False,1,4000,2,exp1_permuted_src_datasets
1193,63.376985441,1.0,1738324724.3350787,,1.3691554069519043,1.0,0.001,1,16,40x40,MatchingNetwork,5,5,Egyptian,b-59-850,False,1,4000,2,exp1_permuted_src_datasets
1194,63.386561202,1.0,1738324724.3446817,,1.3699140548706055,1.0,0.001,1,16,40x40,MatchingNetwork,5,5,Egyptian,b-59-850,False,1,4000,2,exp1_permuted_src_datasets
1195,63.395966909,1.0,1738324724.3541,,1.369582176208496,1.0,0.001,1,16,40x40,MatchingNetwork,5,5,Egyptian,b-59-850,False,1,4000,2,exp1_permuted_src_datasets
1196,63.405311305,1.0,1738324724.3634562,,1.3715177774429321,1.0,0.001,1,16,40x40,MatchingNetwork,5,5,Egyptian,b-59-850,False,1,4000,2,exp1_permuted_src_datasets
1197,63.415137816,1.0,1738324724.3732316,,1.3714021444320679,1.0,0.001,1,16,40x40,MatchingNetwork,5,5,Egyptian,b-59-850,False,1,4000,2,exp1_permuted_src_datasets
1198,63.429131964,1.0,1738324724.3872123,,1.3694605827331543,1.0,0.001,1,16,40x40,MatchingNetwork,5,5,Egyptian,b-59-850,False,1,4000,2,exp1_permuted_src_datasets
1199,63.441349727,1.0,1738324724.399473,,1.369449257850647,1.0,0.001,1,16,40x40,MatchingNetwork,5,5,Egyptian,b-59-850,False,1,4000,2,exp1_permuted_src_datasets
1200,65.920749547,1.0,1738324726.8789012,0.5835,,,0.001,1,16,40x40,MatchingNetwork,5,5,Egyptian,b-59-850,False,1,4000,2,exp1_permuted_src_datasets
1201,65.927857541,1.0,1738324726.8859878,,1.3718864917755127,1.0,0.001,1,16,40x40,MatchingNetwork,5,5,Egyptian,b-59-850,False,1,4000,2,exp1_permuted_src_datasets
1202,65.945521253,1.0,1738324726.9035826,,1.3759182691574097,1.0,0.001,1,16,40x40,MatchingNetwork,5,5,Egyptian,b-59-850,False,1,4000,2,exp1_permuted_src_datasets
1203,65.955917228,1.0,1738324726.914051,,1.4308339357376099,1.0,0.001,1,16,40x40,MatchingNetwork,5,5,Egyptian,b-59-850,False,1,4000,2,exp1_permuted_src_datasets
1204,65.96573724,1.0,1738324726.9238234,,1.3723840713500977,1.0,0.001,1,16,40x40,MatchingNetwork,5,5,Egyptian,b-59-850,False,1,4000,2,exp1_permuted_src_datasets
1205,65.975434879,1.0,1738324726.9335477,,1.3735017776489258,1.0,0.001,1,16,40x40,MatchingNetwork,5,5,Egyptian,b-59-850,False,1,4000,2,exp1_permuted_src_datasets
1206,65.993486771,1.0,1738324726.9515493,,1.371920108795166,1.0,0.001,1,16,40x40,MatchingNetwork,5,5,Egyptian,b-59-850,False,1,4000,2,exp1_permuted_src_datasets
1207,66.003621699,1.0,1738324726.9617407,,1.3723136186599731,1.0,0.001,1,16,40x40,MatchingNetwork,5,5,Egyptian,b-59-850,False,1,4000,2,exp1_permuted_src_datasets
1208,66.013204423,1.0,1738324726.971334,,1.3684241771697998,1.0,0.001,1,16,40x40,MatchingNetwork,5,5,Egyptian,b-59-850,False,1,4000,2,exp1_permuted_src_datasets
1209,66.0227006,1.0,1738324726.9808233,,1.368491768836975,1.0,0.001,1,16,40x40,MatchingNetwork,5,5,Egyptian,b-59-850,False,1,4000,2,exp1_permuted_src_datasets
1210,66.032460846,1.0,1738324726.9905825,,1.3689663410186768,1.0,0.001,1,16,40x40,MatchingNetwork,5,5,Egyptian,b-59-850,False,1,4000,2,exp1_permuted_src_datasets
1211,66.046596252,1.0,1738324727.0046732,,1.368432641029358,1.0,0.001,1,16,40x40,MatchingNetwork,5,5,Egyptian,b-59-850,False,1,4000,2,exp1_permuted_src_datasets
1212,66.06628907,1.0,1738324727.024392,,1.371427297592163,1.0,0.001,1,16,40x40,MatchingNetwork,5,5,Egyptian,b-59-850,False,1,4000,2,exp1_permuted_src_datasets
1213,66.07599955,1.0,1738324727.0341115,,1.3694936037063599,1.0,0.001,1,16,40x40,MatchingNetwork,5,5,Egyptian,b-59-850,False,1,4000,2,exp1_permuted_src_datasets
1214,66.095860043,1.0,1738324727.0539253,,1.375138521194458,1.0,0.001,1,16,40x40,MatchingNetwork,5,5,Egyptian,b-59-850,False,1,4000,2,exp1_permuted_src_datasets
1215,66.117879124,1.0,1738324727.0758717,,1.3722343444824219,1.0,0.001,1,16,40x40,MatchingNetwork,5,5,Egyptian,b-59-850,False,1,4000,2,exp1_permuted_src_datasets
1216,66.136697407,1.0,1738324727.0947034,,1.431316614151001,1.0,0.001,1,16,40x40,MatchingNetwork,5,5,Egyptian,b-59-850,False,1,4000,2,exp1_permuted_src_datasets
1217,66.147349251,1.0,1738324727.1054413,,1.372135043144226,1.0,0.001,1,16,40x40,MatchingNetwork,5,5,Egyptian,b-59-850,False,1,4000,2,exp1_permuted_src_datasets
1218,66.157108983,1.0,1738324727.115225,,1.369186282157898,1.0,0.001,1,16,40x40,MatchingNetwork,5,5,Egyptian,b-59-850,False,1,4000,2,exp1_permuted_src_datasets
1219,66.166784616,1.0,1738324727.1248941,,1.3692902326583862,1.0,0.001,1,16,40x40,MatchingNetwork,5,5,Egyptian,b-59-850,False,1,4000,2,exp1_permuted_src_datasets
1220,66.176431584,1.0,1738324727.1345513,,1.3684757947921753,1.0,0.001,1,16,40x40,MatchingNetwork,5,5,Egyptian,b-59-850,False,1,4000,2,exp1_permuted_src_datasets
1221,66.186015491,1.0,1738324727.1441402,,1.3689448833465576,1.0,0.001,1,16,40x40,MatchingNetwork,5,5,Egyptian,b-59-850,False,1,4000,2,exp1_permuted_src_datasets
1222,66.195497587,1.0,1738324727.153616,,1.3716768026351929,1.0,0.001,1,16,40x40,MatchingNetwork,5,5,Egyptian,b-59-850,False,1,4000,2,exp1_permuted_src_datasets
1223,66.205111382,1.0,1738324727.1632369,,1.3761303424835205,1.0,0.001,1,16,40x40,MatchingNetwork,5,5,Egyptian,b-59-850,False,1,4000,2,exp1_permuted_src_datasets
1224,66.215338236,1.0,1738324727.173461,,1.371169924736023,1.0,0.001,1,16,40x40,MatchingNetwork,5,5,Egyptian,b-59-850,False,1,4000,2,exp1_permuted_src_datasets
1225,66.224846895,1.0,1738324727.1829686,,1.3689579963684082,1.0,0.001,1,16,40x40,MatchingNetwork,5,5,Egyptian,b-59-850,False,1,4000,2,exp1_permuted_src_datasets
1226,66.242361825,1.0,1738324727.2004511,,1.3714102506637573,1.0,0.001,1,16,40x40,MatchingNetwork,5,5,Egyptian,b-59-850,False,1,4000,2,exp1_permuted_src_datasets
1227,66.251915877,1.0,1738324727.2100341,,1.3693493604660034,1.0,0.001,1,16,40x40,MatchingNetwork,5,5,Egyptian,b-59-850,False,1,4000,2,exp1_permuted_src_datasets
1228,66.262487186,1.0,1738324727.2206023,,1.4310728311538696,0.875,0.001,1,16,40x40,MatchingNetwork,5,5,Egyptian,b-59-850,False,1,4000,2,exp1_permuted_src_datasets
1229,66.272368341,1.0,1738324727.2304914,,1.4285507202148438,1.0,0.001,1,16,40x40,MatchingNetwork,5,5,Egyptian,b-59-850,False,1,4000,2,exp1_permuted_src_datasets
1230,66.282076012,1.0,1738324727.2401814,,1.3686922788619995,1.0,0.001,1,16,40x40,MatchingNetwork,5,5,Egyptian,b-59-850,False,1,4000,2,exp1_permuted_src_datasets
1231,66.291689629,1.0,1738324727.2497938,,1.3685885667800903,1.0,0.001,1,16,40x40,MatchingNetwork,5,5,Egyptian,b-59-850,False,1,4000,2,exp1_permuted_src_datasets
1232,66.301099609,1.0,1738324727.259241,,1.3691291809082031,1.0,0.001,1,16,40x40,MatchingNetwork,5,5,Egyptian,b-59-850,False,1,4000,2,exp1_permuted_src_datasets
1233,66.310594854,1.0,1738324727.2687032,,1.429166316986084,1.0,0.001,1,16,40x40,MatchingNetwork,5,5,Egyptian,b-59-850,False,1,4000,2,exp1_permuted_src_datasets
1234,66.32048415,1.0,1738324727.2785845,,1.3699058294296265,1.0,0.001,1,16,40x40,MatchingNetwork,5,5,Egyptian,b-59-850,False,1,4000,2,exp1_permuted_src_datasets
1235,66.34028645,1.0,1738324727.2983148,,1.369418978691101,1.0,0.001,1,16,40x40,MatchingNetwork,5,5,Egyptian,b-59-850,False,1,4000,2,exp1_permuted_src_datasets
1236,66.358505733,1.0,1738324727.3166075,,1.428413987159729,0.875,0.001,1,16,40x40,MatchingNetwork,5,5,Egyptian,b-59-850,False,1,4000,2,exp1_permuted_src_datasets
1237,66.374935035,1.0,1738324727.3330016,,1.3724836111068726,1.0,0.001,1,16,40x40,MatchingNetwork,5,5,Egyptian,b-59-850,False,1,4000,2,exp1_permuted_src_datasets
1238,66.389624848,1.0,1738324727.3477008,,1.3725969791412354,1.0,0.001,1,16,40x40,MatchingNetwork,5,5,Egyptian,b-59-850,False,1,4000,2,exp1_permuted_src_datasets
1239,66.399316004,1.0,1738324727.3574297,,1.3691632747650146,1.0,0.001,1,16,40x40,MatchingNetwork,5,5,Egyptian,b-59-850,False,1,4000,2,exp1_permuted_src_datasets
1240,66.408873247,1.0,1738324727.3669975,,1.3700618743896484,1.0,0.001,1,16,40x40,MatchingNetwork,5,5,Egyptian,b-59-850,False,1,4000,2,exp1_permuted_src_datasets
1241,66.418363868,1.0,1738324727.376481,,1.3715051412582397,1.0,0.001,1,16,40x40,MatchingNetwork,5,5,Egyptian,b-59-850,False,1,4000,2,exp1_permuted_src_datasets
1242,66.428171671,1.0,1738324727.3862588,,1.4274415969848633,1.0,0.001,1,16,40x40,MatchingNetwork,5,5,Egyptian,b-59-850,False,1,4000,2,exp1_permuted_src_datasets
1243,66.43819426,1.0,1738324727.3963127,,1.3714816570281982,1.0,0.001,1,16,40x40,MatchingNetwork,5,5,Egyptian,b-59-850,False,1,4000,2,exp1_permuted_src_datasets
1244,66.447763261,1.0,1738324727.4058902,,1.3719737529754639,1.0,0.001,1,16,40x40,MatchingNetwork,5,5,Egyptian,b-59-850,False,1,4000,2,exp1_permuted_src_datasets
1245,66.457670966,1.0,1738324727.415796,,1.368485927581787,1.0,0.001,1,16,40x40,MatchingNetwork,5,5,Egyptian,b-59-850,False,1,4000,2,exp1_permuted_src_datasets
1246,66.476315918,1.0,1738324727.4343944,,1.372105360031128,1.0,0.001,1,16,40x40,MatchingNetwork,5,5,Egyptian,b-59-850,False,1,4000,2,exp1_permuted_src_datasets
1247,66.490012683,1.0,1738324727.4481323,,1.3730500936508179,1.0,0.001,1,16,40x40,MatchingNetwork,5,5,Egyptian,b-59-850,False,1,4000,2,exp1_permuted_src_datasets
1248,66.49950419,1.0,1738324727.4576178,,1.3714146614074707,1.0,0.001,1,16,40x40,MatchingNetwork,5,5,Egyptian,b-59-850,False,1,4000,2,exp1_permuted_src_datasets
1249,66.50875705199999,1.0,1738324727.466888,,1.3694748878479004,1.0,0.001,1,16,40x40,MatchingNetwork,5,5,Egyptian,b-59-850,False,1,4000,2,exp1_permuted_src_datasets
1250,66.518848653,1.0,1738324727.4769347,,1.371203064918518,1.0,0.001,1,16,40x40,MatchingNetwork,5,5,Egyptian,b-59-850,False,1,4000,2,exp1_permuted_src_datasets
1251,66.530543256,1.0,1738324727.4886584,,1.3695852756500244,1.0,0.001,1,16,40x40,MatchingNetwork,5,5,Egyptian,b-59-850,False,1,4000,2,exp1_permuted_src_datasets
1252,66.539891982,1.0,1738324727.498005,,1.3692679405212402,1.0,0.001,1,16,40x40,MatchingNetwork,5,5,Egyptian,b-59-850,False,1,4000,2,exp1_permuted_src_datasets
1253,66.549241073,1.0,1738324727.507362,,1.3752764463424683,1.0,0.001,1,16,40x40,MatchingNetwork,5,5,Egyptian,b-59-850,False,1,4000,2,exp1_permuted_src_datasets
1254,66.558883725,1.0,1738324727.5169973,,1.3721082210540771,1.0,0.001,1,16,40x40,MatchingNetwork,5,5,Egyptian,b-59-850,False,1,4000,2,exp1_permuted_src_datasets
1255,66.568258116,1.0,1738324727.5263638,,1.3719040155410767,1.0,0.001,1,16,40x40,MatchingNetwork,5,5,Egyptian,b-59-850,False,1,4000,2,exp1_permuted_src_datasets
1256,66.57996484,1.0,1738324727.538029,,1.3684284687042236,1.0,0.001,1,16,40x40,MatchingNetwork,5,5,Egyptian,b-59-850,False,1,4000,2,exp1_permuted_src_datasets
1257,66.590196027,1.0,1738324727.5483062,,1.371725082397461,1.0,0.001,1,16,40x40,MatchingNetwork,5,5,Egyptian,b-59-850,False,1,4000,2,exp1_permuted_src_datasets
1258,66.599814718,1.0,1738324727.5579238,,1.3691606521606445,1.0,0.001,1,16,40x40,MatchingNetwork,5,5,Egyptian,b-59-850,False,1,4000,2,exp1_permuted_src_datasets
1259,66.619129227,1.0,1738324727.5771942,,1.3722825050354004,1.0,0.001,1,16,40x40,MatchingNetwork,5,5,Egyptian,b-59-850,False,1,4000,2,exp1_permuted_src_datasets
1260,66.638120598,1.0,1738324727.596205,,1.4277913570404053,1.0,0.001,1,16,40x40,MatchingNetwork,5,5,Egyptian,b-59-850,False,1,4000,2,exp1_permuted_src_datasets
1261,66.648111558,1.0,1738324727.6062114,,1.3685438632965088,1.0,0.001,1,16,40x40,MatchingNetwork,5,5,Egyptian,b-59-850,False,1,4000,2,exp1_permuted_src_datasets
1262,66.658170195,1.0,1738324727.6162946,,1.3687115907669067,1.0,0.001,1,16,40x40,MatchingNetwork,5,5,Egyptian,b-59-850,False,1,4000,2,exp1_permuted_src_datasets
1263,69.14436626,1.0,1738324730.1024919,0.5945,,,0.001,1,16,40x40,MatchingNetwork,5,5,Egyptian,b-59-850,False,1,4000,2,exp1_permuted_src_datasets
