_step,_runtime,bootstrap_iter,_timestamp,ft_eval_acc,ft_loss,ft_acc,lr,epochs,batch_size,input_size,model_type,n_way_test,n_way_train,tgt_dataset,src_datasets,fixed_support,samples_per_class,num_total_episodes,num_bootstrap_iters,exp_name
0,5.907107974,0.0,1738516118.187666,,,,0.001,1,16,40x40,PrototypicalNetwork,5,5,b-59-850,Egyptian,False,5,4000,2,exp1_permuted_src_datasets
1,490.742777698,0.0,1738516602.9827135,0.8157000017166137,,,0.001,1,16,40x40,PrototypicalNetwork,5,5,b-59-850,Egyptian,False,5,4000,2,exp1_permuted_src_datasets
2,490.760565578,0.0,1738516603.0410988,,0.0006854866514913738,1.0,0.001,1,16,40x40,PrototypicalNetwork,5,5,b-59-850,Egyptian,False,5,4000,2,exp1_permuted_src_datasets
3,490.864114686,0.0,1738516603.144654,,0.0002474308421369642,1.0,0.001,1,16,40x40,PrototypicalNetwork,5,5,b-59-850,Egyptian,False,5,4000,2,exp1_permuted_src_datasets
4,490.903932204,0.0,1738516603.1844492,,7.441577326972038e-05,1.0,0.001,1,16,40x40,PrototypicalNetwork,5,5,b-59-850,Egyptian,False,5,4000,2,exp1_permuted_src_datasets
5,490.98373485,0.0,1738516603.2641895,,2.4880433556973003e-05,1.0,0.001,1,16,40x40,PrototypicalNetwork,5,5,b-59-850,Egyptian,False,5,4000,2,exp1_permuted_src_datasets
6,491.024522317,0.0,1738516603.3049927,,7.879429176682606e-06,1.0,0.001,1,16,40x40,PrototypicalNetwork,5,5,b-59-850,Egyptian,False,5,4000,2,exp1_permuted_src_datasets
7,491.077548619,0.0,1738516603.3580272,,3.786305342146079e-06,1.0,0.001,1,16,40x40,PrototypicalNetwork,5,5,b-59-850,Egyptian,False,5,4000,2,exp1_permuted_src_datasets
8,491.135442946,0.0,1738516603.4159367,,3.14852832161705e-06,1.0,0.001,1,16,40x40,PrototypicalNetwork,5,5,b-59-850,Egyptian,False,5,4000,2,exp1_permuted_src_datasets
9,491.194294875,0.0,1738516603.4748042,,1.0162551689063548e-06,1.0,0.001,1,16,40x40,PrototypicalNetwork,5,5,b-59-850,Egyptian,False,5,4000,2,exp1_permuted_src_datasets
10,491.251580941,0.0,1738516603.5320683,,2.42888717139067e-07,1.0,0.001,1,16,40x40,PrototypicalNetwork,5,5,b-59-850,Egyptian,False,5,4000,2,exp1_permuted_src_datasets
11,491.313898401,0.0,1738516603.594395,,4.4852376390736026e-07,1.0,0.001,1,16,40x40,PrototypicalNetwork,5,5,b-59-850,Egyptian,False,5,4000,2,exp1_permuted_src_datasets
12,491.376877286,0.0,1738516603.6573799,,2.622600163704192e-07,1.0,0.001,1,16,40x40,PrototypicalNetwork,5,5,b-59-850,Egyptian,False,5,4000,2,exp1_permuted_src_datasets
13,491.443697598,0.0,1738516603.724186,,2.1606649625027785e-07,1.0,0.001,1,16,40x40,PrototypicalNetwork,5,5,b-59-850,Egyptian,False,5,4000,2,exp1_permuted_src_datasets
14,491.500221435,0.0,1738516603.7807055,,1.311301076611926e-07,1.0,0.001,1,16,40x40,PrototypicalNetwork,5,5,b-59-850,Egyptian,False,5,4000,2,exp1_permuted_src_datasets
15,491.578797049,0.0,1738516603.8592126,,3.5017507116208435e-07,1.0,0.001,1,16,40x40,PrototypicalNetwork,5,5,b-59-850,Egyptian,False,5,4000,2,exp1_permuted_src_datasets
16,491.632332437,0.0,1738516603.9128096,,4.768369876728684e-08,1.0,0.001,1,16,40x40,PrototypicalNetwork,5,5,b-59-850,Egyptian,False,5,4000,2,exp1_permuted_src_datasets
17,491.703404228,0.0,1738516603.9838042,,1.117585952670197e-07,1.0,0.001,1,16,40x40,PrototypicalNetwork,5,5,b-59-850,Egyptian,False,5,4000,2,exp1_permuted_src_datasets
18,491.762737642,0.0,1738516604.0432363,,2.503390703623154e-07,1.0,0.001,1,16,40x40,PrototypicalNetwork,5,5,b-59-850,Egyptian,False,5,4000,2,exp1_permuted_src_datasets
19,491.806155217,0.0,1738516604.086662,,5.81133292598679e-07,1.0,0.001,1,16,40x40,PrototypicalNetwork,5,5,b-59-850,Egyptian,False,5,4000,2,exp1_permuted_src_datasets
20,491.850029627,0.0,1738516604.1305115,,3.278254823158022e-08,1.0,0.001,1,16,40x40,PrototypicalNetwork,5,5,b-59-850,Egyptian,False,5,4000,2,exp1_permuted_src_datasets
21,491.914413633,0.0,1738516604.194831,,4.6193591174414905e-08,1.0,0.001,1,16,40x40,PrototypicalNetwork,5,5,b-59-850,Egyptian,False,5,4000,2,exp1_permuted_src_datasets
22,491.997251135,0.0,1738516604.2777302,,1.3411043831013103e-08,1.0,0.001,1,16,40x40,PrototypicalNetwork,5,5,b-59-850,Egyptian,False,5,4000,2,exp1_permuted_src_datasets
23,492.052389241,0.0,1738516604.3328342,,3.8743014130204756e-08,1.0,0.001,1,16,40x40,PrototypicalNetwork,5,5,b-59-850,Egyptian,False,5,4000,2,exp1_permuted_src_datasets
24,492.124116518,0.0,1738516604.404594,,1.3411019494924403e-07,1.0,0.001,1,16,40x40,PrototypicalNetwork,5,5,b-59-850,Egyptian,False,5,4000,2,exp1_permuted_src_datasets
25,492.188976008,0.0,1738516604.4694507,,2.2351738238057806e-08,1.0,0.001,1,16,40x40,PrototypicalNetwork,5,5,b-59-850,Egyptian,False,5,4000,2,exp1_permuted_src_datasets
26,492.258097778,0.0,1738516604.5385509,,4.962053594681493e-07,1.0,0.001,1,16,40x40,PrototypicalNetwork,5,5,b-59-850,Egyptian,False,5,4000,2,exp1_permuted_src_datasets
27,492.321128288,0.0,1738516604.6016152,,7.003539792549418e-08,1.0,0.001,1,16,40x40,PrototypicalNetwork,5,5,b-59-850,Egyptian,False,5,4000,2,exp1_permuted_src_datasets
28,492.386317347,0.0,1738516604.6667924,,2.3096667689515016e-07,1.0,0.001,1,16,40x40,PrototypicalNetwork,5,5,b-59-850,Egyptian,False,5,4000,2,exp1_permuted_src_datasets
29,492.445106342,0.0,1738516604.7256017,,5.215405352032576e-08,1.0,0.001,1,16,40x40,PrototypicalNetwork,5,5,b-59-850,Egyptian,False,5,4000,2,exp1_permuted_src_datasets
30,492.48694467,0.0,1738516604.7674782,,3.2633434443596343e-07,1.0,0.001,1,16,40x40,PrototypicalNetwork,5,5,b-59-850,Egyptian,False,5,4000,2,exp1_permuted_src_datasets
31,492.526153731,0.0,1738516604.8066711,,1.0430811769879256e-08,1.0,0.001,1,16,40x40,PrototypicalNetwork,5,5,b-59-850,Egyptian,False,5,4000,2,exp1_permuted_src_datasets
32,492.586401239,0.0,1738516604.8668807,,3.874300347206372e-08,1.0,0.001,1,16,40x40,PrototypicalNetwork,5,5,b-59-850,Egyptian,False,5,4000,2,exp1_permuted_src_datasets
33,492.639114653,0.0,1738516604.9195976,,1.192092646817855e-08,1.0,0.001,1,16,40x40,PrototypicalNetwork,5,5,b-59-850,Egyptian,False,5,4000,2,exp1_permuted_src_datasets
34,492.696161666,0.0,1738516604.9766402,,4.9173813465586136e-08,1.0,0.001,1,16,40x40,PrototypicalNetwork,5,5,b-59-850,Egyptian,False,5,4000,2,exp1_permuted_src_datasets
35,492.77351109,0.0,1738516605.0539749,,5.274911245578551e-07,1.0,0.001,1,16,40x40,PrototypicalNetwork,5,5,b-59-850,Egyptian,False,5,4000,2,exp1_permuted_src_datasets
36,492.816436042,0.0,1738516605.0969174,,2.5331965858299554e-08,1.0,0.001,1,16,40x40,PrototypicalNetwork,5,5,b-59-850,Egyptian,False,5,4000,2,exp1_permuted_src_datasets
37,492.888422048,0.0,1738516605.1688411,,2.5778919621188834e-07,1.0,0.001,1,16,40x40,PrototypicalNetwork,5,5,b-59-850,Egyptian,False,5,4000,2,exp1_permuted_src_datasets
38,492.954388099,0.0,1738516605.2348804,,2.5331967634656394e-08,1.0,0.001,1,16,40x40,PrototypicalNetwork,5,5,b-59-850,Egyptian,False,5,4000,2,exp1_permuted_src_datasets
39,492.998536115,0.0,1738516605.2790115,,5.960464122267695e-09,1.0,0.001,1,16,40x40,PrototypicalNetwork,5,5,b-59-850,Egyptian,False,5,4000,2,exp1_permuted_src_datasets
40,493.062295935,0.0,1738516605.3427885,,5.066389263674864e-08,1.0,0.001,1,16,40x40,PrototypicalNetwork,5,5,b-59-850,Egyptian,False,5,4000,2,exp1_permuted_src_datasets
41,493.104481099,0.0,1738516605.385003,,1.6703294249964529e-06,1.0,0.001,1,16,40x40,PrototypicalNetwork,5,5,b-59-850,Egyptian,False,5,4000,2,exp1_permuted_src_datasets
42,493.146924019,0.0,1738516605.4274004,,1.3411043831013103e-08,1.0,0.001,1,16,40x40,PrototypicalNetwork,5,5,b-59-850,Egyptian,False,5,4000,2,exp1_permuted_src_datasets
43,493.202822441,0.0,1738516605.4832935,,9.23870828728468e-08,1.0,0.001,1,16,40x40,PrototypicalNetwork,5,5,b-59-850,Egyptian,False,5,4000,2,exp1_permuted_src_datasets
44,493.278314252,0.0,1738516605.5587611,,8.940695295223122e-09,1.0,0.001,1,16,40x40,PrototypicalNetwork,5,5,b-59-850,Egyptian,False,5,4000,2,exp1_permuted_src_datasets
45,493.35344938,0.0,1738516605.633933,,2.086162353975851e-08,1.0,0.001,1,16,40x40,PrototypicalNetwork,5,5,b-59-850,Egyptian,False,5,4000,2,exp1_permuted_src_datasets
46,493.422620193,0.0,1738516605.703085,,1.1771872010513107e-07,1.0,0.001,1,16,40x40,PrototypicalNetwork,5,5,b-59-850,Egyptian,False,5,4000,2,exp1_permuted_src_datasets
47,493.497230398,0.0,1738516605.7775652,,1.639127411579011e-08,1.0,0.001,1,16,40x40,PrototypicalNetwork,5,5,b-59-850,Egyptian,False,5,4000,2,exp1_permuted_src_datasets
48,493.57613173,0.0,1738516605.8566153,,7.4505797087454084e-09,1.0,0.001,1,16,40x40,PrototypicalNetwork,5,5,b-59-850,Egyptian,False,5,4000,2,exp1_permuted_src_datasets
49,493.644021015,0.0,1738516605.9245064,,1.937149640696134e-08,1.0,0.001,1,16,40x40,PrototypicalNetwork,5,5,b-59-850,Egyptian,False,5,4000,2,exp1_permuted_src_datasets
50,493.706617146,0.0,1738516605.987099,,1.0430811769879256e-08,1.0,0.001,1,16,40x40,PrototypicalNetwork,5,5,b-59-850,Egyptian,False,5,4000,2,exp1_permuted_src_datasets
51,493.790140105,0.0,1738516606.0706246,,6.854527612176753e-08,1.0,0.001,1,16,40x40,PrototypicalNetwork,5,5,b-59-850,Egyptian,False,5,4000,2,exp1_permuted_src_datasets
52,493.829379884,0.0,1738516606.1098833,,5.364415756048402e-08,1.0,0.001,1,16,40x40,PrototypicalNetwork,5,5,b-59-850,Egyptian,False,5,4000,2,exp1_permuted_src_datasets
53,493.897285718,0.0,1738516606.1777213,,8.940696183401542e-09,1.0,0.001,1,16,40x40,PrototypicalNetwork,5,5,b-59-850,Egyptian,False,5,4000,2,exp1_permuted_src_datasets
54,493.966391186,0.0,1738516606.2468839,,1.0430811769879256e-08,1.0,0.001,1,16,40x40,PrototypicalNetwork,5,5,b-59-850,Egyptian,False,5,4000,2,exp1_permuted_src_datasets
55,494.005203717,0.0,1738516606.2856855,,9.68573914406079e-08,1.0,0.001,1,16,40x40,PrototypicalNetwork,5,5,b-59-850,Egyptian,False,5,4000,2,exp1_permuted_src_datasets
56,494.051201827,0.0,1738516606.3316844,,7.4505797087454084e-09,1.0,0.001,1,16,40x40,PrototypicalNetwork,5,5,b-59-850,Egyptian,False,5,4000,2,exp1_permuted_src_datasets
57,494.094842501,0.0,1738516606.3753364,,4.172323286866231e-08,1.0,0.001,1,16,40x40,PrototypicalNetwork,5,5,b-59-850,Egyptian,False,5,4000,2,exp1_permuted_src_datasets
58,494.169841516,0.0,1738516606.4503317,,1.3976973605167586e-06,1.0,0.001,1,16,40x40,PrototypicalNetwork,5,5,b-59-850,Egyptian,False,5,4000,2,exp1_permuted_src_datasets
59,494.225886528,0.0,1738516606.5063884,,5.811449454995454e-08,1.0,0.001,1,16,40x40,PrototypicalNetwork,5,5,b-59-850,Egyptian,False,5,4000,2,exp1_permuted_src_datasets
60,494.271863996,0.0,1738516606.5523512,,1.192092646817855e-08,1.0,0.001,1,16,40x40,PrototypicalNetwork,5,5,b-59-850,Egyptian,False,5,4000,2,exp1_permuted_src_datasets
61,494.314400871,0.0,1738516606.5948927,,2.9802318390892424e-09,1.0,0.001,1,16,40x40,PrototypicalNetwork,5,5,b-59-850,Egyptian,False,5,4000,2,exp1_permuted_src_datasets
62,494.360675973,0.0,1738516606.6411688,,1.0430811769879256e-08,1.0,0.001,1,16,40x40,PrototypicalNetwork,5,5,b-59-850,Egyptian,False,5,4000,2,exp1_permuted_src_datasets
63,494.416883786,0.0,1738516606.6973643,,4.321335111967528e-08,1.0,0.001,1,16,40x40,PrototypicalNetwork,5,5,b-59-850,Egyptian,False,5,4000,2,exp1_permuted_src_datasets
64,1004.766807086,0.0,1738517117.0074532,0.8638000009059906,,,0.001,1,16,40x40,PrototypicalNetwork,5,5,b-59-850,Egyptian,False,5,4000,2,exp1_permuted_src_datasets
65,1004.784132827,0.0,1738517117.0646374,,7.4505797087454084e-09,1.0,0.001,1,16,40x40,PrototypicalNetwork,5,5,b-59-850,Egyptian,False,5,4000,2,exp1_permuted_src_datasets
66,1004.847757353,0.0,1738517117.1282275,,1.0728806643101052e-07,1.0,0.001,1,16,40x40,PrototypicalNetwork,5,5,b-59-850,Egyptian,False,5,4000,2,exp1_permuted_src_datasets
67,1004.942184324,0.0,1738517117.2225792,,3.278253046801183e-08,1.0,0.001,1,16,40x40,PrototypicalNetwork,5,5,b-59-850,Egyptian,False,5,4000,2,exp1_permuted_src_datasets
68,1004.994443297,0.0,1738517117.2749255,,7.450574912581942e-08,1.0,0.001,1,16,40x40,PrototypicalNetwork,5,5,b-59-850,Egyptian,False,5,4000,2,exp1_permuted_src_datasets
69,1005.073597747,0.0,1738517117.3540854,,7.003539082006682e-08,1.0,0.001,1,16,40x40,PrototypicalNetwork,5,5,b-59-850,Egyptian,False,5,4000,2,exp1_permuted_src_datasets
70,1005.11711601,0.0,1738517117.397539,,7.4505797087454084e-09,1.0,0.001,1,16,40x40,PrototypicalNetwork,5,5,b-59-850,Egyptian,False,5,4000,2,exp1_permuted_src_datasets
71,1005.161793918,0.0,1738517117.442268,,4.02331039595083e-08,1.0,0.001,1,16,40x40,PrototypicalNetwork,5,5,b-59-850,Egyptian,False,5,4000,2,exp1_permuted_src_datasets
72,1005.219019423,0.0,1738517117.4995034,,3.203733740519965e-07,1.0,0.001,1,16,40x40,PrototypicalNetwork,5,5,b-59-850,Egyptian,False,5,4000,2,exp1_permuted_src_datasets
73,1005.26229551,0.0,1738517117.5427747,,1.192092646817855e-08,1.0,0.001,1,16,40x40,PrototypicalNetwork,5,5,b-59-850,Egyptian,False,5,4000,2,exp1_permuted_src_datasets
74,1005.310425176,0.0,1738517117.590894,,3.4272662929879516e-08,1.0,0.001,1,16,40x40,PrototypicalNetwork,5,5,b-59-850,Egyptian,False,5,4000,2,exp1_permuted_src_datasets
75,1005.352193259,0.0,1738517117.6326613,,5.960463234089275e-09,1.0,0.001,1,16,40x40,PrototypicalNetwork,5,5,b-59-850,Egyptian,False,5,4000,2,exp1_permuted_src_datasets
76,1005.431358089,0.0,1738517117.711801,,2.384184938364342e-08,1.0,0.001,1,16,40x40,PrototypicalNetwork,5,5,b-59-850,Egyptian,False,5,4000,2,exp1_permuted_src_datasets
77,1005.493089229,0.0,1738517117.7735393,,1.192092824453539e-08,1.0,0.001,1,16,40x40,PrototypicalNetwork,5,5,b-59-850,Egyptian,False,5,4000,2,exp1_permuted_src_datasets
78,1005.564041694,0.0,1738517117.8445907,,8.195630840646118e-08,1.0,0.001,1,16,40x40,PrototypicalNetwork,5,5,b-59-850,Egyptian,False,5,4000,2,exp1_permuted_src_datasets
79,1005.606111674,0.0,1738517117.88657,,7.4505797087454084e-09,1.0,0.001,1,16,40x40,PrototypicalNetwork,5,5,b-59-850,Egyptian,False,5,4000,2,exp1_permuted_src_datasets
80,1005.66813742,0.0,1738517117.9485857,,1.3411043831013103e-08,1.0,0.001,1,16,40x40,PrototypicalNetwork,5,5,b-59-850,Egyptian,False,5,4000,2,exp1_permuted_src_datasets
81,1005.721716311,0.0,1738517118.0021963,,4.470348091700771e-09,1.0,0.001,1,16,40x40,PrototypicalNetwork,5,5,b-59-850,Egyptian,False,5,4000,2,exp1_permuted_src_datasets
82,1005.774342822,0.0,1738517118.0548372,,1.4901159417490817e-08,1.0,0.001,1,16,40x40,PrototypicalNetwork,5,5,b-59-850,Egyptian,False,5,4000,2,exp1_permuted_src_datasets
83,1005.833270752,0.0,1738517118.1137075,,1.4901158529312397e-08,1.0,0.001,1,16,40x40,PrototypicalNetwork,5,5,b-59-850,Egyptian,False,5,4000,2,exp1_permuted_src_datasets
84,1005.903393937,0.0,1738517118.1839066,,5.960464122267695e-09,1.0,0.001,1,16,40x40,PrototypicalNetwork,5,5,b-59-850,Egyptian,False,5,4000,2,exp1_permuted_src_datasets
85,1005.97816415,0.0,1738517118.2586393,,2.38418529363571e-08,1.0,0.001,1,16,40x40,PrototypicalNetwork,5,5,b-59-850,Egyptian,False,5,4000,2,exp1_permuted_src_datasets
86,1006.018347401,0.0,1738517118.2988267,,1.4901160305669237e-09,1.0,0.001,1,16,40x40,PrototypicalNetwork,5,5,b-59-850,Egyptian,False,5,4000,2,exp1_permuted_src_datasets
87,1006.061611363,0.0,1738517118.3421023,,1.3411042054656264e-08,1.0,0.001,1,16,40x40,PrototypicalNetwork,5,5,b-59-850,Egyptian,False,5,4000,2,exp1_permuted_src_datasets
88,1006.103607665,0.0,1738517118.3840976,,7.301564863837484e-08,1.0,0.001,1,16,40x40,PrototypicalNetwork,5,5,b-59-850,Egyptian,False,5,4000,2,exp1_permuted_src_datasets
89,1006.168510976,0.0,1738517118.4489794,,9.238711129455623e-08,1.0,0.001,1,16,40x40,PrototypicalNetwork,5,5,b-59-850,Egyptian,False,5,4000,2,exp1_permuted_src_datasets
90,1006.210502497,0.0,1738517118.4909642,,1.192092735635697e-08,1.0,0.001,1,16,40x40,PrototypicalNetwork,5,5,b-59-850,Egyptian,False,5,4000,2,exp1_permuted_src_datasets
91,1006.284242685,0.0,1738517118.5647254,,2.9802320611338473e-09,1.0,0.001,1,16,40x40,PrototypicalNetwork,5,5,b-59-850,Egyptian,False,5,4000,2,exp1_permuted_src_datasets
92,1006.336247447,0.0,1738517118.6166446,,7.4505792646561986e-09,1.0,0.001,1,16,40x40,PrototypicalNetwork,5,5,b-59-850,Egyptian,False,5,4000,2,exp1_permuted_src_datasets
93,1006.405069608,0.0,1738517118.6855369,,7.59957998752725e-08,1.0,0.001,1,16,40x40,PrototypicalNetwork,5,5,b-59-850,Egyptian,False,5,4000,2,exp1_permuted_src_datasets
94,1006.481006211,0.0,1738517118.761438,,3.5762759864610416e-08,1.0,0.001,1,16,40x40,PrototypicalNetwork,5,5,b-59-850,Egyptian,False,5,4000,2,exp1_permuted_src_datasets
95,1006.537278815,0.0,1738517118.8177586,,1.3411043831013103e-08,1.0,0.001,1,16,40x40,PrototypicalNetwork,5,5,b-59-850,Egyptian,False,5,4000,2,exp1_permuted_src_datasets
96,1006.593269265,0.0,1738517118.8737428,,2.682207878024201e-08,1.0,0.001,1,16,40x40,PrototypicalNetwork,5,5,b-59-850,Egyptian,False,5,4000,2,exp1_permuted_src_datasets
97,1006.648119862,0.0,1738517118.9285507,,1.4901160305669237e-09,1.0,0.001,1,16,40x40,PrototypicalNetwork,5,5,b-59-850,Egyptian,False,5,4000,2,exp1_permuted_src_datasets
98,1006.707376532,0.0,1738517118.987865,,8.046608712675152e-08,1.0,0.001,1,16,40x40,PrototypicalNetwork,5,5,b-59-850,Egyptian,False,5,4000,2,exp1_permuted_src_datasets
99,1006.760606488,0.0,1738517119.04108,,2.38418529363571e-08,1.0,0.001,1,16,40x40,PrototypicalNetwork,5,5,b-59-850,Egyptian,False,5,4000,2,exp1_permuted_src_datasets
100,1006.831255099,0.0,1738517119.1117132,,2.0861618210687993e-08,1.0,0.001,1,16,40x40,PrototypicalNetwork,5,5,b-59-850,Egyptian,False,5,4000,2,exp1_permuted_src_datasets
101,1006.880462604,0.0,1738517119.160928,,4.470348091700771e-09,1.0,0.001,1,16,40x40,PrototypicalNetwork,5,5,b-59-850,Egyptian,False,5,4000,2,exp1_permuted_src_datasets
102,1006.933402534,0.0,1738517119.2138836,,5.960464122267695e-09,1.0,0.001,1,16,40x40,PrototypicalNetwork,5,5,b-59-850,Egyptian,False,5,4000,2,exp1_permuted_src_datasets
103,1006.990350973,0.0,1738517119.2707686,,2.38418529363571e-08,1.0,0.001,1,16,40x40,PrototypicalNetwork,5,5,b-59-850,Egyptian,False,5,4000,2,exp1_permuted_src_datasets
104,1007.054570843,0.0,1738517119.3350449,,8.940694407044703e-09,1.0,0.001,1,16,40x40,PrototypicalNetwork,5,5,b-59-850,Egyptian,False,5,4000,2,exp1_permuted_src_datasets
105,1007.116763305,0.0,1738517119.3972297,,2.6822087662026206e-08,1.0,0.001,1,16,40x40,PrototypicalNetwork,5,5,b-59-850,Egyptian,False,5,4000,2,exp1_permuted_src_datasets
106,1007.158494612,0.0,1738517119.4389732,,7.599577145356307e-08,1.0,0.001,1,16,40x40,PrototypicalNetwork,5,5,b-59-850,Egyptian,False,5,4000,2,exp1_permuted_src_datasets
107,1007.22314662,0.0,1738517119.5035896,,1.4901160305669237e-09,1.0,0.001,1,16,40x40,PrototypicalNetwork,5,5,b-59-850,Egyptian,False,5,4000,2,exp1_permuted_src_datasets
108,1007.268694072,0.0,1738517119.549146,,1.192092824453539e-08,1.0,0.001,1,16,40x40,PrototypicalNetwork,5,5,b-59-850,Egyptian,False,5,4000,2,exp1_permuted_src_datasets
109,1007.319042713,0.0,1738517119.5995374,,1.4752113486338203e-07,1.0,0.001,1,16,40x40,PrototypicalNetwork,5,5,b-59-850,Egyptian,False,5,4000,2,exp1_permuted_src_datasets
110,1007.379271614,0.0,1738517119.6597617,,1.9371507065102378e-08,1.0,0.001,1,16,40x40,PrototypicalNetwork,5,5,b-59-850,Egyptian,False,5,4000,2,exp1_permuted_src_datasets
111,1007.452875512,0.0,1738517119.7333508,,2.3841845830929742e-08,1.0,0.001,1,16,40x40,PrototypicalNetwork,5,5,b-59-850,Egyptian,False,5,4000,2,exp1_permuted_src_datasets
112,1007.493942799,0.0,1738517119.7744033,,2.0861614657974314e-08,1.0,0.001,1,16,40x40,PrototypicalNetwork,5,5,b-59-850,Egyptian,False,5,4000,2,exp1_permuted_src_datasets
113,1007.540302916,0.0,1738517119.8207753,,1.0430808217165577e-08,1.0,0.001,1,16,40x40,PrototypicalNetwork,5,5,b-59-850,Egyptian,False,5,4000,2,exp1_permuted_src_datasets
114,1007.612110501,0.0,1738517119.8925793,,1.4901160305669237e-09,1.0,0.001,1,16,40x40,PrototypicalNetwork,5,5,b-59-850,Egyptian,False,5,4000,2,exp1_permuted_src_datasets
115,1007.682303512,0.0,1738517119.9627995,,6.854516954035716e-08,1.0,0.001,1,16,40x40,PrototypicalNetwork,5,5,b-59-850,Egyptian,False,5,4000,2,exp1_permuted_src_datasets
116,1007.746415779,0.0,1738517120.026893,,5.3644164665911376e-08,1.0,0.001,1,16,40x40,PrototypicalNetwork,5,5,b-59-850,Egyptian,False,5,4000,2,exp1_permuted_src_datasets
117,1007.807691183,0.0,1738517120.0881565,,2.8312195254898143e-08,1.0,0.001,1,16,40x40,PrototypicalNetwork,5,5,b-59-850,Egyptian,False,5,4000,2,exp1_permuted_src_datasets
118,1007.873052017,0.0,1738517120.1535244,,3.576277407546513e-08,1.0,0.001,1,16,40x40,PrototypicalNetwork,5,5,b-59-850,Egyptian,False,5,4000,2,exp1_permuted_src_datasets
119,1007.922379894,0.0,1738517120.2028527,,4.470348091700771e-09,1.0,0.001,1,16,40x40,PrototypicalNetwork,5,5,b-59-850,Egyptian,False,5,4000,2,exp1_permuted_src_datasets
120,1007.976118061,0.0,1738517120.2565901,,1.4901158529312397e-08,1.0,0.001,1,16,40x40,PrototypicalNetwork,5,5,b-59-850,Egyptian,False,5,4000,2,exp1_permuted_src_datasets
121,1008.016174225,0.0,1738517120.2966514,,7.4505797087454084e-09,1.0,0.001,1,16,40x40,PrototypicalNetwork,5,5,b-59-850,Egyptian,False,5,4000,2,exp1_permuted_src_datasets
122,1008.09591193,0.0,1738517120.3763804,,1.192092735635697e-08,1.0,0.001,1,16,40x40,PrototypicalNetwork,5,5,b-59-850,Egyptian,False,5,4000,2,exp1_permuted_src_datasets
123,1008.163460986,0.0,1738517120.4439328,,1.639127589214695e-08,1.0,0.001,1,16,40x40,PrototypicalNetwork,5,5,b-59-850,Egyptian,False,5,4000,2,exp1_permuted_src_datasets
124,1008.238840336,0.0,1738517120.519315,,8.940696183401542e-09,1.0,0.001,1,16,40x40,PrototypicalNetwork,5,5,b-59-850,Egyptian,False,5,4000,2,exp1_permuted_src_datasets
125,1008.29632443,0.0,1738517120.5767744,,5.960464122267695e-09,1.0,0.001,1,16,40x40,PrototypicalNetwork,5,5,b-59-850,Egyptian,False,5,4000,2,exp1_permuted_src_datasets
126,1008.363269021,0.0,1738517120.6437535,,4.470348091700771e-09,1.0,0.001,1,16,40x40,PrototypicalNetwork,5,5,b-59-850,Egyptian,False,5,4000,2,exp1_permuted_src_datasets
127,1524.322977252,0.0,1738517636.5604365,0.8665499997138977,,,0.001,1,16,40x40,PrototypicalNetwork,5,5,b-59-850,Egyptian,False,5,4000,2,exp1_permuted_src_datasets
128,1524.362439953,0.0,1738517636.6429074,,1.192092646817855e-08,1.0,0.001,1,16,40x40,PrototypicalNetwork,5,5,b-59-850,Egyptian,False,5,4000,2,exp1_permuted_src_datasets
129,1524.417931494,0.0,1738517636.6984165,,1.4901159417490817e-08,1.0,0.001,1,16,40x40,PrototypicalNetwork,5,5,b-59-850,Egyptian,False,5,4000,2,exp1_permuted_src_datasets
130,1524.462586376,0.0,1738517636.74304,,4.6193530778282366e-08,1.0,0.001,1,16,40x40,PrototypicalNetwork,5,5,b-59-850,Egyptian,False,5,4000,2,exp1_permuted_src_datasets
131,1524.52838448,0.0,1738517636.808831,,1.4901160305669237e-09,1.0,0.001,1,16,40x40,PrototypicalNetwork,5,5,b-59-850,Egyptian,False,5,4000,2,exp1_permuted_src_datasets
132,1524.588876063,0.0,1738517636.8693597,,1.192092735635697e-08,1.0,0.001,1,16,40x40,PrototypicalNetwork,5,5,b-59-850,Egyptian,False,5,4000,2,exp1_permuted_src_datasets
133,1524.646350156,0.0,1738517636.9268317,,1.4901160305669237e-09,1.0,0.001,1,16,40x40,PrototypicalNetwork,5,5,b-59-850,Egyptian,False,5,4000,2,exp1_permuted_src_datasets
134,1524.693313132,0.0,1738517636.973809,,1.0430811769879256e-08,1.0,0.001,1,16,40x40,PrototypicalNetwork,5,5,b-59-850,Egyptian,False,5,4000,2,exp1_permuted_src_datasets
135,1524.75060679,0.0,1738517637.0310771,,2.9802320611338473e-09,1.0,0.001,1,16,40x40,PrototypicalNetwork,5,5,b-59-850,Egyptian,False,5,4000,2,exp1_permuted_src_datasets
136,1524.832106169,0.0,1738517637.1125648,,1.0430811769879256e-08,1.0,0.001,1,16,40x40,PrototypicalNetwork,5,5,b-59-850,Egyptian,False,5,4000,2,exp1_permuted_src_datasets
137,1524.8834117870001,0.0,1738517637.1639137,,8.940681794911143e-08,1.0,0.001,1,16,40x40,PrototypicalNetwork,5,5,b-59-850,Egyptian,False,5,4000,2,exp1_permuted_src_datasets
138,1524.95681896,0.0,1738517637.2372417,,7.4505792646561986e-09,1.0,0.001,1,16,40x40,PrototypicalNetwork,5,5,b-59-850,Egyptian,False,5,4000,2,exp1_permuted_src_datasets
139,1525.018622627,0.0,1738517637.2991009,,2.9802320611338473e-09,1.0,0.001,1,16,40x40,PrototypicalNetwork,5,5,b-59-850,Egyptian,False,5,4000,2,exp1_permuted_src_datasets
140,1525.071156545,0.0,1738517637.351635,,7.4505797087454084e-09,1.0,0.001,1,16,40x40,PrototypicalNetwork,5,5,b-59-850,Egyptian,False,5,4000,2,exp1_permuted_src_datasets
141,1525.128979424,0.0,1738517637.4094455,,3.725288166833707e-08,1.0,0.001,1,16,40x40,PrototypicalNetwork,5,5,b-59-850,Egyptian,False,5,4000,2,exp1_permuted_src_datasets
142,1525.179110167,0.0,1738517637.4595861,,2.9802320611338473e-09,1.0,0.001,1,16,40x40,PrototypicalNetwork,5,5,b-59-850,Egyptian,False,5,4000,2,exp1_permuted_src_datasets
143,1525.253591482,0.0,1738517637.5340679,,0.0,1.0,0.001,1,16,40x40,PrototypicalNetwork,5,5,b-59-850,Egyptian,False,5,4000,2,exp1_permuted_src_datasets
144,1525.335925766,0.0,1738517637.616418,,2.2351738238057806e-08,1.0,0.001,1,16,40x40,PrototypicalNetwork,5,5,b-59-850,Egyptian,False,5,4000,2,exp1_permuted_src_datasets
145,1525.385274259,0.0,1738517637.6657743,,1.4901160305669237e-09,1.0,0.001,1,16,40x40,PrototypicalNetwork,5,5,b-59-850,Egyptian,False,5,4000,2,exp1_permuted_src_datasets
146,1525.452097266,0.0,1738517637.7325637,,1.0430811769879256e-08,1.0,0.001,1,16,40x40,PrototypicalNetwork,5,5,b-59-850,Egyptian,False,5,4000,2,exp1_permuted_src_datasets
147,1525.511112336,0.0,1738517637.791535,,1.639127589214695e-08,1.0,0.001,1,16,40x40,PrototypicalNetwork,5,5,b-59-850,Egyptian,False,5,4000,2,exp1_permuted_src_datasets
148,1525.591682524,0.0,1738517637.872151,,7.4505797087454084e-09,1.0,0.001,1,16,40x40,PrototypicalNetwork,5,5,b-59-850,Egyptian,False,5,4000,2,exp1_permuted_src_datasets
149,1525.646573284,0.0,1738517637.9270546,,5.960464122267695e-09,1.0,0.001,1,16,40x40,PrototypicalNetwork,5,5,b-59-850,Egyptian,False,5,4000,2,exp1_permuted_src_datasets
150,1525.717409288,0.0,1738517637.9978292,,2.9802318390892424e-09,1.0,0.001,1,16,40x40,PrototypicalNetwork,5,5,b-59-850,Egyptian,False,5,4000,2,exp1_permuted_src_datasets
151,1525.760692274,0.0,1738517638.0411804,,1.4901160305669237e-09,1.0,0.001,1,16,40x40,PrototypicalNetwork,5,5,b-59-850,Egyptian,False,5,4000,2,exp1_permuted_src_datasets
152,1525.837308961,0.0,1738517638.117794,,1.3411042054656264e-08,1.0,0.001,1,16,40x40,PrototypicalNetwork,5,5,b-59-850,Egyptian,False,5,4000,2,exp1_permuted_src_datasets
153,1525.902515419,0.0,1738517638.1830025,,1.4901158529312397e-08,1.0,0.001,1,16,40x40,PrototypicalNetwork,5,5,b-59-850,Egyptian,False,5,4000,2,exp1_permuted_src_datasets
154,1525.956009488,0.0,1738517638.23645,,1.3411043831013103e-08,1.0,0.001,1,16,40x40,PrototypicalNetwork,5,5,b-59-850,Egyptian,False,5,4000,2,exp1_permuted_src_datasets
155,1526.009350484,0.0,1738517638.2898493,,7.4505797087454084e-09,1.0,0.001,1,16,40x40,PrototypicalNetwork,5,5,b-59-850,Egyptian,False,5,4000,2,exp1_permuted_src_datasets
156,1526.050690849,0.0,1738517638.3311877,,9.685736301889847e-08,1.0,0.001,1,16,40x40,PrototypicalNetwork,5,5,b-59-850,Egyptian,False,5,4000,2,exp1_permuted_src_datasets
157,1526.122684309,0.0,1738517638.4031615,,2.0861614657974314e-08,1.0,0.001,1,16,40x40,PrototypicalNetwork,5,5,b-59-850,Egyptian,False,5,4000,2,exp1_permuted_src_datasets
158,1526.169152637,0.0,1738517638.4496508,,4.3213308487111135e-08,1.0,0.001,1,16,40x40,PrototypicalNetwork,5,5,b-59-850,Egyptian,False,5,4000,2,exp1_permuted_src_datasets
159,1526.238089927,0.0,1738517638.5185094,,8.940696183401542e-09,1.0,0.001,1,16,40x40,PrototypicalNetwork,5,5,b-59-850,Egyptian,False,5,4000,2,exp1_permuted_src_datasets
160,1526.29824484,0.0,1738517638.5787246,,1.4901160305669237e-09,1.0,0.001,1,16,40x40,PrototypicalNetwork,5,5,b-59-850,Egyptian,False,5,4000,2,exp1_permuted_src_datasets
161,1526.339093923,0.0,1738517638.619594,,1.0430811769879256e-08,1.0,0.001,1,16,40x40,PrototypicalNetwork,5,5,b-59-850,Egyptian,False,5,4000,2,exp1_permuted_src_datasets
162,1526.378170319,0.0,1738517638.6586616,,2.9802320611338473e-09,1.0,0.001,1,16,40x40,PrototypicalNetwork,5,5,b-59-850,Egyptian,False,5,4000,2,exp1_permuted_src_datasets
163,1526.426298964,0.0,1738517638.706782,,4.470348091700771e-09,1.0,0.001,1,16,40x40,PrototypicalNetwork,5,5,b-59-850,Egyptian,False,5,4000,2,exp1_permuted_src_datasets
164,1526.473237926,0.0,1738517638.7537003,,4.470348091700771e-09,1.0,0.001,1,16,40x40,PrototypicalNetwork,5,5,b-59-850,Egyptian,False,5,4000,2,exp1_permuted_src_datasets
165,1526.526701105,0.0,1738517638.807184,,7.4505797087454084e-09,1.0,0.001,1,16,40x40,PrototypicalNetwork,5,5,b-59-850,Egyptian,False,5,4000,2,exp1_permuted_src_datasets
166,1526.565262126,0.0,1738517638.8457634,,1.3411041166477844e-08,1.0,0.001,1,16,40x40,PrototypicalNetwork,5,5,b-59-850,Egyptian,False,5,4000,2,exp1_permuted_src_datasets
167,1526.606862735,0.0,1738517638.8873484,,2.9802320611338473e-09,1.0,0.001,1,16,40x40,PrototypicalNetwork,5,5,b-59-850,Egyptian,False,5,4000,2,exp1_permuted_src_datasets
168,1526.683209341,0.0,1738517638.9637017,,1.4901160305669237e-09,1.0,0.001,1,16,40x40,PrototypicalNetwork,5,5,b-59-850,Egyptian,False,5,4000,2,exp1_permuted_src_datasets
169,1526.749578958,0.0,1738517639.0300689,,8.940695295223122e-09,1.0,0.001,1,16,40x40,PrototypicalNetwork,5,5,b-59-850,Egyptian,False,5,4000,2,exp1_permuted_src_datasets
170,1526.796350536,0.0,1738517639.076836,,5.960463234089275e-09,1.0,0.001,1,16,40x40,PrototypicalNetwork,5,5,b-59-850,Egyptian,False,5,4000,2,exp1_permuted_src_datasets
171,1526.872025964,0.0,1738517639.1524065,,0.0,1.0,0.001,1,16,40x40,PrototypicalNetwork,5,5,b-59-850,Egyptian,False,5,4000,2,exp1_permuted_src_datasets
172,1526.934867458,0.0,1738517639.2153513,,1.0430810881700836e-08,1.0,0.001,1,16,40x40,PrototypicalNetwork,5,5,b-59-850,Egyptian,False,5,4000,2,exp1_permuted_src_datasets
173,1526.985569136,0.0,1738517639.266059,,6.705509747462202e-08,1.0,0.001,1,16,40x40,PrototypicalNetwork,5,5,b-59-850,Egyptian,False,5,4000,2,exp1_permuted_src_datasets
174,1527.069878795,0.0,1738517639.3503847,,1.4901158529312397e-08,1.0,0.001,1,16,40x40,PrototypicalNetwork,5,5,b-59-850,Egyptian,False,5,4000,2,exp1_permuted_src_datasets
175,1527.124946508,0.0,1738517639.405438,,4.470347647611561e-09,1.0,0.001,1,16,40x40,PrototypicalNetwork,5,5,b-59-850,Egyptian,False,5,4000,2,exp1_permuted_src_datasets
176,1527.174408431,0.0,1738517639.454881,,2.9802320611338473e-09,1.0,0.001,1,16,40x40,PrototypicalNetwork,5,5,b-59-850,Egyptian,False,5,4000,2,exp1_permuted_src_datasets
177,1527.23546894,0.0,1738517639.5159113,,3.5762763417324095e-08,1.0,0.001,1,16,40x40,PrototypicalNetwork,5,5,b-59-850,Egyptian,False,5,4000,2,exp1_permuted_src_datasets
178,1527.30119721,0.0,1738517639.581664,,7.4505797087454084e-09,1.0,0.001,1,16,40x40,PrototypicalNetwork,5,5,b-59-850,Egyptian,False,5,4000,2,exp1_permuted_src_datasets
179,1527.379748304,0.0,1738517639.6602304,,5.960463678178485e-09,1.0,0.001,1,16,40x40,PrototypicalNetwork,5,5,b-59-850,Egyptian,False,5,4000,2,exp1_permuted_src_datasets
180,1527.449777958,0.0,1738517639.730305,,2.5331971187370073e-08,1.0,0.001,1,16,40x40,PrototypicalNetwork,5,5,b-59-850,Egyptian,False,5,4000,2,exp1_permuted_src_datasets
181,1527.529160872,0.0,1738517639.8096542,,3.57627456537557e-08,1.0,0.001,1,16,40x40,PrototypicalNetwork,5,5,b-59-850,Egyptian,False,5,4000,2,exp1_permuted_src_datasets
182,1527.580997315,0.0,1738517639.8614852,,8.940695295223122e-09,1.0,0.001,1,16,40x40,PrototypicalNetwork,5,5,b-59-850,Egyptian,False,5,4000,2,exp1_permuted_src_datasets
183,1527.653808559,0.0,1738517639.9342823,,1.4901160305669237e-09,1.0,0.001,1,16,40x40,PrototypicalNetwork,5,5,b-59-850,Egyptian,False,5,4000,2,exp1_permuted_src_datasets
184,1527.69535477,0.0,1738517639.9758427,,2.9802320611338473e-09,1.0,0.001,1,16,40x40,PrototypicalNetwork,5,5,b-59-850,Egyptian,False,5,4000,2,exp1_permuted_src_datasets
185,1527.737549931,0.0,1738517640.0180957,,0.0,1.0,0.001,1,16,40x40,PrototypicalNetwork,5,5,b-59-850,Egyptian,False,5,4000,2,exp1_permuted_src_datasets
186,1527.809686214,0.0,1738517640.0901694,,5.960463678178485e-09,1.0,0.001,1,16,40x40,PrototypicalNetwork,5,5,b-59-850,Egyptian,False,5,4000,2,exp1_permuted_src_datasets
187,1527.850290094,0.0,1738517640.1307893,,2.5331967634656394e-08,1.0,0.001,1,16,40x40,PrototypicalNetwork,5,5,b-59-850,Egyptian,False,5,4000,2,exp1_permuted_src_datasets
188,1527.900395792,0.0,1738517640.1809144,,0.0,1.0,0.001,1,16,40x40,PrototypicalNetwork,5,5,b-59-850,Egyptian,False,5,4000,2,exp1_permuted_src_datasets
189,1527.964672554,0.0,1738517640.2451634,,2.384185471271394e-08,1.0,0.001,1,16,40x40,PrototypicalNetwork,5,5,b-59-850,Egyptian,False,5,4000,2,exp1_permuted_src_datasets
190,2092.518798939,0.0,1738518204.75918,0.8697499980926514,,,0.001,1,16,40x40,PrototypicalNetwork,5,5,b-59-850,Egyptian,False,5,4000,2,exp1_permuted_src_datasets
191,2092.573175059,0.0,1738518204.8536177,,8.940695295223122e-09,1.0,0.001,1,16,40x40,PrototypicalNetwork,5,5,b-59-850,Egyptian,False,5,4000,2,exp1_permuted_src_datasets
192,2092.679292432,0.0,1738518204.95972,,0.0,1.0,0.001,1,16,40x40,PrototypicalNetwork,5,5,b-59-850,Egyptian,False,5,4000,2,exp1_permuted_src_datasets
193,2092.757411812,0.0,1738518205.037904,,8.940696183401542e-09,1.0,0.001,1,16,40x40,PrototypicalNetwork,5,5,b-59-850,Egyptian,False,5,4000,2,exp1_permuted_src_datasets
194,2092.892357178,0.0,1738518205.1727214,,4.619356985813283e-08,1.0,0.001,1,16,40x40,PrototypicalNetwork,5,5,b-59-850,Egyptian,False,5,4000,2,exp1_permuted_src_datasets
195,2092.959284974,0.0,1738518205.239753,,8.940694407044703e-09,1.0,0.001,1,16,40x40,PrototypicalNetwork,5,5,b-59-850,Egyptian,False,5,4000,2,exp1_permuted_src_datasets
196,2093.055456636,0.0,1738518205.335828,,1.4901160305669237e-09,1.0,0.001,1,16,40x40,PrototypicalNetwork,5,5,b-59-850,Egyptian,False,5,4000,2,exp1_permuted_src_datasets
197,2093.156372851,0.0,1738518205.436738,,5.960464122267695e-09,1.0,0.001,1,16,40x40,PrototypicalNetwork,5,5,b-59-850,Egyptian,False,5,4000,2,exp1_permuted_src_datasets
198,2093.225363494,0.0,1738518205.5057735,,0.0,1.0,0.001,1,16,40x40,PrototypicalNetwork,5,5,b-59-850,Egyptian,False,5,4000,2,exp1_permuted_src_datasets
199,2093.301383159,0.0,1738518205.5818784,,2.9802320611338473e-09,1.0,0.001,1,16,40x40,PrototypicalNetwork,5,5,b-59-850,Egyptian,False,5,4000,2,exp1_permuted_src_datasets
200,2093.363161513,0.0,1738518205.6436384,,1.4901160305669237e-09,1.0,0.001,1,16,40x40,PrototypicalNetwork,5,5,b-59-850,Egyptian,False,5,4000,2,exp1_permuted_src_datasets
201,2093.409116663,0.0,1738518205.6896172,,1.4901158529312397e-08,1.0,0.001,1,16,40x40,PrototypicalNetwork,5,5,b-59-850,Egyptian,False,5,4000,2,exp1_permuted_src_datasets
202,2093.465832577,0.0,1738518205.746325,,1.8626317910275247e-07,1.0,0.001,1,16,40x40,PrototypicalNetwork,5,5,b-59-850,Egyptian,False,5,4000,2,exp1_permuted_src_datasets
203,2093.520420584,0.0,1738518205.8009007,,2.38418529363571e-08,1.0,0.001,1,16,40x40,PrototypicalNetwork,5,5,b-59-850,Egyptian,False,5,4000,2,exp1_permuted_src_datasets
204,2093.624163078,0.0,1738518205.9045746,,2.9802320611338473e-09,1.0,0.001,1,16,40x40,PrototypicalNetwork,5,5,b-59-850,Egyptian,False,5,4000,2,exp1_permuted_src_datasets
205,2093.706780574,0.0,1738518205.987207,,1.3411039390121005e-08,1.0,0.001,1,16,40x40,PrototypicalNetwork,5,5,b-59-850,Egyptian,False,5,4000,2,exp1_permuted_src_datasets
206,2093.747926226,0.0,1738518206.0283518,,7.4505797087454084e-09,1.0,0.001,1,16,40x40,PrototypicalNetwork,5,5,b-59-850,Egyptian,False,5,4000,2,exp1_permuted_src_datasets
207,2093.81464024,0.0,1738518206.095151,,8.940696183401542e-09,1.0,0.001,1,16,40x40,PrototypicalNetwork,5,5,b-59-850,Egyptian,False,5,4000,2,exp1_permuted_src_datasets
208,2093.88031292,0.0,1738518206.1607826,,8.940696183401542e-09,1.0,0.001,1,16,40x40,PrototypicalNetwork,5,5,b-59-850,Egyptian,False,5,4000,2,exp1_permuted_src_datasets
209,2093.934696885,0.0,1738518206.2151923,,0.0,1.0,0.001,1,16,40x40,PrototypicalNetwork,5,5,b-59-850,Egyptian,False,5,4000,2,exp1_permuted_src_datasets
210,2093.999041509,0.0,1738518206.2795267,,1.0430810881700836e-08,1.0,0.001,1,16,40x40,PrototypicalNetwork,5,5,b-59-850,Egyptian,False,5,4000,2,exp1_permuted_src_datasets
211,2094.066890468,0.0,1738518206.3473368,,1.192092646817855e-08,1.0,0.001,1,16,40x40,PrototypicalNetwork,5,5,b-59-850,Egyptian,False,5,4000,2,exp1_permuted_src_datasets
212,2094.164372364,0.0,1738518206.4448647,,0.0,1.0,0.001,1,16,40x40,PrototypicalNetwork,5,5,b-59-850,Egyptian,False,5,4000,2,exp1_permuted_src_datasets
213,2094.26462871,0.0,1738518206.5450811,,1.9371507065102378e-08,1.0,0.001,1,16,40x40,PrototypicalNetwork,5,5,b-59-850,Egyptian,False,5,4000,2,exp1_permuted_src_datasets
214,2094.341398101,0.0,1738518206.6218097,,2.9802320611338473e-09,1.0,0.001,1,16,40x40,PrototypicalNetwork,5,5,b-59-850,Egyptian,False,5,4000,2,exp1_permuted_src_datasets
215,2094.406584074,0.0,1738518206.6870663,,7.4505792646561986e-09,1.0,0.001,1,16,40x40,PrototypicalNetwork,5,5,b-59-850,Egyptian,False,5,4000,2,exp1_permuted_src_datasets
216,2094.47910817,0.0,1738518206.7596157,,3.42726487190248e-08,1.0,0.001,1,16,40x40,PrototypicalNetwork,5,5,b-59-850,Egyptian,False,5,4000,2,exp1_permuted_src_datasets
217,2094.556295409,0.0,1738518206.8367686,,1.639127411579011e-08,1.0,0.001,1,16,40x40,PrototypicalNetwork,5,5,b-59-850,Egyptian,False,5,4000,2,exp1_permuted_src_datasets
218,2094.633653304,0.0,1738518206.9141178,,1.0430811769879256e-08,1.0,0.001,1,16,40x40,PrototypicalNetwork,5,5,b-59-850,Egyptian,False,5,4000,2,exp1_permuted_src_datasets
219,2094.74182908,0.0,1738518207.0222518,,4.470347647611561e-09,1.0,0.001,1,16,40x40,PrototypicalNetwork,5,5,b-59-850,Egyptian,False,5,4000,2,exp1_permuted_src_datasets
220,2094.839213432,0.0,1738518207.1196296,,8.940696183401542e-09,1.0,0.001,1,16,40x40,PrototypicalNetwork,5,5,b-59-850,Egyptian,False,5,4000,2,exp1_permuted_src_datasets
221,2094.92218002,0.0,1738518207.2026231,,7.4505797087454084e-09,1.0,0.001,1,16,40x40,PrototypicalNetwork,5,5,b-59-850,Egyptian,False,5,4000,2,exp1_permuted_src_datasets
222,2094.989004809,0.0,1738518207.269513,,1.3411043831013103e-08,1.0,0.001,1,16,40x40,PrototypicalNetwork,5,5,b-59-850,Egyptian,False,5,4000,2,exp1_permuted_src_datasets
223,2095.067714701,0.0,1738518207.348148,,4.470348091700771e-09,1.0,0.001,1,16,40x40,PrototypicalNetwork,5,5,b-59-850,Egyptian,False,5,4000,2,exp1_permuted_src_datasets
224,2095.138728548,0.0,1738518207.419183,,8.940695295223122e-09,1.0,0.001,1,16,40x40,PrototypicalNetwork,5,5,b-59-850,Egyptian,False,5,4000,2,exp1_permuted_src_datasets
225,2095.203809753,0.0,1738518207.4842436,,0.0,1.0,0.001,1,16,40x40,PrototypicalNetwork,5,5,b-59-850,Egyptian,False,5,4000,2,exp1_permuted_src_datasets
226,2095.327921104,0.0,1738518207.6083643,,1.4901158529312397e-08,1.0,0.001,1,16,40x40,PrototypicalNetwork,5,5,b-59-850,Egyptian,False,5,4000,2,exp1_permuted_src_datasets
227,2095.436497999,0.0,1738518207.7169812,,1.4901160305669237e-09,1.0,0.001,1,16,40x40,PrototypicalNetwork,5,5,b-59-850,Egyptian,False,5,4000,2,exp1_permuted_src_datasets
228,2095.550375989,0.0,1738518207.8307831,,7.4505797087454084e-09,1.0,0.001,1,16,40x40,PrototypicalNetwork,5,5,b-59-850,Egyptian,False,5,4000,2,exp1_permuted_src_datasets
229,2095.677697712,0.0,1738518207.9581087,,8.940695295223122e-09,1.0,0.001,1,16,40x40,PrototypicalNetwork,5,5,b-59-850,Egyptian,False,5,4000,2,exp1_permuted_src_datasets
230,2095.822118511,0.0,1738518208.1025279,,8.940694407044703e-09,1.0,0.001,1,16,40x40,PrototypicalNetwork,5,5,b-59-850,Egyptian,False,5,4000,2,exp1_permuted_src_datasets
231,2095.900737447,0.0,1738518208.1812098,,8.940696183401542e-09,1.0,0.001,1,16,40x40,PrototypicalNetwork,5,5,b-59-850,Egyptian,False,5,4000,2,exp1_permuted_src_datasets
232,2096.007500406,0.0,1738518208.287939,,2.9802320611338473e-09,1.0,0.001,1,16,40x40,PrototypicalNetwork,5,5,b-59-850,Egyptian,False,5,4000,2,exp1_permuted_src_datasets
233,2096.069800537,0.0,1738518208.3502483,,8.940696183401542e-09,1.0,0.001,1,16,40x40,PrototypicalNetwork,5,5,b-59-850,Egyptian,False,5,4000,2,exp1_permuted_src_datasets
234,2096.14991834,0.0,1738518208.4303882,,0.0,1.0,0.001,1,16,40x40,PrototypicalNetwork,5,5,b-59-850,Egyptian,False,5,4000,2,exp1_permuted_src_datasets
235,2096.223242927,0.0,1738518208.5037112,,2.9802320611338473e-09,1.0,0.001,1,16,40x40,PrototypicalNetwork,5,5,b-59-850,Egyptian,False,5,4000,2,exp1_permuted_src_datasets
236,2096.339337941,0.0,1738518208.6197493,,4.470348091700771e-09,1.0,0.001,1,16,40x40,PrototypicalNetwork,5,5,b-59-850,Egyptian,False,5,4000,2,exp1_permuted_src_datasets
237,2096.456210762,0.0,1738518208.7366195,,1.9371507065102378e-08,1.0,0.001,1,16,40x40,PrototypicalNetwork,5,5,b-59-850,Egyptian,False,5,4000,2,exp1_permuted_src_datasets
238,2096.540760123,0.0,1738518208.8211799,,4.470348091700771e-09,1.0,0.001,1,16,40x40,PrototypicalNetwork,5,5,b-59-850,Egyptian,False,5,4000,2,exp1_permuted_src_datasets
239,2096.626110562,0.0,1738518208.9065855,,2.9802320611338473e-09,1.0,0.001,1,16,40x40,PrototypicalNetwork,5,5,b-59-850,Egyptian,False,5,4000,2,exp1_permuted_src_datasets
240,2096.705325883,0.0,1738518208.9858088,,4.470348091700771e-09,1.0,0.001,1,16,40x40,PrototypicalNetwork,5,5,b-59-850,Egyptian,False,5,4000,2,exp1_permuted_src_datasets
241,2096.743705373,0.0,1738518209.024211,,5.960464122267695e-09,1.0,0.001,1,16,40x40,PrototypicalNetwork,5,5,b-59-850,Egyptian,False,5,4000,2,exp1_permuted_src_datasets
242,2096.791186001,0.0,1738518209.0716321,,1.7881387037732566e-08,1.0,0.001,1,16,40x40,PrototypicalNetwork,5,5,b-59-850,Egyptian,False,5,4000,2,exp1_permuted_src_datasets
243,2096.863187286,0.0,1738518209.1436682,,1.0430811769879256e-08,1.0,0.001,1,16,40x40,PrototypicalNetwork,5,5,b-59-850,Egyptian,False,5,4000,2,exp1_permuted_src_datasets
244,2096.95364618,0.0,1738518209.2341127,,1.4901160305669237e-09,1.0,0.001,1,16,40x40,PrototypicalNetwork,5,5,b-59-850,Egyptian,False,5,4000,2,exp1_permuted_src_datasets
245,2097.035412654,0.0,1738518209.315907,,1.490115231206346e-08,1.0,0.001,1,16,40x40,PrototypicalNetwork,5,5,b-59-850,Egyptian,False,5,4000,2,exp1_permuted_src_datasets
246,2097.106954546,0.0,1738518209.3874376,,2.384184938364342e-08,1.0,0.001,1,16,40x40,PrototypicalNetwork,5,5,b-59-850,Egyptian,False,5,4000,2,exp1_permuted_src_datasets
247,2097.18319659,0.0,1738518209.4636831,,4.470348091700771e-09,1.0,0.001,1,16,40x40,PrototypicalNetwork,5,5,b-59-850,Egyptian,False,5,4000,2,exp1_permuted_src_datasets
248,2097.227273746,0.0,1738518209.5077794,,1.7881390590446244e-08,1.0,0.001,1,16,40x40,PrototypicalNetwork,5,5,b-59-850,Egyptian,False,5,4000,2,exp1_permuted_src_datasets
249,2097.296062064,0.0,1738518209.5765457,,1.0430811769879256e-08,1.0,0.001,1,16,40x40,PrototypicalNetwork,5,5,b-59-850,Egyptian,False,5,4000,2,exp1_permuted_src_datasets
250,2097.382526993,0.0,1738518209.6629055,,1.192092646817855e-08,1.0,0.001,1,16,40x40,PrototypicalNetwork,5,5,b-59-850,Egyptian,False,5,4000,2,exp1_permuted_src_datasets
251,2097.458009835,0.0,1738518209.7384198,,1.4901160305669237e-09,1.0,0.001,1,16,40x40,PrototypicalNetwork,5,5,b-59-850,Egyptian,False,5,4000,2,exp1_permuted_src_datasets
252,2097.537174372,0.0,1738518209.817615,,0.0,1.0,0.001,1,16,40x40,PrototypicalNetwork,5,5,b-59-850,Egyptian,False,5,4000,2,exp1_permuted_src_datasets
253,2685.302812699,0.0,1738518797.5394325,0.8674500000476837,,,0.001,1,16,40x40,PrototypicalNetwork,5,5,b-59-850,Egyptian,False,5,4000,2,exp1_permuted_src_datasets
254,2685.336034904,0.0,1738518797.6165097,,1.4901160305669237e-09,1.0,0.001,1,16,40x40,PrototypicalNetwork,5,5,b-59-850,Egyptian,False,5,4000,2,exp1_permuted_src_datasets
255,2685.426733885,0.0,1738518797.7071838,,1.7881387037732566e-08,1.0,0.001,1,16,40x40,PrototypicalNetwork,5,5,b-59-850,Egyptian,False,5,4000,2,exp1_permuted_src_datasets
256,2685.489359622,0.0,1738518797.769801,,2.831220058396866e-08,1.0,0.001,1,16,40x40,PrototypicalNetwork,5,5,b-59-850,Egyptian,False,5,4000,2,exp1_permuted_src_datasets
257,2685.560844463,0.0,1738518797.8413258,,1.4901160305669237e-09,1.0,0.001,1,16,40x40,PrototypicalNetwork,5,5,b-59-850,Egyptian,False,5,4000,2,exp1_permuted_src_datasets
258,2685.661775567,0.0,1738518797.9421923,,1.192092646817855e-08,1.0,0.001,1,16,40x40,PrototypicalNetwork,5,5,b-59-850,Egyptian,False,5,4000,2,exp1_permuted_src_datasets
259,2685.727409305,0.0,1738518798.007858,,1.0430811769879256e-08,1.0,0.001,1,16,40x40,PrototypicalNetwork,5,5,b-59-850,Egyptian,False,5,4000,2,exp1_permuted_src_datasets
260,2685.803055682,0.0,1738518798.0834944,,1.4901160305669237e-09,1.0,0.001,1,16,40x40,PrototypicalNetwork,5,5,b-59-850,Egyptian,False,5,4000,2,exp1_permuted_src_datasets
261,2685.902830993,0.0,1738518798.1832592,,5.960464122267695e-09,1.0,0.001,1,16,40x40,PrototypicalNetwork,5,5,b-59-850,Egyptian,False,5,4000,2,exp1_permuted_src_datasets
262,2685.999389778,0.0,1738518798.279731,,5.960463678178485e-09,1.0,0.001,1,16,40x40,PrototypicalNetwork,5,5,b-59-850,Egyptian,False,5,4000,2,exp1_permuted_src_datasets
263,2686.101754487,0.0,1738518798.3820772,,1.0430811769879256e-08,1.0,0.001,1,16,40x40,PrototypicalNetwork,5,5,b-59-850,Egyptian,False,5,4000,2,exp1_permuted_src_datasets
264,2686.191213034,0.0,1738518798.4716747,,5.513427936421067e-08,1.0,0.001,1,16,40x40,PrototypicalNetwork,5,5,b-59-850,Egyptian,False,5,4000,2,exp1_permuted_src_datasets
265,2686.28809367,0.0,1738518798.5685658,,1.4901160305669237e-09,1.0,0.001,1,16,40x40,PrototypicalNetwork,5,5,b-59-850,Egyptian,False,5,4000,2,exp1_permuted_src_datasets
266,2686.382211343,0.0,1738518798.662625,,8.940696183401542e-09,1.0,0.001,1,16,40x40,PrototypicalNetwork,5,5,b-59-850,Egyptian,False,5,4000,2,exp1_permuted_src_datasets
267,2686.483052712,0.0,1738518798.7635088,,1.3411042054656264e-08,1.0,0.001,1,16,40x40,PrototypicalNetwork,5,5,b-59-850,Egyptian,False,5,4000,2,exp1_permuted_src_datasets
268,2686.597278395,0.0,1738518798.8776865,,1.4901160305669237e-09,1.0,0.001,1,16,40x40,PrototypicalNetwork,5,5,b-59-850,Egyptian,False,5,4000,2,exp1_permuted_src_datasets
269,2686.692796456,0.0,1738518798.9732382,,5.960464122267695e-09,1.0,0.001,1,16,40x40,PrototypicalNetwork,5,5,b-59-850,Egyptian,False,5,4000,2,exp1_permuted_src_datasets
270,2686.780096935,0.0,1738518799.0605416,,1.3411042054656264e-08,1.0,0.001,1,16,40x40,PrototypicalNetwork,5,5,b-59-850,Egyptian,False,5,4000,2,exp1_permuted_src_datasets
271,2686.887823531,0.0,1738518799.1682045,,3.129242998056725e-08,1.0,0.001,1,16,40x40,PrototypicalNetwork,5,5,b-59-850,Egyptian,False,5,4000,2,exp1_permuted_src_datasets
272,2687.01503444,0.0,1738518799.29545,,9.983752846665084e-08,1.0,0.001,1,16,40x40,PrototypicalNetwork,5,5,b-59-850,Egyptian,False,5,4000,2,exp1_permuted_src_datasets
273,2687.119870042,0.0,1738518799.400325,,2.9802320611338473e-09,1.0,0.001,1,16,40x40,PrototypicalNetwork,5,5,b-59-850,Egyptian,False,5,4000,2,exp1_permuted_src_datasets
274,2687.210601325,0.0,1738518799.4910827,,0.0,1.0,0.001,1,16,40x40,PrototypicalNetwork,5,5,b-59-850,Egyptian,False,5,4000,2,exp1_permuted_src_datasets
275,2687.31799194,0.0,1738518799.5984204,,2.9802320611338473e-09,1.0,0.001,1,16,40x40,PrototypicalNetwork,5,5,b-59-850,Egyptian,False,5,4000,2,exp1_permuted_src_datasets
276,2687.428067428,0.0,1738518799.7084713,,2.9802320611338473e-09,1.0,0.001,1,16,40x40,PrototypicalNetwork,5,5,b-59-850,Egyptian,False,5,4000,2,exp1_permuted_src_datasets
277,2687.551343797,0.0,1738518799.831779,,8.940693518866283e-09,1.0,0.001,1,16,40x40,PrototypicalNetwork,5,5,b-59-850,Egyptian,False,5,4000,2,exp1_permuted_src_datasets
278,2687.628357816,0.0,1738518799.9088182,,0.0,1.0,0.001,1,16,40x40,PrototypicalNetwork,5,5,b-59-850,Egyptian,False,5,4000,2,exp1_permuted_src_datasets
279,2687.734277578,0.0,1738518800.014681,,2.9802320611338473e-09,1.0,0.001,1,16,40x40,PrototypicalNetwork,5,5,b-59-850,Egyptian,False,5,4000,2,exp1_permuted_src_datasets
280,2687.833593041,0.0,1738518800.1140084,,2.9802308176840597e-08,1.0,0.001,1,16,40x40,PrototypicalNetwork,5,5,b-59-850,Egyptian,False,5,4000,2,exp1_permuted_src_datasets
281,2687.922155673,0.0,1738518800.2025511,,7.4505797087454084e-09,1.0,0.001,1,16,40x40,PrototypicalNetwork,5,5,b-59-850,Egyptian,False,5,4000,2,exp1_permuted_src_datasets
282,2688.022018874,0.0,1738518800.3024745,,4.470348091700771e-09,1.0,0.001,1,16,40x40,PrototypicalNetwork,5,5,b-59-850,Egyptian,False,5,4000,2,exp1_permuted_src_datasets
283,2688.094663979,0.0,1738518800.375118,,2.9802318390892424e-09,1.0,0.001,1,16,40x40,PrototypicalNetwork,5,5,b-59-850,Egyptian,False,5,4000,2,exp1_permuted_src_datasets
284,2688.162721611,0.0,1738518800.4431622,,8.940695295223122e-09,1.0,0.001,1,16,40x40,PrototypicalNetwork,5,5,b-59-850,Egyptian,False,5,4000,2,exp1_permuted_src_datasets
285,2688.274378911,0.0,1738518800.5548372,,1.192092735635697e-08,1.0,0.001,1,16,40x40,PrototypicalNetwork,5,5,b-59-850,Egyptian,False,5,4000,2,exp1_permuted_src_datasets
286,2688.375926497,0.0,1738518800.6563377,,0.0,1.0,0.001,1,16,40x40,PrototypicalNetwork,5,5,b-59-850,Egyptian,False,5,4000,2,exp1_permuted_src_datasets
287,2688.486551975,0.0,1738518800.7669885,,4.917379214930406e-08,1.0,0.001,1,16,40x40,PrototypicalNetwork,5,5,b-59-850,Egyptian,False,5,4000,2,exp1_permuted_src_datasets
288,2688.563318984,0.0,1738518800.8437793,,6.70551330017588e-08,1.0,0.001,1,16,40x40,PrototypicalNetwork,5,5,b-59-850,Egyptian,False,5,4000,2,exp1_permuted_src_datasets
289,2688.647262611,0.0,1738518800.9277081,,1.4901160305669237e-09,1.0,0.001,1,16,40x40,PrototypicalNetwork,5,5,b-59-850,Egyptian,False,5,4000,2,exp1_permuted_src_datasets
290,2688.725852544,0.0,1738518801.006339,,6.705516142346823e-08,1.0,0.001,1,16,40x40,PrototypicalNetwork,5,5,b-59-850,Egyptian,False,5,4000,2,exp1_permuted_src_datasets
291,2688.786068133,0.0,1738518801.0665376,,0.0,1.0,0.001,1,16,40x40,PrototypicalNetwork,5,5,b-59-850,Egyptian,False,5,4000,2,exp1_permuted_src_datasets
292,2688.841567649,0.0,1738518801.1220436,,1.0430811769879256e-08,1.0,0.001,1,16,40x40,PrototypicalNetwork,5,5,b-59-850,Egyptian,False,5,4000,2,exp1_permuted_src_datasets
293,2688.933188327,0.0,1738518801.2136605,,2.0861619987044833e-08,1.0,0.001,1,16,40x40,PrototypicalNetwork,5,5,b-59-850,Egyptian,False,5,4000,2,exp1_permuted_src_datasets
294,2689.019051254,0.0,1738518801.2995234,,8.940696183401542e-09,1.0,0.001,1,16,40x40,PrototypicalNetwork,5,5,b-59-850,Egyptian,False,5,4000,2,exp1_permuted_src_datasets
295,2689.110514385,0.0,1738518801.3909996,,0.0,1.0,0.001,1,16,40x40,PrototypicalNetwork,5,5,b-59-850,Egyptian,False,5,4000,2,exp1_permuted_src_datasets
296,2689.192953846,0.0,1738518801.473425,,4.470348091700771e-09,1.0,0.001,1,16,40x40,PrototypicalNetwork,5,5,b-59-850,Egyptian,False,5,4000,2,exp1_permuted_src_datasets
297,2689.269436932,0.0,1738518801.549922,,7.450578376477779e-09,1.0,0.001,1,16,40x40,PrototypicalNetwork,5,5,b-59-850,Egyptian,False,5,4000,2,exp1_permuted_src_datasets
298,2689.309668102,0.0,1738518801.5901744,,4.470348091700771e-09,1.0,0.001,1,16,40x40,PrototypicalNetwork,5,5,b-59-850,Egyptian,False,5,4000,2,exp1_permuted_src_datasets
299,2689.396813831,0.0,1738518801.677232,,1.0430811769879256e-08,1.0,0.001,1,16,40x40,PrototypicalNetwork,5,5,b-59-850,Egyptian,False,5,4000,2,exp1_permuted_src_datasets
300,2689.481721034,0.0,1738518801.7622201,,0.0,1.0,0.001,1,16,40x40,PrototypicalNetwork,5,5,b-59-850,Egyptian,False,5,4000,2,exp1_permuted_src_datasets
301,2689.543437519,0.0,1738518801.8239188,,1.4901160305669237e-09,1.0,0.001,1,16,40x40,PrototypicalNetwork,5,5,b-59-850,Egyptian,False,5,4000,2,exp1_permuted_src_datasets
302,2689.626495003,0.0,1738518801.9069655,,0.0,1.0,0.001,1,16,40x40,PrototypicalNetwork,5,5,b-59-850,Egyptian,False,5,4000,2,exp1_permuted_src_datasets
303,2689.744880872,0.0,1738518802.0252893,,1.3411042054656264e-08,1.0,0.001,1,16,40x40,PrototypicalNetwork,5,5,b-59-850,Egyptian,False,5,4000,2,exp1_permuted_src_datasets
304,2689.843658903,0.0,1738518802.1241355,,2.9802320611338473e-09,1.0,0.001,1,16,40x40,PrototypicalNetwork,5,5,b-59-850,Egyptian,False,5,4000,2,exp1_permuted_src_datasets
305,2689.944600575,0.0,1738518802.22493,,1.3411043831013103e-08,1.0,0.001,1,16,40x40,PrototypicalNetwork,5,5,b-59-850,Egyptian,False,5,4000,2,exp1_permuted_src_datasets
306,2690.01009501,0.0,1738518802.2905576,,2.9802320611338473e-09,1.0,0.001,1,16,40x40,PrototypicalNetwork,5,5,b-59-850,Egyptian,False,5,4000,2,exp1_permuted_src_datasets
307,2690.086743023,0.0,1738518802.3672183,,2.9802318390892424e-09,1.0,0.001,1,16,40x40,PrototypicalNetwork,5,5,b-59-850,Egyptian,False,5,4000,2,exp1_permuted_src_datasets
308,2690.197647851,0.0,1738518802.47806,,2.9802320611338473e-09,1.0,0.001,1,16,40x40,PrototypicalNetwork,5,5,b-59-850,Egyptian,False,5,4000,2,exp1_permuted_src_datasets
309,2690.319713848,0.0,1738518802.6000996,,1.3411043831013103e-08,1.0,0.001,1,16,40x40,PrototypicalNetwork,5,5,b-59-850,Egyptian,False,5,4000,2,exp1_permuted_src_datasets
310,2690.421711995,0.0,1738518802.7021763,,2.9802320611338473e-09,1.0,0.001,1,16,40x40,PrototypicalNetwork,5,5,b-59-850,Egyptian,False,5,4000,2,exp1_permuted_src_datasets
311,2690.512283574,0.0,1738518802.792755,,0.0,1.0,0.001,1,16,40x40,PrototypicalNetwork,5,5,b-59-850,Egyptian,False,5,4000,2,exp1_permuted_src_datasets
312,2690.627224367,0.0,1738518802.9077077,,7.4505797087454084e-09,1.0,0.001,1,16,40x40,PrototypicalNetwork,5,5,b-59-850,Egyptian,False,5,4000,2,exp1_permuted_src_datasets
313,2690.728117572,0.0,1738518803.0084283,,7.4505792646561986e-09,1.0,0.001,1,16,40x40,PrototypicalNetwork,5,5,b-59-850,Egyptian,False,5,4000,2,exp1_permuted_src_datasets
314,2690.823561889,0.0,1738518803.1040287,,5.960463234089275e-09,1.0,0.001,1,16,40x40,PrototypicalNetwork,5,5,b-59-850,Egyptian,False,5,4000,2,exp1_permuted_src_datasets
315,2690.920120716,0.0,1738518803.2006514,,1.4901160305669237e-09,1.0,0.001,1,16,40x40,PrototypicalNetwork,5,5,b-59-850,Egyptian,False,5,4000,2,exp1_permuted_src_datasets
316,3274.558793957,0.0,1738519386.7999933,0.8702499997615815,,,0.001,1,16,40x40,PrototypicalNetwork,5,5,b-59-850,Egyptian,False,5,4000,2,exp1_permuted_src_datasets
317,3274.578646848,0.0,1738519386.85916,,2.9802320611338473e-09,1.0,0.001,1,16,40x40,PrototypicalNetwork,5,5,b-59-850,Egyptian,False,5,4000,2,exp1_permuted_src_datasets
318,3274.639420074,0.0,1738519386.919919,,1.4901160305669237e-09,1.0,0.001,1,16,40x40,PrototypicalNetwork,5,5,b-59-850,Egyptian,False,5,4000,2,exp1_permuted_src_datasets
319,3274.758305077,0.0,1738519387.038794,,1.639127411579011e-08,1.0,0.001,1,16,40x40,PrototypicalNetwork,5,5,b-59-850,Egyptian,False,5,4000,2,exp1_permuted_src_datasets
320,3274.817216931,0.0,1738519387.0976565,,1.7881387037732566e-08,1.0,0.001,1,16,40x40,PrototypicalNetwork,5,5,b-59-850,Egyptian,False,5,4000,2,exp1_permuted_src_datasets
321,3274.890824626,0.0,1738519387.1712465,,1.7881390590446244e-08,1.0,0.001,1,16,40x40,PrototypicalNetwork,5,5,b-59-850,Egyptian,False,5,4000,2,exp1_permuted_src_datasets
322,3274.964577256,0.0,1738519387.2450826,,1.0430811769879256e-08,1.0,0.001,1,16,40x40,PrototypicalNetwork,5,5,b-59-850,Egyptian,False,5,4000,2,exp1_permuted_src_datasets
323,3275.032763789,0.0,1738519387.3132179,,0.0,1.0,0.001,1,16,40x40,PrototypicalNetwork,5,5,b-59-850,Egyptian,False,5,4000,2,exp1_permuted_src_datasets
324,3275.07266415,0.0,1738519387.3530693,,7.4505792646561986e-09,1.0,0.001,1,16,40x40,PrototypicalNetwork,5,5,b-59-850,Egyptian,False,5,4000,2,exp1_permuted_src_datasets
325,3275.150412358,0.0,1738519387.4308548,,9.983766346977063e-08,1.0,0.001,1,16,40x40,PrototypicalNetwork,5,5,b-59-850,Egyptian,False,5,4000,2,exp1_permuted_src_datasets
326,3275.233586489,0.0,1738519387.5140843,,0.0,1.0,0.001,1,16,40x40,PrototypicalNetwork,5,5,b-59-850,Egyptian,False,5,4000,2,exp1_permuted_src_datasets
327,3275.307702311,0.0,1738519387.5881932,,1.0430811769879256e-08,1.0,0.001,1,16,40x40,PrototypicalNetwork,5,5,b-59-850,Egyptian,False,5,4000,2,exp1_permuted_src_datasets
328,3275.399246234,0.0,1738519387.679675,,4.470348091700771e-09,1.0,0.001,1,16,40x40,PrototypicalNetwork,5,5,b-59-850,Egyptian,False,5,4000,2,exp1_permuted_src_datasets
329,3275.472654837,0.0,1738519387.7531266,,4.470348091700771e-09,1.0,0.001,1,16,40x40,PrototypicalNetwork,5,5,b-59-850,Egyptian,False,5,4000,2,exp1_permuted_src_datasets
330,3275.550087652,0.0,1738519387.8305724,,2.9802320611338473e-09,1.0,0.001,1,16,40x40,PrototypicalNetwork,5,5,b-59-850,Egyptian,False,5,4000,2,exp1_permuted_src_datasets
331,3275.606436674,0.0,1738519387.886913,,1.4901160305669237e-09,1.0,0.001,1,16,40x40,PrototypicalNetwork,5,5,b-59-850,Egyptian,False,5,4000,2,exp1_permuted_src_datasets
332,3275.654965413,0.0,1738519387.9354553,,2.9802320611338473e-09,1.0,0.001,1,16,40x40,PrototypicalNetwork,5,5,b-59-850,Egyptian,False,5,4000,2,exp1_permuted_src_datasets
333,3275.727610313,0.0,1738519388.0080855,,2.9802320611338473e-09,1.0,0.001,1,16,40x40,PrototypicalNetwork,5,5,b-59-850,Egyptian,False,5,4000,2,exp1_permuted_src_datasets
334,3275.803716616,0.0,1738519388.0841844,,2.384184938364342e-08,1.0,0.001,1,16,40x40,PrototypicalNetwork,5,5,b-59-850,Egyptian,False,5,4000,2,exp1_permuted_src_datasets
335,3275.875704507,0.0,1738519388.1561294,,7.4505797087454084e-09,1.0,0.001,1,16,40x40,PrototypicalNetwork,5,5,b-59-850,Egyptian,False,5,4000,2,exp1_permuted_src_datasets
336,3275.981274119,0.0,1738519388.2617116,,1.4901160305669237e-09,1.0,0.001,1,16,40x40,PrototypicalNetwork,5,5,b-59-850,Egyptian,False,5,4000,2,exp1_permuted_src_datasets
337,3276.068479213,0.0,1738519388.3489366,,5.960464122267695e-09,1.0,0.001,1,16,40x40,PrototypicalNetwork,5,5,b-59-850,Egyptian,False,5,4000,2,exp1_permuted_src_datasets
338,3276.150992913,0.0,1738519388.4313934,,4.470348091700771e-09,1.0,0.001,1,16,40x40,PrototypicalNetwork,5,5,b-59-850,Egyptian,False,5,4000,2,exp1_permuted_src_datasets
339,3276.254304686,0.0,1738519388.5347698,,0.0,1.0,0.001,1,16,40x40,PrototypicalNetwork,5,5,b-59-850,Egyptian,False,5,4000,2,exp1_permuted_src_datasets
340,3276.356541615,0.0,1738519388.6369886,,2.9802320611338473e-09,1.0,0.001,1,16,40x40,PrototypicalNetwork,5,5,b-59-850,Egyptian,False,5,4000,2,exp1_permuted_src_datasets
341,3276.443750762,0.0,1738519388.724237,,7.4505792646561986e-09,1.0,0.001,1,16,40x40,PrototypicalNetwork,5,5,b-59-850,Egyptian,False,5,4000,2,exp1_permuted_src_datasets
342,3276.508745265,0.0,1738519388.7892325,,2.3841845830929742e-08,1.0,0.001,1,16,40x40,PrototypicalNetwork,5,5,b-59-850,Egyptian,False,5,4000,2,exp1_permuted_src_datasets
343,3276.601451152,0.0,1738519388.881816,,4.172323286866231e-08,1.0,0.001,1,16,40x40,PrototypicalNetwork,5,5,b-59-850,Egyptian,False,5,4000,2,exp1_permuted_src_datasets
344,3276.68065649,0.0,1738519388.9610872,,1.4901160305669237e-09,1.0,0.001,1,16,40x40,PrototypicalNetwork,5,5,b-59-850,Egyptian,False,5,4000,2,exp1_permuted_src_datasets
345,3276.764632822,0.0,1738519389.0451012,,0.0,1.0,0.001,1,16,40x40,PrototypicalNetwork,5,5,b-59-850,Egyptian,False,5,4000,2,exp1_permuted_src_datasets
346,3276.83584238,0.0,1738519389.1163151,,1.192092646817855e-08,1.0,0.001,1,16,40x40,PrototypicalNetwork,5,5,b-59-850,Egyptian,False,5,4000,2,exp1_permuted_src_datasets
347,3276.905818097,0.0,1738519389.1863027,,8.940696183401542e-09,1.0,0.001,1,16,40x40,PrototypicalNetwork,5,5,b-59-850,Egyptian,False,5,4000,2,exp1_permuted_src_datasets
348,3276.988839768,0.0,1738519389.269274,,1.4454099073191173e-07,1.0,0.001,1,16,40x40,PrototypicalNetwork,5,5,b-59-850,Egyptian,False,5,4000,2,exp1_permuted_src_datasets
349,3277.056174267,0.0,1738519389.3366039,,1.4901160305669237e-09,1.0,0.001,1,16,40x40,PrototypicalNetwork,5,5,b-59-850,Egyptian,False,5,4000,2,exp1_permuted_src_datasets
350,3277.143034931,0.0,1738519389.4235198,,4.470348091700771e-09,1.0,0.001,1,16,40x40,PrototypicalNetwork,5,5,b-59-850,Egyptian,False,5,4000,2,exp1_permuted_src_datasets
351,3277.214854159,0.0,1738519389.4953287,,2.9802320611338473e-09,1.0,0.001,1,16,40x40,PrototypicalNetwork,5,5,b-59-850,Egyptian,False,5,4000,2,exp1_permuted_src_datasets
352,3277.316478556,0.0,1738519389.5969167,,7.4505797087454084e-09,1.0,0.001,1,16,40x40,PrototypicalNetwork,5,5,b-59-850,Egyptian,False,5,4000,2,exp1_permuted_src_datasets
353,3277.387176277,0.0,1738519389.6676545,,4.470348091700771e-09,1.0,0.001,1,16,40x40,PrototypicalNetwork,5,5,b-59-850,Egyptian,False,5,4000,2,exp1_permuted_src_datasets
354,3277.47815905,0.0,1738519389.7586327,,0.0,1.0,0.001,1,16,40x40,PrototypicalNetwork,5,5,b-59-850,Egyptian,False,5,4000,2,exp1_permuted_src_datasets
355,3277.534151817,0.0,1738519389.8146443,,0.0,1.0,0.001,1,16,40x40,PrototypicalNetwork,5,5,b-59-850,Egyptian,False,5,4000,2,exp1_permuted_src_datasets
356,3277.602245752,0.0,1738519389.8827329,,2.9802320611338473e-09,1.0,0.001,1,16,40x40,PrototypicalNetwork,5,5,b-59-850,Egyptian,False,5,4000,2,exp1_permuted_src_datasets
357,3277.649022507,0.0,1738519389.9294953,,7.4505797087454084e-09,1.0,0.001,1,16,40x40,PrototypicalNetwork,5,5,b-59-850,Egyptian,False,5,4000,2,exp1_permuted_src_datasets
358,3277.737034535,0.0,1738519390.0175142,,5.960463678178485e-09,1.0,0.001,1,16,40x40,PrototypicalNetwork,5,5,b-59-850,Egyptian,False,5,4000,2,exp1_permuted_src_datasets
359,3277.815671056,0.0,1738519390.0960655,,2.8312181044043427e-08,1.0,0.001,1,16,40x40,PrototypicalNetwork,5,5,b-59-850,Egyptian,False,5,4000,2,exp1_permuted_src_datasets
360,3277.900958884,0.0,1738519390.1813853,,2.9802320611338473e-09,1.0,0.001,1,16,40x40,PrototypicalNetwork,5,5,b-59-850,Egyptian,False,5,4000,2,exp1_permuted_src_datasets
361,3277.980922081,0.0,1738519390.2613292,,0.0,1.0,0.001,1,16,40x40,PrototypicalNetwork,5,5,b-59-850,Egyptian,False,5,4000,2,exp1_permuted_src_datasets
362,3278.065763813,0.0,1738519390.345985,,7.4505797087454084e-09,1.0,0.001,1,16,40x40,PrototypicalNetwork,5,5,b-59-850,Egyptian,False,5,4000,2,exp1_permuted_src_datasets
363,3278.126802394,0.0,1738519390.4072766,,8.940694407044703e-09,1.0,0.001,1,16,40x40,PrototypicalNetwork,5,5,b-59-850,Egyptian,False,5,4000,2,exp1_permuted_src_datasets
364,3278.208332437,0.0,1738519390.4886909,,1.4901160305669237e-09,1.0,0.001,1,16,40x40,PrototypicalNetwork,5,5,b-59-850,Egyptian,False,5,4000,2,exp1_permuted_src_datasets
365,3278.280718791,0.0,1738519390.5611525,,2.9802318390892424e-09,1.0,0.001,1,16,40x40,PrototypicalNetwork,5,5,b-59-850,Egyptian,False,5,4000,2,exp1_permuted_src_datasets
366,3278.380124257,0.0,1738519390.6605473,,1.4901160305669237e-09,1.0,0.001,1,16,40x40,PrototypicalNetwork,5,5,b-59-850,Egyptian,False,5,4000,2,exp1_permuted_src_datasets
367,3278.44191686,0.0,1738519390.722343,,5.960464122267695e-09,1.0,0.001,1,16,40x40,PrototypicalNetwork,5,5,b-59-850,Egyptian,False,5,4000,2,exp1_permuted_src_datasets
368,3278.524142991,0.0,1738519390.8046055,,1.4901160305669237e-09,1.0,0.001,1,16,40x40,PrototypicalNetwork,5,5,b-59-850,Egyptian,False,5,4000,2,exp1_permuted_src_datasets
369,3278.599480464,0.0,1738519390.8799546,,4.470348091700771e-09,1.0,0.001,1,16,40x40,PrototypicalNetwork,5,5,b-59-850,Egyptian,False,5,4000,2,exp1_permuted_src_datasets
370,3278.648069592,0.0,1738519390.9284837,,4.470348091700771e-09,1.0,0.001,1,16,40x40,PrototypicalNetwork,5,5,b-59-850,Egyptian,False,5,4000,2,exp1_permuted_src_datasets
371,3278.694033898,0.0,1738519390.9745104,,4.470348091700771e-09,1.0,0.001,1,16,40x40,PrototypicalNetwork,5,5,b-59-850,Egyptian,False,5,4000,2,exp1_permuted_src_datasets
372,3278.7410132,0.0,1738519391.0214617,,2.9802320611338473e-09,1.0,0.001,1,16,40x40,PrototypicalNetwork,5,5,b-59-850,Egyptian,False,5,4000,2,exp1_permuted_src_datasets
373,3278.818322206,0.0,1738519391.0987687,,2.6822084109312527e-08,1.0,0.001,1,16,40x40,PrototypicalNetwork,5,5,b-59-850,Egyptian,False,5,4000,2,exp1_permuted_src_datasets
374,3278.91665144,0.0,1738519391.1970894,,1.4901160305669237e-09,1.0,0.001,1,16,40x40,PrototypicalNetwork,5,5,b-59-850,Egyptian,False,5,4000,2,exp1_permuted_src_datasets
375,3278.985583565,0.0,1738519391.266043,,1.937150528874554e-08,1.0,0.001,1,16,40x40,PrototypicalNetwork,5,5,b-59-850,Egyptian,False,5,4000,2,exp1_permuted_src_datasets
376,3279.074822833,0.0,1738519391.3552587,,4.470348091700771e-09,1.0,0.001,1,16,40x40,PrototypicalNetwork,5,5,b-59-850,Egyptian,False,5,4000,2,exp1_permuted_src_datasets
377,3279.198944505,0.0,1738519391.4793153,,0.0,1.0,0.001,1,16,40x40,PrototypicalNetwork,5,5,b-59-850,Egyptian,False,5,4000,2,exp1_permuted_src_datasets
378,3279.313484732,0.0,1738519391.593935,,2.9802320611338473e-09,1.0,0.001,1,16,40x40,PrototypicalNetwork,5,5,b-59-850,Egyptian,False,5,4000,2,exp1_permuted_src_datasets
379,3869.312785262,0.0,1738519981.5933862,0.8684999997615814,,,0.001,1,16,40x40,PrototypicalNetwork,5,5,b-59-850,Egyptian,False,5,4000,2,exp1_permuted_src_datasets
380,3869.377124334,0.0,1738519981.657622,,0.0,1.0,0.001,1,16,40x40,PrototypicalNetwork,5,5,b-59-850,Egyptian,False,5,4000,2,exp1_permuted_src_datasets
381,3869.452514107,0.0,1738519981.73297,,8.940694407044703e-09,1.0,0.001,1,16,40x40,PrototypicalNetwork,5,5,b-59-850,Egyptian,False,5,4000,2,exp1_permuted_src_datasets
382,3869.510627314,0.0,1738519981.7911205,,0.0,1.0,0.001,1,16,40x40,PrototypicalNetwork,5,5,b-59-850,Egyptian,False,5,4000,2,exp1_permuted_src_datasets
383,3869.551199963,0.0,1738519981.831683,,2.9802320611338473e-09,1.0,0.001,1,16,40x40,PrototypicalNetwork,5,5,b-59-850,Egyptian,False,5,4000,2,exp1_permuted_src_datasets
384,3869.656752548,0.0,1738519981.9372592,,1.4901160305669237e-09,1.0,0.001,1,16,40x40,PrototypicalNetwork,5,5,b-59-850,Egyptian,False,5,4000,2,exp1_permuted_src_datasets
385,3869.726687238,0.0,1738519982.007155,,2.9802320611338473e-09,1.0,0.001,1,16,40x40,PrototypicalNetwork,5,5,b-59-850,Egyptian,False,5,4000,2,exp1_permuted_src_datasets
386,3869.816319601,0.0,1738519982.0967896,,0.0,1.0,0.001,1,16,40x40,PrototypicalNetwork,5,5,b-59-850,Egyptian,False,5,4000,2,exp1_permuted_src_datasets
387,3869.926947591,0.0,1738519982.2073696,,1.0430811769879256e-08,1.0,0.001,1,16,40x40,PrototypicalNetwork,5,5,b-59-850,Egyptian,False,5,4000,2,exp1_permuted_src_datasets
388,3870.018750877,0.0,1738519982.2991717,,1.0430811769879256e-08,1.0,0.001,1,16,40x40,PrototypicalNetwork,5,5,b-59-850,Egyptian,False,5,4000,2,exp1_permuted_src_datasets
389,3870.089007789,0.0,1738519982.3695002,,0.0,1.0,0.001,1,16,40x40,PrototypicalNetwork,5,5,b-59-850,Egyptian,False,5,4000,2,exp1_permuted_src_datasets
390,3870.177675674,0.0,1738519982.4581325,,1.4901160305669237e-09,1.0,0.001,1,16,40x40,PrototypicalNetwork,5,5,b-59-850,Egyptian,False,5,4000,2,exp1_permuted_src_datasets
391,3870.236661996,0.0,1738519982.5171335,,2.38418529363571e-08,1.0,0.001,1,16,40x40,PrototypicalNetwork,5,5,b-59-850,Egyptian,False,5,4000,2,exp1_permuted_src_datasets
392,3870.335044418,0.0,1738519982.6153932,,8.940695295223122e-09,1.0,0.001,1,16,40x40,PrototypicalNetwork,5,5,b-59-850,Egyptian,False,5,4000,2,exp1_permuted_src_datasets
393,3870.403126703,0.0,1738519982.6835847,,4.470348091700771e-09,1.0,0.001,1,16,40x40,PrototypicalNetwork,5,5,b-59-850,Egyptian,False,5,4000,2,exp1_permuted_src_datasets
394,3870.520783896,0.0,1738519982.8012252,,1.4901160305669237e-09,1.0,0.001,1,16,40x40,PrototypicalNetwork,5,5,b-59-850,Egyptian,False,5,4000,2,exp1_permuted_src_datasets
395,3870.628586871,0.0,1738519982.9090123,,0.0,1.0,0.001,1,16,40x40,PrototypicalNetwork,5,5,b-59-850,Egyptian,False,5,4000,2,exp1_permuted_src_datasets
396,3870.726351687,0.0,1738519983.0067804,,7.4505792646561986e-09,1.0,0.001,1,16,40x40,PrototypicalNetwork,5,5,b-59-850,Egyptian,False,5,4000,2,exp1_permuted_src_datasets
397,3870.828743802,0.0,1738519983.1092021,,5.736887374041544e-07,1.0,0.001,1,16,40x40,PrototypicalNetwork,5,5,b-59-850,Egyptian,False,5,4000,2,exp1_permuted_src_datasets
398,3870.938510472,0.0,1738519983.2189922,,4.470348091700771e-09,1.0,0.001,1,16,40x40,PrototypicalNetwork,5,5,b-59-850,Egyptian,False,5,4000,2,exp1_permuted_src_datasets
399,3871.052063252,0.0,1738519983.3324828,,4.470348091700771e-09,1.0,0.001,1,16,40x40,PrototypicalNetwork,5,5,b-59-850,Egyptian,False,5,4000,2,exp1_permuted_src_datasets
400,3871.144410938,0.0,1738519983.424728,,2.9802320611338473e-09,1.0,0.001,1,16,40x40,PrototypicalNetwork,5,5,b-59-850,Egyptian,False,5,4000,2,exp1_permuted_src_datasets
401,3871.283545873,0.0,1738519983.5640206,,2.9802320611338473e-09,1.0,0.001,1,16,40x40,PrototypicalNetwork,5,5,b-59-850,Egyptian,False,5,4000,2,exp1_permuted_src_datasets
402,3871.38624686,0.0,1738519983.666673,,0.0,1.0,0.001,1,16,40x40,PrototypicalNetwork,5,5,b-59-850,Egyptian,False,5,4000,2,exp1_permuted_src_datasets
403,3871.469142394,0.0,1738519983.7496326,,1.192092469182171e-08,1.0,0.001,1,16,40x40,PrototypicalNetwork,5,5,b-59-850,Egyptian,False,5,4000,2,exp1_permuted_src_datasets
404,3871.561225431,0.0,1738519983.8416932,,1.4901160305669237e-09,1.0,0.001,1,16,40x40,PrototypicalNetwork,5,5,b-59-850,Egyptian,False,5,4000,2,exp1_permuted_src_datasets
405,3871.653910233,0.0,1738519983.934295,,0.0,1.0,0.001,1,16,40x40,PrototypicalNetwork,5,5,b-59-850,Egyptian,False,5,4000,2,exp1_permuted_src_datasets
406,3871.741546431,0.0,1738519984.0219731,,4.470348091700771e-09,1.0,0.001,1,16,40x40,PrototypicalNetwork,5,5,b-59-850,Egyptian,False,5,4000,2,exp1_permuted_src_datasets
407,3871.82089663,0.0,1738519984.101376,,2.9802320611338473e-09,1.0,0.001,1,16,40x40,PrototypicalNetwork,5,5,b-59-850,Egyptian,False,5,4000,2,exp1_permuted_src_datasets
408,3871.886781706,0.0,1738519984.16727,,1.4901160305669237e-09,1.0,0.001,1,16,40x40,PrototypicalNetwork,5,5,b-59-850,Egyptian,False,5,4000,2,exp1_permuted_src_datasets
409,3871.956000021,0.0,1738519984.2364578,,7.4505792646561986e-09,1.0,0.001,1,16,40x40,PrototypicalNetwork,5,5,b-59-850,Egyptian,False,5,4000,2,exp1_permuted_src_datasets
410,3872.047817703,0.0,1738519984.3282917,,0.0,1.0,0.001,1,16,40x40,PrototypicalNetwork,5,5,b-59-850,Egyptian,False,5,4000,2,exp1_permuted_src_datasets
411,3872.151786934,0.0,1738519984.432162,,0.0,1.0,0.001,1,16,40x40,PrototypicalNetwork,5,5,b-59-850,Egyptian,False,5,4000,2,exp1_permuted_src_datasets
412,3872.244718095,0.0,1738519984.5251417,,2.9802320611338473e-09,1.0,0.001,1,16,40x40,PrototypicalNetwork,5,5,b-59-850,Egyptian,False,5,4000,2,exp1_permuted_src_datasets
413,3872.315961214,0.0,1738519984.5964582,,1.4901160305669237e-09,1.0,0.001,1,16,40x40,PrototypicalNetwork,5,5,b-59-850,Egyptian,False,5,4000,2,exp1_permuted_src_datasets
414,3872.386062967,0.0,1738519984.6665058,,4.470348091700771e-09,1.0,0.001,1,16,40x40,PrototypicalNetwork,5,5,b-59-850,Egyptian,False,5,4000,2,exp1_permuted_src_datasets
415,3872.429902717,0.0,1738519984.7103565,,0.0,1.0,0.001,1,16,40x40,PrototypicalNetwork,5,5,b-59-850,Egyptian,False,5,4000,2,exp1_permuted_src_datasets
416,3872.514134226,0.0,1738519984.794574,,1.4901160305669237e-09,1.0,0.001,1,16,40x40,PrototypicalNetwork,5,5,b-59-850,Egyptian,False,5,4000,2,exp1_permuted_src_datasets
417,3872.583516692,0.0,1738519984.8639984,,2.9802318390892424e-09,1.0,0.001,1,16,40x40,PrototypicalNetwork,5,5,b-59-850,Egyptian,False,5,4000,2,exp1_permuted_src_datasets
418,3872.658998168,0.0,1738519984.9394805,,4.470347647611561e-09,1.0,0.001,1,16,40x40,PrototypicalNetwork,5,5,b-59-850,Egyptian,False,5,4000,2,exp1_permuted_src_datasets
419,3872.722744486,0.0,1738519985.0031662,,0.0,1.0,0.001,1,16,40x40,PrototypicalNetwork,5,5,b-59-850,Egyptian,False,5,4000,2,exp1_permuted_src_datasets
420,3872.765861838,0.0,1738519985.0463676,,7.4505797087454084e-09,1.0,0.001,1,16,40x40,PrototypicalNetwork,5,5,b-59-850,Egyptian,False,5,4000,2,exp1_permuted_src_datasets
421,3872.851022212,0.0,1738519985.1315005,,1.4901160305669237e-09,1.0,0.001,1,16,40x40,PrototypicalNetwork,5,5,b-59-850,Egyptian,False,5,4000,2,exp1_permuted_src_datasets
422,3872.949414264,0.0,1738519985.2297776,,4.470347647611561e-09,1.0,0.001,1,16,40x40,PrototypicalNetwork,5,5,b-59-850,Egyptian,False,5,4000,2,exp1_permuted_src_datasets
423,3873.034630499,0.0,1738519985.3151264,,7.450578376477779e-09,1.0,0.001,1,16,40x40,PrototypicalNetwork,5,5,b-59-850,Egyptian,False,5,4000,2,exp1_permuted_src_datasets
424,3873.109140457,0.0,1738519985.3894918,,1.4901158529312397e-08,1.0,0.001,1,16,40x40,PrototypicalNetwork,5,5,b-59-850,Egyptian,False,5,4000,2,exp1_permuted_src_datasets
425,3873.188291257,0.0,1738519985.468765,,5.960464122267695e-09,1.0,0.001,1,16,40x40,PrototypicalNetwork,5,5,b-59-850,Egyptian,False,5,4000,2,exp1_permuted_src_datasets
426,3873.276517243,0.0,1738519985.5569334,,1.4901160305669237e-09,1.0,0.001,1,16,40x40,PrototypicalNetwork,5,5,b-59-850,Egyptian,False,5,4000,2,exp1_permuted_src_datasets
427,3873.3643673,0.0,1738519985.6447616,,1.4901160305669237e-09,1.0,0.001,1,16,40x40,PrototypicalNetwork,5,5,b-59-850,Egyptian,False,5,4000,2,exp1_permuted_src_datasets
428,3873.44491301,0.0,1738519985.7253265,,5.960463678178485e-09,1.0,0.001,1,16,40x40,PrototypicalNetwork,5,5,b-59-850,Egyptian,False,5,4000,2,exp1_permuted_src_datasets
429,3873.558364887,0.0,1738519985.8388057,,0.0,1.0,0.001,1,16,40x40,PrototypicalNetwork,5,5,b-59-850,Egyptian,False,5,4000,2,exp1_permuted_src_datasets
430,3873.667754449,0.0,1738519985.948213,,0.0,1.0,0.001,1,16,40x40,PrototypicalNetwork,5,5,b-59-850,Egyptian,False,5,4000,2,exp1_permuted_src_datasets
431,3873.73830398,0.0,1738519986.0187695,,1.639127411579011e-08,1.0,0.001,1,16,40x40,PrototypicalNetwork,5,5,b-59-850,Egyptian,False,5,4000,2,exp1_permuted_src_datasets
432,3873.82838059,0.0,1738519986.1088104,,7.4505797087454084e-09,1.0,0.001,1,16,40x40,PrototypicalNetwork,5,5,b-59-850,Egyptian,False,5,4000,2,exp1_permuted_src_datasets
433,3873.922311184,0.0,1738519986.2027535,,3.2782537573439186e-08,1.0,0.001,1,16,40x40,PrototypicalNetwork,5,5,b-59-850,Egyptian,False,5,4000,2,exp1_permuted_src_datasets
434,3874.017921395,0.0,1738519986.2983365,,4.470348091700771e-09,1.0,0.001,1,16,40x40,PrototypicalNetwork,5,5,b-59-850,Egyptian,False,5,4000,2,exp1_permuted_src_datasets
435,3874.102173803,0.0,1738519986.382649,,1.4901160305669237e-09,1.0,0.001,1,16,40x40,PrototypicalNetwork,5,5,b-59-850,Egyptian,False,5,4000,2,exp1_permuted_src_datasets
436,3874.193741894,0.0,1738519986.4741805,,0.0,1.0,0.001,1,16,40x40,PrototypicalNetwork,5,5,b-59-850,Egyptian,False,5,4000,2,exp1_permuted_src_datasets
437,3874.258969323,0.0,1738519986.5394752,,0.0,1.0,0.001,1,16,40x40,PrototypicalNetwork,5,5,b-59-850,Egyptian,False,5,4000,2,exp1_permuted_src_datasets
438,3874.348278086,0.0,1738519986.6287005,,1.4901160305669237e-09,1.0,0.001,1,16,40x40,PrototypicalNetwork,5,5,b-59-850,Egyptian,False,5,4000,2,exp1_permuted_src_datasets
439,3874.458308435,0.0,1738519986.7387342,,1.4901160305669237e-09,1.0,0.001,1,16,40x40,PrototypicalNetwork,5,5,b-59-850,Egyptian,False,5,4000,2,exp1_permuted_src_datasets
440,3874.544646158,0.0,1738519986.8251212,,0.0,1.0,0.001,1,16,40x40,PrototypicalNetwork,5,5,b-59-850,Egyptian,False,5,4000,2,exp1_permuted_src_datasets
441,3874.616622433,0.0,1738519986.897089,,1.4901160305669237e-09,1.0,0.001,1,16,40x40,PrototypicalNetwork,5,5,b-59-850,Egyptian,False,5,4000,2,exp1_permuted_src_datasets
442,4466.432526097,0.0,1738520578.71314,0.8635000002384186,,,0.001,1,16,40x40,PrototypicalNetwork,5,5,b-59-850,Egyptian,False,5,4000,2,exp1_permuted_src_datasets
443,4466.512469701,0.0,1738520578.7929218,,0.0,1.0,0.001,1,16,40x40,PrototypicalNetwork,5,5,b-59-850,Egyptian,False,5,4000,2,exp1_permuted_src_datasets
444,4466.629766612,0.0,1738520578.9101565,,1.4901160305669237e-09,1.0,0.001,1,16,40x40,PrototypicalNetwork,5,5,b-59-850,Egyptian,False,5,4000,2,exp1_permuted_src_datasets
445,4466.711015784,0.0,1738520578.9914365,,4.470348091700771e-09,1.0,0.001,1,16,40x40,PrototypicalNetwork,5,5,b-59-850,Egyptian,False,5,4000,2,exp1_permuted_src_datasets
446,4466.806876642,0.0,1738520579.0873442,,4.470348091700771e-09,1.0,0.001,1,16,40x40,PrototypicalNetwork,5,5,b-59-850,Egyptian,False,5,4000,2,exp1_permuted_src_datasets
447,4466.895002125,0.0,1738520579.1754591,,1.4901160305669237e-09,1.0,0.001,1,16,40x40,PrototypicalNetwork,5,5,b-59-850,Egyptian,False,5,4000,2,exp1_permuted_src_datasets
448,4466.968431928,0.0,1738520579.2488997,,2.9802318390892424e-09,1.0,0.001,1,16,40x40,PrototypicalNetwork,5,5,b-59-850,Egyptian,False,5,4000,2,exp1_permuted_src_datasets
449,4467.051631311,0.0,1738520579.3320746,,2.9802320611338473e-09,1.0,0.001,1,16,40x40,PrototypicalNetwork,5,5,b-59-850,Egyptian,False,5,4000,2,exp1_permuted_src_datasets
450,4467.150957072,0.0,1738520579.4313786,,8.940696183401542e-09,1.0,0.001,1,16,40x40,PrototypicalNetwork,5,5,b-59-850,Egyptian,False,5,4000,2,exp1_permuted_src_datasets
451,4467.261983914,0.0,1738520579.542346,,1.4901160305669237e-09,1.0,0.001,1,16,40x40,PrototypicalNetwork,5,5,b-59-850,Egyptian,False,5,4000,2,exp1_permuted_src_datasets
452,4467.355399629,0.0,1738520579.63586,,2.9802320611338473e-09,1.0,0.001,1,16,40x40,PrototypicalNetwork,5,5,b-59-850,Egyptian,False,5,4000,2,exp1_permuted_src_datasets
453,4467.467574591,0.0,1738520579.7479775,,7.4505797087454084e-09,1.0,0.001,1,16,40x40,PrototypicalNetwork,5,5,b-59-850,Egyptian,False,5,4000,2,exp1_permuted_src_datasets
454,4467.561259112,0.0,1738520579.8417184,,2.9802320611338473e-09,1.0,0.001,1,16,40x40,PrototypicalNetwork,5,5,b-59-850,Egyptian,False,5,4000,2,exp1_permuted_src_datasets
455,4467.629312149,0.0,1738520579.9097993,,2.9802318390892424e-09,1.0,0.001,1,16,40x40,PrototypicalNetwork,5,5,b-59-850,Egyptian,False,5,4000,2,exp1_permuted_src_datasets
456,4467.704209199,0.0,1738520579.9846785,,2.9802320611338473e-09,1.0,0.001,1,16,40x40,PrototypicalNetwork,5,5,b-59-850,Egyptian,False,5,4000,2,exp1_permuted_src_datasets
457,4467.78022216,0.0,1738520580.0607033,,8.940695295223122e-09,1.0,0.001,1,16,40x40,PrototypicalNetwork,5,5,b-59-850,Egyptian,False,5,4000,2,exp1_permuted_src_datasets
458,4467.869092034,0.0,1738520580.1495593,,2.9802320611338473e-09,1.0,0.001,1,16,40x40,PrototypicalNetwork,5,5,b-59-850,Egyptian,False,5,4000,2,exp1_permuted_src_datasets
459,4467.939565846,0.0,1738520580.2200515,,1.4901160305669237e-09,1.0,0.001,1,16,40x40,PrototypicalNetwork,5,5,b-59-850,Egyptian,False,5,4000,2,exp1_permuted_src_datasets
460,4468.01727457,0.0,1738520580.2977366,,0.0,1.0,0.001,1,16,40x40,PrototypicalNetwork,5,5,b-59-850,Egyptian,False,5,4000,2,exp1_permuted_src_datasets
461,4468.104163938,0.0,1738520580.3846383,,8.940694407044703e-09,1.0,0.001,1,16,40x40,PrototypicalNetwork,5,5,b-59-850,Egyptian,False,5,4000,2,exp1_permuted_src_datasets
462,4468.177562045,0.0,1738520580.4580224,,1.4901160305669237e-09,1.0,0.001,1,16,40x40,PrototypicalNetwork,5,5,b-59-850,Egyptian,False,5,4000,2,exp1_permuted_src_datasets
463,4468.262946252,0.0,1738520580.5433843,,2.9802320611338473e-09,1.0,0.001,1,16,40x40,PrototypicalNetwork,5,5,b-59-850,Egyptian,False,5,4000,2,exp1_permuted_src_datasets
464,4468.356662689,0.0,1738520580.6371386,,0.0,1.0,0.001,1,16,40x40,PrototypicalNetwork,5,5,b-59-850,Egyptian,False,5,4000,2,exp1_permuted_src_datasets
465,4468.440167416,0.0,1738520580.7206388,,1.0430810881700836e-08,1.0,0.001,1,16,40x40,PrototypicalNetwork,5,5,b-59-850,Egyptian,False,5,4000,2,exp1_permuted_src_datasets
466,4468.526154502,0.0,1738520580.8065634,,7.4505797087454084e-09,1.0,0.001,1,16,40x40,PrototypicalNetwork,5,5,b-59-850,Egyptian,False,5,4000,2,exp1_permuted_src_datasets
467,4468.586053476,0.0,1738520580.8665307,,2.9802318390892424e-09,1.0,0.001,1,16,40x40,PrototypicalNetwork,5,5,b-59-850,Egyptian,False,5,4000,2,exp1_permuted_src_datasets
468,4468.664120956,0.0,1738520580.944586,,0.0,1.0,0.001,1,16,40x40,PrototypicalNetwork,5,5,b-59-850,Egyptian,False,5,4000,2,exp1_permuted_src_datasets
469,4468.75753323,0.0,1738520581.0380046,,0.0,1.0,0.001,1,16,40x40,PrototypicalNetwork,5,5,b-59-850,Egyptian,False,5,4000,2,exp1_permuted_src_datasets
470,4468.8407118,0.0,1738520581.1211684,,0.0,1.0,0.001,1,16,40x40,PrototypicalNetwork,5,5,b-59-850,Egyptian,False,5,4000,2,exp1_permuted_src_datasets
471,4468.945055313,0.0,1738520581.2254252,,0.0,1.0,0.001,1,16,40x40,PrototypicalNetwork,5,5,b-59-850,Egyptian,False,5,4000,2,exp1_permuted_src_datasets
472,4469.038987208,0.0,1738520581.319275,,5.811444836467672e-08,1.0,0.001,1,16,40x40,PrototypicalNetwork,5,5,b-59-850,Egyptian,False,5,4000,2,exp1_permuted_src_datasets
473,4469.109645987,0.0,1738520581.3901262,,5.960464122267695e-09,1.0,0.001,1,16,40x40,PrototypicalNetwork,5,5,b-59-850,Egyptian,False,5,4000,2,exp1_permuted_src_datasets
474,4469.169563526,0.0,1738520581.4500375,,0.0,1.0,0.001,1,16,40x40,PrototypicalNetwork,5,5,b-59-850,Egyptian,False,5,4000,2,exp1_permuted_src_datasets
475,4469.235173917,0.0,1738520581.5155888,,1.4901160305669237e-09,1.0,0.001,1,16,40x40,PrototypicalNetwork,5,5,b-59-850,Egyptian,False,5,4000,2,exp1_permuted_src_datasets
476,4469.327643256,0.0,1738520581.6080852,,1.7881385261375726e-08,1.0,0.001,1,16,40x40,PrototypicalNetwork,5,5,b-59-850,Egyptian,False,5,4000,2,exp1_permuted_src_datasets
477,4469.386938633,0.0,1738520581.6674023,,5.960463678178485e-09,1.0,0.001,1,16,40x40,PrototypicalNetwork,5,5,b-59-850,Egyptian,False,5,4000,2,exp1_permuted_src_datasets
478,4469.485034394,0.0,1738520581.7654617,,1.4901160305669237e-09,1.0,0.001,1,16,40x40,PrototypicalNetwork,5,5,b-59-850,Egyptian,False,5,4000,2,exp1_permuted_src_datasets
479,4469.585177148,0.0,1738520581.865592,,0.0,1.0,0.001,1,16,40x40,PrototypicalNetwork,5,5,b-59-850,Egyptian,False,5,4000,2,exp1_permuted_src_datasets
480,4469.646540205,0.0,1738520581.926965,,1.4901160305669237e-09,1.0,0.001,1,16,40x40,PrototypicalNetwork,5,5,b-59-850,Egyptian,False,5,4000,2,exp1_permuted_src_datasets
481,4469.722737234,0.0,1738520582.0031977,,0.0,1.0,0.001,1,16,40x40,PrototypicalNetwork,5,5,b-59-850,Egyptian,False,5,4000,2,exp1_permuted_src_datasets
482,4469.827425361,0.0,1738520582.1077833,,1.4901160305669237e-09,1.0,0.001,1,16,40x40,PrototypicalNetwork,5,5,b-59-850,Egyptian,False,5,4000,2,exp1_permuted_src_datasets
483,4469.918142221,0.0,1738520582.1985338,,4.470348091700771e-09,1.0,0.001,1,16,40x40,PrototypicalNetwork,5,5,b-59-850,Egyptian,False,5,4000,2,exp1_permuted_src_datasets
484,4469.99348319,0.0,1738520582.273955,,0.0,1.0,0.001,1,16,40x40,PrototypicalNetwork,5,5,b-59-850,Egyptian,False,5,4000,2,exp1_permuted_src_datasets
485,4470.102626065,0.0,1738520582.3830945,,0.0,1.0,0.001,1,16,40x40,PrototypicalNetwork,5,5,b-59-850,Egyptian,False,5,4000,2,exp1_permuted_src_datasets
486,4470.207177998,0.0,1738520582.487627,,1.0430809993522416e-08,1.0,0.001,1,16,40x40,PrototypicalNetwork,5,5,b-59-850,Egyptian,False,5,4000,2,exp1_permuted_src_datasets
487,4470.317733409,0.0,1738520582.5981338,,1.0430811769879256e-08,1.0,0.001,1,16,40x40,PrototypicalNetwork,5,5,b-59-850,Egyptian,False,5,4000,2,exp1_permuted_src_datasets
488,4470.390646779,0.0,1738520582.6711042,,0.0,1.0,0.001,1,16,40x40,PrototypicalNetwork,5,5,b-59-850,Egyptian,False,5,4000,2,exp1_permuted_src_datasets
489,4470.478550268,0.0,1738520582.7589464,,5.960463234089275e-09,1.0,0.001,1,16,40x40,PrototypicalNetwork,5,5,b-59-850,Egyptian,False,5,4000,2,exp1_permuted_src_datasets
490,4470.578609687,0.0,1738520582.8590727,,2.235172935627361e-08,1.0,0.001,1,16,40x40,PrototypicalNetwork,5,5,b-59-850,Egyptian,False,5,4000,2,exp1_permuted_src_datasets
491,4470.667957118,0.0,1738520582.948361,,2.9802320611338473e-09,1.0,0.001,1,16,40x40,PrototypicalNetwork,5,5,b-59-850,Egyptian,False,5,4000,2,exp1_permuted_src_datasets
492,4470.772351138,0.0,1738520583.052763,,0.0,1.0,0.001,1,16,40x40,PrototypicalNetwork,5,5,b-59-850,Egyptian,False,5,4000,2,exp1_permuted_src_datasets
493,4470.884439251,0.0,1738520583.1649032,,0.0,1.0,0.001,1,16,40x40,PrototypicalNetwork,5,5,b-59-850,Egyptian,False,5,4000,2,exp1_permuted_src_datasets
494,4470.98393736,0.0,1738520583.2644134,,1.192092646817855e-08,1.0,0.001,1,16,40x40,PrototypicalNetwork,5,5,b-59-850,Egyptian,False,5,4000,2,exp1_permuted_src_datasets
495,4471.071901557,0.0,1738520583.3523579,,2.9802320611338473e-09,1.0,0.001,1,16,40x40,PrototypicalNetwork,5,5,b-59-850,Egyptian,False,5,4000,2,exp1_permuted_src_datasets
496,4471.183934322,0.0,1738520583.4643354,,5.960464122267695e-09,1.0,0.001,1,16,40x40,PrototypicalNetwork,5,5,b-59-850,Egyptian,False,5,4000,2,exp1_permuted_src_datasets
497,4471.295351735,0.0,1738520583.5758164,,1.4901160305669237e-09,1.0,0.001,1,16,40x40,PrototypicalNetwork,5,5,b-59-850,Egyptian,False,5,4000,2,exp1_permuted_src_datasets
498,4471.368222165,0.0,1738520583.648614,,1.4901160305669237e-09,1.0,0.001,1,16,40x40,PrototypicalNetwork,5,5,b-59-850,Egyptian,False,5,4000,2,exp1_permuted_src_datasets
499,4471.478073142,0.0,1738520583.7584145,,2.9802318390892424e-09,1.0,0.001,1,16,40x40,PrototypicalNetwork,5,5,b-59-850,Egyptian,False,5,4000,2,exp1_permuted_src_datasets
500,4471.578292415,0.0,1738520583.858721,,1.4901158529312397e-08,1.0,0.001,1,16,40x40,PrototypicalNetwork,5,5,b-59-850,Egyptian,False,5,4000,2,exp1_permuted_src_datasets
501,4471.75278386,0.0,1738520584.033173,,2.0861614657974314e-08,1.0,0.001,1,16,40x40,PrototypicalNetwork,5,5,b-59-850,Egyptian,False,5,4000,2,exp1_permuted_src_datasets
502,4471.850626917,0.0,1738520584.1310973,,1.4901160305669237e-09,1.0,0.001,1,16,40x40,PrototypicalNetwork,5,5,b-59-850,Egyptian,False,5,4000,2,exp1_permuted_src_datasets
503,4471.960460212,0.0,1738520584.2409468,,0.0,1.0,0.001,1,16,40x40,PrototypicalNetwork,5,5,b-59-850,Egyptian,False,5,4000,2,exp1_permuted_src_datasets
504,4472.056376646,0.0,1738520584.3368979,,5.960464122267695e-09,1.0,0.001,1,16,40x40,PrototypicalNetwork,5,5,b-59-850,Egyptian,False,5,4000,2,exp1_permuted_src_datasets
505,5052.966812586,0.0,1738521165.2048802,0.864650000333786,,,0.001,1,16,40x40,PrototypicalNetwork,5,5,b-59-850,Egyptian,False,5,4000,2,exp1_permuted_src_datasets
506,5052.999865997,0.0,1738521165.2802174,,0.0,1.0,0.001,1,16,40x40,PrototypicalNetwork,5,5,b-59-850,Egyptian,False,5,4000,2,exp1_permuted_src_datasets
507,5053.093317352,0.0,1738521165.3736904,,8.940696183401542e-09,1.0,0.001,1,16,40x40,PrototypicalNetwork,5,5,b-59-850,Egyptian,False,5,4000,2,exp1_permuted_src_datasets
508,5053.193484384,0.0,1738521165.4739223,,1.236794560099952e-07,1.0,0.001,1,16,40x40,PrototypicalNetwork,5,5,b-59-850,Egyptian,False,5,4000,2,exp1_permuted_src_datasets
509,5053.26678712,0.0,1738521165.5471742,,1.0430811769879256e-08,1.0,0.001,1,16,40x40,PrototypicalNetwork,5,5,b-59-850,Egyptian,False,5,4000,2,exp1_permuted_src_datasets
510,5053.35055516,0.0,1738521165.6309872,,1.4901160305669237e-09,1.0,0.001,1,16,40x40,PrototypicalNetwork,5,5,b-59-850,Egyptian,False,5,4000,2,exp1_permuted_src_datasets
511,5053.426633835,0.0,1738521165.7071269,,4.470348091700771e-09,1.0,0.001,1,16,40x40,PrototypicalNetwork,5,5,b-59-850,Egyptian,False,5,4000,2,exp1_permuted_src_datasets
512,5053.540769149,0.0,1738521165.8212037,,1.4901160305669237e-09,1.0,0.001,1,16,40x40,PrototypicalNetwork,5,5,b-59-850,Egyptian,False,5,4000,2,exp1_permuted_src_datasets
513,5053.658210256,0.0,1738521165.9385598,,1.192092735635697e-08,1.0,0.001,1,16,40x40,PrototypicalNetwork,5,5,b-59-850,Egyptian,False,5,4000,2,exp1_permuted_src_datasets
514,5053.765689793,0.0,1738521166.046143,,0.0,1.0,0.001,1,16,40x40,PrototypicalNetwork,5,5,b-59-850,Egyptian,False,5,4000,2,exp1_permuted_src_datasets
515,5053.865705554,0.0,1738521166.146153,,0.0,1.0,0.001,1,16,40x40,PrototypicalNetwork,5,5,b-59-850,Egyptian,False,5,4000,2,exp1_permuted_src_datasets
516,5053.979544896,0.0,1738521166.2598858,,2.9802320611338473e-09,1.0,0.001,1,16,40x40,PrototypicalNetwork,5,5,b-59-850,Egyptian,False,5,4000,2,exp1_permuted_src_datasets
517,5054.07373915,0.0,1738521166.3541963,,1.4901160305669237e-09,1.0,0.001,1,16,40x40,PrototypicalNetwork,5,5,b-59-850,Egyptian,False,5,4000,2,exp1_permuted_src_datasets
518,5054.169071233,0.0,1738521166.4495316,,1.4901160305669237e-09,1.0,0.001,1,16,40x40,PrototypicalNetwork,5,5,b-59-850,Egyptian,False,5,4000,2,exp1_permuted_src_datasets
519,5054.24226626,0.0,1738521166.5227284,,1.4901160305669237e-09,1.0,0.001,1,16,40x40,PrototypicalNetwork,5,5,b-59-850,Egyptian,False,5,4000,2,exp1_permuted_src_datasets
520,5054.311158063,0.0,1738521166.591606,,0.0,1.0,0.001,1,16,40x40,PrototypicalNetwork,5,5,b-59-850,Egyptian,False,5,4000,2,exp1_permuted_src_datasets
521,5054.388563971,0.0,1738521166.6690269,,5.960463678178485e-09,1.0,0.001,1,16,40x40,PrototypicalNetwork,5,5,b-59-850,Egyptian,False,5,4000,2,exp1_permuted_src_datasets
522,5054.483721681,0.0,1738521166.7641463,,8.940694407044703e-09,1.0,0.001,1,16,40x40,PrototypicalNetwork,5,5,b-59-850,Egyptian,False,5,4000,2,exp1_permuted_src_datasets
523,5054.603018587,0.0,1738521166.8834677,,1.4901160305669237e-09,1.0,0.001,1,16,40x40,PrototypicalNetwork,5,5,b-59-850,Egyptian,False,5,4000,2,exp1_permuted_src_datasets
524,5054.7031641,0.0,1738521166.9834893,,2.9802320611338473e-09,1.0,0.001,1,16,40x40,PrototypicalNetwork,5,5,b-59-850,Egyptian,False,5,4000,2,exp1_permuted_src_datasets
525,5054.82839064,0.0,1738521167.1088672,,6.407488228887814e-08,1.0,0.001,1,16,40x40,PrototypicalNetwork,5,5,b-59-850,Egyptian,False,5,4000,2,exp1_permuted_src_datasets
526,5054.936390183,0.0,1738521167.2168314,,0.0,1.0,0.001,1,16,40x40,PrototypicalNetwork,5,5,b-59-850,Egyptian,False,5,4000,2,exp1_permuted_src_datasets
527,5055.035601086,0.0,1738521167.316008,,8.940695295223122e-09,1.0,0.001,1,16,40x40,PrototypicalNetwork,5,5,b-59-850,Egyptian,False,5,4000,2,exp1_permuted_src_datasets
528,5055.171052419,0.0,1738521167.451329,,4.470348091700771e-09,1.0,0.001,1,16,40x40,PrototypicalNetwork,5,5,b-59-850,Egyptian,False,5,4000,2,exp1_permuted_src_datasets
529,5055.276407289,0.0,1738521167.556851,,1.4901160305669237e-09,1.0,0.001,1,16,40x40,PrototypicalNetwork,5,5,b-59-850,Egyptian,False,5,4000,2,exp1_permuted_src_datasets
530,5055.3766272,0.0,1738521167.6570463,,0.0,1.0,0.001,1,16,40x40,PrototypicalNetwork,5,5,b-59-850,Egyptian,False,5,4000,2,exp1_permuted_src_datasets
531,5055.435555881,0.0,1738521167.7160256,,0.0,1.0,0.001,1,16,40x40,PrototypicalNetwork,5,5,b-59-850,Egyptian,False,5,4000,2,exp1_permuted_src_datasets
532,5055.538959602,0.0,1738521167.8192866,,1.192092735635697e-08,1.0,0.001,1,16,40x40,PrototypicalNetwork,5,5,b-59-850,Egyptian,False,5,4000,2,exp1_permuted_src_datasets
533,5055.627986346,0.0,1738521167.9084487,,4.470348091700771e-09,1.0,0.001,1,16,40x40,PrototypicalNetwork,5,5,b-59-850,Egyptian,False,5,4000,2,exp1_permuted_src_datasets
534,5055.716743088,0.0,1738521167.9971175,,2.9802320611338473e-09,1.0,0.001,1,16,40x40,PrototypicalNetwork,5,5,b-59-850,Egyptian,False,5,4000,2,exp1_permuted_src_datasets
535,5055.810271409,0.0,1738521168.0907369,,0.0,1.0,0.001,1,16,40x40,PrototypicalNetwork,5,5,b-59-850,Egyptian,False,5,4000,2,exp1_permuted_src_datasets
536,5055.899083572,0.0,1738521168.1795912,,1.7881387037732566e-08,1.0,0.001,1,16,40x40,PrototypicalNetwork,5,5,b-59-850,Egyptian,False,5,4000,2,exp1_permuted_src_datasets
537,5055.980469685,0.0,1738521168.260888,,1.4901160305669237e-09,1.0,0.001,1,16,40x40,PrototypicalNetwork,5,5,b-59-850,Egyptian,False,5,4000,2,exp1_permuted_src_datasets
538,5056.063989394,0.0,1738521168.3443928,,2.9802320611338473e-09,1.0,0.001,1,16,40x40,PrototypicalNetwork,5,5,b-59-850,Egyptian,False,5,4000,2,exp1_permuted_src_datasets
539,5056.168652564,0.0,1738521168.449052,,0.0,1.0,0.001,1,16,40x40,PrototypicalNetwork,5,5,b-59-850,Egyptian,False,5,4000,2,exp1_permuted_src_datasets
540,5056.269875723,0.0,1738521168.5502317,,4.470347647611561e-09,1.0,0.001,1,16,40x40,PrototypicalNetwork,5,5,b-59-850,Egyptian,False,5,4000,2,exp1_permuted_src_datasets
541,5056.373643979,0.0,1738521168.6541295,,0.0,1.0,0.001,1,16,40x40,PrototypicalNetwork,5,5,b-59-850,Egyptian,False,5,4000,2,exp1_permuted_src_datasets
542,5056.485159869,0.0,1738521168.7655478,,1.4901160305669237e-09,1.0,0.001,1,16,40x40,PrototypicalNetwork,5,5,b-59-850,Egyptian,False,5,4000,2,exp1_permuted_src_datasets
543,5056.578622938,0.0,1738521168.8590944,,1.4901160305669237e-09,1.0,0.001,1,16,40x40,PrototypicalNetwork,5,5,b-59-850,Egyptian,False,5,4000,2,exp1_permuted_src_datasets
544,5056.666342821,0.0,1738521168.9468262,,2.9802320611338473e-09,1.0,0.001,1,16,40x40,PrototypicalNetwork,5,5,b-59-850,Egyptian,False,5,4000,2,exp1_permuted_src_datasets
545,5056.743396473,0.0,1738521169.023868,,1.0430808217165577e-08,1.0,0.001,1,16,40x40,PrototypicalNetwork,5,5,b-59-850,Egyptian,False,5,4000,2,exp1_permuted_src_datasets
546,5056.822701029,0.0,1738521169.1031651,,7.4505792646561986e-09,1.0,0.001,1,16,40x40,PrototypicalNetwork,5,5,b-59-850,Egyptian,False,5,4000,2,exp1_permuted_src_datasets
547,5056.923516236,0.0,1738521169.2039397,,1.4901160305669237e-09,1.0,0.001,1,16,40x40,PrototypicalNetwork,5,5,b-59-850,Egyptian,False,5,4000,2,exp1_permuted_src_datasets
548,5057.037318469,0.0,1738521169.3177953,,0.0,1.0,0.001,1,16,40x40,PrototypicalNetwork,5,5,b-59-850,Egyptian,False,5,4000,2,exp1_permuted_src_datasets
549,5057.130984532,0.0,1738521169.411455,,1.4901160305669237e-09,1.0,0.001,1,16,40x40,PrototypicalNetwork,5,5,b-59-850,Egyptian,False,5,4000,2,exp1_permuted_src_datasets
550,5057.230890505,0.0,1738521169.5114017,,0.0,1.0,0.001,1,16,40x40,PrototypicalNetwork,5,5,b-59-850,Egyptian,False,5,4000,2,exp1_permuted_src_datasets
551,5057.346258887,0.0,1738521169.626652,,0.0,1.0,0.001,1,16,40x40,PrototypicalNetwork,5,5,b-59-850,Egyptian,False,5,4000,2,exp1_permuted_src_datasets
552,5057.440306403,0.0,1738521169.7207568,,1.4901160305669237e-09,1.0,0.001,1,16,40x40,PrototypicalNetwork,5,5,b-59-850,Egyptian,False,5,4000,2,exp1_permuted_src_datasets
553,5057.534467154,0.0,1738521169.8149354,,5.960464122267695e-09,1.0,0.001,1,16,40x40,PrototypicalNetwork,5,5,b-59-850,Egyptian,False,5,4000,2,exp1_permuted_src_datasets
554,5057.621590087,0.0,1738521169.902066,,1.3411042054656264e-08,1.0,0.001,1,16,40x40,PrototypicalNetwork,5,5,b-59-850,Egyptian,False,5,4000,2,exp1_permuted_src_datasets
555,5057.688978377,0.0,1738521169.969439,,4.470348091700771e-09,1.0,0.001,1,16,40x40,PrototypicalNetwork,5,5,b-59-850,Egyptian,False,5,4000,2,exp1_permuted_src_datasets
556,5057.80463646,0.0,1738521170.085048,,1.4901160305669237e-09,1.0,0.001,1,16,40x40,PrototypicalNetwork,5,5,b-59-850,Egyptian,False,5,4000,2,exp1_permuted_src_datasets
557,5057.907038195,0.0,1738521170.1874995,,0.0,1.0,0.001,1,16,40x40,PrototypicalNetwork,5,5,b-59-850,Egyptian,False,5,4000,2,exp1_permuted_src_datasets
558,5058.00233302,0.0,1738521170.2827525,,1.4901160305669237e-09,1.0,0.001,1,16,40x40,PrototypicalNetwork,5,5,b-59-850,Egyptian,False,5,4000,2,exp1_permuted_src_datasets
559,5058.058316442,0.0,1738521170.3387563,,1.192092735635697e-08,1.0,0.001,1,16,40x40,PrototypicalNetwork,5,5,b-59-850,Egyptian,False,5,4000,2,exp1_permuted_src_datasets
560,5058.10070222,0.0,1738521170.3811684,,4.470348091700771e-09,1.0,0.001,1,16,40x40,PrototypicalNetwork,5,5,b-59-850,Egyptian,False,5,4000,2,exp1_permuted_src_datasets
561,5058.181322597,0.0,1738521170.4617507,,0.0,1.0,0.001,1,16,40x40,PrototypicalNetwork,5,5,b-59-850,Egyptian,False,5,4000,2,exp1_permuted_src_datasets
562,5058.249655855,0.0,1738521170.530112,,0.0,1.0,0.001,1,16,40x40,PrototypicalNetwork,5,5,b-59-850,Egyptian,False,5,4000,2,exp1_permuted_src_datasets
563,5058.333394061,0.0,1738521170.613833,,0.0,1.0,0.001,1,16,40x40,PrototypicalNetwork,5,5,b-59-850,Egyptian,False,5,4000,2,exp1_permuted_src_datasets
564,5058.430843135,0.0,1738521170.7113116,,0.0,1.0,0.001,1,16,40x40,PrototypicalNetwork,5,5,b-59-850,Egyptian,False,5,4000,2,exp1_permuted_src_datasets
565,5058.490604983,0.0,1738521170.7710018,,0.0,1.0,0.001,1,16,40x40,PrototypicalNetwork,5,5,b-59-850,Egyptian,False,5,4000,2,exp1_permuted_src_datasets
566,5058.586606868,0.0,1738521170.867058,,1.3411042054656264e-08,1.0,0.001,1,16,40x40,PrototypicalNetwork,5,5,b-59-850,Egyptian,False,5,4000,2,exp1_permuted_src_datasets
567,5058.677425833,0.0,1738521170.957827,,1.4901160305669237e-09,1.0,0.001,1,16,40x40,PrototypicalNetwork,5,5,b-59-850,Egyptian,False,5,4000,2,exp1_permuted_src_datasets
568,5662.350811892,0.0,1738521774.5906837,0.8634499988555908,,,0.001,1,16,40x40,PrototypicalNetwork,5,5,b-59-850,Egyptian,False,5,4000,2,exp1_permuted_src_datasets
569,5662.374534479,0.0,1738521774.6550121,,1.0430810881700836e-08,1.0,0.001,1,16,40x40,PrototypicalNetwork,5,5,b-59-850,Egyptian,False,5,4000,2,exp1_permuted_src_datasets
570,5662.449628485,0.0,1738521774.730097,,5.960464122267695e-09,1.0,0.001,1,16,40x40,PrototypicalNetwork,5,5,b-59-850,Egyptian,False,5,4000,2,exp1_permuted_src_datasets
571,5662.5211967,0.0,1738521774.8016715,,0.0,1.0,0.001,1,16,40x40,PrototypicalNetwork,5,5,b-59-850,Egyptian,False,5,4000,2,exp1_permuted_src_datasets
572,5662.582214215,0.0,1738521774.8626773,,5.960464122267695e-09,1.0,0.001,1,16,40x40,PrototypicalNetwork,5,5,b-59-850,Egyptian,False,5,4000,2,exp1_permuted_src_datasets
573,5662.668001113,0.0,1738521774.9484656,,0.0,1.0,0.001,1,16,40x40,PrototypicalNetwork,5,5,b-59-850,Egyptian,False,5,4000,2,exp1_permuted_src_datasets
574,5662.785437271,0.0,1738521775.0658739,,1.7881390590446244e-08,1.0,0.001,1,16,40x40,PrototypicalNetwork,5,5,b-59-850,Egyptian,False,5,4000,2,exp1_permuted_src_datasets
575,5662.901207611,0.0,1738521775.1815455,,1.4901160305669237e-09,1.0,0.001,1,16,40x40,PrototypicalNetwork,5,5,b-59-850,Egyptian,False,5,4000,2,exp1_permuted_src_datasets
576,5662.986755455,0.0,1738521775.267119,,0.0,1.0,0.001,1,16,40x40,PrototypicalNetwork,5,5,b-59-850,Egyptian,False,5,4000,2,exp1_permuted_src_datasets
577,5663.06609222,0.0,1738521775.3465543,,1.4901160305669237e-09,1.0,0.001,1,16,40x40,PrototypicalNetwork,5,5,b-59-850,Egyptian,False,5,4000,2,exp1_permuted_src_datasets
578,5663.177230313,0.0,1738521775.457616,,0.0,1.0,0.001,1,16,40x40,PrototypicalNetwork,5,5,b-59-850,Egyptian,False,5,4000,2,exp1_permuted_src_datasets
579,5663.287777981,0.0,1738521775.5682113,,0.0,1.0,0.001,1,16,40x40,PrototypicalNetwork,5,5,b-59-850,Egyptian,False,5,4000,2,exp1_permuted_src_datasets
580,5663.414443871,0.0,1738521775.694812,,1.4901160305669237e-09,1.0,0.001,1,16,40x40,PrototypicalNetwork,5,5,b-59-850,Egyptian,False,5,4000,2,exp1_permuted_src_datasets
581,5663.519258167,0.0,1738521775.799662,,0.0,1.0,0.001,1,16,40x40,PrototypicalNetwork,5,5,b-59-850,Egyptian,False,5,4000,2,exp1_permuted_src_datasets
582,5663.654945239,0.0,1738521775.935418,,0.0,1.0,0.001,1,16,40x40,PrototypicalNetwork,5,5,b-59-850,Egyptian,False,5,4000,2,exp1_permuted_src_datasets
583,5663.767289432,0.0,1738521776.047682,,0.0,1.0,0.001,1,16,40x40,PrototypicalNetwork,5,5,b-59-850,Egyptian,False,5,4000,2,exp1_permuted_src_datasets
584,5663.850069823,0.0,1738521776.1305566,,0.0,1.0,0.001,1,16,40x40,PrototypicalNetwork,5,5,b-59-850,Egyptian,False,5,4000,2,exp1_permuted_src_datasets
585,5663.936215402,0.0,1738521776.216678,,0.0,1.0,0.001,1,16,40x40,PrototypicalNetwork,5,5,b-59-850,Egyptian,False,5,4000,2,exp1_permuted_src_datasets
586,5664.030336055,0.0,1738521776.3108308,,0.0,1.0,0.001,1,16,40x40,PrototypicalNetwork,5,5,b-59-850,Egyptian,False,5,4000,2,exp1_permuted_src_datasets
587,5664.101056607,0.0,1738521776.3814983,,1.4901160305669237e-09,1.0,0.001,1,16,40x40,PrototypicalNetwork,5,5,b-59-850,Egyptian,False,5,4000,2,exp1_permuted_src_datasets
588,5664.165704132,0.0,1738521776.4462254,,1.4901160305669237e-09,1.0,0.001,1,16,40x40,PrototypicalNetwork,5,5,b-59-850,Egyptian,False,5,4000,2,exp1_permuted_src_datasets
589,5664.244094474,0.0,1738521776.5245743,,0.0,1.0,0.001,1,16,40x40,PrototypicalNetwork,5,5,b-59-850,Egyptian,False,5,4000,2,exp1_permuted_src_datasets
590,5664.315018803,0.0,1738521776.595471,,5.189082003198564e-06,1.0,0.001,1,16,40x40,PrototypicalNetwork,5,5,b-59-850,Egyptian,False,5,4000,2,exp1_permuted_src_datasets
591,5664.3992633,0.0,1738521776.679723,,1.4901160305669237e-09,1.0,0.001,1,16,40x40,PrototypicalNetwork,5,5,b-59-850,Egyptian,False,5,4000,2,exp1_permuted_src_datasets
592,5664.448005809,0.0,1738521776.728487,,4.470348091700771e-09,1.0,0.001,1,16,40x40,PrototypicalNetwork,5,5,b-59-850,Egyptian,False,5,4000,2,exp1_permuted_src_datasets
593,5664.518198542,0.0,1738521776.7985816,,5.960464122267695e-09,1.0,0.001,1,16,40x40,PrototypicalNetwork,5,5,b-59-850,Egyptian,False,5,4000,2,exp1_permuted_src_datasets
594,5664.621022872,0.0,1738521776.90142,,0.0,1.0,0.001,1,16,40x40,PrototypicalNetwork,5,5,b-59-850,Egyptian,False,5,4000,2,exp1_permuted_src_datasets
595,5664.707138915,0.0,1738521776.9876094,,2.9802318390892424e-09,1.0,0.001,1,16,40x40,PrototypicalNetwork,5,5,b-59-850,Egyptian,False,5,4000,2,exp1_permuted_src_datasets
596,5664.763416364,0.0,1738521777.0439034,,2.9802320611338473e-09,1.0,0.001,1,16,40x40,PrototypicalNetwork,5,5,b-59-850,Egyptian,False,5,4000,2,exp1_permuted_src_datasets
597,5664.853215784,0.0,1738521777.1336827,,0.0,1.0,0.001,1,16,40x40,PrototypicalNetwork,5,5,b-59-850,Egyptian,False,5,4000,2,exp1_permuted_src_datasets
598,5664.928170274,0.0,1738521777.2086449,,2.9802320611338473e-09,1.0,0.001,1,16,40x40,PrototypicalNetwork,5,5,b-59-850,Egyptian,False,5,4000,2,exp1_permuted_src_datasets
599,5664.979821987,0.0,1738521777.2603264,,0.0,1.0,0.001,1,16,40x40,PrototypicalNetwork,5,5,b-59-850,Egyptian,False,5,4000,2,exp1_permuted_src_datasets
600,5665.056307402,0.0,1738521777.336783,,1.0132762184866806e-07,1.0,0.001,1,16,40x40,PrototypicalNetwork,5,5,b-59-850,Egyptian,False,5,4000,2,exp1_permuted_src_datasets
601,5665.16480625,0.0,1738521777.4452167,,5.960464122267695e-09,1.0,0.001,1,16,40x40,PrototypicalNetwork,5,5,b-59-850,Egyptian,False,5,4000,2,exp1_permuted_src_datasets
602,5665.243571288,0.0,1738521777.5239985,,1.4901160305669237e-09,1.0,0.001,1,16,40x40,PrototypicalNetwork,5,5,b-59-850,Egyptian,False,5,4000,2,exp1_permuted_src_datasets
603,5665.31312977,0.0,1738521777.593582,,4.470348091700771e-09,1.0,0.001,1,16,40x40,PrototypicalNetwork,5,5,b-59-850,Egyptian,False,5,4000,2,exp1_permuted_src_datasets
604,5665.412077943,0.0,1738521777.6925325,,0.0,1.0,0.001,1,16,40x40,PrototypicalNetwork,5,5,b-59-850,Egyptian,False,5,4000,2,exp1_permuted_src_datasets
605,5665.502570332,0.0,1738521777.7830663,,5.960463678178485e-09,1.0,0.001,1,16,40x40,PrototypicalNetwork,5,5,b-59-850,Egyptian,False,5,4000,2,exp1_permuted_src_datasets
606,5665.604060691,0.0,1738521777.884446,,5.960464122267695e-09,1.0,0.001,1,16,40x40,PrototypicalNetwork,5,5,b-59-850,Egyptian,False,5,4000,2,exp1_permuted_src_datasets
607,5665.681763003,0.0,1738521777.9622529,,0.0,1.0,0.001,1,16,40x40,PrototypicalNetwork,5,5,b-59-850,Egyptian,False,5,4000,2,exp1_permuted_src_datasets
608,5665.776086583,0.0,1738521778.0565078,,0.0,1.0,0.001,1,16,40x40,PrototypicalNetwork,5,5,b-59-850,Egyptian,False,5,4000,2,exp1_permuted_src_datasets
609,5665.861928023,0.0,1738521778.142328,,4.470348091700771e-09,1.0,0.001,1,16,40x40,PrototypicalNetwork,5,5,b-59-850,Egyptian,False,5,4000,2,exp1_permuted_src_datasets
610,5665.943168795,0.0,1738521778.2236626,,2.9802320611338473e-09,1.0,0.001,1,16,40x40,PrototypicalNetwork,5,5,b-59-850,Egyptian,False,5,4000,2,exp1_permuted_src_datasets
611,5666.01816945,0.0,1738521778.2986264,,2.9802320611338473e-09,1.0,0.001,1,16,40x40,PrototypicalNetwork,5,5,b-59-850,Egyptian,False,5,4000,2,exp1_permuted_src_datasets
612,5666.060269954,0.0,1738521778.3407626,,1.4901160305669237e-09,1.0,0.001,1,16,40x40,PrototypicalNetwork,5,5,b-59-850,Egyptian,False,5,4000,2,exp1_permuted_src_datasets
613,5666.143616497,0.0,1738521778.4240963,,1.4901160305669237e-09,1.0,0.001,1,16,40x40,PrototypicalNetwork,5,5,b-59-850,Egyptian,False,5,4000,2,exp1_permuted_src_datasets
614,5666.233041007,0.0,1738521778.5134501,,0.0,1.0,0.001,1,16,40x40,PrototypicalNetwork,5,5,b-59-850,Egyptian,False,5,4000,2,exp1_permuted_src_datasets
615,5666.325396576,0.0,1738521778.605774,,0.0,1.0,0.001,1,16,40x40,PrototypicalNetwork,5,5,b-59-850,Egyptian,False,5,4000,2,exp1_permuted_src_datasets
616,5666.387490814,0.0,1738521778.6679695,,5.960464122267695e-09,1.0,0.001,1,16,40x40,PrototypicalNetwork,5,5,b-59-850,Egyptian,False,5,4000,2,exp1_permuted_src_datasets
617,5666.488007894,0.0,1738521778.7684762,,0.0,1.0,0.001,1,16,40x40,PrototypicalNetwork,5,5,b-59-850,Egyptian,False,5,4000,2,exp1_permuted_src_datasets
618,5666.58073497,0.0,1738521778.8611953,,8.940693518866283e-09,1.0,0.001,1,16,40x40,PrototypicalNetwork,5,5,b-59-850,Egyptian,False,5,4000,2,exp1_permuted_src_datasets
619,5666.646488162,0.0,1738521778.9269345,,0.0,1.0,0.001,1,16,40x40,PrototypicalNetwork,5,5,b-59-850,Egyptian,False,5,4000,2,exp1_permuted_src_datasets
620,5666.720834859,0.0,1738521779.0013053,,2.0861614657974314e-08,1.0,0.001,1,16,40x40,PrototypicalNetwork,5,5,b-59-850,Egyptian,False,5,4000,2,exp1_permuted_src_datasets
621,5666.819399177,0.0,1738521779.0999196,,4.470348091700771e-09,1.0,0.001,1,16,40x40,PrototypicalNetwork,5,5,b-59-850,Egyptian,False,5,4000,2,exp1_permuted_src_datasets
622,5666.891246152,0.0,1738521779.1717033,,7.4505792646561986e-09,1.0,0.001,1,16,40x40,PrototypicalNetwork,5,5,b-59-850,Egyptian,False,5,4000,2,exp1_permuted_src_datasets
623,5666.988409871,0.0,1738521779.2688606,,0.0,1.0,0.001,1,16,40x40,PrototypicalNetwork,5,5,b-59-850,Egyptian,False,5,4000,2,exp1_permuted_src_datasets
624,5667.069594607,0.0,1738521779.3500285,,4.470348091700771e-09,1.0,0.001,1,16,40x40,PrototypicalNetwork,5,5,b-59-850,Egyptian,False,5,4000,2,exp1_permuted_src_datasets
625,5667.148247482,0.0,1738521779.4286785,,7.4505797087454084e-09,1.0,0.001,1,16,40x40,PrototypicalNetwork,5,5,b-59-850,Egyptian,False,5,4000,2,exp1_permuted_src_datasets
626,5667.267459429,0.0,1738521779.5479434,,0.0,1.0,0.001,1,16,40x40,PrototypicalNetwork,5,5,b-59-850,Egyptian,False,5,4000,2,exp1_permuted_src_datasets
627,5667.316326341,0.0,1738521779.5968003,,0.0,1.0,0.001,1,16,40x40,PrototypicalNetwork,5,5,b-59-850,Egyptian,False,5,4000,2,exp1_permuted_src_datasets
628,5667.398301612,0.0,1738521779.6787636,,0.0,1.0,0.001,1,16,40x40,PrototypicalNetwork,5,5,b-59-850,Egyptian,False,5,4000,2,exp1_permuted_src_datasets
629,5667.471503314,0.0,1738521779.7518408,,0.0,1.0,0.001,1,16,40x40,PrototypicalNetwork,5,5,b-59-850,Egyptian,False,5,4000,2,exp1_permuted_src_datasets
630,5667.550529848,0.0,1738521779.8309937,,8.940696183401542e-09,1.0,0.001,1,16,40x40,PrototypicalNetwork,5,5,b-59-850,Egyptian,False,5,4000,2,exp1_permuted_src_datasets
631,6247.528366567,0.0,1738522359.808965,0.8687000000476837,,,0.001,1,16,40x40,PrototypicalNetwork,5,5,b-59-850,Egyptian,False,5,4000,2,exp1_permuted_src_datasets
632,6247.529857012,1.0,1738522359.8105001,,,,0.001,1,16,40x40,PrototypicalNetwork,5,5,b-59-850,Egyptian,False,5,4000,2,exp1_permuted_src_datasets
633,6769.813062756,1.0,1738522882.0936425,0.8247499992847442,,,0.001,1,16,40x40,PrototypicalNetwork,5,5,b-59-850,Egyptian,False,5,4000,2,exp1_permuted_src_datasets
634,6769.886403835,1.0,1738522882.1668963,,0.0004443829820957035,1.0,0.001,1,16,40x40,PrototypicalNetwork,5,5,b-59-850,Egyptian,False,5,4000,2,exp1_permuted_src_datasets
635,6769.981394591,1.0,1738522882.2617967,,0.00011560367420315742,1.0,0.001,1,16,40x40,PrototypicalNetwork,5,5,b-59-850,Egyptian,False,5,4000,2,exp1_permuted_src_datasets
636,6770.037047666,1.0,1738522882.3175454,,3.0724357202416286e-05,1.0,0.001,1,16,40x40,PrototypicalNetwork,5,5,b-59-850,Egyptian,False,5,4000,2,exp1_permuted_src_datasets
637,6770.079848854,1.0,1738522882.3603344,,6.636768375756219e-06,1.0,0.001,1,16,40x40,PrototypicalNetwork,5,5,b-59-850,Egyptian,False,5,4000,2,exp1_permuted_src_datasets
638,6770.141319839,1.0,1738522882.4217732,,2.6061854896397563e-06,1.0,0.001,1,16,40x40,PrototypicalNetwork,5,5,b-59-850,Egyptian,False,5,4000,2,exp1_permuted_src_datasets
639,6770.221513255,1.0,1738522882.501949,,9.208869187204982e-07,1.0,0.001,1,16,40x40,PrototypicalNetwork,5,5,b-59-850,Egyptian,False,5,4000,2,exp1_permuted_src_datasets
640,6770.28178687,1.0,1738522882.56225,,7.897595537542657e-07,1.0,0.001,1,16,40x40,PrototypicalNetwork,5,5,b-59-850,Egyptian,False,5,4000,2,exp1_permuted_src_datasets
641,6770.355073102,1.0,1738522882.635526,,9.268466101275408e-07,1.0,0.001,1,16,40x40,PrototypicalNetwork,5,5,b-59-850,Egyptian,False,5,4000,2,exp1_permuted_src_datasets
642,6770.416509446,1.0,1738522882.6969836,,1.0281799234235223e-07,1.0,0.001,1,16,40x40,PrototypicalNetwork,5,5,b-59-850,Egyptian,False,5,4000,2,exp1_permuted_src_datasets
643,6770.524201546,1.0,1738522882.8046892,,6.705518273975031e-08,1.0,0.001,1,16,40x40,PrototypicalNetwork,5,5,b-59-850,Egyptian,False,5,4000,2,exp1_permuted_src_datasets
644,6770.591247739,1.0,1738522882.8717198,,7.301566995465691e-08,1.0,0.001,1,16,40x40,PrototypicalNetwork,5,5,b-59-850,Egyptian,False,5,4000,2,exp1_permuted_src_datasets
645,6770.659118193,1.0,1738522882.93959,,7.942209094835562e-07,1.0,0.001,1,16,40x40,PrototypicalNetwork,5,5,b-59-850,Egyptian,False,5,4000,2,exp1_permuted_src_datasets
646,6770.701800172,1.0,1738522882.9822915,,4.4703433843551466e-08,1.0,0.001,1,16,40x40,PrototypicalNetwork,5,5,b-59-850,Egyptian,False,5,4000,2,exp1_permuted_src_datasets
647,6770.758441995,1.0,1738522883.0389576,,4.172322576323495e-08,1.0,0.001,1,16,40x40,PrototypicalNetwork,5,5,b-59-850,Egyptian,False,5,4000,2,exp1_permuted_src_datasets
648,6770.810624476,1.0,1738522883.0911648,,1.639127411579011e-08,1.0,0.001,1,16,40x40,PrototypicalNetwork,5,5,b-59-850,Egyptian,False,5,4000,2,exp1_permuted_src_datasets
649,6770.875204252,1.0,1738522883.1556551,,1.9371508841459217e-08,1.0,0.001,1,16,40x40,PrototypicalNetwork,5,5,b-59-850,Egyptian,False,5,4000,2,exp1_permuted_src_datasets
650,6770.936096139,1.0,1738522883.2166028,,3.129242998056725e-08,1.0,0.001,1,16,40x40,PrototypicalNetwork,5,5,b-59-850,Egyptian,False,5,4000,2,exp1_permuted_src_datasets
651,6771.013110204,1.0,1738522883.293617,,1.3411043831013103e-08,1.0,0.001,1,16,40x40,PrototypicalNetwork,5,5,b-59-850,Egyptian,False,5,4000,2,exp1_permuted_src_datasets
652,6771.06730212,1.0,1738522883.3477752,,5.483541940520809e-07,1.0,0.001,1,16,40x40,PrototypicalNetwork,5,5,b-59-850,Egyptian,False,5,4000,2,exp1_permuted_src_datasets
653,6771.148282544,1.0,1738522883.428754,,1.0430810881700836e-08,1.0,0.001,1,16,40x40,PrototypicalNetwork,5,5,b-59-850,Egyptian,False,5,4000,2,exp1_permuted_src_datasets
654,6771.232255548,1.0,1738522883.5127428,,1.0579799436527537e-07,1.0,0.001,1,16,40x40,PrototypicalNetwork,5,5,b-59-850,Egyptian,False,5,4000,2,exp1_permuted_src_datasets
655,6771.307405838,1.0,1738522883.5878718,,1.7881392366803084e-08,1.0,0.001,1,16,40x40,PrototypicalNetwork,5,5,b-59-850,Egyptian,False,5,4000,2,exp1_permuted_src_datasets
656,6771.384637613,1.0,1738522883.665121,,5.960463678178485e-09,1.0,0.001,1,16,40x40,PrototypicalNetwork,5,5,b-59-850,Egyptian,False,5,4000,2,exp1_permuted_src_datasets
657,6771.435705639,1.0,1738522883.7161992,,4.09779715937475e-07,1.0,0.001,1,16,40x40,PrototypicalNetwork,5,5,b-59-850,Egyptian,False,5,4000,2,exp1_permuted_src_datasets
658,6771.485452825,1.0,1738522883.765931,,1.4901160305669237e-09,1.0,0.001,1,16,40x40,PrototypicalNetwork,5,5,b-59-850,Egyptian,False,5,4000,2,exp1_permuted_src_datasets
659,6771.546463079,1.0,1738522883.8269181,,2.1308558473265293e-07,1.0,0.001,1,16,40x40,PrototypicalNetwork,5,5,b-59-850,Egyptian,False,5,4000,2,exp1_permuted_src_datasets
660,6771.5928821,1.0,1738522883.873364,,2.056343362255575e-07,1.0,0.001,1,16,40x40,PrototypicalNetwork,5,5,b-59-850,Egyptian,False,5,4000,2,exp1_permuted_src_datasets
661,6771.648356894,1.0,1738522883.9288015,,8.940694407044703e-09,1.0,0.001,1,16,40x40,PrototypicalNetwork,5,5,b-59-850,Egyptian,False,5,4000,2,exp1_permuted_src_datasets
662,6771.738846205,1.0,1738522884.0192688,,7.4505797087454084e-09,1.0,0.001,1,16,40x40,PrototypicalNetwork,5,5,b-59-850,Egyptian,False,5,4000,2,exp1_permuted_src_datasets
663,6771.796416117,1.0,1738522884.076899,,0.0,1.0,0.001,1,16,40x40,PrototypicalNetwork,5,5,b-59-850,Egyptian,False,5,4000,2,exp1_permuted_src_datasets
664,6771.838994345,1.0,1738522884.1194868,,1.0430811769879256e-08,1.0,0.001,1,16,40x40,PrototypicalNetwork,5,5,b-59-850,Egyptian,False,5,4000,2,exp1_permuted_src_datasets
665,6771.909638575,1.0,1738522884.1901023,,1.639127411579011e-08,1.0,0.001,1,16,40x40,PrototypicalNetwork,5,5,b-59-850,Egyptian,False,5,4000,2,exp1_permuted_src_datasets
666,6771.988512746,1.0,1738522884.2690036,,2.9802318390892424e-09,1.0,0.001,1,16,40x40,PrototypicalNetwork,5,5,b-59-850,Egyptian,False,5,4000,2,exp1_permuted_src_datasets
667,6772.075583113,1.0,1738522884.3560295,,7.4505797087454084e-09,1.0,0.001,1,16,40x40,PrototypicalNetwork,5,5,b-59-850,Egyptian,False,5,4000,2,exp1_permuted_src_datasets
668,6772.138226257,1.0,1738522884.4187143,,1.4901160305669237e-09,1.0,0.001,1,16,40x40,PrototypicalNetwork,5,5,b-59-850,Egyptian,False,5,4000,2,exp1_permuted_src_datasets
669,6772.205986012,1.0,1738522884.4864717,,2.3841845830929742e-08,1.0,0.001,1,16,40x40,PrototypicalNetwork,5,5,b-59-850,Egyptian,False,5,4000,2,exp1_permuted_src_datasets
670,6772.248621048,1.0,1738522884.529138,,2.9802318390892424e-09,1.0,0.001,1,16,40x40,PrototypicalNetwork,5,5,b-59-850,Egyptian,False,5,4000,2,exp1_permuted_src_datasets
671,6772.318238463,1.0,1738522884.5987325,,0.0,1.0,0.001,1,16,40x40,PrototypicalNetwork,5,5,b-59-850,Egyptian,False,5,4000,2,exp1_permuted_src_datasets
672,6772.417377466,1.0,1738522884.6978867,,2.9802320611338473e-09,1.0,0.001,1,16,40x40,PrototypicalNetwork,5,5,b-59-850,Egyptian,False,5,4000,2,exp1_permuted_src_datasets
673,6772.494288473,1.0,1738522884.774758,,2.9802320611338473e-09,1.0,0.001,1,16,40x40,PrototypicalNetwork,5,5,b-59-850,Egyptian,False,5,4000,2,exp1_permuted_src_datasets
674,6772.545180348,1.0,1738522884.8256948,,1.4901160305669237e-09,1.0,0.001,1,16,40x40,PrototypicalNetwork,5,5,b-59-850,Egyptian,False,5,4000,2,exp1_permuted_src_datasets
675,6772.58481489,1.0,1738522884.865314,,0.0,1.0,0.001,1,16,40x40,PrototypicalNetwork,5,5,b-59-850,Egyptian,False,5,4000,2,exp1_permuted_src_datasets
676,6772.647915469,1.0,1738522884.928341,,1.4901160305669237e-09,1.0,0.001,1,16,40x40,PrototypicalNetwork,5,5,b-59-850,Egyptian,False,5,4000,2,exp1_permuted_src_datasets
677,6772.688452039,1.0,1738522884.9689438,,2.9802320611338473e-09,1.0,0.001,1,16,40x40,PrototypicalNetwork,5,5,b-59-850,Egyptian,False,5,4000,2,exp1_permuted_src_datasets
678,6772.73284735,1.0,1738522885.0133114,,7.450578376477779e-09,1.0,0.001,1,16,40x40,PrototypicalNetwork,5,5,b-59-850,Egyptian,False,5,4000,2,exp1_permuted_src_datasets
679,6772.77381463,1.0,1738522885.0542765,,4.172320444695288e-08,1.0,0.001,1,16,40x40,PrototypicalNetwork,5,5,b-59-850,Egyptian,False,5,4000,2,exp1_permuted_src_datasets
680,6772.813378131,1.0,1738522885.0938718,,2.9802320611338473e-09,1.0,0.001,1,16,40x40,PrototypicalNetwork,5,5,b-59-850,Egyptian,False,5,4000,2,exp1_permuted_src_datasets
681,6772.85380583,1.0,1738522885.1342423,,5.960464122267695e-09,1.0,0.001,1,16,40x40,PrototypicalNetwork,5,5,b-59-850,Egyptian,False,5,4000,2,exp1_permuted_src_datasets
682,6772.893485702,1.0,1738522885.17397,,5.066393171659911e-08,1.0,0.001,1,16,40x40,PrototypicalNetwork,5,5,b-59-850,Egyptian,False,5,4000,2,exp1_permuted_src_datasets
683,6772.932533843,1.0,1738522885.2130265,,7.4505797087454084e-09,1.0,0.001,1,16,40x40,PrototypicalNetwork,5,5,b-59-850,Egyptian,False,5,4000,2,exp1_permuted_src_datasets
684,6772.976474135,1.0,1738522885.2569616,,7.4505792646561986e-09,1.0,0.001,1,16,40x40,PrototypicalNetwork,5,5,b-59-850,Egyptian,False,5,4000,2,exp1_permuted_src_datasets
685,6773.018796859,1.0,1738522885.299296,,2.235172402720309e-08,1.0,0.001,1,16,40x40,PrototypicalNetwork,5,5,b-59-850,Egyptian,False,5,4000,2,exp1_permuted_src_datasets
686,6773.091614151,1.0,1738522885.372094,,0.0,1.0,0.001,1,16,40x40,PrototypicalNetwork,5,5,b-59-850,Egyptian,False,5,4000,2,exp1_permuted_src_datasets
687,6773.14991045,1.0,1738522885.4303772,,2.9802318390892424e-09,1.0,0.001,1,16,40x40,PrototypicalNetwork,5,5,b-59-850,Egyptian,False,5,4000,2,exp1_permuted_src_datasets
688,6773.193281674,1.0,1738522885.4736729,,2.8312186373113946e-08,1.0,0.001,1,16,40x40,PrototypicalNetwork,5,5,b-59-850,Egyptian,False,5,4000,2,exp1_permuted_src_datasets
689,6773.258020432,1.0,1738522885.5385182,,1.4901160305669237e-09,1.0,0.001,1,16,40x40,PrototypicalNetwork,5,5,b-59-850,Egyptian,False,5,4000,2,exp1_permuted_src_datasets
690,6773.324901359,1.0,1738522885.6054165,,1.4901160305669237e-09,1.0,0.001,1,16,40x40,PrototypicalNetwork,5,5,b-59-850,Egyptian,False,5,4000,2,exp1_permuted_src_datasets
691,6773.401011986,1.0,1738522885.6815019,,0.0,1.0,0.001,1,16,40x40,PrototypicalNetwork,5,5,b-59-850,Egyptian,False,5,4000,2,exp1_permuted_src_datasets
692,6773.470251608,1.0,1738522885.750726,,4.470348091700771e-09,1.0,0.001,1,16,40x40,PrototypicalNetwork,5,5,b-59-850,Egyptian,False,5,4000,2,exp1_permuted_src_datasets
693,6773.533145451,1.0,1738522885.8136268,,2.9802320611338473e-09,1.0,0.001,1,16,40x40,PrototypicalNetwork,5,5,b-59-850,Egyptian,False,5,4000,2,exp1_permuted_src_datasets
694,6773.600843907,1.0,1738522885.8813553,,0.0,1.0,0.001,1,16,40x40,PrototypicalNetwork,5,5,b-59-850,Egyptian,False,5,4000,2,exp1_permuted_src_datasets
695,6773.672722835,1.0,1738522885.953158,,0.0,1.0,0.001,1,16,40x40,PrototypicalNetwork,5,5,b-59-850,Egyptian,False,5,4000,2,exp1_permuted_src_datasets
696,7284.710788605,1.0,1738523396.944747,0.8626500015258789,,,0.001,1,16,40x40,PrototypicalNetwork,5,5,b-59-850,Egyptian,False,5,4000,2,exp1_permuted_src_datasets
697,7284.732696853,1.0,1738523397.0132198,,2.9802320611338473e-09,1.0,0.001,1,16,40x40,PrototypicalNetwork,5,5,b-59-850,Egyptian,False,5,4000,2,exp1_permuted_src_datasets
698,7284.77228702,1.0,1738523397.0528088,,1.4901160305669237e-09,1.0,0.001,1,16,40x40,PrototypicalNetwork,5,5,b-59-850,Egyptian,False,5,4000,2,exp1_permuted_src_datasets
699,7284.851162788,1.0,1738523397.131558,,1.937150173603186e-08,1.0,0.001,1,16,40x40,PrototypicalNetwork,5,5,b-59-850,Egyptian,False,5,4000,2,exp1_permuted_src_datasets
700,7284.933044301,1.0,1738523397.2135143,,1.3411039390121005e-08,1.0,0.001,1,16,40x40,PrototypicalNetwork,5,5,b-59-850,Egyptian,False,5,4000,2,exp1_permuted_src_datasets
701,7284.973747274,1.0,1738523397.2542567,,1.4901160305669237e-09,1.0,0.001,1,16,40x40,PrototypicalNetwork,5,5,b-59-850,Egyptian,False,5,4000,2,exp1_permuted_src_datasets
702,7285.058609607,1.0,1738523397.3390841,,2.9802318390892424e-09,1.0,0.001,1,16,40x40,PrototypicalNetwork,5,5,b-59-850,Egyptian,False,5,4000,2,exp1_permuted_src_datasets
703,7285.122240705,1.0,1738523397.402724,,0.0,1.0,0.001,1,16,40x40,PrototypicalNetwork,5,5,b-59-850,Egyptian,False,5,4000,2,exp1_permuted_src_datasets
704,7285.195220144,1.0,1738523397.475635,,1.0430811769879256e-08,1.0,0.001,1,16,40x40,PrototypicalNetwork,5,5,b-59-850,Egyptian,False,5,4000,2,exp1_permuted_src_datasets
705,7285.254880272,1.0,1738523397.5353453,,4.470347647611561e-09,1.0,0.001,1,16,40x40,PrototypicalNetwork,5,5,b-59-850,Egyptian,False,5,4000,2,exp1_permuted_src_datasets
706,7285.30285616,1.0,1738523397.5833275,,0.0,1.0,0.001,1,16,40x40,PrototypicalNetwork,5,5,b-59-850,Egyptian,False,5,4000,2,exp1_permuted_src_datasets
707,7285.37456519,1.0,1738523397.6550903,,1.4901160305669237e-09,1.0,0.001,1,16,40x40,PrototypicalNetwork,5,5,b-59-850,Egyptian,False,5,4000,2,exp1_permuted_src_datasets
708,7285.442422651,1.0,1738523397.7229,,2.9802318390892424e-09,1.0,0.001,1,16,40x40,PrototypicalNetwork,5,5,b-59-850,Egyptian,False,5,4000,2,exp1_permuted_src_datasets
709,7285.497245069,1.0,1738523397.7777216,,2.5331965858299554e-08,1.0,0.001,1,16,40x40,PrototypicalNetwork,5,5,b-59-850,Egyptian,False,5,4000,2,exp1_permuted_src_datasets
710,7285.553982405,1.0,1738523397.8344576,,2.9802320611338473e-09,1.0,0.001,1,16,40x40,PrototypicalNetwork,5,5,b-59-850,Egyptian,False,5,4000,2,exp1_permuted_src_datasets
711,7285.62233478,1.0,1738523397.902814,,2.235172935627361e-08,1.0,0.001,1,16,40x40,PrototypicalNetwork,5,5,b-59-850,Egyptian,False,5,4000,2,exp1_permuted_src_datasets
712,7285.675029754,1.0,1738523397.955526,,0.0,1.0,0.001,1,16,40x40,PrototypicalNetwork,5,5,b-59-850,Egyptian,False,5,4000,2,exp1_permuted_src_datasets
713,7285.739120997,1.0,1738523398.0195858,,5.960463234089275e-09,1.0,0.001,1,16,40x40,PrototypicalNetwork,5,5,b-59-850,Egyptian,False,5,4000,2,exp1_permuted_src_datasets
714,7285.822214031,1.0,1738523398.1026418,,5.960463234089275e-09,1.0,0.001,1,16,40x40,PrototypicalNetwork,5,5,b-59-850,Egyptian,False,5,4000,2,exp1_permuted_src_datasets
715,7285.898281563,1.0,1738523398.1787694,,8.940696183401542e-09,1.0,0.001,1,16,40x40,PrototypicalNetwork,5,5,b-59-850,Egyptian,False,5,4000,2,exp1_permuted_src_datasets
716,7285.953626707,1.0,1738523398.2340791,,1.4901156752955558e-08,1.0,0.001,1,16,40x40,PrototypicalNetwork,5,5,b-59-850,Egyptian,False,5,4000,2,exp1_permuted_src_datasets
717,7286.003567228,1.0,1738523398.284041,,1.4901160305669237e-09,1.0,0.001,1,16,40x40,PrototypicalNetwork,5,5,b-59-850,Egyptian,False,5,4000,2,exp1_permuted_src_datasets
718,7286.043855923,1.0,1738523398.3243144,,1.3411041166477844e-08,1.0,0.001,1,16,40x40,PrototypicalNetwork,5,5,b-59-850,Egyptian,False,5,4000,2,exp1_permuted_src_datasets
719,7286.083393503,1.0,1738523398.3638694,,2.9802318390892424e-09,1.0,0.001,1,16,40x40,PrototypicalNetwork,5,5,b-59-850,Egyptian,False,5,4000,2,exp1_permuted_src_datasets
720,7286.144019174,1.0,1738523398.424499,,1.4901160305669237e-09,1.0,0.001,1,16,40x40,PrototypicalNetwork,5,5,b-59-850,Egyptian,False,5,4000,2,exp1_permuted_src_datasets
721,7286.222571036,1.0,1738523398.502986,,0.0,1.0,0.001,1,16,40x40,PrototypicalNetwork,5,5,b-59-850,Egyptian,False,5,4000,2,exp1_permuted_src_datasets
722,7286.297138904,1.0,1738523398.5776222,,1.4901160305669237e-09,1.0,0.001,1,16,40x40,PrototypicalNetwork,5,5,b-59-850,Egyptian,False,5,4000,2,exp1_permuted_src_datasets
723,7286.362262394,1.0,1738523398.6427429,,1.0430811769879256e-08,1.0,0.001,1,16,40x40,PrototypicalNetwork,5,5,b-59-850,Egyptian,False,5,4000,2,exp1_permuted_src_datasets
724,7286.427094087,1.0,1738523398.7075768,,2.9802320611338473e-09,1.0,0.001,1,16,40x40,PrototypicalNetwork,5,5,b-59-850,Egyptian,False,5,4000,2,exp1_permuted_src_datasets
725,7286.466825093,1.0,1738523398.7473214,,1.4901160305669237e-09,1.0,0.001,1,16,40x40,PrototypicalNetwork,5,5,b-59-850,Egyptian,False,5,4000,2,exp1_permuted_src_datasets
726,7286.544306232,1.0,1738523398.8247502,,0.0,1.0,0.001,1,16,40x40,PrototypicalNetwork,5,5,b-59-850,Egyptian,False,5,4000,2,exp1_permuted_src_datasets
727,7286.635655583,1.0,1738523398.9161456,,5.960463678178485e-09,1.0,0.001,1,16,40x40,PrototypicalNetwork,5,5,b-59-850,Egyptian,False,5,4000,2,exp1_permuted_src_datasets
728,7286.678212129,1.0,1738523398.95872,,0.0,1.0,0.001,1,16,40x40,PrototypicalNetwork,5,5,b-59-850,Egyptian,False,5,4000,2,exp1_permuted_src_datasets
729,7286.721441978,1.0,1738523399.0019357,,2.9802320611338473e-09,1.0,0.001,1,16,40x40,PrototypicalNetwork,5,5,b-59-850,Egyptian,False,5,4000,2,exp1_permuted_src_datasets
730,7286.768352919,1.0,1738523399.0488129,,0.0,1.0,0.001,1,16,40x40,PrototypicalNetwork,5,5,b-59-850,Egyptian,False,5,4000,2,exp1_permuted_src_datasets
731,7286.821899696,1.0,1738523399.102383,,1.4901160305669237e-09,1.0,0.001,1,16,40x40,PrototypicalNetwork,5,5,b-59-850,Egyptian,False,5,4000,2,exp1_permuted_src_datasets
732,7286.861772738,1.0,1738523399.1422725,,0.0,1.0,0.001,1,16,40x40,PrototypicalNetwork,5,5,b-59-850,Egyptian,False,5,4000,2,exp1_permuted_src_datasets
733,7286.901782097,1.0,1738523399.1822677,,4.470348091700771e-09,1.0,0.001,1,16,40x40,PrototypicalNetwork,5,5,b-59-850,Egyptian,False,5,4000,2,exp1_permuted_src_datasets
734,7286.952499749,1.0,1738523399.232893,,4.097771011402074e-07,1.0,0.001,1,16,40x40,PrototypicalNetwork,5,5,b-59-850,Egyptian,False,5,4000,2,exp1_permuted_src_datasets
735,7286.996328728,1.0,1738523399.2768183,,1.4901160305669237e-09,1.0,0.001,1,16,40x40,PrototypicalNetwork,5,5,b-59-850,Egyptian,False,5,4000,2,exp1_permuted_src_datasets
736,7287.061239021,1.0,1738523399.3417234,,0.0,1.0,0.001,1,16,40x40,PrototypicalNetwork,5,5,b-59-850,Egyptian,False,5,4000,2,exp1_permuted_src_datasets
737,7287.141132695,1.0,1738523399.4215405,,4.470348091700771e-09,1.0,0.001,1,16,40x40,PrototypicalNetwork,5,5,b-59-850,Egyptian,False,5,4000,2,exp1_permuted_src_datasets
738,7287.205955212,1.0,1738523399.4863935,,3.427262740274273e-08,1.0,0.001,1,16,40x40,PrototypicalNetwork,5,5,b-59-850,Egyptian,False,5,4000,2,exp1_permuted_src_datasets
739,7287.26683214,1.0,1738523399.5472937,,0.0,1.0,0.001,1,16,40x40,PrototypicalNetwork,5,5,b-59-850,Egyptian,False,5,4000,2,exp1_permuted_src_datasets
740,7287.317128753,1.0,1738523399.5975971,,1.4901160305669237e-09,1.0,0.001,1,16,40x40,PrototypicalNetwork,5,5,b-59-850,Egyptian,False,5,4000,2,exp1_permuted_src_datasets
741,7287.35989565,1.0,1738523399.6403832,,8.940695295223122e-09,1.0,0.001,1,16,40x40,PrototypicalNetwork,5,5,b-59-850,Egyptian,False,5,4000,2,exp1_permuted_src_datasets
742,7287.407975015,1.0,1738523399.6884632,,0.0,1.0,0.001,1,16,40x40,PrototypicalNetwork,5,5,b-59-850,Egyptian,False,5,4000,2,exp1_permuted_src_datasets
743,7287.461959738,1.0,1738523399.7424097,,0.0,1.0,0.001,1,16,40x40,PrototypicalNetwork,5,5,b-59-850,Egyptian,False,5,4000,2,exp1_permuted_src_datasets
744,7287.505541016,1.0,1738523399.7859871,,1.4901160305669237e-09,1.0,0.001,1,16,40x40,PrototypicalNetwork,5,5,b-59-850,Egyptian,False,5,4000,2,exp1_permuted_src_datasets
745,7287.559026692,1.0,1738523399.8394952,,1.4901160305669237e-09,1.0,0.001,1,16,40x40,PrototypicalNetwork,5,5,b-59-850,Egyptian,False,5,4000,2,exp1_permuted_src_datasets
746,7287.630725016,1.0,1738523399.9111257,,8.940694407044703e-09,1.0,0.001,1,16,40x40,PrototypicalNetwork,5,5,b-59-850,Egyptian,False,5,4000,2,exp1_permuted_src_datasets
747,7287.691490436,1.0,1738523399.97197,,8.940695295223122e-09,1.0,0.001,1,16,40x40,PrototypicalNetwork,5,5,b-59-850,Egyptian,False,5,4000,2,exp1_permuted_src_datasets
748,7287.763383658,1.0,1738523400.0438535,,4.470348091700771e-09,1.0,0.001,1,16,40x40,PrototypicalNetwork,5,5,b-59-850,Egyptian,False,5,4000,2,exp1_permuted_src_datasets
749,7287.826383824,1.0,1738523400.1067996,,1.4901160305669237e-09,1.0,0.001,1,16,40x40,PrototypicalNetwork,5,5,b-59-850,Egyptian,False,5,4000,2,exp1_permuted_src_datasets
750,7287.888097237,1.0,1738523400.1684365,,1.4901160305669237e-09,1.0,0.001,1,16,40x40,PrototypicalNetwork,5,5,b-59-850,Egyptian,False,5,4000,2,exp1_permuted_src_datasets
751,7287.968618861,1.0,1738523400.2490926,,0.0,1.0,0.001,1,16,40x40,PrototypicalNetwork,5,5,b-59-850,Egyptian,False,5,4000,2,exp1_permuted_src_datasets
752,7288.040685724,1.0,1738523400.321192,,0.0,1.0,0.001,1,16,40x40,PrototypicalNetwork,5,5,b-59-850,Egyptian,False,5,4000,2,exp1_permuted_src_datasets
753,7288.097987455,1.0,1738523400.3784745,,0.0,1.0,0.001,1,16,40x40,PrototypicalNetwork,5,5,b-59-850,Egyptian,False,5,4000,2,exp1_permuted_src_datasets
754,7288.154135556,1.0,1738523400.434612,,0.0,1.0,0.001,1,16,40x40,PrototypicalNetwork,5,5,b-59-850,Egyptian,False,5,4000,2,exp1_permuted_src_datasets
755,7288.1932435,1.0,1738523400.4737418,,0.0,1.0,0.001,1,16,40x40,PrototypicalNetwork,5,5,b-59-850,Egyptian,False,5,4000,2,exp1_permuted_src_datasets
756,7288.25213714,1.0,1738523400.532626,,0.0,1.0,0.001,1,16,40x40,PrototypicalNetwork,5,5,b-59-850,Egyptian,False,5,4000,2,exp1_permuted_src_datasets
757,7288.305764794,1.0,1738523400.5862591,,0.0,1.0,0.001,1,16,40x40,PrototypicalNetwork,5,5,b-59-850,Egyptian,False,5,4000,2,exp1_permuted_src_datasets
758,7288.344830378,1.0,1738523400.625316,,1.0430811769879256e-08,1.0,0.001,1,16,40x40,PrototypicalNetwork,5,5,b-59-850,Egyptian,False,5,4000,2,exp1_permuted_src_datasets
759,7803.122793446,1.0,1738523915.3617904,0.8664999995231628,,,0.001,1,16,40x40,PrototypicalNetwork,5,5,b-59-850,Egyptian,False,5,4000,2,exp1_permuted_src_datasets
760,7803.162029541,1.0,1738523915.4425178,,1.4901160305669237e-09,1.0,0.001,1,16,40x40,PrototypicalNetwork,5,5,b-59-850,Egyptian,False,5,4000,2,exp1_permuted_src_datasets
761,7803.245163053,1.0,1738523915.5256755,,0.0,1.0,0.001,1,16,40x40,PrototypicalNetwork,5,5,b-59-850,Egyptian,False,5,4000,2,exp1_permuted_src_datasets
762,7803.321394624,1.0,1738523915.6018548,,4.470348091700771e-09,1.0,0.001,1,16,40x40,PrototypicalNetwork,5,5,b-59-850,Egyptian,False,5,4000,2,exp1_permuted_src_datasets
763,7803.384933054,1.0,1738523915.6654286,,0.0,1.0,0.001,1,16,40x40,PrototypicalNetwork,5,5,b-59-850,Egyptian,False,5,4000,2,exp1_permuted_src_datasets
764,7803.439585196,1.0,1738523915.7200902,,1.4901160305669237e-09,1.0,0.001,1,16,40x40,PrototypicalNetwork,5,5,b-59-850,Egyptian,False,5,4000,2,exp1_permuted_src_datasets
765,7803.495705663,1.0,1738523915.7761807,,0.0,1.0,0.001,1,16,40x40,PrototypicalNetwork,5,5,b-59-850,Egyptian,False,5,4000,2,exp1_permuted_src_datasets
766,7803.569140982,1.0,1738523915.8496397,,2.9802320611338473e-09,1.0,0.001,1,16,40x40,PrototypicalNetwork,5,5,b-59-850,Egyptian,False,5,4000,2,exp1_permuted_src_datasets
767,7803.617052978,1.0,1738523915.8975372,,2.2351732908987287e-08,1.0,0.001,1,16,40x40,PrototypicalNetwork,5,5,b-59-850,Egyptian,False,5,4000,2,exp1_permuted_src_datasets
768,7803.658192344,1.0,1738523915.9387,,1.4901160305669237e-09,1.0,0.001,1,16,40x40,PrototypicalNetwork,5,5,b-59-850,Egyptian,False,5,4000,2,exp1_permuted_src_datasets
769,7803.735638506,1.0,1738523916.0161173,,2.9802320611338473e-09,1.0,0.001,1,16,40x40,PrototypicalNetwork,5,5,b-59-850,Egyptian,False,5,4000,2,exp1_permuted_src_datasets
770,7803.788390753,1.0,1738523916.0688865,,0.0,1.0,0.001,1,16,40x40,PrototypicalNetwork,5,5,b-59-850,Egyptian,False,5,4000,2,exp1_permuted_src_datasets
771,7803.872248283,1.0,1738523916.1527288,,1.4901160305669237e-09,1.0,0.001,1,16,40x40,PrototypicalNetwork,5,5,b-59-850,Egyptian,False,5,4000,2,exp1_permuted_src_datasets
772,7803.923351194,1.0,1738523916.2038507,,2.9802318390892424e-09,1.0,0.001,1,16,40x40,PrototypicalNetwork,5,5,b-59-850,Egyptian,False,5,4000,2,exp1_permuted_src_datasets
773,7803.962423416,1.0,1738523916.2429209,,1.490115231206346e-08,1.0,0.001,1,16,40x40,PrototypicalNetwork,5,5,b-59-850,Egyptian,False,5,4000,2,exp1_permuted_src_datasets
774,7804.002435739,1.0,1738523916.2829185,,1.0430811769879256e-08,1.0,0.001,1,16,40x40,PrototypicalNetwork,5,5,b-59-850,Egyptian,False,5,4000,2,exp1_permuted_src_datasets
775,7804.042076085,1.0,1738523916.3225832,,0.0,1.0,0.001,1,16,40x40,PrototypicalNetwork,5,5,b-59-850,Egyptian,False,5,4000,2,exp1_permuted_src_datasets
776,7804.09615677,1.0,1738523916.3766441,,3.5762763417324095e-08,1.0,0.001,1,16,40x40,PrototypicalNetwork,5,5,b-59-850,Egyptian,False,5,4000,2,exp1_permuted_src_datasets
777,7804.148340946,1.0,1738523916.428833,,0.0,1.0,0.001,1,16,40x40,PrototypicalNetwork,5,5,b-59-850,Egyptian,False,5,4000,2,exp1_permuted_src_datasets
778,7804.203882931,1.0,1738523916.484325,,1.192092735635697e-08,1.0,0.001,1,16,40x40,PrototypicalNetwork,5,5,b-59-850,Egyptian,False,5,4000,2,exp1_permuted_src_datasets
779,7804.273167855,1.0,1738523916.5536437,,2.9802320611338473e-09,1.0,0.001,1,16,40x40,PrototypicalNetwork,5,5,b-59-850,Egyptian,False,5,4000,2,exp1_permuted_src_datasets
780,7804.330108181,1.0,1738523916.6105587,,1.4901160305669237e-09,1.0,0.001,1,16,40x40,PrototypicalNetwork,5,5,b-59-850,Egyptian,False,5,4000,2,exp1_permuted_src_datasets
781,7804.388513517,1.0,1738523916.6689756,,1.4901160305669237e-09,1.0,0.001,1,16,40x40,PrototypicalNetwork,5,5,b-59-850,Egyptian,False,5,4000,2,exp1_permuted_src_datasets
782,7804.470594173,1.0,1738523916.7510478,,4.470348091700771e-09,1.0,0.001,1,16,40x40,PrototypicalNetwork,5,5,b-59-850,Egyptian,False,5,4000,2,exp1_permuted_src_datasets
783,7804.544513947,1.0,1738523916.8250093,,0.0,1.0,0.001,1,16,40x40,PrototypicalNetwork,5,5,b-59-850,Egyptian,False,5,4000,2,exp1_permuted_src_datasets
784,7804.593283997,1.0,1738523916.873778,,1.4901160305669237e-09,1.0,0.001,1,16,40x40,PrototypicalNetwork,5,5,b-59-850,Egyptian,False,5,4000,2,exp1_permuted_src_datasets
785,7804.662074927,1.0,1738523916.9425592,,1.4901160305669237e-09,1.0,0.001,1,16,40x40,PrototypicalNetwork,5,5,b-59-850,Egyptian,False,5,4000,2,exp1_permuted_src_datasets
786,7804.73709678,1.0,1738523917.017562,,2.9802318390892424e-09,1.0,0.001,1,16,40x40,PrototypicalNetwork,5,5,b-59-850,Egyptian,False,5,4000,2,exp1_permuted_src_datasets
787,7804.805239389,1.0,1738523917.0857124,,2.9802320611338473e-09,1.0,0.001,1,16,40x40,PrototypicalNetwork,5,5,b-59-850,Egyptian,False,5,4000,2,exp1_permuted_src_datasets
788,7804.87828434,1.0,1738523917.1587627,,0.0,1.0,0.001,1,16,40x40,PrototypicalNetwork,5,5,b-59-850,Egyptian,False,5,4000,2,exp1_permuted_src_datasets
789,7804.936340102,1.0,1738523917.2168021,,2.9802320611338473e-09,1.0,0.001,1,16,40x40,PrototypicalNetwork,5,5,b-59-850,Egyptian,False,5,4000,2,exp1_permuted_src_datasets
790,7805.007108547,1.0,1738523917.2876089,,0.0,1.0,0.001,1,16,40x40,PrototypicalNetwork,5,5,b-59-850,Egyptian,False,5,4000,2,exp1_permuted_src_datasets
791,7805.091160502,1.0,1738523917.371616,,0.0,1.0,0.001,1,16,40x40,PrototypicalNetwork,5,5,b-59-850,Egyptian,False,5,4000,2,exp1_permuted_src_datasets
792,7805.162123711,1.0,1738523917.4426103,,0.0,1.0,0.001,1,16,40x40,PrototypicalNetwork,5,5,b-59-850,Egyptian,False,5,4000,2,exp1_permuted_src_datasets
793,7805.202136271,1.0,1738523917.4826353,,0.0,1.0,0.001,1,16,40x40,PrototypicalNetwork,5,5,b-59-850,Egyptian,False,5,4000,2,exp1_permuted_src_datasets
794,7805.245252472,1.0,1738523917.5257492,,0.0,1.0,0.001,1,16,40x40,PrototypicalNetwork,5,5,b-59-850,Egyptian,False,5,4000,2,exp1_permuted_src_datasets
795,7805.292654684,1.0,1738523917.573143,,1.0430811769879256e-08,1.0,0.001,1,16,40x40,PrototypicalNetwork,5,5,b-59-850,Egyptian,False,5,4000,2,exp1_permuted_src_datasets
796,7805.331443771,1.0,1738523917.6119523,,1.4901160305669237e-09,1.0,0.001,1,16,40x40,PrototypicalNetwork,5,5,b-59-850,Egyptian,False,5,4000,2,exp1_permuted_src_datasets
797,7805.391865437,1.0,1738523917.6723044,,4.470348091700771e-09,1.0,0.001,1,16,40x40,PrototypicalNetwork,5,5,b-59-850,Egyptian,False,5,4000,2,exp1_permuted_src_datasets
798,7805.477109504,1.0,1738523917.7575843,,0.0,1.0,0.001,1,16,40x40,PrototypicalNetwork,5,5,b-59-850,Egyptian,False,5,4000,2,exp1_permuted_src_datasets
799,7805.545209004,1.0,1738523917.8256228,,1.4901160305669237e-09,1.0,0.001,1,16,40x40,PrototypicalNetwork,5,5,b-59-850,Egyptian,False,5,4000,2,exp1_permuted_src_datasets
800,7805.598082054,1.0,1738523917.8785443,,7.4505797087454084e-09,1.0,0.001,1,16,40x40,PrototypicalNetwork,5,5,b-59-850,Egyptian,False,5,4000,2,exp1_permuted_src_datasets
801,7805.662896444,1.0,1738523917.943368,,0.0,1.0,0.001,1,16,40x40,PrototypicalNetwork,5,5,b-59-850,Egyptian,False,5,4000,2,exp1_permuted_src_datasets
802,7805.707035979,1.0,1738523917.9874892,,0.0,1.0,0.001,1,16,40x40,PrototypicalNetwork,5,5,b-59-850,Egyptian,False,5,4000,2,exp1_permuted_src_datasets
803,7805.75233162,1.0,1738523918.032819,,7.4505792646561986e-09,1.0,0.001,1,16,40x40,PrototypicalNetwork,5,5,b-59-850,Egyptian,False,5,4000,2,exp1_permuted_src_datasets
804,7805.804978343,1.0,1738523918.0854566,,0.0,1.0,0.001,1,16,40x40,PrototypicalNetwork,5,5,b-59-850,Egyptian,False,5,4000,2,exp1_permuted_src_datasets
805,7805.855524383,1.0,1738523918.1360257,,0.0,1.0,0.001,1,16,40x40,PrototypicalNetwork,5,5,b-59-850,Egyptian,False,5,4000,2,exp1_permuted_src_datasets
806,7805.898318809,1.0,1738523918.1787999,,6.720390501868678e-07,1.0,0.001,1,16,40x40,PrototypicalNetwork,5,5,b-59-850,Egyptian,False,5,4000,2,exp1_permuted_src_datasets
807,7805.955275221,1.0,1738523918.2357533,,1.4901160305669237e-09,1.0,0.001,1,16,40x40,PrototypicalNetwork,5,5,b-59-850,Egyptian,False,5,4000,2,exp1_permuted_src_datasets
808,7805.998733111,1.0,1738523918.279213,,4.470348091700771e-09,1.0,0.001,1,16,40x40,PrototypicalNetwork,5,5,b-59-850,Egyptian,False,5,4000,2,exp1_permuted_src_datasets
809,7806.042796712,1.0,1738523918.3232758,,0.0,1.0,0.001,1,16,40x40,PrototypicalNetwork,5,5,b-59-850,Egyptian,False,5,4000,2,exp1_permuted_src_datasets
810,7806.10541716,1.0,1738523918.3858829,,1.4901160305669237e-09,1.0,0.001,1,16,40x40,PrototypicalNetwork,5,5,b-59-850,Egyptian,False,5,4000,2,exp1_permuted_src_datasets
811,7806.147748216,1.0,1738523918.4282649,,0.0,1.0,0.001,1,16,40x40,PrototypicalNetwork,5,5,b-59-850,Egyptian,False,5,4000,2,exp1_permuted_src_datasets
812,7806.190492479,1.0,1738523918.4709623,,4.321331914525217e-08,1.0,0.001,1,16,40x40,PrototypicalNetwork,5,5,b-59-850,Egyptian,False,5,4000,2,exp1_permuted_src_datasets
813,7806.233617082,1.0,1738523918.5141065,,0.0,1.0,0.001,1,16,40x40,PrototypicalNetwork,5,5,b-59-850,Egyptian,False,5,4000,2,exp1_permuted_src_datasets
814,7806.276292842,1.0,1738523918.5567765,,4.470348091700771e-09,1.0,0.001,1,16,40x40,PrototypicalNetwork,5,5,b-59-850,Egyptian,False,5,4000,2,exp1_permuted_src_datasets
815,7806.332149303,1.0,1738523918.612471,,0.0,1.0,0.001,1,16,40x40,PrototypicalNetwork,5,5,b-59-850,Egyptian,False,5,4000,2,exp1_permuted_src_datasets
816,7806.406516427,1.0,1738523918.686896,,4.470348091700771e-09,1.0,0.001,1,16,40x40,PrototypicalNetwork,5,5,b-59-850,Egyptian,False,5,4000,2,exp1_permuted_src_datasets
817,7806.461675721,1.0,1738523918.7421703,,0.0,1.0,0.001,1,16,40x40,PrototypicalNetwork,5,5,b-59-850,Egyptian,False,5,4000,2,exp1_permuted_src_datasets
818,7806.524733457,1.0,1738523918.8052104,,2.9802320611338473e-09,1.0,0.001,1,16,40x40,PrototypicalNetwork,5,5,b-59-850,Egyptian,False,5,4000,2,exp1_permuted_src_datasets
819,7806.563689716,1.0,1738523918.844192,,1.4901160305669237e-09,1.0,0.001,1,16,40x40,PrototypicalNetwork,5,5,b-59-850,Egyptian,False,5,4000,2,exp1_permuted_src_datasets
820,7806.602448432,1.0,1738523918.8829453,,0.0,1.0,0.001,1,16,40x40,PrototypicalNetwork,5,5,b-59-850,Egyptian,False,5,4000,2,exp1_permuted_src_datasets
821,7806.641798497,1.0,1738523918.922293,,2.9802318390892424e-09,1.0,0.001,1,16,40x40,PrototypicalNetwork,5,5,b-59-850,Egyptian,False,5,4000,2,exp1_permuted_src_datasets
822,8324.162779418,1.0,1738524436.4031403,0.864,,,0.001,1,16,40x40,PrototypicalNetwork,5,5,b-59-850,Egyptian,False,5,4000,2,exp1_permuted_src_datasets
823,8324.182528715,1.0,1738524436.4630134,,1.3411042054656264e-08,1.0,0.001,1,16,40x40,PrototypicalNetwork,5,5,b-59-850,Egyptian,False,5,4000,2,exp1_permuted_src_datasets
824,8324.271510795,1.0,1738524436.5519402,,1.4901160305669237e-09,1.0,0.001,1,16,40x40,PrototypicalNetwork,5,5,b-59-850,Egyptian,False,5,4000,2,exp1_permuted_src_datasets
825,8324.341468032,1.0,1738524436.6219392,,4.470348091700771e-09,1.0,0.001,1,16,40x40,PrototypicalNetwork,5,5,b-59-850,Egyptian,False,5,4000,2,exp1_permuted_src_datasets
826,8324.415767897,1.0,1738524436.696259,,0.0,1.0,0.001,1,16,40x40,PrototypicalNetwork,5,5,b-59-850,Egyptian,False,5,4000,2,exp1_permuted_src_datasets
827,8324.480841045,1.0,1738524436.7613087,,5.960463234089275e-09,1.0,0.001,1,16,40x40,PrototypicalNetwork,5,5,b-59-850,Egyptian,False,5,4000,2,exp1_permuted_src_datasets
828,8324.544488398,1.0,1738524436.8248615,,1.4901160305669237e-09,1.0,0.001,1,16,40x40,PrototypicalNetwork,5,5,b-59-850,Egyptian,False,5,4000,2,exp1_permuted_src_datasets
829,8324.601110218,1.0,1738524436.881599,,1.0430809993522416e-08,1.0,0.001,1,16,40x40,PrototypicalNetwork,5,5,b-59-850,Egyptian,False,5,4000,2,exp1_permuted_src_datasets
830,8324.640824002,1.0,1738524436.9213018,,8.940693518866283e-09,1.0,0.001,1,16,40x40,PrototypicalNetwork,5,5,b-59-850,Egyptian,False,5,4000,2,exp1_permuted_src_datasets
831,8324.709568492,1.0,1738524436.990035,,0.0,1.0,0.001,1,16,40x40,PrototypicalNetwork,5,5,b-59-850,Egyptian,False,5,4000,2,exp1_permuted_src_datasets
832,8324.786184697,1.0,1738524437.0666611,,0.0,1.0,0.001,1,16,40x40,PrototypicalNetwork,5,5,b-59-850,Egyptian,False,5,4000,2,exp1_permuted_src_datasets
833,8324.85672366,1.0,1738524437.1371958,,1.4901160305669237e-09,1.0,0.001,1,16,40x40,PrototypicalNetwork,5,5,b-59-850,Egyptian,False,5,4000,2,exp1_permuted_src_datasets
834,8324.904855245,1.0,1738524437.1853864,,2.9802318390892424e-09,1.0,0.001,1,16,40x40,PrototypicalNetwork,5,5,b-59-850,Egyptian,False,5,4000,2,exp1_permuted_src_datasets
835,8324.946237833,1.0,1738524437.2266738,,0.0,1.0,0.001,1,16,40x40,PrototypicalNetwork,5,5,b-59-850,Egyptian,False,5,4000,2,exp1_permuted_src_datasets
836,8324.997188429,1.0,1738524437.2777078,,0.0,1.0,0.001,1,16,40x40,PrototypicalNetwork,5,5,b-59-850,Egyptian,False,5,4000,2,exp1_permuted_src_datasets
837,8325.03761138,1.0,1738524437.3181171,,0.0,1.0,0.001,1,16,40x40,PrototypicalNetwork,5,5,b-59-850,Egyptian,False,5,4000,2,exp1_permuted_src_datasets
838,8325.077998955,1.0,1738524437.3584902,,4.470348091700771e-09,1.0,0.001,1,16,40x40,PrototypicalNetwork,5,5,b-59-850,Egyptian,False,5,4000,2,exp1_permuted_src_datasets
839,8325.127753587,1.0,1738524437.4082465,,2.9802320611338473e-09,1.0,0.001,1,16,40x40,PrototypicalNetwork,5,5,b-59-850,Egyptian,False,5,4000,2,exp1_permuted_src_datasets
840,8325.167279462,1.0,1738524437.4477808,,1.4901160305669237e-09,1.0,0.001,1,16,40x40,PrototypicalNetwork,5,5,b-59-850,Egyptian,False,5,4000,2,exp1_permuted_src_datasets
841,8325.207161684,1.0,1738524437.4876432,,1.4901160305669237e-09,1.0,0.001,1,16,40x40,PrototypicalNetwork,5,5,b-59-850,Egyptian,False,5,4000,2,exp1_permuted_src_datasets
842,8325.295940391,1.0,1738524437.5763726,,0.0,1.0,0.001,1,16,40x40,PrototypicalNetwork,5,5,b-59-850,Egyptian,False,5,4000,2,exp1_permuted_src_datasets
843,8325.374866308,1.0,1738524437.655333,,7.4505797087454084e-09,1.0,0.001,1,16,40x40,PrototypicalNetwork,5,5,b-59-850,Egyptian,False,5,4000,2,exp1_permuted_src_datasets
844,8325.434055292,1.0,1738524437.7145343,,1.0430810881700836e-08,1.0,0.001,1,16,40x40,PrototypicalNetwork,5,5,b-59-850,Egyptian,False,5,4000,2,exp1_permuted_src_datasets
845,8325.509270355,1.0,1738524437.7897522,,5.960463678178485e-09,1.0,0.001,1,16,40x40,PrototypicalNetwork,5,5,b-59-850,Egyptian,False,5,4000,2,exp1_permuted_src_datasets
846,8325.582081811,1.0,1738524437.8625376,,2.0861609328903796e-08,1.0,0.001,1,16,40x40,PrototypicalNetwork,5,5,b-59-850,Egyptian,False,5,4000,2,exp1_permuted_src_datasets
847,8325.637944621,1.0,1738524437.9184184,,0.0,1.0,0.001,1,16,40x40,PrototypicalNetwork,5,5,b-59-850,Egyptian,False,5,4000,2,exp1_permuted_src_datasets
848,8325.677780552,1.0,1738524437.9582815,,0.0,1.0,0.001,1,16,40x40,PrototypicalNetwork,5,5,b-59-850,Egyptian,False,5,4000,2,exp1_permuted_src_datasets
849,8325.731104641,1.0,1738524438.0115983,,0.0,1.0,0.001,1,16,40x40,PrototypicalNetwork,5,5,b-59-850,Egyptian,False,5,4000,2,exp1_permuted_src_datasets
850,8325.770481904,1.0,1738524438.050962,,0.0,1.0,0.001,1,16,40x40,PrototypicalNetwork,5,5,b-59-850,Egyptian,False,5,4000,2,exp1_permuted_src_datasets
851,8325.810863276,1.0,1738524438.0913322,,5.960463678178485e-09,1.0,0.001,1,16,40x40,PrototypicalNetwork,5,5,b-59-850,Egyptian,False,5,4000,2,exp1_permuted_src_datasets
852,8325.85349279,1.0,1738524438.1340377,,1.4901160305669237e-09,1.0,0.001,1,16,40x40,PrototypicalNetwork,5,5,b-59-850,Egyptian,False,5,4000,2,exp1_permuted_src_datasets
853,8325.915448751,1.0,1738524438.1959565,,1.4901160305669237e-09,1.0,0.001,1,16,40x40,PrototypicalNetwork,5,5,b-59-850,Egyptian,False,5,4000,2,exp1_permuted_src_datasets
854,8325.958156405,1.0,1738524438.2386522,,1.4901160305669237e-09,1.0,0.001,1,16,40x40,PrototypicalNetwork,5,5,b-59-850,Egyptian,False,5,4000,2,exp1_permuted_src_datasets
855,8326.020182046,1.0,1738524438.300662,,0.0,1.0,0.001,1,16,40x40,PrototypicalNetwork,5,5,b-59-850,Egyptian,False,5,4000,2,exp1_permuted_src_datasets
856,8326.079285856,1.0,1738524438.359805,,1.4901160305669237e-09,1.0,0.001,1,16,40x40,PrototypicalNetwork,5,5,b-59-850,Egyptian,False,5,4000,2,exp1_permuted_src_datasets
857,8326.151285676,1.0,1738524438.4317467,,1.0430810881700836e-08,1.0,0.001,1,16,40x40,PrototypicalNetwork,5,5,b-59-850,Egyptian,False,5,4000,2,exp1_permuted_src_datasets
858,8326.230991367,1.0,1738524438.511404,,0.0,1.0,0.001,1,16,40x40,PrototypicalNetwork,5,5,b-59-850,Egyptian,False,5,4000,2,exp1_permuted_src_datasets
859,8326.274359861,1.0,1738524438.5548418,,5.0663857109611854e-08,1.0,0.001,1,16,40x40,PrototypicalNetwork,5,5,b-59-850,Egyptian,False,5,4000,2,exp1_permuted_src_datasets
860,8326.329481145,1.0,1738524438.6099598,,0.0,1.0,0.001,1,16,40x40,PrototypicalNetwork,5,5,b-59-850,Egyptian,False,5,4000,2,exp1_permuted_src_datasets
861,8326.378254256,1.0,1738524438.658735,,0.0,1.0,0.001,1,16,40x40,PrototypicalNetwork,5,5,b-59-850,Egyptian,False,5,4000,2,exp1_permuted_src_datasets
862,8326.423774196,1.0,1738524438.7042544,,0.0,1.0,0.001,1,16,40x40,PrototypicalNetwork,5,5,b-59-850,Egyptian,False,5,4000,2,exp1_permuted_src_datasets
863,8326.469292764,1.0,1738524438.7497594,,0.0,1.0,0.001,1,16,40x40,PrototypicalNetwork,5,5,b-59-850,Egyptian,False,5,4000,2,exp1_permuted_src_datasets
864,8326.511444897,1.0,1738524438.7919362,,1.4901160305669237e-09,1.0,0.001,1,16,40x40,PrototypicalNetwork,5,5,b-59-850,Egyptian,False,5,4000,2,exp1_permuted_src_datasets
865,8326.553712195,1.0,1738524438.8342054,,7.4505797087454084e-09,1.0,0.001,1,16,40x40,PrototypicalNetwork,5,5,b-59-850,Egyptian,False,5,4000,2,exp1_permuted_src_datasets
866,8326.622806448,1.0,1738524438.9032705,,0.0,1.0,0.001,1,16,40x40,PrototypicalNetwork,5,5,b-59-850,Egyptian,False,5,4000,2,exp1_permuted_src_datasets
867,8326.667009896,1.0,1738524438.9475248,,0.0,1.0,0.001,1,16,40x40,PrototypicalNetwork,5,5,b-59-850,Egyptian,False,5,4000,2,exp1_permuted_src_datasets
868,8326.715680885,1.0,1738524438.9961588,,1.4901160305669237e-09,1.0,0.001,1,16,40x40,PrototypicalNetwork,5,5,b-59-850,Egyptian,False,5,4000,2,exp1_permuted_src_datasets
869,8326.788039849,1.0,1738524439.068447,,0.0,1.0,0.001,1,16,40x40,PrototypicalNetwork,5,5,b-59-850,Egyptian,False,5,4000,2,exp1_permuted_src_datasets
870,8326.845942898,1.0,1738524439.1264486,,1.93715035123887e-08,1.0,0.001,1,16,40x40,PrototypicalNetwork,5,5,b-59-850,Egyptian,False,5,4000,2,exp1_permuted_src_datasets
871,8326.888708177,1.0,1738524439.1691906,,0.0,1.0,0.001,1,16,40x40,PrototypicalNetwork,5,5,b-59-850,Egyptian,False,5,4000,2,exp1_permuted_src_datasets
872,8326.931452682,1.0,1738524439.2119408,,1.4901160305669237e-09,1.0,0.001,1,16,40x40,PrototypicalNetwork,5,5,b-59-850,Egyptian,False,5,4000,2,exp1_permuted_src_datasets
873,8326.970097125,1.0,1738524439.250604,,0.0,1.0,0.001,1,16,40x40,PrototypicalNetwork,5,5,b-59-850,Egyptian,False,5,4000,2,exp1_permuted_src_datasets
874,8327.044996585,1.0,1738524439.325388,,0.0,1.0,0.001,1,16,40x40,PrototypicalNetwork,5,5,b-59-850,Egyptian,False,5,4000,2,exp1_permuted_src_datasets
875,8327.128251982,1.0,1738524439.4087195,,4.470348091700771e-09,1.0,0.001,1,16,40x40,PrototypicalNetwork,5,5,b-59-850,Egyptian,False,5,4000,2,exp1_permuted_src_datasets
876,8327.188038534,1.0,1738524439.4685225,,1.4901160305669237e-09,1.0,0.001,1,16,40x40,PrototypicalNetwork,5,5,b-59-850,Egyptian,False,5,4000,2,exp1_permuted_src_datasets
877,8327.236903292,1.0,1738524439.517433,,0.0,1.0,0.001,1,16,40x40,PrototypicalNetwork,5,5,b-59-850,Egyptian,False,5,4000,2,exp1_permuted_src_datasets
878,8327.320157634,1.0,1738524439.60068,,0.0,1.0,0.001,1,16,40x40,PrototypicalNetwork,5,5,b-59-850,Egyptian,False,5,4000,2,exp1_permuted_src_datasets
879,8327.388711409,1.0,1738524439.6692286,,0.0,1.0,0.001,1,16,40x40,PrototypicalNetwork,5,5,b-59-850,Egyptian,False,5,4000,2,exp1_permuted_src_datasets
880,8327.429460374,1.0,1738524439.7098696,,1.4901160305669237e-09,1.0,0.001,1,16,40x40,PrototypicalNetwork,5,5,b-59-850,Egyptian,False,5,4000,2,exp1_permuted_src_datasets
881,8327.514676919,1.0,1738524439.7951744,,1.4901160305669237e-09,1.0,0.001,1,16,40x40,PrototypicalNetwork,5,5,b-59-850,Egyptian,False,5,4000,2,exp1_permuted_src_datasets
882,8327.556014619,1.0,1738524439.83643,,4.470348091700771e-09,1.0,0.001,1,16,40x40,PrototypicalNetwork,5,5,b-59-850,Egyptian,False,5,4000,2,exp1_permuted_src_datasets
883,8327.623792135,1.0,1738524439.9042845,,4.470348091700771e-09,1.0,0.001,1,16,40x40,PrototypicalNetwork,5,5,b-59-850,Egyptian,False,5,4000,2,exp1_permuted_src_datasets
884,8327.681377077,1.0,1738524439.961859,,1.4901160305669237e-09,1.0,0.001,1,16,40x40,PrototypicalNetwork,5,5,b-59-850,Egyptian,False,5,4000,2,exp1_permuted_src_datasets
885,8846.042813284,1.0,1738524958.3164341,0.8620499987602234,,,0.001,1,16,40x40,PrototypicalNetwork,5,5,b-59-850,Egyptian,False,5,4000,2,exp1_permuted_src_datasets
886,8846.10416193,1.0,1738524958.3846025,,0.0,1.0,0.001,1,16,40x40,PrototypicalNetwork,5,5,b-59-850,Egyptian,False,5,4000,2,exp1_permuted_src_datasets
887,8846.178861137,1.0,1738524958.4593291,,0.0,1.0,0.001,1,16,40x40,PrototypicalNetwork,5,5,b-59-850,Egyptian,False,5,4000,2,exp1_permuted_src_datasets
888,8846.24436491,1.0,1738524958.5248542,,0.0,1.0,0.001,1,16,40x40,PrototypicalNetwork,5,5,b-59-850,Egyptian,False,5,4000,2,exp1_permuted_src_datasets
889,8846.283231683,1.0,1738524958.5637527,,1.4901160305669237e-09,1.0,0.001,1,16,40x40,PrototypicalNetwork,5,5,b-59-850,Egyptian,False,5,4000,2,exp1_permuted_src_datasets
890,8846.358318499,1.0,1738524958.638799,,4.470348091700771e-09,1.0,0.001,1,16,40x40,PrototypicalNetwork,5,5,b-59-850,Egyptian,False,5,4000,2,exp1_permuted_src_datasets
891,8846.410167913,1.0,1738524958.690659,,0.0,1.0,0.001,1,16,40x40,PrototypicalNetwork,5,5,b-59-850,Egyptian,False,5,4000,2,exp1_permuted_src_datasets
892,8846.450742857,1.0,1738524958.7312112,,0.0,1.0,0.001,1,16,40x40,PrototypicalNetwork,5,5,b-59-850,Egyptian,False,5,4000,2,exp1_permuted_src_datasets
893,8846.497133391,1.0,1738524958.7776299,,0.0,1.0,0.001,1,16,40x40,PrototypicalNetwork,5,5,b-59-850,Egyptian,False,5,4000,2,exp1_permuted_src_datasets
894,8846.549113487,1.0,1738524958.8296201,,1.4901160305669237e-09,1.0,0.001,1,16,40x40,PrototypicalNetwork,5,5,b-59-850,Egyptian,False,5,4000,2,exp1_permuted_src_datasets
895,8846.590817265,1.0,1738524958.8713224,,1.4901160305669237e-09,1.0,0.001,1,16,40x40,PrototypicalNetwork,5,5,b-59-850,Egyptian,False,5,4000,2,exp1_permuted_src_datasets
896,8846.661795283,1.0,1738524958.942231,,1.4901160305669237e-09,1.0,0.001,1,16,40x40,PrototypicalNetwork,5,5,b-59-850,Egyptian,False,5,4000,2,exp1_permuted_src_datasets
897,8846.711829752,1.0,1738524958.992337,,7.4505797087454084e-09,1.0,0.001,1,16,40x40,PrototypicalNetwork,5,5,b-59-850,Egyptian,False,5,4000,2,exp1_permuted_src_datasets
898,8846.76323935,1.0,1738524959.043757,,5.960463678178485e-09,1.0,0.001,1,16,40x40,PrototypicalNetwork,5,5,b-59-850,Egyptian,False,5,4000,2,exp1_permuted_src_datasets
899,8846.838936882,1.0,1738524959.119458,,0.0,1.0,0.001,1,16,40x40,PrototypicalNetwork,5,5,b-59-850,Egyptian,False,5,4000,2,exp1_permuted_src_datasets
900,8846.909679271,1.0,1738524959.1901166,,0.0,1.0,0.001,1,16,40x40,PrototypicalNetwork,5,5,b-59-850,Egyptian,False,5,4000,2,exp1_permuted_src_datasets
901,8846.96538877,1.0,1738524959.2458825,,0.0,1.0,0.001,1,16,40x40,PrototypicalNetwork,5,5,b-59-850,Egyptian,False,5,4000,2,exp1_permuted_src_datasets
902,8847.025776207,1.0,1738524959.3062546,,0.0,1.0,0.001,1,16,40x40,PrototypicalNetwork,5,5,b-59-850,Egyptian,False,5,4000,2,exp1_permuted_src_datasets
903,8847.083543019,1.0,1738524959.36402,,1.4901160305669237e-09,1.0,0.001,1,16,40x40,PrototypicalNetwork,5,5,b-59-850,Egyptian,False,5,4000,2,exp1_permuted_src_datasets
904,8847.124313402,1.0,1738524959.4048164,,0.0,1.0,0.001,1,16,40x40,PrototypicalNetwork,5,5,b-59-850,Egyptian,False,5,4000,2,exp1_permuted_src_datasets
905,8847.176934587,1.0,1738524959.4574327,,1.4901160305669237e-09,1.0,0.001,1,16,40x40,PrototypicalNetwork,5,5,b-59-850,Egyptian,False,5,4000,2,exp1_permuted_src_datasets
906,8847.215658052,1.0,1738524959.4961522,,5.960463234089275e-09,1.0,0.001,1,16,40x40,PrototypicalNetwork,5,5,b-59-850,Egyptian,False,5,4000,2,exp1_permuted_src_datasets
907,8847.255349948,1.0,1738524959.5358396,,0.0,1.0,0.001,1,16,40x40,PrototypicalNetwork,5,5,b-59-850,Egyptian,False,5,4000,2,exp1_permuted_src_datasets
908,8847.294790868,1.0,1738524959.5752811,,0.0,1.0,0.001,1,16,40x40,PrototypicalNetwork,5,5,b-59-850,Egyptian,False,5,4000,2,exp1_permuted_src_datasets
909,8847.346678348,1.0,1738524959.6271484,,1.4901160305669237e-09,1.0,0.001,1,16,40x40,PrototypicalNetwork,5,5,b-59-850,Egyptian,False,5,4000,2,exp1_permuted_src_datasets
910,8847.400042457,1.0,1738524959.680503,,1.4901160305669237e-09,1.0,0.001,1,16,40x40,PrototypicalNetwork,5,5,b-59-850,Egyptian,False,5,4000,2,exp1_permuted_src_datasets
911,8847.474728261,1.0,1738524959.7551644,,0.0,1.0,0.001,1,16,40x40,PrototypicalNetwork,5,5,b-59-850,Egyptian,False,5,4000,2,exp1_permuted_src_datasets
912,8847.548456641,1.0,1738524959.82893,,1.4901160305669237e-09,1.0,0.001,1,16,40x40,PrototypicalNetwork,5,5,b-59-850,Egyptian,False,5,4000,2,exp1_permuted_src_datasets
913,8847.593291298,1.0,1738524959.873688,,2.9802320611338473e-09,1.0,0.001,1,16,40x40,PrototypicalNetwork,5,5,b-59-850,Egyptian,False,5,4000,2,exp1_permuted_src_datasets
914,8847.633741937,1.0,1738524959.9142385,,0.0,1.0,0.001,1,16,40x40,PrototypicalNetwork,5,5,b-59-850,Egyptian,False,5,4000,2,exp1_permuted_src_datasets
915,8847.699093052,1.0,1738524959.9795644,,0.0,1.0,0.001,1,16,40x40,PrototypicalNetwork,5,5,b-59-850,Egyptian,False,5,4000,2,exp1_permuted_src_datasets
916,8847.74874828,1.0,1738524960.02925,,0.0,1.0,0.001,1,16,40x40,PrototypicalNetwork,5,5,b-59-850,Egyptian,False,5,4000,2,exp1_permuted_src_datasets
917,8847.805997763,1.0,1738524960.086471,,2.9802320611338473e-09,1.0,0.001,1,16,40x40,PrototypicalNetwork,5,5,b-59-850,Egyptian,False,5,4000,2,exp1_permuted_src_datasets
918,8847.872602671,1.0,1738524960.153091,,2.9802320611338473e-09,1.0,0.001,1,16,40x40,PrototypicalNetwork,5,5,b-59-850,Egyptian,False,5,4000,2,exp1_permuted_src_datasets
919,8847.920731521,1.0,1738524960.2012262,,2.9802318390892424e-09,1.0,0.001,1,16,40x40,PrototypicalNetwork,5,5,b-59-850,Egyptian,False,5,4000,2,exp1_permuted_src_datasets
920,8847.970784752,1.0,1738524960.2512956,,0.0,1.0,0.001,1,16,40x40,PrototypicalNetwork,5,5,b-59-850,Egyptian,False,5,4000,2,exp1_permuted_src_datasets
921,8848.033056862,1.0,1738524960.3134804,,2.9802320611338473e-09,1.0,0.001,1,16,40x40,PrototypicalNetwork,5,5,b-59-850,Egyptian,False,5,4000,2,exp1_permuted_src_datasets
922,8848.085639847,1.0,1738524960.3661401,,0.0,1.0,0.001,1,16,40x40,PrototypicalNetwork,5,5,b-59-850,Egyptian,False,5,4000,2,exp1_permuted_src_datasets
923,8848.137529041,1.0,1738524960.4179964,,2.9802318390892424e-09,1.0,0.001,1,16,40x40,PrototypicalNetwork,5,5,b-59-850,Egyptian,False,5,4000,2,exp1_permuted_src_datasets
924,8848.209672605,1.0,1738524960.489944,,1.4901160305669237e-09,1.0,0.001,1,16,40x40,PrototypicalNetwork,5,5,b-59-850,Egyptian,False,5,4000,2,exp1_permuted_src_datasets
925,8848.274142253,1.0,1738524960.5545928,,1.4901160305669237e-09,1.0,0.001,1,16,40x40,PrototypicalNetwork,5,5,b-59-850,Egyptian,False,5,4000,2,exp1_permuted_src_datasets
926,8848.339440152,1.0,1738524960.619927,,1.4901160305669237e-09,1.0,0.001,1,16,40x40,PrototypicalNetwork,5,5,b-59-850,Egyptian,False,5,4000,2,exp1_permuted_src_datasets
927,8848.383832805,1.0,1738524960.664259,,4.470347647611561e-09,1.0,0.001,1,16,40x40,PrototypicalNetwork,5,5,b-59-850,Egyptian,False,5,4000,2,exp1_permuted_src_datasets
928,8848.438534136,1.0,1738524960.7189996,,0.0,1.0,0.001,1,16,40x40,PrototypicalNetwork,5,5,b-59-850,Egyptian,False,5,4000,2,exp1_permuted_src_datasets
929,8848.490812725,1.0,1738524960.7712655,,0.0,1.0,0.001,1,16,40x40,PrototypicalNetwork,5,5,b-59-850,Egyptian,False,5,4000,2,exp1_permuted_src_datasets
930,8848.534485977,1.0,1738524960.8149595,,0.0,1.0,0.001,1,16,40x40,PrototypicalNetwork,5,5,b-59-850,Egyptian,False,5,4000,2,exp1_permuted_src_datasets
931,8848.577160536,1.0,1738524960.8576438,,2.9802320611338473e-09,1.0,0.001,1,16,40x40,PrototypicalNetwork,5,5,b-59-850,Egyptian,False,5,4000,2,exp1_permuted_src_datasets
932,8848.619473031,1.0,1738524960.8999634,,0.0,1.0,0.001,1,16,40x40,PrototypicalNetwork,5,5,b-59-850,Egyptian,False,5,4000,2,exp1_permuted_src_datasets
933,8848.684432686,1.0,1738524960.9649546,,0.0,1.0,0.001,1,16,40x40,PrototypicalNetwork,5,5,b-59-850,Egyptian,False,5,4000,2,exp1_permuted_src_datasets
934,8848.734929454,1.0,1738524961.0153942,,1.4901160305669237e-09,1.0,0.001,1,16,40x40,PrototypicalNetwork,5,5,b-59-850,Egyptian,False,5,4000,2,exp1_permuted_src_datasets
935,8848.779745185,1.0,1738524961.060245,,1.4901160305669237e-09,1.0,0.001,1,16,40x40,PrototypicalNetwork,5,5,b-59-850,Egyptian,False,5,4000,2,exp1_permuted_src_datasets
936,8848.822539835,1.0,1738524961.102982,,0.0,1.0,0.001,1,16,40x40,PrototypicalNetwork,5,5,b-59-850,Egyptian,False,5,4000,2,exp1_permuted_src_datasets
937,8848.900283552,1.0,1738524961.180754,,1.4901160305669237e-09,1.0,0.001,1,16,40x40,PrototypicalNetwork,5,5,b-59-850,Egyptian,False,5,4000,2,exp1_permuted_src_datasets
938,8848.972541082,1.0,1738524961.2530217,,0.0,1.0,0.001,1,16,40x40,PrototypicalNetwork,5,5,b-59-850,Egyptian,False,5,4000,2,exp1_permuted_src_datasets
939,8849.037203135,1.0,1738524961.3176684,,0.0,1.0,0.001,1,16,40x40,PrototypicalNetwork,5,5,b-59-850,Egyptian,False,5,4000,2,exp1_permuted_src_datasets
940,8849.133526126,1.0,1738524961.4139946,,0.0,1.0,0.001,1,16,40x40,PrototypicalNetwork,5,5,b-59-850,Egyptian,False,5,4000,2,exp1_permuted_src_datasets
941,8849.195057777,1.0,1738524961.475374,,0.0,1.0,0.001,1,16,40x40,PrototypicalNetwork,5,5,b-59-850,Egyptian,False,5,4000,2,exp1_permuted_src_datasets
942,8849.275497882,1.0,1738524961.5559778,,0.0,1.0,0.001,1,16,40x40,PrototypicalNetwork,5,5,b-59-850,Egyptian,False,5,4000,2,exp1_permuted_src_datasets
943,8849.321003588,1.0,1738524961.6015203,,0.0,1.0,0.001,1,16,40x40,PrototypicalNetwork,5,5,b-59-850,Egyptian,False,5,4000,2,exp1_permuted_src_datasets
944,8849.374782918,1.0,1738524961.6552937,,9.387698440832537e-08,1.0,0.001,1,16,40x40,PrototypicalNetwork,5,5,b-59-850,Egyptian,False,5,4000,2,exp1_permuted_src_datasets
945,8849.415016135,1.0,1738524961.6955109,,1.4901160305669237e-09,1.0,0.001,1,16,40x40,PrototypicalNetwork,5,5,b-59-850,Egyptian,False,5,4000,2,exp1_permuted_src_datasets
946,8849.453175499,1.0,1738524961.733659,,0.0,1.0,0.001,1,16,40x40,PrototypicalNetwork,5,5,b-59-850,Egyptian,False,5,4000,2,exp1_permuted_src_datasets
947,8849.512384354,1.0,1738524961.7928345,,1.4901160305669237e-09,1.0,0.001,1,16,40x40,PrototypicalNetwork,5,5,b-59-850,Egyptian,False,5,4000,2,exp1_permuted_src_datasets
948,9363.746784122,1.0,1738525475.984328,0.8619000012874604,,,0.001,1,16,40x40,PrototypicalNetwork,5,5,b-59-850,Egyptian,False,5,4000,2,exp1_permuted_src_datasets
949,9363.754097855,1.0,1738525476.0346467,,0.0,1.0,0.001,1,16,40x40,PrototypicalNetwork,5,5,b-59-850,Egyptian,False,5,4000,2,exp1_permuted_src_datasets
950,9363.802946345,1.0,1738525476.0834389,,4.470347647611561e-09,1.0,0.001,1,16,40x40,PrototypicalNetwork,5,5,b-59-850,Egyptian,False,5,4000,2,exp1_permuted_src_datasets
951,9363.886018816,1.0,1738525476.1663885,,0.0,1.0,0.001,1,16,40x40,PrototypicalNetwork,5,5,b-59-850,Egyptian,False,5,4000,2,exp1_permuted_src_datasets
952,9363.962410773,1.0,1738525476.242899,,2.235172225084625e-08,1.0,0.001,1,16,40x40,PrototypicalNetwork,5,5,b-59-850,Egyptian,False,5,4000,2,exp1_permuted_src_datasets
953,9364.031730065,1.0,1738525476.3121612,,0.0,1.0,0.001,1,16,40x40,PrototypicalNetwork,5,5,b-59-850,Egyptian,False,5,4000,2,exp1_permuted_src_datasets
954,9364.088323675,1.0,1738525476.3687983,,0.0,1.0,0.001,1,16,40x40,PrototypicalNetwork,5,5,b-59-850,Egyptian,False,5,4000,2,exp1_permuted_src_datasets
955,9364.146026976,1.0,1738525476.4265049,,0.0,1.0,0.001,1,16,40x40,PrototypicalNetwork,5,5,b-59-850,Egyptian,False,5,4000,2,exp1_permuted_src_datasets
956,9364.244051667,1.0,1738525476.5244184,,0.0,1.0,0.001,1,16,40x40,PrototypicalNetwork,5,5,b-59-850,Egyptian,False,5,4000,2,exp1_permuted_src_datasets
957,9364.321087035,1.0,1738525476.601568,,0.0,1.0,0.001,1,16,40x40,PrototypicalNetwork,5,5,b-59-850,Egyptian,False,5,4000,2,exp1_permuted_src_datasets
958,9364.375137025,1.0,1738525476.6556134,,2.9802320611338473e-09,1.0,0.001,1,16,40x40,PrototypicalNetwork,5,5,b-59-850,Egyptian,False,5,4000,2,exp1_permuted_src_datasets
959,9364.440422538,1.0,1738525476.7209,,0.0,1.0,0.001,1,16,40x40,PrototypicalNetwork,5,5,b-59-850,Egyptian,False,5,4000,2,exp1_permuted_src_datasets
960,9364.479536109,1.0,1738525476.7600029,,1.4901160305669237e-09,1.0,0.001,1,16,40x40,PrototypicalNetwork,5,5,b-59-850,Egyptian,False,5,4000,2,exp1_permuted_src_datasets
961,9364.52768767,1.0,1738525476.8081725,,0.0,1.0,0.001,1,16,40x40,PrototypicalNetwork,5,5,b-59-850,Egyptian,False,5,4000,2,exp1_permuted_src_datasets
962,9364.573085086,1.0,1738525476.853575,,0.0,1.0,0.001,1,16,40x40,PrototypicalNetwork,5,5,b-59-850,Egyptian,False,5,4000,2,exp1_permuted_src_datasets
963,9364.635580371,1.0,1738525476.9160678,,0.0,1.0,0.001,1,16,40x40,PrototypicalNetwork,5,5,b-59-850,Egyptian,False,5,4000,2,exp1_permuted_src_datasets
964,9364.717499077,1.0,1738525476.9979825,,0.0,1.0,0.001,1,16,40x40,PrototypicalNetwork,5,5,b-59-850,Egyptian,False,5,4000,2,exp1_permuted_src_datasets
965,9364.804942073,1.0,1738525477.0853834,,2.9802320611338473e-09,1.0,0.001,1,16,40x40,PrototypicalNetwork,5,5,b-59-850,Egyptian,False,5,4000,2,exp1_permuted_src_datasets
966,9364.87908061,1.0,1738525477.1595478,,4.470348091700771e-09,1.0,0.001,1,16,40x40,PrototypicalNetwork,5,5,b-59-850,Egyptian,False,5,4000,2,exp1_permuted_src_datasets
967,9364.956181012,1.0,1738525477.2366505,,0.0,1.0,0.001,1,16,40x40,PrototypicalNetwork,5,5,b-59-850,Egyptian,False,5,4000,2,exp1_permuted_src_datasets
968,9365.049766511,1.0,1738525477.330133,,7.450578376477779e-09,1.0,0.001,1,16,40x40,PrototypicalNetwork,5,5,b-59-850,Egyptian,False,5,4000,2,exp1_permuted_src_datasets
969,9365.128179572,1.0,1738525477.408627,,2.9802320611338473e-09,1.0,0.001,1,16,40x40,PrototypicalNetwork,5,5,b-59-850,Egyptian,False,5,4000,2,exp1_permuted_src_datasets
970,9365.222706841,1.0,1738525477.5032113,,0.0,1.0,0.001,1,16,40x40,PrototypicalNetwork,5,5,b-59-850,Egyptian,False,5,4000,2,exp1_permuted_src_datasets
971,9365.302827247,1.0,1738525477.5832949,,0.0,1.0,0.001,1,16,40x40,PrototypicalNetwork,5,5,b-59-850,Egyptian,False,5,4000,2,exp1_permuted_src_datasets
972,9365.375241431,1.0,1738525477.6556952,,0.0,1.0,0.001,1,16,40x40,PrototypicalNetwork,5,5,b-59-850,Egyptian,False,5,4000,2,exp1_permuted_src_datasets
973,9365.442815591,1.0,1738525477.7232924,,0.0,1.0,0.001,1,16,40x40,PrototypicalNetwork,5,5,b-59-850,Egyptian,False,5,4000,2,exp1_permuted_src_datasets
974,9365.492479729,1.0,1738525477.7729504,,1.4901160305669237e-09,1.0,0.001,1,16,40x40,PrototypicalNetwork,5,5,b-59-850,Egyptian,False,5,4000,2,exp1_permuted_src_datasets
975,9365.550021532,1.0,1738525477.8305202,,5.960464122267695e-09,1.0,0.001,1,16,40x40,PrototypicalNetwork,5,5,b-59-850,Egyptian,False,5,4000,2,exp1_permuted_src_datasets
976,9365.632156603,1.0,1738525477.9125605,,7.450578376477779e-09,1.0,0.001,1,16,40x40,PrototypicalNetwork,5,5,b-59-850,Egyptian,False,5,4000,2,exp1_permuted_src_datasets
977,9365.679566069,1.0,1738525477.9600432,,0.0,1.0,0.001,1,16,40x40,PrototypicalNetwork,5,5,b-59-850,Egyptian,False,5,4000,2,exp1_permuted_src_datasets
978,9365.726894098,1.0,1738525478.0073802,,0.0,1.0,0.001,1,16,40x40,PrototypicalNetwork,5,5,b-59-850,Egyptian,False,5,4000,2,exp1_permuted_src_datasets
979,9365.767739635,1.0,1738525478.0482354,,9.387697730289801e-08,1.0,0.001,1,16,40x40,PrototypicalNetwork,5,5,b-59-850,Egyptian,False,5,4000,2,exp1_permuted_src_datasets
980,9365.807069768,1.0,1738525478.0875475,,0.0,1.0,0.001,1,16,40x40,PrototypicalNetwork,5,5,b-59-850,Egyptian,False,5,4000,2,exp1_permuted_src_datasets
981,9365.854474746,1.0,1738525478.1349607,,4.470348091700771e-09,1.0,0.001,1,16,40x40,PrototypicalNetwork,5,5,b-59-850,Egyptian,False,5,4000,2,exp1_permuted_src_datasets
982,9365.895221206,1.0,1738525478.1757011,,1.4901160305669237e-09,1.0,0.001,1,16,40x40,PrototypicalNetwork,5,5,b-59-850,Egyptian,False,5,4000,2,exp1_permuted_src_datasets
983,9365.981544547,1.0,1738525478.2620368,,0.0,1.0,0.001,1,16,40x40,PrototypicalNetwork,5,5,b-59-850,Egyptian,False,5,4000,2,exp1_permuted_src_datasets
984,9366.022337526,1.0,1738525478.3028185,,2.9802318390892424e-09,1.0,0.001,1,16,40x40,PrototypicalNetwork,5,5,b-59-850,Egyptian,False,5,4000,2,exp1_permuted_src_datasets
985,9366.070424581,1.0,1738525478.3508482,,0.0,1.0,0.001,1,16,40x40,PrototypicalNetwork,5,5,b-59-850,Egyptian,False,5,4000,2,exp1_permuted_src_datasets
986,9366.113017545,1.0,1738525478.3935199,,0.0,1.0,0.001,1,16,40x40,PrototypicalNetwork,5,5,b-59-850,Egyptian,False,5,4000,2,exp1_permuted_src_datasets
987,9366.178154795,1.0,1738525478.4586558,,0.0,1.0,0.001,1,16,40x40,PrototypicalNetwork,5,5,b-59-850,Egyptian,False,5,4000,2,exp1_permuted_src_datasets
988,9366.218686399,1.0,1738525478.4991484,,7.4505797087454084e-09,1.0,0.001,1,16,40x40,PrototypicalNetwork,5,5,b-59-850,Egyptian,False,5,4000,2,exp1_permuted_src_datasets
989,9366.257769887,1.0,1738525478.5382588,,0.0,1.0,0.001,1,16,40x40,PrototypicalNetwork,5,5,b-59-850,Egyptian,False,5,4000,2,exp1_permuted_src_datasets
990,9366.327394925,1.0,1738525478.6078837,,1.4901160305669237e-09,1.0,0.001,1,16,40x40,PrototypicalNetwork,5,5,b-59-850,Egyptian,False,5,4000,2,exp1_permuted_src_datasets
991,9366.367821693,1.0,1738525478.6483219,,4.470348091700771e-09,1.0,0.001,1,16,40x40,PrototypicalNetwork,5,5,b-59-850,Egyptian,False,5,4000,2,exp1_permuted_src_datasets
992,9366.413745142,1.0,1738525478.6941853,,0.0,1.0,0.001,1,16,40x40,PrototypicalNetwork,5,5,b-59-850,Egyptian,False,5,4000,2,exp1_permuted_src_datasets
993,9366.480873202,1.0,1738525478.7613518,,1.4901160305669237e-09,1.0,0.001,1,16,40x40,PrototypicalNetwork,5,5,b-59-850,Egyptian,False,5,4000,2,exp1_permuted_src_datasets
994,9366.55989997,1.0,1738525478.8403244,,0.0,1.0,0.001,1,16,40x40,PrototypicalNetwork,5,5,b-59-850,Egyptian,False,5,4000,2,exp1_permuted_src_datasets
995,9366.604182495,1.0,1738525478.8846734,,0.0,1.0,0.001,1,16,40x40,PrototypicalNetwork,5,5,b-59-850,Egyptian,False,5,4000,2,exp1_permuted_src_datasets
996,9366.649329992,1.0,1738525478.9298096,,0.0,1.0,0.001,1,16,40x40,PrototypicalNetwork,5,5,b-59-850,Egyptian,False,5,4000,2,exp1_permuted_src_datasets
997,9366.703360378,1.0,1738525478.9838252,,2.9802320611338473e-09,1.0,0.001,1,16,40x40,PrototypicalNetwork,5,5,b-59-850,Egyptian,False,5,4000,2,exp1_permuted_src_datasets
998,9366.742672886,1.0,1738525479.0231714,,0.0,1.0,0.001,1,16,40x40,PrototypicalNetwork,5,5,b-59-850,Egyptian,False,5,4000,2,exp1_permuted_src_datasets
999,9366.781595095,1.0,1738525479.0620847,,1.4901160305669237e-09,1.0,0.001,1,16,40x40,PrototypicalNetwork,5,5,b-59-850,Egyptian,False,5,4000,2,exp1_permuted_src_datasets
1000,9366.831289051,1.0,1738525479.1118228,,0.0,1.0,0.001,1,16,40x40,PrototypicalNetwork,5,5,b-59-850,Egyptian,False,5,4000,2,exp1_permuted_src_datasets
1001,9366.872048081,1.0,1738525479.1525578,,0.0,1.0,0.001,1,16,40x40,PrototypicalNetwork,5,5,b-59-850,Egyptian,False,5,4000,2,exp1_permuted_src_datasets
1002,9366.931917316,1.0,1738525479.212397,,1.4901160305669237e-09,1.0,0.001,1,16,40x40,PrototypicalNetwork,5,5,b-59-850,Egyptian,False,5,4000,2,exp1_permuted_src_datasets
1003,9366.972424856,1.0,1738525479.2528908,,1.4901160305669237e-09,1.0,0.001,1,16,40x40,PrototypicalNetwork,5,5,b-59-850,Egyptian,False,5,4000,2,exp1_permuted_src_datasets
1004,9367.011291321,1.0,1738525479.2917964,,0.0,1.0,0.001,1,16,40x40,PrototypicalNetwork,5,5,b-59-850,Egyptian,False,5,4000,2,exp1_permuted_src_datasets
1005,9367.049998853,1.0,1738525479.3304443,,1.4901160305669237e-09,1.0,0.001,1,16,40x40,PrototypicalNetwork,5,5,b-59-850,Egyptian,False,5,4000,2,exp1_permuted_src_datasets
1006,9367.107678546,1.0,1738525479.3881533,,3.129242642785357e-08,1.0,0.001,1,16,40x40,PrototypicalNetwork,5,5,b-59-850,Egyptian,False,5,4000,2,exp1_permuted_src_datasets
1007,9367.159262657,1.0,1738525479.4397485,,1.4901160305669237e-09,1.0,0.001,1,16,40x40,PrototypicalNetwork,5,5,b-59-850,Egyptian,False,5,4000,2,exp1_permuted_src_datasets
1008,9367.227012596,1.0,1738525479.5075085,,0.0,1.0,0.001,1,16,40x40,PrototypicalNetwork,5,5,b-59-850,Egyptian,False,5,4000,2,exp1_permuted_src_datasets
1009,9367.283340808,1.0,1738525479.5638182,,2.9802318390892424e-09,1.0,0.001,1,16,40x40,PrototypicalNetwork,5,5,b-59-850,Egyptian,False,5,4000,2,exp1_permuted_src_datasets
1010,9367.340767973,1.0,1738525479.6212752,,0.0,1.0,0.001,1,16,40x40,PrototypicalNetwork,5,5,b-59-850,Egyptian,False,5,4000,2,exp1_permuted_src_datasets
1011,9882.442838907,1.0,1738525994.680928,0.8598499994277954,,,0.001,1,16,40x40,PrototypicalNetwork,5,5,b-59-850,Egyptian,False,5,4000,2,exp1_permuted_src_datasets
1012,9882.442882425,1.0,1738525994.7100728,,0.0,1.0,0.001,1,16,40x40,PrototypicalNetwork,5,5,b-59-850,Egyptian,False,5,4000,2,exp1_permuted_src_datasets
1013,9882.475514217,1.0,1738525994.7560215,,0.0,1.0,0.001,1,16,40x40,PrototypicalNetwork,5,5,b-59-850,Egyptian,False,5,4000,2,exp1_permuted_src_datasets
1014,9882.531991532,1.0,1738525994.8124936,,0.0,1.0,0.001,1,16,40x40,PrototypicalNetwork,5,5,b-59-850,Egyptian,False,5,4000,2,exp1_permuted_src_datasets
1015,9882.593044684,1.0,1738525994.8735256,,0.0,1.0,0.001,1,16,40x40,PrototypicalNetwork,5,5,b-59-850,Egyptian,False,5,4000,2,exp1_permuted_src_datasets
1016,9882.637239504,1.0,1738525994.917737,,1.1920922915464871e-08,1.0,0.001,1,16,40x40,PrototypicalNetwork,5,5,b-59-850,Egyptian,False,5,4000,2,exp1_permuted_src_datasets
1017,9882.699201283,1.0,1738525994.979653,,0.0,1.0,0.001,1,16,40x40,PrototypicalNetwork,5,5,b-59-850,Egyptian,False,5,4000,2,exp1_permuted_src_datasets
1018,9882.739099116,1.0,1738525995.0195823,,0.0,1.0,0.001,1,16,40x40,PrototypicalNetwork,5,5,b-59-850,Egyptian,False,5,4000,2,exp1_permuted_src_datasets
1019,9882.782840338,1.0,1738525995.0633028,,0.0,1.0,0.001,1,16,40x40,PrototypicalNetwork,5,5,b-59-850,Egyptian,False,5,4000,2,exp1_permuted_src_datasets
1020,9882.823044375,1.0,1738525995.1035042,,2.9802318390892424e-09,1.0,0.001,1,16,40x40,PrototypicalNetwork,5,5,b-59-850,Egyptian,False,5,4000,2,exp1_permuted_src_datasets
1021,9882.866869697,1.0,1738525995.147361,,0.0,1.0,0.001,1,16,40x40,PrototypicalNetwork,5,5,b-59-850,Egyptian,False,5,4000,2,exp1_permuted_src_datasets
1022,9882.917700241,1.0,1738525995.1981754,,1.4901160305669237e-09,1.0,0.001,1,16,40x40,PrototypicalNetwork,5,5,b-59-850,Egyptian,False,5,4000,2,exp1_permuted_src_datasets
1023,9882.975022358,1.0,1738525995.2554832,,8.940694407044703e-09,1.0,0.001,1,16,40x40,PrototypicalNetwork,5,5,b-59-850,Egyptian,False,5,4000,2,exp1_permuted_src_datasets
1024,9883.017668837,1.0,1738525995.298153,,0.0,1.0,0.001,1,16,40x40,PrototypicalNetwork,5,5,b-59-850,Egyptian,False,5,4000,2,exp1_permuted_src_datasets
1025,9883.06316306,1.0,1738525995.3436518,,0.0,1.0,0.001,1,16,40x40,PrototypicalNetwork,5,5,b-59-850,Egyptian,False,5,4000,2,exp1_permuted_src_datasets
1026,9883.106473927,1.0,1738525995.3869157,,3.874297505035429e-08,1.0,0.001,1,16,40x40,PrototypicalNetwork,5,5,b-59-850,Egyptian,False,5,4000,2,exp1_permuted_src_datasets
1027,9883.178034795,1.0,1738525995.4585001,,0.0,1.0,0.001,1,16,40x40,PrototypicalNetwork,5,5,b-59-850,Egyptian,False,5,4000,2,exp1_permuted_src_datasets
1028,9883.257807239,1.0,1738525995.5382903,,0.0,1.0,0.001,1,16,40x40,PrototypicalNetwork,5,5,b-59-850,Egyptian,False,5,4000,2,exp1_permuted_src_datasets
1029,9883.329578564,1.0,1738525995.6100428,,0.0,1.0,0.001,1,16,40x40,PrototypicalNetwork,5,5,b-59-850,Egyptian,False,5,4000,2,exp1_permuted_src_datasets
1030,9883.399373156,1.0,1738525995.6798503,,0.0,1.0,0.001,1,16,40x40,PrototypicalNetwork,5,5,b-59-850,Egyptian,False,5,4000,2,exp1_permuted_src_datasets
1031,9883.444536333,1.0,1738525995.724996,,1.4901160305669237e-09,1.0,0.001,1,16,40x40,PrototypicalNetwork,5,5,b-59-850,Egyptian,False,5,4000,2,exp1_permuted_src_datasets
1032,9883.505750906,1.0,1738525995.7862346,,0.0,1.0,0.001,1,16,40x40,PrototypicalNetwork,5,5,b-59-850,Egyptian,False,5,4000,2,exp1_permuted_src_datasets
1033,9883.552588183,1.0,1738525995.8330488,,0.0,1.0,0.001,1,16,40x40,PrototypicalNetwork,5,5,b-59-850,Egyptian,False,5,4000,2,exp1_permuted_src_datasets
1034,9883.594655015,1.0,1738525995.8751192,,2.9802320611338473e-09,1.0,0.001,1,16,40x40,PrototypicalNetwork,5,5,b-59-850,Egyptian,False,5,4000,2,exp1_permuted_src_datasets
1035,9883.659886982,1.0,1738525995.9403474,,0.0,1.0,0.001,1,16,40x40,PrototypicalNetwork,5,5,b-59-850,Egyptian,False,5,4000,2,exp1_permuted_src_datasets
1036,9883.725213216,1.0,1738525996.005672,,0.0,1.0,0.001,1,16,40x40,PrototypicalNetwork,5,5,b-59-850,Egyptian,False,5,4000,2,exp1_permuted_src_datasets
1037,9883.789663565,1.0,1738525996.070135,,1.639127411579011e-08,1.0,0.001,1,16,40x40,PrototypicalNetwork,5,5,b-59-850,Egyptian,False,5,4000,2,exp1_permuted_src_datasets
1038,9883.847859111,1.0,1738525996.128354,,0.0,1.0,0.001,1,16,40x40,PrototypicalNetwork,5,5,b-59-850,Egyptian,False,5,4000,2,exp1_permuted_src_datasets
1039,9883.914577024,1.0,1738525996.1950681,,0.0,1.0,0.001,1,16,40x40,PrototypicalNetwork,5,5,b-59-850,Egyptian,False,5,4000,2,exp1_permuted_src_datasets
1040,9883.98730584,1.0,1738525996.2677753,,1.4901160305669237e-09,1.0,0.001,1,16,40x40,PrototypicalNetwork,5,5,b-59-850,Egyptian,False,5,4000,2,exp1_permuted_src_datasets
1041,9884.070571137,1.0,1738525996.350994,,4.470348091700771e-09,1.0,0.001,1,16,40x40,PrototypicalNetwork,5,5,b-59-850,Egyptian,False,5,4000,2,exp1_permuted_src_datasets
1042,9884.133845208,1.0,1738525996.4143224,,1.4901160305669237e-09,1.0,0.001,1,16,40x40,PrototypicalNetwork,5,5,b-59-850,Egyptian,False,5,4000,2,exp1_permuted_src_datasets
1043,9884.19773813,1.0,1738525996.4782248,,1.4901160305669237e-09,1.0,0.001,1,16,40x40,PrototypicalNetwork,5,5,b-59-850,Egyptian,False,5,4000,2,exp1_permuted_src_datasets
1044,9884.237997279,1.0,1738525996.5184758,,4.470348091700771e-09,1.0,0.001,1,16,40x40,PrototypicalNetwork,5,5,b-59-850,Egyptian,False,5,4000,2,exp1_permuted_src_datasets
1045,9884.30564715,1.0,1738525996.5860965,,0.0,1.0,0.001,1,16,40x40,PrototypicalNetwork,5,5,b-59-850,Egyptian,False,5,4000,2,exp1_permuted_src_datasets
1046,9884.374558008,1.0,1738525996.6550267,,0.0,1.0,0.001,1,16,40x40,PrototypicalNetwork,5,5,b-59-850,Egyptian,False,5,4000,2,exp1_permuted_src_datasets
1047,9884.47482211,1.0,1738525996.7551873,,1.6391270563076432e-08,1.0,0.001,1,16,40x40,PrototypicalNetwork,5,5,b-59-850,Egyptian,False,5,4000,2,exp1_permuted_src_datasets
1048,9884.54790985,1.0,1738525996.82836,,4.470348091700771e-09,1.0,0.001,1,16,40x40,PrototypicalNetwork,5,5,b-59-850,Egyptian,False,5,4000,2,exp1_permuted_src_datasets
1049,9884.606565588,1.0,1738525996.8869805,,0.0,1.0,0.001,1,16,40x40,PrototypicalNetwork,5,5,b-59-850,Egyptian,False,5,4000,2,exp1_permuted_src_datasets
1050,9884.648976515,1.0,1738525996.929446,,0.0,1.0,0.001,1,16,40x40,PrototypicalNetwork,5,5,b-59-850,Egyptian,False,5,4000,2,exp1_permuted_src_datasets
1051,9884.70665608,1.0,1738525996.987115,,0.0,1.0,0.001,1,16,40x40,PrototypicalNetwork,5,5,b-59-850,Egyptian,False,5,4000,2,exp1_permuted_src_datasets
1052,9884.779003554,1.0,1738525997.0594711,,0.0,1.0,0.001,1,16,40x40,PrototypicalNetwork,5,5,b-59-850,Egyptian,False,5,4000,2,exp1_permuted_src_datasets
1053,9884.829145751,1.0,1738525997.109636,,1.4901160305669237e-09,1.0,0.001,1,16,40x40,PrototypicalNetwork,5,5,b-59-850,Egyptian,False,5,4000,2,exp1_permuted_src_datasets
1054,9884.894041344,1.0,1738525997.1745195,,0.0,1.0,0.001,1,16,40x40,PrototypicalNetwork,5,5,b-59-850,Egyptian,False,5,4000,2,exp1_permuted_src_datasets
1055,9884.975599628,1.0,1738525997.2560713,,4.470348091700771e-09,1.0,0.001,1,16,40x40,PrototypicalNetwork,5,5,b-59-850,Egyptian,False,5,4000,2,exp1_permuted_src_datasets
1056,9885.031587585,1.0,1738525997.3120723,,0.0,1.0,0.001,1,16,40x40,PrototypicalNetwork,5,5,b-59-850,Egyptian,False,5,4000,2,exp1_permuted_src_datasets
1057,9885.108227809,1.0,1738525997.3886223,,0.0,1.0,0.001,1,16,40x40,PrototypicalNetwork,5,5,b-59-850,Egyptian,False,5,4000,2,exp1_permuted_src_datasets
1058,9885.178832199,1.0,1738525997.4593,,0.0,1.0,0.001,1,16,40x40,PrototypicalNetwork,5,5,b-59-850,Egyptian,False,5,4000,2,exp1_permuted_src_datasets
1059,9885.229863601,1.0,1738525997.5103376,,0.0,1.0,0.001,1,16,40x40,PrototypicalNetwork,5,5,b-59-850,Egyptian,False,5,4000,2,exp1_permuted_src_datasets
1060,9885.293897341,1.0,1738525997.5743625,,0.0,1.0,0.001,1,16,40x40,PrototypicalNetwork,5,5,b-59-850,Egyptian,False,5,4000,2,exp1_permuted_src_datasets
1061,9885.380174516,1.0,1738525997.6606615,,0.0,1.0,0.001,1,16,40x40,PrototypicalNetwork,5,5,b-59-850,Egyptian,False,5,4000,2,exp1_permuted_src_datasets
1062,9885.429920441,1.0,1738525997.710387,,0.0,1.0,0.001,1,16,40x40,PrototypicalNetwork,5,5,b-59-850,Egyptian,False,5,4000,2,exp1_permuted_src_datasets
1063,9885.477455235,1.0,1738525997.7579098,,0.0,1.0,0.001,1,16,40x40,PrototypicalNetwork,5,5,b-59-850,Egyptian,False,5,4000,2,exp1_permuted_src_datasets
1064,9885.527746118,1.0,1738525997.8082118,,1.0430811769879256e-08,1.0,0.001,1,16,40x40,PrototypicalNetwork,5,5,b-59-850,Egyptian,False,5,4000,2,exp1_permuted_src_datasets
1065,9885.601861996,1.0,1738525997.8823166,,0.0,1.0,0.001,1,16,40x40,PrototypicalNetwork,5,5,b-59-850,Egyptian,False,5,4000,2,exp1_permuted_src_datasets
1066,9885.673650309,1.0,1738525997.9541593,,0.0,1.0,0.001,1,16,40x40,PrototypicalNetwork,5,5,b-59-850,Egyptian,False,5,4000,2,exp1_permuted_src_datasets
1067,9885.743775615,1.0,1738525998.0242562,,2.9802320611338473e-09,1.0,0.001,1,16,40x40,PrototypicalNetwork,5,5,b-59-850,Egyptian,False,5,4000,2,exp1_permuted_src_datasets
1068,9885.831257898,1.0,1738525998.1117575,,0.0,1.0,0.001,1,16,40x40,PrototypicalNetwork,5,5,b-59-850,Egyptian,False,5,4000,2,exp1_permuted_src_datasets
1069,9885.895752873,1.0,1738525998.1762738,,0.0,1.0,0.001,1,16,40x40,PrototypicalNetwork,5,5,b-59-850,Egyptian,False,5,4000,2,exp1_permuted_src_datasets
1070,9885.967929618,1.0,1738525998.248413,,1.4901160305669237e-09,1.0,0.001,1,16,40x40,PrototypicalNetwork,5,5,b-59-850,Egyptian,False,5,4000,2,exp1_permuted_src_datasets
1071,9886.048897813,1.0,1738525998.329346,,1.4901160305669237e-09,1.0,0.001,1,16,40x40,PrototypicalNetwork,5,5,b-59-850,Egyptian,False,5,4000,2,exp1_permuted_src_datasets
1072,9886.116511777,1.0,1738525998.3970244,,0.0,1.0,0.001,1,16,40x40,PrototypicalNetwork,5,5,b-59-850,Egyptian,False,5,4000,2,exp1_permuted_src_datasets
1073,9886.172721929,1.0,1738525998.4532146,,1.4901160305669237e-09,1.0,0.001,1,16,40x40,PrototypicalNetwork,5,5,b-59-850,Egyptian,False,5,4000,2,exp1_permuted_src_datasets
1074,10399.806693559,1.0,1738526512.0873165,0.8631500010490417,,,0.001,1,16,40x40,PrototypicalNetwork,5,5,b-59-850,Egyptian,False,5,4000,2,exp1_permuted_src_datasets
1075,10399.85791713,1.0,1738526512.138399,,0.0,1.0,0.001,1,16,40x40,PrototypicalNetwork,5,5,b-59-850,Egyptian,False,5,4000,2,exp1_permuted_src_datasets
1076,10399.921359541,1.0,1738526512.2018535,,0.0,1.0,0.001,1,16,40x40,PrototypicalNetwork,5,5,b-59-850,Egyptian,False,5,4000,2,exp1_permuted_src_datasets
1077,10400.01004085,1.0,1738526512.2905362,,0.0,1.0,0.001,1,16,40x40,PrototypicalNetwork,5,5,b-59-850,Egyptian,False,5,4000,2,exp1_permuted_src_datasets
1078,10400.080866256,1.0,1738526512.3613591,,0.0,1.0,0.001,1,16,40x40,PrototypicalNetwork,5,5,b-59-850,Egyptian,False,5,4000,2,exp1_permuted_src_datasets
1079,10400.147730619,1.0,1738526512.4282002,,0.0,1.0,0.001,1,16,40x40,PrototypicalNetwork,5,5,b-59-850,Egyptian,False,5,4000,2,exp1_permuted_src_datasets
1080,10400.212636203,1.0,1738526512.4931154,,2.9802320611338473e-09,1.0,0.001,1,16,40x40,PrototypicalNetwork,5,5,b-59-850,Egyptian,False,5,4000,2,exp1_permuted_src_datasets
1081,10400.267284087,1.0,1738526512.5477726,,0.0,1.0,0.001,1,16,40x40,PrototypicalNetwork,5,5,b-59-850,Egyptian,False,5,4000,2,exp1_permuted_src_datasets
1082,10400.329802566,1.0,1738526512.6103044,,0.0,1.0,0.001,1,16,40x40,PrototypicalNetwork,5,5,b-59-850,Egyptian,False,5,4000,2,exp1_permuted_src_datasets
1083,10400.383338942,1.0,1738526512.6638188,,0.0,1.0,0.001,1,16,40x40,PrototypicalNetwork,5,5,b-59-850,Egyptian,False,5,4000,2,exp1_permuted_src_datasets
1084,10400.42430219,1.0,1738526512.7048435,,0.0,1.0,0.001,1,16,40x40,PrototypicalNetwork,5,5,b-59-850,Egyptian,False,5,4000,2,exp1_permuted_src_datasets
1085,10400.502009699,1.0,1738526512.7824073,,0.0,1.0,0.001,1,16,40x40,PrototypicalNetwork,5,5,b-59-850,Egyptian,False,5,4000,2,exp1_permuted_src_datasets
1086,10400.553625953,1.0,1738526512.8340983,,0.0,1.0,0.001,1,16,40x40,PrototypicalNetwork,5,5,b-59-850,Egyptian,False,5,4000,2,exp1_permuted_src_datasets
1087,10400.597502846,1.0,1738526512.8779855,,0.0,1.0,0.001,1,16,40x40,PrototypicalNetwork,5,5,b-59-850,Egyptian,False,5,4000,2,exp1_permuted_src_datasets
1088,10400.672725405,1.0,1738526512.9532511,,1.4901160305669237e-09,1.0,0.001,1,16,40x40,PrototypicalNetwork,5,5,b-59-850,Egyptian,False,5,4000,2,exp1_permuted_src_datasets
1089,10400.743883253,1.0,1738526513.0242574,,0.0,1.0,0.001,1,16,40x40,PrototypicalNetwork,5,5,b-59-850,Egyptian,False,5,4000,2,exp1_permuted_src_datasets
1090,10400.826465282,1.0,1738526513.1069517,,0.0,1.0,0.001,1,16,40x40,PrototypicalNetwork,5,5,b-59-850,Egyptian,False,5,4000,2,exp1_permuted_src_datasets
1091,10400.880073166,1.0,1738526513.160493,,0.0,1.0,0.001,1,16,40x40,PrototypicalNetwork,5,5,b-59-850,Egyptian,False,5,4000,2,exp1_permuted_src_datasets
1092,10400.934789323,1.0,1738526513.2136402,,0.0,1.0,0.001,1,16,40x40,PrototypicalNetwork,5,5,b-59-850,Egyptian,False,5,4000,2,exp1_permuted_src_datasets
1093,10401.00326581,1.0,1738526513.283753,,0.0,1.0,0.001,1,16,40x40,PrototypicalNetwork,5,5,b-59-850,Egyptian,False,5,4000,2,exp1_permuted_src_datasets
1094,10401.070345295,1.0,1738526513.350832,,0.0,1.0,0.001,1,16,40x40,PrototypicalNetwork,5,5,b-59-850,Egyptian,False,5,4000,2,exp1_permuted_src_datasets
1095,10401.135293497,1.0,1738526513.4157786,,0.0,1.0,0.001,1,16,40x40,PrototypicalNetwork,5,5,b-59-850,Egyptian,False,5,4000,2,exp1_permuted_src_datasets
1096,10401.204848898,1.0,1738526513.4853268,,0.0,1.0,0.001,1,16,40x40,PrototypicalNetwork,5,5,b-59-850,Egyptian,False,5,4000,2,exp1_permuted_src_datasets
1097,10401.263454905,1.0,1738526513.5438669,,0.0,1.0,0.001,1,16,40x40,PrototypicalNetwork,5,5,b-59-850,Egyptian,False,5,4000,2,exp1_permuted_src_datasets
1098,10401.331946966,1.0,1738526513.6124148,,2.2351732908987287e-08,1.0,0.001,1,16,40x40,PrototypicalNetwork,5,5,b-59-850,Egyptian,False,5,4000,2,exp1_permuted_src_datasets
1099,10401.387416708,1.0,1738526513.6677413,,1.4901160305669237e-09,1.0,0.001,1,16,40x40,PrototypicalNetwork,5,5,b-59-850,Egyptian,False,5,4000,2,exp1_permuted_src_datasets
1100,10401.468399084,1.0,1738526513.748887,,0.0,1.0,0.001,1,16,40x40,PrototypicalNetwork,5,5,b-59-850,Egyptian,False,5,4000,2,exp1_permuted_src_datasets
1101,10401.509340675,1.0,1738526513.7898247,,1.4901160305669237e-09,1.0,0.001,1,16,40x40,PrototypicalNetwork,5,5,b-59-850,Egyptian,False,5,4000,2,exp1_permuted_src_datasets
1102,10401.571070024,1.0,1738526513.8515048,,0.0,1.0,0.001,1,16,40x40,PrototypicalNetwork,5,5,b-59-850,Egyptian,False,5,4000,2,exp1_permuted_src_datasets
1103,10401.654814472,1.0,1738526513.9352086,,2.9802320611338473e-09,1.0,0.001,1,16,40x40,PrototypicalNetwork,5,5,b-59-850,Egyptian,False,5,4000,2,exp1_permuted_src_datasets
1104,10401.70552775,1.0,1738526513.9860327,,0.0,1.0,0.001,1,16,40x40,PrototypicalNetwork,5,5,b-59-850,Egyptian,False,5,4000,2,exp1_permuted_src_datasets
1105,10401.751153647,1.0,1738526514.0316842,,1.4901160305669237e-09,1.0,0.001,1,16,40x40,PrototypicalNetwork,5,5,b-59-850,Egyptian,False,5,4000,2,exp1_permuted_src_datasets
1106,10401.800596892,1.0,1738526514.0810752,,2.9802320611338473e-09,1.0,0.001,1,16,40x40,PrototypicalNetwork,5,5,b-59-850,Egyptian,False,5,4000,2,exp1_permuted_src_datasets
1107,10401.876524369,1.0,1738526514.1568966,,0.0,1.0,0.001,1,16,40x40,PrototypicalNetwork,5,5,b-59-850,Egyptian,False,5,4000,2,exp1_permuted_src_datasets
1108,10401.929233411,1.0,1738526514.2097106,,2.9802320611338473e-09,1.0,0.001,1,16,40x40,PrototypicalNetwork,5,5,b-59-850,Egyptian,False,5,4000,2,exp1_permuted_src_datasets
1109,10401.977646918,1.0,1738526514.2580965,,8.940693518866283e-09,1.0,0.001,1,16,40x40,PrototypicalNetwork,5,5,b-59-850,Egyptian,False,5,4000,2,exp1_permuted_src_datasets
1110,10402.041856776,1.0,1738526514.3223474,,0.0,1.0,0.001,1,16,40x40,PrototypicalNetwork,5,5,b-59-850,Egyptian,False,5,4000,2,exp1_permuted_src_datasets
1111,10402.080754455,1.0,1738526514.3612576,,7.4505797087454084e-09,1.0,0.001,1,16,40x40,PrototypicalNetwork,5,5,b-59-850,Egyptian,False,5,4000,2,exp1_permuted_src_datasets
1112,10402.137003134,1.0,1738526514.4175053,,0.0,1.0,0.001,1,16,40x40,PrototypicalNetwork,5,5,b-59-850,Egyptian,False,5,4000,2,exp1_permuted_src_datasets
1113,10402.202108864,1.0,1738526514.4825962,,1.4901160305669237e-09,1.0,0.001,1,16,40x40,PrototypicalNetwork,5,5,b-59-850,Egyptian,False,5,4000,2,exp1_permuted_src_datasets
1114,10402.257119138,1.0,1738526514.5376003,,1.4901160305669237e-09,1.0,0.001,1,16,40x40,PrototypicalNetwork,5,5,b-59-850,Egyptian,False,5,4000,2,exp1_permuted_src_datasets
1115,10402.295720299,1.0,1738526514.5762095,,5.960463678178485e-09,1.0,0.001,1,16,40x40,PrototypicalNetwork,5,5,b-59-850,Egyptian,False,5,4000,2,exp1_permuted_src_datasets
1116,10402.335440497,1.0,1738526514.6159427,,0.0,1.0,0.001,1,16,40x40,PrototypicalNetwork,5,5,b-59-850,Egyptian,False,5,4000,2,exp1_permuted_src_datasets
1117,10402.382009673,1.0,1738526514.662456,,0.0,1.0,0.001,1,16,40x40,PrototypicalNetwork,5,5,b-59-850,Egyptian,False,5,4000,2,exp1_permuted_src_datasets
1118,10402.452797408,1.0,1738526514.7332993,,7.4505797087454084e-09,1.0,0.001,1,16,40x40,PrototypicalNetwork,5,5,b-59-850,Egyptian,False,5,4000,2,exp1_permuted_src_datasets
1119,10402.509770344,1.0,1738526514.790241,,0.0,1.0,0.001,1,16,40x40,PrototypicalNetwork,5,5,b-59-850,Egyptian,False,5,4000,2,exp1_permuted_src_datasets
1120,10402.588419157,1.0,1738526514.8689084,,0.0,1.0,0.001,1,16,40x40,PrototypicalNetwork,5,5,b-59-850,Egyptian,False,5,4000,2,exp1_permuted_src_datasets
1121,10402.633369292,1.0,1738526514.913845,,1.4901160305669237e-09,1.0,0.001,1,16,40x40,PrototypicalNetwork,5,5,b-59-850,Egyptian,False,5,4000,2,exp1_permuted_src_datasets
1122,10402.699264378,1.0,1738526514.979687,,1.4901160305669237e-09,1.0,0.001,1,16,40x40,PrototypicalNetwork,5,5,b-59-850,Egyptian,False,5,4000,2,exp1_permuted_src_datasets
1123,10402.761627547,1.0,1738526515.0420947,,1.4901160305669237e-09,1.0,0.001,1,16,40x40,PrototypicalNetwork,5,5,b-59-850,Egyptian,False,5,4000,2,exp1_permuted_src_datasets
1124,10402.809881715,1.0,1738526515.090374,,1.4901160305669237e-09,1.0,0.001,1,16,40x40,PrototypicalNetwork,5,5,b-59-850,Egyptian,False,5,4000,2,exp1_permuted_src_datasets
1125,10402.849506572,1.0,1738526515.1300042,,0.0,1.0,0.001,1,16,40x40,PrototypicalNetwork,5,5,b-59-850,Egyptian,False,5,4000,2,exp1_permuted_src_datasets
1126,10402.893358379,1.0,1738526515.1738493,,0.0,1.0,0.001,1,16,40x40,PrototypicalNetwork,5,5,b-59-850,Egyptian,False,5,4000,2,exp1_permuted_src_datasets
1127,10402.949195783,1.0,1738526515.2296891,,0.0,1.0,0.001,1,16,40x40,PrototypicalNetwork,5,5,b-59-850,Egyptian,False,5,4000,2,exp1_permuted_src_datasets
1128,10402.988291379,1.0,1738526515.2687914,,1.4901160305669237e-09,1.0,0.001,1,16,40x40,PrototypicalNetwork,5,5,b-59-850,Egyptian,False,5,4000,2,exp1_permuted_src_datasets
1129,10403.052395708,1.0,1738526515.332887,,0.0,1.0,0.001,1,16,40x40,PrototypicalNetwork,5,5,b-59-850,Egyptian,False,5,4000,2,exp1_permuted_src_datasets
1130,10403.120212152,1.0,1738526515.4006958,,0.0,1.0,0.001,1,16,40x40,PrototypicalNetwork,5,5,b-59-850,Egyptian,False,5,4000,2,exp1_permuted_src_datasets
1131,10403.165050177,1.0,1738526515.445529,,0.0,1.0,0.001,1,16,40x40,PrototypicalNetwork,5,5,b-59-850,Egyptian,False,5,4000,2,exp1_permuted_src_datasets
1132,10403.206200237,1.0,1738526515.4866974,,0.0,1.0,0.001,1,16,40x40,PrototypicalNetwork,5,5,b-59-850,Egyptian,False,5,4000,2,exp1_permuted_src_datasets
1133,10403.263198708,1.0,1738526515.5436594,,0.0,1.0,0.001,1,16,40x40,PrototypicalNetwork,5,5,b-59-850,Egyptian,False,5,4000,2,exp1_permuted_src_datasets
1134,10403.304170319,1.0,1738526515.5846674,,0.0,1.0,0.001,1,16,40x40,PrototypicalNetwork,5,5,b-59-850,Egyptian,False,5,4000,2,exp1_permuted_src_datasets
1135,10403.37915937,1.0,1738526515.659646,,0.0,1.0,0.001,1,16,40x40,PrototypicalNetwork,5,5,b-59-850,Egyptian,False,5,4000,2,exp1_permuted_src_datasets
1136,10403.42406915,1.0,1738526515.7045584,,2.9802318390892424e-09,1.0,0.001,1,16,40x40,PrototypicalNetwork,5,5,b-59-850,Egyptian,False,5,4000,2,exp1_permuted_src_datasets
1137,10917.344050213,1.0,1738527029.6246614,0.8626500005722046,,,0.001,1,16,40x40,PrototypicalNetwork,5,5,b-59-850,Egyptian,False,5,4000,2,exp1_permuted_src_datasets
1138,10917.41216409,1.0,1738527029.6925826,,0.0,1.0,0.001,1,16,40x40,PrototypicalNetwork,5,5,b-59-850,Egyptian,False,5,4000,2,exp1_permuted_src_datasets
1139,10917.455660202,1.0,1738527029.7361715,,0.0,1.0,0.001,1,16,40x40,PrototypicalNetwork,5,5,b-59-850,Egyptian,False,5,4000,2,exp1_permuted_src_datasets
1140,10917.509762139,1.0,1738527029.7902477,,0.0,1.0,0.001,1,16,40x40,PrototypicalNetwork,5,5,b-59-850,Egyptian,False,5,4000,2,exp1_permuted_src_datasets
1141,10917.550133274,1.0,1738527029.830624,,2.9802320611338473e-09,1.0,0.001,1,16,40x40,PrototypicalNetwork,5,5,b-59-850,Egyptian,False,5,4000,2,exp1_permuted_src_datasets
1142,10917.589558261,1.0,1738527029.8700583,,0.0,1.0,0.001,1,16,40x40,PrototypicalNetwork,5,5,b-59-850,Egyptian,False,5,4000,2,exp1_permuted_src_datasets
1143,10917.636537689,1.0,1738527029.91703,,4.470347647611561e-09,1.0,0.001,1,16,40x40,PrototypicalNetwork,5,5,b-59-850,Egyptian,False,5,4000,2,exp1_permuted_src_datasets
1144,10917.681300339,1.0,1738527029.9617865,,5.960463678178485e-09,1.0,0.001,1,16,40x40,PrototypicalNetwork,5,5,b-59-850,Egyptian,False,5,4000,2,exp1_permuted_src_datasets
1145,10917.727132447,1.0,1738527030.0076432,,0.0,1.0,0.001,1,16,40x40,PrototypicalNetwork,5,5,b-59-850,Egyptian,False,5,4000,2,exp1_permuted_src_datasets
1146,10917.798186012,1.0,1738527030.0785654,,0.0,1.0,0.001,1,16,40x40,PrototypicalNetwork,5,5,b-59-850,Egyptian,False,5,4000,2,exp1_permuted_src_datasets
1147,10917.858589381,1.0,1738527030.1390727,,1.4901160305669237e-09,1.0,0.001,1,16,40x40,PrototypicalNetwork,5,5,b-59-850,Egyptian,False,5,4000,2,exp1_permuted_src_datasets
1148,10917.921997783,1.0,1738527030.2024827,,0.0,1.0,0.001,1,16,40x40,PrototypicalNetwork,5,5,b-59-850,Egyptian,False,5,4000,2,exp1_permuted_src_datasets
1149,10917.991206216,1.0,1738527030.271676,,4.470348091700771e-09,1.0,0.001,1,16,40x40,PrototypicalNetwork,5,5,b-59-850,Egyptian,False,5,4000,2,exp1_permuted_src_datasets
1150,10918.050819405,1.0,1738527030.3312702,,1.7881381708662047e-08,1.0,0.001,1,16,40x40,PrototypicalNetwork,5,5,b-59-850,Egyptian,False,5,4000,2,exp1_permuted_src_datasets
1151,10918.135869465,1.0,1738527030.4162824,,0.0,1.0,0.001,1,16,40x40,PrototypicalNetwork,5,5,b-59-850,Egyptian,False,5,4000,2,exp1_permuted_src_datasets
1152,10918.229352347,1.0,1738527030.5097659,,0.0,1.0,0.001,1,16,40x40,PrototypicalNetwork,5,5,b-59-850,Egyptian,False,5,4000,2,exp1_permuted_src_datasets
1153,10918.302269532,1.0,1738527030.5827549,,0.0,1.0,0.001,1,16,40x40,PrototypicalNetwork,5,5,b-59-850,Egyptian,False,5,4000,2,exp1_permuted_src_datasets
1154,10918.366826599,1.0,1738527030.647235,,0.0,1.0,0.001,1,16,40x40,PrototypicalNetwork,5,5,b-59-850,Egyptian,False,5,4000,2,exp1_permuted_src_datasets
1155,10918.443274697,1.0,1738527030.723745,,1.4901160305669237e-09,1.0,0.001,1,16,40x40,PrototypicalNetwork,5,5,b-59-850,Egyptian,False,5,4000,2,exp1_permuted_src_datasets
1156,10918.51554888,1.0,1738527030.7960112,,0.0,1.0,0.001,1,16,40x40,PrototypicalNetwork,5,5,b-59-850,Egyptian,False,5,4000,2,exp1_permuted_src_datasets
1157,10918.603704054,1.0,1738527030.8841536,,0.0,1.0,0.001,1,16,40x40,PrototypicalNetwork,5,5,b-59-850,Egyptian,False,5,4000,2,exp1_permuted_src_datasets
1158,10918.684543047,1.0,1738527030.9649673,,0.0,1.0,0.001,1,16,40x40,PrototypicalNetwork,5,5,b-59-850,Egyptian,False,5,4000,2,exp1_permuted_src_datasets
1159,10918.756709555,1.0,1738527031.0371776,,0.0,1.0,0.001,1,16,40x40,PrototypicalNetwork,5,5,b-59-850,Egyptian,False,5,4000,2,exp1_permuted_src_datasets
1160,10918.857860852,1.0,1738527031.1382723,,1.4901160305669237e-09,1.0,0.001,1,16,40x40,PrototypicalNetwork,5,5,b-59-850,Egyptian,False,5,4000,2,exp1_permuted_src_datasets
1161,10918.934302477,1.0,1738527031.2147863,,1.4901160305669237e-09,1.0,0.001,1,16,40x40,PrototypicalNetwork,5,5,b-59-850,Egyptian,False,5,4000,2,exp1_permuted_src_datasets
1162,10919.004149235,1.0,1738527031.284576,,1.4901160305669237e-09,1.0,0.001,1,16,40x40,PrototypicalNetwork,5,5,b-59-850,Egyptian,False,5,4000,2,exp1_permuted_src_datasets
1163,10919.080449591,1.0,1738527031.3609393,,0.0,1.0,0.001,1,16,40x40,PrototypicalNetwork,5,5,b-59-850,Egyptian,False,5,4000,2,exp1_permuted_src_datasets
1164,10919.136686787,1.0,1738527031.4171684,,2.9802318390892424e-09,1.0,0.001,1,16,40x40,PrototypicalNetwork,5,5,b-59-850,Egyptian,False,5,4000,2,exp1_permuted_src_datasets
1165,10919.203220862,1.0,1738527031.483686,,0.0,1.0,0.001,1,16,40x40,PrototypicalNetwork,5,5,b-59-850,Egyptian,False,5,4000,2,exp1_permuted_src_datasets
1166,10919.302036163,1.0,1738527031.5824962,,0.0,1.0,0.001,1,16,40x40,PrototypicalNetwork,5,5,b-59-850,Egyptian,False,5,4000,2,exp1_permuted_src_datasets
1167,10919.37361395,1.0,1738527031.6540961,,0.0,1.0,0.001,1,16,40x40,PrototypicalNetwork,5,5,b-59-850,Egyptian,False,5,4000,2,exp1_permuted_src_datasets
1168,10919.438708592,1.0,1738527031.7191808,,0.0,1.0,0.001,1,16,40x40,PrototypicalNetwork,5,5,b-59-850,Egyptian,False,5,4000,2,exp1_permuted_src_datasets
1169,10919.502634041,1.0,1738527031.7831542,,0.0,1.0,0.001,1,16,40x40,PrototypicalNetwork,5,5,b-59-850,Egyptian,False,5,4000,2,exp1_permuted_src_datasets
1170,10919.564300606,1.0,1738527031.8447795,,0.0,1.0,0.001,1,16,40x40,PrototypicalNetwork,5,5,b-59-850,Egyptian,False,5,4000,2,exp1_permuted_src_datasets
1171,10919.644607861,1.0,1738527031.925092,,0.0,1.0,0.001,1,16,40x40,PrototypicalNetwork,5,5,b-59-850,Egyptian,False,5,4000,2,exp1_permuted_src_datasets
1172,10919.70403725,1.0,1738527031.9845362,,1.4901160305669237e-09,1.0,0.001,1,16,40x40,PrototypicalNetwork,5,5,b-59-850,Egyptian,False,5,4000,2,exp1_permuted_src_datasets
1173,10919.749480014,1.0,1738527032.029962,,1.4901160305669237e-09,1.0,0.001,1,16,40x40,PrototypicalNetwork,5,5,b-59-850,Egyptian,False,5,4000,2,exp1_permuted_src_datasets
1174,10919.803405433,1.0,1738527032.0838873,,1.4901160305669237e-09,1.0,0.001,1,16,40x40,PrototypicalNetwork,5,5,b-59-850,Egyptian,False,5,4000,2,exp1_permuted_src_datasets
1175,10919.843120896,1.0,1738527032.1235485,,1.4901160305669237e-09,1.0,0.001,1,16,40x40,PrototypicalNetwork,5,5,b-59-850,Egyptian,False,5,4000,2,exp1_permuted_src_datasets
1176,10919.897682005,1.0,1738527032.1781852,,1.4901160305669237e-09,1.0,0.001,1,16,40x40,PrototypicalNetwork,5,5,b-59-850,Egyptian,False,5,4000,2,exp1_permuted_src_datasets
1177,10919.975794205,1.0,1738527032.256289,,0.0,1.0,0.001,1,16,40x40,PrototypicalNetwork,5,5,b-59-850,Egyptian,False,5,4000,2,exp1_permuted_src_datasets
1178,10920.04644681,1.0,1738527032.32692,,1.4901160305669237e-09,1.0,0.001,1,16,40x40,PrototypicalNetwork,5,5,b-59-850,Egyptian,False,5,4000,2,exp1_permuted_src_datasets
1179,10920.10219091,1.0,1738527032.3826618,,0.0,1.0,0.001,1,16,40x40,PrototypicalNetwork,5,5,b-59-850,Egyptian,False,5,4000,2,exp1_permuted_src_datasets
1180,10920.168346057,1.0,1738527032.4488215,,0.0,1.0,0.001,1,16,40x40,PrototypicalNetwork,5,5,b-59-850,Egyptian,False,5,4000,2,exp1_permuted_src_datasets
1181,10920.245803225,1.0,1738527032.5262694,,0.0,1.0,0.001,1,16,40x40,PrototypicalNetwork,5,5,b-59-850,Egyptian,False,5,4000,2,exp1_permuted_src_datasets
1182,10920.307880165,1.0,1738527032.588382,,0.0,1.0,0.001,1,16,40x40,PrototypicalNetwork,5,5,b-59-850,Egyptian,False,5,4000,2,exp1_permuted_src_datasets
1183,10920.364700438,1.0,1738527032.6451821,,4.470347647611561e-09,1.0,0.001,1,16,40x40,PrototypicalNetwork,5,5,b-59-850,Egyptian,False,5,4000,2,exp1_permuted_src_datasets
1184,10920.422224757,1.0,1738527032.7027109,,0.0,1.0,0.001,1,16,40x40,PrototypicalNetwork,5,5,b-59-850,Egyptian,False,5,4000,2,exp1_permuted_src_datasets
1185,10920.512040923,1.0,1738527032.7925484,,0.0,1.0,0.001,1,16,40x40,PrototypicalNetwork,5,5,b-59-850,Egyptian,False,5,4000,2,exp1_permuted_src_datasets
1186,10920.576260614,1.0,1738527032.8567357,,1.4901160305669237e-09,1.0,0.001,1,16,40x40,PrototypicalNetwork,5,5,b-59-850,Egyptian,False,5,4000,2,exp1_permuted_src_datasets
1187,10920.617227238,1.0,1738527032.8977175,,1.4901160305669237e-09,1.0,0.001,1,16,40x40,PrototypicalNetwork,5,5,b-59-850,Egyptian,False,5,4000,2,exp1_permuted_src_datasets
1188,10920.657487491,1.0,1738527032.9379678,,0.0,1.0,0.001,1,16,40x40,PrototypicalNetwork,5,5,b-59-850,Egyptian,False,5,4000,2,exp1_permuted_src_datasets
1189,10920.699704114,1.0,1738527032.980213,,1.4901160305669237e-09,1.0,0.001,1,16,40x40,PrototypicalNetwork,5,5,b-59-850,Egyptian,False,5,4000,2,exp1_permuted_src_datasets
1190,10920.769494721,1.0,1738527033.0499556,,1.4901160305669237e-09,1.0,0.001,1,16,40x40,PrototypicalNetwork,5,5,b-59-850,Egyptian,False,5,4000,2,exp1_permuted_src_datasets
1191,10920.809775466,1.0,1738527033.0902588,,0.0,1.0,0.001,1,16,40x40,PrototypicalNetwork,5,5,b-59-850,Egyptian,False,5,4000,2,exp1_permuted_src_datasets
1192,10920.861095508,1.0,1738527033.1415703,,5.960463234089275e-09,1.0,0.001,1,16,40x40,PrototypicalNetwork,5,5,b-59-850,Egyptian,False,5,4000,2,exp1_permuted_src_datasets
1193,10920.915492776,1.0,1738527033.1960304,,0.0,1.0,0.001,1,16,40x40,PrototypicalNetwork,5,5,b-59-850,Egyptian,False,5,4000,2,exp1_permuted_src_datasets
1194,10920.984552875,1.0,1738527033.2650483,,2.9802318390892424e-09,1.0,0.001,1,16,40x40,PrototypicalNetwork,5,5,b-59-850,Egyptian,False,5,4000,2,exp1_permuted_src_datasets
1195,10921.049548509,1.0,1738527033.330022,,0.0,1.0,0.001,1,16,40x40,PrototypicalNetwork,5,5,b-59-850,Egyptian,False,5,4000,2,exp1_permuted_src_datasets
1196,10921.103167628,1.0,1738527033.3836534,,0.0,1.0,0.001,1,16,40x40,PrototypicalNetwork,5,5,b-59-850,Egyptian,False,5,4000,2,exp1_permuted_src_datasets
1197,10921.159990289,1.0,1738527033.4404721,,0.0,1.0,0.001,1,16,40x40,PrototypicalNetwork,5,5,b-59-850,Egyptian,False,5,4000,2,exp1_permuted_src_datasets
1198,10921.219527759,1.0,1738527033.50001,,2.9802320611338473e-09,1.0,0.001,1,16,40x40,PrototypicalNetwork,5,5,b-59-850,Egyptian,False,5,4000,2,exp1_permuted_src_datasets
1199,10921.281372628,1.0,1738527033.5618699,,0.0,1.0,0.001,1,16,40x40,PrototypicalNetwork,5,5,b-59-850,Egyptian,False,5,4000,2,exp1_permuted_src_datasets
1200,11437.352918748,1.0,1738527549.633478,0.8607999987602234,,,0.001,1,16,40x40,PrototypicalNetwork,5,5,b-59-850,Egyptian,False,5,4000,2,exp1_permuted_src_datasets
1201,11437.409694236,1.0,1738527549.69018,,0.0,1.0,0.001,1,16,40x40,PrototypicalNetwork,5,5,b-59-850,Egyptian,False,5,4000,2,exp1_permuted_src_datasets
1202,11437.477056021,1.0,1738527549.7574668,,0.0,1.0,0.001,1,16,40x40,PrototypicalNetwork,5,5,b-59-850,Egyptian,False,5,4000,2,exp1_permuted_src_datasets
1203,11437.549812777,1.0,1738527549.8302968,,0.0,1.0,0.001,1,16,40x40,PrototypicalNetwork,5,5,b-59-850,Egyptian,False,5,4000,2,exp1_permuted_src_datasets
1204,11437.605960697,1.0,1738527549.8864427,,0.0,1.0,0.001,1,16,40x40,PrototypicalNetwork,5,5,b-59-850,Egyptian,False,5,4000,2,exp1_permuted_src_datasets
1205,11437.660537067,1.0,1738527549.9410384,,0.0,1.0,0.001,1,16,40x40,PrototypicalNetwork,5,5,b-59-850,Egyptian,False,5,4000,2,exp1_permuted_src_datasets
1206,11437.715981577,1.0,1738527549.9964616,,0.0,1.0,0.001,1,16,40x40,PrototypicalNetwork,5,5,b-59-850,Egyptian,False,5,4000,2,exp1_permuted_src_datasets
1207,11437.757988047,1.0,1738527550.038508,,0.0,1.0,0.001,1,16,40x40,PrototypicalNetwork,5,5,b-59-850,Egyptian,False,5,4000,2,exp1_permuted_src_datasets
1208,11437.799465774,1.0,1738527550.0799496,,0.0,1.0,0.001,1,16,40x40,PrototypicalNetwork,5,5,b-59-850,Egyptian,False,5,4000,2,exp1_permuted_src_datasets
1209,11437.847858337,1.0,1738527550.1283453,,0.0,1.0,0.001,1,16,40x40,PrototypicalNetwork,5,5,b-59-850,Egyptian,False,5,4000,2,exp1_permuted_src_datasets
1210,11437.889985379,1.0,1738527550.1704397,,1.4901160305669237e-09,1.0,0.001,1,16,40x40,PrototypicalNetwork,5,5,b-59-850,Egyptian,False,5,4000,2,exp1_permuted_src_datasets
1211,11437.965861783,1.0,1738527550.2462947,,0.0,1.0,0.001,1,16,40x40,PrototypicalNetwork,5,5,b-59-850,Egyptian,False,5,4000,2,exp1_permuted_src_datasets
1212,11438.026883365,1.0,1738527550.3073807,,0.0,1.0,0.001,1,16,40x40,PrototypicalNetwork,5,5,b-59-850,Egyptian,False,5,4000,2,exp1_permuted_src_datasets
1213,11438.082283904,1.0,1738527550.3627627,,5.960463234089275e-09,1.0,0.001,1,16,40x40,PrototypicalNetwork,5,5,b-59-850,Egyptian,False,5,4000,2,exp1_permuted_src_datasets
1214,11438.130738332,1.0,1738527550.411235,,0.0,1.0,0.001,1,16,40x40,PrototypicalNetwork,5,5,b-59-850,Egyptian,False,5,4000,2,exp1_permuted_src_datasets
1215,11438.170702398,1.0,1738527550.4511604,,0.0,1.0,0.001,1,16,40x40,PrototypicalNetwork,5,5,b-59-850,Egyptian,False,5,4000,2,exp1_permuted_src_datasets
1216,11438.2264641,1.0,1738527550.5069618,,5.960463234089275e-09,1.0,0.001,1,16,40x40,PrototypicalNetwork,5,5,b-59-850,Egyptian,False,5,4000,2,exp1_permuted_src_datasets
1217,11438.276946833,1.0,1738527550.5574062,,0.0,1.0,0.001,1,16,40x40,PrototypicalNetwork,5,5,b-59-850,Egyptian,False,5,4000,2,exp1_permuted_src_datasets
1218,11438.352708774,1.0,1738527550.6330206,,0.0,1.0,0.001,1,16,40x40,PrototypicalNetwork,5,5,b-59-850,Egyptian,False,5,4000,2,exp1_permuted_src_datasets
1219,11438.407263459,1.0,1738527550.6877372,,0.0,1.0,0.001,1,16,40x40,PrototypicalNetwork,5,5,b-59-850,Egyptian,False,5,4000,2,exp1_permuted_src_datasets
1220,11438.479490253,1.0,1738527550.7599652,,0.0,1.0,0.001,1,16,40x40,PrototypicalNetwork,5,5,b-59-850,Egyptian,False,5,4000,2,exp1_permuted_src_datasets
1221,11438.537376668,1.0,1738527550.8178678,,0.0,1.0,0.001,1,16,40x40,PrototypicalNetwork,5,5,b-59-850,Egyptian,False,5,4000,2,exp1_permuted_src_datasets
1222,11438.610605481,1.0,1738527550.89108,,0.0,1.0,0.001,1,16,40x40,PrototypicalNetwork,5,5,b-59-850,Egyptian,False,5,4000,2,exp1_permuted_src_datasets
1223,11438.701044506,1.0,1738527550.9815266,,0.0,1.0,0.001,1,16,40x40,PrototypicalNetwork,5,5,b-59-850,Egyptian,False,5,4000,2,exp1_permuted_src_datasets
1224,11438.757872169,1.0,1738527551.0383754,,0.0,1.0,0.001,1,16,40x40,PrototypicalNetwork,5,5,b-59-850,Egyptian,False,5,4000,2,exp1_permuted_src_datasets
1225,11438.839934091,1.0,1738527551.1204247,,0.0,1.0,0.001,1,16,40x40,PrototypicalNetwork,5,5,b-59-850,Egyptian,False,5,4000,2,exp1_permuted_src_datasets
1226,11438.895691609,1.0,1738527551.17619,,0.0,1.0,0.001,1,16,40x40,PrototypicalNetwork,5,5,b-59-850,Egyptian,False,5,4000,2,exp1_permuted_src_datasets
1227,11438.942278722,1.0,1738527551.2227755,,0.0,1.0,0.001,1,16,40x40,PrototypicalNetwork,5,5,b-59-850,Egyptian,False,5,4000,2,exp1_permuted_src_datasets
1228,11438.992785673,1.0,1738527551.2732744,,0.0,1.0,0.001,1,16,40x40,PrototypicalNetwork,5,5,b-59-850,Egyptian,False,5,4000,2,exp1_permuted_src_datasets
1229,11439.055606966,1.0,1738527551.3361135,,2.9802320611338473e-09,1.0,0.001,1,16,40x40,PrototypicalNetwork,5,5,b-59-850,Egyptian,False,5,4000,2,exp1_permuted_src_datasets
1230,11439.100612676,1.0,1738527551.381094,,0.0,1.0,0.001,1,16,40x40,PrototypicalNetwork,5,5,b-59-850,Egyptian,False,5,4000,2,exp1_permuted_src_datasets
1231,11439.157944225,1.0,1738527551.4384363,,0.0,1.0,0.001,1,16,40x40,PrototypicalNetwork,5,5,b-59-850,Egyptian,False,5,4000,2,exp1_permuted_src_datasets
1232,11439.197211043,1.0,1738527551.477678,,0.0,1.0,0.001,1,16,40x40,PrototypicalNetwork,5,5,b-59-850,Egyptian,False,5,4000,2,exp1_permuted_src_datasets
1233,11439.266440879,1.0,1738527551.546913,,2.9802318390892424e-09,1.0,0.001,1,16,40x40,PrototypicalNetwork,5,5,b-59-850,Egyptian,False,5,4000,2,exp1_permuted_src_datasets
1234,11439.33331622,1.0,1738527551.6138012,,0.0,1.0,0.001,1,16,40x40,PrototypicalNetwork,5,5,b-59-850,Egyptian,False,5,4000,2,exp1_permuted_src_datasets
1235,11439.393736284,1.0,1738527551.6742213,,0.0,1.0,0.001,1,16,40x40,PrototypicalNetwork,5,5,b-59-850,Egyptian,False,5,4000,2,exp1_permuted_src_datasets
1236,11439.435632934,1.0,1738527551.7161212,,0.0,1.0,0.001,1,16,40x40,PrototypicalNetwork,5,5,b-59-850,Egyptian,False,5,4000,2,exp1_permuted_src_datasets
1237,11439.498938974,1.0,1738527551.779408,,1.4901160305669237e-09,1.0,0.001,1,16,40x40,PrototypicalNetwork,5,5,b-59-850,Egyptian,False,5,4000,2,exp1_permuted_src_datasets
1238,11439.560681497,1.0,1738527551.8411689,,0.0,1.0,0.001,1,16,40x40,PrototypicalNetwork,5,5,b-59-850,Egyptian,False,5,4000,2,exp1_permuted_src_datasets
1239,11439.600266311,1.0,1738527551.8807669,,0.0,1.0,0.001,1,16,40x40,PrototypicalNetwork,5,5,b-59-850,Egyptian,False,5,4000,2,exp1_permuted_src_datasets
1240,11439.640076803,1.0,1738527551.920546,,0.0,1.0,0.001,1,16,40x40,PrototypicalNetwork,5,5,b-59-850,Egyptian,False,5,4000,2,exp1_permuted_src_datasets
1241,11439.711347989,1.0,1738527551.991823,,0.0,1.0,0.001,1,16,40x40,PrototypicalNetwork,5,5,b-59-850,Egyptian,False,5,4000,2,exp1_permuted_src_datasets
1242,11439.795379786,1.0,1738527552.0758579,,4.470347647611561e-09,1.0,0.001,1,16,40x40,PrototypicalNetwork,5,5,b-59-850,Egyptian,False,5,4000,2,exp1_permuted_src_datasets
1243,11439.871877232,1.0,1738527552.1523602,,0.0,1.0,0.001,1,16,40x40,PrototypicalNetwork,5,5,b-59-850,Egyptian,False,5,4000,2,exp1_permuted_src_datasets
1244,11439.925460406,1.0,1738527552.205943,,0.0,1.0,0.001,1,16,40x40,PrototypicalNetwork,5,5,b-59-850,Egyptian,False,5,4000,2,exp1_permuted_src_datasets
1245,11439.971345377,1.0,1738527552.251807,,0.0,1.0,0.001,1,16,40x40,PrototypicalNetwork,5,5,b-59-850,Egyptian,False,5,4000,2,exp1_permuted_src_datasets
1246,11440.039836528,1.0,1738527552.3203518,,0.0,1.0,0.001,1,16,40x40,PrototypicalNetwork,5,5,b-59-850,Egyptian,False,5,4000,2,exp1_permuted_src_datasets
1247,11440.081245443,1.0,1738527552.3617496,,0.0,1.0,0.001,1,16,40x40,PrototypicalNetwork,5,5,b-59-850,Egyptian,False,5,4000,2,exp1_permuted_src_datasets
1248,11440.159914255,1.0,1738527552.4403899,,1.4901160305669237e-09,1.0,0.001,1,16,40x40,PrototypicalNetwork,5,5,b-59-850,Egyptian,False,5,4000,2,exp1_permuted_src_datasets
1249,11440.209124786,1.0,1738527552.4895957,,0.0,1.0,0.001,1,16,40x40,PrototypicalNetwork,5,5,b-59-850,Egyptian,False,5,4000,2,exp1_permuted_src_datasets
1250,11440.2496087,1.0,1738527552.5301075,,1.4901160305669237e-09,1.0,0.001,1,16,40x40,PrototypicalNetwork,5,5,b-59-850,Egyptian,False,5,4000,2,exp1_permuted_src_datasets
1251,11440.313209203,1.0,1738527552.5937152,,2.9802320611338473e-09,1.0,0.001,1,16,40x40,PrototypicalNetwork,5,5,b-59-850,Egyptian,False,5,4000,2,exp1_permuted_src_datasets
1252,11440.352365619,1.0,1738527552.6329088,,1.0430809993522416e-08,1.0,0.001,1,16,40x40,PrototypicalNetwork,5,5,b-59-850,Egyptian,False,5,4000,2,exp1_permuted_src_datasets
1253,11440.418585766,1.0,1738527552.698958,,2.9802318390892424e-09,1.0,0.001,1,16,40x40,PrototypicalNetwork,5,5,b-59-850,Egyptian,False,5,4000,2,exp1_permuted_src_datasets
1254,11440.516033084,1.0,1738527552.796486,,0.0,1.0,0.001,1,16,40x40,PrototypicalNetwork,5,5,b-59-850,Egyptian,False,5,4000,2,exp1_permuted_src_datasets
1255,11440.586828194,1.0,1738527552.8672307,,0.0,1.0,0.001,1,16,40x40,PrototypicalNetwork,5,5,b-59-850,Egyptian,False,5,4000,2,exp1_permuted_src_datasets
1256,11440.675876354,1.0,1738527552.9562857,,0.0,1.0,0.001,1,16,40x40,PrototypicalNetwork,5,5,b-59-850,Egyptian,False,5,4000,2,exp1_permuted_src_datasets
1257,11440.746012926,1.0,1738527553.0265093,,1.4901160305669237e-09,1.0,0.001,1,16,40x40,PrototypicalNetwork,5,5,b-59-850,Egyptian,False,5,4000,2,exp1_permuted_src_datasets
1258,11440.795193726,1.0,1738527553.0756712,,0.0,1.0,0.001,1,16,40x40,PrototypicalNetwork,5,5,b-59-850,Egyptian,False,5,4000,2,exp1_permuted_src_datasets
1259,11440.856457735,1.0,1738527553.136933,,0.0,1.0,0.001,1,16,40x40,PrototypicalNetwork,5,5,b-59-850,Egyptian,False,5,4000,2,exp1_permuted_src_datasets
1260,11440.944998619,1.0,1738527553.2254791,,0.0,1.0,0.001,1,16,40x40,PrototypicalNetwork,5,5,b-59-850,Egyptian,False,5,4000,2,exp1_permuted_src_datasets
1261,11441.016763805,1.0,1738527553.2972443,,0.0,1.0,0.001,1,16,40x40,PrototypicalNetwork,5,5,b-59-850,Egyptian,False,5,4000,2,exp1_permuted_src_datasets
1262,11441.06937999,1.0,1738527553.3498514,,1.4901160305669237e-09,1.0,0.001,1,16,40x40,PrototypicalNetwork,5,5,b-59-850,Egyptian,False,5,4000,2,exp1_permuted_src_datasets
1263,11955.454840531,1.0,1738528067.691598,0.8615499999523163,,,0.001,1,16,40x40,PrototypicalNetwork,5,5,b-59-850,Egyptian,False,5,4000,2,exp1_permuted_src_datasets
