_step,_runtime,bootstrap_iter,_timestamp,ft_eval_acc,ft_loss,ft_acc,lr,epochs,batch_size,input_size,model_type,n_way_test,n_way_train,tgt_dataset,src_datasets,fixed_support,samples_per_class,num_total_episodes,num_bootstrap_iters,exp_name
0,7.574813931,0.0,1738587574.9542449,,,,0.001,1,16,40x40,PrototypicalNetwork,5,5,Greek,Egyptian,False,10,4000,2,exp1_permuted_src_datasets
1,2546.351900165,0.0,1738590113.6895244,0.93175,,,0.001,1,16,40x40,PrototypicalNetwork,5,5,Greek,Egyptian,False,10,4000,2,exp1_permuted_src_datasets
2,2546.465383496,0.0,1738590113.8447928,,0.0005353272426873446,1.0,0.001,1,16,40x40,PrototypicalNetwork,5,5,Greek,Egyptian,False,10,4000,2,exp1_permuted_src_datasets
3,2546.762750405,0.0,1738590114.141959,,2.88327646558173e-06,1.0,0.001,1,16,40x40,PrototypicalNetwork,5,5,Greek,Egyptian,False,10,4000,2,exp1_permuted_src_datasets
4,2546.917374746,0.0,1738590114.2967246,,4.706858362624189e-06,1.0,0.001,1,16,40x40,PrototypicalNetwork,5,5,Greek,Egyptian,False,10,4000,2,exp1_permuted_src_datasets
5,2547.150248213,0.0,1738590114.529496,,1.0519881925574737e-06,1.0,0.001,1,16,40x40,PrototypicalNetwork,5,5,Greek,Egyptian,False,10,4000,2,exp1_permuted_src_datasets
6,2547.411643266,0.0,1738590114.7909458,,4.5299276507648756e-07,1.0,0.001,1,16,40x40,PrototypicalNetwork,5,5,Greek,Egyptian,False,10,4000,2,exp1_permuted_src_datasets
7,2547.585137849,0.0,1738590114.9644709,,3.620957045313844e-07,1.0,0.001,1,16,40x40,PrototypicalNetwork,5,5,Greek,Egyptian,False,10,4000,2,exp1_permuted_src_datasets
8,2547.750244864,0.0,1738590115.1294754,,2.9203788471932057e-06,1.0,0.001,1,16,40x40,PrototypicalNetwork,5,5,Greek,Egyptian,False,10,4000,2,exp1_permuted_src_datasets
9,2547.96239305,0.0,1738590115.3416462,,1.2352845715213334e-06,1.0,0.001,1,16,40x40,PrototypicalNetwork,5,5,Greek,Egyptian,False,10,4000,2,exp1_permuted_src_datasets
10,2548.128178494,0.0,1738590115.5075488,,2.950419286662509e-07,1.0,0.001,1,16,40x40,PrototypicalNetwork,5,5,Greek,Egyptian,False,10,4000,2,exp1_permuted_src_datasets
11,2548.260874207,0.0,1738590115.6402364,,1.7269360341742868e-06,1.0,0.001,1,16,40x40,PrototypicalNetwork,5,5,Greek,Egyptian,False,10,4000,2,exp1_permuted_src_datasets
12,2548.409326069,0.0,1738590115.788643,,3.725289587919178e-08,1.0,0.001,1,16,40x40,PrototypicalNetwork,5,5,Greek,Egyptian,False,10,4000,2,exp1_permuted_src_datasets
13,2548.635550477,0.0,1738590116.014838,,2.428877792226558e-07,1.0,0.001,1,16,40x40,PrototypicalNetwork,5,5,Greek,Egyptian,False,10,4000,2,exp1_permuted_src_datasets
14,2548.785520728,0.0,1738590116.1648502,,1.0281792128807865e-07,1.0,0.001,1,16,40x40,PrototypicalNetwork,5,5,Greek,Egyptian,False,10,4000,2,exp1_permuted_src_datasets
15,2548.98934913,0.0,1738590116.368721,,9.536735490200954e-08,1.0,0.001,1,16,40x40,PrototypicalNetwork,5,5,Greek,Egyptian,False,10,4000,2,exp1_permuted_src_datasets
16,2549.169470798,0.0,1738590116.548755,,1.6987272033475165e-07,1.0,0.001,1,16,40x40,PrototypicalNetwork,5,5,Greek,Egyptian,False,10,4000,2,exp1_permuted_src_datasets
17,2549.347986717,0.0,1738590116.7273614,,3.5017515642721264e-07,1.0,0.001,1,16,40x40,PrototypicalNetwork,5,5,Greek,Egyptian,False,10,4000,2,exp1_permuted_src_datasets
18,2549.497876692,0.0,1738590116.8772533,,1.0281790707722394e-07,1.0,0.001,1,16,40x40,PrototypicalNetwork,5,5,Greek,Egyptian,False,10,4000,2,exp1_permuted_src_datasets
19,2549.682331375,0.0,1738590117.0616803,,4.6193566305419154e-08,1.0,0.001,1,16,40x40,PrototypicalNetwork,5,5,Greek,Egyptian,False,10,4000,2,exp1_permuted_src_datasets
20,2549.86561896,0.0,1738590117.244996,,2.816310029629676e-07,1.0,0.001,1,16,40x40,PrototypicalNetwork,5,5,Greek,Egyptian,False,10,4000,2,exp1_permuted_src_datasets
21,2550.052493698,0.0,1738590117.4317634,,7.897610743157202e-08,1.0,0.001,1,16,40x40,PrototypicalNetwork,5,5,Greek,Egyptian,False,10,4000,2,exp1_permuted_src_datasets
22,2550.235830124,0.0,1738590117.6151524,,1.4007079585098836e-07,1.0,0.001,1,16,40x40,PrototypicalNetwork,5,5,Greek,Egyptian,False,10,4000,2,exp1_permuted_src_datasets
23,2550.420282797,0.0,1738590117.7995894,,5.066392105845807e-08,1.0,0.001,1,16,40x40,PrototypicalNetwork,5,5,Greek,Egyptian,False,10,4000,2,exp1_permuted_src_datasets
24,2550.649963751,0.0,1738590118.029325,,1.251696346571407e-07,1.0,0.001,1,16,40x40,PrototypicalNetwork,5,5,Greek,Egyptian,False,10,4000,2,exp1_permuted_src_datasets
25,2550.848186708,0.0,1738590118.2275603,,1.1473882466361829e-07,1.0,0.001,1,16,40x40,PrototypicalNetwork,5,5,Greek,Egyptian,False,10,4000,2,exp1_permuted_src_datasets
26,2551.097224256,0.0,1738590118.4765077,,5.5134268706069633e-08,1.0,0.001,1,16,40x40,PrototypicalNetwork,5,5,Greek,Egyptian,False,10,4000,2,exp1_permuted_src_datasets
27,2551.367901964,0.0,1738590118.747271,,1.594421519257594e-07,1.0,0.001,1,16,40x40,PrototypicalNetwork,5,5,Greek,Egyptian,False,10,4000,2,exp1_permuted_src_datasets
28,2551.560914682,0.0,1738590118.9402146,,1.0877833744871168e-07,1.0,0.001,1,16,40x40,PrototypicalNetwork,5,5,Greek,Egyptian,False,10,4000,2,exp1_permuted_src_datasets
29,2551.73742263,0.0,1738590119.116735,,5.3644168218625055e-08,1.0,0.001,1,16,40x40,PrototypicalNetwork,5,5,Greek,Egyptian,False,10,4000,2,exp1_permuted_src_datasets
30,2551.890643677,0.0,1738590119.2699945,,8.493647385421355e-08,1.0,0.001,1,16,40x40,PrototypicalNetwork,5,5,Greek,Egyptian,False,10,4000,2,exp1_permuted_src_datasets
31,2552.144310148,0.0,1738590119.5236404,,7.748595010070858e-08,1.0,0.001,1,16,40x40,PrototypicalNetwork,5,5,Greek,Egyptian,False,10,4000,2,exp1_permuted_src_datasets
32,2552.308467364,0.0,1738590119.6878257,,6.854527612176753e-08,1.0,0.001,1,16,40x40,PrototypicalNetwork,5,5,Greek,Egyptian,False,10,4000,2,exp1_permuted_src_datasets
33,2552.472959707,0.0,1738590119.852302,,1.0281794260436072e-07,1.0,0.001,1,16,40x40,PrototypicalNetwork,5,5,Greek,Egyptian,False,10,4000,2,exp1_permuted_src_datasets
34,2552.659962359,0.0,1738590120.0392385,,2.38418529363571e-08,1.0,0.001,1,16,40x40,PrototypicalNetwork,5,5,Greek,Egyptian,False,10,4000,2,exp1_permuted_src_datasets
35,2552.914857221,0.0,1738590120.294154,,2.9802311729554276e-08,1.0,0.001,1,16,40x40,PrototypicalNetwork,5,5,Greek,Egyptian,False,10,4000,2,exp1_permuted_src_datasets
36,2553.164911878,0.0,1738590120.5442116,,5.960462345910855e-08,1.0,0.001,1,16,40x40,PrototypicalNetwork,5,5,Greek,Egyptian,False,10,4000,2,exp1_permuted_src_datasets
37,2553.329462504,0.0,1738590120.7088056,,1.2218927736284968e-07,1.0,0.001,1,16,40x40,PrototypicalNetwork,5,5,Greek,Egyptian,False,10,4000,2,exp1_permuted_src_datasets
38,2553.468058551,0.0,1738590120.8474402,,3.278254467886654e-08,1.0,0.001,1,16,40x40,PrototypicalNetwork,5,5,Greek,Egyptian,False,10,4000,2,exp1_permuted_src_datasets
39,2553.647291684,0.0,1738590121.0266213,,4.6193587621701226e-08,1.0,0.001,1,16,40x40,PrototypicalNetwork,5,5,Greek,Egyptian,False,10,4000,2,exp1_permuted_src_datasets
40,2553.826801364,0.0,1738590121.2061281,,7.003534108207532e-08,1.0,0.001,1,16,40x40,PrototypicalNetwork,5,5,Greek,Egyptian,False,10,4000,2,exp1_permuted_src_datasets
41,2554.045414113,0.0,1738590121.4247777,,9.089701791253901e-08,1.0,0.001,1,16,40x40,PrototypicalNetwork,5,5,Greek,Egyptian,False,10,4000,2,exp1_permuted_src_datasets
42,2554.284399938,0.0,1738590121.66376,,7.301562732209277e-08,1.0,0.001,1,16,40x40,PrototypicalNetwork,5,5,Greek,Egyptian,False,10,4000,2,exp1_permuted_src_datasets
43,2554.518457552,0.0,1738590121.8977191,,7.599585671869136e-08,1.0,0.001,1,16,40x40,PrototypicalNetwork,5,5,Greek,Egyptian,False,10,4000,2,exp1_permuted_src_datasets
44,2554.781831634,0.0,1738590122.1611676,,2.5331967634656394e-08,1.0,0.001,1,16,40x40,PrototypicalNetwork,5,5,Greek,Egyptian,False,10,4000,2,exp1_permuted_src_datasets
45,2555.032022295,0.0,1738590122.411317,,4.1723239974089665e-08,1.0,0.001,1,16,40x40,PrototypicalNetwork,5,5,Greek,Egyptian,False,10,4000,2,exp1_permuted_src_datasets
46,2555.240691489,0.0,1738590122.6200483,,1.1771903984936216e-07,1.0,0.001,1,16,40x40,PrototypicalNetwork,5,5,Greek,Egyptian,False,10,4000,2,exp1_permuted_src_datasets
47,2555.407729292,0.0,1738590122.787056,,2.2351738238057806e-08,1.0,0.001,1,16,40x40,PrototypicalNetwork,5,5,Greek,Egyptian,False,10,4000,2,exp1_permuted_src_datasets
48,2555.575616304,0.0,1738590122.9550016,,2.086162353975851e-08,1.0,0.001,1,16,40x40,PrototypicalNetwork,5,5,Greek,Egyptian,False,10,4000,2,exp1_permuted_src_datasets
49,2555.823623893,0.0,1738590123.202955,,6.705518984517767e-08,1.0,0.001,1,16,40x40,PrototypicalNetwork,5,5,Greek,Egyptian,False,10,4000,2,exp1_permuted_src_datasets
50,2555.982174146,0.0,1738590123.3615446,,3.4272666482593195e-08,1.0,0.001,1,16,40x40,PrototypicalNetwork,5,5,Greek,Egyptian,False,10,4000,2,exp1_permuted_src_datasets
51,2556.201891037,0.0,1738590123.58126,,3.576277407546513e-08,1.0,0.001,1,16,40x40,PrototypicalNetwork,5,5,Greek,Egyptian,False,10,4000,2,exp1_permuted_src_datasets
52,2556.421845112,0.0,1738590123.8011665,,4.619358406898755e-08,1.0,0.001,1,16,40x40,PrototypicalNetwork,5,5,Greek,Egyptian,False,10,4000,2,exp1_permuted_src_datasets
53,2556.663805364,0.0,1738590124.0431664,,4.9173813465586136e-08,1.0,0.001,1,16,40x40,PrototypicalNetwork,5,5,Greek,Egyptian,False,10,4000,2,exp1_permuted_src_datasets
54,2556.855988128,0.0,1738590124.2352638,,6.556508225230573e-08,1.0,0.001,1,16,40x40,PrototypicalNetwork,5,5,Greek,Egyptian,False,10,4000,2,exp1_permuted_src_datasets
55,2557.08133187,0.0,1738590124.4606829,,3.576277052275145e-08,1.0,0.001,1,16,40x40,PrototypicalNetwork,5,5,Greek,Egyptian,False,10,4000,2,exp1_permuted_src_datasets
56,2557.256679717,0.0,1738590124.6360896,,2.384185471271394e-08,1.0,0.001,1,16,40x40,PrototypicalNetwork,5,5,Greek,Egyptian,False,10,4000,2,exp1_permuted_src_datasets
57,2557.458086956,0.0,1738590124.8374724,,7.4505792646561986e-09,1.0,0.001,1,16,40x40,PrototypicalNetwork,5,5,Greek,Egyptian,False,10,4000,2,exp1_permuted_src_datasets
58,2557.641131168,0.0,1738590125.020499,,3.129242998056725e-08,1.0,0.001,1,16,40x40,PrototypicalNetwork,5,5,Greek,Egyptian,False,10,4000,2,exp1_permuted_src_datasets
59,2557.863783825,0.0,1738590125.24307,,1.937150528874554e-08,1.0,0.001,1,16,40x40,PrototypicalNetwork,5,5,Greek,Egyptian,False,10,4000,2,exp1_permuted_src_datasets
60,2558.06459958,0.0,1738590125.443963,,3.576277052275145e-08,1.0,0.001,1,16,40x40,PrototypicalNetwork,5,5,Greek,Egyptian,False,10,4000,2,exp1_permuted_src_datasets
61,2558.208105802,0.0,1738590125.5874488,,6.258484575027978e-08,1.0,0.001,1,16,40x40,PrototypicalNetwork,5,5,Greek,Egyptian,False,10,4000,2,exp1_permuted_src_datasets
62,2558.349124491,0.0,1738590125.72852,,6.407496755400643e-08,1.0,0.001,1,16,40x40,PrototypicalNetwork,5,5,Greek,Egyptian,False,10,4000,2,exp1_permuted_src_datasets
63,2558.538349872,0.0,1738590125.917732,,1.7881390590446244e-08,1.0,0.001,1,16,40x40,PrototypicalNetwork,5,5,Greek,Egyptian,False,10,4000,2,exp1_permuted_src_datasets
64,6101.667913514,0.0,1738593669.0066264,0.9362499985694885,,,0.001,1,16,40x40,PrototypicalNetwork,5,5,Greek,Egyptian,False,10,4000,2,exp1_permuted_src_datasets
65,6101.753487441,0.0,1738593669.1328678,,2.5331967634656394e-08,1.0,0.001,1,16,40x40,PrototypicalNetwork,5,5,Greek,Egyptian,False,10,4000,2,exp1_permuted_src_datasets
66,6101.942986427,0.0,1738593669.3223448,,3.278254467886654e-08,1.0,0.001,1,16,40x40,PrototypicalNetwork,5,5,Greek,Egyptian,False,10,4000,2,exp1_permuted_src_datasets
67,6102.119356165,0.0,1738593669.498724,,1.7881392366803084e-08,1.0,0.001,1,16,40x40,PrototypicalNetwork,5,5,Greek,Egyptian,False,10,4000,2,exp1_permuted_src_datasets
68,6102.302996436,0.0,1738593669.682368,,2.5331962305585876e-08,1.0,0.001,1,16,40x40,PrototypicalNetwork,5,5,Greek,Egyptian,False,10,4000,2,exp1_permuted_src_datasets
69,6102.518308336,0.0,1738593669.89727,,3.129242287513989e-08,1.0,0.001,1,16,40x40,PrototypicalNetwork,5,5,Greek,Egyptian,False,10,4000,2,exp1_permuted_src_datasets
70,6102.758953874,0.0,1738593670.1383271,,2.9802317058624794e-08,1.0,0.001,1,16,40x40,PrototypicalNetwork,5,5,Greek,Egyptian,False,10,4000,2,exp1_permuted_src_datasets
71,6102.929530699,0.0,1738593670.308846,,4.768367745100477e-08,1.0,0.001,1,16,40x40,PrototypicalNetwork,5,5,Greek,Egyptian,False,10,4000,2,exp1_permuted_src_datasets
72,6103.08435408,0.0,1738593670.463719,,6.10947452628352e-08,1.0,0.001,1,16,40x40,PrototypicalNetwork,5,5,Greek,Egyptian,False,10,4000,2,exp1_permuted_src_datasets
73,6103.28651808,0.0,1738593670.6658268,,3.576277762817881e-08,1.0,0.001,1,16,40x40,PrototypicalNetwork,5,5,Greek,Egyptian,False,10,4000,2,exp1_permuted_src_datasets
74,6103.451384129,0.0,1738593670.8307247,,2.8163142928860907e-07,1.0,0.001,1,16,40x40,PrototypicalNetwork,5,5,Greek,Egyptian,False,10,4000,2,exp1_permuted_src_datasets
75,6103.611214945,0.0,1738593670.9905374,,4.768370942542788e-08,1.0,0.001,1,16,40x40,PrototypicalNetwork,5,5,Greek,Egyptian,False,10,4000,2,exp1_permuted_src_datasets
76,6103.834494728,0.0,1738593671.213797,,3.576278118089249e-08,1.0,0.001,1,16,40x40,PrototypicalNetwork,5,5,Greek,Egyptian,False,10,4000,2,exp1_permuted_src_datasets
77,6104.013628356,0.0,1738593671.3929658,,2.5331971187370073e-08,1.0,0.001,1,16,40x40,PrototypicalNetwork,5,5,Greek,Egyptian,False,10,4000,2,exp1_permuted_src_datasets
78,6104.181394659,0.0,1738593671.5607128,,3.4272662929879516e-08,1.0,0.001,1,16,40x40,PrototypicalNetwork,5,5,Greek,Egyptian,False,10,4000,2,exp1_permuted_src_datasets
79,6104.346811434,0.0,1738593671.7260654,,3.129242642785357e-08,1.0,0.001,1,16,40x40,PrototypicalNetwork,5,5,Greek,Egyptian,False,10,4000,2,exp1_permuted_src_datasets
80,6104.50679032,0.0,1738593671.8861158,,1.2367912916033674e-07,1.0,0.001,1,16,40x40,PrototypicalNetwork,5,5,Greek,Egyptian,False,10,4000,2,exp1_permuted_src_datasets
81,6104.713450533,0.0,1738593672.0927696,,5.364412203334723e-08,1.0,0.001,1,16,40x40,PrototypicalNetwork,5,5,Greek,Egyptian,False,10,4000,2,exp1_permuted_src_datasets
82,6104.858753957,0.0,1738593672.2381172,,2.6822087662026206e-08,1.0,0.001,1,16,40x40,PrototypicalNetwork,5,5,Greek,Egyptian,False,10,4000,2,exp1_permuted_src_datasets
83,6105.056250918,0.0,1738593672.4356291,,1.93715035123887e-08,1.0,0.001,1,16,40x40,PrototypicalNetwork,5,5,Greek,Egyptian,False,10,4000,2,exp1_permuted_src_datasets
84,6105.220224741,0.0,1738593672.5995824,,2.2351738238057806e-08,1.0,0.001,1,16,40x40,PrototypicalNetwork,5,5,Greek,Egyptian,False,10,4000,2,exp1_permuted_src_datasets
85,6105.463148407,0.0,1738593672.8425004,,2.38418529363571e-08,1.0,0.001,1,16,40x40,PrototypicalNetwork,5,5,Greek,Egyptian,False,10,4000,2,exp1_permuted_src_datasets
86,6105.606848946,0.0,1738593672.9862123,,2.2351738238057806e-08,1.0,0.001,1,16,40x40,PrototypicalNetwork,5,5,Greek,Egyptian,False,10,4000,2,exp1_permuted_src_datasets
87,6105.745930042,0.0,1738593673.1252887,,1.639127411579011e-08,1.0,0.001,1,16,40x40,PrototypicalNetwork,5,5,Greek,Egyptian,False,10,4000,2,exp1_permuted_src_datasets
88,6105.949024111,0.0,1738593673.3283482,,6.854530454347696e-08,1.0,0.001,1,16,40x40,PrototypicalNetwork,5,5,Greek,Egyptian,False,10,4000,2,exp1_permuted_src_datasets
89,6106.165168382,0.0,1738593673.5443218,,1.4901159417490817e-08,1.0,0.001,1,16,40x40,PrototypicalNetwork,5,5,Greek,Egyptian,False,10,4000,2,exp1_permuted_src_datasets
90,6106.360657173,0.0,1738593673.7400458,,2.0563504676829325e-07,1.0,0.001,1,16,40x40,PrototypicalNetwork,5,5,Greek,Egyptian,False,10,4000,2,exp1_permuted_src_datasets
91,6106.534002705,0.0,1738593673.9133105,,2.38418529363571e-08,1.0,0.001,1,16,40x40,PrototypicalNetwork,5,5,Greek,Egyptian,False,10,4000,2,exp1_permuted_src_datasets
92,6106.72579472,0.0,1738593674.10508,,2.086162353975851e-08,1.0,0.001,1,16,40x40,PrototypicalNetwork,5,5,Greek,Egyptian,False,10,4000,2,exp1_permuted_src_datasets
93,6106.914257246,0.0,1738593674.2935817,,7.301564863837484e-08,1.0,0.001,1,16,40x40,PrototypicalNetwork,5,5,Greek,Egyptian,False,10,4000,2,exp1_permuted_src_datasets
94,6107.096233162,0.0,1738593674.4755836,,7.4505797087454084e-09,1.0,0.001,1,16,40x40,PrototypicalNetwork,5,5,Greek,Egyptian,False,10,4000,2,exp1_permuted_src_datasets
95,6107.267772985,0.0,1738593674.647125,,3.576277407546513e-08,1.0,0.001,1,16,40x40,PrototypicalNetwork,5,5,Greek,Egyptian,False,10,4000,2,exp1_permuted_src_datasets
96,6107.422223201,0.0,1738593674.8015583,,1.3411043831013103e-08,1.0,0.001,1,16,40x40,PrototypicalNetwork,5,5,Greek,Egyptian,False,10,4000,2,exp1_permuted_src_datasets
97,6107.548648466,0.0,1738593674.9280112,,9.387721888742817e-08,1.0,0.001,1,16,40x40,PrototypicalNetwork,5,5,Greek,Egyptian,False,10,4000,2,exp1_permuted_src_datasets
98,6107.748700574,0.0,1738593675.127989,,4.023312527579037e-08,1.0,0.001,1,16,40x40,PrototypicalNetwork,5,5,Greek,Egyptian,False,10,4000,2,exp1_permuted_src_datasets
99,6107.975849313,0.0,1738593675.3552153,,2.6822087662026206e-08,1.0,0.001,1,16,40x40,PrototypicalNetwork,5,5,Greek,Egyptian,False,10,4000,2,exp1_permuted_src_datasets
100,6108.203544854,0.0,1738593675.5829031,,0.0,1.0,0.001,1,16,40x40,PrototypicalNetwork,5,5,Greek,Egyptian,False,10,4000,2,exp1_permuted_src_datasets
101,6108.380191944,0.0,1738593675.759532,,4.0233114617649335e-08,1.0,0.001,1,16,40x40,PrototypicalNetwork,5,5,Greek,Egyptian,False,10,4000,2,exp1_permuted_src_datasets
102,6108.614817189,0.0,1738593675.9941201,,1.0430811769879256e-08,1.0,0.001,1,16,40x40,PrototypicalNetwork,5,5,Greek,Egyptian,False,10,4000,2,exp1_permuted_src_datasets
103,6108.807790154,0.0,1738593676.1871505,,5.21540464148984e-08,1.0,0.001,1,16,40x40,PrototypicalNetwork,5,5,Greek,Egyptian,False,10,4000,2,exp1_permuted_src_datasets
104,6108.938002187,0.0,1738593676.3174033,,1.9371507065102378e-08,1.0,0.001,1,16,40x40,PrototypicalNetwork,5,5,Greek,Egyptian,False,10,4000,2,exp1_permuted_src_datasets
105,6109.111095589,0.0,1738593676.490392,,1.0430811769879256e-08,1.0,0.001,1,16,40x40,PrototypicalNetwork,5,5,Greek,Egyptian,False,10,4000,2,exp1_permuted_src_datasets
106,6109.239701515,0.0,1738593676.619036,,2.5331971187370073e-08,1.0,0.001,1,16,40x40,PrototypicalNetwork,5,5,Greek,Egyptian,False,10,4000,2,exp1_permuted_src_datasets
107,6109.40830174,0.0,1738593676.787667,,3.576277407546513e-08,1.0,0.001,1,16,40x40,PrototypicalNetwork,5,5,Greek,Egyptian,False,10,4000,2,exp1_permuted_src_datasets
108,6109.624852751,0.0,1738593677.0042124,,7.4505797087454084e-09,1.0,0.001,1,16,40x40,PrototypicalNetwork,5,5,Greek,Egyptian,False,10,4000,2,exp1_permuted_src_datasets
109,6109.771739182,0.0,1738593677.1511147,,1.192092735635697e-08,1.0,0.001,1,16,40x40,PrototypicalNetwork,5,5,Greek,Egyptian,False,10,4000,2,exp1_permuted_src_datasets
110,6109.956889698,0.0,1738593677.3362668,,5.96045985901128e-08,1.0,0.001,1,16,40x40,PrototypicalNetwork,5,5,Greek,Egyptian,False,10,4000,2,exp1_permuted_src_datasets
111,6110.147426088,0.0,1738593677.5267453,,5.960463678178485e-09,1.0,0.001,1,16,40x40,PrototypicalNetwork,5,5,Greek,Egyptian,False,10,4000,2,exp1_permuted_src_datasets
112,6110.299681504,0.0,1738593677.6790228,,1.7881388814089405e-08,1.0,0.001,1,16,40x40,PrototypicalNetwork,5,5,Greek,Egyptian,False,10,4000,2,exp1_permuted_src_datasets
113,6110.447882134,0.0,1738593677.8272908,,1.0430810881700836e-08,1.0,0.001,1,16,40x40,PrototypicalNetwork,5,5,Greek,Egyptian,False,10,4000,2,exp1_permuted_src_datasets
114,6110.58889924,0.0,1738593677.9682813,,8.940696183401542e-09,1.0,0.001,1,16,40x40,PrototypicalNetwork,5,5,Greek,Egyptian,False,10,4000,2,exp1_permuted_src_datasets
115,6110.753527984,0.0,1738593678.1329358,,4.172322221052127e-08,1.0,0.001,1,16,40x40,PrototypicalNetwork,5,5,Greek,Egyptian,False,10,4000,2,exp1_permuted_src_datasets
116,6110.860229484,0.0,1738593678.2395935,,2.9802313505911115e-08,1.0,0.001,1,16,40x40,PrototypicalNetwork,5,5,Greek,Egyptian,False,10,4000,2,exp1_permuted_src_datasets
117,6110.976184034,0.0,1738593678.3555455,,1.639127233943327e-08,1.0,0.001,1,16,40x40,PrototypicalNetwork,5,5,Greek,Egyptian,False,10,4000,2,exp1_permuted_src_datasets
118,6111.151958813,0.0,1738593678.5313287,,5.960464122267695e-09,1.0,0.001,1,16,40x40,PrototypicalNetwork,5,5,Greek,Egyptian,False,10,4000,2,exp1_permuted_src_datasets
119,6111.261982551,0.0,1738593678.6413274,,7.00354121363489e-08,1.0,0.001,1,16,40x40,PrototypicalNetwork,5,5,Greek,Egyptian,False,10,4000,2,exp1_permuted_src_datasets
120,6111.397650112,0.0,1738593678.7769809,,7.599586382411871e-08,1.0,0.001,1,16,40x40,PrototypicalNetwork,5,5,Greek,Egyptian,False,10,4000,2,exp1_permuted_src_datasets
121,6111.588412559,0.0,1738593678.9677556,,1.9371507065102378e-08,1.0,0.001,1,16,40x40,PrototypicalNetwork,5,5,Greek,Egyptian,False,10,4000,2,exp1_permuted_src_datasets
122,6111.751809263,0.0,1738593679.1311808,,1.7881390590446244e-08,1.0,0.001,1,16,40x40,PrototypicalNetwork,5,5,Greek,Egyptian,False,10,4000,2,exp1_permuted_src_datasets
123,6111.87390062,0.0,1738593679.253026,,1.7881390590446244e-08,1.0,0.001,1,16,40x40,PrototypicalNetwork,5,5,Greek,Egyptian,False,10,4000,2,exp1_permuted_src_datasets
124,6112.054378409,0.0,1738593679.4337342,,8.791675298880364e-08,1.0,0.001,1,16,40x40,PrototypicalNetwork,5,5,Greek,Egyptian,False,10,4000,2,exp1_permuted_src_datasets
125,6112.248626016,0.0,1738593679.6280003,,2.2351738238057806e-08,1.0,0.001,1,16,40x40,PrototypicalNetwork,5,5,Greek,Egyptian,False,10,4000,2,exp1_permuted_src_datasets
126,6112.420748611,0.0,1738593679.8001132,,3.7252885221050747e-08,1.0,0.001,1,16,40x40,PrototypicalNetwork,5,5,Greek,Egyptian,False,10,4000,2,exp1_permuted_src_datasets
127,9066.837016716,0.0,1738596634.2165494,0.9388500001430512,,,0.001,1,16,40x40,PrototypicalNetwork,5,5,Greek,Egyptian,False,10,4000,2,exp1_permuted_src_datasets
128,9066.927815806,0.0,1738596634.3072224,,2.2351738238057806e-08,1.0,0.001,1,16,40x40,PrototypicalNetwork,5,5,Greek,Egyptian,False,10,4000,2,exp1_permuted_src_datasets
129,9067.049585324,0.0,1738596634.4289687,,4.470348091700771e-09,1.0,0.001,1,16,40x40,PrototypicalNetwork,5,5,Greek,Egyptian,False,10,4000,2,exp1_permuted_src_datasets
130,9067.18870632,0.0,1738596634.5680807,,7.4505792646561986e-09,1.0,0.001,1,16,40x40,PrototypicalNetwork,5,5,Greek,Egyptian,False,10,4000,2,exp1_permuted_src_datasets
131,9067.303774179,0.0,1738596634.683138,,4.470348091700771e-09,1.0,0.001,1,16,40x40,PrototypicalNetwork,5,5,Greek,Egyptian,False,10,4000,2,exp1_permuted_src_datasets
132,9067.415477997,0.0,1738596634.7948403,,8.940696183401542e-09,1.0,0.001,1,16,40x40,PrototypicalNetwork,5,5,Greek,Egyptian,False,10,4000,2,exp1_permuted_src_datasets
133,9067.517478901,0.0,1738596634.896866,,1.0430811769879256e-08,1.0,0.001,1,16,40x40,PrototypicalNetwork,5,5,Greek,Egyptian,False,10,4000,2,exp1_permuted_src_datasets
134,9067.672683403,0.0,1738596635.052047,,1.0430811769879256e-08,1.0,0.001,1,16,40x40,PrototypicalNetwork,5,5,Greek,Egyptian,False,10,4000,2,exp1_permuted_src_datasets
135,9067.786079181,0.0,1738596635.1652951,,1.937150528874554e-08,1.0,0.001,1,16,40x40,PrototypicalNetwork,5,5,Greek,Egyptian,False,10,4000,2,exp1_permuted_src_datasets
136,9067.972391501,0.0,1738596635.3516595,,8.7916760094231e-08,1.0,0.001,1,16,40x40,PrototypicalNetwork,5,5,Greek,Egyptian,False,10,4000,2,exp1_permuted_src_datasets
137,9068.105298237,0.0,1738596635.4846935,,2.5331965858299554e-08,1.0,0.001,1,16,40x40,PrototypicalNetwork,5,5,Greek,Egyptian,False,10,4000,2,exp1_permuted_src_datasets
138,9068.239110164,0.0,1738596635.6185286,,1.639127233943327e-08,1.0,0.001,1,16,40x40,PrototypicalNetwork,5,5,Greek,Egyptian,False,10,4000,2,exp1_permuted_src_datasets
139,9068.351948709,0.0,1738596635.7313573,,1.4901158529312397e-08,1.0,0.001,1,16,40x40,PrototypicalNetwork,5,5,Greek,Egyptian,False,10,4000,2,exp1_permuted_src_datasets
140,9068.543291868,0.0,1738596635.9226766,,2.2351740014414645e-08,1.0,0.001,1,16,40x40,PrototypicalNetwork,5,5,Greek,Egyptian,False,10,4000,2,exp1_permuted_src_datasets
141,9068.631742826,0.0,1738596636.0111468,,8.940695295223122e-09,1.0,0.001,1,16,40x40,PrototypicalNetwork,5,5,Greek,Egyptian,False,10,4000,2,exp1_permuted_src_datasets
142,9068.735846505,0.0,1738596636.1152222,,1.3411043831013103e-08,1.0,0.001,1,16,40x40,PrototypicalNetwork,5,5,Greek,Egyptian,False,10,4000,2,exp1_permuted_src_datasets
143,9068.827691944,0.0,1738596636.2070768,,4.470348091700771e-09,1.0,0.001,1,16,40x40,PrototypicalNetwork,5,5,Greek,Egyptian,False,10,4000,2,exp1_permuted_src_datasets
144,9068.944452034,0.0,1738596636.3237643,,1.9371508841459217e-08,1.0,0.001,1,16,40x40,PrototypicalNetwork,5,5,Greek,Egyptian,False,10,4000,2,exp1_permuted_src_datasets
145,9069.060826871,0.0,1738596636.4401958,,1.4901159417490817e-08,1.0,0.001,1,16,40x40,PrototypicalNetwork,5,5,Greek,Egyptian,False,10,4000,2,exp1_permuted_src_datasets
146,9069.168231521,0.0,1738596636.547639,,2.831220058396866e-08,1.0,0.001,1,16,40x40,PrototypicalNetwork,5,5,Greek,Egyptian,False,10,4000,2,exp1_permuted_src_datasets
147,9069.293300749,0.0,1738596636.6726878,,6.705518984517767e-08,1.0,0.001,1,16,40x40,PrototypicalNetwork,5,5,Greek,Egyptian,False,10,4000,2,exp1_permuted_src_datasets
148,9069.464414821,0.0,1738596636.8437648,,4.470348091700771e-09,1.0,0.001,1,16,40x40,PrototypicalNetwork,5,5,Greek,Egyptian,False,10,4000,2,exp1_permuted_src_datasets
149,9069.57963234,0.0,1738596636.9590068,,3.278254467886654e-08,1.0,0.001,1,16,40x40,PrototypicalNetwork,5,5,Greek,Egyptian,False,10,4000,2,exp1_permuted_src_datasets
150,9069.714265554,0.0,1738596637.0936446,,2.9802320611338473e-09,1.0,0.001,1,16,40x40,PrototypicalNetwork,5,5,Greek,Egyptian,False,10,4000,2,exp1_permuted_src_datasets
151,9069.836462132,0.0,1738596637.2158742,,3.576278118089249e-08,1.0,0.001,1,16,40x40,PrototypicalNetwork,5,5,Greek,Egyptian,False,10,4000,2,exp1_permuted_src_datasets
152,9069.925334133,0.0,1738596637.3047037,,4.470348091700771e-09,1.0,0.001,1,16,40x40,PrototypicalNetwork,5,5,Greek,Egyptian,False,10,4000,2,exp1_permuted_src_datasets
153,9070.013341705,0.0,1738596637.3927236,,6.556508935773309e-08,1.0,0.001,1,16,40x40,PrototypicalNetwork,5,5,Greek,Egyptian,False,10,4000,2,exp1_permuted_src_datasets
154,9070.138884782,0.0,1738596637.5182693,,8.940696183401542e-09,1.0,0.001,1,16,40x40,PrototypicalNetwork,5,5,Greek,Egyptian,False,10,4000,2,exp1_permuted_src_datasets
155,9070.244813656,0.0,1738596637.6241663,,1.0430811769879256e-08,1.0,0.001,1,16,40x40,PrototypicalNetwork,5,5,Greek,Egyptian,False,10,4000,2,exp1_permuted_src_datasets
156,9070.334339092,0.0,1738596637.7137027,,2.9802320611338473e-09,1.0,0.001,1,16,40x40,PrototypicalNetwork,5,5,Greek,Egyptian,False,10,4000,2,exp1_permuted_src_datasets
157,9070.486337821,0.0,1738596637.8657124,,2.5331967634656394e-08,1.0,0.001,1,16,40x40,PrototypicalNetwork,5,5,Greek,Egyptian,False,10,4000,2,exp1_permuted_src_datasets
158,9070.601559781,0.0,1738596637.9809494,,2.9802318834981634e-08,1.0,0.001,1,16,40x40,PrototypicalNetwork,5,5,Greek,Egyptian,False,10,4000,2,exp1_permuted_src_datasets
159,9070.712504398,0.0,1738596638.0918841,,5.364415045505666e-08,1.0,0.001,1,16,40x40,PrototypicalNetwork,5,5,Greek,Egyptian,False,10,4000,2,exp1_permuted_src_datasets
160,9070.832216348,0.0,1738596638.2116642,,1.4901160305669237e-09,1.0,0.001,1,16,40x40,PrototypicalNetwork,5,5,Greek,Egyptian,False,10,4000,2,exp1_permuted_src_datasets
161,9070.958878983,0.0,1738596638.3382294,,2.5331967634656394e-08,1.0,0.001,1,16,40x40,PrototypicalNetwork,5,5,Greek,Egyptian,False,10,4000,2,exp1_permuted_src_datasets
162,9071.097944964,0.0,1738596638.4773397,,1.0430811769879256e-08,1.0,0.001,1,16,40x40,PrototypicalNetwork,5,5,Greek,Egyptian,False,10,4000,2,exp1_permuted_src_datasets
163,9071.198573983,0.0,1738596638.5779374,,1.192092824453539e-08,1.0,0.001,1,16,40x40,PrototypicalNetwork,5,5,Greek,Egyptian,False,10,4000,2,exp1_permuted_src_datasets
164,9071.381304869,0.0,1738596638.7606735,,1.639127411579011e-08,1.0,0.001,1,16,40x40,PrototypicalNetwork,5,5,Greek,Egyptian,False,10,4000,2,exp1_permuted_src_datasets
165,9071.526314337,0.0,1738596638.905675,,4.7683688109145805e-08,1.0,0.001,1,16,40x40,PrototypicalNetwork,5,5,Greek,Egyptian,False,10,4000,2,exp1_permuted_src_datasets
166,9071.654639645,0.0,1738596639.0340111,,7.4505797087454084e-09,1.0,0.001,1,16,40x40,PrototypicalNetwork,5,5,Greek,Egyptian,False,10,4000,2,exp1_permuted_src_datasets
167,9071.743233178,0.0,1738596639.1226096,,1.192092824453539e-08,1.0,0.001,1,16,40x40,PrototypicalNetwork,5,5,Greek,Egyptian,False,10,4000,2,exp1_permuted_src_datasets
168,9071.883941633,0.0,1738596639.2632978,,3.129242998056725e-08,1.0,0.001,1,16,40x40,PrototypicalNetwork,5,5,Greek,Egyptian,False,10,4000,2,exp1_permuted_src_datasets
169,9071.97473126,0.0,1738596639.3540802,,2.086162353975851e-08,1.0,0.001,1,16,40x40,PrototypicalNetwork,5,5,Greek,Egyptian,False,10,4000,2,exp1_permuted_src_datasets
170,9072.068342968,0.0,1738596639.447705,,1.4901158529312397e-08,1.0,0.001,1,16,40x40,PrototypicalNetwork,5,5,Greek,Egyptian,False,10,4000,2,exp1_permuted_src_datasets
171,9072.209253957,0.0,1738596639.5885677,,1.0430811769879256e-08,1.0,0.001,1,16,40x40,PrototypicalNetwork,5,5,Greek,Egyptian,False,10,4000,2,exp1_permuted_src_datasets
172,9072.353395098,0.0,1738596639.7327654,,1.9371508841459217e-08,1.0,0.001,1,16,40x40,PrototypicalNetwork,5,5,Greek,Egyptian,False,10,4000,2,exp1_permuted_src_datasets
173,9072.4956882,0.0,1738596639.8750536,,8.940694407044703e-09,1.0,0.001,1,16,40x40,PrototypicalNetwork,5,5,Greek,Egyptian,False,10,4000,2,exp1_permuted_src_datasets
174,9072.592996246,0.0,1738596639.9723585,,1.4901158529312397e-08,1.0,0.001,1,16,40x40,PrototypicalNetwork,5,5,Greek,Egyptian,False,10,4000,2,exp1_permuted_src_datasets
175,9072.696887292,0.0,1738596640.076224,,3.725289587919178e-08,1.0,0.001,1,16,40x40,PrototypicalNetwork,5,5,Greek,Egyptian,False,10,4000,2,exp1_permuted_src_datasets
176,9072.899777043,0.0,1738596640.2790906,,1.192092824453539e-08,1.0,0.001,1,16,40x40,PrototypicalNetwork,5,5,Greek,Egyptian,False,10,4000,2,exp1_permuted_src_datasets
177,9073.005521391,0.0,1738596640.3848464,,2.2351736461700966e-08,1.0,0.001,1,16,40x40,PrototypicalNetwork,5,5,Greek,Egyptian,False,10,4000,2,exp1_permuted_src_datasets
178,9073.159599248,0.0,1738596640.538978,,1.7881390590446244e-08,1.0,0.001,1,16,40x40,PrototypicalNetwork,5,5,Greek,Egyptian,False,10,4000,2,exp1_permuted_src_datasets
179,9073.244705999,0.0,1738596640.6240795,,1.0430811769879256e-08,1.0,0.001,1,16,40x40,PrototypicalNetwork,5,5,Greek,Egyptian,False,10,4000,2,exp1_permuted_src_datasets
180,9073.363030582,0.0,1738596640.7424088,,1.7881392366803084e-08,1.0,0.001,1,16,40x40,PrototypicalNetwork,5,5,Greek,Egyptian,False,10,4000,2,exp1_permuted_src_datasets
181,9073.457988236,0.0,1738596640.8373642,,2.384184938364342e-08,1.0,0.001,1,16,40x40,PrototypicalNetwork,5,5,Greek,Egyptian,False,10,4000,2,exp1_permuted_src_datasets
182,9073.59228461,0.0,1738596640.9716396,,2.384185471271394e-08,1.0,0.001,1,16,40x40,PrototypicalNetwork,5,5,Greek,Egyptian,False,10,4000,2,exp1_permuted_src_datasets
183,9073.69210542,0.0,1738596641.0714834,,3.4272662929879516e-08,1.0,0.001,1,16,40x40,PrototypicalNetwork,5,5,Greek,Egyptian,False,10,4000,2,exp1_permuted_src_datasets
184,9073.777903135,0.0,1738596641.1572826,,1.4901160305669237e-09,1.0,0.001,1,16,40x40,PrototypicalNetwork,5,5,Greek,Egyptian,False,10,4000,2,exp1_permuted_src_datasets
185,9073.893332235,0.0,1738596641.272709,,2.086162353975851e-08,1.0,0.001,1,16,40x40,PrototypicalNetwork,5,5,Greek,Egyptian,False,10,4000,2,exp1_permuted_src_datasets
186,9074.046528137,0.0,1738596641.4259048,,2.8312195254898143e-08,1.0,0.001,1,16,40x40,PrototypicalNetwork,5,5,Greek,Egyptian,False,10,4000,2,exp1_permuted_src_datasets
187,9074.194556551,0.0,1738596641.573914,,1.0430811769879256e-08,1.0,0.001,1,16,40x40,PrototypicalNetwork,5,5,Greek,Egyptian,False,10,4000,2,exp1_permuted_src_datasets
188,9074.316775518,0.0,1738596641.696143,,5.960463678178485e-09,1.0,0.001,1,16,40x40,PrototypicalNetwork,5,5,Greek,Egyptian,False,10,4000,2,exp1_permuted_src_datasets
189,9074.470071854,0.0,1738596641.8493903,,2.6822084109312527e-08,1.0,0.001,1,16,40x40,PrototypicalNetwork,5,5,Greek,Egyptian,False,10,4000,2,exp1_permuted_src_datasets
190,11578.761563466,0.0,1738599146.1410882,0.9396999998092651,,,0.001,1,16,40x40,PrototypicalNetwork,5,5,Greek,Egyptian,False,10,4000,2,exp1_permuted_src_datasets
191,11578.853316342,0.0,1738599146.232662,,1.0430811769879256e-08,1.0,0.001,1,16,40x40,PrototypicalNetwork,5,5,Greek,Egyptian,False,10,4000,2,exp1_permuted_src_datasets
192,11578.965951503,0.0,1738599146.3453333,,1.639127589214695e-08,1.0,0.001,1,16,40x40,PrototypicalNetwork,5,5,Greek,Egyptian,False,10,4000,2,exp1_permuted_src_datasets
193,11579.061049661,0.0,1738599146.4404228,,5.811447678638615e-08,1.0,0.001,1,16,40x40,PrototypicalNetwork,5,5,Greek,Egyptian,False,10,4000,2,exp1_permuted_src_datasets
194,11579.145836633,0.0,1738599146.5252047,,7.4505797087454084e-09,1.0,0.001,1,16,40x40,PrototypicalNetwork,5,5,Greek,Egyptian,False,10,4000,2,exp1_permuted_src_datasets
195,11579.29396476,0.0,1738599146.6733255,,7.4505797087454084e-09,1.0,0.001,1,16,40x40,PrototypicalNetwork,5,5,Greek,Egyptian,False,10,4000,2,exp1_permuted_src_datasets
196,11579.435255888,0.0,1738599146.8146317,,1.3411042054656264e-08,1.0,0.001,1,16,40x40,PrototypicalNetwork,5,5,Greek,Egyptian,False,10,4000,2,exp1_permuted_src_datasets
197,11579.555168759,0.0,1738599146.934535,,5.960464122267695e-09,1.0,0.001,1,16,40x40,PrototypicalNetwork,5,5,Greek,Egyptian,False,10,4000,2,exp1_permuted_src_datasets
198,11579.686835878,0.0,1738599147.0662158,,0.0,1.0,0.001,1,16,40x40,PrototypicalNetwork,5,5,Greek,Egyptian,False,10,4000,2,exp1_permuted_src_datasets
199,11579.792382515,0.0,1738599147.1717575,,8.940696183401542e-09,1.0,0.001,1,16,40x40,PrototypicalNetwork,5,5,Greek,Egyptian,False,10,4000,2,exp1_permuted_src_datasets
200,11579.878711768,0.0,1738599147.2580442,,2.5331965858299554e-08,1.0,0.001,1,16,40x40,PrototypicalNetwork,5,5,Greek,Egyptian,False,10,4000,2,exp1_permuted_src_datasets
201,11579.981555834,0.0,1738599147.3609784,,5.960464122267695e-09,1.0,0.001,1,16,40x40,PrototypicalNetwork,5,5,Greek,Egyptian,False,10,4000,2,exp1_permuted_src_datasets
202,11580.11259378,0.0,1738599147.4919786,,5.960464122267695e-09,1.0,0.001,1,16,40x40,PrototypicalNetwork,5,5,Greek,Egyptian,False,10,4000,2,exp1_permuted_src_datasets
203,11580.266717652,0.0,1738599147.646094,,8.940696183401542e-09,1.0,0.001,1,16,40x40,PrototypicalNetwork,5,5,Greek,Egyptian,False,10,4000,2,exp1_permuted_src_datasets
204,11580.385963771,0.0,1738599147.7653244,,1.9371507065102378e-08,1.0,0.001,1,16,40x40,PrototypicalNetwork,5,5,Greek,Egyptian,False,10,4000,2,exp1_permuted_src_datasets
205,11580.523525854,0.0,1738599147.902859,,1.3411043831013103e-08,1.0,0.001,1,16,40x40,PrototypicalNetwork,5,5,Greek,Egyptian,False,10,4000,2,exp1_permuted_src_datasets
206,11580.615713965,0.0,1738599147.99512,,1.192092735635697e-08,1.0,0.001,1,16,40x40,PrototypicalNetwork,5,5,Greek,Egyptian,False,10,4000,2,exp1_permuted_src_datasets
207,11580.741492176,0.0,1738599148.1208632,,1.3411042054656264e-08,1.0,0.001,1,16,40x40,PrototypicalNetwork,5,5,Greek,Egyptian,False,10,4000,2,exp1_permuted_src_datasets
208,11580.832982596,0.0,1738599148.2122478,,3.427265227173848e-08,1.0,0.001,1,16,40x40,PrototypicalNetwork,5,5,Greek,Egyptian,False,10,4000,2,exp1_permuted_src_datasets
209,11580.923834845,0.0,1738599148.3032389,,1.4901159417490817e-08,1.0,0.001,1,16,40x40,PrototypicalNetwork,5,5,Greek,Egyptian,False,10,4000,2,exp1_permuted_src_datasets
210,11581.071970416,0.0,1738599148.4513314,,7.4505792646561986e-09,1.0,0.001,1,16,40x40,PrototypicalNetwork,5,5,Greek,Egyptian,False,10,4000,2,exp1_permuted_src_datasets
211,11581.237140881,0.0,1738599148.6165104,,1.1622855566884027e-07,1.0,0.001,1,16,40x40,PrototypicalNetwork,5,5,Greek,Egyptian,False,10,4000,2,exp1_permuted_src_datasets
212,11581.346965764,0.0,1738599148.7263083,,3.874297505035429e-08,1.0,0.001,1,16,40x40,PrototypicalNetwork,5,5,Greek,Egyptian,False,10,4000,2,exp1_permuted_src_datasets
213,11581.461221929,0.0,1738599148.840592,,2.0861616434331154e-08,1.0,0.001,1,16,40x40,PrototypicalNetwork,5,5,Greek,Egyptian,False,10,4000,2,exp1_permuted_src_datasets
214,11581.60800617,0.0,1738599148.9873636,,2.2351738238057806e-08,1.0,0.001,1,16,40x40,PrototypicalNetwork,5,5,Greek,Egyptian,False,10,4000,2,exp1_permuted_src_datasets
215,11581.743816253,0.0,1738599149.1230998,,7.4505797087454084e-09,1.0,0.001,1,16,40x40,PrototypicalNetwork,5,5,Greek,Egyptian,False,10,4000,2,exp1_permuted_src_datasets
216,11581.874265466,0.0,1738599149.2536445,,1.0430811769879256e-08,1.0,0.001,1,16,40x40,PrototypicalNetwork,5,5,Greek,Egyptian,False,10,4000,2,exp1_permuted_src_datasets
217,11581.9651917,0.0,1738599149.3445718,,1.3411043831013103e-08,1.0,0.001,1,16,40x40,PrototypicalNetwork,5,5,Greek,Egyptian,False,10,4000,2,exp1_permuted_src_datasets
218,11582.054155494,0.0,1738599149.4335165,,1.639127589214695e-08,1.0,0.001,1,16,40x40,PrototypicalNetwork,5,5,Greek,Egyptian,False,10,4000,2,exp1_permuted_src_datasets
219,11582.178239742,0.0,1738599149.557653,,1.639127589214695e-08,1.0,0.001,1,16,40x40,PrototypicalNetwork,5,5,Greek,Egyptian,False,10,4000,2,exp1_permuted_src_datasets
220,11582.291200698,0.0,1738599149.6705852,,3.427265227173848e-08,1.0,0.001,1,16,40x40,PrototypicalNetwork,5,5,Greek,Egyptian,False,10,4000,2,exp1_permuted_src_datasets
221,11582.440602156,0.0,1738599149.8199077,,1.639127233943327e-08,1.0,0.001,1,16,40x40,PrototypicalNetwork,5,5,Greek,Egyptian,False,10,4000,2,exp1_permuted_src_datasets
222,11582.559576445,0.0,1738599149.9389477,,7.4505797087454084e-09,1.0,0.001,1,16,40x40,PrototypicalNetwork,5,5,Greek,Egyptian,False,10,4000,2,exp1_permuted_src_datasets
223,11582.746214009,0.0,1738599150.1255505,,2.086162353975851e-08,1.0,0.001,1,16,40x40,PrototypicalNetwork,5,5,Greek,Egyptian,False,10,4000,2,exp1_permuted_src_datasets
224,11582.856675137,0.0,1738599150.235996,,1.0430811769879256e-08,1.0,0.001,1,16,40x40,PrototypicalNetwork,5,5,Greek,Egyptian,False,10,4000,2,exp1_permuted_src_datasets
225,11583.005205027,0.0,1738599150.384589,,4.470348091700771e-09,1.0,0.001,1,16,40x40,PrototypicalNetwork,5,5,Greek,Egyptian,False,10,4000,2,exp1_permuted_src_datasets
226,11583.164763737,0.0,1738599150.5441387,,1.192092824453539e-08,1.0,0.001,1,16,40x40,PrototypicalNetwork,5,5,Greek,Egyptian,False,10,4000,2,exp1_permuted_src_datasets
227,11583.28919271,0.0,1738599150.6685746,,1.4901159417490817e-08,1.0,0.001,1,16,40x40,PrototypicalNetwork,5,5,Greek,Egyptian,False,10,4000,2,exp1_permuted_src_datasets
228,11583.408808385,0.0,1738599150.7881303,,4.470348091700771e-09,1.0,0.001,1,16,40x40,PrototypicalNetwork,5,5,Greek,Egyptian,False,10,4000,2,exp1_permuted_src_datasets
229,11583.540463974,0.0,1738599150.9198358,,1.0430811769879256e-08,1.0,0.001,1,16,40x40,PrototypicalNetwork,5,5,Greek,Egyptian,False,10,4000,2,exp1_permuted_src_datasets
230,11583.658808722,0.0,1738599151.0381827,,4.470348091700771e-09,1.0,0.001,1,16,40x40,PrototypicalNetwork,5,5,Greek,Egyptian,False,10,4000,2,exp1_permuted_src_datasets
231,11583.791943567,0.0,1738599151.171314,,8.940696183401542e-09,1.0,0.001,1,16,40x40,PrototypicalNetwork,5,5,Greek,Egyptian,False,10,4000,2,exp1_permuted_src_datasets
232,11583.874424539,0.0,1738599151.2537935,,8.940695295223122e-09,1.0,0.001,1,16,40x40,PrototypicalNetwork,5,5,Greek,Egyptian,False,10,4000,2,exp1_permuted_src_datasets
233,11584.006269052,0.0,1738599151.3856542,,5.960464122267695e-09,1.0,0.001,1,16,40x40,PrototypicalNetwork,5,5,Greek,Egyptian,False,10,4000,2,exp1_permuted_src_datasets
234,11584.154663141,0.0,1738599151.5339813,,5.960464122267695e-09,1.0,0.001,1,16,40x40,PrototypicalNetwork,5,5,Greek,Egyptian,False,10,4000,2,exp1_permuted_src_datasets
235,11584.271417999,0.0,1738599151.6507833,,2.9802320611338473e-09,1.0,0.001,1,16,40x40,PrototypicalNetwork,5,5,Greek,Egyptian,False,10,4000,2,exp1_permuted_src_datasets
236,11584.41692419,0.0,1738599151.796246,,1.192092646817855e-08,1.0,0.001,1,16,40x40,PrototypicalNetwork,5,5,Greek,Egyptian,False,10,4000,2,exp1_permuted_src_datasets
237,11584.540853874,0.0,1738599151.9202206,,2.9802320611338473e-09,1.0,0.001,1,16,40x40,PrototypicalNetwork,5,5,Greek,Egyptian,False,10,4000,2,exp1_permuted_src_datasets
238,11584.718372859,0.0,1738599152.0977545,,1.4901159417490817e-08,1.0,0.001,1,16,40x40,PrototypicalNetwork,5,5,Greek,Egyptian,False,10,4000,2,exp1_permuted_src_datasets
239,11584.867789568,0.0,1738599152.2471554,,1.192092735635697e-08,1.0,0.001,1,16,40x40,PrototypicalNetwork,5,5,Greek,Egyptian,False,10,4000,2,exp1_permuted_src_datasets
240,11584.998592518,0.0,1738599152.3779707,,1.4901158529312397e-08,1.0,0.001,1,16,40x40,PrototypicalNetwork,5,5,Greek,Egyptian,False,10,4000,2,exp1_permuted_src_datasets
241,11585.097334108,0.0,1738599152.476735,,2.9802320611338473e-09,1.0,0.001,1,16,40x40,PrototypicalNetwork,5,5,Greek,Egyptian,False,10,4000,2,exp1_permuted_src_datasets
242,11585.225493969,0.0,1738599152.604865,,4.470348091700771e-09,1.0,0.001,1,16,40x40,PrototypicalNetwork,5,5,Greek,Egyptian,False,10,4000,2,exp1_permuted_src_datasets
243,11585.318854543,0.0,1738599152.6982243,,5.960464122267695e-09,1.0,0.001,1,16,40x40,PrototypicalNetwork,5,5,Greek,Egyptian,False,10,4000,2,exp1_permuted_src_datasets
244,11585.440350893,0.0,1738599152.819728,,8.940696183401542e-09,1.0,0.001,1,16,40x40,PrototypicalNetwork,5,5,Greek,Egyptian,False,10,4000,2,exp1_permuted_src_datasets
245,11585.568298987,0.0,1738599152.947691,,1.639127589214695e-08,1.0,0.001,1,16,40x40,PrototypicalNetwork,5,5,Greek,Egyptian,False,10,4000,2,exp1_permuted_src_datasets
246,11585.660722561,0.0,1738599153.040098,,1.0430811769879256e-08,1.0,0.001,1,16,40x40,PrototypicalNetwork,5,5,Greek,Egyptian,False,10,4000,2,exp1_permuted_src_datasets
247,11585.773874952,0.0,1738599153.1532326,,4.470348091700771e-09,1.0,0.001,1,16,40x40,PrototypicalNetwork,5,5,Greek,Egyptian,False,10,4000,2,exp1_permuted_src_datasets
248,11585.878009279,0.0,1738599153.257388,,7.4505797087454084e-09,1.0,0.001,1,16,40x40,PrototypicalNetwork,5,5,Greek,Egyptian,False,10,4000,2,exp1_permuted_src_datasets
249,11585.975789826,0.0,1738599153.3551645,,1.4901155864777138e-08,1.0,0.001,1,16,40x40,PrototypicalNetwork,5,5,Greek,Egyptian,False,10,4000,2,exp1_permuted_src_datasets
250,11586.059434834,0.0,1738599153.438789,,2.5331965858299554e-08,1.0,0.001,1,16,40x40,PrototypicalNetwork,5,5,Greek,Egyptian,False,10,4000,2,exp1_permuted_src_datasets
251,11586.177629064,0.0,1738599153.557006,,1.3411043831013103e-08,1.0,0.001,1,16,40x40,PrototypicalNetwork,5,5,Greek,Egyptian,False,10,4000,2,exp1_permuted_src_datasets
252,11586.302379706,0.0,1738599153.6817458,,1.0430811769879256e-08,1.0,0.001,1,16,40x40,PrototypicalNetwork,5,5,Greek,Egyptian,False,10,4000,2,exp1_permuted_src_datasets
253,14158.803752525,0.0,1738601726.1832697,0.9394499983787536,,,0.001,1,16,40x40,PrototypicalNetwork,5,5,Greek,Egyptian,False,10,4000,2,exp1_permuted_src_datasets
254,14158.869374005,0.0,1738601726.2487612,,5.960464122267695e-09,1.0,0.001,1,16,40x40,PrototypicalNetwork,5,5,Greek,Egyptian,False,10,4000,2,exp1_permuted_src_datasets
255,14158.96266479,0.0,1738601726.342045,,8.940696183401542e-09,1.0,0.001,1,16,40x40,PrototypicalNetwork,5,5,Greek,Egyptian,False,10,4000,2,exp1_permuted_src_datasets
256,14159.08327045,0.0,1738601726.4626293,,5.960464122267695e-09,1.0,0.001,1,16,40x40,PrototypicalNetwork,5,5,Greek,Egyptian,False,10,4000,2,exp1_permuted_src_datasets
257,14159.212884029,0.0,1738601726.5922406,,1.4901158529312397e-08,1.0,0.001,1,16,40x40,PrototypicalNetwork,5,5,Greek,Egyptian,False,10,4000,2,exp1_permuted_src_datasets
258,14159.325523551,0.0,1738601726.7048984,,1.3411043831013103e-08,1.0,0.001,1,16,40x40,PrototypicalNetwork,5,5,Greek,Egyptian,False,10,4000,2,exp1_permuted_src_datasets
259,14159.480726131,0.0,1738601726.860095,,2.9802320611338473e-09,1.0,0.001,1,16,40x40,PrototypicalNetwork,5,5,Greek,Egyptian,False,10,4000,2,exp1_permuted_src_datasets
260,14159.565237047,0.0,1738601726.9446158,,1.7881387037732566e-08,1.0,0.001,1,16,40x40,PrototypicalNetwork,5,5,Greek,Egyptian,False,10,4000,2,exp1_permuted_src_datasets
261,14159.744396788,0.0,1738601727.123778,,4.470348091700771e-09,1.0,0.001,1,16,40x40,PrototypicalNetwork,5,5,Greek,Egyptian,False,10,4000,2,exp1_permuted_src_datasets
262,14159.862533213,0.0,1738601727.24189,,7.4505797087454084e-09,1.0,0.001,1,16,40x40,PrototypicalNetwork,5,5,Greek,Egyptian,False,10,4000,2,exp1_permuted_src_datasets
263,14160.024209731,0.0,1738601727.4035575,,4.470348091700771e-09,1.0,0.001,1,16,40x40,PrototypicalNetwork,5,5,Greek,Egyptian,False,10,4000,2,exp1_permuted_src_datasets
264,14160.173138312,0.0,1738601727.5525138,,2.9802320611338473e-09,1.0,0.001,1,16,40x40,PrototypicalNetwork,5,5,Greek,Egyptian,False,10,4000,2,exp1_permuted_src_datasets
265,14160.345408472,0.0,1738601727.7247453,,2.9802320611338473e-09,1.0,0.001,1,16,40x40,PrototypicalNetwork,5,5,Greek,Egyptian,False,10,4000,2,exp1_permuted_src_datasets
266,14160.4928105,0.0,1738601727.872209,,0.0,1.0,0.001,1,16,40x40,PrototypicalNetwork,5,5,Greek,Egyptian,False,10,4000,2,exp1_permuted_src_datasets
267,14160.630952848,0.0,1738601728.0103254,,4.470348091700771e-09,1.0,0.001,1,16,40x40,PrototypicalNetwork,5,5,Greek,Egyptian,False,10,4000,2,exp1_permuted_src_datasets
268,14160.799964082,0.0,1738601728.1793132,,1.192092824453539e-08,1.0,0.001,1,16,40x40,PrototypicalNetwork,5,5,Greek,Egyptian,False,10,4000,2,exp1_permuted_src_datasets
269,14160.901095255,0.0,1738601728.2804682,,1.7881387037732566e-08,1.0,0.001,1,16,40x40,PrototypicalNetwork,5,5,Greek,Egyptian,False,10,4000,2,exp1_permuted_src_datasets
270,14161.043413697,0.0,1738601728.4227538,,4.470348091700771e-09,1.0,0.001,1,16,40x40,PrototypicalNetwork,5,5,Greek,Egyptian,False,10,4000,2,exp1_permuted_src_datasets
271,14161.142687598,0.0,1738601728.5220745,,7.4505797087454084e-09,1.0,0.001,1,16,40x40,PrototypicalNetwork,5,5,Greek,Egyptian,False,10,4000,2,exp1_permuted_src_datasets
272,14161.258932163,0.0,1738601728.6383371,,1.639127411579011e-08,1.0,0.001,1,16,40x40,PrototypicalNetwork,5,5,Greek,Egyptian,False,10,4000,2,exp1_permuted_src_datasets
273,14161.363764041,0.0,1738601728.7431388,,5.960463678178485e-09,1.0,0.001,1,16,40x40,PrototypicalNetwork,5,5,Greek,Egyptian,False,10,4000,2,exp1_permuted_src_datasets
274,14161.466420988,0.0,1738601728.8457918,,1.639127411579011e-08,1.0,0.001,1,16,40x40,PrototypicalNetwork,5,5,Greek,Egyptian,False,10,4000,2,exp1_permuted_src_datasets
275,14161.628745244,0.0,1738601729.0081167,,1.192092735635697e-08,1.0,0.001,1,16,40x40,PrototypicalNetwork,5,5,Greek,Egyptian,False,10,4000,2,exp1_permuted_src_datasets
276,14161.735711809,0.0,1738601729.1150885,,2.384185471271394e-08,1.0,0.001,1,16,40x40,PrototypicalNetwork,5,5,Greek,Egyptian,False,10,4000,2,exp1_permuted_src_datasets
277,14161.88806685,0.0,1738601729.2673593,,2.9802320611338473e-09,1.0,0.001,1,16,40x40,PrototypicalNetwork,5,5,Greek,Egyptian,False,10,4000,2,exp1_permuted_src_datasets
278,14161.998771101,0.0,1738601729.378136,,2.384185471271394e-08,1.0,0.001,1,16,40x40,PrototypicalNetwork,5,5,Greek,Egyptian,False,10,4000,2,exp1_permuted_src_datasets
279,14162.220139071,0.0,1738601729.5994995,,7.4505797087454084e-09,1.0,0.001,1,16,40x40,PrototypicalNetwork,5,5,Greek,Egyptian,False,10,4000,2,exp1_permuted_src_datasets
280,14162.344291901,0.0,1738601729.7236578,,2.2351738238057806e-08,1.0,0.001,1,16,40x40,PrototypicalNetwork,5,5,Greek,Egyptian,False,10,4000,2,exp1_permuted_src_datasets
281,14162.497787273,0.0,1738601729.877158,,4.470348091700771e-09,1.0,0.001,1,16,40x40,PrototypicalNetwork,5,5,Greek,Egyptian,False,10,4000,2,exp1_permuted_src_datasets
282,14162.610719461,0.0,1738601729.9900823,,5.960463234089275e-09,1.0,0.001,1,16,40x40,PrototypicalNetwork,5,5,Greek,Egyptian,False,10,4000,2,exp1_permuted_src_datasets
283,14162.760577617,0.0,1738601730.1398034,,8.940696183401542e-09,1.0,0.001,1,16,40x40,PrototypicalNetwork,5,5,Greek,Egyptian,False,10,4000,2,exp1_permuted_src_datasets
284,14162.931602636,0.0,1738601730.3109794,,4.470345515983354e-08,1.0,0.001,1,16,40x40,PrototypicalNetwork,5,5,Greek,Egyptian,False,10,4000,2,exp1_permuted_src_datasets
285,14163.107356657,0.0,1738601730.4867237,,4.470348091700771e-09,1.0,0.001,1,16,40x40,PrototypicalNetwork,5,5,Greek,Egyptian,False,10,4000,2,exp1_permuted_src_datasets
286,14163.220974353,0.0,1738601730.600355,,1.192092735635697e-08,1.0,0.001,1,16,40x40,PrototypicalNetwork,5,5,Greek,Egyptian,False,10,4000,2,exp1_permuted_src_datasets
287,14163.352956711,0.0,1738601730.73232,,8.940696183401542e-09,1.0,0.001,1,16,40x40,PrototypicalNetwork,5,5,Greek,Egyptian,False,10,4000,2,exp1_permuted_src_datasets
288,14163.478979796,0.0,1738601730.858378,,5.960464122267695e-09,1.0,0.001,1,16,40x40,PrototypicalNetwork,5,5,Greek,Egyptian,False,10,4000,2,exp1_permuted_src_datasets
289,14163.657785525,0.0,1738601731.0371728,,1.4901158529312397e-08,1.0,0.001,1,16,40x40,PrototypicalNetwork,5,5,Greek,Egyptian,False,10,4000,2,exp1_permuted_src_datasets
290,14163.801746035,0.0,1738601731.1810904,,4.470348091700771e-09,1.0,0.001,1,16,40x40,PrototypicalNetwork,5,5,Greek,Egyptian,False,10,4000,2,exp1_permuted_src_datasets
291,14163.923605364,0.0,1738601731.303026,,8.940696183401542e-09,1.0,0.001,1,16,40x40,PrototypicalNetwork,5,5,Greek,Egyptian,False,10,4000,2,exp1_permuted_src_datasets
292,14164.035213793,0.0,1738601731.4145918,,8.940696183401542e-09,1.0,0.001,1,16,40x40,PrototypicalNetwork,5,5,Greek,Egyptian,False,10,4000,2,exp1_permuted_src_datasets
293,14164.178069593,0.0,1738601731.5574064,,2.9802320611338473e-09,1.0,0.001,1,16,40x40,PrototypicalNetwork,5,5,Greek,Egyptian,False,10,4000,2,exp1_permuted_src_datasets
294,14164.311466468,0.0,1738601731.6908274,,2.384185471271394e-08,1.0,0.001,1,16,40x40,PrototypicalNetwork,5,5,Greek,Egyptian,False,10,4000,2,exp1_permuted_src_datasets
295,14164.421226518,0.0,1738601731.800596,,1.0430811769879256e-08,1.0,0.001,1,16,40x40,PrototypicalNetwork,5,5,Greek,Egyptian,False,10,4000,2,exp1_permuted_src_datasets
296,14164.55799995,0.0,1738601731.937381,,1.4156066185933014e-07,1.0,0.001,1,16,40x40,PrototypicalNetwork,5,5,Greek,Egyptian,False,10,4000,2,exp1_permuted_src_datasets
297,14164.691081991,0.0,1738601732.0704508,,1.639127411579011e-08,1.0,0.001,1,16,40x40,PrototypicalNetwork,5,5,Greek,Egyptian,False,10,4000,2,exp1_permuted_src_datasets
298,14164.783420528,0.0,1738601732.162771,,4.470348091700771e-09,1.0,0.001,1,16,40x40,PrototypicalNetwork,5,5,Greek,Egyptian,False,10,4000,2,exp1_permuted_src_datasets
299,14164.903036264,0.0,1738601732.282413,,1.3411042054656264e-08,1.0,0.001,1,16,40x40,PrototypicalNetwork,5,5,Greek,Egyptian,False,10,4000,2,exp1_permuted_src_datasets
300,14165.044443541,0.0,1738601732.4238183,,4.470348091700771e-09,1.0,0.001,1,16,40x40,PrototypicalNetwork,5,5,Greek,Egyptian,False,10,4000,2,exp1_permuted_src_datasets
301,14165.166499153,0.0,1738601732.545886,,8.940695295223122e-09,1.0,0.001,1,16,40x40,PrototypicalNetwork,5,5,Greek,Egyptian,False,10,4000,2,exp1_permuted_src_datasets
302,14165.253347738,0.0,1738601732.6327143,,1.4901160305669237e-09,1.0,0.001,1,16,40x40,PrototypicalNetwork,5,5,Greek,Egyptian,False,10,4000,2,exp1_permuted_src_datasets
303,14165.384525522,0.0,1738601732.7639503,,1.0430811769879256e-08,1.0,0.001,1,16,40x40,PrototypicalNetwork,5,5,Greek,Egyptian,False,10,4000,2,exp1_permuted_src_datasets
304,14165.484241286,0.0,1738601732.863605,,4.470348091700771e-09,1.0,0.001,1,16,40x40,PrototypicalNetwork,5,5,Greek,Egyptian,False,10,4000,2,exp1_permuted_src_datasets
305,14165.622843107,0.0,1738601733.0022142,,4.470348091700771e-09,1.0,0.001,1,16,40x40,PrototypicalNetwork,5,5,Greek,Egyptian,False,10,4000,2,exp1_permuted_src_datasets
306,14165.76804378,0.0,1738601733.14743,,7.4505797087454084e-09,1.0,0.001,1,16,40x40,PrototypicalNetwork,5,5,Greek,Egyptian,False,10,4000,2,exp1_permuted_src_datasets
307,14165.887011716,0.0,1738601733.2663798,,1.192092735635697e-08,1.0,0.001,1,16,40x40,PrototypicalNetwork,5,5,Greek,Egyptian,False,10,4000,2,exp1_permuted_src_datasets
308,14166.037487021,0.0,1738601733.4167805,,8.940694407044703e-09,1.0,0.001,1,16,40x40,PrototypicalNetwork,5,5,Greek,Egyptian,False,10,4000,2,exp1_permuted_src_datasets
309,14166.149985087,0.0,1738601733.529304,,3.725286745748235e-08,1.0,0.001,1,16,40x40,PrototypicalNetwork,5,5,Greek,Egyptian,False,10,4000,2,exp1_permuted_src_datasets
310,14166.290365191,0.0,1738601733.6697457,,7.4505797087454084e-09,1.0,0.001,1,16,40x40,PrototypicalNetwork,5,5,Greek,Egyptian,False,10,4000,2,exp1_permuted_src_datasets
311,14166.425559238,0.0,1738601733.8049388,,1.639127411579011e-08,1.0,0.001,1,16,40x40,PrototypicalNetwork,5,5,Greek,Egyptian,False,10,4000,2,exp1_permuted_src_datasets
312,14166.554417096,0.0,1738601733.9337914,,8.940696183401542e-09,1.0,0.001,1,16,40x40,PrototypicalNetwork,5,5,Greek,Egyptian,False,10,4000,2,exp1_permuted_src_datasets
313,14166.694255822,0.0,1738601734.0736213,,4.470348091700771e-09,1.0,0.001,1,16,40x40,PrototypicalNetwork,5,5,Greek,Egyptian,False,10,4000,2,exp1_permuted_src_datasets
314,14166.801699907,0.0,1738601734.1810715,,1.4901160305669237e-09,1.0,0.001,1,16,40x40,PrototypicalNetwork,5,5,Greek,Egyptian,False,10,4000,2,exp1_permuted_src_datasets
315,14166.895446952,0.0,1738601734.2748058,,4.470348091700771e-09,1.0,0.001,1,16,40x40,PrototypicalNetwork,5,5,Greek,Egyptian,False,10,4000,2,exp1_permuted_src_datasets
316,16718.84823449,0.0,1738604286.227744,0.9385499994754791,,,0.001,1,16,40x40,PrototypicalNetwork,5,5,Greek,Egyptian,False,10,4000,2,exp1_permuted_src_datasets
317,16718.915434329,0.0,1738604286.2948203,,4.470348091700771e-09,1.0,0.001,1,16,40x40,PrototypicalNetwork,5,5,Greek,Egyptian,False,10,4000,2,exp1_permuted_src_datasets
318,16719.071015167,0.0,1738604286.4503922,,1.3411043831013103e-08,1.0,0.001,1,16,40x40,PrototypicalNetwork,5,5,Greek,Egyptian,False,10,4000,2,exp1_permuted_src_datasets
319,16719.170737358,0.0,1738604286.550065,,1.3411043831013103e-08,1.0,0.001,1,16,40x40,PrototypicalNetwork,5,5,Greek,Egyptian,False,10,4000,2,exp1_permuted_src_datasets
320,16719.300944964,0.0,1738604286.6803148,,5.960464122267695e-09,1.0,0.001,1,16,40x40,PrototypicalNetwork,5,5,Greek,Egyptian,False,10,4000,2,exp1_permuted_src_datasets
321,16719.443087578,0.0,1738604286.8224535,,2.9802320611338473e-09,1.0,0.001,1,16,40x40,PrototypicalNetwork,5,5,Greek,Egyptian,False,10,4000,2,exp1_permuted_src_datasets
322,16719.564364639,0.0,1738604286.943744,,2.8312191702184464e-08,1.0,0.001,1,16,40x40,PrototypicalNetwork,5,5,Greek,Egyptian,False,10,4000,2,exp1_permuted_src_datasets
323,16719.738852564,0.0,1738604287.1181788,,1.4901160305669237e-09,1.0,0.001,1,16,40x40,PrototypicalNetwork,5,5,Greek,Egyptian,False,10,4000,2,exp1_permuted_src_datasets
324,16719.849319876,0.0,1738604287.228685,,7.4505797087454084e-09,1.0,0.001,1,16,40x40,PrototypicalNetwork,5,5,Greek,Egyptian,False,10,4000,2,exp1_permuted_src_datasets
325,16720.036567109,0.0,1738604287.4160101,,8.940695295223122e-09,1.0,0.001,1,16,40x40,PrototypicalNetwork,5,5,Greek,Egyptian,False,10,4000,2,exp1_permuted_src_datasets
326,16720.173981602,0.0,1738604287.5533414,,1.4901160305669237e-09,1.0,0.001,1,16,40x40,PrototypicalNetwork,5,5,Greek,Egyptian,False,10,4000,2,exp1_permuted_src_datasets
327,16720.290302861,0.0,1738604287.669611,,1.4901160305669237e-09,1.0,0.001,1,16,40x40,PrototypicalNetwork,5,5,Greek,Egyptian,False,10,4000,2,exp1_permuted_src_datasets
328,16720.460601877,0.0,1738604287.83996,,5.960463678178485e-09,1.0,0.001,1,16,40x40,PrototypicalNetwork,5,5,Greek,Egyptian,False,10,4000,2,exp1_permuted_src_datasets
329,16720.627913967,0.0,1738604288.0073042,,4.7683691661859484e-08,1.0,0.001,1,16,40x40,PrototypicalNetwork,5,5,Greek,Egyptian,False,10,4000,2,exp1_permuted_src_datasets
330,16720.813922296,0.0,1738604288.1932318,,1.0430809993522416e-08,1.0,0.001,1,16,40x40,PrototypicalNetwork,5,5,Greek,Egyptian,False,10,4000,2,exp1_permuted_src_datasets
331,16720.943280959,0.0,1738604288.3226662,,3.874301057749108e-08,1.0,0.001,1,16,40x40,PrototypicalNetwork,5,5,Greek,Egyptian,False,10,4000,2,exp1_permuted_src_datasets
332,16721.095913256,0.0,1738604288.4752753,,7.4505797087454084e-09,1.0,0.001,1,16,40x40,PrototypicalNetwork,5,5,Greek,Egyptian,False,10,4000,2,exp1_permuted_src_datasets
333,16721.221824738,0.0,1738604288.6012151,,4.470348091700771e-09,1.0,0.001,1,16,40x40,PrototypicalNetwork,5,5,Greek,Egyptian,False,10,4000,2,exp1_permuted_src_datasets
334,16721.378251974,0.0,1738604288.7575912,,1.0430811769879256e-08,1.0,0.001,1,16,40x40,PrototypicalNetwork,5,5,Greek,Egyptian,False,10,4000,2,exp1_permuted_src_datasets
335,16721.52738604,0.0,1738604288.9067674,,8.940696183401542e-09,1.0,0.001,1,16,40x40,PrototypicalNetwork,5,5,Greek,Egyptian,False,10,4000,2,exp1_permuted_src_datasets
336,16721.617515311,0.0,1738604288.9968977,,1.192092824453539e-08,1.0,0.001,1,16,40x40,PrototypicalNetwork,5,5,Greek,Egyptian,False,10,4000,2,exp1_permuted_src_datasets
337,16721.737202209,0.0,1738604289.1165924,,1.4901160305669237e-09,1.0,0.001,1,16,40x40,PrototypicalNetwork,5,5,Greek,Egyptian,False,10,4000,2,exp1_permuted_src_datasets
338,16721.911892519,0.0,1738604289.2912643,,1.4901160305669237e-09,1.0,0.001,1,16,40x40,PrototypicalNetwork,5,5,Greek,Egyptian,False,10,4000,2,exp1_permuted_src_datasets
339,16722.088451514,0.0,1738604289.4678278,,5.960464122267695e-09,1.0,0.001,1,16,40x40,PrototypicalNetwork,5,5,Greek,Egyptian,False,10,4000,2,exp1_permuted_src_datasets
340,16722.249830944,0.0,1738604289.6292138,,2.6822084109312527e-08,1.0,0.001,1,16,40x40,PrototypicalNetwork,5,5,Greek,Egyptian,False,10,4000,2,exp1_permuted_src_datasets
341,16722.402411261,0.0,1738604289.7817674,,7.4505797087454084e-09,1.0,0.001,1,16,40x40,PrototypicalNetwork,5,5,Greek,Egyptian,False,10,4000,2,exp1_permuted_src_datasets
342,16722.506104125,0.0,1738604289.885476,,2.9802320611338473e-09,1.0,0.001,1,16,40x40,PrototypicalNetwork,5,5,Greek,Egyptian,False,10,4000,2,exp1_permuted_src_datasets
343,16722.599944649,0.0,1738604289.9793131,,1.4901158529312397e-08,1.0,0.001,1,16,40x40,PrototypicalNetwork,5,5,Greek,Egyptian,False,10,4000,2,exp1_permuted_src_datasets
344,16722.761218935,0.0,1738604290.1405218,,1.4901160305669237e-09,1.0,0.001,1,16,40x40,PrototypicalNetwork,5,5,Greek,Egyptian,False,10,4000,2,exp1_permuted_src_datasets
345,16722.942471511,0.0,1738604290.321789,,5.960464122267695e-09,1.0,0.001,1,16,40x40,PrototypicalNetwork,5,5,Greek,Egyptian,False,10,4000,2,exp1_permuted_src_datasets
346,16723.042462032,0.0,1738604290.421832,,0.0,1.0,0.001,1,16,40x40,PrototypicalNetwork,5,5,Greek,Egyptian,False,10,4000,2,exp1_permuted_src_datasets
347,16723.158942597,0.0,1738604290.5383003,,1.192092646817855e-08,1.0,0.001,1,16,40x40,PrototypicalNetwork,5,5,Greek,Egyptian,False,10,4000,2,exp1_permuted_src_datasets
348,16723.303997223,0.0,1738604290.68338,,1.4901160305669237e-09,1.0,0.001,1,16,40x40,PrototypicalNetwork,5,5,Greek,Egyptian,False,10,4000,2,exp1_permuted_src_datasets
349,16723.431544351,0.0,1738604290.8109305,,2.9802320611338473e-09,1.0,0.001,1,16,40x40,PrototypicalNetwork,5,5,Greek,Egyptian,False,10,4000,2,exp1_permuted_src_datasets
350,16723.541982092,0.0,1738604290.9212124,,8.940694407044703e-09,1.0,0.001,1,16,40x40,PrototypicalNetwork,5,5,Greek,Egyptian,False,10,4000,2,exp1_permuted_src_datasets
351,16723.627767186,0.0,1738604291.0071476,,4.470348091700771e-09,1.0,0.001,1,16,40x40,PrototypicalNetwork,5,5,Greek,Egyptian,False,10,4000,2,exp1_permuted_src_datasets
352,16723.784283858,0.0,1738604291.1636457,,4.470348091700771e-09,1.0,0.001,1,16,40x40,PrototypicalNetwork,5,5,Greek,Egyptian,False,10,4000,2,exp1_permuted_src_datasets
353,16723.971166562,0.0,1738604291.350487,,4.470348091700771e-09,1.0,0.001,1,16,40x40,PrototypicalNetwork,5,5,Greek,Egyptian,False,10,4000,2,exp1_permuted_src_datasets
354,16724.070450664,0.0,1738604291.4498034,,1.192092735635697e-08,1.0,0.001,1,16,40x40,PrototypicalNetwork,5,5,Greek,Egyptian,False,10,4000,2,exp1_permuted_src_datasets
355,16724.224768321,0.0,1738604291.6040468,,1.0430811769879256e-08,1.0,0.001,1,16,40x40,PrototypicalNetwork,5,5,Greek,Egyptian,False,10,4000,2,exp1_permuted_src_datasets
356,16724.387836162,0.0,1738604291.7672265,,1.192092646817855e-08,1.0,0.001,1,16,40x40,PrototypicalNetwork,5,5,Greek,Egyptian,False,10,4000,2,exp1_permuted_src_datasets
357,16724.522179168,0.0,1738604291.9015481,,1.4901160305669237e-09,1.0,0.001,1,16,40x40,PrototypicalNetwork,5,5,Greek,Egyptian,False,10,4000,2,exp1_permuted_src_datasets
358,16724.674043775,0.0,1738604292.0533276,,7.4505792646561986e-09,1.0,0.001,1,16,40x40,PrototypicalNetwork,5,5,Greek,Egyptian,False,10,4000,2,exp1_permuted_src_datasets
359,16724.773824588,0.0,1738604292.1531906,,5.960464122267695e-09,1.0,0.001,1,16,40x40,PrototypicalNetwork,5,5,Greek,Egyptian,False,10,4000,2,exp1_permuted_src_datasets
360,16724.914380435,0.0,1738604292.2936912,,4.470348091700771e-09,1.0,0.001,1,16,40x40,PrototypicalNetwork,5,5,Greek,Egyptian,False,10,4000,2,exp1_permuted_src_datasets
361,16725.084826528,0.0,1738604292.464198,,5.960464122267695e-09,1.0,0.001,1,16,40x40,PrototypicalNetwork,5,5,Greek,Egyptian,False,10,4000,2,exp1_permuted_src_datasets
362,16725.202501391,0.0,1738604292.581895,,1.192092646817855e-08,1.0,0.001,1,16,40x40,PrototypicalNetwork,5,5,Greek,Egyptian,False,10,4000,2,exp1_permuted_src_datasets
363,16725.323914125,0.0,1738604292.7032778,,1.0430810881700836e-08,1.0,0.001,1,16,40x40,PrototypicalNetwork,5,5,Greek,Egyptian,False,10,4000,2,exp1_permuted_src_datasets
364,16725.513391452,0.0,1738604292.89276,,0.0,1.0,0.001,1,16,40x40,PrototypicalNetwork,5,5,Greek,Egyptian,False,10,4000,2,exp1_permuted_src_datasets
365,16725.6704635,0.0,1738604293.0497684,,2.9802320611338473e-09,1.0,0.001,1,16,40x40,PrototypicalNetwork,5,5,Greek,Egyptian,False,10,4000,2,exp1_permuted_src_datasets
366,16725.844875879,0.0,1738604293.2242343,,4.470348091700771e-09,1.0,0.001,1,16,40x40,PrototypicalNetwork,5,5,Greek,Egyptian,False,10,4000,2,exp1_permuted_src_datasets
367,16726.019617762,0.0,1738604293.3989985,,4.470348091700771e-09,1.0,0.001,1,16,40x40,PrototypicalNetwork,5,5,Greek,Egyptian,False,10,4000,2,exp1_permuted_src_datasets
368,16726.121515981,0.0,1738604293.5009005,,1.4901160305669237e-09,1.0,0.001,1,16,40x40,PrototypicalNetwork,5,5,Greek,Egyptian,False,10,4000,2,exp1_permuted_src_datasets
369,16726.309506876,0.0,1738604293.6888258,,2.9802313505911115e-08,1.0,0.001,1,16,40x40,PrototypicalNetwork,5,5,Greek,Egyptian,False,10,4000,2,exp1_permuted_src_datasets
370,16726.418094657,0.0,1738604293.7973888,,1.4901160305669237e-09,1.0,0.001,1,16,40x40,PrototypicalNetwork,5,5,Greek,Egyptian,False,10,4000,2,exp1_permuted_src_datasets
371,16726.61105843,0.0,1738604293.9903715,,1.4901160305669237e-09,1.0,0.001,1,16,40x40,PrototypicalNetwork,5,5,Greek,Egyptian,False,10,4000,2,exp1_permuted_src_datasets
372,16726.772562503,0.0,1738604294.1519542,,7.4505797087454084e-09,1.0,0.001,1,16,40x40,PrototypicalNetwork,5,5,Greek,Egyptian,False,10,4000,2,exp1_permuted_src_datasets
373,16726.884249629,0.0,1738604294.26361,,8.940695295223122e-09,1.0,0.001,1,16,40x40,PrototypicalNetwork,5,5,Greek,Egyptian,False,10,4000,2,exp1_permuted_src_datasets
374,16727.026278297,0.0,1738604294.405663,,8.940696183401542e-09,1.0,0.001,1,16,40x40,PrototypicalNetwork,5,5,Greek,Egyptian,False,10,4000,2,exp1_permuted_src_datasets
375,16727.19298287,0.0,1738604294.5723126,,4.470348091700771e-09,1.0,0.001,1,16,40x40,PrototypicalNetwork,5,5,Greek,Egyptian,False,10,4000,2,exp1_permuted_src_datasets
376,16727.331999916,0.0,1738604294.7113647,,1.4901160305669237e-09,1.0,0.001,1,16,40x40,PrototypicalNetwork,5,5,Greek,Egyptian,False,10,4000,2,exp1_permuted_src_datasets
377,16727.480986393,0.0,1738604294.8603175,,1.0430811769879256e-08,1.0,0.001,1,16,40x40,PrototypicalNetwork,5,5,Greek,Egyptian,False,10,4000,2,exp1_permuted_src_datasets
378,16727.609822073,0.0,1738604294.9891942,,4.470348091700771e-09,1.0,0.001,1,16,40x40,PrototypicalNetwork,5,5,Greek,Egyptian,False,10,4000,2,exp1_permuted_src_datasets
379,19262.799897233,0.0,1738606830.1372716,0.9380999996662139,,,0.001,1,16,40x40,PrototypicalNetwork,5,5,Greek,Egyptian,False,10,4000,2,exp1_permuted_src_datasets
380,19262.827880421,0.0,1738606830.2044306,,0.0,1.0,0.001,1,16,40x40,PrototypicalNetwork,5,5,Greek,Egyptian,False,10,4000,2,exp1_permuted_src_datasets
381,19262.974308014,0.0,1738606830.353702,,5.960463678178485e-09,1.0,0.001,1,16,40x40,PrototypicalNetwork,5,5,Greek,Egyptian,False,10,4000,2,exp1_permuted_src_datasets
382,19263.100490337,0.0,1738606830.4798834,,4.470348091700771e-09,1.0,0.001,1,16,40x40,PrototypicalNetwork,5,5,Greek,Egyptian,False,10,4000,2,exp1_permuted_src_datasets
383,19263.304995938,0.0,1738606830.684351,,1.0430811769879256e-08,1.0,0.001,1,16,40x40,PrototypicalNetwork,5,5,Greek,Egyptian,False,10,4000,2,exp1_permuted_src_datasets
384,19263.452494182,0.0,1738606830.8318558,,4.470348091700771e-09,1.0,0.001,1,16,40x40,PrototypicalNetwork,5,5,Greek,Egyptian,False,10,4000,2,exp1_permuted_src_datasets
385,19263.580705274,0.0,1738606830.9601073,,1.639127233943327e-08,1.0,0.001,1,16,40x40,PrototypicalNetwork,5,5,Greek,Egyptian,False,10,4000,2,exp1_permuted_src_datasets
386,19263.713862191,0.0,1738606831.0932424,,4.470348091700771e-09,1.0,0.001,1,16,40x40,PrototypicalNetwork,5,5,Greek,Egyptian,False,10,4000,2,exp1_permuted_src_datasets
387,19263.804617996,0.0,1738606831.1839972,,4.470348091700771e-09,1.0,0.001,1,16,40x40,PrototypicalNetwork,5,5,Greek,Egyptian,False,10,4000,2,exp1_permuted_src_datasets
388,19263.949374771,0.0,1738606831.3287568,,2.9802320611338473e-09,1.0,0.001,1,16,40x40,PrototypicalNetwork,5,5,Greek,Egyptian,False,10,4000,2,exp1_permuted_src_datasets
389,19264.081213856,0.0,1738606831.460592,,8.940696183401542e-09,1.0,0.001,1,16,40x40,PrototypicalNetwork,5,5,Greek,Egyptian,False,10,4000,2,exp1_permuted_src_datasets
390,19264.20058521,0.0,1738606831.5799627,,7.4505797087454084e-09,1.0,0.001,1,16,40x40,PrototypicalNetwork,5,5,Greek,Egyptian,False,10,4000,2,exp1_permuted_src_datasets
391,19264.310814267,0.0,1738606831.6901944,,1.4901160305669237e-09,1.0,0.001,1,16,40x40,PrototypicalNetwork,5,5,Greek,Egyptian,False,10,4000,2,exp1_permuted_src_datasets
392,19264.406568658,0.0,1738606831.7859435,,7.4505797087454084e-09,1.0,0.001,1,16,40x40,PrototypicalNetwork,5,5,Greek,Egyptian,False,10,4000,2,exp1_permuted_src_datasets
393,19264.521169728,0.0,1738606831.9005406,,2.9802320611338473e-09,1.0,0.001,1,16,40x40,PrototypicalNetwork,5,5,Greek,Egyptian,False,10,4000,2,exp1_permuted_src_datasets
394,19264.635688653,0.0,1738606832.0150948,,1.4901160305669237e-09,1.0,0.001,1,16,40x40,PrototypicalNetwork,5,5,Greek,Egyptian,False,10,4000,2,exp1_permuted_src_datasets
395,19264.73996413,0.0,1738606832.1193573,,3.576277407546513e-08,1.0,0.001,1,16,40x40,PrototypicalNetwork,5,5,Greek,Egyptian,False,10,4000,2,exp1_permuted_src_datasets
396,19264.898213785,0.0,1738606832.2775831,,5.960464122267695e-09,1.0,0.001,1,16,40x40,PrototypicalNetwork,5,5,Greek,Egyptian,False,10,4000,2,exp1_permuted_src_datasets
397,19265.020383684,0.0,1738606832.399747,,4.470348091700771e-09,1.0,0.001,1,16,40x40,PrototypicalNetwork,5,5,Greek,Egyptian,False,10,4000,2,exp1_permuted_src_datasets
398,19265.203498664,0.0,1738606832.5828555,,1.0430810881700836e-08,1.0,0.001,1,16,40x40,PrototypicalNetwork,5,5,Greek,Egyptian,False,10,4000,2,exp1_permuted_src_datasets
399,19265.362668606,0.0,1738606832.742083,,0.0,1.0,0.001,1,16,40x40,PrototypicalNetwork,5,5,Greek,Egyptian,False,10,4000,2,exp1_permuted_src_datasets
400,19265.541644711,0.0,1738606832.921018,,7.4505797087454084e-09,1.0,0.001,1,16,40x40,PrototypicalNetwork,5,5,Greek,Egyptian,False,10,4000,2,exp1_permuted_src_datasets
401,19265.680305061,0.0,1738606833.0597003,,8.940696183401542e-09,1.0,0.001,1,16,40x40,PrototypicalNetwork,5,5,Greek,Egyptian,False,10,4000,2,exp1_permuted_src_datasets
402,19265.852869977,0.0,1738606833.232258,,2.9802320611338473e-09,1.0,0.001,1,16,40x40,PrototypicalNetwork,5,5,Greek,Egyptian,False,10,4000,2,exp1_permuted_src_datasets
403,19266.044862238,0.0,1738606833.4241867,,1.9371507065102378e-08,1.0,0.001,1,16,40x40,PrototypicalNetwork,5,5,Greek,Egyptian,False,10,4000,2,exp1_permuted_src_datasets
404,19266.181748506,0.0,1738606833.5611155,,1.4901160305669237e-09,1.0,0.001,1,16,40x40,PrototypicalNetwork,5,5,Greek,Egyptian,False,10,4000,2,exp1_permuted_src_datasets
405,19266.377285843,0.0,1738606833.756666,,1.4901160305669237e-09,1.0,0.001,1,16,40x40,PrototypicalNetwork,5,5,Greek,Egyptian,False,10,4000,2,exp1_permuted_src_datasets
406,19266.495395228,0.0,1738606833.8746915,,0.0,1.0,0.001,1,16,40x40,PrototypicalNetwork,5,5,Greek,Egyptian,False,10,4000,2,exp1_permuted_src_datasets
407,19266.647591344,0.0,1738606834.026957,,1.0430810881700836e-08,1.0,0.001,1,16,40x40,PrototypicalNetwork,5,5,Greek,Egyptian,False,10,4000,2,exp1_permuted_src_datasets
408,19266.7809394,0.0,1738606834.160308,,7.4505797087454084e-09,1.0,0.001,1,16,40x40,PrototypicalNetwork,5,5,Greek,Egyptian,False,10,4000,2,exp1_permuted_src_datasets
409,19266.918841541,0.0,1738606834.2982059,,2.9802320611338473e-09,1.0,0.001,1,16,40x40,PrototypicalNetwork,5,5,Greek,Egyptian,False,10,4000,2,exp1_permuted_src_datasets
410,19267.022929609,0.0,1738606834.4021912,,4.470348091700771e-09,1.0,0.001,1,16,40x40,PrototypicalNetwork,5,5,Greek,Egyptian,False,10,4000,2,exp1_permuted_src_datasets
411,19267.14632806,0.0,1738606834.5257013,,2.9802320611338473e-09,1.0,0.001,1,16,40x40,PrototypicalNetwork,5,5,Greek,Egyptian,False,10,4000,2,exp1_permuted_src_datasets
412,19267.32161849,0.0,1738606834.7009318,,2.9802320611338473e-09,1.0,0.001,1,16,40x40,PrototypicalNetwork,5,5,Greek,Egyptian,False,10,4000,2,exp1_permuted_src_datasets
413,19267.467047376,0.0,1738606834.846436,,5.960463678178485e-09,1.0,0.001,1,16,40x40,PrototypicalNetwork,5,5,Greek,Egyptian,False,10,4000,2,exp1_permuted_src_datasets
414,19267.599758507,0.0,1738606834.9791265,,2.9802320611338473e-09,1.0,0.001,1,16,40x40,PrototypicalNetwork,5,5,Greek,Egyptian,False,10,4000,2,exp1_permuted_src_datasets
415,19267.684386087,0.0,1738606835.0637302,,2.9802320611338473e-09,1.0,0.001,1,16,40x40,PrototypicalNetwork,5,5,Greek,Egyptian,False,10,4000,2,exp1_permuted_src_datasets
416,19267.862829521,0.0,1738606835.2421968,,4.470348091700771e-09,1.0,0.001,1,16,40x40,PrototypicalNetwork,5,5,Greek,Egyptian,False,10,4000,2,exp1_permuted_src_datasets
417,19268.018253459,0.0,1738606835.397623,,1.3411042054656264e-08,1.0,0.001,1,16,40x40,PrototypicalNetwork,5,5,Greek,Egyptian,False,10,4000,2,exp1_permuted_src_datasets
418,19268.206501832,0.0,1738606835.5858278,,1.4901160305669237e-09,1.0,0.001,1,16,40x40,PrototypicalNetwork,5,5,Greek,Egyptian,False,10,4000,2,exp1_permuted_src_datasets
419,19268.336833853,0.0,1738606835.716213,,1.4901160305669237e-09,1.0,0.001,1,16,40x40,PrototypicalNetwork,5,5,Greek,Egyptian,False,10,4000,2,exp1_permuted_src_datasets
420,19268.498399137,0.0,1738606835.8777308,,8.940695295223122e-09,1.0,0.001,1,16,40x40,PrototypicalNetwork,5,5,Greek,Egyptian,False,10,4000,2,exp1_permuted_src_datasets
421,19268.644040942,0.0,1738606836.0234149,,1.192092469182171e-08,1.0,0.001,1,16,40x40,PrototypicalNetwork,5,5,Greek,Egyptian,False,10,4000,2,exp1_permuted_src_datasets
422,19268.793061522,0.0,1738606836.1723704,,8.940696183401542e-09,1.0,0.001,1,16,40x40,PrototypicalNetwork,5,5,Greek,Egyptian,False,10,4000,2,exp1_permuted_src_datasets
423,19268.959582089,0.0,1738606836.3389633,,4.470348091700771e-09,1.0,0.001,1,16,40x40,PrototypicalNetwork,5,5,Greek,Egyptian,False,10,4000,2,exp1_permuted_src_datasets
424,19269.102459195,0.0,1738606836.4817243,,8.940695295223122e-09,1.0,0.001,1,16,40x40,PrototypicalNetwork,5,5,Greek,Egyptian,False,10,4000,2,exp1_permuted_src_datasets
425,19269.203241942,0.0,1738606836.5825987,,1.93715035123887e-08,1.0,0.001,1,16,40x40,PrototypicalNetwork,5,5,Greek,Egyptian,False,10,4000,2,exp1_permuted_src_datasets
426,19269.369687677,0.0,1738606836.7490797,,5.960463678178485e-09,1.0,0.001,1,16,40x40,PrototypicalNetwork,5,5,Greek,Egyptian,False,10,4000,2,exp1_permuted_src_datasets
427,19269.4999762,0.0,1738606836.87934,,1.4901160305669237e-09,1.0,0.001,1,16,40x40,PrototypicalNetwork,5,5,Greek,Egyptian,False,10,4000,2,exp1_permuted_src_datasets
428,19269.642641282,0.0,1738606837.0220072,,2.9802320611338473e-09,1.0,0.001,1,16,40x40,PrototypicalNetwork,5,5,Greek,Egyptian,False,10,4000,2,exp1_permuted_src_datasets
429,19269.814817791,0.0,1738606837.194135,,2.9802320611338473e-09,1.0,0.001,1,16,40x40,PrototypicalNetwork,5,5,Greek,Egyptian,False,10,4000,2,exp1_permuted_src_datasets
430,19269.904671361,0.0,1738606837.2839906,,5.960463678178485e-09,1.0,0.001,1,16,40x40,PrototypicalNetwork,5,5,Greek,Egyptian,False,10,4000,2,exp1_permuted_src_datasets
431,19270.048140047,0.0,1738606837.4275463,,5.960463678178485e-09,1.0,0.001,1,16,40x40,PrototypicalNetwork,5,5,Greek,Egyptian,False,10,4000,2,exp1_permuted_src_datasets
432,19270.144247639,0.0,1738606837.5235858,,4.470348091700771e-09,1.0,0.001,1,16,40x40,PrototypicalNetwork,5,5,Greek,Egyptian,False,10,4000,2,exp1_permuted_src_datasets
433,19270.257871963,0.0,1738606837.6372285,,4.470348091700771e-09,1.0,0.001,1,16,40x40,PrototypicalNetwork,5,5,Greek,Egyptian,False,10,4000,2,exp1_permuted_src_datasets
434,19270.39681006,0.0,1738606837.776178,,5.960464122267695e-09,1.0,0.001,1,16,40x40,PrototypicalNetwork,5,5,Greek,Egyptian,False,10,4000,2,exp1_permuted_src_datasets
435,19270.524250396,0.0,1738606837.9036179,,4.470348091700771e-09,1.0,0.001,1,16,40x40,PrototypicalNetwork,5,5,Greek,Egyptian,False,10,4000,2,exp1_permuted_src_datasets
436,19270.627395708,0.0,1738606838.0067682,,1.0430808217165577e-08,1.0,0.001,1,16,40x40,PrototypicalNetwork,5,5,Greek,Egyptian,False,10,4000,2,exp1_permuted_src_datasets
437,19270.757350919,0.0,1738606838.1365652,,1.4901160305669237e-09,1.0,0.001,1,16,40x40,PrototypicalNetwork,5,5,Greek,Egyptian,False,10,4000,2,exp1_permuted_src_datasets
438,19270.936531113,0.0,1738606838.315933,,8.940695295223122e-09,1.0,0.001,1,16,40x40,PrototypicalNetwork,5,5,Greek,Egyptian,False,10,4000,2,exp1_permuted_src_datasets
439,19271.053927617,0.0,1738606838.433298,,1.4901160305669237e-09,1.0,0.001,1,16,40x40,PrototypicalNetwork,5,5,Greek,Egyptian,False,10,4000,2,exp1_permuted_src_datasets
440,19271.157105195,0.0,1738606838.5364282,,2.9802320611338473e-09,1.0,0.001,1,16,40x40,PrototypicalNetwork,5,5,Greek,Egyptian,False,10,4000,2,exp1_permuted_src_datasets
441,19271.304453407,0.0,1738606838.6838841,,4.470348091700771e-09,1.0,0.001,1,16,40x40,PrototypicalNetwork,5,5,Greek,Egyptian,False,10,4000,2,exp1_permuted_src_datasets
442,21830.381760614,0.0,1738609397.7612696,0.9384499995708465,,,0.001,1,16,40x40,PrototypicalNetwork,5,5,Greek,Egyptian,False,10,4000,2,exp1_permuted_src_datasets
443,21830.508866651,0.0,1738609397.8882227,,1.4901160305669237e-09,1.0,0.001,1,16,40x40,PrototypicalNetwork,5,5,Greek,Egyptian,False,10,4000,2,exp1_permuted_src_datasets
444,21830.696865224,0.0,1738609398.0762455,,2.9802320611338473e-09,1.0,0.001,1,16,40x40,PrototypicalNetwork,5,5,Greek,Egyptian,False,10,4000,2,exp1_permuted_src_datasets
445,21830.860543787,0.0,1738609398.2399273,,2.9802320611338473e-09,1.0,0.001,1,16,40x40,PrototypicalNetwork,5,5,Greek,Egyptian,False,10,4000,2,exp1_permuted_src_datasets
446,21830.976670031,0.0,1738609398.3560197,,2.9802320611338473e-09,1.0,0.001,1,16,40x40,PrototypicalNetwork,5,5,Greek,Egyptian,False,10,4000,2,exp1_permuted_src_datasets
447,21831.179214909,0.0,1738609398.5584614,,4.470348091700771e-09,1.0,0.001,1,16,40x40,PrototypicalNetwork,5,5,Greek,Egyptian,False,10,4000,2,exp1_permuted_src_datasets
448,21831.355758837,0.0,1738609398.7351158,,2.9802308176840597e-08,1.0,0.001,1,16,40x40,PrototypicalNetwork,5,5,Greek,Egyptian,False,10,4000,2,exp1_permuted_src_datasets
449,21831.483375,0.0,1738609398.8627396,,4.470348091700771e-09,1.0,0.001,1,16,40x40,PrototypicalNetwork,5,5,Greek,Egyptian,False,10,4000,2,exp1_permuted_src_datasets
450,21831.609435646,0.0,1738609398.9887922,,2.9802318390892424e-09,1.0,0.001,1,16,40x40,PrototypicalNetwork,5,5,Greek,Egyptian,False,10,4000,2,exp1_permuted_src_datasets
451,21831.724150471,0.0,1738609399.1035094,,4.470348091700771e-09,1.0,0.001,1,16,40x40,PrototypicalNetwork,5,5,Greek,Egyptian,False,10,4000,2,exp1_permuted_src_datasets
452,21831.881834723,0.0,1738609399.261216,,4.470348091700771e-09,1.0,0.001,1,16,40x40,PrototypicalNetwork,5,5,Greek,Egyptian,False,10,4000,2,exp1_permuted_src_datasets
453,21832.018045727,0.0,1738609399.397412,,4.470348091700771e-09,1.0,0.001,1,16,40x40,PrototypicalNetwork,5,5,Greek,Egyptian,False,10,4000,2,exp1_permuted_src_datasets
454,21832.169499021,0.0,1738609399.5488923,,2.9802320611338473e-09,1.0,0.001,1,16,40x40,PrototypicalNetwork,5,5,Greek,Egyptian,False,10,4000,2,exp1_permuted_src_datasets
455,21832.304994957,0.0,1738609399.6843631,,4.470347647611561e-09,1.0,0.001,1,16,40x40,PrototypicalNetwork,5,5,Greek,Egyptian,False,10,4000,2,exp1_permuted_src_datasets
456,21832.460591528,0.0,1738609399.839971,,0.0,1.0,0.001,1,16,40x40,PrototypicalNetwork,5,5,Greek,Egyptian,False,10,4000,2,exp1_permuted_src_datasets
457,21832.594328392,0.0,1738609399.9735937,,4.470348091700771e-09,1.0,0.001,1,16,40x40,PrototypicalNetwork,5,5,Greek,Egyptian,False,10,4000,2,exp1_permuted_src_datasets
458,21832.72341779,0.0,1738609400.1027908,,7.4505797087454084e-09,1.0,0.001,1,16,40x40,PrototypicalNetwork,5,5,Greek,Egyptian,False,10,4000,2,exp1_permuted_src_datasets
459,21832.874883926,0.0,1738609400.2542603,,4.470348091700771e-09,1.0,0.001,1,16,40x40,PrototypicalNetwork,5,5,Greek,Egyptian,False,10,4000,2,exp1_permuted_src_datasets
460,21833.046737254,0.0,1738609400.4260962,,4.470347647611561e-09,1.0,0.001,1,16,40x40,PrototypicalNetwork,5,5,Greek,Egyptian,False,10,4000,2,exp1_permuted_src_datasets
461,21833.147591785,0.0,1738609400.52684,,5.960463678178485e-09,1.0,0.001,1,16,40x40,PrototypicalNetwork,5,5,Greek,Egyptian,False,10,4000,2,exp1_permuted_src_datasets
462,21833.300247114,0.0,1738609400.6796162,,1.4901160305669237e-09,1.0,0.001,1,16,40x40,PrototypicalNetwork,5,5,Greek,Egyptian,False,10,4000,2,exp1_permuted_src_datasets
463,21833.40780584,0.0,1738609400.7871835,,1.4901160305669237e-09,1.0,0.001,1,16,40x40,PrototypicalNetwork,5,5,Greek,Egyptian,False,10,4000,2,exp1_permuted_src_datasets
464,21833.550320633,0.0,1738609400.9296982,,4.470348091700771e-09,1.0,0.001,1,16,40x40,PrototypicalNetwork,5,5,Greek,Egyptian,False,10,4000,2,exp1_permuted_src_datasets
465,21833.661779561,0.0,1738609401.0411756,,2.9802320611338473e-09,1.0,0.001,1,16,40x40,PrototypicalNetwork,5,5,Greek,Egyptian,False,10,4000,2,exp1_permuted_src_datasets
466,21833.867367547,0.0,1738609401.2467017,,7.4505797087454084e-09,1.0,0.001,1,16,40x40,PrototypicalNetwork,5,5,Greek,Egyptian,False,10,4000,2,exp1_permuted_src_datasets
467,21834.049861553,0.0,1738609401.42925,,5.960464122267695e-09,1.0,0.001,1,16,40x40,PrototypicalNetwork,5,5,Greek,Egyptian,False,10,4000,2,exp1_permuted_src_datasets
468,21834.162545707,0.0,1738609401.541883,,5.960463678178485e-09,1.0,0.001,1,16,40x40,PrototypicalNetwork,5,5,Greek,Egyptian,False,10,4000,2,exp1_permuted_src_datasets
469,21834.301632629,0.0,1738609401.6809998,,4.470348091700771e-09,1.0,0.001,1,16,40x40,PrototypicalNetwork,5,5,Greek,Egyptian,False,10,4000,2,exp1_permuted_src_datasets
470,21834.435675906,0.0,1738609401.8150103,,2.9802320611338473e-09,1.0,0.001,1,16,40x40,PrototypicalNetwork,5,5,Greek,Egyptian,False,10,4000,2,exp1_permuted_src_datasets
471,21834.599598878,0.0,1738609401.9789832,,5.960464122267695e-09,1.0,0.001,1,16,40x40,PrototypicalNetwork,5,5,Greek,Egyptian,False,10,4000,2,exp1_permuted_src_datasets
472,21834.726570212,0.0,1738609402.1059427,,5.960464122267695e-09,1.0,0.001,1,16,40x40,PrototypicalNetwork,5,5,Greek,Egyptian,False,10,4000,2,exp1_permuted_src_datasets
473,21834.888852439,0.0,1738609402.268226,,1.4901160305669237e-09,1.0,0.001,1,16,40x40,PrototypicalNetwork,5,5,Greek,Egyptian,False,10,4000,2,exp1_permuted_src_datasets
474,21835.02753536,0.0,1738609402.4069192,,5.960464122267695e-09,1.0,0.001,1,16,40x40,PrototypicalNetwork,5,5,Greek,Egyptian,False,10,4000,2,exp1_permuted_src_datasets
475,21835.185143146,0.0,1738609402.564529,,0.0,1.0,0.001,1,16,40x40,PrototypicalNetwork,5,5,Greek,Egyptian,False,10,4000,2,exp1_permuted_src_datasets
476,21835.325537046,0.0,1738609402.7049167,,1.3411043831013103e-08,1.0,0.001,1,16,40x40,PrototypicalNetwork,5,5,Greek,Egyptian,False,10,4000,2,exp1_permuted_src_datasets
477,21835.455249764,0.0,1738609402.8345907,,8.940695295223122e-09,1.0,0.001,1,16,40x40,PrototypicalNetwork,5,5,Greek,Egyptian,False,10,4000,2,exp1_permuted_src_datasets
478,21835.595379483,0.0,1738609402.9748087,,0.0,1.0,0.001,1,16,40x40,PrototypicalNetwork,5,5,Greek,Egyptian,False,10,4000,2,exp1_permuted_src_datasets
479,21835.732224196,0.0,1738609403.1115997,,1.192092824453539e-08,1.0,0.001,1,16,40x40,PrototypicalNetwork,5,5,Greek,Egyptian,False,10,4000,2,exp1_permuted_src_datasets
480,21835.830273046,0.0,1738609403.2096539,,2.9802320611338473e-09,1.0,0.001,1,16,40x40,PrototypicalNetwork,5,5,Greek,Egyptian,False,10,4000,2,exp1_permuted_src_datasets
481,21835.941127938,0.0,1738609403.320494,,0.0,1.0,0.001,1,16,40x40,PrototypicalNetwork,5,5,Greek,Egyptian,False,10,4000,2,exp1_permuted_src_datasets
482,21836.140947425,0.0,1738609403.5202208,,8.940695295223122e-09,1.0,0.001,1,16,40x40,PrototypicalNetwork,5,5,Greek,Egyptian,False,10,4000,2,exp1_permuted_src_datasets
483,21836.340868468,0.0,1738609403.7202353,,2.9802320611338473e-09,1.0,0.001,1,16,40x40,PrototypicalNetwork,5,5,Greek,Egyptian,False,10,4000,2,exp1_permuted_src_datasets
484,21836.464365029,0.0,1738609403.8437366,,1.4901160305669237e-09,1.0,0.001,1,16,40x40,PrototypicalNetwork,5,5,Greek,Egyptian,False,10,4000,2,exp1_permuted_src_datasets
485,21836.630213326,0.0,1738609404.0095685,,7.4505797087454084e-09,1.0,0.001,1,16,40x40,PrototypicalNetwork,5,5,Greek,Egyptian,False,10,4000,2,exp1_permuted_src_datasets
486,21836.761450157,0.0,1738609404.1408174,,5.960464122267695e-09,1.0,0.001,1,16,40x40,PrototypicalNetwork,5,5,Greek,Egyptian,False,10,4000,2,exp1_permuted_src_datasets
487,21836.957854696,0.0,1738609404.3372238,,2.9802318390892424e-09,1.0,0.001,1,16,40x40,PrototypicalNetwork,5,5,Greek,Egyptian,False,10,4000,2,exp1_permuted_src_datasets
488,21837.089097691,0.0,1738609404.4684627,,1.4901160305669237e-09,1.0,0.001,1,16,40x40,PrototypicalNetwork,5,5,Greek,Egyptian,False,10,4000,2,exp1_permuted_src_datasets
489,21837.212747439,0.0,1738609404.592105,,1.3411042054656264e-08,1.0,0.001,1,16,40x40,PrototypicalNetwork,5,5,Greek,Egyptian,False,10,4000,2,exp1_permuted_src_datasets
490,21837.34093645,0.0,1738609404.7203171,,0.0,1.0,0.001,1,16,40x40,PrototypicalNetwork,5,5,Greek,Egyptian,False,10,4000,2,exp1_permuted_src_datasets
491,21837.466149742,0.0,1738609404.8455105,,1.0430811769879256e-08,1.0,0.001,1,16,40x40,PrototypicalNetwork,5,5,Greek,Egyptian,False,10,4000,2,exp1_permuted_src_datasets
492,21837.595584126,0.0,1738609404.974961,,1.4901160305669237e-09,1.0,0.001,1,16,40x40,PrototypicalNetwork,5,5,Greek,Egyptian,False,10,4000,2,exp1_permuted_src_datasets
493,21837.717769333,0.0,1738609405.0971632,,1.4901159417490817e-08,1.0,0.001,1,16,40x40,PrototypicalNetwork,5,5,Greek,Egyptian,False,10,4000,2,exp1_permuted_src_datasets
494,21837.814208117,0.0,1738609405.1935363,,7.4505797087454084e-09,1.0,0.001,1,16,40x40,PrototypicalNetwork,5,5,Greek,Egyptian,False,10,4000,2,exp1_permuted_src_datasets
495,21837.963811233,0.0,1738609405.3431578,,1.4901160305669237e-09,1.0,0.001,1,16,40x40,PrototypicalNetwork,5,5,Greek,Egyptian,False,10,4000,2,exp1_permuted_src_datasets
496,21838.107392112,0.0,1738609405.4867506,,0.0,1.0,0.001,1,16,40x40,PrototypicalNetwork,5,5,Greek,Egyptian,False,10,4000,2,exp1_permuted_src_datasets
497,21838.263661275,0.0,1738609405.6430254,,1.192092735635697e-08,1.0,0.001,1,16,40x40,PrototypicalNetwork,5,5,Greek,Egyptian,False,10,4000,2,exp1_permuted_src_datasets
498,21838.358878357,0.0,1738609405.7381396,,4.470348091700771e-09,1.0,0.001,1,16,40x40,PrototypicalNetwork,5,5,Greek,Egyptian,False,10,4000,2,exp1_permuted_src_datasets
499,21838.545408153,0.0,1738609405.9248013,,1.0430811769879256e-08,1.0,0.001,1,16,40x40,PrototypicalNetwork,5,5,Greek,Egyptian,False,10,4000,2,exp1_permuted_src_datasets
500,21838.694428536,0.0,1738609406.0737126,,1.4901160305669237e-09,1.0,0.001,1,16,40x40,PrototypicalNetwork,5,5,Greek,Egyptian,False,10,4000,2,exp1_permuted_src_datasets
501,21838.863161748,0.0,1738609406.2424905,,7.4505797087454084e-09,1.0,0.001,1,16,40x40,PrototypicalNetwork,5,5,Greek,Egyptian,False,10,4000,2,exp1_permuted_src_datasets
502,21838.988726418,0.0,1738609406.368055,,0.0,1.0,0.001,1,16,40x40,PrototypicalNetwork,5,5,Greek,Egyptian,False,10,4000,2,exp1_permuted_src_datasets
503,21839.08120832,0.0,1738609406.460616,,8.940693518866283e-09,1.0,0.001,1,16,40x40,PrototypicalNetwork,5,5,Greek,Egyptian,False,10,4000,2,exp1_permuted_src_datasets
504,21839.219015201,0.0,1738609406.5983317,,8.940695295223122e-09,1.0,0.001,1,16,40x40,PrototypicalNetwork,5,5,Greek,Egyptian,False,10,4000,2,exp1_permuted_src_datasets
505,24354.863827676,0.0,1738611922.2002506,0.941799998998642,,,0.001,1,16,40x40,PrototypicalNetwork,5,5,Greek,Egyptian,False,10,4000,2,exp1_permuted_src_datasets
506,24354.940371607,0.0,1738611922.3197563,,1.4901160305669237e-09,1.0,0.001,1,16,40x40,PrototypicalNetwork,5,5,Greek,Egyptian,False,10,4000,2,exp1_permuted_src_datasets
507,24355.134883244,0.0,1738611922.5141015,,5.960464122267695e-09,1.0,0.001,1,16,40x40,PrototypicalNetwork,5,5,Greek,Egyptian,False,10,4000,2,exp1_permuted_src_datasets
508,24355.270676406,0.0,1738611922.6500597,,2.9802320611338473e-09,1.0,0.001,1,16,40x40,PrototypicalNetwork,5,5,Greek,Egyptian,False,10,4000,2,exp1_permuted_src_datasets
509,24355.406592051,0.0,1738611922.786,,0.0,1.0,0.001,1,16,40x40,PrototypicalNetwork,5,5,Greek,Egyptian,False,10,4000,2,exp1_permuted_src_datasets
510,24355.544628754,0.0,1738611922.9239745,,5.960464122267695e-09,1.0,0.001,1,16,40x40,PrototypicalNetwork,5,5,Greek,Egyptian,False,10,4000,2,exp1_permuted_src_datasets
511,24355.701133356,0.0,1738611923.0805032,,5.960464122267695e-09,1.0,0.001,1,16,40x40,PrototypicalNetwork,5,5,Greek,Egyptian,False,10,4000,2,exp1_permuted_src_datasets
512,24355.869725473,0.0,1738611923.2491086,,0.0,1.0,0.001,1,16,40x40,PrototypicalNetwork,5,5,Greek,Egyptian,False,10,4000,2,exp1_permuted_src_datasets
513,24355.953588199,0.0,1738611923.3329558,,4.470348091700771e-09,1.0,0.001,1,16,40x40,PrototypicalNetwork,5,5,Greek,Egyptian,False,10,4000,2,exp1_permuted_src_datasets
514,24356.045013614,0.0,1738611923.4243932,,0.0,1.0,0.001,1,16,40x40,PrototypicalNetwork,5,5,Greek,Egyptian,False,10,4000,2,exp1_permuted_src_datasets
515,24356.147824122,0.0,1738611923.5271919,,1.4901160305669237e-09,1.0,0.001,1,16,40x40,PrototypicalNetwork,5,5,Greek,Egyptian,False,10,4000,2,exp1_permuted_src_datasets
516,24356.26712599,0.0,1738611923.6465096,,8.940696183401542e-09,1.0,0.001,1,16,40x40,PrototypicalNetwork,5,5,Greek,Egyptian,False,10,4000,2,exp1_permuted_src_datasets
517,24356.408598914,0.0,1738611923.7879908,,5.960463678178485e-09,1.0,0.001,1,16,40x40,PrototypicalNetwork,5,5,Greek,Egyptian,False,10,4000,2,exp1_permuted_src_datasets
518,24356.521874254,0.0,1738611923.9012358,,2.9802320611338473e-09,1.0,0.001,1,16,40x40,PrototypicalNetwork,5,5,Greek,Egyptian,False,10,4000,2,exp1_permuted_src_datasets
519,24356.634445219,0.0,1738611924.0138414,,5.960464122267695e-09,1.0,0.001,1,16,40x40,PrototypicalNetwork,5,5,Greek,Egyptian,False,10,4000,2,exp1_permuted_src_datasets
520,24356.760611309,0.0,1738611924.139984,,4.470348091700771e-09,1.0,0.001,1,16,40x40,PrototypicalNetwork,5,5,Greek,Egyptian,False,10,4000,2,exp1_permuted_src_datasets
521,24356.926508406,0.0,1738611924.3058975,,4.470348091700771e-09,1.0,0.001,1,16,40x40,PrototypicalNetwork,5,5,Greek,Egyptian,False,10,4000,2,exp1_permuted_src_datasets
522,24357.014545508,0.0,1738611924.3937268,,0.0,1.0,0.001,1,16,40x40,PrototypicalNetwork,5,5,Greek,Egyptian,False,10,4000,2,exp1_permuted_src_datasets
523,24357.131605258,0.0,1738611924.5109625,,5.960464122267695e-09,1.0,0.001,1,16,40x40,PrototypicalNetwork,5,5,Greek,Egyptian,False,10,4000,2,exp1_permuted_src_datasets
524,24357.25795382,0.0,1738611924.6372879,,0.0,1.0,0.001,1,16,40x40,PrototypicalNetwork,5,5,Greek,Egyptian,False,10,4000,2,exp1_permuted_src_datasets
525,24357.368773941,0.0,1738611924.748156,,2.9802320611338473e-09,1.0,0.001,1,16,40x40,PrototypicalNetwork,5,5,Greek,Egyptian,False,10,4000,2,exp1_permuted_src_datasets
526,24357.516977552,0.0,1738611924.896376,,2.9802320611338473e-09,1.0,0.001,1,16,40x40,PrototypicalNetwork,5,5,Greek,Egyptian,False,10,4000,2,exp1_permuted_src_datasets
527,24357.651017228,0.0,1738611925.0303798,,1.4901160305669237e-09,1.0,0.001,1,16,40x40,PrototypicalNetwork,5,5,Greek,Egyptian,False,10,4000,2,exp1_permuted_src_datasets
528,24357.767813077,0.0,1738611925.147184,,2.9802320611338473e-09,1.0,0.001,1,16,40x40,PrototypicalNetwork,5,5,Greek,Egyptian,False,10,4000,2,exp1_permuted_src_datasets
529,24357.94327361,0.0,1738611925.322581,,2.9802320611338473e-09,1.0,0.001,1,16,40x40,PrototypicalNetwork,5,5,Greek,Egyptian,False,10,4000,2,exp1_permuted_src_datasets
530,24358.077485022,0.0,1738611925.4567833,,1.4901160305669237e-09,1.0,0.001,1,16,40x40,PrototypicalNetwork,5,5,Greek,Egyptian,False,10,4000,2,exp1_permuted_src_datasets
531,24358.248090244,0.0,1738611925.6274693,,0.0,1.0,0.001,1,16,40x40,PrototypicalNetwork,5,5,Greek,Egyptian,False,10,4000,2,exp1_permuted_src_datasets
532,24358.353544121,0.0,1738611925.7329142,,5.960464122267695e-09,1.0,0.001,1,16,40x40,PrototypicalNetwork,5,5,Greek,Egyptian,False,10,4000,2,exp1_permuted_src_datasets
533,24358.468670118,0.0,1738611925.8479583,,0.0,1.0,0.001,1,16,40x40,PrototypicalNetwork,5,5,Greek,Egyptian,False,10,4000,2,exp1_permuted_src_datasets
534,24358.610324537,0.0,1738611925.9897132,,2.9802320611338473e-09,1.0,0.001,1,16,40x40,PrototypicalNetwork,5,5,Greek,Egyptian,False,10,4000,2,exp1_permuted_src_datasets
535,24358.769862461,0.0,1738611926.1492403,,4.470348091700771e-09,1.0,0.001,1,16,40x40,PrototypicalNetwork,5,5,Greek,Egyptian,False,10,4000,2,exp1_permuted_src_datasets
536,24358.935459236,0.0,1738611926.3147814,,5.960463678178485e-09,1.0,0.001,1,16,40x40,PrototypicalNetwork,5,5,Greek,Egyptian,False,10,4000,2,exp1_permuted_src_datasets
537,24359.069265051,0.0,1738611926.4486406,,4.470347647611561e-09,1.0,0.001,1,16,40x40,PrototypicalNetwork,5,5,Greek,Egyptian,False,10,4000,2,exp1_permuted_src_datasets
538,24359.180977696,0.0,1738611926.560345,,1.4901160305669237e-09,1.0,0.001,1,16,40x40,PrototypicalNetwork,5,5,Greek,Egyptian,False,10,4000,2,exp1_permuted_src_datasets
539,24359.308310247,0.0,1738611926.6876965,,1.4901160305669237e-09,1.0,0.001,1,16,40x40,PrototypicalNetwork,5,5,Greek,Egyptian,False,10,4000,2,exp1_permuted_src_datasets
540,24359.452037375,0.0,1738611926.8314095,,1.4901160305669237e-09,1.0,0.001,1,16,40x40,PrototypicalNetwork,5,5,Greek,Egyptian,False,10,4000,2,exp1_permuted_src_datasets
541,24359.623317106,0.0,1738611927.0027053,,1.4901160305669237e-09,1.0,0.001,1,16,40x40,PrototypicalNetwork,5,5,Greek,Egyptian,False,10,4000,2,exp1_permuted_src_datasets
542,24359.744967391,0.0,1738611927.1242893,,2.9802320611338473e-09,1.0,0.001,1,16,40x40,PrototypicalNetwork,5,5,Greek,Egyptian,False,10,4000,2,exp1_permuted_src_datasets
543,24359.881814654,0.0,1738611927.2611885,,0.0,1.0,0.001,1,16,40x40,PrototypicalNetwork,5,5,Greek,Egyptian,False,10,4000,2,exp1_permuted_src_datasets
544,24360.013175779,0.0,1738611927.3925686,,0.0,1.0,0.001,1,16,40x40,PrototypicalNetwork,5,5,Greek,Egyptian,False,10,4000,2,exp1_permuted_src_datasets
545,24360.171271136,0.0,1738611927.5505967,,1.4901155864777138e-08,1.0,0.001,1,16,40x40,PrototypicalNetwork,5,5,Greek,Egyptian,False,10,4000,2,exp1_permuted_src_datasets
546,24360.296522427,0.0,1738611927.6758869,,0.0,1.0,0.001,1,16,40x40,PrototypicalNetwork,5,5,Greek,Egyptian,False,10,4000,2,exp1_permuted_src_datasets
547,24360.438498499,0.0,1738611927.8179252,,5.960464122267695e-09,1.0,0.001,1,16,40x40,PrototypicalNetwork,5,5,Greek,Egyptian,False,10,4000,2,exp1_permuted_src_datasets
548,24360.652527132,0.0,1738611928.0318856,,0.0,1.0,0.001,1,16,40x40,PrototypicalNetwork,5,5,Greek,Egyptian,False,10,4000,2,exp1_permuted_src_datasets
549,24360.860414539,0.0,1738611928.2397459,,0.0,1.0,0.001,1,16,40x40,PrototypicalNetwork,5,5,Greek,Egyptian,False,10,4000,2,exp1_permuted_src_datasets
550,24360.948934601,0.0,1738611928.32831,,1.4901160305669237e-09,1.0,0.001,1,16,40x40,PrototypicalNetwork,5,5,Greek,Egyptian,False,10,4000,2,exp1_permuted_src_datasets
551,24361.045956573,0.0,1738611928.4253232,,0.0,1.0,0.001,1,16,40x40,PrototypicalNetwork,5,5,Greek,Egyptian,False,10,4000,2,exp1_permuted_src_datasets
552,24361.150015531,0.0,1738611928.5293884,,0.0,1.0,0.001,1,16,40x40,PrototypicalNetwork,5,5,Greek,Egyptian,False,10,4000,2,exp1_permuted_src_datasets
553,24361.246396966,0.0,1738611928.6257727,,4.470348091700771e-09,1.0,0.001,1,16,40x40,PrototypicalNetwork,5,5,Greek,Egyptian,False,10,4000,2,exp1_permuted_src_datasets
554,24361.403009655,0.0,1738611928.7824063,,1.4901160305669237e-09,1.0,0.001,1,16,40x40,PrototypicalNetwork,5,5,Greek,Egyptian,False,10,4000,2,exp1_permuted_src_datasets
555,24361.592075616,0.0,1738611928.97146,,2.9802320611338473e-09,1.0,0.001,1,16,40x40,PrototypicalNetwork,5,5,Greek,Egyptian,False,10,4000,2,exp1_permuted_src_datasets
556,24361.722858237,0.0,1738611929.1022444,,0.0,1.0,0.001,1,16,40x40,PrototypicalNetwork,5,5,Greek,Egyptian,False,10,4000,2,exp1_permuted_src_datasets
557,24361.895921085,0.0,1738611929.2751913,,2.9802320611338473e-09,1.0,0.001,1,16,40x40,PrototypicalNetwork,5,5,Greek,Egyptian,False,10,4000,2,exp1_permuted_src_datasets
558,24362.104663501,0.0,1738611929.4839995,,2.9802320611338473e-09,1.0,0.001,1,16,40x40,PrototypicalNetwork,5,5,Greek,Egyptian,False,10,4000,2,exp1_permuted_src_datasets
559,24362.200293804,0.0,1738611929.5796704,,1.4901160305669237e-09,1.0,0.001,1,16,40x40,PrototypicalNetwork,5,5,Greek,Egyptian,False,10,4000,2,exp1_permuted_src_datasets
560,24362.370390121,0.0,1738611929.749737,,1.4901160305669237e-09,1.0,0.001,1,16,40x40,PrototypicalNetwork,5,5,Greek,Egyptian,False,10,4000,2,exp1_permuted_src_datasets
561,24362.547261726,0.0,1738611929.9266603,,7.4505797087454084e-09,1.0,0.001,1,16,40x40,PrototypicalNetwork,5,5,Greek,Egyptian,False,10,4000,2,exp1_permuted_src_datasets
562,24362.715751697,0.0,1738611930.0950794,,0.0,1.0,0.001,1,16,40x40,PrototypicalNetwork,5,5,Greek,Egyptian,False,10,4000,2,exp1_permuted_src_datasets
563,24362.900073595,0.0,1738611930.2794483,,1.0430811769879256e-08,1.0,0.001,1,16,40x40,PrototypicalNetwork,5,5,Greek,Egyptian,False,10,4000,2,exp1_permuted_src_datasets
564,24363.043414905,0.0,1738611930.4227774,,1.4901159417490817e-08,1.0,0.001,1,16,40x40,PrototypicalNetwork,5,5,Greek,Egyptian,False,10,4000,2,exp1_permuted_src_datasets
565,24363.127947568,0.0,1738611930.5072663,,7.4505797087454084e-09,1.0,0.001,1,16,40x40,PrototypicalNetwork,5,5,Greek,Egyptian,False,10,4000,2,exp1_permuted_src_datasets
566,24363.317913604,0.0,1738611930.6972904,,4.470348091700771e-09,1.0,0.001,1,16,40x40,PrototypicalNetwork,5,5,Greek,Egyptian,False,10,4000,2,exp1_permuted_src_datasets
567,24363.451294483,0.0,1738611930.8306558,,2.9802320611338473e-09,1.0,0.001,1,16,40x40,PrototypicalNetwork,5,5,Greek,Egyptian,False,10,4000,2,exp1_permuted_src_datasets
568,26886.119873659,0.0,1738614453.454943,0.937399997472763,,,0.001,1,16,40x40,PrototypicalNetwork,5,5,Greek,Egyptian,False,10,4000,2,exp1_permuted_src_datasets
569,26886.167342094,0.0,1738614453.546661,,1.0430810881700836e-08,1.0,0.001,1,16,40x40,PrototypicalNetwork,5,5,Greek,Egyptian,False,10,4000,2,exp1_permuted_src_datasets
570,26886.337764775,0.0,1738614453.717144,,5.960464122267695e-09,1.0,0.001,1,16,40x40,PrototypicalNetwork,5,5,Greek,Egyptian,False,10,4000,2,exp1_permuted_src_datasets
571,26886.458454933,0.0,1738614453.837805,,0.0,1.0,0.001,1,16,40x40,PrototypicalNetwork,5,5,Greek,Egyptian,False,10,4000,2,exp1_permuted_src_datasets
572,26886.608445894,0.0,1738614453.9878283,,9.089680474971829e-08,1.0,0.001,1,16,40x40,PrototypicalNetwork,5,5,Greek,Egyptian,False,10,4000,2,exp1_permuted_src_datasets
573,26886.766002843,0.0,1738614454.145372,,1.4901160305669237e-09,1.0,0.001,1,16,40x40,PrototypicalNetwork,5,5,Greek,Egyptian,False,10,4000,2,exp1_permuted_src_datasets
574,26886.876037787,0.0,1738614454.2554145,,1.4901160305669237e-09,1.0,0.001,1,16,40x40,PrototypicalNetwork,5,5,Greek,Egyptian,False,10,4000,2,exp1_permuted_src_datasets
575,26887.01232613,0.0,1738614454.3916483,,8.940696183401542e-09,1.0,0.001,1,16,40x40,PrototypicalNetwork,5,5,Greek,Egyptian,False,10,4000,2,exp1_permuted_src_datasets
576,26887.133625495,0.0,1738614454.5129876,,4.470347647611561e-09,1.0,0.001,1,16,40x40,PrototypicalNetwork,5,5,Greek,Egyptian,False,10,4000,2,exp1_permuted_src_datasets
577,26887.286350205,0.0,1738614454.6656785,,1.0430809993522416e-08,1.0,0.001,1,16,40x40,PrototypicalNetwork,5,5,Greek,Egyptian,False,10,4000,2,exp1_permuted_src_datasets
578,26887.416961716,0.0,1738614454.7963367,,7.4505797087454084e-09,1.0,0.001,1,16,40x40,PrototypicalNetwork,5,5,Greek,Egyptian,False,10,4000,2,exp1_permuted_src_datasets
579,26887.518720755,0.0,1738614454.8980992,,2.9802318390892424e-09,1.0,0.001,1,16,40x40,PrototypicalNetwork,5,5,Greek,Egyptian,False,10,4000,2,exp1_permuted_src_datasets
580,26887.704439657,0.0,1738614455.0838606,,1.4901160305669237e-09,1.0,0.001,1,16,40x40,PrototypicalNetwork,5,5,Greek,Egyptian,False,10,4000,2,exp1_permuted_src_datasets
581,26887.864804517,0.0,1738614455.2441773,,5.960463678178485e-09,1.0,0.001,1,16,40x40,PrototypicalNetwork,5,5,Greek,Egyptian,False,10,4000,2,exp1_permuted_src_datasets
582,26887.974921649,0.0,1738614455.3543115,,2.9802320611338473e-09,1.0,0.001,1,16,40x40,PrototypicalNetwork,5,5,Greek,Egyptian,False,10,4000,2,exp1_permuted_src_datasets
583,26888.067445495,0.0,1738614455.4468238,,4.470348091700771e-09,1.0,0.001,1,16,40x40,PrototypicalNetwork,5,5,Greek,Egyptian,False,10,4000,2,exp1_permuted_src_datasets
584,26888.181775326,0.0,1738614455.5611389,,4.470348091700771e-09,1.0,0.001,1,16,40x40,PrototypicalNetwork,5,5,Greek,Egyptian,False,10,4000,2,exp1_permuted_src_datasets
585,26888.331888395,0.0,1738614455.711289,,4.470348091700771e-09,1.0,0.001,1,16,40x40,PrototypicalNetwork,5,5,Greek,Egyptian,False,10,4000,2,exp1_permuted_src_datasets
586,26888.458164359,0.0,1738614455.8375406,,2.9802320611338473e-09,1.0,0.001,1,16,40x40,PrototypicalNetwork,5,5,Greek,Egyptian,False,10,4000,2,exp1_permuted_src_datasets
587,26888.563339321,0.0,1738614455.9426415,,4.470348091700771e-09,1.0,0.001,1,16,40x40,PrototypicalNetwork,5,5,Greek,Egyptian,False,10,4000,2,exp1_permuted_src_datasets
588,26888.658924275,0.0,1738614456.0382962,,0.0,1.0,0.001,1,16,40x40,PrototypicalNetwork,5,5,Greek,Egyptian,False,10,4000,2,exp1_permuted_src_datasets
589,26888.821204232,0.0,1738614456.2004821,,1.4901160305669237e-09,1.0,0.001,1,16,40x40,PrototypicalNetwork,5,5,Greek,Egyptian,False,10,4000,2,exp1_permuted_src_datasets
590,26888.988047946,0.0,1738614456.3673666,,5.960464122267695e-09,1.0,0.001,1,16,40x40,PrototypicalNetwork,5,5,Greek,Egyptian,False,10,4000,2,exp1_permuted_src_datasets
591,26889.169384533,0.0,1738614456.5487187,,1.4901160305669237e-09,1.0,0.001,1,16,40x40,PrototypicalNetwork,5,5,Greek,Egyptian,False,10,4000,2,exp1_permuted_src_datasets
592,26889.292018644,0.0,1738614456.6714048,,1.4901160305669237e-09,1.0,0.001,1,16,40x40,PrototypicalNetwork,5,5,Greek,Egyptian,False,10,4000,2,exp1_permuted_src_datasets
593,26889.396953994,0.0,1738614456.7763386,,1.4901160305669237e-09,1.0,0.001,1,16,40x40,PrototypicalNetwork,5,5,Greek,Egyptian,False,10,4000,2,exp1_permuted_src_datasets
594,26889.567209707,0.0,1738614456.946585,,2.9802320611338473e-09,1.0,0.001,1,16,40x40,PrototypicalNetwork,5,5,Greek,Egyptian,False,10,4000,2,exp1_permuted_src_datasets
595,26889.673626455,0.0,1738614457.0530176,,1.4901160305669237e-09,1.0,0.001,1,16,40x40,PrototypicalNetwork,5,5,Greek,Egyptian,False,10,4000,2,exp1_permuted_src_datasets
596,26889.789930848,0.0,1738614457.1691728,,1.4901160305669237e-09,1.0,0.001,1,16,40x40,PrototypicalNetwork,5,5,Greek,Egyptian,False,10,4000,2,exp1_permuted_src_datasets
597,26889.928068803,0.0,1738614457.3074887,,1.4901160305669237e-09,1.0,0.001,1,16,40x40,PrototypicalNetwork,5,5,Greek,Egyptian,False,10,4000,2,exp1_permuted_src_datasets
598,26890.059516037,0.0,1738614457.4389582,,1.4901160305669237e-09,1.0,0.001,1,16,40x40,PrototypicalNetwork,5,5,Greek,Egyptian,False,10,4000,2,exp1_permuted_src_datasets
599,26890.144469748,0.0,1738614457.5238333,,0.0,1.0,0.001,1,16,40x40,PrototypicalNetwork,5,5,Greek,Egyptian,False,10,4000,2,exp1_permuted_src_datasets
600,26890.281089831,0.0,1738614457.6605034,,5.960464122267695e-09,1.0,0.001,1,16,40x40,PrototypicalNetwork,5,5,Greek,Egyptian,False,10,4000,2,exp1_permuted_src_datasets
601,26890.431983579,0.0,1738614457.8114207,,2.9802320611338473e-09,1.0,0.001,1,16,40x40,PrototypicalNetwork,5,5,Greek,Egyptian,False,10,4000,2,exp1_permuted_src_datasets
602,26890.561223307,0.0,1738614457.9406424,,0.0,1.0,0.001,1,16,40x40,PrototypicalNetwork,5,5,Greek,Egyptian,False,10,4000,2,exp1_permuted_src_datasets
603,26890.726606125,0.0,1738614458.1059935,,0.0,1.0,0.001,1,16,40x40,PrototypicalNetwork,5,5,Greek,Egyptian,False,10,4000,2,exp1_permuted_src_datasets
604,26890.820418029,0.0,1738614458.1998098,,2.9802318390892424e-09,1.0,0.001,1,16,40x40,PrototypicalNetwork,5,5,Greek,Egyptian,False,10,4000,2,exp1_permuted_src_datasets
605,26890.929642809,0.0,1738614458.309003,,0.0,1.0,0.001,1,16,40x40,PrototypicalNetwork,5,5,Greek,Egyptian,False,10,4000,2,exp1_permuted_src_datasets
606,26891.078021352,0.0,1738614458.4574184,,1.4901158529312397e-08,1.0,0.001,1,16,40x40,PrototypicalNetwork,5,5,Greek,Egyptian,False,10,4000,2,exp1_permuted_src_datasets
607,26891.207882141,0.0,1738614458.5872483,,0.0,1.0,0.001,1,16,40x40,PrototypicalNetwork,5,5,Greek,Egyptian,False,10,4000,2,exp1_permuted_src_datasets
608,26891.358496405,0.0,1738614458.7378578,,5.960463678178485e-09,1.0,0.001,1,16,40x40,PrototypicalNetwork,5,5,Greek,Egyptian,False,10,4000,2,exp1_permuted_src_datasets
609,26891.458295155,0.0,1738614458.8377364,,0.0,1.0,0.001,1,16,40x40,PrototypicalNetwork,5,5,Greek,Egyptian,False,10,4000,2,exp1_permuted_src_datasets
610,26891.585142346,0.0,1738614458.964524,,0.0,1.0,0.001,1,16,40x40,PrototypicalNetwork,5,5,Greek,Egyptian,False,10,4000,2,exp1_permuted_src_datasets
611,26891.734521267,0.0,1738614459.113913,,5.960464122267695e-09,1.0,0.001,1,16,40x40,PrototypicalNetwork,5,5,Greek,Egyptian,False,10,4000,2,exp1_permuted_src_datasets
612,26891.88915547,0.0,1738614459.268538,,1.192092735635697e-08,1.0,0.001,1,16,40x40,PrototypicalNetwork,5,5,Greek,Egyptian,False,10,4000,2,exp1_permuted_src_datasets
613,26892.054955747,0.0,1738614459.4342842,,2.9802318390892424e-09,1.0,0.001,1,16,40x40,PrototypicalNetwork,5,5,Greek,Egyptian,False,10,4000,2,exp1_permuted_src_datasets
614,26892.211157199,0.0,1738614459.5905292,,1.4901160305669237e-09,1.0,0.001,1,16,40x40,PrototypicalNetwork,5,5,Greek,Egyptian,False,10,4000,2,exp1_permuted_src_datasets
615,26892.358173924,0.0,1738614459.737539,,2.9802320611338473e-09,1.0,0.001,1,16,40x40,PrototypicalNetwork,5,5,Greek,Egyptian,False,10,4000,2,exp1_permuted_src_datasets
616,26892.481306799,0.0,1738614459.8606339,,5.960464122267695e-09,1.0,0.001,1,16,40x40,PrototypicalNetwork,5,5,Greek,Egyptian,False,10,4000,2,exp1_permuted_src_datasets
617,26892.607786145,0.0,1738614459.9871573,,0.0,1.0,0.001,1,16,40x40,PrototypicalNetwork,5,5,Greek,Egyptian,False,10,4000,2,exp1_permuted_src_datasets
618,26892.774697666,0.0,1738614460.1540768,,2.9802320611338473e-09,1.0,0.001,1,16,40x40,PrototypicalNetwork,5,5,Greek,Egyptian,False,10,4000,2,exp1_permuted_src_datasets
619,26892.875307577,0.0,1738614460.2546544,,1.4901160305669237e-09,1.0,0.001,1,16,40x40,PrototypicalNetwork,5,5,Greek,Egyptian,False,10,4000,2,exp1_permuted_src_datasets
620,26892.990621567,0.0,1738614460.3699875,,5.960463678178485e-09,1.0,0.001,1,16,40x40,PrototypicalNetwork,5,5,Greek,Egyptian,False,10,4000,2,exp1_permuted_src_datasets
621,26893.13362956,0.0,1738614460.5130079,,2.9802320611338473e-09,1.0,0.001,1,16,40x40,PrototypicalNetwork,5,5,Greek,Egyptian,False,10,4000,2,exp1_permuted_src_datasets
622,26893.251634116,0.0,1738614460.631019,,0.0,1.0,0.001,1,16,40x40,PrototypicalNetwork,5,5,Greek,Egyptian,False,10,4000,2,exp1_permuted_src_datasets
623,26893.361210212,0.0,1738614460.7405694,,1.4901160305669237e-09,1.0,0.001,1,16,40x40,PrototypicalNetwork,5,5,Greek,Egyptian,False,10,4000,2,exp1_permuted_src_datasets
624,26893.513813171,0.0,1738614460.89323,,2.9802320611338473e-09,1.0,0.001,1,16,40x40,PrototypicalNetwork,5,5,Greek,Egyptian,False,10,4000,2,exp1_permuted_src_datasets
625,26893.631001102,0.0,1738614461.0103858,,0.0,1.0,0.001,1,16,40x40,PrototypicalNetwork,5,5,Greek,Egyptian,False,10,4000,2,exp1_permuted_src_datasets
626,26893.74763974,0.0,1738614461.1270106,,0.0,1.0,0.001,1,16,40x40,PrototypicalNetwork,5,5,Greek,Egyptian,False,10,4000,2,exp1_permuted_src_datasets
627,26893.877572141,0.0,1738614461.2569518,,4.470348091700771e-09,1.0,0.001,1,16,40x40,PrototypicalNetwork,5,5,Greek,Egyptian,False,10,4000,2,exp1_permuted_src_datasets
628,26894.069823885,0.0,1738614461.4491522,,2.9802320611338473e-09,1.0,0.001,1,16,40x40,PrototypicalNetwork,5,5,Greek,Egyptian,False,10,4000,2,exp1_permuted_src_datasets
629,26894.210754146,0.0,1738614461.5901315,,1.4901160305669237e-09,1.0,0.001,1,16,40x40,PrototypicalNetwork,5,5,Greek,Egyptian,False,10,4000,2,exp1_permuted_src_datasets
630,26894.343124946,0.0,1738614461.7224946,,1.3411043831013103e-08,1.0,0.001,1,16,40x40,PrototypicalNetwork,5,5,Greek,Egyptian,False,10,4000,2,exp1_permuted_src_datasets
631,29433.06789649,0.0,1738617000.4044483,0.9388500013351441,,,0.001,1,16,40x40,PrototypicalNetwork,5,5,Greek,Egyptian,False,10,4000,2,exp1_permuted_src_datasets
632,29433.067953049,1.0,1738617000.405731,,,,0.001,1,16,40x40,PrototypicalNetwork,5,5,Greek,Egyptian,False,10,4000,2,exp1_permuted_src_datasets
633,31995.015856635,1.0,1738619562.3502514,0.931550000667572,,,0.001,1,16,40x40,PrototypicalNetwork,5,5,Greek,Egyptian,False,10,4000,2,exp1_permuted_src_datasets
634,31995.082515468,1.0,1738619562.4619148,,0.0005363928503356874,1.0,0.001,1,16,40x40,PrototypicalNetwork,5,5,Greek,Egyptian,False,10,4000,2,exp1_permuted_src_datasets
635,31995.241879609,1.0,1738619562.6212687,,2.48059459408978e-05,1.0,0.001,1,16,40x40,PrototypicalNetwork,5,5,Greek,Egyptian,False,10,4000,2,exp1_permuted_src_datasets
636,31995.334585253,1.0,1738619562.713964,,4.687545242632041e-06,1.0,0.001,1,16,40x40,PrototypicalNetwork,5,5,Greek,Egyptian,False,10,4000,2,exp1_permuted_src_datasets
637,31995.456512586,1.0,1738619562.835899,,5.162694833416026e-06,1.0,0.001,1,16,40x40,PrototypicalNetwork,5,5,Greek,Egyptian,False,10,4000,2,exp1_permuted_src_datasets
638,31995.606128496,1.0,1738619562.9854834,,4.143557362112915e-06,1.0,0.001,1,16,40x40,PrototypicalNetwork,5,5,Greek,Egyptian,False,10,4000,2,exp1_permuted_src_datasets
639,31995.714193097,1.0,1738619563.09355,,2.1606611255720054e-07,1.0,0.001,1,16,40x40,PrototypicalNetwork,5,5,Greek,Egyptian,False,10,4000,2,exp1_permuted_src_datasets
640,31995.873540132,1.0,1738619563.2528512,,3.9189617950796674e-07,1.0,0.001,1,16,40x40,PrototypicalNetwork,5,5,Greek,Egyptian,False,10,4000,2,exp1_permuted_src_datasets
641,31995.981854306,1.0,1738619563.3612509,,9.506816240900662e-07,1.0,0.001,1,16,40x40,PrototypicalNetwork,5,5,Greek,Egyptian,False,10,4000,2,exp1_permuted_src_datasets
642,31996.125228597,1.0,1738619563.504591,,6.422268938877096e-07,1.0,0.001,1,16,40x40,PrototypicalNetwork,5,5,Greek,Egyptian,False,10,4000,2,exp1_permuted_src_datasets
643,31996.236546997,1.0,1738619563.615925,,1.743431710110599e-07,1.0,0.001,1,16,40x40,PrototypicalNetwork,5,5,Greek,Egyptian,False,10,4000,2,exp1_permuted_src_datasets
644,31996.405430065,1.0,1738619563.7847989,,3.784881812407548e-07,1.0,0.001,1,16,40x40,PrototypicalNetwork,5,5,Greek,Egyptian,False,10,4000,2,exp1_permuted_src_datasets
645,31996.623871404,1.0,1738619564.0032232,,3.9636557858102606e-07,1.0,0.001,1,16,40x40,PrototypicalNetwork,5,5,Greek,Egyptian,False,10,4000,2,exp1_permuted_src_datasets
646,31996.72949987,1.0,1738619564.108873,,1.3858046088444098e-07,1.0,0.001,1,16,40x40,PrototypicalNetwork,5,5,Greek,Egyptian,False,10,4000,2,exp1_permuted_src_datasets
647,31996.89879376,1.0,1738619564.2781725,,2.0414533707935334e-07,1.0,0.001,1,16,40x40,PrototypicalNetwork,5,5,Greek,Egyptian,False,10,4000,2,exp1_permuted_src_datasets
648,31997.037085738,1.0,1738619564.4164646,,3.1292415769712534e-08,1.0,0.001,1,16,40x40,PrototypicalNetwork,5,5,Greek,Egyptian,False,10,4000,2,exp1_permuted_src_datasets
649,31997.213037175,1.0,1738619564.5923598,,7.301564153294748e-08,1.0,0.001,1,16,40x40,PrototypicalNetwork,5,5,Greek,Egyptian,False,10,4000,2,exp1_permuted_src_datasets
650,31997.331665893,1.0,1738619564.7110267,,1.1920917586394353e-07,1.0,0.001,1,16,40x40,PrototypicalNetwork,5,5,Greek,Egyptian,False,10,4000,2,exp1_permuted_src_datasets
651,31997.440008608,1.0,1738619564.819364,,3.576277407546513e-08,1.0,0.001,1,16,40x40,PrototypicalNetwork,5,5,Greek,Egyptian,False,10,4000,2,exp1_permuted_src_datasets
652,31997.523349576,1.0,1738619564.9027176,,4.619355564727812e-08,1.0,0.001,1,16,40x40,PrototypicalNetwork,5,5,Greek,Egyptian,False,10,4000,2,exp1_permuted_src_datasets
653,31997.675101528,1.0,1738619565.054464,,1.564618230531778e-07,1.0,0.001,1,16,40x40,PrototypicalNetwork,5,5,Greek,Egyptian,False,10,4000,2,exp1_permuted_src_datasets
654,31997.764524943,1.0,1738619565.1439118,,6.556499698717744e-08,1.0,0.001,1,16,40x40,PrototypicalNetwork,5,5,Greek,Egyptian,False,10,4000,2,exp1_permuted_src_datasets
655,31997.907618755,1.0,1738619565.286996,,4.321335467238896e-08,1.0,0.001,1,16,40x40,PrototypicalNetwork,5,5,Greek,Egyptian,False,10,4000,2,exp1_permuted_src_datasets
656,31998.024485522,1.0,1738619565.4038293,,2.6822084109312527e-08,1.0,0.001,1,16,40x40,PrototypicalNetwork,5,5,Greek,Egyptian,False,10,4000,2,exp1_permuted_src_datasets
657,31998.141980668,1.0,1738619565.5213523,,1.1175863789958385e-07,1.0,0.001,1,16,40x40,PrototypicalNetwork,5,5,Greek,Egyptian,False,10,4000,2,exp1_permuted_src_datasets
658,31998.281555818,1.0,1738619565.6609387,,7.897610032614466e-08,1.0,0.001,1,16,40x40,PrototypicalNetwork,5,5,Greek,Egyptian,False,10,4000,2,exp1_permuted_src_datasets
659,31998.431159014,1.0,1738619565.810556,,3.725287101019603e-08,1.0,0.001,1,16,40x40,PrototypicalNetwork,5,5,Greek,Egyptian,False,10,4000,2,exp1_permuted_src_datasets
660,31998.566221742,1.0,1738619565.9456,,4.4703462265260896e-08,1.0,0.001,1,16,40x40,PrototypicalNetwork,5,5,Greek,Egyptian,False,10,4000,2,exp1_permuted_src_datasets
661,31998.698488315,1.0,1738619566.0778346,,1.2665967119573907e-07,1.0,0.001,1,16,40x40,PrototypicalNetwork,5,5,Greek,Egyptian,False,10,4000,2,exp1_permuted_src_datasets
662,31998.844030081,1.0,1738619566.2234085,,1.1622883278050722e-07,1.0,0.001,1,16,40x40,PrototypicalNetwork,5,5,Greek,Egyptian,False,10,4000,2,exp1_permuted_src_datasets
663,31998.943027951,1.0,1738619566.3224025,,5.513425094250124e-08,1.0,0.001,1,16,40x40,PrototypicalNetwork,5,5,Greek,Egyptian,False,10,4000,2,exp1_permuted_src_datasets
664,31999.0793255,1.0,1738619566.4586468,,3.427265227173848e-08,1.0,0.001,1,16,40x40,PrototypicalNetwork,5,5,Greek,Egyptian,False,10,4000,2,exp1_permuted_src_datasets
665,31999.230882226,1.0,1738619566.6102605,,1.1771903984936216e-07,1.0,0.001,1,16,40x40,PrototypicalNetwork,5,5,Greek,Egyptian,False,10,4000,2,exp1_permuted_src_datasets
666,31999.337219073,1.0,1738619566.7165937,,5.960462345910855e-08,1.0,0.001,1,16,40x40,PrototypicalNetwork,5,5,Greek,Egyptian,False,10,4000,2,exp1_permuted_src_datasets
667,31999.463288705,1.0,1738619566.8426826,,5.960462701182223e-08,1.0,0.001,1,16,40x40,PrototypicalNetwork,5,5,Greek,Egyptian,False,10,4000,2,exp1_permuted_src_datasets
668,31999.554276271,1.0,1738619566.9336727,,5.960463234089275e-09,1.0,0.001,1,16,40x40,PrototypicalNetwork,5,5,Greek,Egyptian,False,10,4000,2,exp1_permuted_src_datasets
669,31999.647874775,1.0,1738619567.0272553,,7.89760434827258e-08,1.0,0.001,1,16,40x40,PrototypicalNetwork,5,5,Greek,Egyptian,False,10,4000,2,exp1_permuted_src_datasets
670,31999.78397809,1.0,1738619567.1633487,,4.768367745100477e-08,1.0,0.001,1,16,40x40,PrototypicalNetwork,5,5,Greek,Egyptian,False,10,4000,2,exp1_permuted_src_datasets
671,31999.88722444,1.0,1738619567.26659,,3.87430070247774e-08,1.0,0.001,1,16,40x40,PrototypicalNetwork,5,5,Greek,Egyptian,False,10,4000,2,exp1_permuted_src_datasets
672,32000.004350117,1.0,1738619567.3837094,,1.3709032486985961e-07,1.0,0.001,1,16,40x40,PrototypicalNetwork,5,5,Greek,Egyptian,False,10,4000,2,exp1_permuted_src_datasets
673,32000.155479521,1.0,1738619567.5347974,,6.556503251431423e-08,1.0,0.001,1,16,40x40,PrototypicalNetwork,5,5,Greek,Egyptian,False,10,4000,2,exp1_permuted_src_datasets
674,32000.294592549,1.0,1738619567.6739554,,1.117585952670197e-07,1.0,0.001,1,16,40x40,PrototypicalNetwork,5,5,Greek,Egyptian,False,10,4000,2,exp1_permuted_src_datasets
675,32000.422872283,1.0,1738619567.8022046,,3.2782541126152864e-08,1.0,0.001,1,16,40x40,PrototypicalNetwork,5,5,Greek,Egyptian,False,10,4000,2,exp1_permuted_src_datasets
676,32000.557716843,1.0,1738619567.9370825,,1.7881390590446244e-08,1.0,0.001,1,16,40x40,PrototypicalNetwork,5,5,Greek,Egyptian,False,10,4000,2,exp1_permuted_src_datasets
677,32000.74861908,1.0,1738619568.1279876,,2.2351736461700966e-08,1.0,0.001,1,16,40x40,PrototypicalNetwork,5,5,Greek,Egyptian,False,10,4000,2,exp1_permuted_src_datasets
678,32000.928091208,1.0,1738619568.3073223,,4.321335822510264e-08,1.0,0.001,1,16,40x40,PrototypicalNetwork,5,5,Greek,Egyptian,False,10,4000,2,exp1_permuted_src_datasets
679,32001.068559683,1.0,1738619568.4479265,,2.8163049137219787e-07,1.0,0.001,1,16,40x40,PrototypicalNetwork,5,5,Greek,Egyptian,False,10,4000,2,exp1_permuted_src_datasets
680,32001.207956112,1.0,1738619568.587317,,7.301559890038334e-08,1.0,0.001,1,16,40x40,PrototypicalNetwork,5,5,Greek,Egyptian,False,10,4000,2,exp1_permuted_src_datasets
681,32001.343773073,1.0,1738619568.723092,,7.450572070410999e-08,1.0,0.001,1,16,40x40,PrototypicalNetwork,5,5,Greek,Egyptian,False,10,4000,2,exp1_permuted_src_datasets
682,32001.483806735,1.0,1738619568.863181,,1.326199878803891e-07,1.0,0.001,1,16,40x40,PrototypicalNetwork,5,5,Greek,Egyptian,False,10,4000,2,exp1_permuted_src_datasets
683,32001.632373557,1.0,1738619569.011706,,4.0233111064935656e-08,1.0,0.001,1,16,40x40,PrototypicalNetwork,5,5,Greek,Egyptian,False,10,4000,2,exp1_permuted_src_datasets
684,32001.782466902,1.0,1738619569.1617925,,4.023312172307669e-08,1.0,0.001,1,16,40x40,PrototypicalNetwork,5,5,Greek,Egyptian,False,10,4000,2,exp1_permuted_src_datasets
685,32001.89898514,1.0,1738619569.2783813,,8.344645863189726e-08,1.0,0.001,1,16,40x40,PrototypicalNetwork,5,5,Greek,Egyptian,False,10,4000,2,exp1_permuted_src_datasets
686,32002.031466455,1.0,1738619569.4107604,,1.7881388814089405e-08,1.0,0.001,1,16,40x40,PrototypicalNetwork,5,5,Greek,Egyptian,False,10,4000,2,exp1_permuted_src_datasets
687,32002.127372789,1.0,1738619569.506749,,1.7881387037732566e-08,1.0,0.001,1,16,40x40,PrototypicalNetwork,5,5,Greek,Egyptian,False,10,4000,2,exp1_permuted_src_datasets
688,32002.278041246,1.0,1738619569.6574118,,5.662434432451846e-08,1.0,0.001,1,16,40x40,PrototypicalNetwork,5,5,Greek,Egyptian,False,10,4000,2,exp1_permuted_src_datasets
689,32002.365680056,1.0,1738619569.745064,,9.238713971626566e-08,1.0,0.001,1,16,40x40,PrototypicalNetwork,5,5,Greek,Egyptian,False,10,4000,2,exp1_permuted_src_datasets
690,32002.509162058,1.0,1738619569.888544,,4.470347292340193e-08,1.0,0.001,1,16,40x40,PrototypicalNetwork,5,5,Greek,Egyptian,False,10,4000,2,exp1_permuted_src_datasets
691,32002.592331359,1.0,1738619569.9717171,,3.576277407546513e-08,1.0,0.001,1,16,40x40,PrototypicalNetwork,5,5,Greek,Egyptian,False,10,4000,2,exp1_permuted_src_datasets
692,32002.699269345,1.0,1738619570.0786493,,8.344643731561519e-08,1.0,0.001,1,16,40x40,PrototypicalNetwork,5,5,Greek,Egyptian,False,10,4000,2,exp1_permuted_src_datasets
693,32002.795290174,1.0,1738619570.1746633,,1.0430811769879256e-08,1.0,0.001,1,16,40x40,PrototypicalNetwork,5,5,Greek,Egyptian,False,10,4000,2,exp1_permuted_src_datasets
694,32002.896680768,1.0,1738619570.2760537,,1.9371508841459217e-08,1.0,0.001,1,16,40x40,PrototypicalNetwork,5,5,Greek,Egyptian,False,10,4000,2,exp1_permuted_src_datasets
695,32003.003343169,1.0,1738619570.3827162,,2.2351738238057806e-08,1.0,0.001,1,16,40x40,PrototypicalNetwork,5,5,Greek,Egyptian,False,10,4000,2,exp1_permuted_src_datasets
696,34499.65726874,1.0,1738622067.0367696,0.9381499984264374,,,0.001,1,16,40x40,PrototypicalNetwork,5,5,Greek,Egyptian,False,10,4000,2,exp1_permuted_src_datasets
697,34499.799052731,1.0,1738622067.1784523,,8.940696183401542e-09,1.0,0.001,1,16,40x40,PrototypicalNetwork,5,5,Greek,Egyptian,False,10,4000,2,exp1_permuted_src_datasets
698,34499.931328874,1.0,1738622067.3107088,,4.172323286866231e-08,1.0,0.001,1,16,40x40,PrototypicalNetwork,5,5,Greek,Egyptian,False,10,4000,2,exp1_permuted_src_datasets
699,34500.014133675,1.0,1738622067.3935087,,1.4901159417490817e-08,1.0,0.001,1,16,40x40,PrototypicalNetwork,5,5,Greek,Egyptian,False,10,4000,2,exp1_permuted_src_datasets
700,34500.172743065,1.0,1738622067.5521133,,4.0233118170363014e-08,1.0,0.001,1,16,40x40,PrototypicalNetwork,5,5,Greek,Egyptian,False,10,4000,2,exp1_permuted_src_datasets
701,34500.285435886,1.0,1738622067.664809,,1.7881387037732566e-08,1.0,0.001,1,16,40x40,PrototypicalNetwork,5,5,Greek,Egyptian,False,10,4000,2,exp1_permuted_src_datasets
702,34500.429543843,1.0,1738622067.8089664,,7.748600694412744e-08,1.0,0.001,1,16,40x40,PrototypicalNetwork,5,5,Greek,Egyptian,False,10,4000,2,exp1_permuted_src_datasets
703,34500.530187302,1.0,1738622067.9095616,,2.9802311729554276e-08,1.0,0.001,1,16,40x40,PrototypicalNetwork,5,5,Greek,Egyptian,False,10,4000,2,exp1_permuted_src_datasets
704,34500.650751318,1.0,1738622068.03017,,5.215402865133001e-08,1.0,0.001,1,16,40x40,PrototypicalNetwork,5,5,Greek,Egyptian,False,10,4000,2,exp1_permuted_src_datasets
705,34500.778340916,1.0,1738622068.1577077,,2.384185471271394e-08,1.0,0.001,1,16,40x40,PrototypicalNetwork,5,5,Greek,Egyptian,False,10,4000,2,exp1_permuted_src_datasets
706,34500.880794911,1.0,1738622068.2601678,,9.685741986231733e-08,1.0,0.001,1,16,40x40,PrototypicalNetwork,5,5,Greek,Egyptian,False,10,4000,2,exp1_permuted_src_datasets
707,34500.994424807,1.0,1738622068.3738253,,1.192092735635697e-08,1.0,0.001,1,16,40x40,PrototypicalNetwork,5,5,Greek,Egyptian,False,10,4000,2,exp1_permuted_src_datasets
708,34501.135847719,1.0,1738622068.5152164,,5.81145016553819e-08,1.0,0.001,1,16,40x40,PrototypicalNetwork,5,5,Greek,Egyptian,False,10,4000,2,exp1_permuted_src_datasets
709,34501.255597349,1.0,1738622068.6349766,,9.685737722975318e-08,1.0,0.001,1,16,40x40,PrototypicalNetwork,5,5,Greek,Egyptian,False,10,4000,2,exp1_permuted_src_datasets
710,34501.372230363,1.0,1738622068.751408,,5.811447323367247e-08,1.0,0.001,1,16,40x40,PrototypicalNetwork,5,5,Greek,Egyptian,False,10,4000,2,exp1_permuted_src_datasets
711,34501.555804001,1.0,1738622068.9351535,,2.384185471271394e-08,1.0,0.001,1,16,40x40,PrototypicalNetwork,5,5,Greek,Egyptian,False,10,4000,2,exp1_permuted_src_datasets
712,34501.700250972,1.0,1738622069.0796306,,2.2351738238057806e-08,1.0,0.001,1,16,40x40,PrototypicalNetwork,5,5,Greek,Egyptian,False,10,4000,2,exp1_permuted_src_datasets
713,34501.812645461,1.0,1738622069.192043,,7.4505797087454084e-09,1.0,0.001,1,16,40x40,PrototypicalNetwork,5,5,Greek,Egyptian,False,10,4000,2,exp1_permuted_src_datasets
714,34501.908911038,1.0,1738622069.2882926,,3.576275631189674e-08,1.0,0.001,1,16,40x40,PrototypicalNetwork,5,5,Greek,Egyptian,False,10,4000,2,exp1_permuted_src_datasets
715,34502.070503982,1.0,1738622069.4498718,,1.7881392366803084e-08,1.0,0.001,1,16,40x40,PrototypicalNetwork,5,5,Greek,Egyptian,False,10,4000,2,exp1_permuted_src_datasets
716,34502.182266062,1.0,1738622069.5615668,,4.7683691661859484e-08,1.0,0.001,1,16,40x40,PrototypicalNetwork,5,5,Greek,Egyptian,False,10,4000,2,exp1_permuted_src_datasets
717,34502.301180834,1.0,1738622069.680563,,2.831220413668234e-08,1.0,0.001,1,16,40x40,PrototypicalNetwork,5,5,Greek,Egyptian,False,10,4000,2,exp1_permuted_src_datasets
718,34502.421892099,1.0,1738622069.8012793,,1.7881392366803084e-08,1.0,0.001,1,16,40x40,PrototypicalNetwork,5,5,Greek,Egyptian,False,10,4000,2,exp1_permuted_src_datasets
719,34502.541949055,1.0,1738622069.9213228,,1.192092735635697e-08,1.0,0.001,1,16,40x40,PrototypicalNetwork,5,5,Greek,Egyptian,False,10,4000,2,exp1_permuted_src_datasets
720,34502.708276546,1.0,1738622070.0876741,,2.682207878024201e-08,1.0,0.001,1,16,40x40,PrototypicalNetwork,5,5,Greek,Egyptian,False,10,4000,2,exp1_permuted_src_datasets
721,34502.827806789,1.0,1738622070.207186,,5.96045985901128e-08,1.0,0.001,1,16,40x40,PrototypicalNetwork,5,5,Greek,Egyptian,False,10,4000,2,exp1_permuted_src_datasets
722,34502.961478137,1.0,1738622070.3407736,,8.940695295223122e-09,1.0,0.001,1,16,40x40,PrototypicalNetwork,5,5,Greek,Egyptian,False,10,4000,2,exp1_permuted_src_datasets
723,34503.084009438,1.0,1738622070.4633715,,1.93715035123887e-08,1.0,0.001,1,16,40x40,PrototypicalNetwork,5,5,Greek,Egyptian,False,10,4000,2,exp1_permuted_src_datasets
724,34503.184147873,1.0,1738622070.5635166,,1.4901158529312397e-08,1.0,0.001,1,16,40x40,PrototypicalNetwork,5,5,Greek,Egyptian,False,10,4000,2,exp1_permuted_src_datasets
725,34503.363113481,1.0,1738622070.7424867,,3.4272666482593195e-08,1.0,0.001,1,16,40x40,PrototypicalNetwork,5,5,Greek,Egyptian,False,10,4000,2,exp1_permuted_src_datasets
726,34503.512279354,1.0,1738622070.8916535,,1.937150528874554e-08,1.0,0.001,1,16,40x40,PrototypicalNetwork,5,5,Greek,Egyptian,False,10,4000,2,exp1_permuted_src_datasets
727,34503.636002492,1.0,1738622071.015362,,3.725289587919178e-08,1.0,0.001,1,16,40x40,PrototypicalNetwork,5,5,Greek,Egyptian,False,10,4000,2,exp1_permuted_src_datasets
728,34503.764683108,1.0,1738622071.1439931,,3.278254823158022e-08,1.0,0.001,1,16,40x40,PrototypicalNetwork,5,5,Greek,Egyptian,False,10,4000,2,exp1_permuted_src_datasets
729,34503.96588758,1.0,1738622071.3452628,,4.023312882850405e-08,1.0,0.001,1,16,40x40,PrototypicalNetwork,5,5,Greek,Egyptian,False,10,4000,2,exp1_permuted_src_datasets
730,34504.14778379,1.0,1738622071.5271502,,2.6822084109312527e-08,1.0,0.001,1,16,40x40,PrototypicalNetwork,5,5,Greek,Egyptian,False,10,4000,2,exp1_permuted_src_datasets
731,34504.298975663,1.0,1738622071.6783504,,4.321335467238896e-08,1.0,0.001,1,16,40x40,PrototypicalNetwork,5,5,Greek,Egyptian,False,10,4000,2,exp1_permuted_src_datasets
732,34504.4407354,1.0,1738622071.8201067,,6.407496755400643e-08,1.0,0.001,1,16,40x40,PrototypicalNetwork,5,5,Greek,Egyptian,False,10,4000,2,exp1_permuted_src_datasets
733,34504.584033435,1.0,1738622071.9633796,,5.960463678178485e-09,1.0,0.001,1,16,40x40,PrototypicalNetwork,5,5,Greek,Egyptian,False,10,4000,2,exp1_permuted_src_datasets
734,34504.709806493,1.0,1738622072.0891964,,1.192092735635697e-08,1.0,0.001,1,16,40x40,PrototypicalNetwork,5,5,Greek,Egyptian,False,10,4000,2,exp1_permuted_src_datasets
735,34504.799024983,1.0,1738622072.1784046,,2.38418529363571e-08,1.0,0.001,1,16,40x40,PrototypicalNetwork,5,5,Greek,Egyptian,False,10,4000,2,exp1_permuted_src_datasets
736,34504.921821487,1.0,1738622072.3012314,,8.940695295223122e-09,1.0,0.001,1,16,40x40,PrototypicalNetwork,5,5,Greek,Egyptian,False,10,4000,2,exp1_permuted_src_datasets
737,34505.081823551,1.0,1738622072.4611933,,3.129243353328093e-08,1.0,0.001,1,16,40x40,PrototypicalNetwork,5,5,Greek,Egyptian,False,10,4000,2,exp1_permuted_src_datasets
738,34505.246100693,1.0,1738622072.625453,,5.215405352032576e-08,1.0,0.001,1,16,40x40,PrototypicalNetwork,5,5,Greek,Egyptian,False,10,4000,2,exp1_permuted_src_datasets
739,34505.336548037,1.0,1738622072.7158926,,1.192092735635697e-08,1.0,0.001,1,16,40x40,PrototypicalNetwork,5,5,Greek,Egyptian,False,10,4000,2,exp1_permuted_src_datasets
740,34505.503641156,1.0,1738622072.88301,,1.4901159417490817e-08,1.0,0.001,1,16,40x40,PrototypicalNetwork,5,5,Greek,Egyptian,False,10,4000,2,exp1_permuted_src_datasets
741,34505.611188095,1.0,1738622072.9905815,,1.7881381708662047e-08,1.0,0.001,1,16,40x40,PrototypicalNetwork,5,5,Greek,Egyptian,False,10,4000,2,exp1_permuted_src_datasets
742,34505.731296498,1.0,1738622073.110684,,4.9173813465586136e-08,1.0,0.001,1,16,40x40,PrototypicalNetwork,5,5,Greek,Egyptian,False,10,4000,2,exp1_permuted_src_datasets
743,34505.835268893,1.0,1738622073.2146542,,2.384184938364342e-08,1.0,0.001,1,16,40x40,PrototypicalNetwork,5,5,Greek,Egyptian,False,10,4000,2,exp1_permuted_src_datasets
744,34505.991019156,1.0,1738622073.3703945,,4.470347647611561e-09,1.0,0.001,1,16,40x40,PrototypicalNetwork,5,5,Greek,Egyptian,False,10,4000,2,exp1_permuted_src_datasets
745,34506.093259928,1.0,1738622073.4726758,,4.917380991287246e-08,1.0,0.001,1,16,40x40,PrototypicalNetwork,5,5,Greek,Egyptian,False,10,4000,2,exp1_permuted_src_datasets
746,34506.197234927,1.0,1738622073.5765386,,2.5331965858299554e-08,1.0,0.001,1,16,40x40,PrototypicalNetwork,5,5,Greek,Egyptian,False,10,4000,2,exp1_permuted_src_datasets
747,34506.338387302,1.0,1738622073.7177997,,1.639127589214695e-08,1.0,0.001,1,16,40x40,PrototypicalNetwork,5,5,Greek,Egyptian,False,10,4000,2,exp1_permuted_src_datasets
748,34506.448337175,1.0,1738622073.8276846,,3.576277762817881e-08,1.0,0.001,1,16,40x40,PrototypicalNetwork,5,5,Greek,Egyptian,False,10,4000,2,exp1_permuted_src_datasets
749,34506.601236091,1.0,1738622073.980612,,3.87430070247774e-08,1.0,0.001,1,16,40x40,PrototypicalNetwork,5,5,Greek,Egyptian,False,10,4000,2,exp1_permuted_src_datasets
750,34506.761120438,1.0,1738622074.1405065,,1.7881390590446244e-08,1.0,0.001,1,16,40x40,PrototypicalNetwork,5,5,Greek,Egyptian,False,10,4000,2,exp1_permuted_src_datasets
751,34506.903802865,1.0,1738622074.2831767,,5.3644139796915624e-08,1.0,0.001,1,16,40x40,PrototypicalNetwork,5,5,Greek,Egyptian,False,10,4000,2,exp1_permuted_src_datasets
752,34507.034652683,1.0,1738622074.4140604,,1.0430811769879256e-08,1.0,0.001,1,16,40x40,PrototypicalNetwork,5,5,Greek,Egyptian,False,10,4000,2,exp1_permuted_src_datasets
753,34507.143320104,1.0,1738622074.5226395,,3.7252885221050747e-08,1.0,0.001,1,16,40x40,PrototypicalNetwork,5,5,Greek,Egyptian,False,10,4000,2,exp1_permuted_src_datasets
754,34507.242439975,1.0,1738622074.6218083,,2.38418529363571e-08,1.0,0.001,1,16,40x40,PrototypicalNetwork,5,5,Greek,Egyptian,False,10,4000,2,exp1_permuted_src_datasets
755,34507.37857839,1.0,1738622074.7579522,,1.9371507065102378e-08,1.0,0.001,1,16,40x40,PrototypicalNetwork,5,5,Greek,Egyptian,False,10,4000,2,exp1_permuted_src_datasets
756,34507.495162109,1.0,1738622074.8745098,,8.940696183401542e-09,1.0,0.001,1,16,40x40,PrototypicalNetwork,5,5,Greek,Egyptian,False,10,4000,2,exp1_permuted_src_datasets
757,34507.620651267,1.0,1738622075.0000308,,2.9802317058624794e-08,1.0,0.001,1,16,40x40,PrototypicalNetwork,5,5,Greek,Egyptian,False,10,4000,2,exp1_permuted_src_datasets
758,34507.780289788,1.0,1738622075.1596653,,2.6822082332955688e-08,1.0,0.001,1,16,40x40,PrototypicalNetwork,5,5,Greek,Egyptian,False,10,4000,2,exp1_permuted_src_datasets
759,37050.775699555,1.0,1738624618.1551702,0.9395499997138977,,,0.001,1,16,40x40,PrototypicalNetwork,5,5,Greek,Egyptian,False,10,4000,2,exp1_permuted_src_datasets
760,37050.897742222,1.0,1738624618.2770889,,4.172322931594863e-08,1.0,0.001,1,16,40x40,PrototypicalNetwork,5,5,Greek,Egyptian,False,10,4000,2,exp1_permuted_src_datasets
761,37051.05149424,1.0,1738624618.4309278,,1.4901160305669237e-09,1.0,0.001,1,16,40x40,PrototypicalNetwork,5,5,Greek,Egyptian,False,10,4000,2,exp1_permuted_src_datasets
762,37051.22996994,1.0,1738624618.6092455,,7.4505797087454084e-09,1.0,0.001,1,16,40x40,PrototypicalNetwork,5,5,Greek,Egyptian,False,10,4000,2,exp1_permuted_src_datasets
763,37051.370718547,1.0,1738624618.7501483,,5.811449454995454e-08,1.0,0.001,1,16,40x40,PrototypicalNetwork,5,5,Greek,Egyptian,False,10,4000,2,exp1_permuted_src_datasets
764,37051.518547718,1.0,1738624618.8979604,,1.7881390590446244e-08,1.0,0.001,1,16,40x40,PrototypicalNetwork,5,5,Greek,Egyptian,False,10,4000,2,exp1_permuted_src_datasets
765,37051.616299096,1.0,1738624618.995673,,2.0861619987044833e-08,1.0,0.001,1,16,40x40,PrototypicalNetwork,5,5,Greek,Egyptian,False,10,4000,2,exp1_permuted_src_datasets
766,37051.736241806,1.0,1738624619.1156235,,3.576277052275145e-08,1.0,0.001,1,16,40x40,PrototypicalNetwork,5,5,Greek,Egyptian,False,10,4000,2,exp1_permuted_src_datasets
767,37051.840883306,1.0,1738624619.2202654,,2.086162353975851e-08,1.0,0.001,1,16,40x40,PrototypicalNetwork,5,5,Greek,Egyptian,False,10,4000,2,exp1_permuted_src_datasets
768,37052.005990552,1.0,1738624619.3853683,,8.344638047219632e-08,1.0,0.001,1,16,40x40,PrototypicalNetwork,5,5,Greek,Egyptian,False,10,4000,2,exp1_permuted_src_datasets
769,37052.122989801,1.0,1738624619.5023892,,2.5331967634656394e-08,1.0,0.001,1,16,40x40,PrototypicalNetwork,5,5,Greek,Egyptian,False,10,4000,2,exp1_permuted_src_datasets
770,37052.253816527,1.0,1738624619.633125,,5.960464122267695e-09,1.0,0.001,1,16,40x40,PrototypicalNetwork,5,5,Greek,Egyptian,False,10,4000,2,exp1_permuted_src_datasets
771,37052.399437935,1.0,1738624619.7788658,,1.7881390590446244e-08,1.0,0.001,1,16,40x40,PrototypicalNetwork,5,5,Greek,Egyptian,False,10,4000,2,exp1_permuted_src_datasets
772,37052.574511423,1.0,1738624619.953781,,1.7881390590446244e-08,1.0,0.001,1,16,40x40,PrototypicalNetwork,5,5,Greek,Egyptian,False,10,4000,2,exp1_permuted_src_datasets
773,37052.723918013,1.0,1738624620.1033015,,1.639127411579011e-08,1.0,0.001,1,16,40x40,PrototypicalNetwork,5,5,Greek,Egyptian,False,10,4000,2,exp1_permuted_src_datasets
774,37052.841131093,1.0,1738624620.2204666,,2.2351732908987287e-08,1.0,0.001,1,16,40x40,PrototypicalNetwork,5,5,Greek,Egyptian,False,10,4000,2,exp1_permuted_src_datasets
775,37052.967346554,1.0,1738624620.346684,,1.3411043831013103e-08,1.0,0.001,1,16,40x40,PrototypicalNetwork,5,5,Greek,Egyptian,False,10,4000,2,exp1_permuted_src_datasets
776,37053.07998366,1.0,1738624620.4593697,,2.831220058396866e-08,1.0,0.001,1,16,40x40,PrototypicalNetwork,5,5,Greek,Egyptian,False,10,4000,2,exp1_permuted_src_datasets
777,37053.208243174,1.0,1738624620.5876498,,1.3411042054656264e-08,1.0,0.001,1,16,40x40,PrototypicalNetwork,5,5,Greek,Egyptian,False,10,4000,2,exp1_permuted_src_datasets
778,37053.299158982,1.0,1738624620.6784582,,1.0430811769879256e-08,1.0,0.001,1,16,40x40,PrototypicalNetwork,5,5,Greek,Egyptian,False,10,4000,2,exp1_permuted_src_datasets
779,37053.448391849,1.0,1738624620.827787,,8.940695295223122e-09,1.0,0.001,1,16,40x40,PrototypicalNetwork,5,5,Greek,Egyptian,False,10,4000,2,exp1_permuted_src_datasets
780,37053.594069974,1.0,1738624620.9734995,,5.960463678178485e-09,1.0,0.001,1,16,40x40,PrototypicalNetwork,5,5,Greek,Egyptian,False,10,4000,2,exp1_permuted_src_datasets
781,37053.741415496,1.0,1738624621.1207726,,3.8743014130204756e-08,1.0,0.001,1,16,40x40,PrototypicalNetwork,5,5,Greek,Egyptian,False,10,4000,2,exp1_permuted_src_datasets
782,37053.874830342,1.0,1738624621.2542057,,3.725287456290971e-08,1.0,0.001,1,16,40x40,PrototypicalNetwork,5,5,Greek,Egyptian,False,10,4000,2,exp1_permuted_src_datasets
783,37053.984162363,1.0,1738624621.3635352,,3.427265937716584e-08,1.0,0.001,1,16,40x40,PrototypicalNetwork,5,5,Greek,Egyptian,False,10,4000,2,exp1_permuted_src_datasets
784,37054.125180352,1.0,1738624621.5045366,,4.470348091700771e-09,1.0,0.001,1,16,40x40,PrototypicalNetwork,5,5,Greek,Egyptian,False,10,4000,2,exp1_permuted_src_datasets
785,37054.264516268,1.0,1738624621.6438925,,1.0430811769879256e-08,1.0,0.001,1,16,40x40,PrototypicalNetwork,5,5,Greek,Egyptian,False,10,4000,2,exp1_permuted_src_datasets
786,37054.380984879,1.0,1738624621.7603319,,2.5331971187370073e-08,1.0,0.001,1,16,40x40,PrototypicalNetwork,5,5,Greek,Egyptian,False,10,4000,2,exp1_permuted_src_datasets
787,37054.534654989,1.0,1738624621.913985,,2.5331967634656394e-08,1.0,0.001,1,16,40x40,PrototypicalNetwork,5,5,Greek,Egyptian,False,10,4000,2,exp1_permuted_src_datasets
788,37054.679761297,1.0,1738624622.059069,,5.364414690234298e-08,1.0,0.001,1,16,40x40,PrototypicalNetwork,5,5,Greek,Egyptian,False,10,4000,2,exp1_permuted_src_datasets
789,37054.826340357,1.0,1738624622.2057204,,6.85452974380496e-08,1.0,0.001,1,16,40x40,PrototypicalNetwork,5,5,Greek,Egyptian,False,10,4000,2,exp1_permuted_src_datasets
790,37054.987777396,1.0,1738624622.3671398,,4.321334401424792e-08,1.0,0.001,1,16,40x40,PrototypicalNetwork,5,5,Greek,Egyptian,False,10,4000,2,exp1_permuted_src_datasets
791,37055.128972468,1.0,1738624622.5083008,,2.8312197031254982e-08,1.0,0.001,1,16,40x40,PrototypicalNetwork,5,5,Greek,Egyptian,False,10,4000,2,exp1_permuted_src_datasets
792,37055.279241992,1.0,1738624622.6585855,,7.450565675526377e-08,1.0,0.001,1,16,40x40,PrototypicalNetwork,5,5,Greek,Egyptian,False,10,4000,2,exp1_permuted_src_datasets
793,37055.49924267,1.0,1738624622.8785398,,1.3411043831013103e-08,1.0,0.001,1,16,40x40,PrototypicalNetwork,5,5,Greek,Egyptian,False,10,4000,2,exp1_permuted_src_datasets
794,37055.63270335,1.0,1738624623.0120409,,3.5762759864610416e-08,1.0,0.001,1,16,40x40,PrototypicalNetwork,5,5,Greek,Egyptian,False,10,4000,2,exp1_permuted_src_datasets
795,37055.771092468,1.0,1738624623.150448,,8.940696183401542e-09,1.0,0.001,1,16,40x40,PrototypicalNetwork,5,5,Greek,Egyptian,False,10,4000,2,exp1_permuted_src_datasets
796,37055.919011416,1.0,1738624623.298369,,2.38418529363571e-08,1.0,0.001,1,16,40x40,PrototypicalNetwork,5,5,Greek,Egyptian,False,10,4000,2,exp1_permuted_src_datasets
797,37056.083044193,1.0,1738624623.4624305,,4.470344805440618e-08,1.0,0.001,1,16,40x40,PrototypicalNetwork,5,5,Greek,Egyptian,False,10,4000,2,exp1_permuted_src_datasets
798,37056.231892626,1.0,1738624623.6112432,,1.3411042054656264e-08,1.0,0.001,1,16,40x40,PrototypicalNetwork,5,5,Greek,Egyptian,False,10,4000,2,exp1_permuted_src_datasets
799,37056.352056786,1.0,1738624623.7314367,,2.5331967634656394e-08,1.0,0.001,1,16,40x40,PrototypicalNetwork,5,5,Greek,Egyptian,False,10,4000,2,exp1_permuted_src_datasets
800,37056.504715367,1.0,1738624623.884085,,2.9802311729554276e-08,1.0,0.001,1,16,40x40,PrototypicalNetwork,5,5,Greek,Egyptian,False,10,4000,2,exp1_permuted_src_datasets
801,37056.612044008,1.0,1738624623.9913974,,7.4505797087454084e-09,1.0,0.001,1,16,40x40,PrototypicalNetwork,5,5,Greek,Egyptian,False,10,4000,2,exp1_permuted_src_datasets
802,37056.749003466,1.0,1738624624.1283424,,2.9802308176840597e-08,1.0,0.001,1,16,40x40,PrototypicalNetwork,5,5,Greek,Egyptian,False,10,4000,2,exp1_permuted_src_datasets
803,37056.908151334,1.0,1738624624.2875254,,1.7881392366803084e-08,1.0,0.001,1,16,40x40,PrototypicalNetwork,5,5,Greek,Egyptian,False,10,4000,2,exp1_permuted_src_datasets
804,37057.067326428,1.0,1738624624.4466681,,1.0430810881700836e-08,1.0,0.001,1,16,40x40,PrototypicalNetwork,5,5,Greek,Egyptian,False,10,4000,2,exp1_permuted_src_datasets
805,37057.228020166,1.0,1738624624.6073897,,2.2351738238057806e-08,1.0,0.001,1,16,40x40,PrototypicalNetwork,5,5,Greek,Egyptian,False,10,4000,2,exp1_permuted_src_datasets
806,37057.359156588,1.0,1738624624.7384522,,2.9802320611338473e-09,1.0,0.001,1,16,40x40,PrototypicalNetwork,5,5,Greek,Egyptian,False,10,4000,2,exp1_permuted_src_datasets
807,37057.460902913,1.0,1738624624.8402524,,1.4901158529312397e-08,1.0,0.001,1,16,40x40,PrototypicalNetwork,5,5,Greek,Egyptian,False,10,4000,2,exp1_permuted_src_datasets
808,37057.640957954,1.0,1738624625.020325,,1.7881392366803084e-08,1.0,0.001,1,16,40x40,PrototypicalNetwork,5,5,Greek,Egyptian,False,10,4000,2,exp1_permuted_src_datasets
809,37057.736525448,1.0,1738624625.1159575,,1.4901159417490817e-08,1.0,0.001,1,16,40x40,PrototypicalNetwork,5,5,Greek,Egyptian,False,10,4000,2,exp1_permuted_src_datasets
810,37057.885171181,1.0,1738624625.2645586,,1.3411042054656264e-08,1.0,0.001,1,16,40x40,PrototypicalNetwork,5,5,Greek,Egyptian,False,10,4000,2,exp1_permuted_src_datasets
811,37057.999980064,1.0,1738624625.3793116,,2.9802313505911115e-08,1.0,0.001,1,16,40x40,PrototypicalNetwork,5,5,Greek,Egyptian,False,10,4000,2,exp1_permuted_src_datasets
812,37058.126499949,1.0,1738624625.5058758,,5.2154042862184724e-08,1.0,0.001,1,16,40x40,PrototypicalNetwork,5,5,Greek,Egyptian,False,10,4000,2,exp1_permuted_src_datasets
813,37058.243432699,1.0,1738624625.6228142,,8.791674588337628e-08,1.0,0.001,1,16,40x40,PrototypicalNetwork,5,5,Greek,Egyptian,False,10,4000,2,exp1_permuted_src_datasets
814,37058.360100751,1.0,1738624625.739467,,1.0430811769879256e-08,1.0,0.001,1,16,40x40,PrototypicalNetwork,5,5,Greek,Egyptian,False,10,4000,2,exp1_permuted_src_datasets
815,37058.513621344,1.0,1738624625.8929923,,1.7881392366803084e-08,1.0,0.001,1,16,40x40,PrototypicalNetwork,5,5,Greek,Egyptian,False,10,4000,2,exp1_permuted_src_datasets
816,37058.634246367,1.0,1738624626.01361,,1.7881390590446244e-08,1.0,0.001,1,16,40x40,PrototypicalNetwork,5,5,Greek,Egyptian,False,10,4000,2,exp1_permuted_src_datasets
817,37058.827051949,1.0,1738624626.206336,,2.8312195254898143e-08,1.0,0.001,1,16,40x40,PrototypicalNetwork,5,5,Greek,Egyptian,False,10,4000,2,exp1_permuted_src_datasets
818,37058.939456145,1.0,1738624626.318824,,7.599585671869136e-08,1.0,0.001,1,16,40x40,PrototypicalNetwork,5,5,Greek,Egyptian,False,10,4000,2,exp1_permuted_src_datasets
819,37059.073031232,1.0,1738624626.4523575,,7.450565675526377e-08,1.0,0.001,1,16,40x40,PrototypicalNetwork,5,5,Greek,Egyptian,False,10,4000,2,exp1_permuted_src_datasets
820,37059.251237497,1.0,1738624626.6306129,,1.192092735635697e-08,1.0,0.001,1,16,40x40,PrototypicalNetwork,5,5,Greek,Egyptian,False,10,4000,2,exp1_permuted_src_datasets
821,37059.382494882,1.0,1738624626.7618287,,1.639127411579011e-08,1.0,0.001,1,16,40x40,PrototypicalNetwork,5,5,Greek,Egyptian,False,10,4000,2,exp1_permuted_src_datasets
822,39590.895673502,1.0,1738627158.2751927,0.9391499996185303,,,0.001,1,16,40x40,PrototypicalNetwork,5,5,Greek,Egyptian,False,10,4000,2,exp1_permuted_src_datasets
823,39590.964328131,1.0,1738627158.3437161,,2.5331956976515357e-08,1.0,0.001,1,16,40x40,PrototypicalNetwork,5,5,Greek,Egyptian,False,10,4000,2,exp1_permuted_src_datasets
824,39591.08803841,1.0,1738627158.467434,,4.172322576323495e-08,1.0,0.001,1,16,40x40,PrototypicalNetwork,5,5,Greek,Egyptian,False,10,4000,2,exp1_permuted_src_datasets
825,39591.216363978,1.0,1738627158.5957222,,1.0430811769879256e-08,1.0,0.001,1,16,40x40,PrototypicalNetwork,5,5,Greek,Egyptian,False,10,4000,2,exp1_permuted_src_datasets
826,39591.329409076,1.0,1738627158.7087908,,3.87430070247774e-08,1.0,0.001,1,16,40x40,PrototypicalNetwork,5,5,Greek,Egyptian,False,10,4000,2,exp1_permuted_src_datasets
827,39591.454008471,1.0,1738627158.8333883,,1.4901159417490817e-08,1.0,0.001,1,16,40x40,PrototypicalNetwork,5,5,Greek,Egyptian,False,10,4000,2,exp1_permuted_src_datasets
828,39591.590872051,1.0,1738627158.9702754,,2.0861616434331154e-08,1.0,0.001,1,16,40x40,PrototypicalNetwork,5,5,Greek,Egyptian,False,10,4000,2,exp1_permuted_src_datasets
829,39591.718400157,1.0,1738627159.0977762,,1.4901158529312397e-08,1.0,0.001,1,16,40x40,PrototypicalNetwork,5,5,Greek,Egyptian,False,10,4000,2,exp1_permuted_src_datasets
830,39591.834148788,1.0,1738627159.2135131,,5.066392461117175e-08,1.0,0.001,1,16,40x40,PrototypicalNetwork,5,5,Greek,Egyptian,False,10,4000,2,exp1_permuted_src_datasets
831,39591.947498269,1.0,1738627159.326798,,1.639127411579011e-08,1.0,0.001,1,16,40x40,PrototypicalNetwork,5,5,Greek,Egyptian,False,10,4000,2,exp1_permuted_src_datasets
832,39592.05410522,1.0,1738627159.4335225,,1.7881390590446244e-08,1.0,0.001,1,16,40x40,PrototypicalNetwork,5,5,Greek,Egyptian,False,10,4000,2,exp1_permuted_src_datasets
833,39592.174936158,1.0,1738627159.554343,,4.619358406898755e-08,1.0,0.001,1,16,40x40,PrototypicalNetwork,5,5,Greek,Egyptian,False,10,4000,2,exp1_permuted_src_datasets
834,39592.313989048,1.0,1738627159.6932945,,2.2351734685344127e-08,1.0,0.001,1,16,40x40,PrototypicalNetwork,5,5,Greek,Egyptian,False,10,4000,2,exp1_permuted_src_datasets
835,39592.416392719,1.0,1738627159.7957618,,4.023312172307669e-08,1.0,0.001,1,16,40x40,PrototypicalNetwork,5,5,Greek,Egyptian,False,10,4000,2,exp1_permuted_src_datasets
836,39592.581946749,1.0,1738627159.961345,,1.3411043831013103e-08,1.0,0.001,1,16,40x40,PrototypicalNetwork,5,5,Greek,Egyptian,False,10,4000,2,exp1_permuted_src_datasets
837,39592.690431142,1.0,1738627160.0698044,,1.3411043831013103e-08,1.0,0.001,1,16,40x40,PrototypicalNetwork,5,5,Greek,Egyptian,False,10,4000,2,exp1_permuted_src_datasets
838,39592.867526383,1.0,1738627160.2468584,,1.4901160305669237e-09,1.0,0.001,1,16,40x40,PrototypicalNetwork,5,5,Greek,Egyptian,False,10,4000,2,exp1_permuted_src_datasets
839,39592.968340498,1.0,1738627160.3476999,,1.7881390590446244e-08,1.0,0.001,1,16,40x40,PrototypicalNetwork,5,5,Greek,Egyptian,False,10,4000,2,exp1_permuted_src_datasets
840,39593.1199939,1.0,1738627160.4993234,,2.6822084109312527e-08,1.0,0.001,1,16,40x40,PrototypicalNetwork,5,5,Greek,Egyptian,False,10,4000,2,exp1_permuted_src_datasets
841,39593.219742899,1.0,1738627160.5991063,,2.831220058396866e-08,1.0,0.001,1,16,40x40,PrototypicalNetwork,5,5,Greek,Egyptian,False,10,4000,2,exp1_permuted_src_datasets
842,39593.319991178,1.0,1738627160.699362,,1.4901158529312397e-08,1.0,0.001,1,16,40x40,PrototypicalNetwork,5,5,Greek,Egyptian,False,10,4000,2,exp1_permuted_src_datasets
843,39593.425434186,1.0,1738627160.8048193,,5.960464122267695e-09,1.0,0.001,1,16,40x40,PrototypicalNetwork,5,5,Greek,Egyptian,False,10,4000,2,exp1_permuted_src_datasets
844,39593.542465604,1.0,1738627160.9218035,,2.2351738238057806e-08,1.0,0.001,1,16,40x40,PrototypicalNetwork,5,5,Greek,Egyptian,False,10,4000,2,exp1_permuted_src_datasets
845,39593.698364983,1.0,1738627161.0776913,,1.0430811769879256e-08,1.0,0.001,1,16,40x40,PrototypicalNetwork,5,5,Greek,Egyptian,False,10,4000,2,exp1_permuted_src_datasets
846,39593.860801129,1.0,1738627161.2400997,,1.639127411579011e-08,1.0,0.001,1,16,40x40,PrototypicalNetwork,5,5,Greek,Egyptian,False,10,4000,2,exp1_permuted_src_datasets
847,39593.96347898,1.0,1738627161.3428547,,2.5331962305585876e-08,1.0,0.001,1,16,40x40,PrototypicalNetwork,5,5,Greek,Egyptian,False,10,4000,2,exp1_permuted_src_datasets
848,39594.117699206,1.0,1738627161.4970772,,1.0430811769879256e-08,1.0,0.001,1,16,40x40,PrototypicalNetwork,5,5,Greek,Egyptian,False,10,4000,2,exp1_permuted_src_datasets
849,39594.309562562,1.0,1738627161.6889777,,5.960457727383073e-08,1.0,0.001,1,16,40x40,PrototypicalNetwork,5,5,Greek,Egyptian,False,10,4000,2,exp1_permuted_src_datasets
850,39594.434476489,1.0,1738627161.8138537,,7.4505797087454084e-09,1.0,0.001,1,16,40x40,PrototypicalNetwork,5,5,Greek,Egyptian,False,10,4000,2,exp1_permuted_src_datasets
851,39594.527955326,1.0,1738627161.9073222,,4.470348091700771e-09,1.0,0.001,1,16,40x40,PrototypicalNetwork,5,5,Greek,Egyptian,False,10,4000,2,exp1_permuted_src_datasets
852,39594.678302667,1.0,1738627162.057679,,2.086162353975851e-08,1.0,0.001,1,16,40x40,PrototypicalNetwork,5,5,Greek,Egyptian,False,10,4000,2,exp1_permuted_src_datasets
853,39594.803321577,1.0,1738627162.1827064,,1.192092824453539e-08,1.0,0.001,1,16,40x40,PrototypicalNetwork,5,5,Greek,Egyptian,False,10,4000,2,exp1_permuted_src_datasets
854,39594.910696314,1.0,1738627162.2901258,,8.940696183401542e-09,1.0,0.001,1,16,40x40,PrototypicalNetwork,5,5,Greek,Egyptian,False,10,4000,2,exp1_permuted_src_datasets
855,39595.003811303,1.0,1738627162.3831303,,3.874300347206372e-08,1.0,0.001,1,16,40x40,PrototypicalNetwork,5,5,Greek,Egyptian,False,10,4000,2,exp1_permuted_src_datasets
856,39595.089945087,1.0,1738627162.4693134,,1.639127411579011e-08,1.0,0.001,1,16,40x40,PrototypicalNetwork,5,5,Greek,Egyptian,False,10,4000,2,exp1_permuted_src_datasets
857,39595.187794118,1.0,1738627162.5671718,,7.4505797087454084e-09,1.0,0.001,1,16,40x40,PrototypicalNetwork,5,5,Greek,Egyptian,False,10,4000,2,exp1_permuted_src_datasets
858,39595.314181668,1.0,1738627162.6935604,,0.0,1.0,0.001,1,16,40x40,PrototypicalNetwork,5,5,Greek,Egyptian,False,10,4000,2,exp1_permuted_src_datasets
859,39595.454478551,1.0,1738627162.833852,,2.9802320611338473e-09,1.0,0.001,1,16,40x40,PrototypicalNetwork,5,5,Greek,Egyptian,False,10,4000,2,exp1_permuted_src_datasets
860,39595.538952564,1.0,1738627162.9183416,,2.9802320611338473e-09,1.0,0.001,1,16,40x40,PrototypicalNetwork,5,5,Greek,Egyptian,False,10,4000,2,exp1_permuted_src_datasets
861,39595.659426463,1.0,1738627163.0387478,,1.192092824453539e-08,1.0,0.001,1,16,40x40,PrototypicalNetwork,5,5,Greek,Egyptian,False,10,4000,2,exp1_permuted_src_datasets
862,39595.774941704,1.0,1738627163.1543255,,1.4901160305669237e-09,1.0,0.001,1,16,40x40,PrototypicalNetwork,5,5,Greek,Egyptian,False,10,4000,2,exp1_permuted_src_datasets
863,39595.889950756,1.0,1738627163.2693315,,4.470348091700771e-09,1.0,0.001,1,16,40x40,PrototypicalNetwork,5,5,Greek,Egyptian,False,10,4000,2,exp1_permuted_src_datasets
864,39595.991357468,1.0,1738627163.3707545,,1.192092735635697e-08,1.0,0.001,1,16,40x40,PrototypicalNetwork,5,5,Greek,Egyptian,False,10,4000,2,exp1_permuted_src_datasets
865,39596.109653902,1.0,1738627163.4890103,,1.0430811769879256e-08,1.0,0.001,1,16,40x40,PrototypicalNetwork,5,5,Greek,Egyptian,False,10,4000,2,exp1_permuted_src_datasets
866,39596.21263402,1.0,1738627163.5920258,,0.0,1.0,0.001,1,16,40x40,PrototypicalNetwork,5,5,Greek,Egyptian,False,10,4000,2,exp1_permuted_src_datasets
867,39596.327375661,1.0,1738627163.7067592,,7.4505797087454084e-09,1.0,0.001,1,16,40x40,PrototypicalNetwork,5,5,Greek,Egyptian,False,10,4000,2,exp1_permuted_src_datasets
868,39596.470702196,1.0,1738627163.849997,,5.960463234089275e-09,1.0,0.001,1,16,40x40,PrototypicalNetwork,5,5,Greek,Egyptian,False,10,4000,2,exp1_permuted_src_datasets
869,39596.581363384,1.0,1738627163.9607396,,1.639127411579011e-08,1.0,0.001,1,16,40x40,PrototypicalNetwork,5,5,Greek,Egyptian,False,10,4000,2,exp1_permuted_src_datasets
870,39596.687360838,1.0,1738627164.0667326,,2.2351731132630448e-08,1.0,0.001,1,16,40x40,PrototypicalNetwork,5,5,Greek,Egyptian,False,10,4000,2,exp1_permuted_src_datasets
871,39596.795509588,1.0,1738627164.1748857,,2.0861619987044833e-08,1.0,0.001,1,16,40x40,PrototypicalNetwork,5,5,Greek,Egyptian,False,10,4000,2,exp1_permuted_src_datasets
872,39596.906311065,1.0,1738627164.2856994,,1.9371508841459217e-08,1.0,0.001,1,16,40x40,PrototypicalNetwork,5,5,Greek,Egyptian,False,10,4000,2,exp1_permuted_src_datasets
873,39596.9907415,1.0,1738627164.3701127,,1.0430811769879256e-08,1.0,0.001,1,16,40x40,PrototypicalNetwork,5,5,Greek,Egyptian,False,10,4000,2,exp1_permuted_src_datasets
874,39597.073211488,1.0,1738627164.452593,,1.9371508841459217e-08,1.0,0.001,1,16,40x40,PrototypicalNetwork,5,5,Greek,Egyptian,False,10,4000,2,exp1_permuted_src_datasets
875,39597.187606927,1.0,1738627164.566991,,4.470348091700771e-09,1.0,0.001,1,16,40x40,PrototypicalNetwork,5,5,Greek,Egyptian,False,10,4000,2,exp1_permuted_src_datasets
876,39597.301845061,1.0,1738627164.6812208,,1.4901160305669237e-09,1.0,0.001,1,16,40x40,PrototypicalNetwork,5,5,Greek,Egyptian,False,10,4000,2,exp1_permuted_src_datasets
877,39597.419439086,1.0,1738627164.7988093,,2.9802320611338473e-09,1.0,0.001,1,16,40x40,PrototypicalNetwork,5,5,Greek,Egyptian,False,10,4000,2,exp1_permuted_src_datasets
878,39597.543421949,1.0,1738627164.922797,,8.940696183401542e-09,1.0,0.001,1,16,40x40,PrototypicalNetwork,5,5,Greek,Egyptian,False,10,4000,2,exp1_permuted_src_datasets
879,39597.668247948,1.0,1738627165.0476298,,7.4505797087454084e-09,1.0,0.001,1,16,40x40,PrototypicalNetwork,5,5,Greek,Egyptian,False,10,4000,2,exp1_permuted_src_datasets
880,39597.777232685,1.0,1738627165.1566064,,7.4505797087454084e-09,1.0,0.001,1,16,40x40,PrototypicalNetwork,5,5,Greek,Egyptian,False,10,4000,2,exp1_permuted_src_datasets
881,39597.872258872,1.0,1738627165.2516422,,5.960464122267695e-09,1.0,0.001,1,16,40x40,PrototypicalNetwork,5,5,Greek,Egyptian,False,10,4000,2,exp1_permuted_src_datasets
882,39598.023912936,1.0,1738627165.4032955,,2.9802320611338473e-09,1.0,0.001,1,16,40x40,PrototypicalNetwork,5,5,Greek,Egyptian,False,10,4000,2,exp1_permuted_src_datasets
883,39598.176515513,1.0,1738627165.555899,,4.470348091700771e-09,1.0,0.001,1,16,40x40,PrototypicalNetwork,5,5,Greek,Egyptian,False,10,4000,2,exp1_permuted_src_datasets
884,39598.266541462,1.0,1738627165.6459243,,2.9802320611338473e-09,1.0,0.001,1,16,40x40,PrototypicalNetwork,5,5,Greek,Egyptian,False,10,4000,2,exp1_permuted_src_datasets
885,42163.543884656,1.0,1738629730.876935,0.9365000007152557,,,0.001,1,16,40x40,PrototypicalNetwork,5,5,Greek,Egyptian,False,10,4000,2,exp1_permuted_src_datasets
886,42163.572778133,1.0,1738629730.9521804,,1.3411042054656264e-08,1.0,0.001,1,16,40x40,PrototypicalNetwork,5,5,Greek,Egyptian,False,10,4000,2,exp1_permuted_src_datasets
887,42163.655258676,1.0,1738629731.034582,,7.4505797087454084e-09,1.0,0.001,1,16,40x40,PrototypicalNetwork,5,5,Greek,Egyptian,False,10,4000,2,exp1_permuted_src_datasets
888,42163.803760056,1.0,1738629731.1831503,,1.639127411579011e-08,1.0,0.001,1,16,40x40,PrototypicalNetwork,5,5,Greek,Egyptian,False,10,4000,2,exp1_permuted_src_datasets
889,42163.950162528,1.0,1738629731.3295553,,1.3411043831013103e-08,1.0,0.001,1,16,40x40,PrototypicalNetwork,5,5,Greek,Egyptian,False,10,4000,2,exp1_permuted_src_datasets
890,42164.109961272,1.0,1738629731.489378,,5.960464122267695e-09,1.0,0.001,1,16,40x40,PrototypicalNetwork,5,5,Greek,Egyptian,False,10,4000,2,exp1_permuted_src_datasets
891,42164.233748678,1.0,1738629731.613141,,7.301559890038334e-08,1.0,0.001,1,16,40x40,PrototypicalNetwork,5,5,Greek,Egyptian,False,10,4000,2,exp1_permuted_src_datasets
892,42164.349529323,1.0,1738629731.72892,,1.7881392366803084e-08,1.0,0.001,1,16,40x40,PrototypicalNetwork,5,5,Greek,Egyptian,False,10,4000,2,exp1_permuted_src_datasets
893,42164.468522842,1.0,1738629731.8478837,,8.940696183401542e-09,1.0,0.001,1,16,40x40,PrototypicalNetwork,5,5,Greek,Egyptian,False,10,4000,2,exp1_permuted_src_datasets
894,42164.58800587,1.0,1738629731.9673784,,1.0430811769879256e-08,1.0,0.001,1,16,40x40,PrototypicalNetwork,5,5,Greek,Egyptian,False,10,4000,2,exp1_permuted_src_datasets
895,42164.724742802,1.0,1738629732.1041698,,5.960464122267695e-09,1.0,0.001,1,16,40x40,PrototypicalNetwork,5,5,Greek,Egyptian,False,10,4000,2,exp1_permuted_src_datasets
896,42164.82967764,1.0,1738629732.209044,,1.3411042054656264e-08,1.0,0.001,1,16,40x40,PrototypicalNetwork,5,5,Greek,Egyptian,False,10,4000,2,exp1_permuted_src_datasets
897,42164.952825213,1.0,1738629732.3322165,,1.3411043831013103e-08,1.0,0.001,1,16,40x40,PrototypicalNetwork,5,5,Greek,Egyptian,False,10,4000,2,exp1_permuted_src_datasets
898,42165.107777701,1.0,1738629732.4871483,,5.364414690234298e-08,1.0,0.001,1,16,40x40,PrototypicalNetwork,5,5,Greek,Egyptian,False,10,4000,2,exp1_permuted_src_datasets
899,42165.294900691,1.0,1738629732.6742713,,1.7881388814089405e-08,1.0,0.001,1,16,40x40,PrototypicalNetwork,5,5,Greek,Egyptian,False,10,4000,2,exp1_permuted_src_datasets
900,42165.3957236,1.0,1738629732.7751136,,1.192092735635697e-08,1.0,0.001,1,16,40x40,PrototypicalNetwork,5,5,Greek,Egyptian,False,10,4000,2,exp1_permuted_src_datasets
901,42165.50302591,1.0,1738629732.8823993,,1.3411043831013103e-08,1.0,0.001,1,16,40x40,PrototypicalNetwork,5,5,Greek,Egyptian,False,10,4000,2,exp1_permuted_src_datasets
902,42165.625530316,1.0,1738629733.0048864,,7.4505797087454084e-09,1.0,0.001,1,16,40x40,PrototypicalNetwork,5,5,Greek,Egyptian,False,10,4000,2,exp1_permuted_src_datasets
903,42165.728603752,1.0,1738629733.1079793,,1.9371507065102378e-08,1.0,0.001,1,16,40x40,PrototypicalNetwork,5,5,Greek,Egyptian,False,10,4000,2,exp1_permuted_src_datasets
904,42165.824404616,1.0,1738629733.203821,,1.3411043831013103e-08,1.0,0.001,1,16,40x40,PrototypicalNetwork,5,5,Greek,Egyptian,False,10,4000,2,exp1_permuted_src_datasets
905,42165.941031875,1.0,1738629733.320343,,7.4505797087454084e-09,1.0,0.001,1,16,40x40,PrototypicalNetwork,5,5,Greek,Egyptian,False,10,4000,2,exp1_permuted_src_datasets
906,42166.087672115,1.0,1738629733.46704,,1.7881387037732566e-08,1.0,0.001,1,16,40x40,PrototypicalNetwork,5,5,Greek,Egyptian,False,10,4000,2,exp1_permuted_src_datasets
907,42166.246044158,1.0,1738629733.625411,,1.0430811769879256e-08,1.0,0.001,1,16,40x40,PrototypicalNetwork,5,5,Greek,Egyptian,False,10,4000,2,exp1_permuted_src_datasets
908,42166.367986886,1.0,1738629733.7473419,,4.470348091700771e-09,1.0,0.001,1,16,40x40,PrototypicalNetwork,5,5,Greek,Egyptian,False,10,4000,2,exp1_permuted_src_datasets
909,42166.490201104,1.0,1738629733.8695593,,1.4901160305669237e-09,1.0,0.001,1,16,40x40,PrototypicalNetwork,5,5,Greek,Egyptian,False,10,4000,2,exp1_permuted_src_datasets
910,42166.607939923,1.0,1738629733.9872966,,3.278254467886654e-08,1.0,0.001,1,16,40x40,PrototypicalNetwork,5,5,Greek,Egyptian,False,10,4000,2,exp1_permuted_src_datasets
911,42166.806793312,1.0,1738629734.186099,,1.192092646817855e-08,1.0,0.001,1,16,40x40,PrototypicalNetwork,5,5,Greek,Egyptian,False,10,4000,2,exp1_permuted_src_datasets
912,42166.916583823,1.0,1738629734.2959764,,1.3411043831013103e-08,1.0,0.001,1,16,40x40,PrototypicalNetwork,5,5,Greek,Egyptian,False,10,4000,2,exp1_permuted_src_datasets
913,42167.041423877,1.0,1738629734.4208064,,7.4505797087454084e-09,1.0,0.001,1,16,40x40,PrototypicalNetwork,5,5,Greek,Egyptian,False,10,4000,2,exp1_permuted_src_datasets
914,42167.136226046,1.0,1738629734.5155945,,8.940696183401542e-09,1.0,0.001,1,16,40x40,PrototypicalNetwork,5,5,Greek,Egyptian,False,10,4000,2,exp1_permuted_src_datasets
915,42167.273928396,1.0,1738629734.6532974,,2.9802318390892424e-09,1.0,0.001,1,16,40x40,PrototypicalNetwork,5,5,Greek,Egyptian,False,10,4000,2,exp1_permuted_src_datasets
916,42167.426733174,1.0,1738629734.8060997,,1.4901158529312397e-08,1.0,0.001,1,16,40x40,PrototypicalNetwork,5,5,Greek,Egyptian,False,10,4000,2,exp1_permuted_src_datasets
917,42167.561525531,1.0,1738629734.9408505,,5.960464122267695e-09,1.0,0.001,1,16,40x40,PrototypicalNetwork,5,5,Greek,Egyptian,False,10,4000,2,exp1_permuted_src_datasets
918,42167.662491894,1.0,1738629735.0418768,,4.470348091700771e-09,1.0,0.001,1,16,40x40,PrototypicalNetwork,5,5,Greek,Egyptian,False,10,4000,2,exp1_permuted_src_datasets
919,42167.78090124,1.0,1738629735.1602788,,1.0430811769879256e-08,1.0,0.001,1,16,40x40,PrototypicalNetwork,5,5,Greek,Egyptian,False,10,4000,2,exp1_permuted_src_datasets
920,42167.874720384,1.0,1738629735.254091,,4.470348091700771e-09,1.0,0.001,1,16,40x40,PrototypicalNetwork,5,5,Greek,Egyptian,False,10,4000,2,exp1_permuted_src_datasets
921,42168.002185221,1.0,1738629735.38158,,1.0430811769879256e-08,1.0,0.001,1,16,40x40,PrototypicalNetwork,5,5,Greek,Egyptian,False,10,4000,2,exp1_permuted_src_datasets
922,42168.117764102,1.0,1738629735.4971368,,3.576277052275145e-08,1.0,0.001,1,16,40x40,PrototypicalNetwork,5,5,Greek,Egyptian,False,10,4000,2,exp1_permuted_src_datasets
923,42168.215437495,1.0,1738629735.5947788,,2.2351732908987287e-08,1.0,0.001,1,16,40x40,PrototypicalNetwork,5,5,Greek,Egyptian,False,10,4000,2,exp1_permuted_src_datasets
924,42168.32373048,1.0,1738629735.703102,,2.9802320611338473e-09,1.0,0.001,1,16,40x40,PrototypicalNetwork,5,5,Greek,Egyptian,False,10,4000,2,exp1_permuted_src_datasets
925,42168.46175766,1.0,1738629735.8411477,,2.086162353975851e-08,1.0,0.001,1,16,40x40,PrototypicalNetwork,5,5,Greek,Egyptian,False,10,4000,2,exp1_permuted_src_datasets
926,42168.574019389,1.0,1738629735.9533985,,1.4901160305669237e-09,1.0,0.001,1,16,40x40,PrototypicalNetwork,5,5,Greek,Egyptian,False,10,4000,2,exp1_permuted_src_datasets
927,42168.676250483,1.0,1738629736.055655,,1.7881387037732566e-08,1.0,0.001,1,16,40x40,PrototypicalNetwork,5,5,Greek,Egyptian,False,10,4000,2,exp1_permuted_src_datasets
928,42168.761119013,1.0,1738629736.1405053,,8.940696183401542e-09,1.0,0.001,1,16,40x40,PrototypicalNetwork,5,5,Greek,Egyptian,False,10,4000,2,exp1_permuted_src_datasets
929,42168.867028523,1.0,1738629736.2464352,,5.960463678178485e-09,1.0,0.001,1,16,40x40,PrototypicalNetwork,5,5,Greek,Egyptian,False,10,4000,2,exp1_permuted_src_datasets
930,42168.95907614,1.0,1738629736.3384478,,5.960463234089275e-09,1.0,0.001,1,16,40x40,PrototypicalNetwork,5,5,Greek,Egyptian,False,10,4000,2,exp1_permuted_src_datasets
931,42169.094652113,1.0,1738629736.474035,,4.470348091700771e-09,1.0,0.001,1,16,40x40,PrototypicalNetwork,5,5,Greek,Egyptian,False,10,4000,2,exp1_permuted_src_datasets
932,42169.20663364,1.0,1738629736.5860198,,5.960463678178485e-09,1.0,0.001,1,16,40x40,PrototypicalNetwork,5,5,Greek,Egyptian,False,10,4000,2,exp1_permuted_src_datasets
933,42169.364090519,1.0,1738629736.7434359,,5.960463678178485e-09,1.0,0.001,1,16,40x40,PrototypicalNetwork,5,5,Greek,Egyptian,False,10,4000,2,exp1_permuted_src_datasets
934,42169.477269805,1.0,1738629736.8566146,,4.470348091700771e-09,1.0,0.001,1,16,40x40,PrototypicalNetwork,5,5,Greek,Egyptian,False,10,4000,2,exp1_permuted_src_datasets
935,42169.634984092,1.0,1738629737.0142994,,2.9802320611338473e-09,1.0,0.001,1,16,40x40,PrototypicalNetwork,5,5,Greek,Egyptian,False,10,4000,2,exp1_permuted_src_datasets
936,42169.748132506,1.0,1738629737.1275086,,5.960464122267695e-09,1.0,0.001,1,16,40x40,PrototypicalNetwork,5,5,Greek,Egyptian,False,10,4000,2,exp1_permuted_src_datasets
937,42169.867777103,1.0,1738629737.247143,,1.4901160305669237e-09,1.0,0.001,1,16,40x40,PrototypicalNetwork,5,5,Greek,Egyptian,False,10,4000,2,exp1_permuted_src_datasets
938,42169.999930208,1.0,1738629737.379311,,5.960463678178485e-09,1.0,0.001,1,16,40x40,PrototypicalNetwork,5,5,Greek,Egyptian,False,10,4000,2,exp1_permuted_src_datasets
939,42170.167216426,1.0,1738629737.5466003,,2.9802320611338473e-09,1.0,0.001,1,16,40x40,PrototypicalNetwork,5,5,Greek,Egyptian,False,10,4000,2,exp1_permuted_src_datasets
940,42170.288100696,1.0,1738629737.667482,,1.0430811769879256e-08,1.0,0.001,1,16,40x40,PrototypicalNetwork,5,5,Greek,Egyptian,False,10,4000,2,exp1_permuted_src_datasets
941,42170.401814483,1.0,1738629737.7811472,,5.960464122267695e-09,1.0,0.001,1,16,40x40,PrototypicalNetwork,5,5,Greek,Egyptian,False,10,4000,2,exp1_permuted_src_datasets
942,42170.509090206,1.0,1738629737.8884718,,4.470348091700771e-09,1.0,0.001,1,16,40x40,PrototypicalNetwork,5,5,Greek,Egyptian,False,10,4000,2,exp1_permuted_src_datasets
943,42170.623407334,1.0,1738629738.002773,,2.9802320611338473e-09,1.0,0.001,1,16,40x40,PrototypicalNetwork,5,5,Greek,Egyptian,False,10,4000,2,exp1_permuted_src_datasets
944,42170.735123476,1.0,1738629738.1144927,,7.4505797087454084e-09,1.0,0.001,1,16,40x40,PrototypicalNetwork,5,5,Greek,Egyptian,False,10,4000,2,exp1_permuted_src_datasets
945,42170.892418017,1.0,1738629738.2718062,,5.960463678178485e-09,1.0,0.001,1,16,40x40,PrototypicalNetwork,5,5,Greek,Egyptian,False,10,4000,2,exp1_permuted_src_datasets
946,42171.037676873,1.0,1738629738.4169786,,8.940696183401542e-09,1.0,0.001,1,16,40x40,PrototypicalNetwork,5,5,Greek,Egyptian,False,10,4000,2,exp1_permuted_src_datasets
947,42171.151551066,1.0,1738629738.5309193,,8.940696183401542e-09,1.0,0.001,1,16,40x40,PrototypicalNetwork,5,5,Greek,Egyptian,False,10,4000,2,exp1_permuted_src_datasets
948,44726.139907657,1.0,1738632293.4800956,0.9392999999523163,,,0.001,1,16,40x40,PrototypicalNetwork,5,5,Greek,Egyptian,False,10,4000,2,exp1_permuted_src_datasets
949,44726.184035467,1.0,1738632293.5634358,,5.960463678178485e-09,1.0,0.001,1,16,40x40,PrototypicalNetwork,5,5,Greek,Egyptian,False,10,4000,2,exp1_permuted_src_datasets
950,44726.314574192,1.0,1738632293.6939628,,1.0430811769879256e-08,1.0,0.001,1,16,40x40,PrototypicalNetwork,5,5,Greek,Egyptian,False,10,4000,2,exp1_permuted_src_datasets
951,44726.412663632,1.0,1738632293.7920308,,1.639127411579011e-08,1.0,0.001,1,16,40x40,PrototypicalNetwork,5,5,Greek,Egyptian,False,10,4000,2,exp1_permuted_src_datasets
952,44726.543128843,1.0,1738632293.9225032,,5.960464122267695e-09,1.0,0.001,1,16,40x40,PrototypicalNetwork,5,5,Greek,Egyptian,False,10,4000,2,exp1_permuted_src_datasets
953,44726.642237695,1.0,1738632294.021655,,4.470348091700771e-09,1.0,0.001,1,16,40x40,PrototypicalNetwork,5,5,Greek,Egyptian,False,10,4000,2,exp1_permuted_src_datasets
954,44726.780535974,1.0,1738632294.159921,,2.9802317058624794e-08,1.0,0.001,1,16,40x40,PrototypicalNetwork,5,5,Greek,Egyptian,False,10,4000,2,exp1_permuted_src_datasets
955,44726.86891788,1.0,1738632294.2482915,,2.9802320611338473e-09,1.0,0.001,1,16,40x40,PrototypicalNetwork,5,5,Greek,Egyptian,False,10,4000,2,exp1_permuted_src_datasets
956,44727.062298974,1.0,1738632294.4416702,,2.0861621763401672e-08,1.0,0.001,1,16,40x40,PrototypicalNetwork,5,5,Greek,Egyptian,False,10,4000,2,exp1_permuted_src_datasets
957,44727.150963461,1.0,1738632294.530306,,1.639127411579011e-08,1.0,0.001,1,16,40x40,PrototypicalNetwork,5,5,Greek,Egyptian,False,10,4000,2,exp1_permuted_src_datasets
958,44727.266442081,1.0,1738632294.6458154,,2.38418529363571e-08,1.0,0.001,1,16,40x40,PrototypicalNetwork,5,5,Greek,Egyptian,False,10,4000,2,exp1_permuted_src_datasets
959,44727.353611593,1.0,1738632294.7329917,,2.5331967634656394e-08,1.0,0.001,1,16,40x40,PrototypicalNetwork,5,5,Greek,Egyptian,False,10,4000,2,exp1_permuted_src_datasets
960,44727.481467048,1.0,1738632294.8608522,,1.4901154088420299e-08,1.0,0.001,1,16,40x40,PrototypicalNetwork,5,5,Greek,Egyptian,False,10,4000,2,exp1_permuted_src_datasets
961,44727.583842853,1.0,1738632294.9631622,,8.940696183401542e-09,1.0,0.001,1,16,40x40,PrototypicalNetwork,5,5,Greek,Egyptian,False,10,4000,2,exp1_permuted_src_datasets
962,44727.70345726,1.0,1738632295.0828524,,0.0,1.0,0.001,1,16,40x40,PrototypicalNetwork,5,5,Greek,Egyptian,False,10,4000,2,exp1_permuted_src_datasets
963,44727.833433952,1.0,1738632295.2128153,,2.9802311729554276e-08,1.0,0.001,1,16,40x40,PrototypicalNetwork,5,5,Greek,Egyptian,False,10,4000,2,exp1_permuted_src_datasets
964,44727.948819378,1.0,1738632295.3281934,,7.4505797087454084e-09,1.0,0.001,1,16,40x40,PrototypicalNetwork,5,5,Greek,Egyptian,False,10,4000,2,exp1_permuted_src_datasets
965,44728.113155819,1.0,1738632295.492492,,7.4505792646561986e-09,1.0,0.001,1,16,40x40,PrototypicalNetwork,5,5,Greek,Egyptian,False,10,4000,2,exp1_permuted_src_datasets
966,44728.250161985,1.0,1738632295.6294787,,5.960464122267695e-09,1.0,0.001,1,16,40x40,PrototypicalNetwork,5,5,Greek,Egyptian,False,10,4000,2,exp1_permuted_src_datasets
967,44728.354924607,1.0,1738632295.7343,,2.086162353975851e-08,1.0,0.001,1,16,40x40,PrototypicalNetwork,5,5,Greek,Egyptian,False,10,4000,2,exp1_permuted_src_datasets
968,44728.467865481,1.0,1738632295.8472443,,2.9802320611338473e-09,1.0,0.001,1,16,40x40,PrototypicalNetwork,5,5,Greek,Egyptian,False,10,4000,2,exp1_permuted_src_datasets
969,44728.594859381,1.0,1738632295.9742475,,8.940696183401542e-09,1.0,0.001,1,16,40x40,PrototypicalNetwork,5,5,Greek,Egyptian,False,10,4000,2,exp1_permuted_src_datasets
970,44728.736049411,1.0,1738632296.1154227,,1.3411042054656264e-08,1.0,0.001,1,16,40x40,PrototypicalNetwork,5,5,Greek,Egyptian,False,10,4000,2,exp1_permuted_src_datasets
971,44728.841772646,1.0,1738632296.22116,,1.639127411579011e-08,1.0,0.001,1,16,40x40,PrototypicalNetwork,5,5,Greek,Egyptian,False,10,4000,2,exp1_permuted_src_datasets
972,44729.031301008,1.0,1738632296.410654,,2.6822082332955688e-08,1.0,0.001,1,16,40x40,PrototypicalNetwork,5,5,Greek,Egyptian,False,10,4000,2,exp1_permuted_src_datasets
973,44729.173855514,1.0,1738632296.5532508,,1.3411043831013103e-08,1.0,0.001,1,16,40x40,PrototypicalNetwork,5,5,Greek,Egyptian,False,10,4000,2,exp1_permuted_src_datasets
974,44729.313531817,1.0,1738632296.6928957,,2.9802320611338473e-09,1.0,0.001,1,16,40x40,PrototypicalNetwork,5,5,Greek,Egyptian,False,10,4000,2,exp1_permuted_src_datasets
975,44729.458935399,1.0,1738632296.8383062,,2.9802320611338473e-09,1.0,0.001,1,16,40x40,PrototypicalNetwork,5,5,Greek,Egyptian,False,10,4000,2,exp1_permuted_src_datasets
976,44729.571384641,1.0,1738632296.9507616,,7.4505797087454084e-09,1.0,0.001,1,16,40x40,PrototypicalNetwork,5,5,Greek,Egyptian,False,10,4000,2,exp1_permuted_src_datasets
977,44729.702798732,1.0,1738632297.0822036,,5.960463678178485e-09,1.0,0.001,1,16,40x40,PrototypicalNetwork,5,5,Greek,Egyptian,False,10,4000,2,exp1_permuted_src_datasets
978,44729.824240217,1.0,1738632297.2036076,,5.960464122267695e-09,1.0,0.001,1,16,40x40,PrototypicalNetwork,5,5,Greek,Egyptian,False,10,4000,2,exp1_permuted_src_datasets
979,44729.985449065,1.0,1738632297.3648088,,4.470347647611561e-09,1.0,0.001,1,16,40x40,PrototypicalNetwork,5,5,Greek,Egyptian,False,10,4000,2,exp1_permuted_src_datasets
980,44730.17232291,1.0,1738632297.5516853,,8.940696183401542e-09,1.0,0.001,1,16,40x40,PrototypicalNetwork,5,5,Greek,Egyptian,False,10,4000,2,exp1_permuted_src_datasets
981,44730.329791768,1.0,1738632297.7091599,,1.192092735635697e-08,1.0,0.001,1,16,40x40,PrototypicalNetwork,5,5,Greek,Egyptian,False,10,4000,2,exp1_permuted_src_datasets
982,44730.4392938,1.0,1738632297.8187277,,2.9802320611338473e-09,1.0,0.001,1,16,40x40,PrototypicalNetwork,5,5,Greek,Egyptian,False,10,4000,2,exp1_permuted_src_datasets
983,44730.566935,1.0,1738632297.9463053,,5.960464122267695e-09,1.0,0.001,1,16,40x40,PrototypicalNetwork,5,5,Greek,Egyptian,False,10,4000,2,exp1_permuted_src_datasets
984,44730.720393619,1.0,1738632298.0997705,,5.960463678178485e-09,1.0,0.001,1,16,40x40,PrototypicalNetwork,5,5,Greek,Egyptian,False,10,4000,2,exp1_permuted_src_datasets
985,44730.901777423,1.0,1738632298.281155,,5.960464122267695e-09,1.0,0.001,1,16,40x40,PrototypicalNetwork,5,5,Greek,Egyptian,False,10,4000,2,exp1_permuted_src_datasets
986,44731.043125474,1.0,1738632298.4224484,,2.9802320611338473e-09,1.0,0.001,1,16,40x40,PrototypicalNetwork,5,5,Greek,Egyptian,False,10,4000,2,exp1_permuted_src_datasets
987,44731.178781363,1.0,1738632298.558113,,7.4505797087454084e-09,1.0,0.001,1,16,40x40,PrototypicalNetwork,5,5,Greek,Egyptian,False,10,4000,2,exp1_permuted_src_datasets
988,44731.287059291,1.0,1738632298.6664364,,3.278253402072551e-08,1.0,0.001,1,16,40x40,PrototypicalNetwork,5,5,Greek,Egyptian,False,10,4000,2,exp1_permuted_src_datasets
989,44731.410800556,1.0,1738632298.7901433,,5.960463678178485e-09,1.0,0.001,1,16,40x40,PrototypicalNetwork,5,5,Greek,Egyptian,False,10,4000,2,exp1_permuted_src_datasets
990,44731.532885952,1.0,1738632298.912261,,2.9802320611338473e-09,1.0,0.001,1,16,40x40,PrototypicalNetwork,5,5,Greek,Egyptian,False,10,4000,2,exp1_permuted_src_datasets
991,44731.665305099,1.0,1738632299.0446851,,2.9802320611338473e-09,1.0,0.001,1,16,40x40,PrototypicalNetwork,5,5,Greek,Egyptian,False,10,4000,2,exp1_permuted_src_datasets
992,44731.766347049,1.0,1738632299.1457367,,1.0430811769879256e-08,1.0,0.001,1,16,40x40,PrototypicalNetwork,5,5,Greek,Egyptian,False,10,4000,2,exp1_permuted_src_datasets
993,44731.8657393,1.0,1738632299.2451174,,4.917380991287246e-08,1.0,0.001,1,16,40x40,PrototypicalNetwork,5,5,Greek,Egyptian,False,10,4000,2,exp1_permuted_src_datasets
994,44731.952616355,1.0,1738632299.3320012,,2.5331965858299554e-08,1.0,0.001,1,16,40x40,PrototypicalNetwork,5,5,Greek,Egyptian,False,10,4000,2,exp1_permuted_src_datasets
995,44732.041773446,1.0,1738632299.421153,,8.940696183401542e-09,1.0,0.001,1,16,40x40,PrototypicalNetwork,5,5,Greek,Egyptian,False,10,4000,2,exp1_permuted_src_datasets
996,44732.147768056,1.0,1738632299.527171,,2.5331967634656394e-08,1.0,0.001,1,16,40x40,PrototypicalNetwork,5,5,Greek,Egyptian,False,10,4000,2,exp1_permuted_src_datasets
997,44732.266790378,1.0,1738632299.6461713,,1.0430810881700836e-08,1.0,0.001,1,16,40x40,PrototypicalNetwork,5,5,Greek,Egyptian,False,10,4000,2,exp1_permuted_src_datasets
998,44732.445827086,1.0,1738632299.8252025,,7.4505797087454084e-09,1.0,0.001,1,16,40x40,PrototypicalNetwork,5,5,Greek,Egyptian,False,10,4000,2,exp1_permuted_src_datasets
999,44732.612233485,1.0,1738632299.9915974,,1.7881390590446244e-08,1.0,0.001,1,16,40x40,PrototypicalNetwork,5,5,Greek,Egyptian,False,10,4000,2,exp1_permuted_src_datasets
1000,44732.719617069,1.0,1738632300.0990036,,1.3411043831013103e-08,1.0,0.001,1,16,40x40,PrototypicalNetwork,5,5,Greek,Egyptian,False,10,4000,2,exp1_permuted_src_datasets
1001,44732.873720154,1.0,1738632300.253059,,1.3411042054656264e-08,1.0,0.001,1,16,40x40,PrototypicalNetwork,5,5,Greek,Egyptian,False,10,4000,2,exp1_permuted_src_datasets
1002,44732.965527325,1.0,1738632300.344906,,2.9802320611338473e-09,1.0,0.001,1,16,40x40,PrototypicalNetwork,5,5,Greek,Egyptian,False,10,4000,2,exp1_permuted_src_datasets
1003,44733.109767008,1.0,1738632300.4891484,,1.639127411579011e-08,1.0,0.001,1,16,40x40,PrototypicalNetwork,5,5,Greek,Egyptian,False,10,4000,2,exp1_permuted_src_datasets
1004,44733.265438088,1.0,1738632300.6447449,,4.470348091700771e-09,1.0,0.001,1,16,40x40,PrototypicalNetwork,5,5,Greek,Egyptian,False,10,4000,2,exp1_permuted_src_datasets
1005,44733.411874101,1.0,1738632300.7912269,,8.940695295223122e-09,1.0,0.001,1,16,40x40,PrototypicalNetwork,5,5,Greek,Egyptian,False,10,4000,2,exp1_permuted_src_datasets
1006,44733.537959846,1.0,1738632300.9173584,,7.4505797087454084e-09,1.0,0.001,1,16,40x40,PrototypicalNetwork,5,5,Greek,Egyptian,False,10,4000,2,exp1_permuted_src_datasets
1007,44733.689914878,1.0,1738632301.0692935,,0.0,1.0,0.001,1,16,40x40,PrototypicalNetwork,5,5,Greek,Egyptian,False,10,4000,2,exp1_permuted_src_datasets
1008,44733.842268877,1.0,1738632301.2216516,,2.9802320611338473e-09,1.0,0.001,1,16,40x40,PrototypicalNetwork,5,5,Greek,Egyptian,False,10,4000,2,exp1_permuted_src_datasets
1009,44733.987781312,1.0,1738632301.367131,,1.3411043831013103e-08,1.0,0.001,1,16,40x40,PrototypicalNetwork,5,5,Greek,Egyptian,False,10,4000,2,exp1_permuted_src_datasets
1010,44734.105908295,1.0,1738632301.4852817,,3.129242287513989e-08,1.0,0.001,1,16,40x40,PrototypicalNetwork,5,5,Greek,Egyptian,False,10,4000,2,exp1_permuted_src_datasets
1011,47266.347874801,1.0,1738634833.6849332,0.9407999994754791,,,0.001,1,16,40x40,PrototypicalNetwork,5,5,Greek,Egyptian,False,10,4000,2,exp1_permuted_src_datasets
1012,47266.43291977,1.0,1738634833.8123143,,1.4901160305669237e-09,1.0,0.001,1,16,40x40,PrototypicalNetwork,5,5,Greek,Egyptian,False,10,4000,2,exp1_permuted_src_datasets
1013,47266.554555649,1.0,1738634833.9338667,,1.0430809993522416e-08,1.0,0.001,1,16,40x40,PrototypicalNetwork,5,5,Greek,Egyptian,False,10,4000,2,exp1_permuted_src_datasets
1014,47266.658218938,1.0,1738634834.0375977,,8.940696183401542e-09,1.0,0.001,1,16,40x40,PrototypicalNetwork,5,5,Greek,Egyptian,False,10,4000,2,exp1_permuted_src_datasets
1015,47266.780077945,1.0,1738634834.1594207,,2.9802320611338473e-09,1.0,0.001,1,16,40x40,PrototypicalNetwork,5,5,Greek,Egyptian,False,10,4000,2,exp1_permuted_src_datasets
1016,47266.96115942,1.0,1738634834.3405435,,4.470348091700771e-09,1.0,0.001,1,16,40x40,PrototypicalNetwork,5,5,Greek,Egyptian,False,10,4000,2,exp1_permuted_src_datasets
1017,47267.065502968,1.0,1738634834.4448898,,1.639127411579011e-08,1.0,0.001,1,16,40x40,PrototypicalNetwork,5,5,Greek,Egyptian,False,10,4000,2,exp1_permuted_src_datasets
1018,47267.206104441,1.0,1738634834.5854738,,8.940696183401542e-09,1.0,0.001,1,16,40x40,PrototypicalNetwork,5,5,Greek,Egyptian,False,10,4000,2,exp1_permuted_src_datasets
1019,47267.357840827,1.0,1738634834.737209,,1.4901160305669237e-09,1.0,0.001,1,16,40x40,PrototypicalNetwork,5,5,Greek,Egyptian,False,10,4000,2,exp1_permuted_src_datasets
1020,47267.534334949,1.0,1738634834.913711,,8.940696183401542e-09,1.0,0.001,1,16,40x40,PrototypicalNetwork,5,5,Greek,Egyptian,False,10,4000,2,exp1_permuted_src_datasets
1021,47267.663010841,1.0,1738634835.0423021,,1.4901158529312397e-08,1.0,0.001,1,16,40x40,PrototypicalNetwork,5,5,Greek,Egyptian,False,10,4000,2,exp1_permuted_src_datasets
1022,47267.793258188,1.0,1738634835.1726036,,1.4901160305669237e-09,1.0,0.001,1,16,40x40,PrototypicalNetwork,5,5,Greek,Egyptian,False,10,4000,2,exp1_permuted_src_datasets
1023,47267.900878286,1.0,1738634835.2802632,,5.960464122267695e-09,1.0,0.001,1,16,40x40,PrototypicalNetwork,5,5,Greek,Egyptian,False,10,4000,2,exp1_permuted_src_datasets
1024,47268.053436943,1.0,1738634835.4328153,,0.0,1.0,0.001,1,16,40x40,PrototypicalNetwork,5,5,Greek,Egyptian,False,10,4000,2,exp1_permuted_src_datasets
1025,47268.141759068,1.0,1738634835.521136,,2.98022992950564e-08,1.0,0.001,1,16,40x40,PrototypicalNetwork,5,5,Greek,Egyptian,False,10,4000,2,exp1_permuted_src_datasets
1026,47268.22575756,1.0,1738634835.6051168,,5.960464122267695e-09,1.0,0.001,1,16,40x40,PrototypicalNetwork,5,5,Greek,Egyptian,False,10,4000,2,exp1_permuted_src_datasets
1027,47268.382837909,1.0,1738634835.7622204,,1.3411041166477844e-08,1.0,0.001,1,16,40x40,PrototypicalNetwork,5,5,Greek,Egyptian,False,10,4000,2,exp1_permuted_src_datasets
1028,47268.518370624,1.0,1738634835.8976567,,1.4901160305669237e-09,1.0,0.001,1,16,40x40,PrototypicalNetwork,5,5,Greek,Egyptian,False,10,4000,2,exp1_permuted_src_datasets
1029,47268.619443912,1.0,1738634835.998785,,1.7881392366803084e-08,1.0,0.001,1,16,40x40,PrototypicalNetwork,5,5,Greek,Egyptian,False,10,4000,2,exp1_permuted_src_datasets
1030,47268.781500203,1.0,1738634836.160886,,2.9802320611338473e-09,1.0,0.001,1,16,40x40,PrototypicalNetwork,5,5,Greek,Egyptian,False,10,4000,2,exp1_permuted_src_datasets
1031,47268.881865176,1.0,1738634836.2612643,,1.4901158529312397e-08,1.0,0.001,1,16,40x40,PrototypicalNetwork,5,5,Greek,Egyptian,False,10,4000,2,exp1_permuted_src_datasets
1032,47269.07608574,1.0,1738634836.4554474,,2.9802320611338473e-09,1.0,0.001,1,16,40x40,PrototypicalNetwork,5,5,Greek,Egyptian,False,10,4000,2,exp1_permuted_src_datasets
1033,47269.235667161,1.0,1738634836.6150742,,7.4505792646561986e-09,1.0,0.001,1,16,40x40,PrototypicalNetwork,5,5,Greek,Egyptian,False,10,4000,2,exp1_permuted_src_datasets
1034,47269.440415858,1.0,1738634836.8197877,,4.470348091700771e-09,1.0,0.001,1,16,40x40,PrototypicalNetwork,5,5,Greek,Egyptian,False,10,4000,2,exp1_permuted_src_datasets
1035,47269.586811483,1.0,1738634836.9661698,,4.470348091700771e-09,1.0,0.001,1,16,40x40,PrototypicalNetwork,5,5,Greek,Egyptian,False,10,4000,2,exp1_permuted_src_datasets
1036,47269.849280371,1.0,1738634837.2286677,,1.4901159417490817e-08,1.0,0.001,1,16,40x40,PrototypicalNetwork,5,5,Greek,Egyptian,False,10,4000,2,exp1_permuted_src_datasets
1037,47269.953646276,1.0,1738634837.3329802,,5.960464122267695e-09,1.0,0.001,1,16,40x40,PrototypicalNetwork,5,5,Greek,Egyptian,False,10,4000,2,exp1_permuted_src_datasets
1038,47270.066428436,1.0,1738634837.445751,,1.0430810881700836e-08,1.0,0.001,1,16,40x40,PrototypicalNetwork,5,5,Greek,Egyptian,False,10,4000,2,exp1_permuted_src_datasets
1039,47270.171470538,1.0,1738634837.5508595,,7.4505797087454084e-09,1.0,0.001,1,16,40x40,PrototypicalNetwork,5,5,Greek,Egyptian,False,10,4000,2,exp1_permuted_src_datasets
1040,47270.270170021,1.0,1738634837.6495478,,0.0,1.0,0.001,1,16,40x40,PrototypicalNetwork,5,5,Greek,Egyptian,False,10,4000,2,exp1_permuted_src_datasets
1041,47270.379069552,1.0,1738634837.7584193,,0.0,1.0,0.001,1,16,40x40,PrototypicalNetwork,5,5,Greek,Egyptian,False,10,4000,2,exp1_permuted_src_datasets
1042,47270.509806713,1.0,1738634837.889172,,2.2351738238057806e-08,1.0,0.001,1,16,40x40,PrototypicalNetwork,5,5,Greek,Egyptian,False,10,4000,2,exp1_permuted_src_datasets
1043,47270.592203336,1.0,1738634837.9715812,,1.0430810881700836e-08,1.0,0.001,1,16,40x40,PrototypicalNetwork,5,5,Greek,Egyptian,False,10,4000,2,exp1_permuted_src_datasets
1044,47270.733607535,1.0,1738634838.112957,,2.9802320611338473e-09,1.0,0.001,1,16,40x40,PrototypicalNetwork,5,5,Greek,Egyptian,False,10,4000,2,exp1_permuted_src_datasets
1045,47270.857358449,1.0,1738634838.2367694,,1.4901156752955558e-08,1.0,0.001,1,16,40x40,PrototypicalNetwork,5,5,Greek,Egyptian,False,10,4000,2,exp1_permuted_src_datasets
1046,47270.980094682,1.0,1738634838.3594546,,4.470348091700771e-09,1.0,0.001,1,16,40x40,PrototypicalNetwork,5,5,Greek,Egyptian,False,10,4000,2,exp1_permuted_src_datasets
1047,47271.118539514,1.0,1738634838.497944,,8.940695295223122e-09,1.0,0.001,1,16,40x40,PrototypicalNetwork,5,5,Greek,Egyptian,False,10,4000,2,exp1_permuted_src_datasets
1048,47271.231137962,1.0,1738634838.6105201,,2.9802320611338473e-09,1.0,0.001,1,16,40x40,PrototypicalNetwork,5,5,Greek,Egyptian,False,10,4000,2,exp1_permuted_src_datasets
1049,47271.322459152,1.0,1738634838.7018461,,1.4901160305669237e-09,1.0,0.001,1,16,40x40,PrototypicalNetwork,5,5,Greek,Egyptian,False,10,4000,2,exp1_permuted_src_datasets
1050,47271.441407151,1.0,1738634838.8207912,,1.4901160305669237e-09,1.0,0.001,1,16,40x40,PrototypicalNetwork,5,5,Greek,Egyptian,False,10,4000,2,exp1_permuted_src_datasets
1051,47271.56130164,1.0,1738634838.9406781,,4.470348091700771e-09,1.0,0.001,1,16,40x40,PrototypicalNetwork,5,5,Greek,Egyptian,False,10,4000,2,exp1_permuted_src_datasets
1052,47271.652653801,1.0,1738634839.0320258,,4.470348091700771e-09,1.0,0.001,1,16,40x40,PrototypicalNetwork,5,5,Greek,Egyptian,False,10,4000,2,exp1_permuted_src_datasets
1053,47271.796944049,1.0,1738634839.176297,,2.9802318390892424e-09,1.0,0.001,1,16,40x40,PrototypicalNetwork,5,5,Greek,Egyptian,False,10,4000,2,exp1_permuted_src_datasets
1054,47271.925850346,1.0,1738634839.3052433,,2.9802320611338473e-09,1.0,0.001,1,16,40x40,PrototypicalNetwork,5,5,Greek,Egyptian,False,10,4000,2,exp1_permuted_src_datasets
1055,47272.061884775,1.0,1738634839.441257,,2.9802320611338473e-09,1.0,0.001,1,16,40x40,PrototypicalNetwork,5,5,Greek,Egyptian,False,10,4000,2,exp1_permuted_src_datasets
1056,47272.195340991,1.0,1738634839.574725,,1.4901160305669237e-09,1.0,0.001,1,16,40x40,PrototypicalNetwork,5,5,Greek,Egyptian,False,10,4000,2,exp1_permuted_src_datasets
1057,47272.327643964,1.0,1738634839.7070286,,2.9802320611338473e-09,1.0,0.001,1,16,40x40,PrototypicalNetwork,5,5,Greek,Egyptian,False,10,4000,2,exp1_permuted_src_datasets
1058,47272.495780779,1.0,1738634839.8752239,,1.7881387037732566e-08,1.0,0.001,1,16,40x40,PrototypicalNetwork,5,5,Greek,Egyptian,False,10,4000,2,exp1_permuted_src_datasets
1059,47272.608761502,1.0,1738634839.9881384,,2.9802320611338473e-09,1.0,0.001,1,16,40x40,PrototypicalNetwork,5,5,Greek,Egyptian,False,10,4000,2,exp1_permuted_src_datasets
1060,47272.695334329,1.0,1738634840.0747118,,0.0,1.0,0.001,1,16,40x40,PrototypicalNetwork,5,5,Greek,Egyptian,False,10,4000,2,exp1_permuted_src_datasets
1061,47272.865812777,1.0,1738634840.2452235,,2.9802320611338473e-09,1.0,0.001,1,16,40x40,PrototypicalNetwork,5,5,Greek,Egyptian,False,10,4000,2,exp1_permuted_src_datasets
1062,47273.030478354,1.0,1738634840.4098573,,1.4901160305669237e-09,1.0,0.001,1,16,40x40,PrototypicalNetwork,5,5,Greek,Egyptian,False,10,4000,2,exp1_permuted_src_datasets
1063,47273.132891173,1.0,1738634840.5122726,,8.940696183401542e-09,1.0,0.001,1,16,40x40,PrototypicalNetwork,5,5,Greek,Egyptian,False,10,4000,2,exp1_permuted_src_datasets
1064,47273.260636931,1.0,1738634840.640007,,0.0,1.0,0.001,1,16,40x40,PrototypicalNetwork,5,5,Greek,Egyptian,False,10,4000,2,exp1_permuted_src_datasets
1065,47273.393249505,1.0,1738634840.7726228,,4.470348091700771e-09,1.0,0.001,1,16,40x40,PrototypicalNetwork,5,5,Greek,Egyptian,False,10,4000,2,exp1_permuted_src_datasets
1066,47273.529253712,1.0,1738634840.9086382,,5.960464122267695e-09,1.0,0.001,1,16,40x40,PrototypicalNetwork,5,5,Greek,Egyptian,False,10,4000,2,exp1_permuted_src_datasets
1067,47273.678756982,1.0,1738634841.0581338,,2.9802320611338473e-09,1.0,0.001,1,16,40x40,PrototypicalNetwork,5,5,Greek,Egyptian,False,10,4000,2,exp1_permuted_src_datasets
1068,47273.807184402,1.0,1738634841.1865132,,7.4505797087454084e-09,1.0,0.001,1,16,40x40,PrototypicalNetwork,5,5,Greek,Egyptian,False,10,4000,2,exp1_permuted_src_datasets
1069,47273.946834737,1.0,1738634841.3262255,,1.4901160305669237e-09,1.0,0.001,1,16,40x40,PrototypicalNetwork,5,5,Greek,Egyptian,False,10,4000,2,exp1_permuted_src_datasets
1070,47274.063780115,1.0,1738634841.4431405,,8.940695295223122e-09,1.0,0.001,1,16,40x40,PrototypicalNetwork,5,5,Greek,Egyptian,False,10,4000,2,exp1_permuted_src_datasets
1071,47274.243736999,1.0,1738634841.623141,,5.960463678178485e-09,1.0,0.001,1,16,40x40,PrototypicalNetwork,5,5,Greek,Egyptian,False,10,4000,2,exp1_permuted_src_datasets
1072,47274.3421066,1.0,1738634841.7214994,,7.4505797087454084e-09,1.0,0.001,1,16,40x40,PrototypicalNetwork,5,5,Greek,Egyptian,False,10,4000,2,exp1_permuted_src_datasets
1073,47274.515309793,1.0,1738634841.894646,,4.470348091700771e-09,1.0,0.001,1,16,40x40,PrototypicalNetwork,5,5,Greek,Egyptian,False,10,4000,2,exp1_permuted_src_datasets
1074,49768.007892361,1.0,1738637335.3470452,0.9382499969005584,,,0.001,1,16,40x40,PrototypicalNetwork,5,5,Greek,Egyptian,False,10,4000,2,exp1_permuted_src_datasets
1075,49768.140262618,1.0,1738637335.5195963,,1.4901160305669237e-09,1.0,0.001,1,16,40x40,PrototypicalNetwork,5,5,Greek,Egyptian,False,10,4000,2,exp1_permuted_src_datasets
1076,49768.280162283,1.0,1738637335.6595476,,8.940696183401542e-09,1.0,0.001,1,16,40x40,PrototypicalNetwork,5,5,Greek,Egyptian,False,10,4000,2,exp1_permuted_src_datasets
1077,49768.443160185,1.0,1738637335.8225548,,4.470348091700771e-09,1.0,0.001,1,16,40x40,PrototypicalNetwork,5,5,Greek,Egyptian,False,10,4000,2,exp1_permuted_src_datasets
1078,49768.562088073,1.0,1738637335.9414816,,4.470348091700771e-09,1.0,0.001,1,16,40x40,PrototypicalNetwork,5,5,Greek,Egyptian,False,10,4000,2,exp1_permuted_src_datasets
1079,49768.701863419,1.0,1738637336.0812664,,1.0430811769879256e-08,1.0,0.001,1,16,40x40,PrototypicalNetwork,5,5,Greek,Egyptian,False,10,4000,2,exp1_permuted_src_datasets
1080,49768.822125161,1.0,1738637336.2014718,,7.4505797087454084e-09,1.0,0.001,1,16,40x40,PrototypicalNetwork,5,5,Greek,Egyptian,False,10,4000,2,exp1_permuted_src_datasets
1081,49768.967299035,1.0,1738637336.3466754,,2.6822084109312527e-08,1.0,0.001,1,16,40x40,PrototypicalNetwork,5,5,Greek,Egyptian,False,10,4000,2,exp1_permuted_src_datasets
1082,49769.106803363,1.0,1738637336.4861887,,1.4901160305669237e-09,1.0,0.001,1,16,40x40,PrototypicalNetwork,5,5,Greek,Egyptian,False,10,4000,2,exp1_permuted_src_datasets
1083,49769.248486835,1.0,1738637336.6279042,,4.470348091700771e-09,1.0,0.001,1,16,40x40,PrototypicalNetwork,5,5,Greek,Egyptian,False,10,4000,2,exp1_permuted_src_datasets
1084,49769.415907702,1.0,1738637336.7952354,,1.4901160305669237e-09,1.0,0.001,1,16,40x40,PrototypicalNetwork,5,5,Greek,Egyptian,False,10,4000,2,exp1_permuted_src_datasets
1085,49769.535533925,1.0,1738637336.9149008,,0.0,1.0,0.001,1,16,40x40,PrototypicalNetwork,5,5,Greek,Egyptian,False,10,4000,2,exp1_permuted_src_datasets
1086,49769.691078584,1.0,1738637337.0703893,,5.960463678178485e-09,1.0,0.001,1,16,40x40,PrototypicalNetwork,5,5,Greek,Egyptian,False,10,4000,2,exp1_permuted_src_datasets
1087,49769.808177339,1.0,1738637337.1875181,,2.9802320611338473e-09,1.0,0.001,1,16,40x40,PrototypicalNetwork,5,5,Greek,Egyptian,False,10,4000,2,exp1_permuted_src_datasets
1088,49769.95952293,1.0,1738637337.3388743,,5.960464122267695e-09,1.0,0.001,1,16,40x40,PrototypicalNetwork,5,5,Greek,Egyptian,False,10,4000,2,exp1_permuted_src_datasets
1089,49770.094057374,1.0,1738637337.4733694,,1.4901160305669237e-09,1.0,0.001,1,16,40x40,PrototypicalNetwork,5,5,Greek,Egyptian,False,10,4000,2,exp1_permuted_src_datasets
1090,49770.220788623,1.0,1738637337.600106,,5.960463678178485e-09,1.0,0.001,1,16,40x40,PrototypicalNetwork,5,5,Greek,Egyptian,False,10,4000,2,exp1_permuted_src_datasets
1091,49770.377346827,1.0,1738637337.7567084,,1.3411042054656264e-08,1.0,0.001,1,16,40x40,PrototypicalNetwork,5,5,Greek,Egyptian,False,10,4000,2,exp1_permuted_src_datasets
1092,49770.513526454,1.0,1738637337.8929062,,2.9802320611338473e-09,1.0,0.001,1,16,40x40,PrototypicalNetwork,5,5,Greek,Egyptian,False,10,4000,2,exp1_permuted_src_datasets
1093,49770.666755378,1.0,1738637338.0460482,,7.4505797087454084e-09,1.0,0.001,1,16,40x40,PrototypicalNetwork,5,5,Greek,Egyptian,False,10,4000,2,exp1_permuted_src_datasets
1094,49770.891475551,1.0,1738637338.2707975,,1.4901160305669237e-09,1.0,0.001,1,16,40x40,PrototypicalNetwork,5,5,Greek,Egyptian,False,10,4000,2,exp1_permuted_src_datasets
1095,49770.997437666,1.0,1738637338.3767998,,2.9802318390892424e-09,1.0,0.001,1,16,40x40,PrototypicalNetwork,5,5,Greek,Egyptian,False,10,4000,2,exp1_permuted_src_datasets
1096,49771.126746196,1.0,1738637338.5061278,,3.129242642785357e-08,1.0,0.001,1,16,40x40,PrototypicalNetwork,5,5,Greek,Egyptian,False,10,4000,2,exp1_permuted_src_datasets
1097,49771.217015604,1.0,1738637338.5964112,,2.9802320611338473e-09,1.0,0.001,1,16,40x40,PrototypicalNetwork,5,5,Greek,Egyptian,False,10,4000,2,exp1_permuted_src_datasets
1098,49771.393268171,1.0,1738637338.772585,,7.450578376477779e-09,1.0,0.001,1,16,40x40,PrototypicalNetwork,5,5,Greek,Egyptian,False,10,4000,2,exp1_permuted_src_datasets
1099,49771.504275642,1.0,1738637338.8836236,,4.470348091700771e-09,1.0,0.001,1,16,40x40,PrototypicalNetwork,5,5,Greek,Egyptian,False,10,4000,2,exp1_permuted_src_datasets
1100,49771.625034073,1.0,1738637339.0043836,,2.9802320611338473e-09,1.0,0.001,1,16,40x40,PrototypicalNetwork,5,5,Greek,Egyptian,False,10,4000,2,exp1_permuted_src_datasets
1101,49771.806538631,1.0,1738637339.185839,,1.4901160305669237e-09,1.0,0.001,1,16,40x40,PrototypicalNetwork,5,5,Greek,Egyptian,False,10,4000,2,exp1_permuted_src_datasets
1102,49772.006270134,1.0,1738637339.3856332,,7.4505797087454084e-09,1.0,0.001,1,16,40x40,PrototypicalNetwork,5,5,Greek,Egyptian,False,10,4000,2,exp1_permuted_src_datasets
1103,49772.186999556,1.0,1738637339.5662587,,2.9802320611338473e-09,1.0,0.001,1,16,40x40,PrototypicalNetwork,5,5,Greek,Egyptian,False,10,4000,2,exp1_permuted_src_datasets
1104,49772.36322146,1.0,1738637339.742589,,0.0,1.0,0.001,1,16,40x40,PrototypicalNetwork,5,5,Greek,Egyptian,False,10,4000,2,exp1_permuted_src_datasets
1105,49772.514715365,1.0,1738637339.894108,,4.470348091700771e-09,1.0,0.001,1,16,40x40,PrototypicalNetwork,5,5,Greek,Egyptian,False,10,4000,2,exp1_permuted_src_datasets
1106,49772.644393625,1.0,1738637340.0237868,,4.470348091700771e-09,1.0,0.001,1,16,40x40,PrototypicalNetwork,5,5,Greek,Egyptian,False,10,4000,2,exp1_permuted_src_datasets
1107,49772.750835693,1.0,1738637340.1301022,,2.9802320611338473e-09,1.0,0.001,1,16,40x40,PrototypicalNetwork,5,5,Greek,Egyptian,False,10,4000,2,exp1_permuted_src_datasets
1108,49772.853717469,1.0,1738637340.2331088,,5.960464122267695e-09,1.0,0.001,1,16,40x40,PrototypicalNetwork,5,5,Greek,Egyptian,False,10,4000,2,exp1_permuted_src_datasets
1109,49772.98184404,1.0,1738637340.3612266,,1.192092646817855e-08,1.0,0.001,1,16,40x40,PrototypicalNetwork,5,5,Greek,Egyptian,False,10,4000,2,exp1_permuted_src_datasets
1110,49773.137837077,1.0,1738637340.517221,,8.940695295223122e-09,1.0,0.001,1,16,40x40,PrototypicalNetwork,5,5,Greek,Egyptian,False,10,4000,2,exp1_permuted_src_datasets
1111,49773.258605646,1.0,1738637340.6379511,,4.470348091700771e-09,1.0,0.001,1,16,40x40,PrototypicalNetwork,5,5,Greek,Egyptian,False,10,4000,2,exp1_permuted_src_datasets
1112,49773.424342704,1.0,1738637340.8037176,,5.960464122267695e-09,1.0,0.001,1,16,40x40,PrototypicalNetwork,5,5,Greek,Egyptian,False,10,4000,2,exp1_permuted_src_datasets
1113,49773.544751047,1.0,1738637340.9241314,,1.4901160305669237e-09,1.0,0.001,1,16,40x40,PrototypicalNetwork,5,5,Greek,Egyptian,False,10,4000,2,exp1_permuted_src_datasets
1114,49773.691823208,1.0,1738637341.0711918,,0.0,1.0,0.001,1,16,40x40,PrototypicalNetwork,5,5,Greek,Egyptian,False,10,4000,2,exp1_permuted_src_datasets
1115,49773.825537182,1.0,1738637341.2048755,,0.0,1.0,0.001,1,16,40x40,PrototypicalNetwork,5,5,Greek,Egyptian,False,10,4000,2,exp1_permuted_src_datasets
1116,49773.911260208,1.0,1738637341.2906399,,8.940696183401542e-09,1.0,0.001,1,16,40x40,PrototypicalNetwork,5,5,Greek,Egyptian,False,10,4000,2,exp1_permuted_src_datasets
1117,49774.091469158,1.0,1738637341.4707994,,2.9802320611338473e-09,1.0,0.001,1,16,40x40,PrototypicalNetwork,5,5,Greek,Egyptian,False,10,4000,2,exp1_permuted_src_datasets
1118,49774.277435179,1.0,1738637341.6568093,,2.9802320611338473e-09,1.0,0.001,1,16,40x40,PrototypicalNetwork,5,5,Greek,Egyptian,False,10,4000,2,exp1_permuted_src_datasets
1119,49774.402709059,1.0,1738637341.7820845,,4.470348091700771e-09,1.0,0.001,1,16,40x40,PrototypicalNetwork,5,5,Greek,Egyptian,False,10,4000,2,exp1_permuted_src_datasets
1120,49774.515348934,1.0,1738637341.8947325,,4.470348091700771e-09,1.0,0.001,1,16,40x40,PrototypicalNetwork,5,5,Greek,Egyptian,False,10,4000,2,exp1_permuted_src_datasets
1121,49774.624314774,1.0,1738637342.0036938,,8.940696183401542e-09,1.0,0.001,1,16,40x40,PrototypicalNetwork,5,5,Greek,Egyptian,False,10,4000,2,exp1_permuted_src_datasets
1122,49774.726349774,1.0,1738637342.1057,,1.4901160305669237e-09,1.0,0.001,1,16,40x40,PrototypicalNetwork,5,5,Greek,Egyptian,False,10,4000,2,exp1_permuted_src_datasets
1123,49774.85131619,1.0,1738637342.2306235,,5.960464122267695e-09,1.0,0.001,1,16,40x40,PrototypicalNetwork,5,5,Greek,Egyptian,False,10,4000,2,exp1_permuted_src_datasets
1124,49775.008935157,1.0,1738637342.3882859,,2.9802320611338473e-09,1.0,0.001,1,16,40x40,PrototypicalNetwork,5,5,Greek,Egyptian,False,10,4000,2,exp1_permuted_src_datasets
1125,49775.113207737,1.0,1738637342.4925747,,1.192092735635697e-08,1.0,0.001,1,16,40x40,PrototypicalNetwork,5,5,Greek,Egyptian,False,10,4000,2,exp1_permuted_src_datasets
1126,49775.21860007,1.0,1738637342.5979648,,4.470348091700771e-09,1.0,0.001,1,16,40x40,PrototypicalNetwork,5,5,Greek,Egyptian,False,10,4000,2,exp1_permuted_src_datasets
1127,49775.322835493,1.0,1738637342.702143,,2.9802320611338473e-09,1.0,0.001,1,16,40x40,PrototypicalNetwork,5,5,Greek,Egyptian,False,10,4000,2,exp1_permuted_src_datasets
1128,49775.442544294,1.0,1738637342.8219213,,2.9802318390892424e-09,1.0,0.001,1,16,40x40,PrototypicalNetwork,5,5,Greek,Egyptian,False,10,4000,2,exp1_permuted_src_datasets
1129,49775.602979884,1.0,1738637342.9823465,,5.960463678178485e-09,1.0,0.001,1,16,40x40,PrototypicalNetwork,5,5,Greek,Egyptian,False,10,4000,2,exp1_permuted_src_datasets
1130,49775.719499643,1.0,1738637343.098651,,0.0,1.0,0.001,1,16,40x40,PrototypicalNetwork,5,5,Greek,Egyptian,False,10,4000,2,exp1_permuted_src_datasets
1131,49775.8354976,1.0,1738637343.2148798,,4.470348091700771e-09,1.0,0.001,1,16,40x40,PrototypicalNetwork,5,5,Greek,Egyptian,False,10,4000,2,exp1_permuted_src_datasets
1132,49775.932275624,1.0,1738637343.3116596,,5.960464122267695e-09,1.0,0.001,1,16,40x40,PrototypicalNetwork,5,5,Greek,Egyptian,False,10,4000,2,exp1_permuted_src_datasets
1133,49776.052530117,1.0,1738637343.431916,,1.192092735635697e-08,1.0,0.001,1,16,40x40,PrototypicalNetwork,5,5,Greek,Egyptian,False,10,4000,2,exp1_permuted_src_datasets
1134,49776.150420491,1.0,1738637343.5298145,,0.0,1.0,0.001,1,16,40x40,PrototypicalNetwork,5,5,Greek,Egyptian,False,10,4000,2,exp1_permuted_src_datasets
1135,49776.305105767,1.0,1738637343.6844888,,8.940695295223122e-09,1.0,0.001,1,16,40x40,PrototypicalNetwork,5,5,Greek,Egyptian,False,10,4000,2,exp1_permuted_src_datasets
1136,49776.406540316,1.0,1738637343.7859108,,1.4901160305669237e-09,1.0,0.001,1,16,40x40,PrototypicalNetwork,5,5,Greek,Egyptian,False,10,4000,2,exp1_permuted_src_datasets
1137,52304.219928287,1.0,1738639871.5564492,0.9382000014781952,,,0.001,1,16,40x40,PrototypicalNetwork,5,5,Greek,Egyptian,False,10,4000,2,exp1_permuted_src_datasets
1138,52304.266090848,1.0,1738639871.6454692,,1.0430811769879256e-08,1.0,0.001,1,16,40x40,PrototypicalNetwork,5,5,Greek,Egyptian,False,10,4000,2,exp1_permuted_src_datasets
1139,52304.396260132,1.0,1738639871.7755816,,2.9802320611338473e-09,1.0,0.001,1,16,40x40,PrototypicalNetwork,5,5,Greek,Egyptian,False,10,4000,2,exp1_permuted_src_datasets
1140,52304.485130561,1.0,1738639871.864534,,4.470348091700771e-09,1.0,0.001,1,16,40x40,PrototypicalNetwork,5,5,Greek,Egyptian,False,10,4000,2,exp1_permuted_src_datasets
1141,52304.591502201,1.0,1738639871.9708385,,7.4505797087454084e-09,1.0,0.001,1,16,40x40,PrototypicalNetwork,5,5,Greek,Egyptian,False,10,4000,2,exp1_permuted_src_datasets
1142,52304.716219396,1.0,1738639872.0955918,,0.0,1.0,0.001,1,16,40x40,PrototypicalNetwork,5,5,Greek,Egyptian,False,10,4000,2,exp1_permuted_src_datasets
1143,52304.814361721,1.0,1738639872.1937394,,1.192092735635697e-08,1.0,0.001,1,16,40x40,PrototypicalNetwork,5,5,Greek,Egyptian,False,10,4000,2,exp1_permuted_src_datasets
1144,52304.917173634,1.0,1738639872.2965384,,7.4505797087454084e-09,1.0,0.001,1,16,40x40,PrototypicalNetwork,5,5,Greek,Egyptian,False,10,4000,2,exp1_permuted_src_datasets
1145,52305.084061674,1.0,1738639872.4633763,,1.4901160305669237e-09,1.0,0.001,1,16,40x40,PrototypicalNetwork,5,5,Greek,Egyptian,False,10,4000,2,exp1_permuted_src_datasets
1146,52305.257510517,1.0,1738639872.636834,,1.4901160305669237e-09,1.0,0.001,1,16,40x40,PrototypicalNetwork,5,5,Greek,Egyptian,False,10,4000,2,exp1_permuted_src_datasets
1147,52305.399964223,1.0,1738639872.779251,,2.9802318390892424e-09,1.0,0.001,1,16,40x40,PrototypicalNetwork,5,5,Greek,Egyptian,False,10,4000,2,exp1_permuted_src_datasets
1148,52305.565953544,1.0,1738639872.9453125,,2.9802320611338473e-09,1.0,0.001,1,16,40x40,PrototypicalNetwork,5,5,Greek,Egyptian,False,10,4000,2,exp1_permuted_src_datasets
1149,52305.678288535,1.0,1738639873.057654,,0.0,1.0,0.001,1,16,40x40,PrototypicalNetwork,5,5,Greek,Egyptian,False,10,4000,2,exp1_permuted_src_datasets
1150,52305.804194288,1.0,1738639873.1835752,,7.4505797087454084e-09,1.0,0.001,1,16,40x40,PrototypicalNetwork,5,5,Greek,Egyptian,False,10,4000,2,exp1_permuted_src_datasets
1151,52305.930016858,1.0,1738639873.3093822,,1.3411042054656264e-08,1.0,0.001,1,16,40x40,PrototypicalNetwork,5,5,Greek,Egyptian,False,10,4000,2,exp1_permuted_src_datasets
1152,52306.08859466,1.0,1738639873.4679997,,0.0,1.0,0.001,1,16,40x40,PrototypicalNetwork,5,5,Greek,Egyptian,False,10,4000,2,exp1_permuted_src_datasets
1153,52306.198343741,1.0,1738639873.577691,,7.4505797087454084e-09,1.0,0.001,1,16,40x40,PrototypicalNetwork,5,5,Greek,Egyptian,False,10,4000,2,exp1_permuted_src_datasets
1154,52306.306624046,1.0,1738639873.6860256,,2.9802320611338473e-09,1.0,0.001,1,16,40x40,PrototypicalNetwork,5,5,Greek,Egyptian,False,10,4000,2,exp1_permuted_src_datasets
1155,52306.464178282,1.0,1738639873.8435228,,2.9802320611338473e-09,1.0,0.001,1,16,40x40,PrototypicalNetwork,5,5,Greek,Egyptian,False,10,4000,2,exp1_permuted_src_datasets
1156,52306.580183735,1.0,1738639873.9595554,,4.470348091700771e-09,1.0,0.001,1,16,40x40,PrototypicalNetwork,5,5,Greek,Egyptian,False,10,4000,2,exp1_permuted_src_datasets
1157,52306.695590828,1.0,1738639874.0749621,,4.470348091700771e-09,1.0,0.001,1,16,40x40,PrototypicalNetwork,5,5,Greek,Egyptian,False,10,4000,2,exp1_permuted_src_datasets
1158,52306.788617664,1.0,1738639874.1679902,,1.7881379932305208e-08,1.0,0.001,1,16,40x40,PrototypicalNetwork,5,5,Greek,Egyptian,False,10,4000,2,exp1_permuted_src_datasets
1159,52306.921512827,1.0,1738639874.3008907,,0.0,1.0,0.001,1,16,40x40,PrototypicalNetwork,5,5,Greek,Egyptian,False,10,4000,2,exp1_permuted_src_datasets
1160,52307.055536055,1.0,1738639874.4349182,,2.9802320611338473e-09,1.0,0.001,1,16,40x40,PrototypicalNetwork,5,5,Greek,Egyptian,False,10,4000,2,exp1_permuted_src_datasets
1161,52307.153855376,1.0,1738639874.5332553,,1.4901160305669237e-09,1.0,0.001,1,16,40x40,PrototypicalNetwork,5,5,Greek,Egyptian,False,10,4000,2,exp1_permuted_src_datasets
1162,52307.293160132,1.0,1738639874.672506,,2.9802320611338473e-09,1.0,0.001,1,16,40x40,PrototypicalNetwork,5,5,Greek,Egyptian,False,10,4000,2,exp1_permuted_src_datasets
1163,52307.451373125,1.0,1738639874.8306954,,2.682207345117149e-08,1.0,0.001,1,16,40x40,PrototypicalNetwork,5,5,Greek,Egyptian,False,10,4000,2,exp1_permuted_src_datasets
1164,52307.557649207,1.0,1738639874.9370446,,1.4901160305669237e-09,1.0,0.001,1,16,40x40,PrototypicalNetwork,5,5,Greek,Egyptian,False,10,4000,2,exp1_permuted_src_datasets
1165,52307.709218021,1.0,1738639875.0885966,,4.470348091700771e-09,1.0,0.001,1,16,40x40,PrototypicalNetwork,5,5,Greek,Egyptian,False,10,4000,2,exp1_permuted_src_datasets
1166,52307.876385104,1.0,1738639875.2557068,,1.4901160305669237e-09,1.0,0.001,1,16,40x40,PrototypicalNetwork,5,5,Greek,Egyptian,False,10,4000,2,exp1_permuted_src_datasets
1167,52307.985303762,1.0,1738639875.3647003,,7.4505797087454084e-09,1.0,0.001,1,16,40x40,PrototypicalNetwork,5,5,Greek,Egyptian,False,10,4000,2,exp1_permuted_src_datasets
1168,52308.141111516,1.0,1738639875.5204833,,4.470348091700771e-09,1.0,0.001,1,16,40x40,PrototypicalNetwork,5,5,Greek,Egyptian,False,10,4000,2,exp1_permuted_src_datasets
1169,52308.256665149,1.0,1738639875.6360612,,2.9802320611338473e-09,1.0,0.001,1,16,40x40,PrototypicalNetwork,5,5,Greek,Egyptian,False,10,4000,2,exp1_permuted_src_datasets
1170,52308.370789649,1.0,1738639875.7501295,,2.9802320611338473e-09,1.0,0.001,1,16,40x40,PrototypicalNetwork,5,5,Greek,Egyptian,False,10,4000,2,exp1_permuted_src_datasets
1171,52308.478640312,1.0,1738639875.8580136,,1.192092735635697e-08,1.0,0.001,1,16,40x40,PrototypicalNetwork,5,5,Greek,Egyptian,False,10,4000,2,exp1_permuted_src_datasets
1172,52308.57998922,1.0,1738639875.9593456,,2.9802320611338473e-09,1.0,0.001,1,16,40x40,PrototypicalNetwork,5,5,Greek,Egyptian,False,10,4000,2,exp1_permuted_src_datasets
1173,52308.738457776,1.0,1738639876.117762,,4.470348091700771e-09,1.0,0.001,1,16,40x40,PrototypicalNetwork,5,5,Greek,Egyptian,False,10,4000,2,exp1_permuted_src_datasets
1174,52308.854053469,1.0,1738639876.2334228,,2.9802320611338473e-09,1.0,0.001,1,16,40x40,PrototypicalNetwork,5,5,Greek,Egyptian,False,10,4000,2,exp1_permuted_src_datasets
1175,52308.974787356,1.0,1738639876.3541622,,2.9802320611338473e-09,1.0,0.001,1,16,40x40,PrototypicalNetwork,5,5,Greek,Egyptian,False,10,4000,2,exp1_permuted_src_datasets
1176,52309.069094903,1.0,1738639876.4484656,,1.4901160305669237e-09,1.0,0.001,1,16,40x40,PrototypicalNetwork,5,5,Greek,Egyptian,False,10,4000,2,exp1_permuted_src_datasets
1177,52309.182569572,1.0,1738639876.5619428,,2.9802320611338473e-09,1.0,0.001,1,16,40x40,PrototypicalNetwork,5,5,Greek,Egyptian,False,10,4000,2,exp1_permuted_src_datasets
1178,52309.286994257,1.0,1738639876.6663675,,2.9802320611338473e-09,1.0,0.001,1,16,40x40,PrototypicalNetwork,5,5,Greek,Egyptian,False,10,4000,2,exp1_permuted_src_datasets
1179,52309.393361388,1.0,1738639876.772736,,2.9802320611338473e-09,1.0,0.001,1,16,40x40,PrototypicalNetwork,5,5,Greek,Egyptian,False,10,4000,2,exp1_permuted_src_datasets
1180,52309.522972473,1.0,1738639876.9022963,,2.9802320611338473e-09,1.0,0.001,1,16,40x40,PrototypicalNetwork,5,5,Greek,Egyptian,False,10,4000,2,exp1_permuted_src_datasets
1181,52309.689639854,1.0,1738639877.0690143,,1.4901160305669237e-09,1.0,0.001,1,16,40x40,PrototypicalNetwork,5,5,Greek,Egyptian,False,10,4000,2,exp1_permuted_src_datasets
1182,52309.815696961,1.0,1738639877.1950605,,2.9802320611338473e-09,1.0,0.001,1,16,40x40,PrototypicalNetwork,5,5,Greek,Egyptian,False,10,4000,2,exp1_permuted_src_datasets
1183,52309.980641443,1.0,1738639877.3598204,,8.940696183401542e-09,1.0,0.001,1,16,40x40,PrototypicalNetwork,5,5,Greek,Egyptian,False,10,4000,2,exp1_permuted_src_datasets
1184,52310.098130557,1.0,1738639877.477463,,5.960464122267695e-09,1.0,0.001,1,16,40x40,PrototypicalNetwork,5,5,Greek,Egyptian,False,10,4000,2,exp1_permuted_src_datasets
1185,52310.220367353,1.0,1738639877.5997353,,7.4505792646561986e-09,1.0,0.001,1,16,40x40,PrototypicalNetwork,5,5,Greek,Egyptian,False,10,4000,2,exp1_permuted_src_datasets
1186,52310.355844717,1.0,1738639877.735197,,1.4901160305669237e-09,1.0,0.001,1,16,40x40,PrototypicalNetwork,5,5,Greek,Egyptian,False,10,4000,2,exp1_permuted_src_datasets
1187,52310.484405917,1.0,1738639877.8637846,,4.470348091700771e-09,1.0,0.001,1,16,40x40,PrototypicalNetwork,5,5,Greek,Egyptian,False,10,4000,2,exp1_permuted_src_datasets
1188,52310.669523672,1.0,1738639878.0488667,,5.960464122267695e-09,1.0,0.001,1,16,40x40,PrototypicalNetwork,5,5,Greek,Egyptian,False,10,4000,2,exp1_permuted_src_datasets
1189,52310.817655507,1.0,1738639878.1970267,,4.470348091700771e-09,1.0,0.001,1,16,40x40,PrototypicalNetwork,5,5,Greek,Egyptian,False,10,4000,2,exp1_permuted_src_datasets
1190,52310.92479589,1.0,1738639878.304175,,2.9802318390892424e-09,1.0,0.001,1,16,40x40,PrototypicalNetwork,5,5,Greek,Egyptian,False,10,4000,2,exp1_permuted_src_datasets
1191,52311.096229003,1.0,1738639878.4755518,,1.192092646817855e-08,1.0,0.001,1,16,40x40,PrototypicalNetwork,5,5,Greek,Egyptian,False,10,4000,2,exp1_permuted_src_datasets
1192,52311.192108713,1.0,1738639878.5714915,,0.0,1.0,0.001,1,16,40x40,PrototypicalNetwork,5,5,Greek,Egyptian,False,10,4000,2,exp1_permuted_src_datasets
1193,52311.380660955,1.0,1738639878.760039,,8.940696183401542e-09,1.0,0.001,1,16,40x40,PrototypicalNetwork,5,5,Greek,Egyptian,False,10,4000,2,exp1_permuted_src_datasets
1194,52311.497858781,1.0,1738639878.8772368,,5.960463678178485e-09,1.0,0.001,1,16,40x40,PrototypicalNetwork,5,5,Greek,Egyptian,False,10,4000,2,exp1_permuted_src_datasets
1195,52311.611211634,1.0,1738639878.9905913,,1.4901160305669237e-09,1.0,0.001,1,16,40x40,PrototypicalNetwork,5,5,Greek,Egyptian,False,10,4000,2,exp1_permuted_src_datasets
1196,52311.699355114,1.0,1738639879.0787256,,8.940695295223122e-09,1.0,0.001,1,16,40x40,PrototypicalNetwork,5,5,Greek,Egyptian,False,10,4000,2,exp1_permuted_src_datasets
1197,52311.789561781,1.0,1738639879.1689568,,0.0,1.0,0.001,1,16,40x40,PrototypicalNetwork,5,5,Greek,Egyptian,False,10,4000,2,exp1_permuted_src_datasets
1198,52311.905387311,1.0,1738639879.2847452,,4.470348091700771e-09,1.0,0.001,1,16,40x40,PrototypicalNetwork,5,5,Greek,Egyptian,False,10,4000,2,exp1_permuted_src_datasets
1199,52312.025557859,1.0,1738639879.4049366,,8.940696183401542e-09,1.0,0.001,1,16,40x40,PrototypicalNetwork,5,5,Greek,Egyptian,False,10,4000,2,exp1_permuted_src_datasets
1200,54921.215092182,1.0,1738642488.5946012,0.9396499981880188,,,0.001,1,16,40x40,PrototypicalNetwork,5,5,Greek,Egyptian,False,10,4000,2,exp1_permuted_src_datasets
1201,54921.315606937,1.0,1738642488.6949935,,5.960464122267695e-09,1.0,0.001,1,16,40x40,PrototypicalNetwork,5,5,Greek,Egyptian,False,10,4000,2,exp1_permuted_src_datasets
1202,54921.409617551,1.0,1738642488.789001,,1.4901160305669237e-09,1.0,0.001,1,16,40x40,PrototypicalNetwork,5,5,Greek,Egyptian,False,10,4000,2,exp1_permuted_src_datasets
1203,54921.598830394,1.0,1738642488.97822,,2.9802320611338473e-09,1.0,0.001,1,16,40x40,PrototypicalNetwork,5,5,Greek,Egyptian,False,10,4000,2,exp1_permuted_src_datasets
1204,54921.755845899,1.0,1738642489.1352086,,8.940695295223122e-09,1.0,0.001,1,16,40x40,PrototypicalNetwork,5,5,Greek,Egyptian,False,10,4000,2,exp1_permuted_src_datasets
1205,54921.886911693,1.0,1738642489.266295,,0.0,1.0,0.001,1,16,40x40,PrototypicalNetwork,5,5,Greek,Egyptian,False,10,4000,2,exp1_permuted_src_datasets
1206,54922.0108175,1.0,1738642489.3902051,,2.9802320611338473e-09,1.0,0.001,1,16,40x40,PrototypicalNetwork,5,5,Greek,Egyptian,False,10,4000,2,exp1_permuted_src_datasets
1207,54922.14742268,1.0,1738642489.5267491,,1.4901160305669237e-09,1.0,0.001,1,16,40x40,PrototypicalNetwork,5,5,Greek,Egyptian,False,10,4000,2,exp1_permuted_src_datasets
1208,54922.29246663,1.0,1738642489.6718504,,2.9802320611338473e-09,1.0,0.001,1,16,40x40,PrototypicalNetwork,5,5,Greek,Egyptian,False,10,4000,2,exp1_permuted_src_datasets
1209,54922.395904145,1.0,1738642489.7752738,,2.9802318390892424e-09,1.0,0.001,1,16,40x40,PrototypicalNetwork,5,5,Greek,Egyptian,False,10,4000,2,exp1_permuted_src_datasets
1210,54922.544665371,1.0,1738642489.924048,,0.0,1.0,0.001,1,16,40x40,PrototypicalNetwork,5,5,Greek,Egyptian,False,10,4000,2,exp1_permuted_src_datasets
1211,54922.628266653,1.0,1738642490.007694,,1.4901160305669237e-09,1.0,0.001,1,16,40x40,PrototypicalNetwork,5,5,Greek,Egyptian,False,10,4000,2,exp1_permuted_src_datasets
1212,54922.766593195,1.0,1738642490.14596,,2.9802320611338473e-09,1.0,0.001,1,16,40x40,PrototypicalNetwork,5,5,Greek,Egyptian,False,10,4000,2,exp1_permuted_src_datasets
1213,54922.927091795,1.0,1738642490.3064682,,2.9802318390892424e-09,1.0,0.001,1,16,40x40,PrototypicalNetwork,5,5,Greek,Egyptian,False,10,4000,2,exp1_permuted_src_datasets
1214,54923.043066457,1.0,1738642490.4224527,,7.4505797087454084e-09,1.0,0.001,1,16,40x40,PrototypicalNetwork,5,5,Greek,Egyptian,False,10,4000,2,exp1_permuted_src_datasets
1215,54923.152587316,1.0,1738642490.5319617,,4.470348091700771e-09,1.0,0.001,1,16,40x40,PrototypicalNetwork,5,5,Greek,Egyptian,False,10,4000,2,exp1_permuted_src_datasets
1216,54923.291198616,1.0,1738642490.6705875,,7.4505797087454084e-09,1.0,0.001,1,16,40x40,PrototypicalNetwork,5,5,Greek,Egyptian,False,10,4000,2,exp1_permuted_src_datasets
1217,54923.411195523,1.0,1738642490.7905242,,1.4901160305669237e-09,1.0,0.001,1,16,40x40,PrototypicalNetwork,5,5,Greek,Egyptian,False,10,4000,2,exp1_permuted_src_datasets
1218,54923.598436044,1.0,1738642490.9777684,,4.470348091700771e-09,1.0,0.001,1,16,40x40,PrototypicalNetwork,5,5,Greek,Egyptian,False,10,4000,2,exp1_permuted_src_datasets
1219,54923.757863957,1.0,1738642491.1371908,,0.0,1.0,0.001,1,16,40x40,PrototypicalNetwork,5,5,Greek,Egyptian,False,10,4000,2,exp1_permuted_src_datasets
1220,54923.915506951,1.0,1738642491.2948987,,2.0861619987044833e-08,1.0,0.001,1,16,40x40,PrototypicalNetwork,5,5,Greek,Egyptian,False,10,4000,2,exp1_permuted_src_datasets
1221,54924.088624087,1.0,1738642491.4680116,,0.0,1.0,0.001,1,16,40x40,PrototypicalNetwork,5,5,Greek,Egyptian,False,10,4000,2,exp1_permuted_src_datasets
1222,54924.186531248,1.0,1738642491.565917,,1.0430810881700836e-08,1.0,0.001,1,16,40x40,PrototypicalNetwork,5,5,Greek,Egyptian,False,10,4000,2,exp1_permuted_src_datasets
1223,54924.311375395,1.0,1738642491.69076,,1.4901160305669237e-09,1.0,0.001,1,16,40x40,PrototypicalNetwork,5,5,Greek,Egyptian,False,10,4000,2,exp1_permuted_src_datasets
1224,54924.404354297,1.0,1738642491.7837336,,1.4901160305669237e-09,1.0,0.001,1,16,40x40,PrototypicalNetwork,5,5,Greek,Egyptian,False,10,4000,2,exp1_permuted_src_datasets
1225,54924.550367064,1.0,1738642491.9297514,,1.4901160305669237e-09,1.0,0.001,1,16,40x40,PrototypicalNetwork,5,5,Greek,Egyptian,False,10,4000,2,exp1_permuted_src_datasets
1226,54924.719048769,1.0,1738642492.098428,,2.9802320611338473e-09,1.0,0.001,1,16,40x40,PrototypicalNetwork,5,5,Greek,Egyptian,False,10,4000,2,exp1_permuted_src_datasets
1227,54924.831128514,1.0,1738642492.210489,,4.470348091700771e-09,1.0,0.001,1,16,40x40,PrototypicalNetwork,5,5,Greek,Egyptian,False,10,4000,2,exp1_permuted_src_datasets
1228,54924.919610142,1.0,1738642492.2989752,,8.940696183401542e-09,1.0,0.001,1,16,40x40,PrototypicalNetwork,5,5,Greek,Egyptian,False,10,4000,2,exp1_permuted_src_datasets
1229,54925.019641175,1.0,1738642492.3990116,,4.470348091700771e-09,1.0,0.001,1,16,40x40,PrototypicalNetwork,5,5,Greek,Egyptian,False,10,4000,2,exp1_permuted_src_datasets
1230,54925.168293155,1.0,1738642492.5476089,,1.4901160305669237e-09,1.0,0.001,1,16,40x40,PrototypicalNetwork,5,5,Greek,Egyptian,False,10,4000,2,exp1_permuted_src_datasets
1231,54925.261216549,1.0,1738642492.6405754,,4.470348091700771e-09,1.0,0.001,1,16,40x40,PrototypicalNetwork,5,5,Greek,Egyptian,False,10,4000,2,exp1_permuted_src_datasets
1232,54925.38140152,1.0,1738642492.760754,,4.470348091700771e-09,1.0,0.001,1,16,40x40,PrototypicalNetwork,5,5,Greek,Egyptian,False,10,4000,2,exp1_permuted_src_datasets
1233,54925.511804984,1.0,1738642492.8911736,,2.9802320611338473e-09,1.0,0.001,1,16,40x40,PrototypicalNetwork,5,5,Greek,Egyptian,False,10,4000,2,exp1_permuted_src_datasets
1234,54925.661183761,1.0,1738642493.040498,,1.4901160305669237e-09,1.0,0.001,1,16,40x40,PrototypicalNetwork,5,5,Greek,Egyptian,False,10,4000,2,exp1_permuted_src_datasets
1235,54925.864421423,1.0,1738642493.243739,,5.960464122267695e-09,1.0,0.001,1,16,40x40,PrototypicalNetwork,5,5,Greek,Egyptian,False,10,4000,2,exp1_permuted_src_datasets
1236,54926.025208236,1.0,1738642493.404601,,1.4901160305669237e-09,1.0,0.001,1,16,40x40,PrototypicalNetwork,5,5,Greek,Egyptian,False,10,4000,2,exp1_permuted_src_datasets
1237,54926.152901205,1.0,1738642493.5322843,,0.0,1.0,0.001,1,16,40x40,PrototypicalNetwork,5,5,Greek,Egyptian,False,10,4000,2,exp1_permuted_src_datasets
1238,54926.256029056,1.0,1738642493.6353338,,5.960463678178485e-09,1.0,0.001,1,16,40x40,PrototypicalNetwork,5,5,Greek,Egyptian,False,10,4000,2,exp1_permuted_src_datasets
1239,54926.358087796,1.0,1738642493.7374516,,0.0,1.0,0.001,1,16,40x40,PrototypicalNetwork,5,5,Greek,Egyptian,False,10,4000,2,exp1_permuted_src_datasets
1240,54926.562679026,1.0,1738642493.9420352,,5.960464122267695e-09,1.0,0.001,1,16,40x40,PrototypicalNetwork,5,5,Greek,Egyptian,False,10,4000,2,exp1_permuted_src_datasets
1241,54926.710993657,1.0,1738642494.090337,,2.9802318390892424e-09,1.0,0.001,1,16,40x40,PrototypicalNetwork,5,5,Greek,Egyptian,False,10,4000,2,exp1_permuted_src_datasets
1242,54926.850017301,1.0,1738642494.2294037,,0.0,1.0,0.001,1,16,40x40,PrototypicalNetwork,5,5,Greek,Egyptian,False,10,4000,2,exp1_permuted_src_datasets
1243,54926.98758719,1.0,1738642494.3669314,,0.0,1.0,0.001,1,16,40x40,PrototypicalNetwork,5,5,Greek,Egyptian,False,10,4000,2,exp1_permuted_src_datasets
1244,54927.102939427,1.0,1738642494.4822574,,2.9802318390892424e-09,1.0,0.001,1,16,40x40,PrototypicalNetwork,5,5,Greek,Egyptian,False,10,4000,2,exp1_permuted_src_datasets
1245,54927.26178886,1.0,1738642494.6411686,,4.470348091700771e-09,1.0,0.001,1,16,40x40,PrototypicalNetwork,5,5,Greek,Egyptian,False,10,4000,2,exp1_permuted_src_datasets
1246,54927.354802218,1.0,1738642494.7341778,,5.960464122267695e-09,1.0,0.001,1,16,40x40,PrototypicalNetwork,5,5,Greek,Egyptian,False,10,4000,2,exp1_permuted_src_datasets
1247,54927.53340664,1.0,1738642494.9127295,,2.9802320611338473e-09,1.0,0.001,1,16,40x40,PrototypicalNetwork,5,5,Greek,Egyptian,False,10,4000,2,exp1_permuted_src_datasets
1248,54927.668530907,1.0,1738642495.047887,,4.470348091700771e-09,1.0,0.001,1,16,40x40,PrototypicalNetwork,5,5,Greek,Egyptian,False,10,4000,2,exp1_permuted_src_datasets
1249,54927.839211494,1.0,1738642495.2185616,,0.0,1.0,0.001,1,16,40x40,PrototypicalNetwork,5,5,Greek,Egyptian,False,10,4000,2,exp1_permuted_src_datasets
1250,54927.988051976,1.0,1738642495.3674378,,4.470348091700771e-09,1.0,0.001,1,16,40x40,PrototypicalNetwork,5,5,Greek,Egyptian,False,10,4000,2,exp1_permuted_src_datasets
1251,54928.088885372,1.0,1738642495.4682512,,1.4901160305669237e-09,1.0,0.001,1,16,40x40,PrototypicalNetwork,5,5,Greek,Egyptian,False,10,4000,2,exp1_permuted_src_datasets
1252,54928.252484115,1.0,1738642495.6318634,,1.4901160305669237e-09,1.0,0.001,1,16,40x40,PrototypicalNetwork,5,5,Greek,Egyptian,False,10,4000,2,exp1_permuted_src_datasets
1253,54928.388105674,1.0,1738642495.7674801,,2.9802320611338473e-09,1.0,0.001,1,16,40x40,PrototypicalNetwork,5,5,Greek,Egyptian,False,10,4000,2,exp1_permuted_src_datasets
1254,54928.524930255,1.0,1738642495.90433,,2.9802320611338473e-09,1.0,0.001,1,16,40x40,PrototypicalNetwork,5,5,Greek,Egyptian,False,10,4000,2,exp1_permuted_src_datasets
1255,54928.651569975,1.0,1738642496.0309448,,4.470348091700771e-09,1.0,0.001,1,16,40x40,PrototypicalNetwork,5,5,Greek,Egyptian,False,10,4000,2,exp1_permuted_src_datasets
1256,54928.791146524,1.0,1738642496.1704428,,1.4901160305669237e-09,1.0,0.001,1,16,40x40,PrototypicalNetwork,5,5,Greek,Egyptian,False,10,4000,2,exp1_permuted_src_datasets
1257,54928.880667077,1.0,1738642496.2600908,,2.9802318390892424e-09,1.0,0.001,1,16,40x40,PrototypicalNetwork,5,5,Greek,Egyptian,False,10,4000,2,exp1_permuted_src_datasets
1258,54929.000516747,1.0,1738642496.3798945,,2.9802320611338473e-09,1.0,0.001,1,16,40x40,PrototypicalNetwork,5,5,Greek,Egyptian,False,10,4000,2,exp1_permuted_src_datasets
1259,54929.11742088,1.0,1738642496.496815,,2.9802320611338473e-09,1.0,0.001,1,16,40x40,PrototypicalNetwork,5,5,Greek,Egyptian,False,10,4000,2,exp1_permuted_src_datasets
1260,54929.221687663,1.0,1738642496.6010787,,0.0,1.0,0.001,1,16,40x40,PrototypicalNetwork,5,5,Greek,Egyptian,False,10,4000,2,exp1_permuted_src_datasets
1261,54929.321347741,1.0,1738642496.7007334,,4.470348091700771e-09,1.0,0.001,1,16,40x40,PrototypicalNetwork,5,5,Greek,Egyptian,False,10,4000,2,exp1_permuted_src_datasets
1262,54929.406465707,1.0,1738642496.785809,,2.9802320611338473e-09,1.0,0.001,1,16,40x40,PrototypicalNetwork,5,5,Greek,Egyptian,False,10,4000,2,exp1_permuted_src_datasets
1263,57476.051947341,1.0,1738645043.3882246,0.9407999992370606,,,0.001,1,16,40x40,PrototypicalNetwork,5,5,Greek,Egyptian,False,10,4000,2,exp1_permuted_src_datasets
