_step,_runtime,bootstrap_iter,_timestamp,ft_eval_acc,ft_loss,ft_acc,lr,epochs,batch_size,input_size,model_type,n_way_test,n_way_train,tgt_dataset,src_datasets,fixed_support,samples_per_class,num_total_episodes,num_bootstrap_iters,exp_name
0,4.176164934,2.0,1739101119.9872246,,,,0.001,1,16,40x40,MatchingNetwork,5,5,b-59-850,miniImageNet_SOTA_trainSet,False,10,4000,5,exp1_permuted_src_datasets
1,12.236025326,2.0,1739101128.0471969,0.7245,,,0.001,1,16,40x40,MatchingNetwork,5,5,b-59-850,miniImageNet_SOTA_trainSet,False,10,4000,5,exp1_permuted_src_datasets
2,12.285914565,2.0,1739101128.0968387,,0.9440411925315857,0.875,0.001,1,16,40x40,MatchingNetwork,5,5,b-59-850,miniImageNet_SOTA_trainSet,False,10,4000,5,exp1_permuted_src_datasets
3,12.428545766,2.0,1739101128.2395408,,0.7312304973602295,0.9375,0.001,1,16,40x40,MatchingNetwork,5,5,b-59-850,miniImageNet_SOTA_trainSet,False,10,4000,5,exp1_permuted_src_datasets
4,12.47906614,2.0,1739101128.2900457,,0.9218295812606812,1.0,0.001,1,16,40x40,MatchingNetwork,5,5,b-59-850,miniImageNet_SOTA_trainSet,False,10,4000,5,exp1_permuted_src_datasets
5,12.534289924,2.0,1739101128.3450983,,0.7851086258888245,0.9375,0.001,1,16,40x40,MatchingNetwork,5,5,b-59-850,miniImageNet_SOTA_trainSet,False,10,4000,5,exp1_permuted_src_datasets
6,12.589169591,2.0,1739101128.400113,,0.8924307227134705,1.0,0.001,1,16,40x40,MatchingNetwork,5,5,b-59-850,miniImageNet_SOTA_trainSet,False,10,4000,5,exp1_permuted_src_datasets
7,12.655196048,2.0,1739101128.466144,,0.8482903838157654,1.0,0.001,1,16,40x40,MatchingNetwork,5,5,b-59-850,miniImageNet_SOTA_trainSet,False,10,4000,5,exp1_permuted_src_datasets
8,12.722253649,2.0,1739101128.5332124,,0.777280330657959,1.0,0.001,1,16,40x40,MatchingNetwork,5,5,b-59-850,miniImageNet_SOTA_trainSet,False,10,4000,5,exp1_permuted_src_datasets
9,12.772017192,2.0,1739101128.5830467,,0.8795047998428345,0.9375,0.001,1,16,40x40,MatchingNetwork,5,5,b-59-850,miniImageNet_SOTA_trainSet,False,10,4000,5,exp1_permuted_src_datasets
10,12.821551586,2.0,1739101128.6325543,,0.7658693790435791,0.9375,0.001,1,16,40x40,MatchingNetwork,5,5,b-59-850,miniImageNet_SOTA_trainSet,False,10,4000,5,exp1_permuted_src_datasets
11,12.870540152,2.0,1739101128.681556,,0.7217063307762146,1.0,0.001,1,16,40x40,MatchingNetwork,5,5,b-59-850,miniImageNet_SOTA_trainSet,False,10,4000,5,exp1_permuted_src_datasets
12,12.920708343,2.0,1739101128.7316754,,0.7620881199836731,0.9375,0.001,1,16,40x40,MatchingNetwork,5,5,b-59-850,miniImageNet_SOTA_trainSet,False,10,4000,5,exp1_permuted_src_datasets
13,12.969883735,2.0,1739101128.7807994,,0.7776131629943848,0.9375,0.001,1,16,40x40,MatchingNetwork,5,5,b-59-850,miniImageNet_SOTA_trainSet,False,10,4000,5,exp1_permuted_src_datasets
14,13.024717845,2.0,1739101128.835616,,0.8591399192810059,0.9375,0.001,1,16,40x40,MatchingNetwork,5,5,b-59-850,miniImageNet_SOTA_trainSet,False,10,4000,5,exp1_permuted_src_datasets
15,13.081686504,2.0,1739101128.8927424,,0.7596300840377808,0.9375,0.001,1,16,40x40,MatchingNetwork,5,5,b-59-850,miniImageNet_SOTA_trainSet,False,10,4000,5,exp1_permuted_src_datasets
16,13.13011348,2.0,1739101128.9411056,,0.6392319202423096,1.0,0.001,1,16,40x40,MatchingNetwork,5,5,b-59-850,miniImageNet_SOTA_trainSet,False,10,4000,5,exp1_permuted_src_datasets
17,13.1887682,2.0,1739101128.9996822,,0.6597511172294617,1.0,0.001,1,16,40x40,MatchingNetwork,5,5,b-59-850,miniImageNet_SOTA_trainSet,False,10,4000,5,exp1_permuted_src_datasets
18,13.245109501,2.0,1739101129.0560157,,0.6223868131637573,1.0,0.001,1,16,40x40,MatchingNetwork,5,5,b-59-850,miniImageNet_SOTA_trainSet,False,10,4000,5,exp1_permuted_src_datasets
19,13.299911609,2.0,1739101129.1109228,,0.6831610202789307,1.0,0.001,1,16,40x40,MatchingNetwork,5,5,b-59-850,miniImageNet_SOTA_trainSet,False,10,4000,5,exp1_permuted_src_datasets
20,13.348402309,2.0,1739101129.1594038,,0.7262734174728394,1.0,0.001,1,16,40x40,MatchingNetwork,5,5,b-59-850,miniImageNet_SOTA_trainSet,False,10,4000,5,exp1_permuted_src_datasets
21,13.396958339,2.0,1739101129.2079113,,0.5899908542633057,1.0,0.001,1,16,40x40,MatchingNetwork,5,5,b-59-850,miniImageNet_SOTA_trainSet,False,10,4000,5,exp1_permuted_src_datasets
22,13.447976737,2.0,1739101129.258991,,0.7223102450370789,1.0,0.001,1,16,40x40,MatchingNetwork,5,5,b-59-850,miniImageNet_SOTA_trainSet,False,10,4000,5,exp1_permuted_src_datasets
23,13.511010322,2.0,1739101129.3218577,,0.6385942697525024,1.0,0.001,1,16,40x40,MatchingNetwork,5,5,b-59-850,miniImageNet_SOTA_trainSet,False,10,4000,5,exp1_permuted_src_datasets
24,13.559965592,2.0,1739101129.370973,,0.6633687019348145,1.0,0.001,1,16,40x40,MatchingNetwork,5,5,b-59-850,miniImageNet_SOTA_trainSet,False,10,4000,5,exp1_permuted_src_datasets
25,13.61337374,2.0,1739101129.4243848,,0.6569972038269043,0.9375,0.001,1,16,40x40,MatchingNetwork,5,5,b-59-850,miniImageNet_SOTA_trainSet,False,10,4000,5,exp1_permuted_src_datasets
26,13.663579498,2.0,1739101129.474581,,0.6310562491416931,0.9375,0.001,1,16,40x40,MatchingNetwork,5,5,b-59-850,miniImageNet_SOTA_trainSet,False,10,4000,5,exp1_permuted_src_datasets
27,13.714482465,2.0,1739101129.525471,,0.6664522886276245,1.0,0.001,1,16,40x40,MatchingNetwork,5,5,b-59-850,miniImageNet_SOTA_trainSet,False,10,4000,5,exp1_permuted_src_datasets
28,13.769899332,2.0,1739101129.5808938,,0.7410410642623901,0.9375,0.001,1,16,40x40,MatchingNetwork,5,5,b-59-850,miniImageNet_SOTA_trainSet,False,10,4000,5,exp1_permuted_src_datasets
29,13.82031952,2.0,1739101129.6312742,,0.6724761128425598,1.0,0.001,1,16,40x40,MatchingNetwork,5,5,b-59-850,miniImageNet_SOTA_trainSet,False,10,4000,5,exp1_permuted_src_datasets
30,13.8681259,2.0,1739101129.6791265,,0.6622209548950195,1.0,0.001,1,16,40x40,MatchingNetwork,5,5,b-59-850,miniImageNet_SOTA_trainSet,False,10,4000,5,exp1_permuted_src_datasets
31,13.916304917,2.0,1739101129.7273257,,0.6856284141540527,0.9375,0.001,1,16,40x40,MatchingNetwork,5,5,b-59-850,miniImageNet_SOTA_trainSet,False,10,4000,5,exp1_permuted_src_datasets
32,13.984617999,2.0,1739101129.795601,,0.5753057599067688,1.0,0.001,1,16,40x40,MatchingNetwork,5,5,b-59-850,miniImageNet_SOTA_trainSet,False,10,4000,5,exp1_permuted_src_datasets
33,14.037374724,2.0,1739101129.8482692,,0.5232211947441101,1.0,0.001,1,16,40x40,MatchingNetwork,5,5,b-59-850,miniImageNet_SOTA_trainSet,False,10,4000,5,exp1_permuted_src_datasets
34,14.08814047,2.0,1739101129.8991468,,0.5593928694725037,1.0,0.001,1,16,40x40,MatchingNetwork,5,5,b-59-850,miniImageNet_SOTA_trainSet,False,10,4000,5,exp1_permuted_src_datasets
35,14.138789658,2.0,1739101129.9497726,,0.6002944111824036,1.0,0.001,1,16,40x40,MatchingNetwork,5,5,b-59-850,miniImageNet_SOTA_trainSet,False,10,4000,5,exp1_permuted_src_datasets
36,14.189118712,2.0,1739101130.0000699,,0.690424382686615,1.0,0.001,1,16,40x40,MatchingNetwork,5,5,b-59-850,miniImageNet_SOTA_trainSet,False,10,4000,5,exp1_permuted_src_datasets
37,14.239303182,2.0,1739101130.0503402,,0.5219618678092957,1.0,0.001,1,16,40x40,MatchingNetwork,5,5,b-59-850,miniImageNet_SOTA_trainSet,False,10,4000,5,exp1_permuted_src_datasets
38,14.289339138,2.0,1739101130.100352,,0.574586808681488,1.0,0.001,1,16,40x40,MatchingNetwork,5,5,b-59-850,miniImageNet_SOTA_trainSet,False,10,4000,5,exp1_permuted_src_datasets
39,14.338662479,2.0,1739101130.149686,,0.5467162728309631,1.0,0.001,1,16,40x40,MatchingNetwork,5,5,b-59-850,miniImageNet_SOTA_trainSet,False,10,4000,5,exp1_permuted_src_datasets
40,14.389899658,2.0,1739101130.2008917,,0.5046852231025696,1.0,0.001,1,16,40x40,MatchingNetwork,5,5,b-59-850,miniImageNet_SOTA_trainSet,False,10,4000,5,exp1_permuted_src_datasets
41,14.437990845,2.0,1739101130.2490177,,0.5803945660591125,0.9375,0.001,1,16,40x40,MatchingNetwork,5,5,b-59-850,miniImageNet_SOTA_trainSet,False,10,4000,5,exp1_permuted_src_datasets
42,14.488468311,2.0,1739101130.2993612,,0.5177608132362366,0.9375,0.001,1,16,40x40,MatchingNetwork,5,5,b-59-850,miniImageNet_SOTA_trainSet,False,10,4000,5,exp1_permuted_src_datasets
43,14.537988536,2.0,1739101130.3489377,,0.7973315715789795,0.9375,0.001,1,16,40x40,MatchingNetwork,5,5,b-59-850,miniImageNet_SOTA_trainSet,False,10,4000,5,exp1_permuted_src_datasets
44,14.608155778,2.0,1739101130.4190817,,0.5077048540115356,1.0,0.001,1,16,40x40,MatchingNetwork,5,5,b-59-850,miniImageNet_SOTA_trainSet,False,10,4000,5,exp1_permuted_src_datasets
45,14.670026165,2.0,1739101130.4810305,,0.5402182340621948,1.0,0.001,1,16,40x40,MatchingNetwork,5,5,b-59-850,miniImageNet_SOTA_trainSet,False,10,4000,5,exp1_permuted_src_datasets
46,14.729755827,2.0,1739101130.5406728,,0.4818587005138397,1.0,0.001,1,16,40x40,MatchingNetwork,5,5,b-59-850,miniImageNet_SOTA_trainSet,False,10,4000,5,exp1_permuted_src_datasets
47,14.777751001,2.0,1739101130.588799,,0.5389705300331116,1.0,0.001,1,16,40x40,MatchingNetwork,5,5,b-59-850,miniImageNet_SOTA_trainSet,False,10,4000,5,exp1_permuted_src_datasets
48,14.82719285,2.0,1739101130.6382005,,0.5206576585769653,1.0,0.001,1,16,40x40,MatchingNetwork,5,5,b-59-850,miniImageNet_SOTA_trainSet,False,10,4000,5,exp1_permuted_src_datasets
49,14.875183588,2.0,1739101130.6861246,,0.551451563835144,1.0,0.001,1,16,40x40,MatchingNetwork,5,5,b-59-850,miniImageNet_SOTA_trainSet,False,10,4000,5,exp1_permuted_src_datasets
50,14.92460803,2.0,1739101130.7355528,,0.46414485573768616,1.0,0.001,1,16,40x40,MatchingNetwork,5,5,b-59-850,miniImageNet_SOTA_trainSet,False,10,4000,5,exp1_permuted_src_datasets
51,14.97503068,2.0,1739101130.7860777,,0.5276602506637573,0.9375,0.001,1,16,40x40,MatchingNetwork,5,5,b-59-850,miniImageNet_SOTA_trainSet,False,10,4000,5,exp1_permuted_src_datasets
52,15.024198858,2.0,1739101130.8352067,,0.48561081290245056,1.0,0.001,1,16,40x40,MatchingNetwork,5,5,b-59-850,miniImageNet_SOTA_trainSet,False,10,4000,5,exp1_permuted_src_datasets
53,15.089148671,2.0,1739101130.9001465,,0.5497022271156311,1.0,0.001,1,16,40x40,MatchingNetwork,5,5,b-59-850,miniImageNet_SOTA_trainSet,False,10,4000,5,exp1_permuted_src_datasets
54,15.141167969,2.0,1739101130.9520826,,0.48354339599609375,1.0,0.001,1,16,40x40,MatchingNetwork,5,5,b-59-850,miniImageNet_SOTA_trainSet,False,10,4000,5,exp1_permuted_src_datasets
55,15.193241889,2.0,1739101131.0041997,,0.44116640090942383,1.0,0.001,1,16,40x40,MatchingNetwork,5,5,b-59-850,miniImageNet_SOTA_trainSet,False,10,4000,5,exp1_permuted_src_datasets
56,15.241631832,2.0,1739101131.0525887,,0.503869354724884,1.0,0.001,1,16,40x40,MatchingNetwork,5,5,b-59-850,miniImageNet_SOTA_trainSet,False,10,4000,5,exp1_permuted_src_datasets
57,15.289520139,2.0,1739101131.1005275,,0.449660062789917,1.0,0.001,1,16,40x40,MatchingNetwork,5,5,b-59-850,miniImageNet_SOTA_trainSet,False,10,4000,5,exp1_permuted_src_datasets
58,15.343633368,2.0,1739101131.15469,,0.4458900988101959,1.0,0.001,1,16,40x40,MatchingNetwork,5,5,b-59-850,miniImageNet_SOTA_trainSet,False,10,4000,5,exp1_permuted_src_datasets
59,15.394495361,2.0,1739101131.2055244,,0.4875061511993408,1.0,0.001,1,16,40x40,MatchingNetwork,5,5,b-59-850,miniImageNet_SOTA_trainSet,False,10,4000,5,exp1_permuted_src_datasets
60,15.445467414,2.0,1739101131.2565892,,0.5173980593681335,1.0,0.001,1,16,40x40,MatchingNetwork,5,5,b-59-850,miniImageNet_SOTA_trainSet,False,10,4000,5,exp1_permuted_src_datasets
61,15.493576103,2.0,1739101131.3046255,,0.5393187999725342,1.0,0.001,1,16,40x40,MatchingNetwork,5,5,b-59-850,miniImageNet_SOTA_trainSet,False,10,4000,5,exp1_permuted_src_datasets
62,15.544106895,2.0,1739101131.3551009,,0.5147845149040222,1.0,0.001,1,16,40x40,MatchingNetwork,5,5,b-59-850,miniImageNet_SOTA_trainSet,False,10,4000,5,exp1_permuted_src_datasets
63,15.593706248,2.0,1739101131.4045753,,0.45940259099006653,1.0,0.001,1,16,40x40,MatchingNetwork,5,5,b-59-850,miniImageNet_SOTA_trainSet,False,10,4000,5,exp1_permuted_src_datasets
64,23.566829547,2.0,1739101139.3780136,0.782,,,0.001,1,16,40x40,MatchingNetwork,5,5,b-59-850,miniImageNet_SOTA_trainSet,False,10,4000,5,exp1_permuted_src_datasets
65,23.598013229,2.0,1739101139.4090533,,0.3994511365890503,1.0,0.001,1,16,40x40,MatchingNetwork,5,5,b-59-850,miniImageNet_SOTA_trainSet,False,10,4000,5,exp1_permuted_src_datasets
66,23.648482859,2.0,1739101139.4595168,,0.4092625081539154,1.0,0.001,1,16,40x40,MatchingNetwork,5,5,b-59-850,miniImageNet_SOTA_trainSet,False,10,4000,5,exp1_permuted_src_datasets
67,23.718847049,2.0,1739101139.5297372,,0.4149334728717804,1.0,0.001,1,16,40x40,MatchingNetwork,5,5,b-59-850,miniImageNet_SOTA_trainSet,False,10,4000,5,exp1_permuted_src_datasets
68,23.782814261,2.0,1739101139.593763,,0.5019683241844177,1.0,0.001,1,16,40x40,MatchingNetwork,5,5,b-59-850,miniImageNet_SOTA_trainSet,False,10,4000,5,exp1_permuted_src_datasets
69,23.839663324,2.0,1739101139.6506536,,0.447569340467453,1.0,0.001,1,16,40x40,MatchingNetwork,5,5,b-59-850,miniImageNet_SOTA_trainSet,False,10,4000,5,exp1_permuted_src_datasets
70,23.888949288,2.0,1739101139.6999695,,0.40424153208732605,1.0,0.001,1,16,40x40,MatchingNetwork,5,5,b-59-850,miniImageNet_SOTA_trainSet,False,10,4000,5,exp1_permuted_src_datasets
71,23.940589084,2.0,1739101139.751533,,0.4711607098579407,1.0,0.001,1,16,40x40,MatchingNetwork,5,5,b-59-850,miniImageNet_SOTA_trainSet,False,10,4000,5,exp1_permuted_src_datasets
72,23.998285423,2.0,1739101139.809302,,0.41338223218917847,1.0,0.001,1,16,40x40,MatchingNetwork,5,5,b-59-850,miniImageNet_SOTA_trainSet,False,10,4000,5,exp1_permuted_src_datasets
73,24.066719156,2.0,1739101139.877757,,0.49485698342323303,1.0,0.001,1,16,40x40,MatchingNetwork,5,5,b-59-850,miniImageNet_SOTA_trainSet,False,10,4000,5,exp1_permuted_src_datasets
74,24.131663766,2.0,1739101139.942652,,0.38528841733932495,1.0,0.001,1,16,40x40,MatchingNetwork,5,5,b-59-850,miniImageNet_SOTA_trainSet,False,10,4000,5,exp1_permuted_src_datasets
75,24.200883265,2.0,1739101140.0118873,,0.43735775351524353,1.0,0.001,1,16,40x40,MatchingNetwork,5,5,b-59-850,miniImageNet_SOTA_trainSet,False,10,4000,5,exp1_permuted_src_datasets
76,24.251695481,2.0,1739101140.0626123,,0.4107261300086975,1.0,0.001,1,16,40x40,MatchingNetwork,5,5,b-59-850,miniImageNet_SOTA_trainSet,False,10,4000,5,exp1_permuted_src_datasets
77,24.304826156,2.0,1739101140.1157823,,0.5002472400665283,1.0,0.001,1,16,40x40,MatchingNetwork,5,5,b-59-850,miniImageNet_SOTA_trainSet,False,10,4000,5,exp1_permuted_src_datasets
78,24.354316459,2.0,1739101140.1652813,,0.3984561562538147,1.0,0.001,1,16,40x40,MatchingNetwork,5,5,b-59-850,miniImageNet_SOTA_trainSet,False,10,4000,5,exp1_permuted_src_datasets
79,24.416075456,2.0,1739101140.2269926,,0.35231930017471313,1.0,0.001,1,16,40x40,MatchingNetwork,5,5,b-59-850,miniImageNet_SOTA_trainSet,False,10,4000,5,exp1_permuted_src_datasets
80,24.465072216,2.0,1739101140.2760203,,0.44102540612220764,1.0,0.001,1,16,40x40,MatchingNetwork,5,5,b-59-850,miniImageNet_SOTA_trainSet,False,10,4000,5,exp1_permuted_src_datasets
81,24.518541111,2.0,1739101140.3295586,,0.35979005694389343,1.0,0.001,1,16,40x40,MatchingNetwork,5,5,b-59-850,miniImageNet_SOTA_trainSet,False,10,4000,5,exp1_permuted_src_datasets
82,24.56878047,2.0,1739101140.379599,,0.41197720170021057,1.0,0.001,1,16,40x40,MatchingNetwork,5,5,b-59-850,miniImageNet_SOTA_trainSet,False,10,4000,5,exp1_permuted_src_datasets
83,24.624458976,2.0,1739101140.435449,,0.5256351828575134,1.0,0.001,1,16,40x40,MatchingNetwork,5,5,b-59-850,miniImageNet_SOTA_trainSet,False,10,4000,5,exp1_permuted_src_datasets
84,24.673463130000002,2.0,1739101140.4844704,,0.3961722254753113,1.0,0.001,1,16,40x40,MatchingNetwork,5,5,b-59-850,miniImageNet_SOTA_trainSet,False,10,4000,5,exp1_permuted_src_datasets
85,24.727443988,2.0,1739101140.538495,,0.4384806752204895,1.0,0.001,1,16,40x40,MatchingNetwork,5,5,b-59-850,miniImageNet_SOTA_trainSet,False,10,4000,5,exp1_permuted_src_datasets
86,24.774834468999998,2.0,1739101140.5858624,,0.38675108551979065,1.0,0.001,1,16,40x40,MatchingNetwork,5,5,b-59-850,miniImageNet_SOTA_trainSet,False,10,4000,5,exp1_permuted_src_datasets
87,24.82894009,2.0,1739101140.6399152,,0.4244128167629242,1.0,0.001,1,16,40x40,MatchingNetwork,5,5,b-59-850,miniImageNet_SOTA_trainSet,False,10,4000,5,exp1_permuted_src_datasets
88,24.881528197,2.0,1739101140.6924362,,0.326204389333725,1.0,0.001,1,16,40x40,MatchingNetwork,5,5,b-59-850,miniImageNet_SOTA_trainSet,False,10,4000,5,exp1_permuted_src_datasets
89,24.933766466,2.0,1739101140.744776,,0.3540925085544586,1.0,0.001,1,16,40x40,MatchingNetwork,5,5,b-59-850,miniImageNet_SOTA_trainSet,False,10,4000,5,exp1_permuted_src_datasets
90,24.988285452,2.0,1739101140.7992468,,0.33287274837493896,1.0,0.001,1,16,40x40,MatchingNetwork,5,5,b-59-850,miniImageNet_SOTA_trainSet,False,10,4000,5,exp1_permuted_src_datasets
91,25.036593758,2.0,1739101140.847618,,0.34388163685798645,1.0,0.001,1,16,40x40,MatchingNetwork,5,5,b-59-850,miniImageNet_SOTA_trainSet,False,10,4000,5,exp1_permuted_src_datasets
92,25.088197957,2.0,1739101140.89913,,0.29406923055648804,1.0,0.001,1,16,40x40,MatchingNetwork,5,5,b-59-850,miniImageNet_SOTA_trainSet,False,10,4000,5,exp1_permuted_src_datasets
93,25.139597513,2.0,1739101140.9505754,,0.47343629598617554,1.0,0.001,1,16,40x40,MatchingNetwork,5,5,b-59-850,miniImageNet_SOTA_trainSet,False,10,4000,5,exp1_permuted_src_datasets
94,25.199211193,2.0,1739101141.0101655,,0.37690702080726624,1.0,0.001,1,16,40x40,MatchingNetwork,5,5,b-59-850,miniImageNet_SOTA_trainSet,False,10,4000,5,exp1_permuted_src_datasets
95,25.271351125,2.0,1739101141.0823395,,0.3992411196231842,1.0,0.001,1,16,40x40,MatchingNetwork,5,5,b-59-850,miniImageNet_SOTA_trainSet,False,10,4000,5,exp1_permuted_src_datasets
96,25.32003746,2.0,1739101141.1310358,,0.33172571659088135,1.0,0.001,1,16,40x40,MatchingNetwork,5,5,b-59-850,miniImageNet_SOTA_trainSet,False,10,4000,5,exp1_permuted_src_datasets
97,25.371685814,2.0,1739101141.1826375,,0.32033324241638184,1.0,0.001,1,16,40x40,MatchingNetwork,5,5,b-59-850,miniImageNet_SOTA_trainSet,False,10,4000,5,exp1_permuted_src_datasets
98,25.42195642,2.0,1739101141.232909,,0.3679925203323364,1.0,0.001,1,16,40x40,MatchingNetwork,5,5,b-59-850,miniImageNet_SOTA_trainSet,False,10,4000,5,exp1_permuted_src_datasets
99,25.472839653,2.0,1739101141.2837987,,0.37959060072898865,1.0,0.001,1,16,40x40,MatchingNetwork,5,5,b-59-850,miniImageNet_SOTA_trainSet,False,10,4000,5,exp1_permuted_src_datasets
100,25.521901389,2.0,1739101141.3329206,,0.3631814420223236,1.0,0.001,1,16,40x40,MatchingNetwork,5,5,b-59-850,miniImageNet_SOTA_trainSet,False,10,4000,5,exp1_permuted_src_datasets
101,25.573658772,2.0,1739101141.38466,,0.2955872416496277,1.0,0.001,1,16,40x40,MatchingNetwork,5,5,b-59-850,miniImageNet_SOTA_trainSet,False,10,4000,5,exp1_permuted_src_datasets
102,25.622715303,2.0,1739101141.433755,,0.33950546383857727,1.0,0.001,1,16,40x40,MatchingNetwork,5,5,b-59-850,miniImageNet_SOTA_trainSet,False,10,4000,5,exp1_permuted_src_datasets
103,25.673283444,2.0,1739101141.4842834,,0.3021560311317444,1.0,0.001,1,16,40x40,MatchingNetwork,5,5,b-59-850,miniImageNet_SOTA_trainSet,False,10,4000,5,exp1_permuted_src_datasets
104,25.722681475999998,2.0,1739101141.5336626,,0.3606996536254883,1.0,0.001,1,16,40x40,MatchingNetwork,5,5,b-59-850,miniImageNet_SOTA_trainSet,False,10,4000,5,exp1_permuted_src_datasets
105,25.775737151,2.0,1739101141.586716,,0.4153920114040375,1.0,0.001,1,16,40x40,MatchingNetwork,5,5,b-59-850,miniImageNet_SOTA_trainSet,False,10,4000,5,exp1_permuted_src_datasets
106,25.828029901,2.0,1739101141.6390011,,0.3301716446876526,1.0,0.001,1,16,40x40,MatchingNetwork,5,5,b-59-850,miniImageNet_SOTA_trainSet,False,10,4000,5,exp1_permuted_src_datasets
107,25.878590038,2.0,1739101141.68957,,0.3833644390106201,1.0,0.001,1,16,40x40,MatchingNetwork,5,5,b-59-850,miniImageNet_SOTA_trainSet,False,10,4000,5,exp1_permuted_src_datasets
108,25.936518372,2.0,1739101141.7475007,,0.28302228450775146,1.0,0.001,1,16,40x40,MatchingNetwork,5,5,b-59-850,miniImageNet_SOTA_trainSet,False,10,4000,5,exp1_permuted_src_datasets
109,25.999766484,2.0,1739101141.8107474,,0.3649613559246063,1.0,0.001,1,16,40x40,MatchingNetwork,5,5,b-59-850,miniImageNet_SOTA_trainSet,False,10,4000,5,exp1_permuted_src_datasets
110,26.051028302,2.0,1739101141.8620155,,0.3164430260658264,1.0,0.001,1,16,40x40,MatchingNetwork,5,5,b-59-850,miniImageNet_SOTA_trainSet,False,10,4000,5,exp1_permuted_src_datasets
111,26.102288688,2.0,1739101141.913295,,0.45517030358314514,1.0,0.001,1,16,40x40,MatchingNetwork,5,5,b-59-850,miniImageNet_SOTA_trainSet,False,10,4000,5,exp1_permuted_src_datasets
112,26.153973887,2.0,1739101141.9648645,,0.269510954618454,1.0,0.001,1,16,40x40,MatchingNetwork,5,5,b-59-850,miniImageNet_SOTA_trainSet,False,10,4000,5,exp1_permuted_src_datasets
113,26.2120364,2.0,1739101142.0230439,,0.3439008295536041,1.0,0.001,1,16,40x40,MatchingNetwork,5,5,b-59-850,miniImageNet_SOTA_trainSet,False,10,4000,5,exp1_permuted_src_datasets
114,26.265253995,2.0,1739101142.0762572,,0.3384549021720886,1.0,0.001,1,16,40x40,MatchingNetwork,5,5,b-59-850,miniImageNet_SOTA_trainSet,False,10,4000,5,exp1_permuted_src_datasets
115,26.33093585,2.0,1739101142.1419442,,0.3455135226249695,1.0,0.001,1,16,40x40,MatchingNetwork,5,5,b-59-850,miniImageNet_SOTA_trainSet,False,10,4000,5,exp1_permuted_src_datasets
116,26.381785797,2.0,1739101142.192822,,0.3533286452293396,1.0,0.001,1,16,40x40,MatchingNetwork,5,5,b-59-850,miniImageNet_SOTA_trainSet,False,10,4000,5,exp1_permuted_src_datasets
117,26.444195313,2.0,1739101142.2551548,,0.3163362741470337,1.0,0.001,1,16,40x40,MatchingNetwork,5,5,b-59-850,miniImageNet_SOTA_trainSet,False,10,4000,5,exp1_permuted_src_datasets
118,26.496191394,2.0,1739101142.3071988,,0.3459194600582123,1.0,0.001,1,16,40x40,MatchingNetwork,5,5,b-59-850,miniImageNet_SOTA_trainSet,False,10,4000,5,exp1_permuted_src_datasets
119,26.551815514,2.0,1739101142.3627827,,0.3127036988735199,1.0,0.001,1,16,40x40,MatchingNetwork,5,5,b-59-850,miniImageNet_SOTA_trainSet,False,10,4000,5,exp1_permuted_src_datasets
120,26.602905655,2.0,1739101142.4139144,,0.3017657995223999,1.0,0.001,1,16,40x40,MatchingNetwork,5,5,b-59-850,miniImageNet_SOTA_trainSet,False,10,4000,5,exp1_permuted_src_datasets
121,26.654323684,2.0,1739101142.4653032,,0.34066569805145264,1.0,0.001,1,16,40x40,MatchingNetwork,5,5,b-59-850,miniImageNet_SOTA_trainSet,False,10,4000,5,exp1_permuted_src_datasets
122,26.70474997,2.0,1739101142.5157423,,0.34904220700263977,1.0,0.001,1,16,40x40,MatchingNetwork,5,5,b-59-850,miniImageNet_SOTA_trainSet,False,10,4000,5,exp1_permuted_src_datasets
123,26.754724715000002,2.0,1739101142.5657294,,0.29708802700042725,1.0,0.001,1,16,40x40,MatchingNetwork,5,5,b-59-850,miniImageNet_SOTA_trainSet,False,10,4000,5,exp1_permuted_src_datasets
124,26.804230388,2.0,1739101142.6151557,,0.2918233871459961,1.0,0.001,1,16,40x40,MatchingNetwork,5,5,b-59-850,miniImageNet_SOTA_trainSet,False,10,4000,5,exp1_permuted_src_datasets
125,26.860718052,2.0,1739101142.6716945,,0.3502042591571808,1.0,0.001,1,16,40x40,MatchingNetwork,5,5,b-59-850,miniImageNet_SOTA_trainSet,False,10,4000,5,exp1_permuted_src_datasets
126,26.911699696,2.0,1739101142.7227085,,0.24134524166584015,1.0,0.001,1,16,40x40,MatchingNetwork,5,5,b-59-850,miniImageNet_SOTA_trainSet,False,10,4000,5,exp1_permuted_src_datasets
127,36.990269615,2.0,1739101152.8014603,0.7785,,,0.001,1,16,40x40,MatchingNetwork,5,5,b-59-850,miniImageNet_SOTA_trainSet,False,10,4000,5,exp1_permuted_src_datasets
128,37.019872845,2.0,1739101152.8308446,,0.29918670654296875,1.0,0.001,1,16,40x40,MatchingNetwork,5,5,b-59-850,miniImageNet_SOTA_trainSet,False,10,4000,5,exp1_permuted_src_datasets
129,37.07064722,2.0,1739101152.881563,,0.34601739048957825,1.0,0.001,1,16,40x40,MatchingNetwork,5,5,b-59-850,miniImageNet_SOTA_trainSet,False,10,4000,5,exp1_permuted_src_datasets
130,37.126320945,2.0,1739101152.9373002,,0.34450772404670715,1.0,0.001,1,16,40x40,MatchingNetwork,5,5,b-59-850,miniImageNet_SOTA_trainSet,False,10,4000,5,exp1_permuted_src_datasets
131,37.178304847,2.0,1739101152.989161,,0.2921092212200165,1.0,0.001,1,16,40x40,MatchingNetwork,5,5,b-59-850,miniImageNet_SOTA_trainSet,False,10,4000,5,exp1_permuted_src_datasets
132,37.230838569,2.0,1739101153.041778,,0.36064422130584717,1.0,0.001,1,16,40x40,MatchingNetwork,5,5,b-59-850,miniImageNet_SOTA_trainSet,False,10,4000,5,exp1_permuted_src_datasets
133,37.284204609,2.0,1739101153.0951428,,0.33442437648773193,1.0,0.001,1,16,40x40,MatchingNetwork,5,5,b-59-850,miniImageNet_SOTA_trainSet,False,10,4000,5,exp1_permuted_src_datasets
134,37.340303148,2.0,1739101153.1512766,,0.30148470401763916,1.0,0.001,1,16,40x40,MatchingNetwork,5,5,b-59-850,miniImageNet_SOTA_trainSet,False,10,4000,5,exp1_permuted_src_datasets
135,37.391692068,2.0,1739101153.2026832,,0.2798219621181488,1.0,0.001,1,16,40x40,MatchingNetwork,5,5,b-59-850,miniImageNet_SOTA_trainSet,False,10,4000,5,exp1_permuted_src_datasets
136,37.443487089,2.0,1739101153.2543511,,0.29703083634376526,1.0,0.001,1,16,40x40,MatchingNetwork,5,5,b-59-850,miniImageNet_SOTA_trainSet,False,10,4000,5,exp1_permuted_src_datasets
137,37.496025832,2.0,1739101153.3069189,,0.3426626920700073,1.0,0.001,1,16,40x40,MatchingNetwork,5,5,b-59-850,miniImageNet_SOTA_trainSet,False,10,4000,5,exp1_permuted_src_datasets
138,37.552556104,2.0,1739101153.3635037,,0.37465423345565796,1.0,0.001,1,16,40x40,MatchingNetwork,5,5,b-59-850,miniImageNet_SOTA_trainSet,False,10,4000,5,exp1_permuted_src_datasets
139,37.605253473,2.0,1739101153.4162436,,0.280318945646286,1.0,0.001,1,16,40x40,MatchingNetwork,5,5,b-59-850,miniImageNet_SOTA_trainSet,False,10,4000,5,exp1_permuted_src_datasets
140,37.654851322,2.0,1739101153.4658315,,0.2947675585746765,1.0,0.001,1,16,40x40,MatchingNetwork,5,5,b-59-850,miniImageNet_SOTA_trainSet,False,10,4000,5,exp1_permuted_src_datasets
141,37.709878765,2.0,1739101153.5207887,,0.28945618867874146,1.0,0.001,1,16,40x40,MatchingNetwork,5,5,b-59-850,miniImageNet_SOTA_trainSet,False,10,4000,5,exp1_permuted_src_datasets
142,37.761982013,2.0,1739101153.5729585,,0.30052173137664795,1.0,0.001,1,16,40x40,MatchingNetwork,5,5,b-59-850,miniImageNet_SOTA_trainSet,False,10,4000,5,exp1_permuted_src_datasets
143,37.812187458,2.0,1739101153.6231184,,0.33284232020378113,1.0,0.001,1,16,40x40,MatchingNetwork,5,5,b-59-850,miniImageNet_SOTA_trainSet,False,10,4000,5,exp1_permuted_src_datasets
144,37.865825133,2.0,1739101153.6767237,,0.3262920379638672,1.0,0.001,1,16,40x40,MatchingNetwork,5,5,b-59-850,miniImageNet_SOTA_trainSet,False,10,4000,5,exp1_permuted_src_datasets
145,37.941348364,2.0,1739101153.7523081,,0.37460848689079285,1.0,0.001,1,16,40x40,MatchingNetwork,5,5,b-59-850,miniImageNet_SOTA_trainSet,False,10,4000,5,exp1_permuted_src_datasets
146,37.992305003,2.0,1739101153.803232,,0.3271506428718567,1.0,0.001,1,16,40x40,MatchingNetwork,5,5,b-59-850,miniImageNet_SOTA_trainSet,False,10,4000,5,exp1_permuted_src_datasets
147,38.045473276,2.0,1739101153.8564131,,0.27544522285461426,1.0,0.001,1,16,40x40,MatchingNetwork,5,5,b-59-850,miniImageNet_SOTA_trainSet,False,10,4000,5,exp1_permuted_src_datasets
148,38.102599253,2.0,1739101153.9135327,,0.27430304884910583,1.0,0.001,1,16,40x40,MatchingNetwork,5,5,b-59-850,miniImageNet_SOTA_trainSet,False,10,4000,5,exp1_permuted_src_datasets
149,38.153764785999996,2.0,1739101153.9647033,,0.3345710337162018,1.0,0.001,1,16,40x40,MatchingNetwork,5,5,b-59-850,miniImageNet_SOTA_trainSet,False,10,4000,5,exp1_permuted_src_datasets
150,38.221150356,2.0,1739101154.0320392,,0.2972804009914398,1.0,0.001,1,16,40x40,MatchingNetwork,5,5,b-59-850,miniImageNet_SOTA_trainSet,False,10,4000,5,exp1_permuted_src_datasets
151,38.271192848,2.0,1739101154.0821235,,0.3057987689971924,1.0,0.001,1,16,40x40,MatchingNetwork,5,5,b-59-850,miniImageNet_SOTA_trainSet,False,10,4000,5,exp1_permuted_src_datasets
152,38.327017374,2.0,1739101154.1379685,,0.2994312345981598,1.0,0.001,1,16,40x40,MatchingNetwork,5,5,b-59-850,miniImageNet_SOTA_trainSet,False,10,4000,5,exp1_permuted_src_datasets
153,38.376120782,2.0,1739101154.1870658,,0.26006945967674255,1.0,0.001,1,16,40x40,MatchingNetwork,5,5,b-59-850,miniImageNet_SOTA_trainSet,False,10,4000,5,exp1_permuted_src_datasets
154,38.42715684,2.0,1739101154.2380953,,0.2776176631450653,1.0,0.001,1,16,40x40,MatchingNetwork,5,5,b-59-850,miniImageNet_SOTA_trainSet,False,10,4000,5,exp1_permuted_src_datasets
155,38.480053083,2.0,1739101154.290969,,0.3009040355682373,1.0,0.001,1,16,40x40,MatchingNetwork,5,5,b-59-850,miniImageNet_SOTA_trainSet,False,10,4000,5,exp1_permuted_src_datasets
156,38.534182839,2.0,1739101154.345148,,0.26684167981147766,1.0,0.001,1,16,40x40,MatchingNetwork,5,5,b-59-850,miniImageNet_SOTA_trainSet,False,10,4000,5,exp1_permuted_src_datasets
157,38.588131151,2.0,1739101154.399034,,0.29372432827949524,1.0,0.001,1,16,40x40,MatchingNetwork,5,5,b-59-850,miniImageNet_SOTA_trainSet,False,10,4000,5,exp1_permuted_src_datasets
158,38.639393982,2.0,1739101154.450367,,0.2542131543159485,1.0,0.001,1,16,40x40,MatchingNetwork,5,5,b-59-850,miniImageNet_SOTA_trainSet,False,10,4000,5,exp1_permuted_src_datasets
159,38.691406758,2.0,1739101154.5022025,,0.2803173065185547,1.0,0.001,1,16,40x40,MatchingNetwork,5,5,b-59-850,miniImageNet_SOTA_trainSet,False,10,4000,5,exp1_permuted_src_datasets
160,38.745009555,2.0,1739101154.55586,,0.25743845105171204,1.0,0.001,1,16,40x40,MatchingNetwork,5,5,b-59-850,miniImageNet_SOTA_trainSet,False,10,4000,5,exp1_permuted_src_datasets
161,38.797565262,2.0,1739101154.6085167,,0.31292423605918884,1.0,0.001,1,16,40x40,MatchingNetwork,5,5,b-59-850,miniImageNet_SOTA_trainSet,False,10,4000,5,exp1_permuted_src_datasets
162,38.849932199,2.0,1739101154.6608446,,0.3210691511631012,1.0,0.001,1,16,40x40,MatchingNetwork,5,5,b-59-850,miniImageNet_SOTA_trainSet,False,10,4000,5,exp1_permuted_src_datasets
163,38.902410191,2.0,1739101154.713351,,0.28672394156455994,1.0,0.001,1,16,40x40,MatchingNetwork,5,5,b-59-850,miniImageNet_SOTA_trainSet,False,10,4000,5,exp1_permuted_src_datasets
164,38.953594411,2.0,1739101154.7645125,,0.2850704491138458,1.0,0.001,1,16,40x40,MatchingNetwork,5,5,b-59-850,miniImageNet_SOTA_trainSet,False,10,4000,5,exp1_permuted_src_datasets
165,39.002589414,2.0,1739101154.813563,,0.35688516497612,1.0,0.001,1,16,40x40,MatchingNetwork,5,5,b-59-850,miniImageNet_SOTA_trainSet,False,10,4000,5,exp1_permuted_src_datasets
166,39.053956186,2.0,1739101154.8649065,,0.24273446202278137,1.0,0.001,1,16,40x40,MatchingNetwork,5,5,b-59-850,miniImageNet_SOTA_trainSet,False,10,4000,5,exp1_permuted_src_datasets
167,39.107150927,2.0,1739101154.9181173,,0.336482435464859,1.0,0.001,1,16,40x40,MatchingNetwork,5,5,b-59-850,miniImageNet_SOTA_trainSet,False,10,4000,5,exp1_permuted_src_datasets
168,39.174739181,2.0,1739101154.9857037,,0.24713322520256042,1.0,0.001,1,16,40x40,MatchingNetwork,5,5,b-59-850,miniImageNet_SOTA_trainSet,False,10,4000,5,exp1_permuted_src_datasets
169,39.22599651,2.0,1739101155.0368881,,0.3058227300643921,1.0,0.001,1,16,40x40,MatchingNetwork,5,5,b-59-850,miniImageNet_SOTA_trainSet,False,10,4000,5,exp1_permuted_src_datasets
170,39.282242319,2.0,1739101155.093169,,0.285087525844574,1.0,0.001,1,16,40x40,MatchingNetwork,5,5,b-59-850,miniImageNet_SOTA_trainSet,False,10,4000,5,exp1_permuted_src_datasets
171,39.339290681,2.0,1739101155.1502228,,0.279771089553833,1.0,0.001,1,16,40x40,MatchingNetwork,5,5,b-59-850,miniImageNet_SOTA_trainSet,False,10,4000,5,exp1_permuted_src_datasets
172,39.391601871,2.0,1739101155.2025867,,0.285858690738678,1.0,0.001,1,16,40x40,MatchingNetwork,5,5,b-59-850,miniImageNet_SOTA_trainSet,False,10,4000,5,exp1_permuted_src_datasets
173,39.449998614,2.0,1739101155.2609718,,0.26498764753341675,1.0,0.001,1,16,40x40,MatchingNetwork,5,5,b-59-850,miniImageNet_SOTA_trainSet,False,10,4000,5,exp1_permuted_src_datasets
174,39.510653843,2.0,1739101155.3215938,,0.268420934677124,1.0,0.001,1,16,40x40,MatchingNetwork,5,5,b-59-850,miniImageNet_SOTA_trainSet,False,10,4000,5,exp1_permuted_src_datasets
175,39.579041678,2.0,1739101155.3898664,,0.26311376690864563,1.0,0.001,1,16,40x40,MatchingNetwork,5,5,b-59-850,miniImageNet_SOTA_trainSet,False,10,4000,5,exp1_permuted_src_datasets
176,39.631607155,2.0,1739101155.4425693,,0.3196803033351898,1.0,0.001,1,16,40x40,MatchingNetwork,5,5,b-59-850,miniImageNet_SOTA_trainSet,False,10,4000,5,exp1_permuted_src_datasets
177,39.684770609,2.0,1739101155.4957166,,0.2906002402305603,1.0,0.001,1,16,40x40,MatchingNetwork,5,5,b-59-850,miniImageNet_SOTA_trainSet,False,10,4000,5,exp1_permuted_src_datasets
178,39.742456942,2.0,1739101155.5534008,,0.2579735815525055,1.0,0.001,1,16,40x40,MatchingNetwork,5,5,b-59-850,miniImageNet_SOTA_trainSet,False,10,4000,5,exp1_permuted_src_datasets
179,39.794269196,2.0,1739101155.6052055,,0.29650864005088806,1.0,0.001,1,16,40x40,MatchingNetwork,5,5,b-59-850,miniImageNet_SOTA_trainSet,False,10,4000,5,exp1_permuted_src_datasets
180,39.850638965,2.0,1739101155.6616132,,0.31756487488746643,1.0,0.001,1,16,40x40,MatchingNetwork,5,5,b-59-850,miniImageNet_SOTA_trainSet,False,10,4000,5,exp1_permuted_src_datasets
181,39.914431993,2.0,1739101155.7253494,,0.28233203291893005,1.0,0.001,1,16,40x40,MatchingNetwork,5,5,b-59-850,miniImageNet_SOTA_trainSet,False,10,4000,5,exp1_permuted_src_datasets
182,39.966198201,2.0,1739101155.7772157,,0.3167170286178589,1.0,0.001,1,16,40x40,MatchingNetwork,5,5,b-59-850,miniImageNet_SOTA_trainSet,False,10,4000,5,exp1_permuted_src_datasets
183,40.0169751,2.0,1739101155.82792,,0.28362613916397095,1.0,0.001,1,16,40x40,MatchingNetwork,5,5,b-59-850,miniImageNet_SOTA_trainSet,False,10,4000,5,exp1_permuted_src_datasets
184,40.068060842,2.0,1739101155.8790677,,0.23993085324764252,1.0,0.001,1,16,40x40,MatchingNetwork,5,5,b-59-850,miniImageNet_SOTA_trainSet,False,10,4000,5,exp1_permuted_src_datasets
185,40.122066818,2.0,1739101155.9328876,,0.3571215867996216,1.0,0.001,1,16,40x40,MatchingNetwork,5,5,b-59-850,miniImageNet_SOTA_trainSet,False,10,4000,5,exp1_permuted_src_datasets
186,40.177855546,2.0,1739101155.988802,,0.26742681860923767,1.0,0.001,1,16,40x40,MatchingNetwork,5,5,b-59-850,miniImageNet_SOTA_trainSet,False,10,4000,5,exp1_permuted_src_datasets
187,40.246580961,2.0,1739101156.057504,,0.28769221901893616,1.0,0.001,1,16,40x40,MatchingNetwork,5,5,b-59-850,miniImageNet_SOTA_trainSet,False,10,4000,5,exp1_permuted_src_datasets
188,40.312291259,2.0,1739101156.123297,,0.28644034266471863,1.0,0.001,1,16,40x40,MatchingNetwork,5,5,b-59-850,miniImageNet_SOTA_trainSet,False,10,4000,5,exp1_permuted_src_datasets
189,40.368134352,2.0,1739101156.1790717,,0.2669805884361267,1.0,0.001,1,16,40x40,MatchingNetwork,5,5,b-59-850,miniImageNet_SOTA_trainSet,False,10,4000,5,exp1_permuted_src_datasets
190,48.948716318,2.0,1739101164.7599132,0.779,,,0.001,1,16,40x40,MatchingNetwork,5,5,b-59-850,miniImageNet_SOTA_trainSet,False,10,4000,5,exp1_permuted_src_datasets
191,52.488950216,3.0,1739101168.3001366,,,,0.001,1,16,40x40,MatchingNetwork,5,5,b-59-850,miniImageNet_SOTA_trainSet,False,10,4000,5,exp1_permuted_src_datasets
192,60.746937555,3.0,1739101176.5178447,0.72125,,,0.001,1,16,40x40,MatchingNetwork,5,5,b-59-850,miniImageNet_SOTA_trainSet,False,10,4000,5,exp1_permuted_src_datasets
193,60.746968627,3.0,1739101176.553348,,0.9207719564437866,0.875,0.001,1,16,40x40,MatchingNetwork,5,5,b-59-850,miniImageNet_SOTA_trainSet,False,10,4000,5,exp1_permuted_src_datasets
194,60.792508029,3.0,1739101176.6035287,,0.9164503812789917,0.875,0.001,1,16,40x40,MatchingNetwork,5,5,b-59-850,miniImageNet_SOTA_trainSet,False,10,4000,5,exp1_permuted_src_datasets
195,60.845618787,3.0,1739101176.6566083,,0.7396025657653809,0.9375,0.001,1,16,40x40,MatchingNetwork,5,5,b-59-850,miniImageNet_SOTA_trainSet,False,10,4000,5,exp1_permuted_src_datasets
196,60.897143494,3.0,1739101176.7081368,,0.8139246702194214,0.9375,0.001,1,16,40x40,MatchingNetwork,5,5,b-59-850,miniImageNet_SOTA_trainSet,False,10,4000,5,exp1_permuted_src_datasets
197,60.946428025,3.0,1739101176.757467,,0.7322080135345459,1.0,0.001,1,16,40x40,MatchingNetwork,5,5,b-59-850,miniImageNet_SOTA_trainSet,False,10,4000,5,exp1_permuted_src_datasets
198,60.995190466,3.0,1739101176.8061783,,0.7527267932891846,0.8125,0.001,1,16,40x40,MatchingNetwork,5,5,b-59-850,miniImageNet_SOTA_trainSet,False,10,4000,5,exp1_permuted_src_datasets
199,61.045026421,3.0,1739101176.8559783,,0.6629548668861389,0.9375,0.001,1,16,40x40,MatchingNetwork,5,5,b-59-850,miniImageNet_SOTA_trainSet,False,10,4000,5,exp1_permuted_src_datasets
200,61.107362656,3.0,1739101176.918354,,0.8797026872634888,0.75,0.001,1,16,40x40,MatchingNetwork,5,5,b-59-850,miniImageNet_SOTA_trainSet,False,10,4000,5,exp1_permuted_src_datasets
201,61.156969986,3.0,1739101176.968007,,0.6838927268981934,0.9375,0.001,1,16,40x40,MatchingNetwork,5,5,b-59-850,miniImageNet_SOTA_trainSet,False,10,4000,5,exp1_permuted_src_datasets
202,61.211813266,3.0,1739101177.0228002,,0.6758089661598206,0.875,0.001,1,16,40x40,MatchingNetwork,5,5,b-59-850,miniImageNet_SOTA_trainSet,False,10,4000,5,exp1_permuted_src_datasets
203,61.267407909,3.0,1739101177.0783963,,0.6630508303642273,0.9375,0.001,1,16,40x40,MatchingNetwork,5,5,b-59-850,miniImageNet_SOTA_trainSet,False,10,4000,5,exp1_permuted_src_datasets
204,61.322634998,3.0,1739101177.1336534,,0.9815295934677124,0.6875,0.001,1,16,40x40,MatchingNetwork,5,5,b-59-850,miniImageNet_SOTA_trainSet,False,10,4000,5,exp1_permuted_src_datasets
205,61.383561847,3.0,1739101177.1945655,,0.7579690217971802,1.0,0.001,1,16,40x40,MatchingNetwork,5,5,b-59-850,miniImageNet_SOTA_trainSet,False,10,4000,5,exp1_permuted_src_datasets
206,61.434172415,3.0,1739101177.2451544,,0.7525425553321838,0.9375,0.001,1,16,40x40,MatchingNetwork,5,5,b-59-850,miniImageNet_SOTA_trainSet,False,10,4000,5,exp1_permuted_src_datasets
207,61.482782008,3.0,1739101177.2937791,,0.6871790885925293,0.875,0.001,1,16,40x40,MatchingNetwork,5,5,b-59-850,miniImageNet_SOTA_trainSet,False,10,4000,5,exp1_permuted_src_datasets
208,61.532269679,3.0,1739101177.3432662,,0.6584450006484985,0.9375,0.001,1,16,40x40,MatchingNetwork,5,5,b-59-850,miniImageNet_SOTA_trainSet,False,10,4000,5,exp1_permuted_src_datasets
209,61.580556153,3.0,1739101177.3915992,,0.5251151919364929,1.0,0.001,1,16,40x40,MatchingNetwork,5,5,b-59-850,miniImageNet_SOTA_trainSet,False,10,4000,5,exp1_permuted_src_datasets
210,61.640873978,3.0,1739101177.4519157,,0.6615637540817261,1.0,0.001,1,16,40x40,MatchingNetwork,5,5,b-59-850,miniImageNet_SOTA_trainSet,False,10,4000,5,exp1_permuted_src_datasets
211,61.691030566,3.0,1739101177.5020123,,0.7281807065010071,0.875,0.001,1,16,40x40,MatchingNetwork,5,5,b-59-850,miniImageNet_SOTA_trainSet,False,10,4000,5,exp1_permuted_src_datasets
212,61.850814919,3.0,1739101177.6607754,,0.5888521075248718,1.0,0.001,1,16,40x40,MatchingNetwork,5,5,b-59-850,miniImageNet_SOTA_trainSet,False,10,4000,5,exp1_permuted_src_datasets
213,61.936919118,3.0,1739101177.7478182,,0.6745316386222839,0.875,0.001,1,16,40x40,MatchingNetwork,5,5,b-59-850,miniImageNet_SOTA_trainSet,False,10,4000,5,exp1_permuted_src_datasets
214,62.071784083,3.0,1739101177.8827267,,0.66459721326828,1.0,0.001,1,16,40x40,MatchingNetwork,5,5,b-59-850,miniImageNet_SOTA_trainSet,False,10,4000,5,exp1_permuted_src_datasets
215,62.184445853,3.0,1739101177.995367,,0.6591217517852783,0.9375,0.001,1,16,40x40,MatchingNetwork,5,5,b-59-850,miniImageNet_SOTA_trainSet,False,10,4000,5,exp1_permuted_src_datasets
216,62.286584943,3.0,1739101178.0968187,,0.5449829697608948,0.9375,0.001,1,16,40x40,MatchingNetwork,5,5,b-59-850,miniImageNet_SOTA_trainSet,False,10,4000,5,exp1_permuted_src_datasets
217,62.384989045,3.0,1739101178.1959,,0.5295840501785278,1.0,0.001,1,16,40x40,MatchingNetwork,5,5,b-59-850,miniImageNet_SOTA_trainSet,False,10,4000,5,exp1_permuted_src_datasets
218,62.463497534,3.0,1739101178.2743812,,0.7454414367675781,0.875,0.001,1,16,40x40,MatchingNetwork,5,5,b-59-850,miniImageNet_SOTA_trainSet,False,10,4000,5,exp1_permuted_src_datasets
219,62.516566159999996,3.0,1739101178.3275692,,0.5848938226699829,0.9375,0.001,1,16,40x40,MatchingNetwork,5,5,b-59-850,miniImageNet_SOTA_trainSet,False,10,4000,5,exp1_permuted_src_datasets
220,62.567753835,3.0,1739101178.3786833,,0.5129945874214172,1.0,0.001,1,16,40x40,MatchingNetwork,5,5,b-59-850,miniImageNet_SOTA_trainSet,False,10,4000,5,exp1_permuted_src_datasets
221,62.618215069,3.0,1739101178.4291909,,0.5776933431625366,0.9375,0.001,1,16,40x40,MatchingNetwork,5,5,b-59-850,miniImageNet_SOTA_trainSet,False,10,4000,5,exp1_permuted_src_datasets
222,62.668085124,3.0,1739101178.4790347,,0.6064592003822327,0.9375,0.001,1,16,40x40,MatchingNetwork,5,5,b-59-850,miniImageNet_SOTA_trainSet,False,10,4000,5,exp1_permuted_src_datasets
223,62.719702376,3.0,1739101178.5305622,,0.41380754113197327,1.0,0.001,1,16,40x40,MatchingNetwork,5,5,b-59-850,miniImageNet_SOTA_trainSet,False,10,4000,5,exp1_permuted_src_datasets
224,62.771410924,3.0,1739101178.582354,,0.43040353059768677,1.0,0.001,1,16,40x40,MatchingNetwork,5,5,b-59-850,miniImageNet_SOTA_trainSet,False,10,4000,5,exp1_permuted_src_datasets
225,62.825259816,3.0,1739101178.6362338,,0.47936317324638367,1.0,0.001,1,16,40x40,MatchingNetwork,5,5,b-59-850,miniImageNet_SOTA_trainSet,False,10,4000,5,exp1_permuted_src_datasets
226,62.880786591,3.0,1739101178.6917434,,0.6109743118286133,0.9375,0.001,1,16,40x40,MatchingNetwork,5,5,b-59-850,miniImageNet_SOTA_trainSet,False,10,4000,5,exp1_permuted_src_datasets
227,62.930838235,3.0,1739101178.741754,,0.6871300339698792,0.9375,0.001,1,16,40x40,MatchingNetwork,5,5,b-59-850,miniImageNet_SOTA_trainSet,False,10,4000,5,exp1_permuted_src_datasets
228,62.983349368,3.0,1739101178.7942238,,0.6739791631698608,0.9375,0.001,1,16,40x40,MatchingNetwork,5,5,b-59-850,miniImageNet_SOTA_trainSet,False,10,4000,5,exp1_permuted_src_datasets
229,63.035327613,3.0,1739101178.846276,,0.49612146615982056,0.9375,0.001,1,16,40x40,MatchingNetwork,5,5,b-59-850,miniImageNet_SOTA_trainSet,False,10,4000,5,exp1_permuted_src_datasets
230,63.093968653,3.0,1739101178.9048982,,0.4811643362045288,0.9375,0.001,1,16,40x40,MatchingNetwork,5,5,b-59-850,miniImageNet_SOTA_trainSet,False,10,4000,5,exp1_permuted_src_datasets
231,63.145086245,3.0,1739101178.9560277,,0.5094758868217468,1.0,0.001,1,16,40x40,MatchingNetwork,5,5,b-59-850,miniImageNet_SOTA_trainSet,False,10,4000,5,exp1_permuted_src_datasets
232,63.199731522,3.0,1739101179.010633,,0.5196253061294556,1.0,0.001,1,16,40x40,MatchingNetwork,5,5,b-59-850,miniImageNet_SOTA_trainSet,False,10,4000,5,exp1_permuted_src_datasets
233,63.250758362,3.0,1739101179.0617464,,0.5766391158103943,0.875,0.001,1,16,40x40,MatchingNetwork,5,5,b-59-850,miniImageNet_SOTA_trainSet,False,10,4000,5,exp1_permuted_src_datasets
234,63.314187695,3.0,1739101179.1251059,,0.5061960220336914,1.0,0.001,1,16,40x40,MatchingNetwork,5,5,b-59-850,miniImageNet_SOTA_trainSet,False,10,4000,5,exp1_permuted_src_datasets
235,63.366247539,3.0,1739101179.177171,,0.5511109828948975,0.9375,0.001,1,16,40x40,MatchingNetwork,5,5,b-59-850,miniImageNet_SOTA_trainSet,False,10,4000,5,exp1_permuted_src_datasets
236,63.4186614,3.0,1739101179.2294457,,0.4238570034503937,1.0,0.001,1,16,40x40,MatchingNetwork,5,5,b-59-850,miniImageNet_SOTA_trainSet,False,10,4000,5,exp1_permuted_src_datasets
237,63.476909109,3.0,1739101179.2878523,,0.4804641604423523,1.0,0.001,1,16,40x40,MatchingNetwork,5,5,b-59-850,miniImageNet_SOTA_trainSet,False,10,4000,5,exp1_permuted_src_datasets
238,63.530051686,3.0,1739101179.3410075,,0.575169026851654,0.9375,0.001,1,16,40x40,MatchingNetwork,5,5,b-59-850,miniImageNet_SOTA_trainSet,False,10,4000,5,exp1_permuted_src_datasets
239,63.58250917,3.0,1739101179.3934548,,0.5016995072364807,0.9375,0.001,1,16,40x40,MatchingNetwork,5,5,b-59-850,miniImageNet_SOTA_trainSet,False,10,4000,5,exp1_permuted_src_datasets
240,63.653933196,3.0,1739101179.4647453,,0.5453177690505981,0.875,0.001,1,16,40x40,MatchingNetwork,5,5,b-59-850,miniImageNet_SOTA_trainSet,False,10,4000,5,exp1_permuted_src_datasets
241,63.707602829,3.0,1739101179.5184286,,0.5302348732948303,0.9375,0.001,1,16,40x40,MatchingNetwork,5,5,b-59-850,miniImageNet_SOTA_trainSet,False,10,4000,5,exp1_permuted_src_datasets
242,63.76179304,3.0,1739101179.5727403,,0.49250221252441406,1.0,0.001,1,16,40x40,MatchingNetwork,5,5,b-59-850,miniImageNet_SOTA_trainSet,False,10,4000,5,exp1_permuted_src_datasets
243,63.816728996,3.0,1739101179.627702,,0.5871051549911499,0.8125,0.001,1,16,40x40,MatchingNetwork,5,5,b-59-850,miniImageNet_SOTA_trainSet,False,10,4000,5,exp1_permuted_src_datasets
244,63.867730731,3.0,1739101179.6786962,,0.5859946608543396,1.0,0.001,1,16,40x40,MatchingNetwork,5,5,b-59-850,miniImageNet_SOTA_trainSet,False,10,4000,5,exp1_permuted_src_datasets
245,63.923136342,3.0,1739101179.7340622,,0.5674322843551636,0.9375,0.001,1,16,40x40,MatchingNetwork,5,5,b-59-850,miniImageNet_SOTA_trainSet,False,10,4000,5,exp1_permuted_src_datasets
246,63.974437281,3.0,1739101179.7854218,,0.42134660482406616,1.0,0.001,1,16,40x40,MatchingNetwork,5,5,b-59-850,miniImageNet_SOTA_trainSet,False,10,4000,5,exp1_permuted_src_datasets
247,64.029600382,3.0,1739101179.8405585,,0.618600070476532,0.875,0.001,1,16,40x40,MatchingNetwork,5,5,b-59-850,miniImageNet_SOTA_trainSet,False,10,4000,5,exp1_permuted_src_datasets
248,64.082571786,3.0,1739101179.8935723,,0.4758983850479126,1.0,0.001,1,16,40x40,MatchingNetwork,5,5,b-59-850,miniImageNet_SOTA_trainSet,False,10,4000,5,exp1_permuted_src_datasets
249,64.132485387,3.0,1739101179.9434783,,0.5243121385574341,0.9375,0.001,1,16,40x40,MatchingNetwork,5,5,b-59-850,miniImageNet_SOTA_trainSet,False,10,4000,5,exp1_permuted_src_datasets
250,64.187651107,3.0,1739101179.9985707,,0.4851679503917694,1.0,0.001,1,16,40x40,MatchingNetwork,5,5,b-59-850,miniImageNet_SOTA_trainSet,False,10,4000,5,exp1_permuted_src_datasets
251,64.259272004,3.0,1739101180.0700688,,0.4883252680301666,0.875,0.001,1,16,40x40,MatchingNetwork,5,5,b-59-850,miniImageNet_SOTA_trainSet,False,10,4000,5,exp1_permuted_src_datasets
252,64.313983044,3.0,1739101180.1248558,,0.42278897762298584,1.0,0.001,1,16,40x40,MatchingNetwork,5,5,b-59-850,miniImageNet_SOTA_trainSet,False,10,4000,5,exp1_permuted_src_datasets
253,64.367406969,3.0,1739101180.1783211,,0.474657267332077,0.875,0.001,1,16,40x40,MatchingNetwork,5,5,b-59-850,miniImageNet_SOTA_trainSet,False,10,4000,5,exp1_permuted_src_datasets
254,64.435814243,3.0,1739101180.2467098,,0.4555637538433075,0.9375,0.001,1,16,40x40,MatchingNetwork,5,5,b-59-850,miniImageNet_SOTA_trainSet,False,10,4000,5,exp1_permuted_src_datasets
255,73.077761979,3.0,1739101188.8889525,0.80975,,,0.001,1,16,40x40,MatchingNetwork,5,5,b-59-850,miniImageNet_SOTA_trainSet,False,10,4000,5,exp1_permuted_src_datasets
256,73.112671919,3.0,1739101188.9236913,,0.5211077928543091,0.9375,0.001,1,16,40x40,MatchingNetwork,5,5,b-59-850,miniImageNet_SOTA_trainSet,False,10,4000,5,exp1_permuted_src_datasets
257,73.170548895,3.0,1739101188.9815164,,0.38411593437194824,1.0,0.001,1,16,40x40,MatchingNetwork,5,5,b-59-850,miniImageNet_SOTA_trainSet,False,10,4000,5,exp1_permuted_src_datasets
258,73.224580721,3.0,1739101189.035608,,0.35286417603492737,1.0,0.001,1,16,40x40,MatchingNetwork,5,5,b-59-850,miniImageNet_SOTA_trainSet,False,10,4000,5,exp1_permuted_src_datasets
259,73.276609808,3.0,1739101189.0876093,,0.5655941367149353,0.875,0.001,1,16,40x40,MatchingNetwork,5,5,b-59-850,miniImageNet_SOTA_trainSet,False,10,4000,5,exp1_permuted_src_datasets
260,73.339711288,3.0,1739101189.1507308,,0.49458348751068115,1.0,0.001,1,16,40x40,MatchingNetwork,5,5,b-59-850,miniImageNet_SOTA_trainSet,False,10,4000,5,exp1_permuted_src_datasets
261,73.395223837,3.0,1739101189.2061963,,0.37131017446517944,1.0,0.001,1,16,40x40,MatchingNetwork,5,5,b-59-850,miniImageNet_SOTA_trainSet,False,10,4000,5,exp1_permuted_src_datasets
262,73.474001822,3.0,1739101189.284911,,0.4609433114528656,0.875,0.001,1,16,40x40,MatchingNetwork,5,5,b-59-850,miniImageNet_SOTA_trainSet,False,10,4000,5,exp1_permuted_src_datasets
263,73.530727924,3.0,1739101189.3416383,,0.4874454140663147,0.9375,0.001,1,16,40x40,MatchingNetwork,5,5,b-59-850,miniImageNet_SOTA_trainSet,False,10,4000,5,exp1_permuted_src_datasets
264,73.616173606,3.0,1739101189.4270627,,0.34200507402420044,1.0,0.001,1,16,40x40,MatchingNetwork,5,5,b-59-850,miniImageNet_SOTA_trainSet,False,10,4000,5,exp1_permuted_src_datasets
265,73.685505429,3.0,1739101189.4964485,,0.4731346666812897,1.0,0.001,1,16,40x40,MatchingNetwork,5,5,b-59-850,miniImageNet_SOTA_trainSet,False,10,4000,5,exp1_permuted_src_datasets
266,73.764500731,3.0,1739101189.5755193,,0.402113676071167,1.0,0.001,1,16,40x40,MatchingNetwork,5,5,b-59-850,miniImageNet_SOTA_trainSet,False,10,4000,5,exp1_permuted_src_datasets
267,73.814274916,3.0,1739101189.6252658,,0.5223228931427002,0.9375,0.001,1,16,40x40,MatchingNetwork,5,5,b-59-850,miniImageNet_SOTA_trainSet,False,10,4000,5,exp1_permuted_src_datasets
268,73.864321393,3.0,1739101189.6752992,,0.5803683400154114,0.9375,0.001,1,16,40x40,MatchingNetwork,5,5,b-59-850,miniImageNet_SOTA_trainSet,False,10,4000,5,exp1_permuted_src_datasets
269,73.91538147,3.0,1739101189.7263567,,0.5356820821762085,0.9375,0.001,1,16,40x40,MatchingNetwork,5,5,b-59-850,miniImageNet_SOTA_trainSet,False,10,4000,5,exp1_permuted_src_datasets
270,73.964795194,3.0,1739101189.775807,,0.4213699996471405,1.0,0.001,1,16,40x40,MatchingNetwork,5,5,b-59-850,miniImageNet_SOTA_trainSet,False,10,4000,5,exp1_permuted_src_datasets
271,74.022795998,3.0,1739101189.833721,,0.4505782127380371,0.9375,0.001,1,16,40x40,MatchingNetwork,5,5,b-59-850,miniImageNet_SOTA_trainSet,False,10,4000,5,exp1_permuted_src_datasets
272,74.076901901,3.0,1739101189.8878098,,0.4196772575378418,0.9375,0.001,1,16,40x40,MatchingNetwork,5,5,b-59-850,miniImageNet_SOTA_trainSet,False,10,4000,5,exp1_permuted_src_datasets
273,74.129364482,3.0,1739101189.9403481,,0.38319265842437744,1.0,0.001,1,16,40x40,MatchingNetwork,5,5,b-59-850,miniImageNet_SOTA_trainSet,False,10,4000,5,exp1_permuted_src_datasets
274,74.179092921,3.0,1739101189.9901135,,0.40373799204826355,1.0,0.001,1,16,40x40,MatchingNetwork,5,5,b-59-850,miniImageNet_SOTA_trainSet,False,10,4000,5,exp1_permuted_src_datasets
275,74.229435129,3.0,1739101190.0404427,,0.4240611791610718,1.0,0.001,1,16,40x40,MatchingNetwork,5,5,b-59-850,miniImageNet_SOTA_trainSet,False,10,4000,5,exp1_permuted_src_datasets
276,74.281174845,3.0,1739101190.0921447,,0.33436012268066406,1.0,0.001,1,16,40x40,MatchingNetwork,5,5,b-59-850,miniImageNet_SOTA_trainSet,False,10,4000,5,exp1_permuted_src_datasets
277,74.336150078,3.0,1739101190.1471093,,0.39310917258262634,1.0,0.001,1,16,40x40,MatchingNetwork,5,5,b-59-850,miniImageNet_SOTA_trainSet,False,10,4000,5,exp1_permuted_src_datasets
278,74.386679073,3.0,1739101190.197642,,0.3628076910972595,1.0,0.001,1,16,40x40,MatchingNetwork,5,5,b-59-850,miniImageNet_SOTA_trainSet,False,10,4000,5,exp1_permuted_src_datasets
279,74.467259264,3.0,1739101190.2781982,,0.40428099036216736,1.0,0.001,1,16,40x40,MatchingNetwork,5,5,b-59-850,miniImageNet_SOTA_trainSet,False,10,4000,5,exp1_permuted_src_datasets
280,74.517460273,3.0,1739101190.3284981,,0.38011664152145386,1.0,0.001,1,16,40x40,MatchingNetwork,5,5,b-59-850,miniImageNet_SOTA_trainSet,False,10,4000,5,exp1_permuted_src_datasets
281,74.569082951,3.0,1739101190.3800879,,0.4713020622730255,1.0,0.001,1,16,40x40,MatchingNetwork,5,5,b-59-850,miniImageNet_SOTA_trainSet,False,10,4000,5,exp1_permuted_src_datasets
282,74.626258437,3.0,1739101190.4372451,,0.46604472398757935,0.9375,0.001,1,16,40x40,MatchingNetwork,5,5,b-59-850,miniImageNet_SOTA_trainSet,False,10,4000,5,exp1_permuted_src_datasets
283,74.679252996,3.0,1739101190.4901083,,0.3790919780731201,1.0,0.001,1,16,40x40,MatchingNetwork,5,5,b-59-850,miniImageNet_SOTA_trainSet,False,10,4000,5,exp1_permuted_src_datasets
284,74.731872701,3.0,1739101190.5428743,,0.4007869362831116,1.0,0.001,1,16,40x40,MatchingNetwork,5,5,b-59-850,miniImageNet_SOTA_trainSet,False,10,4000,5,exp1_permuted_src_datasets
285,74.783144748,3.0,1739101190.5941474,,0.5705873966217041,0.875,0.001,1,16,40x40,MatchingNetwork,5,5,b-59-850,miniImageNet_SOTA_trainSet,False,10,4000,5,exp1_permuted_src_datasets
286,74.835518755,3.0,1739101190.646508,,0.404958039522171,1.0,0.001,1,16,40x40,MatchingNetwork,5,5,b-59-850,miniImageNet_SOTA_trainSet,False,10,4000,5,exp1_permuted_src_datasets
287,74.890488295,3.0,1739101190.7014909,,0.37644946575164795,1.0,0.001,1,16,40x40,MatchingNetwork,5,5,b-59-850,miniImageNet_SOTA_trainSet,False,10,4000,5,exp1_permuted_src_datasets
288,74.943714407,3.0,1739101190.7546453,,0.3893827795982361,0.9375,0.001,1,16,40x40,MatchingNetwork,5,5,b-59-850,miniImageNet_SOTA_trainSet,False,10,4000,5,exp1_permuted_src_datasets
289,74.997604178,3.0,1739101190.8085823,,0.3516060709953308,1.0,0.001,1,16,40x40,MatchingNetwork,5,5,b-59-850,miniImageNet_SOTA_trainSet,False,10,4000,5,exp1_permuted_src_datasets
290,75.053169872,3.0,1739101190.8640733,,0.39971327781677246,1.0,0.001,1,16,40x40,MatchingNetwork,5,5,b-59-850,miniImageNet_SOTA_trainSet,False,10,4000,5,exp1_permuted_src_datasets
291,75.107922827,3.0,1739101190.918921,,0.431363582611084,0.9375,0.001,1,16,40x40,MatchingNetwork,5,5,b-59-850,miniImageNet_SOTA_trainSet,False,10,4000,5,exp1_permuted_src_datasets
292,75.159822842,3.0,1739101190.9707215,,0.46622297167778015,1.0,0.001,1,16,40x40,MatchingNetwork,5,5,b-59-850,miniImageNet_SOTA_trainSet,False,10,4000,5,exp1_permuted_src_datasets
293,75.20953843,3.0,1739101191.020527,,0.4613814651966095,0.9375,0.001,1,16,40x40,MatchingNetwork,5,5,b-59-850,miniImageNet_SOTA_trainSet,False,10,4000,5,exp1_permuted_src_datasets
294,75.260192211,3.0,1739101191.0712,,0.4059532582759857,1.0,0.001,1,16,40x40,MatchingNetwork,5,5,b-59-850,miniImageNet_SOTA_trainSet,False,10,4000,5,exp1_permuted_src_datasets
295,75.314611936,3.0,1739101191.1255848,,0.46049144864082336,1.0,0.001,1,16,40x40,MatchingNetwork,5,5,b-59-850,miniImageNet_SOTA_trainSet,False,10,4000,5,exp1_permuted_src_datasets
296,75.378390226,3.0,1739101191.1893287,,0.40768417716026306,0.9375,0.001,1,16,40x40,MatchingNetwork,5,5,b-59-850,miniImageNet_SOTA_trainSet,False,10,4000,5,exp1_permuted_src_datasets
297,75.433096189,3.0,1739101191.2440097,,0.4121081233024597,0.9375,0.001,1,16,40x40,MatchingNetwork,5,5,b-59-850,miniImageNet_SOTA_trainSet,False,10,4000,5,exp1_permuted_src_datasets
298,75.484425052,3.0,1739101191.2954001,,0.5078502893447876,0.9375,0.001,1,16,40x40,MatchingNetwork,5,5,b-59-850,miniImageNet_SOTA_trainSet,False,10,4000,5,exp1_permuted_src_datasets
299,75.538629459,3.0,1739101191.349636,,0.4211939573287964,1.0,0.001,1,16,40x40,MatchingNetwork,5,5,b-59-850,miniImageNet_SOTA_trainSet,False,10,4000,5,exp1_permuted_src_datasets
300,75.589185778,3.0,1739101191.4002273,,0.3387816548347473,1.0,0.001,1,16,40x40,MatchingNetwork,5,5,b-59-850,miniImageNet_SOTA_trainSet,False,10,4000,5,exp1_permuted_src_datasets
301,75.647203937,3.0,1739101191.4582052,,0.432728111743927,1.0,0.001,1,16,40x40,MatchingNetwork,5,5,b-59-850,miniImageNet_SOTA_trainSet,False,10,4000,5,exp1_permuted_src_datasets
302,75.69684277,3.0,1739101191.5079136,,0.4325084090232849,1.0,0.001,1,16,40x40,MatchingNetwork,5,5,b-59-850,miniImageNet_SOTA_trainSet,False,10,4000,5,exp1_permuted_src_datasets
303,75.746862194,3.0,1739101191.5578606,,0.4427938759326935,0.9375,0.001,1,16,40x40,MatchingNetwork,5,5,b-59-850,miniImageNet_SOTA_trainSet,False,10,4000,5,exp1_permuted_src_datasets
304,75.797145599,3.0,1739101191.608144,,0.36779987812042236,0.9375,0.001,1,16,40x40,MatchingNetwork,5,5,b-59-850,miniImageNet_SOTA_trainSet,False,10,4000,5,exp1_permuted_src_datasets
305,75.847974792,3.0,1739101191.6589947,,0.3784264326095581,1.0,0.001,1,16,40x40,MatchingNetwork,5,5,b-59-850,miniImageNet_SOTA_trainSet,False,10,4000,5,exp1_permuted_src_datasets
306,75.899624661,3.0,1739101191.710616,,0.34650081396102905,1.0,0.001,1,16,40x40,MatchingNetwork,5,5,b-59-850,miniImageNet_SOTA_trainSet,False,10,4000,5,exp1_permuted_src_datasets
307,75.950090987,3.0,1739101191.7610133,,0.3290956914424896,1.0,0.001,1,16,40x40,MatchingNetwork,5,5,b-59-850,miniImageNet_SOTA_trainSet,False,10,4000,5,exp1_permuted_src_datasets
308,76.000630445,3.0,1739101191.8116229,,0.3779401183128357,1.0,0.001,1,16,40x40,MatchingNetwork,5,5,b-59-850,miniImageNet_SOTA_trainSet,False,10,4000,5,exp1_permuted_src_datasets
309,76.051374833,3.0,1739101191.8623743,,0.45439624786376953,0.9375,0.001,1,16,40x40,MatchingNetwork,5,5,b-59-850,miniImageNet_SOTA_trainSet,False,10,4000,5,exp1_permuted_src_datasets
310,76.104095356,3.0,1739101191.915084,,0.3217198848724365,1.0,0.001,1,16,40x40,MatchingNetwork,5,5,b-59-850,miniImageNet_SOTA_trainSet,False,10,4000,5,exp1_permuted_src_datasets
311,76.156071391,3.0,1739101191.9670596,,0.4475025534629822,1.0,0.001,1,16,40x40,MatchingNetwork,5,5,b-59-850,miniImageNet_SOTA_trainSet,False,10,4000,5,exp1_permuted_src_datasets
312,76.208812911,3.0,1739101192.01975,,0.38481196761131287,0.9375,0.001,1,16,40x40,MatchingNetwork,5,5,b-59-850,miniImageNet_SOTA_trainSet,False,10,4000,5,exp1_permuted_src_datasets
313,76.260544759,3.0,1739101192.071506,,0.44312942028045654,1.0,0.001,1,16,40x40,MatchingNetwork,5,5,b-59-850,miniImageNet_SOTA_trainSet,False,10,4000,5,exp1_permuted_src_datasets
314,76.315674842,3.0,1739101192.1266797,,0.3000696897506714,1.0,0.001,1,16,40x40,MatchingNetwork,5,5,b-59-850,miniImageNet_SOTA_trainSet,False,10,4000,5,exp1_permuted_src_datasets
315,76.365323758,3.0,1739101192.176322,,0.42951449751853943,0.9375,0.001,1,16,40x40,MatchingNetwork,5,5,b-59-850,miniImageNet_SOTA_trainSet,False,10,4000,5,exp1_permuted_src_datasets
316,76.415005991,3.0,1739101192.225957,,0.3497062027454376,1.0,0.001,1,16,40x40,MatchingNetwork,5,5,b-59-850,miniImageNet_SOTA_trainSet,False,10,4000,5,exp1_permuted_src_datasets
317,76.475727347,3.0,1739101192.2866693,,0.3902440071105957,1.0,0.001,1,16,40x40,MatchingNetwork,5,5,b-59-850,miniImageNet_SOTA_trainSet,False,10,4000,5,exp1_permuted_src_datasets
318,84.617247447,3.0,1739101200.4284456,0.81225,,,0.001,1,16,40x40,MatchingNetwork,5,5,b-59-850,miniImageNet_SOTA_trainSet,False,10,4000,5,exp1_permuted_src_datasets
319,84.657766811,3.0,1739101200.4688346,,0.3891969323158264,1.0,0.001,1,16,40x40,MatchingNetwork,5,5,b-59-850,miniImageNet_SOTA_trainSet,False,10,4000,5,exp1_permuted_src_datasets
320,84.709324142,3.0,1739101200.5203216,,0.4019221067428589,1.0,0.001,1,16,40x40,MatchingNetwork,5,5,b-59-850,miniImageNet_SOTA_trainSet,False,10,4000,5,exp1_permuted_src_datasets
321,84.773317424,3.0,1739101200.5832272,,0.3516504764556885,1.0,0.001,1,16,40x40,MatchingNetwork,5,5,b-59-850,miniImageNet_SOTA_trainSet,False,10,4000,5,exp1_permuted_src_datasets
322,84.825062272,3.0,1739101200.6360414,,0.3524032533168793,1.0,0.001,1,16,40x40,MatchingNetwork,5,5,b-59-850,miniImageNet_SOTA_trainSet,False,10,4000,5,exp1_permuted_src_datasets
323,84.875312531,3.0,1739101200.6863425,,0.3141845464706421,1.0,0.001,1,16,40x40,MatchingNetwork,5,5,b-59-850,miniImageNet_SOTA_trainSet,False,10,4000,5,exp1_permuted_src_datasets
324,84.925274214,3.0,1739101200.736257,,0.28529444336891174,1.0,0.001,1,16,40x40,MatchingNetwork,5,5,b-59-850,miniImageNet_SOTA_trainSet,False,10,4000,5,exp1_permuted_src_datasets
325,84.975072012,3.0,1739101200.786072,,0.3217148780822754,1.0,0.001,1,16,40x40,MatchingNetwork,5,5,b-59-850,miniImageNet_SOTA_trainSet,False,10,4000,5,exp1_permuted_src_datasets
326,85.024976834,3.0,1739101200.8359952,,0.37233808636665344,1.0,0.001,1,16,40x40,MatchingNetwork,5,5,b-59-850,miniImageNet_SOTA_trainSet,False,10,4000,5,exp1_permuted_src_datasets
327,85.084816849,3.0,1739101200.8957858,,0.36498960852622986,1.0,0.001,1,16,40x40,MatchingNetwork,5,5,b-59-850,miniImageNet_SOTA_trainSet,False,10,4000,5,exp1_permuted_src_datasets
328,85.138967386,3.0,1739101200.9499805,,0.40657538175582886,1.0,0.001,1,16,40x40,MatchingNetwork,5,5,b-59-850,miniImageNet_SOTA_trainSet,False,10,4000,5,exp1_permuted_src_datasets
329,85.20151028,3.0,1739101201.0124757,,0.36172765493392944,1.0,0.001,1,16,40x40,MatchingNetwork,5,5,b-59-850,miniImageNet_SOTA_trainSet,False,10,4000,5,exp1_permuted_src_datasets
330,85.260245929,3.0,1739101201.0712504,,0.36859843134880066,1.0,0.001,1,16,40x40,MatchingNetwork,5,5,b-59-850,miniImageNet_SOTA_trainSet,False,10,4000,5,exp1_permuted_src_datasets
331,85.310970579,3.0,1739101201.121993,,0.24084530770778656,1.0,0.001,1,16,40x40,MatchingNetwork,5,5,b-59-850,miniImageNet_SOTA_trainSet,False,10,4000,5,exp1_permuted_src_datasets
332,85.3628278,3.0,1739101201.1738813,,0.3180862367153168,1.0,0.001,1,16,40x40,MatchingNetwork,5,5,b-59-850,miniImageNet_SOTA_trainSet,False,10,4000,5,exp1_permuted_src_datasets
333,85.440379562,3.0,1739101201.251341,,0.30655768513679504,0.9375,0.001,1,16,40x40,MatchingNetwork,5,5,b-59-850,miniImageNet_SOTA_trainSet,False,10,4000,5,exp1_permuted_src_datasets
334,85.490050272,3.0,1739101201.3010337,,0.3995124101638794,1.0,0.001,1,16,40x40,MatchingNetwork,5,5,b-59-850,miniImageNet_SOTA_trainSet,False,10,4000,5,exp1_permuted_src_datasets
335,85.558756786,3.0,1739101201.3696833,,0.3610701262950897,1.0,0.001,1,16,40x40,MatchingNetwork,5,5,b-59-850,miniImageNet_SOTA_trainSet,False,10,4000,5,exp1_permuted_src_datasets
336,85.608384816,3.0,1739101201.419418,,0.33916887640953064,1.0,0.001,1,16,40x40,MatchingNetwork,5,5,b-59-850,miniImageNet_SOTA_trainSet,False,10,4000,5,exp1_permuted_src_datasets
337,85.658030903,3.0,1739101201.4690266,,0.36112338304519653,1.0,0.001,1,16,40x40,MatchingNetwork,5,5,b-59-850,miniImageNet_SOTA_trainSet,False,10,4000,5,exp1_permuted_src_datasets
338,85.70895025,3.0,1739101201.5199378,,0.39267534017562866,1.0,0.001,1,16,40x40,MatchingNetwork,5,5,b-59-850,miniImageNet_SOTA_trainSet,False,10,4000,5,exp1_permuted_src_datasets
339,85.759958287,3.0,1739101201.5709252,,0.371842622756958,1.0,0.001,1,16,40x40,MatchingNetwork,5,5,b-59-850,miniImageNet_SOTA_trainSet,False,10,4000,5,exp1_permuted_src_datasets
340,85.808486721,3.0,1739101201.6195045,,0.3515812158584595,1.0,0.001,1,16,40x40,MatchingNetwork,5,5,b-59-850,miniImageNet_SOTA_trainSet,False,10,4000,5,exp1_permuted_src_datasets
341,85.862211442,3.0,1739101201.6732252,,0.37986326217651367,1.0,0.001,1,16,40x40,MatchingNetwork,5,5,b-59-850,miniImageNet_SOTA_trainSet,False,10,4000,5,exp1_permuted_src_datasets
342,85.913191798,3.0,1739101201.7241719,,0.2943788468837738,1.0,0.001,1,16,40x40,MatchingNetwork,5,5,b-59-850,miniImageNet_SOTA_trainSet,False,10,4000,5,exp1_permuted_src_datasets
343,85.964749083,3.0,1739101201.7756796,,0.37226927280426025,1.0,0.001,1,16,40x40,MatchingNetwork,5,5,b-59-850,miniImageNet_SOTA_trainSet,False,10,4000,5,exp1_permuted_src_datasets
344,86.022527946,3.0,1739101201.8335392,,0.38007667660713196,1.0,0.001,1,16,40x40,MatchingNetwork,5,5,b-59-850,miniImageNet_SOTA_trainSet,False,10,4000,5,exp1_permuted_src_datasets
345,86.084485701,3.0,1739101201.8955398,,0.34583696722984314,1.0,0.001,1,16,40x40,MatchingNetwork,5,5,b-59-850,miniImageNet_SOTA_trainSet,False,10,4000,5,exp1_permuted_src_datasets
346,86.137523423,3.0,1739101201.9485404,,0.31025031208992004,1.0,0.001,1,16,40x40,MatchingNetwork,5,5,b-59-850,miniImageNet_SOTA_trainSet,False,10,4000,5,exp1_permuted_src_datasets
347,86.189096909,3.0,1739101202.0000792,,0.3481566607952118,1.0,0.001,1,16,40x40,MatchingNetwork,5,5,b-59-850,miniImageNet_SOTA_trainSet,False,10,4000,5,exp1_permuted_src_datasets
348,86.242154822,3.0,1739101202.0530698,,0.3828146755695343,1.0,0.001,1,16,40x40,MatchingNetwork,5,5,b-59-850,miniImageNet_SOTA_trainSet,False,10,4000,5,exp1_permuted_src_datasets
349,86.290728928,3.0,1739101202.101747,,0.3466706871986389,1.0,0.001,1,16,40x40,MatchingNetwork,5,5,b-59-850,miniImageNet_SOTA_trainSet,False,10,4000,5,exp1_permuted_src_datasets
350,86.348999887,3.0,1739101202.1599145,,0.2798634171485901,1.0,0.001,1,16,40x40,MatchingNetwork,5,5,b-59-850,miniImageNet_SOTA_trainSet,False,10,4000,5,exp1_permuted_src_datasets
351,86.404952212,3.0,1739101202.2159355,,0.3619150221347809,1.0,0.001,1,16,40x40,MatchingNetwork,5,5,b-59-850,miniImageNet_SOTA_trainSet,False,10,4000,5,exp1_permuted_src_datasets
352,86.472796531,3.0,1739101202.2837782,,0.35347628593444824,1.0,0.001,1,16,40x40,MatchingNetwork,5,5,b-59-850,miniImageNet_SOTA_trainSet,False,10,4000,5,exp1_permuted_src_datasets
353,86.524041152,3.0,1739101202.3350577,,0.28596118092536926,1.0,0.001,1,16,40x40,MatchingNetwork,5,5,b-59-850,miniImageNet_SOTA_trainSet,False,10,4000,5,exp1_permuted_src_datasets
354,86.574824968,3.0,1739101202.38582,,0.38056984543800354,1.0,0.001,1,16,40x40,MatchingNetwork,5,5,b-59-850,miniImageNet_SOTA_trainSet,False,10,4000,5,exp1_permuted_src_datasets
355,86.630525999,3.0,1739101202.4415052,,0.2763940095901489,1.0,0.001,1,16,40x40,MatchingNetwork,5,5,b-59-850,miniImageNet_SOTA_trainSet,False,10,4000,5,exp1_permuted_src_datasets
356,86.683707201,3.0,1739101202.4946353,,0.29723215103149414,1.0,0.001,1,16,40x40,MatchingNetwork,5,5,b-59-850,miniImageNet_SOTA_trainSet,False,10,4000,5,exp1_permuted_src_datasets
357,86.737457137,3.0,1739101202.5483806,,0.29967764019966125,1.0,0.001,1,16,40x40,MatchingNetwork,5,5,b-59-850,miniImageNet_SOTA_trainSet,False,10,4000,5,exp1_permuted_src_datasets
358,86.788333562,3.0,1739101202.5993714,,0.39080533385276794,1.0,0.001,1,16,40x40,MatchingNetwork,5,5,b-59-850,miniImageNet_SOTA_trainSet,False,10,4000,5,exp1_permuted_src_datasets
359,86.838517384,3.0,1739101202.6495218,,0.3337949216365814,1.0,0.001,1,16,40x40,MatchingNetwork,5,5,b-59-850,miniImageNet_SOTA_trainSet,False,10,4000,5,exp1_permuted_src_datasets
360,86.890143334,3.0,1739101202.7011166,,0.3243640065193176,1.0,0.001,1,16,40x40,MatchingNetwork,5,5,b-59-850,miniImageNet_SOTA_trainSet,False,10,4000,5,exp1_permuted_src_datasets
361,86.939461289,3.0,1739101202.7504587,,0.3509742319583893,1.0,0.001,1,16,40x40,MatchingNetwork,5,5,b-59-850,miniImageNet_SOTA_trainSet,False,10,4000,5,exp1_permuted_src_datasets
362,86.989187512,3.0,1739101202.8002107,,0.33770912885665894,1.0,0.001,1,16,40x40,MatchingNetwork,5,5,b-59-850,miniImageNet_SOTA_trainSet,False,10,4000,5,exp1_permuted_src_datasets
363,87.040134106,3.0,1739101202.851131,,0.3104357123374939,1.0,0.001,1,16,40x40,MatchingNetwork,5,5,b-59-850,miniImageNet_SOTA_trainSet,False,10,4000,5,exp1_permuted_src_datasets
364,87.090989764,3.0,1739101202.90199,,0.2948356866836548,1.0,0.001,1,16,40x40,MatchingNetwork,5,5,b-59-850,miniImageNet_SOTA_trainSet,False,10,4000,5,exp1_permuted_src_datasets
365,87.162284681,3.0,1739101202.9731967,,0.2781539857387543,1.0,0.001,1,16,40x40,MatchingNetwork,5,5,b-59-850,miniImageNet_SOTA_trainSet,False,10,4000,5,exp1_permuted_src_datasets
366,87.216610742,3.0,1739101203.0275745,,0.30375251173973083,1.0,0.001,1,16,40x40,MatchingNetwork,5,5,b-59-850,miniImageNet_SOTA_trainSet,False,10,4000,5,exp1_permuted_src_datasets
367,87.294490875,3.0,1739101203.1053734,,0.3229483664035797,1.0,0.001,1,16,40x40,MatchingNetwork,5,5,b-59-850,miniImageNet_SOTA_trainSet,False,10,4000,5,exp1_permuted_src_datasets
368,87.349231419,3.0,1739101203.160241,,0.2541043162345886,1.0,0.001,1,16,40x40,MatchingNetwork,5,5,b-59-850,miniImageNet_SOTA_trainSet,False,10,4000,5,exp1_permuted_src_datasets
369,87.415949722,3.0,1739101203.226941,,0.3464919924736023,1.0,0.001,1,16,40x40,MatchingNetwork,5,5,b-59-850,miniImageNet_SOTA_trainSet,False,10,4000,5,exp1_permuted_src_datasets
370,87.488332558,3.0,1739101203.2992918,,0.2891328036785126,1.0,0.001,1,16,40x40,MatchingNetwork,5,5,b-59-850,miniImageNet_SOTA_trainSet,False,10,4000,5,exp1_permuted_src_datasets
371,87.55252365,3.0,1739101203.363499,,0.2970077097415924,1.0,0.001,1,16,40x40,MatchingNetwork,5,5,b-59-850,miniImageNet_SOTA_trainSet,False,10,4000,5,exp1_permuted_src_datasets
372,87.628565535,3.0,1739101203.4395325,,0.3089727759361267,1.0,0.001,1,16,40x40,MatchingNetwork,5,5,b-59-850,miniImageNet_SOTA_trainSet,False,10,4000,5,exp1_permuted_src_datasets
373,87.690989795,3.0,1739101203.5019717,,0.230590358376503,1.0,0.001,1,16,40x40,MatchingNetwork,5,5,b-59-850,miniImageNet_SOTA_trainSet,False,10,4000,5,exp1_permuted_src_datasets
374,87.750796097,3.0,1739101203.5617805,,0.2807074189186096,1.0,0.001,1,16,40x40,MatchingNetwork,5,5,b-59-850,miniImageNet_SOTA_trainSet,False,10,4000,5,exp1_permuted_src_datasets
375,87.820281977,3.0,1739101203.6312509,,0.2531066834926605,1.0,0.001,1,16,40x40,MatchingNetwork,5,5,b-59-850,miniImageNet_SOTA_trainSet,False,10,4000,5,exp1_permuted_src_datasets
376,87.878040704,3.0,1739101203.6890242,,0.3646871745586395,1.0,0.001,1,16,40x40,MatchingNetwork,5,5,b-59-850,miniImageNet_SOTA_trainSet,False,10,4000,5,exp1_permuted_src_datasets
377,87.949782747,3.0,1739101203.7606242,,0.3658510744571686,1.0,0.001,1,16,40x40,MatchingNetwork,5,5,b-59-850,miniImageNet_SOTA_trainSet,False,10,4000,5,exp1_permuted_src_datasets
378,88.002546405,3.0,1739101203.813497,,0.2911946177482605,1.0,0.001,1,16,40x40,MatchingNetwork,5,5,b-59-850,miniImageNet_SOTA_trainSet,False,10,4000,5,exp1_permuted_src_datasets
379,88.049409584,3.0,1739101203.8604195,,0.31089216470718384,1.0,0.001,1,16,40x40,MatchingNetwork,5,5,b-59-850,miniImageNet_SOTA_trainSet,False,10,4000,5,exp1_permuted_src_datasets
380,88.108620135,3.0,1739101203.9196014,,0.3867514431476593,1.0,0.001,1,16,40x40,MatchingNetwork,5,5,b-59-850,miniImageNet_SOTA_trainSet,False,10,4000,5,exp1_permuted_src_datasets
381,96.254146359,3.0,1739101212.065342,0.82775,,,0.001,1,16,40x40,MatchingNetwork,5,5,b-59-850,miniImageNet_SOTA_trainSet,False,10,4000,5,exp1_permuted_src_datasets
382,99.710878528,4.0,1739101215.522072,,,,0.001,1,16,40x40,MatchingNetwork,5,5,b-59-850,miniImageNet_SOTA_trainSet,False,10,4000,5,exp1_permuted_src_datasets
383,108.078411864,4.0,1739101223.8896239,0.72725,,,0.001,1,16,40x40,MatchingNetwork,5,5,b-59-850,miniImageNet_SOTA_trainSet,False,10,4000,5,exp1_permuted_src_datasets
384,108.121172705,4.0,1739101223.932202,,0.7724905610084534,0.9375,0.001,1,16,40x40,MatchingNetwork,5,5,b-59-850,miniImageNet_SOTA_trainSet,False,10,4000,5,exp1_permuted_src_datasets
385,108.172231941,4.0,1739101223.9832397,,0.7886842489242554,1.0,0.001,1,16,40x40,MatchingNetwork,5,5,b-59-850,miniImageNet_SOTA_trainSet,False,10,4000,5,exp1_permuted_src_datasets
386,108.232695724,4.0,1739101224.0436985,,0.7510170936584473,1.0,0.001,1,16,40x40,MatchingNetwork,5,5,b-59-850,miniImageNet_SOTA_trainSet,False,10,4000,5,exp1_permuted_src_datasets
387,108.299286119,4.0,1739101224.110259,,0.7300745248794556,1.0,0.001,1,16,40x40,MatchingNetwork,5,5,b-59-850,miniImageNet_SOTA_trainSet,False,10,4000,5,exp1_permuted_src_datasets
388,108.362974252,4.0,1739101224.1739848,,0.7624776363372803,1.0,0.001,1,16,40x40,MatchingNetwork,5,5,b-59-850,miniImageNet_SOTA_trainSet,False,10,4000,5,exp1_permuted_src_datasets
389,108.42061669899999,4.0,1739101224.2315862,,0.8762926459312439,0.9375,0.001,1,16,40x40,MatchingNetwork,5,5,b-59-850,miniImageNet_SOTA_trainSet,False,10,4000,5,exp1_permuted_src_datasets
390,108.472272306,4.0,1739101224.2832315,,0.6863769888877869,1.0,0.001,1,16,40x40,MatchingNetwork,5,5,b-59-850,miniImageNet_SOTA_trainSet,False,10,4000,5,exp1_permuted_src_datasets
391,108.537354097,4.0,1739101224.3483748,,0.801455020904541,0.9375,0.001,1,16,40x40,MatchingNetwork,5,5,b-59-850,miniImageNet_SOTA_trainSet,False,10,4000,5,exp1_permuted_src_datasets
392,108.587095847,4.0,1739101224.3980885,,0.6052088737487793,1.0,0.001,1,16,40x40,MatchingNetwork,5,5,b-59-850,miniImageNet_SOTA_trainSet,False,10,4000,5,exp1_permuted_src_datasets
393,108.638441434,4.0,1739101224.4493773,,0.6487441062927246,0.875,0.001,1,16,40x40,MatchingNetwork,5,5,b-59-850,miniImageNet_SOTA_trainSet,False,10,4000,5,exp1_permuted_src_datasets
394,108.690742715,4.0,1739101224.5014746,,0.6126015782356262,1.0,0.001,1,16,40x40,MatchingNetwork,5,5,b-59-850,miniImageNet_SOTA_trainSet,False,10,4000,5,exp1_permuted_src_datasets
395,108.740791726,4.0,1739101224.5517752,,0.5541579127311707,1.0,0.001,1,16,40x40,MatchingNetwork,5,5,b-59-850,miniImageNet_SOTA_trainSet,False,10,4000,5,exp1_permuted_src_datasets
396,108.792230157,4.0,1739101224.6031592,,0.639629065990448,0.9375,0.001,1,16,40x40,MatchingNetwork,5,5,b-59-850,miniImageNet_SOTA_trainSet,False,10,4000,5,exp1_permuted_src_datasets
397,108.842318465,4.0,1739101224.6533263,,0.5705617666244507,1.0,0.001,1,16,40x40,MatchingNetwork,5,5,b-59-850,miniImageNet_SOTA_trainSet,False,10,4000,5,exp1_permuted_src_datasets
398,108.893658843,4.0,1739101224.7046053,,0.5865004062652588,1.0,0.001,1,16,40x40,MatchingNetwork,5,5,b-59-850,miniImageNet_SOTA_trainSet,False,10,4000,5,exp1_permuted_src_datasets
399,108.978710667,4.0,1739101224.7895622,,0.551494300365448,0.9375,0.001,1,16,40x40,MatchingNetwork,5,5,b-59-850,miniImageNet_SOTA_trainSet,False,10,4000,5,exp1_permuted_src_datasets
400,109.034127545,4.0,1739101224.8450115,,0.5739350914955139,1.0,0.001,1,16,40x40,MatchingNetwork,5,5,b-59-850,miniImageNet_SOTA_trainSet,False,10,4000,5,exp1_permuted_src_datasets
401,109.089085032,4.0,1739101224.9000566,,0.5360862612724304,1.0,0.001,1,16,40x40,MatchingNetwork,5,5,b-59-850,miniImageNet_SOTA_trainSet,False,10,4000,5,exp1_permuted_src_datasets
402,109.137648719,4.0,1739101224.9486983,,0.5246922969818115,1.0,0.001,1,16,40x40,MatchingNetwork,5,5,b-59-850,miniImageNet_SOTA_trainSet,False,10,4000,5,exp1_permuted_src_datasets
403,109.187499367,4.0,1739101224.9984806,,0.5212762355804443,1.0,0.001,1,16,40x40,MatchingNetwork,5,5,b-59-850,miniImageNet_SOTA_trainSet,False,10,4000,5,exp1_permuted_src_datasets
404,109.250264579,4.0,1739101225.061285,,0.5748595595359802,1.0,0.001,1,16,40x40,MatchingNetwork,5,5,b-59-850,miniImageNet_SOTA_trainSet,False,10,4000,5,exp1_permuted_src_datasets
405,109.297615873,4.0,1739101225.1086464,,0.5698087215423584,1.0,0.001,1,16,40x40,MatchingNetwork,5,5,b-59-850,miniImageNet_SOTA_trainSet,False,10,4000,5,exp1_permuted_src_datasets
406,109.361157192,4.0,1739101225.1721385,,0.4689931571483612,1.0,0.001,1,16,40x40,MatchingNetwork,5,5,b-59-850,miniImageNet_SOTA_trainSet,False,10,4000,5,exp1_permuted_src_datasets
407,109.408626285,4.0,1739101225.21964,,0.49824458360671997,1.0,0.001,1,16,40x40,MatchingNetwork,5,5,b-59-850,miniImageNet_SOTA_trainSet,False,10,4000,5,exp1_permuted_src_datasets
408,109.457640597,4.0,1739101225.2685864,,0.5152499079704285,1.0,0.001,1,16,40x40,MatchingNetwork,5,5,b-59-850,miniImageNet_SOTA_trainSet,False,10,4000,5,exp1_permuted_src_datasets
409,109.505575159,4.0,1739101225.3165498,,0.4448223412036896,1.0,0.001,1,16,40x40,MatchingNetwork,5,5,b-59-850,miniImageNet_SOTA_trainSet,False,10,4000,5,exp1_permuted_src_datasets
410,109.555979885,4.0,1739101225.366954,,0.46829158067703247,0.9375,0.001,1,16,40x40,MatchingNetwork,5,5,b-59-850,miniImageNet_SOTA_trainSet,False,10,4000,5,exp1_permuted_src_datasets
411,109.604649673,4.0,1739101225.4156709,,0.5645804405212402,0.9375,0.001,1,16,40x40,MatchingNetwork,5,5,b-59-850,miniImageNet_SOTA_trainSet,False,10,4000,5,exp1_permuted_src_datasets
412,109.663732295,4.0,1739101225.4747007,,0.4970887005329132,1.0,0.001,1,16,40x40,MatchingNetwork,5,5,b-59-850,miniImageNet_SOTA_trainSet,False,10,4000,5,exp1_permuted_src_datasets
413,109.71009099,4.0,1739101225.521109,,0.44568943977355957,1.0,0.001,1,16,40x40,MatchingNetwork,5,5,b-59-850,miniImageNet_SOTA_trainSet,False,10,4000,5,exp1_permuted_src_datasets
414,109.758184458,4.0,1739101225.569212,,0.4670419692993164,1.0,0.001,1,16,40x40,MatchingNetwork,5,5,b-59-850,miniImageNet_SOTA_trainSet,False,10,4000,5,exp1_permuted_src_datasets
415,109.805420498,4.0,1739101225.6164358,,0.5583496689796448,1.0,0.001,1,16,40x40,MatchingNetwork,5,5,b-59-850,miniImageNet_SOTA_trainSet,False,10,4000,5,exp1_permuted_src_datasets
416,109.857720823,4.0,1739101225.6687462,,0.45320209860801697,1.0,0.001,1,16,40x40,MatchingNetwork,5,5,b-59-850,miniImageNet_SOTA_trainSet,False,10,4000,5,exp1_permuted_src_datasets
417,109.906612966,4.0,1739101225.7176423,,0.38162803649902344,1.0,0.001,1,16,40x40,MatchingNetwork,5,5,b-59-850,miniImageNet_SOTA_trainSet,False,10,4000,5,exp1_permuted_src_datasets
418,109.970119717,4.0,1739101225.7810924,,0.40938079357147217,1.0,0.001,1,16,40x40,MatchingNetwork,5,5,b-59-850,miniImageNet_SOTA_trainSet,False,10,4000,5,exp1_permuted_src_datasets
419,110.020666054,4.0,1739101225.8317027,,0.44037383794784546,1.0,0.001,1,16,40x40,MatchingNetwork,5,5,b-59-850,miniImageNet_SOTA_trainSet,False,10,4000,5,exp1_permuted_src_datasets
420,110.069365003,4.0,1739101225.8802865,,0.42037642002105713,1.0,0.001,1,16,40x40,MatchingNetwork,5,5,b-59-850,miniImageNet_SOTA_trainSet,False,10,4000,5,exp1_permuted_src_datasets
421,110.121543494,4.0,1739101225.9325225,,0.5332385897636414,1.0,0.001,1,16,40x40,MatchingNetwork,5,5,b-59-850,miniImageNet_SOTA_trainSet,False,10,4000,5,exp1_permuted_src_datasets
422,110.174468017,4.0,1739101225.9853122,,0.44534432888031006,1.0,0.001,1,16,40x40,MatchingNetwork,5,5,b-59-850,miniImageNet_SOTA_trainSet,False,10,4000,5,exp1_permuted_src_datasets
423,110.231444674,4.0,1739101226.042413,,0.42022573947906494,1.0,0.001,1,16,40x40,MatchingNetwork,5,5,b-59-850,miniImageNet_SOTA_trainSet,False,10,4000,5,exp1_permuted_src_datasets
424,110.280234676,4.0,1739101226.091233,,0.4514685273170471,1.0,0.001,1,16,40x40,MatchingNetwork,5,5,b-59-850,miniImageNet_SOTA_trainSet,False,10,4000,5,exp1_permuted_src_datasets
425,110.329524301,4.0,1739101226.140529,,0.502077043056488,1.0,0.001,1,16,40x40,MatchingNetwork,5,5,b-59-850,miniImageNet_SOTA_trainSet,False,10,4000,5,exp1_permuted_src_datasets
426,110.396864682,4.0,1739101226.2078524,,0.4205645024776459,1.0,0.001,1,16,40x40,MatchingNetwork,5,5,b-59-850,miniImageNet_SOTA_trainSet,False,10,4000,5,exp1_permuted_src_datasets
427,110.444772494,4.0,1739101226.255882,,0.5111035108566284,0.9375,0.001,1,16,40x40,MatchingNetwork,5,5,b-59-850,miniImageNet_SOTA_trainSet,False,10,4000,5,exp1_permuted_src_datasets
428,110.493889704,4.0,1739101226.3049564,,0.38372665643692017,1.0,0.001,1,16,40x40,MatchingNetwork,5,5,b-59-850,miniImageNet_SOTA_trainSet,False,10,4000,5,exp1_permuted_src_datasets
429,110.545458883,4.0,1739101226.3565035,,0.41387614607810974,1.0,0.001,1,16,40x40,MatchingNetwork,5,5,b-59-850,miniImageNet_SOTA_trainSet,False,10,4000,5,exp1_permuted_src_datasets
430,110.594438929,4.0,1739101226.405511,,0.36876487731933594,1.0,0.001,1,16,40x40,MatchingNetwork,5,5,b-59-850,miniImageNet_SOTA_trainSet,False,10,4000,5,exp1_permuted_src_datasets
431,110.643053739,4.0,1739101226.4539719,,0.39432501792907715,1.0,0.001,1,16,40x40,MatchingNetwork,5,5,b-59-850,miniImageNet_SOTA_trainSet,False,10,4000,5,exp1_permuted_src_datasets
432,110.693658521,4.0,1739101226.5046592,,0.3912736177444458,0.9375,0.001,1,16,40x40,MatchingNetwork,5,5,b-59-850,miniImageNet_SOTA_trainSet,False,10,4000,5,exp1_permuted_src_datasets
433,110.743097599,4.0,1739101226.5540755,,0.48782849311828613,0.9375,0.001,1,16,40x40,MatchingNetwork,5,5,b-59-850,miniImageNet_SOTA_trainSet,False,10,4000,5,exp1_permuted_src_datasets
434,110.789449168,4.0,1739101226.6004543,,0.34506964683532715,1.0,0.001,1,16,40x40,MatchingNetwork,5,5,b-59-850,miniImageNet_SOTA_trainSet,False,10,4000,5,exp1_permuted_src_datasets
435,110.834891216,4.0,1739101226.6459184,,0.403920978307724,1.0,0.001,1,16,40x40,MatchingNetwork,5,5,b-59-850,miniImageNet_SOTA_trainSet,False,10,4000,5,exp1_permuted_src_datasets
436,110.897864591,4.0,1739101226.7088597,,0.41662734746932983,1.0,0.001,1,16,40x40,MatchingNetwork,5,5,b-59-850,miniImageNet_SOTA_trainSet,False,10,4000,5,exp1_permuted_src_datasets
437,110.969105682,4.0,1739101226.7801027,,0.4195079803466797,1.0,0.001,1,16,40x40,MatchingNetwork,5,5,b-59-850,miniImageNet_SOTA_trainSet,False,10,4000,5,exp1_permuted_src_datasets
438,111.018040295,4.0,1739101226.8289795,,0.44762858748435974,1.0,0.001,1,16,40x40,MatchingNetwork,5,5,b-59-850,miniImageNet_SOTA_trainSet,False,10,4000,5,exp1_permuted_src_datasets
439,111.068616916,4.0,1739101226.879663,,0.3458246886730194,1.0,0.001,1,16,40x40,MatchingNetwork,5,5,b-59-850,miniImageNet_SOTA_trainSet,False,10,4000,5,exp1_permuted_src_datasets
440,111.119428485,4.0,1739101226.930448,,0.4755047559738159,0.9375,0.001,1,16,40x40,MatchingNetwork,5,5,b-59-850,miniImageNet_SOTA_trainSet,False,10,4000,5,exp1_permuted_src_datasets
441,111.167939926,4.0,1739101226.9789205,,0.3553398549556732,1.0,0.001,1,16,40x40,MatchingNetwork,5,5,b-59-850,miniImageNet_SOTA_trainSet,False,10,4000,5,exp1_permuted_src_datasets
442,111.215862792,4.0,1739101227.0268743,,0.3918812870979309,0.9375,0.001,1,16,40x40,MatchingNetwork,5,5,b-59-850,miniImageNet_SOTA_trainSet,False,10,4000,5,exp1_permuted_src_datasets
443,111.263131458,4.0,1739101227.0741563,,0.3745928704738617,1.0,0.001,1,16,40x40,MatchingNetwork,5,5,b-59-850,miniImageNet_SOTA_trainSet,False,10,4000,5,exp1_permuted_src_datasets
444,111.312123811,4.0,1739101227.1229734,,0.3755767345428467,1.0,0.001,1,16,40x40,MatchingNetwork,5,5,b-59-850,miniImageNet_SOTA_trainSet,False,10,4000,5,exp1_permuted_src_datasets
445,111.366720823,4.0,1739101227.177728,,0.3716454803943634,1.0,0.001,1,16,40x40,MatchingNetwork,5,5,b-59-850,miniImageNet_SOTA_trainSet,False,10,4000,5,exp1_permuted_src_datasets
446,119.699847747,4.0,1739101235.5110455,0.75425,,,0.001,1,16,40x40,MatchingNetwork,5,5,b-59-850,miniImageNet_SOTA_trainSet,False,10,4000,5,exp1_permuted_src_datasets
447,119.732850376,4.0,1739101235.5438643,,0.31324198842048645,1.0,0.001,1,16,40x40,MatchingNetwork,5,5,b-59-850,miniImageNet_SOTA_trainSet,False,10,4000,5,exp1_permuted_src_datasets
448,119.784160473,4.0,1739101235.5951476,,0.30365341901779175,1.0,0.001,1,16,40x40,MatchingNetwork,5,5,b-59-850,miniImageNet_SOTA_trainSet,False,10,4000,5,exp1_permuted_src_datasets
449,119.83851714,4.0,1739101235.6494975,,0.3478285074234009,1.0,0.001,1,16,40x40,MatchingNetwork,5,5,b-59-850,miniImageNet_SOTA_trainSet,False,10,4000,5,exp1_permuted_src_datasets
450,119.890622022,4.0,1739101235.7015834,,0.4001513123512268,1.0,0.001,1,16,40x40,MatchingNetwork,5,5,b-59-850,miniImageNet_SOTA_trainSet,False,10,4000,5,exp1_permuted_src_datasets
451,119.946402679,4.0,1739101235.757378,,0.3255152404308319,1.0,0.001,1,16,40x40,MatchingNetwork,5,5,b-59-850,miniImageNet_SOTA_trainSet,False,10,4000,5,exp1_permuted_src_datasets
452,120.004718992,4.0,1739101235.8157823,,0.40511390566825867,1.0,0.001,1,16,40x40,MatchingNetwork,5,5,b-59-850,miniImageNet_SOTA_trainSet,False,10,4000,5,exp1_permuted_src_datasets
453,120.055484065,4.0,1739101235.866378,,0.42425474524497986,1.0,0.001,1,16,40x40,MatchingNetwork,5,5,b-59-850,miniImageNet_SOTA_trainSet,False,10,4000,5,exp1_permuted_src_datasets
454,120.106345392,4.0,1739101235.9172318,,0.31005653738975525,1.0,0.001,1,16,40x40,MatchingNetwork,5,5,b-59-850,miniImageNet_SOTA_trainSet,False,10,4000,5,exp1_permuted_src_datasets
455,120.15772445,4.0,1739101235.96872,,0.37354743480682373,1.0,0.001,1,16,40x40,MatchingNetwork,5,5,b-59-850,miniImageNet_SOTA_trainSet,False,10,4000,5,exp1_permuted_src_datasets
456,120.209712242,4.0,1739101236.020705,,0.4255756735801697,1.0,0.001,1,16,40x40,MatchingNetwork,5,5,b-59-850,miniImageNet_SOTA_trainSet,False,10,4000,5,exp1_permuted_src_datasets
457,120.259160136,4.0,1739101236.0701668,,0.330794095993042,1.0,0.001,1,16,40x40,MatchingNetwork,5,5,b-59-850,miniImageNet_SOTA_trainSet,False,10,4000,5,exp1_permuted_src_datasets
458,120.312909036,4.0,1739101236.1238787,,0.3991016745567322,1.0,0.001,1,16,40x40,MatchingNetwork,5,5,b-59-850,miniImageNet_SOTA_trainSet,False,10,4000,5,exp1_permuted_src_datasets
459,120.364785175,4.0,1739101236.1756785,,0.3172299563884735,1.0,0.001,1,16,40x40,MatchingNetwork,5,5,b-59-850,miniImageNet_SOTA_trainSet,False,10,4000,5,exp1_permuted_src_datasets
460,120.414541934,4.0,1739101236.2255821,,0.3274925649166107,1.0,0.001,1,16,40x40,MatchingNetwork,5,5,b-59-850,miniImageNet_SOTA_trainSet,False,10,4000,5,exp1_permuted_src_datasets
461,120.465468597,4.0,1739101236.27652,,0.4684566855430603,1.0,0.001,1,16,40x40,MatchingNetwork,5,5,b-59-850,miniImageNet_SOTA_trainSet,False,10,4000,5,exp1_permuted_src_datasets
462,120.514485231,4.0,1739101236.3255804,,0.29243627190589905,1.0,0.001,1,16,40x40,MatchingNetwork,5,5,b-59-850,miniImageNet_SOTA_trainSet,False,10,4000,5,exp1_permuted_src_datasets
463,120.564887467,4.0,1739101236.3758845,,0.3502787947654724,1.0,0.001,1,16,40x40,MatchingNetwork,5,5,b-59-850,miniImageNet_SOTA_trainSet,False,10,4000,5,exp1_permuted_src_datasets
464,120.619399217,4.0,1739101236.43037,,0.4230126142501831,1.0,0.001,1,16,40x40,MatchingNetwork,5,5,b-59-850,miniImageNet_SOTA_trainSet,False,10,4000,5,exp1_permuted_src_datasets
465,120.670962038,4.0,1739101236.4820383,,0.39461222290992737,1.0,0.001,1,16,40x40,MatchingNetwork,5,5,b-59-850,miniImageNet_SOTA_trainSet,False,10,4000,5,exp1_permuted_src_datasets
466,120.746771595,4.0,1739101236.5577219,,0.39632588624954224,1.0,0.001,1,16,40x40,MatchingNetwork,5,5,b-59-850,miniImageNet_SOTA_trainSet,False,10,4000,5,exp1_permuted_src_datasets
467,120.847780334,4.0,1739101236.6587818,,0.3808504045009613,1.0,0.001,1,16,40x40,MatchingNetwork,5,5,b-59-850,miniImageNet_SOTA_trainSet,False,10,4000,5,exp1_permuted_src_datasets
468,120.926590331,4.0,1739101236.7376404,,0.2911139130592346,1.0,0.001,1,16,40x40,MatchingNetwork,5,5,b-59-850,miniImageNet_SOTA_trainSet,False,10,4000,5,exp1_permuted_src_datasets
469,120.979716742,4.0,1739101236.7907653,,0.3136754631996155,1.0,0.001,1,16,40x40,MatchingNetwork,5,5,b-59-850,miniImageNet_SOTA_trainSet,False,10,4000,5,exp1_permuted_src_datasets
470,121.034999742,4.0,1739101236.8460224,,0.3598809838294983,1.0,0.001,1,16,40x40,MatchingNetwork,5,5,b-59-850,miniImageNet_SOTA_trainSet,False,10,4000,5,exp1_permuted_src_datasets
471,121.083522335,4.0,1739101236.8945277,,0.35364586114883423,1.0,0.001,1,16,40x40,MatchingNetwork,5,5,b-59-850,miniImageNet_SOTA_trainSet,False,10,4000,5,exp1_permuted_src_datasets
472,121.133910046,4.0,1739101236.944917,,0.36686623096466064,1.0,0.001,1,16,40x40,MatchingNetwork,5,5,b-59-850,miniImageNet_SOTA_trainSet,False,10,4000,5,exp1_permuted_src_datasets
473,121.190525568,4.0,1739101237.0014896,,0.3412511944770813,1.0,0.001,1,16,40x40,MatchingNetwork,5,5,b-59-850,miniImageNet_SOTA_trainSet,False,10,4000,5,exp1_permuted_src_datasets
474,121.25965905,4.0,1739101237.0706625,,0.4304286241531372,0.9375,0.001,1,16,40x40,MatchingNetwork,5,5,b-59-850,miniImageNet_SOTA_trainSet,False,10,4000,5,exp1_permuted_src_datasets
475,121.309166807,4.0,1739101237.1201644,,0.3323613405227661,1.0,0.001,1,16,40x40,MatchingNetwork,5,5,b-59-850,miniImageNet_SOTA_trainSet,False,10,4000,5,exp1_permuted_src_datasets
476,121.358604952,4.0,1739101237.1696038,,0.29421916604042053,1.0,0.001,1,16,40x40,MatchingNetwork,5,5,b-59-850,miniImageNet_SOTA_trainSet,False,10,4000,5,exp1_permuted_src_datasets
477,121.407432451,4.0,1739101237.2184381,,0.2706385850906372,1.0,0.001,1,16,40x40,MatchingNetwork,5,5,b-59-850,miniImageNet_SOTA_trainSet,False,10,4000,5,exp1_permuted_src_datasets
478,121.455967693,4.0,1739101237.266997,,0.33169305324554443,1.0,0.001,1,16,40x40,MatchingNetwork,5,5,b-59-850,miniImageNet_SOTA_trainSet,False,10,4000,5,exp1_permuted_src_datasets
479,121.505944179,4.0,1739101237.316881,,0.28273412585258484,1.0,0.001,1,16,40x40,MatchingNetwork,5,5,b-59-850,miniImageNet_SOTA_trainSet,False,10,4000,5,exp1_permuted_src_datasets
480,121.574485446,4.0,1739101237.3854084,,0.3217369019985199,1.0,0.001,1,16,40x40,MatchingNetwork,5,5,b-59-850,miniImageNet_SOTA_trainSet,False,10,4000,5,exp1_permuted_src_datasets
481,121.658843144,4.0,1739101237.4698634,,0.2761145532131195,1.0,0.001,1,16,40x40,MatchingNetwork,5,5,b-59-850,miniImageNet_SOTA_trainSet,False,10,4000,5,exp1_permuted_src_datasets
482,121.708677769,4.0,1739101237.5196784,,0.34593552350997925,1.0,0.001,1,16,40x40,MatchingNetwork,5,5,b-59-850,miniImageNet_SOTA_trainSet,False,10,4000,5,exp1_permuted_src_datasets
483,121.75888304,4.0,1739101237.5698438,,0.3740975260734558,1.0,0.001,1,16,40x40,MatchingNetwork,5,5,b-59-850,miniImageNet_SOTA_trainSet,False,10,4000,5,exp1_permuted_src_datasets
484,121.815116574,4.0,1739101237.6259403,,0.3309824764728546,1.0,0.001,1,16,40x40,MatchingNetwork,5,5,b-59-850,miniImageNet_SOTA_trainSet,False,10,4000,5,exp1_permuted_src_datasets
485,121.868174143,4.0,1739101237.679179,,0.3182719349861145,1.0,0.001,1,16,40x40,MatchingNetwork,5,5,b-59-850,miniImageNet_SOTA_trainSet,False,10,4000,5,exp1_permuted_src_datasets
486,121.917267113,4.0,1739101237.7282648,,0.30293723940849304,1.0,0.001,1,16,40x40,MatchingNetwork,5,5,b-59-850,miniImageNet_SOTA_trainSet,False,10,4000,5,exp1_permuted_src_datasets
487,121.965940219,4.0,1739101237.7769969,,0.3183366656303406,1.0,0.001,1,16,40x40,MatchingNetwork,5,5,b-59-850,miniImageNet_SOTA_trainSet,False,10,4000,5,exp1_permuted_src_datasets
488,122.015474988,4.0,1739101237.8264928,,0.29635393619537354,1.0,0.001,1,16,40x40,MatchingNetwork,5,5,b-59-850,miniImageNet_SOTA_trainSet,False,10,4000,5,exp1_permuted_src_datasets
489,122.064291574,4.0,1739101237.8752744,,0.35604315996170044,1.0,0.001,1,16,40x40,MatchingNetwork,5,5,b-59-850,miniImageNet_SOTA_trainSet,False,10,4000,5,exp1_permuted_src_datasets
490,122.112505933,4.0,1739101237.9235623,,0.3725453317165375,1.0,0.001,1,16,40x40,MatchingNetwork,5,5,b-59-850,miniImageNet_SOTA_trainSet,False,10,4000,5,exp1_permuted_src_datasets
491,122.160252917,4.0,1739101237.971281,,0.38977718353271484,1.0,0.001,1,16,40x40,MatchingNetwork,5,5,b-59-850,miniImageNet_SOTA_trainSet,False,10,4000,5,exp1_permuted_src_datasets
492,122.20795043,4.0,1739101238.018968,,0.2755970060825348,1.0,0.001,1,16,40x40,MatchingNetwork,5,5,b-59-850,miniImageNet_SOTA_trainSet,False,10,4000,5,exp1_permuted_src_datasets
493,122.257183247,4.0,1739101238.0682113,,0.3937329053878784,1.0,0.001,1,16,40x40,MatchingNetwork,5,5,b-59-850,miniImageNet_SOTA_trainSet,False,10,4000,5,exp1_permuted_src_datasets
494,122.307592316,4.0,1739101238.118605,,0.3108009397983551,1.0,0.001,1,16,40x40,MatchingNetwork,5,5,b-59-850,miniImageNet_SOTA_trainSet,False,10,4000,5,exp1_permuted_src_datasets
495,122.357331638,4.0,1739101238.1683276,,0.3365747928619385,1.0,0.001,1,16,40x40,MatchingNetwork,5,5,b-59-850,miniImageNet_SOTA_trainSet,False,10,4000,5,exp1_permuted_src_datasets
496,122.406948359,4.0,1739101238.2179728,,0.2965015470981598,1.0,0.001,1,16,40x40,MatchingNetwork,5,5,b-59-850,miniImageNet_SOTA_trainSet,False,10,4000,5,exp1_permuted_src_datasets
497,122.465553029,4.0,1739101238.2765524,,0.28606683015823364,1.0,0.001,1,16,40x40,MatchingNetwork,5,5,b-59-850,miniImageNet_SOTA_trainSet,False,10,4000,5,exp1_permuted_src_datasets
498,122.516265476,4.0,1739101238.3272345,,0.33881139755249023,1.0,0.001,1,16,40x40,MatchingNetwork,5,5,b-59-850,miniImageNet_SOTA_trainSet,False,10,4000,5,exp1_permuted_src_datasets
499,122.564421997,4.0,1739101238.375452,,0.3186848759651184,1.0,0.001,1,16,40x40,MatchingNetwork,5,5,b-59-850,miniImageNet_SOTA_trainSet,False,10,4000,5,exp1_permuted_src_datasets
500,122.613303922,4.0,1739101238.4243057,,0.32160377502441406,1.0,0.001,1,16,40x40,MatchingNetwork,5,5,b-59-850,miniImageNet_SOTA_trainSet,False,10,4000,5,exp1_permuted_src_datasets
501,122.662889001,4.0,1739101238.473934,,0.2885666489601135,1.0,0.001,1,16,40x40,MatchingNetwork,5,5,b-59-850,miniImageNet_SOTA_trainSet,False,10,4000,5,exp1_permuted_src_datasets
502,122.712291079,4.0,1739101238.5232887,,0.36482200026512146,1.0,0.001,1,16,40x40,MatchingNetwork,5,5,b-59-850,miniImageNet_SOTA_trainSet,False,10,4000,5,exp1_permuted_src_datasets
503,122.762042842,4.0,1739101238.5730026,,0.37330150604248047,1.0,0.001,1,16,40x40,MatchingNetwork,5,5,b-59-850,miniImageNet_SOTA_trainSet,False,10,4000,5,exp1_permuted_src_datasets
504,122.815232099,4.0,1739101238.6262515,,0.35921263694763184,0.9375,0.001,1,16,40x40,MatchingNetwork,5,5,b-59-850,miniImageNet_SOTA_trainSet,False,10,4000,5,exp1_permuted_src_datasets
505,122.868458303,4.0,1739101238.6794531,,0.28289419412612915,1.0,0.001,1,16,40x40,MatchingNetwork,5,5,b-59-850,miniImageNet_SOTA_trainSet,False,10,4000,5,exp1_permuted_src_datasets
506,122.917381023,4.0,1739101238.7284203,,0.3103663921356201,1.0,0.001,1,16,40x40,MatchingNetwork,5,5,b-59-850,miniImageNet_SOTA_trainSet,False,10,4000,5,exp1_permuted_src_datasets
507,122.96942438,4.0,1739101238.7803802,,0.34728488326072693,1.0,0.001,1,16,40x40,MatchingNetwork,5,5,b-59-850,miniImageNet_SOTA_trainSet,False,10,4000,5,exp1_permuted_src_datasets
508,123.018294069,4.0,1739101238.8293188,,0.2900664508342743,1.0,0.001,1,16,40x40,MatchingNetwork,5,5,b-59-850,miniImageNet_SOTA_trainSet,False,10,4000,5,exp1_permuted_src_datasets
509,130.936124509,4.0,1739101246.747329,0.7605,,,0.001,1,16,40x40,MatchingNetwork,5,5,b-59-850,miniImageNet_SOTA_trainSet,False,10,4000,5,exp1_permuted_src_datasets
510,130.966557679,4.0,1739101246.7776072,,0.3309376835823059,1.0,0.001,1,16,40x40,MatchingNetwork,5,5,b-59-850,miniImageNet_SOTA_trainSet,False,10,4000,5,exp1_permuted_src_datasets
511,131.01483561,4.0,1739101246.825863,,0.25887995958328247,1.0,0.001,1,16,40x40,MatchingNetwork,5,5,b-59-850,miniImageNet_SOTA_trainSet,False,10,4000,5,exp1_permuted_src_datasets
512,131.062481717,4.0,1739101246.873495,,0.4011072516441345,1.0,0.001,1,16,40x40,MatchingNetwork,5,5,b-59-850,miniImageNet_SOTA_trainSet,False,10,4000,5,exp1_permuted_src_datasets
513,131.111960655,4.0,1739101246.9229074,,0.27924561500549316,1.0,0.001,1,16,40x40,MatchingNetwork,5,5,b-59-850,miniImageNet_SOTA_trainSet,False,10,4000,5,exp1_permuted_src_datasets
514,131.161020021,4.0,1739101246.9719925,,0.3459421396255493,1.0,0.001,1,16,40x40,MatchingNetwork,5,5,b-59-850,miniImageNet_SOTA_trainSet,False,10,4000,5,exp1_permuted_src_datasets
515,131.209582627,4.0,1739101247.0205815,,0.2886333465576172,1.0,0.001,1,16,40x40,MatchingNetwork,5,5,b-59-850,miniImageNet_SOTA_trainSet,False,10,4000,5,exp1_permuted_src_datasets
516,131.259528183,4.0,1739101247.0705667,,0.3084697425365448,1.0,0.001,1,16,40x40,MatchingNetwork,5,5,b-59-850,miniImageNet_SOTA_trainSet,False,10,4000,5,exp1_permuted_src_datasets
517,131.309955715,4.0,1739101247.120947,,0.3387925326824188,1.0,0.001,1,16,40x40,MatchingNetwork,5,5,b-59-850,miniImageNet_SOTA_trainSet,False,10,4000,5,exp1_permuted_src_datasets
518,131.358168903,4.0,1739101247.1691904,,0.3170159161090851,1.0,0.001,1,16,40x40,MatchingNetwork,5,5,b-59-850,miniImageNet_SOTA_trainSet,False,10,4000,5,exp1_permuted_src_datasets
519,131.405722192,4.0,1739101247.2167716,,0.31046709418296814,1.0,0.001,1,16,40x40,MatchingNetwork,5,5,b-59-850,miniImageNet_SOTA_trainSet,False,10,4000,5,exp1_permuted_src_datasets
520,131.453331962,4.0,1739101247.2643795,,0.30177316069602966,1.0,0.001,1,16,40x40,MatchingNetwork,5,5,b-59-850,miniImageNet_SOTA_trainSet,False,10,4000,5,exp1_permuted_src_datasets
521,131.504796849,4.0,1739101247.3157742,,0.3878738284111023,1.0,0.001,1,16,40x40,MatchingNetwork,5,5,b-59-850,miniImageNet_SOTA_trainSet,False,10,4000,5,exp1_permuted_src_datasets
522,131.55133718,4.0,1739101247.3623652,,0.34018611907958984,1.0,0.001,1,16,40x40,MatchingNetwork,5,5,b-59-850,miniImageNet_SOTA_trainSet,False,10,4000,5,exp1_permuted_src_datasets
523,131.600890741,4.0,1739101247.4119108,,0.32618263363838196,1.0,0.001,1,16,40x40,MatchingNetwork,5,5,b-59-850,miniImageNet_SOTA_trainSet,False,10,4000,5,exp1_permuted_src_datasets
524,131.647367327,4.0,1739101247.4584134,,0.31155988574028015,1.0,0.001,1,16,40x40,MatchingNetwork,5,5,b-59-850,miniImageNet_SOTA_trainSet,False,10,4000,5,exp1_permuted_src_datasets
525,131.694566942,4.0,1739101247.505603,,0.26523226499557495,1.0,0.001,1,16,40x40,MatchingNetwork,5,5,b-59-850,miniImageNet_SOTA_trainSet,False,10,4000,5,exp1_permuted_src_datasets
526,131.740577905,4.0,1739101247.551633,,0.35087910294532776,1.0,0.001,1,16,40x40,MatchingNetwork,5,5,b-59-850,miniImageNet_SOTA_trainSet,False,10,4000,5,exp1_permuted_src_datasets
527,131.787712039,4.0,1739101247.5987499,,0.29152289032936096,1.0,0.001,1,16,40x40,MatchingNetwork,5,5,b-59-850,miniImageNet_SOTA_trainSet,False,10,4000,5,exp1_permuted_src_datasets
528,131.834528228,4.0,1739101247.6455662,,0.32897084951400757,1.0,0.001,1,16,40x40,MatchingNetwork,5,5,b-59-850,miniImageNet_SOTA_trainSet,False,10,4000,5,exp1_permuted_src_datasets
529,131.881839855,4.0,1739101247.692864,,0.2895253896713257,1.0,0.001,1,16,40x40,MatchingNetwork,5,5,b-59-850,miniImageNet_SOTA_trainSet,False,10,4000,5,exp1_permuted_src_datasets
530,131.93375184799999,4.0,1739101247.7447422,,0.24912163615226746,1.0,0.001,1,16,40x40,MatchingNetwork,5,5,b-59-850,miniImageNet_SOTA_trainSet,False,10,4000,5,exp1_permuted_src_datasets
531,131.994129526,4.0,1739101247.8041894,,0.3166172206401825,1.0,0.001,1,16,40x40,MatchingNetwork,5,5,b-59-850,miniImageNet_SOTA_trainSet,False,10,4000,5,exp1_permuted_src_datasets
532,132.119412232,4.0,1739101247.9304078,,0.4089716672897339,1.0,0.001,1,16,40x40,MatchingNetwork,5,5,b-59-850,miniImageNet_SOTA_trainSet,False,10,4000,5,exp1_permuted_src_datasets
533,132.19029982,4.0,1739101248.001256,,0.2747696042060852,1.0,0.001,1,16,40x40,MatchingNetwork,5,5,b-59-850,miniImageNet_SOTA_trainSet,False,10,4000,5,exp1_permuted_src_datasets
534,132.244642614,4.0,1739101248.0556626,,0.2925424873828888,1.0,0.001,1,16,40x40,MatchingNetwork,5,5,b-59-850,miniImageNet_SOTA_trainSet,False,10,4000,5,exp1_permuted_src_datasets
535,132.294332868,4.0,1739101248.1053267,,0.2603696882724762,1.0,0.001,1,16,40x40,MatchingNetwork,5,5,b-59-850,miniImageNet_SOTA_trainSet,False,10,4000,5,exp1_permuted_src_datasets
536,132.341774938,4.0,1739101248.152793,,0.2568696439266205,1.0,0.001,1,16,40x40,MatchingNetwork,5,5,b-59-850,miniImageNet_SOTA_trainSet,False,10,4000,5,exp1_permuted_src_datasets
537,132.390427635,4.0,1739101248.2014384,,0.2817026376724243,1.0,0.001,1,16,40x40,MatchingNetwork,5,5,b-59-850,miniImageNet_SOTA_trainSet,False,10,4000,5,exp1_permuted_src_datasets
538,132.451481811,4.0,1739101248.2625146,,0.2689019441604614,1.0,0.001,1,16,40x40,MatchingNetwork,5,5,b-59-850,miniImageNet_SOTA_trainSet,False,10,4000,5,exp1_permuted_src_datasets
539,132.499911783,4.0,1739101248.3109107,,0.29987627267837524,1.0,0.001,1,16,40x40,MatchingNetwork,5,5,b-59-850,miniImageNet_SOTA_trainSet,False,10,4000,5,exp1_permuted_src_datasets
540,132.547780581,4.0,1739101248.3588307,,0.2806035876274109,1.0,0.001,1,16,40x40,MatchingNetwork,5,5,b-59-850,miniImageNet_SOTA_trainSet,False,10,4000,5,exp1_permuted_src_datasets
541,132.595084865,4.0,1739101248.4061265,,0.2813012897968292,1.0,0.001,1,16,40x40,MatchingNetwork,5,5,b-59-850,miniImageNet_SOTA_trainSet,False,10,4000,5,exp1_permuted_src_datasets
542,132.642389949,4.0,1739101248.453388,,0.25422540307044983,1.0,0.001,1,16,40x40,MatchingNetwork,5,5,b-59-850,miniImageNet_SOTA_trainSet,False,10,4000,5,exp1_permuted_src_datasets
543,132.713779761,4.0,1739101248.5247722,,0.2476702332496643,1.0,0.001,1,16,40x40,MatchingNetwork,5,5,b-59-850,miniImageNet_SOTA_trainSet,False,10,4000,5,exp1_permuted_src_datasets
544,132.761246854,4.0,1739101248.5722642,,0.26192033290863037,1.0,0.001,1,16,40x40,MatchingNetwork,5,5,b-59-850,miniImageNet_SOTA_trainSet,False,10,4000,5,exp1_permuted_src_datasets
545,132.810184727,4.0,1739101248.6212146,,0.2901363670825958,1.0,0.001,1,16,40x40,MatchingNetwork,5,5,b-59-850,miniImageNet_SOTA_trainSet,False,10,4000,5,exp1_permuted_src_datasets
546,132.857997768,4.0,1739101248.6690755,,0.32927754521369934,1.0,0.001,1,16,40x40,MatchingNetwork,5,5,b-59-850,miniImageNet_SOTA_trainSet,False,10,4000,5,exp1_permuted_src_datasets
547,132.908560319,4.0,1739101248.7196045,,0.31081387400627136,1.0,0.001,1,16,40x40,MatchingNetwork,5,5,b-59-850,miniImageNet_SOTA_trainSet,False,10,4000,5,exp1_permuted_src_datasets
548,132.957564569,4.0,1739101248.7685997,,0.2735562324523926,1.0,0.001,1,16,40x40,MatchingNetwork,5,5,b-59-850,miniImageNet_SOTA_trainSet,False,10,4000,5,exp1_permuted_src_datasets
549,133.00529494,4.0,1739101248.8163583,,0.22439034283161163,1.0,0.001,1,16,40x40,MatchingNetwork,5,5,b-59-850,miniImageNet_SOTA_trainSet,False,10,4000,5,exp1_permuted_src_datasets
550,133.052947658,4.0,1739101248.8639565,,0.29807189106941223,1.0,0.001,1,16,40x40,MatchingNetwork,5,5,b-59-850,miniImageNet_SOTA_trainSet,False,10,4000,5,exp1_permuted_src_datasets
551,133.103786514,4.0,1739101248.9148073,,0.28352102637290955,1.0,0.001,1,16,40x40,MatchingNetwork,5,5,b-59-850,miniImageNet_SOTA_trainSet,False,10,4000,5,exp1_permuted_src_datasets
552,133.152499148,4.0,1739101248.963556,,0.34794485569000244,1.0,0.001,1,16,40x40,MatchingNetwork,5,5,b-59-850,miniImageNet_SOTA_trainSet,False,10,4000,5,exp1_permuted_src_datasets
553,133.201280697,4.0,1739101249.012235,,0.2799467146396637,1.0,0.001,1,16,40x40,MatchingNetwork,5,5,b-59-850,miniImageNet_SOTA_trainSet,False,10,4000,5,exp1_permuted_src_datasets
554,133.25288921,4.0,1739101249.0638962,,0.2647402882575989,1.0,0.001,1,16,40x40,MatchingNetwork,5,5,b-59-850,miniImageNet_SOTA_trainSet,False,10,4000,5,exp1_permuted_src_datasets
555,133.305424801,4.0,1739101249.1164865,,0.25511497259140015,1.0,0.001,1,16,40x40,MatchingNetwork,5,5,b-59-850,miniImageNet_SOTA_trainSet,False,10,4000,5,exp1_permuted_src_datasets
556,133.353391223,4.0,1739101249.1643329,,0.29652026295661926,1.0,0.001,1,16,40x40,MatchingNetwork,5,5,b-59-850,miniImageNet_SOTA_trainSet,False,10,4000,5,exp1_permuted_src_datasets
557,133.416686449,4.0,1739101249.2275684,,0.25558120012283325,1.0,0.001,1,16,40x40,MatchingNetwork,5,5,b-59-850,miniImageNet_SOTA_trainSet,False,10,4000,5,exp1_permuted_src_datasets
558,133.467670405,4.0,1739101249.2786362,,0.2617650330066681,1.0,0.001,1,16,40x40,MatchingNetwork,5,5,b-59-850,miniImageNet_SOTA_trainSet,False,10,4000,5,exp1_permuted_src_datasets
559,133.515467223,4.0,1739101249.3264432,,0.29611268639564514,1.0,0.001,1,16,40x40,MatchingNetwork,5,5,b-59-850,miniImageNet_SOTA_trainSet,False,10,4000,5,exp1_permuted_src_datasets
560,133.565981137,4.0,1739101249.3769753,,0.2487579733133316,1.0,0.001,1,16,40x40,MatchingNetwork,5,5,b-59-850,miniImageNet_SOTA_trainSet,False,10,4000,5,exp1_permuted_src_datasets
561,133.615602499,4.0,1739101249.426605,,0.27936428785324097,1.0,0.001,1,16,40x40,MatchingNetwork,5,5,b-59-850,miniImageNet_SOTA_trainSet,False,10,4000,5,exp1_permuted_src_datasets
562,133.667942584,4.0,1739101249.4789958,,0.31751948595046997,1.0,0.001,1,16,40x40,MatchingNetwork,5,5,b-59-850,miniImageNet_SOTA_trainSet,False,10,4000,5,exp1_permuted_src_datasets
563,133.715391391,4.0,1739101249.5264668,,0.27248063683509827,1.0,0.001,1,16,40x40,MatchingNetwork,5,5,b-59-850,miniImageNet_SOTA_trainSet,False,10,4000,5,exp1_permuted_src_datasets
564,133.763245805,4.0,1739101249.574246,,0.27397677302360535,1.0,0.001,1,16,40x40,MatchingNetwork,5,5,b-59-850,miniImageNet_SOTA_trainSet,False,10,4000,5,exp1_permuted_src_datasets
565,133.810707543,4.0,1739101249.6217566,,0.28752225637435913,1.0,0.001,1,16,40x40,MatchingNetwork,5,5,b-59-850,miniImageNet_SOTA_trainSet,False,10,4000,5,exp1_permuted_src_datasets
566,133.858620893,4.0,1739101249.6696665,,0.28130096197128296,1.0,0.001,1,16,40x40,MatchingNetwork,5,5,b-59-850,miniImageNet_SOTA_trainSet,False,10,4000,5,exp1_permuted_src_datasets
567,133.90690754,4.0,1739101249.7179482,,0.2398889660835266,1.0,0.001,1,16,40x40,MatchingNetwork,5,5,b-59-850,miniImageNet_SOTA_trainSet,False,10,4000,5,exp1_permuted_src_datasets
568,133.958108534,4.0,1739101249.7691226,,0.2284059077501297,1.0,0.001,1,16,40x40,MatchingNetwork,5,5,b-59-850,miniImageNet_SOTA_trainSet,False,10,4000,5,exp1_permuted_src_datasets
569,134.019182333,4.0,1739101249.8301947,,0.3123992681503296,1.0,0.001,1,16,40x40,MatchingNetwork,5,5,b-59-850,miniImageNet_SOTA_trainSet,False,10,4000,5,exp1_permuted_src_datasets
570,134.074614056,4.0,1739101249.8856118,,0.24832963943481445,1.0,0.001,1,16,40x40,MatchingNetwork,5,5,b-59-850,miniImageNet_SOTA_trainSet,False,10,4000,5,exp1_permuted_src_datasets
571,134.124037687,4.0,1739101249.9350169,,0.24524307250976562,1.0,0.001,1,16,40x40,MatchingNetwork,5,5,b-59-850,miniImageNet_SOTA_trainSet,False,10,4000,5,exp1_permuted_src_datasets
572,142.166341048,4.0,1739101257.9775414,0.7515,,,0.001,1,16,40x40,MatchingNetwork,5,5,b-59-850,miniImageNet_SOTA_trainSet,False,10,4000,5,exp1_permuted_src_datasets
