_step,_runtime,bootstrap_iter,_timestamp,epoch,tr_loss,tr_acc,tr lr,tr_eval_acc,ft_eval_acc,ft_loss,ft_acc,lr,epochs,batch_size,input_size,model_type,n_way_test,n_way_train,tgt_dataset,src_datasets,fixed_support,samples_per_class,num_total_episodes,num_bootstrap_iters,exp_name
0,65.068866606,0.0,1739236123.865524,,,,,,,,,0.001,1,16,84x84,PrototypicalNetwork,3,3,BreaKHis_formatted,miniImageNet_SOTA_trainSet,False,5,4000,5,exp1_permuted_src_datasets
1,65.209573145,0.0,1739236124.0063243,0.0,,,,,,,,0.001,1,16,84x84,PrototypicalNetwork,3,3,BreaKHis_formatted,miniImageNet_SOTA_trainSet,False,5,4000,5,exp1_permuted_src_datasets
2,65.923535788,0.0,1739236124.7201407,,56.79461669921875,0.625,,,,,,0.001,1,16,84x84,PrototypicalNetwork,3,3,BreaKHis_formatted,miniImageNet_SOTA_trainSet,False,5,4000,5,exp1_permuted_src_datasets
3,65.923571127,0.0,1739236124.7203088,,,,0.001,,,,,0.001,1,16,84x84,PrototypicalNetwork,3,3,BreaKHis_formatted,miniImageNet_SOTA_trainSet,False,5,4000,5,exp1_permuted_src_datasets
4,66.680345329,0.0,1739236125.4769719,,37.986717224121094,0.5833333134651184,,,,,,0.001,1,16,84x84,PrototypicalNetwork,3,3,BreaKHis_formatted,miniImageNet_SOTA_trainSet,False,5,4000,5,exp1_permuted_src_datasets
5,66.680382789,0.0,1739236125.4771416,,,,0.0009999990000010002,,,,,0.001,1,16,84x84,PrototypicalNetwork,3,3,BreaKHis_formatted,miniImageNet_SOTA_trainSet,False,5,4000,5,exp1_permuted_src_datasets
6,67.379405596,0.0,1739236126.1760294,,46.958866119384766,0.6458333134651184,,,,,,0.001,1,16,84x84,PrototypicalNetwork,3,3,BreaKHis_formatted,miniImageNet_SOTA_trainSet,False,5,4000,5,exp1_permuted_src_datasets
7,67.379446147,0.0,1739236126.1762002,,,,0.0009999970000070001,,,,,0.001,1,16,84x84,PrototypicalNetwork,3,3,BreaKHis_formatted,miniImageNet_SOTA_trainSet,False,5,4000,5,exp1_permuted_src_datasets
8,68.084844049,0.0,1739236126.8814366,,57.52054977416992,0.4791666567325592,,,,,,0.001,1,16,84x84,PrototypicalNetwork,3,3,BreaKHis_formatted,miniImageNet_SOTA_trainSet,False,5,4000,5,exp1_permuted_src_datasets
9,68.084881017,0.0,1739236126.8816223,,,,0.0009999940000250001,,,,,0.001,1,16,84x84,PrototypicalNetwork,3,3,BreaKHis_formatted,miniImageNet_SOTA_trainSet,False,5,4000,5,exp1_permuted_src_datasets
10,68.785175073,0.0,1739236127.5817325,,35.55824279785156,0.625,,,,,,0.001,1,16,84x84,PrototypicalNetwork,3,3,BreaKHis_formatted,miniImageNet_SOTA_trainSet,False,5,4000,5,exp1_permuted_src_datasets
11,68.785225562,0.0,1739236127.581974,,,,0.000999990000065,,,,,0.001,1,16,84x84,PrototypicalNetwork,3,3,BreaKHis_formatted,miniImageNet_SOTA_trainSet,False,5,4000,5,exp1_permuted_src_datasets
12,69.520355251,0.0,1739236128.316964,,42.05239486694336,0.4583333432674408,,,,,,0.001,1,16,84x84,PrototypicalNetwork,3,3,BreaKHis_formatted,miniImageNet_SOTA_trainSet,False,5,4000,5,exp1_permuted_src_datasets
13,69.520391034,0.0,1739236128.3171327,,,,0.0009999850001399992,,,,,0.001,1,16,84x84,PrototypicalNetwork,3,3,BreaKHis_formatted,miniImageNet_SOTA_trainSet,False,5,4000,5,exp1_permuted_src_datasets
14,70.255474291,0.0,1739236129.0520642,,48.119720458984375,0.5625,,,,,,0.001,1,16,84x84,PrototypicalNetwork,3,3,BreaKHis_formatted,miniImageNet_SOTA_trainSet,False,5,4000,5,exp1_permuted_src_datasets
15,70.255515049,0.0,1739236129.0522363,,,,0.0009999790002659977,,,,,0.001,1,16,84x84,PrototypicalNetwork,3,3,BreaKHis_formatted,miniImageNet_SOTA_trainSet,False,5,4000,5,exp1_permuted_src_datasets
16,70.952382074,0.0,1739236129.7489505,,23.62862205505371,0.6458333134651184,,,,,,0.001,1,16,84x84,PrototypicalNetwork,3,3,BreaKHis_formatted,miniImageNet_SOTA_trainSet,False,5,4000,5,exp1_permuted_src_datasets
17,70.997223933,0.0,1739236129.7491362,,,,0.0009999720004619944,,,,,0.001,1,16,84x84,PrototypicalNetwork,3,3,BreaKHis_formatted,miniImageNet_SOTA_trainSet,False,5,4000,5,exp1_permuted_src_datasets
18,71.633094806,0.0,1739236130.4297864,,20.15152359008789,0.625,,,,,,0.001,1,16,84x84,PrototypicalNetwork,3,3,BreaKHis_formatted,miniImageNet_SOTA_trainSet,False,5,4000,5,exp1_permuted_src_datasets
19,71.633137932,0.0,1739236130.4299164,,,,0.0009999640007499883,,,,,0.001,1,16,84x84,PrototypicalNetwork,3,3,BreaKHis_formatted,miniImageNet_SOTA_trainSet,False,5,4000,5,exp1_permuted_src_datasets
20,72.309900952,0.0,1739236131.106557,,32.567779541015625,0.6041666865348816,,,,,,0.001,1,16,84x84,PrototypicalNetwork,3,3,BreaKHis_formatted,miniImageNet_SOTA_trainSet,False,5,4000,5,exp1_permuted_src_datasets
21,72.309942553,0.0,1739236131.1067019,,,,0.0009999550011549779,,,,,0.001,1,16,84x84,PrototypicalNetwork,3,3,BreaKHis_formatted,miniImageNet_SOTA_trainSet,False,5,4000,5,exp1_permuted_src_datasets
22,72.982805728,0.0,1739236131.779427,,34.96525192260742,0.6041666865348816,,,,,,0.001,1,16,84x84,PrototypicalNetwork,3,3,BreaKHis_formatted,miniImageNet_SOTA_trainSet,False,5,4000,5,exp1_permuted_src_datasets
23,72.982832397,0.0,1739236131.7796068,,,,0.0009999450017049607,,,,,0.001,1,16,84x84,PrototypicalNetwork,3,3,BreaKHis_formatted,miniImageNet_SOTA_trainSet,False,5,4000,5,exp1_permuted_src_datasets
24,73.668377225,0.0,1739236132.4649255,,46.19573974609375,0.4791666567325592,,,,,,0.001,1,16,84x84,PrototypicalNetwork,3,3,BreaKHis_formatted,miniImageNet_SOTA_trainSet,False,5,4000,5,exp1_permuted_src_datasets
25,73.668414604,0.0,1739236132.465155,,,,0.000999934002430934,,,,,0.001,1,16,84x84,PrototypicalNetwork,3,3,BreaKHis_formatted,miniImageNet_SOTA_trainSet,False,5,4000,5,exp1_permuted_src_datasets
26,74.348764036,0.0,1739236133.1453383,,40.07804489135742,0.5833333134651184,,,,,,0.001,1,16,84x84,PrototypicalNetwork,3,3,BreaKHis_formatted,miniImageNet_SOTA_trainSet,False,5,4000,5,exp1_permuted_src_datasets
27,74.34880199,0.0,1739236133.14551,,,,0.0009999220033668937,,,,,0.001,1,16,84x84,PrototypicalNetwork,3,3,BreaKHis_formatted,miniImageNet_SOTA_trainSet,False,5,4000,5,exp1_permuted_src_datasets
28,75.015962536,0.0,1739236133.812565,,43.68868637084961,0.4583333432674408,,,,,,0.001,1,16,84x84,PrototypicalNetwork,3,3,BreaKHis_formatted,miniImageNet_SOTA_trainSet,False,5,4000,5,exp1_permuted_src_datasets
29,75.015997764,0.0,1739236133.8127353,,,,0.0009999090045498345,,,,,0.001,1,16,84x84,PrototypicalNetwork,3,3,BreaKHis_formatted,miniImageNet_SOTA_trainSet,False,5,4000,5,exp1_permuted_src_datasets
30,75.690473753,0.0,1739236134.487063,,28.95526695251465,0.5416666865348816,,,,,,0.001,1,16,84x84,PrototypicalNetwork,3,3,BreaKHis_formatted,miniImageNet_SOTA_trainSet,False,5,4000,5,exp1_permuted_src_datasets
31,75.690507228,0.0,1739236134.4872348,,,,0.0009998950060197502,,,,,0.001,1,16,84x84,PrototypicalNetwork,3,3,BreaKHis_formatted,miniImageNet_SOTA_trainSet,False,5,4000,5,exp1_permuted_src_datasets
32,76.429564316,0.0,1739236135.2261422,,41.02142333984375,0.4166666567325592,,,,,,0.001,1,16,84x84,PrototypicalNetwork,3,3,BreaKHis_formatted,miniImageNet_SOTA_trainSet,False,5,4000,5,exp1_permuted_src_datasets
33,76.429618821,0.0,1739236135.2263126,,,,0.0009998800078196328,,,,,0.001,1,16,84x84,PrototypicalNetwork,3,3,BreaKHis_formatted,miniImageNet_SOTA_trainSet,False,5,4000,5,exp1_permuted_src_datasets
34,77.16596516,0.0,1739236135.9625473,,29.217124938964844,0.5,,,,,,0.001,1,16,84x84,PrototypicalNetwork,3,3,BreaKHis_formatted,miniImageNet_SOTA_trainSet,False,5,4000,5,exp1_permuted_src_datasets
35,77.166007886,0.0,1739236135.9627357,,,,0.0009998640099954728,,,,,0.001,1,16,84x84,PrototypicalNetwork,3,3,BreaKHis_formatted,miniImageNet_SOTA_trainSet,False,5,4000,5,exp1_permuted_src_datasets
36,77.883454444,0.0,1739236136.6801095,,19.43425178527832,0.5625,,,,,,0.001,1,16,84x84,PrototypicalNetwork,3,3,BreaKHis_formatted,miniImageNet_SOTA_trainSet,False,5,4000,5,exp1_permuted_src_datasets
37,77.883481126,0.0,1739236136.6802764,,,,0.0009998470125962588,,,,,0.001,1,16,84x84,PrototypicalNetwork,3,3,BreaKHis_formatted,miniImageNet_SOTA_trainSet,False,5,4000,5,exp1_permuted_src_datasets
38,78.599573843,0.0,1739236137.3961866,,26.653474807739258,0.5833333134651184,,,,,,0.001,1,16,84x84,PrototypicalNetwork,3,3,BreaKHis_formatted,miniImageNet_SOTA_trainSet,False,5,4000,5,exp1_permuted_src_datasets
39,78.599609168,0.0,1739236137.3963506,,,,0.0009998290156739765,,,,,0.001,1,16,84x84,PrototypicalNetwork,3,3,BreaKHis_formatted,miniImageNet_SOTA_trainSet,False,5,4000,5,exp1_permuted_src_datasets
40,80.148318117,0.0,1739236138.9448884,,28.26311492919922,0.5,,,,,,0.001,1,16,84x84,PrototypicalNetwork,3,3,BreaKHis_formatted,miniImageNet_SOTA_trainSet,False,5,4000,5,exp1_permuted_src_datasets
41,80.148349865,0.0,1739236138.9451287,,,,0.0009998100192836101,,,,,0.001,1,16,84x84,PrototypicalNetwork,3,3,BreaKHis_formatted,miniImageNet_SOTA_trainSet,False,5,4000,5,exp1_permuted_src_datasets
42,81.704858659,0.0,1739236140.5013096,,16.08247947692871,0.6666666865348816,,,,,,0.001,1,16,84x84,PrototypicalNetwork,3,3,BreaKHis_formatted,miniImageNet_SOTA_trainSet,False,5,4000,5,exp1_permuted_src_datasets
43,81.745292963,0.0,1739236140.5015614,,,,0.0009997900234831405,,,,,0.001,1,16,84x84,PrototypicalNetwork,3,3,BreaKHis_formatted,miniImageNet_SOTA_trainSet,False,5,4000,5,exp1_permuted_src_datasets
44,82.390112738,0.0,1739236141.1865377,,34.943485260009766,0.5416666865348816,,,,,,0.001,1,16,84x84,PrototypicalNetwork,3,3,BreaKHis_formatted,miniImageNet_SOTA_trainSet,False,5,4000,5,exp1_permuted_src_datasets
45,82.390180485,0.0,1739236141.1868043,,,,0.0009997690283335455,,,,,0.001,1,16,84x84,PrototypicalNetwork,3,3,BreaKHis_formatted,miniImageNet_SOTA_trainSet,False,5,4000,5,exp1_permuted_src_datasets
46,83.064118146,0.0,1739236141.8605936,,22.047849655151367,0.5833333134651184,,,,,,0.001,1,16,84x84,PrototypicalNetwork,3,3,BreaKHis_formatted,miniImageNet_SOTA_trainSet,False,5,4000,5,exp1_permuted_src_datasets
47,83.064172429,0.0,1739236141.8608394,,,,0.0009997470338987998,,,,,0.001,1,16,84x84,PrototypicalNetwork,3,3,BreaKHis_formatted,miniImageNet_SOTA_trainSet,False,5,4000,5,exp1_permuted_src_datasets
48,83.767656681,0.0,1739236142.5641396,,23.53253173828125,0.5416666865348816,,,,,,0.001,1,16,84x84,PrototypicalNetwork,3,3,BreaKHis_formatted,miniImageNet_SOTA_trainSet,False,5,4000,5,exp1_permuted_src_datasets
49,83.767713951,0.0,1739236142.564368,,,,0.0009997240402458741,,,,,0.001,1,16,84x84,PrototypicalNetwork,3,3,BreaKHis_formatted,miniImageNet_SOTA_trainSet,False,5,4000,5,exp1_permuted_src_datasets
50,84.481240205,0.0,1739236143.2777154,,28.845483779907227,0.625,,,,,,0.001,1,16,84x84,PrototypicalNetwork,3,3,BreaKHis_formatted,miniImageNet_SOTA_trainSet,False,5,4000,5,exp1_permuted_src_datasets
51,84.481273477,0.0,1739236143.27794,,,,0.0009997000474447355,,,,,0.001,1,16,84x84,PrototypicalNetwork,3,3,BreaKHis_formatted,miniImageNet_SOTA_trainSet,False,5,4000,5,exp1_permuted_src_datasets
52,85.174591592,0.0,1739236143.9712112,,14.215831756591797,0.5625,,,,,,0.001,1,16,84x84,PrototypicalNetwork,3,3,BreaKHis_formatted,miniImageNet_SOTA_trainSet,False,5,4000,5,exp1_permuted_src_datasets
53,85.174630512,0.0,1739236143.9713697,,,,0.0009996750555683464,,,,,0.001,1,16,84x84,PrototypicalNetwork,3,3,BreaKHis_formatted,miniImageNet_SOTA_trainSet,False,5,4000,5,exp1_permuted_src_datasets
54,85.864872637,0.0,1739236144.6614933,,24.70369529724121,0.5625,,,,,,0.001,1,16,84x84,PrototypicalNetwork,3,3,BreaKHis_formatted,miniImageNet_SOTA_trainSet,False,5,4000,5,exp1_permuted_src_datasets
55,85.864907299,0.0,1739236144.66166,,,,0.0009996490646926642,,,,,0.001,1,16,84x84,PrototypicalNetwork,3,3,BreaKHis_formatted,miniImageNet_SOTA_trainSet,False,5,4000,5,exp1_permuted_src_datasets
56,86.527230732,0.0,1739236145.3238142,,19.30402374267578,0.6041666865348816,,,,,,0.001,1,16,84x84,PrototypicalNetwork,3,3,BreaKHis_formatted,miniImageNet_SOTA_trainSet,False,5,4000,5,exp1_permuted_src_datasets
57,86.52726787,0.0,1739236145.324003,,,,0.000999622074896642,,,,,0.001,1,16,84x84,PrototypicalNetwork,3,3,BreaKHis_formatted,miniImageNet_SOTA_trainSet,False,5,4000,5,exp1_permuted_src_datasets
58,87.188765617,0.0,1739236145.9853861,,22.288633346557617,0.5208333134651184,,,,,,0.001,1,16,84x84,PrototypicalNetwork,3,3,BreaKHis_formatted,miniImageNet_SOTA_trainSet,False,5,4000,5,exp1_permuted_src_datasets
59,87.18882483,0.0,1739236145.985558,,,,0.0009995940862622267,,,,,0.001,1,16,84x84,PrototypicalNetwork,3,3,BreaKHis_formatted,miniImageNet_SOTA_trainSet,False,5,4000,5,exp1_permuted_src_datasets
60,87.854905907,0.0,1739236146.6515312,,40.524688720703125,0.375,,,,,,0.001,1,16,84x84,PrototypicalNetwork,3,3,BreaKHis_formatted,miniImageNet_SOTA_trainSet,False,5,4000,5,exp1_permuted_src_datasets
61,87.85493334,0.0,1739236146.6517038,,,,0.0009995650988743592,,,,,0.001,1,16,84x84,PrototypicalNetwork,3,3,BreaKHis_formatted,miniImageNet_SOTA_trainSet,False,5,4000,5,exp1_permuted_src_datasets
62,88.553502778,0.0,1739236147.3500314,,14.582218170166016,0.6666666865348816,,,,,,0.001,1,16,84x84,PrototypicalNetwork,3,3,BreaKHis_formatted,miniImageNet_SOTA_trainSet,False,5,4000,5,exp1_permuted_src_datasets
63,88.553547713,0.0,1739236147.35025,,,,0.0009995351128209745,,,,,0.001,1,16,84x84,PrototypicalNetwork,3,3,BreaKHis_formatted,miniImageNet_SOTA_trainSet,False,5,4000,5,exp1_permuted_src_datasets
64,89.273767371,0.0,1739236148.0703316,,18.975820541381836,0.5625,,,,,,0.001,1,16,84x84,PrototypicalNetwork,3,3,BreaKHis_formatted,miniImageNet_SOTA_trainSet,False,5,4000,5,exp1_permuted_src_datasets
65,89.273804064,0.0,1739236148.0705283,,,,0.0009995041281930007,,,,,0.001,1,16,84x84,PrototypicalNetwork,3,3,BreaKHis_formatted,miniImageNet_SOTA_trainSet,False,5,4000,5,exp1_permuted_src_datasets
66,90.039287721,0.0,1739236148.8357506,,17.518468856811523,0.5416666865348816,,,,,,0.001,1,16,84x84,PrototypicalNetwork,3,3,BreaKHis_formatted,miniImageNet_SOTA_trainSet,False,5,4000,5,exp1_permuted_src_datasets
67,90.039334389,0.0,1739236148.8360212,,,,0.0009994721450843579,,,,,0.001,1,16,84x84,PrototypicalNetwork,3,3,BreaKHis_formatted,miniImageNet_SOTA_trainSet,False,5,4000,5,exp1_permuted_src_datasets
68,90.796069303,0.0,1739236149.5926435,,14.890210151672363,0.6041666865348816,,,,,,0.001,1,16,84x84,PrototypicalNetwork,3,3,BreaKHis_formatted,miniImageNet_SOTA_trainSet,False,5,4000,5,exp1_permuted_src_datasets
69,90.837274152,0.0,1739236149.592892,,,,0.0009994391635919594,,,,,0.001,1,16,84x84,PrototypicalNetwork,3,3,BreaKHis_formatted,miniImageNet_SOTA_trainSet,False,5,4000,5,exp1_permuted_src_datasets
70,91.552786093,0.0,1739236150.3494265,,14.732585906982422,0.625,,,,,,0.001,1,16,84x84,PrototypicalNetwork,3,3,BreaKHis_formatted,miniImageNet_SOTA_trainSet,False,5,4000,5,exp1_permuted_src_datasets
71,91.552823637,0.0,1739236150.3495896,,,,0.0009994051838157095,,,,,0.001,1,16,84x84,PrototypicalNetwork,3,3,BreaKHis_formatted,miniImageNet_SOTA_trainSet,False,5,4000,5,exp1_permuted_src_datasets
72,92.309205817,0.0,1739236151.10567,,11.255638122558594,0.7083333134651184,,,,,,0.001,1,16,84x84,PrototypicalNetwork,3,3,BreaKHis_formatted,miniImageNet_SOTA_trainSet,False,5,4000,5,exp1_permuted_src_datasets
73,92.309234782,0.0,1739236151.1059716,,,,0.0009993702058585044,,,,,0.001,1,16,84x84,PrototypicalNetwork,3,3,BreaKHis_formatted,miniImageNet_SOTA_trainSet,False,5,4000,5,exp1_permuted_src_datasets
74,93.060302726,0.0,1739236151.8569267,,15.43060302734375,0.5416666865348816,,,,,,0.001,1,16,84x84,PrototypicalNetwork,3,3,BreaKHis_formatted,miniImageNet_SOTA_trainSet,False,5,4000,5,exp1_permuted_src_datasets
75,93.060346347,0.0,1739236151.8570967,,,,0.0009993342298262307,,,,,0.001,1,16,84x84,PrototypicalNetwork,3,3,BreaKHis_formatted,miniImageNet_SOTA_trainSet,False,5,4000,5,exp1_permuted_src_datasets
76,93.778204731,0.0,1739236152.5748198,,18.005550384521484,0.6041666865348816,,,,,,0.001,1,16,84x84,PrototypicalNetwork,3,3,BreaKHis_formatted,miniImageNet_SOTA_trainSet,False,5,4000,5,exp1_permuted_src_datasets
77,93.778247689,0.0,1739236152.574988,,,,0.000999297255827765,,,,,0.001,1,16,84x84,PrototypicalNetwork,3,3,BreaKHis_formatted,miniImageNet_SOTA_trainSet,False,5,4000,5,exp1_permuted_src_datasets
78,94.503888336,0.0,1739236153.3004916,,15.179139137268066,0.6041666865348816,,,,,,0.001,1,16,84x84,PrototypicalNetwork,3,3,BreaKHis_formatted,miniImageNet_SOTA_trainSet,False,5,4000,5,exp1_permuted_src_datasets
79,94.503926861,0.0,1739236153.3006651,,,,0.000999259283974974,,,,,0.001,1,16,84x84,PrototypicalNetwork,3,3,BreaKHis_formatted,miniImageNet_SOTA_trainSet,False,5,4000,5,exp1_permuted_src_datasets
80,95.211464944,0.0,1739236154.0081244,,11.868972778320312,0.5833333134651184,,,,,,0.001,1,16,84x84,PrototypicalNetwork,3,3,BreaKHis_formatted,miniImageNet_SOTA_trainSet,False,5,4000,5,exp1_permuted_src_datasets
81,95.211491525,0.0,1739236154.0082688,,,,0.000999220314382713,,,,,0.001,1,16,84x84,PrototypicalNetwork,3,3,BreaKHis_formatted,miniImageNet_SOTA_trainSet,False,5,4000,5,exp1_permuted_src_datasets
82,95.946759235,0.0,1739236154.7433178,,15.541523933410645,0.4375,,,,,,0.001,1,16,84x84,PrototypicalNetwork,3,3,BreaKHis_formatted,miniImageNet_SOTA_trainSet,False,5,4000,5,exp1_permuted_src_datasets
83,95.946801316,0.0,1739236154.7435114,,,,0.0009991803471688264,,,,,0.001,1,16,84x84,PrototypicalNetwork,3,3,BreaKHis_formatted,miniImageNet_SOTA_trainSet,False,5,4000,5,exp1_permuted_src_datasets
84,96.653854142,0.0,1739236155.4504154,,14.042120933532715,0.625,,,,,,0.001,1,16,84x84,PrototypicalNetwork,3,3,BreaKHis_formatted,miniImageNet_SOTA_trainSet,False,5,4000,5,exp1_permuted_src_datasets
85,96.653904711,0.0,1739236155.4506445,,,,0.0009991393824541458,,,,,0.001,1,16,84x84,PrototypicalNetwork,3,3,BreaKHis_formatted,miniImageNet_SOTA_trainSet,False,5,4000,5,exp1_permuted_src_datasets
86,97.39671288,0.0,1739236156.1932917,,18.22266960144043,0.4791666567325592,,,,,,0.001,1,16,84x84,PrototypicalNetwork,3,3,BreaKHis_formatted,miniImageNet_SOTA_trainSet,False,5,4000,5,exp1_permuted_src_datasets
87,97.396756743,0.0,1739236156.1934638,,,,0.0009990974203624905,,,,,0.001,1,16,84x84,PrototypicalNetwork,3,3,BreaKHis_formatted,miniImageNet_SOTA_trainSet,False,5,4000,5,exp1_permuted_src_datasets
88,98.109856276,0.0,1739236156.9064531,,14.331610679626465,0.5833333134651184,,,,,,0.001,1,16,84x84,PrototypicalNetwork,3,3,BreaKHis_formatted,miniImageNet_SOTA_trainSet,False,5,4000,5,exp1_permuted_src_datasets
89,98.109891846,0.0,1739236156.906624,,,,0.0009990544610206666,,,,,0.001,1,16,84x84,PrototypicalNetwork,3,3,BreaKHis_formatted,miniImageNet_SOTA_trainSet,False,5,4000,5,exp1_permuted_src_datasets
90,98.819269968,0.0,1739236157.6158805,,13.964984893798828,0.4791666567325592,,,,,,0.001,1,16,84x84,PrototypicalNetwork,3,3,BreaKHis_formatted,miniImageNet_SOTA_trainSet,False,5,4000,5,exp1_permuted_src_datasets
91,98.819304917,0.0,1739236157.6160514,,,,0.000999010504558466,,,,,0.001,1,16,84x84,PrototypicalNetwork,3,3,BreaKHis_formatted,miniImageNet_SOTA_trainSet,False,5,4000,5,exp1_permuted_src_datasets
92,99.549704753,0.0,1739236158.3462524,,11.277091026306152,0.5416666865348816,,,,,,0.001,1,16,84x84,PrototypicalNetwork,3,3,BreaKHis_formatted,miniImageNet_SOTA_trainSet,False,5,4000,5,exp1_permuted_src_datasets
93,99.549739296,0.0,1739236158.3464875,,,,0.000998965551108666,,,,,0.001,1,16,84x84,PrototypicalNetwork,3,3,BreaKHis_formatted,miniImageNet_SOTA_trainSet,False,5,4000,5,exp1_permuted_src_datasets
94,100.300960968,0.0,1739236159.097544,,12.254840850830078,0.5416666865348816,,,,,,0.001,1,16,84x84,PrototypicalNetwork,3,3,BreaKHis_formatted,miniImageNet_SOTA_trainSet,False,5,4000,5,exp1_permuted_src_datasets
95,100.300999642,0.0,1739236159.0977397,,,,0.000998919600807029,,,,,0.001,1,16,84x84,PrototypicalNetwork,3,3,BreaKHis_formatted,miniImageNet_SOTA_trainSet,False,5,4000,5,exp1_permuted_src_datasets
96,101.039719835,0.0,1739236159.836295,,11.846238136291504,0.625,,,,,,0.001,1,16,84x84,PrototypicalNetwork,3,3,BreaKHis_formatted,miniImageNet_SOTA_trainSet,False,5,4000,5,exp1_permuted_src_datasets
97,101.081226769,0.0,1739236159.83652,,,,0.0009988726537923007,,,,,0.001,1,16,84x84,PrototypicalNetwork,3,3,BreaKHis_formatted,miniImageNet_SOTA_trainSet,False,5,4000,5,exp1_permuted_src_datasets
98,101.767323039,0.0,1739236160.563923,,16.628660202026367,0.4166666567325592,,,,,,0.001,1,16,84x84,PrototypicalNetwork,3,3,BreaKHis_formatted,miniImageNet_SOTA_trainSet,False,5,4000,5,exp1_permuted_src_datasets
99,101.767358602,0.0,1739236160.5640981,,,,0.0009988247102062108,,,,,0.001,1,16,84x84,PrototypicalNetwork,3,3,BreaKHis_formatted,miniImageNet_SOTA_trainSet,False,5,4000,5,exp1_permuted_src_datasets
100,102.497351816,0.0,1739236161.2939205,,9.954967498779297,0.6041666865348816,,,,,,0.001,1,16,84x84,PrototypicalNetwork,3,3,BreaKHis_formatted,miniImageNet_SOTA_trainSet,False,5,4000,5,exp1_permuted_src_datasets
101,102.497387661,0.0,1739236161.294156,,,,0.0009987757701934714,,,,,0.001,1,16,84x84,PrototypicalNetwork,3,3,BreaKHis_formatted,miniImageNet_SOTA_trainSet,False,5,4000,5,exp1_permuted_src_datasets
102,103.219904692,0.0,1739236162.0164793,,11.941947937011719,0.4791666567325592,,,,,,0.001,1,16,84x84,PrototypicalNetwork,3,3,BreaKHis_formatted,miniImageNet_SOTA_trainSet,False,5,4000,5,exp1_permuted_src_datasets
103,103.219950845,0.0,1739236162.0166676,,,,0.0009987258339017762,,,,,0.001,1,16,84x84,PrototypicalNetwork,3,3,BreaKHis_formatted,miniImageNet_SOTA_trainSet,False,5,4000,5,exp1_permuted_src_datasets
104,104.003274486,0.0,1739236162.799839,,10.510359764099121,0.6041666865348816,,,,,,0.001,1,16,84x84,PrototypicalNetwork,3,3,BreaKHis_formatted,miniImageNet_SOTA_trainSet,False,5,4000,5,exp1_permuted_src_datasets
105,104.003311812,0.0,1739236162.8000708,,,,0.0009986749014818006,,,,,0.001,1,16,84x84,PrototypicalNetwork,3,3,BreaKHis_formatted,miniImageNet_SOTA_trainSet,False,5,4000,5,exp1_permuted_src_datasets
106,104.728107101,0.0,1739236163.5246751,,14.261574745178223,0.5625,,,,,,0.001,1,16,84x84,PrototypicalNetwork,3,3,BreaKHis_formatted,miniImageNet_SOTA_trainSet,False,5,4000,5,exp1_permuted_src_datasets
107,104.728133131,0.0,1739236163.5249045,,,,0.0009986229730872002,,,,,0.001,1,16,84x84,PrototypicalNetwork,3,3,BreaKHis_formatted,miniImageNet_SOTA_trainSet,False,5,4000,5,exp1_permuted_src_datasets
108,105.45022906,0.0,1739236164.2469237,,10.418254852294922,0.6041666865348816,,,,,,0.001,1,16,84x84,PrototypicalNetwork,3,3,BreaKHis_formatted,miniImageNet_SOTA_trainSet,False,5,4000,5,exp1_permuted_src_datasets
109,105.450260393,0.0,1739236164.2470922,,,,0.0009985700488746097,,,,,0.001,1,16,84x84,PrototypicalNetwork,3,3,BreaKHis_formatted,miniImageNet_SOTA_trainSet,False,5,4000,5,exp1_permuted_src_datasets
110,106.164725081,0.0,1739236164.9613292,,8.035242080688477,0.5833333134651184,,,,,,0.001,1,16,84x84,PrototypicalNetwork,3,3,BreaKHis_formatted,miniImageNet_SOTA_trainSet,False,5,4000,5,exp1_permuted_src_datasets
111,106.164773205,0.0,1739236164.9615026,,,,0.0009985161290036436,,,,,0.001,1,16,84x84,PrototypicalNetwork,3,3,BreaKHis_formatted,miniImageNet_SOTA_trainSet,False,5,4000,5,exp1_permuted_src_datasets
112,106.879845969,0.0,1739236165.6764328,,11.553207397460938,0.6458333134651184,,,,,,0.001,1,16,84x84,PrototypicalNetwork,3,3,BreaKHis_formatted,miniImageNet_SOTA_trainSet,False,5,4000,5,exp1_permuted_src_datasets
113,106.879893898,0.0,1739236165.6766112,,,,0.0009984612136368935,,,,,0.001,1,16,84x84,PrototypicalNetwork,3,3,BreaKHis_formatted,miniImageNet_SOTA_trainSet,False,5,4000,5,exp1_permuted_src_datasets
114,107.595889866,0.0,1739236166.3924954,,9.628390312194824,0.5833333134651184,,,,,,0.001,1,16,84x84,PrototypicalNetwork,3,3,BreaKHis_formatted,miniImageNet_SOTA_trainSet,False,5,4000,5,exp1_permuted_src_datasets
115,107.595959121,0.0,1739236166.3926756,,,,0.0009984053029399287,,,,,0.001,1,16,84x84,PrototypicalNetwork,3,3,BreaKHis_formatted,miniImageNet_SOTA_trainSet,False,5,4000,5,exp1_permuted_src_datasets
116,108.335367801,0.0,1739236167.1319668,,10.025172233581543,0.5625,,,,,,0.001,1,16,84x84,PrototypicalNetwork,3,3,BreaKHis_formatted,miniImageNet_SOTA_trainSet,False,5,4000,5,exp1_permuted_src_datasets
117,108.335408899,0.0,1739236167.1321394,,,,0.0009983483970812952,,,,,0.001,1,16,84x84,PrototypicalNetwork,3,3,BreaKHis_formatted,miniImageNet_SOTA_trainSet,False,5,4000,5,exp1_permuted_src_datasets
118,109.068351193,0.0,1739236167.864908,,10.053874015808105,0.5416666865348816,,,,,,0.001,1,16,84x84,PrototypicalNetwork,3,3,BreaKHis_formatted,miniImageNet_SOTA_trainSet,False,5,4000,5,exp1_permuted_src_datasets
119,109.068388067,0.0,1739236167.865142,,,,0.0009982904962325138,,,,,0.001,1,16,84x84,PrototypicalNetwork,3,3,BreaKHis_formatted,miniImageNet_SOTA_trainSet,False,5,4000,5,exp1_permuted_src_datasets
120,109.771798754,0.0,1739236168.5684185,,5.72563362121582,0.6875,,,,,,0.001,1,16,84x84,PrototypicalNetwork,3,3,BreaKHis_formatted,miniImageNet_SOTA_trainSet,False,5,4000,5,exp1_permuted_src_datasets
121,109.771840776,0.0,1739236168.5685856,,,,0.0009982316005680803,,,,,0.001,1,16,84x84,PrototypicalNetwork,3,3,BreaKHis_formatted,miniImageNet_SOTA_trainSet,False,5,4000,5,exp1_permuted_src_datasets
122,110.425147305,0.0,1739236169.2217772,,8.076560974121094,0.5833333134651184,,,,,,0.001,1,16,84x84,PrototypicalNetwork,3,3,BreaKHis_formatted,miniImageNet_SOTA_trainSet,False,5,4000,5,exp1_permuted_src_datasets
123,110.425180925,0.0,1739236169.221942,,,,0.0009981717102654645,,,,,0.001,1,16,84x84,PrototypicalNetwork,3,3,BreaKHis_formatted,miniImageNet_SOTA_trainSet,False,5,4000,5,exp1_permuted_src_datasets
124,111.090151426,0.0,1739236169.886762,,6.528475284576416,0.6458333134651184,,,,,,0.001,1,16,84x84,PrototypicalNetwork,3,3,BreaKHis_formatted,miniImageNet_SOTA_trainSet,False,5,4000,5,exp1_permuted_src_datasets
125,111.133191872,0.0,1739236169.8869264,,,,0.0009981108255051085,,,,,0.001,1,16,84x84,PrototypicalNetwork,3,3,BreaKHis_formatted,miniImageNet_SOTA_trainSet,False,5,4000,5,exp1_permuted_src_datasets
126,111.739975339,0.0,1739236170.5365314,,7.344358921051025,0.6666666865348816,,,,,,0.001,1,16,84x84,PrototypicalNetwork,3,3,BreaKHis_formatted,miniImageNet_SOTA_trainSet,False,5,4000,5,exp1_permuted_src_datasets
127,111.740012798,0.0,1739236170.5367362,,,,0.0009980489464704273,,,,,0.001,1,16,84x84,PrototypicalNetwork,3,3,BreaKHis_formatted,miniImageNet_SOTA_trainSet,False,5,4000,5,exp1_permuted_src_datasets
128,112.399700273,0.0,1739236171.1963327,,6.310494899749756,0.5625,,,,,,0.001,1,16,84x84,PrototypicalNetwork,3,3,BreaKHis_formatted,miniImageNet_SOTA_trainSet,False,5,4000,5,exp1_permuted_src_datasets
129,112.399752396,0.0,1739236171.1965053,,,,0.0009979860733478065,,,,,0.001,1,16,84x84,PrototypicalNetwork,3,3,BreaKHis_formatted,miniImageNet_SOTA_trainSet,False,5,4000,5,exp1_permuted_src_datasets
130,113.067582447,0.0,1739236171.8641891,,6.675173282623291,0.625,,,,,,0.001,1,16,84x84,PrototypicalNetwork,3,3,BreaKHis_formatted,miniImageNet_SOTA_trainSet,False,5,4000,5,exp1_permuted_src_datasets
131,113.067619757,0.0,1739236171.864362,,,,0.0009979222063266015,,,,,0.001,1,16,84x84,PrototypicalNetwork,3,3,BreaKHis_formatted,miniImageNet_SOTA_trainSet,False,5,4000,5,exp1_permuted_src_datasets
132,113.75762133,0.0,1739236172.554242,,6.929170608520508,0.5833333134651184,,,,,,0.001,1,16,84x84,PrototypicalNetwork,3,3,BreaKHis_formatted,miniImageNet_SOTA_trainSet,False,5,4000,5,exp1_permuted_src_datasets
133,113.757655663,0.0,1739236172.5544074,,,,0.0009978573455991376,,,,,0.001,1,16,84x84,PrototypicalNetwork,3,3,BreaKHis_formatted,miniImageNet_SOTA_trainSet,False,5,4000,5,exp1_permuted_src_datasets
134,114.428646026,0.0,1739236173.2252703,,10.33939266204834,0.5625,,,,,,0.001,1,16,84x84,PrototypicalNetwork,3,3,BreaKHis_formatted,miniImageNet_SOTA_trainSet,False,5,4000,5,exp1_permuted_src_datasets
135,114.428681732,0.0,1739236173.225444,,,,0.000997791491360708,,,,,0.001,1,16,84x84,PrototypicalNetwork,3,3,BreaKHis_formatted,miniImageNet_SOTA_trainSet,False,5,4000,5,exp1_permuted_src_datasets
136,115.109147542,0.0,1739236173.9057627,,9.054208755493164,0.5833333134651184,,,,,,0.001,1,16,84x84,PrototypicalNetwork,3,3,BreaKHis_formatted,miniImageNet_SOTA_trainSet,False,5,4000,5,exp1_permuted_src_datasets
137,115.109182672,0.0,1739236173.90594,,,,0.0009977246438095727,,,,,0.001,1,16,84x84,PrototypicalNetwork,3,3,BreaKHis_formatted,miniImageNet_SOTA_trainSet,False,5,4000,5,exp1_permuted_src_datasets
138,115.833605031,0.0,1739236174.6302156,,7.7011847496032715,0.5833333134651184,,,,,,0.001,1,16,84x84,PrototypicalNetwork,3,3,BreaKHis_formatted,miniImageNet_SOTA_trainSet,False,5,4000,5,exp1_permuted_src_datasets
139,115.833672665,0.0,1739236174.6303887,,,,0.0009976568031469586,,,,,0.001,1,16,84x84,PrototypicalNetwork,3,3,BreaKHis_formatted,miniImageNet_SOTA_trainSet,False,5,4000,5,exp1_permuted_src_datasets
140,116.546857782,0.0,1739236175.3434718,,8.172988891601562,0.5416666865348816,,,,,,0.001,1,16,84x84,PrototypicalNetwork,3,3,BreaKHis_formatted,miniImageNet_SOTA_trainSet,False,5,4000,5,exp1_permuted_src_datasets
141,116.546910103,0.0,1739236175.3436394,,,,0.0009975879695770578,,,,,0.001,1,16,84x84,PrototypicalNetwork,3,3,BreaKHis_formatted,miniImageNet_SOTA_trainSet,False,5,4000,5,exp1_permuted_src_datasets
142,117.252081544,0.0,1739236176.0486834,,6.6567511558532715,0.5,,,,,,0.001,1,16,84x84,PrototypicalNetwork,3,3,BreaKHis_formatted,miniImageNet_SOTA_trainSet,False,5,4000,5,exp1_permuted_src_datasets
143,117.252115497,0.0,1739236176.048862,,,,0.0009975181433070264,,,,,0.001,1,16,84x84,PrototypicalNetwork,3,3,BreaKHis_formatted,miniImageNet_SOTA_trainSet,False,5,4000,5,exp1_permuted_src_datasets
144,118.011130901,0.0,1739236176.807764,,7.76450777053833,0.5833333134651184,,,,,,0.001,1,16,84x84,PrototypicalNetwork,3,3,BreaKHis_formatted,miniImageNet_SOTA_trainSet,False,5,4000,5,exp1_permuted_src_datasets
145,118.011167032,0.0,1739236176.8079183,,,,0.0009974473245469835,,,,,0.001,1,16,84x84,PrototypicalNetwork,3,3,BreaKHis_formatted,miniImageNet_SOTA_trainSet,False,5,4000,5,exp1_permuted_src_datasets
146,118.732038406,0.0,1739236177.5285976,,8.75183391571045,0.5625,,,,,,0.001,1,16,84x84,PrototypicalNetwork,3,3,BreaKHis_formatted,miniImageNet_SOTA_trainSet,False,5,4000,5,exp1_permuted_src_datasets
147,118.732076869,0.0,1739236177.52883,,,,0.0009973755135100108,,,,,0.001,1,16,84x84,PrototypicalNetwork,3,3,BreaKHis_formatted,miniImageNet_SOTA_trainSet,False,5,4000,5,exp1_permuted_src_datasets
148,119.437518626,0.0,1739236178.2341094,,7.564324855804443,0.5625,,,,,,0.001,1,16,84x84,PrototypicalNetwork,3,3,BreaKHis_formatted,miniImageNet_SOTA_trainSet,False,5,4000,5,exp1_permuted_src_datasets
149,119.437557723,0.0,1739236178.2342885,,,,0.0009973027104121506,,,,,0.001,1,16,84x84,PrototypicalNetwork,3,3,BreaKHis_formatted,miniImageNet_SOTA_trainSet,False,5,4000,5,exp1_permuted_src_datasets
150,120.139529264,0.0,1739236178.9360292,,5.754807949066162,0.5625,,,,,,0.001,1,16,84x84,PrototypicalNetwork,3,3,BreaKHis_formatted,miniImageNet_SOTA_trainSet,False,5,4000,5,exp1_permuted_src_datasets
151,120.139572743,0.0,1739236178.9362648,,,,0.0009972289154724057,,,,,0.001,1,16,84x84,PrototypicalNetwork,3,3,BreaKHis_formatted,miniImageNet_SOTA_trainSet,False,5,4000,5,exp1_permuted_src_datasets
152,120.863929118,0.0,1739236179.6604762,,6.36021614074707,0.6041666865348816,,,,,,0.001,1,16,84x84,PrototypicalNetwork,3,3,BreaKHis_formatted,miniImageNet_SOTA_trainSet,False,5,4000,5,exp1_permuted_src_datasets
153,120.905220478,0.0,1739236179.6606803,,,,0.0009971541289127371,,,,,0.001,1,16,84x84,PrototypicalNetwork,3,3,BreaKHis_formatted,miniImageNet_SOTA_trainSet,False,5,4000,5,exp1_permuted_src_datasets
154,121.60470978,0.0,1739236180.4013026,,4.089364528656006,0.5833333134651184,,,,,,0.001,1,16,84x84,PrototypicalNetwork,3,3,BreaKHis_formatted,miniImageNet_SOTA_trainSet,False,5,4000,5,exp1_permuted_src_datasets
155,121.604746417,0.0,1739236180.4014852,,,,0.0009970783509580645,,,,,0.001,1,16,84x84,PrototypicalNetwork,3,3,BreaKHis_formatted,miniImageNet_SOTA_trainSet,False,5,4000,5,exp1_permuted_src_datasets
156,122.345336722,0.0,1739236181.1419327,,8.66236686706543,0.4166666567325592,,,,,,0.001,1,16,84x84,PrototypicalNetwork,3,3,BreaKHis_formatted,miniImageNet_SOTA_trainSet,False,5,4000,5,exp1_permuted_src_datasets
157,122.345371726,0.0,1739236181.1421165,,,,0.000997001581836263,,,,,0.001,1,16,84x84,PrototypicalNetwork,3,3,BreaKHis_formatted,miniImageNet_SOTA_trainSet,False,5,4000,5,exp1_permuted_src_datasets
158,123.065011195,0.0,1739236181.8616927,,7.278385162353516,0.5,,,,,,0.001,1,16,84x84,PrototypicalNetwork,3,3,BreaKHis_formatted,miniImageNet_SOTA_trainSet,False,5,4000,5,exp1_permuted_src_datasets
159,123.06503859,0.0,1739236181.8618221,,,,0.0009969238217781642,,,,,0.001,1,16,84x84,PrototypicalNetwork,3,3,BreaKHis_formatted,miniImageNet_SOTA_trainSet,False,5,4000,5,exp1_permuted_src_datasets
160,123.768919863,0.0,1739236182.5656273,,7.3928608894348145,0.5,,,,,,0.001,1,16,84x84,PrototypicalNetwork,3,3,BreaKHis_formatted,miniImageNet_SOTA_trainSet,False,5,4000,5,exp1_permuted_src_datasets
161,123.768941013,0.0,1739236182.5657618,,,,0.000996845071017554,,,,,0.001,1,16,84x84,PrototypicalNetwork,3,3,BreaKHis_formatted,miniImageNet_SOTA_trainSet,False,5,4000,5,exp1_permuted_src_datasets
162,124.446256108,0.0,1739236183.242844,,5.757228851318359,0.5625,,,,,,0.001,1,16,84x84,PrototypicalNetwork,3,3,BreaKHis_formatted,miniImageNet_SOTA_trainSet,False,5,4000,5,exp1_permuted_src_datasets
163,124.446298481,0.0,1739236183.2430444,,,,0.0009967653297911707,,,,,0.001,1,16,84x84,PrototypicalNetwork,3,3,BreaKHis_formatted,miniImageNet_SOTA_trainSet,False,5,4000,5,exp1_permuted_src_datasets
164,125.114996829,0.0,1739236183.9116116,,9.197760581970215,0.5416666865348816,,,,,,0.001,1,16,84x84,PrototypicalNetwork,3,3,BreaKHis_formatted,miniImageNet_SOTA_trainSet,False,5,4000,5,exp1_permuted_src_datasets
165,125.115054955,0.0,1739236183.9117758,,,,0.0009966845983387053,,,,,0.001,1,16,84x84,PrototypicalNetwork,3,3,BreaKHis_formatted,miniImageNet_SOTA_trainSet,False,5,4000,5,exp1_permuted_src_datasets
166,125.786163351,0.0,1739236184.5827742,,4.974764347076416,0.6666666865348816,,,,,,0.001,1,16,84x84,PrototypicalNetwork,3,3,BreaKHis_formatted,miniImageNet_SOTA_trainSet,False,5,4000,5,exp1_permuted_src_datasets
167,125.786222307,0.0,1739236184.5829444,,,,0.0009966028769027994,,,,,0.001,1,16,84x84,PrototypicalNetwork,3,3,BreaKHis_formatted,miniImageNet_SOTA_trainSet,False,5,4000,5,exp1_permuted_src_datasets
168,126.479887548,0.0,1739236185.2764487,,7.616762638092041,0.625,,,,,,0.001,1,16,84x84,PrototypicalNetwork,3,3,BreaKHis_formatted,miniImageNet_SOTA_trainSet,False,5,4000,5,exp1_permuted_src_datasets
169,126.479927644,0.0,1739236185.2766798,,,,0.0009965201657290439,,,,,0.001,1,16,84x84,PrototypicalNetwork,3,3,BreaKHis_formatted,miniImageNet_SOTA_trainSet,False,5,4000,5,exp1_permuted_src_datasets
170,127.139971798,0.0,1739236185.9365706,,7.8152384757995605,0.5,,,,,,0.001,1,16,84x84,PrototypicalNetwork,3,3,BreaKHis_formatted,miniImageNet_SOTA_trainSet,False,5,4000,5,exp1_permuted_src_datasets
171,127.140009646,0.0,1739236185.936765,,,,0.0009964364650659784,,,,,0.001,1,16,84x84,PrototypicalNetwork,3,3,BreaKHis_formatted,miniImageNet_SOTA_trainSet,False,5,4000,5,exp1_permuted_src_datasets
172,127.823185482,0.0,1739236186.619824,,6.000312328338623,0.5833333134651184,,,,,,0.001,1,16,84x84,PrototypicalNetwork,3,3,BreaKHis_formatted,miniImageNet_SOTA_trainSet,False,5,4000,5,exp1_permuted_src_datasets
173,127.823212983,0.0,1739236186.6199892,,,,0.0009963517751650896,,,,,0.001,1,16,84x84,PrototypicalNetwork,3,3,BreaKHis_formatted,miniImageNet_SOTA_trainSet,False,5,4000,5,exp1_permuted_src_datasets
174,128.58501861,0.0,1739236187.3817124,,3.9891774654388428,0.5833333134651184,,,,,,0.001,1,16,84x84,PrototypicalNetwork,3,3,BreaKHis_formatted,miniImageNet_SOTA_trainSet,False,5,4000,5,exp1_permuted_src_datasets
175,128.5850531,0.0,1739236187.3818514,,,,0.0009962660962808095,,,,,0.001,1,16,84x84,PrototypicalNetwork,3,3,BreaKHis_formatted,miniImageNet_SOTA_trainSet,False,5,4000,5,exp1_permuted_src_datasets
176,129.274633896,0.0,1739236188.071229,,3.7023346424102783,0.6041666865348816,,,,,,0.001,1,16,84x84,PrototypicalNetwork,3,3,BreaKHis_formatted,miniImageNet_SOTA_trainSet,False,5,4000,5,exp1_permuted_src_datasets
177,129.274669089,0.0,1739236188.0714104,,,,0.0009961794286705151,,,,,0.001,1,16,84x84,PrototypicalNetwork,3,3,BreaKHis_formatted,miniImageNet_SOTA_trainSet,False,5,4000,5,exp1_permuted_src_datasets
178,129.971605908,0.0,1739236188.7682028,,4.544327259063721,0.5416666865348816,,,,,,0.001,1,16,84x84,PrototypicalNetwork,3,3,BreaKHis_formatted,miniImageNet_SOTA_trainSet,False,5,4000,5,exp1_permuted_src_datasets
179,129.971650144,0.0,1739236188.7683878,,,,0.0009960917725945267,,,,,0.001,1,16,84x84,PrototypicalNetwork,3,3,BreaKHis_formatted,miniImageNet_SOTA_trainSet,False,5,4000,5,exp1_permuted_src_datasets
180,130.688512841,0.0,1739236189.4851098,,3.957858085632324,0.6041666865348816,,,,,,0.001,1,16,84x84,PrototypicalNetwork,3,3,BreaKHis_formatted,miniImageNet_SOTA_trainSet,False,5,4000,5,exp1_permuted_src_datasets
181,130.729255794,0.0,1739236189.4852738,,,,0.0009960031283161065,,,,,0.001,1,16,84x84,PrototypicalNetwork,3,3,BreaKHis_formatted,miniImageNet_SOTA_trainSet,False,5,4000,5,exp1_permuted_src_datasets
182,131.381333671,0.0,1739236190.1779373,,3.09799861907959,0.75,,,,,,0.001,1,16,84x84,PrototypicalNetwork,3,3,BreaKHis_formatted,miniImageNet_SOTA_trainSet,False,5,4000,5,exp1_permuted_src_datasets
183,131.381369253,0.0,1739236190.178113,,,,0.0009959134961014574,,,,,0.001,1,16,84x84,PrototypicalNetwork,3,3,BreaKHis_formatted,miniImageNet_SOTA_trainSet,False,5,4000,5,exp1_permuted_src_datasets
184,132.080597086,0.0,1739236190.8772082,,4.369469165802002,0.6458333134651184,,,,,,0.001,1,16,84x84,PrototypicalNetwork,3,3,BreaKHis_formatted,miniImageNet_SOTA_trainSet,False,5,4000,5,exp1_permuted_src_datasets
185,132.080633838,0.0,1739236190.8773766,,,,0.0009958228762197213,,,,,0.001,1,16,84x84,PrototypicalNetwork,3,3,BreaKHis_formatted,miniImageNet_SOTA_trainSet,False,5,4000,5,exp1_permuted_src_datasets
186,132.841265686,0.0,1739236191.6378672,,5.579400539398193,0.4791666567325592,,,,,,0.001,1,16,84x84,PrototypicalNetwork,3,3,BreaKHis_formatted,miniImageNet_SOTA_trainSet,False,5,4000,5,exp1_permuted_src_datasets
187,132.841321776,0.0,1739236191.6380482,,,,0.0009957312689429785,,,,,0.001,1,16,84x84,PrototypicalNetwork,3,3,BreaKHis_formatted,miniImageNet_SOTA_trainSet,False,5,4000,5,exp1_permuted_src_datasets
188,133.563023645,0.0,1739236192.3596494,,3.8330841064453125,0.6041666865348816,,,,,,0.001,1,16,84x84,PrototypicalNetwork,3,3,BreaKHis_formatted,miniImageNet_SOTA_trainSet,False,5,4000,5,exp1_permuted_src_datasets
189,133.563085593,0.0,1739236192.3598144,,,,0.0009956386745462458,,,,,0.001,1,16,84x84,PrototypicalNetwork,3,3,BreaKHis_formatted,miniImageNet_SOTA_trainSet,False,5,4000,5,exp1_permuted_src_datasets
190,134.271800294,0.0,1739236193.0684202,,5.173597812652588,0.5208333134651184,,,,,,0.001,1,16,84x84,PrototypicalNetwork,3,3,BreaKHis_formatted,miniImageNet_SOTA_trainSet,False,5,4000,5,exp1_permuted_src_datasets
191,134.271833896,0.0,1739236193.0685856,,,,0.0009955450933074748,,,,,0.001,1,16,84x84,PrototypicalNetwork,3,3,BreaKHis_formatted,miniImageNet_SOTA_trainSet,False,5,4000,5,exp1_permuted_src_datasets
192,134.969648709,0.0,1739236193.766245,,4.647876262664795,0.3958333432674408,,,,,,0.001,1,16,84x84,PrototypicalNetwork,3,3,BreaKHis_formatted,miniImageNet_SOTA_trainSet,False,5,4000,5,exp1_permuted_src_datasets
193,134.969704493,0.0,1739236193.766416,,,,0.0009954505255075517,,,,,0.001,1,16,84x84,PrototypicalNetwork,3,3,BreaKHis_formatted,miniImageNet_SOTA_trainSet,False,5,4000,5,exp1_permuted_src_datasets
194,135.669605148,0.0,1739236194.466235,,3.059624671936035,0.5833333134651184,,,,,,0.001,1,16,84x84,PrototypicalNetwork,3,3,BreaKHis_formatted,miniImageNet_SOTA_trainSet,False,5,4000,5,exp1_permuted_src_datasets
195,135.669651928,0.0,1739236194.4664118,,,,0.0009953549714302942,,,,,0.001,1,16,84x84,PrototypicalNetwork,3,3,BreaKHis_formatted,miniImageNet_SOTA_trainSet,False,5,4000,5,exp1_permuted_src_datasets
196,136.369858139,0.0,1739236195.166465,,4.073836803436279,0.5833333134651184,,,,,,0.001,1,16,84x84,PrototypicalNetwork,3,3,BreaKHis_formatted,miniImageNet_SOTA_trainSet,False,5,4000,5,exp1_permuted_src_datasets
197,136.369931885,0.0,1739236195.16664,,,,0.000995258431362452,,,,,0.001,1,16,84x84,PrototypicalNetwork,3,3,BreaKHis_formatted,miniImageNet_SOTA_trainSet,False,5,4000,5,exp1_permuted_src_datasets
198,137.083911689,0.0,1739236195.8804295,,4.988663196563721,0.5833333134651184,,,,,,0.001,1,16,84x84,PrototypicalNetwork,3,3,BreaKHis_formatted,miniImageNet_SOTA_trainSet,False,5,4000,5,exp1_permuted_src_datasets
199,137.084041999,0.0,1739236195.8806171,,,,0.000995160905593704,,,,,0.001,1,16,84x84,PrototypicalNetwork,3,3,BreaKHis_formatted,miniImageNet_SOTA_trainSet,False,5,4000,5,exp1_permuted_src_datasets
200,137.775568727,0.0,1739236196.572222,,3.798945665359497,0.4583333432674408,,,,,,0.001,1,16,84x84,PrototypicalNetwork,3,3,BreaKHis_formatted,miniImageNet_SOTA_trainSet,False,5,4000,5,exp1_permuted_src_datasets
201,137.775599902,0.0,1739236196.5723891,,,,0.0009950623944166566,,,,,0.001,1,16,84x84,PrototypicalNetwork,3,3,BreaKHis_formatted,miniImageNet_SOTA_trainSet,False,5,4000,5,exp1_permuted_src_datasets
202,138.506231736,0.0,1739236197.3028717,,3.207048177719116,0.5625,,,,,,0.001,1,16,84x84,PrototypicalNetwork,3,3,BreaKHis_formatted,miniImageNet_SOTA_trainSet,False,5,4000,5,exp1_permuted_src_datasets
203,138.506261954,0.0,1739236197.3030403,,,,0.0009949628981268438,,,,,0.001,1,16,84x84,PrototypicalNetwork,3,3,BreaKHis_formatted,miniImageNet_SOTA_trainSet,False,5,4000,5,exp1_permuted_src_datasets
204,139.219516023,0.0,1739236198.0161343,,3.691904306411743,0.5625,,,,,,0.001,1,16,84x84,PrototypicalNetwork,3,3,BreaKHis_formatted,miniImageNet_SOTA_trainSet,False,5,4000,5,exp1_permuted_src_datasets
205,139.219541598,0.0,1739236198.0163438,,,,0.0009948624170227245,,,,,0.001,1,16,84x84,PrototypicalNetwork,3,3,BreaKHis_formatted,miniImageNet_SOTA_trainSet,False,5,4000,5,exp1_permuted_src_datasets
206,139.903477828,0.0,1739236198.7001119,,2.5960872173309326,0.6458333134651184,,,,,,0.001,1,16,84x84,PrototypicalNetwork,3,3,BreaKHis_formatted,miniImageNet_SOTA_trainSet,False,5,4000,5,exp1_permuted_src_datasets
207,139.903502736,0.0,1739236198.7002873,,,,0.0009947609514056811,,,,,0.001,1,16,84x84,PrototypicalNetwork,3,3,BreaKHis_formatted,miniImageNet_SOTA_trainSet,False,5,4000,5,exp1_permuted_src_datasets
208,140.607052139,0.0,1739236199.4036672,,4.226222515106201,0.4791666567325592,,,,,,0.001,1,16,84x84,PrototypicalNetwork,3,3,BreaKHis_formatted,miniImageNet_SOTA_trainSet,False,5,4000,5,exp1_permuted_src_datasets
209,140.653253752,0.0,1739236199.4038258,,,,0.0009946585015800184,,,,,0.001,1,16,84x84,PrototypicalNetwork,3,3,BreaKHis_formatted,miniImageNet_SOTA_trainSet,False,5,4000,5,exp1_permuted_src_datasets
210,141.281999145,0.0,1739236200.078621,,4.35137939453125,0.5416666865348816,,,,,,0.001,1,16,84x84,PrototypicalNetwork,3,3,BreaKHis_formatted,miniImageNet_SOTA_trainSet,False,5,4000,5,exp1_permuted_src_datasets
211,141.282035372,0.0,1739236200.078795,,,,0.0009945550678529616,,,,,0.001,1,16,84x84,PrototypicalNetwork,3,3,BreaKHis_formatted,miniImageNet_SOTA_trainSet,False,5,4000,5,exp1_permuted_src_datasets
212,141.95144809,0.0,1739236200.748008,,2.6658105850219727,0.6458333134651184,,,,,,0.001,1,16,84x84,PrototypicalNetwork,3,3,BreaKHis_formatted,miniImageNet_SOTA_trainSet,False,5,4000,5,exp1_permuted_src_datasets
213,141.951487396,0.0,1739236200.748204,,,,0.0009944506505346555,,,,,0.001,1,16,84x84,PrototypicalNetwork,3,3,BreaKHis_formatted,miniImageNet_SOTA_trainSet,False,5,4000,5,exp1_permuted_src_datasets
214,142.644341405,0.0,1739236201.440874,,3.0224626064300537,0.6458333134651184,,,,,,0.001,1,16,84x84,PrototypicalNetwork,3,3,BreaKHis_formatted,miniImageNet_SOTA_trainSet,False,5,4000,5,exp1_permuted_src_datasets
215,142.644377363,0.0,1739236201.441114,,,,0.0009943452499381622,,,,,0.001,1,16,84x84,PrototypicalNetwork,3,3,BreaKHis_formatted,miniImageNet_SOTA_trainSet,False,5,4000,5,exp1_permuted_src_datasets
216,143.320075553,0.0,1739236202.116648,,3.7868998050689697,0.5,,,,,,0.001,1,16,84x84,PrototypicalNetwork,3,3,BreaKHis_formatted,miniImageNet_SOTA_trainSet,False,5,4000,5,exp1_permuted_src_datasets
217,143.320116913,0.0,1739236202.1168437,,,,0.0009942388663794594,,,,,0.001,1,16,84x84,PrototypicalNetwork,3,3,BreaKHis_formatted,miniImageNet_SOTA_trainSet,False,5,4000,5,exp1_permuted_src_datasets
218,144.010609081,0.0,1739236202.8072784,,4.89314079284668,0.3958333432674408,,,,,,0.001,1,16,84x84,PrototypicalNetwork,3,3,BreaKHis_formatted,miniImageNet_SOTA_trainSet,False,5,4000,5,exp1_permuted_src_datasets
219,144.010645817,0.0,1739236202.8074222,,,,0.0009941315001774404,,,,,0.001,1,16,84x84,PrototypicalNetwork,3,3,BreaKHis_formatted,miniImageNet_SOTA_trainSet,False,5,4000,5,exp1_permuted_src_datasets
220,144.70377377,0.0,1739236203.500351,,2.7249200344085693,0.6666666865348816,,,,,,0.001,1,16,84x84,PrototypicalNetwork,3,3,BreaKHis_formatted,miniImageNet_SOTA_trainSet,False,5,4000,5,exp1_permuted_src_datasets
221,144.703811805,0.0,1739236203.5005832,,,,0.0009940231516539103,,,,,0.001,1,16,84x84,PrototypicalNetwork,3,3,BreaKHis_formatted,miniImageNet_SOTA_trainSet,False,5,4000,5,exp1_permuted_src_datasets
222,145.47963626,0.0,1739236204.2762532,,3.916999101638794,0.5625,,,,,,0.001,1,16,84x84,PrototypicalNetwork,3,3,BreaKHis_formatted,miniImageNet_SOTA_trainSet,False,5,4000,5,exp1_permuted_src_datasets
223,145.479673222,0.0,1739236204.2764142,,,,0.0009939138211335855,,,,,0.001,1,16,84x84,PrototypicalNetwork,3,3,BreaKHis_formatted,miniImageNet_SOTA_trainSet,False,5,4000,5,exp1_permuted_src_datasets
224,146.145157695,0.0,1739236204.9417434,,4.045033931732178,0.5833333134651184,,,,,,0.001,1,16,84x84,PrototypicalNetwork,3,3,BreaKHis_formatted,miniImageNet_SOTA_trainSet,False,5,4000,5,exp1_permuted_src_datasets
225,146.145192862,0.0,1739236204.9419124,,,,0.0009938035089440927,,,,,0.001,1,16,84x84,PrototypicalNetwork,3,3,BreaKHis_formatted,miniImageNet_SOTA_trainSet,False,5,4000,5,exp1_permuted_src_datasets
226,146.810835616,0.0,1739236205.6073945,,2.529156446456909,0.5416666865348816,,,,,,0.001,1,16,84x84,PrototypicalNetwork,3,3,BreaKHis_formatted,miniImageNet_SOTA_trainSet,False,5,4000,5,exp1_permuted_src_datasets
227,146.810871123,0.0,1739236205.6076248,,,,0.0009936922154159663,,,,,0.001,1,16,84x84,PrototypicalNetwork,3,3,BreaKHis_formatted,miniImageNet_SOTA_trainSet,False,5,4000,5,exp1_permuted_src_datasets
228,147.497500508,0.0,1739236206.2940664,,2.5457446575164795,0.5833333134651184,,,,,,0.001,1,16,84x84,PrototypicalNetwork,3,3,BreaKHis_formatted,miniImageNet_SOTA_trainSet,False,5,4000,5,exp1_permuted_src_datasets
229,147.497549413,0.0,1739236206.2942855,,,,0.0009935799408826466,,,,,0.001,1,16,84x84,PrototypicalNetwork,3,3,BreaKHis_formatted,miniImageNet_SOTA_trainSet,False,5,4000,5,exp1_permuted_src_datasets
230,148.170686376,0.0,1739236206.9672897,,3.286571502685547,0.5625,,,,,,0.001,1,16,84x84,PrototypicalNetwork,3,3,BreaKHis_formatted,miniImageNet_SOTA_trainSet,False,5,4000,5,exp1_permuted_src_datasets
231,148.170728398,0.0,1739236206.9674664,,,,0.0009934666856804791,,,,,0.001,1,16,84x84,PrototypicalNetwork,3,3,BreaKHis_formatted,miniImageNet_SOTA_trainSet,False,5,4000,5,exp1_permuted_src_datasets
232,148.834782823,0.0,1739236207.6313982,,3.5224874019622803,0.5208333134651184,,,,,,0.001,1,16,84x84,PrototypicalNetwork,3,3,BreaKHis_formatted,miniImageNet_SOTA_trainSet,False,5,4000,5,exp1_permuted_src_datasets
233,148.834825169,0.0,1739236207.6315727,,,,0.000993352450148712,,,,,0.001,1,16,84x84,PrototypicalNetwork,3,3,BreaKHis_formatted,miniImageNet_SOTA_trainSet,False,5,4000,5,exp1_permuted_src_datasets
234,149.508925397,0.0,1739236208.3055189,,2.530280828475952,0.625,,,,,,0.001,1,16,84x84,PrototypicalNetwork,3,3,BreaKHis_formatted,miniImageNet_SOTA_trainSet,False,5,4000,5,exp1_permuted_src_datasets
235,149.508973051,0.0,1739236208.305693,,,,0.000993237234629495,,,,,0.001,1,16,84x84,PrototypicalNetwork,3,3,BreaKHis_formatted,miniImageNet_SOTA_trainSet,False,5,4000,5,exp1_permuted_src_datasets
236,150.171231547,0.0,1739236208.9678478,,1.1747221946716309,0.7083333134651184,,,,,,0.001,1,16,84x84,PrototypicalNetwork,3,3,BreaKHis_formatted,miniImageNet_SOTA_trainSet,False,5,4000,5,exp1_permuted_src_datasets
237,150.17126473,0.0,1739236208.9680157,,,,0.0009931210394678773,,,,,0.001,1,16,84x84,PrototypicalNetwork,3,3,BreaKHis_formatted,miniImageNet_SOTA_trainSet,False,5,4000,5,exp1_permuted_src_datasets
238,150.888230242,0.0,1739236209.6848898,,4.30302619934082,0.4375,,,,,,0.001,1,16,84x84,PrototypicalNetwork,3,3,BreaKHis_formatted,miniImageNet_SOTA_trainSet,False,5,4000,5,exp1_permuted_src_datasets
239,150.933179785,0.0,1739236209.6850686,,,,0.0009930038650118058,,,,,0.001,1,16,84x84,PrototypicalNetwork,3,3,BreaKHis_formatted,miniImageNet_SOTA_trainSet,False,5,4000,5,exp1_permuted_src_datasets
240,151.61899172,0.0,1739236210.4155822,,2.570608139038086,0.5833333134651184,,,,,,0.001,1,16,84x84,PrototypicalNetwork,3,3,BreaKHis_formatted,miniImageNet_SOTA_trainSet,False,5,4000,5,exp1_permuted_src_datasets
241,151.619028423,0.0,1739236210.4157689,,,,0.000992885711612124,,,,,0.001,1,16,84x84,PrototypicalNetwork,3,3,BreaKHis_formatted,miniImageNet_SOTA_trainSet,False,5,4000,5,exp1_permuted_src_datasets
242,152.326315135,0.0,1739236211.1229215,,3.3696587085723877,0.4583333432674408,,,,,,0.001,1,16,84x84,PrototypicalNetwork,3,3,BreaKHis_formatted,miniImageNet_SOTA_trainSet,False,5,4000,5,exp1_permuted_src_datasets
243,152.326349434,0.0,1739236211.1230884,,,,0.0009927665796225695,,,,,0.001,1,16,84x84,PrototypicalNetwork,3,3,BreaKHis_formatted,miniImageNet_SOTA_trainSet,False,5,4000,5,exp1_permuted_src_datasets
244,153.082439093,0.0,1739236211.8790658,,2.86862850189209,0.5,,,,,,0.001,1,16,84x84,PrototypicalNetwork,3,3,BreaKHis_formatted,miniImageNet_SOTA_trainSet,False,5,4000,5,exp1_permuted_src_datasets
245,153.082470948,0.0,1739236211.8792756,,,,0.0009926464693997721,,,,,0.001,1,16,84x84,PrototypicalNetwork,3,3,BreaKHis_formatted,miniImageNet_SOTA_trainSet,False,5,4000,5,exp1_permuted_src_datasets
246,153.795281098,0.0,1739236212.5918946,,2.9637930393218994,0.4583333432674408,,,,,,0.001,1,16,84x84,PrototypicalNetwork,3,3,BreaKHis_formatted,miniImageNet_SOTA_trainSet,False,5,4000,5,exp1_permuted_src_datasets
247,153.795316015,0.0,1739236212.592064,,,,0.0009925253813032533,,,,,0.001,1,16,84x84,PrototypicalNetwork,3,3,BreaKHis_formatted,miniImageNet_SOTA_trainSet,False,5,4000,5,exp1_permuted_src_datasets
248,154.501316046,0.0,1739236213.2979114,,1.7332377433776855,0.625,,,,,,0.001,1,16,84x84,PrototypicalNetwork,3,3,BreaKHis_formatted,miniImageNet_SOTA_trainSet,False,5,4000,5,exp1_permuted_src_datasets
249,154.501349445,0.0,1739236213.298094,,,,0.0009924033156954227,,,,,0.001,1,16,84x84,PrototypicalNetwork,3,3,BreaKHis_formatted,miniImageNet_SOTA_trainSet,False,5,4000,5,exp1_permuted_src_datasets
250,155.224147592,0.0,1739236214.020788,,3.204782247543335,0.5,,,,,,0.001,1,16,84x84,PrototypicalNetwork,3,3,BreaKHis_formatted,miniImageNet_SOTA_trainSet,False,5,4000,5,exp1_permuted_src_datasets
251,155.224188381,0.0,1739236214.0209506,,,,0.0009922802729415779,,,,,0.001,1,16,84x84,PrototypicalNetwork,3,3,BreaKHis_formatted,miniImageNet_SOTA_trainSet,False,5,4000,5,exp1_permuted_src_datasets
252,155.933322883,0.0,1739236214.7299411,,3.3116378784179688,0.5833333134651184,,,,,,0.001,1,16,84x84,PrototypicalNetwork,3,3,BreaKHis_formatted,miniImageNet_SOTA_trainSet,False,5,4000,5,exp1_permuted_src_datasets
253,155.933354256,0.0,1739236214.7301471,,,,0.0004960781267049508,,,,,0.001,1,16,84x84,PrototypicalNetwork,3,3,BreaKHis_formatted,miniImageNet_SOTA_trainSet,False,5,4000,5,exp1_permuted_src_datasets
254,156.642789755,0.0,1739236215.4393947,,2.1006147861480713,0.6875,,,,,,0.001,1,16,84x84,PrototypicalNetwork,3,3,BreaKHis_formatted,miniImageNet_SOTA_trainSet,False,5,4000,5,exp1_permuted_src_datasets
255,156.642823044,0.0,1739236215.4395552,,,,0.0004960156287357301,,,,,0.001,1,16,84x84,PrototypicalNetwork,3,3,BreaKHis_formatted,miniImageNet_SOTA_trainSet,False,5,4000,5,exp1_permuted_src_datasets
256,157.351720087,0.0,1739236216.1483006,,1.775046706199646,0.6666666865348816,,,,,,0.001,1,16,84x84,PrototypicalNetwork,3,3,BreaKHis_formatted,miniImageNet_SOTA_trainSet,False,5,4000,5,exp1_permuted_src_datasets
257,157.351749576,0.0,1739236216.1485214,,,,0.0004959526427501008,,,,,0.001,1,16,84x84,PrototypicalNetwork,3,3,BreaKHis_formatted,miniImageNet_SOTA_trainSet,False,5,4000,5,exp1_permuted_src_datasets
258,158.116551045,0.0,1739236216.9129498,,1.8692278861999512,0.5625,,,,,,0.001,1,16,84x84,PrototypicalNetwork,3,3,BreaKHis_formatted,miniImageNet_SOTA_trainSet,False,5,4000,5,exp1_permuted_src_datasets
259,158.116586788,0.0,1739236216.9132636,,,,0.000495889168936477,,,,,0.001,1,16,84x84,PrototypicalNetwork,3,3,BreaKHis_formatted,miniImageNet_SOTA_trainSet,False,5,4000,5,exp1_permuted_src_datasets
260,159.771769355,0.0,1739236218.56832,,3.2909677028656006,0.4583333432674408,,,,,,0.001,1,16,84x84,PrototypicalNetwork,3,3,BreaKHis_formatted,miniImageNet_SOTA_trainSet,False,5,4000,5,exp1_permuted_src_datasets
261,159.771808268,0.0,1739236218.568567,,,,0.0004958252074847115,,,,,0.001,1,16,84x84,PrototypicalNetwork,3,3,BreaKHis_formatted,miniImageNet_SOTA_trainSet,False,5,4000,5,exp1_permuted_src_datasets
262,161.331933791,0.0,1739236220.1285582,,2.7963688373565674,0.4166666567325592,,,,,,0.001,1,16,84x84,PrototypicalNetwork,3,3,BreaKHis_formatted,miniImageNet_SOTA_trainSet,False,5,4000,5,exp1_permuted_src_datasets
263,161.373170773,0.0,1739236220.1287587,,,,0.0004957607585860952,,,,,0.001,1,16,84x84,PrototypicalNetwork,3,3,BreaKHis_formatted,miniImageNet_SOTA_trainSet,False,5,4000,5,exp1_permuted_src_datasets
264,162.327127962,0.0,1739236221.1237144,,2.124560832977295,0.5833333134651184,,,,,,0.001,1,16,84x84,PrototypicalNetwork,3,3,BreaKHis_formatted,miniImageNet_SOTA_trainSet,False,5,4000,5,exp1_permuted_src_datasets
265,162.327168948,0.0,1739236221.1239104,,,,0.0004956958224333564,,,,,0.001,1,16,84x84,PrototypicalNetwork,3,3,BreaKHis_formatted,miniImageNet_SOTA_trainSet,False,5,4000,5,exp1_permuted_src_datasets
266,163.024628643,0.0,1739236221.8212166,,2.3766262531280518,0.5208333134651184,,,,,,0.001,1,16,84x84,PrototypicalNetwork,3,3,BreaKHis_formatted,miniImageNet_SOTA_trainSet,False,5,4000,5,exp1_permuted_src_datasets
267,163.024666972,0.0,1739236221.8213863,,,,0.0004956303992206593,,,,,0.001,1,16,84x84,PrototypicalNetwork,3,3,BreaKHis_formatted,miniImageNet_SOTA_trainSet,False,5,4000,5,exp1_permuted_src_datasets
268,163.764795667,0.0,1739236222.561365,,3.1613376140594482,0.4583333432674408,,,,,,0.001,1,16,84x84,PrototypicalNetwork,3,3,BreaKHis_formatted,miniImageNet_SOTA_trainSet,False,5,4000,5,exp1_permuted_src_datasets
269,163.764832344,0.0,1739236222.5615509,,,,0.0004955644891436032,,,,,0.001,1,16,84x84,PrototypicalNetwork,3,3,BreaKHis_formatted,miniImageNet_SOTA_trainSet,False,5,4000,5,exp1_permuted_src_datasets
270,164.461151631,0.0,1739236223.257689,,2.457698106765747,0.5416666865348816,,,,,,0.001,1,16,84x84,PrototypicalNetwork,3,3,BreaKHis_formatted,miniImageNet_SOTA_trainSet,False,5,4000,5,exp1_permuted_src_datasets
271,164.461184519,0.0,1739236223.25792,,,,0.0004954980923992217,,,,,0.001,1,16,84x84,PrototypicalNetwork,3,3,BreaKHis_formatted,miniImageNet_SOTA_trainSet,False,5,4000,5,exp1_permuted_src_datasets
272,165.178351355,0.0,1739236223.974926,,2.3032283782958984,0.5833333134651184,,,,,,0.001,1,16,84x84,PrototypicalNetwork,3,3,BreaKHis_formatted,miniImageNet_SOTA_trainSet,False,5,4000,5,exp1_permuted_src_datasets
273,165.178391342,0.0,1739236223.9751196,,,,0.0004954312091859815,,,,,0.001,1,16,84x84,PrototypicalNetwork,3,3,BreaKHis_formatted,miniImageNet_SOTA_trainSet,False,5,4000,5,exp1_permuted_src_datasets
274,165.888954862,0.0,1739236224.685535,,1.855844497680664,0.5416666865348816,,,,,,0.001,1,16,84x84,PrototypicalNetwork,3,3,BreaKHis_formatted,miniImageNet_SOTA_trainSet,False,5,4000,5,exp1_permuted_src_datasets
275,165.889011782,0.0,1739236224.6857271,,,,0.0004953638397037818,,,,,0.001,1,16,84x84,PrototypicalNetwork,3,3,BreaKHis_formatted,miniImageNet_SOTA_trainSet,False,5,4000,5,exp1_permuted_src_datasets
276,166.572010359,0.0,1739236225.3685656,,2.6919896602630615,0.4375,,,,,,0.001,1,16,84x84,PrototypicalNetwork,3,3,BreaKHis_formatted,miniImageNet_SOTA_trainSet,False,5,4000,5,exp1_permuted_src_datasets
277,166.572071568,0.0,1739236225.3687968,,,,0.0004952959841539528,,,,,0.001,1,16,84x84,PrototypicalNetwork,3,3,BreaKHis_formatted,miniImageNet_SOTA_trainSet,False,5,4000,5,exp1_permuted_src_datasets
278,167.222515916,0.0,1739236226.0191278,,2.446796417236328,0.4791666567325592,,,,,,0.001,1,16,84x84,PrototypicalNetwork,3,3,BreaKHis_formatted,miniImageNet_SOTA_trainSet,False,5,4000,5,exp1_permuted_src_datasets
279,167.222548865,0.0,1739236226.0193012,,,,0.0004952276427392547,,,,,0.001,1,16,84x84,PrototypicalNetwork,3,3,BreaKHis_formatted,miniImageNet_SOTA_trainSet,False,5,4000,5,exp1_permuted_src_datasets
280,167.883281816,0.0,1739236226.6798975,,2.469209671020508,0.5208333134651184,,,,,,0.001,1,16,84x84,PrototypicalNetwork,3,3,BreaKHis_formatted,miniImageNet_SOTA_trainSet,False,5,4000,5,exp1_permuted_src_datasets
281,167.883319089,0.0,1739236226.6800642,,,,0.0004951588156638775,,,,,0.001,1,16,84x84,PrototypicalNetwork,3,3,BreaKHis_formatted,miniImageNet_SOTA_trainSet,False,5,4000,5,exp1_permuted_src_datasets
282,168.531941644,0.0,1739236227.3284452,,1.8806978464126587,0.6041666865348816,,,,,,0.001,1,16,84x84,PrototypicalNetwork,3,3,BreaKHis_formatted,miniImageNet_SOTA_trainSet,False,5,4000,5,exp1_permuted_src_datasets
283,168.531981491,0.0,1739236227.3287187,,,,0.0004950895031334388,,,,,0.001,1,16,84x84,PrototypicalNetwork,3,3,BreaKHis_formatted,miniImageNet_SOTA_trainSet,False,5,4000,5,exp1_permuted_src_datasets
284,169.22131502,0.0,1739236228.0178852,,2.7804601192474365,0.4791666567325592,,,,,,0.001,1,16,84x84,PrototypicalNetwork,3,3,BreaKHis_formatted,miniImageNet_SOTA_trainSet,False,5,4000,5,exp1_permuted_src_datasets
285,169.221346285,0.0,1739236228.0181155,,,,0.0004950197053549837,,,,,0.001,1,16,84x84,PrototypicalNetwork,3,3,BreaKHis_formatted,miniImageNet_SOTA_trainSet,False,5,4000,5,exp1_permuted_src_datasets
286,169.902060378,0.0,1739236228.6986744,,2.4680168628692627,0.4791666567325592,,,,,,0.001,1,16,84x84,PrototypicalNetwork,3,3,BreaKHis_formatted,miniImageNet_SOTA_trainSet,False,5,4000,5,exp1_permuted_src_datasets
287,169.902098629,0.0,1739236228.6988456,,,,0.0004949494225369834,,,,,0.001,1,16,84x84,PrototypicalNetwork,3,3,BreaKHis_formatted,miniImageNet_SOTA_trainSet,False,5,4000,5,exp1_permuted_src_datasets
288,170.591265868,0.0,1739236229.387886,,1.822728157043457,0.7083333134651184,,,,,,0.001,1,16,84x84,PrototypicalNetwork,3,3,BreaKHis_formatted,miniImageNet_SOTA_trainSet,False,5,4000,5,exp1_permuted_src_datasets
289,170.637197311,0.0,1739236229.388051,,,,0.0004948786548893343,,,,,0.001,1,16,84x84,PrototypicalNetwork,3,3,BreaKHis_formatted,miniImageNet_SOTA_trainSet,False,5,4000,5,exp1_permuted_src_datasets
290,171.801531578,0.0,1739236230.5981028,,1.9907234907150269,0.5625,,,,,,0.001,1,16,84x84,PrototypicalNetwork,3,3,BreaKHis_formatted,miniImageNet_SOTA_trainSet,False,5,4000,5,exp1_permuted_src_datasets
291,171.801559064,0.0,1739236230.5983472,,,,0.0004948074026233566,,,,,0.001,1,16,84x84,PrototypicalNetwork,3,3,BreaKHis_formatted,miniImageNet_SOTA_trainSet,False,5,4000,5,exp1_permuted_src_datasets
292,172.512680953,0.0,1739236231.3093162,,1.862282395362854,0.5625,,,,,,0.001,1,16,84x84,PrototypicalNetwork,3,3,BreaKHis_formatted,miniImageNet_SOTA_trainSet,False,5,4000,5,exp1_permuted_src_datasets
293,172.512707557,0.0,1739236231.3094902,,,,0.0004947356659517935,,,,,0.001,1,16,84x84,PrototypicalNetwork,3,3,BreaKHis_formatted,miniImageNet_SOTA_trainSet,False,5,4000,5,exp1_permuted_src_datasets
294,173.180876673,0.0,1739236231.9774947,,1.6380664110183716,0.6666666865348816,,,,,,0.001,1,16,84x84,PrototypicalNetwork,3,3,BreaKHis_formatted,miniImageNet_SOTA_trainSet,False,5,4000,5,exp1_permuted_src_datasets
295,173.180904922,0.0,1739236231.9776793,,,,0.0004946634450888105,,,,,0.001,1,16,84x84,PrototypicalNetwork,3,3,BreaKHis_formatted,miniImageNet_SOTA_trainSet,False,5,4000,5,exp1_permuted_src_datasets
296,173.861850161,0.0,1739236232.6583233,,1.9281644821166992,0.625,,,,,,0.001,1,16,84x84,PrototypicalNetwork,3,3,BreaKHis_formatted,miniImageNet_SOTA_trainSet,False,5,4000,5,exp1_permuted_src_datasets
297,173.8618988,0.0,1739236232.6585524,,,,0.0004945907402499938,,,,,0.001,1,16,84x84,PrototypicalNetwork,3,3,BreaKHis_formatted,miniImageNet_SOTA_trainSet,False,5,4000,5,exp1_permuted_src_datasets
298,174.534544782,0.0,1739236233.3310962,,1.936750054359436,0.5208333134651184,,,,,,0.001,1,16,84x84,PrototypicalNetwork,3,3,BreaKHis_formatted,miniImageNet_SOTA_trainSet,False,5,4000,5,exp1_permuted_src_datasets
299,174.534599147,0.0,1739236233.3312948,,,,0.0004945175516523492,,,,,0.001,1,16,84x84,PrototypicalNetwork,3,3,BreaKHis_formatted,miniImageNet_SOTA_trainSet,False,5,4000,5,exp1_permuted_src_datasets
300,175.213544408,0.0,1739236234.010216,,2.1747658252716064,0.5416666865348816,,,,,,0.001,1,16,84x84,PrototypicalNetwork,3,3,BreaKHis_formatted,miniImageNet_SOTA_trainSet,False,5,4000,5,exp1_permuted_src_datasets
301,175.213566221,0.0,1739236234.0103617,,,,0.0004944438795143016,,,,,0.001,1,16,84x84,PrototypicalNetwork,3,3,BreaKHis_formatted,miniImageNet_SOTA_trainSet,False,5,4000,5,exp1_permuted_src_datasets
302,175.911830294,0.0,1739236234.7084994,,1.2112840414047241,0.6666666865348816,,,,,,0.001,1,16,84x84,PrototypicalNetwork,3,3,BreaKHis_formatted,miniImageNet_SOTA_trainSet,False,5,4000,5,exp1_permuted_src_datasets
303,175.9118514,0.0,1739236234.7086499,,,,0.0004943697240556932,,,,,0.001,1,16,84x84,PrototypicalNetwork,3,3,BreaKHis_formatted,miniImageNet_SOTA_trainSet,False,5,4000,5,exp1_permuted_src_datasets
304,176.603889195,0.0,1739236235.4004946,,2.1919615268707275,0.4791666567325592,,,,,,0.001,1,16,84x84,PrototypicalNetwork,3,3,BreaKHis_formatted,miniImageNet_SOTA_trainSet,False,5,4000,5,exp1_permuted_src_datasets
305,176.603924057,0.0,1739236235.400667,,,,0.000494295085497783,,,,,0.001,1,16,84x84,PrototypicalNetwork,3,3,BreaKHis_formatted,miniImageNet_SOTA_trainSet,False,5,4000,5,exp1_permuted_src_datasets
306,177.316348583,0.0,1739236236.1129537,,1.9926434755325317,0.5833333134651184,,,,,,0.001,1,16,84x84,PrototypicalNetwork,3,3,BreaKHis_formatted,miniImageNet_SOTA_trainSet,False,5,4000,5,exp1_permuted_src_datasets
307,177.31637863,0.0,1739236236.1131282,,,,0.0004942199640632454,,,,,0.001,1,16,84x84,PrototypicalNetwork,3,3,BreaKHis_formatted,miniImageNet_SOTA_trainSet,False,5,4000,5,exp1_permuted_src_datasets
308,178.039298796,0.0,1739236236.8358436,,1.8109054565429688,0.5416666865348816,,,,,,0.001,1,16,84x84,PrototypicalNetwork,3,3,BreaKHis_formatted,miniImageNet_SOTA_trainSet,False,5,4000,5,exp1_permuted_src_datasets
309,178.039336366,0.0,1739236236.8360806,,,,0.0004941443599761691,,,,,0.001,1,16,84x84,PrototypicalNetwork,3,3,BreaKHis_formatted,miniImageNet_SOTA_trainSet,False,5,4000,5,exp1_permuted_src_datasets
310,178.795060667,0.0,1739236237.5916662,,1.556462287902832,0.4583333432674408,,,,,,0.001,1,16,84x84,PrototypicalNetwork,3,3,BreaKHis_formatted,miniImageNet_SOTA_trainSet,False,5,4000,5,exp1_permuted_src_datasets
311,178.795097014,0.0,1739236237.5918398,,,,0.0004940682734620559,,,,,0.001,1,16,84x84,PrototypicalNetwork,3,3,BreaKHis_formatted,miniImageNet_SOTA_trainSet,False,5,4000,5,exp1_permuted_src_datasets
312,179.506027453,0.0,1739236238.302635,,1.9141263961791992,0.5625,,,,,,0.001,1,16,84x84,PrototypicalNetwork,3,3,BreaKHis_formatted,miniImageNet_SOTA_trainSet,False,5,4000,5,exp1_permuted_src_datasets
313,179.50606619,0.0,1739236238.3028076,,,,0.00049399170474782,,,,,0.001,1,16,84x84,PrototypicalNetwork,3,3,BreaKHis_formatted,miniImageNet_SOTA_trainSet,False,5,4000,5,exp1_permuted_src_datasets
314,180.217962475,0.0,1739236239.0145783,,1.3540953397750854,0.6458333134651184,,,,,,0.001,1,16,84x84,PrototypicalNetwork,3,3,BreaKHis_formatted,miniImageNet_SOTA_trainSet,False,5,4000,5,exp1_permuted_src_datasets
315,180.21799852,0.0,1739236239.0147526,,,,0.0004939146540617864,,,,,0.001,1,16,84x84,PrototypicalNetwork,3,3,BreaKHis_formatted,miniImageNet_SOTA_trainSet,False,5,4000,5,exp1_permuted_src_datasets
316,180.934198535,0.0,1739236239.730818,,1.9556007385253906,0.5625,,,,,,0.001,1,16,84x84,PrototypicalNetwork,3,3,BreaKHis_formatted,miniImageNet_SOTA_trainSet,False,5,4000,5,exp1_permuted_src_datasets
317,180.977201944,0.0,1739236239.7310226,,,,0.00049383712163369,,,,,0.001,1,16,84x84,PrototypicalNetwork,3,3,BreaKHis_formatted,miniImageNet_SOTA_trainSet,False,5,4000,5,exp1_permuted_src_datasets
318,182.074751176,0.0,1739236240.8712268,,2.090808153152466,0.5,,,,,,0.001,1,16,84x84,PrototypicalNetwork,3,3,BreaKHis_formatted,miniImageNet_SOTA_trainSet,False,5,4000,5,exp1_permuted_src_datasets
319,182.074802704,0.0,1739236240.8714745,,,,0.0004937591076946742,,,,,0.001,1,16,84x84,PrototypicalNetwork,3,3,BreaKHis_formatted,miniImageNet_SOTA_trainSet,False,5,4000,5,exp1_permuted_src_datasets
320,182.743764599,0.0,1739236241.5403988,,2.414517402648926,0.4791666567325592,,,,,,0.001,1,16,84x84,PrototypicalNetwork,3,3,BreaKHis_formatted,miniImageNet_SOTA_trainSet,False,5,4000,5,exp1_permuted_src_datasets
321,182.743792059,0.0,1739236241.5405688,,,,0.0004936806124772904,,,,,0.001,1,16,84x84,PrototypicalNetwork,3,3,BreaKHis_formatted,miniImageNet_SOTA_trainSet,False,5,4000,5,exp1_permuted_src_datasets
322,183.434948759,0.0,1739236242.2315419,,1.5495338439941406,0.7083333134651184,,,,,,0.001,1,16,84x84,PrototypicalNetwork,3,3,BreaKHis_formatted,miniImageNet_SOTA_trainSet,False,5,4000,5,exp1_permuted_src_datasets
323,183.434987659,0.0,1739236242.2317274,,,,0.000493601636215496,,,,,0.001,1,16,84x84,PrototypicalNetwork,3,3,BreaKHis_formatted,miniImageNet_SOTA_trainSet,False,5,4000,5,exp1_permuted_src_datasets
324,184.116596294,0.0,1739236242.9131522,,1.8051906824111938,0.5208333134651184,,,,,,0.001,1,16,84x84,PrototypicalNetwork,3,3,BreaKHis_formatted,miniImageNet_SOTA_trainSet,False,5,4000,5,exp1_permuted_src_datasets
325,184.116643594,0.0,1739236242.9133637,,,,0.0004935221791446536,,,,,0.001,1,16,84x84,PrototypicalNetwork,3,3,BreaKHis_formatted,miniImageNet_SOTA_trainSet,False,5,4000,5,exp1_permuted_src_datasets
326,184.790333474,0.0,1739236243.5869212,,1.4455615282058716,0.625,,,,,,0.001,1,16,84x84,PrototypicalNetwork,3,3,BreaKHis_formatted,miniImageNet_SOTA_trainSet,False,5,4000,5,exp1_permuted_src_datasets
327,184.790368038,0.0,1739236243.5871005,,,,0.0004934422415015303,,,,,0.001,1,16,84x84,PrototypicalNetwork,3,3,BreaKHis_formatted,miniImageNet_SOTA_trainSet,False,5,4000,5,exp1_permuted_src_datasets
328,185.443022351,0.0,1739236244.2396135,,1.5638359785079956,0.625,,,,,,0.001,1,16,84x84,PrototypicalNetwork,3,3,BreaKHis_formatted,miniImageNet_SOTA_trainSet,False,5,4000,5,exp1_permuted_src_datasets
329,185.443065473,0.0,1739236244.2397938,,,,0.000493361823524296,,,,,0.001,1,16,84x84,PrototypicalNetwork,3,3,BreaKHis_formatted,miniImageNet_SOTA_trainSet,False,5,4000,5,exp1_permuted_src_datasets
330,186.10686336,0.0,1739236244.9034102,,1.8149127960205078,0.5833333134651184,,,,,,0.001,1,16,84x84,PrototypicalNetwork,3,3,BreaKHis_formatted,miniImageNet_SOTA_trainSet,False,5,4000,5,exp1_permuted_src_datasets
331,186.106904749,0.0,1739236244.9036195,,,,0.0004932809254525217,,,,,0.001,1,16,84x84,PrototypicalNetwork,3,3,BreaKHis_formatted,miniImageNet_SOTA_trainSet,False,5,4000,5,exp1_permuted_src_datasets
332,186.860011789,0.0,1739236245.6566434,,1.3933075666427612,0.6458333134651184,,,,,,0.001,1,16,84x84,PrototypicalNetwork,3,3,BreaKHis_formatted,miniImageNet_SOTA_trainSet,False,5,4000,5,exp1_permuted_src_datasets
333,186.860040111,0.0,1739236245.6568224,,,,0.0004931995475271798,,,,,0.001,1,16,84x84,PrototypicalNetwork,3,3,BreaKHis_formatted,miniImageNet_SOTA_trainSet,False,5,4000,5,exp1_permuted_src_datasets
334,187.576495031,0.0,1739236246.373107,,1.654708981513977,0.5416666865348816,,,,,,0.001,1,16,84x84,PrototypicalNetwork,3,3,BreaKHis_formatted,miniImageNet_SOTA_trainSet,False,5,4000,5,exp1_permuted_src_datasets
335,187.576527814,0.0,1739236246.3732736,,,,0.0004931176899906413,,,,,0.001,1,16,84x84,PrototypicalNetwork,3,3,BreaKHis_formatted,miniImageNet_SOTA_trainSet,False,5,4000,5,exp1_permuted_src_datasets
336,188.296223756,0.0,1739236247.0928383,,2.2446837425231934,0.5833333134651184,,,,,,0.001,1,16,84x84,PrototypicalNetwork,3,3,BreaKHis_formatted,miniImageNet_SOTA_trainSet,False,5,4000,5,exp1_permuted_src_datasets
337,188.29625774,0.0,1739236247.093011,,,,0.0004930353530866758,,,,,0.001,1,16,84x84,PrototypicalNetwork,3,3,BreaKHis_formatted,miniImageNet_SOTA_trainSet,False,5,4000,5,exp1_permuted_src_datasets
338,188.990887626,0.0,1739236247.7874868,,1.8876667022705078,0.5833333134651184,,,,,,0.001,1,16,84x84,PrototypicalNetwork,3,3,BreaKHis_formatted,miniImageNet_SOTA_trainSet,False,5,4000,5,exp1_permuted_src_datasets
339,188.990923016,0.0,1739236247.7876618,,,,0.0004929525370604497,,,,,0.001,1,16,84x84,PrototypicalNetwork,3,3,BreaKHis_formatted,miniImageNet_SOTA_trainSet,False,5,4000,5,exp1_permuted_src_datasets
340,189.685300486,0.0,1739236248.4818952,,1.4625111818313599,0.6458333134651184,,,,,,0.001,1,16,84x84,PrototypicalNetwork,3,3,BreaKHis_formatted,miniImageNet_SOTA_trainSet,False,5,4000,5,exp1_permuted_src_datasets
341,189.685334801,0.0,1739236248.4820836,,,,0.0004928692421585248,,,,,0.001,1,16,84x84,PrototypicalNetwork,3,3,BreaKHis_formatted,miniImageNet_SOTA_trainSet,False,5,4000,5,exp1_permuted_src_datasets
342,190.38277604,0.0,1739236249.179333,,1.704891562461853,0.5208333134651184,,,,,,0.001,1,16,84x84,PrototypicalNetwork,3,3,BreaKHis_formatted,miniImageNet_SOTA_trainSet,False,5,4000,5,exp1_permuted_src_datasets
343,190.382809228,0.0,1739236249.179572,,,,0.000492785468628858,,,,,0.001,1,16,84x84,PrototypicalNetwork,3,3,BreaKHis_formatted,miniImageNet_SOTA_trainSet,False,5,4000,5,exp1_permuted_src_datasets
344,191.285037643,0.0,1739236250.0816512,,1.8520013093948364,0.5625,,,,,,0.001,1,16,84x84,PrototypicalNetwork,3,3,BreaKHis_formatted,miniImageNet_SOTA_trainSet,False,5,4000,5,exp1_permuted_src_datasets
345,191.32920443,0.0,1739236250.0818217,,,,0.0004927012167207988,,,,,0.001,1,16,84x84,PrototypicalNetwork,3,3,BreaKHis_formatted,miniImageNet_SOTA_trainSet,False,5,4000,5,exp1_permuted_src_datasets
346,192.314447249,0.0,1739236251.1110628,,1.8034642934799194,0.5625,,,,,,0.001,1,16,84x84,PrototypicalNetwork,3,3,BreaKHis_formatted,miniImageNet_SOTA_trainSet,False,5,4000,5,exp1_permuted_src_datasets
347,192.314484145,0.0,1739236251.1112509,,,,0.0004926164866850889,,,,,0.001,1,16,84x84,PrototypicalNetwork,3,3,BreaKHis_formatted,miniImageNet_SOTA_trainSet,False,5,4000,5,exp1_permuted_src_datasets
348,193.076414426,0.0,1739236251.8730068,,1.715710997581482,0.5416666865348816,,,,,,0.001,1,16,84x84,PrototypicalNetwork,3,3,BreaKHis_formatted,miniImageNet_SOTA_trainSet,False,5,4000,5,exp1_permuted_src_datasets
349,193.076460066,0.0,1739236251.8731854,,,,0.000492531278773861,,,,,0.001,1,16,84x84,PrototypicalNetwork,3,3,BreaKHis_formatted,miniImageNet_SOTA_trainSet,False,5,4000,5,exp1_permuted_src_datasets
350,193.745769583,0.0,1739236252.542294,,1.4546871185302734,0.625,,,,,,0.001,1,16,84x84,PrototypicalNetwork,3,3,BreaKHis_formatted,miniImageNet_SOTA_trainSet,False,5,4000,5,exp1_permuted_src_datasets
351,193.74581361,0.0,1739236252.5425293,,,,0.0004924455932406372,,,,,0.001,1,16,84x84,PrototypicalNetwork,3,3,BreaKHis_formatted,miniImageNet_SOTA_trainSet,False,5,4000,5,exp1_permuted_src_datasets
352,194.412359424,0.0,1739236253.208934,,1.5504316091537476,0.5416666865348816,,,,,,0.001,1,16,84x84,PrototypicalNetwork,3,3,BreaKHis_formatted,miniImageNet_SOTA_trainSet,False,5,4000,5,exp1_permuted_src_datasets
353,194.412393513,0.0,1739236253.20912,,,,0.0004923594303403275,,,,,0.001,1,16,84x84,PrototypicalNetwork,3,3,BreaKHis_formatted,miniImageNet_SOTA_trainSet,False,5,4000,5,exp1_permuted_src_datasets
354,195.090533874,0.0,1739236253.8870773,,1.533461570739746,0.5833333134651184,,,,,,0.001,1,16,84x84,PrototypicalNetwork,3,3,BreaKHis_formatted,miniImageNet_SOTA_trainSet,False,5,4000,5,exp1_permuted_src_datasets
355,195.090574596,0.0,1739236253.8873286,,,,0.0004922727903292297,,,,,0.001,1,16,84x84,PrototypicalNetwork,3,3,BreaKHis_formatted,miniImageNet_SOTA_trainSet,False,5,4000,5,exp1_permuted_src_datasets
356,195.786964859,0.0,1739236254.5835438,,1.679883599281311,0.5208333134651184,,,,,,0.001,1,16,84x84,PrototypicalNetwork,3,3,BreaKHis_formatted,miniImageNet_SOTA_trainSet,False,5,4000,5,exp1_permuted_src_datasets
357,195.786997903,0.0,1739236254.5837374,,,,0.0004921856734650263,,,,,0.001,1,16,84x84,PrototypicalNetwork,3,3,BreaKHis_formatted,miniImageNet_SOTA_trainSet,False,5,4000,5,exp1_permuted_src_datasets
358,196.443752983,0.0,1739236255.2403622,,1.5073537826538086,0.5625,,,,,,0.001,1,16,84x84,PrototypicalNetwork,3,3,BreaKHis_formatted,miniImageNet_SOTA_trainSet,False,5,4000,5,exp1_permuted_src_datasets
359,196.443812453,0.0,1739236255.2405174,,,,0.0004920980800067851,,,,,0.001,1,16,84x84,PrototypicalNetwork,3,3,BreaKHis_formatted,miniImageNet_SOTA_trainSet,False,5,4000,5,exp1_permuted_src_datasets
360,197.204850485,0.0,1739236256.0014865,,1.6559981107711792,0.4791666567325592,,,,,,0.001,1,16,84x84,PrototypicalNetwork,3,3,BreaKHis_formatted,miniImageNet_SOTA_trainSet,False,5,4000,5,exp1_permuted_src_datasets
361,197.204886269,0.0,1739236256.0016794,,,,0.0004920100102149567,,,,,0.001,1,16,84x84,PrototypicalNetwork,3,3,BreaKHis_formatted,miniImageNet_SOTA_trainSet,False,5,4000,5,exp1_permuted_src_datasets
362,197.903975561,0.0,1739236256.7005298,,1.442137598991394,0.6041666865348816,,,,,,0.001,1,16,84x84,PrototypicalNetwork,3,3,BreaKHis_formatted,miniImageNet_SOTA_trainSet,False,5,4000,5,exp1_permuted_src_datasets
363,197.904013548,0.0,1739236256.7007744,,,,0.0004919214643513734,,,,,0.001,1,16,84x84,PrototypicalNetwork,3,3,BreaKHis_formatted,miniImageNet_SOTA_trainSet,False,5,4000,5,exp1_permuted_src_datasets
364,198.614988829,0.0,1739236257.411537,,0.9259029030799866,0.6666666865348816,,,,,,0.001,1,16,84x84,PrototypicalNetwork,3,3,BreaKHis_formatted,miniImageNet_SOTA_trainSet,False,5,4000,5,exp1_permuted_src_datasets
365,198.61502787,0.0,1739236257.4117758,,,,0.0004918324426792485,,,,,0.001,1,16,84x84,PrototypicalNetwork,3,3,BreaKHis_formatted,miniImageNet_SOTA_trainSet,False,5,4000,5,exp1_permuted_src_datasets
366,199.331397506,0.0,1739236258.1280088,,1.4821686744689941,0.5625,,,,,,0.001,1,16,84x84,PrototypicalNetwork,3,3,BreaKHis_formatted,miniImageNet_SOTA_trainSet,False,5,4000,5,exp1_permuted_src_datasets
367,199.331435212,0.0,1739236258.128184,,,,0.0004917429454631742,,,,,0.001,1,16,84x84,PrototypicalNetwork,3,3,BreaKHis_formatted,miniImageNet_SOTA_trainSet,False,5,4000,5,exp1_permuted_src_datasets
368,200.036637767,0.0,1739236258.8332536,,1.594305157661438,0.6041666865348816,,,,,,0.001,1,16,84x84,PrototypicalNetwork,3,3,BreaKHis_formatted,miniImageNet_SOTA_trainSet,False,5,4000,5,exp1_permuted_src_datasets
369,200.036678986,0.0,1739236258.8334308,,,,0.0004916529729691208,,,,,0.001,1,16,84x84,PrototypicalNetwork,3,3,BreaKHis_formatted,miniImageNet_SOTA_trainSet,False,5,4000,5,exp1_permuted_src_datasets
370,200.741340325,0.0,1739236259.5379105,,1.7596405744552612,0.4583333432674408,,,,,,0.001,1,16,84x84,PrototypicalNetwork,3,3,BreaKHis_formatted,miniImageNet_SOTA_trainSet,False,5,4000,5,exp1_permuted_src_datasets
371,200.785202911,0.0,1739236259.5381382,,,,0.0004915625254644354,,,,,0.001,1,16,84x84,PrototypicalNetwork,3,3,BreaKHis_formatted,miniImageNet_SOTA_trainSet,False,5,4000,5,exp1_permuted_src_datasets
372,201.445615283,0.0,1739236260.2422404,,1.038710117340088,0.625,,,,,,0.001,1,16,84x84,PrototypicalNetwork,3,3,BreaKHis_formatted,miniImageNet_SOTA_trainSet,False,5,4000,5,exp1_permuted_src_datasets
373,201.445650072,0.0,1739236260.242411,,,,0.00049147160321784,,,,,0.001,1,16,84x84,PrototypicalNetwork,3,3,BreaKHis_formatted,miniImageNet_SOTA_trainSet,False,5,4000,5,exp1_permuted_src_datasets
374,202.211939132,0.0,1739236261.0085251,,2.094622850418091,0.4583333432674408,,,,,,0.001,1,16,84x84,PrototypicalNetwork,3,3,BreaKHis_formatted,miniImageNet_SOTA_trainSet,False,5,4000,5,exp1_permuted_src_datasets
375,202.211971426,0.0,1739236261.008745,,,,0.0004913802064994311,,,,,0.001,1,16,84x84,PrototypicalNetwork,3,3,BreaKHis_formatted,miniImageNet_SOTA_trainSet,False,5,4000,5,exp1_permuted_src_datasets
376,202.868429091,0.0,1739236261.6650133,,1.5374618768692017,0.5416666865348816,,,,,,0.001,1,16,84x84,PrototypicalNetwork,3,3,BreaKHis_formatted,miniImageNet_SOTA_trainSet,False,5,4000,5,exp1_permuted_src_datasets
377,202.868459181,0.0,1739236261.6652355,,,,0.0004912883355806775,,,,,0.001,1,16,84x84,PrototypicalNetwork,3,3,BreaKHis_formatted,miniImageNet_SOTA_trainSet,False,5,4000,5,exp1_permuted_src_datasets
378,203.541531911,0.0,1739236262.3381522,,1.1707741022109985,0.6875,,,,,,0.001,1,16,84x84,PrototypicalNetwork,3,3,BreaKHis_formatted,miniImageNet_SOTA_trainSet,False,5,4000,5,exp1_permuted_src_datasets
379,203.541565834,0.0,1739236262.3383164,,,,0.0004911959907344194,,,,,0.001,1,16,84x84,PrototypicalNetwork,3,3,BreaKHis_formatted,miniImageNet_SOTA_trainSet,False,5,4000,5,exp1_permuted_src_datasets
380,204.428291828,0.0,1739236263.2248895,,1.8412765264511108,0.5416666865348816,,,,,,0.001,1,16,84x84,PrototypicalNetwork,3,3,BreaKHis_formatted,miniImageNet_SOTA_trainSet,False,5,4000,5,exp1_permuted_src_datasets
381,204.428314393,0.0,1739236263.2251163,,,,0.000491103172234867,,,,,0.001,1,16,84x84,PrototypicalNetwork,3,3,BreaKHis_formatted,miniImageNet_SOTA_trainSet,False,5,4000,5,exp1_permuted_src_datasets
382,205.131752057,0.0,1739236263.92832,,1.3503913879394531,0.5625,,,,,,0.001,1,16,84x84,PrototypicalNetwork,3,3,BreaKHis_formatted,miniImageNet_SOTA_trainSet,False,5,4000,5,exp1_permuted_src_datasets
383,205.131784434,0.0,1739236263.9285376,,,,0.0004910098803575991,,,,,0.001,1,16,84x84,PrototypicalNetwork,3,3,BreaKHis_formatted,miniImageNet_SOTA_trainSet,False,5,4000,5,exp1_permuted_src_datasets
384,205.836802076,0.0,1739236264.6334035,,1.7919797897338867,0.5208333134651184,,,,,,0.001,1,16,84x84,PrototypicalNetwork,3,3,BreaKHis_formatted,miniImageNet_SOTA_trainSet,False,5,4000,5,exp1_permuted_src_datasets
385,205.836842586,0.0,1739236264.6335785,,,,0.0004909161153795616,,,,,0.001,1,16,84x84,PrototypicalNetwork,3,3,BreaKHis_formatted,miniImageNet_SOTA_trainSet,False,5,4000,5,exp1_permuted_src_datasets
386,206.508355105,0.0,1739236265.304966,,1.5145368576049805,0.5833333134651184,,,,,,0.001,1,16,84x84,PrototypicalNetwork,3,3,BreaKHis_formatted,miniImageNet_SOTA_trainSet,False,5,4000,5,exp1_permuted_src_datasets
387,206.508388075,0.0,1739236265.305143,,,,0.0004908218775790664,,,,,0.001,1,16,84x84,PrototypicalNetwork,3,3,BreaKHis_formatted,miniImageNet_SOTA_trainSet,False,5,4000,5,exp1_permuted_src_datasets
388,207.20839358,0.0,1739236266.0049908,,1.8037205934524536,0.625,,,,,,0.001,1,16,84x84,PrototypicalNetwork,3,3,BreaKHis_formatted,miniImageNet_SOTA_trainSet,False,5,4000,5,exp1_permuted_src_datasets
389,207.208423287,0.0,1739236266.00522,,,,0.0004907271672357898,,,,,0.001,1,16,84x84,PrototypicalNetwork,3,3,BreaKHis_formatted,miniImageNet_SOTA_trainSet,False,5,4000,5,exp1_permuted_src_datasets
390,207.93253893,0.0,1739236266.729101,,1.4643858671188354,0.5833333134651184,,,,,,0.001,1,16,84x84,PrototypicalNetwork,3,3,BreaKHis_formatted,miniImageNet_SOTA_trainSet,False,5,4000,5,exp1_permuted_src_datasets
391,207.932580459,0.0,1739236266.7293386,,,,0.0004906319846307714,,,,,0.001,1,16,84x84,PrototypicalNetwork,3,3,BreaKHis_formatted,miniImageNet_SOTA_trainSet,False,5,4000,5,exp1_permuted_src_datasets
392,208.657808177,0.0,1739236267.454452,,1.3425359725952148,0.625,,,,,,0.001,1,16,84x84,PrototypicalNetwork,3,3,BreaKHis_formatted,miniImageNet_SOTA_trainSet,False,5,4000,5,exp1_permuted_src_datasets
393,208.657833055,0.0,1739236267.4546223,,,,0.0004905363300464124,,,,,0.001,1,16,84x84,PrototypicalNetwork,3,3,BreaKHis_formatted,miniImageNet_SOTA_trainSet,False,5,4000,5,exp1_permuted_src_datasets
394,209.366079754,0.0,1739236268.1627283,,1.0740021467208862,0.625,,,,,,0.001,1,16,84x84,PrototypicalNetwork,3,3,BreaKHis_formatted,miniImageNet_SOTA_trainSet,False,5,4000,5,exp1_permuted_src_datasets
395,209.366107086,0.0,1739236268.1629007,,,,0.000490440203766474,,,,,0.001,1,16,84x84,PrototypicalNetwork,3,3,BreaKHis_formatted,miniImageNet_SOTA_trainSet,False,5,4000,5,exp1_permuted_src_datasets
396,210.091282025,0.0,1739236268.8878746,,1.9968262910842896,0.4375,,,,,,0.001,1,16,84x84,PrototypicalNetwork,3,3,BreaKHis_formatted,miniImageNet_SOTA_trainSet,False,5,4000,5,exp1_permuted_src_datasets
397,210.091312488,0.0,1739236268.888108,,,,0.0004903436060760771,,,,,0.001,1,16,84x84,PrototypicalNetwork,3,3,BreaKHis_formatted,miniImageNet_SOTA_trainSet,False,5,4000,5,exp1_permuted_src_datasets
398,210.823574194,0.0,1739236269.620175,,1.4416526556015015,0.4791666567325592,,,,,,0.001,1,16,84x84,PrototypicalNetwork,3,3,BreaKHis_formatted,miniImageNet_SOTA_trainSet,False,5,4000,5,exp1_permuted_src_datasets
399,210.86920279,0.0,1739236269.6203487,,,,0.0004902465372616993,,,,,0.001,1,16,84x84,PrototypicalNetwork,3,3,BreaKHis_formatted,miniImageNet_SOTA_trainSet,False,5,4000,5,exp1_permuted_src_datasets
400,211.551936111,0.0,1739236270.3485496,,0.8613379597663879,0.7083333134651184,,,,,,0.001,1,16,84x84,PrototypicalNetwork,3,3,BreaKHis_formatted,miniImageNet_SOTA_trainSet,False,5,4000,5,exp1_permuted_src_datasets
401,211.55197424,0.0,1739236270.348722,,,,0.0004901489976111746,,,,,0.001,1,16,84x84,PrototypicalNetwork,3,3,BreaKHis_formatted,miniImageNet_SOTA_trainSet,False,5,4000,5,exp1_permuted_src_datasets
402,212.285705926,0.0,1739236271.0822983,,1.721596360206604,0.5625,,,,,,0.001,1,16,84x84,PrototypicalNetwork,3,3,BreaKHis_formatted,miniImageNet_SOTA_trainSet,False,5,4000,5,exp1_permuted_src_datasets
403,212.285742041,0.0,1739236271.0824835,,,,0.0004900509874136918,,,,,0.001,1,16,84x84,PrototypicalNetwork,3,3,BreaKHis_formatted,miniImageNet_SOTA_trainSet,False,5,4000,5,exp1_permuted_src_datasets
404,212.991012273,0.0,1739236271.7876282,,1.1000480651855469,0.5625,,,,,,0.001,1,16,84x84,PrototypicalNetwork,3,3,BreaKHis_formatted,miniImageNet_SOTA_trainSet,False,5,4000,5,exp1_permuted_src_datasets
405,212.991052339,0.0,1739236271.7878017,,,,0.0004899525069597929,,,,,0.001,1,16,84x84,PrototypicalNetwork,3,3,BreaKHis_formatted,miniImageNet_SOTA_trainSet,False,5,4000,5,exp1_permuted_src_datasets
406,213.680154559,0.0,1739236272.476806,,1.8231892585754395,0.5,,,,,,0.001,1,16,84x84,PrototypicalNetwork,3,3,BreaKHis_formatted,miniImageNet_SOTA_trainSet,False,5,4000,5,exp1_permuted_src_datasets
407,213.680183887,0.0,1739236272.476981,,,,0.0004898535565413715,,,,,0.001,1,16,84x84,PrototypicalNetwork,3,3,BreaKHis_formatted,miniImageNet_SOTA_trainSet,False,5,4000,5,exp1_permuted_src_datasets
408,214.540879533,0.0,1739236273.3374782,,1.3965816497802734,0.5416666865348816,,,,,,0.001,1,16,84x84,PrototypicalNetwork,3,3,BreaKHis_formatted,miniImageNet_SOTA_trainSet,False,5,4000,5,exp1_permuted_src_datasets
409,214.540912051,0.0,1739236273.3376422,,,,0.0004897541364516719,,,,,0.001,1,16,84x84,PrototypicalNetwork,3,3,BreaKHis_formatted,miniImageNet_SOTA_trainSet,False,5,4000,5,exp1_permuted_src_datasets
410,215.24615731,0.0,1739236274.0427492,,1.4875787496566772,0.4791666567325592,,,,,,0.001,1,16,84x84,PrototypicalNetwork,3,3,BreaKHis_formatted,miniImageNet_SOTA_trainSet,False,5,4000,5,exp1_permuted_src_datasets
411,215.246195515,0.0,1739236274.0429304,,,,0.0004896542469852869,,,,,0.001,1,16,84x84,PrototypicalNetwork,3,3,BreaKHis_formatted,miniImageNet_SOTA_trainSet,False,5,4000,5,exp1_permuted_src_datasets
412,215.949140254,0.0,1739236274.7456958,,1.8049569129943848,0.5625,,,,,,0.001,1,16,84x84,PrototypicalNetwork,3,3,BreaKHis_formatted,miniImageNet_SOTA_trainSet,False,5,4000,5,exp1_permuted_src_datasets
413,215.949176353,0.0,1739236274.745926,,,,0.000489553888438157,,,,,0.001,1,16,84x84,PrototypicalNetwork,3,3,BreaKHis_formatted,miniImageNet_SOTA_trainSet,False,5,4000,5,exp1_permuted_src_datasets
414,216.657048174,0.0,1739236275.4536662,,1.279449462890625,0.6041666865348816,,,,,,0.001,1,16,84x84,PrototypicalNetwork,3,3,BreaKHis_formatted,miniImageNet_SOTA_trainSet,False,5,4000,5,exp1_permuted_src_datasets
415,216.657118129,0.0,1739236275.4538405,,,,0.0004894530611075689,,,,,0.001,1,16,84x84,PrototypicalNetwork,3,3,BreaKHis_formatted,miniImageNet_SOTA_trainSet,False,5,4000,5,exp1_permuted_src_datasets
416,217.372041661,0.0,1739236276.1685867,,1.516203761100769,0.5208333134651184,,,,,,0.001,1,16,84x84,PrototypicalNetwork,3,3,BreaKHis_formatted,miniImageNet_SOTA_trainSet,False,5,4000,5,exp1_permuted_src_datasets
417,217.372077386,0.0,1739236276.1687927,,,,0.0004893517652921534,,,,,0.001,1,16,84x84,PrototypicalNetwork,3,3,BreaKHis_formatted,miniImageNet_SOTA_trainSet,False,5,4000,5,exp1_permuted_src_datasets
418,218.073564292,0.0,1739236276.87013,,1.2788654565811157,0.5833333134651184,,,,,,0.001,1,16,84x84,PrototypicalNetwork,3,3,BreaKHis_formatted,miniImageNet_SOTA_trainSet,False,5,4000,5,exp1_permuted_src_datasets
419,218.073603276,0.0,1739236276.8703215,,,,0.0004892500012918847,,,,,0.001,1,16,84x84,PrototypicalNetwork,3,3,BreaKHis_formatted,miniImageNet_SOTA_trainSet,False,5,4000,5,exp1_permuted_src_datasets
420,218.775441083,0.0,1739236277.5720499,,1.5188099145889282,0.625,,,,,,0.001,1,16,84x84,PrototypicalNetwork,3,3,BreaKHis_formatted,miniImageNet_SOTA_trainSet,False,5,4000,5,exp1_permuted_src_datasets
421,218.775471208,0.0,1739236277.572225,,,,0.0004891477694080785,,,,,0.001,1,16,84x84,PrototypicalNetwork,3,3,BreaKHis_formatted,miniImageNet_SOTA_trainSet,False,5,4000,5,exp1_permuted_src_datasets
422,219.487783507,0.0,1739236278.2843642,,1.0485317707061768,0.6458333134651184,,,,,,0.001,1,16,84x84,PrototypicalNetwork,3,3,BreaKHis_formatted,miniImageNet_SOTA_trainSet,False,5,4000,5,exp1_permuted_src_datasets
423,219.487816264,0.0,1739236278.2845933,,,,0.0004890450699433904,,,,,0.001,1,16,84x84,PrototypicalNetwork,3,3,BreaKHis_formatted,miniImageNet_SOTA_trainSet,False,5,4000,5,exp1_permuted_src_datasets
424,220.18232533,0.0,1739236278.9788368,,1.4568438529968262,0.625,,,,,,0.001,1,16,84x84,PrototypicalNetwork,3,3,BreaKHis_formatted,miniImageNet_SOTA_trainSet,False,5,4000,5,exp1_permuted_src_datasets
425,220.182374112,0.0,1739236278.9790516,,,,0.0004889419032018149,,,,,0.001,1,16,84x84,PrototypicalNetwork,3,3,BreaKHis_formatted,miniImageNet_SOTA_trainSet,False,5,4000,5,exp1_permuted_src_datasets
426,220.878677059,0.0,1739236279.675299,,1.1193729639053345,0.5833333134651184,,,,,,0.001,1,16,84x84,PrototypicalNetwork,3,3,BreaKHis_formatted,miniImageNet_SOTA_trainSet,False,5,4000,5,exp1_permuted_src_datasets
427,220.925241504,0.0,1739236279.675456,,,,0.0004888382694886832,,,,,0.001,1,16,84x84,PrototypicalNetwork,3,3,BreaKHis_formatted,miniImageNet_SOTA_trainSet,False,5,4000,5,exp1_permuted_src_datasets
428,221.604096133,0.0,1739236280.4007092,,1.5718631744384766,0.5,,,,,,0.001,1,16,84x84,PrototypicalNetwork,3,3,BreaKHis_formatted,miniImageNet_SOTA_trainSet,False,5,4000,5,exp1_permuted_src_datasets
429,221.604138788,0.0,1739236280.4008863,,,,0.0004887341691106626,,,,,0.001,1,16,84x84,PrototypicalNetwork,3,3,BreaKHis_formatted,miniImageNet_SOTA_trainSet,False,5,4000,5,exp1_permuted_src_datasets
430,222.301416924,0.0,1739236281.0980334,,0.8950884342193604,0.6041666865348816,,,,,,0.001,1,16,84x84,PrototypicalNetwork,3,3,BreaKHis_formatted,miniImageNet_SOTA_trainSet,False,5,4000,5,exp1_permuted_src_datasets
431,222.301453596,0.0,1739236281.0982072,,,,0.0004886296023757543,,,,,0.001,1,16,84x84,PrototypicalNetwork,3,3,BreaKHis_formatted,miniImageNet_SOTA_trainSet,False,5,4000,5,exp1_permuted_src_datasets
432,222.995630589,0.0,1739236281.7922072,,1.9355531930923462,0.4791666567325592,,,,,,0.001,1,16,84x84,PrototypicalNetwork,3,3,BreaKHis_formatted,miniImageNet_SOTA_trainSet,False,5,4000,5,exp1_permuted_src_datasets
433,222.995661478,0.0,1739236281.792444,,,,0.0004885245695932916,,,,,0.001,1,16,84x84,PrototypicalNetwork,3,3,BreaKHis_formatted,miniImageNet_SOTA_trainSet,False,5,4000,5,exp1_permuted_src_datasets
434,223.695744658,0.0,1739236282.4923697,,1.4400019645690918,0.5,,,,,,0.001,1,16,84x84,PrototypicalNetwork,3,3,BreaKHis_formatted,miniImageNet_SOTA_trainSet,False,5,4000,5,exp1_permuted_src_datasets
435,223.695778925,0.0,1739236282.4925456,,,,0.0004884190710739396,,,,,0.001,1,16,84x84,PrototypicalNetwork,3,3,BreaKHis_formatted,miniImageNet_SOTA_trainSet,False,5,4000,5,exp1_permuted_src_datasets
436,224.679230382,0.0,1739236283.4758632,,1.9023152589797974,0.4583333432674408,,,,,,0.001,1,16,84x84,PrototypicalNetwork,3,3,BreaKHis_formatted,miniImageNet_SOTA_trainSet,False,5,4000,5,exp1_permuted_src_datasets
437,224.679258725,0.0,1739236283.4760404,,,,0.0004883131071296925,,,,,0.001,1,16,84x84,PrototypicalNetwork,3,3,BreaKHis_formatted,miniImageNet_SOTA_trainSet,False,5,4000,5,exp1_permuted_src_datasets
438,225.459135355,0.0,1739236284.2557507,,0.9814305305480957,0.6666666865348816,,,,,,0.001,1,16,84x84,PrototypicalNetwork,3,3,BreaKHis_formatted,miniImageNet_SOTA_trainSet,False,5,4000,5,exp1_permuted_src_datasets
439,225.459161127,0.0,1739236284.255941,,,,0.00048820667807387237,,,,,0.001,1,16,84x84,PrototypicalNetwork,3,3,BreaKHis_formatted,miniImageNet_SOTA_trainSet,False,5,4000,5,exp1_permuted_src_datasets
440,226.149789438,0.0,1739236284.9463701,,1.3459299802780151,0.5833333134651184,,,,,,0.001,1,16,84x84,PrototypicalNetwork,3,3,BreaKHis_formatted,miniImageNet_SOTA_trainSet,False,5,4000,5,exp1_permuted_src_datasets
441,226.149843341,0.0,1739236284.9465442,,,,0.00048809978422112795,,,,,0.001,1,16,84x84,PrototypicalNetwork,3,3,BreaKHis_formatted,miniImageNet_SOTA_trainSet,False,5,4000,5,exp1_permuted_src_datasets
442,226.853971656,0.0,1739236285.6506062,,1.5991884469985962,0.5416666865348816,,,,,,0.001,1,16,84x84,PrototypicalNetwork,3,3,BreaKHis_formatted,miniImageNet_SOTA_trainSet,False,5,4000,5,exp1_permuted_src_datasets
443,226.853998568,0.0,1739236285.6507843,,,,0.00048799242588743266,,,,,0.001,1,16,84x84,PrototypicalNetwork,3,3,BreaKHis_formatted,miniImageNet_SOTA_trainSet,False,5,4000,5,exp1_permuted_src_datasets
444,227.543786403,0.0,1739236286.3404481,,0.8923236727714539,0.6458333134651184,,,,,,0.001,1,16,84x84,PrototypicalNetwork,3,3,BreaKHis_formatted,miniImageNet_SOTA_trainSet,False,5,4000,5,exp1_permuted_src_datasets
445,227.543817013,0.0,1739236286.340598,,,,0.00048788460339008346,,,,,0.001,1,16,84x84,PrototypicalNetwork,3,3,BreaKHis_formatted,miniImageNet_SOTA_trainSet,False,5,4000,5,exp1_permuted_src_datasets
446,228.224919898,0.0,1739236287.0215735,,1.656332015991211,0.5416666865348816,,,,,,0.001,1,16,84x84,PrototypicalNetwork,3,3,BreaKHis_formatted,miniImageNet_SOTA_trainSet,False,5,4000,5,exp1_permuted_src_datasets
447,228.2249466,0.0,1739236287.02174,,,,0.0004877763170476989,,,,,0.001,1,16,84x84,PrototypicalNetwork,3,3,BreaKHis_formatted,miniImageNet_SOTA_trainSet,False,5,4000,5,exp1_permuted_src_datasets
448,228.917967067,0.0,1739236287.7145789,,1.0153710842132568,0.6666666865348816,,,,,,0.001,1,16,84x84,PrototypicalNetwork,3,3,BreaKHis_formatted,miniImageNet_SOTA_trainSet,False,5,4000,5,exp1_permuted_src_datasets
449,228.917991132,0.0,1739236287.7148054,,,,0.0004876675671802177,,,,,0.001,1,16,84x84,PrototypicalNetwork,3,3,BreaKHis_formatted,miniImageNet_SOTA_trainSet,False,5,4000,5,exp1_permuted_src_datasets
450,229.571521276,0.0,1739236288.3681455,,1.2184152603149414,0.5625,,,,,,0.001,1,16,84x84,PrototypicalNetwork,3,3,BreaKHis_formatted,miniImageNet_SOTA_trainSet,False,5,4000,5,exp1_permuted_src_datasets
451,229.571553743,0.0,1739236288.368305,,,,0.0004875583541088973,,,,,0.001,1,16,84x84,PrototypicalNetwork,3,3,BreaKHis_formatted,miniImageNet_SOTA_trainSet,False,5,4000,5,exp1_permuted_src_datasets
452,230.263503115,0.0,1739236289.060117,,1.1841157674789429,0.6041666865348816,,,,,,0.001,1,16,84x84,PrototypicalNetwork,3,3,BreaKHis_formatted,miniImageNet_SOTA_trainSet,False,5,4000,5,exp1_permuted_src_datasets
453,230.263537339,0.0,1739236289.060283,,,,0.00048744867815631217,,,,,0.001,1,16,84x84,PrototypicalNetwork,3,3,BreaKHis_formatted,miniImageNet_SOTA_trainSet,False,5,4000,5,exp1_permuted_src_datasets
454,230.908287363,0.0,1739236289.7049258,,1.6662259101867676,0.4375,,,,,,0.001,1,16,84x84,PrototypicalNetwork,3,3,BreaKHis_formatted,miniImageNet_SOTA_trainSet,False,5,4000,5,exp1_permuted_src_datasets
455,230.953187569,0.0,1739236289.7050695,,,,0.00048733853964635205,,,,,0.001,1,16,84x84,PrototypicalNetwork,3,3,BreaKHis_formatted,miniImageNet_SOTA_trainSet,False,5,4000,5,exp1_permuted_src_datasets
456,231.535114229,0.0,1739236290.3317401,,1.181528091430664,0.5625,,,,,,0.001,1,16,84x84,PrototypicalNetwork,3,3,BreaKHis_formatted,miniImageNet_SOTA_trainSet,False,5,4000,5,exp1_permuted_src_datasets
457,231.535150178,0.0,1739236290.3319032,,,,0.0004872279389042208,,,,,0.001,1,16,84x84,PrototypicalNetwork,3,3,BreaKHis_formatted,miniImageNet_SOTA_trainSet,False,5,4000,5,exp1_permuted_src_datasets
458,232.207094223,0.0,1739236291.0037568,,1.0728209018707275,0.625,,,,,,0.001,1,16,84x84,PrototypicalNetwork,3,3,BreaKHis_formatted,miniImageNet_SOTA_trainSet,False,5,4000,5,exp1_permuted_src_datasets
459,232.20712454,0.0,1739236291.0038974,,,,0.0004871168762564344,,,,,0.001,1,16,84x84,PrototypicalNetwork,3,3,BreaKHis_formatted,miniImageNet_SOTA_trainSet,False,5,4000,5,exp1_permuted_src_datasets
460,232.889960576,0.0,1739236291.6865792,,1.4106734991073608,0.5,,,,,,0.001,1,16,84x84,PrototypicalNetwork,3,3,BreaKHis_formatted,miniImageNet_SOTA_trainSet,False,5,4000,5,exp1_permuted_src_datasets
461,232.889993326,0.0,1739236291.686743,,,,0.0004870053520308193,,,,,0.001,1,16,84x84,PrototypicalNetwork,3,3,BreaKHis_formatted,miniImageNet_SOTA_trainSet,False,5,4000,5,exp1_permuted_src_datasets
462,233.77947103,0.0,1739236292.5760114,,1.3779622316360474,0.5,,,,,,0.001,1,16,84x84,PrototypicalNetwork,3,3,BreaKHis_formatted,miniImageNet_SOTA_trainSet,False,5,4000,5,exp1_permuted_src_datasets
463,233.779515066,0.0,1739236292.5762656,,,,0.00048689336655651134,,,,,0.001,1,16,84x84,PrototypicalNetwork,3,3,BreaKHis_formatted,miniImageNet_SOTA_trainSet,False,5,4000,5,exp1_permuted_src_datasets
464,234.558254099,0.0,1739236293.354848,,1.538060188293457,0.4375,,,,,,0.001,1,16,84x84,PrototypicalNetwork,3,3,BreaKHis_formatted,miniImageNet_SOTA_trainSet,False,5,4000,5,exp1_permuted_src_datasets
465,234.558285137,0.0,1739236293.3550837,,,,0.0004867809201639534,,,,,0.001,1,16,84x84,PrototypicalNetwork,3,3,BreaKHis_formatted,miniImageNet_SOTA_trainSet,False,5,4000,5,exp1_permuted_src_datasets
466,235.297156657,0.0,1739236294.0936084,,1.3635398149490356,0.6041666865348816,,,,,,0.001,1,16,84x84,PrototypicalNetwork,3,3,BreaKHis_formatted,miniImageNet_SOTA_trainSet,False,5,4000,5,exp1_permuted_src_datasets
467,235.297203874,0.0,1739236294.0938723,,,,0.0004866680131848945,,,,,0.001,1,16,84x84,PrototypicalNetwork,3,3,BreaKHis_formatted,miniImageNet_SOTA_trainSet,False,5,4000,5,exp1_permuted_src_datasets
468,236.026092768,0.0,1739236294.8226974,,1.2247599363327026,0.5833333134651184,,,,,,0.001,1,16,84x84,PrototypicalNetwork,3,3,BreaKHis_formatted,miniImageNet_SOTA_trainSet,False,5,4000,5,exp1_permuted_src_datasets
469,236.026133719,0.0,1739236294.8228686,,,,0.00048655464595238765,,,,,0.001,1,16,84x84,PrototypicalNetwork,3,3,BreaKHis_formatted,miniImageNet_SOTA_trainSet,False,5,4000,5,exp1_permuted_src_datasets
470,236.754941759,0.0,1739236295.5515544,,1.237221598625183,0.6041666865348816,,,,,,0.001,1,16,84x84,PrototypicalNetwork,3,3,BreaKHis_formatted,miniImageNet_SOTA_trainSet,False,5,4000,5,exp1_permuted_src_datasets
471,236.754971736,0.0,1739236295.5517232,,,,0.0004864408188007882,,,,,0.001,1,16,84x84,PrototypicalNetwork,3,3,BreaKHis_formatted,miniImageNet_SOTA_trainSet,False,5,4000,5,exp1_permuted_src_datasets
472,237.467090853,0.0,1739236296.2637079,,1.4638310670852661,0.4791666567325592,,,,,,0.001,1,16,84x84,PrototypicalNetwork,3,3,BreaKHis_formatted,miniImageNet_SOTA_trainSet,False,5,4000,5,exp1_permuted_src_datasets
473,237.46712031,0.0,1739236296.2638693,,,,0.00048632653206575276,,,,,0.001,1,16,84x84,PrototypicalNetwork,3,3,BreaKHis_formatted,miniImageNet_SOTA_trainSet,False,5,4000,5,exp1_permuted_src_datasets
474,238.134672338,0.0,1739236296.9313314,,1.623285174369812,0.5,,,,,,0.001,1,16,84x84,PrototypicalNetwork,3,3,BreaKHis_formatted,miniImageNet_SOTA_trainSet,False,5,4000,5,exp1_permuted_src_datasets
475,238.134704704,0.0,1739236296.9315047,,,,0.00048621178608423694,,,,,0.001,1,16,84x84,PrototypicalNetwork,3,3,BreaKHis_formatted,miniImageNet_SOTA_trainSet,False,5,4000,5,exp1_permuted_src_datasets
476,238.826011272,0.0,1739236297.6226094,,0.9047160148620605,0.6458333134651184,,,,,,0.001,1,16,84x84,PrototypicalNetwork,3,3,BreaKHis_formatted,miniImageNet_SOTA_trainSet,False,5,4000,5,exp1_permuted_src_datasets
477,238.826046104,0.0,1739236297.6227942,,,,0.00048609658119449383,,,,,0.001,1,16,84x84,PrototypicalNetwork,3,3,BreaKHis_formatted,miniImageNet_SOTA_trainSet,False,5,4000,5,exp1_permuted_src_datasets
478,239.50014606,0.0,1739236298.2967591,,1.1924748420715332,0.625,,,,,,0.001,1,16,84x84,PrototypicalNetwork,3,3,BreaKHis_formatted,miniImageNet_SOTA_trainSet,False,5,4000,5,exp1_permuted_src_datasets
479,239.500180083,0.0,1739236298.2969272,,,,0.0004859809177360727,,,,,0.001,1,16,84x84,PrototypicalNetwork,3,3,BreaKHis_formatted,miniImageNet_SOTA_trainSet,False,5,4000,5,exp1_permuted_src_datasets
480,240.165730057,0.0,1739236298.962347,,1.3010257482528687,0.5416666865348816,,,,,,0.001,1,16,84x84,PrototypicalNetwork,3,3,BreaKHis_formatted,miniImageNet_SOTA_trainSet,False,5,4000,5,exp1_permuted_src_datasets
481,240.16577005,0.0,1739236298.9625146,,,,0.00048586479604981674,,,,,0.001,1,16,84x84,PrototypicalNetwork,3,3,BreaKHis_formatted,miniImageNet_SOTA_trainSet,False,5,4000,5,exp1_permuted_src_datasets
482,240.827765819,0.0,1739236299.624385,,1.0820618867874146,0.6875,,,,,,0.001,1,16,84x84,PrototypicalNetwork,3,3,BreaKHis_formatted,miniImageNet_SOTA_trainSet,False,5,4000,5,exp1_permuted_src_datasets
483,240.869146461,0.0,1739236299.6245463,,,,0.00048574821647786204,,,,,0.001,1,16,84x84,PrototypicalNetwork,3,3,BreaKHis_formatted,miniImageNet_SOTA_trainSet,False,5,4000,5,exp1_permuted_src_datasets
484,241.493586029,0.0,1739236300.2902088,,1.3220242261886597,0.5625,,,,,,0.001,1,16,84x84,PrototypicalNetwork,3,3,BreaKHis_formatted,miniImageNet_SOTA_trainSet,False,5,4000,5,exp1_permuted_src_datasets
485,241.493616406,0.0,1739236300.2903733,,,,0.0004856311793636354,,,,,0.001,1,16,84x84,PrototypicalNetwork,3,3,BreaKHis_formatted,miniImageNet_SOTA_trainSet,False,5,4000,5,exp1_permuted_src_datasets
486,242.152536714,0.0,1739236300.9491856,,1.2282507419586182,0.6458333134651184,,,,,,0.001,1,16,84x84,PrototypicalNetwork,3,3,BreaKHis_formatted,miniImageNet_SOTA_trainSet,False,5,4000,5,exp1_permuted_src_datasets
487,242.152568888,0.0,1739236300.9493365,,,,0.00048551368505185283,,,,,0.001,1,16,84x84,PrototypicalNetwork,3,3,BreaKHis_formatted,miniImageNet_SOTA_trainSet,False,5,4000,5,exp1_permuted_src_datasets
488,242.833093664,0.0,1739236301.6296425,,1.2039529085159302,0.5416666865348816,,,,,,0.001,1,16,84x84,PrototypicalNetwork,3,3,BreaKHis_formatted,miniImageNet_SOTA_trainSet,False,5,4000,5,exp1_permuted_src_datasets
489,242.833125694,0.0,1739236301.6298823,,,,0.00048539573388851795,,,,,0.001,1,16,84x84,PrototypicalNetwork,3,3,BreaKHis_formatted,miniImageNet_SOTA_trainSet,False,5,4000,5,exp1_permuted_src_datasets
490,243.784187215,0.0,1739236302.5807314,,1.425527572631836,0.4791666567325592,,,,,,0.001,1,16,84x84,PrototypicalNetwork,3,3,BreaKHis_formatted,miniImageNet_SOTA_trainSet,False,5,4000,5,exp1_permuted_src_datasets
491,243.78421794,0.0,1739236302.5809698,,,,0.00048527732622092006,,,,,0.001,1,16,84x84,PrototypicalNetwork,3,3,BreaKHis_formatted,miniImageNet_SOTA_trainSet,False,5,4000,5,exp1_permuted_src_datasets
492,244.492768859,0.0,1739236303.2893708,,1.0360686779022217,0.6458333134651184,,,,,,0.001,1,16,84x84,PrototypicalNetwork,3,3,BreaKHis_formatted,miniImageNet_SOTA_trainSet,False,5,4000,5,exp1_permuted_src_datasets
493,244.492800383,0.0,1739236303.2895463,,,,0.0004851584623976326,,,,,0.001,1,16,84x84,PrototypicalNetwork,3,3,BreaKHis_formatted,miniImageNet_SOTA_trainSet,False,5,4000,5,exp1_permuted_src_datasets
494,245.194033401,0.0,1739236303.9905875,,1.9218112230300903,0.4375,,,,,,0.001,1,16,84x84,PrototypicalNetwork,3,3,BreaKHis_formatted,miniImageNet_SOTA_trainSet,False,5,4000,5,exp1_permuted_src_datasets
495,245.194074279,0.0,1739236303.9908276,,,,0.0004850391427685116,,,,,0.001,1,16,84x84,PrototypicalNetwork,3,3,BreaKHis_formatted,miniImageNet_SOTA_trainSet,False,5,4000,5,exp1_permuted_src_datasets
496,245.918371534,0.0,1739236304.7149053,,1.070695161819458,0.5625,,,,,,0.001,1,16,84x84,PrototypicalNetwork,3,3,BreaKHis_formatted,miniImageNet_SOTA_trainSet,False,5,4000,5,exp1_permuted_src_datasets
497,245.918407015,0.0,1739236304.7151504,,,,0.0004849193676846934,,,,,0.001,1,16,84x84,PrototypicalNetwork,3,3,BreaKHis_formatted,miniImageNet_SOTA_trainSet,False,5,4000,5,exp1_permuted_src_datasets
498,246.667134283,0.0,1739236305.4637954,,1.4653609991073608,0.5,,,,,,0.001,1,16,84x84,PrototypicalNetwork,3,3,BreaKHis_formatted,miniImageNet_SOTA_trainSet,False,5,4000,5,exp1_permuted_src_datasets
499,246.667170976,0.0,1739236305.4639413,,,,0.00048479913749859373,,,,,0.001,1,16,84x84,PrototypicalNetwork,3,3,BreaKHis_formatted,miniImageNet_SOTA_trainSet,False,5,4000,5,exp1_permuted_src_datasets
500,247.412230458,0.0,1739236306.2088602,,1.2791002988815308,0.5416666865348816,,,,,,0.001,1,16,84x84,PrototypicalNetwork,3,3,BreaKHis_formatted,miniImageNet_SOTA_trainSet,False,5,4000,5,exp1_permuted_src_datasets
501,247.41226416,0.0,1739236306.2090187,,,,0.00048467845256390535,,,,,0.001,1,16,84x84,PrototypicalNetwork,3,3,BreaKHis_formatted,miniImageNet_SOTA_trainSet,False,5,4000,5,exp1_permuted_src_datasets
502,529.374892755,0.0,1739236588.1716692,,,,,0.5240833330154419,,,,0.001,1,16,84x84,PrototypicalNetwork,3,3,BreaKHis_formatted,miniImageNet_SOTA_trainSet,False,5,4000,5,exp1_permuted_src_datasets
503,814.469279525,0.0,1739236873.2228296,,,,,,0.5154166663885117,,,0.001,1,16,84x84,PrototypicalNetwork,3,3,BreaKHis_formatted,miniImageNet_SOTA_trainSet,False,5,4000,5,exp1_permuted_src_datasets
504,814.469341999,0.0,1739236873.2620022,,,,,,,0.28328028321266174,0.9166666865348816,0.001,1,16,84x84,PrototypicalNetwork,3,3,BreaKHis_formatted,miniImageNet_SOTA_trainSet,False,5,4000,5,exp1_permuted_src_datasets
505,814.507600331,0.0,1739236873.3042128,,,,,,,0.10031917691230774,0.9583333134651184,0.001,1,16,84x84,PrototypicalNetwork,3,3,BreaKHis_formatted,miniImageNet_SOTA_trainSet,False,5,4000,5,exp1_permuted_src_datasets
506,814.548574856,0.0,1739236873.3452094,,,,,,,0.0702076107263565,0.9791666865348816,0.001,1,16,84x84,PrototypicalNetwork,3,3,BreaKHis_formatted,miniImageNet_SOTA_trainSet,False,5,4000,5,exp1_permuted_src_datasets
507,814.591752477,0.0,1739236873.3883994,,,,,,,0.04079257324337959,1.0,0.001,1,16,84x84,PrototypicalNetwork,3,3,BreaKHis_formatted,miniImageNet_SOTA_trainSet,False,5,4000,5,exp1_permuted_src_datasets
508,814.635046906,0.0,1739236873.43168,,,,,,,0.01652199774980545,1.0,0.001,1,16,84x84,PrototypicalNetwork,3,3,BreaKHis_formatted,miniImageNet_SOTA_trainSet,False,5,4000,5,exp1_permuted_src_datasets
509,814.676737596,0.0,1739236873.473357,,,,,,,0.01746339164674282,1.0,0.001,1,16,84x84,PrototypicalNetwork,3,3,BreaKHis_formatted,miniImageNet_SOTA_trainSet,False,5,4000,5,exp1_permuted_src_datasets
510,814.716988474,0.0,1739236873.513623,,,,,,,0.006083134561777115,1.0,0.001,1,16,84x84,PrototypicalNetwork,3,3,BreaKHis_formatted,miniImageNet_SOTA_trainSet,False,5,4000,5,exp1_permuted_src_datasets
511,814.76702351,0.0,1739236873.5635965,,,,,,,0.009544361382722855,1.0,0.001,1,16,84x84,PrototypicalNetwork,3,3,BreaKHis_formatted,miniImageNet_SOTA_trainSet,False,5,4000,5,exp1_permuted_src_datasets
512,814.810075211,0.0,1739236873.6066961,,,,,,,0.01815757155418396,1.0,0.001,1,16,84x84,PrototypicalNetwork,3,3,BreaKHis_formatted,miniImageNet_SOTA_trainSet,False,5,4000,5,exp1_permuted_src_datasets
513,814.857296749,0.0,1739236873.6539552,,,,,,,0.004516093526035547,1.0,0.001,1,16,84x84,PrototypicalNetwork,3,3,BreaKHis_formatted,miniImageNet_SOTA_trainSet,False,5,4000,5,exp1_permuted_src_datasets
514,814.904468978,0.0,1739236873.701143,,,,,,,0.008362588472664356,1.0,0.001,1,16,84x84,PrototypicalNetwork,3,3,BreaKHis_formatted,miniImageNet_SOTA_trainSet,False,5,4000,5,exp1_permuted_src_datasets
515,814.957539336,0.0,1739236873.7541401,,,,,,,0.014441926032304764,1.0,0.001,1,16,84x84,PrototypicalNetwork,3,3,BreaKHis_formatted,miniImageNet_SOTA_trainSet,False,5,4000,5,exp1_permuted_src_datasets
516,815.023831796,0.0,1739236873.8204467,,,,,,,0.011970598250627518,1.0,0.001,1,16,84x84,PrototypicalNetwork,3,3,BreaKHis_formatted,miniImageNet_SOTA_trainSet,False,5,4000,5,exp1_permuted_src_datasets
517,815.088311384,0.0,1739236873.8849213,,,,,,,0.001648551202379167,1.0,0.001,1,16,84x84,PrototypicalNetwork,3,3,BreaKHis_formatted,miniImageNet_SOTA_trainSet,False,5,4000,5,exp1_permuted_src_datasets
518,815.137981806,0.0,1739236873.9345388,,,,,,,0.0011280759936198592,1.0,0.001,1,16,84x84,PrototypicalNetwork,3,3,BreaKHis_formatted,miniImageNet_SOTA_trainSet,False,5,4000,5,exp1_permuted_src_datasets
519,815.211877541,0.0,1739236874.0084045,,,,,,,0.0022662098053842783,1.0,0.001,1,16,84x84,PrototypicalNetwork,3,3,BreaKHis_formatted,miniImageNet_SOTA_trainSet,False,5,4000,5,exp1_permuted_src_datasets
520,815.275478314,0.0,1739236874.0720448,,,,,,,0.0009301234968006611,1.0,0.001,1,16,84x84,PrototypicalNetwork,3,3,BreaKHis_formatted,miniImageNet_SOTA_trainSet,False,5,4000,5,exp1_permuted_src_datasets
521,815.322773095,0.0,1739236874.1194012,,,,,,,0.0016312332591041923,1.0,0.001,1,16,84x84,PrototypicalNetwork,3,3,BreaKHis_formatted,miniImageNet_SOTA_trainSet,False,5,4000,5,exp1_permuted_src_datasets
522,815.365359734,0.0,1739236874.161972,,,,,,,9.681283700047061e-05,1.0,0.001,1,16,84x84,PrototypicalNetwork,3,3,BreaKHis_formatted,miniImageNet_SOTA_trainSet,False,5,4000,5,exp1_permuted_src_datasets
523,815.417886434,0.0,1739236874.2145243,,,,,,,0.0001557623181724921,1.0,0.001,1,16,84x84,PrototypicalNetwork,3,3,BreaKHis_formatted,miniImageNet_SOTA_trainSet,False,5,4000,5,exp1_permuted_src_datasets
524,815.471967233,0.0,1739236874.268586,,,,,,,0.0008270128164440393,1.0,0.001,1,16,84x84,PrototypicalNetwork,3,3,BreaKHis_formatted,miniImageNet_SOTA_trainSet,False,5,4000,5,exp1_permuted_src_datasets
525,815.515153996,0.0,1739236874.311762,,,,,,,0.0012778794625774026,1.0,0.001,1,16,84x84,PrototypicalNetwork,3,3,BreaKHis_formatted,miniImageNet_SOTA_trainSet,False,5,4000,5,exp1_permuted_src_datasets
526,815.558279547,0.0,1739236874.3548245,,,,,,,0.0002629102673381567,1.0,0.001,1,16,84x84,PrototypicalNetwork,3,3,BreaKHis_formatted,miniImageNet_SOTA_trainSet,False,5,4000,5,exp1_permuted_src_datasets
527,815.60552923,0.0,1739236874.4021182,,,,,,,0.004098835866898298,1.0,0.001,1,16,84x84,PrototypicalNetwork,3,3,BreaKHis_formatted,miniImageNet_SOTA_trainSet,False,5,4000,5,exp1_permuted_src_datasets
528,815.658154181,0.0,1739236874.454759,,,,,,,0.00697460537776351,1.0,0.001,1,16,84x84,PrototypicalNetwork,3,3,BreaKHis_formatted,miniImageNet_SOTA_trainSet,False,5,4000,5,exp1_permuted_src_datasets
529,815.716606425,0.0,1739236874.5131843,,,,,,,0.00010175359057029709,1.0,0.001,1,16,84x84,PrototypicalNetwork,3,3,BreaKHis_formatted,miniImageNet_SOTA_trainSet,False,5,4000,5,exp1_permuted_src_datasets
530,815.777283266,0.0,1739236874.5739057,,,,,,,0.000955942552536726,1.0,0.001,1,16,84x84,PrototypicalNetwork,3,3,BreaKHis_formatted,miniImageNet_SOTA_trainSet,False,5,4000,5,exp1_permuted_src_datasets
531,815.819165746,0.0,1739236874.6157987,,,,,,,7.121369708329439e-05,1.0,0.001,1,16,84x84,PrototypicalNetwork,3,3,BreaKHis_formatted,miniImageNet_SOTA_trainSet,False,5,4000,5,exp1_permuted_src_datasets
532,815.870269312,0.0,1739236874.6668787,,,,,,,0.00017344747902825475,1.0,0.001,1,16,84x84,PrototypicalNetwork,3,3,BreaKHis_formatted,miniImageNet_SOTA_trainSet,False,5,4000,5,exp1_permuted_src_datasets
533,815.918069143,0.0,1739236874.714775,,,,,,,0.0001353643456241116,1.0,0.001,1,16,84x84,PrototypicalNetwork,3,3,BreaKHis_formatted,miniImageNet_SOTA_trainSet,False,5,4000,5,exp1_permuted_src_datasets
534,815.969248325,0.0,1739236874.7658553,,,,,,,0.00011843848187709227,1.0,0.001,1,16,84x84,PrototypicalNetwork,3,3,BreaKHis_formatted,miniImageNet_SOTA_trainSet,False,5,4000,5,exp1_permuted_src_datasets
535,816.023430861,0.0,1739236874.8200347,,,,,,,0.0005464560817927122,1.0,0.001,1,16,84x84,PrototypicalNetwork,3,3,BreaKHis_formatted,miniImageNet_SOTA_trainSet,False,5,4000,5,exp1_permuted_src_datasets
536,816.065794765,0.0,1739236874.86248,,,,,,,7.435891166096553e-05,1.0,0.001,1,16,84x84,PrototypicalNetwork,3,3,BreaKHis_formatted,miniImageNet_SOTA_trainSet,False,5,4000,5,exp1_permuted_src_datasets
537,816.1103914,0.0,1739236874.9070115,,,,,,,0.0005214724806137383,1.0,0.001,1,16,84x84,PrototypicalNetwork,3,3,BreaKHis_formatted,miniImageNet_SOTA_trainSet,False,5,4000,5,exp1_permuted_src_datasets
538,816.15193708,0.0,1739236874.9485943,,,,,,,0.00017578898405190557,1.0,0.001,1,16,84x84,PrototypicalNetwork,3,3,BreaKHis_formatted,miniImageNet_SOTA_trainSet,False,5,4000,5,exp1_permuted_src_datasets
539,816.198892912,0.0,1739236874.9955287,,,,,,,0.0003936557041015476,1.0,0.001,1,16,84x84,PrototypicalNetwork,3,3,BreaKHis_formatted,miniImageNet_SOTA_trainSet,False,5,4000,5,exp1_permuted_src_datasets
540,816.247587844,0.0,1739236875.0442228,,,,,,,6.075956116546877e-05,1.0,0.001,1,16,84x84,PrototypicalNetwork,3,3,BreaKHis_formatted,miniImageNet_SOTA_trainSet,False,5,4000,5,exp1_permuted_src_datasets
541,816.302679608,0.0,1739236875.09931,,,,,,,3.378238034201786e-05,1.0,0.001,1,16,84x84,PrototypicalNetwork,3,3,BreaKHis_formatted,miniImageNet_SOTA_trainSet,False,5,4000,5,exp1_permuted_src_datasets
542,816.340863973,0.0,1739236875.1375082,,,,,,,0.0006247399724088609,1.0,0.001,1,16,84x84,PrototypicalNetwork,3,3,BreaKHis_formatted,miniImageNet_SOTA_trainSet,False,5,4000,5,exp1_permuted_src_datasets
543,816.386281861,0.0,1739236875.18277,,,,,,,0.00020095122454222292,1.0,0.001,1,16,84x84,PrototypicalNetwork,3,3,BreaKHis_formatted,miniImageNet_SOTA_trainSet,False,5,4000,5,exp1_permuted_src_datasets
544,816.430636465,0.0,1739236875.2272737,,,,,,,0.00034692324697971344,1.0,0.001,1,16,84x84,PrototypicalNetwork,3,3,BreaKHis_formatted,miniImageNet_SOTA_trainSet,False,5,4000,5,exp1_permuted_src_datasets
545,816.468900101,0.0,1739236875.2655504,,,,,,,0.00029110032483004034,1.0,0.001,1,16,84x84,PrototypicalNetwork,3,3,BreaKHis_formatted,miniImageNet_SOTA_trainSet,False,5,4000,5,exp1_permuted_src_datasets
546,816.513330076,0.0,1739236875.3099058,,,,,,,0.0003112287085969001,1.0,0.001,1,16,84x84,PrototypicalNetwork,3,3,BreaKHis_formatted,miniImageNet_SOTA_trainSet,False,5,4000,5,exp1_permuted_src_datasets
547,816.558367448,0.0,1739236875.3549125,,,,,,,0.000419177464209497,1.0,0.001,1,16,84x84,PrototypicalNetwork,3,3,BreaKHis_formatted,miniImageNet_SOTA_trainSet,False,5,4000,5,exp1_permuted_src_datasets
548,816.603337744,0.0,1739236875.3999982,,,,,,,6.552288687089458e-05,1.0,0.001,1,16,84x84,PrototypicalNetwork,3,3,BreaKHis_formatted,miniImageNet_SOTA_trainSet,False,5,4000,5,exp1_permuted_src_datasets
549,816.661449143,0.0,1739236875.4581146,,,,,,,0.0003221157530788332,1.0,0.001,1,16,84x84,PrototypicalNetwork,3,3,BreaKHis_formatted,miniImageNet_SOTA_trainSet,False,5,4000,5,exp1_permuted_src_datasets
550,816.70265814,0.0,1739236875.499338,,,,,,,0.00030229557887651026,1.0,0.001,1,16,84x84,PrototypicalNetwork,3,3,BreaKHis_formatted,miniImageNet_SOTA_trainSet,False,5,4000,5,exp1_permuted_src_datasets
551,816.749879922,0.0,1739236875.5464017,,,,,,,3.7768531910842285e-05,1.0,0.001,1,16,84x84,PrototypicalNetwork,3,3,BreaKHis_formatted,miniImageNet_SOTA_trainSet,False,5,4000,5,exp1_permuted_src_datasets
552,816.792429421,0.0,1739236875.589038,,,,,,,3.987612944911234e-05,1.0,0.001,1,16,84x84,PrototypicalNetwork,3,3,BreaKHis_formatted,miniImageNet_SOTA_trainSet,False,5,4000,5,exp1_permuted_src_datasets
553,816.833761278,0.0,1739236875.630346,,,,,,,0.001574797905050218,1.0,0.001,1,16,84x84,PrototypicalNetwork,3,3,BreaKHis_formatted,miniImageNet_SOTA_trainSet,False,5,4000,5,exp1_permuted_src_datasets
554,816.883557873,0.0,1739236875.680201,,,,,,,0.00044978843652643263,1.0,0.001,1,16,84x84,PrototypicalNetwork,3,3,BreaKHis_formatted,miniImageNet_SOTA_trainSet,False,5,4000,5,exp1_permuted_src_datasets
555,816.933986431,0.0,1739236875.7306056,,,,,,,7.476834434783086e-05,1.0,0.001,1,16,84x84,PrototypicalNetwork,3,3,BreaKHis_formatted,miniImageNet_SOTA_trainSet,False,5,4000,5,exp1_permuted_src_datasets
556,816.978182662,0.0,1739236875.7748206,,,,,,,0.0003918693109881133,1.0,0.001,1,16,84x84,PrototypicalNetwork,3,3,BreaKHis_formatted,miniImageNet_SOTA_trainSet,False,5,4000,5,exp1_permuted_src_datasets
557,817.018919657,0.0,1739236875.815489,,,,,,,0.0006643086089752614,1.0,0.001,1,16,84x84,PrototypicalNetwork,3,3,BreaKHis_formatted,miniImageNet_SOTA_trainSet,False,5,4000,5,exp1_permuted_src_datasets
558,817.059538619,0.0,1739236875.8561842,,,,,,,0.00045971202780492604,1.0,0.001,1,16,84x84,PrototypicalNetwork,3,3,BreaKHis_formatted,miniImageNet_SOTA_trainSet,False,5,4000,5,exp1_permuted_src_datasets
559,817.100661932,0.0,1739236875.8972974,,,,,,,3.051235580642242e-05,1.0,0.001,1,16,84x84,PrototypicalNetwork,3,3,BreaKHis_formatted,miniImageNet_SOTA_trainSet,False,5,4000,5,exp1_permuted_src_datasets
560,817.1547529,0.0,1739236875.9513612,,,,,,,0.00026018984499387443,1.0,0.001,1,16,84x84,PrototypicalNetwork,3,3,BreaKHis_formatted,miniImageNet_SOTA_trainSet,False,5,4000,5,exp1_permuted_src_datasets
561,817.19674252,0.0,1739236875.993352,,,,,,,2.5931325581041165e-05,1.0,0.001,1,16,84x84,PrototypicalNetwork,3,3,BreaKHis_formatted,miniImageNet_SOTA_trainSet,False,5,4000,5,exp1_permuted_src_datasets
562,817.252784579,0.0,1739236876.0494218,,,,,,,0.0002622161409817636,1.0,0.001,1,16,84x84,PrototypicalNetwork,3,3,BreaKHis_formatted,miniImageNet_SOTA_trainSet,False,5,4000,5,exp1_permuted_src_datasets
563,817.299391909,0.0,1739236876.0960214,,,,,,,0.0004355910059530288,1.0,0.001,1,16,84x84,PrototypicalNetwork,3,3,BreaKHis_formatted,miniImageNet_SOTA_trainSet,False,5,4000,5,exp1_permuted_src_datasets
564,817.376114891,0.0,1739236876.1727226,,,,,,,3.975096115027554e-05,1.0,0.001,1,16,84x84,PrototypicalNetwork,3,3,BreaKHis_formatted,miniImageNet_SOTA_trainSet,False,5,4000,5,exp1_permuted_src_datasets
565,817.435870492,0.0,1739236876.2325013,,,,,,,5.051670814282261e-05,1.0,0.001,1,16,84x84,PrototypicalNetwork,3,3,BreaKHis_formatted,miniImageNet_SOTA_trainSet,False,5,4000,5,exp1_permuted_src_datasets
566,1097.322178916,0.0,1739237156.1189733,,,,,,0.523249997496605,,,0.001,1,16,84x84,PrototypicalNetwork,3,3,BreaKHis_formatted,miniImageNet_SOTA_trainSet,False,5,4000,5,exp1_permuted_src_datasets
567,1097.36186528,0.0,1739237156.1585045,,,,,,,4.801024260814302e-05,1.0,0.001,1,16,84x84,PrototypicalNetwork,3,3,BreaKHis_formatted,miniImageNet_SOTA_trainSet,False,5,4000,5,exp1_permuted_src_datasets
568,1097.401912413,0.0,1739237156.198529,,,,,,,0.0009373763459734619,1.0,0.001,1,16,84x84,PrototypicalNetwork,3,3,BreaKHis_formatted,miniImageNet_SOTA_trainSet,False,5,4000,5,exp1_permuted_src_datasets
569,1097.44488055,0.0,1739237156.2415006,,,,,,,9.65702929534018e-05,1.0,0.001,1,16,84x84,PrototypicalNetwork,3,3,BreaKHis_formatted,miniImageNet_SOTA_trainSet,False,5,4000,5,exp1_permuted_src_datasets
570,1097.49084676,0.0,1739237156.2874997,,,,,,,2.2312944565783255e-05,1.0,0.001,1,16,84x84,PrototypicalNetwork,3,3,BreaKHis_formatted,miniImageNet_SOTA_trainSet,False,5,4000,5,exp1_permuted_src_datasets
571,1097.53008145,0.0,1739237156.326744,,,,,,,4.426356827025302e-05,1.0,0.001,1,16,84x84,PrototypicalNetwork,3,3,BreaKHis_formatted,miniImageNet_SOTA_trainSet,False,5,4000,5,exp1_permuted_src_datasets
572,1097.580856331,0.0,1739237156.377462,,,,,,,5.318301191437058e-05,1.0,0.001,1,16,84x84,PrototypicalNetwork,3,3,BreaKHis_formatted,miniImageNet_SOTA_trainSet,False,5,4000,5,exp1_permuted_src_datasets
573,1097.644478629,0.0,1739237156.4410346,,,,,,,4.693819209933281e-05,1.0,0.001,1,16,84x84,PrototypicalNetwork,3,3,BreaKHis_formatted,miniImageNet_SOTA_trainSet,False,5,4000,5,exp1_permuted_src_datasets
574,1097.69640813,0.0,1739237156.4930396,,,,,,,3.7451103708008304e-05,1.0,0.001,1,16,84x84,PrototypicalNetwork,3,3,BreaKHis_formatted,miniImageNet_SOTA_trainSet,False,5,4000,5,exp1_permuted_src_datasets
575,1097.747111435,0.0,1739237156.5437303,,,,,,,6.0135789681226015e-05,1.0,0.001,1,16,84x84,PrototypicalNetwork,3,3,BreaKHis_formatted,miniImageNet_SOTA_trainSet,False,5,4000,5,exp1_permuted_src_datasets
576,1097.788953862,0.0,1739237156.5855904,,,,,,,3.916546847904101e-05,1.0,0.001,1,16,84x84,PrototypicalNetwork,3,3,BreaKHis_formatted,miniImageNet_SOTA_trainSet,False,5,4000,5,exp1_permuted_src_datasets
577,1097.839032519,0.0,1739237156.6356795,,,,,,,7.230379560496658e-05,1.0,0.001,1,16,84x84,PrototypicalNetwork,3,3,BreaKHis_formatted,miniImageNet_SOTA_trainSet,False,5,4000,5,exp1_permuted_src_datasets
578,1097.881969622,0.0,1739237156.6786132,,,,,,,0.00029006332624703646,1.0,0.001,1,16,84x84,PrototypicalNetwork,3,3,BreaKHis_formatted,miniImageNet_SOTA_trainSet,False,5,4000,5,exp1_permuted_src_datasets
579,1097.923824934,0.0,1739237156.7204554,,,,,,,5.0831000407924876e-05,1.0,0.001,1,16,84x84,PrototypicalNetwork,3,3,BreaKHis_formatted,miniImageNet_SOTA_trainSet,False,5,4000,5,exp1_permuted_src_datasets
580,1097.970869841,0.0,1739237156.7674274,,,,,,,2.075254997180309e-05,1.0,0.001,1,16,84x84,PrototypicalNetwork,3,3,BreaKHis_formatted,miniImageNet_SOTA_trainSet,False,5,4000,5,exp1_permuted_src_datasets
581,1098.027563257,0.0,1739237156.8241904,,,,,,,0.004491335246711969,1.0,0.001,1,16,84x84,PrototypicalNetwork,3,3,BreaKHis_formatted,miniImageNet_SOTA_trainSet,False,5,4000,5,exp1_permuted_src_datasets
582,1098.069770304,0.0,1739237156.8664079,,,,,,,0.00020267325453460217,1.0,0.001,1,16,84x84,PrototypicalNetwork,3,3,BreaKHis_formatted,miniImageNet_SOTA_trainSet,False,5,4000,5,exp1_permuted_src_datasets
583,1098.110679803,0.0,1739237156.907302,,,,,,,6.410803325707093e-05,1.0,0.001,1,16,84x84,PrototypicalNetwork,3,3,BreaKHis_formatted,miniImageNet_SOTA_trainSet,False,5,4000,5,exp1_permuted_src_datasets
584,1098.149867338,0.0,1739237156.9464602,,,,,,,2.3949927708599716e-05,1.0,0.001,1,16,84x84,PrototypicalNetwork,3,3,BreaKHis_formatted,miniImageNet_SOTA_trainSet,False,5,4000,5,exp1_permuted_src_datasets
585,1098.195185018,0.0,1739237156.9917858,,,,,,,7.924407691461965e-05,1.0,0.001,1,16,84x84,PrototypicalNetwork,3,3,BreaKHis_formatted,miniImageNet_SOTA_trainSet,False,5,4000,5,exp1_permuted_src_datasets
586,1098.238841434,0.0,1739237157.0354643,,,,,,,0.00018869272025767714,1.0,0.001,1,16,84x84,PrototypicalNetwork,3,3,BreaKHis_formatted,miniImageNet_SOTA_trainSet,False,5,4000,5,exp1_permuted_src_datasets
587,1098.285537611,0.0,1739237157.082168,,,,,,,0.0010640197433531284,1.0,0.001,1,16,84x84,PrototypicalNetwork,3,3,BreaKHis_formatted,miniImageNet_SOTA_trainSet,False,5,4000,5,exp1_permuted_src_datasets
588,1098.326438976,0.0,1739237157.1230726,,,,,,,1.96979490283411e-05,1.0,0.001,1,16,84x84,PrototypicalNetwork,3,3,BreaKHis_formatted,miniImageNet_SOTA_trainSet,False,5,4000,5,exp1_permuted_src_datasets
589,1098.385767649,0.0,1739237157.1823354,,,,,,,0.00012261494703125209,1.0,0.001,1,16,84x84,PrototypicalNetwork,3,3,BreaKHis_formatted,miniImageNet_SOTA_trainSet,False,5,4000,5,exp1_permuted_src_datasets
590,1098.439076526,0.0,1739237157.2356775,,,,,,,1.999175401579123e-05,1.0,0.001,1,16,84x84,PrototypicalNetwork,3,3,BreaKHis_formatted,miniImageNet_SOTA_trainSet,False,5,4000,5,exp1_permuted_src_datasets
591,1098.47905571,0.0,1739237157.2756944,,,,,,,0.00015542146866209805,1.0,0.001,1,16,84x84,PrototypicalNetwork,3,3,BreaKHis_formatted,miniImageNet_SOTA_trainSet,False,5,4000,5,exp1_permuted_src_datasets
592,1098.517541951,0.0,1739237157.3141801,,,,,,,0.0005976958782412112,1.0,0.001,1,16,84x84,PrototypicalNetwork,3,3,BreaKHis_formatted,miniImageNet_SOTA_trainSet,False,5,4000,5,exp1_permuted_src_datasets
593,1098.564603613,0.0,1739237157.3612275,,,,,,,1.7562793800607324e-05,1.0,0.001,1,16,84x84,PrototypicalNetwork,3,3,BreaKHis_formatted,miniImageNet_SOTA_trainSet,False,5,4000,5,exp1_permuted_src_datasets
594,1098.619189016,0.0,1739237157.4157832,,,,,,,0.0001681962312432006,1.0,0.001,1,16,84x84,PrototypicalNetwork,3,3,BreaKHis_formatted,miniImageNet_SOTA_trainSet,False,5,4000,5,exp1_permuted_src_datasets
595,1098.669995767,0.0,1739237157.4666133,,,,,,,2.4287233827635646e-05,1.0,0.001,1,16,84x84,PrototypicalNetwork,3,3,BreaKHis_formatted,miniImageNet_SOTA_trainSet,False,5,4000,5,exp1_permuted_src_datasets
596,1098.713197971,0.0,1739237157.5097795,,,,,,,0.00021975224080961198,1.0,0.001,1,16,84x84,PrototypicalNetwork,3,3,BreaKHis_formatted,miniImageNet_SOTA_trainSet,False,5,4000,5,exp1_permuted_src_datasets
597,1098.752975601,0.0,1739237157.5496469,,,,,,,5.63316025363747e-05,1.0,0.001,1,16,84x84,PrototypicalNetwork,3,3,BreaKHis_formatted,miniImageNet_SOTA_trainSet,False,5,4000,5,exp1_permuted_src_datasets
598,1098.793068395,0.0,1739237157.5896304,,,,,,,4.092720337212086e-05,1.0,0.001,1,16,84x84,PrototypicalNetwork,3,3,BreaKHis_formatted,miniImageNet_SOTA_trainSet,False,5,4000,5,exp1_permuted_src_datasets
599,1098.842078965,0.0,1739237157.6386778,,,,,,,0.0001522157108411193,1.0,0.001,1,16,84x84,PrototypicalNetwork,3,3,BreaKHis_formatted,miniImageNet_SOTA_trainSet,False,5,4000,5,exp1_permuted_src_datasets
600,1098.888500623,0.0,1739237157.685139,,,,,,,8.84025139384903e-05,1.0,0.001,1,16,84x84,PrototypicalNetwork,3,3,BreaKHis_formatted,miniImageNet_SOTA_trainSet,False,5,4000,5,exp1_permuted_src_datasets
601,1098.928675041,0.0,1739237157.7252822,,,,,,,0.00019757331756409258,1.0,0.001,1,16,84x84,PrototypicalNetwork,3,3,BreaKHis_formatted,miniImageNet_SOTA_trainSet,False,5,4000,5,exp1_permuted_src_datasets
602,1098.968228885,0.0,1739237157.7648356,,,,,,,9.390399645781144e-05,1.0,0.001,1,16,84x84,PrototypicalNetwork,3,3,BreaKHis_formatted,miniImageNet_SOTA_trainSet,False,5,4000,5,exp1_permuted_src_datasets
603,1099.008141818,0.0,1739237157.8047683,,,,,,,0.0007083239033818245,1.0,0.001,1,16,84x84,PrototypicalNetwork,3,3,BreaKHis_formatted,miniImageNet_SOTA_trainSet,False,5,4000,5,exp1_permuted_src_datasets
604,1099.050163563,0.0,1739237157.846752,,,,,,,1.9564635294955224e-05,1.0,0.001,1,16,84x84,PrototypicalNetwork,3,3,BreaKHis_formatted,miniImageNet_SOTA_trainSet,False,5,4000,5,exp1_permuted_src_datasets
605,1099.102321295,0.0,1739237157.8989449,,,,,,,2.7612839403445832e-05,1.0,0.001,1,16,84x84,PrototypicalNetwork,3,3,BreaKHis_formatted,miniImageNet_SOTA_trainSet,False,5,4000,5,exp1_permuted_src_datasets
606,1099.176748566,0.0,1739237157.9731538,,,,,,,1.2970867828698829e-05,1.0,0.001,1,16,84x84,PrototypicalNetwork,3,3,BreaKHis_formatted,miniImageNet_SOTA_trainSet,False,5,4000,5,exp1_permuted_src_datasets
607,1099.219734944,0.0,1739237158.0163732,,,,,,,4.1893315938068554e-05,1.0,0.001,1,16,84x84,PrototypicalNetwork,3,3,BreaKHis_formatted,miniImageNet_SOTA_trainSet,False,5,4000,5,exp1_permuted_src_datasets
608,1099.274830909,0.0,1739237158.071457,,,,,,,2.5601002562325448e-05,1.0,0.001,1,16,84x84,PrototypicalNetwork,3,3,BreaKHis_formatted,miniImageNet_SOTA_trainSet,False,5,4000,5,exp1_permuted_src_datasets
609,1099.331818449,0.0,1739237158.1284397,,,,,,,9.134237188845873e-06,1.0,0.001,1,16,84x84,PrototypicalNetwork,3,3,BreaKHis_formatted,miniImageNet_SOTA_trainSet,False,5,4000,5,exp1_permuted_src_datasets
610,1099.371835934,0.0,1739237158.16845,,,,,,,4.6438752178801224e-05,1.0,0.001,1,16,84x84,PrototypicalNetwork,3,3,BreaKHis_formatted,miniImageNet_SOTA_trainSet,False,5,4000,5,exp1_permuted_src_datasets
611,1099.412801457,0.0,1739237158.209416,,,,,,,5.454853453557007e-05,1.0,0.001,1,16,84x84,PrototypicalNetwork,3,3,BreaKHis_formatted,miniImageNet_SOTA_trainSet,False,5,4000,5,exp1_permuted_src_datasets
612,1099.458884078,0.0,1739237158.2554486,,,,,,,2.9592871214845218e-05,1.0,0.001,1,16,84x84,PrototypicalNetwork,3,3,BreaKHis_formatted,miniImageNet_SOTA_trainSet,False,5,4000,5,exp1_permuted_src_datasets
613,1099.508903045,0.0,1739237158.3054962,,,,,,,1.0152330105483998e-05,1.0,0.001,1,16,84x84,PrototypicalNetwork,3,3,BreaKHis_formatted,miniImageNet_SOTA_trainSet,False,5,4000,5,exp1_permuted_src_datasets
614,1099.560938852,0.0,1739237158.3575723,,,,,,,1.0281601134920493e-05,1.0,0.001,1,16,84x84,PrototypicalNetwork,3,3,BreaKHis_formatted,miniImageNet_SOTA_trainSet,False,5,4000,5,exp1_permuted_src_datasets
615,1099.617043397,0.0,1739237158.413616,,,,,,,4.196196096017957e-05,1.0,0.001,1,16,84x84,PrototypicalNetwork,3,3,BreaKHis_formatted,miniImageNet_SOTA_trainSet,False,5,4000,5,exp1_permuted_src_datasets
616,1099.674858803,0.0,1739237158.47149,,,,,,,4.7381228796439245e-05,1.0,0.001,1,16,84x84,PrototypicalNetwork,3,3,BreaKHis_formatted,miniImageNet_SOTA_trainSet,False,5,4000,5,exp1_permuted_src_datasets
617,1099.721190024,0.0,1739237158.5177794,,,,,,,6.982214836170897e-05,1.0,0.001,1,16,84x84,PrototypicalNetwork,3,3,BreaKHis_formatted,miniImageNet_SOTA_trainSet,False,5,4000,5,exp1_permuted_src_datasets
618,1099.774447693,0.0,1739237158.5710704,,,,,,,0.0011821179650723934,1.0,0.001,1,16,84x84,PrototypicalNetwork,3,3,BreaKHis_formatted,miniImageNet_SOTA_trainSet,False,5,4000,5,exp1_permuted_src_datasets
619,1099.814137613,0.0,1739237158.6107283,,,,,,,0.0010173969203606248,1.0,0.001,1,16,84x84,PrototypicalNetwork,3,3,BreaKHis_formatted,miniImageNet_SOTA_trainSet,False,5,4000,5,exp1_permuted_src_datasets
620,1099.858357251,0.0,1739237158.6549757,,,,,,,2.924000182247255e-05,1.0,0.001,1,16,84x84,PrototypicalNetwork,3,3,BreaKHis_formatted,miniImageNet_SOTA_trainSet,False,5,4000,5,exp1_permuted_src_datasets
621,1099.899510504,0.0,1739237158.6961544,,,,,,,1.953670653165318e-05,1.0,0.001,1,16,84x84,PrototypicalNetwork,3,3,BreaKHis_formatted,miniImageNet_SOTA_trainSet,False,5,4000,5,exp1_permuted_src_datasets
622,1099.939140021,0.0,1739237158.735729,,,,,,,0.0005503937718458474,1.0,0.001,1,16,84x84,PrototypicalNetwork,3,3,BreaKHis_formatted,miniImageNet_SOTA_trainSet,False,5,4000,5,exp1_permuted_src_datasets
623,1099.983873365,0.0,1739237158.7804954,,,,,,,1.7194795873365365e-05,1.0,0.001,1,16,84x84,PrototypicalNetwork,3,3,BreaKHis_formatted,miniImageNet_SOTA_trainSet,False,5,4000,5,exp1_permuted_src_datasets
624,1100.034608894,0.0,1739237158.8312232,,,,,,,1.499986228736816e-05,1.0,0.001,1,16,84x84,PrototypicalNetwork,3,3,BreaKHis_formatted,miniImageNet_SOTA_trainSet,False,5,4000,5,exp1_permuted_src_datasets
625,1100.074380287,0.0,1739237158.8710148,,,,,,,1.9474380678730085e-05,1.0,0.001,1,16,84x84,PrototypicalNetwork,3,3,BreaKHis_formatted,miniImageNet_SOTA_trainSet,False,5,4000,5,exp1_permuted_src_datasets
626,1100.114678748,0.0,1739237158.911313,,,,,,,4.04211095883511e-05,1.0,0.001,1,16,84x84,PrototypicalNetwork,3,3,BreaKHis_formatted,miniImageNet_SOTA_trainSet,False,5,4000,5,exp1_permuted_src_datasets
627,1100.154256131,0.0,1739237158.9508922,,,,,,,3.8735492125852033e-05,1.0,0.001,1,16,84x84,PrototypicalNetwork,3,3,BreaKHis_formatted,miniImageNet_SOTA_trainSet,False,5,4000,5,exp1_permuted_src_datasets
628,1100.19381534,0.0,1739237158.9904385,,,,,,,0.0014989703195169568,1.0,0.001,1,16,84x84,PrototypicalNetwork,3,3,BreaKHis_formatted,miniImageNet_SOTA_trainSet,False,5,4000,5,exp1_permuted_src_datasets
629,1378.38334018,0.0,1739237437.18015,,,,,,0.5180833327770233,,,0.001,1,16,84x84,PrototypicalNetwork,3,3,BreaKHis_formatted,miniImageNet_SOTA_trainSet,False,5,4000,5,exp1_permuted_src_datasets
630,1378.419770034,0.0,1739237437.2163668,,,,,,,7.295428804354742e-05,1.0,0.001,1,16,84x84,PrototypicalNetwork,3,3,BreaKHis_formatted,miniImageNet_SOTA_trainSet,False,5,4000,5,exp1_permuted_src_datasets
631,1378.459674954,0.0,1739237437.2563071,,,,,,,5.622877870337106e-05,1.0,0.001,1,16,84x84,PrototypicalNetwork,3,3,BreaKHis_formatted,miniImageNet_SOTA_trainSet,False,5,4000,5,exp1_permuted_src_datasets
632,1378.50185652,0.0,1739237437.2984946,,,,,,,0.0001245500607183203,1.0,0.001,1,16,84x84,PrototypicalNetwork,3,3,BreaKHis_formatted,miniImageNet_SOTA_trainSet,False,5,4000,5,exp1_permuted_src_datasets
633,1378.543331038,0.0,1739237437.3399947,,,,,,,1.4557564099959563e-05,1.0,0.001,1,16,84x84,PrototypicalNetwork,3,3,BreaKHis_formatted,miniImageNet_SOTA_trainSet,False,5,4000,5,exp1_permuted_src_datasets
634,1378.584063481,0.0,1739237437.380672,,,,,,,2.111869071086403e-05,1.0,0.001,1,16,84x84,PrototypicalNetwork,3,3,BreaKHis_formatted,miniImageNet_SOTA_trainSet,False,5,4000,5,exp1_permuted_src_datasets
635,1378.625904627,0.0,1739237437.4224985,,,,,,,6.393410876626149e-05,1.0,0.001,1,16,84x84,PrototypicalNetwork,3,3,BreaKHis_formatted,miniImageNet_SOTA_trainSet,False,5,4000,5,exp1_permuted_src_datasets
636,1378.66689737,0.0,1739237437.4635193,,,,,,,3.1819046853343025e-05,1.0,0.001,1,16,84x84,PrototypicalNetwork,3,3,BreaKHis_formatted,miniImageNet_SOTA_trainSet,False,5,4000,5,exp1_permuted_src_datasets
637,1378.708271696,0.0,1739237437.5048661,,,,,,,5.1215316489106044e-05,1.0,0.001,1,16,84x84,PrototypicalNetwork,3,3,BreaKHis_formatted,miniImageNet_SOTA_trainSet,False,5,4000,5,exp1_permuted_src_datasets
638,1378.7492107,0.0,1739237437.5458274,,,,,,,3.9746282709529623e-05,1.0,0.001,1,16,84x84,PrototypicalNetwork,3,3,BreaKHis_formatted,miniImageNet_SOTA_trainSet,False,5,4000,5,exp1_permuted_src_datasets
639,1378.795243325,0.0,1739237437.5918162,,,,,,,8.736766176298261e-05,1.0,0.001,1,16,84x84,PrototypicalNetwork,3,3,BreaKHis_formatted,miniImageNet_SOTA_trainSet,False,5,4000,5,exp1_permuted_src_datasets
640,1378.8385006,0.0,1739237437.635106,,,,,,,0.00014402078522834927,1.0,0.001,1,16,84x84,PrototypicalNetwork,3,3,BreaKHis_formatted,miniImageNet_SOTA_trainSet,False,5,4000,5,exp1_permuted_src_datasets
641,1378.880932361,0.0,1739237437.6775262,,,,,,,9.00088416528888e-05,1.0,0.001,1,16,84x84,PrototypicalNetwork,3,3,BreaKHis_formatted,miniImageNet_SOTA_trainSet,False,5,4000,5,exp1_permuted_src_datasets
642,1378.922460943,0.0,1739237437.7190952,,,,,,,0.0002245104406028986,1.0,0.001,1,16,84x84,PrototypicalNetwork,3,3,BreaKHis_formatted,miniImageNet_SOTA_trainSet,False,5,4000,5,exp1_permuted_src_datasets
643,1378.987159704,0.0,1739237437.783708,,,,,,,6.81117016938515e-05,1.0,0.001,1,16,84x84,PrototypicalNetwork,3,3,BreaKHis_formatted,miniImageNet_SOTA_trainSet,False,5,4000,5,exp1_permuted_src_datasets
644,1379.039330712,0.0,1739237437.8359396,,,,,,,2.0251207388355397e-05,1.0,0.001,1,16,84x84,PrototypicalNetwork,3,3,BreaKHis_formatted,miniImageNet_SOTA_trainSet,False,5,4000,5,exp1_permuted_src_datasets
645,1379.104250404,0.0,1739237437.900786,,,,,,,1.1547684152901638e-05,1.0,0.001,1,16,84x84,PrototypicalNetwork,3,3,BreaKHis_formatted,miniImageNet_SOTA_trainSet,False,5,4000,5,exp1_permuted_src_datasets
646,1379.162741349,0.0,1739237437.9593549,,,,,,,0.00019357283599674702,1.0,0.001,1,16,84x84,PrototypicalNetwork,3,3,BreaKHis_formatted,miniImageNet_SOTA_trainSet,False,5,4000,5,exp1_permuted_src_datasets
647,1379.216672946,0.0,1739237438.0132551,,,,,,,1.1619854376476724e-05,1.0,0.001,1,16,84x84,PrototypicalNetwork,3,3,BreaKHis_formatted,miniImageNet_SOTA_trainSet,False,5,4000,5,exp1_permuted_src_datasets
648,1379.257462167,0.0,1739237438.0540767,,,,,,,2.0938970919814892e-05,1.0,0.001,1,16,84x84,PrototypicalNetwork,3,3,BreaKHis_formatted,miniImageNet_SOTA_trainSet,False,5,4000,5,exp1_permuted_src_datasets
649,1379.308034127,0.0,1739237438.104628,,,,,,,2.833541475411039e-05,1.0,0.001,1,16,84x84,PrototypicalNetwork,3,3,BreaKHis_formatted,miniImageNet_SOTA_trainSet,False,5,4000,5,exp1_permuted_src_datasets
650,1379.349104874,0.0,1739237438.1457086,,,,,,,5.1305480155861005e-05,1.0,0.001,1,16,84x84,PrototypicalNetwork,3,3,BreaKHis_formatted,miniImageNet_SOTA_trainSet,False,5,4000,5,exp1_permuted_src_datasets
651,1379.390298102,0.0,1739237438.1869113,,,,,,,3.185178866260685e-05,1.0,0.001,1,16,84x84,PrototypicalNetwork,3,3,BreaKHis_formatted,miniImageNet_SOTA_trainSet,False,5,4000,5,exp1_permuted_src_datasets
652,1379.435742716,0.0,1739237438.2323735,,,,,,,1.3152191058907192e-05,1.0,0.001,1,16,84x84,PrototypicalNetwork,3,3,BreaKHis_formatted,miniImageNet_SOTA_trainSet,False,5,4000,5,exp1_permuted_src_datasets
653,1379.476699472,0.0,1739237438.2732599,,,,,,,1.3273859622131567e-05,1.0,0.001,1,16,84x84,PrototypicalNetwork,3,3,BreaKHis_formatted,miniImageNet_SOTA_trainSet,False,5,4000,5,exp1_permuted_src_datasets
654,1379.523157116,0.0,1739237438.3197496,,,,,,,6.894727266626433e-05,1.0,0.001,1,16,84x84,PrototypicalNetwork,3,3,BreaKHis_formatted,miniImageNet_SOTA_trainSet,False,5,4000,5,exp1_permuted_src_datasets
655,1379.564636698,0.0,1739237438.361244,,,,,,,4.172039552940987e-05,1.0,0.001,1,16,84x84,PrototypicalNetwork,3,3,BreaKHis_formatted,miniImageNet_SOTA_trainSet,False,5,4000,5,exp1_permuted_src_datasets
656,1379.60597135,0.0,1739237438.4025788,,,,,,,3.1050116376718506e-05,1.0,0.001,1,16,84x84,PrototypicalNetwork,3,3,BreaKHis_formatted,miniImageNet_SOTA_trainSet,False,5,4000,5,exp1_permuted_src_datasets
657,1379.655178149,0.0,1739237438.4517949,,,,,,,1.735857040330302e-05,1.0,0.001,1,16,84x84,PrototypicalNetwork,3,3,BreaKHis_formatted,miniImageNet_SOTA_trainSet,False,5,4000,5,exp1_permuted_src_datasets
658,1379.695786923,0.0,1739237438.4923863,,,,,,,1.3273853255668655e-05,1.0,0.001,1,16,84x84,PrototypicalNetwork,3,3,BreaKHis_formatted,miniImageNet_SOTA_trainSet,False,5,4000,5,exp1_permuted_src_datasets
659,1379.737452482,0.0,1739237438.5340636,,,,,,,2.9574601285276003e-05,1.0,0.001,1,16,84x84,PrototypicalNetwork,3,3,BreaKHis_formatted,miniImageNet_SOTA_trainSet,False,5,4000,5,exp1_permuted_src_datasets
660,1379.780317559,0.0,1739237438.5769475,,,,,,,1.761359271768015e-05,1.0,0.001,1,16,84x84,PrototypicalNetwork,3,3,BreaKHis_formatted,miniImageNet_SOTA_trainSet,False,5,4000,5,exp1_permuted_src_datasets
661,1379.833406592,0.0,1739237438.630015,,,,,,,6.554722494911402e-05,1.0,0.001,1,16,84x84,PrototypicalNetwork,3,3,BreaKHis_formatted,miniImageNet_SOTA_trainSet,False,5,4000,5,exp1_permuted_src_datasets
662,1379.89865121,0.0,1739237438.6953046,,,,,,,5.8356159570394084e-05,1.0,0.001,1,16,84x84,PrototypicalNetwork,3,3,BreaKHis_formatted,miniImageNet_SOTA_trainSet,False,5,4000,5,exp1_permuted_src_datasets
663,1379.94094031,0.0,1739237438.7375357,,,,,,,1.3072688489046413e-05,1.0,0.001,1,16,84x84,PrototypicalNetwork,3,3,BreaKHis_formatted,miniImageNet_SOTA_trainSet,False,5,4000,5,exp1_permuted_src_datasets
664,1379.987407948,0.0,1739237438.7839344,,,,,,,1.2709747352346312e-05,1.0,0.001,1,16,84x84,PrototypicalNetwork,3,3,BreaKHis_formatted,miniImageNet_SOTA_trainSet,False,5,4000,5,exp1_permuted_src_datasets
665,1380.032385269,0.0,1739237438.8290062,,,,,,,5.992649676045403e-06,1.0,0.001,1,16,84x84,PrototypicalNetwork,3,3,BreaKHis_formatted,miniImageNet_SOTA_trainSet,False,5,4000,5,exp1_permuted_src_datasets
666,1380.086499165,0.0,1739237438.88306,,,,,,,9.571541886543855e-05,1.0,0.001,1,16,84x84,PrototypicalNetwork,3,3,BreaKHis_formatted,miniImageNet_SOTA_trainSet,False,5,4000,5,exp1_permuted_src_datasets
667,1380.14475011,0.0,1739237438.9413095,,,,,,,2.38919001276372e-05,1.0,0.001,1,16,84x84,PrototypicalNetwork,3,3,BreaKHis_formatted,miniImageNet_SOTA_trainSet,False,5,4000,5,exp1_permuted_src_datasets
668,1380.186976109,0.0,1739237438.9835863,,,,,,,1.1779109627241269e-05,1.0,0.001,1,16,84x84,PrototypicalNetwork,3,3,BreaKHis_formatted,miniImageNet_SOTA_trainSet,False,5,4000,5,exp1_permuted_src_datasets
669,1380.227343053,0.0,1739237439.0239422,,,,,,,1.345937835139921e-05,1.0,0.001,1,16,84x84,PrototypicalNetwork,3,3,BreaKHis_formatted,miniImageNet_SOTA_trainSet,False,5,4000,5,exp1_permuted_src_datasets
670,1380.272775,0.0,1739237439.06932,,,,,,,2.2576125047635287e-05,1.0,0.001,1,16,84x84,PrototypicalNetwork,3,3,BreaKHis_formatted,miniImageNet_SOTA_trainSet,False,5,4000,5,exp1_permuted_src_datasets
671,1380.318518022,0.0,1739237439.1151233,,,,,,,9.076146670849994e-05,1.0,0.001,1,16,84x84,PrototypicalNetwork,3,3,BreaKHis_formatted,miniImageNet_SOTA_trainSet,False,5,4000,5,exp1_permuted_src_datasets
672,1380.36150872,0.0,1739237439.1581337,,,,,,,2.1821653717779554e-05,1.0,0.001,1,16,84x84,PrototypicalNetwork,3,3,BreaKHis_formatted,miniImageNet_SOTA_trainSet,False,5,4000,5,exp1_permuted_src_datasets
673,1380.402019677,0.0,1739237439.1986256,,,,,,,1.0204647878708784e-05,1.0,0.001,1,16,84x84,PrototypicalNetwork,3,3,BreaKHis_formatted,miniImageNet_SOTA_trainSet,False,5,4000,5,exp1_permuted_src_datasets
674,1380.443756051,0.0,1739237439.2403805,,,,,,,1.9188379155821167e-05,1.0,0.001,1,16,84x84,PrototypicalNetwork,3,3,BreaKHis_formatted,miniImageNet_SOTA_trainSet,False,5,4000,5,exp1_permuted_src_datasets
675,1380.493353588,0.0,1739237439.2899392,,,,,,,3.6512126825982705e-05,1.0,0.001,1,16,84x84,PrototypicalNetwork,3,3,BreaKHis_formatted,miniImageNet_SOTA_trainSet,False,5,4000,5,exp1_permuted_src_datasets
676,1380.560958409,0.0,1739237439.3575523,,,,,,,1.1014039955625776e-05,1.0,0.001,1,16,84x84,PrototypicalNetwork,3,3,BreaKHis_formatted,miniImageNet_SOTA_trainSet,False,5,4000,5,exp1_permuted_src_datasets
677,1380.605506072,0.0,1739237439.4020977,,,,,,,6.91901595928357e-06,1.0,0.001,1,16,84x84,PrototypicalNetwork,3,3,BreaKHis_formatted,miniImageNet_SOTA_trainSet,False,5,4000,5,exp1_permuted_src_datasets
678,1380.648181257,0.0,1739237439.4447832,,,,,,,7.292916416190565e-05,1.0,0.001,1,16,84x84,PrototypicalNetwork,3,3,BreaKHis_formatted,miniImageNet_SOTA_trainSet,False,5,4000,5,exp1_permuted_src_datasets
679,1380.691012398,0.0,1739237439.4877346,,,,,,,0.00014582769654225558,1.0,0.001,1,16,84x84,PrototypicalNetwork,3,3,BreaKHis_formatted,miniImageNet_SOTA_trainSet,False,5,4000,5,exp1_permuted_src_datasets
680,1380.733234275,0.0,1739237439.5282907,,,,,,,0.00013264256995171309,1.0,0.001,1,16,84x84,PrototypicalNetwork,3,3,BreaKHis_formatted,miniImageNet_SOTA_trainSet,False,5,4000,5,exp1_permuted_src_datasets
681,1380.774221164,0.0,1739237439.570763,,,,,,,0.00011321113561280072,1.0,0.001,1,16,84x84,PrototypicalNetwork,3,3,BreaKHis_formatted,miniImageNet_SOTA_trainSet,False,5,4000,5,exp1_permuted_src_datasets
682,1380.829339774,0.0,1739237439.615944,,,,,,,8.500911462760996e-06,1.0,0.001,1,16,84x84,PrototypicalNetwork,3,3,BreaKHis_formatted,miniImageNet_SOTA_trainSet,False,5,4000,5,exp1_permuted_src_datasets
683,1380.876217451,0.0,1739237439.672805,,,,,,,9.916332601278555e-06,1.0,0.001,1,16,84x84,PrototypicalNetwork,3,3,BreaKHis_formatted,miniImageNet_SOTA_trainSet,False,5,4000,5,exp1_permuted_src_datasets
684,1380.938336914,0.0,1739237439.7349305,,,,,,,5.270541078061797e-05,1.0,0.001,1,16,84x84,PrototypicalNetwork,3,3,BreaKHis_formatted,miniImageNet_SOTA_trainSet,False,5,4000,5,exp1_permuted_src_datasets
685,1380.982337896,0.0,1739237439.7789652,,,,,,,1.417244493495673e-05,1.0,0.001,1,16,84x84,PrototypicalNetwork,3,3,BreaKHis_formatted,miniImageNet_SOTA_trainSet,False,5,4000,5,exp1_permuted_src_datasets
686,1381.023012662,0.0,1739237439.8196316,,,,,,,1.1808777344413102e-05,1.0,0.001,1,16,84x84,PrototypicalNetwork,3,3,BreaKHis_formatted,miniImageNet_SOTA_trainSet,False,5,4000,5,exp1_permuted_src_datasets
687,1381.064511417,0.0,1739237439.8611414,,,,,,,0.00014060740068089217,1.0,0.001,1,16,84x84,PrototypicalNetwork,3,3,BreaKHis_formatted,miniImageNet_SOTA_trainSet,False,5,4000,5,exp1_permuted_src_datasets
688,1381.116663433,0.0,1739237439.913197,,,,,,,1.575427086208947e-05,1.0,0.001,1,16,84x84,PrototypicalNetwork,3,3,BreaKHis_formatted,miniImageNet_SOTA_trainSet,False,5,4000,5,exp1_permuted_src_datasets
689,1381.161738214,0.0,1739237439.958357,,,,,,,1.7422438759240322e-05,1.0,0.001,1,16,84x84,PrototypicalNetwork,3,3,BreaKHis_formatted,miniImageNet_SOTA_trainSet,False,5,4000,5,exp1_permuted_src_datasets
690,1381.210547697,0.0,1739237440.0071762,,,,,,,7.567212378489785e-06,1.0,0.001,1,16,84x84,PrototypicalNetwork,3,3,BreaKHis_formatted,miniImageNet_SOTA_trainSet,False,5,4000,5,exp1_permuted_src_datasets
691,1381.258088774,0.0,1739237440.0547037,,,,,,,0.00015536518185399473,1.0,0.001,1,16,84x84,PrototypicalNetwork,3,3,BreaKHis_formatted,miniImageNet_SOTA_trainSet,False,5,4000,5,exp1_permuted_src_datasets
692,1663.365287156,0.0,1739237722.1175117,,,,,,0.521416664481163,,,0.001,1,16,84x84,PrototypicalNetwork,3,3,BreaKHis_formatted,miniImageNet_SOTA_trainSet,False,5,4000,5,exp1_permuted_src_datasets
693,1720.829298843,1.0,1739237779.5819435,,,,,,,,,0.001,1,16,84x84,PrototypicalNetwork,3,3,BreaKHis_formatted,miniImageNet_SOTA_trainSet,False,5,4000,5,exp1_permuted_src_datasets
694,2006.33520755,1.0,1739238065.131997,,,,,,0.5172499986886978,,,0.001,1,16,84x84,PrototypicalNetwork,3,3,BreaKHis_formatted,miniImageNet_SOTA_trainSet,False,5,4000,5,exp1_permuted_src_datasets
695,2006.369303848,1.0,1739238065.1659539,,,,,,,0.3547097146511078,0.8541666865348816,0.001,1,16,84x84,PrototypicalNetwork,3,3,BreaKHis_formatted,miniImageNet_SOTA_trainSet,False,5,4000,5,exp1_permuted_src_datasets
696,2006.424250542,1.0,1739238065.220875,,,,,,,0.045263659209012985,1.0,0.001,1,16,84x84,PrototypicalNetwork,3,3,BreaKHis_formatted,miniImageNet_SOTA_trainSet,False,5,4000,5,exp1_permuted_src_datasets
697,2006.482036044,1.0,1739238065.278657,,,,,,,0.14896731078624725,0.9375,0.001,1,16,84x84,PrototypicalNetwork,3,3,BreaKHis_formatted,miniImageNet_SOTA_trainSet,False,5,4000,5,exp1_permuted_src_datasets
698,2006.522205327,1.0,1739238065.3188424,,,,,,,0.12469935417175293,0.9583333134651184,0.001,1,16,84x84,PrototypicalNetwork,3,3,BreaKHis_formatted,miniImageNet_SOTA_trainSet,False,5,4000,5,exp1_permuted_src_datasets
699,2006.56710266,1.0,1739238065.3637075,,,,,,,0.03288563713431358,1.0,0.001,1,16,84x84,PrototypicalNetwork,3,3,BreaKHis_formatted,miniImageNet_SOTA_trainSet,False,5,4000,5,exp1_permuted_src_datasets
700,2006.610832487,1.0,1739238065.4074585,,,,,,,0.047005508095026016,0.9583333134651184,0.001,1,16,84x84,PrototypicalNetwork,3,3,BreaKHis_formatted,miniImageNet_SOTA_trainSet,False,5,4000,5,exp1_permuted_src_datasets
701,2006.651546724,1.0,1739238065.448136,,,,,,,0.017956893891096115,1.0,0.001,1,16,84x84,PrototypicalNetwork,3,3,BreaKHis_formatted,miniImageNet_SOTA_trainSet,False,5,4000,5,exp1_permuted_src_datasets
702,2006.692974735,1.0,1739238065.489599,,,,,,,0.037847600877285004,1.0,0.001,1,16,84x84,PrototypicalNetwork,3,3,BreaKHis_formatted,miniImageNet_SOTA_trainSet,False,5,4000,5,exp1_permuted_src_datasets
703,2006.735286967,1.0,1739238065.5319068,,,,,,,0.0556086003780365,0.9583333134651184,0.001,1,16,84x84,PrototypicalNetwork,3,3,BreaKHis_formatted,miniImageNet_SOTA_trainSet,False,5,4000,5,exp1_permuted_src_datasets
704,2006.775391526,1.0,1739238065.5720248,,,,,,,0.01193772628903389,1.0,0.001,1,16,84x84,PrototypicalNetwork,3,3,BreaKHis_formatted,miniImageNet_SOTA_trainSet,False,5,4000,5,exp1_permuted_src_datasets
705,2006.815696374,1.0,1739238065.612327,,,,,,,0.012663197703659534,1.0,0.001,1,16,84x84,PrototypicalNetwork,3,3,BreaKHis_formatted,miniImageNet_SOTA_trainSet,False,5,4000,5,exp1_permuted_src_datasets
706,2006.857233403,1.0,1739238065.6538455,,,,,,,0.0019672007765620947,1.0,0.001,1,16,84x84,PrototypicalNetwork,3,3,BreaKHis_formatted,miniImageNet_SOTA_trainSet,False,5,4000,5,exp1_permuted_src_datasets
707,2006.899278618,1.0,1739238065.6959047,,,,,,,0.0021679324563592672,1.0,0.001,1,16,84x84,PrototypicalNetwork,3,3,BreaKHis_formatted,miniImageNet_SOTA_trainSet,False,5,4000,5,exp1_permuted_src_datasets
708,2006.943800232,1.0,1739238065.7404454,,,,,,,0.0007344912737607956,1.0,0.001,1,16,84x84,PrototypicalNetwork,3,3,BreaKHis_formatted,miniImageNet_SOTA_trainSet,False,5,4000,5,exp1_permuted_src_datasets
709,2006.989485564,1.0,1739238065.7860708,,,,,,,0.0009196564205922186,1.0,0.001,1,16,84x84,PrototypicalNetwork,3,3,BreaKHis_formatted,miniImageNet_SOTA_trainSet,False,5,4000,5,exp1_permuted_src_datasets
710,2007.033151847,1.0,1739238065.8297262,,,,,,,0.003114059567451477,1.0,0.001,1,16,84x84,PrototypicalNetwork,3,3,BreaKHis_formatted,miniImageNet_SOTA_trainSet,False,5,4000,5,exp1_permuted_src_datasets
711,2007.074507456,1.0,1739238065.870996,,,,,,,0.0010742010781541467,1.0,0.001,1,16,84x84,PrototypicalNetwork,3,3,BreaKHis_formatted,miniImageNet_SOTA_trainSet,False,5,4000,5,exp1_permuted_src_datasets
712,2007.115792203,1.0,1739238065.912429,,,,,,,0.001893745269626379,1.0,0.001,1,16,84x84,PrototypicalNetwork,3,3,BreaKHis_formatted,miniImageNet_SOTA_trainSet,False,5,4000,5,exp1_permuted_src_datasets
713,2007.16225549,1.0,1739238065.958871,,,,,,,0.0005874811322428286,1.0,0.001,1,16,84x84,PrototypicalNetwork,3,3,BreaKHis_formatted,miniImageNet_SOTA_trainSet,False,5,4000,5,exp1_permuted_src_datasets
714,2007.200618079,1.0,1739238065.997239,,,,,,,0.0035741652827709913,1.0,0.001,1,16,84x84,PrototypicalNetwork,3,3,BreaKHis_formatted,miniImageNet_SOTA_trainSet,False,5,4000,5,exp1_permuted_src_datasets
715,2007.241645771,1.0,1739238066.0383434,,,,,,,0.0020254922565072775,1.0,0.001,1,16,84x84,PrototypicalNetwork,3,3,BreaKHis_formatted,miniImageNet_SOTA_trainSet,False,5,4000,5,exp1_permuted_src_datasets
716,2007.286579096,1.0,1739238066.0832076,,,,,,,0.0011724805226549506,1.0,0.001,1,16,84x84,PrototypicalNetwork,3,3,BreaKHis_formatted,miniImageNet_SOTA_trainSet,False,5,4000,5,exp1_permuted_src_datasets
717,2007.342609527,1.0,1739238066.1392179,,,,,,,0.001290951855480671,1.0,0.001,1,16,84x84,PrototypicalNetwork,3,3,BreaKHis_formatted,miniImageNet_SOTA_trainSet,False,5,4000,5,exp1_permuted_src_datasets
718,2007.385329168,1.0,1739238066.1819825,,,,,,,0.0002538874396122992,1.0,0.001,1,16,84x84,PrototypicalNetwork,3,3,BreaKHis_formatted,miniImageNet_SOTA_trainSet,False,5,4000,5,exp1_permuted_src_datasets
719,2007.425981716,1.0,1739238066.2225757,,,,,,,0.0003037885471712798,1.0,0.001,1,16,84x84,PrototypicalNetwork,3,3,BreaKHis_formatted,miniImageNet_SOTA_trainSet,False,5,4000,5,exp1_permuted_src_datasets
720,2007.476718897,1.0,1739238066.2733753,,,,,,,0.0034377204719930887,1.0,0.001,1,16,84x84,PrototypicalNetwork,3,3,BreaKHis_formatted,miniImageNet_SOTA_trainSet,False,5,4000,5,exp1_permuted_src_datasets
721,2007.519018246,1.0,1739238066.3156986,,,,,,,0.0003009724896401167,1.0,0.001,1,16,84x84,PrototypicalNetwork,3,3,BreaKHis_formatted,miniImageNet_SOTA_trainSet,False,5,4000,5,exp1_permuted_src_datasets
722,2007.588180774,1.0,1739238066.3847961,,,,,,,0.0005478379898704588,1.0,0.001,1,16,84x84,PrototypicalNetwork,3,3,BreaKHis_formatted,miniImageNet_SOTA_trainSet,False,5,4000,5,exp1_permuted_src_datasets
723,2007.628290715,1.0,1739238066.4249237,,,,,,,0.0004071606381330639,1.0,0.001,1,16,84x84,PrototypicalNetwork,3,3,BreaKHis_formatted,miniImageNet_SOTA_trainSet,False,5,4000,5,exp1_permuted_src_datasets
724,2007.682634483,1.0,1739238066.4792502,,,,,,,0.0008033449412323534,1.0,0.001,1,16,84x84,PrototypicalNetwork,3,3,BreaKHis_formatted,miniImageNet_SOTA_trainSet,False,5,4000,5,exp1_permuted_src_datasets
725,2007.730104027,1.0,1739238066.526734,,,,,,,0.00018241074576508254,1.0,0.001,1,16,84x84,PrototypicalNetwork,3,3,BreaKHis_formatted,miniImageNet_SOTA_trainSet,False,5,4000,5,exp1_permuted_src_datasets
726,2007.789693712,1.0,1739238066.5862613,,,,,,,0.0016781961312517524,1.0,0.001,1,16,84x84,PrototypicalNetwork,3,3,BreaKHis_formatted,miniImageNet_SOTA_trainSet,False,5,4000,5,exp1_permuted_src_datasets
727,2007.843532105,1.0,1739238066.640165,,,,,,,0.002539884764701128,1.0,0.001,1,16,84x84,PrototypicalNetwork,3,3,BreaKHis_formatted,miniImageNet_SOTA_trainSet,False,5,4000,5,exp1_permuted_src_datasets
728,2007.883464467,1.0,1739238066.6800897,,,,,,,0.00017872336320579052,1.0,0.001,1,16,84x84,PrototypicalNetwork,3,3,BreaKHis_formatted,miniImageNet_SOTA_trainSet,False,5,4000,5,exp1_permuted_src_datasets
729,2007.928587895,1.0,1739238066.7251806,,,,,,,0.000288551818812266,1.0,0.001,1,16,84x84,PrototypicalNetwork,3,3,BreaKHis_formatted,miniImageNet_SOTA_trainSet,False,5,4000,5,exp1_permuted_src_datasets
730,2007.981674899,1.0,1739238066.7783012,,,,,,,0.00046523893252015114,1.0,0.001,1,16,84x84,PrototypicalNetwork,3,3,BreaKHis_formatted,miniImageNet_SOTA_trainSet,False,5,4000,5,exp1_permuted_src_datasets
731,2008.035924693,1.0,1739238066.8325624,,,,,,,0.0003123240021523088,1.0,0.001,1,16,84x84,PrototypicalNetwork,3,3,BreaKHis_formatted,miniImageNet_SOTA_trainSet,False,5,4000,5,exp1_permuted_src_datasets
732,2008.074836616,1.0,1739238066.8714674,,,,,,,8.264725329354405e-05,1.0,0.001,1,16,84x84,PrototypicalNetwork,3,3,BreaKHis_formatted,miniImageNet_SOTA_trainSet,False,5,4000,5,exp1_permuted_src_datasets
733,2008.113722097,1.0,1739238066.9103293,,,,,,,5.515698649105616e-05,1.0,0.001,1,16,84x84,PrototypicalNetwork,3,3,BreaKHis_formatted,miniImageNet_SOTA_trainSet,False,5,4000,5,exp1_permuted_src_datasets
734,2008.155445143,1.0,1739238066.9520526,,,,,,,0.00031189227593131363,1.0,0.001,1,16,84x84,PrototypicalNetwork,3,3,BreaKHis_formatted,miniImageNet_SOTA_trainSet,False,5,4000,5,exp1_permuted_src_datasets
735,2008.209831612,1.0,1739238067.0064528,,,,,,,0.0012330590980127454,1.0,0.001,1,16,84x84,PrototypicalNetwork,3,3,BreaKHis_formatted,miniImageNet_SOTA_trainSet,False,5,4000,5,exp1_permuted_src_datasets
736,2008.249747356,1.0,1739238067.0463965,,,,,,,0.0035588338505476713,1.0,0.001,1,16,84x84,PrototypicalNetwork,3,3,BreaKHis_formatted,miniImageNet_SOTA_trainSet,False,5,4000,5,exp1_permuted_src_datasets
737,2008.289397723,1.0,1739238067.086044,,,,,,,0.00017707474762573838,1.0,0.001,1,16,84x84,PrototypicalNetwork,3,3,BreaKHis_formatted,miniImageNet_SOTA_trainSet,False,5,4000,5,exp1_permuted_src_datasets
738,2008.329333211,1.0,1739238067.1259499,,,,,,,0.0002255053841508925,1.0,0.001,1,16,84x84,PrototypicalNetwork,3,3,BreaKHis_formatted,miniImageNet_SOTA_trainSet,False,5,4000,5,exp1_permuted_src_datasets
739,2008.372764366,1.0,1739238067.1693604,,,,,,,0.0004505538381636143,1.0,0.001,1,16,84x84,PrototypicalNetwork,3,3,BreaKHis_formatted,miniImageNet_SOTA_trainSet,False,5,4000,5,exp1_permuted_src_datasets
740,2008.447640604,1.0,1739238067.2442157,,,,,,,0.004501240327954292,1.0,0.001,1,16,84x84,PrototypicalNetwork,3,3,BreaKHis_formatted,miniImageNet_SOTA_trainSet,False,5,4000,5,exp1_permuted_src_datasets
741,2008.495012924,1.0,1739238067.291636,,,,,,,0.0001908356207422912,1.0,0.001,1,16,84x84,PrototypicalNetwork,3,3,BreaKHis_formatted,miniImageNet_SOTA_trainSet,False,5,4000,5,exp1_permuted_src_datasets
742,2008.56727601,1.0,1739238067.3638678,,,,,,,0.00034830602817237377,1.0,0.001,1,16,84x84,PrototypicalNetwork,3,3,BreaKHis_formatted,miniImageNet_SOTA_trainSet,False,5,4000,5,exp1_permuted_src_datasets
743,2008.606722887,1.0,1739238067.403358,,,,,,,0.00010956780897686258,1.0,0.001,1,16,84x84,PrototypicalNetwork,3,3,BreaKHis_formatted,miniImageNet_SOTA_trainSet,False,5,4000,5,exp1_permuted_src_datasets
744,2008.649479769,1.0,1739238067.4461007,,,,,,,0.00015427761536557227,1.0,0.001,1,16,84x84,PrototypicalNetwork,3,3,BreaKHis_formatted,miniImageNet_SOTA_trainSet,False,5,4000,5,exp1_permuted_src_datasets
745,2008.689388158,1.0,1739238067.4860122,,,,,,,0.0001599625829840079,1.0,0.001,1,16,84x84,PrototypicalNetwork,3,3,BreaKHis_formatted,miniImageNet_SOTA_trainSet,False,5,4000,5,exp1_permuted_src_datasets
746,2008.738009869,1.0,1739238067.5346348,,,,,,,0.00029848830308765173,1.0,0.001,1,16,84x84,PrototypicalNetwork,3,3,BreaKHis_formatted,miniImageNet_SOTA_trainSet,False,5,4000,5,exp1_permuted_src_datasets
747,2008.785639948,1.0,1739238067.5822408,,,,,,,3.429032949497923e-05,1.0,0.001,1,16,84x84,PrototypicalNetwork,3,3,BreaKHis_formatted,miniImageNet_SOTA_trainSet,False,5,4000,5,exp1_permuted_src_datasets
748,2008.848473163,1.0,1739238067.645119,,,,,,,0.0018878240371122956,1.0,0.001,1,16,84x84,PrototypicalNetwork,3,3,BreaKHis_formatted,miniImageNet_SOTA_trainSet,False,5,4000,5,exp1_permuted_src_datasets
749,2008.897102079,1.0,1739238067.6935916,,,,,,,0.00011012194590875879,1.0,0.001,1,16,84x84,PrototypicalNetwork,3,3,BreaKHis_formatted,miniImageNet_SOTA_trainSet,False,5,4000,5,exp1_permuted_src_datasets
750,2008.946528517,1.0,1739238067.7430303,,,,,,,0.0026091604959219694,1.0,0.001,1,16,84x84,PrototypicalNetwork,3,3,BreaKHis_formatted,miniImageNet_SOTA_trainSet,False,5,4000,5,exp1_permuted_src_datasets
751,2009.021608671,1.0,1739238067.8182147,,,,,,,0.00015042895392980427,1.0,0.001,1,16,84x84,PrototypicalNetwork,3,3,BreaKHis_formatted,miniImageNet_SOTA_trainSet,False,5,4000,5,exp1_permuted_src_datasets
752,2009.065353112,1.0,1739238067.8619475,,,,,,,0.000263159949099645,1.0,0.001,1,16,84x84,PrototypicalNetwork,3,3,BreaKHis_formatted,miniImageNet_SOTA_trainSet,False,5,4000,5,exp1_permuted_src_datasets
753,2009.105931072,1.0,1739238067.9025557,,,,,,,0.00016680314729455858,1.0,0.001,1,16,84x84,PrototypicalNetwork,3,3,BreaKHis_formatted,miniImageNet_SOTA_trainSet,False,5,4000,5,exp1_permuted_src_datasets
754,2009.153755633,1.0,1739238067.95035,,,,,,,0.00010148467845283449,1.0,0.001,1,16,84x84,PrototypicalNetwork,3,3,BreaKHis_formatted,miniImageNet_SOTA_trainSet,False,5,4000,5,exp1_permuted_src_datasets
755,2009.210501235,1.0,1739238068.0071244,,,,,,,5.170507574803196e-05,1.0,0.001,1,16,84x84,PrototypicalNetwork,3,3,BreaKHis_formatted,miniImageNet_SOTA_trainSet,False,5,4000,5,exp1_permuted_src_datasets
756,2009.258749563,1.0,1739238068.0553665,,,,,,,0.000419256160967052,1.0,0.001,1,16,84x84,PrototypicalNetwork,3,3,BreaKHis_formatted,miniImageNet_SOTA_trainSet,False,5,4000,5,exp1_permuted_src_datasets
757,2292.777234878,1.0,1739238351.5329645,,,,,,0.5082499985694885,,,0.001,1,16,84x84,PrototypicalNetwork,3,3,BreaKHis_formatted,miniImageNet_SOTA_trainSet,False,5,4000,5,exp1_permuted_src_datasets
758,2292.777272826,1.0,1739238351.570593,,,,,,,0.00011436061322456226,1.0,0.001,1,16,84x84,PrototypicalNetwork,3,3,BreaKHis_formatted,miniImageNet_SOTA_trainSet,False,5,4000,5,exp1_permuted_src_datasets
759,2292.822014839,1.0,1739238351.6186643,,,,,,,0.00014084884605836123,1.0,0.001,1,16,84x84,PrototypicalNetwork,3,3,BreaKHis_formatted,miniImageNet_SOTA_trainSet,False,5,4000,5,exp1_permuted_src_datasets
760,2292.866035611,1.0,1739238351.6626735,,,,,,,0.0001105759511119686,1.0,0.001,1,16,84x84,PrototypicalNetwork,3,3,BreaKHis_formatted,miniImageNet_SOTA_trainSet,False,5,4000,5,exp1_permuted_src_datasets
761,2292.921706008,1.0,1739238351.7183464,,,,,,,0.0004832013219129294,1.0,0.001,1,16,84x84,PrototypicalNetwork,3,3,BreaKHis_formatted,miniImageNet_SOTA_trainSet,False,5,4000,5,exp1_permuted_src_datasets
762,2292.969902444,1.0,1739238351.7665224,,,,,,,6.736000068485737e-05,1.0,0.001,1,16,84x84,PrototypicalNetwork,3,3,BreaKHis_formatted,miniImageNet_SOTA_trainSet,False,5,4000,5,exp1_permuted_src_datasets
763,2293.008070621,1.0,1739238351.8047044,,,,,,,0.00019922194769605994,1.0,0.001,1,16,84x84,PrototypicalNetwork,3,3,BreaKHis_formatted,miniImageNet_SOTA_trainSet,False,5,4000,5,exp1_permuted_src_datasets
764,2293.049511242,1.0,1739238351.8461547,,,,,,,0.0003409034397918731,1.0,0.001,1,16,84x84,PrototypicalNetwork,3,3,BreaKHis_formatted,miniImageNet_SOTA_trainSet,False,5,4000,5,exp1_permuted_src_datasets
765,2293.088927877,1.0,1739238351.8855631,,,,,,,0.0003404906310606748,1.0,0.001,1,16,84x84,PrototypicalNetwork,3,3,BreaKHis_formatted,miniImageNet_SOTA_trainSet,False,5,4000,5,exp1_permuted_src_datasets
766,2293.126890644,1.0,1739238351.9235213,,,,,,,6.207034311955795e-05,1.0,0.001,1,16,84x84,PrototypicalNetwork,3,3,BreaKHis_formatted,miniImageNet_SOTA_trainSet,False,5,4000,5,exp1_permuted_src_datasets
767,2293.16843111,1.0,1739238351.9649928,,,,,,,0.00043647814891301095,1.0,0.001,1,16,84x84,PrototypicalNetwork,3,3,BreaKHis_formatted,miniImageNet_SOTA_trainSet,False,5,4000,5,exp1_permuted_src_datasets
768,2293.218631099,1.0,1739238352.0152404,,,,,,,0.0002187290956499055,1.0,0.001,1,16,84x84,PrototypicalNetwork,3,3,BreaKHis_formatted,miniImageNet_SOTA_trainSet,False,5,4000,5,exp1_permuted_src_datasets
769,2293.257892498,1.0,1739238352.0545044,,,,,,,8.222122414736077e-05,1.0,0.001,1,16,84x84,PrototypicalNetwork,3,3,BreaKHis_formatted,miniImageNet_SOTA_trainSet,False,5,4000,5,exp1_permuted_src_datasets
770,2293.297787549,1.0,1739238352.0944188,,,,,,,0.00020774954464286566,1.0,0.001,1,16,84x84,PrototypicalNetwork,3,3,BreaKHis_formatted,miniImageNet_SOTA_trainSet,False,5,4000,5,exp1_permuted_src_datasets
771,2293.33828332,1.0,1739238352.1348844,,,,,,,0.0003662440867628902,1.0,0.001,1,16,84x84,PrototypicalNetwork,3,3,BreaKHis_formatted,miniImageNet_SOTA_trainSet,False,5,4000,5,exp1_permuted_src_datasets
772,2293.378681674,1.0,1739238352.175317,,,,,,,0.00028016773285344243,1.0,0.001,1,16,84x84,PrototypicalNetwork,3,3,BreaKHis_formatted,miniImageNet_SOTA_trainSet,False,5,4000,5,exp1_permuted_src_datasets
773,2293.418386304,1.0,1739238352.2150285,,,,,,,3.0020017220522277e-05,1.0,0.001,1,16,84x84,PrototypicalNetwork,3,3,BreaKHis_formatted,miniImageNet_SOTA_trainSet,False,5,4000,5,exp1_permuted_src_datasets
774,2293.457494023,1.0,1739238352.2541137,,,,,,,0.004864379297941923,1.0,0.001,1,16,84x84,PrototypicalNetwork,3,3,BreaKHis_formatted,miniImageNet_SOTA_trainSet,False,5,4000,5,exp1_permuted_src_datasets
775,2293.542692141,1.0,1739238352.3392813,,,,,,,0.0004636785888578743,1.0,0.001,1,16,84x84,PrototypicalNetwork,3,3,BreaKHis_formatted,miniImageNet_SOTA_trainSet,False,5,4000,5,exp1_permuted_src_datasets
776,2293.582859361,1.0,1739238352.3794959,,,,,,,0.0002517802349757403,1.0,0.001,1,16,84x84,PrototypicalNetwork,3,3,BreaKHis_formatted,miniImageNet_SOTA_trainSet,False,5,4000,5,exp1_permuted_src_datasets
777,2293.630953254,1.0,1739238352.427578,,,,,,,4.284013630240224e-05,1.0,0.001,1,16,84x84,PrototypicalNetwork,3,3,BreaKHis_formatted,miniImageNet_SOTA_trainSet,False,5,4000,5,exp1_permuted_src_datasets
778,2293.670258442,1.0,1739238352.4669213,,,,,,,0.0003899166185874492,1.0,0.001,1,16,84x84,PrototypicalNetwork,3,3,BreaKHis_formatted,miniImageNet_SOTA_trainSet,False,5,4000,5,exp1_permuted_src_datasets
779,2293.713792541,1.0,1739238352.510423,,,,,,,6.359931285260245e-05,1.0,0.001,1,16,84x84,PrototypicalNetwork,3,3,BreaKHis_formatted,miniImageNet_SOTA_trainSet,False,5,4000,5,exp1_permuted_src_datasets
780,2293.752209201,1.0,1739238352.5488162,,,,,,,2.5203999030054547e-05,1.0,0.001,1,16,84x84,PrototypicalNetwork,3,3,BreaKHis_formatted,miniImageNet_SOTA_trainSet,False,5,4000,5,exp1_permuted_src_datasets
781,2293.793455944,1.0,1739238352.5900826,,,,,,,7.945746619952843e-05,1.0,0.001,1,16,84x84,PrototypicalNetwork,3,3,BreaKHis_formatted,miniImageNet_SOTA_trainSet,False,5,4000,5,exp1_permuted_src_datasets
782,2293.832550091,1.0,1739238352.6291828,,,,,,,0.0002291935816174373,1.0,0.001,1,16,84x84,PrototypicalNetwork,3,3,BreaKHis_formatted,miniImageNet_SOTA_trainSet,False,5,4000,5,exp1_permuted_src_datasets
783,2293.872279185,1.0,1739238352.668896,,,,,,,0.00013268629845697433,1.0,0.001,1,16,84x84,PrototypicalNetwork,3,3,BreaKHis_formatted,miniImageNet_SOTA_trainSet,False,5,4000,5,exp1_permuted_src_datasets
784,2293.91131814,1.0,1739238352.7079723,,,,,,,0.00013287682668305933,1.0,0.001,1,16,84x84,PrototypicalNetwork,3,3,BreaKHis_formatted,miniImageNet_SOTA_trainSet,False,5,4000,5,exp1_permuted_src_datasets
785,2293.951633908,1.0,1739238352.7482245,,,,,,,6.762275734217837e-05,1.0,0.001,1,16,84x84,PrototypicalNetwork,3,3,BreaKHis_formatted,miniImageNet_SOTA_trainSet,False,5,4000,5,exp1_permuted_src_datasets
786,2294.006495166,1.0,1739238352.80308,,,,,,,8.072763012023643e-05,1.0,0.001,1,16,84x84,PrototypicalNetwork,3,3,BreaKHis_formatted,miniImageNet_SOTA_trainSet,False,5,4000,5,exp1_permuted_src_datasets
787,2294.063366697,1.0,1739238352.8599043,,,,,,,0.00010412433766759932,1.0,0.001,1,16,84x84,PrototypicalNetwork,3,3,BreaKHis_formatted,miniImageNet_SOTA_trainSet,False,5,4000,5,exp1_permuted_src_datasets
788,2294.122468354,1.0,1739238352.9190986,,,,,,,4.504480239120312e-05,1.0,0.001,1,16,84x84,PrototypicalNetwork,3,3,BreaKHis_formatted,miniImageNet_SOTA_trainSet,False,5,4000,5,exp1_permuted_src_datasets
789,2294.173846154,1.0,1739238352.9704196,,,,,,,0.00018239898781757802,1.0,0.001,1,16,84x84,PrototypicalNetwork,3,3,BreaKHis_formatted,miniImageNet_SOTA_trainSet,False,5,4000,5,exp1_permuted_src_datasets
790,2294.216154118,1.0,1739238353.0127864,,,,,,,0.0002101447753375396,1.0,0.001,1,16,84x84,PrototypicalNetwork,3,3,BreaKHis_formatted,miniImageNet_SOTA_trainSet,False,5,4000,5,exp1_permuted_src_datasets
791,2294.257581763,1.0,1739238353.0542166,,,,,,,0.0007233088253997266,1.0,0.001,1,16,84x84,PrototypicalNetwork,3,3,BreaKHis_formatted,miniImageNet_SOTA_trainSet,False,5,4000,5,exp1_permuted_src_datasets
792,2294.297026935,1.0,1739238353.0936537,,,,,,,8.031451579881832e-05,1.0,0.001,1,16,84x84,PrototypicalNetwork,3,3,BreaKHis_formatted,miniImageNet_SOTA_trainSet,False,5,4000,5,exp1_permuted_src_datasets
793,2294.338769434,1.0,1739238353.1353815,,,,,,,4.738338975585066e-05,1.0,0.001,1,16,84x84,PrototypicalNetwork,3,3,BreaKHis_formatted,miniImageNet_SOTA_trainSet,False,5,4000,5,exp1_permuted_src_datasets
794,2294.386465386,1.0,1739238353.1830237,,,,,,,6.744479469489306e-05,1.0,0.001,1,16,84x84,PrototypicalNetwork,3,3,BreaKHis_formatted,miniImageNet_SOTA_trainSet,False,5,4000,5,exp1_permuted_src_datasets
795,2294.446930596,1.0,1739238353.2435172,,,,,,,0.0004004058428108692,1.0,0.001,1,16,84x84,PrototypicalNetwork,3,3,BreaKHis_formatted,miniImageNet_SOTA_trainSet,False,5,4000,5,exp1_permuted_src_datasets
796,2294.487087321,1.0,1739238353.2836359,,,,,,,0.00039656509761698544,1.0,0.001,1,16,84x84,PrototypicalNetwork,3,3,BreaKHis_formatted,miniImageNet_SOTA_trainSet,False,5,4000,5,exp1_permuted_src_datasets
797,2294.540659481,1.0,1739238353.3372924,,,,,,,6.982660852372646e-05,1.0,0.001,1,16,84x84,PrototypicalNetwork,3,3,BreaKHis_formatted,miniImageNet_SOTA_trainSet,False,5,4000,5,exp1_permuted_src_datasets
798,2294.583731544,1.0,1739238353.3803413,,,,,,,8.631826494820416e-05,1.0,0.001,1,16,84x84,PrototypicalNetwork,3,3,BreaKHis_formatted,miniImageNet_SOTA_trainSet,False,5,4000,5,exp1_permuted_src_datasets
799,2294.626591997,1.0,1739238353.423208,,,,,,,4.245058516971767e-05,1.0,0.001,1,16,84x84,PrototypicalNetwork,3,3,BreaKHis_formatted,miniImageNet_SOTA_trainSet,False,5,4000,5,exp1_permuted_src_datasets
800,2294.671786034,1.0,1739238353.46837,,,,,,,0.0001079576977645047,1.0,0.001,1,16,84x84,PrototypicalNetwork,3,3,BreaKHis_formatted,miniImageNet_SOTA_trainSet,False,5,4000,5,exp1_permuted_src_datasets
801,2294.713603634,1.0,1739238353.5102272,,,,,,,3.586901584640145e-05,1.0,0.001,1,16,84x84,PrototypicalNetwork,3,3,BreaKHis_formatted,miniImageNet_SOTA_trainSet,False,5,4000,5,exp1_permuted_src_datasets
802,2294.752899817,1.0,1739238353.5495265,,,,,,,0.00015269166033249348,1.0,0.001,1,16,84x84,PrototypicalNetwork,3,3,BreaKHis_formatted,miniImageNet_SOTA_trainSet,False,5,4000,5,exp1_permuted_src_datasets
803,2294.79303661,1.0,1739238353.5896702,,,,,,,8.851345046423376e-05,1.0,0.001,1,16,84x84,PrototypicalNetwork,3,3,BreaKHis_formatted,miniImageNet_SOTA_trainSet,False,5,4000,5,exp1_permuted_src_datasets
804,2294.838032953,1.0,1739238353.6346471,,,,,,,0.00023860875808168203,1.0,0.001,1,16,84x84,PrototypicalNetwork,3,3,BreaKHis_formatted,miniImageNet_SOTA_trainSet,False,5,4000,5,exp1_permuted_src_datasets
805,2294.879319349,1.0,1739238353.6758878,,,,,,,7.179841486504301e-05,1.0,0.001,1,16,84x84,PrototypicalNetwork,3,3,BreaKHis_formatted,miniImageNet_SOTA_trainSet,False,5,4000,5,exp1_permuted_src_datasets
806,2294.927402183,1.0,1739238353.7239878,,,,,,,3.796103919739835e-05,1.0,0.001,1,16,84x84,PrototypicalNetwork,3,3,BreaKHis_formatted,miniImageNet_SOTA_trainSet,False,5,4000,5,exp1_permuted_src_datasets
807,2294.970446196,1.0,1739238353.7670717,,,,,,,9.146571392193437e-05,1.0,0.001,1,16,84x84,PrototypicalNetwork,3,3,BreaKHis_formatted,miniImageNet_SOTA_trainSet,False,5,4000,5,exp1_permuted_src_datasets
808,2295.011383624,1.0,1739238353.8080359,,,,,,,8.438698569079861e-05,1.0,0.001,1,16,84x84,PrototypicalNetwork,3,3,BreaKHis_formatted,miniImageNet_SOTA_trainSet,False,5,4000,5,exp1_permuted_src_datasets
809,2295.052664916,1.0,1739238353.8493006,,,,,,,5.123295704834163e-05,1.0,0.001,1,16,84x84,PrototypicalNetwork,3,3,BreaKHis_formatted,miniImageNet_SOTA_trainSet,False,5,4000,5,exp1_permuted_src_datasets
810,2295.120377739,1.0,1739238353.9169784,,,,,,,4.131762034376152e-05,1.0,0.001,1,16,84x84,PrototypicalNetwork,3,3,BreaKHis_formatted,miniImageNet_SOTA_trainSet,False,5,4000,5,exp1_permuted_src_datasets
811,2295.163320122,1.0,1739238353.9598863,,,,,,,0.00023050530580803752,1.0,0.001,1,16,84x84,PrototypicalNetwork,3,3,BreaKHis_formatted,miniImageNet_SOTA_trainSet,False,5,4000,5,exp1_permuted_src_datasets
812,2295.215898905,1.0,1739238354.0125172,,,,,,,4.204828292131424e-05,1.0,0.001,1,16,84x84,PrototypicalNetwork,3,3,BreaKHis_formatted,miniImageNet_SOTA_trainSet,False,5,4000,5,exp1_permuted_src_datasets
813,2295.257972598,1.0,1739238354.054508,,,,,,,0.0002614168624859303,1.0,0.001,1,16,84x84,PrototypicalNetwork,3,3,BreaKHis_formatted,miniImageNet_SOTA_trainSet,False,5,4000,5,exp1_permuted_src_datasets
814,2295.300744679,1.0,1739238354.0973542,,,,,,,0.0002930843911599368,1.0,0.001,1,16,84x84,PrototypicalNetwork,3,3,BreaKHis_formatted,miniImageNet_SOTA_trainSet,False,5,4000,5,exp1_permuted_src_datasets
815,2295.356109748,1.0,1739238354.152724,,,,,,,0.0036379380617290735,1.0,0.001,1,16,84x84,PrototypicalNetwork,3,3,BreaKHis_formatted,miniImageNet_SOTA_trainSet,False,5,4000,5,exp1_permuted_src_datasets
816,2295.394552914,1.0,1739238354.191173,,,,,,,3.793933501583524e-05,1.0,0.001,1,16,84x84,PrototypicalNetwork,3,3,BreaKHis_formatted,miniImageNet_SOTA_trainSet,False,5,4000,5,exp1_permuted_src_datasets
817,2295.433139797,1.0,1739238354.2297316,,,,,,,2.500994196452666e-05,1.0,0.001,1,16,84x84,PrototypicalNetwork,3,3,BreaKHis_formatted,miniImageNet_SOTA_trainSet,False,5,4000,5,exp1_permuted_src_datasets
818,2295.484018336,1.0,1739238354.2806458,,,,,,,0.002986876992508769,1.0,0.001,1,16,84x84,PrototypicalNetwork,3,3,BreaKHis_formatted,miniImageNet_SOTA_trainSet,False,5,4000,5,exp1_permuted_src_datasets
819,2295.537881709,1.0,1739238354.3346183,,,,,,,5.080185292172246e-05,1.0,0.001,1,16,84x84,PrototypicalNetwork,3,3,BreaKHis_formatted,miniImageNet_SOTA_trainSet,False,5,4000,5,exp1_permuted_src_datasets
820,2580.805246155,1.0,1739238639.5598385,,,,,,0.5102499977350236,,,0.001,1,16,84x84,PrototypicalNetwork,3,3,BreaKHis_formatted,miniImageNet_SOTA_trainSet,False,5,4000,5,exp1_permuted_src_datasets
821,2580.805293404,1.0,1739238639.6007252,,,,,,,9.956319263437763e-05,1.0,0.001,1,16,84x84,PrototypicalNetwork,3,3,BreaKHis_formatted,miniImageNet_SOTA_trainSet,False,5,4000,5,exp1_permuted_src_datasets
822,2580.845972784,1.0,1739238639.642605,,,,,,,0.00042192955152131617,1.0,0.001,1,16,84x84,PrototypicalNetwork,3,3,BreaKHis_formatted,miniImageNet_SOTA_trainSet,False,5,4000,5,exp1_permuted_src_datasets
823,2580.887467571,1.0,1739238639.684142,,,,,,,0.0004519188078120351,1.0,0.001,1,16,84x84,PrototypicalNetwork,3,3,BreaKHis_formatted,miniImageNet_SOTA_trainSet,False,5,4000,5,exp1_permuted_src_datasets
824,2580.929950753,1.0,1739238639.7265806,,,,,,,0.00015550205716863275,1.0,0.001,1,16,84x84,PrototypicalNetwork,3,3,BreaKHis_formatted,miniImageNet_SOTA_trainSet,False,5,4000,5,exp1_permuted_src_datasets
825,2580.974882138,1.0,1739238639.7715397,,,,,,,0.0052462127059698105,1.0,0.001,1,16,84x84,PrototypicalNetwork,3,3,BreaKHis_formatted,miniImageNet_SOTA_trainSet,False,5,4000,5,exp1_permuted_src_datasets
826,2581.016608697,1.0,1739238639.8132439,,,,,,,0.0003548612876329571,1.0,0.001,1,16,84x84,PrototypicalNetwork,3,3,BreaKHis_formatted,miniImageNet_SOTA_trainSet,False,5,4000,5,exp1_permuted_src_datasets
827,2581.059575283,1.0,1739238639.856241,,,,,,,0.00011392342275939882,1.0,0.001,1,16,84x84,PrototypicalNetwork,3,3,BreaKHis_formatted,miniImageNet_SOTA_trainSet,False,5,4000,5,exp1_permuted_src_datasets
828,2581.102695028,1.0,1739238639.8993433,,,,,,,0.0003813285438809544,1.0,0.001,1,16,84x84,PrototypicalNetwork,3,3,BreaKHis_formatted,miniImageNet_SOTA_trainSet,False,5,4000,5,exp1_permuted_src_datasets
829,2581.143331043,1.0,1739238639.9399476,,,,,,,0.00015410159539896995,1.0,0.001,1,16,84x84,PrototypicalNetwork,3,3,BreaKHis_formatted,miniImageNet_SOTA_trainSet,False,5,4000,5,exp1_permuted_src_datasets
830,2581.192096028,1.0,1739238639.9886796,,,,,,,4.786775753018446e-05,1.0,0.001,1,16,84x84,PrototypicalNetwork,3,3,BreaKHis_formatted,miniImageNet_SOTA_trainSet,False,5,4000,5,exp1_permuted_src_datasets
831,2581.236056908,1.0,1739238640.0326734,,,,,,,0.00014888812438584864,1.0,0.001,1,16,84x84,PrototypicalNetwork,3,3,BreaKHis_formatted,miniImageNet_SOTA_trainSet,False,5,4000,5,exp1_permuted_src_datasets
832,2581.290958297,1.0,1739238640.087532,,,,,,,7.267182809300721e-05,1.0,0.001,1,16,84x84,PrototypicalNetwork,3,3,BreaKHis_formatted,miniImageNet_SOTA_trainSet,False,5,4000,5,exp1_permuted_src_datasets
833,2581.333993503,1.0,1739238640.1305761,,,,,,,0.00010479297634446993,1.0,0.001,1,16,84x84,PrototypicalNetwork,3,3,BreaKHis_formatted,miniImageNet_SOTA_trainSet,False,5,4000,5,exp1_permuted_src_datasets
834,2581.374723286,1.0,1739238640.1713243,,,,,,,4.914056626148522e-05,1.0,0.001,1,16,84x84,PrototypicalNetwork,3,3,BreaKHis_formatted,miniImageNet_SOTA_trainSet,False,5,4000,5,exp1_permuted_src_datasets
835,2581.418299909,1.0,1739238640.2149305,,,,,,,6.069882874726318e-05,1.0,0.001,1,16,84x84,PrototypicalNetwork,3,3,BreaKHis_formatted,miniImageNet_SOTA_trainSet,False,5,4000,5,exp1_permuted_src_datasets
836,2581.466333473,1.0,1739238640.2629046,,,,,,,0.0011438375804573298,1.0,0.001,1,16,84x84,PrototypicalNetwork,3,3,BreaKHis_formatted,miniImageNet_SOTA_trainSet,False,5,4000,5,exp1_permuted_src_datasets
837,2581.509590789,1.0,1739238640.3062115,,,,,,,0.00035006189136765897,1.0,0.001,1,16,84x84,PrototypicalNetwork,3,3,BreaKHis_formatted,miniImageNet_SOTA_trainSet,False,5,4000,5,exp1_permuted_src_datasets
838,2581.551834044,1.0,1739238640.348453,,,,,,,1.908723970700521e-05,1.0,0.001,1,16,84x84,PrototypicalNetwork,3,3,BreaKHis_formatted,miniImageNet_SOTA_trainSet,False,5,4000,5,exp1_permuted_src_datasets
839,2581.603542295,1.0,1739238640.400057,,,,,,,3.7066438380861655e-05,1.0,0.001,1,16,84x84,PrototypicalNetwork,3,3,BreaKHis_formatted,miniImageNet_SOTA_trainSet,False,5,4000,5,exp1_permuted_src_datasets
840,2581.669859893,1.0,1739238640.4665084,,,,,,,2.4819475584081374e-05,1.0,0.001,1,16,84x84,PrototypicalNetwork,3,3,BreaKHis_formatted,miniImageNet_SOTA_trainSet,False,5,4000,5,exp1_permuted_src_datasets
841,2581.719346479,1.0,1739238640.515966,,,,,,,3.449519499554299e-05,1.0,0.001,1,16,84x84,PrototypicalNetwork,3,3,BreaKHis_formatted,miniImageNet_SOTA_trainSet,False,5,4000,5,exp1_permuted_src_datasets
842,2581.767655909,1.0,1739238640.5642962,,,,,,,4.348505171947181e-05,1.0,0.001,1,16,84x84,PrototypicalNetwork,3,3,BreaKHis_formatted,miniImageNet_SOTA_trainSet,False,5,4000,5,exp1_permuted_src_datasets
843,2581.816464861,1.0,1739238640.6130903,,,,,,,8.484919089823961e-05,1.0,0.001,1,16,84x84,PrototypicalNetwork,3,3,BreaKHis_formatted,miniImageNet_SOTA_trainSet,False,5,4000,5,exp1_permuted_src_datasets
844,2581.854452731,1.0,1739238640.651094,,,,,,,2.5972309231292456e-05,1.0,0.001,1,16,84x84,PrototypicalNetwork,3,3,BreaKHis_formatted,miniImageNet_SOTA_trainSet,False,5,4000,5,exp1_permuted_src_datasets
845,2581.905321764,1.0,1739238640.7018628,,,,,,,0.00031062591006048024,1.0,0.001,1,16,84x84,PrototypicalNetwork,3,3,BreaKHis_formatted,miniImageNet_SOTA_trainSet,False,5,4000,5,exp1_permuted_src_datasets
846,2581.947533367,1.0,1739238640.7441206,,,,,,,6.569599645445123e-05,1.0,0.001,1,16,84x84,PrototypicalNetwork,3,3,BreaKHis_formatted,miniImageNet_SOTA_trainSet,False,5,4000,5,exp1_permuted_src_datasets
847,2581.990499135,1.0,1739238640.7870927,,,,,,,0.00028514539008028805,1.0,0.001,1,16,84x84,PrototypicalNetwork,3,3,BreaKHis_formatted,miniImageNet_SOTA_trainSet,False,5,4000,5,exp1_permuted_src_datasets
848,2582.029115002,1.0,1739238640.8257337,,,,,,,2.3477672584704123e-05,1.0,0.001,1,16,84x84,PrototypicalNetwork,3,3,BreaKHis_formatted,miniImageNet_SOTA_trainSet,False,5,4000,5,exp1_permuted_src_datasets
849,2582.081039103,1.0,1739238640.8776896,,,,,,,2.692667294468265e-05,1.0,0.001,1,16,84x84,PrototypicalNetwork,3,3,BreaKHis_formatted,miniImageNet_SOTA_trainSet,False,5,4000,5,exp1_permuted_src_datasets
850,2582.12383872,1.0,1739238640.9203799,,,,,,,1.9383134713280015e-05,1.0,0.001,1,16,84x84,PrototypicalNetwork,3,3,BreaKHis_formatted,miniImageNet_SOTA_trainSet,False,5,4000,5,exp1_permuted_src_datasets
851,2582.16221794,1.0,1739238640.9588733,,,,,,,3.717931031133048e-05,1.0,0.001,1,16,84x84,PrototypicalNetwork,3,3,BreaKHis_formatted,miniImageNet_SOTA_trainSet,False,5,4000,5,exp1_permuted_src_datasets
852,2582.206370893,1.0,1739238641.0029478,,,,,,,3.2826621463755146e-05,1.0,0.001,1,16,84x84,PrototypicalNetwork,3,3,BreaKHis_formatted,miniImageNet_SOTA_trainSet,False,5,4000,5,exp1_permuted_src_datasets
853,2582.24638735,1.0,1739238641.042988,,,,,,,7.899943739175797e-06,1.0,0.001,1,16,84x84,PrototypicalNetwork,3,3,BreaKHis_formatted,miniImageNet_SOTA_trainSet,False,5,4000,5,exp1_permuted_src_datasets
854,2582.297371864,1.0,1739238641.0939362,,,,,,,1.4369092241395265e-05,1.0,0.001,1,16,84x84,PrototypicalNetwork,3,3,BreaKHis_formatted,miniImageNet_SOTA_trainSet,False,5,4000,5,exp1_permuted_src_datasets
855,2582.344539797,1.0,1739238641.1411712,,,,,,,5.915932706557214e-05,1.0,0.001,1,16,84x84,PrototypicalNetwork,3,3,BreaKHis_formatted,miniImageNet_SOTA_trainSet,False,5,4000,5,exp1_permuted_src_datasets
856,2582.392285396,1.0,1739238641.188928,,,,,,,7.425617241096916e-06,1.0,0.001,1,16,84x84,PrototypicalNetwork,3,3,BreaKHis_formatted,miniImageNet_SOTA_trainSet,False,5,4000,5,exp1_permuted_src_datasets
857,2582.43715669,1.0,1739238641.23369,,,,,,,2.951176429633051e-05,1.0,0.001,1,16,84x84,PrototypicalNetwork,3,3,BreaKHis_formatted,miniImageNet_SOTA_trainSet,False,5,4000,5,exp1_permuted_src_datasets
858,2582.483987007,1.0,1739238641.2806067,,,,,,,2.958848199341446e-05,1.0,0.001,1,16,84x84,PrototypicalNetwork,3,3,BreaKHis_formatted,miniImageNet_SOTA_trainSet,False,5,4000,5,exp1_permuted_src_datasets
859,2582.524245484,1.0,1739238641.320829,,,,,,,4.737913332064636e-05,1.0,0.001,1,16,84x84,PrototypicalNetwork,3,3,BreaKHis_formatted,miniImageNet_SOTA_trainSet,False,5,4000,5,exp1_permuted_src_datasets
860,2582.566899572,1.0,1739238641.3635375,,,,,,,2.3013315512798727e-05,1.0,0.001,1,16,84x84,PrototypicalNetwork,3,3,BreaKHis_formatted,miniImageNet_SOTA_trainSet,False,5,4000,5,exp1_permuted_src_datasets
861,2582.612801783,1.0,1739238641.4093754,,,,,,,3.882665987475775e-05,1.0,0.001,1,16,84x84,PrototypicalNetwork,3,3,BreaKHis_formatted,miniImageNet_SOTA_trainSet,False,5,4000,5,exp1_permuted_src_datasets
862,2582.655986225,1.0,1739238641.4525986,,,,,,,1.6447205780423246e-05,1.0,0.001,1,16,84x84,PrototypicalNetwork,3,3,BreaKHis_formatted,miniImageNet_SOTA_trainSet,False,5,4000,5,exp1_permuted_src_datasets
863,2582.704979069,1.0,1739238641.5016062,,,,,,,1.7765703887562267e-05,1.0,0.001,1,16,84x84,PrototypicalNetwork,3,3,BreaKHis_formatted,miniImageNet_SOTA_trainSet,False,5,4000,5,exp1_permuted_src_datasets
864,2582.74472914,1.0,1739238641.5412617,,,,,,,9.389312617713585e-05,1.0,0.001,1,16,84x84,PrototypicalNetwork,3,3,BreaKHis_formatted,miniImageNet_SOTA_trainSet,False,5,4000,5,exp1_permuted_src_datasets
865,2582.792955542,1.0,1739238641.5895944,,,,,,,1.39419944389374e-05,1.0,0.001,1,16,84x84,PrototypicalNetwork,3,3,BreaKHis_formatted,miniImageNet_SOTA_trainSet,False,5,4000,5,exp1_permuted_src_datasets
866,2582.83352933,1.0,1739238641.630143,,,,,,,1.5027245353849139e-05,1.0,0.001,1,16,84x84,PrototypicalNetwork,3,3,BreaKHis_formatted,miniImageNet_SOTA_trainSet,False,5,4000,5,exp1_permuted_src_datasets
867,2582.89161619,1.0,1739238641.6882527,,,,,,,2.604315523058176e-05,1.0,0.001,1,16,84x84,PrototypicalNetwork,3,3,BreaKHis_formatted,miniImageNet_SOTA_trainSet,False,5,4000,5,exp1_permuted_src_datasets
868,2582.934660846,1.0,1739238641.7312336,,,,,,,0.00016193404735531658,1.0,0.001,1,16,84x84,PrototypicalNetwork,3,3,BreaKHis_formatted,miniImageNet_SOTA_trainSet,False,5,4000,5,exp1_permuted_src_datasets
869,2582.976598878,1.0,1739238641.7732341,,,,,,,0.00020785936794709414,1.0,0.001,1,16,84x84,PrototypicalNetwork,3,3,BreaKHis_formatted,miniImageNet_SOTA_trainSet,False,5,4000,5,exp1_permuted_src_datasets
870,2583.032752235,1.0,1739238641.829456,,,,,,,1.4212134374247398e-05,1.0,0.001,1,16,84x84,PrototypicalNetwork,3,3,BreaKHis_formatted,miniImageNet_SOTA_trainSet,False,5,4000,5,exp1_permuted_src_datasets
871,2583.085269471,1.0,1739238641.8818483,,,,,,,3.1212122848955914e-05,1.0,0.001,1,16,84x84,PrototypicalNetwork,3,3,BreaKHis_formatted,miniImageNet_SOTA_trainSet,False,5,4000,5,exp1_permuted_src_datasets
872,2583.128282533,1.0,1739238641.9249153,,,,,,,5.723704452975653e-05,1.0,0.001,1,16,84x84,PrototypicalNetwork,3,3,BreaKHis_formatted,miniImageNet_SOTA_trainSet,False,5,4000,5,exp1_permuted_src_datasets
873,2583.167402311,1.0,1739238641.9640694,,,,,,,4.974129842594266e-05,1.0,0.001,1,16,84x84,PrototypicalNetwork,3,3,BreaKHis_formatted,miniImageNet_SOTA_trainSet,False,5,4000,5,exp1_permuted_src_datasets
874,2583.209215759,1.0,1739238642.0058205,,,,,,,5.7542685681255534e-05,1.0,0.001,1,16,84x84,PrototypicalNetwork,3,3,BreaKHis_formatted,miniImageNet_SOTA_trainSet,False,5,4000,5,exp1_permuted_src_datasets
875,2583.250331923,1.0,1739238642.0462599,,,,,,,6.150083936518058e-05,1.0,0.001,1,16,84x84,PrototypicalNetwork,3,3,BreaKHis_formatted,miniImageNet_SOTA_trainSet,False,5,4000,5,exp1_permuted_src_datasets
876,2583.290173672,1.0,1739238642.086834,,,,,,,2.0284262063796632e-05,1.0,0.001,1,16,84x84,PrototypicalNetwork,3,3,BreaKHis_formatted,miniImageNet_SOTA_trainSet,False,5,4000,5,exp1_permuted_src_datasets
877,2583.328259601,1.0,1739238642.1248894,,,,,,,1.4071282748773228e-05,1.0,0.001,1,16,84x84,PrototypicalNetwork,3,3,BreaKHis_formatted,miniImageNet_SOTA_trainSet,False,5,4000,5,exp1_permuted_src_datasets
878,2583.375572623,1.0,1739238642.1721885,,,,,,,1.900306233437732e-05,1.0,0.001,1,16,84x84,PrototypicalNetwork,3,3,BreaKHis_formatted,miniImageNet_SOTA_trainSet,False,5,4000,5,exp1_permuted_src_datasets
879,2583.418699809,1.0,1739238642.2153141,,,,,,,1.6666524970787577e-05,1.0,0.001,1,16,84x84,PrototypicalNetwork,3,3,BreaKHis_formatted,miniImageNet_SOTA_trainSet,False,5,4000,5,exp1_permuted_src_datasets
880,2583.462131487,1.0,1739238642.258754,,,,,,,4.69388032797724e-05,1.0,0.001,1,16,84x84,PrototypicalNetwork,3,3,BreaKHis_formatted,miniImageNet_SOTA_trainSet,False,5,4000,5,exp1_permuted_src_datasets
881,2583.50224282,1.0,1739238642.2988834,,,,,,,4.979307414032519e-05,1.0,0.001,1,16,84x84,PrototypicalNetwork,3,3,BreaKHis_formatted,miniImageNet_SOTA_trainSet,False,5,4000,5,exp1_permuted_src_datasets
882,2583.542769125,1.0,1739238642.339436,,,,,,,4.2281830246793106e-05,1.0,0.001,1,16,84x84,PrototypicalNetwork,3,3,BreaKHis_formatted,miniImageNet_SOTA_trainSet,False,5,4000,5,exp1_permuted_src_datasets
883,2866.600829193,1.0,1739238925.397613,,,,,,0.5145833333730697,,,0.001,1,16,84x84,PrototypicalNetwork,3,3,BreaKHis_formatted,miniImageNet_SOTA_trainSet,False,5,4000,5,exp1_permuted_src_datasets
884,2924.895104748,2.0,1739238983.6919005,,,,,,,,,0.001,1,16,84x84,PrototypicalNetwork,3,3,BreaKHis_formatted,miniImageNet_SOTA_trainSet,False,5,4000,5,exp1_permuted_src_datasets
885,3214.257319409,2.0,1739239273.0121527,,,,,,0.5274166662693024,,,0.001,1,16,84x84,PrototypicalNetwork,3,3,BreaKHis_formatted,miniImageNet_SOTA_trainSet,False,5,4000,5,exp1_permuted_src_datasets
886,3214.257377936,2.0,1739239273.0462735,,,,,,,0.12369269877672195,0.9375,0.001,1,16,84x84,PrototypicalNetwork,3,3,BreaKHis_formatted,miniImageNet_SOTA_trainSet,False,5,4000,5,exp1_permuted_src_datasets
887,3214.304228014,2.0,1739239273.1008594,,,,,,,0.029685571789741516,1.0,0.001,1,16,84x84,PrototypicalNetwork,3,3,BreaKHis_formatted,miniImageNet_SOTA_trainSet,False,5,4000,5,exp1_permuted_src_datasets
888,3214.350855981,2.0,1739239273.1473658,,,,,,,0.02443193458020687,1.0,0.001,1,16,84x84,PrototypicalNetwork,3,3,BreaKHis_formatted,miniImageNet_SOTA_trainSet,False,5,4000,5,exp1_permuted_src_datasets
889,3214.407500753,2.0,1739239273.2040734,,,,,,,0.04154673218727112,1.0,0.001,1,16,84x84,PrototypicalNetwork,3,3,BreaKHis_formatted,miniImageNet_SOTA_trainSet,False,5,4000,5,exp1_permuted_src_datasets
890,3214.451040335,2.0,1739239273.2477028,,,,,,,0.00715869665145874,1.0,0.001,1,16,84x84,PrototypicalNetwork,3,3,BreaKHis_formatted,miniImageNet_SOTA_trainSet,False,5,4000,5,exp1_permuted_src_datasets
891,3214.491225455,2.0,1739239273.2878458,,,,,,,0.009661964140832424,1.0,0.001,1,16,84x84,PrototypicalNetwork,3,3,BreaKHis_formatted,miniImageNet_SOTA_trainSet,False,5,4000,5,exp1_permuted_src_datasets
892,3214.532001696,2.0,1739239273.3285751,,,,,,,0.014995464123785496,1.0,0.001,1,16,84x84,PrototypicalNetwork,3,3,BreaKHis_formatted,miniImageNet_SOTA_trainSet,False,5,4000,5,exp1_permuted_src_datasets
893,3214.58177331,2.0,1739239273.3783731,,,,,,,0.0023779820185154676,1.0,0.001,1,16,84x84,PrototypicalNetwork,3,3,BreaKHis_formatted,miniImageNet_SOTA_trainSet,False,5,4000,5,exp1_permuted_src_datasets
894,3214.622710814,2.0,1739239273.4193146,,,,,,,0.0007390038226731122,1.0,0.001,1,16,84x84,PrototypicalNetwork,3,3,BreaKHis_formatted,miniImageNet_SOTA_trainSet,False,5,4000,5,exp1_permuted_src_datasets
895,3214.662658507,2.0,1739239273.4592164,,,,,,,0.0006292330217547715,1.0,0.001,1,16,84x84,PrototypicalNetwork,3,3,BreaKHis_formatted,miniImageNet_SOTA_trainSet,False,5,4000,5,exp1_permuted_src_datasets
896,3214.704110562,2.0,1739239273.5007172,,,,,,,0.0008615315891802311,1.0,0.001,1,16,84x84,PrototypicalNetwork,3,3,BreaKHis_formatted,miniImageNet_SOTA_trainSet,False,5,4000,5,exp1_permuted_src_datasets
897,3214.752884255,2.0,1739239273.5494902,,,,,,,0.0008811862207949162,1.0,0.001,1,16,84x84,PrototypicalNetwork,3,3,BreaKHis_formatted,miniImageNet_SOTA_trainSet,False,5,4000,5,exp1_permuted_src_datasets
898,3214.797466693,2.0,1739239273.594055,,,,,,,0.0005754940211772919,1.0,0.001,1,16,84x84,PrototypicalNetwork,3,3,BreaKHis_formatted,miniImageNet_SOTA_trainSet,False,5,4000,5,exp1_permuted_src_datasets
899,3214.840219783,2.0,1739239273.6368377,,,,,,,0.04502986744046211,0.9791666865348816,0.001,1,16,84x84,PrototypicalNetwork,3,3,BreaKHis_formatted,miniImageNet_SOTA_trainSet,False,5,4000,5,exp1_permuted_src_datasets
900,3214.886698571,2.0,1739239273.6833227,,,,,,,0.036122292280197144,1.0,0.001,1,16,84x84,PrototypicalNetwork,3,3,BreaKHis_formatted,miniImageNet_SOTA_trainSet,False,5,4000,5,exp1_permuted_src_datasets
901,3214.937891966,2.0,1739239273.7345324,,,,,,,0.0051694950088858604,1.0,0.001,1,16,84x84,PrototypicalNetwork,3,3,BreaKHis_formatted,miniImageNet_SOTA_trainSet,False,5,4000,5,exp1_permuted_src_datasets
902,3214.979058664,2.0,1739239273.775671,,,,,,,0.0006662267842330039,1.0,0.001,1,16,84x84,PrototypicalNetwork,3,3,BreaKHis_formatted,miniImageNet_SOTA_trainSet,False,5,4000,5,exp1_permuted_src_datasets
903,3215.028440962,2.0,1739239273.8250012,,,,,,,0.0034059041645377874,1.0,0.001,1,16,84x84,PrototypicalNetwork,3,3,BreaKHis_formatted,miniImageNet_SOTA_trainSet,False,5,4000,5,exp1_permuted_src_datasets
904,3215.070843116,2.0,1739239273.8674886,,,,,,,0.010118241421878338,1.0,0.001,1,16,84x84,PrototypicalNetwork,3,3,BreaKHis_formatted,miniImageNet_SOTA_trainSet,False,5,4000,5,exp1_permuted_src_datasets
905,3215.111151479,2.0,1739239273.9078057,,,,,,,0.001382222049869597,1.0,0.001,1,16,84x84,PrototypicalNetwork,3,3,BreaKHis_formatted,miniImageNet_SOTA_trainSet,False,5,4000,5,exp1_permuted_src_datasets
906,3215.151307482,2.0,1739239273.9479132,,,,,,,0.0003000019059982151,1.0,0.001,1,16,84x84,PrototypicalNetwork,3,3,BreaKHis_formatted,miniImageNet_SOTA_trainSet,False,5,4000,5,exp1_permuted_src_datasets
907,3215.195163207,2.0,1739239273.991766,,,,,,,0.00424049561843276,1.0,0.001,1,16,84x84,PrototypicalNetwork,3,3,BreaKHis_formatted,miniImageNet_SOTA_trainSet,False,5,4000,5,exp1_permuted_src_datasets
908,3215.242593959,2.0,1739239274.0392168,,,,,,,0.0018136193975806236,1.0,0.001,1,16,84x84,PrototypicalNetwork,3,3,BreaKHis_formatted,miniImageNet_SOTA_trainSet,False,5,4000,5,exp1_permuted_src_datasets
909,3215.309904744,2.0,1739239274.1065087,,,,,,,0.001121633336879313,1.0,0.001,1,16,84x84,PrototypicalNetwork,3,3,BreaKHis_formatted,miniImageNet_SOTA_trainSet,False,5,4000,5,exp1_permuted_src_datasets
910,3215.364555142,2.0,1739239274.1611364,,,,,,,0.02352825738489628,0.9791666865348816,0.001,1,16,84x84,PrototypicalNetwork,3,3,BreaKHis_formatted,miniImageNet_SOTA_trainSet,False,5,4000,5,exp1_permuted_src_datasets
911,3215.417884145,2.0,1739239274.2144969,,,,,,,0.001411363948136568,1.0,0.001,1,16,84x84,PrototypicalNetwork,3,3,BreaKHis_formatted,miniImageNet_SOTA_trainSet,False,5,4000,5,exp1_permuted_src_datasets
912,3215.46524721,2.0,1739239274.261901,,,,,,,0.0009910953231155872,1.0,0.001,1,16,84x84,PrototypicalNetwork,3,3,BreaKHis_formatted,miniImageNet_SOTA_trainSet,False,5,4000,5,exp1_permuted_src_datasets
913,3215.505257088,2.0,1739239274.301903,,,,,,,0.004602896515280008,1.0,0.001,1,16,84x84,PrototypicalNetwork,3,3,BreaKHis_formatted,miniImageNet_SOTA_trainSet,False,5,4000,5,exp1_permuted_src_datasets
914,3215.553758019,2.0,1739239274.3503847,,,,,,,0.0001470293354941532,1.0,0.001,1,16,84x84,PrototypicalNetwork,3,3,BreaKHis_formatted,miniImageNet_SOTA_trainSet,False,5,4000,5,exp1_permuted_src_datasets
915,3215.606276468,2.0,1739239274.4028988,,,,,,,0.0004399431636556983,1.0,0.001,1,16,84x84,PrototypicalNetwork,3,3,BreaKHis_formatted,miniImageNet_SOTA_trainSet,False,5,4000,5,exp1_permuted_src_datasets
916,3215.656569602,2.0,1739239274.4532347,,,,,,,0.008403933607041836,1.0,0.001,1,16,84x84,PrototypicalNetwork,3,3,BreaKHis_formatted,miniImageNet_SOTA_trainSet,False,5,4000,5,exp1_permuted_src_datasets
917,3215.695346323,2.0,1739239274.4919937,,,,,,,0.001003961660899222,1.0,0.001,1,16,84x84,PrototypicalNetwork,3,3,BreaKHis_formatted,miniImageNet_SOTA_trainSet,False,5,4000,5,exp1_permuted_src_datasets
918,3215.738140994,2.0,1739239274.5347805,,,,,,,0.00046888264478184283,1.0,0.001,1,16,84x84,PrototypicalNetwork,3,3,BreaKHis_formatted,miniImageNet_SOTA_trainSet,False,5,4000,5,exp1_permuted_src_datasets
919,3215.78391614,2.0,1739239274.580492,,,,,,,0.00022990256547927856,1.0,0.001,1,16,84x84,PrototypicalNetwork,3,3,BreaKHis_formatted,miniImageNet_SOTA_trainSet,False,5,4000,5,exp1_permuted_src_datasets
920,3215.825333789,2.0,1739239274.6218581,,,,,,,7.942526281112805e-05,1.0,0.001,1,16,84x84,PrototypicalNetwork,3,3,BreaKHis_formatted,miniImageNet_SOTA_trainSet,False,5,4000,5,exp1_permuted_src_datasets
921,3215.870156398,2.0,1739239274.6667676,,,,,,,0.0012563979253172874,1.0,0.001,1,16,84x84,PrototypicalNetwork,3,3,BreaKHis_formatted,miniImageNet_SOTA_trainSet,False,5,4000,5,exp1_permuted_src_datasets
922,3215.919546291,2.0,1739239274.7161481,,,,,,,0.00026287694345228374,1.0,0.001,1,16,84x84,PrototypicalNetwork,3,3,BreaKHis_formatted,miniImageNet_SOTA_trainSet,False,5,4000,5,exp1_permuted_src_datasets
923,3215.965177112,2.0,1739239274.7618015,,,,,,,0.0013091674773022532,1.0,0.001,1,16,84x84,PrototypicalNetwork,3,3,BreaKHis_formatted,miniImageNet_SOTA_trainSet,False,5,4000,5,exp1_permuted_src_datasets
924,3216.016684988,2.0,1739239274.8132737,,,,,,,0.0003116980369668454,1.0,0.001,1,16,84x84,PrototypicalNetwork,3,3,BreaKHis_formatted,miniImageNet_SOTA_trainSet,False,5,4000,5,exp1_permuted_src_datasets
925,3216.059669178,2.0,1739239274.856295,,,,,,,0.0010630169417709112,1.0,0.001,1,16,84x84,PrototypicalNetwork,3,3,BreaKHis_formatted,miniImageNet_SOTA_trainSet,False,5,4000,5,exp1_permuted_src_datasets
926,3216.120044695,2.0,1739239274.9166293,,,,,,,0.007057520095258951,1.0,0.001,1,16,84x84,PrototypicalNetwork,3,3,BreaKHis_formatted,miniImageNet_SOTA_trainSet,False,5,4000,5,exp1_permuted_src_datasets
927,3216.164052208,2.0,1739239274.960663,,,,,,,0.00047019252087920904,1.0,0.001,1,16,84x84,PrototypicalNetwork,3,3,BreaKHis_formatted,miniImageNet_SOTA_trainSet,False,5,4000,5,exp1_permuted_src_datasets
928,3216.2087867,2.0,1739239275.0053508,,,,,,,0.0003251633606851101,1.0,0.001,1,16,84x84,PrototypicalNetwork,3,3,BreaKHis_formatted,miniImageNet_SOTA_trainSet,False,5,4000,5,exp1_permuted_src_datasets
929,3216.253333942,2.0,1739239275.049876,,,,,,,1.9621458704932593e-05,1.0,0.001,1,16,84x84,PrototypicalNetwork,3,3,BreaKHis_formatted,miniImageNet_SOTA_trainSet,False,5,4000,5,exp1_permuted_src_datasets
930,3216.297920759,2.0,1739239275.0945356,,,,,,,0.0001291791268158704,1.0,0.001,1,16,84x84,PrototypicalNetwork,3,3,BreaKHis_formatted,miniImageNet_SOTA_trainSet,False,5,4000,5,exp1_permuted_src_datasets
931,3216.338170953,2.0,1739239275.1348052,,,,,,,9.85638762358576e-05,1.0,0.001,1,16,84x84,PrototypicalNetwork,3,3,BreaKHis_formatted,miniImageNet_SOTA_trainSet,False,5,4000,5,exp1_permuted_src_datasets
932,3216.384029011,2.0,1739239275.1806688,,,,,,,0.00021249322162475437,1.0,0.001,1,16,84x84,PrototypicalNetwork,3,3,BreaKHis_formatted,miniImageNet_SOTA_trainSet,False,5,4000,5,exp1_permuted_src_datasets
933,3216.434499456,2.0,1739239275.2310746,,,,,,,7.488718256354332e-05,1.0,0.001,1,16,84x84,PrototypicalNetwork,3,3,BreaKHis_formatted,miniImageNet_SOTA_trainSet,False,5,4000,5,exp1_permuted_src_datasets
934,3216.485986069,2.0,1739239275.2826169,,,,,,,0.00018427280883770436,1.0,0.001,1,16,84x84,PrototypicalNetwork,3,3,BreaKHis_formatted,miniImageNet_SOTA_trainSet,False,5,4000,5,exp1_permuted_src_datasets
935,3216.536361388,2.0,1739239275.3329618,,,,,,,9.737416257848963e-05,1.0,0.001,1,16,84x84,PrototypicalNetwork,3,3,BreaKHis_formatted,miniImageNet_SOTA_trainSet,False,5,4000,5,exp1_permuted_src_datasets
936,3216.576113924,2.0,1739239275.372743,,,,,,,0.00010294150706613436,1.0,0.001,1,16,84x84,PrototypicalNetwork,3,3,BreaKHis_formatted,miniImageNet_SOTA_trainSet,False,5,4000,5,exp1_permuted_src_datasets
937,3216.618078066,2.0,1739239275.414703,,,,,,,6.972214032430202e-05,1.0,0.001,1,16,84x84,PrototypicalNetwork,3,3,BreaKHis_formatted,miniImageNet_SOTA_trainSet,False,5,4000,5,exp1_permuted_src_datasets
938,3216.662276155,2.0,1739239275.4589064,,,,,,,3.630140417953953e-05,1.0,0.001,1,16,84x84,PrototypicalNetwork,3,3,BreaKHis_formatted,miniImageNet_SOTA_trainSet,False,5,4000,5,exp1_permuted_src_datasets
939,3216.702147949,2.0,1739239275.4987645,,,,,,,3.413026570342481e-05,1.0,0.001,1,16,84x84,PrototypicalNetwork,3,3,BreaKHis_formatted,miniImageNet_SOTA_trainSet,False,5,4000,5,exp1_permuted_src_datasets
940,3216.743074467,2.0,1739239275.5396628,,,,,,,6.446196493925527e-05,1.0,0.001,1,16,84x84,PrototypicalNetwork,3,3,BreaKHis_formatted,miniImageNet_SOTA_trainSet,False,5,4000,5,exp1_permuted_src_datasets
941,3216.789309311,2.0,1739239275.5859034,,,,,,,3.4947173844557256e-05,1.0,0.001,1,16,84x84,PrototypicalNetwork,3,3,BreaKHis_formatted,miniImageNet_SOTA_trainSet,False,5,4000,5,exp1_permuted_src_datasets
942,3216.836201669,2.0,1739239275.6327627,,,,,,,3.9053269574651495e-05,1.0,0.001,1,16,84x84,PrototypicalNetwork,3,3,BreaKHis_formatted,miniImageNet_SOTA_trainSet,False,5,4000,5,exp1_permuted_src_datasets
943,3216.877157949,2.0,1739239275.6737833,,,,,,,5.656411303789355e-05,1.0,0.001,1,16,84x84,PrototypicalNetwork,3,3,BreaKHis_formatted,miniImageNet_SOTA_trainSet,False,5,4000,5,exp1_permuted_src_datasets
944,3216.916603116,2.0,1739239275.7132108,,,,,,,8.25248789624311e-05,1.0,0.001,1,16,84x84,PrototypicalNetwork,3,3,BreaKHis_formatted,miniImageNet_SOTA_trainSet,False,5,4000,5,exp1_permuted_src_datasets
945,3216.957473223,2.0,1739239275.754076,,,,,,,0.0005995050887577236,1.0,0.001,1,16,84x84,PrototypicalNetwork,3,3,BreaKHis_formatted,miniImageNet_SOTA_trainSet,False,5,4000,5,exp1_permuted_src_datasets
946,3217.004334484,2.0,1739239275.800916,,,,,,,3.1590632715960965e-05,1.0,0.001,1,16,84x84,PrototypicalNetwork,3,3,BreaKHis_formatted,miniImageNet_SOTA_trainSet,False,5,4000,5,exp1_permuted_src_datasets
947,3217.055334454,2.0,1739239275.8519206,,,,,,,6.552279955940321e-05,1.0,0.001,1,16,84x84,PrototypicalNetwork,3,3,BreaKHis_formatted,miniImageNet_SOTA_trainSet,False,5,4000,5,exp1_permuted_src_datasets
948,3498.754561247,2.0,1739239557.5513291,,,,,,0.5296666638851166,,,0.001,1,16,84x84,PrototypicalNetwork,3,3,BreaKHis_formatted,miniImageNet_SOTA_trainSet,False,5,4000,5,exp1_permuted_src_datasets
949,3498.794825864,2.0,1739239557.591407,,,,,,,2.181422860303428e-05,1.0,0.001,1,16,84x84,PrototypicalNetwork,3,3,BreaKHis_formatted,miniImageNet_SOTA_trainSet,False,5,4000,5,exp1_permuted_src_datasets
950,3498.951025986,2.0,1739239557.747646,,,,,,,0.00010160363308386877,1.0,0.001,1,16,84x84,PrototypicalNetwork,3,3,BreaKHis_formatted,miniImageNet_SOTA_trainSet,False,5,4000,5,exp1_permuted_src_datasets
951,3498.994172561,2.0,1739239557.7907698,,,,,,,2.3058231818140484e-05,1.0,0.001,1,16,84x84,PrototypicalNetwork,3,3,BreaKHis_formatted,miniImageNet_SOTA_trainSet,False,5,4000,5,exp1_permuted_src_datasets
952,3499.056139557,2.0,1739239557.8527765,,,,,,,2.7765730919782072e-05,1.0,0.001,1,16,84x84,PrototypicalNetwork,3,3,BreaKHis_formatted,miniImageNet_SOTA_trainSet,False,5,4000,5,exp1_permuted_src_datasets
953,3499.095156106,2.0,1739239557.8917599,,,,,,,6.835858948761597e-05,1.0,0.001,1,16,84x84,PrototypicalNetwork,3,3,BreaKHis_formatted,miniImageNet_SOTA_trainSet,False,5,4000,5,exp1_permuted_src_datasets
954,3499.153456953,2.0,1739239557.9500551,,,,,,,8.008626173250377e-05,1.0,0.001,1,16,84x84,PrototypicalNetwork,3,3,BreaKHis_formatted,miniImageNet_SOTA_trainSet,False,5,4000,5,exp1_permuted_src_datasets
955,3499.194809722,2.0,1739239557.991398,,,,,,,3.576037852326408e-05,1.0,0.001,1,16,84x84,PrototypicalNetwork,3,3,BreaKHis_formatted,miniImageNet_SOTA_trainSet,False,5,4000,5,exp1_permuted_src_datasets
956,3499.240075048,2.0,1739239558.0367086,,,,,,,3.179172199452296e-05,1.0,0.001,1,16,84x84,PrototypicalNetwork,3,3,BreaKHis_formatted,miniImageNet_SOTA_trainSet,False,5,4000,5,exp1_permuted_src_datasets
957,3499.280818767,2.0,1739239558.077439,,,,,,,3.2471765734953806e-05,1.0,0.001,1,16,84x84,PrototypicalNetwork,3,3,BreaKHis_formatted,miniImageNet_SOTA_trainSet,False,5,4000,5,exp1_permuted_src_datasets
958,3499.321873556,2.0,1739239558.1184742,,,,,,,3.920316157746129e-05,1.0,0.001,1,16,84x84,PrototypicalNetwork,3,3,BreaKHis_formatted,miniImageNet_SOTA_trainSet,False,5,4000,5,exp1_permuted_src_datasets
959,3499.361420066,2.0,1739239558.1580534,,,,,,,0.0003258779470343143,1.0,0.001,1,16,84x84,PrototypicalNetwork,3,3,BreaKHis_formatted,miniImageNet_SOTA_trainSet,False,5,4000,5,exp1_permuted_src_datasets
960,3499.402140183,2.0,1739239558.1987545,,,,,,,2.7522257369128056e-05,1.0,0.001,1,16,84x84,PrototypicalNetwork,3,3,BreaKHis_formatted,miniImageNet_SOTA_trainSet,False,5,4000,5,exp1_permuted_src_datasets
961,3499.455230659,2.0,1739239558.2518172,,,,,,,2.0351173589006066e-05,1.0,0.001,1,16,84x84,PrototypicalNetwork,3,3,BreaKHis_formatted,miniImageNet_SOTA_trainSet,False,5,4000,5,exp1_permuted_src_datasets
962,3499.496462634,2.0,1739239558.293043,,,,,,,4.866058225161396e-05,1.0,0.001,1,16,84x84,PrototypicalNetwork,3,3,BreaKHis_formatted,miniImageNet_SOTA_trainSet,False,5,4000,5,exp1_permuted_src_datasets
963,3499.541533482,2.0,1739239558.3381503,,,,,,,0.0001496519980719313,1.0,0.001,1,16,84x84,PrototypicalNetwork,3,3,BreaKHis_formatted,miniImageNet_SOTA_trainSet,False,5,4000,5,exp1_permuted_src_datasets
964,3499.586905981,2.0,1739239558.383507,,,,,,,6.681992817902938e-05,1.0,0.001,1,16,84x84,PrototypicalNetwork,3,3,BreaKHis_formatted,miniImageNet_SOTA_trainSet,False,5,4000,5,exp1_permuted_src_datasets
965,3499.632090202,2.0,1739239558.4286513,,,,,,,2.4039136405917816e-05,1.0,0.001,1,16,84x84,PrototypicalNetwork,3,3,BreaKHis_formatted,miniImageNet_SOTA_trainSet,False,5,4000,5,exp1_permuted_src_datasets
966,3499.704423713,2.0,1739239558.5010152,,,,,,,1.5551242540823296e-05,1.0,0.001,1,16,84x84,PrototypicalNetwork,3,3,BreaKHis_formatted,miniImageNet_SOTA_trainSet,False,5,4000,5,exp1_permuted_src_datasets
967,3499.750629398,2.0,1739239558.5472262,,,,,,,3.403562368475832e-05,1.0,0.001,1,16,84x84,PrototypicalNetwork,3,3,BreaKHis_formatted,miniImageNet_SOTA_trainSet,False,5,4000,5,exp1_permuted_src_datasets
968,3499.806516234,2.0,1739239558.6030633,,,,,,,1.3844898603565525e-05,1.0,0.001,1,16,84x84,PrototypicalNetwork,3,3,BreaKHis_formatted,miniImageNet_SOTA_trainSet,False,5,4000,5,exp1_permuted_src_datasets
969,3499.864858878,2.0,1739239558.6614246,,,,,,,3.399214620003477e-05,1.0,0.001,1,16,84x84,PrototypicalNetwork,3,3,BreaKHis_formatted,miniImageNet_SOTA_trainSet,False,5,4000,5,exp1_permuted_src_datasets
970,3499.918380517,2.0,1739239558.7149465,,,,,,,4.5932061766507104e-05,1.0,0.001,1,16,84x84,PrototypicalNetwork,3,3,BreaKHis_formatted,miniImageNet_SOTA_trainSet,False,5,4000,5,exp1_permuted_src_datasets
971,3499.962764403,2.0,1739239558.7593744,,,,,,,7.862915663281456e-05,1.0,0.001,1,16,84x84,PrototypicalNetwork,3,3,BreaKHis_formatted,miniImageNet_SOTA_trainSet,False,5,4000,5,exp1_permuted_src_datasets
972,3500.004206772,2.0,1739239558.8008184,,,,,,,3.074163760174997e-05,1.0,0.001,1,16,84x84,PrototypicalNetwork,3,3,BreaKHis_formatted,miniImageNet_SOTA_trainSet,False,5,4000,5,exp1_permuted_src_datasets
973,3500.044550651,2.0,1739239558.841164,,,,,,,0.00010158298391615972,1.0,0.001,1,16,84x84,PrototypicalNetwork,3,3,BreaKHis_formatted,miniImageNet_SOTA_trainSet,False,5,4000,5,exp1_permuted_src_datasets
974,3500.084263008,2.0,1739239558.8809044,,,,,,,1.8103357433574274e-05,1.0,0.001,1,16,84x84,PrototypicalNetwork,3,3,BreaKHis_formatted,miniImageNet_SOTA_trainSet,False,5,4000,5,exp1_permuted_src_datasets
975,3500.124726817,2.0,1739239558.9213266,,,,,,,1.3003438652958721e-05,1.0,0.001,1,16,84x84,PrototypicalNetwork,3,3,BreaKHis_formatted,miniImageNet_SOTA_trainSet,False,5,4000,5,exp1_permuted_src_datasets
976,3500.165400732,2.0,1739239558.9620132,,,,,,,1.5901086953817867e-05,1.0,0.001,1,16,84x84,PrototypicalNetwork,3,3,BreaKHis_formatted,miniImageNet_SOTA_trainSet,False,5,4000,5,exp1_permuted_src_datasets
977,3500.205871347,2.0,1739239559.0024626,,,,,,,5.0425795052433386e-05,1.0,0.001,1,16,84x84,PrototypicalNetwork,3,3,BreaKHis_formatted,miniImageNet_SOTA_trainSet,False,5,4000,5,exp1_permuted_src_datasets
978,3500.250340806,2.0,1739239559.0469973,,,,,,,1.4083459063840564e-05,1.0,0.001,1,16,84x84,PrototypicalNetwork,3,3,BreaKHis_formatted,miniImageNet_SOTA_trainSet,False,5,4000,5,exp1_permuted_src_datasets
979,3500.29096752,2.0,1739239559.0875492,,,,,,,2.8002235922031105e-05,1.0,0.001,1,16,84x84,PrototypicalNetwork,3,3,BreaKHis_formatted,miniImageNet_SOTA_trainSet,False,5,4000,5,exp1_permuted_src_datasets
980,3500.347597466,2.0,1739239559.143915,,,,,,,2.4048442355706356e-05,1.0,0.001,1,16,84x84,PrototypicalNetwork,3,3,BreaKHis_formatted,miniImageNet_SOTA_trainSet,False,5,4000,5,exp1_permuted_src_datasets
981,3500.389212842,2.0,1739239559.1858087,,,,,,,1.5307155990740284e-05,1.0,0.001,1,16,84x84,PrototypicalNetwork,3,3,BreaKHis_formatted,miniImageNet_SOTA_trainSet,False,5,4000,5,exp1_permuted_src_datasets
982,3500.430415027,2.0,1739239559.2270024,,,,,,,1.86358029168332e-05,1.0,0.001,1,16,84x84,PrototypicalNetwork,3,3,BreaKHis_formatted,miniImageNet_SOTA_trainSet,False,5,4000,5,exp1_permuted_src_datasets
983,3500.474696816,2.0,1739239559.271314,,,,,,,4.18088493461255e-05,1.0,0.001,1,16,84x84,PrototypicalNetwork,3,3,BreaKHis_formatted,miniImageNet_SOTA_trainSet,False,5,4000,5,exp1_permuted_src_datasets
984,3500.527908824,2.0,1739239559.324523,,,,,,,6.376665260177106e-05,1.0,0.001,1,16,84x84,PrototypicalNetwork,3,3,BreaKHis_formatted,miniImageNet_SOTA_trainSet,False,5,4000,5,exp1_permuted_src_datasets
985,3500.577726412,2.0,1739239559.3741999,,,,,,,5.643719123327173e-05,1.0,0.001,1,16,84x84,PrototypicalNetwork,3,3,BreaKHis_formatted,miniImageNet_SOTA_trainSet,False,5,4000,5,exp1_permuted_src_datasets
986,3500.628594037,2.0,1739239559.4252272,,,,,,,3.219728750991635e-05,1.0,0.001,1,16,84x84,PrototypicalNetwork,3,3,BreaKHis_formatted,miniImageNet_SOTA_trainSet,False,5,4000,5,exp1_permuted_src_datasets
987,3500.668200499,2.0,1739239559.464799,,,,,,,1.5637911928934045e-05,1.0,0.001,1,16,84x84,PrototypicalNetwork,3,3,BreaKHis_formatted,miniImageNet_SOTA_trainSet,False,5,4000,5,exp1_permuted_src_datasets
988,3500.708497962,2.0,1739239559.505089,,,,,,,1.9623183106887154e-05,1.0,0.001,1,16,84x84,PrototypicalNetwork,3,3,BreaKHis_formatted,miniImageNet_SOTA_trainSet,False,5,4000,5,exp1_permuted_src_datasets
989,3500.751312656,2.0,1739239559.5479333,,,,,,,0.00012440922728274018,1.0,0.001,1,16,84x84,PrototypicalNetwork,3,3,BreaKHis_formatted,miniImageNet_SOTA_trainSet,False,5,4000,5,exp1_permuted_src_datasets
990,3500.790332466,2.0,1739239559.5869586,,,,,,,2.801626396831125e-05,1.0,0.001,1,16,84x84,PrototypicalNetwork,3,3,BreaKHis_formatted,miniImageNet_SOTA_trainSet,False,5,4000,5,exp1_permuted_src_datasets
991,3500.835757702,2.0,1739239559.632395,,,,,,,0.00024165991635527462,1.0,0.001,1,16,84x84,PrototypicalNetwork,3,3,BreaKHis_formatted,miniImageNet_SOTA_trainSet,False,5,4000,5,exp1_permuted_src_datasets
992,3500.891428157,2.0,1739239559.688093,,,,,,,3.5566470614867285e-05,1.0,0.001,1,16,84x84,PrototypicalNetwork,3,3,BreaKHis_formatted,miniImageNet_SOTA_trainSet,False,5,4000,5,exp1_permuted_src_datasets
993,3500.937264336,2.0,1739239559.7339172,,,,,,,0.00018690817523747683,1.0,0.001,1,16,84x84,PrototypicalNetwork,3,3,BreaKHis_formatted,miniImageNet_SOTA_trainSet,False,5,4000,5,exp1_permuted_src_datasets
994,3500.976694157,2.0,1739239559.7733173,,,,,,,1.793703813746106e-05,1.0,0.001,1,16,84x84,PrototypicalNetwork,3,3,BreaKHis_formatted,miniImageNet_SOTA_trainSet,False,5,4000,5,exp1_permuted_src_datasets
995,3501.019361463,2.0,1739239559.815974,,,,,,,5.4937245295150205e-05,1.0,0.001,1,16,84x84,PrototypicalNetwork,3,3,BreaKHis_formatted,miniImageNet_SOTA_trainSet,False,5,4000,5,exp1_permuted_src_datasets
996,3501.067562562,2.0,1739239559.8641782,,,,,,,9.876707736111712e-06,1.0,0.001,1,16,84x84,PrototypicalNetwork,3,3,BreaKHis_formatted,miniImageNet_SOTA_trainSet,False,5,4000,5,exp1_permuted_src_datasets
997,3501.110478026,2.0,1739239559.907087,,,,,,,7.391005055978894e-05,1.0,0.001,1,16,84x84,PrototypicalNetwork,3,3,BreaKHis_formatted,miniImageNet_SOTA_trainSet,False,5,4000,5,exp1_permuted_src_datasets
998,3501.152582745,2.0,1739239559.9491575,,,,,,,1.3603956176666543e-05,1.0,0.001,1,16,84x84,PrototypicalNetwork,3,3,BreaKHis_formatted,miniImageNet_SOTA_trainSet,False,5,4000,5,exp1_permuted_src_datasets
999,3501.199690183,2.0,1739239559.9962785,,,,,,,3.482395186438225e-05,1.0,0.001,1,16,84x84,PrototypicalNetwork,3,3,BreaKHis_formatted,miniImageNet_SOTA_trainSet,False,5,4000,5,exp1_permuted_src_datasets
1000,3501.243844601,2.0,1739239560.040334,,,,,,,1.0390770512458403e-05,1.0,0.001,1,16,84x84,PrototypicalNetwork,3,3,BreaKHis_formatted,miniImageNet_SOTA_trainSet,False,5,4000,5,exp1_permuted_src_datasets
1001,3501.306452709,2.0,1739239560.1030369,,,,,,,1.851612796599511e-05,1.0,0.001,1,16,84x84,PrototypicalNetwork,3,3,BreaKHis_formatted,miniImageNet_SOTA_trainSet,False,5,4000,5,exp1_permuted_src_datasets
1002,3501.345954333,2.0,1739239560.1425495,,,,,,,4.3845106119988486e-05,1.0,0.001,1,16,84x84,PrototypicalNetwork,3,3,BreaKHis_formatted,miniImageNet_SOTA_trainSet,False,5,4000,5,exp1_permuted_src_datasets
1003,3501.386136302,2.0,1739239560.182748,,,,,,,2.0273941117920913e-05,1.0,0.001,1,16,84x84,PrototypicalNetwork,3,3,BreaKHis_formatted,miniImageNet_SOTA_trainSet,False,5,4000,5,exp1_permuted_src_datasets
1004,3501.438947049,2.0,1739239560.2355056,,,,,,,2.3402826627716422e-05,1.0,0.001,1,16,84x84,PrototypicalNetwork,3,3,BreaKHis_formatted,miniImageNet_SOTA_trainSet,False,5,4000,5,exp1_permuted_src_datasets
1005,3501.49483681,2.0,1739239560.2914226,,,,,,,2.132679037458729e-05,1.0,0.001,1,16,84x84,PrototypicalNetwork,3,3,BreaKHis_formatted,miniImageNet_SOTA_trainSet,False,5,4000,5,exp1_permuted_src_datasets
1006,3501.538341815,2.0,1739239560.3349583,,,,,,,8.975177479442209e-06,1.0,0.001,1,16,84x84,PrototypicalNetwork,3,3,BreaKHis_formatted,miniImageNet_SOTA_trainSet,False,5,4000,5,exp1_permuted_src_datasets
1007,3501.579043438,2.0,1739239560.3756423,,,,,,,0.00026652697124518454,1.0,0.001,1,16,84x84,PrototypicalNetwork,3,3,BreaKHis_formatted,miniImageNet_SOTA_trainSet,False,5,4000,5,exp1_permuted_src_datasets
1008,3501.629430251,2.0,1739239560.4259346,,,,,,,9.108616359299049e-05,1.0,0.001,1,16,84x84,PrototypicalNetwork,3,3,BreaKHis_formatted,miniImageNet_SOTA_trainSet,False,5,4000,5,exp1_permuted_src_datasets
1009,3501.705093102,2.0,1739239560.5017009,,,,,,,1.3485037015925627e-05,1.0,0.001,1,16,84x84,PrototypicalNetwork,3,3,BreaKHis_formatted,miniImageNet_SOTA_trainSet,False,5,4000,5,exp1_permuted_src_datasets
1010,3501.750532179,2.0,1739239560.547143,,,,,,,1.428208179277135e-05,1.0,0.001,1,16,84x84,PrototypicalNetwork,3,3,BreaKHis_formatted,miniImageNet_SOTA_trainSet,False,5,4000,5,exp1_permuted_src_datasets
1011,3788.041952392,2.0,1739239846.8387375,,,,,,0.5439166674613952,,,0.001,1,16,84x84,PrototypicalNetwork,3,3,BreaKHis_formatted,miniImageNet_SOTA_trainSet,False,5,4000,5,exp1_permuted_src_datasets
1012,3788.084055303,2.0,1739239846.8807073,,,,,,,9.913810208672658e-05,1.0,0.001,1,16,84x84,PrototypicalNetwork,3,3,BreaKHis_formatted,miniImageNet_SOTA_trainSet,False,5,4000,5,exp1_permuted_src_datasets
1013,3788.132918997,2.0,1739239846.9294927,,,,,,,4.5148946810513735e-05,1.0,0.001,1,16,84x84,PrototypicalNetwork,3,3,BreaKHis_formatted,miniImageNet_SOTA_trainSet,False,5,4000,5,exp1_permuted_src_datasets
1014,3788.18011141,2.0,1739239846.9767494,,,,,,,5.513550422620028e-05,1.0,0.001,1,16,84x84,PrototypicalNetwork,3,3,BreaKHis_formatted,miniImageNet_SOTA_trainSet,False,5,4000,5,exp1_permuted_src_datasets
1015,3788.233126759,2.0,1739239847.0297525,,,,,,,1.594010609551333e-05,1.0,0.001,1,16,84x84,PrototypicalNetwork,3,3,BreaKHis_formatted,miniImageNet_SOTA_trainSet,False,5,4000,5,exp1_permuted_src_datasets
1016,3788.274340274,2.0,1739239847.0708985,,,,,,,9.337443771073595e-06,1.0,0.001,1,16,84x84,PrototypicalNetwork,3,3,BreaKHis_formatted,miniImageNet_SOTA_trainSet,False,5,4000,5,exp1_permuted_src_datasets
1017,3788.321258345,2.0,1739239847.1178205,,,,,,,2.2108773919171654e-05,1.0,0.001,1,16,84x84,PrototypicalNetwork,3,3,BreaKHis_formatted,miniImageNet_SOTA_trainSet,False,5,4000,5,exp1_permuted_src_datasets
1018,3788.371620726,2.0,1739239847.1682365,,,,,,,2.0518766177701764e-05,1.0,0.001,1,16,84x84,PrototypicalNetwork,3,3,BreaKHis_formatted,miniImageNet_SOTA_trainSet,False,5,4000,5,exp1_permuted_src_datasets
1019,3788.413305579,2.0,1739239847.2099128,,,,,,,1.5558156519546174e-05,1.0,0.001,1,16,84x84,PrototypicalNetwork,3,3,BreaKHis_formatted,miniImageNet_SOTA_trainSet,False,5,4000,5,exp1_permuted_src_datasets
1020,3788.502615524,2.0,1739239847.2992213,,,,,,,2.2198515580384992e-05,1.0,0.001,1,16,84x84,PrototypicalNetwork,3,3,BreaKHis_formatted,miniImageNet_SOTA_trainSet,False,5,4000,5,exp1_permuted_src_datasets
1021,3788.57418378,2.0,1739239847.3707535,,,,,,,2.5421773898415267e-05,1.0,0.001,1,16,84x84,PrototypicalNetwork,3,3,BreaKHis_formatted,miniImageNet_SOTA_trainSet,False,5,4000,5,exp1_permuted_src_datasets
1022,3788.66735015,2.0,1739239847.4639146,,,,,,,1.620650255063083e-05,1.0,0.001,1,16,84x84,PrototypicalNetwork,3,3,BreaKHis_formatted,miniImageNet_SOTA_trainSet,False,5,4000,5,exp1_permuted_src_datasets
1023,3788.714140884,2.0,1739239847.510706,,,,,,,6.592721183551475e-05,1.0,0.001,1,16,84x84,PrototypicalNetwork,3,3,BreaKHis_formatted,miniImageNet_SOTA_trainSet,False,5,4000,5,exp1_permuted_src_datasets
1024,3788.78876564,2.0,1739239847.5853336,,,,,,,1.9948856788687408e-05,1.0,0.001,1,16,84x84,PrototypicalNetwork,3,3,BreaKHis_formatted,miniImageNet_SOTA_trainSet,False,5,4000,5,exp1_permuted_src_datasets
1025,3788.844085811,2.0,1739239847.6407166,,,,,,,0.0001249491615453735,1.0,0.001,1,16,84x84,PrototypicalNetwork,3,3,BreaKHis_formatted,miniImageNet_SOTA_trainSet,False,5,4000,5,exp1_permuted_src_datasets
1026,3788.908101638,2.0,1739239847.7046623,,,,,,,3.476967685855925e-05,1.0,0.001,1,16,84x84,PrototypicalNetwork,3,3,BreaKHis_formatted,miniImageNet_SOTA_trainSet,False,5,4000,5,exp1_permuted_src_datasets
1027,3788.958135912,2.0,1739239847.7547798,,,,,,,3.7586123653454706e-05,1.0,0.001,1,16,84x84,PrototypicalNetwork,3,3,BreaKHis_formatted,miniImageNet_SOTA_trainSet,False,5,4000,5,exp1_permuted_src_datasets
1028,3788.999091698,2.0,1739239847.7957366,,,,,,,3.91891626350116e-06,1.0,0.001,1,16,84x84,PrototypicalNetwork,3,3,BreaKHis_formatted,miniImageNet_SOTA_trainSet,False,5,4000,5,exp1_permuted_src_datasets
1029,3789.050901199,2.0,1739239847.8474646,,,,,,,5.714487542718416e-06,1.0,0.001,1,16,84x84,PrototypicalNetwork,3,3,BreaKHis_formatted,miniImageNet_SOTA_trainSet,False,5,4000,5,exp1_permuted_src_datasets
1030,3789.094245094,2.0,1739239847.8908787,,,,,,,2.199218397436198e-05,1.0,0.001,1,16,84x84,PrototypicalNetwork,3,3,BreaKHis_formatted,miniImageNet_SOTA_trainSet,False,5,4000,5,exp1_permuted_src_datasets
1031,3789.149458352,2.0,1739239847.9460282,,,,,,,8.731795787753072e-06,1.0,0.001,1,16,84x84,PrototypicalNetwork,3,3,BreaKHis_formatted,miniImageNet_SOTA_trainSet,False,5,4000,5,exp1_permuted_src_datasets
1032,3789.208809095,2.0,1739239848.0054169,,,,,,,1.1125944183731917e-05,1.0,0.001,1,16,84x84,PrototypicalNetwork,3,3,BreaKHis_formatted,miniImageNet_SOTA_trainSet,False,5,4000,5,exp1_permuted_src_datasets
1033,3789.249269978,2.0,1739239848.0459042,,,,,,,2.5265173462685198e-05,1.0,0.001,1,16,84x84,PrototypicalNetwork,3,3,BreaKHis_formatted,miniImageNet_SOTA_trainSet,False,5,4000,5,exp1_permuted_src_datasets
1034,3789.289405951,2.0,1739239848.0860324,,,,,,,9.348528692498803e-05,1.0,0.001,1,16,84x84,PrototypicalNetwork,3,3,BreaKHis_formatted,miniImageNet_SOTA_trainSet,False,5,4000,5,exp1_permuted_src_datasets
1035,3789.331794038,2.0,1739239848.128408,,,,,,,1.577473449287936e-05,1.0,0.001,1,16,84x84,PrototypicalNetwork,3,3,BreaKHis_formatted,miniImageNet_SOTA_trainSet,False,5,4000,5,exp1_permuted_src_datasets
1036,3789.378997397,2.0,1739239848.1756322,,,,,,,1.9213668565498665e-05,1.0,0.001,1,16,84x84,PrototypicalNetwork,3,3,BreaKHis_formatted,miniImageNet_SOTA_trainSet,False,5,4000,5,exp1_permuted_src_datasets
1037,3789.434113766,2.0,1739239848.2307358,,,,,,,0.00015772190818097442,1.0,0.001,1,16,84x84,PrototypicalNetwork,3,3,BreaKHis_formatted,miniImageNet_SOTA_trainSet,False,5,4000,5,exp1_permuted_src_datasets
1038,3789.480228919,2.0,1739239848.2768588,,,,,,,2.3986154701560736e-05,1.0,0.001,1,16,84x84,PrototypicalNetwork,3,3,BreaKHis_formatted,miniImageNet_SOTA_trainSet,False,5,4000,5,exp1_permuted_src_datasets
1039,3789.520216014,2.0,1739239848.3168426,,,,,,,1.1495908438519109e-05,1.0,0.001,1,16,84x84,PrototypicalNetwork,3,3,BreaKHis_formatted,miniImageNet_SOTA_trainSet,False,5,4000,5,exp1_permuted_src_datasets
1040,3789.576137431,2.0,1739239848.37277,,,,,,,2.7048170522903092e-05,1.0,0.001,1,16,84x84,PrototypicalNetwork,3,3,BreaKHis_formatted,miniImageNet_SOTA_trainSet,False,5,4000,5,exp1_permuted_src_datasets
1041,3789.635187578,2.0,1739239848.4317799,,,,,,,3.8721631426597014e-05,1.0,0.001,1,16,84x84,PrototypicalNetwork,3,3,BreaKHis_formatted,miniImageNet_SOTA_trainSet,False,5,4000,5,exp1_permuted_src_datasets
1042,3789.680936741,2.0,1739239848.4775484,,,,,,,6.949570524739102e-05,1.0,0.001,1,16,84x84,PrototypicalNetwork,3,3,BreaKHis_formatted,miniImageNet_SOTA_trainSet,False,5,4000,5,exp1_permuted_src_datasets
1043,3789.720874761,2.0,1739239848.517493,,,,,,,1.029637405736139e-05,1.0,0.001,1,16,84x84,PrototypicalNetwork,3,3,BreaKHis_formatted,miniImageNet_SOTA_trainSet,False,5,4000,5,exp1_permuted_src_datasets
1044,3789.764470202,2.0,1739239848.5610821,,,,,,,6.891246448503807e-05,1.0,0.001,1,16,84x84,PrototypicalNetwork,3,3,BreaKHis_formatted,miniImageNet_SOTA_trainSet,False,5,4000,5,exp1_permuted_src_datasets
1045,3789.804440986,2.0,1739239848.6010919,,,,,,,1.7093319911509752e-05,1.0,0.001,1,16,84x84,PrototypicalNetwork,3,3,BreaKHis_formatted,miniImageNet_SOTA_trainSet,False,5,4000,5,exp1_permuted_src_datasets
1046,3789.846531384,2.0,1739239848.6431413,,,,,,,1.8881743017118424e-05,1.0,0.001,1,16,84x84,PrototypicalNetwork,3,3,BreaKHis_formatted,miniImageNet_SOTA_trainSet,False,5,4000,5,exp1_permuted_src_datasets
1047,3789.903184011,2.0,1739239848.6997952,,,,,,,3.402675429242663e-05,1.0,0.001,1,16,84x84,PrototypicalNetwork,3,3,BreaKHis_formatted,miniImageNet_SOTA_trainSet,False,5,4000,5,exp1_permuted_src_datasets
1048,3789.953347246,2.0,1739239848.7499795,,,,,,,1.0564548574620858e-05,1.0,0.001,1,16,84x84,PrototypicalNetwork,3,3,BreaKHis_formatted,miniImageNet_SOTA_trainSet,False,5,4000,5,exp1_permuted_src_datasets
1049,3789.994492655,2.0,1739239848.7911289,,,,,,,4.892101060249843e-05,1.0,0.001,1,16,84x84,PrototypicalNetwork,3,3,BreaKHis_formatted,miniImageNet_SOTA_trainSet,False,5,4000,5,exp1_permuted_src_datasets
1050,3790.032980473,2.0,1739239848.8296075,,,,,,,0.0007035581511445343,1.0,0.001,1,16,84x84,PrototypicalNetwork,3,3,BreaKHis_formatted,miniImageNet_SOTA_trainSet,False,5,4000,5,exp1_permuted_src_datasets
1051,3790.093011555,2.0,1739239848.8895853,,,,,,,3.322888005641289e-05,1.0,0.001,1,16,84x84,PrototypicalNetwork,3,3,BreaKHis_formatted,miniImageNet_SOTA_trainSet,False,5,4000,5,exp1_permuted_src_datasets
1052,3790.13759338,2.0,1739239848.93423,,,,,,,2.1941488739685155e-05,1.0,0.001,1,16,84x84,PrototypicalNetwork,3,3,BreaKHis_formatted,miniImageNet_SOTA_trainSet,False,5,4000,5,exp1_permuted_src_datasets
1053,3790.197453079,2.0,1739239848.9940524,,,,,,,1.2714418517134618e-05,1.0,0.001,1,16,84x84,PrototypicalNetwork,3,3,BreaKHis_formatted,miniImageNet_SOTA_trainSet,False,5,4000,5,exp1_permuted_src_datasets
1054,3790.245187174,2.0,1739239849.0418327,,,,,,,4.1928728023776785e-05,1.0,0.001,1,16,84x84,PrototypicalNetwork,3,3,BreaKHis_formatted,miniImageNet_SOTA_trainSet,False,5,4000,5,exp1_permuted_src_datasets
1055,3790.284659279,2.0,1739239849.0812988,,,,,,,0.00014008294965606183,1.0,0.001,1,16,84x84,PrototypicalNetwork,3,3,BreaKHis_formatted,miniImageNet_SOTA_trainSet,False,5,4000,5,exp1_permuted_src_datasets
1056,3790.326321372,2.0,1739239849.1229284,,,,,,,4.146311039221473e-05,1.0,0.001,1,16,84x84,PrototypicalNetwork,3,3,BreaKHis_formatted,miniImageNet_SOTA_trainSet,False,5,4000,5,exp1_permuted_src_datasets
1057,3790.376056667,2.0,1739239849.172659,,,,,,,8.510855877830181e-06,1.0,0.001,1,16,84x84,PrototypicalNetwork,3,3,BreaKHis_formatted,miniImageNet_SOTA_trainSet,False,5,4000,5,exp1_permuted_src_datasets
1058,3790.416024738,2.0,1739239849.2127335,,,,,,,6.844463769084541e-06,1.0,0.001,1,16,84x84,PrototypicalNetwork,3,3,BreaKHis_formatted,miniImageNet_SOTA_trainSet,False,5,4000,5,exp1_permuted_src_datasets
1059,3790.456087756,2.0,1739239849.2527292,,,,,,,5.370640064938925e-05,1.0,0.001,1,16,84x84,PrototypicalNetwork,3,3,BreaKHis_formatted,miniImageNet_SOTA_trainSet,False,5,4000,5,exp1_permuted_src_datasets
1060,3790.500672162,2.0,1739239849.2972717,,,,,,,3.7456120480783284e-05,1.0,0.001,1,16,84x84,PrototypicalNetwork,3,3,BreaKHis_formatted,miniImageNet_SOTA_trainSet,False,5,4000,5,exp1_permuted_src_datasets
1061,3790.54176297,2.0,1739239849.338411,,,,,,,3.1807339837541804e-05,1.0,0.001,1,16,84x84,PrototypicalNetwork,3,3,BreaKHis_formatted,miniImageNet_SOTA_trainSet,False,5,4000,5,exp1_permuted_src_datasets
1062,3790.581866403,2.0,1739239849.3784635,,,,,,,2.679984027054161e-05,1.0,0.001,1,16,84x84,PrototypicalNetwork,3,3,BreaKHis_formatted,miniImageNet_SOTA_trainSet,False,5,4000,5,exp1_permuted_src_datasets
1063,3790.623091695,2.0,1739239849.4197345,,,,,,,3.051004750886932e-05,1.0,0.001,1,16,84x84,PrototypicalNetwork,3,3,BreaKHis_formatted,miniImageNet_SOTA_trainSet,False,5,4000,5,exp1_permuted_src_datasets
1064,3790.664236439,2.0,1739239849.4608693,,,,,,,0.00025936562451533973,1.0,0.001,1,16,84x84,PrototypicalNetwork,3,3,BreaKHis_formatted,miniImageNet_SOTA_trainSet,False,5,4000,5,exp1_permuted_src_datasets
1065,3790.707848143,2.0,1739239849.504486,,,,,,,1.0303839189873543e-05,1.0,0.001,1,16,84x84,PrototypicalNetwork,3,3,BreaKHis_formatted,miniImageNet_SOTA_trainSet,False,5,4000,5,exp1_permuted_src_datasets
1066,3790.744448183,2.0,1739239849.5410194,,,,,,,6.56924894428812e-05,1.0,0.001,1,16,84x84,PrototypicalNetwork,3,3,BreaKHis_formatted,miniImageNet_SOTA_trainSet,False,5,4000,5,exp1_permuted_src_datasets
1067,3790.789830987,2.0,1739239849.5864573,,,,,,,1.1542790161911398e-05,1.0,0.001,1,16,84x84,PrototypicalNetwork,3,3,BreaKHis_formatted,miniImageNet_SOTA_trainSet,False,5,4000,5,exp1_permuted_src_datasets
1068,3790.842172205,2.0,1739239849.6387517,,,,,,,6.735226179443998e-06,1.0,0.001,1,16,84x84,PrototypicalNetwork,3,3,BreaKHis_formatted,miniImageNet_SOTA_trainSet,False,5,4000,5,exp1_permuted_src_datasets
1069,3790.896289328,2.0,1739239849.692829,,,,,,,1.999329288082663e-05,1.0,0.001,1,16,84x84,PrototypicalNetwork,3,3,BreaKHis_formatted,miniImageNet_SOTA_trainSet,False,5,4000,5,exp1_permuted_src_datasets
1070,3790.941223065,2.0,1739239849.731821,,,,,,,2.496284469089005e-05,1.0,0.001,1,16,84x84,PrototypicalNetwork,3,3,BreaKHis_formatted,miniImageNet_SOTA_trainSet,False,5,4000,5,exp1_permuted_src_datasets
1071,3790.988075981,2.0,1739239849.7846868,,,,,,,6.091929390095174e-05,1.0,0.001,1,16,84x84,PrototypicalNetwork,3,3,BreaKHis_formatted,miniImageNet_SOTA_trainSet,False,5,4000,5,exp1_permuted_src_datasets
1072,3791.03144492,2.0,1739239849.8280733,,,,,,,3.6553366953739896e-05,1.0,0.001,1,16,84x84,PrototypicalNetwork,3,3,BreaKHis_formatted,miniImageNet_SOTA_trainSet,False,5,4000,5,exp1_permuted_src_datasets
1073,3791.073320502,2.0,1739239849.8699405,,,,,,,0.00033886972232721746,1.0,0.001,1,16,84x84,PrototypicalNetwork,3,3,BreaKHis_formatted,miniImageNet_SOTA_trainSet,False,5,4000,5,exp1_permuted_src_datasets
1074,4069.996096,2.0,1739240128.7928984,,,,,,0.5396666643619538,,,0.001,1,16,84x84,PrototypicalNetwork,3,3,BreaKHis_formatted,miniImageNet_SOTA_trainSet,False,5,4000,5,exp1_permuted_src_datasets
1075,4127.659156175,3.0,1739240186.4559393,,,,,,,,,0.001,1,16,84x84,PrototypicalNetwork,3,3,BreaKHis_formatted,miniImageNet_SOTA_trainSet,False,5,4000,5,exp1_permuted_src_datasets
1076,4412.461261948,3.0,1739240471.2167382,,,,,,0.5268333319425583,,,0.001,1,16,84x84,PrototypicalNetwork,3,3,BreaKHis_formatted,miniImageNet_SOTA_trainSet,False,5,4000,5,exp1_permuted_src_datasets
1077,4412.46131547,3.0,1739240471.248602,,,,,,,0.4408876895904541,0.875,0.001,1,16,84x84,PrototypicalNetwork,3,3,BreaKHis_formatted,miniImageNet_SOTA_trainSet,False,5,4000,5,exp1_permuted_src_datasets
1078,4412.504154146,3.0,1739240471.3007348,,,,,,,0.3004390299320221,0.8958333134651184,0.001,1,16,84x84,PrototypicalNetwork,3,3,BreaKHis_formatted,miniImageNet_SOTA_trainSet,False,5,4000,5,exp1_permuted_src_datasets
1079,4412.559115483,3.0,1739240471.3557765,,,,,,,0.1585168093442917,0.9375,0.001,1,16,84x84,PrototypicalNetwork,3,3,BreaKHis_formatted,miniImageNet_SOTA_trainSet,False,5,4000,5,exp1_permuted_src_datasets
1080,4412.604748391,3.0,1739240471.401417,,,,,,,0.06836248189210892,1.0,0.001,1,16,84x84,PrototypicalNetwork,3,3,BreaKHis_formatted,miniImageNet_SOTA_trainSet,False,5,4000,5,exp1_permuted_src_datasets
1081,4412.647597726,3.0,1739240471.4441183,,,,,,,0.05617363378405571,0.9791666865348816,0.001,1,16,84x84,PrototypicalNetwork,3,3,BreaKHis_formatted,miniImageNet_SOTA_trainSet,False,5,4000,5,exp1_permuted_src_datasets
1082,4412.701189371,3.0,1739240471.4978142,,,,,,,0.11070358008146286,0.9375,0.001,1,16,84x84,PrototypicalNetwork,3,3,BreaKHis_formatted,miniImageNet_SOTA_trainSet,False,5,4000,5,exp1_permuted_src_datasets
1083,4412.740522487,3.0,1739240471.5370932,,,,,,,0.03131609037518501,0.9791666865348816,0.001,1,16,84x84,PrototypicalNetwork,3,3,BreaKHis_formatted,miniImageNet_SOTA_trainSet,False,5,4000,5,exp1_permuted_src_datasets
1084,4412.785579166,3.0,1739240471.5821922,,,,,,,0.127927765250206,0.9375,0.001,1,16,84x84,PrototypicalNetwork,3,3,BreaKHis_formatted,miniImageNet_SOTA_trainSet,False,5,4000,5,exp1_permuted_src_datasets
1085,4412.824084284,3.0,1739240471.6206617,,,,,,,0.04644860327243805,0.9791666865348816,0.001,1,16,84x84,PrototypicalNetwork,3,3,BreaKHis_formatted,miniImageNet_SOTA_trainSet,False,5,4000,5,exp1_permuted_src_datasets
1086,4412.866936175,3.0,1739240471.6635642,,,,,,,0.059742655605077744,0.9791666865348816,0.001,1,16,84x84,PrototypicalNetwork,3,3,BreaKHis_formatted,miniImageNet_SOTA_trainSet,False,5,4000,5,exp1_permuted_src_datasets
1087,4412.908671473,3.0,1739240471.7052414,,,,,,,0.006494059693068266,1.0,0.001,1,16,84x84,PrototypicalNetwork,3,3,BreaKHis_formatted,miniImageNet_SOTA_trainSet,False,5,4000,5,exp1_permuted_src_datasets
1088,4412.953485294,3.0,1739240471.7500596,,,,,,,0.03185071423649788,0.9791666865348816,0.001,1,16,84x84,PrototypicalNetwork,3,3,BreaKHis_formatted,miniImageNet_SOTA_trainSet,False,5,4000,5,exp1_permuted_src_datasets
1089,4413.014813198,3.0,1739240471.8114047,,,,,,,0.026492200791835785,0.9791666865348816,0.001,1,16,84x84,PrototypicalNetwork,3,3,BreaKHis_formatted,miniImageNet_SOTA_trainSet,False,5,4000,5,exp1_permuted_src_datasets
1090,4413.056676075,3.0,1739240471.8531272,,,,,,,0.005060322117060423,1.0,0.001,1,16,84x84,PrototypicalNetwork,3,3,BreaKHis_formatted,miniImageNet_SOTA_trainSet,False,5,4000,5,exp1_permuted_src_datasets
1091,4413.110997879,3.0,1739240471.9076362,,,,,,,0.007333172485232353,1.0,0.001,1,16,84x84,PrototypicalNetwork,3,3,BreaKHis_formatted,miniImageNet_SOTA_trainSet,False,5,4000,5,exp1_permuted_src_datasets
1092,4413.162911157,3.0,1739240471.9595156,,,,,,,0.015340236015617847,1.0,0.001,1,16,84x84,PrototypicalNetwork,3,3,BreaKHis_formatted,miniImageNet_SOTA_trainSet,False,5,4000,5,exp1_permuted_src_datasets
1093,4413.200590217,3.0,1739240471.99715,,,,,,,0.0025563205126672983,1.0,0.001,1,16,84x84,PrototypicalNetwork,3,3,BreaKHis_formatted,miniImageNet_SOTA_trainSet,False,5,4000,5,exp1_permuted_src_datasets
1094,4413.24773329,3.0,1739240472.0443306,,,,,,,0.007757256273180246,1.0,0.001,1,16,84x84,PrototypicalNetwork,3,3,BreaKHis_formatted,miniImageNet_SOTA_trainSet,False,5,4000,5,exp1_permuted_src_datasets
1095,4413.287565898,3.0,1739240472.0842144,,,,,,,0.0317576639354229,0.9791666865348816,0.001,1,16,84x84,PrototypicalNetwork,3,3,BreaKHis_formatted,miniImageNet_SOTA_trainSet,False,5,4000,5,exp1_permuted_src_datasets
1096,4413.329148372,3.0,1739240472.1257164,,,,,,,0.0047912816517055035,1.0,0.001,1,16,84x84,PrototypicalNetwork,3,3,BreaKHis_formatted,miniImageNet_SOTA_trainSet,False,5,4000,5,exp1_permuted_src_datasets
1097,4413.387483563,3.0,1739240472.1839452,,,,,,,0.003518195590004325,1.0,0.001,1,16,84x84,PrototypicalNetwork,3,3,BreaKHis_formatted,miniImageNet_SOTA_trainSet,False,5,4000,5,exp1_permuted_src_datasets
1098,4413.444598668,3.0,1739240472.2412393,,,,,,,0.03335811570286751,0.9791666865348816,0.001,1,16,84x84,PrototypicalNetwork,3,3,BreaKHis_formatted,miniImageNet_SOTA_trainSet,False,5,4000,5,exp1_permuted_src_datasets
1099,4413.486035013,3.0,1739240472.2826476,,,,,,,0.0013227915624156594,1.0,0.001,1,16,84x84,PrototypicalNetwork,3,3,BreaKHis_formatted,miniImageNet_SOTA_trainSet,False,5,4000,5,exp1_permuted_src_datasets
1100,4413.533562273,3.0,1739240472.3301802,,,,,,,0.015952149406075478,1.0,0.001,1,16,84x84,PrototypicalNetwork,3,3,BreaKHis_formatted,miniImageNet_SOTA_trainSet,False,5,4000,5,exp1_permuted_src_datasets
1101,4413.574435271,3.0,1739240472.371075,,,,,,,0.0005673213745467365,1.0,0.001,1,16,84x84,PrototypicalNetwork,3,3,BreaKHis_formatted,miniImageNet_SOTA_trainSet,False,5,4000,5,exp1_permuted_src_datasets
1102,4413.61281895,3.0,1739240472.4094508,,,,,,,0.007522743660956621,1.0,0.001,1,16,84x84,PrototypicalNetwork,3,3,BreaKHis_formatted,miniImageNet_SOTA_trainSet,False,5,4000,5,exp1_permuted_src_datasets
1103,4413.653858353,3.0,1739240472.4504128,,,,,,,0.003893809160217643,1.0,0.001,1,16,84x84,PrototypicalNetwork,3,3,BreaKHis_formatted,miniImageNet_SOTA_trainSet,False,5,4000,5,exp1_permuted_src_datasets
1104,4413.710066815,3.0,1739240472.5066948,,,,,,,0.0007090440485626459,1.0,0.001,1,16,84x84,PrototypicalNetwork,3,3,BreaKHis_formatted,miniImageNet_SOTA_trainSet,False,5,4000,5,exp1_permuted_src_datasets
1105,4413.749485648,3.0,1739240472.5460277,,,,,,,0.0003882421588059515,1.0,0.001,1,16,84x84,PrototypicalNetwork,3,3,BreaKHis_formatted,miniImageNet_SOTA_trainSet,False,5,4000,5,exp1_permuted_src_datasets
1106,4413.791848483,3.0,1739240472.5884082,,,,,,,0.0020174779929220676,1.0,0.001,1,16,84x84,PrototypicalNetwork,3,3,BreaKHis_formatted,miniImageNet_SOTA_trainSet,False,5,4000,5,exp1_permuted_src_datasets
1107,4413.842693314,3.0,1739240472.6393185,,,,,,,0.017013443633913994,0.9791666865348816,0.001,1,16,84x84,PrototypicalNetwork,3,3,BreaKHis_formatted,miniImageNet_SOTA_trainSet,False,5,4000,5,exp1_permuted_src_datasets
1108,4413.898974983,3.0,1739240472.6955886,,,,,,,0.0003022214223165065,1.0,0.001,1,16,84x84,PrototypicalNetwork,3,3,BreaKHis_formatted,miniImageNet_SOTA_trainSet,False,5,4000,5,exp1_permuted_src_datasets
1109,4413.945711528,3.0,1739240472.742275,,,,,,,0.0014176518889144063,1.0,0.001,1,16,84x84,PrototypicalNetwork,3,3,BreaKHis_formatted,miniImageNet_SOTA_trainSet,False,5,4000,5,exp1_permuted_src_datasets
1110,4413.999229736,3.0,1739240472.7957842,,,,,,,0.0033662260975688696,1.0,0.001,1,16,84x84,PrototypicalNetwork,3,3,BreaKHis_formatted,miniImageNet_SOTA_trainSet,False,5,4000,5,exp1_permuted_src_datasets
1111,4414.056773286,3.0,1739240472.8534245,,,,,,,0.00017997926624957472,1.0,0.001,1,16,84x84,PrototypicalNetwork,3,3,BreaKHis_formatted,miniImageNet_SOTA_trainSet,False,5,4000,5,exp1_permuted_src_datasets
1112,4414.09748428,3.0,1739240472.8941345,,,,,,,0.0016917651519179344,1.0,0.001,1,16,84x84,PrototypicalNetwork,3,3,BreaKHis_formatted,miniImageNet_SOTA_trainSet,False,5,4000,5,exp1_permuted_src_datasets
1113,4414.138753175,3.0,1739240472.9354095,,,,,,,0.005187441129237413,1.0,0.001,1,16,84x84,PrototypicalNetwork,3,3,BreaKHis_formatted,miniImageNet_SOTA_trainSet,False,5,4000,5,exp1_permuted_src_datasets
1114,4414.178530304,3.0,1739240472.9751482,,,,,,,0.0008731489069759846,1.0,0.001,1,16,84x84,PrototypicalNetwork,3,3,BreaKHis_formatted,miniImageNet_SOTA_trainSet,False,5,4000,5,exp1_permuted_src_datasets
1115,4414.21817301,3.0,1739240473.014797,,,,,,,0.00019088834233116359,1.0,0.001,1,16,84x84,PrototypicalNetwork,3,3,BreaKHis_formatted,miniImageNet_SOTA_trainSet,False,5,4000,5,exp1_permuted_src_datasets
1116,4414.261548415,3.0,1739240473.0581927,,,,,,,0.0007915941532701254,1.0,0.001,1,16,84x84,PrototypicalNetwork,3,3,BreaKHis_formatted,miniImageNet_SOTA_trainSet,False,5,4000,5,exp1_permuted_src_datasets
1117,4414.303090983,3.0,1739240473.0997176,,,,,,,0.001009145169518888,1.0,0.001,1,16,84x84,PrototypicalNetwork,3,3,BreaKHis_formatted,miniImageNet_SOTA_trainSet,False,5,4000,5,exp1_permuted_src_datasets
1118,4414.345437457,3.0,1739240473.1420496,,,,,,,7.065691170282662e-05,1.0,0.001,1,16,84x84,PrototypicalNetwork,3,3,BreaKHis_formatted,miniImageNet_SOTA_trainSet,False,5,4000,5,exp1_permuted_src_datasets
1119,4414.388385506,3.0,1739240473.1850104,,,,,,,0.00018854318477679044,1.0,0.001,1,16,84x84,PrototypicalNetwork,3,3,BreaKHis_formatted,miniImageNet_SOTA_trainSet,False,5,4000,5,exp1_permuted_src_datasets
1120,4414.457816699,3.0,1739240473.2544487,,,,,,,0.0005573107046075165,1.0,0.001,1,16,84x84,PrototypicalNetwork,3,3,BreaKHis_formatted,miniImageNet_SOTA_trainSet,False,5,4000,5,exp1_permuted_src_datasets
1121,4414.522408864,3.0,1739240473.3189857,,,,,,,0.026803066954016685,0.9791666865348816,0.001,1,16,84x84,PrototypicalNetwork,3,3,BreaKHis_formatted,miniImageNet_SOTA_trainSet,False,5,4000,5,exp1_permuted_src_datasets
1122,4414.58128862,3.0,1739240473.3778563,,,,,,,0.002237039152532816,1.0,0.001,1,16,84x84,PrototypicalNetwork,3,3,BreaKHis_formatted,miniImageNet_SOTA_trainSet,False,5,4000,5,exp1_permuted_src_datasets
1123,4414.638497204,3.0,1739240473.435126,,,,,,,0.0014717780286446214,1.0,0.001,1,16,84x84,PrototypicalNetwork,3,3,BreaKHis_formatted,miniImageNet_SOTA_trainSet,False,5,4000,5,exp1_permuted_src_datasets
1124,4414.682858382,3.0,1739240473.4794786,,,,,,,0.00197658222168684,1.0,0.001,1,16,84x84,PrototypicalNetwork,3,3,BreaKHis_formatted,miniImageNet_SOTA_trainSet,False,5,4000,5,exp1_permuted_src_datasets
1125,4414.726455211,3.0,1739240473.523101,,,,,,,0.029882194474339485,0.9791666865348816,0.001,1,16,84x84,PrototypicalNetwork,3,3,BreaKHis_formatted,miniImageNet_SOTA_trainSet,False,5,4000,5,exp1_permuted_src_datasets
1126,4414.775340203,3.0,1739240473.5719151,,,,,,,4.773475302499719e-05,1.0,0.001,1,16,84x84,PrototypicalNetwork,3,3,BreaKHis_formatted,miniImageNet_SOTA_trainSet,False,5,4000,5,exp1_permuted_src_datasets
1127,4414.838237673,3.0,1739240473.6348424,,,,,,,0.0013068723492324352,1.0,0.001,1,16,84x84,PrototypicalNetwork,3,3,BreaKHis_formatted,miniImageNet_SOTA_trainSet,False,5,4000,5,exp1_permuted_src_datasets
1128,4414.889537183,3.0,1739240473.6859791,,,,,,,0.0010644524591043591,1.0,0.001,1,16,84x84,PrototypicalNetwork,3,3,BreaKHis_formatted,miniImageNet_SOTA_trainSet,False,5,4000,5,exp1_permuted_src_datasets
1129,4414.940222527,3.0,1739240473.7368453,,,,,,,0.00014394261233974248,1.0,0.001,1,16,84x84,PrototypicalNetwork,3,3,BreaKHis_formatted,miniImageNet_SOTA_trainSet,False,5,4000,5,exp1_permuted_src_datasets
1130,4414.984738247,3.0,1739240473.7813592,,,,,,,0.0029823279473930597,1.0,0.001,1,16,84x84,PrototypicalNetwork,3,3,BreaKHis_formatted,miniImageNet_SOTA_trainSet,False,5,4000,5,exp1_permuted_src_datasets
1131,4415.030960058,3.0,1739240473.8275292,,,,,,,0.0005607265629805624,1.0,0.001,1,16,84x84,PrototypicalNetwork,3,3,BreaKHis_formatted,miniImageNet_SOTA_trainSet,False,5,4000,5,exp1_permuted_src_datasets
1132,4415.085975214,3.0,1739240473.882585,,,,,,,0.0005174990510568023,1.0,0.001,1,16,84x84,PrototypicalNetwork,3,3,BreaKHis_formatted,miniImageNet_SOTA_trainSet,False,5,4000,5,exp1_permuted_src_datasets
1133,4415.131575778,3.0,1739240473.9281929,,,,,,,0.0006561928312294185,1.0,0.001,1,16,84x84,PrototypicalNetwork,3,3,BreaKHis_formatted,miniImageNet_SOTA_trainSet,False,5,4000,5,exp1_permuted_src_datasets
1134,4415.172354952,3.0,1739240473.9689677,,,,,,,0.0004761465825140476,1.0,0.001,1,16,84x84,PrototypicalNetwork,3,3,BreaKHis_formatted,miniImageNet_SOTA_trainSet,False,5,4000,5,exp1_permuted_src_datasets
1135,4415.223889418,3.0,1739240474.020523,,,,,,,0.0003135124279651791,1.0,0.001,1,16,84x84,PrototypicalNetwork,3,3,BreaKHis_formatted,miniImageNet_SOTA_trainSet,False,5,4000,5,exp1_permuted_src_datasets
1136,4415.288731721,3.0,1739240474.0852907,,,,,,,0.00025737102259881794,1.0,0.001,1,16,84x84,PrototypicalNetwork,3,3,BreaKHis_formatted,miniImageNet_SOTA_trainSet,False,5,4000,5,exp1_permuted_src_datasets
1137,4415.345370077,3.0,1739240474.141988,,,,,,,0.015070649795234203,1.0,0.001,1,16,84x84,PrototypicalNetwork,3,3,BreaKHis_formatted,miniImageNet_SOTA_trainSet,False,5,4000,5,exp1_permuted_src_datasets
1138,4415.385946924,3.0,1739240474.182547,,,,,,,0.004063415341079235,1.0,0.001,1,16,84x84,PrototypicalNetwork,3,3,BreaKHis_formatted,miniImageNet_SOTA_trainSet,False,5,4000,5,exp1_permuted_src_datasets
1139,4699.636149456,3.0,1739240758.4329307,,,,,,0.5361666656732559,,,0.001,1,16,84x84,PrototypicalNetwork,3,3,BreaKHis_formatted,miniImageNet_SOTA_trainSet,False,5,4000,5,exp1_permuted_src_datasets
1140,4699.690497792,3.0,1739240758.4871402,,,,,,,0.0004085593391209841,1.0,0.001,1,16,84x84,PrototypicalNetwork,3,3,BreaKHis_formatted,miniImageNet_SOTA_trainSet,False,5,4000,5,exp1_permuted_src_datasets
1141,4699.738447164,3.0,1739240758.535061,,,,,,,6.4236628531944e-05,1.0,0.001,1,16,84x84,PrototypicalNetwork,3,3,BreaKHis_formatted,miniImageNet_SOTA_trainSet,False,5,4000,5,exp1_permuted_src_datasets
1142,4699.789289032,3.0,1739240758.5858638,,,,,,,0.0002558723499532789,1.0,0.001,1,16,84x84,PrototypicalNetwork,3,3,BreaKHis_formatted,miniImageNet_SOTA_trainSet,False,5,4000,5,exp1_permuted_src_datasets
1143,4699.850258431,3.0,1739240758.6468658,,,,,,,0.0037663066759705544,1.0,0.001,1,16,84x84,PrototypicalNetwork,3,3,BreaKHis_formatted,miniImageNet_SOTA_trainSet,False,5,4000,5,exp1_permuted_src_datasets
1144,4699.910534646,3.0,1739240758.707157,,,,,,,0.008111383765935898,1.0,0.001,1,16,84x84,PrototypicalNetwork,3,3,BreaKHis_formatted,miniImageNet_SOTA_trainSet,False,5,4000,5,exp1_permuted_src_datasets
1145,4699.951792748,3.0,1739240758.7483945,,,,,,,3.1411902455147356e-05,1.0,0.001,1,16,84x84,PrototypicalNetwork,3,3,BreaKHis_formatted,miniImageNet_SOTA_trainSet,False,5,4000,5,exp1_permuted_src_datasets
1146,4699.993117951,3.0,1739240758.789761,,,,,,,8.607278141425923e-05,1.0,0.001,1,16,84x84,PrototypicalNetwork,3,3,BreaKHis_formatted,miniImageNet_SOTA_trainSet,False,5,4000,5,exp1_permuted_src_datasets
1147,4700.036702604,3.0,1739240758.8332613,,,,,,,4.909530616714619e-05,1.0,0.001,1,16,84x84,PrototypicalNetwork,3,3,BreaKHis_formatted,miniImageNet_SOTA_trainSet,False,5,4000,5,exp1_permuted_src_datasets
1148,4700.083958377,3.0,1739240758.8805244,,,,,,,0.002677271142601967,1.0,0.001,1,16,84x84,PrototypicalNetwork,3,3,BreaKHis_formatted,miniImageNet_SOTA_trainSet,False,5,4000,5,exp1_permuted_src_datasets
1149,4700.128120868,3.0,1739240758.9247327,,,,,,,0.00018473925592843443,1.0,0.001,1,16,84x84,PrototypicalNetwork,3,3,BreaKHis_formatted,miniImageNet_SOTA_trainSet,False,5,4000,5,exp1_permuted_src_datasets
1150,4700.182929291,3.0,1739240758.9795918,,,,,,,0.0009465872426517308,1.0,0.001,1,16,84x84,PrototypicalNetwork,3,3,BreaKHis_formatted,miniImageNet_SOTA_trainSet,False,5,4000,5,exp1_permuted_src_datasets
1151,4700.249736414,3.0,1739240759.0463514,,,,,,,0.0031075812876224518,1.0,0.001,1,16,84x84,PrototypicalNetwork,3,3,BreaKHis_formatted,miniImageNet_SOTA_trainSet,False,5,4000,5,exp1_permuted_src_datasets
1152,4700.299796704,3.0,1739240759.0964057,,,,,,,0.008308972232043743,1.0,0.001,1,16,84x84,PrototypicalNetwork,3,3,BreaKHis_formatted,miniImageNet_SOTA_trainSet,False,5,4000,5,exp1_permuted_src_datasets
1153,4700.349466388,3.0,1739240759.1460752,,,,,,,0.00023167324252426624,1.0,0.001,1,16,84x84,PrototypicalNetwork,3,3,BreaKHis_formatted,miniImageNet_SOTA_trainSet,False,5,4000,5,exp1_permuted_src_datasets
1154,4700.410943194,3.0,1739240759.2076082,,,,,,,4.108945722691715e-05,1.0,0.001,1,16,84x84,PrototypicalNetwork,3,3,BreaKHis_formatted,miniImageNet_SOTA_trainSet,False,5,4000,5,exp1_permuted_src_datasets
1155,4700.466990333,3.0,1739240759.2635617,,,,,,,6.71210655127652e-05,1.0,0.001,1,16,84x84,PrototypicalNetwork,3,3,BreaKHis_formatted,miniImageNet_SOTA_trainSet,False,5,4000,5,exp1_permuted_src_datasets
1156,4700.524118485,3.0,1739240759.3207328,,,,,,,0.0001668133627390489,1.0,0.001,1,16,84x84,PrototypicalNetwork,3,3,BreaKHis_formatted,miniImageNet_SOTA_trainSet,False,5,4000,5,exp1_permuted_src_datasets
1157,4700.58948093,3.0,1739240759.3860605,,,,,,,0.00017886880959849805,1.0,0.001,1,16,84x84,PrototypicalNetwork,3,3,BreaKHis_formatted,miniImageNet_SOTA_trainSet,False,5,4000,5,exp1_permuted_src_datasets
1158,4700.634246015,3.0,1739240759.4308918,,,,,,,0.00019877702288795263,1.0,0.001,1,16,84x84,PrototypicalNetwork,3,3,BreaKHis_formatted,miniImageNet_SOTA_trainSet,False,5,4000,5,exp1_permuted_src_datasets
1159,4700.676047294,3.0,1739240759.472598,,,,,,,0.0035896499175578356,1.0,0.001,1,16,84x84,PrototypicalNetwork,3,3,BreaKHis_formatted,miniImageNet_SOTA_trainSet,False,5,4000,5,exp1_permuted_src_datasets
1160,4700.727475321,3.0,1739240759.524085,,,,,,,0.0001230342750204727,1.0,0.001,1,16,84x84,PrototypicalNetwork,3,3,BreaKHis_formatted,miniImageNet_SOTA_trainSet,False,5,4000,5,exp1_permuted_src_datasets
1161,4700.76810178,3.0,1739240759.5647259,,,,,,,6.041454616934061e-05,1.0,0.001,1,16,84x84,PrototypicalNetwork,3,3,BreaKHis_formatted,miniImageNet_SOTA_trainSet,False,5,4000,5,exp1_permuted_src_datasets
1162,4700.828844864,3.0,1739240759.6254084,,,,,,,0.0015903962776064873,1.0,0.001,1,16,84x84,PrototypicalNetwork,3,3,BreaKHis_formatted,miniImageNet_SOTA_trainSet,False,5,4000,5,exp1_permuted_src_datasets
1163,4700.874446235,3.0,1739240759.6710546,,,,,,,0.00011245103814871982,1.0,0.001,1,16,84x84,PrototypicalNetwork,3,3,BreaKHis_formatted,miniImageNet_SOTA_trainSet,False,5,4000,5,exp1_permuted_src_datasets
1164,4700.926234426,3.0,1739240759.7228425,,,,,,,0.0001300243311561644,1.0,0.001,1,16,84x84,PrototypicalNetwork,3,3,BreaKHis_formatted,miniImageNet_SOTA_trainSet,False,5,4000,5,exp1_permuted_src_datasets
1165,4700.977579985,3.0,1739240759.7741616,,,,,,,0.00038285975460894406,1.0,0.001,1,16,84x84,PrototypicalNetwork,3,3,BreaKHis_formatted,miniImageNet_SOTA_trainSet,False,5,4000,5,exp1_permuted_src_datasets
1166,4701.033311544,3.0,1739240759.8299623,,,,,,,0.00017138932889793068,1.0,0.001,1,16,84x84,PrototypicalNetwork,3,3,BreaKHis_formatted,miniImageNet_SOTA_trainSet,False,5,4000,5,exp1_permuted_src_datasets
1167,4701.081737565,3.0,1739240759.8783426,,,,,,,0.000531491357833147,1.0,0.001,1,16,84x84,PrototypicalNetwork,3,3,BreaKHis_formatted,miniImageNet_SOTA_trainSet,False,5,4000,5,exp1_permuted_src_datasets
1168,4701.135770711,3.0,1739240759.9323733,,,,,,,0.0001487875560997054,1.0,0.001,1,16,84x84,PrototypicalNetwork,3,3,BreaKHis_formatted,miniImageNet_SOTA_trainSet,False,5,4000,5,exp1_permuted_src_datasets
1169,4701.178977173,3.0,1739240759.9755282,,,,,,,0.00042292088619433343,1.0,0.001,1,16,84x84,PrototypicalNetwork,3,3,BreaKHis_formatted,miniImageNet_SOTA_trainSet,False,5,4000,5,exp1_permuted_src_datasets
1170,4701.230918458,3.0,1739240760.0275211,,,,,,,4.22364792029839e-05,1.0,0.001,1,16,84x84,PrototypicalNetwork,3,3,BreaKHis_formatted,miniImageNet_SOTA_trainSet,False,5,4000,5,exp1_permuted_src_datasets
1171,4701.279137872,3.0,1739240760.0757697,,,,,,,0.0004247520409990102,1.0,0.001,1,16,84x84,PrototypicalNetwork,3,3,BreaKHis_formatted,miniImageNet_SOTA_trainSet,False,5,4000,5,exp1_permuted_src_datasets
1172,4701.321800095,3.0,1739240760.11842,,,,,,,0.000520034518558532,1.0,0.001,1,16,84x84,PrototypicalNetwork,3,3,BreaKHis_formatted,miniImageNet_SOTA_trainSet,False,5,4000,5,exp1_permuted_src_datasets
1173,4701.383542815,3.0,1739240760.1801014,,,,,,,5.084774238639511e-05,1.0,0.001,1,16,84x84,PrototypicalNetwork,3,3,BreaKHis_formatted,miniImageNet_SOTA_trainSet,False,5,4000,5,exp1_permuted_src_datasets
1174,4701.431883474,3.0,1739240760.2284977,,,,,,,0.00016733836673665792,1.0,0.001,1,16,84x84,PrototypicalNetwork,3,3,BreaKHis_formatted,miniImageNet_SOTA_trainSet,False,5,4000,5,exp1_permuted_src_datasets
1175,4701.475868037,3.0,1739240760.2724063,,,,,,,0.0002724292571656406,1.0,0.001,1,16,84x84,PrototypicalNetwork,3,3,BreaKHis_formatted,miniImageNet_SOTA_trainSet,False,5,4000,5,exp1_permuted_src_datasets
1176,4701.521165371,3.0,1739240760.3177645,,,,,,,0.00044767011422663927,1.0,0.001,1,16,84x84,PrototypicalNetwork,3,3,BreaKHis_formatted,miniImageNet_SOTA_trainSet,False,5,4000,5,exp1_permuted_src_datasets
1177,4701.565753921,3.0,1739240760.3623405,,,,,,,0.00029406233807094395,1.0,0.001,1,16,84x84,PrototypicalNetwork,3,3,BreaKHis_formatted,miniImageNet_SOTA_trainSet,False,5,4000,5,exp1_permuted_src_datasets
1178,4701.616572809,3.0,1739240760.4131563,,,,,,,0.0017612016526982188,1.0,0.001,1,16,84x84,PrototypicalNetwork,3,3,BreaKHis_formatted,miniImageNet_SOTA_trainSet,False,5,4000,5,exp1_permuted_src_datasets
1179,4701.662728979,3.0,1739240760.459337,,,,,,,0.0015919110737740993,1.0,0.001,1,16,84x84,PrototypicalNetwork,3,3,BreaKHis_formatted,miniImageNet_SOTA_trainSet,False,5,4000,5,exp1_permuted_src_datasets
1180,4701.719270068,3.0,1739240760.5159132,,,,,,,0.00022807075583841652,1.0,0.001,1,16,84x84,PrototypicalNetwork,3,3,BreaKHis_formatted,miniImageNet_SOTA_trainSet,False,5,4000,5,exp1_permuted_src_datasets
1181,4701.767519812,3.0,1739240760.5641236,,,,,,,0.0002799921203404665,1.0,0.001,1,16,84x84,PrototypicalNetwork,3,3,BreaKHis_formatted,miniImageNet_SOTA_trainSet,False,5,4000,5,exp1_permuted_src_datasets
1182,4701.82729923,3.0,1739240760.6238632,,,,,,,0.0005039971438236535,1.0,0.001,1,16,84x84,PrototypicalNetwork,3,3,BreaKHis_formatted,miniImageNet_SOTA_trainSet,False,5,4000,5,exp1_permuted_src_datasets
1183,4701.871779134,3.0,1739240760.6683395,,,,,,,0.0002218658773927018,1.0,0.001,1,16,84x84,PrototypicalNetwork,3,3,BreaKHis_formatted,miniImageNet_SOTA_trainSet,False,5,4000,5,exp1_permuted_src_datasets
1184,4701.914265914,3.0,1739240760.7108505,,,,,,,0.0015001008287072182,1.0,0.001,1,16,84x84,PrototypicalNetwork,3,3,BreaKHis_formatted,miniImageNet_SOTA_trainSet,False,5,4000,5,exp1_permuted_src_datasets
1185,4701.956032127,3.0,1739240760.7526448,,,,,,,7.614609785377979e-05,1.0,0.001,1,16,84x84,PrototypicalNetwork,3,3,BreaKHis_formatted,miniImageNet_SOTA_trainSet,False,5,4000,5,exp1_permuted_src_datasets
1186,4702.004888348,3.0,1739240760.8014398,,,,,,,9.802917338674888e-05,1.0,0.001,1,16,84x84,PrototypicalNetwork,3,3,BreaKHis_formatted,miniImageNet_SOTA_trainSet,False,5,4000,5,exp1_permuted_src_datasets
1187,4702.062255731,3.0,1739240760.8588688,,,,,,,0.0006742912228219211,1.0,0.001,1,16,84x84,PrototypicalNetwork,3,3,BreaKHis_formatted,miniImageNet_SOTA_trainSet,False,5,4000,5,exp1_permuted_src_datasets
1188,4702.105815855,3.0,1739240760.9024396,,,,,,,6.414917879737914e-05,1.0,0.001,1,16,84x84,PrototypicalNetwork,3,3,BreaKHis_formatted,miniImageNet_SOTA_trainSet,False,5,4000,5,exp1_permuted_src_datasets
1189,4702.150473043,3.0,1739240760.9471073,,,,,,,0.0001432332646800205,1.0,0.001,1,16,84x84,PrototypicalNetwork,3,3,BreaKHis_formatted,miniImageNet_SOTA_trainSet,False,5,4000,5,exp1_permuted_src_datasets
1190,4702.194091406,3.0,1739240760.9907098,,,,,,,0.0005765791865997016,1.0,0.001,1,16,84x84,PrototypicalNetwork,3,3,BreaKHis_formatted,miniImageNet_SOTA_trainSet,False,5,4000,5,exp1_permuted_src_datasets
1191,4702.240800443,3.0,1739240761.037344,,,,,,,0.00014648713113274425,1.0,0.001,1,16,84x84,PrototypicalNetwork,3,3,BreaKHis_formatted,miniImageNet_SOTA_trainSet,False,5,4000,5,exp1_permuted_src_datasets
1192,4702.291177944,3.0,1739240761.0877273,,,,,,,4.7923997044563293e-05,1.0,0.001,1,16,84x84,PrototypicalNetwork,3,3,BreaKHis_formatted,miniImageNet_SOTA_trainSet,False,5,4000,5,exp1_permuted_src_datasets
1193,4702.335642602,3.0,1739240761.1322439,,,,,,,0.00021056568948552012,1.0,0.001,1,16,84x84,PrototypicalNetwork,3,3,BreaKHis_formatted,miniImageNet_SOTA_trainSet,False,5,4000,5,exp1_permuted_src_datasets
1194,4702.382312812,3.0,1739240761.1789114,,,,,,,0.00012772638001479208,1.0,0.001,1,16,84x84,PrototypicalNetwork,3,3,BreaKHis_formatted,miniImageNet_SOTA_trainSet,False,5,4000,5,exp1_permuted_src_datasets
1195,4702.428229397,3.0,1739240761.2248614,,,,,,,0.0005145488539710641,1.0,0.001,1,16,84x84,PrototypicalNetwork,3,3,BreaKHis_formatted,miniImageNet_SOTA_trainSet,False,5,4000,5,exp1_permuted_src_datasets
1196,4702.48219829,3.0,1739240761.278839,,,,,,,0.0002510916965547949,1.0,0.001,1,16,84x84,PrototypicalNetwork,3,3,BreaKHis_formatted,miniImageNet_SOTA_trainSet,False,5,4000,5,exp1_permuted_src_datasets
1197,4702.525080874,3.0,1739240761.3217037,,,,,,,0.002940610283985734,1.0,0.001,1,16,84x84,PrototypicalNetwork,3,3,BreaKHis_formatted,miniImageNet_SOTA_trainSet,False,5,4000,5,exp1_permuted_src_datasets
1198,4702.568220973,3.0,1739240761.3648398,,,,,,,4.416011506691575e-05,1.0,0.001,1,16,84x84,PrototypicalNetwork,3,3,BreaKHis_formatted,miniImageNet_SOTA_trainSet,False,5,4000,5,exp1_permuted_src_datasets
1199,4702.609666296,3.0,1739240761.4062939,,,,,,,0.0009486598428338766,1.0,0.001,1,16,84x84,PrototypicalNetwork,3,3,BreaKHis_formatted,miniImageNet_SOTA_trainSet,False,5,4000,5,exp1_permuted_src_datasets
1200,4702.667347018,3.0,1739240761.46395,,,,,,,0.00019319447164889425,1.0,0.001,1,16,84x84,PrototypicalNetwork,3,3,BreaKHis_formatted,miniImageNet_SOTA_trainSet,False,5,4000,5,exp1_permuted_src_datasets
1201,4702.724006688,3.0,1739240761.520622,,,,,,,3.567091698641889e-05,1.0,0.001,1,16,84x84,PrototypicalNetwork,3,3,BreaKHis_formatted,miniImageNet_SOTA_trainSet,False,5,4000,5,exp1_permuted_src_datasets
1202,4992.021287062,3.0,1739241050.7719,,,,,,0.5322499984502792,,,0.001,1,16,84x84,PrototypicalNetwork,3,3,BreaKHis_formatted,miniImageNet_SOTA_trainSet,False,5,4000,5,exp1_permuted_src_datasets
1203,4992.021344115,3.0,1739241050.8107016,,,,,,,2.7923080779146403e-05,1.0,0.001,1,16,84x84,PrototypicalNetwork,3,3,BreaKHis_formatted,miniImageNet_SOTA_trainSet,False,5,4000,5,exp1_permuted_src_datasets
1204,4992.059327785,3.0,1739241050.855923,,,,,,,6.262821261771023e-05,1.0,0.001,1,16,84x84,PrototypicalNetwork,3,3,BreaKHis_formatted,miniImageNet_SOTA_trainSet,False,5,4000,5,exp1_permuted_src_datasets
1205,4992.106784519,3.0,1739241050.9033794,,,,,,,0.00011406364501453936,1.0,0.001,1,16,84x84,PrototypicalNetwork,3,3,BreaKHis_formatted,miniImageNet_SOTA_trainSet,False,5,4000,5,exp1_permuted_src_datasets
1206,4992.153703568,3.0,1739241050.9503021,,,,,,,0.0007891718414612114,1.0,0.001,1,16,84x84,PrototypicalNetwork,3,3,BreaKHis_formatted,miniImageNet_SOTA_trainSet,False,5,4000,5,exp1_permuted_src_datasets
1207,4992.232665802,3.0,1739241051.0292032,,,,,,,1.4334361367218662e-05,1.0,0.001,1,16,84x84,PrototypicalNetwork,3,3,BreaKHis_formatted,miniImageNet_SOTA_trainSet,False,5,4000,5,exp1_permuted_src_datasets
1208,4992.285513989,3.0,1739241051.0821269,,,,,,,0.000443796074250713,1.0,0.001,1,16,84x84,PrototypicalNetwork,3,3,BreaKHis_formatted,miniImageNet_SOTA_trainSet,False,5,4000,5,exp1_permuted_src_datasets
1209,4992.343141873,3.0,1739241051.139745,,,,,,,0.0003773401549551636,1.0,0.001,1,16,84x84,PrototypicalNetwork,3,3,BreaKHis_formatted,miniImageNet_SOTA_trainSet,False,5,4000,5,exp1_permuted_src_datasets
1210,4992.389952645,3.0,1739241051.1865492,,,,,,,6.227824633242562e-05,1.0,0.001,1,16,84x84,PrototypicalNetwork,3,3,BreaKHis_formatted,miniImageNet_SOTA_trainSet,False,5,4000,5,exp1_permuted_src_datasets
1211,4992.436306058,3.0,1739241051.2328563,,,,,,,1.5546056602033786e-05,1.0,0.001,1,16,84x84,PrototypicalNetwork,3,3,BreaKHis_formatted,miniImageNet_SOTA_trainSet,False,5,4000,5,exp1_permuted_src_datasets
1212,4992.484373362,3.0,1739241051.2809062,,,,,,,0.00011536848614923656,1.0,0.001,1,16,84x84,PrototypicalNetwork,3,3,BreaKHis_formatted,miniImageNet_SOTA_trainSet,False,5,4000,5,exp1_permuted_src_datasets
1213,4992.546643693,3.0,1739241051.3432043,,,,,,,0.0033019965048879385,1.0,0.001,1,16,84x84,PrototypicalNetwork,3,3,BreaKHis_formatted,miniImageNet_SOTA_trainSet,False,5,4000,5,exp1_permuted_src_datasets
1214,4992.596153773,3.0,1739241051.3927383,,,,,,,0.00030126466299407184,1.0,0.001,1,16,84x84,PrototypicalNetwork,3,3,BreaKHis_formatted,miniImageNet_SOTA_trainSet,False,5,4000,5,exp1_permuted_src_datasets
1215,4992.658679455,3.0,1739241051.455261,,,,,,,2.9405566237983294e-05,1.0,0.001,1,16,84x84,PrototypicalNetwork,3,3,BreaKHis_formatted,miniImageNet_SOTA_trainSet,False,5,4000,5,exp1_permuted_src_datasets
1216,4992.708254897,3.0,1739241051.5048344,,,,,,,1.826295738283079e-05,1.0,0.001,1,16,84x84,PrototypicalNetwork,3,3,BreaKHis_formatted,miniImageNet_SOTA_trainSet,False,5,4000,5,exp1_permuted_src_datasets
1217,4992.756948073,3.0,1739241051.5535054,,,,,,,4.118914148421027e-05,1.0,0.001,1,16,84x84,PrototypicalNetwork,3,3,BreaKHis_formatted,miniImageNet_SOTA_trainSet,False,5,4000,5,exp1_permuted_src_datasets
1218,4992.805758079,3.0,1739241051.6023705,,,,,,,9.746550495037809e-05,1.0,0.001,1,16,84x84,PrototypicalNetwork,3,3,BreaKHis_formatted,miniImageNet_SOTA_trainSet,False,5,4000,5,exp1_permuted_src_datasets
1219,4992.861326662,3.0,1739241051.6578503,,,,,,,7.591892790514976e-05,1.0,0.001,1,16,84x84,PrototypicalNetwork,3,3,BreaKHis_formatted,miniImageNet_SOTA_trainSet,False,5,4000,5,exp1_permuted_src_datasets
1220,4992.968916481,3.0,1739241051.7655098,,,,,,,5.967410470475443e-05,1.0,0.001,1,16,84x84,PrototypicalNetwork,3,3,BreaKHis_formatted,miniImageNet_SOTA_trainSet,False,5,4000,5,exp1_permuted_src_datasets
1221,4993.049692452,3.0,1739241051.846266,,,,,,,0.00010127394489245489,1.0,0.001,1,16,84x84,PrototypicalNetwork,3,3,BreaKHis_formatted,miniImageNet_SOTA_trainSet,False,5,4000,5,exp1_permuted_src_datasets
1222,4993.112101945,3.0,1739241051.9087553,,,,,,,0.0004874950973317027,1.0,0.001,1,16,84x84,PrototypicalNetwork,3,3,BreaKHis_formatted,miniImageNet_SOTA_trainSet,False,5,4000,5,exp1_permuted_src_datasets
1223,4993.152682109,3.0,1739241051.949314,,,,,,,0.00015400345728266984,1.0,0.001,1,16,84x84,PrototypicalNetwork,3,3,BreaKHis_formatted,miniImageNet_SOTA_trainSet,False,5,4000,5,exp1_permuted_src_datasets
1224,4993.193832206,3.0,1739241051.9904747,,,,,,,0.0001913805608637631,1.0,0.001,1,16,84x84,PrototypicalNetwork,3,3,BreaKHis_formatted,miniImageNet_SOTA_trainSet,False,5,4000,5,exp1_permuted_src_datasets
1225,4993.246073972,3.0,1739241052.04268,,,,,,,8.683034684509039e-05,1.0,0.001,1,16,84x84,PrototypicalNetwork,3,3,BreaKHis_formatted,miniImageNet_SOTA_trainSet,False,5,4000,5,exp1_permuted_src_datasets
1226,4993.304807239,3.0,1739241052.1013968,,,,,,,4.982152677257545e-05,1.0,0.001,1,16,84x84,PrototypicalNetwork,3,3,BreaKHis_formatted,miniImageNet_SOTA_trainSet,False,5,4000,5,exp1_permuted_src_datasets
1227,4993.35826424,3.0,1739241052.1549153,,,,,,,0.0001232905633514747,1.0,0.001,1,16,84x84,PrototypicalNetwork,3,3,BreaKHis_formatted,miniImageNet_SOTA_trainSet,False,5,4000,5,exp1_permuted_src_datasets
1228,4993.412106827,3.0,1739241052.2087145,,,,,,,5.284022699925117e-05,1.0,0.001,1,16,84x84,PrototypicalNetwork,3,3,BreaKHis_formatted,miniImageNet_SOTA_trainSet,False,5,4000,5,exp1_permuted_src_datasets
1229,4993.461270762,3.0,1739241052.2579029,,,,,,,0.0006828014156781137,1.0,0.001,1,16,84x84,PrototypicalNetwork,3,3,BreaKHis_formatted,miniImageNet_SOTA_trainSet,False,5,4000,5,exp1_permuted_src_datasets
1230,4993.518539031,3.0,1739241052.3151486,,,,,,,8.217759750550613e-05,1.0,0.001,1,16,84x84,PrototypicalNetwork,3,3,BreaKHis_formatted,miniImageNet_SOTA_trainSet,False,5,4000,5,exp1_permuted_src_datasets
1231,4993.573220581,3.0,1739241052.3698566,,,,,,,0.00037231724127195776,1.0,0.001,1,16,84x84,PrototypicalNetwork,3,3,BreaKHis_formatted,miniImageNet_SOTA_trainSet,False,5,4000,5,exp1_permuted_src_datasets
1232,4993.641348693,3.0,1739241052.4379845,,,,,,,0.00027282207156531513,1.0,0.001,1,16,84x84,PrototypicalNetwork,3,3,BreaKHis_formatted,miniImageNet_SOTA_trainSet,False,5,4000,5,exp1_permuted_src_datasets
1233,4993.703573507,3.0,1739241052.500221,,,,,,,3.751893018488772e-05,1.0,0.001,1,16,84x84,PrototypicalNetwork,3,3,BreaKHis_formatted,miniImageNet_SOTA_trainSet,False,5,4000,5,exp1_permuted_src_datasets
1234,4993.744245229,3.0,1739241052.5408735,,,,,,,0.0001526556588942185,1.0,0.001,1,16,84x84,PrototypicalNetwork,3,3,BreaKHis_formatted,miniImageNet_SOTA_trainSet,False,5,4000,5,exp1_permuted_src_datasets
1235,4993.789818746,3.0,1739241052.5864584,,,,,,,2.4004119040910155e-05,1.0,0.001,1,16,84x84,PrototypicalNetwork,3,3,BreaKHis_formatted,miniImageNet_SOTA_trainSet,False,5,4000,5,exp1_permuted_src_datasets
1236,4993.835353481,3.0,1739241052.631988,,,,,,,8.771676948526874e-05,1.0,0.001,1,16,84x84,PrototypicalNetwork,3,3,BreaKHis_formatted,miniImageNet_SOTA_trainSet,False,5,4000,5,exp1_permuted_src_datasets
1237,4993.876604898,3.0,1739241052.673154,,,,,,,0.00019995552429463714,1.0,0.001,1,16,84x84,PrototypicalNetwork,3,3,BreaKHis_formatted,miniImageNet_SOTA_trainSet,False,5,4000,5,exp1_permuted_src_datasets
1238,4993.94598289,3.0,1739241052.7425332,,,,,,,0.0003236901538912207,1.0,0.001,1,16,84x84,PrototypicalNetwork,3,3,BreaKHis_formatted,miniImageNet_SOTA_trainSet,False,5,4000,5,exp1_permuted_src_datasets
1239,4993.993155978,3.0,1739241052.7897742,,,,,,,0.0004112375609111041,1.0,0.001,1,16,84x84,PrototypicalNetwork,3,3,BreaKHis_formatted,miniImageNet_SOTA_trainSet,False,5,4000,5,exp1_permuted_src_datasets
1240,4994.03280533,3.0,1739241052.8294425,,,,,,,6.069669689168222e-05,1.0,0.001,1,16,84x84,PrototypicalNetwork,3,3,BreaKHis_formatted,miniImageNet_SOTA_trainSet,False,5,4000,5,exp1_permuted_src_datasets
1241,4994.075131091,3.0,1739241052.871725,,,,,,,0.0002616231213323772,1.0,0.001,1,16,84x84,PrototypicalNetwork,3,3,BreaKHis_formatted,miniImageNet_SOTA_trainSet,False,5,4000,5,exp1_permuted_src_datasets
1242,4994.11690059,3.0,1739241052.9134424,,,,,,,0.00014099250256549567,1.0,0.001,1,16,84x84,PrototypicalNetwork,3,3,BreaKHis_formatted,miniImageNet_SOTA_trainSet,False,5,4000,5,exp1_permuted_src_datasets
1243,4994.157057943,3.0,1739241052.9536762,,,,,,,0.00026782791246660054,1.0,0.001,1,16,84x84,PrototypicalNetwork,3,3,BreaKHis_formatted,miniImageNet_SOTA_trainSet,False,5,4000,5,exp1_permuted_src_datasets
1244,4994.196859977,3.0,1739241052.9935186,,,,,,,0.03008704073727131,0.9791666865348816,0.001,1,16,84x84,PrototypicalNetwork,3,3,BreaKHis_formatted,miniImageNet_SOTA_trainSet,False,5,4000,5,exp1_permuted_src_datasets
1245,4994.240934865,3.0,1739241053.0375748,,,,,,,2.367880915699061e-05,1.0,0.001,1,16,84x84,PrototypicalNetwork,3,3,BreaKHis_formatted,miniImageNet_SOTA_trainSet,False,5,4000,5,exp1_permuted_src_datasets
1246,4994.305979125,3.0,1739241053.102544,,,,,,,8.110877388389781e-05,1.0,0.001,1,16,84x84,PrototypicalNetwork,3,3,BreaKHis_formatted,miniImageNet_SOTA_trainSet,False,5,4000,5,exp1_permuted_src_datasets
1247,4994.355068247,3.0,1739241053.1516438,,,,,,,0.0009203963563777506,1.0,0.001,1,16,84x84,PrototypicalNetwork,3,3,BreaKHis_formatted,miniImageNet_SOTA_trainSet,False,5,4000,5,exp1_permuted_src_datasets
1248,4994.403580252,3.0,1739241053.2001936,,,,,,,5.7193246902897954e-05,1.0,0.001,1,16,84x84,PrototypicalNetwork,3,3,BreaKHis_formatted,miniImageNet_SOTA_trainSet,False,5,4000,5,exp1_permuted_src_datasets
1249,4994.443079195,3.0,1739241053.239709,,,,,,,6.429814675357193e-05,1.0,0.001,1,16,84x84,PrototypicalNetwork,3,3,BreaKHis_formatted,miniImageNet_SOTA_trainSet,False,5,4000,5,exp1_permuted_src_datasets
1250,4994.49901518,3.0,1739241053.295641,,,,,,,0.00012559210881590843,1.0,0.001,1,16,84x84,PrototypicalNetwork,3,3,BreaKHis_formatted,miniImageNet_SOTA_trainSet,False,5,4000,5,exp1_permuted_src_datasets
1251,4994.538709371,3.0,1739241053.3353717,,,,,,,0.006979710888117552,1.0,0.001,1,16,84x84,PrototypicalNetwork,3,3,BreaKHis_formatted,miniImageNet_SOTA_trainSet,False,5,4000,5,exp1_permuted_src_datasets
1252,4994.580598468,3.0,1739241053.3772202,,,,,,,0.0004275653918739408,1.0,0.001,1,16,84x84,PrototypicalNetwork,3,3,BreaKHis_formatted,miniImageNet_SOTA_trainSet,False,5,4000,5,exp1_permuted_src_datasets
1253,4994.6492291,3.0,1739241053.4457548,,,,,,,0.0001481851504649967,1.0,0.001,1,16,84x84,PrototypicalNetwork,3,3,BreaKHis_formatted,miniImageNet_SOTA_trainSet,False,5,4000,5,exp1_permuted_src_datasets
1254,4994.71232417,3.0,1739241053.508924,,,,,,,0.0008006028365343809,1.0,0.001,1,16,84x84,PrototypicalNetwork,3,3,BreaKHis_formatted,miniImageNet_SOTA_trainSet,False,5,4000,5,exp1_permuted_src_datasets
1255,4994.763618206,3.0,1739241053.5602052,,,,,,,3.154146179440431e-05,1.0,0.001,1,16,84x84,PrototypicalNetwork,3,3,BreaKHis_formatted,miniImageNet_SOTA_trainSet,False,5,4000,5,exp1_permuted_src_datasets
1256,4994.825996321,3.0,1739241053.622564,,,,,,,0.00017747901438269764,1.0,0.001,1,16,84x84,PrototypicalNetwork,3,3,BreaKHis_formatted,miniImageNet_SOTA_trainSet,False,5,4000,5,exp1_permuted_src_datasets
1257,4994.874020476,3.0,1739241053.6706593,,,,,,,9.058327850652859e-05,1.0,0.001,1,16,84x84,PrototypicalNetwork,3,3,BreaKHis_formatted,miniImageNet_SOTA_trainSet,False,5,4000,5,exp1_permuted_src_datasets
1258,4994.920641409,3.0,1739241053.7171714,,,,,,,0.00013345897605177015,1.0,0.001,1,16,84x84,PrototypicalNetwork,3,3,BreaKHis_formatted,miniImageNet_SOTA_trainSet,False,5,4000,5,exp1_permuted_src_datasets
1259,4994.979659732,3.0,1739241053.7762268,,,,,,,0.0006858690176159143,1.0,0.001,1,16,84x84,PrototypicalNetwork,3,3,BreaKHis_formatted,miniImageNet_SOTA_trainSet,False,5,4000,5,exp1_permuted_src_datasets
1260,4995.042418897,3.0,1739241053.8390448,,,,,,,9.152064012596384e-05,1.0,0.001,1,16,84x84,PrototypicalNetwork,3,3,BreaKHis_formatted,miniImageNet_SOTA_trainSet,False,5,4000,5,exp1_permuted_src_datasets
1261,4995.086738637,3.0,1739241053.8833628,,,,,,,4.594644997268915e-05,1.0,0.001,1,16,84x84,PrototypicalNetwork,3,3,BreaKHis_formatted,miniImageNet_SOTA_trainSet,False,5,4000,5,exp1_permuted_src_datasets
1262,4995.139852602,3.0,1739241053.936501,,,,,,,0.0001783547195373103,1.0,0.001,1,16,84x84,PrototypicalNetwork,3,3,BreaKHis_formatted,miniImageNet_SOTA_trainSet,False,5,4000,5,exp1_permuted_src_datasets
1263,4995.201139976,3.0,1739241053.9977589,,,,,,,8.012075704755262e-05,1.0,0.001,1,16,84x84,PrototypicalNetwork,3,3,BreaKHis_formatted,miniImageNet_SOTA_trainSet,False,5,4000,5,exp1_permuted_src_datasets
1264,4995.241836108,3.0,1739241054.0384908,,,,,,,9.39722522161901e-05,1.0,0.001,1,16,84x84,PrototypicalNetwork,3,3,BreaKHis_formatted,miniImageNet_SOTA_trainSet,False,5,4000,5,exp1_permuted_src_datasets
1265,5282.229336478,3.0,1739241340.9858236,,,,,,0.5194999988079071,,,0.001,1,16,84x84,PrototypicalNetwork,3,3,BreaKHis_formatted,miniImageNet_SOTA_trainSet,False,5,4000,5,exp1_permuted_src_datasets
1266,5341.445406633,4.0,1739241400.1989927,,,,,,,,,0.001,1,16,84x84,PrototypicalNetwork,3,3,BreaKHis_formatted,miniImageNet_SOTA_trainSet,False,5,4000,5,exp1_permuted_src_datasets
1267,5627.701339833,4.0,1739241686.498146,,,,,,0.5158333328962326,,,0.001,1,16,84x84,PrototypicalNetwork,3,3,BreaKHis_formatted,miniImageNet_SOTA_trainSet,False,5,4000,5,exp1_permuted_src_datasets
1268,5627.744216713,4.0,1739241686.5408077,,,,,,,0.299699991941452,0.9166666865348816,0.001,1,16,84x84,PrototypicalNetwork,3,3,BreaKHis_formatted,miniImageNet_SOTA_trainSet,False,5,4000,5,exp1_permuted_src_datasets
1269,5627.807466663,4.0,1739241686.6041074,,,,,,,0.27297988533973694,0.9166666865348816,0.001,1,16,84x84,PrototypicalNetwork,3,3,BreaKHis_formatted,miniImageNet_SOTA_trainSet,False,5,4000,5,exp1_permuted_src_datasets
1270,5627.851501615,4.0,1739241686.6481445,,,,,,,0.22418968379497528,0.9583333134651184,0.001,1,16,84x84,PrototypicalNetwork,3,3,BreaKHis_formatted,miniImageNet_SOTA_trainSet,False,5,4000,5,exp1_permuted_src_datasets
1271,5627.902999335,4.0,1739241686.6996312,,,,,,,0.006387699861079454,1.0,0.001,1,16,84x84,PrototypicalNetwork,3,3,BreaKHis_formatted,miniImageNet_SOTA_trainSet,False,5,4000,5,exp1_permuted_src_datasets
1272,5627.944344173,4.0,1739241686.7409604,,,,,,,0.011338171549141407,1.0,0.001,1,16,84x84,PrototypicalNetwork,3,3,BreaKHis_formatted,miniImageNet_SOTA_trainSet,False,5,4000,5,exp1_permuted_src_datasets
1273,5627.987186136,4.0,1739241686.783808,,,,,,,0.008794624358415604,1.0,0.001,1,16,84x84,PrototypicalNetwork,3,3,BreaKHis_formatted,miniImageNet_SOTA_trainSet,False,5,4000,5,exp1_permuted_src_datasets
1274,5628.028442436,4.0,1739241686.8250597,,,,,,,0.006146866828203201,1.0,0.001,1,16,84x84,PrototypicalNetwork,3,3,BreaKHis_formatted,miniImageNet_SOTA_trainSet,False,5,4000,5,exp1_permuted_src_datasets
1275,5628.069588476,4.0,1739241686.8662071,,,,,,,0.015346258878707886,1.0,0.001,1,16,84x84,PrototypicalNetwork,3,3,BreaKHis_formatted,miniImageNet_SOTA_trainSet,False,5,4000,5,exp1_permuted_src_datasets
1276,5628.115781707,4.0,1739241686.9124126,,,,,,,0.006278516724705696,1.0,0.001,1,16,84x84,PrototypicalNetwork,3,3,BreaKHis_formatted,miniImageNet_SOTA_trainSet,False,5,4000,5,exp1_permuted_src_datasets
1277,5628.157190356,4.0,1739241686.9537544,,,,,,,0.014089620672166348,1.0,0.001,1,16,84x84,PrototypicalNetwork,3,3,BreaKHis_formatted,miniImageNet_SOTA_trainSet,False,5,4000,5,exp1_permuted_src_datasets
1278,5628.203081188,4.0,1739241686.9996672,,,,,,,0.017322195693850517,1.0,0.001,1,16,84x84,PrototypicalNetwork,3,3,BreaKHis_formatted,miniImageNet_SOTA_trainSet,False,5,4000,5,exp1_permuted_src_datasets
1279,5628.248221236,4.0,1739241687.0448387,,,,,,,0.0027914540842175484,1.0,0.001,1,16,84x84,PrototypicalNetwork,3,3,BreaKHis_formatted,miniImageNet_SOTA_trainSet,False,5,4000,5,exp1_permuted_src_datasets
1280,5628.294486211,4.0,1739241687.0910907,,,,,,,0.0011095077497884631,1.0,0.001,1,16,84x84,PrototypicalNetwork,3,3,BreaKHis_formatted,miniImageNet_SOTA_trainSet,False,5,4000,5,exp1_permuted_src_datasets
1281,5628.342569678,4.0,1739241687.1391845,,,,,,,0.004724383819848299,1.0,0.001,1,16,84x84,PrototypicalNetwork,3,3,BreaKHis_formatted,miniImageNet_SOTA_trainSet,False,5,4000,5,exp1_permuted_src_datasets
1282,5628.383566874,4.0,1739241687.1801944,,,,,,,0.02595972828567028,0.9791666865348816,0.001,1,16,84x84,PrototypicalNetwork,3,3,BreaKHis_formatted,miniImageNet_SOTA_trainSet,False,5,4000,5,exp1_permuted_src_datasets
1283,5628.437938133,4.0,1739241687.234484,,,,,,,0.005091885570436716,1.0,0.001,1,16,84x84,PrototypicalNetwork,3,3,BreaKHis_formatted,miniImageNet_SOTA_trainSet,False,5,4000,5,exp1_permuted_src_datasets
1284,5628.48158018,4.0,1739241687.2781632,,,,,,,0.00035352609120309353,1.0,0.001,1,16,84x84,PrototypicalNetwork,3,3,BreaKHis_formatted,miniImageNet_SOTA_trainSet,False,5,4000,5,exp1_permuted_src_datasets
1285,5628.523991298,4.0,1739241687.320626,,,,,,,0.0021950926166027784,1.0,0.001,1,16,84x84,PrototypicalNetwork,3,3,BreaKHis_formatted,miniImageNet_SOTA_trainSet,False,5,4000,5,exp1_permuted_src_datasets
1286,5628.566034113,4.0,1739241687.3626673,,,,,,,0.0007357074064202607,1.0,0.001,1,16,84x84,PrototypicalNetwork,3,3,BreaKHis_formatted,miniImageNet_SOTA_trainSet,False,5,4000,5,exp1_permuted_src_datasets
1287,5628.607236685,4.0,1739241687.4038625,,,,,,,0.0021788591984659433,1.0,0.001,1,16,84x84,PrototypicalNetwork,3,3,BreaKHis_formatted,miniImageNet_SOTA_trainSet,False,5,4000,5,exp1_permuted_src_datasets
1288,5628.649558113,4.0,1739241687.4461884,,,,,,,0.00015166557568591088,1.0,0.001,1,16,84x84,PrototypicalNetwork,3,3,BreaKHis_formatted,miniImageNet_SOTA_trainSet,False,5,4000,5,exp1_permuted_src_datasets
1289,5628.689923739,4.0,1739241687.486552,,,,,,,0.00016864179633557796,1.0,0.001,1,16,84x84,PrototypicalNetwork,3,3,BreaKHis_formatted,miniImageNet_SOTA_trainSet,False,5,4000,5,exp1_permuted_src_datasets
1290,5628.732018029,4.0,1739241687.5286143,,,,,,,0.0003305896243546158,1.0,0.001,1,16,84x84,PrototypicalNetwork,3,3,BreaKHis_formatted,miniImageNet_SOTA_trainSet,False,5,4000,5,exp1_permuted_src_datasets
1291,5628.775007445,4.0,1739241687.57147,,,,,,,0.0004516554472502321,1.0,0.001,1,16,84x84,PrototypicalNetwork,3,3,BreaKHis_formatted,miniImageNet_SOTA_trainSet,False,5,4000,5,exp1_permuted_src_datasets
1292,5628.836114277,4.0,1739241687.6326592,,,,,,,0.0002478958631400019,1.0,0.001,1,16,84x84,PrototypicalNetwork,3,3,BreaKHis_formatted,miniImageNet_SOTA_trainSet,False,5,4000,5,exp1_permuted_src_datasets
1293,5628.88522954,4.0,1739241687.681831,,,,,,,0.00037393582169897854,1.0,0.001,1,16,84x84,PrototypicalNetwork,3,3,BreaKHis_formatted,miniImageNet_SOTA_trainSet,False,5,4000,5,exp1_permuted_src_datasets
1294,5628.927755922,4.0,1739241687.7244139,,,,,,,0.0002446158032398671,1.0,0.001,1,16,84x84,PrototypicalNetwork,3,3,BreaKHis_formatted,miniImageNet_SOTA_trainSet,False,5,4000,5,exp1_permuted_src_datasets
1295,5628.971488979,4.0,1739241687.7680688,,,,,,,0.00015082127356436104,1.0,0.001,1,16,84x84,PrototypicalNetwork,3,3,BreaKHis_formatted,miniImageNet_SOTA_trainSet,False,5,4000,5,exp1_permuted_src_datasets
1296,5629.017245974,4.0,1739241687.8138397,,,,,,,0.00019182359392289072,1.0,0.001,1,16,84x84,PrototypicalNetwork,3,3,BreaKHis_formatted,miniImageNet_SOTA_trainSet,False,5,4000,5,exp1_permuted_src_datasets
1297,5629.06742599,4.0,1739241687.8640525,,,,,,,0.00032547928276471794,1.0,0.001,1,16,84x84,PrototypicalNetwork,3,3,BreaKHis_formatted,miniImageNet_SOTA_trainSet,False,5,4000,5,exp1_permuted_src_datasets
1298,5629.118540798,4.0,1739241687.91509,,,,,,,0.0003923890180885792,1.0,0.001,1,16,84x84,PrototypicalNetwork,3,3,BreaKHis_formatted,miniImageNet_SOTA_trainSet,False,5,4000,5,exp1_permuted_src_datasets
1299,5629.167045652,4.0,1739241687.9636455,,,,,,,0.00012464453175198287,1.0,0.001,1,16,84x84,PrototypicalNetwork,3,3,BreaKHis_formatted,miniImageNet_SOTA_trainSet,False,5,4000,5,exp1_permuted_src_datasets
1300,5629.216971415,4.0,1739241688.0135732,,,,,,,0.00012618154869414866,1.0,0.001,1,16,84x84,PrototypicalNetwork,3,3,BreaKHis_formatted,miniImageNet_SOTA_trainSet,False,5,4000,5,exp1_permuted_src_datasets
1301,5629.25754986,4.0,1739241688.054167,,,,,,,3.0543964385287836e-05,1.0,0.001,1,16,84x84,PrototypicalNetwork,3,3,BreaKHis_formatted,miniImageNet_SOTA_trainSet,False,5,4000,5,exp1_permuted_src_datasets
1302,5629.312460628,4.0,1739241688.1090007,,,,,,,4.404070568853058e-05,1.0,0.001,1,16,84x84,PrototypicalNetwork,3,3,BreaKHis_formatted,miniImageNet_SOTA_trainSet,False,5,4000,5,exp1_permuted_src_datasets
1303,5629.380748019,4.0,1739241688.1773534,,,,,,,2.4872710127965547e-05,1.0,0.001,1,16,84x84,PrototypicalNetwork,3,3,BreaKHis_formatted,miniImageNet_SOTA_trainSet,False,5,4000,5,exp1_permuted_src_datasets
1304,5629.434118921,4.0,1739241688.230693,,,,,,,0.002240279456600547,1.0,0.001,1,16,84x84,PrototypicalNetwork,3,3,BreaKHis_formatted,miniImageNet_SOTA_trainSet,False,5,4000,5,exp1_permuted_src_datasets
1305,5629.479318733,4.0,1739241688.2759027,,,,,,,0.005811160430312157,1.0,0.001,1,16,84x84,PrototypicalNetwork,3,3,BreaKHis_formatted,miniImageNet_SOTA_trainSet,False,5,4000,5,exp1_permuted_src_datasets
1306,5629.523800454,4.0,1739241688.3203716,,,,,,,0.0002637538418639451,1.0,0.001,1,16,84x84,PrototypicalNetwork,3,3,BreaKHis_formatted,miniImageNet_SOTA_trainSet,False,5,4000,5,exp1_permuted_src_datasets
1307,5629.569688296,4.0,1739241688.366302,,,,,,,0.0005145464674569666,1.0,0.001,1,16,84x84,PrototypicalNetwork,3,3,BreaKHis_formatted,miniImageNet_SOTA_trainSet,False,5,4000,5,exp1_permuted_src_datasets
1308,5629.621412941,4.0,1739241688.4179683,,,,,,,0.0011178315617144108,1.0,0.001,1,16,84x84,PrototypicalNetwork,3,3,BreaKHis_formatted,miniImageNet_SOTA_trainSet,False,5,4000,5,exp1_permuted_src_datasets
1309,5629.676681987,4.0,1739241688.4733033,,,,,,,2.508764919184614e-05,1.0,0.001,1,16,84x84,PrototypicalNetwork,3,3,BreaKHis_formatted,miniImageNet_SOTA_trainSet,False,5,4000,5,exp1_permuted_src_datasets
1310,5629.73312362,4.0,1739241688.529678,,,,,,,0.0004978848737664521,1.0,0.001,1,16,84x84,PrototypicalNetwork,3,3,BreaKHis_formatted,miniImageNet_SOTA_trainSet,False,5,4000,5,exp1_permuted_src_datasets
1311,5629.782794898,4.0,1739241688.5793574,,,,,,,0.0006353206117637455,1.0,0.001,1,16,84x84,PrototypicalNetwork,3,3,BreaKHis_formatted,miniImageNet_SOTA_trainSet,False,5,4000,5,exp1_permuted_src_datasets
1312,5629.829415627,4.0,1739241688.6259792,,,,,,,1.2163442988821771e-05,1.0,0.001,1,16,84x84,PrototypicalNetwork,3,3,BreaKHis_formatted,miniImageNet_SOTA_trainSet,False,5,4000,5,exp1_permuted_src_datasets
1313,5629.889315641,4.0,1739241688.6859097,,,,,,,0.07226607203483582,0.9791666865348816,0.001,1,16,84x84,PrototypicalNetwork,3,3,BreaKHis_formatted,miniImageNet_SOTA_trainSet,False,5,4000,5,exp1_permuted_src_datasets
1314,5629.93122044,4.0,1739241688.7278383,,,,,,,4.3515970901353285e-05,1.0,0.001,1,16,84x84,PrototypicalNetwork,3,3,BreaKHis_formatted,miniImageNet_SOTA_trainSet,False,5,4000,5,exp1_permuted_src_datasets
1315,5629.972643805,4.0,1739241688.7692578,,,,,,,2.368739114899654e-05,1.0,0.001,1,16,84x84,PrototypicalNetwork,3,3,BreaKHis_formatted,miniImageNet_SOTA_trainSet,False,5,4000,5,exp1_permuted_src_datasets
1316,5630.014378887,4.0,1739241688.8109848,,,,,,,6.114122516009957e-05,1.0,0.001,1,16,84x84,PrototypicalNetwork,3,3,BreaKHis_formatted,miniImageNet_SOTA_trainSet,False,5,4000,5,exp1_permuted_src_datasets
1317,5630.077869056,4.0,1739241688.8744962,,,,,,,1.3442589988699183e-05,1.0,0.001,1,16,84x84,PrototypicalNetwork,3,3,BreaKHis_formatted,miniImageNet_SOTA_trainSet,False,5,4000,5,exp1_permuted_src_datasets
1318,5630.124183702,4.0,1739241688.9206824,,,,,,,4.480898496694863e-05,1.0,0.001,1,16,84x84,PrototypicalNetwork,3,3,BreaKHis_formatted,miniImageNet_SOTA_trainSet,False,5,4000,5,exp1_permuted_src_datasets
1319,5630.180029297,4.0,1739241688.9766672,,,,,,,1.507808337919414e-05,1.0,0.001,1,16,84x84,PrototypicalNetwork,3,3,BreaKHis_formatted,miniImageNet_SOTA_trainSet,False,5,4000,5,exp1_permuted_src_datasets
1320,5630.24849532,4.0,1739241689.045152,,,,,,,2.1243407900328748e-05,1.0,0.001,1,16,84x84,PrototypicalNetwork,3,3,BreaKHis_formatted,miniImageNet_SOTA_trainSet,False,5,4000,5,exp1_permuted_src_datasets
1321,5630.298714001,4.0,1739241689.0953,,,,,,,0.004766719415783882,1.0,0.001,1,16,84x84,PrototypicalNetwork,3,3,BreaKHis_formatted,miniImageNet_SOTA_trainSet,False,5,4000,5,exp1_permuted_src_datasets
1322,5630.343089235,4.0,1739241689.139714,,,,,,,0.0017509738681837916,1.0,0.001,1,16,84x84,PrototypicalNetwork,3,3,BreaKHis_formatted,miniImageNet_SOTA_trainSet,False,5,4000,5,exp1_permuted_src_datasets
1323,5630.395080036,4.0,1739241689.1916418,,,,,,,2.736556598392781e-05,1.0,0.001,1,16,84x84,PrototypicalNetwork,3,3,BreaKHis_formatted,miniImageNet_SOTA_trainSet,False,5,4000,5,exp1_permuted_src_datasets
1324,5630.44446758,4.0,1739241689.2411213,,,,,,,0.0022948451805859804,1.0,0.001,1,16,84x84,PrototypicalNetwork,3,3,BreaKHis_formatted,miniImageNet_SOTA_trainSet,False,5,4000,5,exp1_permuted_src_datasets
1325,5630.489706162,4.0,1739241689.2863355,,,,,,,9.488023351877928e-05,1.0,0.001,1,16,84x84,PrototypicalNetwork,3,3,BreaKHis_formatted,miniImageNet_SOTA_trainSet,False,5,4000,5,exp1_permuted_src_datasets
1326,5630.55116825,4.0,1739241689.347763,,,,,,,0.002704101614654064,1.0,0.001,1,16,84x84,PrototypicalNetwork,3,3,BreaKHis_formatted,miniImageNet_SOTA_trainSet,False,5,4000,5,exp1_permuted_src_datasets
1327,5630.601440396,4.0,1739241689.3980408,,,,,,,0.003915600012987852,1.0,0.001,1,16,84x84,PrototypicalNetwork,3,3,BreaKHis_formatted,miniImageNet_SOTA_trainSet,False,5,4000,5,exp1_permuted_src_datasets
1328,5630.659975664,4.0,1739241689.4566157,,,,,,,1.9520879504852928e-05,1.0,0.001,1,16,84x84,PrototypicalNetwork,3,3,BreaKHis_formatted,miniImageNet_SOTA_trainSet,False,5,4000,5,exp1_permuted_src_datasets
1329,5630.702413035,4.0,1739241689.4990518,,,,,,,3.884144007315626e-06,1.0,0.001,1,16,84x84,PrototypicalNetwork,3,3,BreaKHis_formatted,miniImageNet_SOTA_trainSet,False,5,4000,5,exp1_permuted_src_datasets
1330,5921.437282949,4.0,1739241980.1928256,,,,,,0.5169166650772095,,,0.001,1,16,84x84,PrototypicalNetwork,3,3,BreaKHis_formatted,miniImageNet_SOTA_trainSet,False,5,4000,5,exp1_permuted_src_datasets
1331,5921.437339281,4.0,1739241980.2283614,,,,,,,0.07298094034194946,0.9791666865348816,0.001,1,16,84x84,PrototypicalNetwork,3,3,BreaKHis_formatted,miniImageNet_SOTA_trainSet,False,5,4000,5,exp1_permuted_src_datasets
1332,5921.472169042,4.0,1739241980.2687902,,,,,,,0.00013088634295854717,1.0,0.001,1,16,84x84,PrototypicalNetwork,3,3,BreaKHis_formatted,miniImageNet_SOTA_trainSet,False,5,4000,5,exp1_permuted_src_datasets
1333,5921.516492261,4.0,1739241980.3131223,,,,,,,9.60095439950237e-06,1.0,0.001,1,16,84x84,PrototypicalNetwork,3,3,BreaKHis_formatted,miniImageNet_SOTA_trainSet,False,5,4000,5,exp1_permuted_src_datasets
1334,5921.557995426,4.0,1739241980.3546517,,,,,,,8.751739187573548e-06,1.0,0.001,1,16,84x84,PrototypicalNetwork,3,3,BreaKHis_formatted,miniImageNet_SOTA_trainSet,False,5,4000,5,exp1_permuted_src_datasets
1335,5921.599571162,4.0,1739241980.3960266,,,,,,,0.0005065284203737974,1.0,0.001,1,16,84x84,PrototypicalNetwork,3,3,BreaKHis_formatted,miniImageNet_SOTA_trainSet,False,5,4000,5,exp1_permuted_src_datasets
1336,5921.641110243,4.0,1739241980.437729,,,,,,,0.0004049329145345837,1.0,0.001,1,16,84x84,PrototypicalNetwork,3,3,BreaKHis_formatted,miniImageNet_SOTA_trainSet,False,5,4000,5,exp1_permuted_src_datasets
1337,5921.692583921,4.0,1739241980.4892104,,,,,,,0.00013784923066850752,1.0,0.001,1,16,84x84,PrototypicalNetwork,3,3,BreaKHis_formatted,miniImageNet_SOTA_trainSet,False,5,4000,5,exp1_permuted_src_datasets
1338,5921.736616089,4.0,1739241980.5332382,,,,,,,0.00017291528638452291,1.0,0.001,1,16,84x84,PrototypicalNetwork,3,3,BreaKHis_formatted,miniImageNet_SOTA_trainSet,False,5,4000,5,exp1_permuted_src_datasets
1339,5921.778753998,4.0,1739241980.5754158,,,,,,,1.274958503927337e-05,1.0,0.001,1,16,84x84,PrototypicalNetwork,3,3,BreaKHis_formatted,miniImageNet_SOTA_trainSet,False,5,4000,5,exp1_permuted_src_datasets
1340,5921.825314405,4.0,1739241980.6218715,,,,,,,6.137298623798415e-05,1.0,0.001,1,16,84x84,PrototypicalNetwork,3,3,BreaKHis_formatted,miniImageNet_SOTA_trainSet,False,5,4000,5,exp1_permuted_src_datasets
1341,5921.870799294,4.0,1739241980.6674216,,,,,,,0.0004966308479197323,1.0,0.001,1,16,84x84,PrototypicalNetwork,3,3,BreaKHis_formatted,miniImageNet_SOTA_trainSet,False,5,4000,5,exp1_permuted_src_datasets
1342,5921.912855129,4.0,1739241980.7095108,,,,,,,0.0005198509898036718,1.0,0.001,1,16,84x84,PrototypicalNetwork,3,3,BreaKHis_formatted,miniImageNet_SOTA_trainSet,False,5,4000,5,exp1_permuted_src_datasets
1343,5921.957980417,4.0,1739241980.754621,,,,,,,0.0003801159036811441,1.0,0.001,1,16,84x84,PrototypicalNetwork,3,3,BreaKHis_formatted,miniImageNet_SOTA_trainSet,False,5,4000,5,exp1_permuted_src_datasets
1344,5922.026972449,4.0,1739241980.8235004,,,,,,,0.000373355665942654,1.0,0.001,1,16,84x84,PrototypicalNetwork,3,3,BreaKHis_formatted,miniImageNet_SOTA_trainSet,False,5,4000,5,exp1_permuted_src_datasets
1345,5922.078391963,4.0,1739241980.8750105,,,,,,,8.991971844807267e-05,1.0,0.001,1,16,84x84,PrototypicalNetwork,3,3,BreaKHis_formatted,miniImageNet_SOTA_trainSet,False,5,4000,5,exp1_permuted_src_datasets
1346,5922.120985293,4.0,1739241980.9176118,,,,,,,6.303954432951286e-05,1.0,0.001,1,16,84x84,PrototypicalNetwork,3,3,BreaKHis_formatted,miniImageNet_SOTA_trainSet,False,5,4000,5,exp1_permuted_src_datasets
1347,5922.160323578,4.0,1739241980.956961,,,,,,,0.011080928146839142,1.0,0.001,1,16,84x84,PrototypicalNetwork,3,3,BreaKHis_formatted,miniImageNet_SOTA_trainSet,False,5,4000,5,exp1_permuted_src_datasets
1348,5922.200553796,4.0,1739241980.997157,,,,,,,3.308786835987121e-05,1.0,0.001,1,16,84x84,PrototypicalNetwork,3,3,BreaKHis_formatted,miniImageNet_SOTA_trainSet,False,5,4000,5,exp1_permuted_src_datasets
1349,5922.245693886,4.0,1739241981.0422852,,,,,,,3.0223325666156597e-05,1.0,0.001,1,16,84x84,PrototypicalNetwork,3,3,BreaKHis_formatted,miniImageNet_SOTA_trainSet,False,5,4000,5,exp1_permuted_src_datasets
1350,5922.30745091,4.0,1739241981.1040876,,,,,,,8.934090146794915e-05,1.0,0.001,1,16,84x84,PrototypicalNetwork,3,3,BreaKHis_formatted,miniImageNet_SOTA_trainSet,False,5,4000,5,exp1_permuted_src_datasets
1351,5922.34672872,4.0,1739241981.1433623,,,,,,,3.721337634488009e-05,1.0,0.001,1,16,84x84,PrototypicalNetwork,3,3,BreaKHis_formatted,miniImageNet_SOTA_trainSet,False,5,4000,5,exp1_permuted_src_datasets
1352,5922.409254081,4.0,1739241981.2058487,,,,,,,1.7018173821270466e-05,1.0,0.001,1,16,84x84,PrototypicalNetwork,3,3,BreaKHis_formatted,miniImageNet_SOTA_trainSet,False,5,4000,5,exp1_permuted_src_datasets
1353,5922.460752112,4.0,1739241981.2573743,,,,,,,0.0010331968078389764,1.0,0.001,1,16,84x84,PrototypicalNetwork,3,3,BreaKHis_formatted,miniImageNet_SOTA_trainSet,False,5,4000,5,exp1_permuted_src_datasets
1354,5922.509146823,4.0,1739241981.3057806,,,,,,,8.5416242654901e-05,1.0,0.001,1,16,84x84,PrototypicalNetwork,3,3,BreaKHis_formatted,miniImageNet_SOTA_trainSet,False,5,4000,5,exp1_permuted_src_datasets
1355,5922.550429603,4.0,1739241981.3470716,,,,,,,0.00031328227487392724,1.0,0.001,1,16,84x84,PrototypicalNetwork,3,3,BreaKHis_formatted,miniImageNet_SOTA_trainSet,False,5,4000,5,exp1_permuted_src_datasets
1356,5922.589078361,4.0,1739241981.385696,,,,,,,0.00028843776090070605,1.0,0.001,1,16,84x84,PrototypicalNetwork,3,3,BreaKHis_formatted,miniImageNet_SOTA_trainSet,False,5,4000,5,exp1_permuted_src_datasets
1357,5922.630230148,4.0,1739241981.4268594,,,,,,,0.00011086151789641008,1.0,0.001,1,16,84x84,PrototypicalNetwork,3,3,BreaKHis_formatted,miniImageNet_SOTA_trainSet,False,5,4000,5,exp1_permuted_src_datasets
1358,5922.667992698,4.0,1739241981.464634,,,,,,,8.794840687187389e-05,1.0,0.001,1,16,84x84,PrototypicalNetwork,3,3,BreaKHis_formatted,miniImageNet_SOTA_trainSet,False,5,4000,5,exp1_permuted_src_datasets
1359,5922.706443869,4.0,1739241981.5030336,,,,,,,1.8160366380470805e-05,1.0,0.001,1,16,84x84,PrototypicalNetwork,3,3,BreaKHis_formatted,miniImageNet_SOTA_trainSet,False,5,4000,5,exp1_permuted_src_datasets
1360,5922.756026782,4.0,1739241981.552652,,,,,,,0.00019641172548290342,1.0,0.001,1,16,84x84,PrototypicalNetwork,3,3,BreaKHis_formatted,miniImageNet_SOTA_trainSet,False,5,4000,5,exp1_permuted_src_datasets
1361,5922.800223788,4.0,1739241981.5968084,,,,,,,0.0035310073290020227,1.0,0.001,1,16,84x84,PrototypicalNetwork,3,3,BreaKHis_formatted,miniImageNet_SOTA_trainSet,False,5,4000,5,exp1_permuted_src_datasets
1362,5922.8460755,4.0,1739241981.6427052,,,,,,,0.1663857400417328,0.9375,0.001,1,16,84x84,PrototypicalNetwork,3,3,BreaKHis_formatted,miniImageNet_SOTA_trainSet,False,5,4000,5,exp1_permuted_src_datasets
1363,5922.893555825,4.0,1739241981.6901753,,,,,,,7.67635901866015e-06,1.0,0.001,1,16,84x84,PrototypicalNetwork,3,3,BreaKHis_formatted,miniImageNet_SOTA_trainSet,False,5,4000,5,exp1_permuted_src_datasets
1364,5922.93350878,4.0,1739241981.7300847,,,,,,,0.0014321600319817662,1.0,0.001,1,16,84x84,PrototypicalNetwork,3,3,BreaKHis_formatted,miniImageNet_SOTA_trainSet,False,5,4000,5,exp1_permuted_src_datasets
1365,5922.976078111,4.0,1739241981.7726488,,,,,,,1.448786224500509e-05,1.0,0.001,1,16,84x84,PrototypicalNetwork,3,3,BreaKHis_formatted,miniImageNet_SOTA_trainSet,False,5,4000,5,exp1_permuted_src_datasets
1366,5923.020737972,4.0,1739241981.8173738,,,,,,,7.3386581789236516e-06,1.0,0.001,1,16,84x84,PrototypicalNetwork,3,3,BreaKHis_formatted,miniImageNet_SOTA_trainSet,False,5,4000,5,exp1_permuted_src_datasets
1367,5923.062188968,4.0,1739241981.858835,,,,,,,0.00023193359083961695,1.0,0.001,1,16,84x84,PrototypicalNetwork,3,3,BreaKHis_formatted,miniImageNet_SOTA_trainSet,False,5,4000,5,exp1_permuted_src_datasets
1368,5923.113002928,4.0,1739241981.9096026,,,,,,,0.02903551608324051,0.9791666865348816,0.001,1,16,84x84,PrototypicalNetwork,3,3,BreaKHis_formatted,miniImageNet_SOTA_trainSet,False,5,4000,5,exp1_permuted_src_datasets
1369,5923.157362495,4.0,1739241981.9539933,,,,,,,0.00014897159417159855,1.0,0.001,1,16,84x84,PrototypicalNetwork,3,3,BreaKHis_formatted,miniImageNet_SOTA_trainSet,False,5,4000,5,exp1_permuted_src_datasets
1370,5923.197965588,4.0,1739241981.9946036,,,,,,,0.00045106009929440916,1.0,0.001,1,16,84x84,PrototypicalNetwork,3,3,BreaKHis_formatted,miniImageNet_SOTA_trainSet,False,5,4000,5,exp1_permuted_src_datasets
1371,5923.236590293,4.0,1739241982.0332599,,,,,,,0.00011353922309353948,1.0,0.001,1,16,84x84,PrototypicalNetwork,3,3,BreaKHis_formatted,miniImageNet_SOTA_trainSet,False,5,4000,5,exp1_permuted_src_datasets
1372,5923.290750702,4.0,1739241982.0873382,,,,,,,0.00013870401016902179,1.0,0.001,1,16,84x84,PrototypicalNetwork,3,3,BreaKHis_formatted,miniImageNet_SOTA_trainSet,False,5,4000,5,exp1_permuted_src_datasets
1373,5923.333251197,4.0,1739241982.1298852,,,,,,,0.0006574146100319922,1.0,0.001,1,16,84x84,PrototypicalNetwork,3,3,BreaKHis_formatted,miniImageNet_SOTA_trainSet,False,5,4000,5,exp1_permuted_src_datasets
1374,5923.400725158,4.0,1739241982.1972938,,,,,,,0.023296231403946877,0.9791666865348816,0.001,1,16,84x84,PrototypicalNetwork,3,3,BreaKHis_formatted,miniImageNet_SOTA_trainSet,False,5,4000,5,exp1_permuted_src_datasets
1375,5923.464528722,4.0,1739241982.2610288,,,,,,,5.007080108043738e-05,1.0,0.001,1,16,84x84,PrototypicalNetwork,3,3,BreaKHis_formatted,miniImageNet_SOTA_trainSet,False,5,4000,5,exp1_permuted_src_datasets
1376,5923.517056485,4.0,1739241982.313625,,,,,,,7.566790372948162e-06,1.0,0.001,1,16,84x84,PrototypicalNetwork,3,3,BreaKHis_formatted,miniImageNet_SOTA_trainSet,False,5,4000,5,exp1_permuted_src_datasets
1377,5923.569034689,4.0,1739241982.3656654,,,,,,,0.0013401316246017814,1.0,0.001,1,16,84x84,PrototypicalNetwork,3,3,BreaKHis_formatted,miniImageNet_SOTA_trainSet,False,5,4000,5,exp1_permuted_src_datasets
1378,5923.609873762,4.0,1739241982.4064438,,,,,,,0.00018232579168397933,1.0,0.001,1,16,84x84,PrototypicalNetwork,3,3,BreaKHis_formatted,miniImageNet_SOTA_trainSet,False,5,4000,5,exp1_permuted_src_datasets
1379,5923.657587474,4.0,1739241982.454185,,,,,,,0.0006931037059985101,1.0,0.001,1,16,84x84,PrototypicalNetwork,3,3,BreaKHis_formatted,miniImageNet_SOTA_trainSet,False,5,4000,5,exp1_permuted_src_datasets
1380,5923.700797305,4.0,1739241982.4974182,,,,,,,0.0003476225247140974,1.0,0.001,1,16,84x84,PrototypicalNetwork,3,3,BreaKHis_formatted,miniImageNet_SOTA_trainSet,False,5,4000,5,exp1_permuted_src_datasets
1381,5923.763824015,4.0,1739241982.5604458,,,,,,,3.4810200304491445e-05,1.0,0.001,1,16,84x84,PrototypicalNetwork,3,3,BreaKHis_formatted,miniImageNet_SOTA_trainSet,False,5,4000,5,exp1_permuted_src_datasets
1382,5923.813467675,4.0,1739241982.610098,,,,,,,0.0017096908995881677,1.0,0.001,1,16,84x84,PrototypicalNetwork,3,3,BreaKHis_formatted,miniImageNet_SOTA_trainSet,False,5,4000,5,exp1_permuted_src_datasets
1383,5923.866293852,4.0,1739241982.6629345,,,,,,,7.234913209686056e-05,1.0,0.001,1,16,84x84,PrototypicalNetwork,3,3,BreaKHis_formatted,miniImageNet_SOTA_trainSet,False,5,4000,5,exp1_permuted_src_datasets
1384,5923.907385941,4.0,1739241982.703969,,,,,,,1.4056641930437763e-06,1.0,0.001,1,16,84x84,PrototypicalNetwork,3,3,BreaKHis_formatted,miniImageNet_SOTA_trainSet,False,5,4000,5,exp1_permuted_src_datasets
1385,5923.947219803,4.0,1739241982.7438738,,,,,,,0.000456316425697878,1.0,0.001,1,16,84x84,PrototypicalNetwork,3,3,BreaKHis_formatted,miniImageNet_SOTA_trainSet,False,5,4000,5,exp1_permuted_src_datasets
1386,5923.987872363,4.0,1739241982.7845032,,,,,,,1.7781848100639763e-06,1.0,0.001,1,16,84x84,PrototypicalNetwork,3,3,BreaKHis_formatted,miniImageNet_SOTA_trainSet,False,5,4000,5,exp1_permuted_src_datasets
1387,5924.040468894,4.0,1739241982.8369517,,,,,,,5.6869735090003815e-06,1.0,0.001,1,16,84x84,PrototypicalNetwork,3,3,BreaKHis_formatted,miniImageNet_SOTA_trainSet,False,5,4000,5,exp1_permuted_src_datasets
1388,5924.082096737,4.0,1739241982.8787582,,,,,,,2.1655969248968177e-06,1.0,0.001,1,16,84x84,PrototypicalNetwork,3,3,BreaKHis_formatted,miniImageNet_SOTA_trainSet,False,5,4000,5,exp1_permuted_src_datasets
1389,5924.12542759,4.0,1739241982.9220533,,,,,,,9.208543815475423e-06,1.0,0.001,1,16,84x84,PrototypicalNetwork,3,3,BreaKHis_formatted,miniImageNet_SOTA_trainSet,False,5,4000,5,exp1_permuted_src_datasets
1390,5924.186494653,4.0,1739241982.983075,,,,,,,0.0010086690308526158,1.0,0.001,1,16,84x84,PrototypicalNetwork,3,3,BreaKHis_formatted,miniImageNet_SOTA_trainSet,False,5,4000,5,exp1_permuted_src_datasets
1391,5924.250283299,4.0,1739241983.0468705,,,,,,,0.0002680889156181365,1.0,0.001,1,16,84x84,PrototypicalNetwork,3,3,BreaKHis_formatted,miniImageNet_SOTA_trainSet,False,5,4000,5,exp1_permuted_src_datasets
1392,5924.315137063,4.0,1739241983.1117082,,,,,,,7.951656698423903e-06,1.0,0.001,1,16,84x84,PrototypicalNetwork,3,3,BreaKHis_formatted,miniImageNet_SOTA_trainSet,False,5,4000,5,exp1_permuted_src_datasets
1393,6208.573438765,4.0,1739242267.3702202,,,,,,0.5361666659116745,,,0.001,1,16,84x84,PrototypicalNetwork,3,3,BreaKHis_formatted,miniImageNet_SOTA_trainSet,False,5,4000,5,exp1_permuted_src_datasets
1394,6208.615498862,4.0,1739242267.412167,,,,,,,5.770698408014141e-05,1.0,0.001,1,16,84x84,PrototypicalNetwork,3,3,BreaKHis_formatted,miniImageNet_SOTA_trainSet,False,5,4000,5,exp1_permuted_src_datasets
1395,6208.666628815,4.0,1739242267.4632928,,,,,,,1.006209095066879e-05,1.0,0.001,1,16,84x84,PrototypicalNetwork,3,3,BreaKHis_formatted,miniImageNet_SOTA_trainSet,False,5,4000,5,exp1_permuted_src_datasets
1396,6208.711700377,4.0,1739242267.508302,,,,,,,1.4130033378023654e-05,1.0,0.001,1,16,84x84,PrototypicalNetwork,3,3,BreaKHis_formatted,miniImageNet_SOTA_trainSet,False,5,4000,5,exp1_permuted_src_datasets
1397,6208.752713714,4.0,1739242267.549355,,,,,,,0.0010935867903754115,1.0,0.001,1,16,84x84,PrototypicalNetwork,3,3,BreaKHis_formatted,miniImageNet_SOTA_trainSet,False,5,4000,5,exp1_permuted_src_datasets
1398,6208.807207623,4.0,1739242267.6038337,,,,,,,0.00014078048116061836,1.0,0.001,1,16,84x84,PrototypicalNetwork,3,3,BreaKHis_formatted,miniImageNet_SOTA_trainSet,False,5,4000,5,exp1_permuted_src_datasets
1399,6208.852867889,4.0,1739242267.6495202,,,,,,,0.00013136114284861833,1.0,0.001,1,16,84x84,PrototypicalNetwork,3,3,BreaKHis_formatted,miniImageNet_SOTA_trainSet,False,5,4000,5,exp1_permuted_src_datasets
1400,6208.903424563,4.0,1739242267.7000818,,,,,,,0.005351940169930458,1.0,0.001,1,16,84x84,PrototypicalNetwork,3,3,BreaKHis_formatted,miniImageNet_SOTA_trainSet,False,5,4000,5,exp1_permuted_src_datasets
1401,6208.952875074,4.0,1739242267.7494159,,,,,,,1.6763621033533127e-06,1.0,0.001,1,16,84x84,PrototypicalNetwork,3,3,BreaKHis_formatted,miniImageNet_SOTA_trainSet,False,5,4000,5,exp1_permuted_src_datasets
1402,6208.994689694,4.0,1739242267.791335,,,,,,,3.7075271393405274e-05,1.0,0.001,1,16,84x84,PrototypicalNetwork,3,3,BreaKHis_formatted,miniImageNet_SOTA_trainSet,False,5,4000,5,exp1_permuted_src_datasets
1403,6209.046013463,4.0,1739242267.8426352,,,,,,,0.00021494051907211542,1.0,0.001,1,16,84x84,PrototypicalNetwork,3,3,BreaKHis_formatted,miniImageNet_SOTA_trainSet,False,5,4000,5,exp1_permuted_src_datasets
1404,6209.088828165,4.0,1739242267.8854475,,,,,,,1.3957245528217754e-06,1.0,0.001,1,16,84x84,PrototypicalNetwork,3,3,BreaKHis_formatted,miniImageNet_SOTA_trainSet,False,5,4000,5,exp1_permuted_src_datasets
1405,6209.128723882,4.0,1739242267.9253032,,,,,,,3.8891663280082867e-05,1.0,0.001,1,16,84x84,PrototypicalNetwork,3,3,BreaKHis_formatted,miniImageNet_SOTA_trainSet,False,5,4000,5,exp1_permuted_src_datasets
1406,6209.175703433,4.0,1739242267.9718454,,,,,,,9.612529538571835e-06,1.0,0.001,1,16,84x84,PrototypicalNetwork,3,3,BreaKHis_formatted,miniImageNet_SOTA_trainSet,False,5,4000,5,exp1_permuted_src_datasets
1407,6209.231492597,4.0,1739242268.0280643,,,,,,,9.205891547026113e-05,1.0,0.001,1,16,84x84,PrototypicalNetwork,3,3,BreaKHis_formatted,miniImageNet_SOTA_trainSet,False,5,4000,5,exp1_permuted_src_datasets
1408,6209.275771651,4.0,1739242268.0723462,,,,,,,7.96573658590205e-06,1.0,0.001,1,16,84x84,PrototypicalNetwork,3,3,BreaKHis_formatted,miniImageNet_SOTA_trainSet,False,5,4000,5,exp1_permuted_src_datasets
1409,6209.314725253,4.0,1739242268.1113372,,,,,,,2.0891689928248525e-05,1.0,0.001,1,16,84x84,PrototypicalNetwork,3,3,BreaKHis_formatted,miniImageNet_SOTA_trainSet,False,5,4000,5,exp1_permuted_src_datasets
1410,6209.365312848,4.0,1739242268.1619217,,,,,,,0.00017934532661456615,1.0,0.001,1,16,84x84,PrototypicalNetwork,3,3,BreaKHis_formatted,miniImageNet_SOTA_trainSet,False,5,4000,5,exp1_permuted_src_datasets
1411,6209.419267254,4.0,1739242268.215883,,,,,,,8.096212695818394e-07,1.0,0.001,1,16,84x84,PrototypicalNetwork,3,3,BreaKHis_formatted,miniImageNet_SOTA_trainSet,False,5,4000,5,exp1_permuted_src_datasets
1412,6209.464272498,4.0,1739242268.2608132,,,,,,,1.0058965017378796e-05,1.0,0.001,1,16,84x84,PrototypicalNetwork,3,3,BreaKHis_formatted,miniImageNet_SOTA_trainSet,False,5,4000,5,exp1_permuted_src_datasets
1413,6209.50694531,4.0,1739242268.3034794,,,,,,,4.88689292978961e-05,1.0,0.001,1,16,84x84,PrototypicalNetwork,3,3,BreaKHis_formatted,miniImageNet_SOTA_trainSet,False,5,4000,5,exp1_permuted_src_datasets
1414,6209.547817371,4.0,1739242268.344397,,,,,,,5.560795761994086e-05,1.0,0.001,1,16,84x84,PrototypicalNetwork,3,3,BreaKHis_formatted,miniImageNet_SOTA_trainSet,False,5,4000,5,exp1_permuted_src_datasets
1415,6209.596833765,4.0,1739242268.3934808,,,,,,,0.0027613183483481407,1.0,0.001,1,16,84x84,PrototypicalNetwork,3,3,BreaKHis_formatted,miniImageNet_SOTA_trainSet,False,5,4000,5,exp1_permuted_src_datasets
1416,6209.644044835,4.0,1739242268.4406917,,,,,,,1.4285204997577239e-05,1.0,0.001,1,16,84x84,PrototypicalNetwork,3,3,BreaKHis_formatted,miniImageNet_SOTA_trainSet,False,5,4000,5,exp1_permuted_src_datasets
1417,6209.694098298,4.0,1739242268.4907393,,,,,,,4.03793019359e-05,1.0,0.001,1,16,84x84,PrototypicalNetwork,3,3,BreaKHis_formatted,miniImageNet_SOTA_trainSet,False,5,4000,5,exp1_permuted_src_datasets
1418,6209.747900419,4.0,1739242268.54453,,,,,,,7.922401437099325e-07,1.0,0.001,1,16,84x84,PrototypicalNetwork,3,3,BreaKHis_formatted,miniImageNet_SOTA_trainSet,False,5,4000,5,exp1_permuted_src_datasets
1419,6209.797809058,4.0,1739242268.5944533,,,,,,,4.0729742067924235e-07,1.0,0.001,1,16,84x84,PrototypicalNetwork,3,3,BreaKHis_formatted,miniImageNet_SOTA_trainSet,False,5,4000,5,exp1_permuted_src_datasets
1420,6209.840725869,4.0,1739242268.6373417,,,,,,,4.730840373667888e-06,1.0,0.001,1,16,84x84,PrototypicalNetwork,3,3,BreaKHis_formatted,miniImageNet_SOTA_trainSet,False,5,4000,5,exp1_permuted_src_datasets
1421,6209.879317435,4.0,1739242268.6759315,,,,,,,0.0001159416206064634,1.0,0.001,1,16,84x84,PrototypicalNetwork,3,3,BreaKHis_formatted,miniImageNet_SOTA_trainSet,False,5,4000,5,exp1_permuted_src_datasets
1422,6209.934186748,4.0,1739242268.7306664,,,,,,,2.888362178055104e-05,1.0,0.001,1,16,84x84,PrototypicalNetwork,3,3,BreaKHis_formatted,miniImageNet_SOTA_trainSet,False,5,4000,5,exp1_permuted_src_datasets
1423,6209.979829889,4.0,1739242268.7764757,,,,,,,9.4463539426215e-06,1.0,0.001,1,16,84x84,PrototypicalNetwork,3,3,BreaKHis_formatted,miniImageNet_SOTA_trainSet,False,5,4000,5,exp1_permuted_src_datasets
1424,6210.020362482,4.0,1739242268.817,,,,,,,1.0449760338815395e-05,1.0,0.001,1,16,84x84,PrototypicalNetwork,3,3,BreaKHis_formatted,miniImageNet_SOTA_trainSet,False,5,4000,5,exp1_permuted_src_datasets
1425,6210.058928748,4.0,1739242268.8554602,,,,,,,2.5172603272949345e-05,1.0,0.001,1,16,84x84,PrototypicalNetwork,3,3,BreaKHis_formatted,miniImageNet_SOTA_trainSet,False,5,4000,5,exp1_permuted_src_datasets
1426,6210.104258649,4.0,1739242268.9008842,,,,,,,5.753767709393287e-06,1.0,0.001,1,16,84x84,PrototypicalNetwork,3,3,BreaKHis_formatted,miniImageNet_SOTA_trainSet,False,5,4000,5,exp1_permuted_src_datasets
1427,6210.145193333,4.0,1739242268.9417994,,,,,,,4.807813184015686e-06,1.0,0.001,1,16,84x84,PrototypicalNetwork,3,3,BreaKHis_formatted,miniImageNet_SOTA_trainSet,False,5,4000,5,exp1_permuted_src_datasets
1428,6210.183830885,4.0,1739242268.9805195,,,,,,,6.635503723373404e-06,1.0,0.001,1,16,84x84,PrototypicalNetwork,3,3,BreaKHis_formatted,miniImageNet_SOTA_trainSet,False,5,4000,5,exp1_permuted_src_datasets
1429,6210.22396769,4.0,1739242269.020589,,,,,,,2.8312092581472825e-07,1.0,0.001,1,16,84x84,PrototypicalNetwork,3,3,BreaKHis_formatted,miniImageNet_SOTA_trainSet,False,5,4000,5,exp1_permuted_src_datasets
1430,6210.277878394,4.0,1739242269.0744746,,,,,,,9.412480608261831e-07,1.0,0.001,1,16,84x84,PrototypicalNetwork,3,3,BreaKHis_formatted,miniImageNet_SOTA_trainSet,False,5,4000,5,exp1_permuted_src_datasets
1431,6210.31612772,4.0,1739242269.112772,,,,,,,0.00018530263332650065,1.0,0.001,1,16,84x84,PrototypicalNetwork,3,3,BreaKHis_formatted,miniImageNet_SOTA_trainSet,False,5,4000,5,exp1_permuted_src_datasets
1432,6210.384032888,4.0,1739242269.180721,,,,,,,3.452704186202027e-05,1.0,0.001,1,16,84x84,PrototypicalNetwork,3,3,BreaKHis_formatted,miniImageNet_SOTA_trainSet,False,5,4000,5,exp1_permuted_src_datasets
1433,6210.424882717,4.0,1739242269.2215474,,,,,,,1.143306781159481e-05,1.0,0.001,1,16,84x84,PrototypicalNetwork,3,3,BreaKHis_formatted,miniImageNet_SOTA_trainSet,False,5,4000,5,exp1_permuted_src_datasets
1434,6210.474200565,4.0,1739242269.2708256,,,,,,,4.820225967705483e-06,1.0,0.001,1,16,84x84,PrototypicalNetwork,3,3,BreaKHis_formatted,miniImageNet_SOTA_trainSet,False,5,4000,5,exp1_permuted_src_datasets
1435,6210.511331685,4.0,1739242269.3079417,,,,,,,4.512376563070575e-06,1.0,0.001,1,16,84x84,PrototypicalNetwork,3,3,BreaKHis_formatted,miniImageNet_SOTA_trainSet,False,5,4000,5,exp1_permuted_src_datasets
1436,6210.561269961,4.0,1739242269.3578916,,,,,,,5.538235541280301e-07,1.0,0.001,1,16,84x84,PrototypicalNetwork,3,3,BreaKHis_formatted,miniImageNet_SOTA_trainSet,False,5,4000,5,exp1_permuted_src_datasets
1437,6210.601000785,4.0,1739242269.3974733,,,,,,,2.0981637135264464e-05,1.0,0.001,1,16,84x84,PrototypicalNetwork,3,3,BreaKHis_formatted,miniImageNet_SOTA_trainSet,False,5,4000,5,exp1_permuted_src_datasets
1438,6210.647729186,4.0,1739242269.4443238,,,,,,,1.6167531384780887e-06,1.0,0.001,1,16,84x84,PrototypicalNetwork,3,3,BreaKHis_formatted,miniImageNet_SOTA_trainSet,False,5,4000,5,exp1_permuted_src_datasets
1439,6210.689528784,4.0,1739242269.486137,,,,,,,6.240721631911583e-06,1.0,0.001,1,16,84x84,PrototypicalNetwork,3,3,BreaKHis_formatted,miniImageNet_SOTA_trainSet,False,5,4000,5,exp1_permuted_src_datasets
1440,6210.746557116,4.0,1739242269.5431147,,,,,,,1.6887975107238162e-07,1.0,0.001,1,16,84x84,PrototypicalNetwork,3,3,BreaKHis_formatted,miniImageNet_SOTA_trainSet,False,5,4000,5,exp1_permuted_src_datasets
1441,6210.796833775,4.0,1739242269.5934622,,,,,,,1.0977078090945724e-06,1.0,0.001,1,16,84x84,PrototypicalNetwork,3,3,BreaKHis_formatted,miniImageNet_SOTA_trainSet,False,5,4000,5,exp1_permuted_src_datasets
1442,6210.836793582,4.0,1739242269.6334126,,,,,,,7.085263405315345e-06,1.0,0.001,1,16,84x84,PrototypicalNetwork,3,3,BreaKHis_formatted,miniImageNet_SOTA_trainSet,False,5,4000,5,exp1_permuted_src_datasets
1443,6210.874543704,4.0,1739242269.6712348,,,,,,,8.766474638832733e-05,1.0,0.001,1,16,84x84,PrototypicalNetwork,3,3,BreaKHis_formatted,miniImageNet_SOTA_trainSet,False,5,4000,5,exp1_permuted_src_datasets
1444,6210.923775188,4.0,1739242269.7204137,,,,,,,9.338007771475532e-07,1.0,0.001,1,16,84x84,PrototypicalNetwork,3,3,BreaKHis_formatted,miniImageNet_SOTA_trainSet,False,5,4000,5,exp1_permuted_src_datasets
1445,6210.974297738,4.0,1739242269.7708802,,,,,,,9.288330602430506e-07,1.0,0.001,1,16,84x84,PrototypicalNetwork,3,3,BreaKHis_formatted,miniImageNet_SOTA_trainSet,False,5,4000,5,exp1_permuted_src_datasets
1446,6211.021308848,4.0,1739242269.8178318,,,,,,,9.536697689327411e-07,1.0,0.001,1,16,84x84,PrototypicalNetwork,3,3,BreaKHis_formatted,miniImageNet_SOTA_trainSet,False,5,4000,5,exp1_permuted_src_datasets
1447,6211.065961671,4.0,1739242269.8626468,,,,,,,3.0547343499165436e-07,1.0,0.001,1,16,84x84,PrototypicalNetwork,3,3,BreaKHis_formatted,miniImageNet_SOTA_trainSet,False,5,4000,5,exp1_permuted_src_datasets
1448,6211.121174941,4.0,1739242269.9002686,,,,,,,2.806328893711907e-06,1.0,0.001,1,16,84x84,PrototypicalNetwork,3,3,BreaKHis_formatted,miniImageNet_SOTA_trainSet,False,5,4000,5,exp1_permuted_src_datasets
1449,6211.141658671,4.0,1739242269.938301,,,,,,,2.2351686368438095e-07,1.0,0.001,1,16,84x84,PrototypicalNetwork,3,3,BreaKHis_formatted,miniImageNet_SOTA_trainSet,False,5,4000,5,exp1_permuted_src_datasets
1450,6211.181634695,4.0,1739242269.9782016,,,,,,,5.629954557662131e-06,1.0,0.001,1,16,84x84,PrototypicalNetwork,3,3,BreaKHis_formatted,miniImageNet_SOTA_trainSet,False,5,4000,5,exp1_permuted_src_datasets
1451,6211.224616656,4.0,1739242270.0212736,,,,,,,4.7828925744397566e-06,1.0,0.001,1,16,84x84,PrototypicalNetwork,3,3,BreaKHis_formatted,miniImageNet_SOTA_trainSet,False,5,4000,5,exp1_permuted_src_datasets
1452,6211.264360537,4.0,1739242270.0610242,,,,,,,0.00012621478526853025,1.0,0.001,1,16,84x84,PrototypicalNetwork,3,3,BreaKHis_formatted,miniImageNet_SOTA_trainSet,False,5,4000,5,exp1_permuted_src_datasets
1453,6211.315867177,4.0,1739242270.1125066,,,,,,,3.8742913943679014e-07,1.0,0.001,1,16,84x84,PrototypicalNetwork,3,3,BreaKHis_formatted,miniImageNet_SOTA_trainSet,False,5,4000,5,exp1_permuted_src_datasets
1454,6211.362148265,4.0,1739242270.158775,,,,,,,8.617807907285169e-07,1.0,0.001,1,16,84x84,PrototypicalNetwork,3,3,BreaKHis_formatted,miniImageNet_SOTA_trainSet,False,5,4000,5,exp1_permuted_src_datasets
1455,6211.412373959,4.0,1739242270.2089639,,,,,,,0.001012505847029388,1.0,0.001,1,16,84x84,PrototypicalNetwork,3,3,BreaKHis_formatted,miniImageNet_SOTA_trainSet,False,5,4000,5,exp1_permuted_src_datasets
1456,6494.345388454,4.0,1739242553.1011987,,,,,,0.5292499983310699,,,0.001,1,16,84x84,PrototypicalNetwork,3,3,BreaKHis_formatted,miniImageNet_SOTA_trainSet,False,5,4000,5,exp1_permuted_src_datasets
