_step,_runtime,bootstrap_iter,_timestamp,epoch,tr_loss,tr_acc,tr lr,tr_eval_acc,ft_eval_acc,ft_loss,ft_acc,lr,epochs,batch_size,input_size,model_type,n_way_test,n_way_train,tgt_dataset,src_datasets,fixed_support,samples_per_class,num_total_episodes,num_bootstrap_iters,exp_name
0,66.017965385,0.0,1739233443.8621361,,,,,,,,,0.001,1,16,84x84,MatchingNetwork,3,3,BreaKHis_formatted,b-59-850,False,5,4000,5,exp1_permuted_src_datasets
1,66.202791147,0.0,1739233444.0468261,0.0,,,,,,,,0.001,1,16,84x84,MatchingNetwork,3,3,BreaKHis_formatted,b-59-850,False,5,4000,5,exp1_permuted_src_datasets
2,66.538510461,0.0,1739233444.382527,,0.9974691867828369,0.6875,,,,,,0.001,1,16,84x84,MatchingNetwork,3,3,BreaKHis_formatted,b-59-850,False,5,4000,5,exp1_permuted_src_datasets
3,66.538537915,0.0,1739233444.3827624,,,,0.001,,,,,0.001,1,16,84x84,MatchingNetwork,3,3,BreaKHis_formatted,b-59-850,False,5,4000,5,exp1_permuted_src_datasets
4,66.959034415,0.0,1739233444.8030849,,0.8762887120246887,0.8125,,,,,,0.001,1,16,84x84,MatchingNetwork,3,3,BreaKHis_formatted,b-59-850,False,5,4000,5,exp1_permuted_src_datasets
5,66.95906654,0.0,1739233444.8032966,,,,0.0009999990000010002,,,,,0.001,1,16,84x84,MatchingNetwork,3,3,BreaKHis_formatted,b-59-850,False,5,4000,5,exp1_permuted_src_datasets
6,67.197019111,0.0,1739233445.0410657,,0.8016290664672852,0.8125,,,,,,0.001,1,16,84x84,MatchingNetwork,3,3,BreaKHis_formatted,b-59-850,False,5,4000,5,exp1_permuted_src_datasets
7,67.197055173,0.0,1739233445.0412917,,,,0.0009999970000070001,,,,,0.001,1,16,84x84,MatchingNetwork,3,3,BreaKHis_formatted,b-59-850,False,5,4000,5,exp1_permuted_src_datasets
8,67.582989637,0.0,1739233445.4238613,,0.7997745275497437,0.8125,,,,,,0.001,1,16,84x84,MatchingNetwork,3,3,BreaKHis_formatted,b-59-850,False,5,4000,5,exp1_permuted_src_datasets
9,67.583055083,0.0,1739233445.4271965,,,,0.0009999940000250001,,,,,0.001,1,16,84x84,MatchingNetwork,3,3,BreaKHis_formatted,b-59-850,False,5,4000,5,exp1_permuted_src_datasets
10,67.8330189,0.0,1739233445.6769938,,0.8845996856689453,0.8125,,,,,,0.001,1,16,84x84,MatchingNetwork,3,3,BreaKHis_formatted,b-59-850,False,5,4000,5,exp1_permuted_src_datasets
11,67.833060849,0.0,1739233445.6772664,,,,0.000999990000065,,,,,0.001,1,16,84x84,MatchingNetwork,3,3,BreaKHis_formatted,b-59-850,False,5,4000,5,exp1_permuted_src_datasets
12,67.966619847,0.0,1739233445.8105316,,0.8130542039871216,0.875,,,,,,0.001,1,16,84x84,MatchingNetwork,3,3,BreaKHis_formatted,b-59-850,False,5,4000,5,exp1_permuted_src_datasets
13,67.966678445,0.0,1739233445.8107955,,,,0.0009999850001399992,,,,,0.001,1,16,84x84,MatchingNetwork,3,3,BreaKHis_formatted,b-59-850,False,5,4000,5,exp1_permuted_src_datasets
14,68.088065025,0.0,1739233445.9320402,,0.8808118104934692,0.6875,,,,,,0.001,1,16,84x84,MatchingNetwork,3,3,BreaKHis_formatted,b-59-850,False,5,4000,5,exp1_permuted_src_datasets
15,68.08810479,0.0,1739233445.9323082,,,,0.0009999790002659977,,,,,0.001,1,16,84x84,MatchingNetwork,3,3,BreaKHis_formatted,b-59-850,False,5,4000,5,exp1_permuted_src_datasets
16,68.400837321,0.0,1739233446.2448454,,0.7715475559234619,0.875,,,,,,0.001,1,16,84x84,MatchingNetwork,3,3,BreaKHis_formatted,b-59-850,False,5,4000,5,exp1_permuted_src_datasets
17,68.400862391,0.0,1739233446.2451396,,,,0.0009999720004619944,,,,,0.001,1,16,84x84,MatchingNetwork,3,3,BreaKHis_formatted,b-59-850,False,5,4000,5,exp1_permuted_src_datasets
18,68.651228465,0.0,1739233446.4952044,,0.7030667066574097,0.9375,,,,,,0.001,1,16,84x84,MatchingNetwork,3,3,BreaKHis_formatted,b-59-850,False,5,4000,5,exp1_permuted_src_datasets
19,68.651262574,0.0,1739233446.4954753,,,,0.0009999640007499883,,,,,0.001,1,16,84x84,MatchingNetwork,3,3,BreaKHis_formatted,b-59-850,False,5,4000,5,exp1_permuted_src_datasets
20,68.942051885,0.0,1739233446.7860975,,0.7098702788352966,0.875,,,,,,0.001,1,16,84x84,MatchingNetwork,3,3,BreaKHis_formatted,b-59-850,False,5,4000,5,exp1_permuted_src_datasets
21,68.942088449,0.0,1739233446.7863266,,,,0.0009999550011549779,,,,,0.001,1,16,84x84,MatchingNetwork,3,3,BreaKHis_formatted,b-59-850,False,5,4000,5,exp1_permuted_src_datasets
22,69.089991046,0.0,1739233446.933917,,0.821710467338562,0.75,,,,,,0.001,1,16,84x84,MatchingNetwork,3,3,BreaKHis_formatted,b-59-850,False,5,4000,5,exp1_permuted_src_datasets
23,69.090053234,0.0,1739233446.934216,,,,0.0009999450017049607,,,,,0.001,1,16,84x84,MatchingNetwork,3,3,BreaKHis_formatted,b-59-850,False,5,4000,5,exp1_permuted_src_datasets
24,69.384929694,0.0,1739233447.2287736,,0.7591667175292969,0.8125,,,,,,0.001,1,16,84x84,MatchingNetwork,3,3,BreaKHis_formatted,b-59-850,False,5,4000,5,exp1_permuted_src_datasets
25,69.384967929,0.0,1739233447.229105,,,,0.000999934002430934,,,,,0.001,1,16,84x84,MatchingNetwork,3,3,BreaKHis_formatted,b-59-850,False,5,4000,5,exp1_permuted_src_datasets
26,69.667360978,0.0,1739233447.5100055,,0.7807488441467285,0.8125,,,,,,0.001,1,16,84x84,MatchingNetwork,3,3,BreaKHis_formatted,b-59-850,False,5,4000,5,exp1_permuted_src_datasets
27,69.667393526,0.0,1739233447.5116444,,,,0.0009999220033668937,,,,,0.001,1,16,84x84,MatchingNetwork,3,3,BreaKHis_formatted,b-59-850,False,5,4000,5,exp1_permuted_src_datasets
28,69.987360662,0.0,1739233447.8311486,,0.8400452136993408,0.75,,,,,,0.001,1,16,84x84,MatchingNetwork,3,3,BreaKHis_formatted,b-59-850,False,5,4000,5,exp1_permuted_src_datasets
29,69.987414465,0.0,1739233447.8315077,,,,0.0009999090045498345,,,,,0.001,1,16,84x84,MatchingNetwork,3,3,BreaKHis_formatted,b-59-850,False,5,4000,5,exp1_permuted_src_datasets
30,70.252383478,0.0,1739233448.0962517,,0.7196270823478699,0.9375,,,,,,0.001,1,16,84x84,MatchingNetwork,3,3,BreaKHis_formatted,b-59-850,False,5,4000,5,exp1_permuted_src_datasets
31,70.252421017,0.0,1739233448.0965905,,,,0.0009998950060197502,,,,,0.001,1,16,84x84,MatchingNetwork,3,3,BreaKHis_formatted,b-59-850,False,5,4000,5,exp1_permuted_src_datasets
32,70.587237586,0.0,1739233448.4311566,,0.8800268173217773,0.875,,,,,,0.001,1,16,84x84,MatchingNetwork,3,3,BreaKHis_formatted,b-59-850,False,5,4000,5,exp1_permuted_src_datasets
33,70.62989515,0.0,1739233448.4314084,,,,0.0009998800078196328,,,,,0.001,1,16,84x84,MatchingNetwork,3,3,BreaKHis_formatted,b-59-850,False,5,4000,5,exp1_permuted_src_datasets
34,70.856858902,0.0,1739233448.700697,,0.7047365307807922,0.875,,,,,,0.001,1,16,84x84,MatchingNetwork,3,3,BreaKHis_formatted,b-59-850,False,5,4000,5,exp1_permuted_src_datasets
35,70.856901868,0.0,1739233448.7010262,,,,0.0009998640099954728,,,,,0.001,1,16,84x84,MatchingNetwork,3,3,BreaKHis_formatted,b-59-850,False,5,4000,5,exp1_permuted_src_datasets
36,71.043362016,0.0,1739233448.8874192,,0.7742859125137329,0.9375,,,,,,0.001,1,16,84x84,MatchingNetwork,3,3,BreaKHis_formatted,b-59-850,False,5,4000,5,exp1_permuted_src_datasets
37,71.043454184,0.0,1739233448.8876078,,,,0.0009998470125962588,,,,,0.001,1,16,84x84,MatchingNetwork,3,3,BreaKHis_formatted,b-59-850,False,5,4000,5,exp1_permuted_src_datasets
38,71.360200603,0.0,1739233449.2042806,,0.7317352890968323,1.0,,,,,,0.001,1,16,84x84,MatchingNetwork,3,3,BreaKHis_formatted,b-59-850,False,5,4000,5,exp1_permuted_src_datasets
39,71.360249194,0.0,1739233449.204471,,,,0.0009998290156739765,,,,,0.001,1,16,84x84,MatchingNetwork,3,3,BreaKHis_formatted,b-59-850,False,5,4000,5,exp1_permuted_src_datasets
40,71.557589013,0.0,1739233449.401462,,0.8093739748001099,0.75,,,,,,0.001,1,16,84x84,MatchingNetwork,3,3,BreaKHis_formatted,b-59-850,False,5,4000,5,exp1_permuted_src_datasets
41,71.557625859,0.0,1739233449.4016922,,,,0.0009998100192836101,,,,,0.001,1,16,84x84,MatchingNetwork,3,3,BreaKHis_formatted,b-59-850,False,5,4000,5,exp1_permuted_src_datasets
42,71.834031599,0.0,1739233449.6780572,,0.7738136053085327,0.8125,,,,,,0.001,1,16,84x84,MatchingNetwork,3,3,BreaKHis_formatted,b-59-850,False,5,4000,5,exp1_permuted_src_datasets
43,71.834071657,0.0,1739233449.678265,,,,0.0009997900234831405,,,,,0.001,1,16,84x84,MatchingNetwork,3,3,BreaKHis_formatted,b-59-850,False,5,4000,5,exp1_permuted_src_datasets
44,72.109354865,0.0,1739233449.9532573,,0.7553589344024658,0.875,,,,,,0.001,1,16,84x84,MatchingNetwork,3,3,BreaKHis_formatted,b-59-850,False,5,4000,5,exp1_permuted_src_datasets
45,72.109417048,0.0,1739233449.953554,,,,0.0009997690283335455,,,,,0.001,1,16,84x84,MatchingNetwork,3,3,BreaKHis_formatted,b-59-850,False,5,4000,5,exp1_permuted_src_datasets
46,72.330301982,0.0,1739233450.170367,,0.7034873366355896,0.8125,,,,,,0.001,1,16,84x84,MatchingNetwork,3,3,BreaKHis_formatted,b-59-850,False,5,4000,5,exp1_permuted_src_datasets
47,72.330327236,0.0,1739233450.1745687,,,,0.0009997470338987998,,,,,0.001,1,16,84x84,MatchingNetwork,3,3,BreaKHis_formatted,b-59-850,False,5,4000,5,exp1_permuted_src_datasets
48,72.693486417,0.0,1739233450.533646,,0.7973549962043762,0.9375,,,,,,0.001,1,16,84x84,MatchingNetwork,3,3,BreaKHis_formatted,b-59-850,False,5,4000,5,exp1_permuted_src_datasets
49,72.693520939,0.0,1739233450.5377278,,,,0.0009997240402458741,,,,,0.001,1,16,84x84,MatchingNetwork,3,3,BreaKHis_formatted,b-59-850,False,5,4000,5,exp1_permuted_src_datasets
50,73.015803874,0.0,1739233450.859697,,0.7259314060211182,1.0,,,,,,0.001,1,16,84x84,MatchingNetwork,3,3,BreaKHis_formatted,b-59-850,False,5,4000,5,exp1_permuted_src_datasets
51,73.015835522,0.0,1739233450.859984,,,,0.0009997000474447355,,,,,0.001,1,16,84x84,MatchingNetwork,3,3,BreaKHis_formatted,b-59-850,False,5,4000,5,exp1_permuted_src_datasets
52,73.226690243,0.0,1739233451.0706925,,0.7055992484092712,1.0,,,,,,0.001,1,16,84x84,MatchingNetwork,3,3,BreaKHis_formatted,b-59-850,False,5,4000,5,exp1_permuted_src_datasets
53,73.226723953,0.0,1739233451.070936,,,,0.0009996750555683464,,,,,0.001,1,16,84x84,MatchingNetwork,3,3,BreaKHis_formatted,b-59-850,False,5,4000,5,exp1_permuted_src_datasets
54,73.479140051,0.0,1739233451.32306,,0.7746909856796265,0.75,,,,,,0.001,1,16,84x84,MatchingNetwork,3,3,BreaKHis_formatted,b-59-850,False,5,4000,5,exp1_permuted_src_datasets
55,73.4791811,0.0,1739233451.3233738,,,,0.0009996490646926642,,,,,0.001,1,16,84x84,MatchingNetwork,3,3,BreaKHis_formatted,b-59-850,False,5,4000,5,exp1_permuted_src_datasets
56,73.810835235,0.0,1739233451.6548853,,0.858428955078125,0.75,,,,,,0.001,1,16,84x84,MatchingNetwork,3,3,BreaKHis_formatted,b-59-850,False,5,4000,5,exp1_permuted_src_datasets
57,73.810867572,0.0,1739233451.6550994,,,,0.000999622074896642,,,,,0.001,1,16,84x84,MatchingNetwork,3,3,BreaKHis_formatted,b-59-850,False,5,4000,5,exp1_permuted_src_datasets
58,74.198899068,0.0,1739233452.0425448,,0.7041151523590088,1.0,,,,,,0.001,1,16,84x84,MatchingNetwork,3,3,BreaKHis_formatted,b-59-850,False,5,4000,5,exp1_permuted_src_datasets
59,74.199012541,0.0,1739233452.0429828,,,,0.0009995940862622267,,,,,0.001,1,16,84x84,MatchingNetwork,3,3,BreaKHis_formatted,b-59-850,False,5,4000,5,exp1_permuted_src_datasets
60,74.495425968,0.0,1739233452.339199,,0.6898307800292969,0.875,,,,,,0.001,1,16,84x84,MatchingNetwork,3,3,BreaKHis_formatted,b-59-850,False,5,4000,5,exp1_permuted_src_datasets
61,74.495529183,0.0,1739233452.3395722,,,,0.0009995650988743592,,,,,0.001,1,16,84x84,MatchingNetwork,3,3,BreaKHis_formatted,b-59-850,False,5,4000,5,exp1_permuted_src_datasets
62,74.6429765,0.0,1739233452.4866805,,0.6998966336250305,1.0,,,,,,0.001,1,16,84x84,MatchingNetwork,3,3,BreaKHis_formatted,b-59-850,False,5,4000,5,exp1_permuted_src_datasets
63,74.643069715,0.0,1739233452.4870758,,,,0.0009995351128209745,,,,,0.001,1,16,84x84,MatchingNetwork,3,3,BreaKHis_formatted,b-59-850,False,5,4000,5,exp1_permuted_src_datasets
64,74.90783888,0.0,1739233452.7503834,,0.7604470252990723,0.9375,,,,,,0.001,1,16,84x84,MatchingNetwork,3,3,BreaKHis_formatted,b-59-850,False,5,4000,5,exp1_permuted_src_datasets
65,74.907895293,0.0,1739233452.7520688,,,,0.0009995041281930007,,,,,0.001,1,16,84x84,MatchingNetwork,3,3,BreaKHis_formatted,b-59-850,False,5,4000,5,exp1_permuted_src_datasets
66,75.15316926,0.0,1739233452.9969296,,0.9048852920532227,0.8125,,,,,,0.001,1,16,84x84,MatchingNetwork,3,3,BreaKHis_formatted,b-59-850,False,5,4000,5,exp1_permuted_src_datasets
67,75.153276458,0.0,1739233452.9973063,,,,0.0009994721450843579,,,,,0.001,1,16,84x84,MatchingNetwork,3,3,BreaKHis_formatted,b-59-850,False,5,4000,5,exp1_permuted_src_datasets
68,75.39852226,0.0,1739233453.2423124,,0.7420884370803833,0.875,,,,,,0.001,1,16,84x84,MatchingNetwork,3,3,BreaKHis_formatted,b-59-850,False,5,4000,5,exp1_permuted_src_datasets
69,75.398602341,0.0,1739233453.2426794,,,,0.0009994391635919594,,,,,0.001,1,16,84x84,MatchingNetwork,3,3,BreaKHis_formatted,b-59-850,False,5,4000,5,exp1_permuted_src_datasets
70,75.636132313,0.0,1739233453.4798431,,0.7285733819007874,0.8125,,,,,,0.001,1,16,84x84,MatchingNetwork,3,3,BreaKHis_formatted,b-59-850,False,5,4000,5,exp1_permuted_src_datasets
71,75.636211355,0.0,1739233453.480233,,,,0.0009994051838157095,,,,,0.001,1,16,84x84,MatchingNetwork,3,3,BreaKHis_formatted,b-59-850,False,5,4000,5,exp1_permuted_src_datasets
72,75.867387623,0.0,1739233453.7057183,,0.7401286959648132,0.875,,,,,,0.001,1,16,84x84,MatchingNetwork,3,3,BreaKHis_formatted,b-59-850,False,5,4000,5,exp1_permuted_src_datasets
73,75.867457297,0.0,1739233453.7112806,,,,0.0009993702058585044,,,,,0.001,1,16,84x84,MatchingNetwork,3,3,BreaKHis_formatted,b-59-850,False,5,4000,5,exp1_permuted_src_datasets
74,76.058732214,0.0,1739233453.9025013,,0.708665132522583,0.8125,,,,,,0.001,1,16,84x84,MatchingNetwork,3,3,BreaKHis_formatted,b-59-850,False,5,4000,5,exp1_permuted_src_datasets
75,76.058786184,0.0,1739233453.9028673,,,,0.0009993342298262307,,,,,0.001,1,16,84x84,MatchingNetwork,3,3,BreaKHis_formatted,b-59-850,False,5,4000,5,exp1_permuted_src_datasets
76,76.360062973,0.0,1739233454.2010303,,0.7986862659454346,0.8125,,,,,,0.001,1,16,84x84,MatchingNetwork,3,3,BreaKHis_formatted,b-59-850,False,5,4000,5,exp1_permuted_src_datasets
77,76.360096362,0.0,1739233454.2043076,,,,0.000999297255827765,,,,,0.001,1,16,84x84,MatchingNetwork,3,3,BreaKHis_formatted,b-59-850,False,5,4000,5,exp1_permuted_src_datasets
78,76.617431191,0.0,1739233454.4613373,,0.6479303240776062,0.9375,,,,,,0.001,1,16,84x84,MatchingNetwork,3,3,BreaKHis_formatted,b-59-850,False,5,4000,5,exp1_permuted_src_datasets
79,76.617472143,0.0,1739233454.461713,,,,0.000999259283974974,,,,,0.001,1,16,84x84,MatchingNetwork,3,3,BreaKHis_formatted,b-59-850,False,5,4000,5,exp1_permuted_src_datasets
80,77.038762518,0.0,1739233454.8825114,,0.687364935874939,0.9375,,,,,,0.001,1,16,84x84,MatchingNetwork,3,3,BreaKHis_formatted,b-59-850,False,5,4000,5,exp1_permuted_src_datasets
81,77.03880032,0.0,1739233454.8830125,,,,0.000999220314382713,,,,,0.001,1,16,84x84,MatchingNetwork,3,3,BreaKHis_formatted,b-59-850,False,5,4000,5,exp1_permuted_src_datasets
82,77.293554841,0.0,1739233455.1361759,,0.7122798562049866,0.875,,,,,,0.001,1,16,84x84,MatchingNetwork,3,3,BreaKHis_formatted,b-59-850,False,5,4000,5,exp1_permuted_src_datasets
83,77.293620522,0.0,1739233455.1377199,,,,0.0009991803471688264,,,,,0.001,1,16,84x84,MatchingNetwork,3,3,BreaKHis_formatted,b-59-850,False,5,4000,5,exp1_permuted_src_datasets
84,77.534373186,0.0,1739233455.378252,,0.7650198936462402,0.9375,,,,,,0.001,1,16,84x84,MatchingNetwork,3,3,BreaKHis_formatted,b-59-850,False,5,4000,5,exp1_permuted_src_datasets
85,77.534425,0.0,1739233455.3785348,,,,0.0009991393824541458,,,,,0.001,1,16,84x84,MatchingNetwork,3,3,BreaKHis_formatted,b-59-850,False,5,4000,5,exp1_permuted_src_datasets
86,77.890208184,0.0,1739233455.7328281,,0.8039737939834595,0.9375,,,,,,0.001,1,16,84x84,MatchingNetwork,3,3,BreaKHis_formatted,b-59-850,False,5,4000,5,exp1_permuted_src_datasets
87,77.890244455,0.0,1739233455.7344549,,,,0.0009990974203624905,,,,,0.001,1,16,84x84,MatchingNetwork,3,3,BreaKHis_formatted,b-59-850,False,5,4000,5,exp1_permuted_src_datasets
88,78.138822706,0.0,1739233455.981251,,0.741321325302124,0.9375,,,,,,0.001,1,16,84x84,MatchingNetwork,3,3,BreaKHis_formatted,b-59-850,False,5,4000,5,exp1_permuted_src_datasets
89,78.138877654,0.0,1739233455.982954,,,,0.0009990544610206666,,,,,0.001,1,16,84x84,MatchingNetwork,3,3,BreaKHis_formatted,b-59-850,False,5,4000,5,exp1_permuted_src_datasets
90,78.434185412,0.0,1739233456.2741997,,0.7422329783439636,0.8125,,,,,,0.001,1,16,84x84,MatchingNetwork,3,3,BreaKHis_formatted,b-59-850,False,5,4000,5,exp1_permuted_src_datasets
91,78.434216407,0.0,1739233456.278465,,,,0.000999010504558466,,,,,0.001,1,16,84x84,MatchingNetwork,3,3,BreaKHis_formatted,b-59-850,False,5,4000,5,exp1_permuted_src_datasets
92,78.685991433,0.0,1739233456.5264997,,0.6944018602371216,0.9375,,,,,,0.001,1,16,84x84,MatchingNetwork,3,3,BreaKHis_formatted,b-59-850,False,5,4000,5,exp1_permuted_src_datasets
93,78.686042788,0.0,1739233456.5302477,,,,0.000998965551108666,,,,,0.001,1,16,84x84,MatchingNetwork,3,3,BreaKHis_formatted,b-59-850,False,5,4000,5,exp1_permuted_src_datasets
94,78.93467946,0.0,1739233456.778723,,0.7782708406448364,1.0,,,,,,0.001,1,16,84x84,MatchingNetwork,3,3,BreaKHis_formatted,b-59-850,False,5,4000,5,exp1_permuted_src_datasets
95,78.934714921,0.0,1739233456.77892,,,,0.000998919600807029,,,,,0.001,1,16,84x84,MatchingNetwork,3,3,BreaKHis_formatted,b-59-850,False,5,4000,5,exp1_permuted_src_datasets
96,79.213867284,0.0,1739233457.05769,,0.8078864812850952,0.75,,,,,,0.001,1,16,84x84,MatchingNetwork,3,3,BreaKHis_formatted,b-59-850,False,5,4000,5,exp1_permuted_src_datasets
97,79.213921991,0.0,1739233457.0580237,,,,0.0009988726537923007,,,,,0.001,1,16,84x84,MatchingNetwork,3,3,BreaKHis_formatted,b-59-850,False,5,4000,5,exp1_permuted_src_datasets
98,79.498719564,0.0,1739233457.3367848,,0.6917314529418945,0.875,,,,,,0.001,1,16,84x84,MatchingNetwork,3,3,BreaKHis_formatted,b-59-850,False,5,4000,5,exp1_permuted_src_datasets
99,79.498745274,0.0,1739233457.3430061,,,,0.0009988247102062108,,,,,0.001,1,16,84x84,MatchingNetwork,3,3,BreaKHis_formatted,b-59-850,False,5,4000,5,exp1_permuted_src_datasets
100,79.709991,0.0,1739233457.5539522,,0.7749561071395874,0.75,,,,,,0.001,1,16,84x84,MatchingNetwork,3,3,BreaKHis_formatted,b-59-850,False,5,4000,5,exp1_permuted_src_datasets
101,79.710030225,0.0,1739233457.554236,,,,0.0009987757701934714,,,,,0.001,1,16,84x84,MatchingNetwork,3,3,BreaKHis_formatted,b-59-850,False,5,4000,5,exp1_permuted_src_datasets
102,79.984622078,0.0,1739233457.821513,,0.7220643758773804,0.9375,,,,,,0.001,1,16,84x84,MatchingNetwork,3,3,BreaKHis_formatted,b-59-850,False,5,4000,5,exp1_permuted_src_datasets
103,79.984646702,0.0,1739233457.8289104,,,,0.0009987258339017762,,,,,0.001,1,16,84x84,MatchingNetwork,3,3,BreaKHis_formatted,b-59-850,False,5,4000,5,exp1_permuted_src_datasets
104,80.229681342,0.0,1739233458.0736523,,0.6771920919418335,1.0,,,,,,0.001,1,16,84x84,MatchingNetwork,3,3,BreaKHis_formatted,b-59-850,False,5,4000,5,exp1_permuted_src_datasets
105,80.229724438,0.0,1739233458.073923,,,,0.0009986749014818006,,,,,0.001,1,16,84x84,MatchingNetwork,3,3,BreaKHis_formatted,b-59-850,False,5,4000,5,exp1_permuted_src_datasets
106,80.437114518,0.0,1739233458.2811494,,0.701158881187439,0.875,,,,,,0.001,1,16,84x84,MatchingNetwork,3,3,BreaKHis_formatted,b-59-850,False,5,4000,5,exp1_permuted_src_datasets
107,80.477907718,0.0,1739233458.281413,,,,0.0009986229730872002,,,,,0.001,1,16,84x84,MatchingNetwork,3,3,BreaKHis_formatted,b-59-850,False,5,4000,5,exp1_permuted_src_datasets
108,80.718621106,0.0,1739233458.5621607,,0.7692945599555969,0.875,,,,,,0.001,1,16,84x84,MatchingNetwork,3,3,BreaKHis_formatted,b-59-850,False,5,4000,5,exp1_permuted_src_datasets
109,80.718693499,0.0,1739233458.562639,,,,0.0009985700488746097,,,,,0.001,1,16,84x84,MatchingNetwork,3,3,BreaKHis_formatted,b-59-850,False,5,4000,5,exp1_permuted_src_datasets
110,80.948659262,0.0,1739233458.792307,,0.798625648021698,0.75,,,,,,0.001,1,16,84x84,MatchingNetwork,3,3,BreaKHis_formatted,b-59-850,False,5,4000,5,exp1_permuted_src_datasets
111,80.948722688,0.0,1739233458.7927792,,,,0.0009985161290036436,,,,,0.001,1,16,84x84,MatchingNetwork,3,3,BreaKHis_formatted,b-59-850,False,5,4000,5,exp1_permuted_src_datasets
112,81.291174443,0.0,1739233459.1350343,,0.7337135672569275,1.0,,,,,,0.001,1,16,84x84,MatchingNetwork,3,3,BreaKHis_formatted,b-59-850,False,5,4000,5,exp1_permuted_src_datasets
113,81.291227468,0.0,1739233459.1353443,,,,0.0009984612136368935,,,,,0.001,1,16,84x84,MatchingNetwork,3,3,BreaKHis_formatted,b-59-850,False,5,4000,5,exp1_permuted_src_datasets
114,81.613598137,0.0,1739233459.4513228,,0.7023001313209534,0.9375,,,,,,0.001,1,16,84x84,MatchingNetwork,3,3,BreaKHis_formatted,b-59-850,False,5,4000,5,exp1_permuted_src_datasets
115,81.613640571,0.0,1739233459.4578521,,,,0.0009984053029399287,,,,,0.001,1,16,84x84,MatchingNetwork,3,3,BreaKHis_formatted,b-59-850,False,5,4000,5,exp1_permuted_src_datasets
116,81.854255056,0.0,1739233459.6973417,,0.6891561150550842,1.0,,,,,,0.001,1,16,84x84,MatchingNetwork,3,3,BreaKHis_formatted,b-59-850,False,5,4000,5,exp1_permuted_src_datasets
117,81.854301054,0.0,1739233459.698503,,,,0.0009983483970812952,,,,,0.001,1,16,84x84,MatchingNetwork,3,3,BreaKHis_formatted,b-59-850,False,5,4000,5,exp1_permuted_src_datasets
118,82.164021184,0.0,1739233460.0079923,,0.6944268941879272,0.875,,,,,,0.001,1,16,84x84,MatchingNetwork,3,3,BreaKHis_formatted,b-59-850,False,5,4000,5,exp1_permuted_src_datasets
119,82.16405485,0.0,1739233460.00828,,,,0.0009982904962325138,,,,,0.001,1,16,84x84,MatchingNetwork,3,3,BreaKHis_formatted,b-59-850,False,5,4000,5,exp1_permuted_src_datasets
120,82.512385015,0.0,1739233460.3563678,,0.6803280115127563,1.0,,,,,,0.001,1,16,84x84,MatchingNetwork,3,3,BreaKHis_formatted,b-59-850,False,5,4000,5,exp1_permuted_src_datasets
121,82.512419147,0.0,1739233460.356626,,,,0.0009982316005680803,,,,,0.001,1,16,84x84,MatchingNetwork,3,3,BreaKHis_formatted,b-59-850,False,5,4000,5,exp1_permuted_src_datasets
122,82.70082533,0.0,1739233460.5447726,,0.794204592704773,0.8125,,,,,,0.001,1,16,84x84,MatchingNetwork,3,3,BreaKHis_formatted,b-59-850,False,5,4000,5,exp1_permuted_src_datasets
123,82.700861128,0.0,1739233460.54507,,,,0.0009981717102654645,,,,,0.001,1,16,84x84,MatchingNetwork,3,3,BreaKHis_formatted,b-59-850,False,5,4000,5,exp1_permuted_src_datasets
124,82.926635207,0.0,1739233460.7706776,,0.7608695030212402,1.0,,,,,,0.001,1,16,84x84,MatchingNetwork,3,3,BreaKHis_formatted,b-59-850,False,5,4000,5,exp1_permuted_src_datasets
125,82.926663972,0.0,1739233460.7708945,,,,0.0009981108255051085,,,,,0.001,1,16,84x84,MatchingNetwork,3,3,BreaKHis_formatted,b-59-850,False,5,4000,5,exp1_permuted_src_datasets
126,83.217200325,0.0,1739233461.0611324,,0.689829409122467,0.875,,,,,,0.001,1,16,84x84,MatchingNetwork,3,3,BreaKHis_formatted,b-59-850,False,5,4000,5,exp1_permuted_src_datasets
127,83.217238216,0.0,1739233461.0614107,,,,0.0009980489464704273,,,,,0.001,1,16,84x84,MatchingNetwork,3,3,BreaKHis_formatted,b-59-850,False,5,4000,5,exp1_permuted_src_datasets
128,83.564794472,0.0,1739233461.4043713,,0.7412689924240112,0.9375,,,,,,0.001,1,16,84x84,MatchingNetwork,3,3,BreaKHis_formatted,b-59-850,False,5,4000,5,exp1_permuted_src_datasets
129,83.56483029,0.0,1739233461.4090183,,,,0.0009979860733478065,,,,,0.001,1,16,84x84,MatchingNetwork,3,3,BreaKHis_formatted,b-59-850,False,5,4000,5,exp1_permuted_src_datasets
130,83.766290888,0.0,1739233461.6101584,,0.7083638906478882,0.9375,,,,,,0.001,1,16,84x84,MatchingNetwork,3,3,BreaKHis_formatted,b-59-850,False,5,4000,5,exp1_permuted_src_datasets
131,83.766344615,0.0,1739233461.6104398,,,,0.0009979222063266015,,,,,0.001,1,16,84x84,MatchingNetwork,3,3,BreaKHis_formatted,b-59-850,False,5,4000,5,exp1_permuted_src_datasets
132,84.036266769,0.0,1739233461.8802555,,0.8264490962028503,0.8125,,,,,,0.001,1,16,84x84,MatchingNetwork,3,3,BreaKHis_formatted,b-59-850,False,5,4000,5,exp1_permuted_src_datasets
133,84.036318535,0.0,1739233461.8805122,,,,0.0009978573455991376,,,,,0.001,1,16,84x84,MatchingNetwork,3,3,BreaKHis_formatted,b-59-850,False,5,4000,5,exp1_permuted_src_datasets
134,84.30269921,0.0,1739233462.1467254,,0.7428678870201111,0.875,,,,,,0.001,1,16,84x84,MatchingNetwork,3,3,BreaKHis_formatted,b-59-850,False,5,4000,5,exp1_permuted_src_datasets
135,84.302797733,0.0,1739233462.1469347,,,,0.000997791491360708,,,,,0.001,1,16,84x84,MatchingNetwork,3,3,BreaKHis_formatted,b-59-850,False,5,4000,5,exp1_permuted_src_datasets
136,84.547568774,0.0,1739233462.3914604,,0.7210452556610107,0.875,,,,,,0.001,1,16,84x84,MatchingNetwork,3,3,BreaKHis_formatted,b-59-850,False,5,4000,5,exp1_permuted_src_datasets
137,84.547625375,0.0,1739233462.3917437,,,,0.0009977246438095727,,,,,0.001,1,16,84x84,MatchingNetwork,3,3,BreaKHis_formatted,b-59-850,False,5,4000,5,exp1_permuted_src_datasets
138,84.772692934,0.0,1739233462.6163046,,0.6812325716018677,0.9375,,,,,,0.001,1,16,84x84,MatchingNetwork,3,3,BreaKHis_formatted,b-59-850,False,5,4000,5,exp1_permuted_src_datasets
139,84.772757309,0.0,1739233462.6168864,,,,0.0009976568031469586,,,,,0.001,1,16,84x84,MatchingNetwork,3,3,BreaKHis_formatted,b-59-850,False,5,4000,5,exp1_permuted_src_datasets
140,85.075091391,0.0,1739233462.9189744,,0.6953163743019104,1.0,,,,,,0.001,1,16,84x84,MatchingNetwork,3,3,BreaKHis_formatted,b-59-850,False,5,4000,5,exp1_permuted_src_datasets
141,85.075131715,0.0,1739233462.919286,,,,0.0009975879695770578,,,,,0.001,1,16,84x84,MatchingNetwork,3,3,BreaKHis_formatted,b-59-850,False,5,4000,5,exp1_permuted_src_datasets
142,85.251215354,0.0,1739233463.0951886,,0.6550973057746887,0.9375,,,,,,0.001,1,16,84x84,MatchingNetwork,3,3,BreaKHis_formatted,b-59-850,False,5,4000,5,exp1_permuted_src_datasets
143,85.251248041,0.0,1739233463.0954354,,,,0.0009975181433070264,,,,,0.001,1,16,84x84,MatchingNetwork,3,3,BreaKHis_formatted,b-59-850,False,5,4000,5,exp1_permuted_src_datasets
144,85.424832713,0.0,1739233463.2669601,,0.6924147605895996,1.0,,,,,,0.001,1,16,84x84,MatchingNetwork,3,3,BreaKHis_formatted,b-59-850,False,5,4000,5,exp1_permuted_src_datasets
145,85.424876265,0.0,1739233463.2690635,,,,0.0009974473245469835,,,,,0.001,1,16,84x84,MatchingNetwork,3,3,BreaKHis_formatted,b-59-850,False,5,4000,5,exp1_permuted_src_datasets
146,85.652590803,0.0,1739233463.496532,,0.7316470742225647,0.9375,,,,,,0.001,1,16,84x84,MatchingNetwork,3,3,BreaKHis_formatted,b-59-850,False,5,4000,5,exp1_permuted_src_datasets
147,85.652635223,0.0,1739233463.496754,,,,0.0009973755135100108,,,,,0.001,1,16,84x84,MatchingNetwork,3,3,BreaKHis_formatted,b-59-850,False,5,4000,5,exp1_permuted_src_datasets
148,85.938316224,0.0,1739233463.782187,,0.7036455273628235,1.0,,,,,,0.001,1,16,84x84,MatchingNetwork,3,3,BreaKHis_formatted,b-59-850,False,5,4000,5,exp1_permuted_src_datasets
149,85.938356743,0.0,1739233463.7825277,,,,0.0009973027104121506,,,,,0.001,1,16,84x84,MatchingNetwork,3,3,BreaKHis_formatted,b-59-850,False,5,4000,5,exp1_permuted_src_datasets
150,86.233571214,0.0,1739233464.0776036,,0.6853081583976746,1.0,,,,,,0.001,1,16,84x84,MatchingNetwork,3,3,BreaKHis_formatted,b-59-850,False,5,4000,5,exp1_permuted_src_datasets
151,86.233627959,0.0,1739233464.0778477,,,,0.0009972289154724057,,,,,0.001,1,16,84x84,MatchingNetwork,3,3,BreaKHis_formatted,b-59-850,False,5,4000,5,exp1_permuted_src_datasets
152,86.612887136,0.0,1739233464.456207,,0.7647334337234497,0.875,,,,,,0.001,1,16,84x84,MatchingNetwork,3,3,BreaKHis_formatted,b-59-850,False,5,4000,5,exp1_permuted_src_datasets
153,86.612959558,0.0,1739233464.4570382,,,,0.0009971541289127371,,,,,0.001,1,16,84x84,MatchingNetwork,3,3,BreaKHis_formatted,b-59-850,False,5,4000,5,exp1_permuted_src_datasets
154,86.795546054,0.0,1739233464.6390524,,0.7897034883499146,0.875,,,,,,0.001,1,16,84x84,MatchingNetwork,3,3,BreaKHis_formatted,b-59-850,False,5,4000,5,exp1_permuted_src_datasets
155,86.795575678,0.0,1739233464.639803,,,,0.0009970783509580645,,,,,0.001,1,16,84x84,MatchingNetwork,3,3,BreaKHis_formatted,b-59-850,False,5,4000,5,exp1_permuted_src_datasets
156,86.985705728,0.0,1739233464.8295586,,0.8158339858055115,0.75,,,,,,0.001,1,16,84x84,MatchingNetwork,3,3,BreaKHis_formatted,b-59-850,False,5,4000,5,exp1_permuted_src_datasets
157,86.985751434,0.0,1739233464.8298752,,,,0.000997001581836263,,,,,0.001,1,16,84x84,MatchingNetwork,3,3,BreaKHis_formatted,b-59-850,False,5,4000,5,exp1_permuted_src_datasets
158,87.28788873,0.0,1739233465.131899,,0.701678454875946,0.875,,,,,,0.001,1,16,84x84,MatchingNetwork,3,3,BreaKHis_formatted,b-59-850,False,5,4000,5,exp1_permuted_src_datasets
159,87.287922868,0.0,1739233465.132144,,,,0.0009969238217781642,,,,,0.001,1,16,84x84,MatchingNetwork,3,3,BreaKHis_formatted,b-59-850,False,5,4000,5,exp1_permuted_src_datasets
160,87.493817417,0.0,1739233465.3378043,,0.7079987525939941,1.0,,,,,,0.001,1,16,84x84,MatchingNetwork,3,3,BreaKHis_formatted,b-59-850,False,5,4000,5,exp1_permuted_src_datasets
161,87.493871723,0.0,1739233465.3380673,,,,0.000996845071017554,,,,,0.001,1,16,84x84,MatchingNetwork,3,3,BreaKHis_formatted,b-59-850,False,5,4000,5,exp1_permuted_src_datasets
162,87.737546043,0.0,1739233465.5790176,,0.7119458913803101,0.9375,,,,,,0.001,1,16,84x84,MatchingNetwork,3,3,BreaKHis_formatted,b-59-850,False,5,4000,5,exp1_permuted_src_datasets
163,87.737588108,0.0,1739233465.581777,,,,0.0009967653297911707,,,,,0.001,1,16,84x84,MatchingNetwork,3,3,BreaKHis_formatted,b-59-850,False,5,4000,5,exp1_permuted_src_datasets
164,88.003551347,0.0,1739233465.843268,,0.699913740158081,1.0,,,,,,0.001,1,16,84x84,MatchingNetwork,3,3,BreaKHis_formatted,b-59-850,False,5,4000,5,exp1_permuted_src_datasets
165,88.003601171,0.0,1739233465.8477721,,,,0.0009966845983387053,,,,,0.001,1,16,84x84,MatchingNetwork,3,3,BreaKHis_formatted,b-59-850,False,5,4000,5,exp1_permuted_src_datasets
166,88.278781327,0.0,1739233466.122683,,0.6746137142181396,1.0,,,,,,0.001,1,16,84x84,MatchingNetwork,3,3,BreaKHis_formatted,b-59-850,False,5,4000,5,exp1_permuted_src_datasets
167,88.278816849,0.0,1739233466.1230118,,,,0.0009966028769027994,,,,,0.001,1,16,84x84,MatchingNetwork,3,3,BreaKHis_formatted,b-59-850,False,5,4000,5,exp1_permuted_src_datasets
168,88.515416529,0.0,1739233466.359439,,0.7521662712097168,0.75,,,,,,0.001,1,16,84x84,MatchingNetwork,3,3,BreaKHis_formatted,b-59-850,False,5,4000,5,exp1_permuted_src_datasets
169,88.515455352,0.0,1739233466.3596616,,,,0.0009965201657290439,,,,,0.001,1,16,84x84,MatchingNetwork,3,3,BreaKHis_formatted,b-59-850,False,5,4000,5,exp1_permuted_src_datasets
170,88.736604656,0.0,1739233466.5806096,,0.7336199879646301,0.8125,,,,,,0.001,1,16,84x84,MatchingNetwork,3,3,BreaKHis_formatted,b-59-850,False,5,4000,5,exp1_permuted_src_datasets
171,88.736664349,0.0,1739233466.5808353,,,,0.0009964364650659784,,,,,0.001,1,16,84x84,MatchingNetwork,3,3,BreaKHis_formatted,b-59-850,False,5,4000,5,exp1_permuted_src_datasets
172,89.017635927,0.0,1739233466.8615825,,0.7421452403068542,0.9375,,,,,,0.001,1,16,84x84,MatchingNetwork,3,3,BreaKHis_formatted,b-59-850,False,5,4000,5,exp1_permuted_src_datasets
173,89.017677347,0.0,1739233466.8618174,,,,0.0009963517751650896,,,,,0.001,1,16,84x84,MatchingNetwork,3,3,BreaKHis_formatted,b-59-850,False,5,4000,5,exp1_permuted_src_datasets
174,89.287837922,0.0,1739233467.131712,,0.7296257019042969,0.875,,,,,,0.001,1,16,84x84,MatchingNetwork,3,3,BreaKHis_formatted,b-59-850,False,5,4000,5,exp1_permuted_src_datasets
175,89.287905967,0.0,1739233467.1320279,,,,0.0009962660962808095,,,,,0.001,1,16,84x84,MatchingNetwork,3,3,BreaKHis_formatted,b-59-850,False,5,4000,5,exp1_permuted_src_datasets
176,89.473774782,0.0,1739233467.3177152,,0.7065696716308594,0.875,,,,,,0.001,1,16,84x84,MatchingNetwork,3,3,BreaKHis_formatted,b-59-850,False,5,4000,5,exp1_permuted_src_datasets
177,89.473818352,0.0,1739233467.317987,,,,0.0009961794286705151,,,,,0.001,1,16,84x84,MatchingNetwork,3,3,BreaKHis_formatted,b-59-850,False,5,4000,5,exp1_permuted_src_datasets
178,89.695900067,0.0,1739233467.539804,,0.751242995262146,0.9375,,,,,,0.001,1,16,84x84,MatchingNetwork,3,3,BreaKHis_formatted,b-59-850,False,5,4000,5,exp1_permuted_src_datasets
179,89.695955886,0.0,1739233467.5400903,,,,0.0009960917725945267,,,,,0.001,1,16,84x84,MatchingNetwork,3,3,BreaKHis_formatted,b-59-850,False,5,4000,5,exp1_permuted_src_datasets
180,89.847657504,0.0,1739233467.6915433,,0.6719434857368469,1.0,,,,,,0.001,1,16,84x84,MatchingNetwork,3,3,BreaKHis_formatted,b-59-850,False,5,4000,5,exp1_permuted_src_datasets
181,89.847713141,0.0,1739233467.6918283,,,,0.0009960031283161065,,,,,0.001,1,16,84x84,MatchingNetwork,3,3,BreaKHis_formatted,b-59-850,False,5,4000,5,exp1_permuted_src_datasets
182,90.151952518,0.0,1739233467.995397,,0.6766718626022339,1.0,,,,,,0.001,1,16,84x84,MatchingNetwork,3,3,BreaKHis_formatted,b-59-850,False,5,4000,5,exp1_permuted_src_datasets
183,90.15199263,0.0,1739233467.9961154,,,,0.0009959134961014574,,,,,0.001,1,16,84x84,MatchingNetwork,3,3,BreaKHis_formatted,b-59-850,False,5,4000,5,exp1_permuted_src_datasets
184,90.411356721,0.0,1739233468.2496765,,0.7099862098693848,1.0,,,,,,0.001,1,16,84x84,MatchingNetwork,3,3,BreaKHis_formatted,b-59-850,False,5,4000,5,exp1_permuted_src_datasets
185,90.411389792,0.0,1739233468.2556026,,,,0.0009958228762197213,,,,,0.001,1,16,84x84,MatchingNetwork,3,3,BreaKHis_formatted,b-59-850,False,5,4000,5,exp1_permuted_src_datasets
186,90.744074562,0.0,1739233468.5880177,,0.7205921411514282,0.875,,,,,,0.001,1,16,84x84,MatchingNetwork,3,3,BreaKHis_formatted,b-59-850,False,5,4000,5,exp1_permuted_src_datasets
187,90.789875923,0.0,1739233468.5882902,,,,0.0009957312689429785,,,,,0.001,1,16,84x84,MatchingNetwork,3,3,BreaKHis_formatted,b-59-850,False,5,4000,5,exp1_permuted_src_datasets
188,90.915725986,0.0,1739233468.7596407,,0.7032762169837952,0.875,,,,,,0.001,1,16,84x84,MatchingNetwork,3,3,BreaKHis_formatted,b-59-850,False,5,4000,5,exp1_permuted_src_datasets
189,90.915779074,0.0,1739233468.7599304,,,,0.0009956386745462458,,,,,0.001,1,16,84x84,MatchingNetwork,3,3,BreaKHis_formatted,b-59-850,False,5,4000,5,exp1_permuted_src_datasets
190,91.203972914,0.0,1739233469.0478506,,0.6720014810562134,0.9375,,,,,,0.001,1,16,84x84,MatchingNetwork,3,3,BreaKHis_formatted,b-59-850,False,5,4000,5,exp1_permuted_src_datasets
191,91.204087169,0.0,1739233469.048119,,,,0.0009955450933074748,,,,,0.001,1,16,84x84,MatchingNetwork,3,3,BreaKHis_formatted,b-59-850,False,5,4000,5,exp1_permuted_src_datasets
192,91.474179726,0.0,1739233469.3181517,,0.7023970484733582,0.9375,,,,,,0.001,1,16,84x84,MatchingNetwork,3,3,BreaKHis_formatted,b-59-850,False,5,4000,5,exp1_permuted_src_datasets
193,91.474235866,0.0,1739233469.3184042,,,,0.0009954505255075517,,,,,0.001,1,16,84x84,MatchingNetwork,3,3,BreaKHis_formatted,b-59-850,False,5,4000,5,exp1_permuted_src_datasets
194,91.689010574,0.0,1739233469.5329778,,0.6900866627693176,0.9375,,,,,,0.001,1,16,84x84,MatchingNetwork,3,3,BreaKHis_formatted,b-59-850,False,5,4000,5,exp1_permuted_src_datasets
195,91.689050963,0.0,1739233469.533225,,,,0.0009953549714302942,,,,,0.001,1,16,84x84,MatchingNetwork,3,3,BreaKHis_formatted,b-59-850,False,5,4000,5,exp1_permuted_src_datasets
196,91.991918498,0.0,1739233469.831539,,0.6860836148262024,1.0,,,,,,0.001,1,16,84x84,MatchingNetwork,3,3,BreaKHis_formatted,b-59-850,False,5,4000,5,exp1_permuted_src_datasets
197,91.992003994,0.0,1739233469.8360713,,,,0.000995258431362452,,,,,0.001,1,16,84x84,MatchingNetwork,3,3,BreaKHis_formatted,b-59-850,False,5,4000,5,exp1_permuted_src_datasets
198,92.293417287,0.0,1739233470.1373072,,0.7629257440567017,0.9375,,,,,,0.001,1,16,84x84,MatchingNetwork,3,3,BreaKHis_formatted,b-59-850,False,5,4000,5,exp1_permuted_src_datasets
199,92.293451749,0.0,1739233470.1377316,,,,0.000995160905593704,,,,,0.001,1,16,84x84,MatchingNetwork,3,3,BreaKHis_formatted,b-59-850,False,5,4000,5,exp1_permuted_src_datasets
200,92.489733012,0.0,1739233470.3338232,,0.7773282527923584,0.875,,,,,,0.001,1,16,84x84,MatchingNetwork,3,3,BreaKHis_formatted,b-59-850,False,5,4000,5,exp1_permuted_src_datasets
201,92.489763153,0.0,1739233470.3340075,,,,0.0009950623944166566,,,,,0.001,1,16,84x84,MatchingNetwork,3,3,BreaKHis_formatted,b-59-850,False,5,4000,5,exp1_permuted_src_datasets
202,92.788816703,0.0,1739233470.6281967,,0.6918908953666687,0.8125,,,,,,0.001,1,16,84x84,MatchingNetwork,3,3,BreaKHis_formatted,b-59-850,False,5,4000,5,exp1_permuted_src_datasets
203,92.788840353,0.0,1739233470.6331217,,,,0.0009949628981268438,,,,,0.001,1,16,84x84,MatchingNetwork,3,3,BreaKHis_formatted,b-59-850,False,5,4000,5,exp1_permuted_src_datasets
204,93.278187723,0.0,1739233471.1222093,,0.7186112999916077,1.0,,,,,,0.001,1,16,84x84,MatchingNetwork,3,3,BreaKHis_formatted,b-59-850,False,5,4000,5,exp1_permuted_src_datasets
205,93.278226424,0.0,1739233471.122428,,,,0.0009948624170227245,,,,,0.001,1,16,84x84,MatchingNetwork,3,3,BreaKHis_formatted,b-59-850,False,5,4000,5,exp1_permuted_src_datasets
206,93.629843449,0.0,1739233471.4738288,,0.7179790139198303,0.875,,,,,,0.001,1,16,84x84,MatchingNetwork,3,3,BreaKHis_formatted,b-59-850,False,5,4000,5,exp1_permuted_src_datasets
207,93.629876122,0.0,1739233471.4740589,,,,0.0009947609514056811,,,,,0.001,1,16,84x84,MatchingNetwork,3,3,BreaKHis_formatted,b-59-850,False,5,4000,5,exp1_permuted_src_datasets
208,93.893430826,0.0,1739233471.7374802,,0.7104958295822144,0.875,,,,,,0.001,1,16,84x84,MatchingNetwork,3,3,BreaKHis_formatted,b-59-850,False,5,4000,5,exp1_permuted_src_datasets
209,93.893471998,0.0,1739233471.7376738,,,,0.0009946585015800184,,,,,0.001,1,16,84x84,MatchingNetwork,3,3,BreaKHis_formatted,b-59-850,False,5,4000,5,exp1_permuted_src_datasets
210,94.230642421,0.0,1739233472.0746849,,0.6527279615402222,1.0,,,,,,0.001,1,16,84x84,MatchingNetwork,3,3,BreaKHis_formatted,b-59-850,False,5,4000,5,exp1_permuted_src_datasets
211,94.230680982,0.0,1739233472.0748823,,,,0.0009945550678529616,,,,,0.001,1,16,84x84,MatchingNetwork,3,3,BreaKHis_formatted,b-59-850,False,5,4000,5,exp1_permuted_src_datasets
212,94.508118351,0.0,1739233472.3521745,,0.8213425278663635,0.8125,,,,,,0.001,1,16,84x84,MatchingNetwork,3,3,BreaKHis_formatted,b-59-850,False,5,4000,5,exp1_permuted_src_datasets
213,94.508152096,0.0,1739233472.352363,,,,0.0009944506505346555,,,,,0.001,1,16,84x84,MatchingNetwork,3,3,BreaKHis_formatted,b-59-850,False,5,4000,5,exp1_permuted_src_datasets
214,94.709621801,0.0,1739233472.55334,,0.6824123859405518,0.9375,,,,,,0.001,1,16,84x84,MatchingNetwork,3,3,BreaKHis_formatted,b-59-850,False,5,4000,5,exp1_permuted_src_datasets
215,94.709655801,0.0,1739233472.5538833,,,,0.0009943452499381622,,,,,0.001,1,16,84x84,MatchingNetwork,3,3,BreaKHis_formatted,b-59-850,False,5,4000,5,exp1_permuted_src_datasets
216,94.944094159,0.0,1739233472.786552,,0.6933208107948303,0.9375,,,,,,0.001,1,16,84x84,MatchingNetwork,3,3,BreaKHis_formatted,b-59-850,False,5,4000,5,exp1_permuted_src_datasets
217,94.944128424,0.0,1739233472.7883494,,,,0.0009942388663794594,,,,,0.001,1,16,84x84,MatchingNetwork,3,3,BreaKHis_formatted,b-59-850,False,5,4000,5,exp1_permuted_src_datasets
218,95.340505507,0.0,1739233473.184074,,0.7315866947174072,1.0,,,,,,0.001,1,16,84x84,MatchingNetwork,3,3,BreaKHis_formatted,b-59-850,False,5,4000,5,exp1_permuted_src_datasets
219,95.340541274,0.0,1739233473.1847425,,,,0.0009941315001774404,,,,,0.001,1,16,84x84,MatchingNetwork,3,3,BreaKHis_formatted,b-59-850,False,5,4000,5,exp1_permuted_src_datasets
220,95.642383059,0.0,1739233473.4862227,,0.7387639880180359,0.8125,,,,,,0.001,1,16,84x84,MatchingNetwork,3,3,BreaKHis_formatted,b-59-850,False,5,4000,5,exp1_permuted_src_datasets
221,95.642416428,0.0,1739233473.4866338,,,,0.0009940231516539103,,,,,0.001,1,16,84x84,MatchingNetwork,3,3,BreaKHis_formatted,b-59-850,False,5,4000,5,exp1_permuted_src_datasets
222,95.832088714,0.0,1739233473.6761417,,0.83936607837677,0.875,,,,,,0.001,1,16,84x84,MatchingNetwork,3,3,BreaKHis_formatted,b-59-850,False,5,4000,5,exp1_permuted_src_datasets
223,95.832127608,0.0,1739233473.6763442,,,,0.0009939138211335855,,,,,0.001,1,16,84x84,MatchingNetwork,3,3,BreaKHis_formatted,b-59-850,False,5,4000,5,exp1_permuted_src_datasets
224,96.172953304,0.0,1739233474.0156636,,0.7228507995605469,0.9375,,,,,,0.001,1,16,84x84,MatchingNetwork,3,3,BreaKHis_formatted,b-59-850,False,5,4000,5,exp1_permuted_src_datasets
225,96.172972948,0.0,1739233474.0172467,,,,0.0009938035089440927,,,,,0.001,1,16,84x84,MatchingNetwork,3,3,BreaKHis_formatted,b-59-850,False,5,4000,5,exp1_permuted_src_datasets
226,96.382622353,0.0,1739233474.2261007,,0.7160649299621582,0.875,,,,,,0.001,1,16,84x84,MatchingNetwork,3,3,BreaKHis_formatted,b-59-850,False,5,4000,5,exp1_permuted_src_datasets
227,96.382648043,0.0,1739233474.2269075,,,,0.0009936922154159663,,,,,0.001,1,16,84x84,MatchingNetwork,3,3,BreaKHis_formatted,b-59-850,False,5,4000,5,exp1_permuted_src_datasets
228,96.713912248,0.0,1739233474.5576012,,0.7757875323295593,0.875,,,,,,0.001,1,16,84x84,MatchingNetwork,3,3,BreaKHis_formatted,b-59-850,False,5,4000,5,exp1_permuted_src_datasets
229,96.713933227,0.0,1739233474.5582106,,,,0.0009935799408826466,,,,,0.001,1,16,84x84,MatchingNetwork,3,3,BreaKHis_formatted,b-59-850,False,5,4000,5,exp1_permuted_src_datasets
230,96.912171136,0.0,1739233474.756296,,0.7073104381561279,0.75,,,,,,0.001,1,16,84x84,MatchingNetwork,3,3,BreaKHis_formatted,b-59-850,False,5,4000,5,exp1_permuted_src_datasets
231,96.91219626,0.0,1739233474.7564642,,,,0.0009934666856804791,,,,,0.001,1,16,84x84,MatchingNetwork,3,3,BreaKHis_formatted,b-59-850,False,5,4000,5,exp1_permuted_src_datasets
232,97.147903551,0.0,1739233474.9919996,,0.7767577171325684,0.875,,,,,,0.001,1,16,84x84,MatchingNetwork,3,3,BreaKHis_formatted,b-59-850,False,5,4000,5,exp1_permuted_src_datasets
233,97.147946646,0.0,1739233474.9921694,,,,0.000993352450148712,,,,,0.001,1,16,84x84,MatchingNetwork,3,3,BreaKHis_formatted,b-59-850,False,5,4000,5,exp1_permuted_src_datasets
234,97.334758921,0.0,1739233475.1774428,,0.7592519521713257,0.8125,,,,,,0.001,1,16,84x84,MatchingNetwork,3,3,BreaKHis_formatted,b-59-850,False,5,4000,5,exp1_permuted_src_datasets
235,97.334787548,0.0,1739233475.178994,,,,0.000993237234629495,,,,,0.001,1,16,84x84,MatchingNetwork,3,3,BreaKHis_formatted,b-59-850,False,5,4000,5,exp1_permuted_src_datasets
236,97.620638342,0.0,1739233475.4646513,,0.7784876823425293,0.875,,,,,,0.001,1,16,84x84,MatchingNetwork,3,3,BreaKHis_formatted,b-59-850,False,5,4000,5,exp1_permuted_src_datasets
237,97.620662509,0.0,1739233475.464921,,,,0.0009931210394678773,,,,,0.001,1,16,84x84,MatchingNetwork,3,3,BreaKHis_formatted,b-59-850,False,5,4000,5,exp1_permuted_src_datasets
238,97.803543118,0.0,1739233475.6475983,,0.7028769850730896,0.875,,,,,,0.001,1,16,84x84,MatchingNetwork,3,3,BreaKHis_formatted,b-59-850,False,5,4000,5,exp1_permuted_src_datasets
239,97.803599665,0.0,1739233475.6477835,,,,0.0009930038650118058,,,,,0.001,1,16,84x84,MatchingNetwork,3,3,BreaKHis_formatted,b-59-850,False,5,4000,5,exp1_permuted_src_datasets
240,98.072481552,0.0,1739233475.9164774,,0.6956771016120911,0.9375,,,,,,0.001,1,16,84x84,MatchingNetwork,3,3,BreaKHis_formatted,b-59-850,False,5,4000,5,exp1_permuted_src_datasets
241,98.07252072,0.0,1739233475.9167101,,,,0.000992885711612124,,,,,0.001,1,16,84x84,MatchingNetwork,3,3,BreaKHis_formatted,b-59-850,False,5,4000,5,exp1_permuted_src_datasets
242,98.221176081,0.0,1739233476.0652566,,0.6821498274803162,0.9375,,,,,,0.001,1,16,84x84,MatchingNetwork,3,3,BreaKHis_formatted,b-59-850,False,5,4000,5,exp1_permuted_src_datasets
243,98.221208944,0.0,1739233476.0654316,,,,0.0009927665796225695,,,,,0.001,1,16,84x84,MatchingNetwork,3,3,BreaKHis_formatted,b-59-850,False,5,4000,5,exp1_permuted_src_datasets
244,98.429960035,0.0,1739233476.274007,,0.7806154489517212,0.875,,,,,,0.001,1,16,84x84,MatchingNetwork,3,3,BreaKHis_formatted,b-59-850,False,5,4000,5,exp1_permuted_src_datasets
245,98.429993165,0.0,1739233476.2742057,,,,0.0009926464693997721,,,,,0.001,1,16,84x84,MatchingNetwork,3,3,BreaKHis_formatted,b-59-850,False,5,4000,5,exp1_permuted_src_datasets
246,98.700370459,0.0,1739233476.544375,,0.6873241662979126,1.0,,,,,,0.001,1,16,84x84,MatchingNetwork,3,3,BreaKHis_formatted,b-59-850,False,5,4000,5,exp1_permuted_src_datasets
247,98.700411,0.0,1739233476.544606,,,,0.0009925253813032533,,,,,0.001,1,16,84x84,MatchingNetwork,3,3,BreaKHis_formatted,b-59-850,False,5,4000,5,exp1_permuted_src_datasets
248,98.969617015,0.0,1739233476.8136501,,0.6765681505203247,1.0,,,,,,0.001,1,16,84x84,MatchingNetwork,3,3,BreaKHis_formatted,b-59-850,False,5,4000,5,exp1_permuted_src_datasets
249,98.96965246,0.0,1739233476.8138657,,,,0.0009924033156954227,,,,,0.001,1,16,84x84,MatchingNetwork,3,3,BreaKHis_formatted,b-59-850,False,5,4000,5,exp1_permuted_src_datasets
250,99.258939066,0.0,1739233477.1018949,,0.664965033531189,1.0,,,,,,0.001,1,16,84x84,MatchingNetwork,3,3,BreaKHis_formatted,b-59-850,False,5,4000,5,exp1_permuted_src_datasets
251,99.258981537,0.0,1739233477.1031795,,,,0.0009922802729415779,,,,,0.001,1,16,84x84,MatchingNetwork,3,3,BreaKHis_formatted,b-59-850,False,5,4000,5,exp1_permuted_src_datasets
252,99.388065949,0.0,1739233477.2314384,,0.676538348197937,0.9375,,,,,,0.001,1,16,84x84,MatchingNetwork,3,3,BreaKHis_formatted,b-59-850,False,5,4000,5,exp1_permuted_src_datasets
253,99.388099114,0.0,1739233477.2323153,,,,0.0004960781267049508,,,,,0.001,1,16,84x84,MatchingNetwork,3,3,BreaKHis_formatted,b-59-850,False,5,4000,5,exp1_permuted_src_datasets
254,99.663142173,0.0,1739233477.506687,,0.7191397547721863,1.0,,,,,,0.001,1,16,84x84,MatchingNetwork,3,3,BreaKHis_formatted,b-59-850,False,5,4000,5,exp1_permuted_src_datasets
255,99.66317338,0.0,1739233477.507389,,,,0.0004960156287357301,,,,,0.001,1,16,84x84,MatchingNetwork,3,3,BreaKHis_formatted,b-59-850,False,5,4000,5,exp1_permuted_src_datasets
256,99.922205595,0.0,1739233477.7650945,,0.7828019857406616,0.75,,,,,,0.001,1,16,84x84,MatchingNetwork,3,3,BreaKHis_formatted,b-59-850,False,5,4000,5,exp1_permuted_src_datasets
257,99.922234906,0.0,1739233477.766484,,,,0.0004959526427501008,,,,,0.001,1,16,84x84,MatchingNetwork,3,3,BreaKHis_formatted,b-59-850,False,5,4000,5,exp1_permuted_src_datasets
258,100.156146057,0.0,1739233478.0002248,,0.7224999666213989,0.8125,,,,,,0.001,1,16,84x84,MatchingNetwork,3,3,BreaKHis_formatted,b-59-850,False,5,4000,5,exp1_permuted_src_datasets
259,100.15618533,0.0,1739233478.0004108,,,,0.000495889168936477,,,,,0.001,1,16,84x84,MatchingNetwork,3,3,BreaKHis_formatted,b-59-850,False,5,4000,5,exp1_permuted_src_datasets
260,100.279647191,0.0,1739233478.1235232,,0.7198343276977539,0.9375,,,,,,0.001,1,16,84x84,MatchingNetwork,3,3,BreaKHis_formatted,b-59-850,False,5,4000,5,exp1_permuted_src_datasets
261,100.279682578,0.0,1739233478.1239061,,,,0.0004958252074847115,,,,,0.001,1,16,84x84,MatchingNetwork,3,3,BreaKHis_formatted,b-59-850,False,5,4000,5,exp1_permuted_src_datasets
262,100.428031286,0.0,1739233478.2719676,,0.7623890042304993,0.8125,,,,,,0.001,1,16,84x84,MatchingNetwork,3,3,BreaKHis_formatted,b-59-850,False,5,4000,5,exp1_permuted_src_datasets
263,100.428080966,0.0,1739233478.2721753,,,,0.0004957607585860952,,,,,0.001,1,16,84x84,MatchingNetwork,3,3,BreaKHis_formatted,b-59-850,False,5,4000,5,exp1_permuted_src_datasets
264,100.690369516,0.0,1739233478.5341315,,0.7547124624252319,0.875,,,,,,0.001,1,16,84x84,MatchingNetwork,3,3,BreaKHis_formatted,b-59-850,False,5,4000,5,exp1_permuted_src_datasets
265,100.690405166,0.0,1739233478.5345247,,,,0.0004956958224333564,,,,,0.001,1,16,84x84,MatchingNetwork,3,3,BreaKHis_formatted,b-59-850,False,5,4000,5,exp1_permuted_src_datasets
266,100.832431561,0.0,1739233478.6763742,,0.7319079637527466,0.875,,,,,,0.001,1,16,84x84,MatchingNetwork,3,3,BreaKHis_formatted,b-59-850,False,5,4000,5,exp1_permuted_src_datasets
267,100.832470985,0.0,1739233478.6766639,,,,0.0004956303992206593,,,,,0.001,1,16,84x84,MatchingNetwork,3,3,BreaKHis_formatted,b-59-850,False,5,4000,5,exp1_permuted_src_datasets
268,101.087182656,0.0,1739233478.9308875,,0.7381263971328735,0.875,,,,,,0.001,1,16,84x84,MatchingNetwork,3,3,BreaKHis_formatted,b-59-850,False,5,4000,5,exp1_permuted_src_datasets
269,101.087217107,0.0,1739233478.9313416,,,,0.0004955644891436032,,,,,0.001,1,16,84x84,MatchingNetwork,3,3,BreaKHis_formatted,b-59-850,False,5,4000,5,exp1_permuted_src_datasets
270,101.280342402,0.0,1739233479.1243699,,0.7118169665336609,0.875,,,,,,0.001,1,16,84x84,MatchingNetwork,3,3,BreaKHis_formatted,b-59-850,False,5,4000,5,exp1_permuted_src_datasets
271,101.28037746,0.0,1739233479.1245773,,,,0.0004954980923992217,,,,,0.001,1,16,84x84,MatchingNetwork,3,3,BreaKHis_formatted,b-59-850,False,5,4000,5,exp1_permuted_src_datasets
272,101.581728358,0.0,1739233479.4254608,,0.7397221326828003,0.875,,,,,,0.001,1,16,84x84,MatchingNetwork,3,3,BreaKHis_formatted,b-59-850,False,5,4000,5,exp1_permuted_src_datasets
273,101.581763952,0.0,1739233479.4259048,,,,0.0004954312091859815,,,,,0.001,1,16,84x84,MatchingNetwork,3,3,BreaKHis_formatted,b-59-850,False,5,4000,5,exp1_permuted_src_datasets
274,101.693032158,0.0,1739233479.5370352,,0.6701093316078186,0.9375,,,,,,0.001,1,16,84x84,MatchingNetwork,3,3,BreaKHis_formatted,b-59-850,False,5,4000,5,exp1_permuted_src_datasets
275,101.693083413,0.0,1739233479.53725,,,,0.0004953638397037818,,,,,0.001,1,16,84x84,MatchingNetwork,3,3,BreaKHis_formatted,b-59-850,False,5,4000,5,exp1_permuted_src_datasets
276,102.085481249,0.0,1739233479.929306,,0.7211026549339294,0.9375,,,,,,0.001,1,16,84x84,MatchingNetwork,3,3,BreaKHis_formatted,b-59-850,False,5,4000,5,exp1_permuted_src_datasets
277,102.085517569,0.0,1739233479.929694,,,,0.0004952959841539528,,,,,0.001,1,16,84x84,MatchingNetwork,3,3,BreaKHis_formatted,b-59-850,False,5,4000,5,exp1_permuted_src_datasets
278,102.446782337,0.0,1739233480.2905545,,0.7057865858078003,1.0,,,,,,0.001,1,16,84x84,MatchingNetwork,3,3,BreaKHis_formatted,b-59-850,False,5,4000,5,exp1_permuted_src_datasets
279,102.446827782,0.0,1739233480.2910187,,,,0.0004952276427392547,,,,,0.001,1,16,84x84,MatchingNetwork,3,3,BreaKHis_formatted,b-59-850,False,5,4000,5,exp1_permuted_src_datasets
280,102.548293302,0.0,1739233480.391928,,0.730124294757843,0.9375,,,,,,0.001,1,16,84x84,MatchingNetwork,3,3,BreaKHis_formatted,b-59-850,False,5,4000,5,exp1_permuted_src_datasets
281,102.548328023,0.0,1739233480.3925438,,,,0.0004951588156638775,,,,,0.001,1,16,84x84,MatchingNetwork,3,3,BreaKHis_formatted,b-59-850,False,5,4000,5,exp1_permuted_src_datasets
282,102.797356126,0.0,1739233480.641074,,0.7531709671020508,0.875,,,,,,0.001,1,16,84x84,MatchingNetwork,3,3,BreaKHis_formatted,b-59-850,False,5,4000,5,exp1_permuted_src_datasets
283,102.797386198,0.0,1739233480.6415682,,,,0.0004950895031334388,,,,,0.001,1,16,84x84,MatchingNetwork,3,3,BreaKHis_formatted,b-59-850,False,5,4000,5,exp1_permuted_src_datasets
284,102.990107971,0.0,1739233480.8338554,,0.7599669694900513,0.8125,,,,,,0.001,1,16,84x84,MatchingNetwork,3,3,BreaKHis_formatted,b-59-850,False,5,4000,5,exp1_permuted_src_datasets
285,102.990140473,0.0,1739233480.834326,,,,0.0004950197053549837,,,,,0.001,1,16,84x84,MatchingNetwork,3,3,BreaKHis_formatted,b-59-850,False,5,4000,5,exp1_permuted_src_datasets
286,103.221544903,0.0,1739233481.0652688,,0.7233274579048157,0.9375,,,,,,0.001,1,16,84x84,MatchingNetwork,3,3,BreaKHis_formatted,b-59-850,False,5,4000,5,exp1_permuted_src_datasets
287,103.221582017,0.0,1739233481.0658038,,,,0.0004949494225369834,,,,,0.001,1,16,84x84,MatchingNetwork,3,3,BreaKHis_formatted,b-59-850,False,5,4000,5,exp1_permuted_src_datasets
288,103.364168094,0.0,1739233481.207854,,0.6787226796150208,1.0,,,,,,0.001,1,16,84x84,MatchingNetwork,3,3,BreaKHis_formatted,b-59-850,False,5,4000,5,exp1_permuted_src_datasets
289,103.364201686,0.0,1739233481.2083774,,,,0.0004948786548893343,,,,,0.001,1,16,84x84,MatchingNetwork,3,3,BreaKHis_formatted,b-59-850,False,5,4000,5,exp1_permuted_src_datasets
290,103.752547196,0.0,1739233481.5965638,,0.7102990746498108,0.75,,,,,,0.001,1,16,84x84,MatchingNetwork,3,3,BreaKHis_formatted,b-59-850,False,5,4000,5,exp1_permuted_src_datasets
291,103.752589076,0.0,1739233481.596773,,,,0.0004948074026233566,,,,,0.001,1,16,84x84,MatchingNetwork,3,3,BreaKHis_formatted,b-59-850,False,5,4000,5,exp1_permuted_src_datasets
292,104.070175915,0.0,1739233481.9141903,,0.7509775161743164,0.875,,,,,,0.001,1,16,84x84,MatchingNetwork,3,3,BreaKHis_formatted,b-59-850,False,5,4000,5,exp1_permuted_src_datasets
293,104.070209702,0.0,1739233481.9143744,,,,0.0004947356659517935,,,,,0.001,1,16,84x84,MatchingNetwork,3,3,BreaKHis_formatted,b-59-850,False,5,4000,5,exp1_permuted_src_datasets
294,104.292838951,0.0,1739233482.1369207,,0.7911209464073181,0.8125,,,,,,0.001,1,16,84x84,MatchingNetwork,3,3,BreaKHis_formatted,b-59-850,False,5,4000,5,exp1_permuted_src_datasets
295,104.292867052,0.0,1739233482.13711,,,,0.0004946634450888105,,,,,0.001,1,16,84x84,MatchingNetwork,3,3,BreaKHis_formatted,b-59-850,False,5,4000,5,exp1_permuted_src_datasets
296,104.49173786,0.0,1739233482.3356185,,0.792508602142334,0.8125,,,,,,0.001,1,16,84x84,MatchingNetwork,3,3,BreaKHis_formatted,b-59-850,False,5,4000,5,exp1_permuted_src_datasets
297,104.491771435,0.0,1739233482.3359027,,,,0.0004945907402499938,,,,,0.001,1,16,84x84,MatchingNetwork,3,3,BreaKHis_formatted,b-59-850,False,5,4000,5,exp1_permuted_src_datasets
298,104.748130592,0.0,1739233482.5921848,,0.8095898628234863,0.875,,,,,,0.001,1,16,84x84,MatchingNetwork,3,3,BreaKHis_formatted,b-59-850,False,5,4000,5,exp1_permuted_src_datasets
299,104.748160422,0.0,1739233482.592385,,,,0.0004945175516523492,,,,,0.001,1,16,84x84,MatchingNetwork,3,3,BreaKHis_formatted,b-59-850,False,5,4000,5,exp1_permuted_src_datasets
300,105.089025916,0.0,1739233482.9325542,,0.7387417554855347,0.8125,,,,,,0.001,1,16,84x84,MatchingNetwork,3,3,BreaKHis_formatted,b-59-850,False,5,4000,5,exp1_permuted_src_datasets
301,105.089070444,0.0,1739233482.9332645,,,,0.0004944438795143016,,,,,0.001,1,16,84x84,MatchingNetwork,3,3,BreaKHis_formatted,b-59-850,False,5,4000,5,exp1_permuted_src_datasets
302,105.347524083,0.0,1739233483.1910295,,0.6899184584617615,0.9375,,,,,,0.001,1,16,84x84,MatchingNetwork,3,3,BreaKHis_formatted,b-59-850,False,5,4000,5,exp1_permuted_src_datasets
303,105.347553298,0.0,1739233483.1916835,,,,0.0004943697240556932,,,,,0.001,1,16,84x84,MatchingNetwork,3,3,BreaKHis_formatted,b-59-850,False,5,4000,5,exp1_permuted_src_datasets
304,105.523523034,0.0,1739233483.3675342,,0.6362412571907043,0.9375,,,,,,0.001,1,16,84x84,MatchingNetwork,3,3,BreaKHis_formatted,b-59-850,False,5,4000,5,exp1_permuted_src_datasets
305,105.52355345,0.0,1739233483.367718,,,,0.000494295085497783,,,,,0.001,1,16,84x84,MatchingNetwork,3,3,BreaKHis_formatted,b-59-850,False,5,4000,5,exp1_permuted_src_datasets
306,105.895337361,0.0,1739233483.7390597,,0.6697680354118347,1.0,,,,,,0.001,1,16,84x84,MatchingNetwork,3,3,BreaKHis_formatted,b-59-850,False,5,4000,5,exp1_permuted_src_datasets
307,105.895387896,0.0,1739233483.7394848,,,,0.0004942199640632454,,,,,0.001,1,16,84x84,MatchingNetwork,3,3,BreaKHis_formatted,b-59-850,False,5,4000,5,exp1_permuted_src_datasets
308,106.100856966,0.0,1739233483.9444175,,0.8014886975288391,0.8125,,,,,,0.001,1,16,84x84,MatchingNetwork,3,3,BreaKHis_formatted,b-59-850,False,5,4000,5,exp1_permuted_src_datasets
309,106.100889626,0.0,1739233483.9449868,,,,0.0004941443599761691,,,,,0.001,1,16,84x84,MatchingNetwork,3,3,BreaKHis_formatted,b-59-850,False,5,4000,5,exp1_permuted_src_datasets
310,106.275183309,0.0,1739233484.1190825,,0.720125675201416,0.875,,,,,,0.001,1,16,84x84,MatchingNetwork,3,3,BreaKHis_formatted,b-59-850,False,5,4000,5,exp1_permuted_src_datasets
311,106.275215297,0.0,1739233484.1194353,,,,0.0004940682734620559,,,,,0.001,1,16,84x84,MatchingNetwork,3,3,BreaKHis_formatted,b-59-850,False,5,4000,5,exp1_permuted_src_datasets
312,106.433640468,0.0,1739233484.277672,,0.6897345781326294,1.0,,,,,,0.001,1,16,84x84,MatchingNetwork,3,3,BreaKHis_formatted,b-59-850,False,5,4000,5,exp1_permuted_src_datasets
313,106.433673347,0.0,1739233484.2778795,,,,0.00049399170474782,,,,,0.001,1,16,84x84,MatchingNetwork,3,3,BreaKHis_formatted,b-59-850,False,5,4000,5,exp1_permuted_src_datasets
314,106.649286462,0.0,1739233484.4933975,,0.7141805291175842,1.0,,,,,,0.001,1,16,84x84,MatchingNetwork,3,3,BreaKHis_formatted,b-59-850,False,5,4000,5,exp1_permuted_src_datasets
315,106.649317726,0.0,1739233484.4935513,,,,0.0004939146540617864,,,,,0.001,1,16,84x84,MatchingNetwork,3,3,BreaKHis_formatted,b-59-850,False,5,4000,5,exp1_permuted_src_datasets
316,106.803928396,0.0,1739233484.6478407,,0.8502293825149536,0.8125,,,,,,0.001,1,16,84x84,MatchingNetwork,3,3,BreaKHis_formatted,b-59-850,False,5,4000,5,exp1_permuted_src_datasets
317,106.803951219,0.0,1739233484.6481864,,,,0.00049383712163369,,,,,0.001,1,16,84x84,MatchingNetwork,3,3,BreaKHis_formatted,b-59-850,False,5,4000,5,exp1_permuted_src_datasets
318,107.107574069,0.0,1739233484.9511995,,0.6813724040985107,0.9375,,,,,,0.001,1,16,84x84,MatchingNetwork,3,3,BreaKHis_formatted,b-59-850,False,5,4000,5,exp1_permuted_src_datasets
319,107.10760803,0.0,1739233484.9517133,,,,0.0004937591076946742,,,,,0.001,1,16,84x84,MatchingNetwork,3,3,BreaKHis_formatted,b-59-850,False,5,4000,5,exp1_permuted_src_datasets
320,107.366396903,0.0,1739233485.2100935,,0.6509336233139038,1.0,,,,,,0.001,1,16,84x84,MatchingNetwork,3,3,BreaKHis_formatted,b-59-850,False,5,4000,5,exp1_permuted_src_datasets
321,107.366432276,0.0,1739233485.2105825,,,,0.0004936806124772904,,,,,0.001,1,16,84x84,MatchingNetwork,3,3,BreaKHis_formatted,b-59-850,False,5,4000,5,exp1_permuted_src_datasets
322,107.54754434,0.0,1739233485.39135,,0.6561899781227112,1.0,,,,,,0.001,1,16,84x84,MatchingNetwork,3,3,BreaKHis_formatted,b-59-850,False,5,4000,5,exp1_permuted_src_datasets
323,107.54758418,0.0,1739233485.3917987,,,,0.000493601636215496,,,,,0.001,1,16,84x84,MatchingNetwork,3,3,BreaKHis_formatted,b-59-850,False,5,4000,5,exp1_permuted_src_datasets
324,107.791640746,0.0,1739233485.635405,,0.6633602380752563,1.0,,,,,,0.001,1,16,84x84,MatchingNetwork,3,3,BreaKHis_formatted,b-59-850,False,5,4000,5,exp1_permuted_src_datasets
325,107.791704459,0.0,1739233485.6357834,,,,0.0004935221791446536,,,,,0.001,1,16,84x84,MatchingNetwork,3,3,BreaKHis_formatted,b-59-850,False,5,4000,5,exp1_permuted_src_datasets
326,108.011422247,0.0,1739233485.85513,,0.7724440693855286,0.8125,,,,,,0.001,1,16,84x84,MatchingNetwork,3,3,BreaKHis_formatted,b-59-850,False,5,4000,5,exp1_permuted_src_datasets
327,108.011451145,0.0,1739233485.8557003,,,,0.0004934422415015303,,,,,0.001,1,16,84x84,MatchingNetwork,3,3,BreaKHis_formatted,b-59-850,False,5,4000,5,exp1_permuted_src_datasets
328,108.254713014,0.0,1739233486.0985627,,0.7053698897361755,0.9375,,,,,,0.001,1,16,84x84,MatchingNetwork,3,3,BreaKHis_formatted,b-59-850,False,5,4000,5,exp1_permuted_src_datasets
329,108.254745515,0.0,1739233486.0989678,,,,0.000493361823524296,,,,,0.001,1,16,84x84,MatchingNetwork,3,3,BreaKHis_formatted,b-59-850,False,5,4000,5,exp1_permuted_src_datasets
330,108.477853291,0.0,1739233486.32131,,0.802306056022644,0.75,,,,,,0.001,1,16,84x84,MatchingNetwork,3,3,BreaKHis_formatted,b-59-850,False,5,4000,5,exp1_permuted_src_datasets
331,108.477889523,0.0,1739233486.3219972,,,,0.0004932809254525217,,,,,0.001,1,16,84x84,MatchingNetwork,3,3,BreaKHis_formatted,b-59-850,False,5,4000,5,exp1_permuted_src_datasets
332,108.703957532,0.0,1739233486.5478668,,0.6727549433708191,0.875,,,,,,0.001,1,16,84x84,MatchingNetwork,3,3,BreaKHis_formatted,b-59-850,False,5,4000,5,exp1_permuted_src_datasets
333,108.703993737,0.0,1739233486.5481932,,,,0.0004931995475271798,,,,,0.001,1,16,84x84,MatchingNetwork,3,3,BreaKHis_formatted,b-59-850,False,5,4000,5,exp1_permuted_src_datasets
334,108.844101023,0.0,1739233486.687808,,0.8387954235076904,0.875,,,,,,0.001,1,16,84x84,MatchingNetwork,3,3,BreaKHis_formatted,b-59-850,False,5,4000,5,exp1_permuted_src_datasets
335,108.844137098,0.0,1739233486.6883426,,,,0.0004931176899906413,,,,,0.001,1,16,84x84,MatchingNetwork,3,3,BreaKHis_formatted,b-59-850,False,5,4000,5,exp1_permuted_src_datasets
336,109.068069749,0.0,1739233486.9119635,,0.6633843779563904,1.0,,,,,,0.001,1,16,84x84,MatchingNetwork,3,3,BreaKHis_formatted,b-59-850,False,5,4000,5,exp1_permuted_src_datasets
337,109.068124504,0.0,1739233486.9122336,,,,0.0004930353530866758,,,,,0.001,1,16,84x84,MatchingNetwork,3,3,BreaKHis_formatted,b-59-850,False,5,4000,5,exp1_permuted_src_datasets
338,109.296222979,0.0,1739233487.1397545,,0.7209932208061218,0.875,,,,,,0.001,1,16,84x84,MatchingNetwork,3,3,BreaKHis_formatted,b-59-850,False,5,4000,5,exp1_permuted_src_datasets
339,109.29625899,0.0,1739233487.140339,,,,0.0004929525370604497,,,,,0.001,1,16,84x84,MatchingNetwork,3,3,BreaKHis_formatted,b-59-850,False,5,4000,5,exp1_permuted_src_datasets
340,109.465617805,0.0,1739233487.309543,,0.6915170550346375,0.9375,,,,,,0.001,1,16,84x84,MatchingNetwork,3,3,BreaKHis_formatted,b-59-850,False,5,4000,5,exp1_permuted_src_datasets
341,109.46565246,0.0,1739233487.3098087,,,,0.0004928692421585248,,,,,0.001,1,16,84x84,MatchingNetwork,3,3,BreaKHis_formatted,b-59-850,False,5,4000,5,exp1_permuted_src_datasets
342,109.715161832,0.0,1739233487.5591524,,0.694541335105896,0.875,,,,,,0.001,1,16,84x84,MatchingNetwork,3,3,BreaKHis_formatted,b-59-850,False,5,4000,5,exp1_permuted_src_datasets
343,109.715195374,0.0,1739233487.5593414,,,,0.000492785468628858,,,,,0.001,1,16,84x84,MatchingNetwork,3,3,BreaKHis_formatted,b-59-850,False,5,4000,5,exp1_permuted_src_datasets
344,109.933721808,0.0,1739233487.777779,,0.7087360620498657,1.0,,,,,,0.001,1,16,84x84,MatchingNetwork,3,3,BreaKHis_formatted,b-59-850,False,5,4000,5,exp1_permuted_src_datasets
345,109.933751632,0.0,1739233487.7779665,,,,0.0004927012167207988,,,,,0.001,1,16,84x84,MatchingNetwork,3,3,BreaKHis_formatted,b-59-850,False,5,4000,5,exp1_permuted_src_datasets
346,110.143423685,0.0,1739233487.9873474,,0.7246364951133728,0.9375,,,,,,0.001,1,16,84x84,MatchingNetwork,3,3,BreaKHis_formatted,b-59-850,False,5,4000,5,exp1_permuted_src_datasets
347,110.14345866,0.0,1739233487.9877017,,,,0.0004926164866850889,,,,,0.001,1,16,84x84,MatchingNetwork,3,3,BreaKHis_formatted,b-59-850,False,5,4000,5,exp1_permuted_src_datasets
348,110.344990097,0.0,1739233488.1887193,,0.6761602163314819,1.0,,,,,,0.001,1,16,84x84,MatchingNetwork,3,3,BreaKHis_formatted,b-59-850,False,5,4000,5,exp1_permuted_src_datasets
349,110.345029545,0.0,1739233488.1891143,,,,0.000492531278773861,,,,,0.001,1,16,84x84,MatchingNetwork,3,3,BreaKHis_formatted,b-59-850,False,5,4000,5,exp1_permuted_src_datasets
350,110.555651182,0.0,1739233488.3695734,,0.8211435079574585,0.8125,,,,,,0.001,1,16,84x84,MatchingNetwork,3,3,BreaKHis_formatted,b-59-850,False,5,4000,5,exp1_permuted_src_datasets
351,110.597891378,0.0,1739233488.3999438,,,,0.0004924455932406372,,,,,0.001,1,16,84x84,MatchingNetwork,3,3,BreaKHis_formatted,b-59-850,False,5,4000,5,exp1_permuted_src_datasets
352,111.073574791,0.0,1739233488.9173582,,0.7474371194839478,0.8125,,,,,,0.001,1,16,84x84,MatchingNetwork,3,3,BreaKHis_formatted,b-59-850,False,5,4000,5,exp1_permuted_src_datasets
353,111.073615325,0.0,1739233488.9177883,,,,0.0004923594303403275,,,,,0.001,1,16,84x84,MatchingNetwork,3,3,BreaKHis_formatted,b-59-850,False,5,4000,5,exp1_permuted_src_datasets
354,111.337584157,0.0,1739233489.1813927,,0.7542213797569275,0.875,,,,,,0.001,1,16,84x84,MatchingNetwork,3,3,BreaKHis_formatted,b-59-850,False,5,4000,5,exp1_permuted_src_datasets
355,111.337622539,0.0,1739233489.1818314,,,,0.0004922727903292297,,,,,0.001,1,16,84x84,MatchingNetwork,3,3,BreaKHis_formatted,b-59-850,False,5,4000,5,exp1_permuted_src_datasets
356,111.570160606,0.0,1739233489.4139552,,0.6796531081199646,0.8125,,,,,,0.001,1,16,84x84,MatchingNetwork,3,3,BreaKHis_formatted,b-59-850,False,5,4000,5,exp1_permuted_src_datasets
357,111.570203818,0.0,1739233489.4144208,,,,0.0004921856734650263,,,,,0.001,1,16,84x84,MatchingNetwork,3,3,BreaKHis_formatted,b-59-850,False,5,4000,5,exp1_permuted_src_datasets
358,111.755861049,0.0,1739233489.5993328,,0.6994790434837341,1.0,,,,,,0.001,1,16,84x84,MatchingNetwork,3,3,BreaKHis_formatted,b-59-850,False,5,4000,5,exp1_permuted_src_datasets
359,111.755890831,0.0,1739233489.6000082,,,,0.0004920980800067851,,,,,0.001,1,16,84x84,MatchingNetwork,3,3,BreaKHis_formatted,b-59-850,False,5,4000,5,exp1_permuted_src_datasets
360,111.977368577,0.0,1739233489.821028,,0.7010875940322876,0.9375,,,,,,0.001,1,16,84x84,MatchingNetwork,3,3,BreaKHis_formatted,b-59-850,False,5,4000,5,exp1_permuted_src_datasets
361,111.977398062,0.0,1739233489.821614,,,,0.0004920100102149567,,,,,0.001,1,16,84x84,MatchingNetwork,3,3,BreaKHis_formatted,b-59-850,False,5,4000,5,exp1_permuted_src_datasets
362,112.106936161,0.0,1739233489.9507198,,0.7209812998771667,0.9375,,,,,,0.001,1,16,84x84,MatchingNetwork,3,3,BreaKHis_formatted,b-59-850,False,5,4000,5,exp1_permuted_src_datasets
363,112.106974209,0.0,1739233489.9511156,,,,0.0004919214643513734,,,,,0.001,1,16,84x84,MatchingNetwork,3,3,BreaKHis_formatted,b-59-850,False,5,4000,5,exp1_permuted_src_datasets
364,112.391889119,0.0,1739233490.2357192,,0.6801943778991699,1.0,,,,,,0.001,1,16,84x84,MatchingNetwork,3,3,BreaKHis_formatted,b-59-850,False,5,4000,5,exp1_permuted_src_datasets
365,112.391920188,0.0,1739233490.2361193,,,,0.0004918324426792485,,,,,0.001,1,16,84x84,MatchingNetwork,3,3,BreaKHis_formatted,b-59-850,False,5,4000,5,exp1_permuted_src_datasets
366,112.532867283,0.0,1739233490.3769653,,0.6998583674430847,0.8125,,,,,,0.001,1,16,84x84,MatchingNetwork,3,3,BreaKHis_formatted,b-59-850,False,5,4000,5,exp1_permuted_src_datasets
367,112.532896401,0.0,1739233490.377124,,,,0.0004917429454631742,,,,,0.001,1,16,84x84,MatchingNetwork,3,3,BreaKHis_formatted,b-59-850,False,5,4000,5,exp1_permuted_src_datasets
368,112.831965493,0.0,1739233490.6760118,,0.6183649897575378,1.0,,,,,,0.001,1,16,84x84,MatchingNetwork,3,3,BreaKHis_formatted,b-59-850,False,5,4000,5,exp1_permuted_src_datasets
369,112.831998398,0.0,1739233490.6762097,,,,0.0004916529729691208,,,,,0.001,1,16,84x84,MatchingNetwork,3,3,BreaKHis_formatted,b-59-850,False,5,4000,5,exp1_permuted_src_datasets
370,113.044580429,0.0,1739233490.8882282,,0.7332147359848022,1.0,,,,,,0.001,1,16,84x84,MatchingNetwork,3,3,BreaKHis_formatted,b-59-850,False,5,4000,5,exp1_permuted_src_datasets
371,113.044616445,0.0,1739233490.8887506,,,,0.0004915625254644354,,,,,0.001,1,16,84x84,MatchingNetwork,3,3,BreaKHis_formatted,b-59-850,False,5,4000,5,exp1_permuted_src_datasets
372,113.327286196,0.0,1739233491.1709206,,0.7629562616348267,0.875,,,,,,0.001,1,16,84x84,MatchingNetwork,3,3,BreaKHis_formatted,b-59-850,False,5,4000,5,exp1_permuted_src_datasets
373,113.327314849,0.0,1739233491.1714854,,,,0.00049147160321784,,,,,0.001,1,16,84x84,MatchingNetwork,3,3,BreaKHis_formatted,b-59-850,False,5,4000,5,exp1_permuted_src_datasets
374,113.614500376,0.0,1739233491.4579718,,0.7191590666770935,0.9375,,,,,,0.001,1,16,84x84,MatchingNetwork,3,3,BreaKHis_formatted,b-59-850,False,5,4000,5,exp1_permuted_src_datasets
375,113.614532329,0.0,1739233491.4586782,,,,0.0004913802064994311,,,,,0.001,1,16,84x84,MatchingNetwork,3,3,BreaKHis_formatted,b-59-850,False,5,4000,5,exp1_permuted_src_datasets
376,114.107408461,0.0,1739233491.9510462,,0.6716951727867126,0.9375,,,,,,0.001,1,16,84x84,MatchingNetwork,3,3,BreaKHis_formatted,b-59-850,False,5,4000,5,exp1_permuted_src_datasets
377,114.107444233,0.0,1739233491.951579,,,,0.0004912883355806775,,,,,0.001,1,16,84x84,MatchingNetwork,3,3,BreaKHis_formatted,b-59-850,False,5,4000,5,exp1_permuted_src_datasets
378,114.35966617,0.0,1739233492.203163,,0.6564955115318298,0.9375,,,,,,0.001,1,16,84x84,MatchingNetwork,3,3,BreaKHis_formatted,b-59-850,False,5,4000,5,exp1_permuted_src_datasets
379,114.359696476,0.0,1739233492.2038603,,,,0.0004911959907344194,,,,,0.001,1,16,84x84,MatchingNetwork,3,3,BreaKHis_formatted,b-59-850,False,5,4000,5,exp1_permuted_src_datasets
380,114.573485408,0.0,1739233492.4175029,,0.7367849349975586,0.875,,,,,,0.001,1,16,84x84,MatchingNetwork,3,3,BreaKHis_formatted,b-59-850,False,5,4000,5,exp1_permuted_src_datasets
381,114.573518281,0.0,1739233492.4176955,,,,0.000491103172234867,,,,,0.001,1,16,84x84,MatchingNetwork,3,3,BreaKHis_formatted,b-59-850,False,5,4000,5,exp1_permuted_src_datasets
382,114.865142911,0.0,1739233492.7091644,,0.7225483059883118,0.875,,,,,,0.001,1,16,84x84,MatchingNetwork,3,3,BreaKHis_formatted,b-59-850,False,5,4000,5,exp1_permuted_src_datasets
383,114.865176512,0.0,1739233492.7093487,,,,0.0004910098803575991,,,,,0.001,1,16,84x84,MatchingNetwork,3,3,BreaKHis_formatted,b-59-850,False,5,4000,5,exp1_permuted_src_datasets
384,115.050299139,0.0,1739233492.8942697,,0.6751875281333923,0.9375,,,,,,0.001,1,16,84x84,MatchingNetwork,3,3,BreaKHis_formatted,b-59-850,False,5,4000,5,exp1_permuted_src_datasets
385,115.050346334,0.0,1739233492.89449,,,,0.0004909161153795616,,,,,0.001,1,16,84x84,MatchingNetwork,3,3,BreaKHis_formatted,b-59-850,False,5,4000,5,exp1_permuted_src_datasets
386,115.278156604,0.0,1739233493.1217418,,0.6650593876838684,1.0,,,,,,0.001,1,16,84x84,MatchingNetwork,3,3,BreaKHis_formatted,b-59-850,False,5,4000,5,exp1_permuted_src_datasets
387,115.278184271,0.0,1739233493.122343,,,,0.0004908218775790664,,,,,0.001,1,16,84x84,MatchingNetwork,3,3,BreaKHis_formatted,b-59-850,False,5,4000,5,exp1_permuted_src_datasets
388,115.617326063,0.0,1739233493.4612198,,0.7516493797302246,0.9375,,,,,,0.001,1,16,84x84,MatchingNetwork,3,3,BreaKHis_formatted,b-59-850,False,5,4000,5,exp1_permuted_src_datasets
389,115.617361093,0.0,1739233493.4615283,,,,0.0004907271672357898,,,,,0.001,1,16,84x84,MatchingNetwork,3,3,BreaKHis_formatted,b-59-850,False,5,4000,5,exp1_permuted_src_datasets
390,115.805706876,0.0,1739233493.6495318,,0.6613652110099792,0.9375,,,,,,0.001,1,16,84x84,MatchingNetwork,3,3,BreaKHis_formatted,b-59-850,False,5,4000,5,exp1_permuted_src_datasets
391,115.805743407,0.0,1739233493.6498754,,,,0.0004906319846307714,,,,,0.001,1,16,84x84,MatchingNetwork,3,3,BreaKHis_formatted,b-59-850,False,5,4000,5,exp1_permuted_src_datasets
392,115.991785428,0.0,1739233493.8356864,,0.656672477722168,1.0,,,,,,0.001,1,16,84x84,MatchingNetwork,3,3,BreaKHis_formatted,b-59-850,False,5,4000,5,exp1_permuted_src_datasets
393,115.991817531,0.0,1739233493.836024,,,,0.0004905363300464124,,,,,0.001,1,16,84x84,MatchingNetwork,3,3,BreaKHis_formatted,b-59-850,False,5,4000,5,exp1_permuted_src_datasets
394,116.157972497,0.0,1739233494.001978,,0.7265093922615051,0.9375,,,,,,0.001,1,16,84x84,MatchingNetwork,3,3,BreaKHis_formatted,b-59-850,False,5,4000,5,exp1_permuted_src_datasets
395,116.158003165,0.0,1739233494.0021567,,,,0.000490440203766474,,,,,0.001,1,16,84x84,MatchingNetwork,3,3,BreaKHis_formatted,b-59-850,False,5,4000,5,exp1_permuted_src_datasets
396,116.440686452,0.0,1739233494.2841928,,0.6658793687820435,0.875,,,,,,0.001,1,16,84x84,MatchingNetwork,3,3,BreaKHis_formatted,b-59-850,False,5,4000,5,exp1_permuted_src_datasets
397,116.440723786,0.0,1739233494.2848659,,,,0.0004903436060760771,,,,,0.001,1,16,84x84,MatchingNetwork,3,3,BreaKHis_formatted,b-59-850,False,5,4000,5,exp1_permuted_src_datasets
398,116.670165864,0.0,1739233494.513813,,0.7112718820571899,1.0,,,,,,0.001,1,16,84x84,MatchingNetwork,3,3,BreaKHis_formatted,b-59-850,False,5,4000,5,exp1_permuted_src_datasets
399,116.670201239,0.0,1739233494.5143604,,,,0.0004902465372616993,,,,,0.001,1,16,84x84,MatchingNetwork,3,3,BreaKHis_formatted,b-59-850,False,5,4000,5,exp1_permuted_src_datasets
400,116.956376585,0.0,1739233494.8001938,,0.6904407739639282,0.875,,,,,,0.001,1,16,84x84,MatchingNetwork,3,3,BreaKHis_formatted,b-59-850,False,5,4000,5,exp1_permuted_src_datasets
401,116.95641302,0.0,1739233494.8006268,,,,0.0004901489976111746,,,,,0.001,1,16,84x84,MatchingNetwork,3,3,BreaKHis_formatted,b-59-850,False,5,4000,5,exp1_permuted_src_datasets
402,117.193069401,0.0,1739233495.0369928,,0.7407246232032776,0.8125,,,,,,0.001,1,16,84x84,MatchingNetwork,3,3,BreaKHis_formatted,b-59-850,False,5,4000,5,exp1_permuted_src_datasets
403,117.193108369,0.0,1739233495.037311,,,,0.0004900509874136918,,,,,0.001,1,16,84x84,MatchingNetwork,3,3,BreaKHis_formatted,b-59-850,False,5,4000,5,exp1_permuted_src_datasets
404,117.3609396,0.0,1739233495.2046819,,0.6435264348983765,1.0,,,,,,0.001,1,16,84x84,MatchingNetwork,3,3,BreaKHis_formatted,b-59-850,False,5,4000,5,exp1_permuted_src_datasets
405,117.360984548,0.0,1739233495.2051861,,,,0.0004899525069597929,,,,,0.001,1,16,84x84,MatchingNetwork,3,3,BreaKHis_formatted,b-59-850,False,5,4000,5,exp1_permuted_src_datasets
406,117.770745376,0.0,1739233495.6145267,,0.6852279901504517,0.9375,,,,,,0.001,1,16,84x84,MatchingNetwork,3,3,BreaKHis_formatted,b-59-850,False,5,4000,5,exp1_permuted_src_datasets
407,117.770779426,0.0,1739233495.6149926,,,,0.0004898535565413715,,,,,0.001,1,16,84x84,MatchingNetwork,3,3,BreaKHis_formatted,b-59-850,False,5,4000,5,exp1_permuted_src_datasets
408,118.01567755,0.0,1739233495.8596463,,0.7163518071174622,0.9375,,,,,,0.001,1,16,84x84,MatchingNetwork,3,3,BreaKHis_formatted,b-59-850,False,5,4000,5,exp1_permuted_src_datasets
409,118.015715497,0.0,1739233495.8599362,,,,0.0004897541364516719,,,,,0.001,1,16,84x84,MatchingNetwork,3,3,BreaKHis_formatted,b-59-850,False,5,4000,5,exp1_permuted_src_datasets
410,118.1305153,0.0,1739233495.9745395,,0.6871737837791443,0.9375,,,,,,0.001,1,16,84x84,MatchingNetwork,3,3,BreaKHis_formatted,b-59-850,False,5,4000,5,exp1_permuted_src_datasets
411,118.130554549,0.0,1739233495.9747264,,,,0.0004896542469852869,,,,,0.001,1,16,84x84,MatchingNetwork,3,3,BreaKHis_formatted,b-59-850,False,5,4000,5,exp1_permuted_src_datasets
412,118.449599493,0.0,1739233496.2933562,,0.6956761479377747,0.9375,,,,,,0.001,1,16,84x84,MatchingNetwork,3,3,BreaKHis_formatted,b-59-850,False,5,4000,5,exp1_permuted_src_datasets
413,118.449633411,0.0,1739233496.293811,,,,0.000489553888438157,,,,,0.001,1,16,84x84,MatchingNetwork,3,3,BreaKHis_formatted,b-59-850,False,5,4000,5,exp1_permuted_src_datasets
414,118.65730306,0.0,1739233496.5013065,,0.735649049282074,1.0,,,,,,0.001,1,16,84x84,MatchingNetwork,3,3,BreaKHis_formatted,b-59-850,False,5,4000,5,exp1_permuted_src_datasets
415,118.657340811,0.0,1739233496.501547,,,,0.0004894530611075689,,,,,0.001,1,16,84x84,MatchingNetwork,3,3,BreaKHis_formatted,b-59-850,False,5,4000,5,exp1_permuted_src_datasets
416,118.939746267,0.0,1739233496.783753,,0.6900064945220947,0.9375,,,,,,0.001,1,16,84x84,MatchingNetwork,3,3,BreaKHis_formatted,b-59-850,False,5,4000,5,exp1_permuted_src_datasets
417,118.939781895,0.0,1739233496.7840033,,,,0.0004893517652921534,,,,,0.001,1,16,84x84,MatchingNetwork,3,3,BreaKHis_formatted,b-59-850,False,5,4000,5,exp1_permuted_src_datasets
418,119.156356571,0.0,1739233497.0001132,,0.7038895487785339,0.8125,,,,,,0.001,1,16,84x84,MatchingNetwork,3,3,BreaKHis_formatted,b-59-850,False,5,4000,5,exp1_permuted_src_datasets
419,119.156392263,0.0,1739233497.000542,,,,0.0004892500012918847,,,,,0.001,1,16,84x84,MatchingNetwork,3,3,BreaKHis_formatted,b-59-850,False,5,4000,5,exp1_permuted_src_datasets
420,119.284622188,0.0,1739233497.128652,,0.6423853635787964,1.0,,,,,,0.001,1,16,84x84,MatchingNetwork,3,3,BreaKHis_formatted,b-59-850,False,5,4000,5,exp1_permuted_src_datasets
421,119.284658568,0.0,1739233497.128837,,,,0.0004891477694080785,,,,,0.001,1,16,84x84,MatchingNetwork,3,3,BreaKHis_formatted,b-59-850,False,5,4000,5,exp1_permuted_src_datasets
422,119.395955189,0.0,1739233497.2399886,,0.7150280475616455,0.9375,,,,,,0.001,1,16,84x84,MatchingNetwork,3,3,BreaKHis_formatted,b-59-850,False,5,4000,5,exp1_permuted_src_datasets
423,119.39598193,0.0,1739233497.240237,,,,0.0004890450699433904,,,,,0.001,1,16,84x84,MatchingNetwork,3,3,BreaKHis_formatted,b-59-850,False,5,4000,5,exp1_permuted_src_datasets
424,119.745120194,0.0,1739233497.5888722,,0.6567118167877197,0.9375,,,,,,0.001,1,16,84x84,MatchingNetwork,3,3,BreaKHis_formatted,b-59-850,False,5,4000,5,exp1_permuted_src_datasets
425,119.745153826,0.0,1739233497.5893612,,,,0.0004889419032018149,,,,,0.001,1,16,84x84,MatchingNetwork,3,3,BreaKHis_formatted,b-59-850,False,5,4000,5,exp1_permuted_src_datasets
426,119.932753867,0.0,1739233497.7768202,,0.7377903461456299,0.9375,,,,,,0.001,1,16,84x84,MatchingNetwork,3,3,BreaKHis_formatted,b-59-850,False,5,4000,5,exp1_permuted_src_datasets
427,119.932786502,0.0,1739233497.7770052,,,,0.0004888382694886832,,,,,0.001,1,16,84x84,MatchingNetwork,3,3,BreaKHis_formatted,b-59-850,False,5,4000,5,exp1_permuted_src_datasets
428,120.29729132,0.0,1739233498.1412838,,0.7323955297470093,0.9375,,,,,,0.001,1,16,84x84,MatchingNetwork,3,3,BreaKHis_formatted,b-59-850,False,5,4000,5,exp1_permuted_src_datasets
429,120.297324349,0.0,1739233498.1414835,,,,0.0004887341691106626,,,,,0.001,1,16,84x84,MatchingNetwork,3,3,BreaKHis_formatted,b-59-850,False,5,4000,5,exp1_permuted_src_datasets
430,120.501490225,0.0,1739233498.3455102,,0.6722217798233032,0.9375,,,,,,0.001,1,16,84x84,MatchingNetwork,3,3,BreaKHis_formatted,b-59-850,False,5,4000,5,exp1_permuted_src_datasets
431,120.541830155,0.0,1739233498.345694,,,,0.0004886296023757543,,,,,0.001,1,16,84x84,MatchingNetwork,3,3,BreaKHis_formatted,b-59-850,False,5,4000,5,exp1_permuted_src_datasets
432,120.641948171,0.0,1739233498.4859548,,0.6510779857635498,0.9375,,,,,,0.001,1,16,84x84,MatchingNetwork,3,3,BreaKHis_formatted,b-59-850,False,5,4000,5,exp1_permuted_src_datasets
433,120.641979486,0.0,1739233498.4861543,,,,0.0004885245695932916,,,,,0.001,1,16,84x84,MatchingNetwork,3,3,BreaKHis_formatted,b-59-850,False,5,4000,5,exp1_permuted_src_datasets
434,120.785872255,0.0,1739233498.6298542,,0.6625643372535706,1.0,,,,,,0.001,1,16,84x84,MatchingNetwork,3,3,BreaKHis_formatted,b-59-850,False,5,4000,5,exp1_permuted_src_datasets
435,120.785914368,0.0,1739233498.630101,,,,0.0004884190710739396,,,,,0.001,1,16,84x84,MatchingNetwork,3,3,BreaKHis_formatted,b-59-850,False,5,4000,5,exp1_permuted_src_datasets
436,120.951937154,0.0,1739233498.7958724,,0.6972261071205139,0.9375,,,,,,0.001,1,16,84x84,MatchingNetwork,3,3,BreaKHis_formatted,b-59-850,False,5,4000,5,exp1_permuted_src_datasets
437,120.951989506,0.0,1739233498.796072,,,,0.0004883131071296925,,,,,0.001,1,16,84x84,MatchingNetwork,3,3,BreaKHis_formatted,b-59-850,False,5,4000,5,exp1_permuted_src_datasets
438,121.144267276,0.0,1739233498.9871306,,0.6738882064819336,0.9375,,,,,,0.001,1,16,84x84,MatchingNetwork,3,3,BreaKHis_formatted,b-59-850,False,5,4000,5,exp1_permuted_src_datasets
439,121.144309325,0.0,1739233498.988444,,,,0.00048820667807387237,,,,,0.001,1,16,84x84,MatchingNetwork,3,3,BreaKHis_formatted,b-59-850,False,5,4000,5,exp1_permuted_src_datasets
440,121.356956839,0.0,1739233499.2009711,,0.7139843702316284,0.875,,,,,,0.001,1,16,84x84,MatchingNetwork,3,3,BreaKHis_formatted,b-59-850,False,5,4000,5,exp1_permuted_src_datasets
441,121.356995975,0.0,1739233499.2011542,,,,0.00048809978422112795,,,,,0.001,1,16,84x84,MatchingNetwork,3,3,BreaKHis_formatted,b-59-850,False,5,4000,5,exp1_permuted_src_datasets
442,121.547843283,0.0,1739233499.3918564,,0.6784587502479553,0.875,,,,,,0.001,1,16,84x84,MatchingNetwork,3,3,BreaKHis_formatted,b-59-850,False,5,4000,5,exp1_permuted_src_datasets
443,121.547874252,0.0,1739233499.3920395,,,,0.00048799242588743266,,,,,0.001,1,16,84x84,MatchingNetwork,3,3,BreaKHis_formatted,b-59-850,False,5,4000,5,exp1_permuted_src_datasets
444,121.920821469,0.0,1739233499.764766,,0.6915957927703857,1.0,,,,,,0.001,1,16,84x84,MatchingNetwork,3,3,BreaKHis_formatted,b-59-850,False,5,4000,5,exp1_permuted_src_datasets
445,121.920854888,0.0,1739233499.7650664,,,,0.00048788460339008346,,,,,0.001,1,16,84x84,MatchingNetwork,3,3,BreaKHis_formatted,b-59-850,False,5,4000,5,exp1_permuted_src_datasets
446,122.06602663,0.0,1739233499.9100156,,0.7378076314926147,0.9375,,,,,,0.001,1,16,84x84,MatchingNetwork,3,3,BreaKHis_formatted,b-59-850,False,5,4000,5,exp1_permuted_src_datasets
447,122.066064856,0.0,1739233499.910222,,,,0.0004877763170476989,,,,,0.001,1,16,84x84,MatchingNetwork,3,3,BreaKHis_formatted,b-59-850,False,5,4000,5,exp1_permuted_src_datasets
448,122.344024035,0.0,1739233500.187873,,0.7230834364891052,0.9375,,,,,,0.001,1,16,84x84,MatchingNetwork,3,3,BreaKHis_formatted,b-59-850,False,5,4000,5,exp1_permuted_src_datasets
449,122.344049736,0.0,1739233500.188296,,,,0.0004876675671802177,,,,,0.001,1,16,84x84,MatchingNetwork,3,3,BreaKHis_formatted,b-59-850,False,5,4000,5,exp1_permuted_src_datasets
450,122.545043812,0.0,1739233500.388845,,0.7023272514343262,0.9375,,,,,,0.001,1,16,84x84,MatchingNetwork,3,3,BreaKHis_formatted,b-59-850,False,5,4000,5,exp1_permuted_src_datasets
451,122.545083447,0.0,1739233500.3892262,,,,0.0004875583541088973,,,,,0.001,1,16,84x84,MatchingNetwork,3,3,BreaKHis_formatted,b-59-850,False,5,4000,5,exp1_permuted_src_datasets
452,122.807303873,0.0,1739233500.65115,,0.7944762110710144,0.8125,,,,,,0.001,1,16,84x84,MatchingNetwork,3,3,BreaKHis_formatted,b-59-850,False,5,4000,5,exp1_permuted_src_datasets
453,122.807338739,0.0,1739233500.6515656,,,,0.00048744867815631217,,,,,0.001,1,16,84x84,MatchingNetwork,3,3,BreaKHis_formatted,b-59-850,False,5,4000,5,exp1_permuted_src_datasets
454,123.024238057,0.0,1739233500.8679934,,0.6695430874824524,1.0,,,,,,0.001,1,16,84x84,MatchingNetwork,3,3,BreaKHis_formatted,b-59-850,False,5,4000,5,exp1_permuted_src_datasets
455,123.024271833,0.0,1739233500.8684912,,,,0.00048733853964635205,,,,,0.001,1,16,84x84,MatchingNetwork,3,3,BreaKHis_formatted,b-59-850,False,5,4000,5,exp1_permuted_src_datasets
456,123.212035417,0.0,1739233501.0557652,,0.7119757533073425,0.9375,,,,,,0.001,1,16,84x84,MatchingNetwork,3,3,BreaKHis_formatted,b-59-850,False,5,4000,5,exp1_permuted_src_datasets
457,123.212056182,0.0,1739233501.0563138,,,,0.0004872279389042208,,,,,0.001,1,16,84x84,MatchingNetwork,3,3,BreaKHis_formatted,b-59-850,False,5,4000,5,exp1_permuted_src_datasets
458,123.377354047,0.0,1739233501.2210062,,0.708268940448761,0.8125,,,,,,0.001,1,16,84x84,MatchingNetwork,3,3,BreaKHis_formatted,b-59-850,False,5,4000,5,exp1_permuted_src_datasets
459,123.377384431,0.0,1739233501.2215972,,,,0.0004871168762564344,,,,,0.001,1,16,84x84,MatchingNetwork,3,3,BreaKHis_formatted,b-59-850,False,5,4000,5,exp1_permuted_src_datasets
460,123.540003403,0.0,1739233501.3838093,,0.6575209498405457,0.9375,,,,,,0.001,1,16,84x84,MatchingNetwork,3,3,BreaKHis_formatted,b-59-850,False,5,4000,5,exp1_permuted_src_datasets
461,123.540033688,0.0,1739233501.3842149,,,,0.0004870053520308193,,,,,0.001,1,16,84x84,MatchingNetwork,3,3,BreaKHis_formatted,b-59-850,False,5,4000,5,exp1_permuted_src_datasets
462,123.668738005,0.0,1739233501.5126524,,0.6596775650978088,1.0,,,,,,0.001,1,16,84x84,MatchingNetwork,3,3,BreaKHis_formatted,b-59-850,False,5,4000,5,exp1_permuted_src_datasets
463,123.668771135,0.0,1739233501.5129926,,,,0.00048689336655651134,,,,,0.001,1,16,84x84,MatchingNetwork,3,3,BreaKHis_formatted,b-59-850,False,5,4000,5,exp1_permuted_src_datasets
464,124.024299586,0.0,1739233501.8678277,,0.6920028924942017,0.875,,,,,,0.001,1,16,84x84,MatchingNetwork,3,3,BreaKHis_formatted,b-59-850,False,5,4000,5,exp1_permuted_src_datasets
465,124.024329193,0.0,1739233501.868449,,,,0.0004867809201639534,,,,,0.001,1,16,84x84,MatchingNetwork,3,3,BreaKHis_formatted,b-59-850,False,5,4000,5,exp1_permuted_src_datasets
466,124.313348792,0.0,1739233502.15692,,0.7660870552062988,0.75,,,,,,0.001,1,16,84x84,MatchingNetwork,3,3,BreaKHis_formatted,b-59-850,False,5,4000,5,exp1_permuted_src_datasets
467,124.313380766,0.0,1739233502.157529,,,,0.0004866680131848945,,,,,0.001,1,16,84x84,MatchingNetwork,3,3,BreaKHis_formatted,b-59-850,False,5,4000,5,exp1_permuted_src_datasets
468,124.659733241,0.0,1739233502.5032904,,0.6994267106056213,0.875,,,,,,0.001,1,16,84x84,MatchingNetwork,3,3,BreaKHis_formatted,b-59-850,False,5,4000,5,exp1_permuted_src_datasets
469,124.659771878,0.0,1739233502.5039196,,,,0.00048655464595238765,,,,,0.001,1,16,84x84,MatchingNetwork,3,3,BreaKHis_formatted,b-59-850,False,5,4000,5,exp1_permuted_src_datasets
470,124.857702047,0.0,1739233502.7014983,,0.7752118706703186,0.75,,,,,,0.001,1,16,84x84,MatchingNetwork,3,3,BreaKHis_formatted,b-59-850,False,5,4000,5,exp1_permuted_src_datasets
471,124.857740942,0.0,1739233502.701905,,,,0.0004864408188007882,,,,,0.001,1,16,84x84,MatchingNetwork,3,3,BreaKHis_formatted,b-59-850,False,5,4000,5,exp1_permuted_src_datasets
472,125.03221463,0.0,1739233502.8760762,,0.7116261720657349,1.0,,,,,,0.001,1,16,84x84,MatchingNetwork,3,3,BreaKHis_formatted,b-59-850,False,5,4000,5,exp1_permuted_src_datasets
473,125.032246946,0.0,1739233502.8764336,,,,0.00048632653206575276,,,,,0.001,1,16,84x84,MatchingNetwork,3,3,BreaKHis_formatted,b-59-850,False,5,4000,5,exp1_permuted_src_datasets
474,125.21057531,0.0,1739233503.0544589,,0.6629064679145813,1.0,,,,,,0.001,1,16,84x84,MatchingNetwork,3,3,BreaKHis_formatted,b-59-850,False,5,4000,5,exp1_permuted_src_datasets
475,125.21060746,0.0,1739233503.0547621,,,,0.00048621178608423694,,,,,0.001,1,16,84x84,MatchingNetwork,3,3,BreaKHis_formatted,b-59-850,False,5,4000,5,exp1_permuted_src_datasets
476,125.455816829,0.0,1739233503.299622,,0.6788188219070435,0.875,,,,,,0.001,1,16,84x84,MatchingNetwork,3,3,BreaKHis_formatted,b-59-850,False,5,4000,5,exp1_permuted_src_datasets
477,125.455851276,0.0,1739233503.3000245,,,,0.00048609658119449383,,,,,0.001,1,16,84x84,MatchingNetwork,3,3,BreaKHis_formatted,b-59-850,False,5,4000,5,exp1_permuted_src_datasets
478,125.681327255,0.0,1739233503.525187,,0.7246037721633911,0.8125,,,,,,0.001,1,16,84x84,MatchingNetwork,3,3,BreaKHis_formatted,b-59-850,False,5,4000,5,exp1_permuted_src_datasets
479,125.681378634,0.0,1739233503.5255737,,,,0.0004859809177360727,,,,,0.001,1,16,84x84,MatchingNetwork,3,3,BreaKHis_formatted,b-59-850,False,5,4000,5,exp1_permuted_src_datasets
480,125.973299552,0.0,1739233503.8171346,,0.7507209777832031,1.0,,,,,,0.001,1,16,84x84,MatchingNetwork,3,3,BreaKHis_formatted,b-59-850,False,5,4000,5,exp1_permuted_src_datasets
481,125.973331164,0.0,1739233503.8174934,,,,0.00048586479604981674,,,,,0.001,1,16,84x84,MatchingNetwork,3,3,BreaKHis_formatted,b-59-850,False,5,4000,5,exp1_permuted_src_datasets
482,126.304792971,0.0,1739233504.1487484,,0.6624844074249268,1.0,,,,,,0.001,1,16,84x84,MatchingNetwork,3,3,BreaKHis_formatted,b-59-850,False,5,4000,5,exp1_permuted_src_datasets
483,126.304827791,0.0,1739233504.149035,,,,0.00048574821647786204,,,,,0.001,1,16,84x84,MatchingNetwork,3,3,BreaKHis_formatted,b-59-850,False,5,4000,5,exp1_permuted_src_datasets
484,126.561067748,0.0,1739233504.4045997,,0.7066726088523865,0.875,,,,,,0.001,1,16,84x84,MatchingNetwork,3,3,BreaKHis_formatted,b-59-850,False,5,4000,5,exp1_permuted_src_datasets
485,126.561109913,0.0,1739233504.405323,,,,0.0004856311793636354,,,,,0.001,1,16,84x84,MatchingNetwork,3,3,BreaKHis_formatted,b-59-850,False,5,4000,5,exp1_permuted_src_datasets
486,126.843230981,0.0,1739233504.6872215,,0.6764724254608154,0.9375,,,,,,0.001,1,16,84x84,MatchingNetwork,3,3,BreaKHis_formatted,b-59-850,False,5,4000,5,exp1_permuted_src_datasets
487,126.843259861,0.0,1739233504.6874053,,,,0.00048551368505185283,,,,,0.001,1,16,84x84,MatchingNetwork,3,3,BreaKHis_formatted,b-59-850,False,5,4000,5,exp1_permuted_src_datasets
488,127.091749836,0.0,1739233504.9351542,,0.704322338104248,0.9375,,,,,,0.001,1,16,84x84,MatchingNetwork,3,3,BreaKHis_formatted,b-59-850,False,5,4000,5,exp1_permuted_src_datasets
489,127.091779869,0.0,1739233504.9358833,,,,0.00048539573388851795,,,,,0.001,1,16,84x84,MatchingNetwork,3,3,BreaKHis_formatted,b-59-850,False,5,4000,5,exp1_permuted_src_datasets
490,127.383165869,0.0,1739233505.2271497,,0.7239406108856201,0.9375,,,,,,0.001,1,16,84x84,MatchingNetwork,3,3,BreaKHis_formatted,b-59-850,False,5,4000,5,exp1_permuted_src_datasets
491,127.383202452,0.0,1739233505.2273288,,,,0.00048527732622092006,,,,,0.001,1,16,84x84,MatchingNetwork,3,3,BreaKHis_formatted,b-59-850,False,5,4000,5,exp1_permuted_src_datasets
492,127.83547222,0.0,1739233505.6789637,,0.7585515975952148,0.9375,,,,,,0.001,1,16,84x84,MatchingNetwork,3,3,BreaKHis_formatted,b-59-850,False,5,4000,5,exp1_permuted_src_datasets
493,127.835502822,0.0,1739233505.6795547,,,,0.0004851584623976326,,,,,0.001,1,16,84x84,MatchingNetwork,3,3,BreaKHis_formatted,b-59-850,False,5,4000,5,exp1_permuted_src_datasets
494,127.964559836,0.0,1739233505.8084471,,0.6552935242652893,0.875,,,,,,0.001,1,16,84x84,MatchingNetwork,3,3,BreaKHis_formatted,b-59-850,False,5,4000,5,exp1_permuted_src_datasets
495,127.964594507,0.0,1739233505.8087487,,,,0.0004850391427685116,,,,,0.001,1,16,84x84,MatchingNetwork,3,3,BreaKHis_formatted,b-59-850,False,5,4000,5,exp1_permuted_src_datasets
496,128.277404305,0.0,1739233506.121356,,0.696861207485199,1.0,,,,,,0.001,1,16,84x84,MatchingNetwork,3,3,BreaKHis_formatted,b-59-850,False,5,4000,5,exp1_permuted_src_datasets
497,128.277441267,0.0,1739233506.1216428,,,,0.0004849193676846934,,,,,0.001,1,16,84x84,MatchingNetwork,3,3,BreaKHis_formatted,b-59-850,False,5,4000,5,exp1_permuted_src_datasets
498,128.549280537,0.0,1739233506.3932252,,0.69719398021698,0.9375,,,,,,0.001,1,16,84x84,MatchingNetwork,3,3,BreaKHis_formatted,b-59-850,False,5,4000,5,exp1_permuted_src_datasets
499,128.549324968,0.0,1739233506.3935227,,,,0.00048479913749859373,,,,,0.001,1,16,84x84,MatchingNetwork,3,3,BreaKHis_formatted,b-59-850,False,5,4000,5,exp1_permuted_src_datasets
500,128.764268098,0.0,1739233506.6080685,,0.6998631954193115,0.875,,,,,,0.001,1,16,84x84,MatchingNetwork,3,3,BreaKHis_formatted,b-59-850,False,5,4000,5,exp1_permuted_src_datasets
501,128.764297737,0.0,1739233506.6084511,,,,0.00048467845256390535,,,,,0.001,1,16,84x84,MatchingNetwork,3,3,BreaKHis_formatted,b-59-850,False,5,4000,5,exp1_permuted_src_datasets
502,134.754295554,0.0,1739233512.5985477,,,,,0.4185,,,,0.001,1,16,84x84,MatchingNetwork,3,3,BreaKHis_formatted,b-59-850,False,5,4000,5,exp1_permuted_src_datasets
503,140.92806944,0.0,1739233518.772327,,,,,,0.41575,,,0.001,1,16,84x84,MatchingNetwork,3,3,BreaKHis_formatted,b-59-850,False,5,4000,5,exp1_permuted_src_datasets
504,140.94793311,0.0,1739233518.7920413,,,,,,,0.9070623517036438,0.5,0.001,1,16,84x84,MatchingNetwork,3,3,BreaKHis_formatted,b-59-850,False,5,4000,5,exp1_permuted_src_datasets
505,140.985471279,0.0,1739233518.8295498,,,,,,,0.9405094981193542,0.6875,0.001,1,16,84x84,MatchingNetwork,3,3,BreaKHis_formatted,b-59-850,False,5,4000,5,exp1_permuted_src_datasets
506,141.022029994,0.0,1739233518.8661063,,,,,,,0.873480498790741,0.8125,0.001,1,16,84x84,MatchingNetwork,3,3,BreaKHis_formatted,b-59-850,False,5,4000,5,exp1_permuted_src_datasets
507,141.071786669,0.0,1739233518.9157796,,,,,,,0.8178452253341675,0.875,0.001,1,16,84x84,MatchingNetwork,3,3,BreaKHis_formatted,b-59-850,False,5,4000,5,exp1_permuted_src_datasets
508,141.120044948,0.0,1739233518.9640858,,,,,,,0.8513221740722656,0.625,0.001,1,16,84x84,MatchingNetwork,3,3,BreaKHis_formatted,b-59-850,False,5,4000,5,exp1_permuted_src_datasets
509,141.165238396,0.0,1739233519.009286,,,,,,,0.8866943120956421,0.5625,0.001,1,16,84x84,MatchingNetwork,3,3,BreaKHis_formatted,b-59-850,False,5,4000,5,exp1_permuted_src_datasets
510,141.218468436,0.0,1739233519.062494,,,,,,,0.8721580505371094,0.6875,0.001,1,16,84x84,MatchingNetwork,3,3,BreaKHis_formatted,b-59-850,False,5,4000,5,exp1_permuted_src_datasets
511,141.261734278,0.0,1739233519.1058044,,,,,,,0.7443408370018005,0.875,0.001,1,16,84x84,MatchingNetwork,3,3,BreaKHis_formatted,b-59-850,False,5,4000,5,exp1_permuted_src_datasets
512,141.297007913,0.0,1739233519.1410763,,,,,,,0.829042911529541,0.8125,0.001,1,16,84x84,MatchingNetwork,3,3,BreaKHis_formatted,b-59-850,False,5,4000,5,exp1_permuted_src_datasets
513,141.332303695,0.0,1739233519.176407,,,,,,,0.8933554887771606,0.6875,0.001,1,16,84x84,MatchingNetwork,3,3,BreaKHis_formatted,b-59-850,False,5,4000,5,exp1_permuted_src_datasets
514,141.371511917,0.0,1739233519.2156096,,,,,,,0.7986117601394653,0.8125,0.001,1,16,84x84,MatchingNetwork,3,3,BreaKHis_formatted,b-59-850,False,5,4000,5,exp1_permuted_src_datasets
515,141.418412838,0.0,1739233519.262325,,,,,,,0.9467118978500366,0.625,0.001,1,16,84x84,MatchingNetwork,3,3,BreaKHis_formatted,b-59-850,False,5,4000,5,exp1_permuted_src_datasets
516,141.465075651,0.0,1739233519.3091478,,,,,,,0.7720488905906677,0.8125,0.001,1,16,84x84,MatchingNetwork,3,3,BreaKHis_formatted,b-59-850,False,5,4000,5,exp1_permuted_src_datasets
517,141.502831585,0.0,1739233519.3469002,,,,,,,0.842330813407898,0.75,0.001,1,16,84x84,MatchingNetwork,3,3,BreaKHis_formatted,b-59-850,False,5,4000,5,exp1_permuted_src_datasets
518,141.538678957,0.0,1739233519.3827505,,,,,,,0.7778643369674683,0.75,0.001,1,16,84x84,MatchingNetwork,3,3,BreaKHis_formatted,b-59-850,False,5,4000,5,exp1_permuted_src_datasets
519,141.575530011,0.0,1739233519.4195848,,,,,,,0.7698276042938232,0.6875,0.001,1,16,84x84,MatchingNetwork,3,3,BreaKHis_formatted,b-59-850,False,5,4000,5,exp1_permuted_src_datasets
520,141.628008991,0.0,1739233519.472015,,,,,,,0.8121103048324585,0.6875,0.001,1,16,84x84,MatchingNetwork,3,3,BreaKHis_formatted,b-59-850,False,5,4000,5,exp1_permuted_src_datasets
521,141.674832173,0.0,1739233519.5188682,,,,,,,0.8074169754981995,0.8125,0.001,1,16,84x84,MatchingNetwork,3,3,BreaKHis_formatted,b-59-850,False,5,4000,5,exp1_permuted_src_datasets
522,141.71731679,0.0,1739233519.5614178,,,,,,,0.7184211015701294,0.8125,0.001,1,16,84x84,MatchingNetwork,3,3,BreaKHis_formatted,b-59-850,False,5,4000,5,exp1_permuted_src_datasets
523,141.753521755,0.0,1739233519.5976412,,,,,,,0.8076450228691101,0.8125,0.001,1,16,84x84,MatchingNetwork,3,3,BreaKHis_formatted,b-59-850,False,5,4000,5,exp1_permuted_src_datasets
524,141.800232515,0.0,1739233519.6442404,,,,,,,0.8920760154724121,0.6875,0.001,1,16,84x84,MatchingNetwork,3,3,BreaKHis_formatted,b-59-850,False,5,4000,5,exp1_permuted_src_datasets
525,141.839258834,0.0,1739233519.6833348,,,,,,,0.7854084968566895,0.75,0.001,1,16,84x84,MatchingNetwork,3,3,BreaKHis_formatted,b-59-850,False,5,4000,5,exp1_permuted_src_datasets
526,141.878147934,0.0,1739233519.7222638,,,,,,,0.9129362106323242,0.5625,0.001,1,16,84x84,MatchingNetwork,3,3,BreaKHis_formatted,b-59-850,False,5,4000,5,exp1_permuted_src_datasets
527,141.914949004,0.0,1739233519.7590115,,,,,,,0.703803539276123,1.0,0.001,1,16,84x84,MatchingNetwork,3,3,BreaKHis_formatted,b-59-850,False,5,4000,5,exp1_permuted_src_datasets
528,141.951443477,0.0,1739233519.7955456,,,,,,,0.693427324295044,0.9375,0.001,1,16,84x84,MatchingNetwork,3,3,BreaKHis_formatted,b-59-850,False,5,4000,5,exp1_permuted_src_datasets
529,141.986998837,0.0,1739233519.8310833,,,,,,,0.7808918952941895,0.75,0.001,1,16,84x84,MatchingNetwork,3,3,BreaKHis_formatted,b-59-850,False,5,4000,5,exp1_permuted_src_datasets
530,142.035492137,0.0,1739233519.8794935,,,,,,,0.8187444806098938,0.6875,0.001,1,16,84x84,MatchingNetwork,3,3,BreaKHis_formatted,b-59-850,False,5,4000,5,exp1_permuted_src_datasets
531,142.090581835,0.0,1739233519.9345312,,,,,,,0.7259013652801514,0.75,0.001,1,16,84x84,MatchingNetwork,3,3,BreaKHis_formatted,b-59-850,False,5,4000,5,exp1_permuted_src_datasets
532,142.12713148,0.0,1739233519.9711964,,,,,,,0.8937488794326782,0.625,0.001,1,16,84x84,MatchingNetwork,3,3,BreaKHis_formatted,b-59-850,False,5,4000,5,exp1_permuted_src_datasets
533,142.166332357,0.0,1739233520.010455,,,,,,,0.6944693922996521,0.875,0.001,1,16,84x84,MatchingNetwork,3,3,BreaKHis_formatted,b-59-850,False,5,4000,5,exp1_permuted_src_datasets
534,142.203828582,0.0,1739233520.0479429,,,,,,,0.7238622903823853,0.9375,0.001,1,16,84x84,MatchingNetwork,3,3,BreaKHis_formatted,b-59-850,False,5,4000,5,exp1_permuted_src_datasets
535,142.240038437,0.0,1739233520.0841115,,,,,,,0.7078428268432617,0.875,0.001,1,16,84x84,MatchingNetwork,3,3,BreaKHis_formatted,b-59-850,False,5,4000,5,exp1_permuted_src_datasets
536,142.288217654,0.0,1739233520.1321406,,,,,,,0.8055742979049683,0.8125,0.001,1,16,84x84,MatchingNetwork,3,3,BreaKHis_formatted,b-59-850,False,5,4000,5,exp1_permuted_src_datasets
537,142.331679196,0.0,1739233520.1757317,,,,,,,0.7197237014770508,0.8125,0.001,1,16,84x84,MatchingNetwork,3,3,BreaKHis_formatted,b-59-850,False,5,4000,5,exp1_permuted_src_datasets
538,142.367320388,0.0,1739233520.211371,,,,,,,0.7531810402870178,0.8125,0.001,1,16,84x84,MatchingNetwork,3,3,BreaKHis_formatted,b-59-850,False,5,4000,5,exp1_permuted_src_datasets
539,142.403212092,0.0,1739233520.247296,,,,,,,0.8450748324394226,0.625,0.001,1,16,84x84,MatchingNetwork,3,3,BreaKHis_formatted,b-59-850,False,5,4000,5,exp1_permuted_src_datasets
540,142.446670443,0.0,1739233520.290712,,,,,,,0.7975561022758484,0.6875,0.001,1,16,84x84,MatchingNetwork,3,3,BreaKHis_formatted,b-59-850,False,5,4000,5,exp1_permuted_src_datasets
541,142.499951434,0.0,1739233520.3439753,,,,,,,0.6578866243362427,1.0,0.001,1,16,84x84,MatchingNetwork,3,3,BreaKHis_formatted,b-59-850,False,5,4000,5,exp1_permuted_src_datasets
542,142.535271714,0.0,1739233520.3793776,,,,,,,0.7082533836364746,0.875,0.001,1,16,84x84,MatchingNetwork,3,3,BreaKHis_formatted,b-59-850,False,5,4000,5,exp1_permuted_src_datasets
543,142.570107325,0.0,1739233520.4141848,,,,,,,0.8762168288230896,0.6875,0.001,1,16,84x84,MatchingNetwork,3,3,BreaKHis_formatted,b-59-850,False,5,4000,5,exp1_permuted_src_datasets
544,142.604002241,0.0,1739233520.4481177,,,,,,,0.7073425054550171,0.8125,0.001,1,16,84x84,MatchingNetwork,3,3,BreaKHis_formatted,b-59-850,False,5,4000,5,exp1_permuted_src_datasets
545,142.64369355,0.0,1739233520.4877706,,,,,,,0.8323590159416199,0.625,0.001,1,16,84x84,MatchingNetwork,3,3,BreaKHis_formatted,b-59-850,False,5,4000,5,exp1_permuted_src_datasets
546,142.689008435,0.0,1739233520.533034,,,,,,,0.6954585313796997,0.9375,0.001,1,16,84x84,MatchingNetwork,3,3,BreaKHis_formatted,b-59-850,False,5,4000,5,exp1_permuted_src_datasets
547,142.724409212,0.0,1739233520.5684826,,,,,,,0.6980289816856384,0.9375,0.001,1,16,84x84,MatchingNetwork,3,3,BreaKHis_formatted,b-59-850,False,5,4000,5,exp1_permuted_src_datasets
548,142.77649352,0.0,1739233520.6204324,,,,,,,0.8253607153892517,0.875,0.001,1,16,84x84,MatchingNetwork,3,3,BreaKHis_formatted,b-59-850,False,5,4000,5,exp1_permuted_src_datasets
549,142.818420097,0.0,1739233520.6624687,,,,,,,0.6785057783126831,0.875,0.001,1,16,84x84,MatchingNetwork,3,3,BreaKHis_formatted,b-59-850,False,5,4000,5,exp1_permuted_src_datasets
550,142.856053873,0.0,1739233520.7001095,,,,,,,0.740128755569458,0.8125,0.001,1,16,84x84,MatchingNetwork,3,3,BreaKHis_formatted,b-59-850,False,5,4000,5,exp1_permuted_src_datasets
551,142.891141717,0.0,1739233520.7352455,,,,,,,0.8077100515365601,0.75,0.001,1,16,84x84,MatchingNetwork,3,3,BreaKHis_formatted,b-59-850,False,5,4000,5,exp1_permuted_src_datasets
552,142.928198693,0.0,1739233520.7722652,,,,,,,0.7802459597587585,0.875,0.001,1,16,84x84,MatchingNetwork,3,3,BreaKHis_formatted,b-59-850,False,5,4000,5,exp1_permuted_src_datasets
553,142.963769582,0.0,1739233520.8078604,,,,,,,0.7514925599098206,0.8125,0.001,1,16,84x84,MatchingNetwork,3,3,BreaKHis_formatted,b-59-850,False,5,4000,5,exp1_permuted_src_datasets
554,142.999061737,0.0,1739233520.8431275,,,,,,,0.6814805269241333,1.0,0.001,1,16,84x84,MatchingNetwork,3,3,BreaKHis_formatted,b-59-850,False,5,4000,5,exp1_permuted_src_datasets
555,143.035806938,0.0,1739233520.8798745,,,,,,,0.7329369783401489,1.0,0.001,1,16,84x84,MatchingNetwork,3,3,BreaKHis_formatted,b-59-850,False,5,4000,5,exp1_permuted_src_datasets
556,143.077817026,0.0,1739233520.9218893,,,,,,,0.6876437664031982,0.875,0.001,1,16,84x84,MatchingNetwork,3,3,BreaKHis_formatted,b-59-850,False,5,4000,5,exp1_permuted_src_datasets
557,143.114865334,0.0,1739233520.9589279,,,,,,,0.7893434166908264,0.875,0.001,1,16,84x84,MatchingNetwork,3,3,BreaKHis_formatted,b-59-850,False,5,4000,5,exp1_permuted_src_datasets
558,143.155516066,0.0,1739233520.999448,,,,,,,0.7649155855178833,0.875,0.001,1,16,84x84,MatchingNetwork,3,3,BreaKHis_formatted,b-59-850,False,5,4000,5,exp1_permuted_src_datasets
559,143.216761352,0.0,1739233521.060694,,,,,,,0.8086451292037964,0.8125,0.001,1,16,84x84,MatchingNetwork,3,3,BreaKHis_formatted,b-59-850,False,5,4000,5,exp1_permuted_src_datasets
560,143.26029993,0.0,1739233521.10433,,,,,,,0.9553704261779785,0.625,0.001,1,16,84x84,MatchingNetwork,3,3,BreaKHis_formatted,b-59-850,False,5,4000,5,exp1_permuted_src_datasets
561,143.299958125,0.0,1739233521.1440084,,,,,,,0.7415658235549927,0.75,0.001,1,16,84x84,MatchingNetwork,3,3,BreaKHis_formatted,b-59-850,False,5,4000,5,exp1_permuted_src_datasets
562,143.335514054,0.0,1739233521.1795926,,,,,,,0.7469680309295654,0.8125,0.001,1,16,84x84,MatchingNetwork,3,3,BreaKHis_formatted,b-59-850,False,5,4000,5,exp1_permuted_src_datasets
563,143.370242324,0.0,1739233521.2143238,,,,,,,0.7237452268600464,0.875,0.001,1,16,84x84,MatchingNetwork,3,3,BreaKHis_formatted,b-59-850,False,5,4000,5,exp1_permuted_src_datasets
564,143.405508807,0.0,1739233521.2495787,,,,,,,0.6808000206947327,0.9375,0.001,1,16,84x84,MatchingNetwork,3,3,BreaKHis_formatted,b-59-850,False,5,4000,5,exp1_permuted_src_datasets
565,143.440225398,0.0,1739233521.2842848,,,,,,,0.9390839338302612,0.5,0.001,1,16,84x84,MatchingNetwork,3,3,BreaKHis_formatted,b-59-850,False,5,4000,5,exp1_permuted_src_datasets
566,150.881824792,0.0,1739233528.6809924,,,,,,0.46725,,,0.001,1,16,84x84,MatchingNetwork,3,3,BreaKHis_formatted,b-59-850,False,5,4000,5,exp1_permuted_src_datasets
567,150.881879483,0.0,1739233528.7128067,,,,,,,0.7796427607536316,0.8125,0.001,1,16,84x84,MatchingNetwork,3,3,BreaKHis_formatted,b-59-850,False,5,4000,5,exp1_permuted_src_datasets
568,150.907580252,0.0,1739233528.7515607,,,,,,,0.7310078740119934,0.75,0.001,1,16,84x84,MatchingNetwork,3,3,BreaKHis_formatted,b-59-850,False,5,4000,5,exp1_permuted_src_datasets
569,150.947886909,0.0,1739233528.7918227,,,,,,,0.7981781959533691,0.8125,0.001,1,16,84x84,MatchingNetwork,3,3,BreaKHis_formatted,b-59-850,False,5,4000,5,exp1_permuted_src_datasets
570,150.988600256,0.0,1739233528.832554,,,,,,,0.8320816159248352,0.75,0.001,1,16,84x84,MatchingNetwork,3,3,BreaKHis_formatted,b-59-850,False,5,4000,5,exp1_permuted_src_datasets
571,151.037877185,0.0,1739233528.877978,,,,,,,0.7429507970809937,0.875,0.001,1,16,84x84,MatchingNetwork,3,3,BreaKHis_formatted,b-59-850,False,5,4000,5,exp1_permuted_src_datasets
572,151.079736902,0.0,1739233528.923669,,,,,,,0.8438048362731934,0.75,0.001,1,16,84x84,MatchingNetwork,3,3,BreaKHis_formatted,b-59-850,False,5,4000,5,exp1_permuted_src_datasets
573,151.124801186,0.0,1739233528.9687839,,,,,,,0.7246387004852295,0.9375,0.001,1,16,84x84,MatchingNetwork,3,3,BreaKHis_formatted,b-59-850,False,5,4000,5,exp1_permuted_src_datasets
574,151.185895147,0.0,1739233529.0298724,,,,,,,0.7200627326965332,0.8125,0.001,1,16,84x84,MatchingNetwork,3,3,BreaKHis_formatted,b-59-850,False,5,4000,5,exp1_permuted_src_datasets
575,151.236025358,0.0,1739233529.0798697,,,,,,,0.7262442111968994,0.75,0.001,1,16,84x84,MatchingNetwork,3,3,BreaKHis_formatted,b-59-850,False,5,4000,5,exp1_permuted_src_datasets
576,151.284977037,0.0,1739233529.1288018,,,,,,,0.6677678823471069,0.875,0.001,1,16,84x84,MatchingNetwork,3,3,BreaKHis_formatted,b-59-850,False,5,4000,5,exp1_permuted_src_datasets
577,151.330454611,0.0,1739233529.1743488,,,,,,,0.7331598401069641,0.8125,0.001,1,16,84x84,MatchingNetwork,3,3,BreaKHis_formatted,b-59-850,False,5,4000,5,exp1_permuted_src_datasets
578,151.378869127,0.0,1739233529.2224743,,,,,,,0.6656444072723389,0.9375,0.001,1,16,84x84,MatchingNetwork,3,3,BreaKHis_formatted,b-59-850,False,5,4000,5,exp1_permuted_src_datasets
579,151.420629228,0.0,1739233529.2646978,,,,,,,0.7322918176651001,0.75,0.001,1,16,84x84,MatchingNetwork,3,3,BreaKHis_formatted,b-59-850,False,5,4000,5,exp1_permuted_src_datasets
580,151.465352525,0.0,1739233529.3092692,,,,,,,0.7908861637115479,0.75,0.001,1,16,84x84,MatchingNetwork,3,3,BreaKHis_formatted,b-59-850,False,5,4000,5,exp1_permuted_src_datasets
581,151.512472518,0.0,1739233529.3563778,,,,,,,0.8162412643432617,0.8125,0.001,1,16,84x84,MatchingNetwork,3,3,BreaKHis_formatted,b-59-850,False,5,4000,5,exp1_permuted_src_datasets
582,151.552176372,0.0,1739233529.3961763,,,,,,,0.7274722456932068,0.6875,0.001,1,16,84x84,MatchingNetwork,3,3,BreaKHis_formatted,b-59-850,False,5,4000,5,exp1_permuted_src_datasets
583,151.594511601,0.0,1739233529.4346366,,,,,,,0.7105128169059753,0.75,0.001,1,16,84x84,MatchingNetwork,3,3,BreaKHis_formatted,b-59-850,False,5,4000,5,exp1_permuted_src_datasets
584,151.651037118,0.0,1739233529.4933646,,,,,,,0.8468508720397949,0.625,0.001,1,16,84x84,MatchingNetwork,3,3,BreaKHis_formatted,b-59-850,False,5,4000,5,exp1_permuted_src_datasets
585,151.709369914,0.0,1739233529.5533106,,,,,,,0.6415537595748901,1.0,0.001,1,16,84x84,MatchingNetwork,3,3,BreaKHis_formatted,b-59-850,False,5,4000,5,exp1_permuted_src_datasets
586,151.752495211,0.0,1739233529.5964434,,,,,,,0.7432852387428284,0.8125,0.001,1,16,84x84,MatchingNetwork,3,3,BreaKHis_formatted,b-59-850,False,5,4000,5,exp1_permuted_src_datasets
587,151.791612668,0.0,1739233529.6354878,,,,,,,0.7891833186149597,0.6875,0.001,1,16,84x84,MatchingNetwork,3,3,BreaKHis_formatted,b-59-850,False,5,4000,5,exp1_permuted_src_datasets
588,151.832432487,0.0,1739233529.676398,,,,,,,0.875555157661438,0.625,0.001,1,16,84x84,MatchingNetwork,3,3,BreaKHis_formatted,b-59-850,False,5,4000,5,exp1_permuted_src_datasets
589,151.876762869,0.0,1739233529.7208154,,,,,,,0.7005059123039246,0.875,0.001,1,16,84x84,MatchingNetwork,3,3,BreaKHis_formatted,b-59-850,False,5,4000,5,exp1_permuted_src_datasets
590,151.92231089,0.0,1739233529.766261,,,,,,,0.8138928413391113,0.75,0.001,1,16,84x84,MatchingNetwork,3,3,BreaKHis_formatted,b-59-850,False,5,4000,5,exp1_permuted_src_datasets
591,151.9679771,0.0,1739233529.8119442,,,,,,,0.8479894399642944,0.625,0.001,1,16,84x84,MatchingNetwork,3,3,BreaKHis_formatted,b-59-850,False,5,4000,5,exp1_permuted_src_datasets
592,152.009197156,0.0,1739233529.853085,,,,,,,0.765238344669342,0.8125,0.001,1,16,84x84,MatchingNetwork,3,3,BreaKHis_formatted,b-59-850,False,5,4000,5,exp1_permuted_src_datasets
593,152.050033704,0.0,1739233529.8940063,,,,,,,0.8632426857948303,0.75,0.001,1,16,84x84,MatchingNetwork,3,3,BreaKHis_formatted,b-59-850,False,5,4000,5,exp1_permuted_src_datasets
594,152.093555223,0.0,1739233529.9374692,,,,,,,0.7580481767654419,0.875,0.001,1,16,84x84,MatchingNetwork,3,3,BreaKHis_formatted,b-59-850,False,5,4000,5,exp1_permuted_src_datasets
595,152.145873279,0.0,1739233529.989796,,,,,,,0.8126044273376465,0.8125,0.001,1,16,84x84,MatchingNetwork,3,3,BreaKHis_formatted,b-59-850,False,5,4000,5,exp1_permuted_src_datasets
596,152.195458035,0.0,1739233530.0394106,,,,,,,0.7453614473342896,0.875,0.001,1,16,84x84,MatchingNetwork,3,3,BreaKHis_formatted,b-59-850,False,5,4000,5,exp1_permuted_src_datasets
597,152.239290682,0.0,1739233530.0832305,,,,,,,0.6499817371368408,0.875,0.001,1,16,84x84,MatchingNetwork,3,3,BreaKHis_formatted,b-59-850,False,5,4000,5,exp1_permuted_src_datasets
598,152.279045635,0.0,1739233530.1229467,,,,,,,0.8565986752510071,0.625,0.001,1,16,84x84,MatchingNetwork,3,3,BreaKHis_formatted,b-59-850,False,5,4000,5,exp1_permuted_src_datasets
599,152.317587773,0.0,1739233530.161328,,,,,,,0.7057647705078125,0.9375,0.001,1,16,84x84,MatchingNetwork,3,3,BreaKHis_formatted,b-59-850,False,5,4000,5,exp1_permuted_src_datasets
600,152.355644445,0.0,1739233530.1995776,,,,,,,0.770810067653656,0.8125,0.001,1,16,84x84,MatchingNetwork,3,3,BreaKHis_formatted,b-59-850,False,5,4000,5,exp1_permuted_src_datasets
601,152.402082375,0.0,1739233530.2459412,,,,,,,0.7199781537055969,0.875,0.001,1,16,84x84,MatchingNetwork,3,3,BreaKHis_formatted,b-59-850,False,5,4000,5,exp1_permuted_src_datasets
602,152.442756238,0.0,1739233530.2867758,,,,,,,0.8021957874298096,0.75,0.001,1,16,84x84,MatchingNetwork,3,3,BreaKHis_formatted,b-59-850,False,5,4000,5,exp1_permuted_src_datasets
603,152.480819019,0.0,1739233530.3247418,,,,,,,0.7004944086074829,0.8125,0.001,1,16,84x84,MatchingNetwork,3,3,BreaKHis_formatted,b-59-850,False,5,4000,5,exp1_permuted_src_datasets
604,152.528258554,0.0,1739233530.372229,,,,,,,0.7446094751358032,0.9375,0.001,1,16,84x84,MatchingNetwork,3,3,BreaKHis_formatted,b-59-850,False,5,4000,5,exp1_permuted_src_datasets
605,152.577587857,0.0,1739233530.421569,,,,,,,0.7700073719024658,0.875,0.001,1,16,84x84,MatchingNetwork,3,3,BreaKHis_formatted,b-59-850,False,5,4000,5,exp1_permuted_src_datasets
606,152.614296842,0.0,1739233530.458278,,,,,,,0.6797952651977539,0.8125,0.001,1,16,84x84,MatchingNetwork,3,3,BreaKHis_formatted,b-59-850,False,5,4000,5,exp1_permuted_src_datasets
607,152.656056996,0.0,1739233530.4999945,,,,,,,0.7239236831665039,0.75,0.001,1,16,84x84,MatchingNetwork,3,3,BreaKHis_formatted,b-59-850,False,5,4000,5,exp1_permuted_src_datasets
608,152.693727772,0.0,1739233530.5377357,,,,,,,0.7269250154495239,0.875,0.001,1,16,84x84,MatchingNetwork,3,3,BreaKHis_formatted,b-59-850,False,5,4000,5,exp1_permuted_src_datasets
609,152.734933666,0.0,1739233530.5787523,,,,,,,0.7326318621635437,0.875,0.001,1,16,84x84,MatchingNetwork,3,3,BreaKHis_formatted,b-59-850,False,5,4000,5,exp1_permuted_src_datasets
610,152.775201232,0.0,1739233530.6192367,,,,,,,0.76473069190979,0.75,0.001,1,16,84x84,MatchingNetwork,3,3,BreaKHis_formatted,b-59-850,False,5,4000,5,exp1_permuted_src_datasets
611,152.819574187,0.0,1739233530.6635828,,,,,,,0.7201996445655823,0.875,0.001,1,16,84x84,MatchingNetwork,3,3,BreaKHis_formatted,b-59-850,False,5,4000,5,exp1_permuted_src_datasets
612,152.874965251,0.0,1739233530.7188969,,,,,,,0.8154251575469971,0.8125,0.001,1,16,84x84,MatchingNetwork,3,3,BreaKHis_formatted,b-59-850,False,5,4000,5,exp1_permuted_src_datasets
613,152.914979406,0.0,1739233530.7589686,,,,,,,0.7496203184127808,0.8125,0.001,1,16,84x84,MatchingNetwork,3,3,BreaKHis_formatted,b-59-850,False,5,4000,5,exp1_permuted_src_datasets
614,152.952831168,0.0,1739233530.7967782,,,,,,,0.8385710120201111,0.6875,0.001,1,16,84x84,MatchingNetwork,3,3,BreaKHis_formatted,b-59-850,False,5,4000,5,exp1_permuted_src_datasets
615,152.99167964,0.0,1739233530.8356578,,,,,,,0.7216574549674988,0.8125,0.001,1,16,84x84,MatchingNetwork,3,3,BreaKHis_formatted,b-59-850,False,5,4000,5,exp1_permuted_src_datasets
616,153.031541275,0.0,1739233530.8752897,,,,,,,0.7265141606330872,0.8125,0.001,1,16,84x84,MatchingNetwork,3,3,BreaKHis_formatted,b-59-850,False,5,4000,5,exp1_permuted_src_datasets
617,153.072090063,0.0,1739233530.9158814,,,,,,,0.8043375015258789,0.75,0.001,1,16,84x84,MatchingNetwork,3,3,BreaKHis_formatted,b-59-850,False,5,4000,5,exp1_permuted_src_datasets
618,153.108289591,0.0,1739233530.9522111,,,,,,,0.7149293422698975,0.9375,0.001,1,16,84x84,MatchingNetwork,3,3,BreaKHis_formatted,b-59-850,False,5,4000,5,exp1_permuted_src_datasets
619,153.161506946,0.0,1739233531.0054147,,,,,,,0.6686013340950012,0.875,0.001,1,16,84x84,MatchingNetwork,3,3,BreaKHis_formatted,b-59-850,False,5,4000,5,exp1_permuted_src_datasets
620,153.209651808,0.0,1739233531.0536158,,,,,,,0.6906707882881165,0.9375,0.001,1,16,84x84,MatchingNetwork,3,3,BreaKHis_formatted,b-59-850,False,5,4000,5,exp1_permuted_src_datasets
621,153.249826752,0.0,1739233531.093737,,,,,,,0.7066066861152649,0.9375,0.001,1,16,84x84,MatchingNetwork,3,3,BreaKHis_formatted,b-59-850,False,5,4000,5,exp1_permuted_src_datasets
622,153.298188906,0.0,1739233531.1420727,,,,,,,0.7235668897628784,0.875,0.001,1,16,84x84,MatchingNetwork,3,3,BreaKHis_formatted,b-59-850,False,5,4000,5,exp1_permuted_src_datasets
623,153.341051798,0.0,1739233531.1849551,,,,,,,0.757960319519043,0.875,0.001,1,16,84x84,MatchingNetwork,3,3,BreaKHis_formatted,b-59-850,False,5,4000,5,exp1_permuted_src_datasets
624,153.396643671,0.0,1739233531.2405615,,,,,,,0.6569080948829651,0.9375,0.001,1,16,84x84,MatchingNetwork,3,3,BreaKHis_formatted,b-59-850,False,5,4000,5,exp1_permuted_src_datasets
625,153.448111825,0.0,1739233531.2920363,,,,,,,0.8117289543151855,0.6875,0.001,1,16,84x84,MatchingNetwork,3,3,BreaKHis_formatted,b-59-850,False,5,4000,5,exp1_permuted_src_datasets
626,153.494226223,0.0,1739233531.33819,,,,,,,0.8200485110282898,0.6875,0.001,1,16,84x84,MatchingNetwork,3,3,BreaKHis_formatted,b-59-850,False,5,4000,5,exp1_permuted_src_datasets
627,153.542253197,0.0,1739233531.3860798,,,,,,,0.7097563147544861,0.8125,0.001,1,16,84x84,MatchingNetwork,3,3,BreaKHis_formatted,b-59-850,False,5,4000,5,exp1_permuted_src_datasets
628,153.583723479,0.0,1739233531.427662,,,,,,,0.6898239850997925,0.9375,0.001,1,16,84x84,MatchingNetwork,3,3,BreaKHis_formatted,b-59-850,False,5,4000,5,exp1_permuted_src_datasets
629,161.362008856,0.0,1739233539.2062747,,,,,,0.48675,,,0.001,1,16,84x84,MatchingNetwork,3,3,BreaKHis_formatted,b-59-850,False,5,4000,5,exp1_permuted_src_datasets
630,161.411866099,0.0,1739233539.255022,,,,,,,0.7035858035087585,0.8125,0.001,1,16,84x84,MatchingNetwork,3,3,BreaKHis_formatted,b-59-850,False,5,4000,5,exp1_permuted_src_datasets
631,161.465896033,0.0,1739233539.3037696,,,,,,,0.6607971787452698,0.9375,0.001,1,16,84x84,MatchingNetwork,3,3,BreaKHis_formatted,b-59-850,False,5,4000,5,exp1_permuted_src_datasets
632,161.530283356,0.0,1739233539.3700619,,,,,,,0.8198295831680298,0.75,0.001,1,16,84x84,MatchingNetwork,3,3,BreaKHis_formatted,b-59-850,False,5,4000,5,exp1_permuted_src_datasets
633,161.582791655,0.0,1739233539.426711,,,,,,,0.7167440056800842,0.9375,0.001,1,16,84x84,MatchingNetwork,3,3,BreaKHis_formatted,b-59-850,False,5,4000,5,exp1_permuted_src_datasets
634,161.63438647,0.0,1739233539.4737923,,,,,,,0.69631427526474,0.9375,0.001,1,16,84x84,MatchingNetwork,3,3,BreaKHis_formatted,b-59-850,False,5,4000,5,exp1_permuted_src_datasets
635,161.685258474,0.0,1739233539.5289328,,,,,,,0.6894521117210388,0.875,0.001,1,16,84x84,MatchingNetwork,3,3,BreaKHis_formatted,b-59-850,False,5,4000,5,exp1_permuted_src_datasets
636,161.738069763,0.0,1739233539.5762072,,,,,,,0.6960178017616272,0.9375,0.001,1,16,84x84,MatchingNetwork,3,3,BreaKHis_formatted,b-59-850,False,5,4000,5,exp1_permuted_src_datasets
637,161.79569162,0.0,1739233539.6396148,,,,,,,0.6632709503173828,0.9375,0.001,1,16,84x84,MatchingNetwork,3,3,BreaKHis_formatted,b-59-850,False,5,4000,5,exp1_permuted_src_datasets
638,161.856894877,0.0,1739233539.6949065,,,,,,,0.6739149689674377,0.9375,0.001,1,16,84x84,MatchingNetwork,3,3,BreaKHis_formatted,b-59-850,False,5,4000,5,exp1_permuted_src_datasets
639,161.911667656,0.0,1739233539.7554104,,,,,,,0.9123619198799133,0.5625,0.001,1,16,84x84,MatchingNetwork,3,3,BreaKHis_formatted,b-59-850,False,5,4000,5,exp1_permuted_src_datasets
640,161.972852252,0.0,1739233539.807558,,,,,,,0.8237370848655701,0.6875,0.001,1,16,84x84,MatchingNetwork,3,3,BreaKHis_formatted,b-59-850,False,5,4000,5,exp1_permuted_src_datasets
641,162.033957812,0.0,1739233539.8710165,,,,,,,0.6929001808166504,1.0,0.001,1,16,84x84,MatchingNetwork,3,3,BreaKHis_formatted,b-59-850,False,5,4000,5,exp1_permuted_src_datasets
642,162.102463352,0.0,1739233539.9464314,,,,,,,0.728629469871521,1.0,0.001,1,16,84x84,MatchingNetwork,3,3,BreaKHis_formatted,b-59-850,False,5,4000,5,exp1_permuted_src_datasets
643,162.155925126,0.0,1739233539.9933555,,,,,,,0.8185256123542786,0.875,0.001,1,16,84x84,MatchingNetwork,3,3,BreaKHis_formatted,b-59-850,False,5,4000,5,exp1_permuted_src_datasets
644,162.218623239,0.0,1739233540.0605388,,,,,,,0.8522491455078125,0.75,0.001,1,16,84x84,MatchingNetwork,3,3,BreaKHis_formatted,b-59-850,False,5,4000,5,exp1_permuted_src_datasets
645,162.275111908,0.0,1739233540.1092587,,,,,,,0.8204964995384216,0.8125,0.001,1,16,84x84,MatchingNetwork,3,3,BreaKHis_formatted,b-59-850,False,5,4000,5,exp1_permuted_src_datasets
646,162.334943715,0.0,1739233540.1711135,,,,,,,0.6400091648101807,0.9375,0.001,1,16,84x84,MatchingNetwork,3,3,BreaKHis_formatted,b-59-850,False,5,4000,5,exp1_permuted_src_datasets
647,162.393540178,0.0,1739233540.2375064,,,,,,,0.7297678589820862,0.875,0.001,1,16,84x84,MatchingNetwork,3,3,BreaKHis_formatted,b-59-850,False,5,4000,5,exp1_permuted_src_datasets
648,162.449224449,0.0,1739233540.288096,,,,,,,0.8673335313796997,0.75,0.001,1,16,84x84,MatchingNetwork,3,3,BreaKHis_formatted,b-59-850,False,5,4000,5,exp1_permuted_src_datasets
649,162.501971045,0.0,1739233540.3461032,,,,,,,0.677094042301178,0.875,0.001,1,16,84x84,MatchingNetwork,3,3,BreaKHis_formatted,b-59-850,False,5,4000,5,exp1_permuted_src_datasets
650,162.54752913,0.0,1739233540.3915849,,,,,,,0.63770991563797,1.0,0.001,1,16,84x84,MatchingNetwork,3,3,BreaKHis_formatted,b-59-850,False,5,4000,5,exp1_permuted_src_datasets
651,162.606296661,0.0,1739233540.445691,,,,,,,0.6677782535552979,1.0,0.001,1,16,84x84,MatchingNetwork,3,3,BreaKHis_formatted,b-59-850,False,5,4000,5,exp1_permuted_src_datasets
652,162.659888844,0.0,1739233540.5036407,,,,,,,0.7555773854255676,0.8125,0.001,1,16,84x84,MatchingNetwork,3,3,BreaKHis_formatted,b-59-850,False,5,4000,5,exp1_permuted_src_datasets
653,162.708118792,0.0,1739233540.5471718,,,,,,,0.6685460805892944,0.875,0.001,1,16,84x84,MatchingNetwork,3,3,BreaKHis_formatted,b-59-850,False,5,4000,5,exp1_permuted_src_datasets
654,162.761996532,0.0,1739233540.6055224,,,,,,,0.7240081429481506,0.875,0.001,1,16,84x84,MatchingNetwork,3,3,BreaKHis_formatted,b-59-850,False,5,4000,5,exp1_permuted_src_datasets
655,162.808913441,0.0,1739233540.6495528,,,,,,,0.6067482233047485,1.0,0.001,1,16,84x84,MatchingNetwork,3,3,BreaKHis_formatted,b-59-850,False,5,4000,5,exp1_permuted_src_datasets
656,162.867117267,0.0,1739233540.7092018,,,,,,,0.729576587677002,0.75,0.001,1,16,84x84,MatchingNetwork,3,3,BreaKHis_formatted,b-59-850,False,5,4000,5,exp1_permuted_src_datasets
657,162.909373163,0.0,1739233540.7485273,,,,,,,0.6774067878723145,0.875,0.001,1,16,84x84,MatchingNetwork,3,3,BreaKHis_formatted,b-59-850,False,5,4000,5,exp1_permuted_src_datasets
658,162.970969936,0.0,1739233540.8125248,,,,,,,0.7101408839225769,0.8125,0.001,1,16,84x84,MatchingNetwork,3,3,BreaKHis_formatted,b-59-850,False,5,4000,5,exp1_permuted_src_datasets
659,163.024551144,0.0,1739233540.8653874,,,,,,,0.8362165689468384,0.6875,0.001,1,16,84x84,MatchingNetwork,3,3,BreaKHis_formatted,b-59-850,False,5,4000,5,exp1_permuted_src_datasets
660,163.085573802,0.0,1739233540.927463,,,,,,,0.672025203704834,1.0,0.001,1,16,84x84,MatchingNetwork,3,3,BreaKHis_formatted,b-59-850,False,5,4000,5,exp1_permuted_src_datasets
661,163.138287369,0.0,1739233540.9757648,,,,,,,0.6839231252670288,0.9375,0.001,1,16,84x84,MatchingNetwork,3,3,BreaKHis_formatted,b-59-850,False,5,4000,5,exp1_permuted_src_datasets
662,163.204377937,0.0,1739233541.0442095,,,,,,,0.7025356292724609,0.8125,0.001,1,16,84x84,MatchingNetwork,3,3,BreaKHis_formatted,b-59-850,False,5,4000,5,exp1_permuted_src_datasets
663,163.266140175,0.0,1739233541.1046572,,,,,,,0.6767309308052063,0.8125,0.001,1,16,84x84,MatchingNetwork,3,3,BreaKHis_formatted,b-59-850,False,5,4000,5,exp1_permuted_src_datasets
664,163.321341954,0.0,1739233541.1556478,,,,,,,0.721896231174469,0.75,0.001,1,16,84x84,MatchingNetwork,3,3,BreaKHis_formatted,b-59-850,False,5,4000,5,exp1_permuted_src_datasets
665,163.384232718,0.0,1739233541.2280161,,,,,,,0.7422282099723816,0.9375,0.001,1,16,84x84,MatchingNetwork,3,3,BreaKHis_formatted,b-59-850,False,5,4000,5,exp1_permuted_src_datasets
666,163.445736151,0.0,1739233541.2838311,,,,,,,0.7965712547302246,0.75,0.001,1,16,84x84,MatchingNetwork,3,3,BreaKHis_formatted,b-59-850,False,5,4000,5,exp1_permuted_src_datasets
667,163.496093065,0.0,1739233541.340054,,,,,,,0.6679525971412659,1.0,0.001,1,16,84x84,MatchingNetwork,3,3,BreaKHis_formatted,b-59-850,False,5,4000,5,exp1_permuted_src_datasets
668,163.551457879,0.0,1739233541.3898854,,,,,,,0.6217238903045654,1.0,0.001,1,16,84x84,MatchingNetwork,3,3,BreaKHis_formatted,b-59-850,False,5,4000,5,exp1_permuted_src_datasets
669,163.601881137,0.0,1739233541.443508,,,,,,,0.6920171976089478,0.8125,0.001,1,16,84x84,MatchingNetwork,3,3,BreaKHis_formatted,b-59-850,False,5,4000,5,exp1_permuted_src_datasets
670,163.65157996,0.0,1739233541.4956028,,,,,,,0.7222882509231567,0.875,0.001,1,16,84x84,MatchingNetwork,3,3,BreaKHis_formatted,b-59-850,False,5,4000,5,exp1_permuted_src_datasets
671,163.698606245,0.0,1739233541.5374656,,,,,,,0.7694137096405029,1.0,0.001,1,16,84x84,MatchingNetwork,3,3,BreaKHis_formatted,b-59-850,False,5,4000,5,exp1_permuted_src_datasets
672,163.751334866,0.0,1739233541.5952663,,,,,,,0.6973250508308411,0.8125,0.001,1,16,84x84,MatchingNetwork,3,3,BreaKHis_formatted,b-59-850,False,5,4000,5,exp1_permuted_src_datasets
673,163.805520395,0.0,1739233541.642088,,,,,,,0.7102707624435425,0.875,0.001,1,16,84x84,MatchingNetwork,3,3,BreaKHis_formatted,b-59-850,False,5,4000,5,exp1_permuted_src_datasets
674,163.865458801,0.0,1739233541.7051058,,,,,,,0.6712486743927002,0.875,0.001,1,16,84x84,MatchingNetwork,3,3,BreaKHis_formatted,b-59-850,False,5,4000,5,exp1_permuted_src_datasets
675,163.916657609,0.0,1739233541.7605531,,,,,,,0.8145082592964172,0.75,0.001,1,16,84x84,MatchingNetwork,3,3,BreaKHis_formatted,b-59-850,False,5,4000,5,exp1_permuted_src_datasets
676,163.961384728,0.0,1739233541.8018322,,,,,,,0.6495668888092041,0.875,0.001,1,16,84x84,MatchingNetwork,3,3,BreaKHis_formatted,b-59-850,False,5,4000,5,exp1_permuted_src_datasets
677,164.017079008,0.0,1739233541.8610606,,,,,,,0.640344500541687,1.0,0.001,1,16,84x84,MatchingNetwork,3,3,BreaKHis_formatted,b-59-850,False,5,4000,5,exp1_permuted_src_datasets
678,164.061040376,0.0,1739233541.8993187,,,,,,,0.7156773805618286,0.9375,0.001,1,16,84x84,MatchingNetwork,3,3,BreaKHis_formatted,b-59-850,False,5,4000,5,exp1_permuted_src_datasets
679,164.122562579,0.0,1739233541.966391,,,,,,,0.8163585066795349,0.6875,0.001,1,16,84x84,MatchingNetwork,3,3,BreaKHis_formatted,b-59-850,False,5,4000,5,exp1_permuted_src_datasets
680,164.176329278,0.0,1739233542.0141628,,,,,,,0.6981821060180664,0.8125,0.001,1,16,84x84,MatchingNetwork,3,3,BreaKHis_formatted,b-59-850,False,5,4000,5,exp1_permuted_src_datasets
681,164.230799556,0.0,1739233542.0746589,,,,,,,0.6744621396064758,1.0,0.001,1,16,84x84,MatchingNetwork,3,3,BreaKHis_formatted,b-59-850,False,5,4000,5,exp1_permuted_src_datasets
682,164.283924567,0.0,1739233542.122164,,,,,,,0.6776977181434631,0.9375,0.001,1,16,84x84,MatchingNetwork,3,3,BreaKHis_formatted,b-59-850,False,5,4000,5,exp1_permuted_src_datasets
683,164.333218292,0.0,1739233542.1770365,,,,,,,0.6902111768722534,0.8125,0.001,1,16,84x84,MatchingNetwork,3,3,BreaKHis_formatted,b-59-850,False,5,4000,5,exp1_permuted_src_datasets
684,164.390109124,0.0,1739233542.2339997,,,,,,,0.7063691020011902,0.9375,0.001,1,16,84x84,MatchingNetwork,3,3,BreaKHis_formatted,b-59-850,False,5,4000,5,exp1_permuted_src_datasets
685,164.435670751,0.0,1739233542.277541,,,,,,,0.7718834280967712,0.8125,0.001,1,16,84x84,MatchingNetwork,3,3,BreaKHis_formatted,b-59-850,False,5,4000,5,exp1_permuted_src_datasets
686,164.490909327,0.0,1739233542.3348296,,,,,,,0.7276155948638916,0.75,0.001,1,16,84x84,MatchingNetwork,3,3,BreaKHis_formatted,b-59-850,False,5,4000,5,exp1_permuted_src_datasets
687,164.545877885,0.0,1739233542.382691,,,,,,,0.7215936183929443,0.6875,0.001,1,16,84x84,MatchingNetwork,3,3,BreaKHis_formatted,b-59-850,False,5,4000,5,exp1_permuted_src_datasets
688,164.602216051,0.0,1739233542.446007,,,,,,,0.6703850030899048,0.875,0.001,1,16,84x84,MatchingNetwork,3,3,BreaKHis_formatted,b-59-850,False,5,4000,5,exp1_permuted_src_datasets
689,164.658365451,0.0,1739233542.495839,,,,,,,0.7594935297966003,0.625,0.001,1,16,84x84,MatchingNetwork,3,3,BreaKHis_formatted,b-59-850,False,5,4000,5,exp1_permuted_src_datasets
690,164.717648943,0.0,1739233542.5560286,,,,,,,0.7329782843589783,0.8125,0.001,1,16,84x84,MatchingNetwork,3,3,BreaKHis_formatted,b-59-850,False,5,4000,5,exp1_permuted_src_datasets
691,164.769509891,0.0,1739233542.6131558,,,,,,,0.7703518271446228,0.875,0.001,1,16,84x84,MatchingNetwork,3,3,BreaKHis_formatted,b-59-850,False,5,4000,5,exp1_permuted_src_datasets
692,172.796676874,0.0,1739233550.6408703,,,,,,0.46275,,,0.001,1,16,84x84,MatchingNetwork,3,3,BreaKHis_formatted,b-59-850,False,5,4000,5,exp1_permuted_src_datasets
693,232.788962397,1.0,1739233610.6332169,,,,,,,,,0.001,1,16,84x84,MatchingNetwork,3,3,BreaKHis_formatted,b-59-850,False,5,4000,5,exp1_permuted_src_datasets
694,239.772933766,1.0,1739233617.6171849,,,,,,0.426,,,0.001,1,16,84x84,MatchingNetwork,3,3,BreaKHis_formatted,b-59-850,False,5,4000,5,exp1_permuted_src_datasets
695,239.802204185,1.0,1739233617.6455953,,,,,,,0.9129635095596313,0.625,0.001,1,16,84x84,MatchingNetwork,3,3,BreaKHis_formatted,b-59-850,False,5,4000,5,exp1_permuted_src_datasets
696,239.841437157,1.0,1739233617.6853893,,,,,,,0.7492074966430664,0.6875,0.001,1,16,84x84,MatchingNetwork,3,3,BreaKHis_formatted,b-59-850,False,5,4000,5,exp1_permuted_src_datasets
697,239.884982566,1.0,1739233617.728819,,,,,,,0.8168784379959106,0.8125,0.001,1,16,84x84,MatchingNetwork,3,3,BreaKHis_formatted,b-59-850,False,5,4000,5,exp1_permuted_src_datasets
698,239.927634888,1.0,1739233617.7716558,,,,,,,0.8595190048217773,0.625,0.001,1,16,84x84,MatchingNetwork,3,3,BreaKHis_formatted,b-59-850,False,5,4000,5,exp1_permuted_src_datasets
699,239.967901761,1.0,1739233617.811944,,,,,,,0.7313253879547119,0.875,0.001,1,16,84x84,MatchingNetwork,3,3,BreaKHis_formatted,b-59-850,False,5,4000,5,exp1_permuted_src_datasets
700,240.003744808,1.0,1739233617.8477938,,,,,,,0.7486683130264282,1.0,0.001,1,16,84x84,MatchingNetwork,3,3,BreaKHis_formatted,b-59-850,False,5,4000,5,exp1_permuted_src_datasets
701,240.044175883,1.0,1739233617.8882189,,,,,,,0.7954788208007812,0.75,0.001,1,16,84x84,MatchingNetwork,3,3,BreaKHis_formatted,b-59-850,False,5,4000,5,exp1_permuted_src_datasets
702,240.081022186,1.0,1739233617.925094,,,,,,,0.726244330406189,1.0,0.001,1,16,84x84,MatchingNetwork,3,3,BreaKHis_formatted,b-59-850,False,5,4000,5,exp1_permuted_src_datasets
703,240.123644654,1.0,1739233617.9677033,,,,,,,0.7877081632614136,0.9375,0.001,1,16,84x84,MatchingNetwork,3,3,BreaKHis_formatted,b-59-850,False,5,4000,5,exp1_permuted_src_datasets
704,240.163108245,1.0,1739233618.0072029,,,,,,,0.8134627342224121,0.75,0.001,1,16,84x84,MatchingNetwork,3,3,BreaKHis_formatted,b-59-850,False,5,4000,5,exp1_permuted_src_datasets
705,240.203759075,1.0,1739233618.0478292,,,,,,,0.7947697043418884,0.8125,0.001,1,16,84x84,MatchingNetwork,3,3,BreaKHis_formatted,b-59-850,False,5,4000,5,exp1_permuted_src_datasets
706,240.242332308,1.0,1739233618.0864184,,,,,,,0.7890048623085022,0.75,0.001,1,16,84x84,MatchingNetwork,3,3,BreaKHis_formatted,b-59-850,False,5,4000,5,exp1_permuted_src_datasets
707,240.281649545,1.0,1739233618.1257253,,,,,,,0.7047560214996338,0.8125,0.001,1,16,84x84,MatchingNetwork,3,3,BreaKHis_formatted,b-59-850,False,5,4000,5,exp1_permuted_src_datasets
708,240.32286351,1.0,1739233618.1668983,,,,,,,0.826340913772583,0.6875,0.001,1,16,84x84,MatchingNetwork,3,3,BreaKHis_formatted,b-59-850,False,5,4000,5,exp1_permuted_src_datasets
709,240.364819741,1.0,1739233618.2088542,,,,,,,0.7328541278839111,0.9375,0.001,1,16,84x84,MatchingNetwork,3,3,BreaKHis_formatted,b-59-850,False,5,4000,5,exp1_permuted_src_datasets
710,240.405329523,1.0,1739233618.2494183,,,,,,,0.6636540293693542,1.0,0.001,1,16,84x84,MatchingNetwork,3,3,BreaKHis_formatted,b-59-850,False,5,4000,5,exp1_permuted_src_datasets
711,240.443068276,1.0,1739233618.2871144,,,,,,,0.8110911846160889,0.75,0.001,1,16,84x84,MatchingNetwork,3,3,BreaKHis_formatted,b-59-850,False,5,4000,5,exp1_permuted_src_datasets
712,240.485855381,1.0,1739233618.3278694,,,,,,,0.7777962684631348,0.8125,0.001,1,16,84x84,MatchingNetwork,3,3,BreaKHis_formatted,b-59-850,False,5,4000,5,exp1_permuted_src_datasets
713,240.521705539,1.0,1739233618.3652444,,,,,,,0.7134690880775452,0.8125,0.001,1,16,84x84,MatchingNetwork,3,3,BreaKHis_formatted,b-59-850,False,5,4000,5,exp1_permuted_src_datasets
714,240.573987613,1.0,1739233618.417976,,,,,,,0.7324305772781372,0.75,0.001,1,16,84x84,MatchingNetwork,3,3,BreaKHis_formatted,b-59-850,False,5,4000,5,exp1_permuted_src_datasets
715,240.616093376,1.0,1739233618.4601643,,,,,,,0.7183261513710022,0.75,0.001,1,16,84x84,MatchingNetwork,3,3,BreaKHis_formatted,b-59-850,False,5,4000,5,exp1_permuted_src_datasets
716,240.657800605,1.0,1739233618.4971833,,,,,,,0.7536426782608032,0.9375,0.001,1,16,84x84,MatchingNetwork,3,3,BreaKHis_formatted,b-59-850,False,5,4000,5,exp1_permuted_src_datasets
717,240.692609656,1.0,1739233618.5366697,,,,,,,0.7196509838104248,0.8125,0.001,1,16,84x84,MatchingNetwork,3,3,BreaKHis_formatted,b-59-850,False,5,4000,5,exp1_permuted_src_datasets
718,240.734737097,1.0,1739233618.5787408,,,,,,,0.7327620387077332,0.875,0.001,1,16,84x84,MatchingNetwork,3,3,BreaKHis_formatted,b-59-850,False,5,4000,5,exp1_permuted_src_datasets
719,240.776653485,1.0,1739233618.6207266,,,,,,,0.9065506458282471,0.5625,0.001,1,16,84x84,MatchingNetwork,3,3,BreaKHis_formatted,b-59-850,False,5,4000,5,exp1_permuted_src_datasets
720,240.836958225,1.0,1739233618.680709,,,,,,,0.7235269546508789,0.8125,0.001,1,16,84x84,MatchingNetwork,3,3,BreaKHis_formatted,b-59-850,False,5,4000,5,exp1_permuted_src_datasets
721,240.884989581,1.0,1739233618.7290516,,,,,,,0.740348219871521,0.75,0.001,1,16,84x84,MatchingNetwork,3,3,BreaKHis_formatted,b-59-850,False,5,4000,5,exp1_permuted_src_datasets
722,240.921194807,1.0,1739233618.7646856,,,,,,,0.7144788503646851,0.75,0.001,1,16,84x84,MatchingNetwork,3,3,BreaKHis_formatted,b-59-850,False,5,4000,5,exp1_permuted_src_datasets
723,240.958668188,1.0,1739233618.8027508,,,,,,,0.6605199575424194,0.875,0.001,1,16,84x84,MatchingNetwork,3,3,BreaKHis_formatted,b-59-850,False,5,4000,5,exp1_permuted_src_datasets
724,241.008435152,1.0,1739233618.8520968,,,,,,,0.7519341707229614,0.9375,0.001,1,16,84x84,MatchingNetwork,3,3,BreaKHis_formatted,b-59-850,False,5,4000,5,exp1_permuted_src_datasets
725,241.053494156,1.0,1739233618.8970284,,,,,,,0.7435122132301331,0.8125,0.001,1,16,84x84,MatchingNetwork,3,3,BreaKHis_formatted,b-59-850,False,5,4000,5,exp1_permuted_src_datasets
726,241.098004528,1.0,1739233618.9420478,,,,,,,0.7067701816558838,0.875,0.001,1,16,84x84,MatchingNetwork,3,3,BreaKHis_formatted,b-59-850,False,5,4000,5,exp1_permuted_src_datasets
727,241.141265934,1.0,1739233618.9853342,,,,,,,0.8241955041885376,0.875,0.001,1,16,84x84,MatchingNetwork,3,3,BreaKHis_formatted,b-59-850,False,5,4000,5,exp1_permuted_src_datasets
728,241.178906414,1.0,1739233619.0229933,,,,,,,0.7373737096786499,0.8125,0.001,1,16,84x84,MatchingNetwork,3,3,BreaKHis_formatted,b-59-850,False,5,4000,5,exp1_permuted_src_datasets
729,241.219832776,1.0,1739233619.0638793,,,,,,,0.778295636177063,0.8125,0.001,1,16,84x84,MatchingNetwork,3,3,BreaKHis_formatted,b-59-850,False,5,4000,5,exp1_permuted_src_datasets
730,241.25914549,1.0,1739233619.1031816,,,,,,,0.6900956034660339,0.8125,0.001,1,16,84x84,MatchingNetwork,3,3,BreaKHis_formatted,b-59-850,False,5,4000,5,exp1_permuted_src_datasets
731,241.30062808,1.0,1739233619.1447165,,,,,,,0.7014814019203186,0.8125,0.001,1,16,84x84,MatchingNetwork,3,3,BreaKHis_formatted,b-59-850,False,5,4000,5,exp1_permuted_src_datasets
732,241.339798115,1.0,1739233619.1838408,,,,,,,0.7733914852142334,0.75,0.001,1,16,84x84,MatchingNetwork,3,3,BreaKHis_formatted,b-59-850,False,5,4000,5,exp1_permuted_src_datasets
733,241.377016551,1.0,1739233619.2210898,,,,,,,0.741867184638977,0.875,0.001,1,16,84x84,MatchingNetwork,3,3,BreaKHis_formatted,b-59-850,False,5,4000,5,exp1_permuted_src_datasets
734,241.41406507,1.0,1739233619.258118,,,,,,,0.7649036049842834,0.75,0.001,1,16,84x84,MatchingNetwork,3,3,BreaKHis_formatted,b-59-850,False,5,4000,5,exp1_permuted_src_datasets
735,241.452016248,1.0,1739233619.2960498,,,,,,,0.7539410591125488,0.9375,0.001,1,16,84x84,MatchingNetwork,3,3,BreaKHis_formatted,b-59-850,False,5,4000,5,exp1_permuted_src_datasets
736,241.48929789,1.0,1739233619.3334067,,,,,,,0.7635784149169922,0.875,0.001,1,16,84x84,MatchingNetwork,3,3,BreaKHis_formatted,b-59-850,False,5,4000,5,exp1_permuted_src_datasets
737,241.53198685,1.0,1739233619.376035,,,,,,,0.7688397169113159,0.8125,0.001,1,16,84x84,MatchingNetwork,3,3,BreaKHis_formatted,b-59-850,False,5,4000,5,exp1_permuted_src_datasets
738,241.573865473,1.0,1739233619.4173381,,,,,,,0.6634116172790527,1.0,0.001,1,16,84x84,MatchingNetwork,3,3,BreaKHis_formatted,b-59-850,False,5,4000,5,exp1_permuted_src_datasets
739,241.619968055,1.0,1739233619.4640448,,,,,,,0.6501054167747498,1.0,0.001,1,16,84x84,MatchingNetwork,3,3,BreaKHis_formatted,b-59-850,False,5,4000,5,exp1_permuted_src_datasets
740,241.657484358,1.0,1739233619.5015473,,,,,,,0.7961854338645935,0.875,0.001,1,16,84x84,MatchingNetwork,3,3,BreaKHis_formatted,b-59-850,False,5,4000,5,exp1_permuted_src_datasets
741,241.698873906,1.0,1739233619.5429356,,,,,,,0.7014895677566528,0.875,0.001,1,16,84x84,MatchingNetwork,3,3,BreaKHis_formatted,b-59-850,False,5,4000,5,exp1_permuted_src_datasets
742,241.736606395,1.0,1739233619.5806038,,,,,,,0.7852776646614075,0.8125,0.001,1,16,84x84,MatchingNetwork,3,3,BreaKHis_formatted,b-59-850,False,5,4000,5,exp1_permuted_src_datasets
743,241.778147033,1.0,1739233619.6221986,,,,,,,0.721452534198761,0.8125,0.001,1,16,84x84,MatchingNetwork,3,3,BreaKHis_formatted,b-59-850,False,5,4000,5,exp1_permuted_src_datasets
744,241.821976651,1.0,1739233619.6660528,,,,,,,0.618068277835846,1.0,0.001,1,16,84x84,MatchingNetwork,3,3,BreaKHis_formatted,b-59-850,False,5,4000,5,exp1_permuted_src_datasets
745,241.859486964,1.0,1739233619.703541,,,,,,,0.7237833738327026,0.875,0.001,1,16,84x84,MatchingNetwork,3,3,BreaKHis_formatted,b-59-850,False,5,4000,5,exp1_permuted_src_datasets
746,241.897057962,1.0,1739233619.7411165,,,,,,,0.775946855545044,0.8125,0.001,1,16,84x84,MatchingNetwork,3,3,BreaKHis_formatted,b-59-850,False,5,4000,5,exp1_permuted_src_datasets
747,241.936112379,1.0,1739233619.7801416,,,,,,,0.6854540109634399,0.9375,0.001,1,16,84x84,MatchingNetwork,3,3,BreaKHis_formatted,b-59-850,False,5,4000,5,exp1_permuted_src_datasets
748,241.986582958,1.0,1739233619.8304746,,,,,,,0.6664242148399353,0.875,0.001,1,16,84x84,MatchingNetwork,3,3,BreaKHis_formatted,b-59-850,False,5,4000,5,exp1_permuted_src_datasets
749,242.0284251,1.0,1739233619.8724937,,,,,,,0.765449047088623,0.75,0.001,1,16,84x84,MatchingNetwork,3,3,BreaKHis_formatted,b-59-850,False,5,4000,5,exp1_permuted_src_datasets
750,242.069054482,1.0,1739233619.9131167,,,,,,,0.686589777469635,0.9375,0.001,1,16,84x84,MatchingNetwork,3,3,BreaKHis_formatted,b-59-850,False,5,4000,5,exp1_permuted_src_datasets
751,242.117080705,1.0,1739233619.961151,,,,,,,0.6872954368591309,0.875,0.001,1,16,84x84,MatchingNetwork,3,3,BreaKHis_formatted,b-59-850,False,5,4000,5,exp1_permuted_src_datasets
752,242.1617422,1.0,1739233620.0058174,,,,,,,0.6734187602996826,0.9375,0.001,1,16,84x84,MatchingNetwork,3,3,BreaKHis_formatted,b-59-850,False,5,4000,5,exp1_permuted_src_datasets
753,242.2086371,1.0,1739233620.0527365,,,,,,,0.6207274794578552,1.0,0.001,1,16,84x84,MatchingNetwork,3,3,BreaKHis_formatted,b-59-850,False,5,4000,5,exp1_permuted_src_datasets
754,242.247106418,1.0,1739233620.0911725,,,,,,,0.7309755086898804,0.8125,0.001,1,16,84x84,MatchingNetwork,3,3,BreaKHis_formatted,b-59-850,False,5,4000,5,exp1_permuted_src_datasets
755,242.284145916,1.0,1739233620.1282332,,,,,,,0.6747947931289673,0.9375,0.001,1,16,84x84,MatchingNetwork,3,3,BreaKHis_formatted,b-59-850,False,5,4000,5,exp1_permuted_src_datasets
756,242.324248178,1.0,1739233620.1683128,,,,,,,0.7004393935203552,0.9375,0.001,1,16,84x84,MatchingNetwork,3,3,BreaKHis_formatted,b-59-850,False,5,4000,5,exp1_permuted_src_datasets
757,249.380024375,1.0,1739233627.224275,,,,,,0.45975,,,0.001,1,16,84x84,MatchingNetwork,3,3,BreaKHis_formatted,b-59-850,False,5,4000,5,exp1_permuted_src_datasets
758,249.410304792,1.0,1739233627.254279,,,,,,,0.8210368156433105,0.875,0.001,1,16,84x84,MatchingNetwork,3,3,BreaKHis_formatted,b-59-850,False,5,4000,5,exp1_permuted_src_datasets
759,249.449470858,1.0,1739233627.2934356,,,,,,,0.8419527411460876,0.6875,0.001,1,16,84x84,MatchingNetwork,3,3,BreaKHis_formatted,b-59-850,False,5,4000,5,exp1_permuted_src_datasets
760,249.493423816,1.0,1739233627.3373373,,,,,,,0.6464840173721313,1.0,0.001,1,16,84x84,MatchingNetwork,3,3,BreaKHis_formatted,b-59-850,False,5,4000,5,exp1_permuted_src_datasets
761,249.535328488,1.0,1739233627.379289,,,,,,,0.7029969692230225,0.875,0.001,1,16,84x84,MatchingNetwork,3,3,BreaKHis_formatted,b-59-850,False,5,4000,5,exp1_permuted_src_datasets
762,249.578577953,1.0,1739233627.4224975,,,,,,,0.7084830403327942,0.9375,0.001,1,16,84x84,MatchingNetwork,3,3,BreaKHis_formatted,b-59-850,False,5,4000,5,exp1_permuted_src_datasets
763,249.619057291,1.0,1739233627.462994,,,,,,,0.6807112693786621,0.9375,0.001,1,16,84x84,MatchingNetwork,3,3,BreaKHis_formatted,b-59-850,False,5,4000,5,exp1_permuted_src_datasets
764,249.663507141,1.0,1739233627.5074468,,,,,,,0.7623488903045654,0.8125,0.001,1,16,84x84,MatchingNetwork,3,3,BreaKHis_formatted,b-59-850,False,5,4000,5,exp1_permuted_src_datasets
765,249.710709759,1.0,1739233627.554663,,,,,,,0.6355538964271545,1.0,0.001,1,16,84x84,MatchingNetwork,3,3,BreaKHis_formatted,b-59-850,False,5,4000,5,exp1_permuted_src_datasets
766,249.758443451,1.0,1739233627.6019037,,,,,,,0.7407647967338562,1.0,0.001,1,16,84x84,MatchingNetwork,3,3,BreaKHis_formatted,b-59-850,False,5,4000,5,exp1_permuted_src_datasets
767,249.808530817,1.0,1739233627.652436,,,,,,,0.6708723902702332,0.9375,0.001,1,16,84x84,MatchingNetwork,3,3,BreaKHis_formatted,b-59-850,False,5,4000,5,exp1_permuted_src_datasets
768,249.855262009,1.0,1739233627.6992087,,,,,,,0.6806697845458984,0.875,0.001,1,16,84x84,MatchingNetwork,3,3,BreaKHis_formatted,b-59-850,False,5,4000,5,exp1_permuted_src_datasets
769,249.898590329,1.0,1739233627.742335,,,,,,,0.7300941348075867,0.8125,0.001,1,16,84x84,MatchingNetwork,3,3,BreaKHis_formatted,b-59-850,False,5,4000,5,exp1_permuted_src_datasets
770,249.939895424,1.0,1739233627.7838297,,,,,,,0.650441586971283,0.875,0.001,1,16,84x84,MatchingNetwork,3,3,BreaKHis_formatted,b-59-850,False,5,4000,5,exp1_permuted_src_datasets
771,249.984466181,1.0,1739233627.828375,,,,,,,0.7506182193756104,0.875,0.001,1,16,84x84,MatchingNetwork,3,3,BreaKHis_formatted,b-59-850,False,5,4000,5,exp1_permuted_src_datasets
772,250.040149771,1.0,1739233627.883987,,,,,,,0.6737259030342102,0.9375,0.001,1,16,84x84,MatchingNetwork,3,3,BreaKHis_formatted,b-59-850,False,5,4000,5,exp1_permuted_src_datasets
773,250.083479184,1.0,1739233627.9274054,,,,,,,0.6505011916160583,1.0,0.001,1,16,84x84,MatchingNetwork,3,3,BreaKHis_formatted,b-59-850,False,5,4000,5,exp1_permuted_src_datasets
774,250.126621519,1.0,1739233627.9705353,,,,,,,0.666861891746521,1.0,0.001,1,16,84x84,MatchingNetwork,3,3,BreaKHis_formatted,b-59-850,False,5,4000,5,exp1_permuted_src_datasets
775,250.168297175,1.0,1739233628.012323,,,,,,,0.6616462469100952,0.8125,0.001,1,16,84x84,MatchingNetwork,3,3,BreaKHis_formatted,b-59-850,False,5,4000,5,exp1_permuted_src_datasets
776,250.210849788,1.0,1739233628.054808,,,,,,,0.6597074866294861,0.875,0.001,1,16,84x84,MatchingNetwork,3,3,BreaKHis_formatted,b-59-850,False,5,4000,5,exp1_permuted_src_datasets
777,250.252110105,1.0,1739233628.0955467,,,,,,,0.718926727771759,0.75,0.001,1,16,84x84,MatchingNetwork,3,3,BreaKHis_formatted,b-59-850,False,5,4000,5,exp1_permuted_src_datasets
778,250.306441509,1.0,1739233628.1504056,,,,,,,0.671858012676239,0.875,0.001,1,16,84x84,MatchingNetwork,3,3,BreaKHis_formatted,b-59-850,False,5,4000,5,exp1_permuted_src_datasets
779,250.356652365,1.0,1739233628.2005627,,,,,,,0.6575416326522827,0.875,0.001,1,16,84x84,MatchingNetwork,3,3,BreaKHis_formatted,b-59-850,False,5,4000,5,exp1_permuted_src_datasets
780,250.401921249,1.0,1739233628.2458405,,,,,,,0.8069925904273987,0.6875,0.001,1,16,84x84,MatchingNetwork,3,3,BreaKHis_formatted,b-59-850,False,5,4000,5,exp1_permuted_src_datasets
781,250.456258296,1.0,1739233628.300148,,,,,,,0.7507150769233704,0.8125,0.001,1,16,84x84,MatchingNetwork,3,3,BreaKHis_formatted,b-59-850,False,5,4000,5,exp1_permuted_src_datasets
782,250.503188709,1.0,1739233628.347188,,,,,,,0.7564151287078857,0.9375,0.001,1,16,84x84,MatchingNetwork,3,3,BreaKHis_formatted,b-59-850,False,5,4000,5,exp1_permuted_src_datasets
783,250.554790841,1.0,1739233628.3986664,,,,,,,0.6490749716758728,0.9375,0.001,1,16,84x84,MatchingNetwork,3,3,BreaKHis_formatted,b-59-850,False,5,4000,5,exp1_permuted_src_datasets
784,250.61148573,1.0,1739233628.455396,,,,,,,0.6880967617034912,0.8125,0.001,1,16,84x84,MatchingNetwork,3,3,BreaKHis_formatted,b-59-850,False,5,4000,5,exp1_permuted_src_datasets
785,250.664665776,1.0,1739233628.5084696,,,,,,,0.7111315131187439,0.875,0.001,1,16,84x84,MatchingNetwork,3,3,BreaKHis_formatted,b-59-850,False,5,4000,5,exp1_permuted_src_datasets
786,250.710970769,1.0,1739233628.5548146,,,,,,,0.75034099817276,0.875,0.001,1,16,84x84,MatchingNetwork,3,3,BreaKHis_formatted,b-59-850,False,5,4000,5,exp1_permuted_src_datasets
787,250.755662312,1.0,1739233628.5995827,,,,,,,0.7199973464012146,0.875,0.001,1,16,84x84,MatchingNetwork,3,3,BreaKHis_formatted,b-59-850,False,5,4000,5,exp1_permuted_src_datasets
788,250.797845265,1.0,1739233628.6417255,,,,,,,0.7312432527542114,0.9375,0.001,1,16,84x84,MatchingNetwork,3,3,BreaKHis_formatted,b-59-850,False,5,4000,5,exp1_permuted_src_datasets
789,250.849115255,1.0,1739233628.6929471,,,,,,,0.6984851360321045,0.9375,0.001,1,16,84x84,MatchingNetwork,3,3,BreaKHis_formatted,b-59-850,False,5,4000,5,exp1_permuted_src_datasets
790,250.896721627,1.0,1739233628.7405565,,,,,,,0.6612467169761658,0.9375,0.001,1,16,84x84,MatchingNetwork,3,3,BreaKHis_formatted,b-59-850,False,5,4000,5,exp1_permuted_src_datasets
791,250.944996278,1.0,1739233628.7889223,,,,,,,0.6974228620529175,0.875,0.001,1,16,84x84,MatchingNetwork,3,3,BreaKHis_formatted,b-59-850,False,5,4000,5,exp1_permuted_src_datasets
792,250.993501797,1.0,1739233628.8373878,,,,,,,0.7338817119598389,0.875,0.001,1,16,84x84,MatchingNetwork,3,3,BreaKHis_formatted,b-59-850,False,5,4000,5,exp1_permuted_src_datasets
793,251.036591834,1.0,1739233628.880227,,,,,,,0.7032973170280457,1.0,0.001,1,16,84x84,MatchingNetwork,3,3,BreaKHis_formatted,b-59-850,False,5,4000,5,exp1_permuted_src_datasets
794,251.082890272,1.0,1739233628.9267535,,,,,,,0.7406069040298462,0.875,0.001,1,16,84x84,MatchingNetwork,3,3,BreaKHis_formatted,b-59-850,False,5,4000,5,exp1_permuted_src_datasets
795,251.141600138,1.0,1739233628.985215,,,,,,,0.6383332014083862,1.0,0.001,1,16,84x84,MatchingNetwork,3,3,BreaKHis_formatted,b-59-850,False,5,4000,5,exp1_permuted_src_datasets
796,251.185386932,1.0,1739233629.0293286,,,,,,,0.6733372211456299,0.875,0.001,1,16,84x84,MatchingNetwork,3,3,BreaKHis_formatted,b-59-850,False,5,4000,5,exp1_permuted_src_datasets
797,251.249071198,1.0,1739233629.0929043,,,,,,,0.667094349861145,0.9375,0.001,1,16,84x84,MatchingNetwork,3,3,BreaKHis_formatted,b-59-850,False,5,4000,5,exp1_permuted_src_datasets
798,251.292332939,1.0,1739233629.1362429,,,,,,,0.6698117256164551,0.9375,0.001,1,16,84x84,MatchingNetwork,3,3,BreaKHis_formatted,b-59-850,False,5,4000,5,exp1_permuted_src_datasets
799,251.343816844,1.0,1739233629.1873906,,,,,,,0.7581487894058228,0.8125,0.001,1,16,84x84,MatchingNetwork,3,3,BreaKHis_formatted,b-59-850,False,5,4000,5,exp1_permuted_src_datasets
800,251.387242787,1.0,1739233629.2312474,,,,,,,0.6839977502822876,0.875,0.001,1,16,84x84,MatchingNetwork,3,3,BreaKHis_formatted,b-59-850,False,5,4000,5,exp1_permuted_src_datasets
801,251.42896295,1.0,1739233629.272564,,,,,,,0.6745625734329224,0.8125,0.001,1,16,84x84,MatchingNetwork,3,3,BreaKHis_formatted,b-59-850,False,5,4000,5,exp1_permuted_src_datasets
802,251.471607947,1.0,1739233629.315506,,,,,,,0.7677785754203796,0.9375,0.001,1,16,84x84,MatchingNetwork,3,3,BreaKHis_formatted,b-59-850,False,5,4000,5,exp1_permuted_src_datasets
803,251.51683766,1.0,1739233629.3608034,,,,,,,0.6652936935424805,0.875,0.001,1,16,84x84,MatchingNetwork,3,3,BreaKHis_formatted,b-59-850,False,5,4000,5,exp1_permuted_src_datasets
804,251.560167871,1.0,1739233629.4041152,,,,,,,0.7056759595870972,0.875,0.001,1,16,84x84,MatchingNetwork,3,3,BreaKHis_formatted,b-59-850,False,5,4000,5,exp1_permuted_src_datasets
805,251.602193207,1.0,1739233629.4461575,,,,,,,0.6695802807807922,0.875,0.001,1,16,84x84,MatchingNetwork,3,3,BreaKHis_formatted,b-59-850,False,5,4000,5,exp1_permuted_src_datasets
806,251.643955415,1.0,1739233629.4879494,,,,,,,0.6536418795585632,1.0,0.001,1,16,84x84,MatchingNetwork,3,3,BreaKHis_formatted,b-59-850,False,5,4000,5,exp1_permuted_src_datasets
807,251.691191679,1.0,1739233629.5351064,,,,,,,0.6662536859512329,0.875,0.001,1,16,84x84,MatchingNetwork,3,3,BreaKHis_formatted,b-59-850,False,5,4000,5,exp1_permuted_src_datasets
808,251.741829847,1.0,1739233629.585749,,,,,,,0.626958966255188,0.9375,0.001,1,16,84x84,MatchingNetwork,3,3,BreaKHis_formatted,b-59-850,False,5,4000,5,exp1_permuted_src_datasets
809,251.786813708,1.0,1739233629.6307561,,,,,,,0.7292616367340088,0.9375,0.001,1,16,84x84,MatchingNetwork,3,3,BreaKHis_formatted,b-59-850,False,5,4000,5,exp1_permuted_src_datasets
810,251.831767924,1.0,1739233629.6757991,,,,,,,0.6697757840156555,1.0,0.001,1,16,84x84,MatchingNetwork,3,3,BreaKHis_formatted,b-59-850,False,5,4000,5,exp1_permuted_src_datasets
811,251.87173247,1.0,1739233629.7157726,,,,,,,0.6999214887619019,0.9375,0.001,1,16,84x84,MatchingNetwork,3,3,BreaKHis_formatted,b-59-850,False,5,4000,5,exp1_permuted_src_datasets
812,251.915453595,1.0,1739233629.7594736,,,,,,,0.6201279759407043,0.9375,0.001,1,16,84x84,MatchingNetwork,3,3,BreaKHis_formatted,b-59-850,False,5,4000,5,exp1_permuted_src_datasets
813,251.956022327,1.0,1739233629.7993827,,,,,,,0.6043707728385925,1.0,0.001,1,16,84x84,MatchingNetwork,3,3,BreaKHis_formatted,b-59-850,False,5,4000,5,exp1_permuted_src_datasets
814,251.995440623,1.0,1739233629.839503,,,,,,,0.6899697780609131,0.9375,0.001,1,16,84x84,MatchingNetwork,3,3,BreaKHis_formatted,b-59-850,False,5,4000,5,exp1_permuted_src_datasets
815,252.035955718,1.0,1739233629.8800151,,,,,,,0.6856324076652527,0.875,0.001,1,16,84x84,MatchingNetwork,3,3,BreaKHis_formatted,b-59-850,False,5,4000,5,exp1_permuted_src_datasets
816,252.074700623,1.0,1739233629.9187717,,,,,,,0.7441378831863403,0.875,0.001,1,16,84x84,MatchingNetwork,3,3,BreaKHis_formatted,b-59-850,False,5,4000,5,exp1_permuted_src_datasets
817,252.112850521,1.0,1739233629.956914,,,,,,,0.7283347845077515,0.9375,0.001,1,16,84x84,MatchingNetwork,3,3,BreaKHis_formatted,b-59-850,False,5,4000,5,exp1_permuted_src_datasets
818,252.163703823,1.0,1739233630.007816,,,,,,,0.6741660237312317,1.0,0.001,1,16,84x84,MatchingNetwork,3,3,BreaKHis_formatted,b-59-850,False,5,4000,5,exp1_permuted_src_datasets
819,252.210189058,1.0,1739233630.054251,,,,,,,0.6532818078994751,0.9375,0.001,1,16,84x84,MatchingNetwork,3,3,BreaKHis_formatted,b-59-850,False,5,4000,5,exp1_permuted_src_datasets
820,258.864867603,1.0,1739233636.7091331,,,,,,0.4295,,,0.001,1,16,84x84,MatchingNetwork,3,3,BreaKHis_formatted,b-59-850,False,5,4000,5,exp1_permuted_src_datasets
821,258.900286759,1.0,1739233636.744319,,,,,,,0.6208148002624512,1.0,0.001,1,16,84x84,MatchingNetwork,3,3,BreaKHis_formatted,b-59-850,False,5,4000,5,exp1_permuted_src_datasets
822,258.94259762,1.0,1739233636.7866862,,,,,,,0.6590349078178406,1.0,0.001,1,16,84x84,MatchingNetwork,3,3,BreaKHis_formatted,b-59-850,False,5,4000,5,exp1_permuted_src_datasets
823,258.989513886,1.0,1739233636.8335621,,,,,,,0.7030636668205261,0.9375,0.001,1,16,84x84,MatchingNetwork,3,3,BreaKHis_formatted,b-59-850,False,5,4000,5,exp1_permuted_src_datasets
824,259.023834459,1.0,1739233636.867936,,,,,,,0.7463487982749939,0.9375,0.001,1,16,84x84,MatchingNetwork,3,3,BreaKHis_formatted,b-59-850,False,5,4000,5,exp1_permuted_src_datasets
825,259.058523546,1.0,1739233636.9026105,,,,,,,0.6987996101379395,0.9375,0.001,1,16,84x84,MatchingNetwork,3,3,BreaKHis_formatted,b-59-850,False,5,4000,5,exp1_permuted_src_datasets
826,259.094326913,1.0,1739233636.93842,,,,,,,0.7374286651611328,0.9375,0.001,1,16,84x84,MatchingNetwork,3,3,BreaKHis_formatted,b-59-850,False,5,4000,5,exp1_permuted_src_datasets
827,259.128596841,1.0,1739233636.9726684,,,,,,,0.6493040323257446,1.0,0.001,1,16,84x84,MatchingNetwork,3,3,BreaKHis_formatted,b-59-850,False,5,4000,5,exp1_permuted_src_datasets
828,259.162774487,1.0,1739233637.0068603,,,,,,,0.7096196413040161,1.0,0.001,1,16,84x84,MatchingNetwork,3,3,BreaKHis_formatted,b-59-850,False,5,4000,5,exp1_permuted_src_datasets
829,259.201824085,1.0,1739233637.0458977,,,,,,,0.6719070672988892,0.8125,0.001,1,16,84x84,MatchingNetwork,3,3,BreaKHis_formatted,b-59-850,False,5,4000,5,exp1_permuted_src_datasets
830,259.236915643,1.0,1739233637.0810196,,,,,,,0.6996434926986694,0.9375,0.001,1,16,84x84,MatchingNetwork,3,3,BreaKHis_formatted,b-59-850,False,5,4000,5,exp1_permuted_src_datasets
831,259.281499681,1.0,1739233637.1255946,,,,,,,0.6359686851501465,0.9375,0.001,1,16,84x84,MatchingNetwork,3,3,BreaKHis_formatted,b-59-850,False,5,4000,5,exp1_permuted_src_datasets
832,259.317111844,1.0,1739233637.1611927,,,,,,,0.6979532241821289,0.875,0.001,1,16,84x84,MatchingNetwork,3,3,BreaKHis_formatted,b-59-850,False,5,4000,5,exp1_permuted_src_datasets
833,259.365910812,1.0,1739233637.2098138,,,,,,,0.6623021960258484,1.0,0.001,1,16,84x84,MatchingNetwork,3,3,BreaKHis_formatted,b-59-850,False,5,4000,5,exp1_permuted_src_datasets
834,259.419095719,1.0,1739233637.2630796,,,,,,,0.682155966758728,0.875,0.001,1,16,84x84,MatchingNetwork,3,3,BreaKHis_formatted,b-59-850,False,5,4000,5,exp1_permuted_src_datasets
835,259.455203814,1.0,1739233637.2992506,,,,,,,0.6911766529083252,0.9375,0.001,1,16,84x84,MatchingNetwork,3,3,BreaKHis_formatted,b-59-850,False,5,4000,5,exp1_permuted_src_datasets
836,259.507060118,1.0,1739233637.3510692,,,,,,,0.7067583799362183,0.9375,0.001,1,16,84x84,MatchingNetwork,3,3,BreaKHis_formatted,b-59-850,False,5,4000,5,exp1_permuted_src_datasets
837,259.546557966,1.0,1739233637.3906286,,,,,,,0.6554055213928223,0.9375,0.001,1,16,84x84,MatchingNetwork,3,3,BreaKHis_formatted,b-59-850,False,5,4000,5,exp1_permuted_src_datasets
838,259.583761926,1.0,1739233637.4278145,,,,,,,0.6194179654121399,1.0,0.001,1,16,84x84,MatchingNetwork,3,3,BreaKHis_formatted,b-59-850,False,5,4000,5,exp1_permuted_src_datasets
839,259.622648109,1.0,1739233637.4666834,,,,,,,0.732455849647522,0.9375,0.001,1,16,84x84,MatchingNetwork,3,3,BreaKHis_formatted,b-59-850,False,5,4000,5,exp1_permuted_src_datasets
840,259.659555819,1.0,1739233637.503598,,,,,,,0.6354830265045166,1.0,0.001,1,16,84x84,MatchingNetwork,3,3,BreaKHis_formatted,b-59-850,False,5,4000,5,exp1_permuted_src_datasets
841,259.695442721,1.0,1739233637.5395195,,,,,,,0.6548473238945007,0.9375,0.001,1,16,84x84,MatchingNetwork,3,3,BreaKHis_formatted,b-59-850,False,5,4000,5,exp1_permuted_src_datasets
842,259.735402067,1.0,1739233637.5794723,,,,,,,0.6261022090911865,0.9375,0.001,1,16,84x84,MatchingNetwork,3,3,BreaKHis_formatted,b-59-850,False,5,4000,5,exp1_permuted_src_datasets
843,259.784644615,1.0,1739233637.6286595,,,,,,,0.6996448040008545,0.875,0.001,1,16,84x84,MatchingNetwork,3,3,BreaKHis_formatted,b-59-850,False,5,4000,5,exp1_permuted_src_datasets
844,259.823613065,1.0,1739233637.6677165,,,,,,,0.6416764259338379,1.0,0.001,1,16,84x84,MatchingNetwork,3,3,BreaKHis_formatted,b-59-850,False,5,4000,5,exp1_permuted_src_datasets
845,259.863490785,1.0,1739233637.7075536,,,,,,,0.7121357917785645,0.9375,0.001,1,16,84x84,MatchingNetwork,3,3,BreaKHis_formatted,b-59-850,False,5,4000,5,exp1_permuted_src_datasets
846,259.90436559,1.0,1739233637.748456,,,,,,,0.6593402028083801,0.9375,0.001,1,16,84x84,MatchingNetwork,3,3,BreaKHis_formatted,b-59-850,False,5,4000,5,exp1_permuted_src_datasets
847,259.955616081,1.0,1739233637.7996607,,,,,,,0.703364372253418,0.875,0.001,1,16,84x84,MatchingNetwork,3,3,BreaKHis_formatted,b-59-850,False,5,4000,5,exp1_permuted_src_datasets
848,259.995762953,1.0,1739233637.8398407,,,,,,,0.7163510322570801,0.875,0.001,1,16,84x84,MatchingNetwork,3,3,BreaKHis_formatted,b-59-850,False,5,4000,5,exp1_permuted_src_datasets
849,260.031758542,1.0,1739233637.875808,,,,,,,0.6605044007301331,1.0,0.001,1,16,84x84,MatchingNetwork,3,3,BreaKHis_formatted,b-59-850,False,5,4000,5,exp1_permuted_src_datasets
850,260.081259776,1.0,1739233637.9252257,,,,,,,0.7004467248916626,0.9375,0.001,1,16,84x84,MatchingNetwork,3,3,BreaKHis_formatted,b-59-850,False,5,4000,5,exp1_permuted_src_datasets
851,260.120853203,1.0,1739233637.9648187,,,,,,,0.6524621844291687,0.875,0.001,1,16,84x84,MatchingNetwork,3,3,BreaKHis_formatted,b-59-850,False,5,4000,5,exp1_permuted_src_datasets
852,260.170530624,1.0,1739233638.0145018,,,,,,,0.6323546171188354,0.875,0.001,1,16,84x84,MatchingNetwork,3,3,BreaKHis_formatted,b-59-850,False,5,4000,5,exp1_permuted_src_datasets
853,260.206884109,1.0,1739233638.0509605,,,,,,,0.6864160299301147,0.875,0.001,1,16,84x84,MatchingNetwork,3,3,BreaKHis_formatted,b-59-850,False,5,4000,5,exp1_permuted_src_datasets
854,260.243127265,1.0,1739233638.0871882,,,,,,,0.6378068327903748,0.9375,0.001,1,16,84x84,MatchingNetwork,3,3,BreaKHis_formatted,b-59-850,False,5,4000,5,exp1_permuted_src_datasets
855,260.279664768,1.0,1739233638.123725,,,,,,,0.6386232376098633,1.0,0.001,1,16,84x84,MatchingNetwork,3,3,BreaKHis_formatted,b-59-850,False,5,4000,5,exp1_permuted_src_datasets
856,260.328775365,1.0,1739233638.1727364,,,,,,,0.6514149904251099,1.0,0.001,1,16,84x84,MatchingNetwork,3,3,BreaKHis_formatted,b-59-850,False,5,4000,5,exp1_permuted_src_datasets
857,260.366930275,1.0,1739233638.211024,,,,,,,0.6835812926292419,0.9375,0.001,1,16,84x84,MatchingNetwork,3,3,BreaKHis_formatted,b-59-850,False,5,4000,5,exp1_permuted_src_datasets
858,260.40366499,1.0,1739233638.2476792,,,,,,,0.6727279424667358,0.9375,0.001,1,16,84x84,MatchingNetwork,3,3,BreaKHis_formatted,b-59-850,False,5,4000,5,exp1_permuted_src_datasets
859,260.439992174,1.0,1739233638.284148,,,,,,,0.7836136817932129,0.875,0.001,1,16,84x84,MatchingNetwork,3,3,BreaKHis_formatted,b-59-850,False,5,4000,5,exp1_permuted_src_datasets
860,260.481829093,1.0,1739233638.3202357,,,,,,,0.624669075012207,1.0,0.001,1,16,84x84,MatchingNetwork,3,3,BreaKHis_formatted,b-59-850,False,5,4000,5,exp1_permuted_src_datasets
861,260.51139267,1.0,1739233638.3554568,,,,,,,0.6584039330482483,1.0,0.001,1,16,84x84,MatchingNetwork,3,3,BreaKHis_formatted,b-59-850,False,5,4000,5,exp1_permuted_src_datasets
862,260.554882763,1.0,1739233638.3989358,,,,,,,0.6546345353126526,0.9375,0.001,1,16,84x84,MatchingNetwork,3,3,BreaKHis_formatted,b-59-850,False,5,4000,5,exp1_permuted_src_datasets
863,260.592315156,1.0,1739233638.4364054,,,,,,,0.6320195198059082,1.0,0.001,1,16,84x84,MatchingNetwork,3,3,BreaKHis_formatted,b-59-850,False,5,4000,5,exp1_permuted_src_datasets
864,260.645338738,1.0,1739233638.4892848,,,,,,,0.6390374302864075,1.0,0.001,1,16,84x84,MatchingNetwork,3,3,BreaKHis_formatted,b-59-850,False,5,4000,5,exp1_permuted_src_datasets
865,260.681821583,1.0,1739233638.5258813,,,,,,,0.6651380658149719,0.9375,0.001,1,16,84x84,MatchingNetwork,3,3,BreaKHis_formatted,b-59-850,False,5,4000,5,exp1_permuted_src_datasets
866,260.729804805,1.0,1739233638.57383,,,,,,,0.6530430316925049,0.9375,0.001,1,16,84x84,MatchingNetwork,3,3,BreaKHis_formatted,b-59-850,False,5,4000,5,exp1_permuted_src_datasets
867,260.768832779,1.0,1739233638.6128757,,,,,,,0.6825501322746277,1.0,0.001,1,16,84x84,MatchingNetwork,3,3,BreaKHis_formatted,b-59-850,False,5,4000,5,exp1_permuted_src_datasets
868,260.813418464,1.0,1739233638.6574662,,,,,,,0.6476916074752808,0.9375,0.001,1,16,84x84,MatchingNetwork,3,3,BreaKHis_formatted,b-59-850,False,5,4000,5,exp1_permuted_src_datasets
869,260.856667344,1.0,1739233638.700727,,,,,,,0.6257650852203369,1.0,0.001,1,16,84x84,MatchingNetwork,3,3,BreaKHis_formatted,b-59-850,False,5,4000,5,exp1_permuted_src_datasets
870,260.895146319,1.0,1739233638.7392094,,,,,,,0.6622103452682495,0.875,0.001,1,16,84x84,MatchingNetwork,3,3,BreaKHis_formatted,b-59-850,False,5,4000,5,exp1_permuted_src_datasets
871,260.934713374,1.0,1739233638.7787545,,,,,,,0.630523145198822,1.0,0.001,1,16,84x84,MatchingNetwork,3,3,BreaKHis_formatted,b-59-850,False,5,4000,5,exp1_permuted_src_datasets
872,260.975801647,1.0,1739233638.8198416,,,,,,,0.6793337464332581,1.0,0.001,1,16,84x84,MatchingNetwork,3,3,BreaKHis_formatted,b-59-850,False,5,4000,5,exp1_permuted_src_datasets
873,261.016308038,1.0,1739233638.8603606,,,,,,,0.6198839545249939,1.0,0.001,1,16,84x84,MatchingNetwork,3,3,BreaKHis_formatted,b-59-850,False,5,4000,5,exp1_permuted_src_datasets
874,261.052216243,1.0,1739233638.8962734,,,,,,,0.6840060353279114,0.9375,0.001,1,16,84x84,MatchingNetwork,3,3,BreaKHis_formatted,b-59-850,False,5,4000,5,exp1_permuted_src_datasets
875,261.087602656,1.0,1739233638.931674,,,,,,,0.6802172064781189,0.8125,0.001,1,16,84x84,MatchingNetwork,3,3,BreaKHis_formatted,b-59-850,False,5,4000,5,exp1_permuted_src_datasets
876,261.131244695,1.0,1739233638.975296,,,,,,,0.7563035488128662,1.0,0.001,1,16,84x84,MatchingNetwork,3,3,BreaKHis_formatted,b-59-850,False,5,4000,5,exp1_permuted_src_datasets
877,261.167021629,1.0,1739233639.011088,,,,,,,0.6869487762451172,1.0,0.001,1,16,84x84,MatchingNetwork,3,3,BreaKHis_formatted,b-59-850,False,5,4000,5,exp1_permuted_src_datasets
878,261.205362973,1.0,1739233639.0494065,,,,,,,0.7870012521743774,0.875,0.001,1,16,84x84,MatchingNetwork,3,3,BreaKHis_formatted,b-59-850,False,5,4000,5,exp1_permuted_src_datasets
879,261.241882765,1.0,1739233639.0859325,,,,,,,0.6648768186569214,1.0,0.001,1,16,84x84,MatchingNetwork,3,3,BreaKHis_formatted,b-59-850,False,5,4000,5,exp1_permuted_src_datasets
880,261.278662177,1.0,1739233639.1226764,,,,,,,0.6220543384552002,1.0,0.001,1,16,84x84,MatchingNetwork,3,3,BreaKHis_formatted,b-59-850,False,5,4000,5,exp1_permuted_src_datasets
881,261.313248153,1.0,1739233639.1573586,,,,,,,0.6078395843505859,1.0,0.001,1,16,84x84,MatchingNetwork,3,3,BreaKHis_formatted,b-59-850,False,5,4000,5,exp1_permuted_src_datasets
882,261.348862219,1.0,1739233639.1929243,,,,,,,0.733949601650238,0.6875,0.001,1,16,84x84,MatchingNetwork,3,3,BreaKHis_formatted,b-59-850,False,5,4000,5,exp1_permuted_src_datasets
883,267.584634049,1.0,1739233645.4288988,,,,,,0.447,,,0.001,1,16,84x84,MatchingNetwork,3,3,BreaKHis_formatted,b-59-850,False,5,4000,5,exp1_permuted_src_datasets
884,327.992724763,2.0,1739233705.8369195,,,,,,,,,0.001,1,16,84x84,MatchingNetwork,3,3,BreaKHis_formatted,b-59-850,False,5,4000,5,exp1_permuted_src_datasets
885,335.954008126,2.0,1739233713.7982452,,,,,,0.415,,,0.001,1,16,84x84,MatchingNetwork,3,3,BreaKHis_formatted,b-59-850,False,5,4000,5,exp1_permuted_src_datasets
886,335.988182391,2.0,1739233713.831865,,,,,,,0.8369497060775757,0.875,0.001,1,16,84x84,MatchingNetwork,3,3,BreaKHis_formatted,b-59-850,False,5,4000,5,exp1_permuted_src_datasets
887,336.0276894,2.0,1739233713.8717258,,,,,,,0.8663613796234131,0.75,0.001,1,16,84x84,MatchingNetwork,3,3,BreaKHis_formatted,b-59-850,False,5,4000,5,exp1_permuted_src_datasets
888,336.073707451,2.0,1739233713.9177477,,,,,,,0.9237520694732666,0.625,0.001,1,16,84x84,MatchingNetwork,3,3,BreaKHis_formatted,b-59-850,False,5,4000,5,exp1_permuted_src_datasets
889,336.115803792,2.0,1739233713.959181,,,,,,,0.8958451151847839,0.5,0.001,1,16,84x84,MatchingNetwork,3,3,BreaKHis_formatted,b-59-850,False,5,4000,5,exp1_permuted_src_datasets
890,336.158788321,2.0,1739233714.0028002,,,,,,,0.912912130355835,0.6875,0.001,1,16,84x84,MatchingNetwork,3,3,BreaKHis_formatted,b-59-850,False,5,4000,5,exp1_permuted_src_datasets
891,336.212346949,2.0,1739233714.0563512,,,,,,,0.7591785192489624,0.875,0.001,1,16,84x84,MatchingNetwork,3,3,BreaKHis_formatted,b-59-850,False,5,4000,5,exp1_permuted_src_datasets
892,336.247153552,2.0,1739233714.0912287,,,,,,,0.9196861982345581,0.6875,0.001,1,16,84x84,MatchingNetwork,3,3,BreaKHis_formatted,b-59-850,False,5,4000,5,exp1_permuted_src_datasets
893,336.286032574,2.0,1739233714.1292965,,,,,,,0.9320619702339172,0.5625,0.001,1,16,84x84,MatchingNetwork,3,3,BreaKHis_formatted,b-59-850,False,5,4000,5,exp1_permuted_src_datasets
894,336.323017451,2.0,1739233714.16697,,,,,,,0.8689678311347961,0.75,0.001,1,16,84x84,MatchingNetwork,3,3,BreaKHis_formatted,b-59-850,False,5,4000,5,exp1_permuted_src_datasets
895,336.36999137,2.0,1739233714.2139375,,,,,,,0.8936822414398193,0.6875,0.001,1,16,84x84,MatchingNetwork,3,3,BreaKHis_formatted,b-59-850,False,5,4000,5,exp1_permuted_src_datasets
896,336.41149474,2.0,1739233714.2554722,,,,,,,0.9017227292060852,0.5625,0.001,1,16,84x84,MatchingNetwork,3,3,BreaKHis_formatted,b-59-850,False,5,4000,5,exp1_permuted_src_datasets
897,336.450171029,2.0,1739233714.2942245,,,,,,,0.8207713961601257,0.75,0.001,1,16,84x84,MatchingNetwork,3,3,BreaKHis_formatted,b-59-850,False,5,4000,5,exp1_permuted_src_datasets
898,336.487781086,2.0,1739233714.3318734,,,,,,,0.7864113450050354,0.9375,0.001,1,16,84x84,MatchingNetwork,3,3,BreaKHis_formatted,b-59-850,False,5,4000,5,exp1_permuted_src_datasets
899,336.538749605,2.0,1739233714.382786,,,,,,,0.7481887340545654,0.9375,0.001,1,16,84x84,MatchingNetwork,3,3,BreaKHis_formatted,b-59-850,False,5,4000,5,exp1_permuted_src_datasets
900,336.579744564,2.0,1739233714.4237638,,,,,,,0.8888730406761169,0.625,0.001,1,16,84x84,MatchingNetwork,3,3,BreaKHis_formatted,b-59-850,False,5,4000,5,exp1_permuted_src_datasets
901,336.616647528,2.0,1739233714.4607189,,,,,,,0.9777409434318542,0.5625,0.001,1,16,84x84,MatchingNetwork,3,3,BreaKHis_formatted,b-59-850,False,5,4000,5,exp1_permuted_src_datasets
902,336.658379749,2.0,1739233714.5024261,,,,,,,0.8013916015625,0.8125,0.001,1,16,84x84,MatchingNetwork,3,3,BreaKHis_formatted,b-59-850,False,5,4000,5,exp1_permuted_src_datasets
903,336.694112568,2.0,1739233714.5381691,,,,,,,0.818981409072876,0.75,0.001,1,16,84x84,MatchingNetwork,3,3,BreaKHis_formatted,b-59-850,False,5,4000,5,exp1_permuted_src_datasets
904,336.732615313,2.0,1739233714.5759258,,,,,,,0.8545118570327759,0.8125,0.001,1,16,84x84,MatchingNetwork,3,3,BreaKHis_formatted,b-59-850,False,5,4000,5,exp1_permuted_src_datasets
905,336.773904813,2.0,1739233714.6177566,,,,,,,0.8466018438339233,0.6875,0.001,1,16,84x84,MatchingNetwork,3,3,BreaKHis_formatted,b-59-850,False,5,4000,5,exp1_permuted_src_datasets
906,336.817228793,2.0,1739233714.6612709,,,,,,,0.884803831577301,0.75,0.001,1,16,84x84,MatchingNetwork,3,3,BreaKHis_formatted,b-59-850,False,5,4000,5,exp1_permuted_src_datasets
907,336.855296898,2.0,1739233714.6993809,,,,,,,0.8544844388961792,0.75,0.001,1,16,84x84,MatchingNetwork,3,3,BreaKHis_formatted,b-59-850,False,5,4000,5,exp1_permuted_src_datasets
908,336.896041875,2.0,1739233714.7400796,,,,,,,0.8528774976730347,0.625,0.001,1,16,84x84,MatchingNetwork,3,3,BreaKHis_formatted,b-59-850,False,5,4000,5,exp1_permuted_src_datasets
909,336.931096711,2.0,1739233714.7751498,,,,,,,0.8373064994812012,0.8125,0.001,1,16,84x84,MatchingNetwork,3,3,BreaKHis_formatted,b-59-850,False,5,4000,5,exp1_permuted_src_datasets
910,336.966256701,2.0,1739233714.810353,,,,,,,0.7234993577003479,0.875,0.001,1,16,84x84,MatchingNetwork,3,3,BreaKHis_formatted,b-59-850,False,5,4000,5,exp1_permuted_src_datasets
911,337.009386441,2.0,1739233714.853363,,,,,,,0.7815149426460266,0.875,0.001,1,16,84x84,MatchingNetwork,3,3,BreaKHis_formatted,b-59-850,False,5,4000,5,exp1_permuted_src_datasets
912,337.048044345,2.0,1739233714.891885,,,,,,,0.8623350262641907,0.625,0.001,1,16,84x84,MatchingNetwork,3,3,BreaKHis_formatted,b-59-850,False,5,4000,5,exp1_permuted_src_datasets
913,337.093536201,2.0,1739233714.937597,,,,,,,0.8412796258926392,0.6875,0.001,1,16,84x84,MatchingNetwork,3,3,BreaKHis_formatted,b-59-850,False,5,4000,5,exp1_permuted_src_datasets
914,337.1333016,2.0,1739233714.977357,,,,,,,0.830790638923645,0.8125,0.001,1,16,84x84,MatchingNetwork,3,3,BreaKHis_formatted,b-59-850,False,5,4000,5,exp1_permuted_src_datasets
915,337.174968552,2.0,1739233715.018673,,,,,,,0.759965181350708,0.9375,0.001,1,16,84x84,MatchingNetwork,3,3,BreaKHis_formatted,b-59-850,False,5,4000,5,exp1_permuted_src_datasets
916,337.227503965,2.0,1739233715.0713763,,,,,,,0.793363094329834,0.875,0.001,1,16,84x84,MatchingNetwork,3,3,BreaKHis_formatted,b-59-850,False,5,4000,5,exp1_permuted_src_datasets
917,337.270637386,2.0,1739233715.1146975,,,,,,,0.8632106184959412,0.5625,0.001,1,16,84x84,MatchingNetwork,3,3,BreaKHis_formatted,b-59-850,False,5,4000,5,exp1_permuted_src_datasets
918,337.306610458,2.0,1739233715.1506493,,,,,,,0.7540010809898376,0.8125,0.001,1,16,84x84,MatchingNetwork,3,3,BreaKHis_formatted,b-59-850,False,5,4000,5,exp1_permuted_src_datasets
919,337.342786899,2.0,1739233715.186888,,,,,,,0.7477224469184875,0.875,0.001,1,16,84x84,MatchingNetwork,3,3,BreaKHis_formatted,b-59-850,False,5,4000,5,exp1_permuted_src_datasets
920,337.384645296,2.0,1739233715.2286446,,,,,,,0.7642737030982971,0.75,0.001,1,16,84x84,MatchingNetwork,3,3,BreaKHis_formatted,b-59-850,False,5,4000,5,exp1_permuted_src_datasets
921,337.427763874,2.0,1739233715.2718058,,,,,,,0.8818318247795105,0.8125,0.001,1,16,84x84,MatchingNetwork,3,3,BreaKHis_formatted,b-59-850,False,5,4000,5,exp1_permuted_src_datasets
922,337.467790155,2.0,1739233715.3117795,,,,,,,0.7507518529891968,0.9375,0.001,1,16,84x84,MatchingNetwork,3,3,BreaKHis_formatted,b-59-850,False,5,4000,5,exp1_permuted_src_datasets
923,337.504237222,2.0,1739233715.348319,,,,,,,0.8713728785514832,0.75,0.001,1,16,84x84,MatchingNetwork,3,3,BreaKHis_formatted,b-59-850,False,5,4000,5,exp1_permuted_src_datasets
924,337.554091029,2.0,1739233715.398165,,,,,,,0.800122857093811,0.75,0.001,1,16,84x84,MatchingNetwork,3,3,BreaKHis_formatted,b-59-850,False,5,4000,5,exp1_permuted_src_datasets
925,337.591891243,2.0,1739233715.4359505,,,,,,,0.8911826610565186,0.625,0.001,1,16,84x84,MatchingNetwork,3,3,BreaKHis_formatted,b-59-850,False,5,4000,5,exp1_permuted_src_datasets
926,337.636629141,2.0,1739233715.4804313,,,,,,,0.735308051109314,0.75,0.001,1,16,84x84,MatchingNetwork,3,3,BreaKHis_formatted,b-59-850,False,5,4000,5,exp1_permuted_src_datasets
927,337.675261796,2.0,1739233715.5193498,,,,,,,0.7816299796104431,0.8125,0.001,1,16,84x84,MatchingNetwork,3,3,BreaKHis_formatted,b-59-850,False,5,4000,5,exp1_permuted_src_datasets
928,337.746723409,2.0,1739233715.590778,,,,,,,0.7835795283317566,0.875,0.001,1,16,84x84,MatchingNetwork,3,3,BreaKHis_formatted,b-59-850,False,5,4000,5,exp1_permuted_src_datasets
929,337.789924774,2.0,1739233715.6339183,,,,,,,0.8520822525024414,0.875,0.001,1,16,84x84,MatchingNetwork,3,3,BreaKHis_formatted,b-59-850,False,5,4000,5,exp1_permuted_src_datasets
930,337.835400364,2.0,1739233715.6787386,,,,,,,0.8108780980110168,0.875,0.001,1,16,84x84,MatchingNetwork,3,3,BreaKHis_formatted,b-59-850,False,5,4000,5,exp1_permuted_src_datasets
931,337.874844378,2.0,1739233715.7188406,,,,,,,0.836501955986023,0.6875,0.001,1,16,84x84,MatchingNetwork,3,3,BreaKHis_formatted,b-59-850,False,5,4000,5,exp1_permuted_src_datasets
932,337.915774828,2.0,1739233715.758987,,,,,,,0.762443482875824,0.75,0.001,1,16,84x84,MatchingNetwork,3,3,BreaKHis_formatted,b-59-850,False,5,4000,5,exp1_permuted_src_datasets
933,337.955853714,2.0,1739233715.7998948,,,,,,,0.7983641624450684,0.875,0.001,1,16,84x84,MatchingNetwork,3,3,BreaKHis_formatted,b-59-850,False,5,4000,5,exp1_permuted_src_datasets
934,337.9949631,2.0,1739233715.8390298,,,,,,,0.8885647058486938,0.625,0.001,1,16,84x84,MatchingNetwork,3,3,BreaKHis_formatted,b-59-850,False,5,4000,5,exp1_permuted_src_datasets
935,338.03475279,2.0,1739233715.8779786,,,,,,,0.7978829741477966,0.875,0.001,1,16,84x84,MatchingNetwork,3,3,BreaKHis_formatted,b-59-850,False,5,4000,5,exp1_permuted_src_datasets
936,338.075993102,2.0,1739233715.9195125,,,,,,,0.8937780857086182,0.8125,0.001,1,16,84x84,MatchingNetwork,3,3,BreaKHis_formatted,b-59-850,False,5,4000,5,exp1_permuted_src_datasets
937,338.124693201,2.0,1739233715.9687514,,,,,,,0.8149215579032898,0.6875,0.001,1,16,84x84,MatchingNetwork,3,3,BreaKHis_formatted,b-59-850,False,5,4000,5,exp1_permuted_src_datasets
938,338.160480003,2.0,1739233716.004523,,,,,,,0.7779911160469055,0.8125,0.001,1,16,84x84,MatchingNetwork,3,3,BreaKHis_formatted,b-59-850,False,5,4000,5,exp1_permuted_src_datasets
939,338.196749343,2.0,1739233716.0407948,,,,,,,0.747068464756012,0.875,0.001,1,16,84x84,MatchingNetwork,3,3,BreaKHis_formatted,b-59-850,False,5,4000,5,exp1_permuted_src_datasets
940,338.241854886,2.0,1739233716.08586,,,,,,,0.877600908279419,0.75,0.001,1,16,84x84,MatchingNetwork,3,3,BreaKHis_formatted,b-59-850,False,5,4000,5,exp1_permuted_src_datasets
941,338.280337091,2.0,1739233716.1243856,,,,,,,0.780178964138031,0.8125,0.001,1,16,84x84,MatchingNetwork,3,3,BreaKHis_formatted,b-59-850,False,5,4000,5,exp1_permuted_src_datasets
942,338.322334638,2.0,1739233716.1663811,,,,,,,0.8199071884155273,0.875,0.001,1,16,84x84,MatchingNetwork,3,3,BreaKHis_formatted,b-59-850,False,5,4000,5,exp1_permuted_src_datasets
943,338.361457454,2.0,1739233716.2054048,,,,,,,0.802247941493988,0.6875,0.001,1,16,84x84,MatchingNetwork,3,3,BreaKHis_formatted,b-59-850,False,5,4000,5,exp1_permuted_src_datasets
944,338.400647587,2.0,1739233716.2447,,,,,,,0.7715736627578735,0.75,0.001,1,16,84x84,MatchingNetwork,3,3,BreaKHis_formatted,b-59-850,False,5,4000,5,exp1_permuted_src_datasets
945,338.439297112,2.0,1739233716.283314,,,,,,,0.6935785412788391,0.9375,0.001,1,16,84x84,MatchingNetwork,3,3,BreaKHis_formatted,b-59-850,False,5,4000,5,exp1_permuted_src_datasets
946,338.479423334,2.0,1739233716.3234744,,,,,,,0.7195291519165039,0.875,0.001,1,16,84x84,MatchingNetwork,3,3,BreaKHis_formatted,b-59-850,False,5,4000,5,exp1_permuted_src_datasets
947,338.519299886,2.0,1739233716.3630571,,,,,,,0.6481249928474426,0.9375,0.001,1,16,84x84,MatchingNetwork,3,3,BreaKHis_formatted,b-59-850,False,5,4000,5,exp1_permuted_src_datasets
948,344.866663153,2.0,1739233722.7109184,,,,,,0.4595,,,0.001,1,16,84x84,MatchingNetwork,3,3,BreaKHis_formatted,b-59-850,False,5,4000,5,exp1_permuted_src_datasets
949,344.892322926,2.0,1739233722.73642,,,,,,,0.8249834775924683,0.75,0.001,1,16,84x84,MatchingNetwork,3,3,BreaKHis_formatted,b-59-850,False,5,4000,5,exp1_permuted_src_datasets
950,344.928830185,2.0,1739233722.7728848,,,,,,,0.6799774765968323,1.0,0.001,1,16,84x84,MatchingNetwork,3,3,BreaKHis_formatted,b-59-850,False,5,4000,5,exp1_permuted_src_datasets
951,344.968432118,2.0,1739233722.8124285,,,,,,,0.7886162996292114,0.875,0.001,1,16,84x84,MatchingNetwork,3,3,BreaKHis_formatted,b-59-850,False,5,4000,5,exp1_permuted_src_datasets
952,345.017261078,2.0,1739233722.8612468,,,,,,,0.7807850241661072,0.75,0.001,1,16,84x84,MatchingNetwork,3,3,BreaKHis_formatted,b-59-850,False,5,4000,5,exp1_permuted_src_datasets
953,345.062349976,2.0,1739233722.9064229,,,,,,,0.7804623246192932,0.75,0.001,1,16,84x84,MatchingNetwork,3,3,BreaKHis_formatted,b-59-850,False,5,4000,5,exp1_permuted_src_datasets
954,345.098424396,2.0,1739233722.9425392,,,,,,,0.8461223840713501,0.8125,0.001,1,16,84x84,MatchingNetwork,3,3,BreaKHis_formatted,b-59-850,False,5,4000,5,exp1_permuted_src_datasets
955,345.136638082,2.0,1739233722.9807432,,,,,,,0.7450262904167175,0.8125,0.001,1,16,84x84,MatchingNetwork,3,3,BreaKHis_formatted,b-59-850,False,5,4000,5,exp1_permuted_src_datasets
956,345.175614752,2.0,1739233723.0196874,,,,,,,0.9357479810714722,0.6875,0.001,1,16,84x84,MatchingNetwork,3,3,BreaKHis_formatted,b-59-850,False,5,4000,5,exp1_permuted_src_datasets
957,345.211721936,2.0,1739233723.0557854,,,,,,,0.9717567563056946,0.5,0.001,1,16,84x84,MatchingNetwork,3,3,BreaKHis_formatted,b-59-850,False,5,4000,5,exp1_permuted_src_datasets
958,345.249497553,2.0,1739233723.0935957,,,,,,,0.7595087289810181,0.875,0.001,1,16,84x84,MatchingNetwork,3,3,BreaKHis_formatted,b-59-850,False,5,4000,5,exp1_permuted_src_datasets
959,345.285735113,2.0,1739233723.1298277,,,,,,,0.7855181097984314,0.75,0.001,1,16,84x84,MatchingNetwork,3,3,BreaKHis_formatted,b-59-850,False,5,4000,5,exp1_permuted_src_datasets
960,345.321396726,2.0,1739233723.1655197,,,,,,,0.7544069886207581,0.875,0.001,1,16,84x84,MatchingNetwork,3,3,BreaKHis_formatted,b-59-850,False,5,4000,5,exp1_permuted_src_datasets
961,345.363796952,2.0,1739233723.2078419,,,,,,,0.8734182119369507,0.625,0.001,1,16,84x84,MatchingNetwork,3,3,BreaKHis_formatted,b-59-850,False,5,4000,5,exp1_permuted_src_datasets
962,345.412331359,2.0,1739233723.2562485,,,,,,,0.7671564817428589,0.875,0.001,1,16,84x84,MatchingNetwork,3,3,BreaKHis_formatted,b-59-850,False,5,4000,5,exp1_permuted_src_datasets
963,345.449395372,2.0,1739233723.293508,,,,,,,0.6677988767623901,1.0,0.001,1,16,84x84,MatchingNetwork,3,3,BreaKHis_formatted,b-59-850,False,5,4000,5,exp1_permuted_src_datasets
964,345.493848957,2.0,1739233723.3378901,,,,,,,0.8297620415687561,0.75,0.001,1,16,84x84,MatchingNetwork,3,3,BreaKHis_formatted,b-59-850,False,5,4000,5,exp1_permuted_src_datasets
965,345.530001172,2.0,1739233723.3740487,,,,,,,0.7246343493461609,0.875,0.001,1,16,84x84,MatchingNetwork,3,3,BreaKHis_formatted,b-59-850,False,5,4000,5,exp1_permuted_src_datasets
966,345.573553391,2.0,1739233723.4175835,,,,,,,0.870802104473114,0.625,0.001,1,16,84x84,MatchingNetwork,3,3,BreaKHis_formatted,b-59-850,False,5,4000,5,exp1_permuted_src_datasets
967,345.611507296,2.0,1739233723.4555285,,,,,,,0.8389775156974792,0.75,0.001,1,16,84x84,MatchingNetwork,3,3,BreaKHis_formatted,b-59-850,False,5,4000,5,exp1_permuted_src_datasets
968,345.669758041,2.0,1739233723.4979618,,,,,,,0.806826651096344,0.8125,0.001,1,16,84x84,MatchingNetwork,3,3,BreaKHis_formatted,b-59-850,False,5,4000,5,exp1_permuted_src_datasets
969,345.709790616,2.0,1739233723.5537863,,,,,,,0.8072180151939392,0.75,0.001,1,16,84x84,MatchingNetwork,3,3,BreaKHis_formatted,b-59-850,False,5,4000,5,exp1_permuted_src_datasets
970,345.750579333,2.0,1739233723.5946636,,,,,,,0.7314224243164062,0.875,0.001,1,16,84x84,MatchingNetwork,3,3,BreaKHis_formatted,b-59-850,False,5,4000,5,exp1_permuted_src_datasets
971,345.786696205,2.0,1739233723.6307425,,,,,,,0.805621862411499,0.75,0.001,1,16,84x84,MatchingNetwork,3,3,BreaKHis_formatted,b-59-850,False,5,4000,5,exp1_permuted_src_datasets
972,345.834027114,2.0,1739233723.6780257,,,,,,,0.7458669543266296,0.875,0.001,1,16,84x84,MatchingNetwork,3,3,BreaKHis_formatted,b-59-850,False,5,4000,5,exp1_permuted_src_datasets
973,345.874470592,2.0,1739233723.718577,,,,,,,0.7898867130279541,0.8125,0.001,1,16,84x84,MatchingNetwork,3,3,BreaKHis_formatted,b-59-850,False,5,4000,5,exp1_permuted_src_datasets
974,345.923259864,2.0,1739233723.76725,,,,,,,0.7205839157104492,0.875,0.001,1,16,84x84,MatchingNetwork,3,3,BreaKHis_formatted,b-59-850,False,5,4000,5,exp1_permuted_src_datasets
975,345.96696058,2.0,1739233723.8109858,,,,,,,0.6544061303138733,0.9375,0.001,1,16,84x84,MatchingNetwork,3,3,BreaKHis_formatted,b-59-850,False,5,4000,5,exp1_permuted_src_datasets
976,346.01547438,2.0,1739233723.8594975,,,,,,,0.7625346779823303,0.9375,0.001,1,16,84x84,MatchingNetwork,3,3,BreaKHis_formatted,b-59-850,False,5,4000,5,exp1_permuted_src_datasets
977,346.051319317,2.0,1739233723.8954334,,,,,,,0.7019719481468201,0.9375,0.001,1,16,84x84,MatchingNetwork,3,3,BreaKHis_formatted,b-59-850,False,5,4000,5,exp1_permuted_src_datasets
978,346.087892302,2.0,1739233723.931946,,,,,,,0.7401731610298157,0.9375,0.001,1,16,84x84,MatchingNetwork,3,3,BreaKHis_formatted,b-59-850,False,5,4000,5,exp1_permuted_src_datasets
979,346.125816297,2.0,1739233723.9698818,,,,,,,0.8448947668075562,0.75,0.001,1,16,84x84,MatchingNetwork,3,3,BreaKHis_formatted,b-59-850,False,5,4000,5,exp1_permuted_src_datasets
980,346.161556369,2.0,1739233724.0055804,,,,,,,0.7068461179733276,0.8125,0.001,1,16,84x84,MatchingNetwork,3,3,BreaKHis_formatted,b-59-850,False,5,4000,5,exp1_permuted_src_datasets
981,346.197336007,2.0,1739233724.0413914,,,,,,,0.7311815023422241,0.875,0.001,1,16,84x84,MatchingNetwork,3,3,BreaKHis_formatted,b-59-850,False,5,4000,5,exp1_permuted_src_datasets
982,346.241081379,2.0,1739233724.0851157,,,,,,,0.8063142895698547,0.75,0.001,1,16,84x84,MatchingNetwork,3,3,BreaKHis_formatted,b-59-850,False,5,4000,5,exp1_permuted_src_datasets
983,346.291590338,2.0,1739233724.1356442,,,,,,,0.7222468852996826,0.9375,0.001,1,16,84x84,MatchingNetwork,3,3,BreaKHis_formatted,b-59-850,False,5,4000,5,exp1_permuted_src_datasets
984,346.335096952,2.0,1739233724.1791384,,,,,,,0.7627446055412292,0.875,0.001,1,16,84x84,MatchingNetwork,3,3,BreaKHis_formatted,b-59-850,False,5,4000,5,exp1_permuted_src_datasets
985,346.370435969,2.0,1739233724.2144973,,,,,,,0.8351887464523315,0.625,0.001,1,16,84x84,MatchingNetwork,3,3,BreaKHis_formatted,b-59-850,False,5,4000,5,exp1_permuted_src_datasets
986,346.412627783,2.0,1739233724.2566485,,,,,,,0.7481886148452759,0.9375,0.001,1,16,84x84,MatchingNetwork,3,3,BreaKHis_formatted,b-59-850,False,5,4000,5,exp1_permuted_src_datasets
987,346.453283588,2.0,1739233724.2973204,,,,,,,0.6284049153327942,1.0,0.001,1,16,84x84,MatchingNetwork,3,3,BreaKHis_formatted,b-59-850,False,5,4000,5,exp1_permuted_src_datasets
988,346.490272131,2.0,1739233724.334346,,,,,,,0.7542616724967957,0.8125,0.001,1,16,84x84,MatchingNetwork,3,3,BreaKHis_formatted,b-59-850,False,5,4000,5,exp1_permuted_src_datasets
989,346.526293059,2.0,1739233724.3703785,,,,,,,0.7281202673912048,0.8125,0.001,1,16,84x84,MatchingNetwork,3,3,BreaKHis_formatted,b-59-850,False,5,4000,5,exp1_permuted_src_datasets
990,346.569318818,2.0,1739233724.4132068,,,,,,,0.6422973275184631,0.9375,0.001,1,16,84x84,MatchingNetwork,3,3,BreaKHis_formatted,b-59-850,False,5,4000,5,exp1_permuted_src_datasets
991,346.622006604,2.0,1739233724.466028,,,,,,,0.7280745506286621,0.8125,0.001,1,16,84x84,MatchingNetwork,3,3,BreaKHis_formatted,b-59-850,False,5,4000,5,exp1_permuted_src_datasets
992,346.658406254,2.0,1739233724.502461,,,,,,,0.7399344444274902,0.75,0.001,1,16,84x84,MatchingNetwork,3,3,BreaKHis_formatted,b-59-850,False,5,4000,5,exp1_permuted_src_datasets
993,346.700967156,2.0,1739233724.5450506,,,,,,,0.6731929183006287,0.875,0.001,1,16,84x84,MatchingNetwork,3,3,BreaKHis_formatted,b-59-850,False,5,4000,5,exp1_permuted_src_datasets
994,346.736930376,2.0,1739233724.581056,,,,,,,0.7451499104499817,0.9375,0.001,1,16,84x84,MatchingNetwork,3,3,BreaKHis_formatted,b-59-850,False,5,4000,5,exp1_permuted_src_datasets
995,346.778240375,2.0,1739233724.6222985,,,,,,,0.7179054021835327,0.9375,0.001,1,16,84x84,MatchingNetwork,3,3,BreaKHis_formatted,b-59-850,False,5,4000,5,exp1_permuted_src_datasets
996,346.819199033,2.0,1739233724.663258,,,,,,,0.9062690734863281,0.5,0.001,1,16,84x84,MatchingNetwork,3,3,BreaKHis_formatted,b-59-850,False,5,4000,5,exp1_permuted_src_datasets
997,346.869916278,2.0,1739233724.7139976,,,,,,,0.7134385704994202,0.8125,0.001,1,16,84x84,MatchingNetwork,3,3,BreaKHis_formatted,b-59-850,False,5,4000,5,exp1_permuted_src_datasets
998,346.906098364,2.0,1739233724.750195,,,,,,,0.645117998123169,1.0,0.001,1,16,84x84,MatchingNetwork,3,3,BreaKHis_formatted,b-59-850,False,5,4000,5,exp1_permuted_src_datasets
999,346.942049588,2.0,1739233724.7860985,,,,,,,0.7739463448524475,0.6875,0.001,1,16,84x84,MatchingNetwork,3,3,BreaKHis_formatted,b-59-850,False,5,4000,5,exp1_permuted_src_datasets
1000,346.978673491,2.0,1739233724.82275,,,,,,,0.7324604392051697,0.875,0.001,1,16,84x84,MatchingNetwork,3,3,BreaKHis_formatted,b-59-850,False,5,4000,5,exp1_permuted_src_datasets
1001,347.014224853,2.0,1739233724.858344,,,,,,,0.7406664490699768,0.9375,0.001,1,16,84x84,MatchingNetwork,3,3,BreaKHis_formatted,b-59-850,False,5,4000,5,exp1_permuted_src_datasets
1002,347.051832593,2.0,1739233724.8958778,,,,,,,0.7155239582061768,0.6875,0.001,1,16,84x84,MatchingNetwork,3,3,BreaKHis_formatted,b-59-850,False,5,4000,5,exp1_permuted_src_datasets
1003,347.089904359,2.0,1739233724.9339406,,,,,,,0.6921299695968628,0.8125,0.001,1,16,84x84,MatchingNetwork,3,3,BreaKHis_formatted,b-59-850,False,5,4000,5,exp1_permuted_src_datasets
1004,347.127075359,2.0,1739233724.9711204,,,,,,,0.6982370615005493,0.6875,0.001,1,16,84x84,MatchingNetwork,3,3,BreaKHis_formatted,b-59-850,False,5,4000,5,exp1_permuted_src_datasets
1005,347.163204757,2.0,1739233725.0072637,,,,,,,0.7627899050712585,0.8125,0.001,1,16,84x84,MatchingNetwork,3,3,BreaKHis_formatted,b-59-850,False,5,4000,5,exp1_permuted_src_datasets
1006,347.199192715,2.0,1739233725.0432584,,,,,,,0.7663848996162415,0.75,0.001,1,16,84x84,MatchingNetwork,3,3,BreaKHis_formatted,b-59-850,False,5,4000,5,exp1_permuted_src_datasets
1007,347.235067869,2.0,1739233725.0790997,,,,,,,0.723524808883667,0.75,0.001,1,16,84x84,MatchingNetwork,3,3,BreaKHis_formatted,b-59-850,False,5,4000,5,exp1_permuted_src_datasets
1008,347.284021313,2.0,1739233725.1279364,,,,,,,0.8088006973266602,0.75,0.001,1,16,84x84,MatchingNetwork,3,3,BreaKHis_formatted,b-59-850,False,5,4000,5,exp1_permuted_src_datasets
1009,347.332819978,2.0,1739233725.176877,,,,,,,0.7199702262878418,0.75,0.001,1,16,84x84,MatchingNetwork,3,3,BreaKHis_formatted,b-59-850,False,5,4000,5,exp1_permuted_src_datasets
1010,347.368894412,2.0,1739233725.2129428,,,,,,,0.7096021771430969,0.875,0.001,1,16,84x84,MatchingNetwork,3,3,BreaKHis_formatted,b-59-850,False,5,4000,5,exp1_permuted_src_datasets
1011,353.520551618,2.0,1739233731.3648093,,,,,,0.438,,,0.001,1,16,84x84,MatchingNetwork,3,3,BreaKHis_formatted,b-59-850,False,5,4000,5,exp1_permuted_src_datasets
1012,353.541451986,2.0,1739233731.385575,,,,,,,0.8251982927322388,0.6875,0.001,1,16,84x84,MatchingNetwork,3,3,BreaKHis_formatted,b-59-850,False,5,4000,5,exp1_permuted_src_datasets
1013,353.584776196,2.0,1739233731.4287958,,,,,,,0.6762592792510986,0.8125,0.001,1,16,84x84,MatchingNetwork,3,3,BreaKHis_formatted,b-59-850,False,5,4000,5,exp1_permuted_src_datasets
1014,353.627766973,2.0,1739233731.4718103,,,,,,,0.7591295838356018,0.875,0.001,1,16,84x84,MatchingNetwork,3,3,BreaKHis_formatted,b-59-850,False,5,4000,5,exp1_permuted_src_datasets
1015,353.677033686,2.0,1739233731.5210717,,,,,,,0.8941331505775452,0.625,0.001,1,16,84x84,MatchingNetwork,3,3,BreaKHis_formatted,b-59-850,False,5,4000,5,exp1_permuted_src_datasets
1016,353.717097976,2.0,1739233731.5611694,,,,,,,0.7599628567695618,0.75,0.001,1,16,84x84,MatchingNetwork,3,3,BreaKHis_formatted,b-59-850,False,5,4000,5,exp1_permuted_src_datasets
1017,353.760345395,2.0,1739233731.6043887,,,,,,,0.7486584782600403,0.8125,0.001,1,16,84x84,MatchingNetwork,3,3,BreaKHis_formatted,b-59-850,False,5,4000,5,exp1_permuted_src_datasets
1018,353.806753009,2.0,1739233731.6508272,,,,,,,0.6830263733863831,1.0,0.001,1,16,84x84,MatchingNetwork,3,3,BreaKHis_formatted,b-59-850,False,5,4000,5,exp1_permuted_src_datasets
1019,353.847262819,2.0,1739233731.6913307,,,,,,,0.7629539966583252,0.625,0.001,1,16,84x84,MatchingNetwork,3,3,BreaKHis_formatted,b-59-850,False,5,4000,5,exp1_permuted_src_datasets
1020,353.884474367,2.0,1739233731.728533,,,,,,,0.686449408531189,0.8125,0.001,1,16,84x84,MatchingNetwork,3,3,BreaKHis_formatted,b-59-850,False,5,4000,5,exp1_permuted_src_datasets
1021,353.928045315,2.0,1739233731.7720869,,,,,,,0.7426602840423584,0.75,0.001,1,16,84x84,MatchingNetwork,3,3,BreaKHis_formatted,b-59-850,False,5,4000,5,exp1_permuted_src_datasets
1022,353.96493322,2.0,1739233731.809013,,,,,,,0.7158182859420776,0.8125,0.001,1,16,84x84,MatchingNetwork,3,3,BreaKHis_formatted,b-59-850,False,5,4000,5,exp1_permuted_src_datasets
1023,354.017058836,2.0,1739233731.8610213,,,,,,,0.7950071692466736,0.75,0.001,1,16,84x84,MatchingNetwork,3,3,BreaKHis_formatted,b-59-850,False,5,4000,5,exp1_permuted_src_datasets
1024,354.056008731,2.0,1739233731.9000773,,,,,,,0.6866702437400818,0.8125,0.001,1,16,84x84,MatchingNetwork,3,3,BreaKHis_formatted,b-59-850,False,5,4000,5,exp1_permuted_src_datasets
1025,354.091600046,2.0,1739233731.9356637,,,,,,,0.6947343349456787,0.9375,0.001,1,16,84x84,MatchingNetwork,3,3,BreaKHis_formatted,b-59-850,False,5,4000,5,exp1_permuted_src_datasets
1026,354.128826587,2.0,1739233731.972881,,,,,,,0.7805264592170715,0.875,0.001,1,16,84x84,MatchingNetwork,3,3,BreaKHis_formatted,b-59-850,False,5,4000,5,exp1_permuted_src_datasets
1027,354.166128553,2.0,1739233732.0101552,,,,,,,0.7434187531471252,0.8125,0.001,1,16,84x84,MatchingNetwork,3,3,BreaKHis_formatted,b-59-850,False,5,4000,5,exp1_permuted_src_datasets
1028,354.212610176,2.0,1739233732.0565438,,,,,,,0.639887809753418,1.0,0.001,1,16,84x84,MatchingNetwork,3,3,BreaKHis_formatted,b-59-850,False,5,4000,5,exp1_permuted_src_datasets
1029,354.252869082,2.0,1739233732.096954,,,,,,,0.8104903697967529,0.75,0.001,1,16,84x84,MatchingNetwork,3,3,BreaKHis_formatted,b-59-850,False,5,4000,5,exp1_permuted_src_datasets
1030,354.28868475,2.0,1739233732.132745,,,,,,,0.6670957803726196,1.0,0.001,1,16,84x84,MatchingNetwork,3,3,BreaKHis_formatted,b-59-850,False,5,4000,5,exp1_permuted_src_datasets
1031,354.324514446,2.0,1739233732.168582,,,,,,,0.7113016247749329,0.8125,0.001,1,16,84x84,MatchingNetwork,3,3,BreaKHis_formatted,b-59-850,False,5,4000,5,exp1_permuted_src_datasets
1032,354.373893695,2.0,1739233732.2177963,,,,,,,0.7712504267692566,0.75,0.001,1,16,84x84,MatchingNetwork,3,3,BreaKHis_formatted,b-59-850,False,5,4000,5,exp1_permuted_src_datasets
1033,354.426110077,2.0,1739233732.2701056,,,,,,,0.7310061454772949,0.9375,0.001,1,16,84x84,MatchingNetwork,3,3,BreaKHis_formatted,b-59-850,False,5,4000,5,exp1_permuted_src_datasets
1034,354.468088979,2.0,1739233732.3121305,,,,,,,0.6649724245071411,0.9375,0.001,1,16,84x84,MatchingNetwork,3,3,BreaKHis_formatted,b-59-850,False,5,4000,5,exp1_permuted_src_datasets
1035,354.517053205,2.0,1739233732.3609986,,,,,,,0.7618151307106018,0.8125,0.001,1,16,84x84,MatchingNetwork,3,3,BreaKHis_formatted,b-59-850,False,5,4000,5,exp1_permuted_src_datasets
1036,354.553049717,2.0,1739233732.3971238,,,,,,,0.667069673538208,0.9375,0.001,1,16,84x84,MatchingNetwork,3,3,BreaKHis_formatted,b-59-850,False,5,4000,5,exp1_permuted_src_datasets
1037,354.595793835,2.0,1739233732.4398503,,,,,,,0.6333627700805664,0.875,0.001,1,16,84x84,MatchingNetwork,3,3,BreaKHis_formatted,b-59-850,False,5,4000,5,exp1_permuted_src_datasets
1038,354.636285241,2.0,1739233732.4803314,,,,,,,0.6753324866294861,0.8125,0.001,1,16,84x84,MatchingNetwork,3,3,BreaKHis_formatted,b-59-850,False,5,4000,5,exp1_permuted_src_datasets
1039,354.680628819,2.0,1739233732.5247004,,,,,,,0.6658164858818054,0.875,0.001,1,16,84x84,MatchingNetwork,3,3,BreaKHis_formatted,b-59-850,False,5,4000,5,exp1_permuted_src_datasets
1040,354.71689451,2.0,1739233732.560924,,,,,,,0.7539374232292175,0.875,0.001,1,16,84x84,MatchingNetwork,3,3,BreaKHis_formatted,b-59-850,False,5,4000,5,exp1_permuted_src_datasets
1041,354.757672029,2.0,1739233732.6016788,,,,,,,0.9167254567146301,0.625,0.001,1,16,84x84,MatchingNetwork,3,3,BreaKHis_formatted,b-59-850,False,5,4000,5,exp1_permuted_src_datasets
1042,354.806708296,2.0,1739233732.6506522,,,,,,,0.749552845954895,0.75,0.001,1,16,84x84,MatchingNetwork,3,3,BreaKHis_formatted,b-59-850,False,5,4000,5,exp1_permuted_src_datasets
1043,354.855298145,2.0,1739233732.6993465,,,,,,,0.7807806730270386,0.75,0.001,1,16,84x84,MatchingNetwork,3,3,BreaKHis_formatted,b-59-850,False,5,4000,5,exp1_permuted_src_datasets
1044,354.895964599,2.0,1739233732.740052,,,,,,,0.7397106885910034,0.875,0.001,1,16,84x84,MatchingNetwork,3,3,BreaKHis_formatted,b-59-850,False,5,4000,5,exp1_permuted_src_datasets
1045,354.933706363,2.0,1739233732.777734,,,,,,,0.7439069747924805,0.875,0.001,1,16,84x84,MatchingNetwork,3,3,BreaKHis_formatted,b-59-850,False,5,4000,5,exp1_permuted_src_datasets
1046,354.973290981,2.0,1739233732.8173466,,,,,,,0.7554208040237427,0.8125,0.001,1,16,84x84,MatchingNetwork,3,3,BreaKHis_formatted,b-59-850,False,5,4000,5,exp1_permuted_src_datasets
1047,355.009945944,2.0,1739233732.8539705,,,,,,,0.7747286558151245,0.6875,0.001,1,16,84x84,MatchingNetwork,3,3,BreaKHis_formatted,b-59-850,False,5,4000,5,exp1_permuted_src_datasets
1048,355.054204399,2.0,1739233732.8981762,,,,,,,0.8089484572410583,0.6875,0.001,1,16,84x84,MatchingNetwork,3,3,BreaKHis_formatted,b-59-850,False,5,4000,5,exp1_permuted_src_datasets
1049,355.089951836,2.0,1739233732.93401,,,,,,,0.7120147943496704,0.875,0.001,1,16,84x84,MatchingNetwork,3,3,BreaKHis_formatted,b-59-850,False,5,4000,5,exp1_permuted_src_datasets
1050,355.129201436,2.0,1739233732.9732535,,,,,,,0.7530312538146973,0.8125,0.001,1,16,84x84,MatchingNetwork,3,3,BreaKHis_formatted,b-59-850,False,5,4000,5,exp1_permuted_src_datasets
1051,355.165215902,2.0,1739233733.0093043,,,,,,,0.6868744492530823,0.75,0.001,1,16,84x84,MatchingNetwork,3,3,BreaKHis_formatted,b-59-850,False,5,4000,5,exp1_permuted_src_datasets
1052,355.204067364,2.0,1739233733.0481117,,,,,,,0.7208843231201172,0.8125,0.001,1,16,84x84,MatchingNetwork,3,3,BreaKHis_formatted,b-59-850,False,5,4000,5,exp1_permuted_src_datasets
1053,355.242161399,2.0,1739233733.086199,,,,,,,0.6299898028373718,1.0,0.001,1,16,84x84,MatchingNetwork,3,3,BreaKHis_formatted,b-59-850,False,5,4000,5,exp1_permuted_src_datasets
1054,355.28023665,2.0,1739233733.1243303,,,,,,,0.7120066285133362,0.8125,0.001,1,16,84x84,MatchingNetwork,3,3,BreaKHis_formatted,b-59-850,False,5,4000,5,exp1_permuted_src_datasets
1055,355.31587454,2.0,1739233733.1599607,,,,,,,0.663677453994751,1.0,0.001,1,16,84x84,MatchingNetwork,3,3,BreaKHis_formatted,b-59-850,False,5,4000,5,exp1_permuted_src_datasets
1056,355.351945821,2.0,1739233733.1960084,,,,,,,0.6530738472938538,1.0,0.001,1,16,84x84,MatchingNetwork,3,3,BreaKHis_formatted,b-59-850,False,5,4000,5,exp1_permuted_src_datasets
1057,355.391087791,2.0,1739233733.2351377,,,,,,,0.6334877610206604,0.875,0.001,1,16,84x84,MatchingNetwork,3,3,BreaKHis_formatted,b-59-850,False,5,4000,5,exp1_permuted_src_datasets
1058,355.428293696,2.0,1739233733.2721922,,,,,,,0.6342041492462158,1.0,0.001,1,16,84x84,MatchingNetwork,3,3,BreaKHis_formatted,b-59-850,False,5,4000,5,exp1_permuted_src_datasets
1059,355.471503766,2.0,1739233733.3155644,,,,,,,0.7287628650665283,0.9375,0.001,1,16,84x84,MatchingNetwork,3,3,BreaKHis_formatted,b-59-850,False,5,4000,5,exp1_permuted_src_datasets
1060,355.516630551,2.0,1739233733.3607671,,,,,,,0.8121123313903809,0.6875,0.001,1,16,84x84,MatchingNetwork,3,3,BreaKHis_formatted,b-59-850,False,5,4000,5,exp1_permuted_src_datasets
1061,355.55749902,2.0,1739233733.401561,,,,,,,0.7241328954696655,0.875,0.001,1,16,84x84,MatchingNetwork,3,3,BreaKHis_formatted,b-59-850,False,5,4000,5,exp1_permuted_src_datasets
1062,355.594773904,2.0,1739233733.4388247,,,,,,,0.6692923307418823,0.875,0.001,1,16,84x84,MatchingNetwork,3,3,BreaKHis_formatted,b-59-850,False,5,4000,5,exp1_permuted_src_datasets
1063,355.63216071,2.0,1739233733.4761882,,,,,,,0.7825589776039124,0.75,0.001,1,16,84x84,MatchingNetwork,3,3,BreaKHis_formatted,b-59-850,False,5,4000,5,exp1_permuted_src_datasets
1064,355.667943684,2.0,1739233733.5119946,,,,,,,0.7824249863624573,0.6875,0.001,1,16,84x84,MatchingNetwork,3,3,BreaKHis_formatted,b-59-850,False,5,4000,5,exp1_permuted_src_datasets
1065,355.703785468,2.0,1739233733.5478294,,,,,,,0.7084502577781677,0.875,0.001,1,16,84x84,MatchingNetwork,3,3,BreaKHis_formatted,b-59-850,False,5,4000,5,exp1_permuted_src_datasets
1066,355.739821862,2.0,1739233733.5838857,,,,,,,0.7170899510383606,0.8125,0.001,1,16,84x84,MatchingNetwork,3,3,BreaKHis_formatted,b-59-850,False,5,4000,5,exp1_permuted_src_datasets
1067,355.776094959,2.0,1739233733.6201825,,,,,,,0.7278279066085815,0.875,0.001,1,16,84x84,MatchingNetwork,3,3,BreaKHis_formatted,b-59-850,False,5,4000,5,exp1_permuted_src_datasets
1068,355.817553311,2.0,1739233733.6616185,,,,,,,0.7366774082183838,0.8125,0.001,1,16,84x84,MatchingNetwork,3,3,BreaKHis_formatted,b-59-850,False,5,4000,5,exp1_permuted_src_datasets
1069,355.866847837,2.0,1739233733.71084,,,,,,,0.7146920561790466,0.875,0.001,1,16,84x84,MatchingNetwork,3,3,BreaKHis_formatted,b-59-850,False,5,4000,5,exp1_permuted_src_datasets
1070,355.902773104,2.0,1739233733.7468255,,,,,,,0.743881344795227,0.875,0.001,1,16,84x84,MatchingNetwork,3,3,BreaKHis_formatted,b-59-850,False,5,4000,5,exp1_permuted_src_datasets
1071,355.939118834,2.0,1739233733.7831957,,,,,,,0.7176960110664368,0.8125,0.001,1,16,84x84,MatchingNetwork,3,3,BreaKHis_formatted,b-59-850,False,5,4000,5,exp1_permuted_src_datasets
1072,355.974865373,2.0,1739233733.8189442,,,,,,,0.6985791325569153,0.8125,0.001,1,16,84x84,MatchingNetwork,3,3,BreaKHis_formatted,b-59-850,False,5,4000,5,exp1_permuted_src_datasets
1073,356.018981177,2.0,1739233733.8630598,,,,,,,0.7181575894355774,0.875,0.001,1,16,84x84,MatchingNetwork,3,3,BreaKHis_formatted,b-59-850,False,5,4000,5,exp1_permuted_src_datasets
1074,362.559074958,2.0,1739233740.4033227,,,,,,0.4235,,,0.001,1,16,84x84,MatchingNetwork,3,3,BreaKHis_formatted,b-59-850,False,5,4000,5,exp1_permuted_src_datasets
1075,421.921993793,3.0,1739233799.7661304,,,,,,,,,0.001,1,16,84x84,MatchingNetwork,3,3,BreaKHis_formatted,b-59-850,False,5,4000,5,exp1_permuted_src_datasets
1076,429.982244372,3.0,1739233807.8264449,,,,,,0.41875,,,0.001,1,16,84x84,MatchingNetwork,3,3,BreaKHis_formatted,b-59-850,False,5,4000,5,exp1_permuted_src_datasets
1077,430.026712562,3.0,1739233807.8705518,,,,,,,0.8908768892288208,0.6875,0.001,1,16,84x84,MatchingNetwork,3,3,BreaKHis_formatted,b-59-850,False,5,4000,5,exp1_permuted_src_datasets
1078,430.072895374,3.0,1739233807.9166558,,,,,,,0.8783437013626099,0.6875,0.001,1,16,84x84,MatchingNetwork,3,3,BreaKHis_formatted,b-59-850,False,5,4000,5,exp1_permuted_src_datasets
1079,430.131684345,3.0,1739233807.9755576,,,,,,,0.9387540817260742,0.5625,0.001,1,16,84x84,MatchingNetwork,3,3,BreaKHis_formatted,b-59-850,False,5,4000,5,exp1_permuted_src_datasets
1080,430.197446712,3.0,1739233808.0413463,,,,,,,0.8150768876075745,0.625,0.001,1,16,84x84,MatchingNetwork,3,3,BreaKHis_formatted,b-59-850,False,5,4000,5,exp1_permuted_src_datasets
1081,430.270324065,3.0,1739233808.1135926,,,,,,,0.9164045453071594,0.6875,0.001,1,16,84x84,MatchingNetwork,3,3,BreaKHis_formatted,b-59-850,False,5,4000,5,exp1_permuted_src_datasets
1082,430.323978296,3.0,1739233808.1679926,,,,,,,0.9152958393096924,0.8125,0.001,1,16,84x84,MatchingNetwork,3,3,BreaKHis_formatted,b-59-850,False,5,4000,5,exp1_permuted_src_datasets
1083,430.372858969,3.0,1739233808.2110214,,,,,,,0.8938946723937988,0.8125,0.001,1,16,84x84,MatchingNetwork,3,3,BreaKHis_formatted,b-59-850,False,5,4000,5,exp1_permuted_src_datasets
1084,430.421771399,3.0,1739233808.2653625,,,,,,,0.8617485761642456,0.875,0.001,1,16,84x84,MatchingNetwork,3,3,BreaKHis_formatted,b-59-850,False,5,4000,5,exp1_permuted_src_datasets
1085,430.489829556,3.0,1739233808.3191824,,,,,,,0.8739680051803589,0.625,0.001,1,16,84x84,MatchingNetwork,3,3,BreaKHis_formatted,b-59-850,False,5,4000,5,exp1_permuted_src_datasets
1086,430.527406323,3.0,1739233808.3713012,,,,,,,0.8540308475494385,0.75,0.001,1,16,84x84,MatchingNetwork,3,3,BreaKHis_formatted,b-59-850,False,5,4000,5,exp1_permuted_src_datasets
1087,430.582041096,3.0,1739233808.4258175,,,,,,,0.9035334587097168,0.8125,0.001,1,16,84x84,MatchingNetwork,3,3,BreaKHis_formatted,b-59-850,False,5,4000,5,exp1_permuted_src_datasets
1088,430.633766688,3.0,1739233808.4776263,,,,,,,0.8525088429450989,0.6875,0.001,1,16,84x84,MatchingNetwork,3,3,BreaKHis_formatted,b-59-850,False,5,4000,5,exp1_permuted_src_datasets
1089,430.676000168,3.0,1739233808.520009,,,,,,,0.8561153411865234,0.5625,0.001,1,16,84x84,MatchingNetwork,3,3,BreaKHis_formatted,b-59-850,False,5,4000,5,exp1_permuted_src_datasets
1090,430.720658683,3.0,1739233808.5646238,,,,,,,0.8361924886703491,0.625,0.001,1,16,84x84,MatchingNetwork,3,3,BreaKHis_formatted,b-59-850,False,5,4000,5,exp1_permuted_src_datasets
1091,430.771412667,3.0,1739233808.609307,,,,,,,0.7904409170150757,0.75,0.001,1,16,84x84,MatchingNetwork,3,3,BreaKHis_formatted,b-59-850,False,5,4000,5,exp1_permuted_src_datasets
1092,430.818088297,3.0,1739233808.6621082,,,,,,,0.8099798560142517,0.875,0.001,1,16,84x84,MatchingNetwork,3,3,BreaKHis_formatted,b-59-850,False,5,4000,5,exp1_permuted_src_datasets
1093,430.881299185,3.0,1739233808.723958,,,,,,,0.9083647727966309,0.625,0.001,1,16,84x84,MatchingNetwork,3,3,BreaKHis_formatted,b-59-850,False,5,4000,5,exp1_permuted_src_datasets
1094,430.928187154,3.0,1739233808.7720544,,,,,,,0.8288721442222595,0.6875,0.001,1,16,84x84,MatchingNetwork,3,3,BreaKHis_formatted,b-59-850,False,5,4000,5,exp1_permuted_src_datasets
1095,430.979311672,3.0,1739233808.8232062,,,,,,,0.9533184170722961,0.5625,0.001,1,16,84x84,MatchingNetwork,3,3,BreaKHis_formatted,b-59-850,False,5,4000,5,exp1_permuted_src_datasets
1096,431.020367199,3.0,1739233808.864303,,,,,,,0.8246300220489502,0.625,0.001,1,16,84x84,MatchingNetwork,3,3,BreaKHis_formatted,b-59-850,False,5,4000,5,exp1_permuted_src_datasets
1097,431.06442643,3.0,1739233808.9084458,,,,,,,0.7364963889122009,0.9375,0.001,1,16,84x84,MatchingNetwork,3,3,BreaKHis_formatted,b-59-850,False,5,4000,5,exp1_permuted_src_datasets
1098,431.111587941,3.0,1739233808.955611,,,,,,,0.7722690105438232,0.625,0.001,1,16,84x84,MatchingNetwork,3,3,BreaKHis_formatted,b-59-850,False,5,4000,5,exp1_permuted_src_datasets
1099,431.171619805,3.0,1739233809.015266,,,,,,,0.7068392634391785,0.875,0.001,1,16,84x84,MatchingNetwork,3,3,BreaKHis_formatted,b-59-850,False,5,4000,5,exp1_permuted_src_datasets
1100,431.224449866,3.0,1739233809.0684187,,,,,,,0.7750919461250305,0.8125,0.001,1,16,84x84,MatchingNetwork,3,3,BreaKHis_formatted,b-59-850,False,5,4000,5,exp1_permuted_src_datasets
1101,431.268835526,3.0,1739233809.1127198,,,,,,,0.8402808904647827,0.5625,0.001,1,16,84x84,MatchingNetwork,3,3,BreaKHis_formatted,b-59-850,False,5,4000,5,exp1_permuted_src_datasets
1102,431.311842129,3.0,1739233809.1556494,,,,,,,0.7403916716575623,0.6875,0.001,1,16,84x84,MatchingNetwork,3,3,BreaKHis_formatted,b-59-850,False,5,4000,5,exp1_permuted_src_datasets
1103,431.351371771,3.0,1739233809.195214,,,,,,,0.8462828397750854,0.75,0.001,1,16,84x84,MatchingNetwork,3,3,BreaKHis_formatted,b-59-850,False,5,4000,5,exp1_permuted_src_datasets
1104,431.395148404,3.0,1739233809.2391152,,,,,,,0.7768419981002808,0.6875,0.001,1,16,84x84,MatchingNetwork,3,3,BreaKHis_formatted,b-59-850,False,5,4000,5,exp1_permuted_src_datasets
1105,431.447826498,3.0,1739233809.2859025,,,,,,,0.7599186301231384,0.75,0.001,1,16,84x84,MatchingNetwork,3,3,BreaKHis_formatted,b-59-850,False,5,4000,5,exp1_permuted_src_datasets
1106,431.503786311,3.0,1739233809.3475766,,,,,,,0.879880428314209,0.625,0.001,1,16,84x84,MatchingNetwork,3,3,BreaKHis_formatted,b-59-850,False,5,4000,5,exp1_permuted_src_datasets
1107,431.547068867,3.0,1739233809.3909683,,,,,,,0.7858489751815796,0.6875,0.001,1,16,84x84,MatchingNetwork,3,3,BreaKHis_formatted,b-59-850,False,5,4000,5,exp1_permuted_src_datasets
1108,431.602415226,3.0,1739233809.446346,,,,,,,0.7913248538970947,0.625,0.001,1,16,84x84,MatchingNetwork,3,3,BreaKHis_formatted,b-59-850,False,5,4000,5,exp1_permuted_src_datasets
1109,431.653341039,3.0,1739233809.4972007,,,,,,,0.6928575038909912,0.75,0.001,1,16,84x84,MatchingNetwork,3,3,BreaKHis_formatted,b-59-850,False,5,4000,5,exp1_permuted_src_datasets
1110,431.717436494,3.0,1739233809.56136,,,,,,,0.7603136897087097,0.625,0.001,1,16,84x84,MatchingNetwork,3,3,BreaKHis_formatted,b-59-850,False,5,4000,5,exp1_permuted_src_datasets
1111,431.773140119,3.0,1739233809.6170444,,,,,,,0.8106921911239624,0.8125,0.001,1,16,84x84,MatchingNetwork,3,3,BreaKHis_formatted,b-59-850,False,5,4000,5,exp1_permuted_src_datasets
1112,431.823197326,3.0,1739233809.6671557,,,,,,,0.7201964855194092,0.875,0.001,1,16,84x84,MatchingNetwork,3,3,BreaKHis_formatted,b-59-850,False,5,4000,5,exp1_permuted_src_datasets
1113,431.88041676,3.0,1739233809.7242584,,,,,,,0.7263487577438354,0.875,0.001,1,16,84x84,MatchingNetwork,3,3,BreaKHis_formatted,b-59-850,False,5,4000,5,exp1_permuted_src_datasets
1114,431.926515924,3.0,1739233809.7704716,,,,,,,0.7040587663650513,0.8125,0.001,1,16,84x84,MatchingNetwork,3,3,BreaKHis_formatted,b-59-850,False,5,4000,5,exp1_permuted_src_datasets
1115,431.966090375,3.0,1739233809.809931,,,,,,,0.6965280771255493,0.6875,0.001,1,16,84x84,MatchingNetwork,3,3,BreaKHis_formatted,b-59-850,False,5,4000,5,exp1_permuted_src_datasets
1116,432.010077716,3.0,1739233809.8539917,,,,,,,0.7565052509307861,0.8125,0.001,1,16,84x84,MatchingNetwork,3,3,BreaKHis_formatted,b-59-850,False,5,4000,5,exp1_permuted_src_datasets
1117,432.055402423,3.0,1739233809.899362,,,,,,,0.8687342405319214,0.625,0.001,1,16,84x84,MatchingNetwork,3,3,BreaKHis_formatted,b-59-850,False,5,4000,5,exp1_permuted_src_datasets
1118,432.1100471,3.0,1739233809.9538014,,,,,,,0.720708966255188,0.625,0.001,1,16,84x84,MatchingNetwork,3,3,BreaKHis_formatted,b-59-850,False,5,4000,5,exp1_permuted_src_datasets
1119,432.150057147,3.0,1739233809.9938235,,,,,,,0.7592015266418457,0.875,0.001,1,16,84x84,MatchingNetwork,3,3,BreaKHis_formatted,b-59-850,False,5,4000,5,exp1_permuted_src_datasets
1120,432.191054861,3.0,1739233810.034925,,,,,,,0.7457844614982605,0.875,0.001,1,16,84x84,MatchingNetwork,3,3,BreaKHis_formatted,b-59-850,False,5,4000,5,exp1_permuted_src_datasets
1121,432.249359757,3.0,1739233810.0931714,,,,,,,0.721599817276001,0.8125,0.001,1,16,84x84,MatchingNetwork,3,3,BreaKHis_formatted,b-59-850,False,5,4000,5,exp1_permuted_src_datasets
1122,432.296660466,3.0,1739233810.1406217,,,,,,,0.7290011644363403,0.8125,0.001,1,16,84x84,MatchingNetwork,3,3,BreaKHis_formatted,b-59-850,False,5,4000,5,exp1_permuted_src_datasets
1123,432.354165428,3.0,1739233810.1981118,,,,,,,0.6890237927436829,0.6875,0.001,1,16,84x84,MatchingNetwork,3,3,BreaKHis_formatted,b-59-850,False,5,4000,5,exp1_permuted_src_datasets
1124,432.402514243,3.0,1739233810.2463868,,,,,,,0.69097501039505,0.9375,0.001,1,16,84x84,MatchingNetwork,3,3,BreaKHis_formatted,b-59-850,False,5,4000,5,exp1_permuted_src_datasets
1125,432.442903593,3.0,1739233810.2868087,,,,,,,0.7957996129989624,0.75,0.001,1,16,84x84,MatchingNetwork,3,3,BreaKHis_formatted,b-59-850,False,5,4000,5,exp1_permuted_src_datasets
1126,432.485733112,3.0,1739233810.3294878,,,,,,,0.7346003651618958,0.8125,0.001,1,16,84x84,MatchingNetwork,3,3,BreaKHis_formatted,b-59-850,False,5,4000,5,exp1_permuted_src_datasets
1127,432.531375398,3.0,1739233810.3715162,,,,,,,0.6717749238014221,0.9375,0.001,1,16,84x84,MatchingNetwork,3,3,BreaKHis_formatted,b-59-850,False,5,4000,5,exp1_permuted_src_datasets
1128,432.57539487,3.0,1739233810.4192066,,,,,,,0.7454350590705872,0.9375,0.001,1,16,84x84,MatchingNetwork,3,3,BreaKHis_formatted,b-59-850,False,5,4000,5,exp1_permuted_src_datasets
1129,432.624596903,3.0,1739233810.4685376,,,,,,,0.6535758376121521,0.875,0.001,1,16,84x84,MatchingNetwork,3,3,BreaKHis_formatted,b-59-850,False,5,4000,5,exp1_permuted_src_datasets
1130,432.666234457,3.0,1739233810.5102363,,,,,,,0.6736317873001099,0.875,0.001,1,16,84x84,MatchingNetwork,3,3,BreaKHis_formatted,b-59-850,False,5,4000,5,exp1_permuted_src_datasets
1131,432.711500642,3.0,1739233810.553581,,,,,,,0.742241621017456,1.0,0.001,1,16,84x84,MatchingNetwork,3,3,BreaKHis_formatted,b-59-850,False,5,4000,5,exp1_permuted_src_datasets
1132,432.763917254,3.0,1739233810.6075578,,,,,,,0.6892943382263184,0.875,0.001,1,16,84x84,MatchingNetwork,3,3,BreaKHis_formatted,b-59-850,False,5,4000,5,exp1_permuted_src_datasets
1133,432.828622587,3.0,1739233810.672481,,,,,,,0.7014714479446411,0.8125,0.001,1,16,84x84,MatchingNetwork,3,3,BreaKHis_formatted,b-59-850,False,5,4000,5,exp1_permuted_src_datasets
1134,432.878748329,3.0,1739233810.7225125,,,,,,,0.71748948097229,0.8125,0.001,1,16,84x84,MatchingNetwork,3,3,BreaKHis_formatted,b-59-850,False,5,4000,5,exp1_permuted_src_datasets
1135,432.923940065,3.0,1739233810.767891,,,,,,,0.866139829158783,0.5,0.001,1,16,84x84,MatchingNetwork,3,3,BreaKHis_formatted,b-59-850,False,5,4000,5,exp1_permuted_src_datasets
1136,432.967840346,3.0,1739233810.811702,,,,,,,0.7506945729255676,0.6875,0.001,1,16,84x84,MatchingNetwork,3,3,BreaKHis_formatted,b-59-850,False,5,4000,5,exp1_permuted_src_datasets
1137,433.017572582,3.0,1739233810.8615167,,,,,,,0.7907856702804565,0.6875,0.001,1,16,84x84,MatchingNetwork,3,3,BreaKHis_formatted,b-59-850,False,5,4000,5,exp1_permuted_src_datasets
1138,433.07495836,3.0,1739233810.9189045,,,,,,,0.7354018092155457,0.625,0.001,1,16,84x84,MatchingNetwork,3,3,BreaKHis_formatted,b-59-850,False,5,4000,5,exp1_permuted_src_datasets
1139,441.226913357,3.0,1739233819.0711324,,,,,,0.46,,,0.001,1,16,84x84,MatchingNetwork,3,3,BreaKHis_formatted,b-59-850,False,5,4000,5,exp1_permuted_src_datasets
1140,441.272340383,3.0,1739233819.110883,,,,,,,0.7858851552009583,0.625,0.001,1,16,84x84,MatchingNetwork,3,3,BreaKHis_formatted,b-59-850,False,5,4000,5,exp1_permuted_src_datasets
1141,441.313772332,3.0,1739233819.1575572,,,,,,,0.7863920331001282,0.75,0.001,1,16,84x84,MatchingNetwork,3,3,BreaKHis_formatted,b-59-850,False,5,4000,5,exp1_permuted_src_datasets
1142,441.36809586,3.0,1739233819.2119987,,,,,,,0.8192659020423889,0.75,0.001,1,16,84x84,MatchingNetwork,3,3,BreaKHis_formatted,b-59-850,False,5,4000,5,exp1_permuted_src_datasets
1143,441.416453544,3.0,1739233819.2604208,,,,,,,0.6628299355506897,0.875,0.001,1,16,84x84,MatchingNetwork,3,3,BreaKHis_formatted,b-59-850,False,5,4000,5,exp1_permuted_src_datasets
1144,441.460824046,3.0,1739233819.3047924,,,,,,,0.789957582950592,0.6875,0.001,1,16,84x84,MatchingNetwork,3,3,BreaKHis_formatted,b-59-850,False,5,4000,5,exp1_permuted_src_datasets
1145,441.502466268,3.0,1739233819.3464212,,,,,,,0.680358350276947,0.875,0.001,1,16,84x84,MatchingNetwork,3,3,BreaKHis_formatted,b-59-850,False,5,4000,5,exp1_permuted_src_datasets
1146,441.542789846,3.0,1739233819.38441,,,,,,,0.8007081747055054,0.6875,0.001,1,16,84x84,MatchingNetwork,3,3,BreaKHis_formatted,b-59-850,False,5,4000,5,exp1_permuted_src_datasets
1147,441.597181745,3.0,1739233819.4410596,,,,,,,0.6804054379463196,0.875,0.001,1,16,84x84,MatchingNetwork,3,3,BreaKHis_formatted,b-59-850,False,5,4000,5,exp1_permuted_src_datasets
1148,441.64670015,3.0,1739233819.4855068,,,,,,,0.6947945952415466,0.875,0.001,1,16,84x84,MatchingNetwork,3,3,BreaKHis_formatted,b-59-850,False,5,4000,5,exp1_permuted_src_datasets
1149,441.698474014,3.0,1739233819.5423093,,,,,,,0.7026282548904419,0.875,0.001,1,16,84x84,MatchingNetwork,3,3,BreaKHis_formatted,b-59-850,False,5,4000,5,exp1_permuted_src_datasets
1150,441.753243045,3.0,1739233819.5913374,,,,,,,0.7394735217094421,0.75,0.001,1,16,84x84,MatchingNetwork,3,3,BreaKHis_formatted,b-59-850,False,5,4000,5,exp1_permuted_src_datasets
1151,441.792934145,3.0,1739233819.6368306,,,,,,,0.7531526684761047,0.625,0.001,1,16,84x84,MatchingNetwork,3,3,BreaKHis_formatted,b-59-850,False,5,4000,5,exp1_permuted_src_datasets
1152,441.847016166,3.0,1739233819.6851401,,,,,,,0.7125207185745239,0.875,0.001,1,16,84x84,MatchingNetwork,3,3,BreaKHis_formatted,b-59-850,False,5,4000,5,exp1_permuted_src_datasets
1153,441.910006101,3.0,1739233819.7530563,,,,,,,0.7180419564247131,0.8125,0.001,1,16,84x84,MatchingNetwork,3,3,BreaKHis_formatted,b-59-850,False,5,4000,5,exp1_permuted_src_datasets
1154,441.964427451,3.0,1739233819.8081965,,,,,,,0.8087823987007141,0.5625,0.001,1,16,84x84,MatchingNetwork,3,3,BreaKHis_formatted,b-59-850,False,5,4000,5,exp1_permuted_src_datasets
1155,442.011027987,3.0,1739233819.850949,,,,,,,0.7175067067146301,0.6875,0.001,1,16,84x84,MatchingNetwork,3,3,BreaKHis_formatted,b-59-850,False,5,4000,5,exp1_permuted_src_datasets
1156,442.079779475,3.0,1739233819.9237237,,,,,,,0.6665658354759216,1.0,0.001,1,16,84x84,MatchingNetwork,3,3,BreaKHis_formatted,b-59-850,False,5,4000,5,exp1_permuted_src_datasets
1157,442.132837348,3.0,1739233819.9768405,,,,,,,0.7122264504432678,0.75,0.001,1,16,84x84,MatchingNetwork,3,3,BreaKHis_formatted,b-59-850,False,5,4000,5,exp1_permuted_src_datasets
1158,442.175957357,3.0,1739233820.0200133,,,,,,,0.6998288035392761,0.875,0.001,1,16,84x84,MatchingNetwork,3,3,BreaKHis_formatted,b-59-850,False,5,4000,5,exp1_permuted_src_datasets
1159,442.234050149,3.0,1739233820.0779421,,,,,,,0.7585123181343079,0.75,0.001,1,16,84x84,MatchingNetwork,3,3,BreaKHis_formatted,b-59-850,False,5,4000,5,exp1_permuted_src_datasets
1160,442.274580845,3.0,1739233820.1168087,,,,,,,0.6958788633346558,0.8125,0.001,1,16,84x84,MatchingNetwork,3,3,BreaKHis_formatted,b-59-850,False,5,4000,5,exp1_permuted_src_datasets
1161,442.334968304,3.0,1739233820.1788104,,,,,,,0.7354053854942322,0.875,0.001,1,16,84x84,MatchingNetwork,3,3,BreaKHis_formatted,b-59-850,False,5,4000,5,exp1_permuted_src_datasets
1162,442.383116978,3.0,1739233820.2212806,,,,,,,0.6946498155593872,0.8125,0.001,1,16,84x84,MatchingNetwork,3,3,BreaKHis_formatted,b-59-850,False,5,4000,5,exp1_permuted_src_datasets
1163,442.448761794,3.0,1739233820.292488,,,,,,,0.7447393536567688,0.6875,0.001,1,16,84x84,MatchingNetwork,3,3,BreaKHis_formatted,b-59-850,False,5,4000,5,exp1_permuted_src_datasets
1164,442.502018998,3.0,1739233820.3459928,,,,,,,0.718498170375824,0.75,0.001,1,16,84x84,MatchingNetwork,3,3,BreaKHis_formatted,b-59-850,False,5,4000,5,exp1_permuted_src_datasets
1165,442.550339572,3.0,1739233820.3906622,,,,,,,0.7208065986633301,0.875,0.001,1,16,84x84,MatchingNetwork,3,3,BreaKHis_formatted,b-59-850,False,5,4000,5,exp1_permuted_src_datasets
1166,442.603355556,3.0,1739233820.4473631,,,,,,,0.6924582123756409,0.875,0.001,1,16,84x84,MatchingNetwork,3,3,BreaKHis_formatted,b-59-850,False,5,4000,5,exp1_permuted_src_datasets
1167,442.65252687,3.0,1739233820.4907513,,,,,,,0.7310642004013062,0.8125,0.001,1,16,84x84,MatchingNetwork,3,3,BreaKHis_formatted,b-59-850,False,5,4000,5,exp1_permuted_src_datasets
1168,442.712969144,3.0,1739233820.5567813,,,,,,,0.6960685849189758,0.8125,0.001,1,16,84x84,MatchingNetwork,3,3,BreaKHis_formatted,b-59-850,False,5,4000,5,exp1_permuted_src_datasets
1169,442.768924968,3.0,1739233820.6097348,,,,,,,0.6819462180137634,1.0,0.001,1,16,84x84,MatchingNetwork,3,3,BreaKHis_formatted,b-59-850,False,5,4000,5,exp1_permuted_src_datasets
1170,442.817826281,3.0,1739233820.655716,,,,,,,0.8557780385017395,0.6875,0.001,1,16,84x84,MatchingNetwork,3,3,BreaKHis_formatted,b-59-850,False,5,4000,5,exp1_permuted_src_datasets
1171,442.873749391,3.0,1739233820.717706,,,,,,,0.7231003046035767,0.75,0.001,1,16,84x84,MatchingNetwork,3,3,BreaKHis_formatted,b-59-850,False,5,4000,5,exp1_permuted_src_datasets
1172,442.932352713,3.0,1739233820.770656,,,,,,,0.6766484975814819,0.875,0.001,1,16,84x84,MatchingNetwork,3,3,BreaKHis_formatted,b-59-850,False,5,4000,5,exp1_permuted_src_datasets
1173,442.974182388,3.0,1739233820.8181846,,,,,,,0.6360720992088318,0.875,0.001,1,16,84x84,MatchingNetwork,3,3,BreaKHis_formatted,b-59-850,False,5,4000,5,exp1_permuted_src_datasets
1174,443.022449879,3.0,1739233820.8607347,,,,,,,0.7318949103355408,0.8125,0.001,1,16,84x84,MatchingNetwork,3,3,BreaKHis_formatted,b-59-850,False,5,4000,5,exp1_permuted_src_datasets
1175,443.066557156,3.0,1739233820.910598,,,,,,,0.6631292104721069,0.9375,0.001,1,16,84x84,MatchingNetwork,3,3,BreaKHis_formatted,b-59-850,False,5,4000,5,exp1_permuted_src_datasets
1176,443.103930167,3.0,1739233820.9479737,,,,,,,0.6828469038009644,0.8125,0.001,1,16,84x84,MatchingNetwork,3,3,BreaKHis_formatted,b-59-850,False,5,4000,5,exp1_permuted_src_datasets
1177,443.142260056,3.0,1739233820.9862628,,,,,,,0.6939926147460938,0.9375,0.001,1,16,84x84,MatchingNetwork,3,3,BreaKHis_formatted,b-59-850,False,5,4000,5,exp1_permuted_src_datasets
1178,443.192701588,3.0,1739233821.0327516,,,,,,,0.7613947987556458,0.75,0.001,1,16,84x84,MatchingNetwork,3,3,BreaKHis_formatted,b-59-850,False,5,4000,5,exp1_permuted_src_datasets
1179,443.252748868,3.0,1739233821.0967152,,,,,,,0.7969738841056824,0.6875,0.001,1,16,84x84,MatchingNetwork,3,3,BreaKHis_formatted,b-59-850,False,5,4000,5,exp1_permuted_src_datasets
1180,443.291459209,3.0,1739233821.135318,,,,,,,0.6848036646842957,0.75,0.001,1,16,84x84,MatchingNetwork,3,3,BreaKHis_formatted,b-59-850,False,5,4000,5,exp1_permuted_src_datasets
1181,443.342249927,3.0,1739233821.1862028,,,,,,,0.7920785546302795,0.6875,0.001,1,16,84x84,MatchingNetwork,3,3,BreaKHis_formatted,b-59-850,False,5,4000,5,exp1_permuted_src_datasets
1182,443.383623833,3.0,1739233821.2257245,,,,,,,0.6854074597358704,0.9375,0.001,1,16,84x84,MatchingNetwork,3,3,BreaKHis_formatted,b-59-850,False,5,4000,5,exp1_permuted_src_datasets
1183,443.445055941,3.0,1739233821.2889051,,,,,,,0.6782270669937134,0.8125,0.001,1,16,84x84,MatchingNetwork,3,3,BreaKHis_formatted,b-59-850,False,5,4000,5,exp1_permuted_src_datasets
1184,443.49443431,3.0,1739233821.3326728,,,,,,,0.8078969120979309,0.75,0.001,1,16,84x84,MatchingNetwork,3,3,BreaKHis_formatted,b-59-850,False,5,4000,5,exp1_permuted_src_datasets
1185,443.556341497,3.0,1739233821.3960474,,,,,,,0.7114924788475037,0.8125,0.001,1,16,84x84,MatchingNetwork,3,3,BreaKHis_formatted,b-59-850,False,5,4000,5,exp1_permuted_src_datasets
1186,443.608859697,3.0,1739233821.4527473,,,,,,,0.728834331035614,0.875,0.001,1,16,84x84,MatchingNetwork,3,3,BreaKHis_formatted,b-59-850,False,5,4000,5,exp1_permuted_src_datasets
1187,443.664450275,3.0,1739233821.5031285,,,,,,,0.6990156173706055,0.75,0.001,1,16,84x84,MatchingNetwork,3,3,BreaKHis_formatted,b-59-850,False,5,4000,5,exp1_permuted_src_datasets
1188,443.716114998,3.0,1739233821.559956,,,,,,,0.6961967945098877,0.8125,0.001,1,16,84x84,MatchingNetwork,3,3,BreaKHis_formatted,b-59-850,False,5,4000,5,exp1_permuted_src_datasets
1189,443.771610968,3.0,1739233821.6096516,,,,,,,0.688697338104248,0.9375,0.001,1,16,84x84,MatchingNetwork,3,3,BreaKHis_formatted,b-59-850,False,5,4000,5,exp1_permuted_src_datasets
1190,443.827831509,3.0,1739233821.6677303,,,,,,,0.6559852361679077,0.8125,0.001,1,16,84x84,MatchingNetwork,3,3,BreaKHis_formatted,b-59-850,False,5,4000,5,exp1_permuted_src_datasets
1191,443.876259813,3.0,1739233821.7202644,,,,,,,0.6687124967575073,0.875,0.001,1,16,84x84,MatchingNetwork,3,3,BreaKHis_formatted,b-59-850,False,5,4000,5,exp1_permuted_src_datasets
1192,443.922417202,3.0,1739233821.7625277,,,,,,,0.6843673586845398,0.875,0.001,1,16,84x84,MatchingNetwork,3,3,BreaKHis_formatted,b-59-850,False,5,4000,5,exp1_permuted_src_datasets
1193,443.981087194,3.0,1739233821.8249838,,,,,,,0.6824916005134583,0.8125,0.001,1,16,84x84,MatchingNetwork,3,3,BreaKHis_formatted,b-59-850,False,5,4000,5,exp1_permuted_src_datasets
1194,444.029188138,3.0,1739233821.8682132,,,,,,,0.6931269764900208,0.8125,0.001,1,16,84x84,MatchingNetwork,3,3,BreaKHis_formatted,b-59-850,False,5,4000,5,exp1_permuted_src_datasets
1195,444.08292424,3.0,1739233821.9267645,,,,,,,0.6796611547470093,0.875,0.001,1,16,84x84,MatchingNetwork,3,3,BreaKHis_formatted,b-59-850,False,5,4000,5,exp1_permuted_src_datasets
1196,444.136614701,3.0,1739233821.9748592,,,,,,,0.7037239074707031,0.75,0.001,1,16,84x84,MatchingNetwork,3,3,BreaKHis_formatted,b-59-850,False,5,4000,5,exp1_permuted_src_datasets
1197,444.180407664,3.0,1739233822.0243123,,,,,,,0.705766499042511,0.75,0.001,1,16,84x84,MatchingNetwork,3,3,BreaKHis_formatted,b-59-850,False,5,4000,5,exp1_permuted_src_datasets
1198,444.232410706,3.0,1739233822.0705652,,,,,,,0.6556532979011536,1.0,0.001,1,16,84x84,MatchingNetwork,3,3,BreaKHis_formatted,b-59-850,False,5,4000,5,exp1_permuted_src_datasets
1199,444.289911349,3.0,1739233822.1320405,,,,,,,0.7221111059188843,0.875,0.001,1,16,84x84,MatchingNetwork,3,3,BreaKHis_formatted,b-59-850,False,5,4000,5,exp1_permuted_src_datasets
1200,444.340814347,3.0,1739233822.184709,,,,,,,0.69162517786026,0.6875,0.001,1,16,84x84,MatchingNetwork,3,3,BreaKHis_formatted,b-59-850,False,5,4000,5,exp1_permuted_src_datasets
1201,444.400190428,3.0,1739233822.2395012,,,,,,,0.6953117847442627,1.0,0.001,1,16,84x84,MatchingNetwork,3,3,BreaKHis_formatted,b-59-850,False,5,4000,5,exp1_permuted_src_datasets
1202,452.500687107,3.0,1739233830.344942,,,,,,0.45725,,,0.001,1,16,84x84,MatchingNetwork,3,3,BreaKHis_formatted,b-59-850,False,5,4000,5,exp1_permuted_src_datasets
1203,452.533304394,3.0,1739233830.3772652,,,,,,,0.6843099594116211,1.0,0.001,1,16,84x84,MatchingNetwork,3,3,BreaKHis_formatted,b-59-850,False,5,4000,5,exp1_permuted_src_datasets
1204,452.589480803,3.0,1739233830.4333367,,,,,,,0.6970007419586182,0.75,0.001,1,16,84x84,MatchingNetwork,3,3,BreaKHis_formatted,b-59-850,False,5,4000,5,exp1_permuted_src_datasets
1205,452.644144356,3.0,1739233830.4879792,,,,,,,0.6829918026924133,0.875,0.001,1,16,84x84,MatchingNetwork,3,3,BreaKHis_formatted,b-59-850,False,5,4000,5,exp1_permuted_src_datasets
1206,452.68827651,3.0,1739233830.532098,,,,,,,0.787489652633667,0.6875,0.001,1,16,84x84,MatchingNetwork,3,3,BreaKHis_formatted,b-59-850,False,5,4000,5,exp1_permuted_src_datasets
1207,452.729861793,3.0,1739233830.5735335,,,,,,,0.7033529877662659,0.8125,0.001,1,16,84x84,MatchingNetwork,3,3,BreaKHis_formatted,b-59-850,False,5,4000,5,exp1_permuted_src_datasets
1208,452.776321062,3.0,1739233830.6173208,,,,,,,0.6765864491462708,0.8125,0.001,1,16,84x84,MatchingNetwork,3,3,BreaKHis_formatted,b-59-850,False,5,4000,5,exp1_permuted_src_datasets
1209,452.820346699,3.0,1739233830.6641324,,,,,,,0.6768254041671753,0.8125,0.001,1,16,84x84,MatchingNetwork,3,3,BreaKHis_formatted,b-59-850,False,5,4000,5,exp1_permuted_src_datasets
1210,452.869921393,3.0,1739233830.7137206,,,,,,,0.6636078953742981,0.875,0.001,1,16,84x84,MatchingNetwork,3,3,BreaKHis_formatted,b-59-850,False,5,4000,5,exp1_permuted_src_datasets
1211,452.916641908,3.0,1739233830.76061,,,,,,,0.6948018670082092,0.9375,0.001,1,16,84x84,MatchingNetwork,3,3,BreaKHis_formatted,b-59-850,False,5,4000,5,exp1_permuted_src_datasets
1212,452.963442852,3.0,1739233830.807455,,,,,,,0.7422302961349487,0.5625,0.001,1,16,84x84,MatchingNetwork,3,3,BreaKHis_formatted,b-59-850,False,5,4000,5,exp1_permuted_src_datasets
1213,453.00318851,3.0,1739233830.8471754,,,,,,,0.6830360293388367,0.9375,0.001,1,16,84x84,MatchingNetwork,3,3,BreaKHis_formatted,b-59-850,False,5,4000,5,exp1_permuted_src_datasets
1214,453.044113931,3.0,1739233830.8881104,,,,,,,0.6527150273323059,0.8125,0.001,1,16,84x84,MatchingNetwork,3,3,BreaKHis_formatted,b-59-850,False,5,4000,5,exp1_permuted_src_datasets
1215,453.087827174,3.0,1739233830.9316266,,,,,,,0.6488350629806519,0.8125,0.001,1,16,84x84,MatchingNetwork,3,3,BreaKHis_formatted,b-59-850,False,5,4000,5,exp1_permuted_src_datasets
1216,453.133326539,3.0,1739233830.9771955,,,,,,,0.6889196634292603,0.9375,0.001,1,16,84x84,MatchingNetwork,3,3,BreaKHis_formatted,b-59-850,False,5,4000,5,exp1_permuted_src_datasets
1217,453.178752787,3.0,1739233831.0226457,,,,,,,0.7133217453956604,0.875,0.001,1,16,84x84,MatchingNetwork,3,3,BreaKHis_formatted,b-59-850,False,5,4000,5,exp1_permuted_src_datasets
1218,453.230158328,3.0,1739233831.073995,,,,,,,0.6475066542625427,0.9375,0.001,1,16,84x84,MatchingNetwork,3,3,BreaKHis_formatted,b-59-850,False,5,4000,5,exp1_permuted_src_datasets
1219,453.275300267,3.0,1739233831.1193304,,,,,,,0.6780394911766052,0.75,0.001,1,16,84x84,MatchingNetwork,3,3,BreaKHis_formatted,b-59-850,False,5,4000,5,exp1_permuted_src_datasets
1220,453.323355333,3.0,1739233831.1642501,,,,,,,0.7018219232559204,0.8125,0.001,1,16,84x84,MatchingNetwork,3,3,BreaKHis_formatted,b-59-850,False,5,4000,5,exp1_permuted_src_datasets
1221,453.369787299,3.0,1739233831.2137403,,,,,,,0.6795300841331482,0.875,0.001,1,16,84x84,MatchingNetwork,3,3,BreaKHis_formatted,b-59-850,False,5,4000,5,exp1_permuted_src_datasets
1222,453.420064966,3.0,1739233831.263902,,,,,,,0.7757039666175842,0.75,0.001,1,16,84x84,MatchingNetwork,3,3,BreaKHis_formatted,b-59-850,False,5,4000,5,exp1_permuted_src_datasets
1223,453.467864294,3.0,1739233831.3118546,,,,,,,0.7307212948799133,0.625,0.001,1,16,84x84,MatchingNetwork,3,3,BreaKHis_formatted,b-59-850,False,5,4000,5,exp1_permuted_src_datasets
1224,453.510026771,3.0,1739233831.3537743,,,,,,,0.6589763164520264,1.0,0.001,1,16,84x84,MatchingNetwork,3,3,BreaKHis_formatted,b-59-850,False,5,4000,5,exp1_permuted_src_datasets
1225,453.555156606,3.0,1739233831.3959522,,,,,,,0.6920260787010193,0.875,0.001,1,16,84x84,MatchingNetwork,3,3,BreaKHis_formatted,b-59-850,False,5,4000,5,exp1_permuted_src_datasets
1226,453.602237393,3.0,1739233831.442998,,,,,,,0.7667630314826965,0.8125,0.001,1,16,84x84,MatchingNetwork,3,3,BreaKHis_formatted,b-59-850,False,5,4000,5,exp1_permuted_src_datasets
1227,453.649287857,3.0,1739233831.4888265,,,,,,,0.692948579788208,0.9375,0.001,1,16,84x84,MatchingNetwork,3,3,BreaKHis_formatted,b-59-850,False,5,4000,5,exp1_permuted_src_datasets
1228,453.692784873,3.0,1739233831.5365324,,,,,,,0.6825177669525146,0.8125,0.001,1,16,84x84,MatchingNetwork,3,3,BreaKHis_formatted,b-59-850,False,5,4000,5,exp1_permuted_src_datasets
1229,453.751729087,3.0,1739233831.5956507,,,,,,,0.6863982677459717,0.9375,0.001,1,16,84x84,MatchingNetwork,3,3,BreaKHis_formatted,b-59-850,False,5,4000,5,exp1_permuted_src_datasets
1230,453.80605469,3.0,1739233831.6499326,,,,,,,0.6717377305030823,0.75,0.001,1,16,84x84,MatchingNetwork,3,3,BreaKHis_formatted,b-59-850,False,5,4000,5,exp1_permuted_src_datasets
1231,453.865999864,3.0,1739233831.7098122,,,,,,,0.6445826888084412,0.875,0.001,1,16,84x84,MatchingNetwork,3,3,BreaKHis_formatted,b-59-850,False,5,4000,5,exp1_permuted_src_datasets
1232,453.915531019,3.0,1739233831.7594216,,,,,,,0.6611420512199402,0.8125,0.001,1,16,84x84,MatchingNetwork,3,3,BreaKHis_formatted,b-59-850,False,5,4000,5,exp1_permuted_src_datasets
1233,453.978063671,3.0,1739233831.8219948,,,,,,,0.7252082228660583,0.8125,0.001,1,16,84x84,MatchingNetwork,3,3,BreaKHis_formatted,b-59-850,False,5,4000,5,exp1_permuted_src_datasets
1234,454.028418377,3.0,1739233831.8722656,,,,,,,0.7404340505599976,0.8125,0.001,1,16,84x84,MatchingNetwork,3,3,BreaKHis_formatted,b-59-850,False,5,4000,5,exp1_permuted_src_datasets
1235,454.076573557,3.0,1739233831.920538,,,,,,,0.6911132335662842,0.75,0.001,1,16,84x84,MatchingNetwork,3,3,BreaKHis_formatted,b-59-850,False,5,4000,5,exp1_permuted_src_datasets
1236,454.117698079,3.0,1739233831.9614506,,,,,,,0.781321108341217,0.6875,0.001,1,16,84x84,MatchingNetwork,3,3,BreaKHis_formatted,b-59-850,False,5,4000,5,exp1_permuted_src_datasets
1237,454.162283445,3.0,1739233832.0061338,,,,,,,0.6506678462028503,0.8125,0.001,1,16,84x84,MatchingNetwork,3,3,BreaKHis_formatted,b-59-850,False,5,4000,5,exp1_permuted_src_datasets
1238,454.213782789,3.0,1739233832.0544963,,,,,,,0.6711812019348145,0.9375,0.001,1,16,84x84,MatchingNetwork,3,3,BreaKHis_formatted,b-59-850,False,5,4000,5,exp1_permuted_src_datasets
1239,454.259160732,3.0,1739233832.1030447,,,,,,,0.6540471911430359,0.8125,0.001,1,16,84x84,MatchingNetwork,3,3,BreaKHis_formatted,b-59-850,False,5,4000,5,exp1_permuted_src_datasets
1240,454.305866398,3.0,1739233832.14976,,,,,,,0.6979524493217468,0.8125,0.001,1,16,84x84,MatchingNetwork,3,3,BreaKHis_formatted,b-59-850,False,5,4000,5,exp1_permuted_src_datasets
1241,454.345486767,3.0,1739233832.1893575,,,,,,,0.8607347011566162,0.6875,0.001,1,16,84x84,MatchingNetwork,3,3,BreaKHis_formatted,b-59-850,False,5,4000,5,exp1_permuted_src_datasets
1242,454.386590945,3.0,1739233832.2306533,,,,,,,0.7559288740158081,0.75,0.001,1,16,84x84,MatchingNetwork,3,3,BreaKHis_formatted,b-59-850,False,5,4000,5,exp1_permuted_src_datasets
1243,454.432206854,3.0,1739233832.2729223,,,,,,,0.6563113331794739,0.875,0.001,1,16,84x84,MatchingNetwork,3,3,BreaKHis_formatted,b-59-850,False,5,4000,5,exp1_permuted_src_datasets
1244,454.472683286,3.0,1739233832.3166208,,,,,,,0.7391104102134705,0.6875,0.001,1,16,84x84,MatchingNetwork,3,3,BreaKHis_formatted,b-59-850,False,5,4000,5,exp1_permuted_src_datasets
1245,454.527366232,3.0,1739233832.3712952,,,,,,,0.6887525916099548,0.9375,0.001,1,16,84x84,MatchingNetwork,3,3,BreaKHis_formatted,b-59-850,False,5,4000,5,exp1_permuted_src_datasets
1246,454.575832207,3.0,1739233832.4196806,,,,,,,0.6749621033668518,0.875,0.001,1,16,84x84,MatchingNetwork,3,3,BreaKHis_formatted,b-59-850,False,5,4000,5,exp1_permuted_src_datasets
1247,454.626822879,3.0,1739233832.4706798,,,,,,,0.6804555654525757,0.8125,0.001,1,16,84x84,MatchingNetwork,3,3,BreaKHis_formatted,b-59-850,False,5,4000,5,exp1_permuted_src_datasets
1248,454.668958988,3.0,1739233832.5129075,,,,,,,0.8120309114456177,0.6875,0.001,1,16,84x84,MatchingNetwork,3,3,BreaKHis_formatted,b-59-850,False,5,4000,5,exp1_permuted_src_datasets
1249,454.721763561,3.0,1739233832.565654,,,,,,,0.733110785484314,0.9375,0.001,1,16,84x84,MatchingNetwork,3,3,BreaKHis_formatted,b-59-850,False,5,4000,5,exp1_permuted_src_datasets
1250,454.770406892,3.0,1739233832.614302,,,,,,,0.7505201697349548,0.8125,0.001,1,16,84x84,MatchingNetwork,3,3,BreaKHis_formatted,b-59-850,False,5,4000,5,exp1_permuted_src_datasets
1251,454.811472714,3.0,1739233832.6553085,,,,,,,0.69277024269104,0.8125,0.001,1,16,84x84,MatchingNetwork,3,3,BreaKHis_formatted,b-59-850,False,5,4000,5,exp1_permuted_src_datasets
1252,454.852357177,3.0,1739233832.6962993,,,,,,,0.7134268879890442,0.8125,0.001,1,16,84x84,MatchingNetwork,3,3,BreaKHis_formatted,b-59-850,False,5,4000,5,exp1_permuted_src_datasets
1253,454.892623223,3.0,1739233832.7365773,,,,,,,0.7626541256904602,0.75,0.001,1,16,84x84,MatchingNetwork,3,3,BreaKHis_formatted,b-59-850,False,5,4000,5,exp1_permuted_src_datasets
1254,454.949327159,3.0,1739233832.7932005,,,,,,,0.6589921712875366,0.8125,0.001,1,16,84x84,MatchingNetwork,3,3,BreaKHis_formatted,b-59-850,False,5,4000,5,exp1_permuted_src_datasets
1255,455.00052201,3.0,1739233832.8443353,,,,,,,0.6326550245285034,0.9375,0.001,1,16,84x84,MatchingNetwork,3,3,BreaKHis_formatted,b-59-850,False,5,4000,5,exp1_permuted_src_datasets
1256,455.04258645,3.0,1739233832.8864071,,,,,,,0.6466267704963684,0.9375,0.001,1,16,84x84,MatchingNetwork,3,3,BreaKHis_formatted,b-59-850,False,5,4000,5,exp1_permuted_src_datasets
1257,455.08509824,3.0,1739233832.9285693,,,,,,,0.6627649664878845,0.75,0.001,1,16,84x84,MatchingNetwork,3,3,BreaKHis_formatted,b-59-850,False,5,4000,5,exp1_permuted_src_datasets
1258,455.13997436,3.0,1739233832.9838016,,,,,,,0.6607803106307983,1.0,0.001,1,16,84x84,MatchingNetwork,3,3,BreaKHis_formatted,b-59-850,False,5,4000,5,exp1_permuted_src_datasets
1259,455.191434264,3.0,1739233833.0353715,,,,,,,0.6942487359046936,0.875,0.001,1,16,84x84,MatchingNetwork,3,3,BreaKHis_formatted,b-59-850,False,5,4000,5,exp1_permuted_src_datasets
1260,455.240282065,3.0,1739233833.0841773,,,,,,,0.7380319833755493,0.8125,0.001,1,16,84x84,MatchingNetwork,3,3,BreaKHis_formatted,b-59-850,False,5,4000,5,exp1_permuted_src_datasets
1261,455.286396274,3.0,1739233833.1302705,,,,,,,0.666644811630249,0.875,0.001,1,16,84x84,MatchingNetwork,3,3,BreaKHis_formatted,b-59-850,False,5,4000,5,exp1_permuted_src_datasets
1262,455.330832617,3.0,1739233833.1747437,,,,,,,0.7649933695793152,0.8125,0.001,1,16,84x84,MatchingNetwork,3,3,BreaKHis_formatted,b-59-850,False,5,4000,5,exp1_permuted_src_datasets
1263,455.375931613,3.0,1739233833.2197118,,,,,,,0.6709321737289429,0.9375,0.001,1,16,84x84,MatchingNetwork,3,3,BreaKHis_formatted,b-59-850,False,5,4000,5,exp1_permuted_src_datasets
1264,455.41900126,3.0,1739233833.2621105,,,,,,,0.698668360710144,0.9375,0.001,1,16,84x84,MatchingNetwork,3,3,BreaKHis_formatted,b-59-850,False,5,4000,5,exp1_permuted_src_datasets
1265,462.670689002,3.0,1739233840.5149395,,,,,,0.452,,,0.001,1,16,84x84,MatchingNetwork,3,3,BreaKHis_formatted,b-59-850,False,5,4000,5,exp1_permuted_src_datasets
1266,520.613922682,4.0,1739233898.4144573,,,,,,,,,0.001,1,16,84x84,MatchingNetwork,3,3,BreaKHis_formatted,b-59-850,False,5,4000,5,exp1_permuted_src_datasets
1267,527.683630361,4.0,1739233905.527862,,,,,,0.42775,,,0.001,1,16,84x84,MatchingNetwork,3,3,BreaKHis_formatted,b-59-850,False,5,4000,5,exp1_permuted_src_datasets
1268,527.712530481,4.0,1739233905.556565,,,,,,,0.8987825512886047,0.75,0.001,1,16,84x84,MatchingNetwork,3,3,BreaKHis_formatted,b-59-850,False,5,4000,5,exp1_permuted_src_datasets
1269,527.756594833,4.0,1739233905.6005168,,,,,,,0.7860642075538635,0.8125,0.001,1,16,84x84,MatchingNetwork,3,3,BreaKHis_formatted,b-59-850,False,5,4000,5,exp1_permuted_src_datasets
1270,527.80066584,4.0,1739233905.6446118,,,,,,,0.8655970692634583,0.6875,0.001,1,16,84x84,MatchingNetwork,3,3,BreaKHis_formatted,b-59-850,False,5,4000,5,exp1_permuted_src_datasets
1271,527.845526398,4.0,1739233905.6894658,,,,,,,0.7461497783660889,0.9375,0.001,1,16,84x84,MatchingNetwork,3,3,BreaKHis_formatted,b-59-850,False,5,4000,5,exp1_permuted_src_datasets
1272,527.88673029,4.0,1739233905.7306616,,,,,,,0.8065358400344849,0.625,0.001,1,16,84x84,MatchingNetwork,3,3,BreaKHis_formatted,b-59-850,False,5,4000,5,exp1_permuted_src_datasets
1273,527.927998889,4.0,1739233905.77191,,,,,,,0.7756218910217285,0.9375,0.001,1,16,84x84,MatchingNetwork,3,3,BreaKHis_formatted,b-59-850,False,5,4000,5,exp1_permuted_src_datasets
1274,527.969990064,4.0,1739233905.8139105,,,,,,,0.8872754573822021,0.6875,0.001,1,16,84x84,MatchingNetwork,3,3,BreaKHis_formatted,b-59-850,False,5,4000,5,exp1_permuted_src_datasets
1275,528.010341059,4.0,1739233905.8542428,,,,,,,0.852169394493103,0.8125,0.001,1,16,84x84,MatchingNetwork,3,3,BreaKHis_formatted,b-59-850,False,5,4000,5,exp1_permuted_src_datasets
1276,528.065085319,4.0,1739233905.909017,,,,,,,0.7872663736343384,0.8125,0.001,1,16,84x84,MatchingNetwork,3,3,BreaKHis_formatted,b-59-850,False,5,4000,5,exp1_permuted_src_datasets
1277,528.123041945,4.0,1739233905.9669023,,,,,,,0.7698112726211548,0.875,0.001,1,16,84x84,MatchingNetwork,3,3,BreaKHis_formatted,b-59-850,False,5,4000,5,exp1_permuted_src_datasets
1278,528.161905312,4.0,1739233906.0058415,,,,,,,0.7595692276954651,0.875,0.001,1,16,84x84,MatchingNetwork,3,3,BreaKHis_formatted,b-59-850,False,5,4000,5,exp1_permuted_src_datasets
1279,528.214867721,4.0,1739233906.0586457,,,,,,,0.7513386011123657,0.8125,0.001,1,16,84x84,MatchingNetwork,3,3,BreaKHis_formatted,b-59-850,False,5,4000,5,exp1_permuted_src_datasets
1280,528.255636503,4.0,1739233906.0995822,,,,,,,0.7966434359550476,0.8125,0.001,1,16,84x84,MatchingNetwork,3,3,BreaKHis_formatted,b-59-850,False,5,4000,5,exp1_permuted_src_datasets
1281,528.299388664,4.0,1739233906.1433382,,,,,,,0.8309615850448608,0.625,0.001,1,16,84x84,MatchingNetwork,3,3,BreaKHis_formatted,b-59-850,False,5,4000,5,exp1_permuted_src_datasets
1282,528.337403615,4.0,1739233906.1814034,,,,,,,0.7481696605682373,0.8125,0.001,1,16,84x84,MatchingNetwork,3,3,BreaKHis_formatted,b-59-850,False,5,4000,5,exp1_permuted_src_datasets
1283,528.388299837,4.0,1739233906.2322552,,,,,,,0.7172515988349915,0.875,0.001,1,16,84x84,MatchingNetwork,3,3,BreaKHis_formatted,b-59-850,False,5,4000,5,exp1_permuted_src_datasets
1284,528.42737841,4.0,1739233906.2713025,,,,,,,0.7248014807701111,0.9375,0.001,1,16,84x84,MatchingNetwork,3,3,BreaKHis_formatted,b-59-850,False,5,4000,5,exp1_permuted_src_datasets
1285,528.467865976,4.0,1739233906.3118694,,,,,,,0.8101655840873718,0.6875,0.001,1,16,84x84,MatchingNetwork,3,3,BreaKHis_formatted,b-59-850,False,5,4000,5,exp1_permuted_src_datasets
1286,528.508533053,4.0,1739233906.3525112,,,,,,,0.7201040983200073,0.875,0.001,1,16,84x84,MatchingNetwork,3,3,BreaKHis_formatted,b-59-850,False,5,4000,5,exp1_permuted_src_datasets
1287,528.548749021,4.0,1739233906.3926804,,,,,,,0.7610560059547424,0.875,0.001,1,16,84x84,MatchingNetwork,3,3,BreaKHis_formatted,b-59-850,False,5,4000,5,exp1_permuted_src_datasets
1288,528.590413912,4.0,1739233906.4343376,,,,,,,0.6817676424980164,0.875,0.001,1,16,84x84,MatchingNetwork,3,3,BreaKHis_formatted,b-59-850,False,5,4000,5,exp1_permuted_src_datasets
1289,528.670987396,4.0,1739233906.5149107,,,,,,,0.7072059512138367,0.875,0.001,1,16,84x84,MatchingNetwork,3,3,BreaKHis_formatted,b-59-850,False,5,4000,5,exp1_permuted_src_datasets
1290,528.730761368,4.0,1739233906.5745785,,,,,,,0.8644351959228516,0.6875,0.001,1,16,84x84,MatchingNetwork,3,3,BreaKHis_formatted,b-59-850,False,5,4000,5,exp1_permuted_src_datasets
1291,528.77462612,4.0,1739233906.6185453,,,,,,,0.7221110463142395,0.6875,0.001,1,16,84x84,MatchingNetwork,3,3,BreaKHis_formatted,b-59-850,False,5,4000,5,exp1_permuted_src_datasets
1292,528.823330756,4.0,1739233906.667274,,,,,,,0.7337659597396851,0.875,0.001,1,16,84x84,MatchingNetwork,3,3,BreaKHis_formatted,b-59-850,False,5,4000,5,exp1_permuted_src_datasets
1293,528.86451101,4.0,1739233906.7084572,,,,,,,0.7823480367660522,0.75,0.001,1,16,84x84,MatchingNetwork,3,3,BreaKHis_formatted,b-59-850,False,5,4000,5,exp1_permuted_src_datasets
1294,528.904218012,4.0,1739233906.7482178,,,,,,,0.7256026864051819,0.9375,0.001,1,16,84x84,MatchingNetwork,3,3,BreaKHis_formatted,b-59-850,False,5,4000,5,exp1_permuted_src_datasets
1295,528.945101567,4.0,1739233906.789056,,,,,,,0.8203333020210266,0.75,0.001,1,16,84x84,MatchingNetwork,3,3,BreaKHis_formatted,b-59-850,False,5,4000,5,exp1_permuted_src_datasets
1296,528.990969559,4.0,1739233906.8347297,,,,,,,0.8520796298980713,0.75,0.001,1,16,84x84,MatchingNetwork,3,3,BreaKHis_formatted,b-59-850,False,5,4000,5,exp1_permuted_src_datasets
1297,529.032081435,4.0,1739233906.8759737,,,,,,,0.723940908908844,0.8125,0.001,1,16,84x84,MatchingNetwork,3,3,BreaKHis_formatted,b-59-850,False,5,4000,5,exp1_permuted_src_datasets
1298,529.088221475,4.0,1739233906.9320288,,,,,,,0.7345418930053711,0.875,0.001,1,16,84x84,MatchingNetwork,3,3,BreaKHis_formatted,b-59-850,False,5,4000,5,exp1_permuted_src_datasets
1299,529.137189296,4.0,1739233906.9811037,,,,,,,0.7715052366256714,0.875,0.001,1,16,84x84,MatchingNetwork,3,3,BreaKHis_formatted,b-59-850,False,5,4000,5,exp1_permuted_src_datasets
1300,529.177365396,4.0,1739233907.0213225,,,,,,,0.7719343304634094,0.8125,0.001,1,16,84x84,MatchingNetwork,3,3,BreaKHis_formatted,b-59-850,False,5,4000,5,exp1_permuted_src_datasets
1301,529.21850335,4.0,1739233907.0624645,,,,,,,0.7555925846099854,0.6875,0.001,1,16,84x84,MatchingNetwork,3,3,BreaKHis_formatted,b-59-850,False,5,4000,5,exp1_permuted_src_datasets
1302,529.259482775,4.0,1739233907.103408,,,,,,,0.7128121256828308,0.8125,0.001,1,16,84x84,MatchingNetwork,3,3,BreaKHis_formatted,b-59-850,False,5,4000,5,exp1_permuted_src_datasets
1303,529.301646619,4.0,1739233907.145583,,,,,,,0.8298044800758362,0.6875,0.001,1,16,84x84,MatchingNetwork,3,3,BreaKHis_formatted,b-59-850,False,5,4000,5,exp1_permuted_src_datasets
1304,529.341589358,4.0,1739233907.185508,,,,,,,0.806245744228363,0.8125,0.001,1,16,84x84,MatchingNetwork,3,3,BreaKHis_formatted,b-59-850,False,5,4000,5,exp1_permuted_src_datasets
1305,529.382887558,4.0,1739233907.226766,,,,,,,0.7843214869499207,0.6875,0.001,1,16,84x84,MatchingNetwork,3,3,BreaKHis_formatted,b-59-850,False,5,4000,5,exp1_permuted_src_datasets
1306,529.422680139,4.0,1739233907.2666295,,,,,,,0.7574616074562073,0.875,0.001,1,16,84x84,MatchingNetwork,3,3,BreaKHis_formatted,b-59-850,False,5,4000,5,exp1_permuted_src_datasets
1307,529.462749814,4.0,1739233907.306705,,,,,,,0.7081961631774902,0.9375,0.001,1,16,84x84,MatchingNetwork,3,3,BreaKHis_formatted,b-59-850,False,5,4000,5,exp1_permuted_src_datasets
1308,529.504287151,4.0,1739233907.3481336,,,,,,,0.8253582715988159,0.6875,0.001,1,16,84x84,MatchingNetwork,3,3,BreaKHis_formatted,b-59-850,False,5,4000,5,exp1_permuted_src_datasets
1309,529.549225557,4.0,1739233907.3931828,,,,,,,0.7551422715187073,0.8125,0.001,1,16,84x84,MatchingNetwork,3,3,BreaKHis_formatted,b-59-850,False,5,4000,5,exp1_permuted_src_datasets
1310,529.590996918,4.0,1739233907.4349537,,,,,,,0.7003997564315796,0.875,0.001,1,16,84x84,MatchingNetwork,3,3,BreaKHis_formatted,b-59-850,False,5,4000,5,exp1_permuted_src_datasets
1311,529.639572997,4.0,1739233907.4835687,,,,,,,0.7228622436523438,0.875,0.001,1,16,84x84,MatchingNetwork,3,3,BreaKHis_formatted,b-59-850,False,5,4000,5,exp1_permuted_src_datasets
1312,529.681386749,4.0,1739233907.5252492,,,,,,,0.7319412231445312,0.8125,0.001,1,16,84x84,MatchingNetwork,3,3,BreaKHis_formatted,b-59-850,False,5,4000,5,exp1_permuted_src_datasets
1313,529.72265294,4.0,1739233907.5665948,,,,,,,0.7134043574333191,0.875,0.001,1,16,84x84,MatchingNetwork,3,3,BreaKHis_formatted,b-59-850,False,5,4000,5,exp1_permuted_src_datasets
1314,529.763235204,4.0,1739233907.6071799,,,,,,,0.8010417222976685,0.875,0.001,1,16,84x84,MatchingNetwork,3,3,BreaKHis_formatted,b-59-850,False,5,4000,5,exp1_permuted_src_datasets
1315,529.800709162,4.0,1739233907.6446686,,,,,,,0.6888247728347778,1.0,0.001,1,16,84x84,MatchingNetwork,3,3,BreaKHis_formatted,b-59-850,False,5,4000,5,exp1_permuted_src_datasets
1316,529.840034782,4.0,1739233907.6839564,,,,,,,0.8346657156944275,0.6875,0.001,1,16,84x84,MatchingNetwork,3,3,BreaKHis_formatted,b-59-850,False,5,4000,5,exp1_permuted_src_datasets
1317,529.879016696,4.0,1739233907.7230012,,,,,,,0.702495276927948,0.9375,0.001,1,16,84x84,MatchingNetwork,3,3,BreaKHis_formatted,b-59-850,False,5,4000,5,exp1_permuted_src_datasets
1318,529.916727948,4.0,1739233907.760691,,,,,,,0.6689326763153076,0.875,0.001,1,16,84x84,MatchingNetwork,3,3,BreaKHis_formatted,b-59-850,False,5,4000,5,exp1_permuted_src_datasets
1319,529.955363445,4.0,1739233907.7993057,,,,,,,0.686171293258667,0.875,0.001,1,16,84x84,MatchingNetwork,3,3,BreaKHis_formatted,b-59-850,False,5,4000,5,exp1_permuted_src_datasets
1320,529.99626885,4.0,1739233907.8402507,,,,,,,0.770718514919281,0.75,0.001,1,16,84x84,MatchingNetwork,3,3,BreaKHis_formatted,b-59-850,False,5,4000,5,exp1_permuted_src_datasets
1321,530.035357215,4.0,1739233907.8793042,,,,,,,0.6817778944969177,0.9375,0.001,1,16,84x84,MatchingNetwork,3,3,BreaKHis_formatted,b-59-850,False,5,4000,5,exp1_permuted_src_datasets
1322,530.074559327,4.0,1739233907.9184618,,,,,,,0.7662702202796936,0.9375,0.001,1,16,84x84,MatchingNetwork,3,3,BreaKHis_formatted,b-59-850,False,5,4000,5,exp1_permuted_src_datasets
1323,530.1138027,4.0,1739233907.9577324,,,,,,,0.6573067903518677,0.9375,0.001,1,16,84x84,MatchingNetwork,3,3,BreaKHis_formatted,b-59-850,False,5,4000,5,exp1_permuted_src_datasets
1324,530.153109185,4.0,1739233907.9970765,,,,,,,0.6977808475494385,1.0,0.001,1,16,84x84,MatchingNetwork,3,3,BreaKHis_formatted,b-59-850,False,5,4000,5,exp1_permuted_src_datasets
1325,530.194392888,4.0,1739233908.038334,,,,,,,0.8365356922149658,0.6875,0.001,1,16,84x84,MatchingNetwork,3,3,BreaKHis_formatted,b-59-850,False,5,4000,5,exp1_permuted_src_datasets
1326,530.23836524,4.0,1739233908.0822735,,,,,,,0.7727674245834351,0.875,0.001,1,16,84x84,MatchingNetwork,3,3,BreaKHis_formatted,b-59-850,False,5,4000,5,exp1_permuted_src_datasets
1327,530.278306295,4.0,1739233908.1221874,,,,,,,0.664627194404602,1.0,0.001,1,16,84x84,MatchingNetwork,3,3,BreaKHis_formatted,b-59-850,False,5,4000,5,exp1_permuted_src_datasets
1328,530.328929356,4.0,1739233908.1728077,,,,,,,0.6769801378250122,1.0,0.001,1,16,84x84,MatchingNetwork,3,3,BreaKHis_formatted,b-59-850,False,5,4000,5,exp1_permuted_src_datasets
1329,530.378512627,4.0,1739233908.2224486,,,,,,,0.6776829957962036,0.875,0.001,1,16,84x84,MatchingNetwork,3,3,BreaKHis_formatted,b-59-850,False,5,4000,5,exp1_permuted_src_datasets
1330,537.056794407,4.0,1739233914.9010565,,,,,,0.484,,,0.001,1,16,84x84,MatchingNetwork,3,3,BreaKHis_formatted,b-59-850,False,5,4000,5,exp1_permuted_src_datasets
1331,537.082314769,4.0,1739233914.9263952,,,,,,,0.8126780986785889,0.75,0.001,1,16,84x84,MatchingNetwork,3,3,BreaKHis_formatted,b-59-850,False,5,4000,5,exp1_permuted_src_datasets
1332,537.130497572,4.0,1739233914.9683495,,,,,,,0.6648867726325989,0.9375,0.001,1,16,84x84,MatchingNetwork,3,3,BreaKHis_formatted,b-59-850,False,5,4000,5,exp1_permuted_src_datasets
1333,537.176730524,4.0,1739233915.0207949,,,,,,,0.7046269178390503,0.875,0.001,1,16,84x84,MatchingNetwork,3,3,BreaKHis_formatted,b-59-850,False,5,4000,5,exp1_permuted_src_datasets
1334,537.220876272,4.0,1739233915.0649374,,,,,,,0.6784127950668335,0.875,0.001,1,16,84x84,MatchingNetwork,3,3,BreaKHis_formatted,b-59-850,False,5,4000,5,exp1_permuted_src_datasets
1335,537.255969523,4.0,1739233915.1000435,,,,,,,0.7066918015480042,0.8125,0.001,1,16,84x84,MatchingNetwork,3,3,BreaKHis_formatted,b-59-850,False,5,4000,5,exp1_permuted_src_datasets
1336,537.296534911,4.0,1739233915.140575,,,,,,,0.6879589557647705,1.0,0.001,1,16,84x84,MatchingNetwork,3,3,BreaKHis_formatted,b-59-850,False,5,4000,5,exp1_permuted_src_datasets
1337,537.332806434,4.0,1739233915.1768577,,,,,,,0.6639915704727173,0.9375,0.001,1,16,84x84,MatchingNetwork,3,3,BreaKHis_formatted,b-59-850,False,5,4000,5,exp1_permuted_src_datasets
1338,537.377288411,4.0,1739233915.2213476,,,,,,,0.7578477263450623,0.875,0.001,1,16,84x84,MatchingNetwork,3,3,BreaKHis_formatted,b-59-850,False,5,4000,5,exp1_permuted_src_datasets
1339,537.412980272,4.0,1739233915.2570279,,,,,,,0.7823274731636047,0.8125,0.001,1,16,84x84,MatchingNetwork,3,3,BreaKHis_formatted,b-59-850,False,5,4000,5,exp1_permuted_src_datasets
1340,537.447338802,4.0,1739233915.2914133,,,,,,,0.7419726848602295,0.8125,0.001,1,16,84x84,MatchingNetwork,3,3,BreaKHis_formatted,b-59-850,False,5,4000,5,exp1_permuted_src_datasets
1341,537.483504907,4.0,1739233915.3274941,,,,,,,0.6504956483840942,0.9375,0.001,1,16,84x84,MatchingNetwork,3,3,BreaKHis_formatted,b-59-850,False,5,4000,5,exp1_permuted_src_datasets
1342,537.520421567,4.0,1739233915.3644223,,,,,,,0.696229875087738,0.875,0.001,1,16,84x84,MatchingNetwork,3,3,BreaKHis_formatted,b-59-850,False,5,4000,5,exp1_permuted_src_datasets
1343,537.553743178,4.0,1739233915.3978293,,,,,,,0.6349681615829468,1.0,0.001,1,16,84x84,MatchingNetwork,3,3,BreaKHis_formatted,b-59-850,False,5,4000,5,exp1_permuted_src_datasets
1344,537.593490455,4.0,1739233915.437574,,,,,,,0.6829169392585754,1.0,0.001,1,16,84x84,MatchingNetwork,3,3,BreaKHis_formatted,b-59-850,False,5,4000,5,exp1_permuted_src_datasets
1345,537.632613869,4.0,1739233915.476687,,,,,,,0.7505941390991211,0.8125,0.001,1,16,84x84,MatchingNetwork,3,3,BreaKHis_formatted,b-59-850,False,5,4000,5,exp1_permuted_src_datasets
1346,537.668416919,4.0,1739233915.5123765,,,,,,,0.6586704850196838,0.9375,0.001,1,16,84x84,MatchingNetwork,3,3,BreaKHis_formatted,b-59-850,False,5,4000,5,exp1_permuted_src_datasets
1347,537.717068533,4.0,1739233915.5611422,,,,,,,0.6763702034950256,0.9375,0.001,1,16,84x84,MatchingNetwork,3,3,BreaKHis_formatted,b-59-850,False,5,4000,5,exp1_permuted_src_datasets
1348,537.750064737,4.0,1739233915.594146,,,,,,,0.809874415397644,0.875,0.001,1,16,84x84,MatchingNetwork,3,3,BreaKHis_formatted,b-59-850,False,5,4000,5,exp1_permuted_src_datasets
1349,537.787407279,4.0,1739233915.6314993,,,,,,,0.6434934735298157,0.9375,0.001,1,16,84x84,MatchingNetwork,3,3,BreaKHis_formatted,b-59-850,False,5,4000,5,exp1_permuted_src_datasets
1350,537.823585312,4.0,1739233915.667647,,,,,,,0.7682016491889954,0.875,0.001,1,16,84x84,MatchingNetwork,3,3,BreaKHis_formatted,b-59-850,False,5,4000,5,exp1_permuted_src_datasets
1351,537.858588987,4.0,1739233915.702661,,,,,,,0.6749672889709473,1.0,0.001,1,16,84x84,MatchingNetwork,3,3,BreaKHis_formatted,b-59-850,False,5,4000,5,exp1_permuted_src_datasets
1352,537.894853775,4.0,1739233915.7389758,,,,,,,0.6441735029220581,0.9375,0.001,1,16,84x84,MatchingNetwork,3,3,BreaKHis_formatted,b-59-850,False,5,4000,5,exp1_permuted_src_datasets
1353,537.9304671,4.0,1739233915.7745209,,,,,,,0.7041162252426147,0.875,0.001,1,16,84x84,MatchingNetwork,3,3,BreaKHis_formatted,b-59-850,False,5,4000,5,exp1_permuted_src_datasets
1354,537.96613186,4.0,1739233915.8102233,,,,,,,0.7201269268989563,0.9375,0.001,1,16,84x84,MatchingNetwork,3,3,BreaKHis_formatted,b-59-850,False,5,4000,5,exp1_permuted_src_datasets
1355,538.009976813,4.0,1739233915.8478796,,,,,,,0.6444252133369446,0.875,0.001,1,16,84x84,MatchingNetwork,3,3,BreaKHis_formatted,b-59-850,False,5,4000,5,exp1_permuted_src_datasets
1356,538.048762953,4.0,1739233915.8928547,,,,,,,0.6567409038543701,0.9375,0.001,1,16,84x84,MatchingNetwork,3,3,BreaKHis_formatted,b-59-850,False,5,4000,5,exp1_permuted_src_datasets
1357,538.085382708,4.0,1739233915.929416,,,,,,,0.6969947218894958,0.9375,0.001,1,16,84x84,MatchingNetwork,3,3,BreaKHis_formatted,b-59-850,False,5,4000,5,exp1_permuted_src_datasets
1358,538.11944149,4.0,1739233915.9635246,,,,,,,0.6937599182128906,0.875,0.001,1,16,84x84,MatchingNetwork,3,3,BreaKHis_formatted,b-59-850,False,5,4000,5,exp1_permuted_src_datasets
1359,538.159147405,4.0,1739233916.0032187,,,,,,,0.7485054731369019,0.6875,0.001,1,16,84x84,MatchingNetwork,3,3,BreaKHis_formatted,b-59-850,False,5,4000,5,exp1_permuted_src_datasets
1360,538.195588955,4.0,1739233916.0396442,,,,,,,0.6299890279769897,1.0,0.001,1,16,84x84,MatchingNetwork,3,3,BreaKHis_formatted,b-59-850,False,5,4000,5,exp1_permuted_src_datasets
1361,538.246308701,4.0,1739233916.0903864,,,,,,,0.6512183547019958,0.9375,0.001,1,16,84x84,MatchingNetwork,3,3,BreaKHis_formatted,b-59-850,False,5,4000,5,exp1_permuted_src_datasets
1362,538.281495966,4.0,1739233916.1255,,,,,,,0.6679282188415527,0.875,0.001,1,16,84x84,MatchingNetwork,3,3,BreaKHis_formatted,b-59-850,False,5,4000,5,exp1_permuted_src_datasets
1363,538.324291175,4.0,1739233916.1683784,,,,,,,0.7169977426528931,0.9375,0.001,1,16,84x84,MatchingNetwork,3,3,BreaKHis_formatted,b-59-850,False,5,4000,5,exp1_permuted_src_datasets
1364,538.360309799,4.0,1739233916.2043664,,,,,,,0.6592252254486084,1.0,0.001,1,16,84x84,MatchingNetwork,3,3,BreaKHis_formatted,b-59-850,False,5,4000,5,exp1_permuted_src_datasets
1365,538.393648504,4.0,1739233916.2377348,,,,,,,0.7980002760887146,0.875,0.001,1,16,84x84,MatchingNetwork,3,3,BreaKHis_formatted,b-59-850,False,5,4000,5,exp1_permuted_src_datasets
1366,538.42892583,4.0,1739233916.2729688,,,,,,,0.7539848685264587,0.875,0.001,1,16,84x84,MatchingNetwork,3,3,BreaKHis_formatted,b-59-850,False,5,4000,5,exp1_permuted_src_datasets
1367,538.462690718,4.0,1739233916.3067696,,,,,,,0.7617197632789612,0.9375,0.001,1,16,84x84,MatchingNetwork,3,3,BreaKHis_formatted,b-59-850,False,5,4000,5,exp1_permuted_src_datasets
1368,538.496421029,4.0,1739233916.3404784,,,,,,,0.6739071607589722,0.9375,0.001,1,16,84x84,MatchingNetwork,3,3,BreaKHis_formatted,b-59-850,False,5,4000,5,exp1_permuted_src_datasets
1369,538.530174684,4.0,1739233916.3742554,,,,,,,0.6959481835365295,0.9375,0.001,1,16,84x84,MatchingNetwork,3,3,BreaKHis_formatted,b-59-850,False,5,4000,5,exp1_permuted_src_datasets
1370,538.564904916,4.0,1739233916.4089904,,,,,,,0.704046368598938,0.9375,0.001,1,16,84x84,MatchingNetwork,3,3,BreaKHis_formatted,b-59-850,False,5,4000,5,exp1_permuted_src_datasets
1371,538.598475802,4.0,1739233916.4423568,,,,,,,0.6843597292900085,0.9375,0.001,1,16,84x84,MatchingNetwork,3,3,BreaKHis_formatted,b-59-850,False,5,4000,5,exp1_permuted_src_datasets
1372,538.631638871,4.0,1739233916.475719,,,,,,,0.7024335265159607,0.9375,0.001,1,16,84x84,MatchingNetwork,3,3,BreaKHis_formatted,b-59-850,False,5,4000,5,exp1_permuted_src_datasets
1373,538.6706794,4.0,1739233916.5126448,,,,,,,0.6633785367012024,1.0,0.001,1,16,84x84,MatchingNetwork,3,3,BreaKHis_formatted,b-59-850,False,5,4000,5,exp1_permuted_src_datasets
1374,538.707175416,4.0,1739233916.5512187,,,,,,,0.7256561517715454,0.875,0.001,1,16,84x84,MatchingNetwork,3,3,BreaKHis_formatted,b-59-850,False,5,4000,5,exp1_permuted_src_datasets
1375,538.74108307,4.0,1739233916.5851429,,,,,,,0.6445058584213257,1.0,0.001,1,16,84x84,MatchingNetwork,3,3,BreaKHis_formatted,b-59-850,False,5,4000,5,exp1_permuted_src_datasets
1376,538.781276563,4.0,1739233916.625294,,,,,,,0.6272200345993042,1.0,0.001,1,16,84x84,MatchingNetwork,3,3,BreaKHis_formatted,b-59-850,False,5,4000,5,exp1_permuted_src_datasets
1377,538.815010104,4.0,1739233916.6590946,,,,,,,0.7231846451759338,0.9375,0.001,1,16,84x84,MatchingNetwork,3,3,BreaKHis_formatted,b-59-850,False,5,4000,5,exp1_permuted_src_datasets
1378,538.849229937,4.0,1739233916.693305,,,,,,,0.6774799823760986,0.875,0.001,1,16,84x84,MatchingNetwork,3,3,BreaKHis_formatted,b-59-850,False,5,4000,5,exp1_permuted_src_datasets
1379,538.883043335,4.0,1739233916.7271357,,,,,,,0.7522114515304565,0.8125,0.001,1,16,84x84,MatchingNetwork,3,3,BreaKHis_formatted,b-59-850,False,5,4000,5,exp1_permuted_src_datasets
1380,538.918049952,4.0,1739233916.7621107,,,,,,,0.6754782795906067,1.0,0.001,1,16,84x84,MatchingNetwork,3,3,BreaKHis_formatted,b-59-850,False,5,4000,5,exp1_permuted_src_datasets
1381,538.953422028,4.0,1739233916.7975004,,,,,,,0.6807044148445129,0.875,0.001,1,16,84x84,MatchingNetwork,3,3,BreaKHis_formatted,b-59-850,False,5,4000,5,exp1_permuted_src_datasets
1382,538.987679312,4.0,1739233916.8317206,,,,,,,0.6363685131072998,0.9375,0.001,1,16,84x84,MatchingNetwork,3,3,BreaKHis_formatted,b-59-850,False,5,4000,5,exp1_permuted_src_datasets
1383,539.022258633,4.0,1739233916.8663056,,,,,,,0.7326450943946838,0.6875,0.001,1,16,84x84,MatchingNetwork,3,3,BreaKHis_formatted,b-59-850,False,5,4000,5,exp1_permuted_src_datasets
1384,539.056411175,4.0,1739233916.9004786,,,,,,,0.7556048035621643,0.8125,0.001,1,16,84x84,MatchingNetwork,3,3,BreaKHis_formatted,b-59-850,False,5,4000,5,exp1_permuted_src_datasets
1385,539.095703666,4.0,1739233916.9397585,,,,,,,0.6330556869506836,1.0,0.001,1,16,84x84,MatchingNetwork,3,3,BreaKHis_formatted,b-59-850,False,5,4000,5,exp1_permuted_src_datasets
1386,539.130587847,4.0,1739233916.9746501,,,,,,,0.6419550180435181,0.9375,0.001,1,16,84x84,MatchingNetwork,3,3,BreaKHis_formatted,b-59-850,False,5,4000,5,exp1_permuted_src_datasets
1387,539.165621561,4.0,1739233917.009666,,,,,,,0.618729829788208,1.0,0.001,1,16,84x84,MatchingNetwork,3,3,BreaKHis_formatted,b-59-850,False,5,4000,5,exp1_permuted_src_datasets
1388,539.208015934,4.0,1739233917.0520945,,,,,,,0.700819194316864,0.9375,0.001,1,16,84x84,MatchingNetwork,3,3,BreaKHis_formatted,b-59-850,False,5,4000,5,exp1_permuted_src_datasets
1389,539.248265054,4.0,1739233917.092327,,,,,,,0.7272643446922302,0.875,0.001,1,16,84x84,MatchingNetwork,3,3,BreaKHis_formatted,b-59-850,False,5,4000,5,exp1_permuted_src_datasets
1390,539.283507807,4.0,1739233917.1275802,,,,,,,0.669209361076355,1.0,0.001,1,16,84x84,MatchingNetwork,3,3,BreaKHis_formatted,b-59-850,False,5,4000,5,exp1_permuted_src_datasets
1391,539.326281157,4.0,1739233917.1703568,,,,,,,0.6491615176200867,1.0,0.001,1,16,84x84,MatchingNetwork,3,3,BreaKHis_formatted,b-59-850,False,5,4000,5,exp1_permuted_src_datasets
1392,539.360958239,4.0,1739233917.2050524,,,,,,,0.7313534021377563,0.8125,0.001,1,16,84x84,MatchingNetwork,3,3,BreaKHis_formatted,b-59-850,False,5,4000,5,exp1_permuted_src_datasets
1393,545.660182855,4.0,1739233923.504436,,,,,,0.47775,,,0.001,1,16,84x84,MatchingNetwork,3,3,BreaKHis_formatted,b-59-850,False,5,4000,5,exp1_permuted_src_datasets
1394,545.682485404,4.0,1739233923.5265677,,,,,,,0.6724517345428467,0.9375,0.001,1,16,84x84,MatchingNetwork,3,3,BreaKHis_formatted,b-59-850,False,5,4000,5,exp1_permuted_src_datasets
1395,545.718970139,4.0,1739233923.5628633,,,,,,,0.7008605003356934,0.9375,0.001,1,16,84x84,MatchingNetwork,3,3,BreaKHis_formatted,b-59-850,False,5,4000,5,exp1_permuted_src_datasets
1396,545.759262688,4.0,1739233923.603033,,,,,,,0.7508555054664612,0.875,0.001,1,16,84x84,MatchingNetwork,3,3,BreaKHis_formatted,b-59-850,False,5,4000,5,exp1_permuted_src_datasets
1397,545.797250869,4.0,1739233923.6412995,,,,,,,0.6680278778076172,0.9375,0.001,1,16,84x84,MatchingNetwork,3,3,BreaKHis_formatted,b-59-850,False,5,4000,5,exp1_permuted_src_datasets
1398,545.832926332,4.0,1739233923.676855,,,,,,,0.6471084952354431,0.875,0.001,1,16,84x84,MatchingNetwork,3,3,BreaKHis_formatted,b-59-850,False,5,4000,5,exp1_permuted_src_datasets
1399,545.891624614,4.0,1739233923.7356904,,,,,,,0.722071647644043,0.8125,0.001,1,16,84x84,MatchingNetwork,3,3,BreaKHis_formatted,b-59-850,False,5,4000,5,exp1_permuted_src_datasets
1400,545.928619198,4.0,1739233923.7727118,,,,,,,0.763282835483551,0.8125,0.001,1,16,84x84,MatchingNetwork,3,3,BreaKHis_formatted,b-59-850,False,5,4000,5,exp1_permuted_src_datasets
1401,545.982804745,4.0,1739233923.826792,,,,,,,0.6693347692489624,0.9375,0.001,1,16,84x84,MatchingNetwork,3,3,BreaKHis_formatted,b-59-850,False,5,4000,5,exp1_permuted_src_datasets
1402,546.026946133,4.0,1739233923.8709939,,,,,,,0.6694374680519104,0.875,0.001,1,16,84x84,MatchingNetwork,3,3,BreaKHis_formatted,b-59-850,False,5,4000,5,exp1_permuted_src_datasets
1403,546.06744882,4.0,1739233923.9115193,,,,,,,0.6885247230529785,0.9375,0.001,1,16,84x84,MatchingNetwork,3,3,BreaKHis_formatted,b-59-850,False,5,4000,5,exp1_permuted_src_datasets
1404,546.113318164,4.0,1739233923.9573805,,,,,,,0.6782498359680176,0.9375,0.001,1,16,84x84,MatchingNetwork,3,3,BreaKHis_formatted,b-59-850,False,5,4000,5,exp1_permuted_src_datasets
1405,546.148843142,4.0,1739233923.9929097,,,,,,,0.6406292915344238,1.0,0.001,1,16,84x84,MatchingNetwork,3,3,BreaKHis_formatted,b-59-850,False,5,4000,5,exp1_permuted_src_datasets
1406,546.183598061,4.0,1739233924.0276966,,,,,,,0.6826484203338623,0.9375,0.001,1,16,84x84,MatchingNetwork,3,3,BreaKHis_formatted,b-59-850,False,5,4000,5,exp1_permuted_src_datasets
1407,546.226226484,4.0,1739233924.0702834,,,,,,,0.6428955793380737,0.9375,0.001,1,16,84x84,MatchingNetwork,3,3,BreaKHis_formatted,b-59-850,False,5,4000,5,exp1_permuted_src_datasets
1408,546.262053327,4.0,1739233924.1061184,,,,,,,0.6699885129928589,1.0,0.001,1,16,84x84,MatchingNetwork,3,3,BreaKHis_formatted,b-59-850,False,5,4000,5,exp1_permuted_src_datasets
1409,546.298803549,4.0,1739233924.1428597,,,,,,,0.6897697448730469,0.9375,0.001,1,16,84x84,MatchingNetwork,3,3,BreaKHis_formatted,b-59-850,False,5,4000,5,exp1_permuted_src_datasets
1410,546.334904338,4.0,1739233924.1789954,,,,,,,0.6714049577713013,1.0,0.001,1,16,84x84,MatchingNetwork,3,3,BreaKHis_formatted,b-59-850,False,5,4000,5,exp1_permuted_src_datasets
1411,546.374718512,4.0,1739233924.2187383,,,,,,,0.6340885162353516,0.9375,0.001,1,16,84x84,MatchingNetwork,3,3,BreaKHis_formatted,b-59-850,False,5,4000,5,exp1_permuted_src_datasets
1412,546.412661373,4.0,1739233924.25677,,,,,,,0.6493222713470459,1.0,0.001,1,16,84x84,MatchingNetwork,3,3,BreaKHis_formatted,b-59-850,False,5,4000,5,exp1_permuted_src_datasets
1413,546.457379682,4.0,1739233924.3014276,,,,,,,0.7422561049461365,0.875,0.001,1,16,84x84,MatchingNetwork,3,3,BreaKHis_formatted,b-59-850,False,5,4000,5,exp1_permuted_src_datasets
1414,546.499370547,4.0,1739233924.3404648,,,,,,,0.7160742282867432,0.9375,0.001,1,16,84x84,MatchingNetwork,3,3,BreaKHis_formatted,b-59-850,False,5,4000,5,exp1_permuted_src_datasets
1415,546.53443592,4.0,1739233924.3785305,,,,,,,0.6690527200698853,0.875,0.001,1,16,84x84,MatchingNetwork,3,3,BreaKHis_formatted,b-59-850,False,5,4000,5,exp1_permuted_src_datasets
1416,546.570720522,4.0,1739233924.414786,,,,,,,0.6548081636428833,0.9375,0.001,1,16,84x84,MatchingNetwork,3,3,BreaKHis_formatted,b-59-850,False,5,4000,5,exp1_permuted_src_datasets
1417,546.615219804,4.0,1739233924.4592779,,,,,,,0.6573562026023865,0.9375,0.001,1,16,84x84,MatchingNetwork,3,3,BreaKHis_formatted,b-59-850,False,5,4000,5,exp1_permuted_src_datasets
1418,546.652171215,4.0,1739233924.4961982,,,,,,,0.6446298360824585,0.8125,0.001,1,16,84x84,MatchingNetwork,3,3,BreaKHis_formatted,b-59-850,False,5,4000,5,exp1_permuted_src_datasets
1419,546.691001508,4.0,1739233924.5350733,,,,,,,0.6258912086486816,1.0,0.001,1,16,84x84,MatchingNetwork,3,3,BreaKHis_formatted,b-59-850,False,5,4000,5,exp1_permuted_src_datasets
1420,546.72607601,4.0,1739233924.5701172,,,,,,,0.6089336276054382,1.0,0.001,1,16,84x84,MatchingNetwork,3,3,BreaKHis_formatted,b-59-850,False,5,4000,5,exp1_permuted_src_datasets
1421,546.76937666,4.0,1739233924.613439,,,,,,,0.6938159465789795,0.8125,0.001,1,16,84x84,MatchingNetwork,3,3,BreaKHis_formatted,b-59-850,False,5,4000,5,exp1_permuted_src_datasets
1422,546.81010099,4.0,1739233924.654194,,,,,,,0.6713507175445557,0.9375,0.001,1,16,84x84,MatchingNetwork,3,3,BreaKHis_formatted,b-59-850,False,5,4000,5,exp1_permuted_src_datasets
1423,546.851091352,4.0,1739233924.6952348,,,,,,,0.6495463848114014,0.9375,0.001,1,16,84x84,MatchingNetwork,3,3,BreaKHis_formatted,b-59-850,False,5,4000,5,exp1_permuted_src_datasets
1424,546.904592357,4.0,1739233924.748673,,,,,,,0.6471178531646729,1.0,0.001,1,16,84x84,MatchingNetwork,3,3,BreaKHis_formatted,b-59-850,False,5,4000,5,exp1_permuted_src_datasets
1425,546.949107799,4.0,1739233924.7931368,,,,,,,0.612218976020813,1.0,0.001,1,16,84x84,MatchingNetwork,3,3,BreaKHis_formatted,b-59-850,False,5,4000,5,exp1_permuted_src_datasets
1426,546.984848007,4.0,1739233924.828929,,,,,,,0.6298078298568726,1.0,0.001,1,16,84x84,MatchingNetwork,3,3,BreaKHis_formatted,b-59-850,False,5,4000,5,exp1_permuted_src_datasets
1427,547.02731243,4.0,1739233924.8713496,,,,,,,0.7186174392700195,0.875,0.001,1,16,84x84,MatchingNetwork,3,3,BreaKHis_formatted,b-59-850,False,5,4000,5,exp1_permuted_src_datasets
1428,547.068460968,4.0,1739233924.9125688,,,,,,,0.6386200785636902,1.0,0.001,1,16,84x84,MatchingNetwork,3,3,BreaKHis_formatted,b-59-850,False,5,4000,5,exp1_permuted_src_datasets
1429,547.117600507,4.0,1739233924.9616194,,,,,,,0.6433191895484924,1.0,0.001,1,16,84x84,MatchingNetwork,3,3,BreaKHis_formatted,b-59-850,False,5,4000,5,exp1_permuted_src_datasets
1430,547.158874378,4.0,1739233925.0029256,,,,,,,0.696185290813446,1.0,0.001,1,16,84x84,MatchingNetwork,3,3,BreaKHis_formatted,b-59-850,False,5,4000,5,exp1_permuted_src_datasets
1431,547.195286026,4.0,1739233925.0393682,,,,,,,0.7365079522132874,0.8125,0.001,1,16,84x84,MatchingNetwork,3,3,BreaKHis_formatted,b-59-850,False,5,4000,5,exp1_permuted_src_datasets
1432,547.239689385,4.0,1739233925.0837688,,,,,,,0.6722695827484131,0.875,0.001,1,16,84x84,MatchingNetwork,3,3,BreaKHis_formatted,b-59-850,False,5,4000,5,exp1_permuted_src_datasets
1433,547.277588254,4.0,1739233925.121679,,,,,,,0.629799485206604,1.0,0.001,1,16,84x84,MatchingNetwork,3,3,BreaKHis_formatted,b-59-850,False,5,4000,5,exp1_permuted_src_datasets
1434,547.314575646,4.0,1739233925.1586702,,,,,,,0.605969250202179,1.0,0.001,1,16,84x84,MatchingNetwork,3,3,BreaKHis_formatted,b-59-850,False,5,4000,5,exp1_permuted_src_datasets
1435,547.36357157,4.0,1739233925.2076402,,,,,,,0.6671944260597229,0.9375,0.001,1,16,84x84,MatchingNetwork,3,3,BreaKHis_formatted,b-59-850,False,5,4000,5,exp1_permuted_src_datasets
1436,547.406882663,4.0,1739233925.2509367,,,,,,,0.6807373762130737,0.875,0.001,1,16,84x84,MatchingNetwork,3,3,BreaKHis_formatted,b-59-850,False,5,4000,5,exp1_permuted_src_datasets
1437,547.446527798,4.0,1739233925.2905922,,,,,,,0.6728018522262573,0.875,0.001,1,16,84x84,MatchingNetwork,3,3,BreaKHis_formatted,b-59-850,False,5,4000,5,exp1_permuted_src_datasets
1438,547.488469753,4.0,1739233925.3303764,,,,,,,0.7175408005714417,0.8125,0.001,1,16,84x84,MatchingNetwork,3,3,BreaKHis_formatted,b-59-850,False,5,4000,5,exp1_permuted_src_datasets
1439,547.540155876,4.0,1739233925.3842573,,,,,,,0.6636056900024414,0.9375,0.001,1,16,84x84,MatchingNetwork,3,3,BreaKHis_formatted,b-59-850,False,5,4000,5,exp1_permuted_src_datasets
1440,547.586024965,4.0,1739233925.4301147,,,,,,,0.6127364039421082,1.0,0.001,1,16,84x84,MatchingNetwork,3,3,BreaKHis_formatted,b-59-850,False,5,4000,5,exp1_permuted_src_datasets
1441,547.622558902,4.0,1739233925.466593,,,,,,,0.6951780915260315,0.875,0.001,1,16,84x84,MatchingNetwork,3,3,BreaKHis_formatted,b-59-850,False,5,4000,5,exp1_permuted_src_datasets
1442,547.666318332,4.0,1739233925.5103855,,,,,,,0.7017960548400879,0.8125,0.001,1,16,84x84,MatchingNetwork,3,3,BreaKHis_formatted,b-59-850,False,5,4000,5,exp1_permuted_src_datasets
1443,547.703853637,4.0,1739233925.5479,,,,,,,0.6787335276603699,0.9375,0.001,1,16,84x84,MatchingNetwork,3,3,BreaKHis_formatted,b-59-850,False,5,4000,5,exp1_permuted_src_datasets
1444,547.739663465,4.0,1739233925.5837386,,,,,,,0.6567084789276123,1.0,0.001,1,16,84x84,MatchingNetwork,3,3,BreaKHis_formatted,b-59-850,False,5,4000,5,exp1_permuted_src_datasets
1445,547.775055858,4.0,1739233925.6191623,,,,,,,0.6557613015174866,1.0,0.001,1,16,84x84,MatchingNetwork,3,3,BreaKHis_formatted,b-59-850,False,5,4000,5,exp1_permuted_src_datasets
1446,547.810688803,4.0,1739233925.6548154,,,,,,,0.6234238743782043,1.0,0.001,1,16,84x84,MatchingNetwork,3,3,BreaKHis_formatted,b-59-850,False,5,4000,5,exp1_permuted_src_datasets
1447,547.864548233,4.0,1739233925.7085438,,,,,,,0.620937168598175,1.0,0.001,1,16,84x84,MatchingNetwork,3,3,BreaKHis_formatted,b-59-850,False,5,4000,5,exp1_permuted_src_datasets
1448,547.902628763,4.0,1739233925.7466877,,,,,,,0.6401337385177612,0.9375,0.001,1,16,84x84,MatchingNetwork,3,3,BreaKHis_formatted,b-59-850,False,5,4000,5,exp1_permuted_src_datasets
1449,547.938046942,4.0,1739233925.782121,,,,,,,0.6906644105911255,0.9375,0.001,1,16,84x84,MatchingNetwork,3,3,BreaKHis_formatted,b-59-850,False,5,4000,5,exp1_permuted_src_datasets
1450,547.974660215,4.0,1739233925.8187168,,,,,,,0.6419912576675415,1.0,0.001,1,16,84x84,MatchingNetwork,3,3,BreaKHis_formatted,b-59-850,False,5,4000,5,exp1_permuted_src_datasets
1451,548.013472874,4.0,1739233925.8575525,,,,,,,0.65021151304245,1.0,0.001,1,16,84x84,MatchingNetwork,3,3,BreaKHis_formatted,b-59-850,False,5,4000,5,exp1_permuted_src_datasets
1452,548.04914849,4.0,1739233925.8932366,,,,,,,0.6769897937774658,0.9375,0.001,1,16,84x84,MatchingNetwork,3,3,BreaKHis_formatted,b-59-850,False,5,4000,5,exp1_permuted_src_datasets
1453,548.087434039,4.0,1739233925.9314816,,,,,,,0.6926856637001038,0.875,0.001,1,16,84x84,MatchingNetwork,3,3,BreaKHis_formatted,b-59-850,False,5,4000,5,exp1_permuted_src_datasets
1454,548.123153234,4.0,1739233925.967198,,,,,,,0.609969437122345,1.0,0.001,1,16,84x84,MatchingNetwork,3,3,BreaKHis_formatted,b-59-850,False,5,4000,5,exp1_permuted_src_datasets
1455,548.179635681,4.0,1739233926.0236018,,,,,,,0.6727738976478577,0.875,0.001,1,16,84x84,MatchingNetwork,3,3,BreaKHis_formatted,b-59-850,False,5,4000,5,exp1_permuted_src_datasets
1456,554.476838408,4.0,1739233932.3211184,,,,,,0.46525,,,0.001,1,16,84x84,MatchingNetwork,3,3,BreaKHis_formatted,b-59-850,False,5,4000,5,exp1_permuted_src_datasets
