_step,_runtime,bootstrap_iter,_timestamp,ft_eval_acc,ft_loss,ft_acc,lr,epochs,batch_size,input_size,model_type,n_way_test,n_way_train,tgt_dataset,src_datasets,fixed_support,samples_per_class,num_total_episodes,num_bootstrap_iters,exp_name
0,33.390239097,0.0,1739257906.5164576,,,,0.001,1,16,40x40,MatchingNetwork,3,3,TKH,BreaKHis_formatted,False,5,4000,5,exp1_permuted_src_datasets
1,49.485262837,0.0,1739257922.6530757,0.697,,,0.001,1,16,40x40,MatchingNetwork,3,3,TKH,BreaKHis_formatted,False,5,4000,5,exp1_permuted_src_datasets
2,49.499993887,0.0,1739257922.6677787,,0.9379134774208069,0.8125,0.001,1,16,40x40,MatchingNetwork,3,3,TKH,BreaKHis_formatted,False,5,4000,5,exp1_permuted_src_datasets
3,49.591044337,0.0,1739257922.7587922,,0.9103350639343262,0.75,0.001,1,16,40x40,MatchingNetwork,3,3,TKH,BreaKHis_formatted,False,5,4000,5,exp1_permuted_src_datasets
4,49.614257181,0.0,1739257922.7819908,,1.0069154500961304,0.6875,0.001,1,16,40x40,MatchingNetwork,3,3,TKH,BreaKHis_formatted,False,5,4000,5,exp1_permuted_src_datasets
5,49.637960187,0.0,1739257922.8057508,,0.9171625375747681,0.75,0.001,1,16,40x40,MatchingNetwork,3,3,TKH,BreaKHis_formatted,False,5,4000,5,exp1_permuted_src_datasets
6,49.654382596,0.0,1739257922.8221793,,0.8492200970649719,0.875,0.001,1,16,40x40,MatchingNetwork,3,3,TKH,BreaKHis_formatted,False,5,4000,5,exp1_permuted_src_datasets
7,49.670815747,0.0,1739257922.838607,,0.9230865240097046,0.625,0.001,1,16,40x40,MatchingNetwork,3,3,TKH,BreaKHis_formatted,False,5,4000,5,exp1_permuted_src_datasets
8,49.687097358,0.0,1739257922.854885,,0.9169961214065552,0.8125,0.001,1,16,40x40,MatchingNetwork,3,3,TKH,BreaKHis_formatted,False,5,4000,5,exp1_permuted_src_datasets
9,49.703622489,0.0,1739257922.871395,,0.8514151573181152,0.9375,0.001,1,16,40x40,MatchingNetwork,3,3,TKH,BreaKHis_formatted,False,5,4000,5,exp1_permuted_src_datasets
10,49.72042069,0.0,1739257922.8882065,,0.8778451085090637,0.8125,0.001,1,16,40x40,MatchingNetwork,3,3,TKH,BreaKHis_formatted,False,5,4000,5,exp1_permuted_src_datasets
11,49.737155216,0.0,1739257922.9049556,,0.8212065696716309,0.875,0.001,1,16,40x40,MatchingNetwork,3,3,TKH,BreaKHis_formatted,False,5,4000,5,exp1_permuted_src_datasets
12,49.75407243,0.0,1739257922.921843,,0.8653722405433655,0.75,0.001,1,16,40x40,MatchingNetwork,3,3,TKH,BreaKHis_formatted,False,5,4000,5,exp1_permuted_src_datasets
13,49.770151162,0.0,1739257922.9379566,,0.8560965657234192,0.75,0.001,1,16,40x40,MatchingNetwork,3,3,TKH,BreaKHis_formatted,False,5,4000,5,exp1_permuted_src_datasets
14,49.78624042,0.0,1739257922.9540422,,0.7959533929824829,0.9375,0.001,1,16,40x40,MatchingNetwork,3,3,TKH,BreaKHis_formatted,False,5,4000,5,exp1_permuted_src_datasets
15,49.803293184,0.0,1739257922.971081,,0.8693223595619202,0.6875,0.001,1,16,40x40,MatchingNetwork,3,3,TKH,BreaKHis_formatted,False,5,4000,5,exp1_permuted_src_datasets
16,49.821911033,0.0,1739257922.9896994,,0.8412532210350037,0.75,0.001,1,16,40x40,MatchingNetwork,3,3,TKH,BreaKHis_formatted,False,5,4000,5,exp1_permuted_src_datasets
17,49.840978503,0.0,1739257923.0087886,,0.8188203573226929,0.6875,0.001,1,16,40x40,MatchingNetwork,3,3,TKH,BreaKHis_formatted,False,5,4000,5,exp1_permuted_src_datasets
18,49.870139825,0.0,1739257923.0378504,,0.8115509152412415,0.9375,0.001,1,16,40x40,MatchingNetwork,3,3,TKH,BreaKHis_formatted,False,5,4000,5,exp1_permuted_src_datasets
19,49.889295687,0.0,1739257923.0570753,,0.8038825988769531,0.875,0.001,1,16,40x40,MatchingNetwork,3,3,TKH,BreaKHis_formatted,False,5,4000,5,exp1_permuted_src_datasets
20,49.905572125,0.0,1739257923.0733807,,0.8042135238647461,0.9375,0.001,1,16,40x40,MatchingNetwork,3,3,TKH,BreaKHis_formatted,False,5,4000,5,exp1_permuted_src_datasets
21,49.922448624,0.0,1739257923.0900373,,0.79460608959198,0.9375,0.001,1,16,40x40,MatchingNetwork,3,3,TKH,BreaKHis_formatted,False,5,4000,5,exp1_permuted_src_datasets
22,49.943563345,0.0,1739257923.1112614,,0.7784722447395325,0.9375,0.001,1,16,40x40,MatchingNetwork,3,3,TKH,BreaKHis_formatted,False,5,4000,5,exp1_permuted_src_datasets
23,49.960178389,0.0,1739257923.1279657,,0.7579486966133118,0.9375,0.001,1,16,40x40,MatchingNetwork,3,3,TKH,BreaKHis_formatted,False,5,4000,5,exp1_permuted_src_datasets
24,49.976211978,0.0,1739257923.144004,,0.7456755042076111,1.0,0.001,1,16,40x40,MatchingNetwork,3,3,TKH,BreaKHis_formatted,False,5,4000,5,exp1_permuted_src_datasets
25,49.99198948,0.0,1739257923.1597967,,0.7941815853118896,0.875,0.001,1,16,40x40,MatchingNetwork,3,3,TKH,BreaKHis_formatted,False,5,4000,5,exp1_permuted_src_datasets
26,50.007544506,0.0,1739257923.175363,,0.7810524702072144,1.0,0.001,1,16,40x40,MatchingNetwork,3,3,TKH,BreaKHis_formatted,False,5,4000,5,exp1_permuted_src_datasets
27,50.023482419,0.0,1739257923.1912885,,0.7019661664962769,0.875,0.001,1,16,40x40,MatchingNetwork,3,3,TKH,BreaKHis_formatted,False,5,4000,5,exp1_permuted_src_datasets
28,50.03948747,0.0,1739257923.2072854,,0.7824835181236267,0.875,0.001,1,16,40x40,MatchingNetwork,3,3,TKH,BreaKHis_formatted,False,5,4000,5,exp1_permuted_src_datasets
29,50.057471015,0.0,1739257923.2252336,,0.7090556025505066,1.0,0.001,1,16,40x40,MatchingNetwork,3,3,TKH,BreaKHis_formatted,False,5,4000,5,exp1_permuted_src_datasets
30,50.074124865,0.0,1739257923.2419174,,0.7733824849128723,0.9375,0.001,1,16,40x40,MatchingNetwork,3,3,TKH,BreaKHis_formatted,False,5,4000,5,exp1_permuted_src_datasets
31,50.101620413,0.0,1739257923.269343,,0.7794816493988037,0.9375,0.001,1,16,40x40,MatchingNetwork,3,3,TKH,BreaKHis_formatted,False,5,4000,5,exp1_permuted_src_datasets
32,50.122520763,0.0,1739257923.2902906,,0.7472532391548157,0.875,0.001,1,16,40x40,MatchingNetwork,3,3,TKH,BreaKHis_formatted,False,5,4000,5,exp1_permuted_src_datasets
33,50.138446624,0.0,1739257923.3062441,,0.7047770023345947,1.0,0.001,1,16,40x40,MatchingNetwork,3,3,TKH,BreaKHis_formatted,False,5,4000,5,exp1_permuted_src_datasets
34,50.155132096,0.0,1739257923.3229256,,0.726321280002594,1.0,0.001,1,16,40x40,MatchingNetwork,3,3,TKH,BreaKHis_formatted,False,5,4000,5,exp1_permuted_src_datasets
35,50.171176177,0.0,1739257923.3389847,,0.6883741021156311,1.0,0.001,1,16,40x40,MatchingNetwork,3,3,TKH,BreaKHis_formatted,False,5,4000,5,exp1_permuted_src_datasets
36,50.189236412,0.0,1739257923.3570037,,0.7658226490020752,0.875,0.001,1,16,40x40,MatchingNetwork,3,3,TKH,BreaKHis_formatted,False,5,4000,5,exp1_permuted_src_datasets
37,50.205193635,0.0,1739257923.3729868,,0.7842501997947693,0.9375,0.001,1,16,40x40,MatchingNetwork,3,3,TKH,BreaKHis_formatted,False,5,4000,5,exp1_permuted_src_datasets
38,50.220912825,0.0,1739257923.3887105,,0.746663510799408,0.9375,0.001,1,16,40x40,MatchingNetwork,3,3,TKH,BreaKHis_formatted,False,5,4000,5,exp1_permuted_src_datasets
39,50.238199593,0.0,1739257923.405925,,0.7176774740219116,1.0,0.001,1,16,40x40,MatchingNetwork,3,3,TKH,BreaKHis_formatted,False,5,4000,5,exp1_permuted_src_datasets
40,50.254877825,0.0,1739257923.42267,,0.7353506088256836,0.9375,0.001,1,16,40x40,MatchingNetwork,3,3,TKH,BreaKHis_formatted,False,5,4000,5,exp1_permuted_src_datasets
41,50.270738677,0.0,1739257923.4385407,,0.7412692308425903,1.0,0.001,1,16,40x40,MatchingNetwork,3,3,TKH,BreaKHis_formatted,False,5,4000,5,exp1_permuted_src_datasets
42,50.286474631,0.0,1739257923.454279,,0.7981434464454651,0.75,0.001,1,16,40x40,MatchingNetwork,3,3,TKH,BreaKHis_formatted,False,5,4000,5,exp1_permuted_src_datasets
43,50.302570145,0.0,1739257923.4703536,,0.6825003623962402,1.0,0.001,1,16,40x40,MatchingNetwork,3,3,TKH,BreaKHis_formatted,False,5,4000,5,exp1_permuted_src_datasets
44,50.319159405,0.0,1739257923.4869316,,0.6713582277297974,1.0,0.001,1,16,40x40,MatchingNetwork,3,3,TKH,BreaKHis_formatted,False,5,4000,5,exp1_permuted_src_datasets
45,50.335418573,0.0,1739257923.503198,,0.7287819981575012,1.0,0.001,1,16,40x40,MatchingNetwork,3,3,TKH,BreaKHis_formatted,False,5,4000,5,exp1_permuted_src_datasets
46,50.358222976,0.0,1739257923.526017,,0.8358399271965027,0.75,0.001,1,16,40x40,MatchingNetwork,3,3,TKH,BreaKHis_formatted,False,5,4000,5,exp1_permuted_src_datasets
47,50.377124228,0.0,1739257923.5448952,,0.7022783160209656,0.9375,0.001,1,16,40x40,MatchingNetwork,3,3,TKH,BreaKHis_formatted,False,5,4000,5,exp1_permuted_src_datasets
48,50.39904702,0.0,1739257923.5668495,,0.6569284200668335,1.0,0.001,1,16,40x40,MatchingNetwork,3,3,TKH,BreaKHis_formatted,False,5,4000,5,exp1_permuted_src_datasets
49,50.415519689,0.0,1739257923.5833025,,0.7130683064460754,1.0,0.001,1,16,40x40,MatchingNetwork,3,3,TKH,BreaKHis_formatted,False,5,4000,5,exp1_permuted_src_datasets
50,50.431732301,0.0,1739257923.5995326,,0.6638004779815674,1.0,0.001,1,16,40x40,MatchingNetwork,3,3,TKH,BreaKHis_formatted,False,5,4000,5,exp1_permuted_src_datasets
51,50.482147867,0.0,1739257923.616798,,0.6939293742179871,0.9375,0.001,1,16,40x40,MatchingNetwork,3,3,TKH,BreaKHis_formatted,False,5,4000,5,exp1_permuted_src_datasets
52,50.482171649,0.0,1739257923.633077,,0.6607699990272522,1.0,0.001,1,16,40x40,MatchingNetwork,3,3,TKH,BreaKHis_formatted,False,5,4000,5,exp1_permuted_src_datasets
53,50.482177862,0.0,1739257923.6492217,,0.6969746947288513,1.0,0.001,1,16,40x40,MatchingNetwork,3,3,TKH,BreaKHis_formatted,False,5,4000,5,exp1_permuted_src_datasets
54,50.497483284,0.0,1739257923.6652806,,0.6809826493263245,1.0,0.001,1,16,40x40,MatchingNetwork,3,3,TKH,BreaKHis_formatted,False,5,4000,5,exp1_permuted_src_datasets
55,50.515460878,0.0,1739257923.683006,,0.691705584526062,1.0,0.001,1,16,40x40,MatchingNetwork,3,3,TKH,BreaKHis_formatted,False,5,4000,5,exp1_permuted_src_datasets
56,50.537516759,0.0,1739257923.705203,,0.6564794778823853,1.0,0.001,1,16,40x40,MatchingNetwork,3,3,TKH,BreaKHis_formatted,False,5,4000,5,exp1_permuted_src_datasets
57,50.554037022,0.0,1739257923.7218232,,0.67873615026474,1.0,0.001,1,16,40x40,MatchingNetwork,3,3,TKH,BreaKHis_formatted,False,5,4000,5,exp1_permuted_src_datasets
58,50.570478413000004,0.0,1739257923.7382596,,0.651307225227356,1.0,0.001,1,16,40x40,MatchingNetwork,3,3,TKH,BreaKHis_formatted,False,5,4000,5,exp1_permuted_src_datasets
59,50.586144069,0.0,1739257923.753938,,0.6702122688293457,1.0,0.001,1,16,40x40,MatchingNetwork,3,3,TKH,BreaKHis_formatted,False,5,4000,5,exp1_permuted_src_datasets
60,50.602066657,0.0,1739257923.7698572,,0.7355945706367493,0.9375,0.001,1,16,40x40,MatchingNetwork,3,3,TKH,BreaKHis_formatted,False,5,4000,5,exp1_permuted_src_datasets
61,50.6183409,0.0,1739257923.7861233,,0.6949234008789062,1.0,0.001,1,16,40x40,MatchingNetwork,3,3,TKH,BreaKHis_formatted,False,5,4000,5,exp1_permuted_src_datasets
62,50.634195819,0.0,1739257923.801983,,0.6657645106315613,1.0,0.001,1,16,40x40,MatchingNetwork,3,3,TKH,BreaKHis_formatted,False,5,4000,5,exp1_permuted_src_datasets
63,50.649899188,0.0,1739257923.8176975,,0.6936448812484741,1.0,0.001,1,16,40x40,MatchingNetwork,3,3,TKH,BreaKHis_formatted,False,5,4000,5,exp1_permuted_src_datasets
64,65.893208685,0.0,1739257939.06106,0.54575,,,0.001,1,16,40x40,MatchingNetwork,3,3,TKH,BreaKHis_formatted,False,5,4000,5,exp1_permuted_src_datasets
65,65.907864947,0.0,1739257939.075663,,0.698914647102356,0.9375,0.001,1,16,40x40,MatchingNetwork,3,3,TKH,BreaKHis_formatted,False,5,4000,5,exp1_permuted_src_datasets
66,65.925364809,0.0,1739257939.0931516,,0.649474024772644,1.0,0.001,1,16,40x40,MatchingNetwork,3,3,TKH,BreaKHis_formatted,False,5,4000,5,exp1_permuted_src_datasets
67,65.942539795,0.0,1739257939.1103091,,0.713513195514679,1.0,0.001,1,16,40x40,MatchingNetwork,3,3,TKH,BreaKHis_formatted,False,5,4000,5,exp1_permuted_src_datasets
68,65.962692319,0.0,1739257939.1304007,,0.646628737449646,1.0,0.001,1,16,40x40,MatchingNetwork,3,3,TKH,BreaKHis_formatted,False,5,4000,5,exp1_permuted_src_datasets
69,65.98232446,0.0,1739257939.1500943,,0.643031656742096,1.0,0.001,1,16,40x40,MatchingNetwork,3,3,TKH,BreaKHis_formatted,False,5,4000,5,exp1_permuted_src_datasets
70,65.999707634,0.0,1739257939.167474,,0.7172175645828247,1.0,0.001,1,16,40x40,MatchingNetwork,3,3,TKH,BreaKHis_formatted,False,5,4000,5,exp1_permuted_src_datasets
71,66.01674267,0.0,1739257939.1845558,,0.6835005879402161,1.0,0.001,1,16,40x40,MatchingNetwork,3,3,TKH,BreaKHis_formatted,False,5,4000,5,exp1_permuted_src_datasets
72,66.033607701,0.0,1739257939.2013938,,0.7124301791191101,1.0,0.001,1,16,40x40,MatchingNetwork,3,3,TKH,BreaKHis_formatted,False,5,4000,5,exp1_permuted_src_datasets
73,66.050398533,0.0,1739257939.2181907,,0.6325151920318604,1.0,0.001,1,16,40x40,MatchingNetwork,3,3,TKH,BreaKHis_formatted,False,5,4000,5,exp1_permuted_src_datasets
74,66.066881528,0.0,1739257939.234685,,0.6422874331474304,1.0,0.001,1,16,40x40,MatchingNetwork,3,3,TKH,BreaKHis_formatted,False,5,4000,5,exp1_permuted_src_datasets
75,66.083453926,0.0,1739257939.2512357,,0.6436623930931091,1.0,0.001,1,16,40x40,MatchingNetwork,3,3,TKH,BreaKHis_formatted,False,5,4000,5,exp1_permuted_src_datasets
76,66.100179801,0.0,1739257939.2679815,,0.6876734495162964,1.0,0.001,1,16,40x40,MatchingNetwork,3,3,TKH,BreaKHis_formatted,False,5,4000,5,exp1_permuted_src_datasets
77,66.11908634,0.0,1739257939.2868526,,0.6363286972045898,1.0,0.001,1,16,40x40,MatchingNetwork,3,3,TKH,BreaKHis_formatted,False,5,4000,5,exp1_permuted_src_datasets
78,66.147686653,0.0,1739257939.315456,,0.7085258364677429,1.0,0.001,1,16,40x40,MatchingNetwork,3,3,TKH,BreaKHis_formatted,False,5,4000,5,exp1_permuted_src_datasets
79,66.166594794,0.0,1739257939.3344018,,0.6806510090827942,1.0,0.001,1,16,40x40,MatchingNetwork,3,3,TKH,BreaKHis_formatted,False,5,4000,5,exp1_permuted_src_datasets
80,66.188683034,0.0,1739257939.35647,,0.6673305034637451,1.0,0.001,1,16,40x40,MatchingNetwork,3,3,TKH,BreaKHis_formatted,False,5,4000,5,exp1_permuted_src_datasets
81,66.205422753,0.0,1739257939.3732073,,0.6304519772529602,1.0,0.001,1,16,40x40,MatchingNetwork,3,3,TKH,BreaKHis_formatted,False,5,4000,5,exp1_permuted_src_datasets
82,66.222091815,0.0,1739257939.3898811,,0.625117301940918,1.0,0.001,1,16,40x40,MatchingNetwork,3,3,TKH,BreaKHis_formatted,False,5,4000,5,exp1_permuted_src_datasets
83,66.238829797,0.0,1739257939.4066274,,0.6138229370117188,1.0,0.001,1,16,40x40,MatchingNetwork,3,3,TKH,BreaKHis_formatted,False,5,4000,5,exp1_permuted_src_datasets
84,66.255327637,0.0,1739257939.423136,,0.6563479900360107,1.0,0.001,1,16,40x40,MatchingNetwork,3,3,TKH,BreaKHis_formatted,False,5,4000,5,exp1_permuted_src_datasets
85,66.272047609,0.0,1739257939.4398346,,0.6187467575073242,1.0,0.001,1,16,40x40,MatchingNetwork,3,3,TKH,BreaKHis_formatted,False,5,4000,5,exp1_permuted_src_datasets
86,66.288603116,0.0,1739257939.4563978,,0.6304677128791809,1.0,0.001,1,16,40x40,MatchingNetwork,3,3,TKH,BreaKHis_formatted,False,5,4000,5,exp1_permuted_src_datasets
87,66.306181517,0.0,1739257939.4739425,,0.6219762563705444,1.0,0.001,1,16,40x40,MatchingNetwork,3,3,TKH,BreaKHis_formatted,False,5,4000,5,exp1_permuted_src_datasets
88,66.326514145,0.0,1739257939.4942732,,0.6323177814483643,1.0,0.001,1,16,40x40,MatchingNetwork,3,3,TKH,BreaKHis_formatted,False,5,4000,5,exp1_permuted_src_datasets
89,66.353497821,0.0,1739257939.5189915,,0.6621372103691101,1.0,0.001,1,16,40x40,MatchingNetwork,3,3,TKH,BreaKHis_formatted,False,5,4000,5,exp1_permuted_src_datasets
90,66.372093881,0.0,1739257939.5397823,,0.6377178430557251,1.0,0.001,1,16,40x40,MatchingNetwork,3,3,TKH,BreaKHis_formatted,False,5,4000,5,exp1_permuted_src_datasets
91,66.38946671,0.0,1739257939.5572503,,0.6681238412857056,0.875,0.001,1,16,40x40,MatchingNetwork,3,3,TKH,BreaKHis_formatted,False,5,4000,5,exp1_permuted_src_datasets
92,66.406321354,0.0,1739257939.5740876,,0.7375391125679016,0.9375,0.001,1,16,40x40,MatchingNetwork,3,3,TKH,BreaKHis_formatted,False,5,4000,5,exp1_permuted_src_datasets
93,66.423250794,0.0,1739257939.5910378,,0.6374893188476562,1.0,0.001,1,16,40x40,MatchingNetwork,3,3,TKH,BreaKHis_formatted,False,5,4000,5,exp1_permuted_src_datasets
94,66.440455885,0.0,1739257939.6082432,,0.6377623677253723,1.0,0.001,1,16,40x40,MatchingNetwork,3,3,TKH,BreaKHis_formatted,False,5,4000,5,exp1_permuted_src_datasets
95,66.457688798,0.0,1739257939.6254594,,0.6490504145622253,1.0,0.001,1,16,40x40,MatchingNetwork,3,3,TKH,BreaKHis_formatted,False,5,4000,5,exp1_permuted_src_datasets
96,66.474617172,0.0,1739257939.642382,,0.6358633041381836,1.0,0.001,1,16,40x40,MatchingNetwork,3,3,TKH,BreaKHis_formatted,False,5,4000,5,exp1_permuted_src_datasets
97,66.49292523,0.0,1739257939.6606545,,0.6265901923179626,1.0,0.001,1,16,40x40,MatchingNetwork,3,3,TKH,BreaKHis_formatted,False,5,4000,5,exp1_permuted_src_datasets
98,66.510069162,0.0,1739257939.6778536,,0.6371091604232788,1.0,0.001,1,16,40x40,MatchingNetwork,3,3,TKH,BreaKHis_formatted,False,5,4000,5,exp1_permuted_src_datasets
99,66.527886882,0.0,1739257939.6954684,,0.6612612009048462,1.0,0.001,1,16,40x40,MatchingNetwork,3,3,TKH,BreaKHis_formatted,False,5,4000,5,exp1_permuted_src_datasets
100,66.54977131,0.0,1739257939.7175105,,0.6389573216438293,1.0,0.001,1,16,40x40,MatchingNetwork,3,3,TKH,BreaKHis_formatted,False,5,4000,5,exp1_permuted_src_datasets
101,66.567192827,0.0,1739257939.7349634,,0.61774742603302,1.0,0.001,1,16,40x40,MatchingNetwork,3,3,TKH,BreaKHis_formatted,False,5,4000,5,exp1_permuted_src_datasets
102,66.584008873,0.0,1739257939.7517965,,0.5967350006103516,1.0,0.001,1,16,40x40,MatchingNetwork,3,3,TKH,BreaKHis_formatted,False,5,4000,5,exp1_permuted_src_datasets
103,66.600820168,0.0,1739257939.7686453,,0.6089521050453186,1.0,0.001,1,16,40x40,MatchingNetwork,3,3,TKH,BreaKHis_formatted,False,5,4000,5,exp1_permuted_src_datasets
104,66.617372058,0.0,1739257939.7851732,,0.6338955760002136,1.0,0.001,1,16,40x40,MatchingNetwork,3,3,TKH,BreaKHis_formatted,False,5,4000,5,exp1_permuted_src_datasets
105,66.634377676,0.0,1739257939.8021758,,0.6152929067611694,1.0,0.001,1,16,40x40,MatchingNetwork,3,3,TKH,BreaKHis_formatted,False,5,4000,5,exp1_permuted_src_datasets
106,66.651364239,0.0,1739257939.8191493,,0.6014166474342346,1.0,0.001,1,16,40x40,MatchingNetwork,3,3,TKH,BreaKHis_formatted,False,5,4000,5,exp1_permuted_src_datasets
107,66.668266776,0.0,1739257939.8360658,,0.6478961706161499,1.0,0.001,1,16,40x40,MatchingNetwork,3,3,TKH,BreaKHis_formatted,False,5,4000,5,exp1_permuted_src_datasets
108,66.685186597,0.0,1739257939.852965,,0.6272276043891907,1.0,0.001,1,16,40x40,MatchingNetwork,3,3,TKH,BreaKHis_formatted,False,5,4000,5,exp1_permuted_src_datasets
109,66.701885529,0.0,1739257939.8696578,,0.6203843355178833,1.0,0.001,1,16,40x40,MatchingNetwork,3,3,TKH,BreaKHis_formatted,False,5,4000,5,exp1_permuted_src_datasets
110,66.718987063,0.0,1739257939.8867702,,0.6314627528190613,1.0,0.001,1,16,40x40,MatchingNetwork,3,3,TKH,BreaKHis_formatted,False,5,4000,5,exp1_permuted_src_datasets
111,66.73571901,0.0,1739257939.9035048,,0.6910011768341064,1.0,0.001,1,16,40x40,MatchingNetwork,3,3,TKH,BreaKHis_formatted,False,5,4000,5,exp1_permuted_src_datasets
112,66.753256293,0.0,1739257939.9210474,,0.6381112337112427,1.0,0.001,1,16,40x40,MatchingNetwork,3,3,TKH,BreaKHis_formatted,False,5,4000,5,exp1_permuted_src_datasets
113,66.770305998,0.0,1739257939.938093,,0.6120648384094238,1.0,0.001,1,16,40x40,MatchingNetwork,3,3,TKH,BreaKHis_formatted,False,5,4000,5,exp1_permuted_src_datasets
114,66.787482351,0.0,1739257939.955275,,0.610298752784729,1.0,0.001,1,16,40x40,MatchingNetwork,3,3,TKH,BreaKHis_formatted,False,5,4000,5,exp1_permuted_src_datasets
115,66.804497173,0.0,1739257939.9722667,,0.634227991104126,1.0,0.001,1,16,40x40,MatchingNetwork,3,3,TKH,BreaKHis_formatted,False,5,4000,5,exp1_permuted_src_datasets
116,66.821282961,0.0,1739257939.9890656,,0.6247252821922302,1.0,0.001,1,16,40x40,MatchingNetwork,3,3,TKH,BreaKHis_formatted,False,5,4000,5,exp1_permuted_src_datasets
117,66.838772833,0.0,1739257940.0065646,,0.6181278228759766,1.0,0.001,1,16,40x40,MatchingNetwork,3,3,TKH,BreaKHis_formatted,False,5,4000,5,exp1_permuted_src_datasets
118,66.855603223,0.0,1739257940.0233998,,0.6652847528457642,1.0,0.001,1,16,40x40,MatchingNetwork,3,3,TKH,BreaKHis_formatted,False,5,4000,5,exp1_permuted_src_datasets
119,66.873135497,0.0,1739257940.040945,,0.6424961090087891,1.0,0.001,1,16,40x40,MatchingNetwork,3,3,TKH,BreaKHis_formatted,False,5,4000,5,exp1_permuted_src_datasets
120,66.890291372,0.0,1739257940.0580688,,0.5990341305732727,1.0,0.001,1,16,40x40,MatchingNetwork,3,3,TKH,BreaKHis_formatted,False,5,4000,5,exp1_permuted_src_datasets
121,66.907915225,0.0,1739257940.0756938,,0.6330385208129883,1.0,0.001,1,16,40x40,MatchingNetwork,3,3,TKH,BreaKHis_formatted,False,5,4000,5,exp1_permuted_src_datasets
122,66.925078997,0.0,1739257940.0928373,,0.5998001098632812,1.0,0.001,1,16,40x40,MatchingNetwork,3,3,TKH,BreaKHis_formatted,False,5,4000,5,exp1_permuted_src_datasets
123,66.942005424,0.0,1739257940.109741,,0.6018169522285461,1.0,0.001,1,16,40x40,MatchingNetwork,3,3,TKH,BreaKHis_formatted,False,5,4000,5,exp1_permuted_src_datasets
124,66.958860321,0.0,1739257940.1266358,,0.7028714418411255,0.9375,0.001,1,16,40x40,MatchingNetwork,3,3,TKH,BreaKHis_formatted,False,5,4000,5,exp1_permuted_src_datasets
125,66.975747789,0.0,1739257940.1435633,,0.667068600654602,1.0,0.001,1,16,40x40,MatchingNetwork,3,3,TKH,BreaKHis_formatted,False,5,4000,5,exp1_permuted_src_datasets
126,66.99341656,0.0,1739257940.161182,,0.6156144738197327,1.0,0.001,1,16,40x40,MatchingNetwork,3,3,TKH,BreaKHis_formatted,False,5,4000,5,exp1_permuted_src_datasets
127,82.966690678,0.0,1739257956.1345384,0.57325,,,0.001,1,16,40x40,MatchingNetwork,3,3,TKH,BreaKHis_formatted,False,5,4000,5,exp1_permuted_src_datasets
128,82.981487985,0.0,1739257956.1492882,,0.6477949023246765,1.0,0.001,1,16,40x40,MatchingNetwork,3,3,TKH,BreaKHis_formatted,False,5,4000,5,exp1_permuted_src_datasets
129,82.999428754,0.0,1739257956.1672053,,0.6119322180747986,1.0,0.001,1,16,40x40,MatchingNetwork,3,3,TKH,BreaKHis_formatted,False,5,4000,5,exp1_permuted_src_datasets
130,83.016868614,0.0,1739257956.1846673,,0.6025801301002502,1.0,0.001,1,16,40x40,MatchingNetwork,3,3,TKH,BreaKHis_formatted,False,5,4000,5,exp1_permuted_src_datasets
131,83.036587447,0.0,1739257956.2042,,0.6139905452728271,1.0,0.001,1,16,40x40,MatchingNetwork,3,3,TKH,BreaKHis_formatted,False,5,4000,5,exp1_permuted_src_datasets
132,83.061600771,0.0,1739257956.2293453,,0.6523992419242859,1.0,0.001,1,16,40x40,MatchingNetwork,3,3,TKH,BreaKHis_formatted,False,5,4000,5,exp1_permuted_src_datasets
133,83.079480489,0.0,1739257956.2472847,,0.6434026956558228,1.0,0.001,1,16,40x40,MatchingNetwork,3,3,TKH,BreaKHis_formatted,False,5,4000,5,exp1_permuted_src_datasets
134,83.097332955,0.0,1739257956.2651055,,0.6414005756378174,1.0,0.001,1,16,40x40,MatchingNetwork,3,3,TKH,BreaKHis_formatted,False,5,4000,5,exp1_permuted_src_datasets
135,83.114648686,0.0,1739257956.2824461,,0.6607774496078491,1.0,0.001,1,16,40x40,MatchingNetwork,3,3,TKH,BreaKHis_formatted,False,5,4000,5,exp1_permuted_src_datasets
136,83.131629952,0.0,1739257956.2993855,,0.6570046544075012,1.0,0.001,1,16,40x40,MatchingNetwork,3,3,TKH,BreaKHis_formatted,False,5,4000,5,exp1_permuted_src_datasets
137,83.150634565,0.0,1739257956.3184206,,0.6089895963668823,1.0,0.001,1,16,40x40,MatchingNetwork,3,3,TKH,BreaKHis_formatted,False,5,4000,5,exp1_permuted_src_datasets
138,83.167625999,0.0,1739257956.3354237,,0.6477974653244019,1.0,0.001,1,16,40x40,MatchingNetwork,3,3,TKH,BreaKHis_formatted,False,5,4000,5,exp1_permuted_src_datasets
139,83.184588647,0.0,1739257956.352366,,0.6808290481567383,0.9375,0.001,1,16,40x40,MatchingNetwork,3,3,TKH,BreaKHis_formatted,False,5,4000,5,exp1_permuted_src_datasets
140,83.201348601,0.0,1739257956.3691666,,0.6133111715316772,1.0,0.001,1,16,40x40,MatchingNetwork,3,3,TKH,BreaKHis_formatted,False,5,4000,5,exp1_permuted_src_datasets
141,83.227945053,0.0,1739257956.3956778,,0.6386460065841675,1.0,0.001,1,16,40x40,MatchingNetwork,3,3,TKH,BreaKHis_formatted,False,5,4000,5,exp1_permuted_src_datasets
142,83.250792051,0.0,1739257956.4185193,,0.6438024044036865,1.0,0.001,1,16,40x40,MatchingNetwork,3,3,TKH,BreaKHis_formatted,False,5,4000,5,exp1_permuted_src_datasets
143,83.268494593,0.0,1739257956.4362583,,0.6276018619537354,0.9375,0.001,1,16,40x40,MatchingNetwork,3,3,TKH,BreaKHis_formatted,False,5,4000,5,exp1_permuted_src_datasets
144,83.285394687,0.0,1739257956.4531918,,0.6044182777404785,1.0,0.001,1,16,40x40,MatchingNetwork,3,3,TKH,BreaKHis_formatted,False,5,4000,5,exp1_permuted_src_datasets
145,83.302428721,0.0,1739257956.4702487,,0.6244035959243774,1.0,0.001,1,16,40x40,MatchingNetwork,3,3,TKH,BreaKHis_formatted,False,5,4000,5,exp1_permuted_src_datasets
146,83.319090799,0.0,1739257956.4868875,,0.6339070796966553,1.0,0.001,1,16,40x40,MatchingNetwork,3,3,TKH,BreaKHis_formatted,False,5,4000,5,exp1_permuted_src_datasets
147,83.336440417,0.0,1739257956.5042367,,0.6088523864746094,1.0,0.001,1,16,40x40,MatchingNetwork,3,3,TKH,BreaKHis_formatted,False,5,4000,5,exp1_permuted_src_datasets
148,83.353948238,0.0,1739257956.521736,,0.6067020297050476,1.0,0.001,1,16,40x40,MatchingNetwork,3,3,TKH,BreaKHis_formatted,False,5,4000,5,exp1_permuted_src_datasets
149,83.370594458,0.0,1739257956.5383952,,0.6108631491661072,1.0,0.001,1,16,40x40,MatchingNetwork,3,3,TKH,BreaKHis_formatted,False,5,4000,5,exp1_permuted_src_datasets
150,83.387266474,0.0,1739257956.555061,,0.6100717186927795,1.0,0.001,1,16,40x40,MatchingNetwork,3,3,TKH,BreaKHis_formatted,False,5,4000,5,exp1_permuted_src_datasets
151,83.403776101,0.0,1739257956.5715957,,0.5977535843849182,1.0,0.001,1,16,40x40,MatchingNetwork,3,3,TKH,BreaKHis_formatted,False,5,4000,5,exp1_permuted_src_datasets
152,83.421246645,0.0,1739257956.589001,,0.6689506769180298,1.0,0.001,1,16,40x40,MatchingNetwork,3,3,TKH,BreaKHis_formatted,False,5,4000,5,exp1_permuted_src_datasets
153,83.438225752,0.0,1739257956.6060252,,0.6087718605995178,1.0,0.001,1,16,40x40,MatchingNetwork,3,3,TKH,BreaKHis_formatted,False,5,4000,5,exp1_permuted_src_datasets
154,83.455179713,0.0,1739257956.622987,,0.6576704382896423,1.0,0.001,1,16,40x40,MatchingNetwork,3,3,TKH,BreaKHis_formatted,False,5,4000,5,exp1_permuted_src_datasets
155,83.473459091,0.0,1739257956.6412053,,0.6115473508834839,1.0,0.001,1,16,40x40,MatchingNetwork,3,3,TKH,BreaKHis_formatted,False,5,4000,5,exp1_permuted_src_datasets
156,83.500267162,0.0,1739257956.6680305,,0.6365378499031067,1.0,0.001,1,16,40x40,MatchingNetwork,3,3,TKH,BreaKHis_formatted,False,5,4000,5,exp1_permuted_src_datasets
157,83.517909069,0.0,1739257956.6856742,,0.6307240128517151,1.0,0.001,1,16,40x40,MatchingNetwork,3,3,TKH,BreaKHis_formatted,False,5,4000,5,exp1_permuted_src_datasets
158,83.535056281,0.0,1739257956.7028315,,0.5978713035583496,1.0,0.001,1,16,40x40,MatchingNetwork,3,3,TKH,BreaKHis_formatted,False,5,4000,5,exp1_permuted_src_datasets
159,83.551987897,0.0,1739257956.719785,,0.6114252209663391,1.0,0.001,1,16,40x40,MatchingNetwork,3,3,TKH,BreaKHis_formatted,False,5,4000,5,exp1_permuted_src_datasets
160,83.570308231,0.0,1739257956.7380624,,0.6423472762107849,1.0,0.001,1,16,40x40,MatchingNetwork,3,3,TKH,BreaKHis_formatted,False,5,4000,5,exp1_permuted_src_datasets
161,83.5918222,0.0,1739257956.7596076,,0.6158328056335449,1.0,0.001,1,16,40x40,MatchingNetwork,3,3,TKH,BreaKHis_formatted,False,5,4000,5,exp1_permuted_src_datasets
162,83.610968523,0.0,1739257956.7787395,,0.6072942614555359,1.0,0.001,1,16,40x40,MatchingNetwork,3,3,TKH,BreaKHis_formatted,False,5,4000,5,exp1_permuted_src_datasets
163,83.628277687,0.0,1739257956.7960668,,0.6097888350486755,1.0,0.001,1,16,40x40,MatchingNetwork,3,3,TKH,BreaKHis_formatted,False,5,4000,5,exp1_permuted_src_datasets
164,83.645816369,0.0,1739257956.8136091,,0.6168043613433838,1.0,0.001,1,16,40x40,MatchingNetwork,3,3,TKH,BreaKHis_formatted,False,5,4000,5,exp1_permuted_src_datasets
165,83.66356895,0.0,1739257956.8313637,,0.6246178150177002,1.0,0.001,1,16,40x40,MatchingNetwork,3,3,TKH,BreaKHis_formatted,False,5,4000,5,exp1_permuted_src_datasets
166,83.680958345,0.0,1739257956.8486488,,0.6067671775817871,1.0,0.001,1,16,40x40,MatchingNetwork,3,3,TKH,BreaKHis_formatted,False,5,4000,5,exp1_permuted_src_datasets
167,83.701884879,0.0,1739257956.8695793,,0.6106966137886047,1.0,0.001,1,16,40x40,MatchingNetwork,3,3,TKH,BreaKHis_formatted,False,5,4000,5,exp1_permuted_src_datasets
168,83.723973708,0.0,1739257956.8917465,,0.599194347858429,1.0,0.001,1,16,40x40,MatchingNetwork,3,3,TKH,BreaKHis_formatted,False,5,4000,5,exp1_permuted_src_datasets
169,83.741290032,0.0,1739257956.9090636,,0.6221168041229248,1.0,0.001,1,16,40x40,MatchingNetwork,3,3,TKH,BreaKHis_formatted,False,5,4000,5,exp1_permuted_src_datasets
170,83.758198802,0.0,1739257956.9259832,,0.5936201810836792,1.0,0.001,1,16,40x40,MatchingNetwork,3,3,TKH,BreaKHis_formatted,False,5,4000,5,exp1_permuted_src_datasets
171,83.774799652,0.0,1739257956.9426012,,0.6032170057296753,1.0,0.001,1,16,40x40,MatchingNetwork,3,3,TKH,BreaKHis_formatted,False,5,4000,5,exp1_permuted_src_datasets
172,83.79145767,0.0,1739257956.9592445,,0.5946560502052307,1.0,0.001,1,16,40x40,MatchingNetwork,3,3,TKH,BreaKHis_formatted,False,5,4000,5,exp1_permuted_src_datasets
173,83.808345073,0.0,1739257956.976142,,0.6443520188331604,1.0,0.001,1,16,40x40,MatchingNetwork,3,3,TKH,BreaKHis_formatted,False,5,4000,5,exp1_permuted_src_datasets
174,83.826938086,0.0,1739257956.9947119,,0.6107248067855835,1.0,0.001,1,16,40x40,MatchingNetwork,3,3,TKH,BreaKHis_formatted,False,5,4000,5,exp1_permuted_src_datasets
175,83.843951099,0.0,1739257957.0117486,,0.591734766960144,1.0,0.001,1,16,40x40,MatchingNetwork,3,3,TKH,BreaKHis_formatted,False,5,4000,5,exp1_permuted_src_datasets
176,83.861847188,0.0,1739257957.0295966,,0.6113410592079163,1.0,0.001,1,16,40x40,MatchingNetwork,3,3,TKH,BreaKHis_formatted,False,5,4000,5,exp1_permuted_src_datasets
177,83.878936654,0.0,1739257957.0467384,,0.6200903654098511,1.0,0.001,1,16,40x40,MatchingNetwork,3,3,TKH,BreaKHis_formatted,False,5,4000,5,exp1_permuted_src_datasets
178,83.895837058,0.0,1739257957.0636358,,0.6105369925498962,1.0,0.001,1,16,40x40,MatchingNetwork,3,3,TKH,BreaKHis_formatted,False,5,4000,5,exp1_permuted_src_datasets
179,83.91264873,0.0,1739257957.0804656,,0.5982354283332825,1.0,0.001,1,16,40x40,MatchingNetwork,3,3,TKH,BreaKHis_formatted,False,5,4000,5,exp1_permuted_src_datasets
180,83.929344631,0.0,1739257957.0971508,,0.6128764748573303,1.0,0.001,1,16,40x40,MatchingNetwork,3,3,TKH,BreaKHis_formatted,False,5,4000,5,exp1_permuted_src_datasets
181,83.946203291,0.0,1739257957.1139877,,0.6028270721435547,1.0,0.001,1,16,40x40,MatchingNetwork,3,3,TKH,BreaKHis_formatted,False,5,4000,5,exp1_permuted_src_datasets
182,83.970132913,0.0,1739257957.1379316,,0.6102807521820068,1.0,0.001,1,16,40x40,MatchingNetwork,3,3,TKH,BreaKHis_formatted,False,5,4000,5,exp1_permuted_src_datasets
183,83.987451756,0.0,1739257957.1552079,,0.5932061672210693,1.0,0.001,1,16,40x40,MatchingNetwork,3,3,TKH,BreaKHis_formatted,False,5,4000,5,exp1_permuted_src_datasets
184,84.004583805,0.0,1739257957.1723566,,0.6078957915306091,1.0,0.001,1,16,40x40,MatchingNetwork,3,3,TKH,BreaKHis_formatted,False,5,4000,5,exp1_permuted_src_datasets
185,84.022461582,0.0,1739257957.1902163,,0.5955647230148315,1.0,0.001,1,16,40x40,MatchingNetwork,3,3,TKH,BreaKHis_formatted,False,5,4000,5,exp1_permuted_src_datasets
186,84.044265538,0.0,1739257957.2120507,,0.6069168448448181,1.0,0.001,1,16,40x40,MatchingNetwork,3,3,TKH,BreaKHis_formatted,False,5,4000,5,exp1_permuted_src_datasets
187,84.06174947,0.0,1739257957.2295299,,0.6051685214042664,1.0,0.001,1,16,40x40,MatchingNetwork,3,3,TKH,BreaKHis_formatted,False,5,4000,5,exp1_permuted_src_datasets
188,84.0858279,0.0,1739257957.253609,,0.6048071384429932,1.0,0.001,1,16,40x40,MatchingNetwork,3,3,TKH,BreaKHis_formatted,False,5,4000,5,exp1_permuted_src_datasets
189,84.102978333,0.0,1739257957.2707517,,0.5963122248649597,1.0,0.001,1,16,40x40,MatchingNetwork,3,3,TKH,BreaKHis_formatted,False,5,4000,5,exp1_permuted_src_datasets
190,100.35598768,0.0,1739257973.5238209,0.61375,,,0.001,1,16,40x40,MatchingNetwork,3,3,TKH,BreaKHis_formatted,False,5,4000,5,exp1_permuted_src_datasets
191,129.696145642,1.0,1739258002.863992,,,,0.001,1,16,40x40,MatchingNetwork,3,3,TKH,BreaKHis_formatted,False,5,4000,5,exp1_permuted_src_datasets
192,146.986690918,1.0,1739258020.1545322,0.7015,,,0.001,1,16,40x40,MatchingNetwork,3,3,TKH,BreaKHis_formatted,False,5,4000,5,exp1_permuted_src_datasets
193,147.000033292,1.0,1739258020.1678183,,0.9347760677337646,0.875,0.001,1,16,40x40,MatchingNetwork,3,3,TKH,BreaKHis_formatted,False,5,4000,5,exp1_permuted_src_datasets
194,147.017472292,1.0,1739258020.1852798,,0.9078711867332458,0.9375,0.001,1,16,40x40,MatchingNetwork,3,3,TKH,BreaKHis_formatted,False,5,4000,5,exp1_permuted_src_datasets
195,147.034906646,1.0,1739258020.2026842,,0.986968994140625,0.75,0.001,1,16,40x40,MatchingNetwork,3,3,TKH,BreaKHis_formatted,False,5,4000,5,exp1_permuted_src_datasets
196,147.052108156,1.0,1739258020.2198942,,0.9945417046546936,0.6875,0.001,1,16,40x40,MatchingNetwork,3,3,TKH,BreaKHis_formatted,False,5,4000,5,exp1_permuted_src_datasets
197,147.069970867,1.0,1739258020.2377725,,0.9454524517059326,0.6875,0.001,1,16,40x40,MatchingNetwork,3,3,TKH,BreaKHis_formatted,False,5,4000,5,exp1_permuted_src_datasets
198,147.087886272,1.0,1739258020.2556822,,0.9140262603759766,0.875,0.001,1,16,40x40,MatchingNetwork,3,3,TKH,BreaKHis_formatted,False,5,4000,5,exp1_permuted_src_datasets
199,147.10541007,1.0,1739258020.2732108,,0.9454408884048462,0.75,0.001,1,16,40x40,MatchingNetwork,3,3,TKH,BreaKHis_formatted,False,5,4000,5,exp1_permuted_src_datasets
200,147.122781868,1.0,1739258020.2905707,,0.8720990419387817,1.0,0.001,1,16,40x40,MatchingNetwork,3,3,TKH,BreaKHis_formatted,False,5,4000,5,exp1_permuted_src_datasets
201,147.140084217,1.0,1739258020.307892,,0.8804588317871094,1.0,0.001,1,16,40x40,MatchingNetwork,3,3,TKH,BreaKHis_formatted,False,5,4000,5,exp1_permuted_src_datasets
202,147.157330445,1.0,1739258020.3251138,,0.8927664756774902,0.9375,0.001,1,16,40x40,MatchingNetwork,3,3,TKH,BreaKHis_formatted,False,5,4000,5,exp1_permuted_src_datasets
203,147.174631413,1.0,1739258020.342415,,0.8597914576530457,1.0,0.001,1,16,40x40,MatchingNetwork,3,3,TKH,BreaKHis_formatted,False,5,4000,5,exp1_permuted_src_datasets
204,147.192028921,1.0,1739258020.3598385,,0.8587363958358765,0.9375,0.001,1,16,40x40,MatchingNetwork,3,3,TKH,BreaKHis_formatted,False,5,4000,5,exp1_permuted_src_datasets
205,147.211140436,1.0,1739258020.3789363,,0.8460633754730225,1.0,0.001,1,16,40x40,MatchingNetwork,3,3,TKH,BreaKHis_formatted,False,5,4000,5,exp1_permuted_src_datasets
206,147.228532152,1.0,1739258020.3963027,,0.7901501655578613,1.0,0.001,1,16,40x40,MatchingNetwork,3,3,TKH,BreaKHis_formatted,False,5,4000,5,exp1_permuted_src_datasets
207,147.25996915,1.0,1739258020.4276824,,0.817494809627533,0.9375,0.001,1,16,40x40,MatchingNetwork,3,3,TKH,BreaKHis_formatted,False,5,4000,5,exp1_permuted_src_datasets
208,147.28306551,1.0,1739258020.450769,,0.8777778148651123,0.8125,0.001,1,16,40x40,MatchingNetwork,3,3,TKH,BreaKHis_formatted,False,5,4000,5,exp1_permuted_src_datasets
209,147.30055832,1.0,1739258020.468342,,0.8133562207221985,1.0,0.001,1,16,40x40,MatchingNetwork,3,3,TKH,BreaKHis_formatted,False,5,4000,5,exp1_permuted_src_datasets
210,147.317669045,1.0,1739258020.4854352,,0.7922699451446533,0.9375,0.001,1,16,40x40,MatchingNetwork,3,3,TKH,BreaKHis_formatted,False,5,4000,5,exp1_permuted_src_datasets
211,147.334395276,1.0,1739258020.5022037,,0.829981803894043,0.8125,0.001,1,16,40x40,MatchingNetwork,3,3,TKH,BreaKHis_formatted,False,5,4000,5,exp1_permuted_src_datasets
212,147.351027841,1.0,1739258020.5188,,0.7865102887153625,1.0,0.001,1,16,40x40,MatchingNetwork,3,3,TKH,BreaKHis_formatted,False,5,4000,5,exp1_permuted_src_datasets
213,147.367780197,1.0,1739258020.5355709,,0.8034376502037048,0.9375,0.001,1,16,40x40,MatchingNetwork,3,3,TKH,BreaKHis_formatted,False,5,4000,5,exp1_permuted_src_datasets
214,147.384493676,1.0,1739258020.5522916,,0.8402578830718994,1.0,0.001,1,16,40x40,MatchingNetwork,3,3,TKH,BreaKHis_formatted,False,5,4000,5,exp1_permuted_src_datasets
215,147.401106002,1.0,1739258020.5688868,,0.8152732253074646,0.875,0.001,1,16,40x40,MatchingNetwork,3,3,TKH,BreaKHis_formatted,False,5,4000,5,exp1_permuted_src_datasets
216,147.422762371,1.0,1739258020.590544,,0.7827720642089844,0.9375,0.001,1,16,40x40,MatchingNetwork,3,3,TKH,BreaKHis_formatted,False,5,4000,5,exp1_permuted_src_datasets
217,147.446318053,1.0,1739258020.6141117,,0.7622970938682556,0.9375,0.001,1,16,40x40,MatchingNetwork,3,3,TKH,BreaKHis_formatted,False,5,4000,5,exp1_permuted_src_datasets
218,147.46335668,1.0,1739258020.6311455,,0.7552170157432556,1.0,0.001,1,16,40x40,MatchingNetwork,3,3,TKH,BreaKHis_formatted,False,5,4000,5,exp1_permuted_src_datasets
219,147.480292818,1.0,1739258020.6480794,,0.7424719929695129,0.9375,0.001,1,16,40x40,MatchingNetwork,3,3,TKH,BreaKHis_formatted,False,5,4000,5,exp1_permuted_src_datasets
220,147.496995978,1.0,1739258020.6648078,,0.8474640846252441,0.875,0.001,1,16,40x40,MatchingNetwork,3,3,TKH,BreaKHis_formatted,False,5,4000,5,exp1_permuted_src_datasets
221,147.514834575,1.0,1739258020.6826072,,0.7937968373298645,0.75,0.001,1,16,40x40,MatchingNetwork,3,3,TKH,BreaKHis_formatted,False,5,4000,5,exp1_permuted_src_datasets
222,147.540816073,1.0,1739258020.7086067,,0.7373634576797485,1.0,0.001,1,16,40x40,MatchingNetwork,3,3,TKH,BreaKHis_formatted,False,5,4000,5,exp1_permuted_src_datasets
223,147.564306644,1.0,1739258020.73208,,0.7834381461143494,0.9375,0.001,1,16,40x40,MatchingNetwork,3,3,TKH,BreaKHis_formatted,False,5,4000,5,exp1_permuted_src_datasets
224,147.596788441,1.0,1739258020.7629607,,0.761698305606842,0.875,0.001,1,16,40x40,MatchingNetwork,3,3,TKH,BreaKHis_formatted,False,5,4000,5,exp1_permuted_src_datasets
225,147.628538502,1.0,1739258020.796214,,0.7497119307518005,1.0,0.001,1,16,40x40,MatchingNetwork,3,3,TKH,BreaKHis_formatted,False,5,4000,5,exp1_permuted_src_datasets
226,147.650577791,1.0,1739258020.8183537,,0.747786283493042,1.0,0.001,1,16,40x40,MatchingNetwork,3,3,TKH,BreaKHis_formatted,False,5,4000,5,exp1_permuted_src_datasets
227,147.670403341,1.0,1739258020.8381665,,0.7314512729644775,1.0,0.001,1,16,40x40,MatchingNetwork,3,3,TKH,BreaKHis_formatted,False,5,4000,5,exp1_permuted_src_datasets
228,147.688523111,1.0,1739258020.856293,,0.7139649391174316,1.0,0.001,1,16,40x40,MatchingNetwork,3,3,TKH,BreaKHis_formatted,False,5,4000,5,exp1_permuted_src_datasets
229,147.708105496,1.0,1739258020.875909,,0.6677253842353821,1.0,0.001,1,16,40x40,MatchingNetwork,3,3,TKH,BreaKHis_formatted,False,5,4000,5,exp1_permuted_src_datasets
230,147.725925009,1.0,1739258020.8937101,,0.795316755771637,0.9375,0.001,1,16,40x40,MatchingNetwork,3,3,TKH,BreaKHis_formatted,False,5,4000,5,exp1_permuted_src_datasets
231,147.742904084,1.0,1739258020.9107084,,0.6941593885421753,1.0,0.001,1,16,40x40,MatchingNetwork,3,3,TKH,BreaKHis_formatted,False,5,4000,5,exp1_permuted_src_datasets
232,147.759849713,1.0,1739258020.927594,,0.6849797964096069,1.0,0.001,1,16,40x40,MatchingNetwork,3,3,TKH,BreaKHis_formatted,False,5,4000,5,exp1_permuted_src_datasets
233,147.776726731,1.0,1739258020.9444988,,0.6797823905944824,1.0,0.001,1,16,40x40,MatchingNetwork,3,3,TKH,BreaKHis_formatted,False,5,4000,5,exp1_permuted_src_datasets
234,147.793477077,1.0,1739258020.9612632,,0.7617436051368713,0.9375,0.001,1,16,40x40,MatchingNetwork,3,3,TKH,BreaKHis_formatted,False,5,4000,5,exp1_permuted_src_datasets
235,147.810240468,1.0,1739258020.978033,,0.7374513149261475,1.0,0.001,1,16,40x40,MatchingNetwork,3,3,TKH,BreaKHis_formatted,False,5,4000,5,exp1_permuted_src_datasets
236,147.826826765,1.0,1739258020.9946263,,0.6858584880828857,1.0,0.001,1,16,40x40,MatchingNetwork,3,3,TKH,BreaKHis_formatted,False,5,4000,5,exp1_permuted_src_datasets
237,147.843669587,1.0,1739258021.0114572,,0.6881681680679321,1.0,0.001,1,16,40x40,MatchingNetwork,3,3,TKH,BreaKHis_formatted,False,5,4000,5,exp1_permuted_src_datasets
238,147.861529156,1.0,1739258021.029312,,0.6743935942649841,1.0,0.001,1,16,40x40,MatchingNetwork,3,3,TKH,BreaKHis_formatted,False,5,4000,5,exp1_permuted_src_datasets
239,147.878871592,1.0,1739258021.0466378,,0.6873676776885986,1.0,0.001,1,16,40x40,MatchingNetwork,3,3,TKH,BreaKHis_formatted,False,5,4000,5,exp1_permuted_src_datasets
240,147.896670851,1.0,1739258021.064408,,0.6581870317459106,1.0,0.001,1,16,40x40,MatchingNetwork,3,3,TKH,BreaKHis_formatted,False,5,4000,5,exp1_permuted_src_datasets
241,147.914149207,1.0,1739258021.0819218,,0.6642709970474243,1.0,0.001,1,16,40x40,MatchingNetwork,3,3,TKH,BreaKHis_formatted,False,5,4000,5,exp1_permuted_src_datasets
242,147.93116197,1.0,1739258021.098949,,0.6493171453475952,1.0,0.001,1,16,40x40,MatchingNetwork,3,3,TKH,BreaKHis_formatted,False,5,4000,5,exp1_permuted_src_datasets
243,147.948002541,1.0,1739258021.1157646,,0.6456732153892517,1.0,0.001,1,16,40x40,MatchingNetwork,3,3,TKH,BreaKHis_formatted,False,5,4000,5,exp1_permuted_src_datasets
244,147.96499631,1.0,1739258021.1327887,,0.6417970657348633,1.0,0.001,1,16,40x40,MatchingNetwork,3,3,TKH,BreaKHis_formatted,False,5,4000,5,exp1_permuted_src_datasets
245,147.981934764,1.0,1739258021.149711,,0.6452265977859497,1.0,0.001,1,16,40x40,MatchingNetwork,3,3,TKH,BreaKHis_formatted,False,5,4000,5,exp1_permuted_src_datasets
246,147.998800623,1.0,1739258021.166588,,0.6465501189231873,1.0,0.001,1,16,40x40,MatchingNetwork,3,3,TKH,BreaKHis_formatted,False,5,4000,5,exp1_permuted_src_datasets
247,148.015764103,1.0,1739258021.1835566,,0.6526258587837219,1.0,0.001,1,16,40x40,MatchingNetwork,3,3,TKH,BreaKHis_formatted,False,5,4000,5,exp1_permuted_src_datasets
248,148.036358949,1.0,1739258021.204093,,0.6100020408630371,1.0,0.001,1,16,40x40,MatchingNetwork,3,3,TKH,BreaKHis_formatted,False,5,4000,5,exp1_permuted_src_datasets
249,148.054865591,1.0,1739258021.222647,,0.6235219836235046,1.0,0.001,1,16,40x40,MatchingNetwork,3,3,TKH,BreaKHis_formatted,False,5,4000,5,exp1_permuted_src_datasets
250,148.073127867,1.0,1739258021.240875,,0.6327866315841675,1.0,0.001,1,16,40x40,MatchingNetwork,3,3,TKH,BreaKHis_formatted,False,5,4000,5,exp1_permuted_src_datasets
251,148.090364533,1.0,1739258021.2581532,,0.6822023391723633,1.0,0.001,1,16,40x40,MatchingNetwork,3,3,TKH,BreaKHis_formatted,False,5,4000,5,exp1_permuted_src_datasets
252,148.107824034,1.0,1739258021.2755826,,0.6337621808052063,1.0,0.001,1,16,40x40,MatchingNetwork,3,3,TKH,BreaKHis_formatted,False,5,4000,5,exp1_permuted_src_datasets
253,148.12479667,1.0,1739258021.2925627,,0.6392302513122559,1.0,0.001,1,16,40x40,MatchingNetwork,3,3,TKH,BreaKHis_formatted,False,5,4000,5,exp1_permuted_src_datasets
254,148.141599174,1.0,1739258021.3093555,,0.6411247253417969,1.0,0.001,1,16,40x40,MatchingNetwork,3,3,TKH,BreaKHis_formatted,False,5,4000,5,exp1_permuted_src_datasets
255,164.447284512,1.0,1739258037.6151314,0.50825,,,0.001,1,16,40x40,MatchingNetwork,3,3,TKH,BreaKHis_formatted,False,5,4000,5,exp1_permuted_src_datasets
256,164.462150728,1.0,1739258037.6299455,,0.6176080703735352,1.0,0.001,1,16,40x40,MatchingNetwork,3,3,TKH,BreaKHis_formatted,False,5,4000,5,exp1_permuted_src_datasets
257,164.480649401,1.0,1739258037.6483834,,0.6246070861816406,1.0,0.001,1,16,40x40,MatchingNetwork,3,3,TKH,BreaKHis_formatted,False,5,4000,5,exp1_permuted_src_datasets
258,164.501788539,1.0,1739258037.669564,,0.6214750409126282,1.0,0.001,1,16,40x40,MatchingNetwork,3,3,TKH,BreaKHis_formatted,False,5,4000,5,exp1_permuted_src_datasets
259,164.524491027,1.0,1739258037.692217,,0.6498997807502747,0.9375,0.001,1,16,40x40,MatchingNetwork,3,3,TKH,BreaKHis_formatted,False,5,4000,5,exp1_permuted_src_datasets
260,164.543050964,1.0,1739258037.7108319,,0.6201879382133484,1.0,0.001,1,16,40x40,MatchingNetwork,3,3,TKH,BreaKHis_formatted,False,5,4000,5,exp1_permuted_src_datasets
261,164.571006574,1.0,1739258037.7387855,,0.6347668170928955,1.0,0.001,1,16,40x40,MatchingNetwork,3,3,TKH,BreaKHis_formatted,False,5,4000,5,exp1_permuted_src_datasets
262,164.590647355,1.0,1739258037.7584262,,0.6262520551681519,1.0,0.001,1,16,40x40,MatchingNetwork,3,3,TKH,BreaKHis_formatted,False,5,4000,5,exp1_permuted_src_datasets
263,164.611892917,1.0,1739258037.7796757,,0.6272642612457275,1.0,0.001,1,16,40x40,MatchingNetwork,3,3,TKH,BreaKHis_formatted,False,5,4000,5,exp1_permuted_src_datasets
264,164.630498661,1.0,1739258037.7982626,,0.6523792743682861,1.0,0.001,1,16,40x40,MatchingNetwork,3,3,TKH,BreaKHis_formatted,False,5,4000,5,exp1_permuted_src_datasets
265,164.65056465,1.0,1739258037.8181756,,0.6584556102752686,1.0,0.001,1,16,40x40,MatchingNetwork,3,3,TKH,BreaKHis_formatted,False,5,4000,5,exp1_permuted_src_datasets
266,164.668031559,1.0,1739258037.8358047,,0.6060237884521484,1.0,0.001,1,16,40x40,MatchingNetwork,3,3,TKH,BreaKHis_formatted,False,5,4000,5,exp1_permuted_src_datasets
267,164.684887295,1.0,1739258037.852691,,0.6126202940940857,1.0,0.001,1,16,40x40,MatchingNetwork,3,3,TKH,BreaKHis_formatted,False,5,4000,5,exp1_permuted_src_datasets
268,164.706500119,1.0,1739258037.8742776,,0.6069985628128052,1.0,0.001,1,16,40x40,MatchingNetwork,3,3,TKH,BreaKHis_formatted,False,5,4000,5,exp1_permuted_src_datasets
269,164.722160325,1.0,1739258037.8899615,,0.6263645887374878,1.0,0.001,1,16,40x40,MatchingNetwork,3,3,TKH,BreaKHis_formatted,False,5,4000,5,exp1_permuted_src_datasets
270,164.737850284,1.0,1739258037.9056468,,0.5993832945823669,1.0,0.001,1,16,40x40,MatchingNetwork,3,3,TKH,BreaKHis_formatted,False,5,4000,5,exp1_permuted_src_datasets
271,164.753596642,1.0,1739258037.9214008,,0.6246169209480286,1.0,0.001,1,16,40x40,MatchingNetwork,3,3,TKH,BreaKHis_formatted,False,5,4000,5,exp1_permuted_src_datasets
272,164.770883984,1.0,1739258037.9386811,,0.6190899610519409,1.0,0.001,1,16,40x40,MatchingNetwork,3,3,TKH,BreaKHis_formatted,False,5,4000,5,exp1_permuted_src_datasets
273,164.790449287,1.0,1739258037.9582014,,0.6131102442741394,1.0,0.001,1,16,40x40,MatchingNetwork,3,3,TKH,BreaKHis_formatted,False,5,4000,5,exp1_permuted_src_datasets
274,164.809161378,1.0,1739258037.9769335,,0.5984511971473694,1.0,0.001,1,16,40x40,MatchingNetwork,3,3,TKH,BreaKHis_formatted,False,5,4000,5,exp1_permuted_src_datasets
275,164.826716076,1.0,1739258037.9944866,,0.6239425539970398,1.0,0.001,1,16,40x40,MatchingNetwork,3,3,TKH,BreaKHis_formatted,False,5,4000,5,exp1_permuted_src_datasets
276,164.844212574,1.0,1739258038.011964,,0.6029108762741089,1.0,0.001,1,16,40x40,MatchingNetwork,3,3,TKH,BreaKHis_formatted,False,5,4000,5,exp1_permuted_src_datasets
277,164.861520008,1.0,1739258038.0293043,,0.6117914915084839,1.0,0.001,1,16,40x40,MatchingNetwork,3,3,TKH,BreaKHis_formatted,False,5,4000,5,exp1_permuted_src_datasets
278,164.878736981,1.0,1739258038.0464866,,0.6245492100715637,1.0,0.001,1,16,40x40,MatchingNetwork,3,3,TKH,BreaKHis_formatted,False,5,4000,5,exp1_permuted_src_datasets
279,164.895595473,1.0,1739258038.0633976,,0.6280384063720703,1.0,0.001,1,16,40x40,MatchingNetwork,3,3,TKH,BreaKHis_formatted,False,5,4000,5,exp1_permuted_src_datasets
280,164.912577579,1.0,1739258038.080373,,0.6013892292976379,1.0,0.001,1,16,40x40,MatchingNetwork,3,3,TKH,BreaKHis_formatted,False,5,4000,5,exp1_permuted_src_datasets
281,164.929275894,1.0,1739258038.097088,,0.619804859161377,1.0,0.001,1,16,40x40,MatchingNetwork,3,3,TKH,BreaKHis_formatted,False,5,4000,5,exp1_permuted_src_datasets
282,164.946645539,1.0,1739258038.1144176,,0.6281548738479614,1.0,0.001,1,16,40x40,MatchingNetwork,3,3,TKH,BreaKHis_formatted,False,5,4000,5,exp1_permuted_src_datasets
283,164.966724497,1.0,1739258038.1343052,,0.6226785182952881,1.0,0.001,1,16,40x40,MatchingNetwork,3,3,TKH,BreaKHis_formatted,False,5,4000,5,exp1_permuted_src_datasets
284,164.988532407,1.0,1739258038.1562912,,0.6256503462791443,1.0,0.001,1,16,40x40,MatchingNetwork,3,3,TKH,BreaKHis_formatted,False,5,4000,5,exp1_permuted_src_datasets
285,165.00664579,1.0,1739258038.1744168,,0.599372386932373,1.0,0.001,1,16,40x40,MatchingNetwork,3,3,TKH,BreaKHis_formatted,False,5,4000,5,exp1_permuted_src_datasets
286,165.025253447,1.0,1739258038.1930184,,0.5986812114715576,1.0,0.001,1,16,40x40,MatchingNetwork,3,3,TKH,BreaKHis_formatted,False,5,4000,5,exp1_permuted_src_datasets
287,165.042335063,1.0,1739258038.2101164,,0.6062796711921692,1.0,0.001,1,16,40x40,MatchingNetwork,3,3,TKH,BreaKHis_formatted,False,5,4000,5,exp1_permuted_src_datasets
288,165.059587979,1.0,1739258038.2273703,,0.6071517467498779,1.0,0.001,1,16,40x40,MatchingNetwork,3,3,TKH,BreaKHis_formatted,False,5,4000,5,exp1_permuted_src_datasets
289,165.076438185,1.0,1739258038.2441986,,0.605359673500061,1.0,0.001,1,16,40x40,MatchingNetwork,3,3,TKH,BreaKHis_formatted,False,5,4000,5,exp1_permuted_src_datasets
290,165.093166284,1.0,1739258038.2609606,,0.6103254556655884,1.0,0.001,1,16,40x40,MatchingNetwork,3,3,TKH,BreaKHis_formatted,False,5,4000,5,exp1_permuted_src_datasets
291,165.109776393,1.0,1739258038.2775898,,0.5954998135566711,1.0,0.001,1,16,40x40,MatchingNetwork,3,3,TKH,BreaKHis_formatted,False,5,4000,5,exp1_permuted_src_datasets
292,165.13000198,1.0,1739258038.2978103,,0.6193958520889282,1.0,0.001,1,16,40x40,MatchingNetwork,3,3,TKH,BreaKHis_formatted,False,5,4000,5,exp1_permuted_src_datasets
293,165.148158662,1.0,1739258038.31591,,0.5966798663139343,1.0,0.001,1,16,40x40,MatchingNetwork,3,3,TKH,BreaKHis_formatted,False,5,4000,5,exp1_permuted_src_datasets
294,165.164787184,1.0,1739258038.332591,,0.5928864479064941,1.0,0.001,1,16,40x40,MatchingNetwork,3,3,TKH,BreaKHis_formatted,False,5,4000,5,exp1_permuted_src_datasets
295,165.182320898,1.0,1739258038.3501077,,0.5956030488014221,1.0,0.001,1,16,40x40,MatchingNetwork,3,3,TKH,BreaKHis_formatted,False,5,4000,5,exp1_permuted_src_datasets
296,165.199322416,1.0,1739258038.3671262,,0.6051245927810669,1.0,0.001,1,16,40x40,MatchingNetwork,3,3,TKH,BreaKHis_formatted,False,5,4000,5,exp1_permuted_src_datasets
297,165.216075347,1.0,1739258038.383849,,0.6145512461662292,1.0,0.001,1,16,40x40,MatchingNetwork,3,3,TKH,BreaKHis_formatted,False,5,4000,5,exp1_permuted_src_datasets
298,165.232796034,1.0,1739258038.4006143,,0.6012635231018066,1.0,0.001,1,16,40x40,MatchingNetwork,3,3,TKH,BreaKHis_formatted,False,5,4000,5,exp1_permuted_src_datasets
299,165.249261743,1.0,1739258038.4170249,,0.6063259243965149,1.0,0.001,1,16,40x40,MatchingNetwork,3,3,TKH,BreaKHis_formatted,False,5,4000,5,exp1_permuted_src_datasets
300,165.265985015,1.0,1739258038.4337862,,0.5979321002960205,1.0,0.001,1,16,40x40,MatchingNetwork,3,3,TKH,BreaKHis_formatted,False,5,4000,5,exp1_permuted_src_datasets
301,165.282467066,1.0,1739258038.4502566,,0.5979405045509338,1.0,0.001,1,16,40x40,MatchingNetwork,3,3,TKH,BreaKHis_formatted,False,5,4000,5,exp1_permuted_src_datasets
302,165.298924069,1.0,1739258038.4667292,,0.6041744947433472,1.0,0.001,1,16,40x40,MatchingNetwork,3,3,TKH,BreaKHis_formatted,False,5,4000,5,exp1_permuted_src_datasets
303,165.316055692,1.0,1739258038.483841,,0.6104680299758911,1.0,0.001,1,16,40x40,MatchingNetwork,3,3,TKH,BreaKHis_formatted,False,5,4000,5,exp1_permuted_src_datasets
304,165.332761487,1.0,1739258038.5005383,,0.6058123111724854,1.0,0.001,1,16,40x40,MatchingNetwork,3,3,TKH,BreaKHis_formatted,False,5,4000,5,exp1_permuted_src_datasets
305,165.349553836,1.0,1739258038.5173416,,0.5946139693260193,1.0,0.001,1,16,40x40,MatchingNetwork,3,3,TKH,BreaKHis_formatted,False,5,4000,5,exp1_permuted_src_datasets
306,165.36612751,1.0,1739258038.53389,,0.6074618101119995,1.0,0.001,1,16,40x40,MatchingNetwork,3,3,TKH,BreaKHis_formatted,False,5,4000,5,exp1_permuted_src_datasets
307,165.382071687,1.0,1739258038.5498703,,0.6005699634552002,1.0,0.001,1,16,40x40,MatchingNetwork,3,3,TKH,BreaKHis_formatted,False,5,4000,5,exp1_permuted_src_datasets
308,165.397905799,1.0,1739258038.5657034,,0.6026458740234375,1.0,0.001,1,16,40x40,MatchingNetwork,3,3,TKH,BreaKHis_formatted,False,5,4000,5,exp1_permuted_src_datasets
309,165.426635833,1.0,1739258038.5943706,,0.598905086517334,1.0,0.001,1,16,40x40,MatchingNetwork,3,3,TKH,BreaKHis_formatted,False,5,4000,5,exp1_permuted_src_datasets
310,165.447873451,1.0,1739258038.6156807,,0.5895876288414001,1.0,0.001,1,16,40x40,MatchingNetwork,3,3,TKH,BreaKHis_formatted,False,5,4000,5,exp1_permuted_src_datasets
311,165.464092953,1.0,1739258038.631877,,0.5930386781692505,1.0,0.001,1,16,40x40,MatchingNetwork,3,3,TKH,BreaKHis_formatted,False,5,4000,5,exp1_permuted_src_datasets
312,165.481370794,1.0,1739258038.6489248,,0.6016917824745178,1.0,0.001,1,16,40x40,MatchingNetwork,3,3,TKH,BreaKHis_formatted,False,5,4000,5,exp1_permuted_src_datasets
313,165.497649842,1.0,1739258038.6654408,,0.589110791683197,1.0,0.001,1,16,40x40,MatchingNetwork,3,3,TKH,BreaKHis_formatted,False,5,4000,5,exp1_permuted_src_datasets
314,165.514724264,1.0,1739258038.6823885,,0.6052244305610657,1.0,0.001,1,16,40x40,MatchingNetwork,3,3,TKH,BreaKHis_formatted,False,5,4000,5,exp1_permuted_src_datasets
315,165.531108221,1.0,1739258038.6988792,,0.6000525951385498,1.0,0.001,1,16,40x40,MatchingNetwork,3,3,TKH,BreaKHis_formatted,False,5,4000,5,exp1_permuted_src_datasets
316,165.547310261,1.0,1739258038.7150671,,0.5970814228057861,1.0,0.001,1,16,40x40,MatchingNetwork,3,3,TKH,BreaKHis_formatted,False,5,4000,5,exp1_permuted_src_datasets
317,165.563180453,1.0,1739258038.7309752,,0.6209659576416016,1.0,0.001,1,16,40x40,MatchingNetwork,3,3,TKH,BreaKHis_formatted,False,5,4000,5,exp1_permuted_src_datasets
318,181.326583827,1.0,1739258054.4944243,0.5615,,,0.001,1,16,40x40,MatchingNetwork,3,3,TKH,BreaKHis_formatted,False,5,4000,5,exp1_permuted_src_datasets
319,181.341244236,1.0,1739258054.5090444,,0.5995551943778992,1.0,0.001,1,16,40x40,MatchingNetwork,3,3,TKH,BreaKHis_formatted,False,5,4000,5,exp1_permuted_src_datasets
320,181.366139783,1.0,1739258054.5338852,,0.6299347877502441,1.0,0.001,1,16,40x40,MatchingNetwork,3,3,TKH,BreaKHis_formatted,False,5,4000,5,exp1_permuted_src_datasets
321,181.398965411,1.0,1739258054.5667138,,0.6094492077827454,1.0,0.001,1,16,40x40,MatchingNetwork,3,3,TKH,BreaKHis_formatted,False,5,4000,5,exp1_permuted_src_datasets
322,181.422546823,1.0,1739258054.590348,,0.5927977561950684,1.0,0.001,1,16,40x40,MatchingNetwork,3,3,TKH,BreaKHis_formatted,False,5,4000,5,exp1_permuted_src_datasets
323,181.452570693,1.0,1739258054.6202955,,0.5988383889198303,1.0,0.001,1,16,40x40,MatchingNetwork,3,3,TKH,BreaKHis_formatted,False,5,4000,5,exp1_permuted_src_datasets
324,181.473288032,1.0,1739258054.6410146,,0.5983192920684814,1.0,0.001,1,16,40x40,MatchingNetwork,3,3,TKH,BreaKHis_formatted,False,5,4000,5,exp1_permuted_src_datasets
325,181.491483583,1.0,1739258054.659253,,0.5884681344032288,1.0,0.001,1,16,40x40,MatchingNetwork,3,3,TKH,BreaKHis_formatted,False,5,4000,5,exp1_permuted_src_datasets
326,181.510781078,1.0,1739258054.678546,,0.6060776114463806,1.0,0.001,1,16,40x40,MatchingNetwork,3,3,TKH,BreaKHis_formatted,False,5,4000,5,exp1_permuted_src_datasets
327,181.528426681,1.0,1739258054.6962137,,0.6050774455070496,1.0,0.001,1,16,40x40,MatchingNetwork,3,3,TKH,BreaKHis_formatted,False,5,4000,5,exp1_permuted_src_datasets
328,181.550655218,1.0,1739258054.7184463,,0.5856000185012817,1.0,0.001,1,16,40x40,MatchingNetwork,3,3,TKH,BreaKHis_formatted,False,5,4000,5,exp1_permuted_src_datasets
329,181.568021415,1.0,1739258054.7358308,,0.6018232703208923,1.0,0.001,1,16,40x40,MatchingNetwork,3,3,TKH,BreaKHis_formatted,False,5,4000,5,exp1_permuted_src_datasets
330,181.595464272,1.0,1739258054.763191,,0.5989896655082703,1.0,0.001,1,16,40x40,MatchingNetwork,3,3,TKH,BreaKHis_formatted,False,5,4000,5,exp1_permuted_src_datasets
331,181.615410242,1.0,1739258054.7832093,,0.5964654684066772,1.0,0.001,1,16,40x40,MatchingNetwork,3,3,TKH,BreaKHis_formatted,False,5,4000,5,exp1_permuted_src_datasets
332,181.633760787,1.0,1739258054.8015234,,0.5927858352661133,1.0,0.001,1,16,40x40,MatchingNetwork,3,3,TKH,BreaKHis_formatted,False,5,4000,5,exp1_permuted_src_datasets
333,181.652780145,1.0,1739258054.8205397,,0.5956351161003113,1.0,0.001,1,16,40x40,MatchingNetwork,3,3,TKH,BreaKHis_formatted,False,5,4000,5,exp1_permuted_src_datasets
334,181.676852072,1.0,1739258054.8444571,,0.6033520698547363,1.0,0.001,1,16,40x40,MatchingNetwork,3,3,TKH,BreaKHis_formatted,False,5,4000,5,exp1_permuted_src_datasets
335,181.696501326,1.0,1739258054.8641844,,0.5946832895278931,1.0,0.001,1,16,40x40,MatchingNetwork,3,3,TKH,BreaKHis_formatted,False,5,4000,5,exp1_permuted_src_datasets
336,181.71522598,1.0,1739258054.882873,,0.5985515713691711,1.0,0.001,1,16,40x40,MatchingNetwork,3,3,TKH,BreaKHis_formatted,False,5,4000,5,exp1_permuted_src_datasets
337,181.733303661,1.0,1739258054.9010236,,0.6025440096855164,1.0,0.001,1,16,40x40,MatchingNetwork,3,3,TKH,BreaKHis_formatted,False,5,4000,5,exp1_permuted_src_datasets
338,181.750803908,1.0,1739258054.918574,,0.591168224811554,1.0,0.001,1,16,40x40,MatchingNetwork,3,3,TKH,BreaKHis_formatted,False,5,4000,5,exp1_permuted_src_datasets
339,181.767978823,1.0,1739258054.9357674,,0.5916094779968262,1.0,0.001,1,16,40x40,MatchingNetwork,3,3,TKH,BreaKHis_formatted,False,5,4000,5,exp1_permuted_src_datasets
340,181.785040364,1.0,1739258054.9528353,,0.603964626789093,1.0,0.001,1,16,40x40,MatchingNetwork,3,3,TKH,BreaKHis_formatted,False,5,4000,5,exp1_permuted_src_datasets
341,181.80359889,1.0,1739258054.9713633,,0.5996939539909363,1.0,0.001,1,16,40x40,MatchingNetwork,3,3,TKH,BreaKHis_formatted,False,5,4000,5,exp1_permuted_src_datasets
342,181.8293844,1.0,1739258054.9971683,,0.6160990595817566,1.0,0.001,1,16,40x40,MatchingNetwork,3,3,TKH,BreaKHis_formatted,False,5,4000,5,exp1_permuted_src_datasets
343,181.855579717,1.0,1739258055.0233083,,0.5968840718269348,1.0,0.001,1,16,40x40,MatchingNetwork,3,3,TKH,BreaKHis_formatted,False,5,4000,5,exp1_permuted_src_datasets
344,181.874986538,1.0,1739258055.04275,,0.5995281338691711,1.0,0.001,1,16,40x40,MatchingNetwork,3,3,TKH,BreaKHis_formatted,False,5,4000,5,exp1_permuted_src_datasets
345,181.891950837,1.0,1739258055.0597687,,0.5972238183021545,1.0,0.001,1,16,40x40,MatchingNetwork,3,3,TKH,BreaKHis_formatted,False,5,4000,5,exp1_permuted_src_datasets
346,181.921781352,1.0,1739258055.0895214,,0.5921496152877808,1.0,0.001,1,16,40x40,MatchingNetwork,3,3,TKH,BreaKHis_formatted,False,5,4000,5,exp1_permuted_src_datasets
347,181.942221031,1.0,1739258055.109989,,0.6169618964195251,1.0,0.001,1,16,40x40,MatchingNetwork,3,3,TKH,BreaKHis_formatted,False,5,4000,5,exp1_permuted_src_datasets
348,181.968523144,1.0,1739258055.1362705,,0.5879802107810974,1.0,0.001,1,16,40x40,MatchingNetwork,3,3,TKH,BreaKHis_formatted,False,5,4000,5,exp1_permuted_src_datasets
349,181.998400005,1.0,1739258055.1661558,,0.5880063772201538,1.0,0.001,1,16,40x40,MatchingNetwork,3,3,TKH,BreaKHis_formatted,False,5,4000,5,exp1_permuted_src_datasets
350,182.018359914,1.0,1739258055.186122,,0.5904318690299988,1.0,0.001,1,16,40x40,MatchingNetwork,3,3,TKH,BreaKHis_formatted,False,5,4000,5,exp1_permuted_src_datasets
351,182.036401606,1.0,1739258055.2041698,,0.5873727798461914,1.0,0.001,1,16,40x40,MatchingNetwork,3,3,TKH,BreaKHis_formatted,False,5,4000,5,exp1_permuted_src_datasets
352,182.053820402,1.0,1739258055.2215858,,0.6017549633979797,1.0,0.001,1,16,40x40,MatchingNetwork,3,3,TKH,BreaKHis_formatted,False,5,4000,5,exp1_permuted_src_datasets
353,182.071523702,1.0,1739258055.2392907,,0.5960405468940735,1.0,0.001,1,16,40x40,MatchingNetwork,3,3,TKH,BreaKHis_formatted,False,5,4000,5,exp1_permuted_src_datasets
354,182.0884801,1.0,1739258055.2562647,,0.6066352128982544,1.0,0.001,1,16,40x40,MatchingNetwork,3,3,TKH,BreaKHis_formatted,False,5,4000,5,exp1_permuted_src_datasets
355,182.105925879,1.0,1739258055.2736964,,0.613730788230896,1.0,0.001,1,16,40x40,MatchingNetwork,3,3,TKH,BreaKHis_formatted,False,5,4000,5,exp1_permuted_src_datasets
356,182.125498251,1.0,1739258055.2932703,,0.599922239780426,1.0,0.001,1,16,40x40,MatchingNetwork,3,3,TKH,BreaKHis_formatted,False,5,4000,5,exp1_permuted_src_datasets
357,182.145017206,1.0,1739258055.31276,,0.5962430238723755,1.0,0.001,1,16,40x40,MatchingNetwork,3,3,TKH,BreaKHis_formatted,False,5,4000,5,exp1_permuted_src_datasets
358,182.16669988,1.0,1739258055.3344865,,0.5962109565734863,1.0,0.001,1,16,40x40,MatchingNetwork,3,3,TKH,BreaKHis_formatted,False,5,4000,5,exp1_permuted_src_datasets
359,182.195303081,1.0,1739258055.363045,,0.6032148599624634,1.0,0.001,1,16,40x40,MatchingNetwork,3,3,TKH,BreaKHis_formatted,False,5,4000,5,exp1_permuted_src_datasets
360,182.213511522,1.0,1739258055.3813186,,0.6040713787078857,1.0,0.001,1,16,40x40,MatchingNetwork,3,3,TKH,BreaKHis_formatted,False,5,4000,5,exp1_permuted_src_datasets
361,182.230469835,1.0,1739258055.3982773,,0.6100456714630127,1.0,0.001,1,16,40x40,MatchingNetwork,3,3,TKH,BreaKHis_formatted,False,5,4000,5,exp1_permuted_src_datasets
362,182.247520877,1.0,1739258055.4153225,,0.6002785563468933,1.0,0.001,1,16,40x40,MatchingNetwork,3,3,TKH,BreaKHis_formatted,False,5,4000,5,exp1_permuted_src_datasets
363,182.266062911,1.0,1739258055.433819,,0.6127668619155884,1.0,0.001,1,16,40x40,MatchingNetwork,3,3,TKH,BreaKHis_formatted,False,5,4000,5,exp1_permuted_src_datasets
364,182.28337527,1.0,1739258055.4511628,,0.5972971320152283,1.0,0.001,1,16,40x40,MatchingNetwork,3,3,TKH,BreaKHis_formatted,False,5,4000,5,exp1_permuted_src_datasets
365,182.302947933,1.0,1739258055.4704626,,0.5906736254692078,1.0,0.001,1,16,40x40,MatchingNetwork,3,3,TKH,BreaKHis_formatted,False,5,4000,5,exp1_permuted_src_datasets
366,182.328675903,1.0,1739258055.4963925,,0.5989549160003662,1.0,0.001,1,16,40x40,MatchingNetwork,3,3,TKH,BreaKHis_formatted,False,5,4000,5,exp1_permuted_src_datasets
367,182.346118871,1.0,1739258055.5138922,,0.5965890288352966,1.0,0.001,1,16,40x40,MatchingNetwork,3,3,TKH,BreaKHis_formatted,False,5,4000,5,exp1_permuted_src_datasets
368,182.364298424,1.0,1739258055.5320625,,0.5913113355636597,1.0,0.001,1,16,40x40,MatchingNetwork,3,3,TKH,BreaKHis_formatted,False,5,4000,5,exp1_permuted_src_datasets
369,182.385677308,1.0,1739258055.5534308,,0.6176879405975342,1.0,0.001,1,16,40x40,MatchingNetwork,3,3,TKH,BreaKHis_formatted,False,5,4000,5,exp1_permuted_src_datasets
370,182.406388809,1.0,1739258055.5741248,,0.5963445901870728,1.0,0.001,1,16,40x40,MatchingNetwork,3,3,TKH,BreaKHis_formatted,False,5,4000,5,exp1_permuted_src_datasets
371,182.428836123,1.0,1739258055.596627,,0.5960381031036377,1.0,0.001,1,16,40x40,MatchingNetwork,3,3,TKH,BreaKHis_formatted,False,5,4000,5,exp1_permuted_src_datasets
372,182.450658691,1.0,1739258055.6184175,,0.5950069427490234,1.0,0.001,1,16,40x40,MatchingNetwork,3,3,TKH,BreaKHis_formatted,False,5,4000,5,exp1_permuted_src_datasets
373,182.468348867,1.0,1739258055.6361277,,0.5960865616798401,1.0,0.001,1,16,40x40,MatchingNetwork,3,3,TKH,BreaKHis_formatted,False,5,4000,5,exp1_permuted_src_datasets
374,182.497908484,1.0,1739258055.6655905,,0.5926479697227478,1.0,0.001,1,16,40x40,MatchingNetwork,3,3,TKH,BreaKHis_formatted,False,5,4000,5,exp1_permuted_src_datasets
375,182.516665126,1.0,1739258055.6843755,,0.5935354232788086,1.0,0.001,1,16,40x40,MatchingNetwork,3,3,TKH,BreaKHis_formatted,False,5,4000,5,exp1_permuted_src_datasets
376,182.536963868,1.0,1739258055.7046921,,0.5914664268493652,1.0,0.001,1,16,40x40,MatchingNetwork,3,3,TKH,BreaKHis_formatted,False,5,4000,5,exp1_permuted_src_datasets
377,182.555496007,1.0,1739258055.7232454,,0.5924531817436218,1.0,0.001,1,16,40x40,MatchingNetwork,3,3,TKH,BreaKHis_formatted,False,5,4000,5,exp1_permuted_src_datasets
378,182.583404381,1.0,1739258055.751185,,0.6128513216972351,1.0,0.001,1,16,40x40,MatchingNetwork,3,3,TKH,BreaKHis_formatted,False,5,4000,5,exp1_permuted_src_datasets
379,182.601665223,1.0,1739258055.7693954,,0.6122961044311523,1.0,0.001,1,16,40x40,MatchingNetwork,3,3,TKH,BreaKHis_formatted,False,5,4000,5,exp1_permuted_src_datasets
380,182.621464854,1.0,1739258055.7892418,,0.5936829447746277,1.0,0.001,1,16,40x40,MatchingNetwork,3,3,TKH,BreaKHis_formatted,False,5,4000,5,exp1_permuted_src_datasets
381,199.906431391,1.0,1739258073.0742338,0.59025,,,0.001,1,16,40x40,MatchingNetwork,3,3,TKH,BreaKHis_formatted,False,5,4000,5,exp1_permuted_src_datasets
382,228.892404396,2.0,1739258102.0602326,,,,0.001,1,16,40x40,MatchingNetwork,3,3,TKH,BreaKHis_formatted,False,5,4000,5,exp1_permuted_src_datasets
383,244.210127075,2.0,1739258117.3779793,0.7015,,,0.001,1,16,40x40,MatchingNetwork,3,3,TKH,BreaKHis_formatted,False,5,4000,5,exp1_permuted_src_datasets
384,244.222445019,2.0,1739258117.3902347,,0.9407122731208801,0.8125,0.001,1,16,40x40,MatchingNetwork,3,3,TKH,BreaKHis_formatted,False,5,4000,5,exp1_permuted_src_datasets
385,244.240016463,2.0,1739258117.407733,,0.9791371822357178,0.6875,0.001,1,16,40x40,MatchingNetwork,3,3,TKH,BreaKHis_formatted,False,5,4000,5,exp1_permuted_src_datasets
386,244.259317427,2.0,1739258117.427036,,0.9834207892417908,0.9375,0.001,1,16,40x40,MatchingNetwork,3,3,TKH,BreaKHis_formatted,False,5,4000,5,exp1_permuted_src_datasets
387,244.275840724,2.0,1739258117.4436219,,1.0589847564697266,0.5,0.001,1,16,40x40,MatchingNetwork,3,3,TKH,BreaKHis_formatted,False,5,4000,5,exp1_permuted_src_datasets
388,244.292061724,2.0,1739258117.459847,,1.013317584991455,0.75,0.001,1,16,40x40,MatchingNetwork,3,3,TKH,BreaKHis_formatted,False,5,4000,5,exp1_permuted_src_datasets
389,244.308532007,2.0,1739258117.4763253,,0.8533464670181274,0.9375,0.001,1,16,40x40,MatchingNetwork,3,3,TKH,BreaKHis_formatted,False,5,4000,5,exp1_permuted_src_datasets
390,244.325109922,2.0,1739258117.49288,,1.0255850553512573,0.8125,0.001,1,16,40x40,MatchingNetwork,3,3,TKH,BreaKHis_formatted,False,5,4000,5,exp1_permuted_src_datasets
391,244.342577447,2.0,1739258117.510356,,0.9605076909065247,0.8125,0.001,1,16,40x40,MatchingNetwork,3,3,TKH,BreaKHis_formatted,False,5,4000,5,exp1_permuted_src_datasets
392,244.358779531,2.0,1739258117.5265844,,0.9178979992866516,0.8125,0.001,1,16,40x40,MatchingNetwork,3,3,TKH,BreaKHis_formatted,False,5,4000,5,exp1_permuted_src_datasets
393,244.374882047,2.0,1739258117.5426745,,0.8873635530471802,0.75,0.001,1,16,40x40,MatchingNetwork,3,3,TKH,BreaKHis_formatted,False,5,4000,5,exp1_permuted_src_datasets
394,244.393816696,2.0,1739258117.5615253,,0.881088137626648,0.875,0.001,1,16,40x40,MatchingNetwork,3,3,TKH,BreaKHis_formatted,False,5,4000,5,exp1_permuted_src_datasets
395,244.410302568,2.0,1739258117.5780795,,0.8554331064224243,1.0,0.001,1,16,40x40,MatchingNetwork,3,3,TKH,BreaKHis_formatted,False,5,4000,5,exp1_permuted_src_datasets
396,244.426894084,2.0,1739258117.5946896,,0.8056219816207886,0.9375,0.001,1,16,40x40,MatchingNetwork,3,3,TKH,BreaKHis_formatted,False,5,4000,5,exp1_permuted_src_datasets
397,244.44292104,2.0,1739258117.6107337,,0.8751581907272339,0.75,0.001,1,16,40x40,MatchingNetwork,3,3,TKH,BreaKHis_formatted,False,5,4000,5,exp1_permuted_src_datasets
398,244.458754722,2.0,1739258117.6265602,,0.8506653904914856,0.875,0.001,1,16,40x40,MatchingNetwork,3,3,TKH,BreaKHis_formatted,False,5,4000,5,exp1_permuted_src_datasets
399,244.475164433,2.0,1739258117.6429296,,0.8367709517478943,0.8125,0.001,1,16,40x40,MatchingNetwork,3,3,TKH,BreaKHis_formatted,False,5,4000,5,exp1_permuted_src_datasets
400,244.49148779,2.0,1739258117.6592975,,0.900785505771637,0.4375,0.001,1,16,40x40,MatchingNetwork,3,3,TKH,BreaKHis_formatted,False,5,4000,5,exp1_permuted_src_datasets
401,244.508670861,2.0,1739258117.6764507,,0.7650477886199951,0.9375,0.001,1,16,40x40,MatchingNetwork,3,3,TKH,BreaKHis_formatted,False,5,4000,5,exp1_permuted_src_datasets
402,244.524881242,2.0,1739258117.692681,,0.8816121220588684,0.9375,0.001,1,16,40x40,MatchingNetwork,3,3,TKH,BreaKHis_formatted,False,5,4000,5,exp1_permuted_src_datasets
403,244.542053577,2.0,1739258117.709834,,0.8200324773788452,0.75,0.001,1,16,40x40,MatchingNetwork,3,3,TKH,BreaKHis_formatted,False,5,4000,5,exp1_permuted_src_datasets
404,244.55801878,2.0,1739258117.725797,,0.8390508890151978,0.9375,0.001,1,16,40x40,MatchingNetwork,3,3,TKH,BreaKHis_formatted,False,5,4000,5,exp1_permuted_src_datasets
405,244.5740308,2.0,1739258117.7418163,,0.7914060354232788,0.9375,0.001,1,16,40x40,MatchingNetwork,3,3,TKH,BreaKHis_formatted,False,5,4000,5,exp1_permuted_src_datasets
406,244.589669283,2.0,1739258117.7574525,,0.8511270880699158,0.875,0.001,1,16,40x40,MatchingNetwork,3,3,TKH,BreaKHis_formatted,False,5,4000,5,exp1_permuted_src_datasets
407,244.605500524,2.0,1739258117.7732587,,0.8511700630187988,0.6875,0.001,1,16,40x40,MatchingNetwork,3,3,TKH,BreaKHis_formatted,False,5,4000,5,exp1_permuted_src_datasets
408,244.621114822,2.0,1739258117.788908,,0.8327469229698181,0.9375,0.001,1,16,40x40,MatchingNetwork,3,3,TKH,BreaKHis_formatted,False,5,4000,5,exp1_permuted_src_datasets
409,244.636969993,2.0,1739258117.8047588,,0.7812592387199402,0.9375,0.001,1,16,40x40,MatchingNetwork,3,3,TKH,BreaKHis_formatted,False,5,4000,5,exp1_permuted_src_datasets
410,244.653058771,2.0,1739258117.8208594,,0.7637401223182678,0.875,0.001,1,16,40x40,MatchingNetwork,3,3,TKH,BreaKHis_formatted,False,5,4000,5,exp1_permuted_src_datasets
411,244.668731122,2.0,1739258117.8365138,,0.7837727069854736,1.0,0.001,1,16,40x40,MatchingNetwork,3,3,TKH,BreaKHis_formatted,False,5,4000,5,exp1_permuted_src_datasets
412,244.684594993,2.0,1739258117.8524013,,0.75539630651474,1.0,0.001,1,16,40x40,MatchingNetwork,3,3,TKH,BreaKHis_formatted,False,5,4000,5,exp1_permuted_src_datasets
413,244.712124885,2.0,1739258117.8798387,,0.7817940711975098,0.875,0.001,1,16,40x40,MatchingNetwork,3,3,TKH,BreaKHis_formatted,False,5,4000,5,exp1_permuted_src_datasets
414,244.733520741,2.0,1739258117.9012954,,0.7654469013214111,1.0,0.001,1,16,40x40,MatchingNetwork,3,3,TKH,BreaKHis_formatted,False,5,4000,5,exp1_permuted_src_datasets
415,244.752194865,2.0,1739258117.9199495,,0.8010622262954712,0.875,0.001,1,16,40x40,MatchingNetwork,3,3,TKH,BreaKHis_formatted,False,5,4000,5,exp1_permuted_src_datasets
416,244.771797918,2.0,1739258117.9395587,,0.723935604095459,0.9375,0.001,1,16,40x40,MatchingNetwork,3,3,TKH,BreaKHis_formatted,False,5,4000,5,exp1_permuted_src_datasets
417,244.794377192,2.0,1739258117.962142,,0.7504152059555054,0.875,0.001,1,16,40x40,MatchingNetwork,3,3,TKH,BreaKHis_formatted,False,5,4000,5,exp1_permuted_src_datasets
418,244.816023659,2.0,1739258117.9836776,,0.8013781905174255,1.0,0.001,1,16,40x40,MatchingNetwork,3,3,TKH,BreaKHis_formatted,False,5,4000,5,exp1_permuted_src_datasets
419,244.835531912,2.0,1739258118.0032468,,0.7660777568817139,1.0,0.001,1,16,40x40,MatchingNetwork,3,3,TKH,BreaKHis_formatted,False,5,4000,5,exp1_permuted_src_datasets
420,244.851791322,2.0,1739258118.0195758,,0.7423256039619446,1.0,0.001,1,16,40x40,MatchingNetwork,3,3,TKH,BreaKHis_formatted,False,5,4000,5,exp1_permuted_src_datasets
421,244.867970673,2.0,1739258118.0357482,,0.8114210367202759,0.9375,0.001,1,16,40x40,MatchingNetwork,3,3,TKH,BreaKHis_formatted,False,5,4000,5,exp1_permuted_src_datasets
422,244.883816771,2.0,1739258118.051625,,0.7261378765106201,0.9375,0.001,1,16,40x40,MatchingNetwork,3,3,TKH,BreaKHis_formatted,False,5,4000,5,exp1_permuted_src_datasets
423,244.899844383,2.0,1739258118.0676296,,0.7261016964912415,0.9375,0.001,1,16,40x40,MatchingNetwork,3,3,TKH,BreaKHis_formatted,False,5,4000,5,exp1_permuted_src_datasets
424,244.915920412,2.0,1739258118.083703,,0.7300112843513489,0.9375,0.001,1,16,40x40,MatchingNetwork,3,3,TKH,BreaKHis_formatted,False,5,4000,5,exp1_permuted_src_datasets
425,244.931865873,2.0,1739258118.0996687,,0.7532225847244263,0.875,0.001,1,16,40x40,MatchingNetwork,3,3,TKH,BreaKHis_formatted,False,5,4000,5,exp1_permuted_src_datasets
426,244.947508531,2.0,1739258118.115301,,0.6797990202903748,1.0,0.001,1,16,40x40,MatchingNetwork,3,3,TKH,BreaKHis_formatted,False,5,4000,5,exp1_permuted_src_datasets
427,244.963340712,2.0,1739258118.1311657,,0.7003104090690613,1.0,0.001,1,16,40x40,MatchingNetwork,3,3,TKH,BreaKHis_formatted,False,5,4000,5,exp1_permuted_src_datasets
428,244.982128338,2.0,1739258118.1498377,,0.7080991268157959,0.9375,0.001,1,16,40x40,MatchingNetwork,3,3,TKH,BreaKHis_formatted,False,5,4000,5,exp1_permuted_src_datasets
429,244.99943191,2.0,1739258118.167216,,0.6812744736671448,1.0,0.001,1,16,40x40,MatchingNetwork,3,3,TKH,BreaKHis_formatted,False,5,4000,5,exp1_permuted_src_datasets
430,245.016670276,2.0,1739258118.1844704,,0.7301193475723267,0.9375,0.001,1,16,40x40,MatchingNetwork,3,3,TKH,BreaKHis_formatted,False,5,4000,5,exp1_permuted_src_datasets
431,245.033609151,2.0,1739258118.2013993,,0.7079458832740784,0.9375,0.001,1,16,40x40,MatchingNetwork,3,3,TKH,BreaKHis_formatted,False,5,4000,5,exp1_permuted_src_datasets
432,245.050165531,2.0,1739258118.2179148,,0.7224158048629761,0.9375,0.001,1,16,40x40,MatchingNetwork,3,3,TKH,BreaKHis_formatted,False,5,4000,5,exp1_permuted_src_datasets
433,245.066689958,2.0,1739258118.2345073,,0.689983069896698,0.9375,0.001,1,16,40x40,MatchingNetwork,3,3,TKH,BreaKHis_formatted,False,5,4000,5,exp1_permuted_src_datasets
434,245.083473416,2.0,1739258118.251289,,0.6807949542999268,1.0,0.001,1,16,40x40,MatchingNetwork,3,3,TKH,BreaKHis_formatted,False,5,4000,5,exp1_permuted_src_datasets
435,245.10052718,2.0,1739258118.2683077,,0.7082216143608093,0.9375,0.001,1,16,40x40,MatchingNetwork,3,3,TKH,BreaKHis_formatted,False,5,4000,5,exp1_permuted_src_datasets
436,245.117460751,2.0,1739258118.28528,,0.7035726308822632,1.0,0.001,1,16,40x40,MatchingNetwork,3,3,TKH,BreaKHis_formatted,False,5,4000,5,exp1_permuted_src_datasets
437,245.136072473,2.0,1739258118.303823,,0.670927882194519,1.0,0.001,1,16,40x40,MatchingNetwork,3,3,TKH,BreaKHis_formatted,False,5,4000,5,exp1_permuted_src_datasets
438,245.153113909,2.0,1739258118.3209074,,0.7406367063522339,1.0,0.001,1,16,40x40,MatchingNetwork,3,3,TKH,BreaKHis_formatted,False,5,4000,5,exp1_permuted_src_datasets
439,245.169873688,2.0,1739258118.3376327,,0.6919988393783569,1.0,0.001,1,16,40x40,MatchingNetwork,3,3,TKH,BreaKHis_formatted,False,5,4000,5,exp1_permuted_src_datasets
440,245.199674019,2.0,1739258118.367418,,0.6874308586120605,1.0,0.001,1,16,40x40,MatchingNetwork,3,3,TKH,BreaKHis_formatted,False,5,4000,5,exp1_permuted_src_datasets
441,245.217732469,2.0,1739258118.3855221,,0.6343296766281128,1.0,0.001,1,16,40x40,MatchingNetwork,3,3,TKH,BreaKHis_formatted,False,5,4000,5,exp1_permuted_src_datasets
442,245.234706132,2.0,1739258118.4024823,,0.6789315342903137,0.9375,0.001,1,16,40x40,MatchingNetwork,3,3,TKH,BreaKHis_formatted,False,5,4000,5,exp1_permuted_src_datasets
443,245.251745538,2.0,1739258118.4195426,,0.6671521067619324,1.0,0.001,1,16,40x40,MatchingNetwork,3,3,TKH,BreaKHis_formatted,False,5,4000,5,exp1_permuted_src_datasets
444,245.268443001,2.0,1739258118.4362414,,0.6864671111106873,0.9375,0.001,1,16,40x40,MatchingNetwork,3,3,TKH,BreaKHis_formatted,False,5,4000,5,exp1_permuted_src_datasets
445,245.293213855,2.0,1739258118.4609587,,0.6902409791946411,1.0,0.001,1,16,40x40,MatchingNetwork,3,3,TKH,BreaKHis_formatted,False,5,4000,5,exp1_permuted_src_datasets
446,262.912400213,2.0,1739258136.0802474,0.60525,,,0.001,1,16,40x40,MatchingNetwork,3,3,TKH,BreaKHis_formatted,False,5,4000,5,exp1_permuted_src_datasets
447,262.927528042,2.0,1739258136.095308,,0.637519121170044,1.0,0.001,1,16,40x40,MatchingNetwork,3,3,TKH,BreaKHis_formatted,False,5,4000,5,exp1_permuted_src_datasets
448,262.945054235,2.0,1739258136.1128042,,0.6409784555435181,1.0,0.001,1,16,40x40,MatchingNetwork,3,3,TKH,BreaKHis_formatted,False,5,4000,5,exp1_permuted_src_datasets
449,262.972632915,2.0,1739258136.1403291,,0.6228902339935303,1.0,0.001,1,16,40x40,MatchingNetwork,3,3,TKH,BreaKHis_formatted,False,5,4000,5,exp1_permuted_src_datasets
450,262.991400261,2.0,1739258136.1591887,,0.6330071687698364,1.0,0.001,1,16,40x40,MatchingNetwork,3,3,TKH,BreaKHis_formatted,False,5,4000,5,exp1_permuted_src_datasets
451,263.00854863,2.0,1739258136.1763606,,0.6255420446395874,1.0,0.001,1,16,40x40,MatchingNetwork,3,3,TKH,BreaKHis_formatted,False,5,4000,5,exp1_permuted_src_datasets
452,263.02564904,2.0,1739258136.193461,,0.6348541378974915,1.0,0.001,1,16,40x40,MatchingNetwork,3,3,TKH,BreaKHis_formatted,False,5,4000,5,exp1_permuted_src_datasets
453,263.049728884,2.0,1739258136.2174647,,0.6386789679527283,1.0,0.001,1,16,40x40,MatchingNetwork,3,3,TKH,BreaKHis_formatted,False,5,4000,5,exp1_permuted_src_datasets
454,263.06732585,2.0,1739258136.2351065,,0.6402571201324463,1.0,0.001,1,16,40x40,MatchingNetwork,3,3,TKH,BreaKHis_formatted,False,5,4000,5,exp1_permuted_src_datasets
455,263.08498655,2.0,1739258136.2527754,,0.6738074421882629,0.9375,0.001,1,16,40x40,MatchingNetwork,3,3,TKH,BreaKHis_formatted,False,5,4000,5,exp1_permuted_src_datasets
456,263.102991994,2.0,1739258136.2707713,,0.632215678691864,1.0,0.001,1,16,40x40,MatchingNetwork,3,3,TKH,BreaKHis_formatted,False,5,4000,5,exp1_permuted_src_datasets
457,263.120985265,2.0,1739258136.2887373,,0.6251733899116516,1.0,0.001,1,16,40x40,MatchingNetwork,3,3,TKH,BreaKHis_formatted,False,5,4000,5,exp1_permuted_src_datasets
458,263.138297704,2.0,1739258136.306058,,0.626941978931427,1.0,0.001,1,16,40x40,MatchingNetwork,3,3,TKH,BreaKHis_formatted,False,5,4000,5,exp1_permuted_src_datasets
459,263.155882297,2.0,1739258136.3236446,,0.636128306388855,0.9375,0.001,1,16,40x40,MatchingNetwork,3,3,TKH,BreaKHis_formatted,False,5,4000,5,exp1_permuted_src_datasets
460,263.172718946,2.0,1739258136.3405046,,0.630043625831604,1.0,0.001,1,16,40x40,MatchingNetwork,3,3,TKH,BreaKHis_formatted,False,5,4000,5,exp1_permuted_src_datasets
461,263.189825652,2.0,1739258136.3575768,,0.6423119902610779,1.0,0.001,1,16,40x40,MatchingNetwork,3,3,TKH,BreaKHis_formatted,False,5,4000,5,exp1_permuted_src_datasets
462,263.206889738,2.0,1739258136.3746943,,0.6203192472457886,1.0,0.001,1,16,40x40,MatchingNetwork,3,3,TKH,BreaKHis_formatted,False,5,4000,5,exp1_permuted_src_datasets
463,263.233265447,2.0,1739258136.40099,,0.6324936151504517,1.0,0.001,1,16,40x40,MatchingNetwork,3,3,TKH,BreaKHis_formatted,False,5,4000,5,exp1_permuted_src_datasets
464,263.251056702,2.0,1739258136.4188054,,0.6673653721809387,1.0,0.001,1,16,40x40,MatchingNetwork,3,3,TKH,BreaKHis_formatted,False,5,4000,5,exp1_permuted_src_datasets
465,263.268464636,2.0,1739258136.436204,,0.6496566534042358,1.0,0.001,1,16,40x40,MatchingNetwork,3,3,TKH,BreaKHis_formatted,False,5,4000,5,exp1_permuted_src_datasets
466,263.285454097,2.0,1739258136.4532413,,0.6179295778274536,1.0,0.001,1,16,40x40,MatchingNetwork,3,3,TKH,BreaKHis_formatted,False,5,4000,5,exp1_permuted_src_datasets
467,263.302676364,2.0,1739258136.470435,,0.6615825891494751,1.0,0.001,1,16,40x40,MatchingNetwork,3,3,TKH,BreaKHis_formatted,False,5,4000,5,exp1_permuted_src_datasets
468,263.319923202,2.0,1739258136.4876835,,0.6275815963745117,0.9375,0.001,1,16,40x40,MatchingNetwork,3,3,TKH,BreaKHis_formatted,False,5,4000,5,exp1_permuted_src_datasets
469,263.338624603,2.0,1739258136.506418,,0.5995005369186401,1.0,0.001,1,16,40x40,MatchingNetwork,3,3,TKH,BreaKHis_formatted,False,5,4000,5,exp1_permuted_src_datasets
470,263.368501061,2.0,1739258136.536233,,0.6154022216796875,1.0,0.001,1,16,40x40,MatchingNetwork,3,3,TKH,BreaKHis_formatted,False,5,4000,5,exp1_permuted_src_datasets
471,263.386627882,2.0,1739258136.554406,,0.6053350567817688,1.0,0.001,1,16,40x40,MatchingNetwork,3,3,TKH,BreaKHis_formatted,False,5,4000,5,exp1_permuted_src_datasets
472,263.407977106,2.0,1739258136.5757415,,0.6462986469268799,1.0,0.001,1,16,40x40,MatchingNetwork,3,3,TKH,BreaKHis_formatted,False,5,4000,5,exp1_permuted_src_datasets
473,263.432846823,2.0,1739258136.6005936,,0.6242566108703613,1.0,0.001,1,16,40x40,MatchingNetwork,3,3,TKH,BreaKHis_formatted,False,5,4000,5,exp1_permuted_src_datasets
474,263.45363009,2.0,1739258136.62129,,0.6168336868286133,1.0,0.001,1,16,40x40,MatchingNetwork,3,3,TKH,BreaKHis_formatted,False,5,4000,5,exp1_permuted_src_datasets
475,263.472278573,2.0,1739258136.640002,,0.6032017469406128,1.0,0.001,1,16,40x40,MatchingNetwork,3,3,TKH,BreaKHis_formatted,False,5,4000,5,exp1_permuted_src_datasets
476,263.489918176,2.0,1739258136.6576278,,0.625117301940918,1.0,0.001,1,16,40x40,MatchingNetwork,3,3,TKH,BreaKHis_formatted,False,5,4000,5,exp1_permuted_src_datasets
477,263.507428583,2.0,1739258136.6751726,,0.6163191199302673,1.0,0.001,1,16,40x40,MatchingNetwork,3,3,TKH,BreaKHis_formatted,False,5,4000,5,exp1_permuted_src_datasets
478,263.525232577,2.0,1739258136.692961,,0.664885401725769,1.0,0.001,1,16,40x40,MatchingNetwork,3,3,TKH,BreaKHis_formatted,False,5,4000,5,exp1_permuted_src_datasets
479,263.552010837,2.0,1739258136.7197833,,0.6042022705078125,1.0,0.001,1,16,40x40,MatchingNetwork,3,3,TKH,BreaKHis_formatted,False,5,4000,5,exp1_permuted_src_datasets
480,263.568840212,2.0,1739258136.736627,,0.6076621413230896,1.0,0.001,1,16,40x40,MatchingNetwork,3,3,TKH,BreaKHis_formatted,False,5,4000,5,exp1_permuted_src_datasets
481,263.585381915,2.0,1739258136.7532,,0.5964829325675964,1.0,0.001,1,16,40x40,MatchingNetwork,3,3,TKH,BreaKHis_formatted,False,5,4000,5,exp1_permuted_src_datasets
482,263.601981236,2.0,1739258136.7697883,,0.6039571762084961,1.0,0.001,1,16,40x40,MatchingNetwork,3,3,TKH,BreaKHis_formatted,False,5,4000,5,exp1_permuted_src_datasets
483,263.620760426,2.0,1739258136.7885375,,0.6060023903846741,1.0,0.001,1,16,40x40,MatchingNetwork,3,3,TKH,BreaKHis_formatted,False,5,4000,5,exp1_permuted_src_datasets
484,263.650344937,2.0,1739258136.8180678,,0.6048930883407593,1.0,0.001,1,16,40x40,MatchingNetwork,3,3,TKH,BreaKHis_formatted,False,5,4000,5,exp1_permuted_src_datasets
485,263.667114768,2.0,1739258136.834875,,0.6028680205345154,1.0,0.001,1,16,40x40,MatchingNetwork,3,3,TKH,BreaKHis_formatted,False,5,4000,5,exp1_permuted_src_datasets
486,263.683752897,2.0,1739258136.8515565,,0.6064379811286926,1.0,0.001,1,16,40x40,MatchingNetwork,3,3,TKH,BreaKHis_formatted,False,5,4000,5,exp1_permuted_src_datasets
487,263.700358778,2.0,1739258136.8681443,,0.6134428977966309,1.0,0.001,1,16,40x40,MatchingNetwork,3,3,TKH,BreaKHis_formatted,False,5,4000,5,exp1_permuted_src_datasets
488,263.71695565,2.0,1739258136.8847528,,0.6097643375396729,1.0,0.001,1,16,40x40,MatchingNetwork,3,3,TKH,BreaKHis_formatted,False,5,4000,5,exp1_permuted_src_datasets
489,263.733766399,2.0,1739258136.901563,,0.6096120476722717,1.0,0.001,1,16,40x40,MatchingNetwork,3,3,TKH,BreaKHis_formatted,False,5,4000,5,exp1_permuted_src_datasets
490,263.751361674,2.0,1739258136.9191375,,0.6185092329978943,1.0,0.001,1,16,40x40,MatchingNetwork,3,3,TKH,BreaKHis_formatted,False,5,4000,5,exp1_permuted_src_datasets
491,263.76827108,2.0,1739258136.936058,,0.6077763438224792,1.0,0.001,1,16,40x40,MatchingNetwork,3,3,TKH,BreaKHis_formatted,False,5,4000,5,exp1_permuted_src_datasets
492,263.784920003,2.0,1739258136.9526978,,0.5922470688819885,1.0,0.001,1,16,40x40,MatchingNetwork,3,3,TKH,BreaKHis_formatted,False,5,4000,5,exp1_permuted_src_datasets
493,263.801586628,2.0,1739258136.969377,,0.6222356557846069,1.0,0.001,1,16,40x40,MatchingNetwork,3,3,TKH,BreaKHis_formatted,False,5,4000,5,exp1_permuted_src_datasets
494,263.818123473,2.0,1739258136.985913,,0.5983044505119324,1.0,0.001,1,16,40x40,MatchingNetwork,3,3,TKH,BreaKHis_formatted,False,5,4000,5,exp1_permuted_src_datasets
495,263.834897579,2.0,1739258137.0026877,,0.6054043769836426,1.0,0.001,1,16,40x40,MatchingNetwork,3,3,TKH,BreaKHis_formatted,False,5,4000,5,exp1_permuted_src_datasets
496,263.851481933,2.0,1739258137.0192943,,0.6097843647003174,1.0,0.001,1,16,40x40,MatchingNetwork,3,3,TKH,BreaKHis_formatted,False,5,4000,5,exp1_permuted_src_datasets
497,263.86773696,2.0,1739258137.0355308,,0.6004213690757751,1.0,0.001,1,16,40x40,MatchingNetwork,3,3,TKH,BreaKHis_formatted,False,5,4000,5,exp1_permuted_src_datasets
498,263.883465277,2.0,1739258137.051259,,0.5924743413925171,1.0,0.001,1,16,40x40,MatchingNetwork,3,3,TKH,BreaKHis_formatted,False,5,4000,5,exp1_permuted_src_datasets
499,263.900471105,2.0,1739258137.068244,,0.6113201379776001,1.0,0.001,1,16,40x40,MatchingNetwork,3,3,TKH,BreaKHis_formatted,False,5,4000,5,exp1_permuted_src_datasets
500,263.916751726,2.0,1739258137.0845404,,0.6087850332260132,1.0,0.001,1,16,40x40,MatchingNetwork,3,3,TKH,BreaKHis_formatted,False,5,4000,5,exp1_permuted_src_datasets
501,263.934139022,2.0,1739258137.1019137,,0.6103065013885498,1.0,0.001,1,16,40x40,MatchingNetwork,3,3,TKH,BreaKHis_formatted,False,5,4000,5,exp1_permuted_src_datasets
502,263.950520805,2.0,1739258137.118317,,0.5913060307502747,1.0,0.001,1,16,40x40,MatchingNetwork,3,3,TKH,BreaKHis_formatted,False,5,4000,5,exp1_permuted_src_datasets
503,263.973350814,2.0,1739258137.1401827,,0.6030254364013672,1.0,0.001,1,16,40x40,MatchingNetwork,3,3,TKH,BreaKHis_formatted,False,5,4000,5,exp1_permuted_src_datasets
504,263.991155457,2.0,1739258137.158925,,0.5938640832901001,1.0,0.001,1,16,40x40,MatchingNetwork,3,3,TKH,BreaKHis_formatted,False,5,4000,5,exp1_permuted_src_datasets
505,264.008953486,2.0,1739258137.1767137,,0.6192464828491211,1.0,0.001,1,16,40x40,MatchingNetwork,3,3,TKH,BreaKHis_formatted,False,5,4000,5,exp1_permuted_src_datasets
506,264.026355606,2.0,1739258137.1941116,,0.6154631972312927,1.0,0.001,1,16,40x40,MatchingNetwork,3,3,TKH,BreaKHis_formatted,False,5,4000,5,exp1_permuted_src_datasets
507,264.043393021,2.0,1739258137.2111871,,0.6086782217025757,1.0,0.001,1,16,40x40,MatchingNetwork,3,3,TKH,BreaKHis_formatted,False,5,4000,5,exp1_permuted_src_datasets
508,264.061193551,2.0,1739258137.2289324,,0.6135353446006775,1.0,0.001,1,16,40x40,MatchingNetwork,3,3,TKH,BreaKHis_formatted,False,5,4000,5,exp1_permuted_src_datasets
509,279.502746088,2.0,1739258152.6705859,0.62325,,,0.001,1,16,40x40,MatchingNetwork,3,3,TKH,BreaKHis_formatted,False,5,4000,5,exp1_permuted_src_datasets
510,279.527740613,2.0,1739258152.6954794,,0.6152485013008118,1.0,0.001,1,16,40x40,MatchingNetwork,3,3,TKH,BreaKHis_formatted,False,5,4000,5,exp1_permuted_src_datasets
511,279.544471093,2.0,1739258152.7122414,,0.5989733338356018,1.0,0.001,1,16,40x40,MatchingNetwork,3,3,TKH,BreaKHis_formatted,False,5,4000,5,exp1_permuted_src_datasets
512,279.560645193,2.0,1739258152.7284448,,0.5933700203895569,1.0,0.001,1,16,40x40,MatchingNetwork,3,3,TKH,BreaKHis_formatted,False,5,4000,5,exp1_permuted_src_datasets
513,279.591468938,2.0,1739258152.759162,,0.6082097291946411,1.0,0.001,1,16,40x40,MatchingNetwork,3,3,TKH,BreaKHis_formatted,False,5,4000,5,exp1_permuted_src_datasets
514,279.608333136,2.0,1739258152.7761164,,0.6277758479118347,1.0,0.001,1,16,40x40,MatchingNetwork,3,3,TKH,BreaKHis_formatted,False,5,4000,5,exp1_permuted_src_datasets
515,279.625673067,2.0,1739258152.7934058,,0.5985979437828064,1.0,0.001,1,16,40x40,MatchingNetwork,3,3,TKH,BreaKHis_formatted,False,5,4000,5,exp1_permuted_src_datasets
516,279.642803002,2.0,1739258152.8105936,,0.6273038387298584,1.0,0.001,1,16,40x40,MatchingNetwork,3,3,TKH,BreaKHis_formatted,False,5,4000,5,exp1_permuted_src_datasets
517,279.665363518,2.0,1739258152.8331313,,0.5940926671028137,1.0,0.001,1,16,40x40,MatchingNetwork,3,3,TKH,BreaKHis_formatted,False,5,4000,5,exp1_permuted_src_datasets
518,279.681743908,2.0,1739258152.8495393,,0.5982864499092102,1.0,0.001,1,16,40x40,MatchingNetwork,3,3,TKH,BreaKHis_formatted,False,5,4000,5,exp1_permuted_src_datasets
519,279.698275772,2.0,1739258152.8660586,,0.5978954434394836,1.0,0.001,1,16,40x40,MatchingNetwork,3,3,TKH,BreaKHis_formatted,False,5,4000,5,exp1_permuted_src_datasets
520,279.71486753,2.0,1739258152.8826559,,0.5908904075622559,1.0,0.001,1,16,40x40,MatchingNetwork,3,3,TKH,BreaKHis_formatted,False,5,4000,5,exp1_permuted_src_datasets
521,279.736699123,2.0,1739258152.904465,,0.6134631037712097,1.0,0.001,1,16,40x40,MatchingNetwork,3,3,TKH,BreaKHis_formatted,False,5,4000,5,exp1_permuted_src_datasets
522,279.764324208,2.0,1739258152.9320464,,0.605101466178894,1.0,0.001,1,16,40x40,MatchingNetwork,3,3,TKH,BreaKHis_formatted,False,5,4000,5,exp1_permuted_src_datasets
523,279.781824546,2.0,1739258152.9496102,,0.6174119710922241,1.0,0.001,1,16,40x40,MatchingNetwork,3,3,TKH,BreaKHis_formatted,False,5,4000,5,exp1_permuted_src_datasets
524,279.798600133,2.0,1739258152.9663546,,0.6100237369537354,1.0,0.001,1,16,40x40,MatchingNetwork,3,3,TKH,BreaKHis_formatted,False,5,4000,5,exp1_permuted_src_datasets
525,279.814934002,2.0,1739258152.98269,,0.5957860946655273,1.0,0.001,1,16,40x40,MatchingNetwork,3,3,TKH,BreaKHis_formatted,False,5,4000,5,exp1_permuted_src_datasets
526,279.831031432,2.0,1739258152.9988322,,0.6236987709999084,1.0,0.001,1,16,40x40,MatchingNetwork,3,3,TKH,BreaKHis_formatted,False,5,4000,5,exp1_permuted_src_datasets
527,279.847264962,2.0,1739258153.015026,,0.594995379447937,1.0,0.001,1,16,40x40,MatchingNetwork,3,3,TKH,BreaKHis_formatted,False,5,4000,5,exp1_permuted_src_datasets
528,279.86339297,2.0,1739258153.0311503,,0.6056667566299438,1.0,0.001,1,16,40x40,MatchingNetwork,3,3,TKH,BreaKHis_formatted,False,5,4000,5,exp1_permuted_src_datasets
529,279.885231595,2.0,1739258153.0529993,,0.615413248538971,1.0,0.001,1,16,40x40,MatchingNetwork,3,3,TKH,BreaKHis_formatted,False,5,4000,5,exp1_permuted_src_datasets
530,279.909595642,2.0,1739258153.0771618,,0.6036927700042725,1.0,0.001,1,16,40x40,MatchingNetwork,3,3,TKH,BreaKHis_formatted,False,5,4000,5,exp1_permuted_src_datasets
531,279.939748488,2.0,1739258153.1075141,,0.5968161225318909,1.0,0.001,1,16,40x40,MatchingNetwork,3,3,TKH,BreaKHis_formatted,False,5,4000,5,exp1_permuted_src_datasets
532,279.966052992,2.0,1739258153.133813,,0.6062629222869873,1.0,0.001,1,16,40x40,MatchingNetwork,3,3,TKH,BreaKHis_formatted,False,5,4000,5,exp1_permuted_src_datasets
533,279.982553992,2.0,1739258153.150337,,0.6017961502075195,1.0,0.001,1,16,40x40,MatchingNetwork,3,3,TKH,BreaKHis_formatted,False,5,4000,5,exp1_permuted_src_datasets
534,280.001399544,2.0,1739258153.1691604,,0.6032626628875732,1.0,0.001,1,16,40x40,MatchingNetwork,3,3,TKH,BreaKHis_formatted,False,5,4000,5,exp1_permuted_src_datasets
535,280.017109278,2.0,1739258153.1849132,,0.6077120900154114,1.0,0.001,1,16,40x40,MatchingNetwork,3,3,TKH,BreaKHis_formatted,False,5,4000,5,exp1_permuted_src_datasets
536,280.033873421,2.0,1739258153.2016788,,0.5899479389190674,1.0,0.001,1,16,40x40,MatchingNetwork,3,3,TKH,BreaKHis_formatted,False,5,4000,5,exp1_permuted_src_datasets
537,280.049647457,2.0,1739258153.2174342,,0.6052979826927185,1.0,0.001,1,16,40x40,MatchingNetwork,3,3,TKH,BreaKHis_formatted,False,5,4000,5,exp1_permuted_src_datasets
538,280.065171102,2.0,1739258153.2329915,,0.590354859828949,1.0,0.001,1,16,40x40,MatchingNetwork,3,3,TKH,BreaKHis_formatted,False,5,4000,5,exp1_permuted_src_datasets
539,280.081388422,2.0,1739258153.2491648,,0.6054828763008118,1.0,0.001,1,16,40x40,MatchingNetwork,3,3,TKH,BreaKHis_formatted,False,5,4000,5,exp1_permuted_src_datasets
540,280.097658387,2.0,1739258153.2654195,,0.5990106463432312,1.0,0.001,1,16,40x40,MatchingNetwork,3,3,TKH,BreaKHis_formatted,False,5,4000,5,exp1_permuted_src_datasets
541,280.114417599,2.0,1739258153.282177,,0.5948708653450012,1.0,0.001,1,16,40x40,MatchingNetwork,3,3,TKH,BreaKHis_formatted,False,5,4000,5,exp1_permuted_src_datasets
542,280.131191334,2.0,1739258153.2989688,,0.5901455283164978,1.0,0.001,1,16,40x40,MatchingNetwork,3,3,TKH,BreaKHis_formatted,False,5,4000,5,exp1_permuted_src_datasets
543,280.15065663,2.0,1739258153.3183193,,0.6040551662445068,1.0,0.001,1,16,40x40,MatchingNetwork,3,3,TKH,BreaKHis_formatted,False,5,4000,5,exp1_permuted_src_datasets
544,280.171539283,2.0,1739258153.3393025,,0.6065560579299927,1.0,0.001,1,16,40x40,MatchingNetwork,3,3,TKH,BreaKHis_formatted,False,5,4000,5,exp1_permuted_src_datasets
545,280.449788959,2.0,1739258153.6175618,,0.6179060935974121,1.0,0.001,1,16,40x40,MatchingNetwork,3,3,TKH,BreaKHis_formatted,False,5,4000,5,exp1_permuted_src_datasets
546,280.490137178,2.0,1739258153.634295,,0.592422366142273,1.0,0.001,1,16,40x40,MatchingNetwork,3,3,TKH,BreaKHis_formatted,False,5,4000,5,exp1_permuted_src_datasets
547,280.50095419,2.0,1739258153.6687207,,0.5908111333847046,1.0,0.001,1,16,40x40,MatchingNetwork,3,3,TKH,BreaKHis_formatted,False,5,4000,5,exp1_permuted_src_datasets
548,280.521820386,2.0,1739258153.689474,,0.5930237174034119,1.0,0.001,1,16,40x40,MatchingNetwork,3,3,TKH,BreaKHis_formatted,False,5,4000,5,exp1_permuted_src_datasets
549,280.542167755,2.0,1739258153.7099545,,0.595073401927948,1.0,0.001,1,16,40x40,MatchingNetwork,3,3,TKH,BreaKHis_formatted,False,5,4000,5,exp1_permuted_src_datasets
550,280.564236875,2.0,1739258153.7320042,,0.5893661975860596,1.0,0.001,1,16,40x40,MatchingNetwork,3,3,TKH,BreaKHis_formatted,False,5,4000,5,exp1_permuted_src_datasets
551,280.581026907,2.0,1739258153.7488134,,0.5940400958061218,1.0,0.001,1,16,40x40,MatchingNetwork,3,3,TKH,BreaKHis_formatted,False,5,4000,5,exp1_permuted_src_datasets
552,280.597484947,2.0,1739258153.7652705,,0.5991040468215942,1.0,0.001,1,16,40x40,MatchingNetwork,3,3,TKH,BreaKHis_formatted,False,5,4000,5,exp1_permuted_src_datasets
553,280.613936238,2.0,1739258153.781712,,0.5986472964286804,1.0,0.001,1,16,40x40,MatchingNetwork,3,3,TKH,BreaKHis_formatted,False,5,4000,5,exp1_permuted_src_datasets
554,280.636012872,2.0,1739258153.8037946,,0.6030615568161011,1.0,0.001,1,16,40x40,MatchingNetwork,3,3,TKH,BreaKHis_formatted,False,5,4000,5,exp1_permuted_src_datasets
555,280.654302298,2.0,1739258153.8220751,,0.5930532217025757,1.0,0.001,1,16,40x40,MatchingNetwork,3,3,TKH,BreaKHis_formatted,False,5,4000,5,exp1_permuted_src_datasets
556,280.680440759,2.0,1739258153.84823,,0.5950362086296082,1.0,0.001,1,16,40x40,MatchingNetwork,3,3,TKH,BreaKHis_formatted,False,5,4000,5,exp1_permuted_src_datasets
557,280.698596293,2.0,1739258153.8663607,,0.5963478088378906,1.0,0.001,1,16,40x40,MatchingNetwork,3,3,TKH,BreaKHis_formatted,False,5,4000,5,exp1_permuted_src_datasets
558,280.715384978,2.0,1739258153.8831658,,0.5936375856399536,1.0,0.001,1,16,40x40,MatchingNetwork,3,3,TKH,BreaKHis_formatted,False,5,4000,5,exp1_permuted_src_datasets
559,280.731625637,2.0,1739258153.8994102,,0.5997466444969177,1.0,0.001,1,16,40x40,MatchingNetwork,3,3,TKH,BreaKHis_formatted,False,5,4000,5,exp1_permuted_src_datasets
560,280.748100407,2.0,1739258153.9158401,,0.5946121215820312,1.0,0.001,1,16,40x40,MatchingNetwork,3,3,TKH,BreaKHis_formatted,False,5,4000,5,exp1_permuted_src_datasets
561,280.765375938,2.0,1739258153.9330537,,0.6006418466567993,1.0,0.001,1,16,40x40,MatchingNetwork,3,3,TKH,BreaKHis_formatted,False,5,4000,5,exp1_permuted_src_datasets
562,280.806323995,2.0,1739258153.9739866,,0.599868655204773,1.0,0.001,1,16,40x40,MatchingNetwork,3,3,TKH,BreaKHis_formatted,False,5,4000,5,exp1_permuted_src_datasets
563,280.823895891,2.0,1739258153.9917023,,0.6010210514068604,1.0,0.001,1,16,40x40,MatchingNetwork,3,3,TKH,BreaKHis_formatted,False,5,4000,5,exp1_permuted_src_datasets
564,280.840394476,2.0,1739258154.0081823,,0.6273945569992065,1.0,0.001,1,16,40x40,MatchingNetwork,3,3,TKH,BreaKHis_formatted,False,5,4000,5,exp1_permuted_src_datasets
565,280.856605362,2.0,1739258154.0244234,,0.6112579703330994,1.0,0.001,1,16,40x40,MatchingNetwork,3,3,TKH,BreaKHis_formatted,False,5,4000,5,exp1_permuted_src_datasets
566,280.87273274,2.0,1739258154.0405047,,0.5980361104011536,1.0,0.001,1,16,40x40,MatchingNetwork,3,3,TKH,BreaKHis_formatted,False,5,4000,5,exp1_permuted_src_datasets
567,280.889116287,2.0,1739258154.0569289,,0.5914261937141418,1.0,0.001,1,16,40x40,MatchingNetwork,3,3,TKH,BreaKHis_formatted,False,5,4000,5,exp1_permuted_src_datasets
568,280.905908122,2.0,1739258154.0736797,,0.5878111124038696,1.0,0.001,1,16,40x40,MatchingNetwork,3,3,TKH,BreaKHis_formatted,False,5,4000,5,exp1_permuted_src_datasets
569,280.922157404,2.0,1739258154.089929,,0.5936214923858643,1.0,0.001,1,16,40x40,MatchingNetwork,3,3,TKH,BreaKHis_formatted,False,5,4000,5,exp1_permuted_src_datasets
570,280.946839131,2.0,1739258154.1145864,,0.6256498098373413,1.0,0.001,1,16,40x40,MatchingNetwork,3,3,TKH,BreaKHis_formatted,False,5,4000,5,exp1_permuted_src_datasets
571,280.962682974,2.0,1739258154.130478,,0.5951898097991943,1.0,0.001,1,16,40x40,MatchingNetwork,3,3,TKH,BreaKHis_formatted,False,5,4000,5,exp1_permuted_src_datasets
572,296.561271473,2.0,1739258169.7291129,0.62975,,,0.001,1,16,40x40,MatchingNetwork,3,3,TKH,BreaKHis_formatted,False,5,4000,5,exp1_permuted_src_datasets
573,325.84441274,3.0,1739258199.0122745,,,,0.001,1,16,40x40,MatchingNetwork,3,3,TKH,BreaKHis_formatted,False,5,4000,5,exp1_permuted_src_datasets
574,341.153784509,3.0,1739258214.3216329,0.7065,,,0.001,1,16,40x40,MatchingNetwork,3,3,TKH,BreaKHis_formatted,False,5,4000,5,exp1_permuted_src_datasets
575,341.171911307,3.0,1739258214.339693,,1.0070949792861938,0.6875,0.001,1,16,40x40,MatchingNetwork,3,3,TKH,BreaKHis_formatted,False,5,4000,5,exp1_permuted_src_datasets
576,341.194175106,3.0,1739258214.361968,,0.9650490283966064,0.8125,0.001,1,16,40x40,MatchingNetwork,3,3,TKH,BreaKHis_formatted,False,5,4000,5,exp1_permuted_src_datasets
577,341.211682409,3.0,1739258214.3794754,,0.8348281383514404,0.9375,0.001,1,16,40x40,MatchingNetwork,3,3,TKH,BreaKHis_formatted,False,5,4000,5,exp1_permuted_src_datasets
578,341.238201751,3.0,1739258214.4059374,,0.9409416317939758,0.5625,0.001,1,16,40x40,MatchingNetwork,3,3,TKH,BreaKHis_formatted,False,5,4000,5,exp1_permuted_src_datasets
579,341.25840102,3.0,1739258214.42618,,0.9252285361289978,0.875,0.001,1,16,40x40,MatchingNetwork,3,3,TKH,BreaKHis_formatted,False,5,4000,5,exp1_permuted_src_datasets
580,341.274831384,3.0,1739258214.4426177,,0.7775070071220398,1.0,0.001,1,16,40x40,MatchingNetwork,3,3,TKH,BreaKHis_formatted,False,5,4000,5,exp1_permuted_src_datasets
581,341.291291773,3.0,1739258214.4590771,,0.8549904823303223,0.75,0.001,1,16,40x40,MatchingNetwork,3,3,TKH,BreaKHis_formatted,False,5,4000,5,exp1_permuted_src_datasets
582,341.307418137,3.0,1739258214.4752192,,0.7718557715415955,0.9375,0.001,1,16,40x40,MatchingNetwork,3,3,TKH,BreaKHis_formatted,False,5,4000,5,exp1_permuted_src_datasets
583,341.332004768,3.0,1739258214.4997423,,0.8735686540603638,0.8125,0.001,1,16,40x40,MatchingNetwork,3,3,TKH,BreaKHis_formatted,False,5,4000,5,exp1_permuted_src_datasets
584,341.364485417,3.0,1739258214.5321977,,0.8811423778533936,0.75,0.001,1,16,40x40,MatchingNetwork,3,3,TKH,BreaKHis_formatted,False,5,4000,5,exp1_permuted_src_datasets
585,341.388549997,3.0,1739258214.556302,,0.8291122913360596,0.75,0.001,1,16,40x40,MatchingNetwork,3,3,TKH,BreaKHis_formatted,False,5,4000,5,exp1_permuted_src_datasets
586,341.410429377,3.0,1739258214.5782213,,0.8072222471237183,0.875,0.001,1,16,40x40,MatchingNetwork,3,3,TKH,BreaKHis_formatted,False,5,4000,5,exp1_permuted_src_datasets
587,341.440231091,3.0,1739258214.6079588,,0.8185991048812866,0.9375,0.001,1,16,40x40,MatchingNetwork,3,3,TKH,BreaKHis_formatted,False,5,4000,5,exp1_permuted_src_datasets
588,341.47316736,3.0,1739258214.6408916,,0.8212889432907104,0.9375,0.001,1,16,40x40,MatchingNetwork,3,3,TKH,BreaKHis_formatted,False,5,4000,5,exp1_permuted_src_datasets
589,341.493366478,3.0,1739258214.661158,,0.7571812868118286,1.0,0.001,1,16,40x40,MatchingNetwork,3,3,TKH,BreaKHis_formatted,False,5,4000,5,exp1_permuted_src_datasets
590,341.510343886,3.0,1739258214.6781254,,0.8655720949172974,0.625,0.001,1,16,40x40,MatchingNetwork,3,3,TKH,BreaKHis_formatted,False,5,4000,5,exp1_permuted_src_datasets
591,341.526599392,3.0,1739258214.694395,,0.7387966513633728,0.9375,0.001,1,16,40x40,MatchingNetwork,3,3,TKH,BreaKHis_formatted,False,5,4000,5,exp1_permuted_src_datasets
592,341.542957767,3.0,1739258214.7107558,,0.8042268753051758,0.875,0.001,1,16,40x40,MatchingNetwork,3,3,TKH,BreaKHis_formatted,False,5,4000,5,exp1_permuted_src_datasets
593,341.561449756,3.0,1739258214.7292361,,0.7255314588546753,0.9375,0.001,1,16,40x40,MatchingNetwork,3,3,TKH,BreaKHis_formatted,False,5,4000,5,exp1_permuted_src_datasets
594,341.577816164,3.0,1739258214.745613,,0.7300344109535217,1.0,0.001,1,16,40x40,MatchingNetwork,3,3,TKH,BreaKHis_formatted,False,5,4000,5,exp1_permuted_src_datasets
595,341.594115669,3.0,1739258214.7619157,,0.724648654460907,1.0,0.001,1,16,40x40,MatchingNetwork,3,3,TKH,BreaKHis_formatted,False,5,4000,5,exp1_permuted_src_datasets
596,341.610437915,3.0,1739258214.7782304,,0.7966164350509644,0.9375,0.001,1,16,40x40,MatchingNetwork,3,3,TKH,BreaKHis_formatted,False,5,4000,5,exp1_permuted_src_datasets
597,341.626973725,3.0,1739258214.794739,,0.7915494441986084,0.875,0.001,1,16,40x40,MatchingNetwork,3,3,TKH,BreaKHis_formatted,False,5,4000,5,exp1_permuted_src_datasets
598,341.643216471,3.0,1739258214.8110106,,0.7744100093841553,0.875,0.001,1,16,40x40,MatchingNetwork,3,3,TKH,BreaKHis_formatted,False,5,4000,5,exp1_permuted_src_datasets
599,341.659778669,3.0,1739258214.8275745,,0.780587911605835,0.9375,0.001,1,16,40x40,MatchingNetwork,3,3,TKH,BreaKHis_formatted,False,5,4000,5,exp1_permuted_src_datasets
600,341.686335851,3.0,1739258214.8541095,,0.7158511877059937,1.0,0.001,1,16,40x40,MatchingNetwork,3,3,TKH,BreaKHis_formatted,False,5,4000,5,exp1_permuted_src_datasets
601,341.705752161,3.0,1739258214.8735363,,0.6940644383430481,1.0,0.001,1,16,40x40,MatchingNetwork,3,3,TKH,BreaKHis_formatted,False,5,4000,5,exp1_permuted_src_datasets
602,341.730732964,3.0,1739258214.8970556,,0.7222934365272522,1.0,0.001,1,16,40x40,MatchingNetwork,3,3,TKH,BreaKHis_formatted,False,5,4000,5,exp1_permuted_src_datasets
603,341.748264888,3.0,1739258214.9160461,,0.7739816904067993,0.875,0.001,1,16,40x40,MatchingNetwork,3,3,TKH,BreaKHis_formatted,False,5,4000,5,exp1_permuted_src_datasets
604,341.76616901,3.0,1739258214.933935,,0.7131674885749817,1.0,0.001,1,16,40x40,MatchingNetwork,3,3,TKH,BreaKHis_formatted,False,5,4000,5,exp1_permuted_src_datasets
605,341.783488389,3.0,1739258214.9512792,,0.7469474077224731,1.0,0.001,1,16,40x40,MatchingNetwork,3,3,TKH,BreaKHis_formatted,False,5,4000,5,exp1_permuted_src_datasets
606,341.79990319,3.0,1739258214.9676874,,0.757452666759491,0.9375,0.001,1,16,40x40,MatchingNetwork,3,3,TKH,BreaKHis_formatted,False,5,4000,5,exp1_permuted_src_datasets
607,341.816850592,3.0,1739258214.9846568,,0.7386755347251892,1.0,0.001,1,16,40x40,MatchingNetwork,3,3,TKH,BreaKHis_formatted,False,5,4000,5,exp1_permuted_src_datasets
608,341.834038525,3.0,1739258215.0018249,,0.7123658657073975,0.875,0.001,1,16,40x40,MatchingNetwork,3,3,TKH,BreaKHis_formatted,False,5,4000,5,exp1_permuted_src_datasets
609,341.850667463,3.0,1739258215.0184855,,0.704765796661377,0.9375,0.001,1,16,40x40,MatchingNetwork,3,3,TKH,BreaKHis_formatted,False,5,4000,5,exp1_permuted_src_datasets
610,341.866981489,3.0,1739258215.0347786,,0.7607629895210266,0.875,0.001,1,16,40x40,MatchingNetwork,3,3,TKH,BreaKHis_formatted,False,5,4000,5,exp1_permuted_src_datasets
611,341.883243727,3.0,1739258215.0510375,,0.7300538420677185,0.875,0.001,1,16,40x40,MatchingNetwork,3,3,TKH,BreaKHis_formatted,False,5,4000,5,exp1_permuted_src_datasets
612,341.899756039,3.0,1739258215.067549,,0.7766094207763672,0.9375,0.001,1,16,40x40,MatchingNetwork,3,3,TKH,BreaKHis_formatted,False,5,4000,5,exp1_permuted_src_datasets
613,341.916116275,3.0,1739258215.0839045,,0.6943687796592712,1.0,0.001,1,16,40x40,MatchingNetwork,3,3,TKH,BreaKHis_formatted,False,5,4000,5,exp1_permuted_src_datasets
614,341.943818026,3.0,1739258215.111582,,0.6871882677078247,1.0,0.001,1,16,40x40,MatchingNetwork,3,3,TKH,BreaKHis_formatted,False,5,4000,5,exp1_permuted_src_datasets
615,341.977738761,3.0,1739258215.1454005,,0.6952224969863892,1.0,0.001,1,16,40x40,MatchingNetwork,3,3,TKH,BreaKHis_formatted,False,5,4000,5,exp1_permuted_src_datasets
616,342.010512557,3.0,1739258215.1782463,,0.7157399654388428,1.0,0.001,1,16,40x40,MatchingNetwork,3,3,TKH,BreaKHis_formatted,False,5,4000,5,exp1_permuted_src_datasets
617,342.04272535,3.0,1739258215.2104404,,0.6673911809921265,1.0,0.001,1,16,40x40,MatchingNetwork,3,3,TKH,BreaKHis_formatted,False,5,4000,5,exp1_permuted_src_datasets
618,342.076041938,3.0,1739258215.2437766,,0.6602904200553894,1.0,0.001,1,16,40x40,MatchingNetwork,3,3,TKH,BreaKHis_formatted,False,5,4000,5,exp1_permuted_src_datasets
619,342.097586574,3.0,1739258215.2653437,,0.6987304091453552,1.0,0.001,1,16,40x40,MatchingNetwork,3,3,TKH,BreaKHis_formatted,False,5,4000,5,exp1_permuted_src_datasets
620,342.11843694,3.0,1739258215.286224,,0.6952235102653503,1.0,0.001,1,16,40x40,MatchingNetwork,3,3,TKH,BreaKHis_formatted,False,5,4000,5,exp1_permuted_src_datasets
621,342.148469572,3.0,1739258215.316176,,0.656633198261261,1.0,0.001,1,16,40x40,MatchingNetwork,3,3,TKH,BreaKHis_formatted,False,5,4000,5,exp1_permuted_src_datasets
622,342.169275007,3.0,1739258215.3370564,,0.6999328136444092,1.0,0.001,1,16,40x40,MatchingNetwork,3,3,TKH,BreaKHis_formatted,False,5,4000,5,exp1_permuted_src_datasets
623,342.185912843,3.0,1739258215.3536887,,0.7704004049301147,0.9375,0.001,1,16,40x40,MatchingNetwork,3,3,TKH,BreaKHis_formatted,False,5,4000,5,exp1_permuted_src_datasets
624,342.20402114,3.0,1739258215.3717823,,0.710181474685669,1.0,0.001,1,16,40x40,MatchingNetwork,3,3,TKH,BreaKHis_formatted,False,5,4000,5,exp1_permuted_src_datasets
625,342.221006287,3.0,1739258215.3887823,,0.6678357124328613,1.0,0.001,1,16,40x40,MatchingNetwork,3,3,TKH,BreaKHis_formatted,False,5,4000,5,exp1_permuted_src_datasets
626,342.239560789,3.0,1739258215.4072053,,0.6742271184921265,1.0,0.001,1,16,40x40,MatchingNetwork,3,3,TKH,BreaKHis_formatted,False,5,4000,5,exp1_permuted_src_datasets
627,342.266187114,3.0,1739258215.4339452,,0.6456512808799744,1.0,0.001,1,16,40x40,MatchingNetwork,3,3,TKH,BreaKHis_formatted,False,5,4000,5,exp1_permuted_src_datasets
628,342.294999994,3.0,1739258215.4627025,,0.654222846031189,1.0,0.001,1,16,40x40,MatchingNetwork,3,3,TKH,BreaKHis_formatted,False,5,4000,5,exp1_permuted_src_datasets
629,342.31386431,3.0,1739258215.4816782,,0.7213849425315857,0.875,0.001,1,16,40x40,MatchingNetwork,3,3,TKH,BreaKHis_formatted,False,5,4000,5,exp1_permuted_src_datasets
630,342.332355456,3.0,1739258215.5001051,,0.7023570537567139,1.0,0.001,1,16,40x40,MatchingNetwork,3,3,TKH,BreaKHis_formatted,False,5,4000,5,exp1_permuted_src_datasets
631,342.349403256,3.0,1739258215.5172105,,0.6571813225746155,1.0,0.001,1,16,40x40,MatchingNetwork,3,3,TKH,BreaKHis_formatted,False,5,4000,5,exp1_permuted_src_datasets
632,342.367525553,3.0,1739258215.5353217,,0.745418906211853,0.9375,0.001,1,16,40x40,MatchingNetwork,3,3,TKH,BreaKHis_formatted,False,5,4000,5,exp1_permuted_src_datasets
633,342.389309802,3.0,1739258215.557105,,0.6678314208984375,1.0,0.001,1,16,40x40,MatchingNetwork,3,3,TKH,BreaKHis_formatted,False,5,4000,5,exp1_permuted_src_datasets
634,342.411706106,3.0,1739258215.5794802,,0.6490597724914551,1.0,0.001,1,16,40x40,MatchingNetwork,3,3,TKH,BreaKHis_formatted,False,5,4000,5,exp1_permuted_src_datasets
635,342.431256014,3.0,1739258215.5989432,,0.6508623361587524,1.0,0.001,1,16,40x40,MatchingNetwork,3,3,TKH,BreaKHis_formatted,False,5,4000,5,exp1_permuted_src_datasets
636,342.46060523,3.0,1739258215.6283574,,0.6915916204452515,1.0,0.001,1,16,40x40,MatchingNetwork,3,3,TKH,BreaKHis_formatted,False,5,4000,5,exp1_permuted_src_datasets
637,357.557623611,3.0,1739258230.7254677,0.57375,,,0.001,1,16,40x40,MatchingNetwork,3,3,TKH,BreaKHis_formatted,False,5,4000,5,exp1_permuted_src_datasets
638,357.57256993,3.0,1739258230.7403643,,0.7054969072341919,1.0,0.001,1,16,40x40,MatchingNetwork,3,3,TKH,BreaKHis_formatted,False,5,4000,5,exp1_permuted_src_datasets
639,357.590557347,3.0,1739258230.7583256,,0.6427715420722961,1.0,0.001,1,16,40x40,MatchingNetwork,3,3,TKH,BreaKHis_formatted,False,5,4000,5,exp1_permuted_src_datasets
640,357.610612364,3.0,1739258230.7783935,,0.674854040145874,1.0,0.001,1,16,40x40,MatchingNetwork,3,3,TKH,BreaKHis_formatted,False,5,4000,5,exp1_permuted_src_datasets
641,357.638076549,3.0,1739258230.8058524,,0.6886735558509827,1.0,0.001,1,16,40x40,MatchingNetwork,3,3,TKH,BreaKHis_formatted,False,5,4000,5,exp1_permuted_src_datasets
642,357.663425031,3.0,1739258230.8311267,,0.629001796245575,1.0,0.001,1,16,40x40,MatchingNetwork,3,3,TKH,BreaKHis_formatted,False,5,4000,5,exp1_permuted_src_datasets
643,357.680538497,3.0,1739258230.8483274,,0.6314588785171509,1.0,0.001,1,16,40x40,MatchingNetwork,3,3,TKH,BreaKHis_formatted,False,5,4000,5,exp1_permuted_src_datasets
644,357.700833829,3.0,1739258230.8685703,,0.6458278894424438,1.0,0.001,1,16,40x40,MatchingNetwork,3,3,TKH,BreaKHis_formatted,False,5,4000,5,exp1_permuted_src_datasets
645,357.718240608,3.0,1739258230.8860254,,0.697130560874939,1.0,0.001,1,16,40x40,MatchingNetwork,3,3,TKH,BreaKHis_formatted,False,5,4000,5,exp1_permuted_src_datasets
646,357.735275362,3.0,1739258230.90303,,0.6824875473976135,1.0,0.001,1,16,40x40,MatchingNetwork,3,3,TKH,BreaKHis_formatted,False,5,4000,5,exp1_permuted_src_datasets
647,357.752417526,3.0,1739258230.9202044,,0.6376497149467468,1.0,0.001,1,16,40x40,MatchingNetwork,3,3,TKH,BreaKHis_formatted,False,5,4000,5,exp1_permuted_src_datasets
648,357.769664093,3.0,1739258230.9374375,,0.6443195343017578,1.0,0.001,1,16,40x40,MatchingNetwork,3,3,TKH,BreaKHis_formatted,False,5,4000,5,exp1_permuted_src_datasets
649,357.786881023,3.0,1739258230.9546597,,0.6110386848449707,1.0,0.001,1,16,40x40,MatchingNetwork,3,3,TKH,BreaKHis_formatted,False,5,4000,5,exp1_permuted_src_datasets
650,357.806022358,3.0,1739258230.9737735,,0.7048715353012085,1.0,0.001,1,16,40x40,MatchingNetwork,3,3,TKH,BreaKHis_formatted,False,5,4000,5,exp1_permuted_src_datasets
651,357.832499779,3.0,1739258231.0001593,,0.6497141718864441,1.0,0.001,1,16,40x40,MatchingNetwork,3,3,TKH,BreaKHis_formatted,False,5,4000,5,exp1_permuted_src_datasets
652,357.855316304,3.0,1739258231.023083,,0.6222041845321655,1.0,0.001,1,16,40x40,MatchingNetwork,3,3,TKH,BreaKHis_formatted,False,5,4000,5,exp1_permuted_src_datasets
653,357.873172326,3.0,1739258231.0409353,,0.6445927619934082,1.0,0.001,1,16,40x40,MatchingNetwork,3,3,TKH,BreaKHis_formatted,False,5,4000,5,exp1_permuted_src_datasets
654,357.89018655,3.0,1739258231.0578573,,0.634310781955719,1.0,0.001,1,16,40x40,MatchingNetwork,3,3,TKH,BreaKHis_formatted,False,5,4000,5,exp1_permuted_src_datasets
655,357.906475587,3.0,1739258231.074262,,0.611189067363739,1.0,0.001,1,16,40x40,MatchingNetwork,3,3,TKH,BreaKHis_formatted,False,5,4000,5,exp1_permuted_src_datasets
656,357.925026333,3.0,1739258231.0927813,,0.6329336166381836,1.0,0.001,1,16,40x40,MatchingNetwork,3,3,TKH,BreaKHis_formatted,False,5,4000,5,exp1_permuted_src_datasets
657,357.955916472,3.0,1739258231.1236265,,0.6637843251228333,1.0,0.001,1,16,40x40,MatchingNetwork,3,3,TKH,BreaKHis_formatted,False,5,4000,5,exp1_permuted_src_datasets
658,357.976086034,3.0,1739258231.1438537,,0.6407864093780518,1.0,0.001,1,16,40x40,MatchingNetwork,3,3,TKH,BreaKHis_formatted,False,5,4000,5,exp1_permuted_src_datasets
659,358.012796332,3.0,1739258231.180489,,0.641343891620636,1.0,0.001,1,16,40x40,MatchingNetwork,3,3,TKH,BreaKHis_formatted,False,5,4000,5,exp1_permuted_src_datasets
660,358.035860623,3.0,1739258231.2036262,,0.6541555523872375,1.0,0.001,1,16,40x40,MatchingNetwork,3,3,TKH,BreaKHis_formatted,False,5,4000,5,exp1_permuted_src_datasets
661,358.05458167,3.0,1739258231.2223823,,0.6407760381698608,1.0,0.001,1,16,40x40,MatchingNetwork,3,3,TKH,BreaKHis_formatted,False,5,4000,5,exp1_permuted_src_datasets
662,358.071465141,3.0,1739258231.2392597,,0.669285774230957,1.0,0.001,1,16,40x40,MatchingNetwork,3,3,TKH,BreaKHis_formatted,False,5,4000,5,exp1_permuted_src_datasets
663,358.087843114,3.0,1739258231.255649,,0.6461885571479797,1.0,0.001,1,16,40x40,MatchingNetwork,3,3,TKH,BreaKHis_formatted,False,5,4000,5,exp1_permuted_src_datasets
664,358.103689315,3.0,1739258231.2714634,,0.7567169666290283,0.9375,0.001,1,16,40x40,MatchingNetwork,3,3,TKH,BreaKHis_formatted,False,5,4000,5,exp1_permuted_src_datasets
665,358.122823544,3.0,1739258231.2905943,,0.6323893070220947,1.0,0.001,1,16,40x40,MatchingNetwork,3,3,TKH,BreaKHis_formatted,False,5,4000,5,exp1_permuted_src_datasets
666,358.1472856,3.0,1739258231.315047,,0.6395044326782227,1.0,0.001,1,16,40x40,MatchingNetwork,3,3,TKH,BreaKHis_formatted,False,5,4000,5,exp1_permuted_src_datasets
667,358.169808794,3.0,1739258231.337578,,0.6196755170822144,1.0,0.001,1,16,40x40,MatchingNetwork,3,3,TKH,BreaKHis_formatted,False,5,4000,5,exp1_permuted_src_datasets
668,358.186679944,3.0,1739258231.3544383,,0.6397911310195923,1.0,0.001,1,16,40x40,MatchingNetwork,3,3,TKH,BreaKHis_formatted,False,5,4000,5,exp1_permuted_src_datasets
669,358.204426513,3.0,1739258231.372199,,0.6112849712371826,1.0,0.001,1,16,40x40,MatchingNetwork,3,3,TKH,BreaKHis_formatted,False,5,4000,5,exp1_permuted_src_datasets
670,358.221929048,3.0,1739258231.3896832,,0.6076180338859558,1.0,0.001,1,16,40x40,MatchingNetwork,3,3,TKH,BreaKHis_formatted,False,5,4000,5,exp1_permuted_src_datasets
671,358.241819172,3.0,1739258231.4095893,,0.6267192959785461,1.0,0.001,1,16,40x40,MatchingNetwork,3,3,TKH,BreaKHis_formatted,False,5,4000,5,exp1_permuted_src_datasets
672,358.268325759,3.0,1739258231.4361022,,0.6096597909927368,1.0,0.001,1,16,40x40,MatchingNetwork,3,3,TKH,BreaKHis_formatted,False,5,4000,5,exp1_permuted_src_datasets
673,358.28631346,3.0,1739258231.4540524,,0.6684628129005432,1.0,0.001,1,16,40x40,MatchingNetwork,3,3,TKH,BreaKHis_formatted,False,5,4000,5,exp1_permuted_src_datasets
674,358.303307607,3.0,1739258231.4710746,,0.6200434565544128,1.0,0.001,1,16,40x40,MatchingNetwork,3,3,TKH,BreaKHis_formatted,False,5,4000,5,exp1_permuted_src_datasets
675,358.320476842,3.0,1739258231.4882197,,0.6494634747505188,1.0,0.001,1,16,40x40,MatchingNetwork,3,3,TKH,BreaKHis_formatted,False,5,4000,5,exp1_permuted_src_datasets
676,358.339614049,3.0,1739258231.5073333,,0.6138892769813538,1.0,0.001,1,16,40x40,MatchingNetwork,3,3,TKH,BreaKHis_formatted,False,5,4000,5,exp1_permuted_src_datasets
677,358.368182529,3.0,1739258231.5357993,,0.5953393578529358,1.0,0.001,1,16,40x40,MatchingNetwork,3,3,TKH,BreaKHis_formatted,False,5,4000,5,exp1_permuted_src_datasets
678,358.387204705,3.0,1739258231.554965,,0.6108671426773071,1.0,0.001,1,16,40x40,MatchingNetwork,3,3,TKH,BreaKHis_formatted,False,5,4000,5,exp1_permuted_src_datasets
679,358.404878716,3.0,1739258231.5726051,,0.6149835586547852,1.0,0.001,1,16,40x40,MatchingNetwork,3,3,TKH,BreaKHis_formatted,False,5,4000,5,exp1_permuted_src_datasets
680,358.422346184,3.0,1739258231.5901132,,0.6127305626869202,1.0,0.001,1,16,40x40,MatchingNetwork,3,3,TKH,BreaKHis_formatted,False,5,4000,5,exp1_permuted_src_datasets
681,358.439338916,3.0,1739258231.607099,,0.5967514514923096,1.0,0.001,1,16,40x40,MatchingNetwork,3,3,TKH,BreaKHis_formatted,False,5,4000,5,exp1_permuted_src_datasets
682,358.466301563,3.0,1739258231.6339998,,0.6074541807174683,1.0,0.001,1,16,40x40,MatchingNetwork,3,3,TKH,BreaKHis_formatted,False,5,4000,5,exp1_permuted_src_datasets
683,358.488951903,3.0,1739258231.656722,,0.6050055027008057,1.0,0.001,1,16,40x40,MatchingNetwork,3,3,TKH,BreaKHis_formatted,False,5,4000,5,exp1_permuted_src_datasets
684,358.506078131,3.0,1739258231.6738403,,0.6502410769462585,1.0,0.001,1,16,40x40,MatchingNetwork,3,3,TKH,BreaKHis_formatted,False,5,4000,5,exp1_permuted_src_datasets
685,358.523036426,3.0,1739258231.6907942,,0.6158331036567688,1.0,0.001,1,16,40x40,MatchingNetwork,3,3,TKH,BreaKHis_formatted,False,5,4000,5,exp1_permuted_src_datasets
686,358.539741512,3.0,1739258231.70752,,0.6166909337043762,1.0,0.001,1,16,40x40,MatchingNetwork,3,3,TKH,BreaKHis_formatted,False,5,4000,5,exp1_permuted_src_datasets
687,358.556640768,3.0,1739258231.7243752,,0.6127566695213318,1.0,0.001,1,16,40x40,MatchingNetwork,3,3,TKH,BreaKHis_formatted,False,5,4000,5,exp1_permuted_src_datasets
688,358.573991799,3.0,1739258231.7417734,,0.5936369299888611,1.0,0.001,1,16,40x40,MatchingNetwork,3,3,TKH,BreaKHis_formatted,False,5,4000,5,exp1_permuted_src_datasets
689,358.591448402,3.0,1739258231.7592127,,0.6065181493759155,1.0,0.001,1,16,40x40,MatchingNetwork,3,3,TKH,BreaKHis_formatted,False,5,4000,5,exp1_permuted_src_datasets
690,358.60869356,3.0,1739258231.7764947,,0.6439967751502991,1.0,0.001,1,16,40x40,MatchingNetwork,3,3,TKH,BreaKHis_formatted,False,5,4000,5,exp1_permuted_src_datasets
691,358.63106249,3.0,1739258231.7987823,,0.6096920967102051,1.0,0.001,1,16,40x40,MatchingNetwork,3,3,TKH,BreaKHis_formatted,False,5,4000,5,exp1_permuted_src_datasets
692,358.656507088,3.0,1739258231.824237,,0.5963010191917419,1.0,0.001,1,16,40x40,MatchingNetwork,3,3,TKH,BreaKHis_formatted,False,5,4000,5,exp1_permuted_src_datasets
693,358.673181005,3.0,1739258231.8409603,,0.641380786895752,1.0,0.001,1,16,40x40,MatchingNetwork,3,3,TKH,BreaKHis_formatted,False,5,4000,5,exp1_permuted_src_datasets
694,358.692428563,3.0,1739258231.8601952,,0.603593111038208,1.0,0.001,1,16,40x40,MatchingNetwork,3,3,TKH,BreaKHis_formatted,False,5,4000,5,exp1_permuted_src_datasets
695,358.710220041,3.0,1739258231.8779845,,0.6054497361183167,1.0,0.001,1,16,40x40,MatchingNetwork,3,3,TKH,BreaKHis_formatted,False,5,4000,5,exp1_permuted_src_datasets
696,358.727420799,3.0,1739258231.895179,,0.5987113118171692,1.0,0.001,1,16,40x40,MatchingNetwork,3,3,TKH,BreaKHis_formatted,False,5,4000,5,exp1_permuted_src_datasets
697,358.747683084,3.0,1739258231.9154449,,0.5957431793212891,1.0,0.001,1,16,40x40,MatchingNetwork,3,3,TKH,BreaKHis_formatted,False,5,4000,5,exp1_permuted_src_datasets
698,358.765005474,3.0,1739258231.9328063,,0.6108208894729614,1.0,0.001,1,16,40x40,MatchingNetwork,3,3,TKH,BreaKHis_formatted,False,5,4000,5,exp1_permuted_src_datasets
699,358.785889829,3.0,1739258231.9536479,,0.5924110412597656,1.0,0.001,1,16,40x40,MatchingNetwork,3,3,TKH,BreaKHis_formatted,False,5,4000,5,exp1_permuted_src_datasets
700,377.44180583,3.0,1739258250.6096568,0.65925,,,0.001,1,16,40x40,MatchingNetwork,3,3,TKH,BreaKHis_formatted,False,5,4000,5,exp1_permuted_src_datasets
701,377.45735307,3.0,1739258250.6249077,,0.636927604675293,1.0,0.001,1,16,40x40,MatchingNetwork,3,3,TKH,BreaKHis_formatted,False,5,4000,5,exp1_permuted_src_datasets
702,377.478850777,3.0,1739258250.6466215,,0.5953547954559326,1.0,0.001,1,16,40x40,MatchingNetwork,3,3,TKH,BreaKHis_formatted,False,5,4000,5,exp1_permuted_src_datasets
703,377.497082073,3.0,1739258250.664805,,0.6177042126655579,1.0,0.001,1,16,40x40,MatchingNetwork,3,3,TKH,BreaKHis_formatted,False,5,4000,5,exp1_permuted_src_datasets
704,377.51458898,3.0,1739258250.6823242,,0.600472092628479,1.0,0.001,1,16,40x40,MatchingNetwork,3,3,TKH,BreaKHis_formatted,False,5,4000,5,exp1_permuted_src_datasets
705,377.53199511,3.0,1739258250.699784,,0.5957510471343994,1.0,0.001,1,16,40x40,MatchingNetwork,3,3,TKH,BreaKHis_formatted,False,5,4000,5,exp1_permuted_src_datasets
706,377.549777305,3.0,1739258250.7174985,,0.6173137426376343,1.0,0.001,1,16,40x40,MatchingNetwork,3,3,TKH,BreaKHis_formatted,False,5,4000,5,exp1_permuted_src_datasets
707,377.568248983,3.0,1739258250.7359972,,0.5946228504180908,1.0,0.001,1,16,40x40,MatchingNetwork,3,3,TKH,BreaKHis_formatted,False,5,4000,5,exp1_permuted_src_datasets
708,377.586278772,3.0,1739258250.7540395,,0.5940285325050354,1.0,0.001,1,16,40x40,MatchingNetwork,3,3,TKH,BreaKHis_formatted,False,5,4000,5,exp1_permuted_src_datasets
709,377.604140794,3.0,1739258250.7719114,,0.5949339866638184,1.0,0.001,1,16,40x40,MatchingNetwork,3,3,TKH,BreaKHis_formatted,False,5,4000,5,exp1_permuted_src_datasets
710,377.62204974,3.0,1739258250.7898307,,0.5948736071586609,1.0,0.001,1,16,40x40,MatchingNetwork,3,3,TKH,BreaKHis_formatted,False,5,4000,5,exp1_permuted_src_datasets
711,377.640201118,3.0,1739258250.807955,,0.5949331521987915,1.0,0.001,1,16,40x40,MatchingNetwork,3,3,TKH,BreaKHis_formatted,False,5,4000,5,exp1_permuted_src_datasets
712,377.664913083,3.0,1739258250.8326495,,0.584848165512085,1.0,0.001,1,16,40x40,MatchingNetwork,3,3,TKH,BreaKHis_formatted,False,5,4000,5,exp1_permuted_src_datasets
713,377.684328582,3.0,1739258250.8520765,,0.6059597134590149,1.0,0.001,1,16,40x40,MatchingNetwork,3,3,TKH,BreaKHis_formatted,False,5,4000,5,exp1_permuted_src_datasets
714,377.702366293,3.0,1739258250.87016,,0.5905501842498779,1.0,0.001,1,16,40x40,MatchingNetwork,3,3,TKH,BreaKHis_formatted,False,5,4000,5,exp1_permuted_src_datasets
715,377.720536172,3.0,1739258250.8882654,,0.5928864479064941,1.0,0.001,1,16,40x40,MatchingNetwork,3,3,TKH,BreaKHis_formatted,False,5,4000,5,exp1_permuted_src_datasets
716,377.738524609,3.0,1739258250.9062943,,0.5878123044967651,1.0,0.001,1,16,40x40,MatchingNetwork,3,3,TKH,BreaKHis_formatted,False,5,4000,5,exp1_permuted_src_datasets
717,377.755933982,3.0,1739258250.9237044,,0.6088517308235168,1.0,0.001,1,16,40x40,MatchingNetwork,3,3,TKH,BreaKHis_formatted,False,5,4000,5,exp1_permuted_src_datasets
718,377.773210976,3.0,1739258250.9409745,,0.6166505813598633,1.0,0.001,1,16,40x40,MatchingNetwork,3,3,TKH,BreaKHis_formatted,False,5,4000,5,exp1_permuted_src_datasets
719,377.791499473,3.0,1739258250.9592402,,0.6180419921875,1.0,0.001,1,16,40x40,MatchingNetwork,3,3,TKH,BreaKHis_formatted,False,5,4000,5,exp1_permuted_src_datasets
720,377.809230649,3.0,1739258250.9770255,,0.5963568687438965,1.0,0.001,1,16,40x40,MatchingNetwork,3,3,TKH,BreaKHis_formatted,False,5,4000,5,exp1_permuted_src_datasets
721,377.826461275,3.0,1739258250.9942503,,0.5882397890090942,1.0,0.001,1,16,40x40,MatchingNetwork,3,3,TKH,BreaKHis_formatted,False,5,4000,5,exp1_permuted_src_datasets
722,377.843844926,3.0,1739258251.0116017,,0.5966988205909729,1.0,0.001,1,16,40x40,MatchingNetwork,3,3,TKH,BreaKHis_formatted,False,5,4000,5,exp1_permuted_src_datasets
723,377.861572824,3.0,1739258251.0293303,,0.6012611985206604,1.0,0.001,1,16,40x40,MatchingNetwork,3,3,TKH,BreaKHis_formatted,False,5,4000,5,exp1_permuted_src_datasets
724,377.879093097,3.0,1739258251.0468564,,0.6140009760856628,1.0,0.001,1,16,40x40,MatchingNetwork,3,3,TKH,BreaKHis_formatted,False,5,4000,5,exp1_permuted_src_datasets
725,377.897132944,3.0,1739258251.064835,,0.5970951914787292,1.0,0.001,1,16,40x40,MatchingNetwork,3,3,TKH,BreaKHis_formatted,False,5,4000,5,exp1_permuted_src_datasets
726,377.914520346,3.0,1739258251.0822897,,0.6140613555908203,1.0,0.001,1,16,40x40,MatchingNetwork,3,3,TKH,BreaKHis_formatted,False,5,4000,5,exp1_permuted_src_datasets
727,377.931664589,3.0,1739258251.0994313,,0.6165614128112793,1.0,0.001,1,16,40x40,MatchingNetwork,3,3,TKH,BreaKHis_formatted,False,5,4000,5,exp1_permuted_src_datasets
728,377.950511753,3.0,1739258251.1182706,,0.5995218753814697,1.0,0.001,1,16,40x40,MatchingNetwork,3,3,TKH,BreaKHis_formatted,False,5,4000,5,exp1_permuted_src_datasets
729,377.967806049,3.0,1739258251.1356022,,0.5884084105491638,1.0,0.001,1,16,40x40,MatchingNetwork,3,3,TKH,BreaKHis_formatted,False,5,4000,5,exp1_permuted_src_datasets
730,377.984797481,3.0,1739258251.1525922,,0.6005130410194397,1.0,0.001,1,16,40x40,MatchingNetwork,3,3,TKH,BreaKHis_formatted,False,5,4000,5,exp1_permuted_src_datasets
731,378.00175665,3.0,1739258251.1695478,,0.6095219254493713,1.0,0.001,1,16,40x40,MatchingNetwork,3,3,TKH,BreaKHis_formatted,False,5,4000,5,exp1_permuted_src_datasets
732,378.018709581,3.0,1739258251.186507,,0.5984034538269043,1.0,0.001,1,16,40x40,MatchingNetwork,3,3,TKH,BreaKHis_formatted,False,5,4000,5,exp1_permuted_src_datasets
733,378.036040663,3.0,1739258251.2038012,,0.5898516178131104,1.0,0.001,1,16,40x40,MatchingNetwork,3,3,TKH,BreaKHis_formatted,False,5,4000,5,exp1_permuted_src_datasets
734,378.053146646,3.0,1739258251.220951,,0.591488242149353,1.0,0.001,1,16,40x40,MatchingNetwork,3,3,TKH,BreaKHis_formatted,False,5,4000,5,exp1_permuted_src_datasets
735,378.070591821,3.0,1739258251.2383626,,0.6177036762237549,1.0,0.001,1,16,40x40,MatchingNetwork,3,3,TKH,BreaKHis_formatted,False,5,4000,5,exp1_permuted_src_datasets
736,378.087302349,3.0,1739258251.2551134,,0.5906126499176025,1.0,0.001,1,16,40x40,MatchingNetwork,3,3,TKH,BreaKHis_formatted,False,5,4000,5,exp1_permuted_src_datasets
737,378.115097205,3.0,1739258251.2827795,,0.5981964468955994,1.0,0.001,1,16,40x40,MatchingNetwork,3,3,TKH,BreaKHis_formatted,False,5,4000,5,exp1_permuted_src_datasets
738,378.138019583,3.0,1739258251.3057115,,0.5949426889419556,1.0,0.001,1,16,40x40,MatchingNetwork,3,3,TKH,BreaKHis_formatted,False,5,4000,5,exp1_permuted_src_datasets
739,378.164357851,3.0,1739258251.3320723,,0.5893182754516602,1.0,0.001,1,16,40x40,MatchingNetwork,3,3,TKH,BreaKHis_formatted,False,5,4000,5,exp1_permuted_src_datasets
740,378.187296098,3.0,1739258251.3550546,,0.6015236377716064,1.0,0.001,1,16,40x40,MatchingNetwork,3,3,TKH,BreaKHis_formatted,False,5,4000,5,exp1_permuted_src_datasets
741,378.206908142,3.0,1739258251.3746836,,0.6341738700866699,1.0,0.001,1,16,40x40,MatchingNetwork,3,3,TKH,BreaKHis_formatted,False,5,4000,5,exp1_permuted_src_datasets
742,378.224196907,3.0,1739258251.3919709,,0.5947341918945312,1.0,0.001,1,16,40x40,MatchingNetwork,3,3,TKH,BreaKHis_formatted,False,5,4000,5,exp1_permuted_src_datasets
743,378.242616191,3.0,1739258251.4103405,,0.6043033599853516,1.0,0.001,1,16,40x40,MatchingNetwork,3,3,TKH,BreaKHis_formatted,False,5,4000,5,exp1_permuted_src_datasets
744,378.260219521,3.0,1739258251.4280093,,0.5923823118209839,1.0,0.001,1,16,40x40,MatchingNetwork,3,3,TKH,BreaKHis_formatted,False,5,4000,5,exp1_permuted_src_datasets
745,378.277334386,3.0,1739258251.445105,,0.5930334329605103,1.0,0.001,1,16,40x40,MatchingNetwork,3,3,TKH,BreaKHis_formatted,False,5,4000,5,exp1_permuted_src_datasets
746,378.294177685,3.0,1739258251.4619503,,0.586675226688385,1.0,0.001,1,16,40x40,MatchingNetwork,3,3,TKH,BreaKHis_formatted,False,5,4000,5,exp1_permuted_src_datasets
747,378.31428869,3.0,1739258251.4820473,,0.5988973379135132,1.0,0.001,1,16,40x40,MatchingNetwork,3,3,TKH,BreaKHis_formatted,False,5,4000,5,exp1_permuted_src_datasets
748,378.333786636,3.0,1739258251.5015554,,0.5993088483810425,1.0,0.001,1,16,40x40,MatchingNetwork,3,3,TKH,BreaKHis_formatted,False,5,4000,5,exp1_permuted_src_datasets
749,378.351250201,3.0,1739258251.5190644,,0.6009562015533447,1.0,0.001,1,16,40x40,MatchingNetwork,3,3,TKH,BreaKHis_formatted,False,5,4000,5,exp1_permuted_src_datasets
750,378.368527416,3.0,1739258251.5362928,,0.5973813533782959,1.0,0.001,1,16,40x40,MatchingNetwork,3,3,TKH,BreaKHis_formatted,False,5,4000,5,exp1_permuted_src_datasets
751,378.386176137,3.0,1739258251.5539389,,0.5876911878585815,1.0,0.001,1,16,40x40,MatchingNetwork,3,3,TKH,BreaKHis_formatted,False,5,4000,5,exp1_permuted_src_datasets
752,378.403520755,3.0,1739258251.5712981,,0.5900660157203674,1.0,0.001,1,16,40x40,MatchingNetwork,3,3,TKH,BreaKHis_formatted,False,5,4000,5,exp1_permuted_src_datasets
753,378.42087738,3.0,1739258251.588644,,0.6094523072242737,1.0,0.001,1,16,40x40,MatchingNetwork,3,3,TKH,BreaKHis_formatted,False,5,4000,5,exp1_permuted_src_datasets
754,378.438291685,3.0,1739258251.6060343,,0.5980088710784912,1.0,0.001,1,16,40x40,MatchingNetwork,3,3,TKH,BreaKHis_formatted,False,5,4000,5,exp1_permuted_src_datasets
755,378.455251906,3.0,1739258251.6230552,,0.5931223034858704,1.0,0.001,1,16,40x40,MatchingNetwork,3,3,TKH,BreaKHis_formatted,False,5,4000,5,exp1_permuted_src_datasets
756,378.472240354,3.0,1739258251.6400476,,0.600841760635376,1.0,0.001,1,16,40x40,MatchingNetwork,3,3,TKH,BreaKHis_formatted,False,5,4000,5,exp1_permuted_src_datasets
757,378.505715126,3.0,1739258251.6734738,,0.5914955735206604,1.0,0.001,1,16,40x40,MatchingNetwork,3,3,TKH,BreaKHis_formatted,False,5,4000,5,exp1_permuted_src_datasets
758,378.532652149,3.0,1739258251.700442,,0.5923656821250916,1.0,0.001,1,16,40x40,MatchingNetwork,3,3,TKH,BreaKHis_formatted,False,5,4000,5,exp1_permuted_src_datasets
759,378.557561636,3.0,1739258251.7253397,,0.5904810428619385,1.0,0.001,1,16,40x40,MatchingNetwork,3,3,TKH,BreaKHis_formatted,False,5,4000,5,exp1_permuted_src_datasets
760,378.575350726,3.0,1739258251.7431269,,0.6011295318603516,1.0,0.001,1,16,40x40,MatchingNetwork,3,3,TKH,BreaKHis_formatted,False,5,4000,5,exp1_permuted_src_datasets
761,378.592876273,3.0,1739258251.7606502,,0.5916728973388672,1.0,0.001,1,16,40x40,MatchingNetwork,3,3,TKH,BreaKHis_formatted,False,5,4000,5,exp1_permuted_src_datasets
762,378.610092303,3.0,1739258251.7778537,,0.5903379321098328,1.0,0.001,1,16,40x40,MatchingNetwork,3,3,TKH,BreaKHis_formatted,False,5,4000,5,exp1_permuted_src_datasets
763,395.690253959,3.0,1739258268.8580961,0.67575,,,0.001,1,16,40x40,MatchingNetwork,3,3,TKH,BreaKHis_formatted,False,5,4000,5,exp1_permuted_src_datasets
764,424.178323607,4.0,1739258297.3054507,,,,0.001,1,16,40x40,MatchingNetwork,3,3,TKH,BreaKHis_formatted,False,5,4000,5,exp1_permuted_src_datasets
765,440.618201567,4.0,1739258313.7399454,0.69875,,,0.001,1,16,40x40,MatchingNetwork,3,3,TKH,BreaKHis_formatted,False,5,4000,5,exp1_permuted_src_datasets
766,440.61822252,4.0,1739258313.7522736,,0.90315181016922,0.9375,0.001,1,16,40x40,MatchingNetwork,3,3,TKH,BreaKHis_formatted,False,5,4000,5,exp1_permuted_src_datasets
767,440.6182291,4.0,1739258313.7704782,,0.9011022448539734,0.9375,0.001,1,16,40x40,MatchingNetwork,3,3,TKH,BreaKHis_formatted,False,5,4000,5,exp1_permuted_src_datasets
768,440.621761755,4.0,1739258313.789535,,0.9092323184013367,0.875,0.001,1,16,40x40,MatchingNetwork,3,3,TKH,BreaKHis_formatted,False,5,4000,5,exp1_permuted_src_datasets
769,440.639795982,4.0,1739258313.8075192,,0.8952549695968628,0.8125,0.001,1,16,40x40,MatchingNetwork,3,3,TKH,BreaKHis_formatted,False,5,4000,5,exp1_permuted_src_datasets
770,440.657570779,4.0,1739258313.825314,,0.9200884103775024,0.75,0.001,1,16,40x40,MatchingNetwork,3,3,TKH,BreaKHis_formatted,False,5,4000,5,exp1_permuted_src_datasets
771,440.675404449,4.0,1739258313.8431668,,0.8917148113250732,0.9375,0.001,1,16,40x40,MatchingNetwork,3,3,TKH,BreaKHis_formatted,False,5,4000,5,exp1_permuted_src_datasets
772,440.694803213,4.0,1739258313.8625002,,0.9469344019889832,0.6875,0.001,1,16,40x40,MatchingNetwork,3,3,TKH,BreaKHis_formatted,False,5,4000,5,exp1_permuted_src_datasets
773,440.716485314,4.0,1739258313.884227,,0.818414568901062,0.875,0.001,1,16,40x40,MatchingNetwork,3,3,TKH,BreaKHis_formatted,False,5,4000,5,exp1_permuted_src_datasets
774,440.733942461,4.0,1739258313.9016976,,0.8922873139381409,1.0,0.001,1,16,40x40,MatchingNetwork,3,3,TKH,BreaKHis_formatted,False,5,4000,5,exp1_permuted_src_datasets
775,440.751530869,4.0,1739258313.9192708,,0.7376237511634827,0.9375,0.001,1,16,40x40,MatchingNetwork,3,3,TKH,BreaKHis_formatted,False,5,4000,5,exp1_permuted_src_datasets
776,440.769592324,4.0,1739258313.9373367,,0.7501842975616455,1.0,0.001,1,16,40x40,MatchingNetwork,3,3,TKH,BreaKHis_formatted,False,5,4000,5,exp1_permuted_src_datasets
777,440.787023861,4.0,1739258313.9547718,,0.7792321443557739,1.0,0.001,1,16,40x40,MatchingNetwork,3,3,TKH,BreaKHis_formatted,False,5,4000,5,exp1_permuted_src_datasets
778,440.808439416,4.0,1739258313.976162,,0.7660092115402222,1.0,0.001,1,16,40x40,MatchingNetwork,3,3,TKH,BreaKHis_formatted,False,5,4000,5,exp1_permuted_src_datasets
779,440.827875323,4.0,1739258313.9955785,,0.8343286514282227,0.875,0.001,1,16,40x40,MatchingNetwork,3,3,TKH,BreaKHis_formatted,False,5,4000,5,exp1_permuted_src_datasets
780,440.845637033,4.0,1739258314.013384,,0.8393685221672058,0.9375,0.001,1,16,40x40,MatchingNetwork,3,3,TKH,BreaKHis_formatted,False,5,4000,5,exp1_permuted_src_datasets
781,440.863184423,4.0,1739258314.030921,,0.8003077507019043,0.9375,0.001,1,16,40x40,MatchingNetwork,3,3,TKH,BreaKHis_formatted,False,5,4000,5,exp1_permuted_src_datasets
782,440.880465337,4.0,1739258314.0481918,,0.768882155418396,1.0,0.001,1,16,40x40,MatchingNetwork,3,3,TKH,BreaKHis_formatted,False,5,4000,5,exp1_permuted_src_datasets
783,440.898393024,4.0,1739258314.066114,,0.7705751657485962,0.9375,0.001,1,16,40x40,MatchingNetwork,3,3,TKH,BreaKHis_formatted,False,5,4000,5,exp1_permuted_src_datasets
784,440.920365646,4.0,1739258314.0880919,,0.7274991273880005,0.9375,0.001,1,16,40x40,MatchingNetwork,3,3,TKH,BreaKHis_formatted,False,5,4000,5,exp1_permuted_src_datasets
785,440.937574606,4.0,1739258314.1053078,,0.7820636630058289,1.0,0.001,1,16,40x40,MatchingNetwork,3,3,TKH,BreaKHis_formatted,False,5,4000,5,exp1_permuted_src_datasets
786,440.95447942,4.0,1739258314.1222324,,0.7460454702377319,1.0,0.001,1,16,40x40,MatchingNetwork,3,3,TKH,BreaKHis_formatted,False,5,4000,5,exp1_permuted_src_datasets
787,440.971761359,4.0,1739258314.13947,,0.6879218816757202,1.0,0.001,1,16,40x40,MatchingNetwork,3,3,TKH,BreaKHis_formatted,False,5,4000,5,exp1_permuted_src_datasets
788,440.988679723,4.0,1739258314.1564248,,0.7092886567115784,1.0,0.001,1,16,40x40,MatchingNetwork,3,3,TKH,BreaKHis_formatted,False,5,4000,5,exp1_permuted_src_datasets
789,441.005710268,4.0,1739258314.173462,,0.7883001565933228,1.0,0.001,1,16,40x40,MatchingNetwork,3,3,TKH,BreaKHis_formatted,False,5,4000,5,exp1_permuted_src_datasets
790,441.023139038,4.0,1739258314.1909008,,0.6750195622444153,1.0,0.001,1,16,40x40,MatchingNetwork,3,3,TKH,BreaKHis_formatted,False,5,4000,5,exp1_permuted_src_datasets
791,441.04018794,4.0,1739258314.2079504,,0.7177448868751526,0.9375,0.001,1,16,40x40,MatchingNetwork,3,3,TKH,BreaKHis_formatted,False,5,4000,5,exp1_permuted_src_datasets
792,441.057926378,4.0,1739258314.2256541,,0.6801654696464539,1.0,0.001,1,16,40x40,MatchingNetwork,3,3,TKH,BreaKHis_formatted,False,5,4000,5,exp1_permuted_src_datasets
793,441.075216509,4.0,1739258314.2429435,,0.730692446231842,1.0,0.001,1,16,40x40,MatchingNetwork,3,3,TKH,BreaKHis_formatted,False,5,4000,5,exp1_permuted_src_datasets
794,441.092457995,4.0,1739258314.2602057,,0.7011252045631409,0.9375,0.001,1,16,40x40,MatchingNetwork,3,3,TKH,BreaKHis_formatted,False,5,4000,5,exp1_permuted_src_datasets
795,441.110205088,4.0,1739258314.277677,,0.7131195664405823,1.0,0.001,1,16,40x40,MatchingNetwork,3,3,TKH,BreaKHis_formatted,False,5,4000,5,exp1_permuted_src_datasets
796,441.138108596,4.0,1739258314.303751,,0.6872988343238831,0.9375,0.001,1,16,40x40,MatchingNetwork,3,3,TKH,BreaKHis_formatted,False,5,4000,5,exp1_permuted_src_datasets
797,441.162826325,4.0,1739258314.3294215,,0.6385352611541748,1.0,0.001,1,16,40x40,MatchingNetwork,3,3,TKH,BreaKHis_formatted,False,5,4000,5,exp1_permuted_src_datasets
798,441.192256903,4.0,1739258314.3599977,,0.6639291644096375,1.0,0.001,1,16,40x40,MatchingNetwork,3,3,TKH,BreaKHis_formatted,False,5,4000,5,exp1_permuted_src_datasets
799,441.210333235,4.0,1739258314.3780394,,0.7054140567779541,1.0,0.001,1,16,40x40,MatchingNetwork,3,3,TKH,BreaKHis_formatted,False,5,4000,5,exp1_permuted_src_datasets
800,441.228713694,4.0,1739258314.396364,,0.7362127304077148,0.875,0.001,1,16,40x40,MatchingNetwork,3,3,TKH,BreaKHis_formatted,False,5,4000,5,exp1_permuted_src_datasets
801,441.247085511,4.0,1739258314.4147906,,0.7244665622711182,1.0,0.001,1,16,40x40,MatchingNetwork,3,3,TKH,BreaKHis_formatted,False,5,4000,5,exp1_permuted_src_datasets
802,441.265691311,4.0,1739258314.4333854,,0.661568284034729,1.0,0.001,1,16,40x40,MatchingNetwork,3,3,TKH,BreaKHis_formatted,False,5,4000,5,exp1_permuted_src_datasets
803,441.283481643,4.0,1739258314.4511793,,0.6566768288612366,1.0,0.001,1,16,40x40,MatchingNetwork,3,3,TKH,BreaKHis_formatted,False,5,4000,5,exp1_permuted_src_datasets
804,441.301307369,4.0,1739258314.4690065,,0.7521008253097534,1.0,0.001,1,16,40x40,MatchingNetwork,3,3,TKH,BreaKHis_formatted,False,5,4000,5,exp1_permuted_src_datasets
805,441.319813491,4.0,1739258314.4875557,,0.6234025359153748,1.0,0.001,1,16,40x40,MatchingNetwork,3,3,TKH,BreaKHis_formatted,False,5,4000,5,exp1_permuted_src_datasets
806,441.337421542,4.0,1739258314.5051239,,0.6842396259307861,1.0,0.001,1,16,40x40,MatchingNetwork,3,3,TKH,BreaKHis_formatted,False,5,4000,5,exp1_permuted_src_datasets
807,441.354591029,4.0,1739258314.5223217,,0.6672541499137878,1.0,0.001,1,16,40x40,MatchingNetwork,3,3,TKH,BreaKHis_formatted,False,5,4000,5,exp1_permuted_src_datasets
808,441.371806891,4.0,1739258314.5395522,,0.6520604491233826,1.0,0.001,1,16,40x40,MatchingNetwork,3,3,TKH,BreaKHis_formatted,False,5,4000,5,exp1_permuted_src_datasets
809,441.389030888,4.0,1739258314.556751,,0.653806746006012,0.9375,0.001,1,16,40x40,MatchingNetwork,3,3,TKH,BreaKHis_formatted,False,5,4000,5,exp1_permuted_src_datasets
810,441.406086484,4.0,1739258314.5737882,,0.7030336856842041,1.0,0.001,1,16,40x40,MatchingNetwork,3,3,TKH,BreaKHis_formatted,False,5,4000,5,exp1_permuted_src_datasets
811,441.42348373,4.0,1739258314.5912032,,0.6444652676582336,1.0,0.001,1,16,40x40,MatchingNetwork,3,3,TKH,BreaKHis_formatted,False,5,4000,5,exp1_permuted_src_datasets
812,441.452691233,4.0,1739258314.6203425,,0.6515238881111145,1.0,0.001,1,16,40x40,MatchingNetwork,3,3,TKH,BreaKHis_formatted,False,5,4000,5,exp1_permuted_src_datasets
813,441.473936764,4.0,1739258314.6416345,,0.6336280703544617,1.0,0.001,1,16,40x40,MatchingNetwork,3,3,TKH,BreaKHis_formatted,False,5,4000,5,exp1_permuted_src_datasets
814,441.76329697,4.0,1739258314.930931,,0.7256305813789368,1.0,0.001,1,16,40x40,MatchingNetwork,3,3,TKH,BreaKHis_formatted,False,5,4000,5,exp1_permuted_src_datasets
815,441.78192999,4.0,1739258314.9496481,,0.6971153020858765,1.0,0.001,1,16,40x40,MatchingNetwork,3,3,TKH,BreaKHis_formatted,False,5,4000,5,exp1_permuted_src_datasets
816,441.799611826,4.0,1739258314.9673562,,0.650221586227417,1.0,0.001,1,16,40x40,MatchingNetwork,3,3,TKH,BreaKHis_formatted,False,5,4000,5,exp1_permuted_src_datasets
817,441.816446874,4.0,1739258314.984181,,0.6207963824272156,1.0,0.001,1,16,40x40,MatchingNetwork,3,3,TKH,BreaKHis_formatted,False,5,4000,5,exp1_permuted_src_datasets
818,441.833385383,4.0,1739258315.001135,,0.6251437664031982,1.0,0.001,1,16,40x40,MatchingNetwork,3,3,TKH,BreaKHis_formatted,False,5,4000,5,exp1_permuted_src_datasets
819,441.850347342,4.0,1739258315.018091,,0.661149263381958,1.0,0.001,1,16,40x40,MatchingNetwork,3,3,TKH,BreaKHis_formatted,False,5,4000,5,exp1_permuted_src_datasets
820,441.867538604,4.0,1739258315.035276,,0.636721134185791,1.0,0.001,1,16,40x40,MatchingNetwork,3,3,TKH,BreaKHis_formatted,False,5,4000,5,exp1_permuted_src_datasets
821,441.884880852,4.0,1739258315.0525906,,0.6448014974594116,1.0,0.001,1,16,40x40,MatchingNetwork,3,3,TKH,BreaKHis_formatted,False,5,4000,5,exp1_permuted_src_datasets
822,441.902388605,4.0,1739258315.0701072,,0.6971873044967651,0.9375,0.001,1,16,40x40,MatchingNetwork,3,3,TKH,BreaKHis_formatted,False,5,4000,5,exp1_permuted_src_datasets
823,441.920069639,4.0,1739258315.087758,,0.6407344341278076,1.0,0.001,1,16,40x40,MatchingNetwork,3,3,TKH,BreaKHis_formatted,False,5,4000,5,exp1_permuted_src_datasets
824,441.937576396,4.0,1739258315.105292,,0.6840619444847107,1.0,0.001,1,16,40x40,MatchingNetwork,3,3,TKH,BreaKHis_formatted,False,5,4000,5,exp1_permuted_src_datasets
825,441.955462815,4.0,1739258315.1231744,,0.7214546203613281,0.8125,0.001,1,16,40x40,MatchingNetwork,3,3,TKH,BreaKHis_formatted,False,5,4000,5,exp1_permuted_src_datasets
826,441.972888206,4.0,1739258315.14066,,0.6238994598388672,1.0,0.001,1,16,40x40,MatchingNetwork,3,3,TKH,BreaKHis_formatted,False,5,4000,5,exp1_permuted_src_datasets
827,441.994151019,4.0,1739258315.161876,,0.616340696811676,1.0,0.001,1,16,40x40,MatchingNetwork,3,3,TKH,BreaKHis_formatted,False,5,4000,5,exp1_permuted_src_datasets
828,457.713367158,4.0,1739258330.8812146,0.61,,,0.001,1,16,40x40,MatchingNetwork,3,3,TKH,BreaKHis_formatted,False,5,4000,5,exp1_permuted_src_datasets
829,457.728149471,4.0,1739258330.8959453,,0.6909297704696655,1.0,0.001,1,16,40x40,MatchingNetwork,3,3,TKH,BreaKHis_formatted,False,5,4000,5,exp1_permuted_src_datasets
830,457.746166457,4.0,1739258330.9139268,,0.629956841468811,1.0,0.001,1,16,40x40,MatchingNetwork,3,3,TKH,BreaKHis_formatted,False,5,4000,5,exp1_permuted_src_datasets
831,457.763638346,4.0,1739258330.9314284,,0.642702579498291,1.0,0.001,1,16,40x40,MatchingNetwork,3,3,TKH,BreaKHis_formatted,False,5,4000,5,exp1_permuted_src_datasets
832,457.788673036,4.0,1739258330.9564645,,0.6221624612808228,1.0,0.001,1,16,40x40,MatchingNetwork,3,3,TKH,BreaKHis_formatted,False,5,4000,5,exp1_permuted_src_datasets
833,457.807570511,4.0,1739258330.9753146,,0.614883303642273,1.0,0.001,1,16,40x40,MatchingNetwork,3,3,TKH,BreaKHis_formatted,False,5,4000,5,exp1_permuted_src_datasets
834,457.825582576,4.0,1739258330.9933248,,0.6314185261726379,1.0,0.001,1,16,40x40,MatchingNetwork,3,3,TKH,BreaKHis_formatted,False,5,4000,5,exp1_permuted_src_datasets
835,457.845134797,4.0,1739258331.0128894,,0.7085241079330444,1.0,0.001,1,16,40x40,MatchingNetwork,3,3,TKH,BreaKHis_formatted,False,5,4000,5,exp1_permuted_src_datasets
836,457.86270156,4.0,1739258331.0304866,,0.6375569105148315,1.0,0.001,1,16,40x40,MatchingNetwork,3,3,TKH,BreaKHis_formatted,False,5,4000,5,exp1_permuted_src_datasets
837,457.879843236,4.0,1739258331.0476408,,0.66950923204422,1.0,0.001,1,16,40x40,MatchingNetwork,3,3,TKH,BreaKHis_formatted,False,5,4000,5,exp1_permuted_src_datasets
838,457.898002259,4.0,1739258331.0657423,,0.6169853806495667,1.0,0.001,1,16,40x40,MatchingNetwork,3,3,TKH,BreaKHis_formatted,False,5,4000,5,exp1_permuted_src_datasets
839,457.915745353,4.0,1739258331.08348,,0.6494028568267822,1.0,0.001,1,16,40x40,MatchingNetwork,3,3,TKH,BreaKHis_formatted,False,5,4000,5,exp1_permuted_src_datasets
840,457.933247855,4.0,1739258331.1009989,,0.6524858474731445,1.0,0.001,1,16,40x40,MatchingNetwork,3,3,TKH,BreaKHis_formatted,False,5,4000,5,exp1_permuted_src_datasets
841,457.95076376,4.0,1739258331.1184926,,0.6303466558456421,1.0,0.001,1,16,40x40,MatchingNetwork,3,3,TKH,BreaKHis_formatted,False,5,4000,5,exp1_permuted_src_datasets
842,457.968491395,4.0,1739258331.1362033,,0.6236298084259033,1.0,0.001,1,16,40x40,MatchingNetwork,3,3,TKH,BreaKHis_formatted,False,5,4000,5,exp1_permuted_src_datasets
843,457.985764464,4.0,1739258331.15354,,0.6195382475852966,1.0,0.001,1,16,40x40,MatchingNetwork,3,3,TKH,BreaKHis_formatted,False,5,4000,5,exp1_permuted_src_datasets
844,458.002882593,4.0,1739258331.1706762,,0.6236785650253296,1.0,0.001,1,16,40x40,MatchingNetwork,3,3,TKH,BreaKHis_formatted,False,5,4000,5,exp1_permuted_src_datasets
845,458.020075706,4.0,1739258331.187884,,0.6410371661186218,1.0,0.001,1,16,40x40,MatchingNetwork,3,3,TKH,BreaKHis_formatted,False,5,4000,5,exp1_permuted_src_datasets
846,458.037347236,4.0,1739258331.205135,,0.6220170259475708,1.0,0.001,1,16,40x40,MatchingNetwork,3,3,TKH,BreaKHis_formatted,False,5,4000,5,exp1_permuted_src_datasets
847,458.054409975,4.0,1739258331.2221863,,0.6078435778617859,1.0,0.001,1,16,40x40,MatchingNetwork,3,3,TKH,BreaKHis_formatted,False,5,4000,5,exp1_permuted_src_datasets
848,458.071543971,4.0,1739258331.239342,,0.6836534738540649,0.9375,0.001,1,16,40x40,MatchingNetwork,3,3,TKH,BreaKHis_formatted,False,5,4000,5,exp1_permuted_src_datasets
849,458.088987678,4.0,1739258331.2566965,,0.6336137056350708,1.0,0.001,1,16,40x40,MatchingNetwork,3,3,TKH,BreaKHis_formatted,False,5,4000,5,exp1_permuted_src_datasets
850,458.106319639,4.0,1739258331.2741027,,0.6953331828117371,0.9375,0.001,1,16,40x40,MatchingNetwork,3,3,TKH,BreaKHis_formatted,False,5,4000,5,exp1_permuted_src_datasets
851,458.12349001,4.0,1739258331.2912211,,0.6170415878295898,1.0,0.001,1,16,40x40,MatchingNetwork,3,3,TKH,BreaKHis_formatted,False,5,4000,5,exp1_permuted_src_datasets
852,458.140792962,4.0,1739258331.3085055,,0.6560134887695312,0.9375,0.001,1,16,40x40,MatchingNetwork,3,3,TKH,BreaKHis_formatted,False,5,4000,5,exp1_permuted_src_datasets
853,458.158562255,4.0,1739258331.3263576,,0.6369257569313049,1.0,0.001,1,16,40x40,MatchingNetwork,3,3,TKH,BreaKHis_formatted,False,5,4000,5,exp1_permuted_src_datasets
854,458.176212739,4.0,1739258331.3439596,,0.6031743884086609,1.0,0.001,1,16,40x40,MatchingNetwork,3,3,TKH,BreaKHis_formatted,False,5,4000,5,exp1_permuted_src_datasets
855,458.193412518,4.0,1739258331.3611798,,0.6526918411254883,0.9375,0.001,1,16,40x40,MatchingNetwork,3,3,TKH,BreaKHis_formatted,False,5,4000,5,exp1_permuted_src_datasets
856,458.210104835,4.0,1739258331.3778934,,0.6195921301841736,1.0,0.001,1,16,40x40,MatchingNetwork,3,3,TKH,BreaKHis_formatted,False,5,4000,5,exp1_permuted_src_datasets
857,458.227443385,4.0,1739258331.3952308,,0.603020966053009,1.0,0.001,1,16,40x40,MatchingNetwork,3,3,TKH,BreaKHis_formatted,False,5,4000,5,exp1_permuted_src_datasets
858,458.244970073,4.0,1739258331.4127562,,0.6125320196151733,1.0,0.001,1,16,40x40,MatchingNetwork,3,3,TKH,BreaKHis_formatted,False,5,4000,5,exp1_permuted_src_datasets
859,458.262253342,4.0,1739258331.429997,,0.5920869708061218,1.0,0.001,1,16,40x40,MatchingNetwork,3,3,TKH,BreaKHis_formatted,False,5,4000,5,exp1_permuted_src_datasets
860,458.279532685,4.0,1739258331.4473178,,0.6051684617996216,1.0,0.001,1,16,40x40,MatchingNetwork,3,3,TKH,BreaKHis_formatted,False,5,4000,5,exp1_permuted_src_datasets
861,458.296842146,4.0,1739258331.4645827,,0.658730149269104,1.0,0.001,1,16,40x40,MatchingNetwork,3,3,TKH,BreaKHis_formatted,False,5,4000,5,exp1_permuted_src_datasets
862,458.313818007,4.0,1739258331.4815962,,0.6039660573005676,1.0,0.001,1,16,40x40,MatchingNetwork,3,3,TKH,BreaKHis_formatted,False,5,4000,5,exp1_permuted_src_datasets
863,458.330598875,4.0,1739258331.4983728,,0.6430162191390991,1.0,0.001,1,16,40x40,MatchingNetwork,3,3,TKH,BreaKHis_formatted,False,5,4000,5,exp1_permuted_src_datasets
864,458.34792687,4.0,1739258331.5156982,,0.6205675005912781,1.0,0.001,1,16,40x40,MatchingNetwork,3,3,TKH,BreaKHis_formatted,False,5,4000,5,exp1_permuted_src_datasets
865,458.365131979,4.0,1739258331.532946,,0.6012473106384277,1.0,0.001,1,16,40x40,MatchingNetwork,3,3,TKH,BreaKHis_formatted,False,5,4000,5,exp1_permuted_src_datasets
866,458.382611061,4.0,1739258331.550403,,0.6174981594085693,1.0,0.001,1,16,40x40,MatchingNetwork,3,3,TKH,BreaKHis_formatted,False,5,4000,5,exp1_permuted_src_datasets
867,458.399697393,4.0,1739258331.5674798,,0.6211371421813965,1.0,0.001,1,16,40x40,MatchingNetwork,3,3,TKH,BreaKHis_formatted,False,5,4000,5,exp1_permuted_src_datasets
868,458.416837118,4.0,1739258331.5845892,,0.6010135412216187,1.0,0.001,1,16,40x40,MatchingNetwork,3,3,TKH,BreaKHis_formatted,False,5,4000,5,exp1_permuted_src_datasets
869,458.434678032,4.0,1739258331.602442,,0.6282488703727722,1.0,0.001,1,16,40x40,MatchingNetwork,3,3,TKH,BreaKHis_formatted,False,5,4000,5,exp1_permuted_src_datasets
870,458.452163088,4.0,1739258331.6199555,,0.6043393015861511,1.0,0.001,1,16,40x40,MatchingNetwork,3,3,TKH,BreaKHis_formatted,False,5,4000,5,exp1_permuted_src_datasets
871,458.470949596,4.0,1739258331.638657,,0.6683679819107056,1.0,0.001,1,16,40x40,MatchingNetwork,3,3,TKH,BreaKHis_formatted,False,5,4000,5,exp1_permuted_src_datasets
872,458.488779392,4.0,1739258331.6565392,,0.6055658459663391,1.0,0.001,1,16,40x40,MatchingNetwork,3,3,TKH,BreaKHis_formatted,False,5,4000,5,exp1_permuted_src_datasets
873,458.506131891,4.0,1739258331.673906,,0.6048078536987305,1.0,0.001,1,16,40x40,MatchingNetwork,3,3,TKH,BreaKHis_formatted,False,5,4000,5,exp1_permuted_src_datasets
874,458.523583564,4.0,1739258331.6913846,,0.6379810571670532,1.0,0.001,1,16,40x40,MatchingNetwork,3,3,TKH,BreaKHis_formatted,False,5,4000,5,exp1_permuted_src_datasets
875,458.541119227,4.0,1739258331.7088525,,0.6526924967765808,1.0,0.001,1,16,40x40,MatchingNetwork,3,3,TKH,BreaKHis_formatted,False,5,4000,5,exp1_permuted_src_datasets
876,458.558352871,4.0,1739258331.7261412,,0.5971975326538086,1.0,0.001,1,16,40x40,MatchingNetwork,3,3,TKH,BreaKHis_formatted,False,5,4000,5,exp1_permuted_src_datasets
877,458.576287681,4.0,1739258331.7440982,,0.5924898982048035,1.0,0.001,1,16,40x40,MatchingNetwork,3,3,TKH,BreaKHis_formatted,False,5,4000,5,exp1_permuted_src_datasets
878,458.593591411,4.0,1739258331.7613773,,0.6265531182289124,1.0,0.001,1,16,40x40,MatchingNetwork,3,3,TKH,BreaKHis_formatted,False,5,4000,5,exp1_permuted_src_datasets
879,458.611138203,4.0,1739258331.7788877,,0.6816990375518799,0.9375,0.001,1,16,40x40,MatchingNetwork,3,3,TKH,BreaKHis_formatted,False,5,4000,5,exp1_permuted_src_datasets
880,458.628469939,4.0,1739258331.7962575,,0.596644401550293,1.0,0.001,1,16,40x40,MatchingNetwork,3,3,TKH,BreaKHis_formatted,False,5,4000,5,exp1_permuted_src_datasets
881,458.646195266,4.0,1739258331.813967,,0.599085807800293,1.0,0.001,1,16,40x40,MatchingNetwork,3,3,TKH,BreaKHis_formatted,False,5,4000,5,exp1_permuted_src_datasets
882,458.663196792,4.0,1739258331.8309798,,0.6092926859855652,1.0,0.001,1,16,40x40,MatchingNetwork,3,3,TKH,BreaKHis_formatted,False,5,4000,5,exp1_permuted_src_datasets
883,458.680237394,4.0,1739258331.8480453,,0.5902212262153625,1.0,0.001,1,16,40x40,MatchingNetwork,3,3,TKH,BreaKHis_formatted,False,5,4000,5,exp1_permuted_src_datasets
884,458.706735755,4.0,1739258331.87445,,0.6089351177215576,1.0,0.001,1,16,40x40,MatchingNetwork,3,3,TKH,BreaKHis_formatted,False,5,4000,5,exp1_permuted_src_datasets
885,458.725107286,4.0,1739258331.8927839,,0.5994049310684204,1.0,0.001,1,16,40x40,MatchingNetwork,3,3,TKH,BreaKHis_formatted,False,5,4000,5,exp1_permuted_src_datasets
886,458.742347795,4.0,1739258331.9100993,,0.5874384641647339,1.0,0.001,1,16,40x40,MatchingNetwork,3,3,TKH,BreaKHis_formatted,False,5,4000,5,exp1_permuted_src_datasets
887,458.75925476,4.0,1739258331.927038,,0.6019382476806641,1.0,0.001,1,16,40x40,MatchingNetwork,3,3,TKH,BreaKHis_formatted,False,5,4000,5,exp1_permuted_src_datasets
888,458.776302636,4.0,1739258331.9441,,0.610982358455658,1.0,0.001,1,16,40x40,MatchingNetwork,3,3,TKH,BreaKHis_formatted,False,5,4000,5,exp1_permuted_src_datasets
889,458.793739155,4.0,1739258331.9614918,,0.610361635684967,1.0,0.001,1,16,40x40,MatchingNetwork,3,3,TKH,BreaKHis_formatted,False,5,4000,5,exp1_permuted_src_datasets
890,458.810958295,4.0,1739258331.97875,,0.604560136795044,1.0,0.001,1,16,40x40,MatchingNetwork,3,3,TKH,BreaKHis_formatted,False,5,4000,5,exp1_permuted_src_datasets
891,475.104833972,4.0,1739258348.2726943,0.621,,,0.001,1,16,40x40,MatchingNetwork,3,3,TKH,BreaKHis_formatted,False,5,4000,5,exp1_permuted_src_datasets
892,475.119355235,4.0,1739258348.2871523,,0.5960489511489868,1.0,0.001,1,16,40x40,MatchingNetwork,3,3,TKH,BreaKHis_formatted,False,5,4000,5,exp1_permuted_src_datasets
893,475.13699004,4.0,1739258348.3045394,,0.5943799018859863,1.0,0.001,1,16,40x40,MatchingNetwork,3,3,TKH,BreaKHis_formatted,False,5,4000,5,exp1_permuted_src_datasets
894,475.154243442,4.0,1739258348.322038,,0.5936031341552734,1.0,0.001,1,16,40x40,MatchingNetwork,3,3,TKH,BreaKHis_formatted,False,5,4000,5,exp1_permuted_src_datasets
895,475.171502387,4.0,1739258348.3392832,,0.6055794954299927,1.0,0.001,1,16,40x40,MatchingNetwork,3,3,TKH,BreaKHis_formatted,False,5,4000,5,exp1_permuted_src_datasets
896,475.188641353,4.0,1739258348.3564103,,0.6251910924911499,1.0,0.001,1,16,40x40,MatchingNetwork,3,3,TKH,BreaKHis_formatted,False,5,4000,5,exp1_permuted_src_datasets
897,475.205766732,4.0,1739258348.3735743,,0.5960842370986938,1.0,0.001,1,16,40x40,MatchingNetwork,3,3,TKH,BreaKHis_formatted,False,5,4000,5,exp1_permuted_src_datasets
898,475.22306308,4.0,1739258348.3908582,,0.6039943099021912,1.0,0.001,1,16,40x40,MatchingNetwork,3,3,TKH,BreaKHis_formatted,False,5,4000,5,exp1_permuted_src_datasets
899,475.249318423,4.0,1739258348.4170654,,0.6112439632415771,1.0,0.001,1,16,40x40,MatchingNetwork,3,3,TKH,BreaKHis_formatted,False,5,4000,5,exp1_permuted_src_datasets
900,475.26668021,4.0,1739258348.4344363,,0.6387283205986023,1.0,0.001,1,16,40x40,MatchingNetwork,3,3,TKH,BreaKHis_formatted,False,5,4000,5,exp1_permuted_src_datasets
901,475.2838484,4.0,1739258348.4516416,,0.6002686023712158,1.0,0.001,1,16,40x40,MatchingNetwork,3,3,TKH,BreaKHis_formatted,False,5,4000,5,exp1_permuted_src_datasets
902,475.300665554,4.0,1739258348.4684634,,0.5983203649520874,1.0,0.001,1,16,40x40,MatchingNetwork,3,3,TKH,BreaKHis_formatted,False,5,4000,5,exp1_permuted_src_datasets
903,475.317275925,4.0,1739258348.4850786,,0.6087079644203186,1.0,0.001,1,16,40x40,MatchingNetwork,3,3,TKH,BreaKHis_formatted,False,5,4000,5,exp1_permuted_src_datasets
904,475.334684799,4.0,1739258348.5024693,,0.588871419429779,1.0,0.001,1,16,40x40,MatchingNetwork,3,3,TKH,BreaKHis_formatted,False,5,4000,5,exp1_permuted_src_datasets
905,475.351456535,4.0,1739258348.5192368,,0.5941300988197327,1.0,0.001,1,16,40x40,MatchingNetwork,3,3,TKH,BreaKHis_formatted,False,5,4000,5,exp1_permuted_src_datasets
906,475.368212638,4.0,1739258348.536004,,0.6066315770149231,1.0,0.001,1,16,40x40,MatchingNetwork,3,3,TKH,BreaKHis_formatted,False,5,4000,5,exp1_permuted_src_datasets
907,475.384782397,4.0,1739258348.5525775,,0.6151760220527649,0.9375,0.001,1,16,40x40,MatchingNetwork,3,3,TKH,BreaKHis_formatted,False,5,4000,5,exp1_permuted_src_datasets
908,475.404009151,4.0,1739258348.5717564,,0.6074132323265076,1.0,0.001,1,16,40x40,MatchingNetwork,3,3,TKH,BreaKHis_formatted,False,5,4000,5,exp1_permuted_src_datasets
909,475.432777744,4.0,1739258348.6005025,,0.6125632524490356,1.0,0.001,1,16,40x40,MatchingNetwork,3,3,TKH,BreaKHis_formatted,False,5,4000,5,exp1_permuted_src_datasets
910,475.460495098,4.0,1739258348.6282299,,0.59720379114151,1.0,0.001,1,16,40x40,MatchingNetwork,3,3,TKH,BreaKHis_formatted,False,5,4000,5,exp1_permuted_src_datasets
911,475.477562329,4.0,1739258348.6453555,,0.6075701117515564,1.0,0.001,1,16,40x40,MatchingNetwork,3,3,TKH,BreaKHis_formatted,False,5,4000,5,exp1_permuted_src_datasets
912,475.494386423,4.0,1739258348.6621614,,0.6037492752075195,1.0,0.001,1,16,40x40,MatchingNetwork,3,3,TKH,BreaKHis_formatted,False,5,4000,5,exp1_permuted_src_datasets
913,475.510885863,4.0,1739258348.6786983,,0.5935145616531372,1.0,0.001,1,16,40x40,MatchingNetwork,3,3,TKH,BreaKHis_formatted,False,5,4000,5,exp1_permuted_src_datasets
914,475.527503291,4.0,1739258348.6952918,,0.6039642095565796,1.0,0.001,1,16,40x40,MatchingNetwork,3,3,TKH,BreaKHis_formatted,False,5,4000,5,exp1_permuted_src_datasets
915,475.544096078,4.0,1739258348.711901,,0.5878720879554749,1.0,0.001,1,16,40x40,MatchingNetwork,3,3,TKH,BreaKHis_formatted,False,5,4000,5,exp1_permuted_src_datasets
916,475.56091973,4.0,1739258348.7287347,,0.5875672101974487,1.0,0.001,1,16,40x40,MatchingNetwork,3,3,TKH,BreaKHis_formatted,False,5,4000,5,exp1_permuted_src_datasets
917,475.577293416,4.0,1739258348.7450745,,0.6095790863037109,1.0,0.001,1,16,40x40,MatchingNetwork,3,3,TKH,BreaKHis_formatted,False,5,4000,5,exp1_permuted_src_datasets
918,475.594626917,4.0,1739258348.7624426,,0.5901642441749573,1.0,0.001,1,16,40x40,MatchingNetwork,3,3,TKH,BreaKHis_formatted,False,5,4000,5,exp1_permuted_src_datasets
919,475.611026142,4.0,1739258348.7788146,,0.6026298999786377,1.0,0.001,1,16,40x40,MatchingNetwork,3,3,TKH,BreaKHis_formatted,False,5,4000,5,exp1_permuted_src_datasets
920,475.627925301,4.0,1739258348.7956882,,0.5995212197303772,1.0,0.001,1,16,40x40,MatchingNetwork,3,3,TKH,BreaKHis_formatted,False,5,4000,5,exp1_permuted_src_datasets
921,475.644413352,4.0,1739258348.812205,,0.5954252481460571,1.0,0.001,1,16,40x40,MatchingNetwork,3,3,TKH,BreaKHis_formatted,False,5,4000,5,exp1_permuted_src_datasets
922,475.660888917,4.0,1739258348.8287046,,0.6042701601982117,1.0,0.001,1,16,40x40,MatchingNetwork,3,3,TKH,BreaKHis_formatted,False,5,4000,5,exp1_permuted_src_datasets
923,475.677405581,4.0,1739258348.845163,,0.662048876285553,1.0,0.001,1,16,40x40,MatchingNetwork,3,3,TKH,BreaKHis_formatted,False,5,4000,5,exp1_permuted_src_datasets
924,475.693808695,4.0,1739258348.8616061,,0.5944864153862,1.0,0.001,1,16,40x40,MatchingNetwork,3,3,TKH,BreaKHis_formatted,False,5,4000,5,exp1_permuted_src_datasets
925,475.710040841,4.0,1739258348.877828,,0.6005831956863403,1.0,0.001,1,16,40x40,MatchingNetwork,3,3,TKH,BreaKHis_formatted,False,5,4000,5,exp1_permuted_src_datasets
926,475.726288697,4.0,1739258348.894094,,0.5976578593254089,1.0,0.001,1,16,40x40,MatchingNetwork,3,3,TKH,BreaKHis_formatted,False,5,4000,5,exp1_permuted_src_datasets
927,475.743116849,4.0,1739258348.9109156,,0.5922056436538696,1.0,0.001,1,16,40x40,MatchingNetwork,3,3,TKH,BreaKHis_formatted,False,5,4000,5,exp1_permuted_src_datasets
928,475.762589244,4.0,1739258348.9303994,,0.5948085188865662,1.0,0.001,1,16,40x40,MatchingNetwork,3,3,TKH,BreaKHis_formatted,False,5,4000,5,exp1_permuted_src_datasets
929,475.779242748,4.0,1739258348.947005,,0.5897743701934814,1.0,0.001,1,16,40x40,MatchingNetwork,3,3,TKH,BreaKHis_formatted,False,5,4000,5,exp1_permuted_src_datasets
930,475.801797163,4.0,1739258348.9695625,,0.5882607698440552,1.0,0.001,1,16,40x40,MatchingNetwork,3,3,TKH,BreaKHis_formatted,False,5,4000,5,exp1_permuted_src_datasets
931,475.818916671,4.0,1739258348.986675,,0.6008217334747314,1.0,0.001,1,16,40x40,MatchingNetwork,3,3,TKH,BreaKHis_formatted,False,5,4000,5,exp1_permuted_src_datasets
932,475.835621033,4.0,1739258349.003391,,0.5930740833282471,1.0,0.001,1,16,40x40,MatchingNetwork,3,3,TKH,BreaKHis_formatted,False,5,4000,5,exp1_permuted_src_datasets
933,475.852123345,4.0,1739258349.0198886,,0.5969135761260986,1.0,0.001,1,16,40x40,MatchingNetwork,3,3,TKH,BreaKHis_formatted,False,5,4000,5,exp1_permuted_src_datasets
934,475.869348319,4.0,1739258349.0371504,,0.5978693962097168,1.0,0.001,1,16,40x40,MatchingNetwork,3,3,TKH,BreaKHis_formatted,False,5,4000,5,exp1_permuted_src_datasets
935,475.886112317,4.0,1739258349.0538797,,0.596598207950592,1.0,0.001,1,16,40x40,MatchingNetwork,3,3,TKH,BreaKHis_formatted,False,5,4000,5,exp1_permuted_src_datasets
936,475.902914014,4.0,1739258349.0706923,,0.6038027405738831,1.0,0.001,1,16,40x40,MatchingNetwork,3,3,TKH,BreaKHis_formatted,False,5,4000,5,exp1_permuted_src_datasets
937,475.919539983,4.0,1739258349.0873504,,0.6063140630722046,1.0,0.001,1,16,40x40,MatchingNetwork,3,3,TKH,BreaKHis_formatted,False,5,4000,5,exp1_permuted_src_datasets
938,475.935757826,4.0,1739258349.1035678,,0.6251490712165833,1.0,0.001,1,16,40x40,MatchingNetwork,3,3,TKH,BreaKHis_formatted,False,5,4000,5,exp1_permuted_src_datasets
939,475.953634629,4.0,1739258349.121414,,0.6338152289390564,1.0,0.001,1,16,40x40,MatchingNetwork,3,3,TKH,BreaKHis_formatted,False,5,4000,5,exp1_permuted_src_datasets
940,475.979799846,4.0,1739258349.1475496,,0.5937893390655518,1.0,0.001,1,16,40x40,MatchingNetwork,3,3,TKH,BreaKHis_formatted,False,5,4000,5,exp1_permuted_src_datasets
941,475.997019265,4.0,1739258349.164787,,0.6124714016914368,1.0,0.001,1,16,40x40,MatchingNetwork,3,3,TKH,BreaKHis_formatted,False,5,4000,5,exp1_permuted_src_datasets
942,476.014601589,4.0,1739258349.1823993,,0.5876859426498413,1.0,0.001,1,16,40x40,MatchingNetwork,3,3,TKH,BreaKHis_formatted,False,5,4000,5,exp1_permuted_src_datasets
943,476.031410073,4.0,1739258349.1991735,,0.6432589888572693,1.0,0.001,1,16,40x40,MatchingNetwork,3,3,TKH,BreaKHis_formatted,False,5,4000,5,exp1_permuted_src_datasets
944,476.048008259,4.0,1739258349.2157907,,0.6016522645950317,1.0,0.001,1,16,40x40,MatchingNetwork,3,3,TKH,BreaKHis_formatted,False,5,4000,5,exp1_permuted_src_datasets
945,476.06516671,4.0,1739258349.2328641,,0.5957831740379333,1.0,0.001,1,16,40x40,MatchingNetwork,3,3,TKH,BreaKHis_formatted,False,5,4000,5,exp1_permuted_src_datasets
946,476.082117999,4.0,1739258349.249871,,0.6012592315673828,1.0,0.001,1,16,40x40,MatchingNetwork,3,3,TKH,BreaKHis_formatted,False,5,4000,5,exp1_permuted_src_datasets
947,476.098740976,4.0,1739258349.266488,,0.5909352898597717,1.0,0.001,1,16,40x40,MatchingNetwork,3,3,TKH,BreaKHis_formatted,False,5,4000,5,exp1_permuted_src_datasets
948,476.115005061,4.0,1739258349.2827566,,0.6059741377830505,1.0,0.001,1,16,40x40,MatchingNetwork,3,3,TKH,BreaKHis_formatted,False,5,4000,5,exp1_permuted_src_datasets
949,476.13199045,4.0,1739258349.2997687,,0.5927885174751282,1.0,0.001,1,16,40x40,MatchingNetwork,3,3,TKH,BreaKHis_formatted,False,5,4000,5,exp1_permuted_src_datasets
950,476.149554431,4.0,1739258349.3173313,,0.5930452942848206,1.0,0.001,1,16,40x40,MatchingNetwork,3,3,TKH,BreaKHis_formatted,False,5,4000,5,exp1_permuted_src_datasets
951,476.16661857,4.0,1739258349.3343804,,0.5852468609809875,1.0,0.001,1,16,40x40,MatchingNetwork,3,3,TKH,BreaKHis_formatted,False,5,4000,5,exp1_permuted_src_datasets
952,476.183237299,4.0,1739258349.3510246,,0.6202560067176819,1.0,0.001,1,16,40x40,MatchingNetwork,3,3,TKH,BreaKHis_formatted,False,5,4000,5,exp1_permuted_src_datasets
953,476.199840288,4.0,1739258349.3676438,,0.5883879065513611,1.0,0.001,1,16,40x40,MatchingNetwork,3,3,TKH,BreaKHis_formatted,False,5,4000,5,exp1_permuted_src_datasets
954,491.850631695,4.0,1739258365.0184937,0.62,,,0.001,1,16,40x40,MatchingNetwork,3,3,TKH,BreaKHis_formatted,False,5,4000,5,exp1_permuted_src_datasets
