_step,_runtime,bootstrap_iter,_timestamp,ft_eval_acc,ft_loss,ft_acc,lr,epochs,batch_size,input_size,model_type,n_way_test,n_way_train,tgt_dataset,src_datasets,fixed_support,samples_per_class,num_total_episodes,num_bootstrap_iters,exp_name
0,6.189864132,2.0,1739101462.2669106,,,,0.001,1,16,40x40,PrototypicalNetwork,5,5,Greek,miniImageNet_SOTA_trainSet,False,5,4000,5,exp1_permuted_src_datasets
1,1216.277857824,2.0,1739102672.3550196,0.8474999995231628,,,0.001,1,16,40x40,PrototypicalNetwork,5,5,Greek,miniImageNet_SOTA_trainSet,False,5,4000,5,exp1_permuted_src_datasets
2,1216.33274098,2.0,1739102672.4096863,,0.20286354422569275,0.9750000238418579,0.001,1,16,40x40,PrototypicalNetwork,5,5,Greek,miniImageNet_SOTA_trainSet,False,5,4000,5,exp1_permuted_src_datasets
3,1216.454633501,2.0,1739102672.531493,,0.16055813431739807,0.949999988079071,0.001,1,16,40x40,PrototypicalNetwork,5,5,Greek,miniImageNet_SOTA_trainSet,False,5,4000,5,exp1_permuted_src_datasets
4,1216.502056936,2.0,1739102672.5790658,,0.10505934059619904,0.987500011920929,0.001,1,16,40x40,PrototypicalNetwork,5,5,Greek,miniImageNet_SOTA_trainSet,False,5,4000,5,exp1_permuted_src_datasets
5,1216.563146157,2.0,1739102672.6401622,,0.0653388574719429,1.0,0.001,1,16,40x40,PrototypicalNetwork,5,5,Greek,miniImageNet_SOTA_trainSet,False,5,4000,5,exp1_permuted_src_datasets
6,1216.617170283,2.0,1739102672.6941924,,0.031410638242959976,1.0,0.001,1,16,40x40,PrototypicalNetwork,5,5,Greek,miniImageNet_SOTA_trainSet,False,5,4000,5,exp1_permuted_src_datasets
7,1216.666777115,2.0,1739102672.743753,,0.02242995798587799,1.0,0.001,1,16,40x40,PrototypicalNetwork,5,5,Greek,miniImageNet_SOTA_trainSet,False,5,4000,5,exp1_permuted_src_datasets
8,1216.710944489,2.0,1739102672.7879393,,0.009558819234371185,1.0,0.001,1,16,40x40,PrototypicalNetwork,5,5,Greek,miniImageNet_SOTA_trainSet,False,5,4000,5,exp1_permuted_src_datasets
9,1216.784705878,2.0,1739102672.8616614,,0.006150468252599239,1.0,0.001,1,16,40x40,PrototypicalNetwork,5,5,Greek,miniImageNet_SOTA_trainSet,False,5,4000,5,exp1_permuted_src_datasets
10,1216.84004111,2.0,1739102672.9170492,,0.005258257035166025,1.0,0.001,1,16,40x40,PrototypicalNetwork,5,5,Greek,miniImageNet_SOTA_trainSet,False,5,4000,5,exp1_permuted_src_datasets
11,1216.906289481,2.0,1739102672.9832869,,0.003035859437659383,1.0,0.001,1,16,40x40,PrototypicalNetwork,5,5,Greek,miniImageNet_SOTA_trainSet,False,5,4000,5,exp1_permuted_src_datasets
12,1216.950953192,2.0,1739102673.0279753,,0.002012644661590457,1.0,0.001,1,16,40x40,PrototypicalNetwork,5,5,Greek,miniImageNet_SOTA_trainSet,False,5,4000,5,exp1_permuted_src_datasets
13,1217.017647402,2.0,1739102673.0946522,,0.0013027616078034043,1.0,0.001,1,16,40x40,PrototypicalNetwork,5,5,Greek,miniImageNet_SOTA_trainSet,False,5,4000,5,exp1_permuted_src_datasets
14,1217.067396955,2.0,1739102673.1443915,,0.001181910396553576,1.0,0.001,1,16,40x40,PrototypicalNetwork,5,5,Greek,miniImageNet_SOTA_trainSet,False,5,4000,5,exp1_permuted_src_datasets
15,1217.134391377,2.0,1739102673.2113914,,0.0007532567833550274,1.0,0.001,1,16,40x40,PrototypicalNetwork,5,5,Greek,miniImageNet_SOTA_trainSet,False,5,4000,5,exp1_permuted_src_datasets
16,1217.19109724,2.0,1739102673.2681174,,0.0006307527655735612,1.0,0.001,1,16,40x40,PrototypicalNetwork,5,5,Greek,miniImageNet_SOTA_trainSet,False,5,4000,5,exp1_permuted_src_datasets
17,1217.251184129,2.0,1739102673.3281922,,0.0004664563457481563,1.0,0.001,1,16,40x40,PrototypicalNetwork,5,5,Greek,miniImageNet_SOTA_trainSet,False,5,4000,5,exp1_permuted_src_datasets
18,1217.302438402,2.0,1739102673.3794196,,0.00031443097395822406,1.0,0.001,1,16,40x40,PrototypicalNetwork,5,5,Greek,miniImageNet_SOTA_trainSet,False,5,4000,5,exp1_permuted_src_datasets
19,1217.35416124,2.0,1739102673.4311774,,0.00028145776013843715,1.0,0.001,1,16,40x40,PrototypicalNetwork,5,5,Greek,miniImageNet_SOTA_trainSet,False,5,4000,5,exp1_permuted_src_datasets
20,1217.405960841,2.0,1739102673.4829454,,0.00021305473637767136,1.0,0.001,1,16,40x40,PrototypicalNetwork,5,5,Greek,miniImageNet_SOTA_trainSet,False,5,4000,5,exp1_permuted_src_datasets
21,1217.456695823,2.0,1739102673.533711,,0.0002212718391092494,1.0,0.001,1,16,40x40,PrototypicalNetwork,5,5,Greek,miniImageNet_SOTA_trainSet,False,5,4000,5,exp1_permuted_src_datasets
22,1217.512658615,2.0,1739102673.5896533,,0.00017999440024141222,1.0,0.001,1,16,40x40,PrototypicalNetwork,5,5,Greek,miniImageNet_SOTA_trainSet,False,5,4000,5,exp1_permuted_src_datasets
23,1217.566928759,2.0,1739102673.6439595,,0.00014485772408079356,1.0,0.001,1,16,40x40,PrototypicalNetwork,5,5,Greek,miniImageNet_SOTA_trainSet,False,5,4000,5,exp1_permuted_src_datasets
24,1217.619866895,2.0,1739102673.6967833,,0.00011207580246264115,1.0,0.001,1,16,40x40,PrototypicalNetwork,5,5,Greek,miniImageNet_SOTA_trainSet,False,5,4000,5,exp1_permuted_src_datasets
25,1217.677385863,2.0,1739102673.7544127,,0.00010876576561713591,1.0,0.001,1,16,40x40,PrototypicalNetwork,5,5,Greek,miniImageNet_SOTA_trainSet,False,5,4000,5,exp1_permuted_src_datasets
26,1217.736424032,2.0,1739102673.8134177,,0.00027570041129365563,1.0,0.001,1,16,40x40,PrototypicalNetwork,5,5,Greek,miniImageNet_SOTA_trainSet,False,5,4000,5,exp1_permuted_src_datasets
27,1217.803535787,2.0,1739102673.880478,,0.0001310064399149269,1.0,0.001,1,16,40x40,PrototypicalNetwork,5,5,Greek,miniImageNet_SOTA_trainSet,False,5,4000,5,exp1_permuted_src_datasets
28,1217.863829003,2.0,1739102673.9408116,,7.166348223108798e-05,1.0,0.001,1,16,40x40,PrototypicalNetwork,5,5,Greek,miniImageNet_SOTA_trainSet,False,5,4000,5,exp1_permuted_src_datasets
29,1217.925954226,2.0,1739102674.0029294,,6.908360228408128e-05,1.0,0.001,1,16,40x40,PrototypicalNetwork,5,5,Greek,miniImageNet_SOTA_trainSet,False,5,4000,5,exp1_permuted_src_datasets
30,1217.981026022,2.0,1739102674.0580475,,8.750660344958305e-05,1.0,0.001,1,16,40x40,PrototypicalNetwork,5,5,Greek,miniImageNet_SOTA_trainSet,False,5,4000,5,exp1_permuted_src_datasets
31,1218.058577823,2.0,1739102674.1355445,,7.512092270189896e-05,1.0,0.001,1,16,40x40,PrototypicalNetwork,5,5,Greek,miniImageNet_SOTA_trainSet,False,5,4000,5,exp1_permuted_src_datasets
32,1218.119810722,2.0,1739102674.1966121,,8.167173655238003e-05,1.0,0.001,1,16,40x40,PrototypicalNetwork,5,5,Greek,miniImageNet_SOTA_trainSet,False,5,4000,5,exp1_permuted_src_datasets
33,1218.198961022,2.0,1739102674.275967,,6.825430318713188e-05,1.0,0.001,1,16,40x40,PrototypicalNetwork,5,5,Greek,miniImageNet_SOTA_trainSet,False,5,4000,5,exp1_permuted_src_datasets
34,1218.251018853,2.0,1739102674.3280137,,5.1051047194050625e-05,1.0,0.001,1,16,40x40,PrototypicalNetwork,5,5,Greek,miniImageNet_SOTA_trainSet,False,5,4000,5,exp1_permuted_src_datasets
35,1218.306362979,2.0,1739102674.3833654,,3.54208932549227e-05,1.0,0.001,1,16,40x40,PrototypicalNetwork,5,5,Greek,miniImageNet_SOTA_trainSet,False,5,4000,5,exp1_permuted_src_datasets
36,1218.360363332,2.0,1739102674.4373713,,4.925842586089857e-05,1.0,0.001,1,16,40x40,PrototypicalNetwork,5,5,Greek,miniImageNet_SOTA_trainSet,False,5,4000,5,exp1_permuted_src_datasets
37,1218.425040142,2.0,1739102674.5020075,,7.644826837349683e-05,1.0,0.001,1,16,40x40,PrototypicalNetwork,5,5,Greek,miniImageNet_SOTA_trainSet,False,5,4000,5,exp1_permuted_src_datasets
38,1218.485256952,2.0,1739102674.5622652,,3.202048901584931e-05,1.0,0.001,1,16,40x40,PrototypicalNetwork,5,5,Greek,miniImageNet_SOTA_trainSet,False,5,4000,5,exp1_permuted_src_datasets
39,1218.546179315,2.0,1739102674.6231964,,3.694635597639717e-05,1.0,0.001,1,16,40x40,PrototypicalNetwork,5,5,Greek,miniImageNet_SOTA_trainSet,False,5,4000,5,exp1_permuted_src_datasets
40,1218.606974234,2.0,1739102674.6839254,,6.049029252608307e-05,1.0,0.001,1,16,40x40,PrototypicalNetwork,5,5,Greek,miniImageNet_SOTA_trainSet,False,5,4000,5,exp1_permuted_src_datasets
41,1218.667106874,2.0,1739102674.7440996,,2.5896646548062563e-05,1.0,0.001,1,16,40x40,PrototypicalNetwork,5,5,Greek,miniImageNet_SOTA_trainSet,False,5,4000,5,exp1_permuted_src_datasets
42,1218.719540157,2.0,1739102674.796544,,2.9017130145803094e-05,1.0,0.001,1,16,40x40,PrototypicalNetwork,5,5,Greek,miniImageNet_SOTA_trainSet,False,5,4000,5,exp1_permuted_src_datasets
43,1218.76742553,2.0,1739102674.844342,,3.3863507269416004e-05,1.0,0.001,1,16,40x40,PrototypicalNetwork,5,5,Greek,miniImageNet_SOTA_trainSet,False,5,4000,5,exp1_permuted_src_datasets
44,1218.817536978,2.0,1739102674.8944893,,1.549388798594009e-05,1.0,0.001,1,16,40x40,PrototypicalNetwork,5,5,Greek,miniImageNet_SOTA_trainSet,False,5,4000,5,exp1_permuted_src_datasets
45,1218.871799209,2.0,1739102674.9487166,,3.3493175578769296e-05,1.0,0.001,1,16,40x40,PrototypicalNetwork,5,5,Greek,miniImageNet_SOTA_trainSet,False,5,4000,5,exp1_permuted_src_datasets
46,1218.921186741,2.0,1739102674.998182,,5.3116098570171744e-05,1.0,0.001,1,16,40x40,PrototypicalNetwork,5,5,Greek,miniImageNet_SOTA_trainSet,False,5,4000,5,exp1_permuted_src_datasets
47,1218.986828635,2.0,1739102675.0638442,,2.162578675779514e-05,1.0,0.001,1,16,40x40,PrototypicalNetwork,5,5,Greek,miniImageNet_SOTA_trainSet,False,5,4000,5,exp1_permuted_src_datasets
48,1219.041104572,2.0,1739102675.1181448,,4.3918545998167247e-05,1.0,0.001,1,16,40x40,PrototypicalNetwork,5,5,Greek,miniImageNet_SOTA_trainSet,False,5,4000,5,exp1_permuted_src_datasets
49,1219.094949303,2.0,1739102675.171877,,7.506966358050704e-05,1.0,0.001,1,16,40x40,PrototypicalNetwork,5,5,Greek,miniImageNet_SOTA_trainSet,False,5,4000,5,exp1_permuted_src_datasets
50,1219.14280039,2.0,1739102675.2198243,,2.324757406313438e-05,1.0,0.001,1,16,40x40,PrototypicalNetwork,5,5,Greek,miniImageNet_SOTA_trainSet,False,5,4000,5,exp1_permuted_src_datasets
51,1219.209192612,2.0,1739102675.2860537,,2.9567347155534662e-05,1.0,0.001,1,16,40x40,PrototypicalNetwork,5,5,Greek,miniImageNet_SOTA_trainSet,False,5,4000,5,exp1_permuted_src_datasets
52,1219.274960491,2.0,1739102675.3519871,,3.2768068194855005e-05,1.0,0.001,1,16,40x40,PrototypicalNetwork,5,5,Greek,miniImageNet_SOTA_trainSet,False,5,4000,5,exp1_permuted_src_datasets
53,1219.352713421,2.0,1739102675.4296317,,2.27084838115843e-05,1.0,0.001,1,16,40x40,PrototypicalNetwork,5,5,Greek,miniImageNet_SOTA_trainSet,False,5,4000,5,exp1_permuted_src_datasets
54,1219.396781866,2.0,1739102675.4737961,,1.8327005818719044e-05,1.0,0.001,1,16,40x40,PrototypicalNetwork,5,5,Greek,miniImageNet_SOTA_trainSet,False,5,4000,5,exp1_permuted_src_datasets
55,1219.455001539,2.0,1739102675.5320292,,3.549367465893738e-05,1.0,0.001,1,16,40x40,PrototypicalNetwork,5,5,Greek,miniImageNet_SOTA_trainSet,False,5,4000,5,exp1_permuted_src_datasets
56,1219.516173152,2.0,1739102675.5931735,,1.8010301573667675e-05,1.0,0.001,1,16,40x40,PrototypicalNetwork,5,5,Greek,miniImageNet_SOTA_trainSet,False,5,4000,5,exp1_permuted_src_datasets
57,1219.58298485,2.0,1739102675.65996,,4.258381522959098e-05,1.0,0.001,1,16,40x40,PrototypicalNetwork,5,5,Greek,miniImageNet_SOTA_trainSet,False,5,4000,5,exp1_permuted_src_datasets
58,1219.633656866,2.0,1739102675.7106094,,3.356522211106494e-05,1.0,0.001,1,16,40x40,PrototypicalNetwork,5,5,Greek,miniImageNet_SOTA_trainSet,False,5,4000,5,exp1_permuted_src_datasets
59,1219.699777921,2.0,1739102675.776789,,2.9584498406620696e-05,1.0,0.001,1,16,40x40,PrototypicalNetwork,5,5,Greek,miniImageNet_SOTA_trainSet,False,5,4000,5,exp1_permuted_src_datasets
60,1219.747591453,2.0,1739102675.8246293,,2.129262065864168e-05,1.0,0.001,1,16,40x40,PrototypicalNetwork,5,5,Greek,miniImageNet_SOTA_trainSet,False,5,4000,5,exp1_permuted_src_datasets
61,1219.803935281,2.0,1739102675.8808606,,1.819065073505044e-05,1.0,0.001,1,16,40x40,PrototypicalNetwork,5,5,Greek,miniImageNet_SOTA_trainSet,False,5,4000,5,exp1_permuted_src_datasets
62,1219.853602092,2.0,1739102675.9306424,,2.8911850677104667e-05,1.0,0.001,1,16,40x40,PrototypicalNetwork,5,5,Greek,miniImageNet_SOTA_trainSet,False,5,4000,5,exp1_permuted_src_datasets
63,1219.926415804,2.0,1739102676.0034451,,2.7858102839672938e-05,1.0,0.001,1,16,40x40,PrototypicalNetwork,5,5,Greek,miniImageNet_SOTA_trainSet,False,5,4000,5,exp1_permuted_src_datasets
64,2524.378147406,2.0,1739103980.455317,0.9076999988555908,,,0.001,1,16,40x40,PrototypicalNetwork,5,5,Greek,miniImageNet_SOTA_trainSet,False,5,4000,5,exp1_permuted_src_datasets
65,2524.427941121,2.0,1739103980.5049565,,3.021211887244135e-05,1.0,0.001,1,16,40x40,PrototypicalNetwork,5,5,Greek,miniImageNet_SOTA_trainSet,False,5,4000,5,exp1_permuted_src_datasets
66,2524.486253327,2.0,1739103980.5632129,,2.443215635139495e-05,1.0,0.001,1,16,40x40,PrototypicalNetwork,5,5,Greek,miniImageNet_SOTA_trainSet,False,5,4000,5,exp1_permuted_src_datasets
67,2524.536497777,2.0,1739103980.6134224,,1.964857437997125e-05,1.0,0.001,1,16,40x40,PrototypicalNetwork,5,5,Greek,miniImageNet_SOTA_trainSet,False,5,4000,5,exp1_permuted_src_datasets
68,2524.57873654,2.0,1739103980.6557748,,1.674783561611548e-05,1.0,0.001,1,16,40x40,PrototypicalNetwork,5,5,Greek,miniImageNet_SOTA_trainSet,False,5,4000,5,exp1_permuted_src_datasets
69,2524.634137756,2.0,1739103980.7111313,,6.817003304604441e-05,1.0,0.001,1,16,40x40,PrototypicalNetwork,5,5,Greek,miniImageNet_SOTA_trainSet,False,5,4000,5,exp1_permuted_src_datasets
70,2524.677170669,2.0,1739103980.7541974,,0.00029118539532646537,1.0,0.001,1,16,40x40,PrototypicalNetwork,5,5,Greek,miniImageNet_SOTA_trainSet,False,5,4000,5,exp1_permuted_src_datasets
71,2524.734430601,2.0,1739103980.8114407,,2.4845116058713757e-05,1.0,0.001,1,16,40x40,PrototypicalNetwork,5,5,Greek,miniImageNet_SOTA_trainSet,False,5,4000,5,exp1_permuted_src_datasets
72,2524.775287864,2.0,1739103980.8523192,,1.4857556379865855e-05,1.0,0.001,1,16,40x40,PrototypicalNetwork,5,5,Greek,miniImageNet_SOTA_trainSet,False,5,4000,5,exp1_permuted_src_datasets
73,2524.832810384,2.0,1739103980.9098399,,2.6262310711899772e-05,1.0,0.001,1,16,40x40,PrototypicalNetwork,5,5,Greek,miniImageNet_SOTA_trainSet,False,5,4000,5,exp1_permuted_src_datasets
74,2524.877973826,2.0,1739103980.95498,,1.5736766727059148e-05,1.0,0.001,1,16,40x40,PrototypicalNetwork,5,5,Greek,miniImageNet_SOTA_trainSet,False,5,4000,5,exp1_permuted_src_datasets
75,2524.925191364,2.0,1739103981.0021358,,1.5879484635661356e-05,1.0,0.001,1,16,40x40,PrototypicalNetwork,5,5,Greek,miniImageNet_SOTA_trainSet,False,5,4000,5,exp1_permuted_src_datasets
76,2524.982896101,2.0,1739103981.0599058,,1.884788798633963e-05,1.0,0.001,1,16,40x40,PrototypicalNetwork,5,5,Greek,miniImageNet_SOTA_trainSet,False,5,4000,5,exp1_permuted_src_datasets
77,2525.024816225,2.0,1739103981.10184,,1.957691347342916e-05,1.0,0.001,1,16,40x40,PrototypicalNetwork,5,5,Greek,miniImageNet_SOTA_trainSet,False,5,4000,5,exp1_permuted_src_datasets
78,2525.089678711,2.0,1739103981.1667013,,2.2204843844519928e-05,1.0,0.001,1,16,40x40,PrototypicalNetwork,5,5,Greek,miniImageNet_SOTA_trainSet,False,5,4000,5,exp1_permuted_src_datasets
79,2525.138188526,2.0,1739103981.215209,,2.0317700546002015e-05,1.0,0.001,1,16,40x40,PrototypicalNetwork,5,5,Greek,miniImageNet_SOTA_trainSet,False,5,4000,5,exp1_permuted_src_datasets
80,2525.191050256,2.0,1739103981.2680616,,2.7968970243819058e-05,1.0,0.001,1,16,40x40,PrototypicalNetwork,5,5,Greek,miniImageNet_SOTA_trainSet,False,5,4000,5,exp1_permuted_src_datasets
81,2525.252408945,2.0,1739103981.3293765,,1.8166654626838863e-05,1.0,0.001,1,16,40x40,PrototypicalNetwork,5,5,Greek,miniImageNet_SOTA_trainSet,False,5,4000,5,exp1_permuted_src_datasets
82,2525.293023782,2.0,1739103981.3700542,,2.06237946258625e-05,1.0,0.001,1,16,40x40,PrototypicalNetwork,5,5,Greek,miniImageNet_SOTA_trainSet,False,5,4000,5,exp1_permuted_src_datasets
83,2525.333782191,2.0,1739103981.4107952,,2.0701374523923732e-05,1.0,0.001,1,16,40x40,PrototypicalNetwork,5,5,Greek,miniImageNet_SOTA_trainSet,False,5,4000,5,exp1_permuted_src_datasets
84,2525.383791568,2.0,1739103981.4608083,,2.5264855139539577e-05,1.0,0.001,1,16,40x40,PrototypicalNetwork,5,5,Greek,miniImageNet_SOTA_trainSet,False,5,4000,5,exp1_permuted_src_datasets
85,2525.423307742,2.0,1739103981.5003226,,2.0630706785595976e-05,1.0,0.001,1,16,40x40,PrototypicalNetwork,5,5,Greek,miniImageNet_SOTA_trainSet,False,5,4000,5,exp1_permuted_src_datasets
86,2525.463131062,2.0,1739103981.540173,,1.0111764822795521e-05,1.0,0.001,1,16,40x40,PrototypicalNetwork,5,5,Greek,miniImageNet_SOTA_trainSet,False,5,4000,5,exp1_permuted_src_datasets
87,2525.502571201,2.0,1739103981.579607,,2.6186055038124323e-05,1.0,0.001,1,16,40x40,PrototypicalNetwork,5,5,Greek,miniImageNet_SOTA_trainSet,False,5,4000,5,exp1_permuted_src_datasets
88,2525.567836926,2.0,1739103981.6448393,,1.6390442397096194e-05,1.0,0.001,1,16,40x40,PrototypicalNetwork,5,5,Greek,miniImageNet_SOTA_trainSet,False,5,4000,5,exp1_permuted_src_datasets
89,2525.614787923,2.0,1739103981.6918314,,2.0218365534674376e-05,1.0,0.001,1,16,40x40,PrototypicalNetwork,5,5,Greek,miniImageNet_SOTA_trainSet,False,5,4000,5,exp1_permuted_src_datasets
90,2525.663576677,2.0,1739103981.7405918,,1.358363533654483e-05,1.0,0.001,1,16,40x40,PrototypicalNetwork,5,5,Greek,miniImageNet_SOTA_trainSet,False,5,4000,5,exp1_permuted_src_datasets
91,2525.708179306,2.0,1739103981.7852035,,2.112331821990665e-05,1.0,0.001,1,16,40x40,PrototypicalNetwork,5,5,Greek,miniImageNet_SOTA_trainSet,False,5,4000,5,exp1_permuted_src_datasets
92,2525.779472454,2.0,1739103981.856515,,1.641972085053567e-05,1.0,0.001,1,16,40x40,PrototypicalNetwork,5,5,Greek,miniImageNet_SOTA_trainSet,False,5,4000,5,exp1_permuted_src_datasets
93,2525.834528596,2.0,1739103981.9115472,,2.174348264816217e-05,1.0,0.001,1,16,40x40,PrototypicalNetwork,5,5,Greek,miniImageNet_SOTA_trainSet,False,5,4000,5,exp1_permuted_src_datasets
94,2525.907453449,2.0,1739103981.9845724,,3.0593462724937126e-05,1.0,0.001,1,16,40x40,PrototypicalNetwork,5,5,Greek,miniImageNet_SOTA_trainSet,False,5,4000,5,exp1_permuted_src_datasets
95,2525.951374213,2.0,1739103982.0284588,,3.513420233502984e-05,1.0,0.001,1,16,40x40,PrototypicalNetwork,5,5,Greek,miniImageNet_SOTA_trainSet,False,5,4000,5,exp1_permuted_src_datasets
96,2526.003838036,2.0,1739103982.0808885,,1.4732005183759611e-05,1.0,0.001,1,16,40x40,PrototypicalNetwork,5,5,Greek,miniImageNet_SOTA_trainSet,False,5,4000,5,exp1_permuted_src_datasets
97,2526.051203151,2.0,1739103982.1282494,,2.245925679744687e-05,1.0,0.001,1,16,40x40,PrototypicalNetwork,5,5,Greek,miniImageNet_SOTA_trainSet,False,5,4000,5,exp1_permuted_src_datasets
98,2526.106912275,2.0,1739103982.183955,,2.867631337721832e-05,1.0,0.001,1,16,40x40,PrototypicalNetwork,5,5,Greek,miniImageNet_SOTA_trainSet,False,5,4000,5,exp1_permuted_src_datasets
99,2526.159040344,2.0,1739103982.2360802,,1.6570924344705418e-05,1.0,0.001,1,16,40x40,PrototypicalNetwork,5,5,Greek,miniImageNet_SOTA_trainSet,False,5,4000,5,exp1_permuted_src_datasets
100,2526.220576518,2.0,1739103982.2975929,,1.4042419024917763e-05,1.0,0.001,1,16,40x40,PrototypicalNetwork,5,5,Greek,miniImageNet_SOTA_trainSet,False,5,4000,5,exp1_permuted_src_datasets
101,2526.263910889,2.0,1739103982.340949,,1.8850692867999896e-05,1.0,0.001,1,16,40x40,PrototypicalNetwork,5,5,Greek,miniImageNet_SOTA_trainSet,False,5,4000,5,exp1_permuted_src_datasets
102,2526.34115783,2.0,1739103982.4180982,,1.6337213310180232e-05,1.0,0.001,1,16,40x40,PrototypicalNetwork,5,5,Greek,miniImageNet_SOTA_trainSet,False,5,4000,5,exp1_permuted_src_datasets
103,2526.409040376,2.0,1739103982.4860535,,1.3742979717790149e-05,1.0,0.001,1,16,40x40,PrototypicalNetwork,5,5,Greek,miniImageNet_SOTA_trainSet,False,5,4000,5,exp1_permuted_src_datasets
104,2526.452919438,2.0,1739103982.5299463,,1.639216316107195e-05,1.0,0.001,1,16,40x40,PrototypicalNetwork,5,5,Greek,miniImageNet_SOTA_trainSet,False,5,4000,5,exp1_permuted_src_datasets
105,2526.505020851,2.0,1739103982.5819895,,2.0266359570086934e-05,1.0,0.001,1,16,40x40,PrototypicalNetwork,5,5,Greek,miniImageNet_SOTA_trainSet,False,5,4000,5,exp1_permuted_src_datasets
106,2526.551568683,2.0,1739103982.6286001,,1.701946348475758e-05,1.0,0.001,1,16,40x40,PrototypicalNetwork,5,5,Greek,miniImageNet_SOTA_trainSet,False,5,4000,5,exp1_permuted_src_datasets
107,2526.619059041,2.0,1739103982.696039,,1.858190807979554e-05,1.0,0.001,1,16,40x40,PrototypicalNetwork,5,5,Greek,miniImageNet_SOTA_trainSet,False,5,4000,5,exp1_permuted_src_datasets
108,2526.666006141,2.0,1739103982.742908,,2.115776078426279e-05,1.0,0.001,1,16,40x40,PrototypicalNetwork,5,5,Greek,miniImageNet_SOTA_trainSet,False,5,4000,5,exp1_permuted_src_datasets
109,2526.711167455,2.0,1739103982.7881727,,1.6846553990035318e-05,1.0,0.001,1,16,40x40,PrototypicalNetwork,5,5,Greek,miniImageNet_SOTA_trainSet,False,5,4000,5,exp1_permuted_src_datasets
110,2526.764090222,2.0,1739103982.8410509,,1.8344708223594353e-05,1.0,0.001,1,16,40x40,PrototypicalNetwork,5,5,Greek,miniImageNet_SOTA_trainSet,False,5,4000,5,exp1_permuted_src_datasets
111,2526.810027877,2.0,1739103982.8870022,,1.3468592442222871e-05,1.0,0.001,1,16,40x40,PrototypicalNetwork,5,5,Greek,miniImageNet_SOTA_trainSet,False,5,4000,5,exp1_permuted_src_datasets
112,2526.876113075,2.0,1739103982.9530408,,1.2661248547374271e-05,1.0,0.001,1,16,40x40,PrototypicalNetwork,5,5,Greek,miniImageNet_SOTA_trainSet,False,5,4000,5,exp1_permuted_src_datasets
113,2526.924165747,2.0,1739103983.001209,,1.0336802006349899e-05,1.0,0.001,1,16,40x40,PrototypicalNetwork,5,5,Greek,miniImageNet_SOTA_trainSet,False,5,4000,5,exp1_permuted_src_datasets
114,2526.972418387,2.0,1739103983.0494444,,1.6826423234306276e-05,1.0,0.001,1,16,40x40,PrototypicalNetwork,5,5,Greek,miniImageNet_SOTA_trainSet,False,5,4000,5,exp1_permuted_src_datasets
115,2527.0187625,2.0,1739103983.0957758,,1.1768670447054319e-05,1.0,0.001,1,16,40x40,PrototypicalNetwork,5,5,Greek,miniImageNet_SOTA_trainSet,False,5,4000,5,exp1_permuted_src_datasets
116,2527.076756251,2.0,1739103983.1537523,,1.1260502105869818e-05,1.0,0.001,1,16,40x40,PrototypicalNetwork,5,5,Greek,miniImageNet_SOTA_trainSet,False,5,4000,5,exp1_permuted_src_datasets
117,2527.135231964,2.0,1739103983.2122693,,1.6037458408391103e-05,1.0,0.001,1,16,40x40,PrototypicalNetwork,5,5,Greek,miniImageNet_SOTA_trainSet,False,5,4000,5,exp1_permuted_src_datasets
118,2527.187418863,2.0,1739103983.2644377,,1.7744412616593763e-05,1.0,0.001,1,16,40x40,PrototypicalNetwork,5,5,Greek,miniImageNet_SOTA_trainSet,False,5,4000,5,exp1_permuted_src_datasets
119,2527.227237361,2.0,1739103983.3042643,,1.703389352769591e-05,1.0,0.001,1,16,40x40,PrototypicalNetwork,5,5,Greek,miniImageNet_SOTA_trainSet,False,5,4000,5,exp1_permuted_src_datasets
120,2527.274583419,2.0,1739103983.35161,,1.5249255739036016e-05,1.0,0.001,1,16,40x40,PrototypicalNetwork,5,5,Greek,miniImageNet_SOTA_trainSet,False,5,4000,5,exp1_permuted_src_datasets
121,2527.331114712,2.0,1739103983.408111,,1.2722382962238044e-05,1.0,0.001,1,16,40x40,PrototypicalNetwork,5,5,Greek,miniImageNet_SOTA_trainSet,False,5,4000,5,exp1_permuted_src_datasets
122,2527.380887603,2.0,1739103983.4579046,,1.9192784748156555e-05,1.0,0.001,1,16,40x40,PrototypicalNetwork,5,5,Greek,miniImageNet_SOTA_trainSet,False,5,4000,5,exp1_permuted_src_datasets
123,2527.426153274,2.0,1739103983.5031633,,2.2952008293941617e-05,1.0,0.001,1,16,40x40,PrototypicalNetwork,5,5,Greek,miniImageNet_SOTA_trainSet,False,5,4000,5,exp1_permuted_src_datasets
124,2527.465952275,2.0,1739103983.5429876,,1.825172148528509e-05,1.0,0.001,1,16,40x40,PrototypicalNetwork,5,5,Greek,miniImageNet_SOTA_trainSet,False,5,4000,5,exp1_permuted_src_datasets
125,2527.511974572,2.0,1739103983.5889702,,1.2731315109704155e-05,1.0,0.001,1,16,40x40,PrototypicalNetwork,5,5,Greek,miniImageNet_SOTA_trainSet,False,5,4000,5,exp1_permuted_src_datasets
126,2527.576514047,2.0,1739103983.653524,,1.8962022295454517e-05,1.0,0.001,1,16,40x40,PrototypicalNetwork,5,5,Greek,miniImageNet_SOTA_trainSet,False,5,4000,5,exp1_permuted_src_datasets
127,3809.716233182,2.0,1739105265.7934062,0.9047499990463257,,,0.001,1,16,40x40,PrototypicalNetwork,5,5,Greek,miniImageNet_SOTA_trainSet,False,5,4000,5,exp1_permuted_src_datasets
128,3809.757581159,2.0,1739105265.8346426,,1.3132121239323169e-05,1.0,0.001,1,16,40x40,PrototypicalNetwork,5,5,Greek,miniImageNet_SOTA_trainSet,False,5,4000,5,exp1_permuted_src_datasets
129,3809.819219892,2.0,1739105265.896281,,1.8628305042511784e-05,1.0,0.001,1,16,40x40,PrototypicalNetwork,5,5,Greek,miniImageNet_SOTA_trainSet,False,5,4000,5,exp1_permuted_src_datasets
130,3809.876902849,2.0,1739105265.9540036,,2.5679453756310977e-05,1.0,0.001,1,16,40x40,PrototypicalNetwork,5,5,Greek,miniImageNet_SOTA_trainSet,False,5,4000,5,exp1_permuted_src_datasets
131,3809.91870336,2.0,1739105265.995779,,1.4325448319141287e-05,1.0,0.001,1,16,40x40,PrototypicalNetwork,5,5,Greek,miniImageNet_SOTA_trainSet,False,5,4000,5,exp1_permuted_src_datasets
132,3809.986312089,2.0,1739105266.063324,,2.0652732928283513e-05,1.0,0.001,1,16,40x40,PrototypicalNetwork,5,5,Greek,miniImageNet_SOTA_trainSet,False,5,4000,5,exp1_permuted_src_datasets
133,3810.041804531,2.0,1739105266.1188974,,1.5128108316275757e-05,1.0,0.001,1,16,40x40,PrototypicalNetwork,5,5,Greek,miniImageNet_SOTA_trainSet,False,5,4000,5,exp1_permuted_src_datasets
134,3810.102689763,2.0,1739105266.1797714,,1.3060492165095638e-05,1.0,0.001,1,16,40x40,PrototypicalNetwork,5,5,Greek,miniImageNet_SOTA_trainSet,False,5,4000,5,exp1_permuted_src_datasets
135,3810.173859396,2.0,1739105266.2509346,,1.683002119534649e-05,1.0,0.001,1,16,40x40,PrototypicalNetwork,5,5,Greek,miniImageNet_SOTA_trainSet,False,5,4000,5,exp1_permuted_src_datasets
136,3810.235241754,2.0,1739105266.3123279,,1.2889160643680952e-05,1.0,0.001,1,16,40x40,PrototypicalNetwork,5,5,Greek,miniImageNet_SOTA_trainSet,False,5,4000,5,exp1_permuted_src_datasets
137,3810.277761537,2.0,1739105266.3547883,,2.1543295588344336e-05,1.0,0.001,1,16,40x40,PrototypicalNetwork,5,5,Greek,miniImageNet_SOTA_trainSet,False,5,4000,5,exp1_permuted_src_datasets
138,3810.326567971,2.0,1739105266.4035902,,2.1051720977993682e-05,1.0,0.001,1,16,40x40,PrototypicalNetwork,5,5,Greek,miniImageNet_SOTA_trainSet,False,5,4000,5,exp1_permuted_src_datasets
139,3810.370573905,2.0,1739105266.4476578,,2.4709876015549526e-05,1.0,0.001,1,16,40x40,PrototypicalNetwork,5,5,Greek,miniImageNet_SOTA_trainSet,False,5,4000,5,exp1_permuted_src_datasets
140,3810.412155181,2.0,1739105266.489251,,1.591246655152645e-05,1.0,0.001,1,16,40x40,PrototypicalNetwork,5,5,Greek,miniImageNet_SOTA_trainSet,False,5,4000,5,exp1_permuted_src_datasets
141,3810.471066319,2.0,1739105266.5481722,,1.6144535038620234e-05,1.0,0.001,1,16,40x40,PrototypicalNetwork,5,5,Greek,miniImageNet_SOTA_trainSet,False,5,4000,5,exp1_permuted_src_datasets
142,3810.511639868,2.0,1739105266.588687,,1.5134457498788834e-05,1.0,0.001,1,16,40x40,PrototypicalNetwork,5,5,Greek,miniImageNet_SOTA_trainSet,False,5,4000,5,exp1_permuted_src_datasets
143,3810.550333388,2.0,1739105266.6274064,,9.733222213981207e-06,1.0,0.001,1,16,40x40,PrototypicalNetwork,5,5,Greek,miniImageNet_SOTA_trainSet,False,5,4000,5,exp1_permuted_src_datasets
144,3810.596654056,2.0,1739105266.6736925,,2.018336090259254e-05,1.0,0.001,1,16,40x40,PrototypicalNetwork,5,5,Greek,miniImageNet_SOTA_trainSet,False,5,4000,5,exp1_permuted_src_datasets
145,3810.648537779,2.0,1739105266.7255812,,1.2437652912922204e-05,1.0,0.001,1,16,40x40,PrototypicalNetwork,5,5,Greek,miniImageNet_SOTA_trainSet,False,5,4000,5,exp1_permuted_src_datasets
146,3810.709413018,2.0,1739105266.7864406,,1.883178083517123e-05,1.0,0.001,1,16,40x40,PrototypicalNetwork,5,5,Greek,miniImageNet_SOTA_trainSet,False,5,4000,5,exp1_permuted_src_datasets
147,3810.754611276,2.0,1739105266.8315718,,2.5521701900288463e-05,1.0,0.001,1,16,40x40,PrototypicalNetwork,5,5,Greek,miniImageNet_SOTA_trainSet,False,5,4000,5,exp1_permuted_src_datasets
148,3810.798783386,2.0,1739105266.8758621,,9.886732186714653e-06,1.0,0.001,1,16,40x40,PrototypicalNetwork,5,5,Greek,miniImageNet_SOTA_trainSet,False,5,4000,5,exp1_permuted_src_datasets
149,3810.868847742,2.0,1739105266.92205,,1.0345735972805414e-05,1.0,0.001,1,16,40x40,PrototypicalNetwork,5,5,Greek,miniImageNet_SOTA_trainSet,False,5,4000,5,exp1_permuted_src_datasets
150,3810.892694904,2.0,1739105266.9697287,,1.746343514241744e-05,1.0,0.001,1,16,40x40,PrototypicalNetwork,5,5,Greek,miniImageNet_SOTA_trainSet,False,5,4000,5,exp1_permuted_src_datasets
151,3810.944435605,2.0,1739105267.021439,,1.616702866158448e-05,1.0,0.001,1,16,40x40,PrototypicalNetwork,5,5,Greek,miniImageNet_SOTA_trainSet,False,5,4000,5,exp1_permuted_src_datasets
152,3811.000788101,2.0,1739105267.0672755,,1.1212845492991619e-05,1.0,0.001,1,16,40x40,PrototypicalNetwork,5,5,Greek,miniImageNet_SOTA_trainSet,False,5,4000,5,exp1_permuted_src_datasets
153,3811.050915813,2.0,1739105267.1279526,,1.2695518307737075e-05,1.0,0.001,1,16,40x40,PrototypicalNetwork,5,5,Greek,miniImageNet_SOTA_trainSet,False,5,4000,5,exp1_permuted_src_datasets
154,3811.102360754,2.0,1739105267.1793897,,1.4702329281135462e-05,1.0,0.001,1,16,40x40,PrototypicalNetwork,5,5,Greek,miniImageNet_SOTA_trainSet,False,5,4000,5,exp1_permuted_src_datasets
155,3811.145784207,2.0,1739105267.2228441,,1.1522884960868396e-05,1.0,0.001,1,16,40x40,PrototypicalNetwork,5,5,Greek,miniImageNet_SOTA_trainSet,False,5,4000,5,exp1_permuted_src_datasets
156,3811.277498681,2.0,1739105267.3544464,,1.4187071428750642e-05,1.0,0.001,1,16,40x40,PrototypicalNetwork,5,5,Greek,miniImageNet_SOTA_trainSet,False,5,4000,5,exp1_permuted_src_datasets
157,3811.370806116,2.0,1739105267.4477978,,2.0991461497033015e-05,1.0,0.001,1,16,40x40,PrototypicalNetwork,5,5,Greek,miniImageNet_SOTA_trainSet,False,5,4000,5,exp1_permuted_src_datasets
158,3811.435444344,2.0,1739105267.5123894,,1.282805169466883e-05,1.0,0.001,1,16,40x40,PrototypicalNetwork,5,5,Greek,miniImageNet_SOTA_trainSet,False,5,4000,5,exp1_permuted_src_datasets
159,3811.522607972,2.0,1739105267.5994856,,1.7331685739918612e-05,1.0,0.001,1,16,40x40,PrototypicalNetwork,5,5,Greek,miniImageNet_SOTA_trainSet,False,5,4000,5,exp1_permuted_src_datasets
160,3811.614245309,2.0,1739105267.6912463,,1.4152193216432352e-05,1.0,0.001,1,16,40x40,PrototypicalNetwork,5,5,Greek,miniImageNet_SOTA_trainSet,False,5,4000,5,exp1_permuted_src_datasets
161,3811.70625122,2.0,1739105267.7832427,,1.0251776075165253e-05,1.0,0.001,1,16,40x40,PrototypicalNetwork,5,5,Greek,miniImageNet_SOTA_trainSet,False,5,4000,5,exp1_permuted_src_datasets
162,3811.797289952,2.0,1739105267.8743253,,9.34440231503686e-06,1.0,0.001,1,16,40x40,PrototypicalNetwork,5,5,Greek,miniImageNet_SOTA_trainSet,False,5,4000,5,exp1_permuted_src_datasets
163,3811.888333372,2.0,1739105267.9654014,,1.414654980180785e-05,1.0,0.001,1,16,40x40,PrototypicalNetwork,5,5,Greek,miniImageNet_SOTA_trainSet,False,5,4000,5,exp1_permuted_src_datasets
164,3811.979411374,2.0,1739105268.056471,,1.0394806849944871e-05,1.0,0.001,1,16,40x40,PrototypicalNetwork,5,5,Greek,miniImageNet_SOTA_trainSet,False,5,4000,5,exp1_permuted_src_datasets
165,3812.111958702,2.0,1739105268.1888292,,1.4727261259395164e-05,1.0,0.001,1,16,40x40,PrototypicalNetwork,5,5,Greek,miniImageNet_SOTA_trainSet,False,5,4000,5,exp1_permuted_src_datasets
166,3812.168661346,2.0,1739105268.2455478,,1.226173662871588e-05,1.0,0.001,1,16,40x40,PrototypicalNetwork,5,5,Greek,miniImageNet_SOTA_trainSet,False,5,4000,5,exp1_permuted_src_datasets
167,3812.217311771,2.0,1739105268.2942169,,1.7130958440247923e-05,1.0,0.001,1,16,40x40,PrototypicalNetwork,5,5,Greek,miniImageNet_SOTA_trainSet,False,5,4000,5,exp1_permuted_src_datasets
168,3812.270412833,2.0,1739105268.3473122,,2.4075498004094698e-05,1.0,0.001,1,16,40x40,PrototypicalNetwork,5,5,Greek,miniImageNet_SOTA_trainSet,False,5,4000,5,exp1_permuted_src_datasets
169,3812.33162407,2.0,1739105268.408514,,1.0076017133542337e-05,1.0,0.001,1,16,40x40,PrototypicalNetwork,5,5,Greek,miniImageNet_SOTA_trainSet,False,5,4000,5,exp1_permuted_src_datasets
170,3812.399861336,2.0,1739105268.4767802,,1.3804153240926098e-05,1.0,0.001,1,16,40x40,PrototypicalNetwork,5,5,Greek,miniImageNet_SOTA_trainSet,False,5,4000,5,exp1_permuted_src_datasets
171,3812.442607935,2.0,1739105268.5195012,,1.2559753486129921e-05,1.0,0.001,1,16,40x40,PrototypicalNetwork,5,5,Greek,miniImageNet_SOTA_trainSet,False,5,4000,5,exp1_permuted_src_datasets
172,3812.495311403,2.0,1739105268.5721025,,1.2542000149551313e-05,1.0,0.001,1,16,40x40,PrototypicalNetwork,5,5,Greek,miniImageNet_SOTA_trainSet,False,5,4000,5,exp1_permuted_src_datasets
173,3812.53871837,2.0,1739105268.615642,,2.5719235054566525e-05,1.0,0.001,1,16,40x40,PrototypicalNetwork,5,5,Greek,miniImageNet_SOTA_trainSet,False,5,4000,5,exp1_permuted_src_datasets
174,3812.583689659,2.0,1739105268.6606028,,1.2674550816882402e-05,1.0,0.001,1,16,40x40,PrototypicalNetwork,5,5,Greek,miniImageNet_SOTA_trainSet,False,5,4000,5,exp1_permuted_src_datasets
175,3812.637538705,2.0,1739105268.714459,,7.73056672187522e-06,1.0,0.001,1,16,40x40,PrototypicalNetwork,5,5,Greek,miniImageNet_SOTA_trainSet,False,5,4000,5,exp1_permuted_src_datasets
176,3812.684911016,2.0,1739105268.7618237,,1.009089555736864e-05,1.0,0.001,1,16,40x40,PrototypicalNetwork,5,5,Greek,miniImageNet_SOTA_trainSet,False,5,4000,5,exp1_permuted_src_datasets
177,3812.747584619,2.0,1739105268.824455,,1.4866501260257792e-05,1.0,0.001,1,16,40x40,PrototypicalNetwork,5,5,Greek,miniImageNet_SOTA_trainSet,False,5,4000,5,exp1_permuted_src_datasets
178,3812.807250941,2.0,1739105268.884182,,1.1139922207803465e-05,1.0,0.001,1,16,40x40,PrototypicalNetwork,5,5,Greek,miniImageNet_SOTA_trainSet,False,5,4000,5,exp1_permuted_src_datasets
179,3812.856169436,2.0,1739105268.9330766,,1.2839847840950824e-05,1.0,0.001,1,16,40x40,PrototypicalNetwork,5,5,Greek,miniImageNet_SOTA_trainSet,False,5,4000,5,exp1_permuted_src_datasets
180,3812.90938282,2.0,1739105268.9863012,,1.5583304048050195e-05,1.0,0.001,1,16,40x40,PrototypicalNetwork,5,5,Greek,miniImageNet_SOTA_trainSet,False,5,4000,5,exp1_permuted_src_datasets
181,3812.952848479,2.0,1739105269.0298243,,1.0464833394507878e-05,1.0,0.001,1,16,40x40,PrototypicalNetwork,5,5,Greek,miniImageNet_SOTA_trainSet,False,5,4000,5,exp1_permuted_src_datasets
182,3813.00902644,2.0,1739105269.0859382,,1.2232112567289732e-05,1.0,0.001,1,16,40x40,PrototypicalNetwork,5,5,Greek,miniImageNet_SOTA_trainSet,False,5,4000,5,exp1_permuted_src_datasets
183,3813.064751195,2.0,1739105269.1415882,,7.2448738137609325e-06,1.0,0.001,1,16,40x40,PrototypicalNetwork,5,5,Greek,miniImageNet_SOTA_trainSet,False,5,4000,5,exp1_permuted_src_datasets
184,3813.110547773,2.0,1739105269.187438,,1.1276766599621624e-05,1.0,0.001,1,16,40x40,PrototypicalNetwork,5,5,Greek,miniImageNet_SOTA_trainSet,False,5,4000,5,exp1_permuted_src_datasets
185,3813.156723393,2.0,1739105269.2336693,,1.4439957340073306e-05,1.0,0.001,1,16,40x40,PrototypicalNetwork,5,5,Greek,miniImageNet_SOTA_trainSet,False,5,4000,5,exp1_permuted_src_datasets
186,3813.234211279,2.0,1739105269.3110995,,1.2382470231386833e-05,1.0,0.001,1,16,40x40,PrototypicalNetwork,5,5,Greek,miniImageNet_SOTA_trainSet,False,5,4000,5,exp1_permuted_src_datasets
187,3813.278903898,2.0,1739105269.3557947,,9.515743840893265e-06,1.0,0.001,1,16,40x40,PrototypicalNetwork,5,5,Greek,miniImageNet_SOTA_trainSet,False,5,4000,5,exp1_permuted_src_datasets
188,3813.348203269,2.0,1739105269.424997,,1.3762277376372367e-05,1.0,0.001,1,16,40x40,PrototypicalNetwork,5,5,Greek,miniImageNet_SOTA_trainSet,False,5,4000,5,exp1_permuted_src_datasets
189,3813.408879155,2.0,1739105269.485726,,1.639518086449243e-05,1.0,0.001,1,16,40x40,PrototypicalNetwork,5,5,Greek,miniImageNet_SOTA_trainSet,False,5,4000,5,exp1_permuted_src_datasets
190,5119.721144523,2.0,1739106575.7983253,0.9082500007152557,,,0.001,1,16,40x40,PrototypicalNetwork,5,5,Greek,miniImageNet_SOTA_trainSet,False,5,4000,5,exp1_permuted_src_datasets
191,5125.820520929,3.0,1739106581.8977098,,,,0.001,1,16,40x40,PrototypicalNetwork,5,5,Greek,miniImageNet_SOTA_trainSet,False,5,4000,5,exp1_permuted_src_datasets
192,6403.100893388,3.0,1739107859.1363227,0.8454000005722045,,,0.001,1,16,40x40,PrototypicalNetwork,5,5,Greek,miniImageNet_SOTA_trainSet,False,5,4000,5,exp1_permuted_src_datasets
193,6403.100969052,3.0,1739107859.171505,,0.14518117904663086,1.0,0.001,1,16,40x40,PrototypicalNetwork,5,5,Greek,miniImageNet_SOTA_trainSet,False,5,4000,5,exp1_permuted_src_datasets
194,6403.138868887,3.0,1739107859.215899,,0.0820259377360344,1.0,0.001,1,16,40x40,PrototypicalNetwork,5,5,Greek,miniImageNet_SOTA_trainSet,False,5,4000,5,exp1_permuted_src_datasets
195,6403.182960165,3.0,1739107859.2599814,,0.04087642952799797,1.0,0.001,1,16,40x40,PrototypicalNetwork,5,5,Greek,miniImageNet_SOTA_trainSet,False,5,4000,5,exp1_permuted_src_datasets
196,6403.228023996,3.0,1739107859.3050578,,0.02574300393462181,1.0,0.001,1,16,40x40,PrototypicalNetwork,5,5,Greek,miniImageNet_SOTA_trainSet,False,5,4000,5,exp1_permuted_src_datasets
197,6403.274269418,3.0,1739107859.3512914,,0.012571752071380615,1.0,0.001,1,16,40x40,PrototypicalNetwork,5,5,Greek,miniImageNet_SOTA_trainSet,False,5,4000,5,exp1_permuted_src_datasets
198,6403.323270207,3.0,1739107859.4002686,,0.006530051119625568,1.0,0.001,1,16,40x40,PrototypicalNetwork,5,5,Greek,miniImageNet_SOTA_trainSet,False,5,4000,5,exp1_permuted_src_datasets
199,6403.371583731,3.0,1739107859.4485703,,0.004109490662813187,1.0,0.001,1,16,40x40,PrototypicalNetwork,5,5,Greek,miniImageNet_SOTA_trainSet,False,5,4000,5,exp1_permuted_src_datasets
200,6403.416018384,3.0,1739107859.4930677,,0.0026514995843172073,1.0,0.001,1,16,40x40,PrototypicalNetwork,5,5,Greek,miniImageNet_SOTA_trainSet,False,5,4000,5,exp1_permuted_src_datasets
201,6403.459954862,3.0,1739107859.5369577,,0.0013134971959516406,1.0,0.001,1,16,40x40,PrototypicalNetwork,5,5,Greek,miniImageNet_SOTA_trainSet,False,5,4000,5,exp1_permuted_src_datasets
202,6403.507029197,3.0,1739107859.58402,,0.0009412650251761079,1.0,0.001,1,16,40x40,PrototypicalNetwork,5,5,Greek,miniImageNet_SOTA_trainSet,False,5,4000,5,exp1_permuted_src_datasets
203,6403.552812688,3.0,1739107859.629807,,0.0005218532169237733,1.0,0.001,1,16,40x40,PrototypicalNetwork,5,5,Greek,miniImageNet_SOTA_trainSet,False,5,4000,5,exp1_permuted_src_datasets
204,6403.596772735,3.0,1739107859.6737719,,0.00036536893458105624,1.0,0.001,1,16,40x40,PrototypicalNetwork,5,5,Greek,miniImageNet_SOTA_trainSet,False,5,4000,5,exp1_permuted_src_datasets
205,6403.641478404,3.0,1739107859.7185004,,0.0002827828284353018,1.0,0.001,1,16,40x40,PrototypicalNetwork,5,5,Greek,miniImageNet_SOTA_trainSet,False,5,4000,5,exp1_permuted_src_datasets
206,6403.684902589,3.0,1739107859.7618957,,0.00021453089721035212,1.0,0.001,1,16,40x40,PrototypicalNetwork,5,5,Greek,miniImageNet_SOTA_trainSet,False,5,4000,5,exp1_permuted_src_datasets
207,6403.729272724,3.0,1739107859.8062818,,0.0002652907860465348,1.0,0.001,1,16,40x40,PrototypicalNetwork,5,5,Greek,miniImageNet_SOTA_trainSet,False,5,4000,5,exp1_permuted_src_datasets
208,6403.772115926,3.0,1739107859.8491597,,0.00013665572623722255,1.0,0.001,1,16,40x40,PrototypicalNetwork,5,5,Greek,miniImageNet_SOTA_trainSet,False,5,4000,5,exp1_permuted_src_datasets
209,6403.815221844,3.0,1739107859.8922439,,8.81839805515483e-05,1.0,0.001,1,16,40x40,PrototypicalNetwork,5,5,Greek,miniImageNet_SOTA_trainSet,False,5,4000,5,exp1_permuted_src_datasets
210,6403.862666332,3.0,1739107859.9395428,,5.2162184147164226e-05,1.0,0.001,1,16,40x40,PrototypicalNetwork,5,5,Greek,miniImageNet_SOTA_trainSet,False,5,4000,5,exp1_permuted_src_datasets
211,6403.925633572,3.0,1739107860.002601,,6.211712025105953e-05,1.0,0.001,1,16,40x40,PrototypicalNetwork,5,5,Greek,miniImageNet_SOTA_trainSet,False,5,4000,5,exp1_permuted_src_datasets
212,6403.968449935,3.0,1739107860.0454779,,6.2955790781416e-05,1.0,0.001,1,16,40x40,PrototypicalNetwork,5,5,Greek,miniImageNet_SOTA_trainSet,False,5,4000,5,exp1_permuted_src_datasets
213,6404.011207804,3.0,1739107860.0882277,,3.534670395310968e-05,1.0,0.001,1,16,40x40,PrototypicalNetwork,5,5,Greek,miniImageNet_SOTA_trainSet,False,5,4000,5,exp1_permuted_src_datasets
214,6404.065229169,3.0,1739107860.1422222,,3.1760038837092e-05,1.0,0.001,1,16,40x40,PrototypicalNetwork,5,5,Greek,miniImageNet_SOTA_trainSet,False,5,4000,5,exp1_permuted_src_datasets
215,6404.108909861,3.0,1739107860.1859274,,7.509373244829476e-05,1.0,0.001,1,16,40x40,PrototypicalNetwork,5,5,Greek,miniImageNet_SOTA_trainSet,False,5,4000,5,exp1_permuted_src_datasets
216,6404.151699365,3.0,1739107860.2287147,,4.254461600794457e-05,1.0,0.001,1,16,40x40,PrototypicalNetwork,5,5,Greek,miniImageNet_SOTA_trainSet,False,5,4000,5,exp1_permuted_src_datasets
217,6404.193193556,3.0,1739107860.2701817,,2.3706903448328376e-05,1.0,0.001,1,16,40x40,PrototypicalNetwork,5,5,Greek,miniImageNet_SOTA_trainSet,False,5,4000,5,exp1_permuted_src_datasets
218,6404.241058624,3.0,1739107860.318079,,1.8044749594992027e-05,1.0,0.001,1,16,40x40,PrototypicalNetwork,5,5,Greek,miniImageNet_SOTA_trainSet,False,5,4000,5,exp1_permuted_src_datasets
219,6404.283610445,3.0,1739107860.3606308,,2.5789946448639967e-05,1.0,0.001,1,16,40x40,PrototypicalNetwork,5,5,Greek,miniImageNet_SOTA_trainSet,False,5,4000,5,exp1_permuted_src_datasets
220,6404.325375351,3.0,1739107860.402408,,2.410988054180052e-05,1.0,0.001,1,16,40x40,PrototypicalNetwork,5,5,Greek,miniImageNet_SOTA_trainSet,False,5,4000,5,exp1_permuted_src_datasets
221,6404.368035472,3.0,1739107860.4450493,,1.6116757251438685e-05,1.0,0.001,1,16,40x40,PrototypicalNetwork,5,5,Greek,miniImageNet_SOTA_trainSet,False,5,4000,5,exp1_permuted_src_datasets
222,6404.410692445,3.0,1739107860.4877093,,1.7279526218771935e-05,1.0,0.001,1,16,40x40,PrototypicalNetwork,5,5,Greek,miniImageNet_SOTA_trainSet,False,5,4000,5,exp1_permuted_src_datasets
223,6404.474887028,3.0,1739107860.551895,,3.371111597516574e-05,1.0,0.001,1,16,40x40,PrototypicalNetwork,5,5,Greek,miniImageNet_SOTA_trainSet,False,5,4000,5,exp1_permuted_src_datasets
224,6404.527626678,3.0,1739107860.6046116,,1.5831925338716246e-05,1.0,0.001,1,16,40x40,PrototypicalNetwork,5,5,Greek,miniImageNet_SOTA_trainSet,False,5,4000,5,exp1_permuted_src_datasets
225,6404.576387908,3.0,1739107860.65335,,1.3720530660066288e-05,1.0,0.001,1,16,40x40,PrototypicalNetwork,5,5,Greek,miniImageNet_SOTA_trainSet,False,5,4000,5,exp1_permuted_src_datasets
226,6404.626403233,3.0,1739107860.7034194,,1.2394435543683358e-05,1.0,0.001,1,16,40x40,PrototypicalNetwork,5,5,Greek,miniImageNet_SOTA_trainSet,False,5,4000,5,exp1_permuted_src_datasets
227,6404.669059833,3.0,1739107860.7461057,,2.8509286494227126e-05,1.0,0.001,1,16,40x40,PrototypicalNetwork,5,5,Greek,miniImageNet_SOTA_trainSet,False,5,4000,5,exp1_permuted_src_datasets
228,6404.712172565,3.0,1739107860.7891734,,9.141620466834866e-06,1.0,0.001,1,16,40x40,PrototypicalNetwork,5,5,Greek,miniImageNet_SOTA_trainSet,False,5,4000,5,exp1_permuted_src_datasets
229,6404.755442762,3.0,1739107860.8324769,,9.61999103310518e-06,1.0,0.001,1,16,40x40,PrototypicalNetwork,5,5,Greek,miniImageNet_SOTA_trainSet,False,5,4000,5,exp1_permuted_src_datasets
230,6404.812025819,3.0,1739107860.8890326,,1.1108317266916856e-05,1.0,0.001,1,16,40x40,PrototypicalNetwork,5,5,Greek,miniImageNet_SOTA_trainSet,False,5,4000,5,exp1_permuted_src_datasets
231,6404.853404547,3.0,1739107860.9304044,,3.2115134672494605e-05,1.0,0.001,1,16,40x40,PrototypicalNetwork,5,5,Greek,miniImageNet_SOTA_trainSet,False,5,4000,5,exp1_permuted_src_datasets
232,6404.900071199,3.0,1739107860.9769986,,2.066270462819375e-05,1.0,0.001,1,16,40x40,PrototypicalNetwork,5,5,Greek,miniImageNet_SOTA_trainSet,False,5,4000,5,exp1_permuted_src_datasets
233,6404.944466299,3.0,1739107861.0213697,,8.408451321884058e-06,1.0,0.001,1,16,40x40,PrototypicalNetwork,5,5,Greek,miniImageNet_SOTA_trainSet,False,5,4000,5,exp1_permuted_src_datasets
234,6405.000614053,3.0,1739107861.077615,,1.6668109310558066e-05,1.0,0.001,1,16,40x40,PrototypicalNetwork,5,5,Greek,miniImageNet_SOTA_trainSet,False,5,4000,5,exp1_permuted_src_datasets
235,6405.057607643,3.0,1739107861.1344573,,6.203291377460118e-06,1.0,0.001,1,16,40x40,PrototypicalNetwork,5,5,Greek,miniImageNet_SOTA_trainSet,False,5,4000,5,exp1_permuted_src_datasets
236,6405.104512648,3.0,1739107861.1815107,,8.381597581319511e-06,1.0,0.001,1,16,40x40,PrototypicalNetwork,5,5,Greek,miniImageNet_SOTA_trainSet,False,5,4000,5,exp1_permuted_src_datasets
237,6405.156854647,3.0,1739107861.2338738,,1.1380966498109046e-05,1.0,0.001,1,16,40x40,PrototypicalNetwork,5,5,Greek,miniImageNet_SOTA_trainSet,False,5,4000,5,exp1_permuted_src_datasets
238,6405.234074645,3.0,1739107861.311047,,8.94201275514206e-06,1.0,0.001,1,16,40x40,PrototypicalNetwork,5,5,Greek,miniImageNet_SOTA_trainSet,False,5,4000,5,exp1_permuted_src_datasets
239,6405.290037981,3.0,1739107861.3670146,,9.147641321760602e-06,1.0,0.001,1,16,40x40,PrototypicalNetwork,5,5,Greek,miniImageNet_SOTA_trainSet,False,5,4000,5,exp1_permuted_src_datasets
240,6405.34253343,3.0,1739107861.4195988,,8.868685654306319e-06,1.0,0.001,1,16,40x40,PrototypicalNetwork,5,5,Greek,miniImageNet_SOTA_trainSet,False,5,4000,5,exp1_permuted_src_datasets
241,6405.387032018,3.0,1739107861.4640603,,6.787396614527097e-06,1.0,0.001,1,16,40x40,PrototypicalNetwork,5,5,Greek,miniImageNet_SOTA_trainSet,False,5,4000,5,exp1_permuted_src_datasets
242,6405.430785653,3.0,1739107861.5078135,,1.1072796041844413e-05,1.0,0.001,1,16,40x40,PrototypicalNetwork,5,5,Greek,miniImageNet_SOTA_trainSet,False,5,4000,5,exp1_permuted_src_datasets
243,6405.474210938,3.0,1739107861.551241,,8.025618626561482e-06,1.0,0.001,1,16,40x40,PrototypicalNetwork,5,5,Greek,miniImageNet_SOTA_trainSet,False,5,4000,5,exp1_permuted_src_datasets
244,6405.542299185,3.0,1739107861.6192205,,5.467195478559006e-06,1.0,0.001,1,16,40x40,PrototypicalNetwork,5,5,Greek,miniImageNet_SOTA_trainSet,False,5,4000,5,exp1_permuted_src_datasets
245,6405.588949813,3.0,1739107861.6659284,,5.1363863349251915e-06,1.0,0.001,1,16,40x40,PrototypicalNetwork,5,5,Greek,miniImageNet_SOTA_trainSet,False,5,4000,5,exp1_permuted_src_datasets
246,6405.639497268,3.0,1739107861.7164986,,5.3718190429208335e-06,1.0,0.001,1,16,40x40,PrototypicalNetwork,5,5,Greek,miniImageNet_SOTA_trainSet,False,5,4000,5,exp1_permuted_src_datasets
247,6405.699951661,3.0,1739107861.77699,,9.296595635532867e-06,1.0,0.001,1,16,40x40,PrototypicalNetwork,5,5,Greek,miniImageNet_SOTA_trainSet,False,5,4000,5,exp1_permuted_src_datasets
248,6405.752145151,3.0,1739107861.82911,,5.508902177098207e-06,1.0,0.001,1,16,40x40,PrototypicalNetwork,5,5,Greek,miniImageNet_SOTA_trainSet,False,5,4000,5,exp1_permuted_src_datasets
249,6405.805809149,3.0,1739107861.8827925,,5.009721462556627e-06,1.0,0.001,1,16,40x40,PrototypicalNetwork,5,5,Greek,miniImageNet_SOTA_trainSet,False,5,4000,5,exp1_permuted_src_datasets
250,6405.850349434,3.0,1739107861.9272513,,6.109422884037485e-06,1.0,0.001,1,16,40x40,PrototypicalNetwork,5,5,Greek,miniImageNet_SOTA_trainSet,False,5,4000,5,exp1_permuted_src_datasets
251,6405.909923787,3.0,1739107861.986957,,1.1206776434846688e-05,1.0,0.001,1,16,40x40,PrototypicalNetwork,5,5,Greek,miniImageNet_SOTA_trainSet,False,5,4000,5,exp1_permuted_src_datasets
252,6405.961649647,3.0,1739107862.0386276,,9.63027650868753e-06,1.0,0.001,1,16,40x40,PrototypicalNetwork,5,5,Greek,miniImageNet_SOTA_trainSet,False,5,4000,5,exp1_permuted_src_datasets
253,6406.009288914,3.0,1739107862.086301,,9.08643050934188e-06,1.0,0.001,1,16,40x40,PrototypicalNetwork,5,5,Greek,miniImageNet_SOTA_trainSet,False,5,4000,5,exp1_permuted_src_datasets
254,6406.053070374,3.0,1739107862.1298256,,4.899457962892484e-06,1.0,0.001,1,16,40x40,PrototypicalNetwork,5,5,Greek,miniImageNet_SOTA_trainSet,False,5,4000,5,exp1_permuted_src_datasets
255,7663.192897779,3.0,1739109119.2287745,0.9086500000953674,,,0.001,1,16,40x40,PrototypicalNetwork,5,5,Greek,miniImageNet_SOTA_trainSet,False,5,4000,5,exp1_permuted_src_datasets
256,7663.192957835,3.0,1739109119.2679384,,7.329606887651607e-06,1.0,0.001,1,16,40x40,PrototypicalNetwork,5,5,Greek,miniImageNet_SOTA_trainSet,False,5,4000,5,exp1_permuted_src_datasets
257,7663.249148622,3.0,1739109119.3262026,,6.222657248144969e-06,1.0,0.001,1,16,40x40,PrototypicalNetwork,5,5,Greek,miniImageNet_SOTA_trainSet,False,5,4000,5,exp1_permuted_src_datasets
258,7663.308720064,3.0,1739109119.3856993,,6.3164929997583386e-06,1.0,0.001,1,16,40x40,PrototypicalNetwork,5,5,Greek,miniImageNet_SOTA_trainSet,False,5,4000,5,exp1_permuted_src_datasets
259,7663.353736333,3.0,1739109119.4307814,,8.69315135787474e-06,1.0,0.001,1,16,40x40,PrototypicalNetwork,5,5,Greek,miniImageNet_SOTA_trainSet,False,5,4000,5,exp1_permuted_src_datasets
260,7663.440764398,3.0,1739109119.5177128,,5.011214852856938e-06,1.0,0.001,1,16,40x40,PrototypicalNetwork,5,5,Greek,miniImageNet_SOTA_trainSet,False,5,4000,5,exp1_permuted_src_datasets
261,7663.495825586,3.0,1739109119.5728703,,7.77382683736505e-06,1.0,0.001,1,16,40x40,PrototypicalNetwork,5,5,Greek,miniImageNet_SOTA_trainSet,False,5,4000,5,exp1_permuted_src_datasets
262,7663.541143112,3.0,1739109119.6181638,,1.015593261399772e-05,1.0,0.001,1,16,40x40,PrototypicalNetwork,5,5,Greek,miniImageNet_SOTA_trainSet,False,5,4000,5,exp1_permuted_src_datasets
263,7663.585978441,3.0,1739109119.6630173,,1.3183726878196467e-05,1.0,0.001,1,16,40x40,PrototypicalNetwork,5,5,Greek,miniImageNet_SOTA_trainSet,False,5,4000,5,exp1_permuted_src_datasets
264,7663.628915531,3.0,1739109119.7058957,,4.196136615064461e-06,1.0,0.001,1,16,40x40,PrototypicalNetwork,5,5,Greek,miniImageNet_SOTA_trainSet,False,5,4000,5,exp1_permuted_src_datasets
265,7663.671577004,3.0,1739109119.7486386,,9.512537872069515e-06,1.0,0.001,1,16,40x40,PrototypicalNetwork,5,5,Greek,miniImageNet_SOTA_trainSet,False,5,4000,5,exp1_permuted_src_datasets
266,7663.714122789,3.0,1739109119.7911022,,7.7170134318294e-06,1.0,0.001,1,16,40x40,PrototypicalNetwork,5,5,Greek,miniImageNet_SOTA_trainSet,False,5,4000,5,exp1_permuted_src_datasets
267,7663.778674,3.0,1739109119.8556805,,7.136032309063012e-06,1.0,0.001,1,16,40x40,PrototypicalNetwork,5,5,Greek,miniImageNet_SOTA_trainSet,False,5,4000,5,exp1_permuted_src_datasets
268,7663.821668171,3.0,1739109119.898707,,3.7550676097453106e-06,1.0,0.001,1,16,40x40,PrototypicalNetwork,5,5,Greek,miniImageNet_SOTA_trainSet,False,5,4000,5,exp1_permuted_src_datasets
269,7663.868759437,3.0,1739109119.9457889,,7.63674051995622e-06,1.0,0.001,1,16,40x40,PrototypicalNetwork,5,5,Greek,miniImageNet_SOTA_trainSet,False,5,4000,5,exp1_permuted_src_datasets
270,7663.914366234,3.0,1739109119.991364,,5.739867901866091e-06,1.0,0.001,1,16,40x40,PrototypicalNetwork,5,5,Greek,miniImageNet_SOTA_trainSet,False,5,4000,5,exp1_permuted_src_datasets
271,7663.95413959,3.0,1739109120.0311756,,5.753282493969891e-06,1.0,0.001,1,16,40x40,PrototypicalNetwork,5,5,Greek,miniImageNet_SOTA_trainSet,False,5,4000,5,exp1_permuted_src_datasets
272,7664.002418125,3.0,1739109120.079439,,4.750446350954007e-06,1.0,0.001,1,16,40x40,PrototypicalNetwork,5,5,Greek,miniImageNet_SOTA_trainSet,False,5,4000,5,exp1_permuted_src_datasets
273,7664.041569565,3.0,1739109120.1185842,,5.656399480358232e-06,1.0,0.001,1,16,40x40,PrototypicalNetwork,5,5,Greek,miniImageNet_SOTA_trainSet,False,5,4000,5,exp1_permuted_src_datasets
274,7664.090499253,3.0,1739109120.1675215,,7.3610281106084585e-06,1.0,0.001,1,16,40x40,PrototypicalNetwork,5,5,Greek,miniImageNet_SOTA_trainSet,False,5,4000,5,exp1_permuted_src_datasets
275,7664.130879898,3.0,1739109120.2078936,,4.528405952441972e-06,1.0,0.001,1,16,40x40,PrototypicalNetwork,5,5,Greek,miniImageNet_SOTA_trainSet,False,5,4000,5,exp1_permuted_src_datasets
276,7664.171643499,3.0,1739109120.2486818,,7.8304356065928e-06,1.0,0.001,1,16,40x40,PrototypicalNetwork,5,5,Greek,miniImageNet_SOTA_trainSet,False,5,4000,5,exp1_permuted_src_datasets
277,7664.21432637,3.0,1739109120.2912686,,4.634220204025041e-06,1.0,0.001,1,16,40x40,PrototypicalNetwork,5,5,Greek,miniImageNet_SOTA_trainSet,False,5,4000,5,exp1_permuted_src_datasets
278,7664.257492868,3.0,1739109120.3345218,,6.301620942394948e-06,1.0,0.001,1,16,40x40,PrototypicalNetwork,5,5,Greek,miniImageNet_SOTA_trainSet,False,5,4000,5,exp1_permuted_src_datasets
279,7664.303046148,3.0,1739109120.3800414,,6.688961093459511e-06,1.0,0.001,1,16,40x40,PrototypicalNetwork,5,5,Greek,miniImageNet_SOTA_trainSet,False,5,4000,5,exp1_permuted_src_datasets
280,7664.353177844,3.0,1739109120.4301822,,5.547646196646383e-06,1.0,0.001,1,16,40x40,PrototypicalNetwork,5,5,Greek,miniImageNet_SOTA_trainSet,False,5,4000,5,exp1_permuted_src_datasets
281,7664.4104816,3.0,1739109120.4874396,,8.970293492893688e-06,1.0,0.001,1,16,40x40,PrototypicalNetwork,5,5,Greek,miniImageNet_SOTA_trainSet,False,5,4000,5,exp1_permuted_src_datasets
282,7664.466891852,3.0,1739109120.5439389,,6.966177352296654e-06,1.0,0.001,1,16,40x40,PrototypicalNetwork,5,5,Greek,miniImageNet_SOTA_trainSet,False,5,4000,5,exp1_permuted_src_datasets
283,7664.537140664,3.0,1739109120.6138904,,5.207900358072948e-06,1.0,0.001,1,16,40x40,PrototypicalNetwork,5,5,Greek,miniImageNet_SOTA_trainSet,False,5,4000,5,exp1_permuted_src_datasets
284,7664.5818415,3.0,1739109120.658823,,7.746677511022426e-06,1.0,0.001,1,16,40x40,PrototypicalNetwork,5,5,Greek,miniImageNet_SOTA_trainSet,False,5,4000,5,exp1_permuted_src_datasets
285,7664.621589875,3.0,1739109120.698543,,4.881567292613909e-06,1.0,0.001,1,16,40x40,PrototypicalNetwork,5,5,Greek,miniImageNet_SOTA_trainSet,False,5,4000,5,exp1_permuted_src_datasets
286,7664.679271897,3.0,1739109120.7563624,,3.6507622098724823e-06,1.0,0.001,1,16,40x40,PrototypicalNetwork,5,5,Greek,miniImageNet_SOTA_trainSet,False,5,4000,5,exp1_permuted_src_datasets
287,7664.717570958,3.0,1739109120.7946122,,4.622307187673869e-06,1.0,0.001,1,16,40x40,PrototypicalNetwork,5,5,Greek,miniImageNet_SOTA_trainSet,False,5,4000,5,exp1_permuted_src_datasets
288,7664.756032241,3.0,1739109120.8330498,,9.327482075605076e-06,1.0,0.001,1,16,40x40,PrototypicalNetwork,5,5,Greek,miniImageNet_SOTA_trainSet,False,5,4000,5,exp1_permuted_src_datasets
289,7664.811464284,3.0,1739109120.8885343,,3.334864686621586e-06,1.0,0.001,1,16,40x40,PrototypicalNetwork,5,5,Greek,miniImageNet_SOTA_trainSet,False,5,4000,5,exp1_permuted_src_datasets
290,7664.88812249,3.0,1739109120.9650476,,1.0032272257376462e-05,1.0,0.001,1,16,40x40,PrototypicalNetwork,5,5,Greek,miniImageNet_SOTA_trainSet,False,5,4000,5,exp1_permuted_src_datasets
291,7664.936155596,3.0,1739109121.0131598,,4.702753813035088e-06,1.0,0.001,1,16,40x40,PrototypicalNetwork,5,5,Greek,miniImageNet_SOTA_trainSet,False,5,4000,5,exp1_permuted_src_datasets
292,7664.984442079,3.0,1739109121.0614545,,4.196118425170425e-06,1.0,0.001,1,16,40x40,PrototypicalNetwork,5,5,Greek,miniImageNet_SOTA_trainSet,False,5,4000,5,exp1_permuted_src_datasets
293,7665.031775333,3.0,1739109121.1088402,,4.610376436176011e-06,1.0,0.001,1,16,40x40,PrototypicalNetwork,5,5,Greek,miniImageNet_SOTA_trainSet,False,5,4000,5,exp1_permuted_src_datasets
294,7665.070528354,3.0,1739109121.1476066,,5.479073934111511e-06,1.0,0.001,1,16,40x40,PrototypicalNetwork,5,5,Greek,miniImageNet_SOTA_trainSet,False,5,4000,5,exp1_permuted_src_datasets
295,7665.13911863,3.0,1739109121.2160347,,8.628810974187218e-06,1.0,0.001,1,16,40x40,PrototypicalNetwork,5,5,Greek,miniImageNet_SOTA_trainSet,False,5,4000,5,exp1_permuted_src_datasets
296,7665.186234886,3.0,1739109121.2632363,,2.8818690225307364e-06,1.0,0.001,1,16,40x40,PrototypicalNetwork,5,5,Greek,miniImageNet_SOTA_trainSet,False,5,4000,5,exp1_permuted_src_datasets
297,7665.22559909,3.0,1739109121.302642,,3.771447609324241e-06,1.0,0.001,1,16,40x40,PrototypicalNetwork,5,5,Greek,miniImageNet_SOTA_trainSet,False,5,4000,5,exp1_permuted_src_datasets
298,7665.265341881,3.0,1739109121.3423743,,2.8863414627267048e-06,1.0,0.001,1,16,40x40,PrototypicalNetwork,5,5,Greek,miniImageNet_SOTA_trainSet,False,5,4000,5,exp1_permuted_src_datasets
299,7665.302732084,3.0,1739109121.3797858,,3.0562036954506766e-06,1.0,0.001,1,16,40x40,PrototypicalNetwork,5,5,Greek,miniImageNet_SOTA_trainSet,False,5,4000,5,exp1_permuted_src_datasets
300,7665.358529589,3.0,1739109121.43557,,4.404706032801187e-06,1.0,0.001,1,16,40x40,PrototypicalNetwork,5,5,Greek,miniImageNet_SOTA_trainSet,False,5,4000,5,exp1_permuted_src_datasets
301,7665.410808436,3.0,1739109121.4878345,,4.01724628318334e-06,1.0,0.001,1,16,40x40,PrototypicalNetwork,5,5,Greek,miniImageNet_SOTA_trainSet,False,5,4000,5,exp1_permuted_src_datasets
302,7665.459927293,3.0,1739109121.5369139,,2.0086695258214604e-06,1.0,0.001,1,16,40x40,PrototypicalNetwork,5,5,Greek,miniImageNet_SOTA_trainSet,False,5,4000,5,exp1_permuted_src_datasets
303,7665.511599227,3.0,1739109121.5886374,,3.918907623301493e-06,1.0,0.001,1,16,40x40,PrototypicalNetwork,5,5,Greek,miniImageNet_SOTA_trainSet,False,5,4000,5,exp1_permuted_src_datasets
304,7665.572324884,3.0,1739109121.6493702,,4.507553057919722e-06,1.0,0.001,1,16,40x40,PrototypicalNetwork,5,5,Greek,miniImageNet_SOTA_trainSet,False,5,4000,5,exp1_permuted_src_datasets
305,7665.652741466,3.0,1739109121.72968,,4.558185992209474e-06,1.0,0.001,1,16,40x40,PrototypicalNetwork,5,5,Greek,miniImageNet_SOTA_trainSet,False,5,4000,5,exp1_permuted_src_datasets
306,7665.697477919,3.0,1739109121.7745125,,2.5689491849334445e-06,1.0,0.001,1,16,40x40,PrototypicalNetwork,5,5,Greek,miniImageNet_SOTA_trainSet,False,5,4000,5,exp1_permuted_src_datasets
307,7665.754320171,3.0,1739109121.8313038,,4.1976077227445785e-06,1.0,0.001,1,16,40x40,PrototypicalNetwork,5,5,Greek,miniImageNet_SOTA_trainSet,False,5,4000,5,exp1_permuted_src_datasets
308,7665.796921928,3.0,1739109121.873954,,2.8833562737418106e-06,1.0,0.001,1,16,40x40,PrototypicalNetwork,5,5,Greek,miniImageNet_SOTA_trainSet,False,5,4000,5,exp1_permuted_src_datasets
309,7665.851132557,3.0,1739109121.9281864,,3.6581745916919317e-06,1.0,0.001,1,16,40x40,PrototypicalNetwork,5,5,Greek,miniImageNet_SOTA_trainSet,False,5,4000,5,exp1_permuted_src_datasets
310,7665.891009524,3.0,1739109121.9680574,,3.1903146009426564e-06,1.0,0.001,1,16,40x40,PrototypicalNetwork,5,5,Greek,miniImageNet_SOTA_trainSet,False,5,4000,5,exp1_permuted_src_datasets
311,7665.93323968,3.0,1739109122.0103233,,4.2883802962023765e-06,1.0,0.001,1,16,40x40,PrototypicalNetwork,5,5,Greek,miniImageNet_SOTA_trainSet,False,5,4000,5,exp1_permuted_src_datasets
312,7665.978198886,3.0,1739109122.0552697,,4.488113972911378e-06,1.0,0.001,1,16,40x40,PrototypicalNetwork,5,5,Greek,miniImageNet_SOTA_trainSet,False,5,4000,5,exp1_permuted_src_datasets
313,7666.026731566,3.0,1739109122.1037853,,2.965306748592411e-06,1.0,0.001,1,16,40x40,PrototypicalNetwork,5,5,Greek,miniImageNet_SOTA_trainSet,False,5,4000,5,exp1_permuted_src_datasets
314,7666.068071963,3.0,1739109122.1451259,,2.2366489247360732e-06,1.0,0.001,1,16,40x40,PrototypicalNetwork,5,5,Greek,miniImageNet_SOTA_trainSet,False,5,4000,5,exp1_permuted_src_datasets
315,7666.144039229,3.0,1739109122.2211046,,1.971415940715815e-06,1.0,0.001,1,16,40x40,PrototypicalNetwork,5,5,Greek,miniImageNet_SOTA_trainSet,False,5,4000,5,exp1_permuted_src_datasets
316,7666.236329896,3.0,1739109122.3133028,,2.30519299293519e-06,1.0,0.001,1,16,40x40,PrototypicalNetwork,5,5,Greek,miniImageNet_SOTA_trainSet,False,5,4000,5,exp1_permuted_src_datasets
317,7666.299742526,3.0,1739109122.3767834,,2.364799456699984e-06,1.0,0.001,1,16,40x40,PrototypicalNetwork,5,5,Greek,miniImageNet_SOTA_trainSet,False,5,4000,5,exp1_permuted_src_datasets
318,8918.556505968,3.0,1739110374.633691,0.9114500000476837,,,0.001,1,16,40x40,PrototypicalNetwork,5,5,Greek,miniImageNet_SOTA_trainSet,False,5,4000,5,exp1_permuted_src_datasets
319,8918.592708011,3.0,1739110374.669775,,2.3483889890485443e-06,1.0,0.001,1,16,40x40,PrototypicalNetwork,5,5,Greek,miniImageNet_SOTA_trainSet,False,5,4000,5,exp1_permuted_src_datasets
320,8918.633231765,3.0,1739110374.710231,,4.169267867837334e-06,1.0,0.001,1,16,40x40,PrototypicalNetwork,5,5,Greek,miniImageNet_SOTA_trainSet,False,5,4000,5,exp1_permuted_src_datasets
321,8918.675022657,3.0,1739110374.752,,1.77918957433576e-06,1.0,0.001,1,16,40x40,PrototypicalNetwork,5,5,Greek,miniImageNet_SOTA_trainSet,False,5,4000,5,exp1_permuted_src_datasets
322,8918.723953946,3.0,1739110374.8009512,,1.5377966064988868e-06,1.0,0.001,1,16,40x40,PrototypicalNetwork,5,5,Greek,miniImageNet_SOTA_trainSet,False,5,4000,5,exp1_permuted_src_datasets
323,8918.764307764,3.0,1739110374.841379,,1.5124614947126247e-06,1.0,0.001,1,16,40x40,PrototypicalNetwork,5,5,Greek,miniImageNet_SOTA_trainSet,False,5,4000,5,exp1_permuted_src_datasets
324,8918.804853547,3.0,1739110374.8819048,,2.6568552584649296e-06,1.0,0.001,1,16,40x40,PrototypicalNetwork,5,5,Greek,miniImageNet_SOTA_trainSet,False,5,4000,5,exp1_permuted_src_datasets
325,8918.849246541,3.0,1739110374.9262698,,2.5376402845722623e-06,1.0,0.001,1,16,40x40,PrototypicalNetwork,5,5,Greek,miniImageNet_SOTA_trainSet,False,5,4000,5,exp1_permuted_src_datasets
326,8918.890097553,3.0,1739110374.9671822,,1.4960719454393256e-06,1.0,0.001,1,16,40x40,PrototypicalNetwork,5,5,Greek,miniImageNet_SOTA_trainSet,False,5,4000,5,exp1_permuted_src_datasets
327,8918.938796313,3.0,1739110375.0158675,,1.966943727893522e-06,1.0,0.001,1,16,40x40,PrototypicalNetwork,5,5,Greek,miniImageNet_SOTA_trainSet,False,5,4000,5,exp1_permuted_src_datasets
328,8918.985758188,3.0,1739110375.0627897,,2.1025375644967426e-06,1.0,0.001,1,16,40x40,PrototypicalNetwork,5,5,Greek,miniImageNet_SOTA_trainSet,False,5,4000,5,exp1_permuted_src_datasets
329,8919.027000831,3.0,1739110375.104015,,1.2695753639491159e-06,1.0,0.001,1,16,40x40,PrototypicalNetwork,5,5,Greek,miniImageNet_SOTA_trainSet,False,5,4000,5,exp1_permuted_src_datasets
330,8919.083305599,3.0,1739110375.1603112,,3.0844760203763144e-06,1.0,0.001,1,16,40x40,PrototypicalNetwork,5,5,Greek,miniImageNet_SOTA_trainSet,False,5,4000,5,exp1_permuted_src_datasets
331,8919.125062264,3.0,1739110375.202109,,2.746256768659805e-06,1.0,0.001,1,16,40x40,PrototypicalNetwork,5,5,Greek,miniImageNet_SOTA_trainSet,False,5,4000,5,exp1_permuted_src_datasets
332,8919.172591739,3.0,1739110375.2496204,,1.2010293630737578e-06,1.0,0.001,1,16,40x40,PrototypicalNetwork,5,5,Greek,miniImageNet_SOTA_trainSet,False,5,4000,5,exp1_permuted_src_datasets
333,8919.221381516,3.0,1739110375.2984004,,2.7939265692111803e-06,1.0,0.001,1,16,40x40,PrototypicalNetwork,5,5,Greek,miniImageNet_SOTA_trainSet,False,5,4000,5,exp1_permuted_src_datasets
334,8919.268679458,3.0,1739110375.3455136,,1.7493779296273715e-06,1.0,0.001,1,16,40x40,PrototypicalNetwork,5,5,Greek,miniImageNet_SOTA_trainSet,False,5,4000,5,exp1_permuted_src_datasets
335,8919.310262024,3.0,1739110375.387287,,1.2949077472512727e-06,1.0,0.001,1,16,40x40,PrototypicalNetwork,5,5,Greek,miniImageNet_SOTA_trainSet,False,5,4000,5,exp1_permuted_src_datasets
336,8919.36091614,3.0,1739110375.4379315,,2.2053329757909523e-06,1.0,0.001,1,16,40x40,PrototypicalNetwork,5,5,Greek,miniImageNet_SOTA_trainSet,False,5,4000,5,exp1_permuted_src_datasets
337,8919.40000853,3.0,1739110375.4770877,,1.0386081612523412e-06,1.0,0.001,1,16,40x40,PrototypicalNetwork,5,5,Greek,miniImageNet_SOTA_trainSet,False,5,4000,5,exp1_permuted_src_datasets
338,8919.438655611,3.0,1739110375.515719,,1.4081504104979103e-06,1.0,0.001,1,16,40x40,PrototypicalNetwork,5,5,Greek,miniImageNet_SOTA_trainSet,False,5,4000,5,exp1_permuted_src_datasets
339,8919.476612251,3.0,1739110375.553646,,1.4141144220047863e-06,1.0,0.001,1,16,40x40,PrototypicalNetwork,5,5,Greek,miniImageNet_SOTA_trainSet,False,5,4000,5,exp1_permuted_src_datasets
340,8919.516513663,3.0,1739110375.5935552,,1.3455708085530205e-06,1.0,0.001,1,16,40x40,PrototypicalNetwork,5,5,Greek,miniImageNet_SOTA_trainSet,False,5,4000,5,exp1_permuted_src_datasets
341,8919.561448279,3.0,1739110375.638507,,1.087780674424721e-06,1.0,0.001,1,16,40x40,PrototypicalNetwork,5,5,Greek,miniImageNet_SOTA_trainSet,False,5,4000,5,exp1_permuted_src_datasets
342,8919.606821396,3.0,1739110375.6838622,,1.3723916936214664e-06,1.0,0.001,1,16,40x40,PrototypicalNetwork,5,5,Greek,miniImageNet_SOTA_trainSet,False,5,4000,5,exp1_permuted_src_datasets
343,8919.653609862,3.0,1739110375.7306545,,6.735305646543566e-07,1.0,0.001,1,16,40x40,PrototypicalNetwork,5,5,Greek,miniImageNet_SOTA_trainSet,False,5,4000,5,exp1_permuted_src_datasets
344,8919.693687497,3.0,1739110375.7707317,,6.511794481411926e-07,1.0,0.001,1,16,40x40,PrototypicalNetwork,5,5,Greek,miniImageNet_SOTA_trainSet,False,5,4000,5,exp1_permuted_src_datasets
345,8919.733533805,3.0,1739110375.8106086,,1.4662498415418668e-06,1.0,0.001,1,16,40x40,PrototypicalNetwork,5,5,Greek,miniImageNet_SOTA_trainSet,False,5,4000,5,exp1_permuted_src_datasets
346,8919.783377296,3.0,1739110375.860415,,7.539966873082449e-07,1.0,0.001,1,16,40x40,PrototypicalNetwork,5,5,Greek,miniImageNet_SOTA_trainSet,False,5,4000,5,exp1_permuted_src_datasets
347,8919.822560524,3.0,1739110375.8996472,,7.927388878670172e-07,1.0,0.001,1,16,40x40,PrototypicalNetwork,5,5,Greek,miniImageNet_SOTA_trainSet,False,5,4000,5,exp1_permuted_src_datasets
348,8919.861577462,3.0,1739110375.9386027,,9.879439630822162e-07,1.0,0.001,1,16,40x40,PrototypicalNetwork,5,5,Greek,miniImageNet_SOTA_trainSet,False,5,4000,5,exp1_permuted_src_datasets
349,8919.900293161,3.0,1739110375.977354,,4.6789600105512363e-07,1.0,0.001,1,16,40x40,PrototypicalNetwork,5,5,Greek,miniImageNet_SOTA_trainSet,False,5,4000,5,exp1_permuted_src_datasets
350,8919.93961847,3.0,1739110376.0166657,,8.076410153989855e-07,1.0,0.001,1,16,40x40,PrototypicalNetwork,5,5,Greek,miniImageNet_SOTA_trainSet,False,5,4000,5,exp1_permuted_src_datasets
351,8920.017669774,3.0,1739110376.0947082,,5.587927489614231e-07,1.0,0.001,1,16,40x40,PrototypicalNetwork,5,5,Greek,miniImageNet_SOTA_trainSet,False,5,4000,5,exp1_permuted_src_datasets
352,8920.062969261,3.0,1739110376.1400328,,4.917379214930406e-07,1.0,0.001,1,16,40x40,PrototypicalNetwork,5,5,Greek,miniImageNet_SOTA_trainSet,False,5,4000,5,exp1_permuted_src_datasets
353,8920.102153843,3.0,1739110376.1791928,,6.809815999986313e-07,1.0,0.001,1,16,40x40,PrototypicalNetwork,5,5,Greek,miniImageNet_SOTA_trainSet,False,5,4000,5,exp1_permuted_src_datasets
354,8920.142628241,3.0,1739110376.2196608,,5.617714009531483e-07,1.0,0.001,1,16,40x40,PrototypicalNetwork,5,5,Greek,miniImageNet_SOTA_trainSet,False,5,4000,5,exp1_permuted_src_datasets
355,8920.183148856,3.0,1739110376.2601707,,4.515047749009682e-07,1.0,0.001,1,16,40x40,PrototypicalNetwork,5,5,Greek,miniImageNet_SOTA_trainSet,False,5,4000,5,exp1_permuted_src_datasets
356,8920.222899978,3.0,1739110376.2999835,,4.6193554226192646e-07,1.0,0.001,1,16,40x40,PrototypicalNetwork,5,5,Greek,miniImageNet_SOTA_trainSet,False,5,4000,5,exp1_permuted_src_datasets
357,8920.26363664,3.0,1739110376.3406515,,3.308055624984263e-07,1.0,0.001,1,16,40x40,PrototypicalNetwork,5,5,Greek,miniImageNet_SOTA_trainSet,False,5,4000,5,exp1_permuted_src_datasets
358,8920.313360787,3.0,1739110376.3904223,,5.39421193934686e-07,1.0,0.001,1,16,40x40,PrototypicalNetwork,5,5,Greek,miniImageNet_SOTA_trainSet,False,5,4000,5,exp1_permuted_src_datasets
359,8920.353428926,3.0,1739110376.4305034,,3.3974615121223906e-07,1.0,0.001,1,16,40x40,PrototypicalNetwork,5,5,Greek,miniImageNet_SOTA_trainSet,False,5,4000,5,exp1_permuted_src_datasets
360,8920.392588192,3.0,1739110376.4696264,,3.9339010982075706e-07,1.0,0.001,1,16,40x40,PrototypicalNetwork,5,5,Greek,miniImageNet_SOTA_trainSet,False,5,4000,5,exp1_permuted_src_datasets
361,8920.433559746,3.0,1739110376.5106566,,5.275002195048728e-07,1.0,0.001,1,16,40x40,PrototypicalNetwork,5,5,Greek,miniImageNet_SOTA_trainSet,False,5,4000,5,exp1_permuted_src_datasets
362,8920.486808049,3.0,1739110376.5638843,,5.096188147035718e-07,1.0,0.001,1,16,40x40,PrototypicalNetwork,5,5,Greek,miniImageNet_SOTA_trainSet,False,5,4000,5,exp1_permuted_src_datasets
363,8920.524708405,3.0,1739110376.6017473,,3.7848917600058485e-07,1.0,0.001,1,16,40x40,PrototypicalNetwork,5,5,Greek,miniImageNet_SOTA_trainSet,False,5,4000,5,exp1_permuted_src_datasets
364,8920.562541518,3.0,1739110376.6395636,,3.1292398716686876e-07,1.0,0.001,1,16,40x40,PrototypicalNetwork,5,5,Greek,miniImageNet_SOTA_trainSet,False,5,4000,5,exp1_permuted_src_datasets
365,8920.59974718,3.0,1739110376.6768038,,3.650781650321733e-07,1.0,0.001,1,16,40x40,PrototypicalNetwork,5,5,Greek,miniImageNet_SOTA_trainSet,False,5,4000,5,exp1_permuted_src_datasets
366,8920.63723318,3.0,1739110376.714258,,5.796539994662453e-07,1.0,0.001,1,16,40x40,PrototypicalNetwork,5,5,Greek,miniImageNet_SOTA_trainSet,False,5,4000,5,exp1_permuted_src_datasets
367,8920.675062406,3.0,1739110376.7520936,,2.7418121817390784e-07,1.0,0.001,1,16,40x40,PrototypicalNetwork,5,5,Greek,miniImageNet_SOTA_trainSet,False,5,4000,5,exp1_permuted_src_datasets
368,8920.722247228,3.0,1739110376.799275,,2.6375042239124014e-07,1.0,0.001,1,16,40x40,PrototypicalNetwork,5,5,Greek,miniImageNet_SOTA_trainSet,False,5,4000,5,exp1_permuted_src_datasets
369,8920.776215793,3.0,1739110376.8532736,,5.155792450750596e-07,1.0,0.001,1,16,40x40,PrototypicalNetwork,5,5,Greek,miniImageNet_SOTA_trainSet,False,5,4000,5,exp1_permuted_src_datasets
370,8920.816301174,3.0,1739110376.8933709,,2.548097484122991e-07,1.0,0.001,1,16,40x40,PrototypicalNetwork,5,5,Greek,miniImageNet_SOTA_trainSet,False,5,4000,5,exp1_permuted_src_datasets
371,8920.856729449,3.0,1739110376.9337435,,3.5017694699490676e-07,1.0,0.001,1,16,40x40,PrototypicalNetwork,5,5,Greek,miniImageNet_SOTA_trainSet,False,5,4000,5,exp1_permuted_src_datasets
372,8920.896694147,3.0,1739110376.973781,,2.6971082434101845e-07,1.0,0.001,1,16,40x40,PrototypicalNetwork,5,5,Greek,miniImageNet_SOTA_trainSet,False,5,4000,5,exp1_permuted_src_datasets
373,8920.94608067,3.0,1739110377.023111,,2.7269106794847175e-07,1.0,0.001,1,16,40x40,PrototypicalNetwork,5,5,Greek,miniImageNet_SOTA_trainSet,False,5,4000,5,exp1_permuted_src_datasets
374,8920.987199356,3.0,1739110377.064219,,2.2351721895574883e-07,1.0,0.001,1,16,40x40,PrototypicalNetwork,5,5,Greek,miniImageNet_SOTA_trainSet,False,5,4000,5,exp1_permuted_src_datasets
375,8921.034719445,3.0,1739110377.1117408,,1.2069935451108904e-07,1.0,0.001,1,16,40x40,PrototypicalNetwork,5,5,Greek,miniImageNet_SOTA_trainSet,False,5,4000,5,exp1_permuted_src_datasets
376,8921.081691938,3.0,1739110377.1586797,,1.5646214990283625e-07,1.0,0.001,1,16,40x40,PrototypicalNetwork,5,5,Greek,miniImageNet_SOTA_trainSet,False,5,4000,5,exp1_permuted_src_datasets
377,8921.128563664,3.0,1739110377.2055905,,2.9504283816095267e-07,1.0,0.001,1,16,40x40,PrototypicalNetwork,5,5,Greek,miniImageNet_SOTA_trainSet,False,5,4000,5,exp1_permuted_src_datasets
378,8921.168274432,3.0,1739110377.2453578,,3.054736623653298e-07,1.0,0.001,1,16,40x40,PrototypicalNetwork,5,5,Greek,miniImageNet_SOTA_trainSet,False,5,4000,5,exp1_permuted_src_datasets
379,8921.220845322,3.0,1739110377.2879717,,2.458685912642977e-07,1.0,0.001,1,16,40x40,PrototypicalNetwork,5,5,Greek,miniImageNet_SOTA_trainSet,False,5,4000,5,exp1_permuted_src_datasets
380,8921.250463232,3.0,1739110377.3275125,,1.356005157049367e-07,1.0,0.001,1,16,40x40,PrototypicalNetwork,5,5,Greek,miniImageNet_SOTA_trainSet,False,5,4000,5,exp1_permuted_src_datasets
381,10164.64500259,3.0,1739111620.678705,0.9030999999046325,,,0.001,1,16,40x40,PrototypicalNetwork,5,5,Greek,miniImageNet_SOTA_trainSet,False,5,4000,5,exp1_permuted_src_datasets
382,10170.202381779,4.0,1739111626.279568,,,,0.001,1,16,40x40,PrototypicalNetwork,5,5,Greek,miniImageNet_SOTA_trainSet,False,5,4000,5,exp1_permuted_src_datasets
383,11412.884903765,4.0,1739112868.919178,0.8487500007152557,,,0.001,1,16,40x40,PrototypicalNetwork,5,5,Greek,miniImageNet_SOTA_trainSet,False,5,4000,5,exp1_permuted_src_datasets
384,11412.884958387,4.0,1739112868.949124,,0.06878650933504105,1.0,0.001,1,16,40x40,PrototypicalNetwork,5,5,Greek,miniImageNet_SOTA_trainSet,False,5,4000,5,exp1_permuted_src_datasets
385,11412.916500562,4.0,1739112868.9935348,,0.03435886651277542,1.0,0.001,1,16,40x40,PrototypicalNetwork,5,5,Greek,miniImageNet_SOTA_trainSet,False,5,4000,5,exp1_permuted_src_datasets
386,11412.966425662,4.0,1739112869.0434864,,0.014843689277768135,1.0,0.001,1,16,40x40,PrototypicalNetwork,5,5,Greek,miniImageNet_SOTA_trainSet,False,5,4000,5,exp1_permuted_src_datasets
387,11413.005595502,4.0,1739112869.0826368,,0.007326018065214157,1.0,0.001,1,16,40x40,PrototypicalNetwork,5,5,Greek,miniImageNet_SOTA_trainSet,False,5,4000,5,exp1_permuted_src_datasets
388,11413.043257455,4.0,1739112869.1203322,,0.0030732164159417152,1.0,0.001,1,16,40x40,PrototypicalNetwork,5,5,Greek,miniImageNet_SOTA_trainSet,False,5,4000,5,exp1_permuted_src_datasets
389,11413.082205647,4.0,1739112869.159204,,0.0018637534230947495,1.0,0.001,1,16,40x40,PrototypicalNetwork,5,5,Greek,miniImageNet_SOTA_trainSet,False,5,4000,5,exp1_permuted_src_datasets
390,11413.120317051,4.0,1739112869.1973567,,0.0007894065929576755,1.0,0.001,1,16,40x40,PrototypicalNetwork,5,5,Greek,miniImageNet_SOTA_trainSet,False,5,4000,5,exp1_permuted_src_datasets
391,11413.16497446,4.0,1739112869.2419324,,0.0002605991321615875,1.0,0.001,1,16,40x40,PrototypicalNetwork,5,5,Greek,miniImageNet_SOTA_trainSet,False,5,4000,5,exp1_permuted_src_datasets
392,11413.203828348,4.0,1739112869.2808774,,0.0002349702117498964,1.0,0.001,1,16,40x40,PrototypicalNetwork,5,5,Greek,miniImageNet_SOTA_trainSet,False,5,4000,5,exp1_permuted_src_datasets
393,11413.239677046,4.0,1739112869.3167577,,0.00013961861259303987,1.0,0.001,1,16,40x40,PrototypicalNetwork,5,5,Greek,miniImageNet_SOTA_trainSet,False,5,4000,5,exp1_permuted_src_datasets
394,11413.278470931,4.0,1739112869.355498,,9.580516052665189e-05,1.0,0.001,1,16,40x40,PrototypicalNetwork,5,5,Greek,miniImageNet_SOTA_trainSet,False,5,4000,5,exp1_permuted_src_datasets
395,11413.330676902,4.0,1739112869.4077215,,7.25194186088629e-05,1.0,0.001,1,16,40x40,PrototypicalNetwork,5,5,Greek,miniImageNet_SOTA_trainSet,False,5,4000,5,exp1_permuted_src_datasets
396,11413.367704963,4.0,1739112869.444771,,2.303781730006449e-05,1.0,0.001,1,16,40x40,PrototypicalNetwork,5,5,Greek,miniImageNet_SOTA_trainSet,False,5,4000,5,exp1_permuted_src_datasets
397,11413.405693994,4.0,1739112869.4827344,,8.18891276139766e-05,1.0,0.001,1,16,40x40,PrototypicalNetwork,5,5,Greek,miniImageNet_SOTA_trainSet,False,5,4000,5,exp1_permuted_src_datasets
398,11413.443757691,4.0,1739112869.5207455,,1.878062539617531e-05,1.0,0.001,1,16,40x40,PrototypicalNetwork,5,5,Greek,miniImageNet_SOTA_trainSet,False,5,4000,5,exp1_permuted_src_datasets
399,11413.482472439,4.0,1739112869.5595043,,1.6554400644963607e-05,1.0,0.001,1,16,40x40,PrototypicalNetwork,5,5,Greek,miniImageNet_SOTA_trainSet,False,5,4000,5,exp1_permuted_src_datasets
400,11413.520878491,4.0,1739112869.597924,,8.919642823457252e-06,1.0,0.001,1,16,40x40,PrototypicalNetwork,5,5,Greek,miniImageNet_SOTA_trainSet,False,5,4000,5,exp1_permuted_src_datasets
401,11413.560994188,4.0,1739112869.6380162,,7.408716101053869e-06,1.0,0.001,1,16,40x40,PrototypicalNetwork,5,5,Greek,miniImageNet_SOTA_trainSet,False,5,4000,5,exp1_permuted_src_datasets
402,11413.599657371,4.0,1739112869.6767197,,1.3285901331983041e-05,1.0,0.001,1,16,40x40,PrototypicalNetwork,5,5,Greek,miniImageNet_SOTA_trainSet,False,5,4000,5,exp1_permuted_src_datasets
403,11413.63744046,4.0,1739112869.7145123,,3.8012469758541556e-06,1.0,0.001,1,16,40x40,PrototypicalNetwork,5,5,Greek,miniImageNet_SOTA_trainSet,False,5,4000,5,exp1_permuted_src_datasets
404,11413.675669688,4.0,1739112869.7526944,,5.091635557619156e-06,1.0,0.001,1,16,40x40,PrototypicalNetwork,5,5,Greek,miniImageNet_SOTA_trainSet,False,5,4000,5,exp1_permuted_src_datasets
405,11413.714219903,4.0,1739112869.7912931,,6.240322363737505e-06,1.0,0.001,1,16,40x40,PrototypicalNetwork,5,5,Greek,miniImageNet_SOTA_trainSet,False,5,4000,5,exp1_permuted_src_datasets
406,11413.752475688,4.0,1739112869.8295062,,5.774074907094473e-06,1.0,0.001,1,16,40x40,PrototypicalNetwork,5,5,Greek,miniImageNet_SOTA_trainSet,False,5,4000,5,exp1_permuted_src_datasets
407,11413.790970717,4.0,1739112869.8679938,,6.900115295138676e-06,1.0,0.001,1,16,40x40,PrototypicalNetwork,5,5,Greek,miniImageNet_SOTA_trainSet,False,5,4000,5,exp1_permuted_src_datasets
408,11413.830451627,4.0,1739112869.9075117,,1.9147923921991605e-06,1.0,0.001,1,16,40x40,PrototypicalNetwork,5,5,Greek,miniImageNet_SOTA_trainSet,False,5,4000,5,exp1_permuted_src_datasets
409,11413.868970329,4.0,1739112869.9460456,,3.179754912707722e-06,1.0,0.001,1,16,40x40,PrototypicalNetwork,5,5,Greek,miniImageNet_SOTA_trainSet,False,5,4000,5,exp1_permuted_src_datasets
410,11413.906804712,4.0,1739112869.983878,,1.9267131392552983e-06,1.0,0.001,1,16,40x40,PrototypicalNetwork,5,5,Greek,miniImageNet_SOTA_trainSet,False,5,4000,5,exp1_permuted_src_datasets
411,11413.944695754,4.0,1739112870.0217564,,3.0934538699511904e-06,1.0,0.001,1,16,40x40,PrototypicalNetwork,5,5,Greek,miniImageNet_SOTA_trainSet,False,5,4000,5,exp1_permuted_src_datasets
412,11413.982838913,4.0,1739112870.059891,,1.2189108247184777e-06,1.0,0.001,1,16,40x40,PrototypicalNetwork,5,5,Greek,miniImageNet_SOTA_trainSet,False,5,4000,5,exp1_permuted_src_datasets
413,11414.020643735,4.0,1739112870.0977354,,3.549294660842861e-06,1.0,0.001,1,16,40x40,PrototypicalNetwork,5,5,Greek,miniImageNet_SOTA_trainSet,False,5,4000,5,exp1_permuted_src_datasets
414,11414.059343408,4.0,1739112870.1363907,,1.7091537074520602e-06,1.0,0.001,1,16,40x40,PrototypicalNetwork,5,5,Greek,miniImageNet_SOTA_trainSet,False,5,4000,5,exp1_permuted_src_datasets
415,11414.097615187,4.0,1739112870.1746614,,1.1712270406860625e-06,1.0,0.001,1,16,40x40,PrototypicalNetwork,5,5,Greek,miniImageNet_SOTA_trainSet,False,5,4000,5,exp1_permuted_src_datasets
416,11414.142049945,4.0,1739112870.2190619,,5.652850632031914e-06,1.0,0.001,1,16,40x40,PrototypicalNetwork,5,5,Greek,miniImageNet_SOTA_trainSet,False,5,4000,5,exp1_permuted_src_datasets
417,11414.206618002,4.0,1739112870.2835503,,2.127867219314794e-06,1.0,0.001,1,16,40x40,PrototypicalNetwork,5,5,Greek,miniImageNet_SOTA_trainSet,False,5,4000,5,exp1_permuted_src_datasets
418,11414.247725927,4.0,1739112870.3247736,,7.823091436875984e-07,1.0,0.001,1,16,40x40,PrototypicalNetwork,5,5,Greek,miniImageNet_SOTA_trainSet,False,5,4000,5,exp1_permuted_src_datasets
419,11414.285798674,4.0,1739112870.3628674,,2.434804173390148e-06,1.0,0.001,1,16,40x40,PrototypicalNetwork,5,5,Greek,miniImageNet_SOTA_trainSet,False,5,4000,5,exp1_permuted_src_datasets
420,11414.323835782,4.0,1739112870.4009104,,2.6269231057085562e-06,1.0,0.001,1,16,40x40,PrototypicalNetwork,5,5,Greek,miniImageNet_SOTA_trainSet,False,5,4000,5,exp1_permuted_src_datasets
421,11414.361658382,4.0,1739112870.438706,,5.200498094382056e-07,1.0,0.001,1,16,40x40,PrototypicalNetwork,5,5,Greek,miniImageNet_SOTA_trainSet,False,5,4000,5,exp1_permuted_src_datasets
422,11414.399569504,4.0,1739112870.476615,,8.836374831844296e-07,1.0,0.001,1,16,40x40,PrototypicalNetwork,5,5,Greek,miniImageNet_SOTA_trainSet,False,5,4000,5,exp1_permuted_src_datasets
423,11414.437114892,4.0,1739112870.5141912,,7.882701424932748e-07,1.0,0.001,1,16,40x40,PrototypicalNetwork,5,5,Greek,miniImageNet_SOTA_trainSet,False,5,4000,5,exp1_permuted_src_datasets
424,11414.481629724,4.0,1739112870.5585968,,1.0639403171808226e-06,1.0,0.001,1,16,40x40,PrototypicalNetwork,5,5,Greek,miniImageNet_SOTA_trainSet,False,5,4000,5,exp1_permuted_src_datasets
425,11414.522980663,4.0,1739112870.6000445,,5.826345841342118e-07,1.0,0.001,1,16,40x40,PrototypicalNetwork,5,5,Greek,miniImageNet_SOTA_trainSet,False,5,4000,5,exp1_permuted_src_datasets
426,11414.564060574,4.0,1739112870.6411512,,1.2248631264810683e-06,1.0,0.001,1,16,40x40,PrototypicalNetwork,5,5,Greek,miniImageNet_SOTA_trainSet,False,5,4000,5,exp1_permuted_src_datasets
427,11414.604587653,4.0,1739112870.681582,,5.0552707762108184e-06,1.0,0.001,1,16,40x40,PrototypicalNetwork,5,5,Greek,miniImageNet_SOTA_trainSet,False,5,4000,5,exp1_permuted_src_datasets
428,11414.64676446,4.0,1739112870.7237248,,5.975350063636142e-07,1.0,0.001,1,16,40x40,PrototypicalNetwork,5,5,Greek,miniImageNet_SOTA_trainSet,False,5,4000,5,exp1_permuted_src_datasets
429,11414.688064987,4.0,1739112870.765101,,4.6697064135514665e-06,1.0,0.001,1,16,40x40,PrototypicalNetwork,5,5,Greek,miniImageNet_SOTA_trainSet,False,5,4000,5,exp1_permuted_src_datasets
430,11414.729888003,4.0,1739112870.806901,,1.5705712712588138e-06,1.0,0.001,1,16,40x40,PrototypicalNetwork,5,5,Greek,miniImageNet_SOTA_trainSet,False,5,4000,5,exp1_permuted_src_datasets
431,11414.770617712,4.0,1739112870.8476837,,1.2367885346975527e-06,1.0,0.001,1,16,40x40,PrototypicalNetwork,5,5,Greek,miniImageNet_SOTA_trainSet,False,5,4000,5,exp1_permuted_src_datasets
432,11414.815567947,4.0,1739112870.892657,,5.379309300224122e-07,1.0,0.001,1,16,40x40,PrototypicalNetwork,5,5,Greek,miniImageNet_SOTA_trainSet,False,5,4000,5,exp1_permuted_src_datasets
433,11414.853249446,4.0,1739112870.9303038,,6.28332873020554e-06,1.0,0.001,1,16,40x40,PrototypicalNetwork,5,5,Greek,miniImageNet_SOTA_trainSet,False,5,4000,5,exp1_permuted_src_datasets
434,11414.890293708,4.0,1739112870.9673588,,1.171226017504523e-06,1.0,0.001,1,16,40x40,PrototypicalNetwork,5,5,Greek,miniImageNet_SOTA_trainSet,False,5,4000,5,exp1_permuted_src_datasets
435,11414.931167777,4.0,1739112871.0082428,,1.059468786479556e-06,1.0,0.001,1,16,40x40,PrototypicalNetwork,5,5,Greek,miniImageNet_SOTA_trainSet,False,5,4000,5,exp1_permuted_src_datasets
436,11414.967744807,4.0,1739112871.0447628,,1.5854748198762536e-06,1.0,0.001,1,16,40x40,PrototypicalNetwork,5,5,Greek,miniImageNet_SOTA_trainSet,False,5,4000,5,exp1_permuted_src_datasets
437,11415.020804929,4.0,1739112871.097704,,7.078030535012658e-07,1.0,0.001,1,16,40x40,PrototypicalNetwork,5,5,Greek,miniImageNet_SOTA_trainSet,False,5,4000,5,exp1_permuted_src_datasets
438,11415.070299539,4.0,1739112871.1473887,,2.372230028413469e-06,1.0,0.001,1,16,40x40,PrototypicalNetwork,5,5,Greek,miniImageNet_SOTA_trainSet,False,5,4000,5,exp1_permuted_src_datasets
439,11415.109023147,4.0,1739112871.1860847,,1.5988816812750883e-06,1.0,0.001,1,16,40x40,PrototypicalNetwork,5,5,Greek,miniImageNet_SOTA_trainSet,False,5,4000,5,exp1_permuted_src_datasets
440,11415.149709768,4.0,1739112871.2266855,,6.124352580627601e-07,1.0,0.001,1,16,40x40,PrototypicalNetwork,5,5,Greek,miniImageNet_SOTA_trainSet,False,5,4000,5,exp1_permuted_src_datasets
441,11415.190006053,4.0,1739112871.2671204,,8.731989282750874e-07,1.0,0.001,1,16,40x40,PrototypicalNetwork,5,5,Greek,miniImageNet_SOTA_trainSet,False,5,4000,5,exp1_permuted_src_datasets
442,11415.227267885,4.0,1739112871.304224,,7.227050673463964e-07,1.0,0.001,1,16,40x40,PrototypicalNetwork,5,5,Greek,miniImageNet_SOTA_trainSet,False,5,4000,5,exp1_permuted_src_datasets
443,11415.282051538,4.0,1739112871.3590903,,7.733679012744687e-07,1.0,0.001,1,16,40x40,PrototypicalNetwork,5,5,Greek,miniImageNet_SOTA_trainSet,False,5,4000,5,exp1_permuted_src_datasets
444,11415.319448738,4.0,1739112871.3965335,,6.824714660069731e-07,1.0,0.001,1,16,40x40,PrototypicalNetwork,5,5,Greek,miniImageNet_SOTA_trainSet,False,5,4000,5,exp1_permuted_src_datasets
445,11415.356225275,4.0,1739112871.4332113,,7.063125622153166e-07,1.0,0.001,1,16,40x40,PrototypicalNetwork,5,5,Greek,miniImageNet_SOTA_trainSet,False,5,4000,5,exp1_permuted_src_datasets
446,12637.66748964,4.0,1739114093.7446704,0.8950000007152558,,,0.001,1,16,40x40,PrototypicalNetwork,5,5,Greek,miniImageNet_SOTA_trainSet,False,5,4000,5,exp1_permuted_src_datasets
447,12637.71605325,4.0,1739114093.7931113,,1.183129938908678e-06,1.0,0.001,1,16,40x40,PrototypicalNetwork,5,5,Greek,miniImageNet_SOTA_trainSet,False,5,4000,5,exp1_permuted_src_datasets
448,12637.755947744,4.0,1739114093.8329713,,5.513418841474049e-07,1.0,0.001,1,16,40x40,PrototypicalNetwork,5,5,Greek,miniImageNet_SOTA_trainSet,False,5,4000,5,exp1_permuted_src_datasets
449,12637.810709336,4.0,1739114093.8877544,,1.2084682339263964e-06,1.0,0.001,1,16,40x40,PrototypicalNetwork,5,5,Greek,miniImageNet_SOTA_trainSet,False,5,4000,5,exp1_permuted_src_datasets
450,12637.856977945,4.0,1739114093.9339175,,1.0505269756322377e-06,1.0,0.001,1,16,40x40,PrototypicalNetwork,5,5,Greek,miniImageNet_SOTA_trainSet,False,5,4000,5,exp1_permuted_src_datasets
451,12637.909132842,4.0,1739114093.9862032,,6.005159320920939e-07,1.0,0.001,1,16,40x40,PrototypicalNetwork,5,5,Greek,miniImageNet_SOTA_trainSet,False,5,4000,5,exp1_permuted_src_datasets
452,12637.949468852,4.0,1739114094.0265193,,3.993507959876297e-07,1.0,0.001,1,16,40x40,PrototypicalNetwork,5,5,Greek,miniImageNet_SOTA_trainSet,False,5,4000,5,exp1_permuted_src_datasets
453,12637.994627641,4.0,1739114094.0716915,,4.410732685755647e-07,1.0,0.001,1,16,40x40,PrototypicalNetwork,5,5,Greek,miniImageNet_SOTA_trainSet,False,5,4000,5,exp1_permuted_src_datasets
454,12638.03463876,4.0,1739114094.1116943,,3.4733225220406894e-06,1.0,0.001,1,16,40x40,PrototypicalNetwork,5,5,Greek,miniImageNet_SOTA_trainSet,False,5,4000,5,exp1_permuted_src_datasets
455,12638.077667778,4.0,1739114094.1547031,,1.2442399111023406e-06,1.0,0.001,1,16,40x40,PrototypicalNetwork,5,5,Greek,miniImageNet_SOTA_trainSet,False,5,4000,5,exp1_permuted_src_datasets
456,12638.129905354,4.0,1739114094.206932,,4.6342552195710596e-07,1.0,0.001,1,16,40x40,PrototypicalNetwork,5,5,Greek,miniImageNet_SOTA_trainSet,False,5,4000,5,exp1_permuted_src_datasets
457,12638.187353305,4.0,1739114094.264388,,7.048212182780844e-07,1.0,0.001,1,16,40x40,PrototypicalNetwork,5,5,Greek,miniImageNet_SOTA_trainSet,False,5,4000,5,exp1_permuted_src_datasets
458,12638.236832972,4.0,1739114094.3137846,,8.478738209305448e-07,1.0,0.001,1,16,40x40,PrototypicalNetwork,5,5,Greek,miniImageNet_SOTA_trainSet,False,5,4000,5,exp1_permuted_src_datasets
459,12638.279088279,4.0,1739114094.3561482,,1.6003629070837633e-06,1.0,0.001,1,16,40x40,PrototypicalNetwork,5,5,Greek,miniImageNet_SOTA_trainSet,False,5,4000,5,exp1_permuted_src_datasets
460,12638.318837142,4.0,1739114094.3958797,,6.21377239440335e-07,1.0,0.001,1,16,40x40,PrototypicalNetwork,5,5,Greek,miniImageNet_SOTA_trainSet,False,5,4000,5,exp1_permuted_src_datasets
461,12638.358429075,4.0,1739114094.4355128,,3.945389380533015e-06,1.0,0.001,1,16,40x40,PrototypicalNetwork,5,5,Greek,miniImageNet_SOTA_trainSet,False,5,4000,5,exp1_permuted_src_datasets
462,12638.399144258,4.0,1739114094.476217,,4.1425170138609246e-07,1.0,0.001,1,16,40x40,PrototypicalNetwork,5,5,Greek,miniImageNet_SOTA_trainSet,False,5,4000,5,exp1_permuted_src_datasets
463,12638.438943492,4.0,1739114094.515994,,5.841232564307575e-07,1.0,0.001,1,16,40x40,PrototypicalNetwork,5,5,Greek,miniImageNet_SOTA_trainSet,False,5,4000,5,exp1_permuted_src_datasets
464,12638.478817775,4.0,1739114094.5558705,,4.69386037593722e-07,1.0,0.001,1,16,40x40,PrototypicalNetwork,5,5,Greek,miniImageNet_SOTA_trainSet,False,5,4000,5,exp1_permuted_src_datasets
465,12638.519299315,4.0,1739114094.5963352,,9.268484859603632e-07,1.0,0.001,1,16,40x40,PrototypicalNetwork,5,5,Greek,miniImageNet_SOTA_trainSet,False,5,4000,5,exp1_permuted_src_datasets
466,12638.559816868,4.0,1739114094.6368513,,1.1905964356628829e-06,1.0,0.001,1,16,40x40,PrototypicalNetwork,5,5,Greek,miniImageNet_SOTA_trainSet,False,5,4000,5,exp1_permuted_src_datasets
467,12638.622713686,4.0,1739114094.6997423,,1.2323150713200448e-06,1.0,0.001,1,16,40x40,PrototypicalNetwork,5,5,Greek,miniImageNet_SOTA_trainSet,False,5,4000,5,exp1_permuted_src_datasets
468,12638.665265797,4.0,1739114094.7422957,,1.4141114661470056e-06,1.0,0.001,1,16,40x40,PrototypicalNetwork,5,5,Greek,miniImageNet_SOTA_trainSet,False,5,4000,5,exp1_permuted_src_datasets
469,12638.706003346,4.0,1739114094.7830462,,1.2502011941251112e-06,1.0,0.001,1,16,40x40,PrototypicalNetwork,5,5,Greek,miniImageNet_SOTA_trainSet,False,5,4000,5,exp1_permuted_src_datasets
470,12638.747294992,4.0,1739114094.8243377,,4.976982381776907e-07,1.0,0.001,1,16,40x40,PrototypicalNetwork,5,5,Greek,miniImageNet_SOTA_trainSet,False,5,4000,5,exp1_permuted_src_datasets
471,12638.786665439,4.0,1739114094.8637316,,8.895960377230949e-07,1.0,0.001,1,16,40x40,PrototypicalNetwork,5,5,Greek,miniImageNet_SOTA_trainSet,False,5,4000,5,exp1_permuted_src_datasets
472,12638.827589926,4.0,1739114094.9046538,,1.0296653272234835e-06,1.0,0.001,1,16,40x40,PrototypicalNetwork,5,5,Greek,miniImageNet_SOTA_trainSet,False,5,4000,5,exp1_permuted_src_datasets
473,12638.866552377,4.0,1739114094.9436345,,2.9653261890416616e-07,1.0,0.001,1,16,40x40,PrototypicalNetwork,5,5,Greek,miniImageNet_SOTA_trainSet,False,5,4000,5,exp1_permuted_src_datasets
474,12638.905932238,4.0,1739114094.9830017,,8.821451729090768e-07,1.0,0.001,1,16,40x40,PrototypicalNetwork,5,5,Greek,miniImageNet_SOTA_trainSet,False,5,4000,5,exp1_permuted_src_datasets
475,12638.945362415,4.0,1739114095.022373,,2.2425351744459476e-06,1.0,0.001,1,16,40x40,PrototypicalNetwork,5,5,Greek,miniImageNet_SOTA_trainSet,False,5,4000,5,exp1_permuted_src_datasets
476,12638.985105098,4.0,1739114095.0621712,,5.528322617465165e-07,1.0,0.001,1,16,40x40,PrototypicalNetwork,5,5,Greek,miniImageNet_SOTA_trainSet,False,5,4000,5,exp1_permuted_src_datasets
477,12639.02417039,4.0,1739114095.101241,,6.407487376236531e-07,1.0,0.001,1,16,40x40,PrototypicalNetwork,5,5,Greek,miniImageNet_SOTA_trainSet,False,5,4000,5,exp1_permuted_src_datasets
478,12639.067638619,4.0,1739114095.144688,,4.038211045553908e-07,1.0,0.001,1,16,40x40,PrototypicalNetwork,5,5,Greek,miniImageNet_SOTA_trainSet,False,5,4000,5,exp1_permuted_src_datasets
479,12639.106588562,4.0,1739114095.183639,,8.404231266467832e-07,1.0,0.001,1,16,40x40,PrototypicalNetwork,5,5,Greek,miniImageNet_SOTA_trainSet,False,5,4000,5,exp1_permuted_src_datasets
480,12639.146004085,4.0,1739114095.2230525,,3.531572474457789e-07,1.0,0.001,1,16,40x40,PrototypicalNetwork,5,5,Greek,miniImageNet_SOTA_trainSet,False,5,4000,5,exp1_permuted_src_datasets
481,12639.185173612,4.0,1739114095.2622218,,3.367658791830763e-07,1.0,0.001,1,16,40x40,PrototypicalNetwork,5,5,Greek,miniImageNet_SOTA_trainSet,False,5,4000,5,exp1_permuted_src_datasets
482,12639.224066665,4.0,1739114095.301115,,4.7534658165204746e-07,1.0,0.001,1,16,40x40,PrototypicalNetwork,5,5,Greek,miniImageNet_SOTA_trainSet,False,5,4000,5,exp1_permuted_src_datasets
483,12639.266324688,4.0,1739114095.3433518,,1.8536884454078972e-06,1.0,0.001,1,16,40x40,PrototypicalNetwork,5,5,Greek,miniImageNet_SOTA_trainSet,False,5,4000,5,exp1_permuted_src_datasets
484,12639.30669159,4.0,1739114095.383642,,6.511790502372605e-07,1.0,0.001,1,16,40x40,PrototypicalNetwork,5,5,Greek,miniImageNet_SOTA_trainSet,False,5,4000,5,exp1_permuted_src_datasets
485,12639.34789822,4.0,1739114095.4249344,,3.5967786971013993e-06,1.0,0.001,1,16,40x40,PrototypicalNetwork,5,5,Greek,miniImageNet_SOTA_trainSet,False,5,4000,5,exp1_permuted_src_datasets
486,12639.389208077,4.0,1739114095.4662735,,9.491983519183123e-07,1.0,0.001,1,16,40x40,PrototypicalNetwork,5,5,Greek,miniImageNet_SOTA_trainSet,False,5,4000,5,exp1_permuted_src_datasets
487,12639.431074717,4.0,1739114095.5080907,,9.984298230847344e-05,1.0,0.001,1,16,40x40,PrototypicalNetwork,5,5,Greek,miniImageNet_SOTA_trainSet,False,5,4000,5,exp1_permuted_src_datasets
488,12639.471999749,4.0,1739114095.5490656,,5.528311248781392e-07,1.0,0.001,1,16,40x40,PrototypicalNetwork,5,5,Greek,miniImageNet_SOTA_trainSet,False,5,4000,5,exp1_permuted_src_datasets
489,12639.513580102,4.0,1739114095.5905902,,1.3261820868137875e-06,1.0,0.001,1,16,40x40,PrototypicalNetwork,5,5,Greek,miniImageNet_SOTA_trainSet,False,5,4000,5,exp1_permuted_src_datasets
490,12639.559305962,4.0,1739114095.6363358,,7.346209258685121e-07,1.0,0.001,1,16,40x40,PrototypicalNetwork,5,5,Greek,miniImageNet_SOTA_trainSet,False,5,4000,5,exp1_permuted_src_datasets
491,12639.59999838,4.0,1739114095.677069,,5.811439791614248e-07,1.0,0.001,1,16,40x40,PrototypicalNetwork,5,5,Greek,miniImageNet_SOTA_trainSet,False,5,4000,5,exp1_permuted_src_datasets
492,12639.641325689,4.0,1739114095.7183962,,5.420431989477947e-06,1.0,0.001,1,16,40x40,PrototypicalNetwork,5,5,Greek,miniImageNet_SOTA_trainSet,False,5,4000,5,exp1_permuted_src_datasets
493,12639.682286174,4.0,1739114095.7593353,,9.313188229498337e-07,1.0,0.001,1,16,40x40,PrototypicalNetwork,5,5,Greek,miniImageNet_SOTA_trainSet,False,5,4000,5,exp1_permuted_src_datasets
494,12639.72328274,4.0,1739114095.8003244,,6.988623795223248e-07,1.0,0.001,1,16,40x40,PrototypicalNetwork,5,5,Greek,miniImageNet_SOTA_trainSet,False,5,4000,5,exp1_permuted_src_datasets
495,12639.765604647,4.0,1739114095.8426332,,8.47872911435843e-07,1.0,0.001,1,16,40x40,PrototypicalNetwork,5,5,Greek,miniImageNet_SOTA_trainSet,False,5,4000,5,exp1_permuted_src_datasets
496,12639.806819118,4.0,1739114095.8839011,,1.667423703111126e-06,1.0,0.001,1,16,40x40,PrototypicalNetwork,5,5,Greek,miniImageNet_SOTA_trainSet,False,5,4000,5,exp1_permuted_src_datasets
497,12639.848226184,4.0,1739114095.9250584,,4.887575641987496e-07,1.0,0.001,1,16,40x40,PrototypicalNetwork,5,5,Greek,miniImageNet_SOTA_trainSet,False,5,4000,5,exp1_permuted_src_datasets
498,12639.890137586,4.0,1739114095.967157,,3.44216516623419e-07,1.0,0.001,1,16,40x40,PrototypicalNetwork,5,5,Greek,miniImageNet_SOTA_trainSet,False,5,4000,5,exp1_permuted_src_datasets
499,12639.931930357,4.0,1739114096.0090024,,7.897588147898205e-07,1.0,0.001,1,16,40x40,PrototypicalNetwork,5,5,Greek,miniImageNet_SOTA_trainSet,False,5,4000,5,exp1_permuted_src_datasets
500,12639.976956586,4.0,1739114096.0538485,,5.766722210864828e-07,1.0,0.001,1,16,40x40,PrototypicalNetwork,5,5,Greek,miniImageNet_SOTA_trainSet,False,5,4000,5,exp1_permuted_src_datasets
501,12640.01820367,4.0,1739114096.0952628,,1.0460514658916509e-06,1.0,0.001,1,16,40x40,PrototypicalNetwork,5,5,Greek,miniImageNet_SOTA_trainSet,False,5,4000,5,exp1_permuted_src_datasets
502,12640.059761093,4.0,1739114096.136734,,2.112940819642972e-06,1.0,0.001,1,16,40x40,PrototypicalNetwork,5,5,Greek,miniImageNet_SOTA_trainSet,False,5,4000,5,exp1_permuted_src_datasets
503,12640.103390582,4.0,1739114096.180477,,9.596312793291872e-07,1.0,0.001,1,16,40x40,PrototypicalNetwork,5,5,Greek,miniImageNet_SOTA_trainSet,False,5,4000,5,exp1_permuted_src_datasets
504,12640.164280467,4.0,1739114096.241306,,4.753463258566626e-07,1.0,0.001,1,16,40x40,PrototypicalNetwork,5,5,Greek,miniImageNet_SOTA_trainSet,False,5,4000,5,exp1_permuted_src_datasets
505,12640.205299787,4.0,1739114096.282365,,1.3187436707084998e-06,1.0,0.001,1,16,40x40,PrototypicalNetwork,5,5,Greek,miniImageNet_SOTA_trainSet,False,5,4000,5,exp1_permuted_src_datasets
506,12640.245816562,4.0,1739114096.3228695,,4.515047180575493e-07,1.0,0.001,1,16,40x40,PrototypicalNetwork,5,5,Greek,miniImageNet_SOTA_trainSet,False,5,4000,5,exp1_permuted_src_datasets
507,12640.295265402,4.0,1739114096.372167,,6.571398216692614e-07,1.0,0.001,1,16,40x40,PrototypicalNetwork,5,5,Greek,miniImageNet_SOTA_trainSet,False,5,4000,5,exp1_permuted_src_datasets
508,12640.336195514,4.0,1739114096.413225,,5.543197403312661e-07,1.0,0.001,1,16,40x40,PrototypicalNetwork,5,5,Greek,miniImageNet_SOTA_trainSet,False,5,4000,5,exp1_permuted_src_datasets
509,13897.216820581,4.0,1739115353.251493,0.8935500013828278,,,0.001,1,16,40x40,PrototypicalNetwork,5,5,Greek,miniImageNet_SOTA_trainSet,False,5,4000,5,exp1_permuted_src_datasets
510,13897.216859408,4.0,1739115353.2828574,,1.500529265285877e-06,1.0,0.001,1,16,40x40,PrototypicalNetwork,5,5,Greek,miniImageNet_SOTA_trainSet,False,5,4000,5,exp1_permuted_src_datasets
511,13897.254326243,4.0,1739115353.3313985,,1.780674438123242e-06,1.0,0.001,1,16,40x40,PrototypicalNetwork,5,5,Greek,miniImageNet_SOTA_trainSet,False,5,4000,5,exp1_permuted_src_datasets
512,13897.293174314,4.0,1739115353.3702192,,5.125994562149572e-07,1.0,0.001,1,16,40x40,PrototypicalNetwork,5,5,Greek,miniImageNet_SOTA_trainSet,False,5,4000,5,exp1_permuted_src_datasets
513,13897.350385242,4.0,1739115353.4274428,,1.603356054147298e-06,1.0,0.001,1,16,40x40,PrototypicalNetwork,5,5,Greek,miniImageNet_SOTA_trainSet,False,5,4000,5,exp1_permuted_src_datasets
514,13897.411771128,4.0,1739115353.48883,,1.107149387280515e-06,1.0,0.001,1,16,40x40,PrototypicalNetwork,5,5,Greek,miniImageNet_SOTA_trainSet,False,5,4000,5,exp1_permuted_src_datasets
515,13897.453250053,4.0,1739115353.5302246,,5.111090217724268e-07,1.0,0.001,1,16,40x40,PrototypicalNetwork,5,5,Greek,miniImageNet_SOTA_trainSet,False,5,4000,5,exp1_permuted_src_datasets
516,13897.494055746,4.0,1739115353.571098,,9.164177754428238e-07,1.0,0.001,1,16,40x40,PrototypicalNetwork,5,5,Greek,miniImageNet_SOTA_trainSet,False,5,4000,5,exp1_permuted_src_datasets
517,13897.531085534,4.0,1739115353.6081533,,3.322945190120663e-07,1.0,0.001,1,16,40x40,PrototypicalNetwork,5,5,Greek,miniImageNet_SOTA_trainSet,False,5,4000,5,exp1_permuted_src_datasets
518,13897.586068204,4.0,1739115353.6630878,,7.823078931323835e-07,1.0,0.001,1,16,40x40,PrototypicalNetwork,5,5,Greek,miniImageNet_SOTA_trainSet,False,5,4000,5,exp1_permuted_src_datasets
519,13897.641147643,4.0,1739115353.7181733,,5.573025418925681e-07,1.0,0.001,1,16,40x40,PrototypicalNetwork,5,5,Greek,miniImageNet_SOTA_trainSet,False,5,4000,5,exp1_permuted_src_datasets
520,13897.679694571,4.0,1739115353.7567396,,5.438916446109943e-07,1.0,0.001,1,16,40x40,PrototypicalNetwork,5,5,Greek,miniImageNet_SOTA_trainSet,False,5,4000,5,exp1_permuted_src_datasets
521,13897.730206877,4.0,1739115353.8072443,,5.573027692662436e-07,1.0,0.001,1,16,40x40,PrototypicalNetwork,5,5,Greek,miniImageNet_SOTA_trainSet,False,5,4000,5,exp1_permuted_src_datasets
522,13897.76736964,4.0,1739115353.8444214,,1.6316664641635725e-06,1.0,0.001,1,16,40x40,PrototypicalNetwork,5,5,Greek,miniImageNet_SOTA_trainSet,False,5,4000,5,exp1_permuted_src_datasets
523,13897.847329003,4.0,1739115353.9243183,,1.3947297929917113e-06,1.0,0.001,1,16,40x40,PrototypicalNetwork,5,5,Greek,miniImageNet_SOTA_trainSet,False,5,4000,5,exp1_permuted_src_datasets
524,13897.896074396,4.0,1739115353.9731174,,1.6703609162505018e-06,1.0,0.001,1,16,40x40,PrototypicalNetwork,5,5,Greek,miniImageNet_SOTA_trainSet,False,5,4000,5,exp1_permuted_src_datasets
525,13897.93336245,4.0,1739115354.0104134,,6.452183924920973e-07,1.0,0.001,1,16,40x40,PrototypicalNetwork,5,5,Greek,miniImageNet_SOTA_trainSet,False,5,4000,5,exp1_permuted_src_datasets
526,13897.983472697,4.0,1739115354.0604422,,6.318084047052253e-07,1.0,0.001,1,16,40x40,PrototypicalNetwork,5,5,Greek,miniImageNet_SOTA_trainSet,False,5,4000,5,exp1_permuted_src_datasets
527,13898.021219487,4.0,1739115354.0982544,,4.7385611878780765e-07,1.0,0.001,1,16,40x40,PrototypicalNetwork,5,5,Greek,miniImageNet_SOTA_trainSet,False,5,4000,5,exp1_permuted_src_datasets
528,13898.059816282,4.0,1739115354.1368492,,1.8807733795256354e-05,1.0,0.001,1,16,40x40,PrototypicalNetwork,5,5,Greek,miniImageNet_SOTA_trainSet,False,5,4000,5,exp1_permuted_src_datasets
529,13898.098500134,4.0,1739115354.1755524,,5.796539426228264e-07,1.0,0.001,1,16,40x40,PrototypicalNetwork,5,5,Greek,miniImageNet_SOTA_trainSet,False,5,4000,5,exp1_permuted_src_datasets
530,13898.161420553,4.0,1739115354.2384725,,5.930650104346569e-07,1.0,0.001,1,16,40x40,PrototypicalNetwork,5,5,Greek,miniImageNet_SOTA_trainSet,False,5,4000,5,exp1_permuted_src_datasets
531,13898.199784713,4.0,1739115354.2767897,,5.289903697303089e-07,1.0,0.001,1,16,40x40,PrototypicalNetwork,5,5,Greek,miniImageNet_SOTA_trainSet,False,5,4000,5,exp1_permuted_src_datasets
532,13898.237997682,4.0,1739115354.3150313,,8.299903129227459e-07,1.0,0.001,1,16,40x40,PrototypicalNetwork,5,5,Greek,miniImageNet_SOTA_trainSet,False,5,4000,5,exp1_permuted_src_datasets
533,13898.277761663,4.0,1739115354.3547533,,8.866097118698235e-07,1.0,0.001,1,16,40x40,PrototypicalNetwork,5,5,Greek,miniImageNet_SOTA_trainSet,False,5,4000,5,exp1_permuted_src_datasets
534,13898.320021347,4.0,1739115354.3970284,,1.0862819408430369e-06,1.0,0.001,1,16,40x40,PrototypicalNetwork,5,5,Greek,miniImageNet_SOTA_trainSet,False,5,4000,5,exp1_permuted_src_datasets
535,13898.390685159,4.0,1739115354.467716,,4.008406904176809e-07,1.0,0.001,1,16,40x40,PrototypicalNetwork,5,5,Greek,miniImageNet_SOTA_trainSet,False,5,4000,5,exp1_permuted_src_datasets
536,13898.441487944,4.0,1739115354.5185268,,1.9102985788777005e-06,1.0,0.001,1,16,40x40,PrototypicalNetwork,5,5,Greek,miniImageNet_SOTA_trainSet,False,5,4000,5,exp1_permuted_src_datasets
537,13898.500419775,4.0,1739115354.577444,,6.094566060710349e-07,1.0,0.001,1,16,40x40,PrototypicalNetwork,5,5,Greek,miniImageNet_SOTA_trainSet,False,5,4000,5,exp1_permuted_src_datasets
538,13898.553483542,4.0,1739115354.6305125,,3.799792125391832e-07,1.0,0.001,1,16,40x40,PrototypicalNetwork,5,5,Greek,miniImageNet_SOTA_trainSet,False,5,4000,5,exp1_permuted_src_datasets
539,13898.59785718,4.0,1739115354.674883,,3.6507805134533555e-07,1.0,0.001,1,16,40x40,PrototypicalNetwork,5,5,Greek,miniImageNet_SOTA_trainSet,False,5,4000,5,exp1_permuted_src_datasets
540,13898.646732786,4.0,1739115354.7237728,,1.8968937638419447e-06,1.0,0.001,1,16,40x40,PrototypicalNetwork,5,5,Greek,miniImageNet_SOTA_trainSet,False,5,4000,5,exp1_permuted_src_datasets
541,13898.697469355,4.0,1739115354.774526,,4.827967927667487e-07,1.0,0.001,1,16,40x40,PrototypicalNetwork,5,5,Greek,miniImageNet_SOTA_trainSet,False,5,4000,5,exp1_permuted_src_datasets
542,13898.734651502,4.0,1739115354.811693,,1.691271563686314e-06,1.0,0.001,1,16,40x40,PrototypicalNetwork,5,5,Greek,miniImageNet_SOTA_trainSet,False,5,4000,5,exp1_permuted_src_datasets
543,13898.771500972,4.0,1739115354.8485394,,6.407486239368154e-07,1.0,0.001,1,16,40x40,PrototypicalNetwork,5,5,Greek,miniImageNet_SOTA_trainSet,False,5,4000,5,exp1_permuted_src_datasets
544,13898.816517126,4.0,1739115354.8935678,,3.6209780773788225e-07,1.0,0.001,1,16,40x40,PrototypicalNetwork,5,5,Greek,miniImageNet_SOTA_trainSet,False,5,4000,5,exp1_permuted_src_datasets
545,13898.856386212,4.0,1739115354.933343,,5.304800083649752e-07,1.0,0.001,1,16,40x40,PrototypicalNetwork,5,5,Greek,miniImageNet_SOTA_trainSet,False,5,4000,5,exp1_permuted_src_datasets
546,13898.893564508,4.0,1739115354.9706464,,1.0877799923036946e-06,1.0,0.001,1,16,40x40,PrototypicalNetwork,5,5,Greek,miniImageNet_SOTA_trainSet,False,5,4000,5,exp1_permuted_src_datasets
547,13898.932906124,4.0,1739115355.0099778,,4.2319248905187123e-07,1.0,0.001,1,16,40x40,PrototypicalNetwork,5,5,Greek,miniImageNet_SOTA_trainSet,False,5,4000,5,exp1_permuted_src_datasets
548,13898.969373547,4.0,1739115355.0463905,,1.0311547384844744e-06,1.0,0.001,1,16,40x40,PrototypicalNetwork,5,5,Greek,miniImageNet_SOTA_trainSet,False,5,4000,5,exp1_permuted_src_datasets
549,13899.006451816,4.0,1739115355.0835335,,4.3809305338982085e-07,1.0,0.001,1,16,40x40,PrototypicalNetwork,5,5,Greek,miniImageNet_SOTA_trainSet,False,5,4000,5,exp1_permuted_src_datasets
550,13899.042907063,4.0,1739115355.119951,,5.125981488163234e-07,1.0,0.001,1,16,40x40,PrototypicalNetwork,5,5,Greek,miniImageNet_SOTA_trainSet,False,5,4000,5,exp1_permuted_src_datasets
551,13899.079546184,4.0,1739115355.1565998,,8.761826393310912e-07,1.0,0.001,1,16,40x40,PrototypicalNetwork,5,5,Greek,miniImageNet_SOTA_trainSet,False,5,4000,5,exp1_permuted_src_datasets
552,13899.117090487,4.0,1739115355.194148,,4.1574176634640025e-07,1.0,0.001,1,16,40x40,PrototypicalNetwork,5,5,Greek,miniImageNet_SOTA_trainSet,False,5,4000,5,exp1_permuted_src_datasets
553,13899.156895302,4.0,1739115355.233931,,5.558118800763623e-07,1.0,0.001,1,16,40x40,PrototypicalNetwork,5,5,Greek,miniImageNet_SOTA_trainSet,False,5,4000,5,exp1_permuted_src_datasets
554,13899.193198891,4.0,1739115355.270281,,4.276626839327946e-07,1.0,0.001,1,16,40x40,PrototypicalNetwork,5,5,Greek,miniImageNet_SOTA_trainSet,False,5,4000,5,exp1_permuted_src_datasets
555,13899.229930742,4.0,1739115355.307005,,2.6077012194036797e-07,1.0,0.001,1,16,40x40,PrototypicalNetwork,5,5,Greek,miniImageNet_SOTA_trainSet,False,5,4000,5,exp1_permuted_src_datasets
556,13899.26702233,4.0,1739115355.3440251,,8.165804388227116e-07,1.0,0.001,1,16,40x40,PrototypicalNetwork,5,5,Greek,miniImageNet_SOTA_trainSet,False,5,4000,5,exp1_permuted_src_datasets
557,13899.344158092,4.0,1739115355.4211822,,3.0100309800218383e-07,1.0,0.001,1,16,40x40,PrototypicalNetwork,5,5,Greek,miniImageNet_SOTA_trainSet,False,5,4000,5,exp1_permuted_src_datasets
558,13899.385190234,4.0,1739115355.4622781,,4.88756995764561e-07,1.0,0.001,1,16,40x40,PrototypicalNetwork,5,5,Greek,miniImageNet_SOTA_trainSet,False,5,4000,5,exp1_permuted_src_datasets
559,13899.439621175,4.0,1739115355.5166519,,4.649151890134817e-07,1.0,0.001,1,16,40x40,PrototypicalNetwork,5,5,Greek,miniImageNet_SOTA_trainSet,False,5,4000,5,exp1_permuted_src_datasets
560,13899.479048422,4.0,1739115355.5561159,,1.5169306379902991e-06,1.0,0.001,1,16,40x40,PrototypicalNetwork,5,5,Greek,miniImageNet_SOTA_trainSet,False,5,4000,5,exp1_permuted_src_datasets
561,13899.521969148,4.0,1739115355.5989943,,3.740186400591483e-07,1.0,0.001,1,16,40x40,PrototypicalNetwork,5,5,Greek,miniImageNet_SOTA_trainSet,False,5,4000,5,exp1_permuted_src_datasets
562,13899.560221098,4.0,1739115355.6372912,,1.096721348403662e-06,1.0,0.001,1,16,40x40,PrototypicalNetwork,5,5,Greek,miniImageNet_SOTA_trainSet,False,5,4000,5,exp1_permuted_src_datasets
563,13899.606507357,4.0,1739115355.683592,,8.776754043537949e-07,1.0,0.001,1,16,40x40,PrototypicalNetwork,5,5,Greek,miniImageNet_SOTA_trainSet,False,5,4000,5,exp1_permuted_src_datasets
564,13899.644610687,4.0,1739115355.7217023,,5.543210477298999e-07,1.0,0.001,1,16,40x40,PrototypicalNetwork,5,5,Greek,miniImageNet_SOTA_trainSet,False,5,4000,5,exp1_permuted_src_datasets
565,13899.685800449,4.0,1739115355.7628083,,8.225400733863353e-07,1.0,0.001,1,16,40x40,PrototypicalNetwork,5,5,Greek,miniImageNet_SOTA_trainSet,False,5,4000,5,exp1_permuted_src_datasets
566,13899.724004785,4.0,1739115355.8010654,,9.223737720276404e-07,1.0,0.001,1,16,40x40,PrototypicalNetwork,5,5,Greek,miniImageNet_SOTA_trainSet,False,5,4000,5,exp1_permuted_src_datasets
567,13899.773505119,4.0,1739115355.8505406,,2.7567128313421563e-07,1.0,0.001,1,16,40x40,PrototypicalNetwork,5,5,Greek,miniImageNet_SOTA_trainSet,False,5,4000,5,exp1_permuted_src_datasets
568,13899.812092893,4.0,1739115355.8891385,,2.9774684662697837e-05,1.0,0.001,1,16,40x40,PrototypicalNetwork,5,5,Greek,miniImageNet_SOTA_trainSet,False,5,4000,5,exp1_permuted_src_datasets
569,13899.851676599,4.0,1739115355.9287472,,7.316447749872168e-07,1.0,0.001,1,16,40x40,PrototypicalNetwork,5,5,Greek,miniImageNet_SOTA_trainSet,False,5,4000,5,exp1_permuted_src_datasets
570,13899.890390814,4.0,1739115355.9674845,,8.806551932138973e-07,1.0,0.001,1,16,40x40,PrototypicalNetwork,5,5,Greek,miniImageNet_SOTA_trainSet,False,5,4000,5,exp1_permuted_src_datasets
571,13899.935917636,4.0,1739115356.0129054,,6.854524485788716e-07,1.0,0.001,1,16,40x40,PrototypicalNetwork,5,5,Greek,miniImageNet_SOTA_trainSet,False,5,4000,5,exp1_permuted_src_datasets
572,15139.716135126,4.0,1739116595.793319,0.8971999995708465,,,0.001,1,16,40x40,PrototypicalNetwork,5,5,Greek,miniImageNet_SOTA_trainSet,False,5,4000,5,exp1_permuted_src_datasets
