_step,_runtime,bootstrap_iter,_timestamp,ft_eval_acc,ft_loss,ft_acc,lr,epochs,batch_size,input_size,model_type,n_way_test,n_way_train,tgt_dataset,src_datasets,fixed_support,samples_per_class,num_total_episodes,num_bootstrap_iters,exp_name
0,6.784089121,0.0,1739268522.8954985,,,,0.001,1,16,40x40,MatchingNetwork,3,3,Greek,BreaKHis_formatted,False,5,4000,5,exp1_permuted_src_datasets
1,15.135893415,0.0,1739268531.247461,0.60925,,,0.001,1,16,40x40,MatchingNetwork,3,3,Greek,BreaKHis_formatted,False,5,4000,5,exp1_permuted_src_datasets
2,15.149569859,0.0,1739268531.2610846,,0.8935232162475586,0.9375,0.001,1,16,40x40,MatchingNetwork,3,3,Greek,BreaKHis_formatted,False,5,4000,5,exp1_permuted_src_datasets
3,15.227807028,0.0,1739268531.3392303,,0.8011211156845093,0.9375,0.001,1,16,40x40,MatchingNetwork,3,3,Greek,BreaKHis_formatted,False,5,4000,5,exp1_permuted_src_datasets
4,15.245555332,0.0,1739268531.3571064,,0.8757783770561218,1.0,0.001,1,16,40x40,MatchingNetwork,3,3,Greek,BreaKHis_formatted,False,5,4000,5,exp1_permuted_src_datasets
5,15.268216448,0.0,1739268531.3797436,,0.7634515166282654,0.875,0.001,1,16,40x40,MatchingNetwork,3,3,Greek,BreaKHis_formatted,False,5,4000,5,exp1_permuted_src_datasets
6,15.286761454,0.0,1739268531.3983061,,0.7885990738868713,0.9375,0.001,1,16,40x40,MatchingNetwork,3,3,Greek,BreaKHis_formatted,False,5,4000,5,exp1_permuted_src_datasets
7,15.302500921,0.0,1739268531.4140432,,0.7981902360916138,0.875,0.001,1,16,40x40,MatchingNetwork,3,3,Greek,BreaKHis_formatted,False,5,4000,5,exp1_permuted_src_datasets
8,15.318475267,0.0,1739268531.4300246,,0.8579273223876953,0.875,0.001,1,16,40x40,MatchingNetwork,3,3,Greek,BreaKHis_formatted,False,5,4000,5,exp1_permuted_src_datasets
9,15.334263665,0.0,1739268531.445829,,0.7093852758407593,0.9375,0.001,1,16,40x40,MatchingNetwork,3,3,Greek,BreaKHis_formatted,False,5,4000,5,exp1_permuted_src_datasets
10,15.349753783,0.0,1739268531.461307,,0.7373629808425903,0.9375,0.001,1,16,40x40,MatchingNetwork,3,3,Greek,BreaKHis_formatted,False,5,4000,5,exp1_permuted_src_datasets
11,15.365568666,0.0,1739268531.4771104,,0.7173864841461182,1.0,0.001,1,16,40x40,MatchingNetwork,3,3,Greek,BreaKHis_formatted,False,5,4000,5,exp1_permuted_src_datasets
12,15.381606288,0.0,1739268531.4931605,,0.8612368106842041,0.875,0.001,1,16,40x40,MatchingNetwork,3,3,Greek,BreaKHis_formatted,False,5,4000,5,exp1_permuted_src_datasets
13,15.397527086,0.0,1739268531.509075,,0.6933953166007996,0.9375,0.001,1,16,40x40,MatchingNetwork,3,3,Greek,BreaKHis_formatted,False,5,4000,5,exp1_permuted_src_datasets
14,15.415029202,0.0,1739268531.5265934,,0.7591658234596252,0.9375,0.001,1,16,40x40,MatchingNetwork,3,3,Greek,BreaKHis_formatted,False,5,4000,5,exp1_permuted_src_datasets
15,15.43080772,0.0,1739268531.5423489,,0.7384000420570374,0.8125,0.001,1,16,40x40,MatchingNetwork,3,3,Greek,BreaKHis_formatted,False,5,4000,5,exp1_permuted_src_datasets
16,15.446575548,0.0,1739268531.5581264,,0.7388191223144531,1.0,0.001,1,16,40x40,MatchingNetwork,3,3,Greek,BreaKHis_formatted,False,5,4000,5,exp1_permuted_src_datasets
17,15.463377054,0.0,1739268531.574938,,0.7413216233253479,0.875,0.001,1,16,40x40,MatchingNetwork,3,3,Greek,BreaKHis_formatted,False,5,4000,5,exp1_permuted_src_datasets
18,15.479023061,0.0,1739268531.5905817,,0.7087845802307129,0.875,0.001,1,16,40x40,MatchingNetwork,3,3,Greek,BreaKHis_formatted,False,5,4000,5,exp1_permuted_src_datasets
19,15.494750191,0.0,1739268531.6063166,,0.7029245495796204,0.9375,0.001,1,16,40x40,MatchingNetwork,3,3,Greek,BreaKHis_formatted,False,5,4000,5,exp1_permuted_src_datasets
20,15.510768279,0.0,1739268531.6223118,,0.7028145790100098,1.0,0.001,1,16,40x40,MatchingNetwork,3,3,Greek,BreaKHis_formatted,False,5,4000,5,exp1_permuted_src_datasets
21,15.526611805,0.0,1739268531.638099,,0.7036553621292114,1.0,0.001,1,16,40x40,MatchingNetwork,3,3,Greek,BreaKHis_formatted,False,5,4000,5,exp1_permuted_src_datasets
22,15.542218731,0.0,1739268531.6537695,,0.7260661721229553,1.0,0.001,1,16,40x40,MatchingNetwork,3,3,Greek,BreaKHis_formatted,False,5,4000,5,exp1_permuted_src_datasets
23,15.557873205,0.0,1739268531.6694355,,0.6775476932525635,1.0,0.001,1,16,40x40,MatchingNetwork,3,3,Greek,BreaKHis_formatted,False,5,4000,5,exp1_permuted_src_datasets
24,15.573412779,0.0,1739268531.684964,,0.7197045683860779,1.0,0.001,1,16,40x40,MatchingNetwork,3,3,Greek,BreaKHis_formatted,False,5,4000,5,exp1_permuted_src_datasets
25,15.589262553,0.0,1739268531.700814,,0.7071778178215027,0.9375,0.001,1,16,40x40,MatchingNetwork,3,3,Greek,BreaKHis_formatted,False,5,4000,5,exp1_permuted_src_datasets
26,15.605089831,0.0,1739268531.7165658,,0.7168933153152466,0.875,0.001,1,16,40x40,MatchingNetwork,3,3,Greek,BreaKHis_formatted,False,5,4000,5,exp1_permuted_src_datasets
27,15.620397401,0.0,1739268531.731873,,0.6925485134124756,0.9375,0.001,1,16,40x40,MatchingNetwork,3,3,Greek,BreaKHis_formatted,False,5,4000,5,exp1_permuted_src_datasets
28,15.635599084999999,0.0,1739268531.7471552,,0.6861493587493896,1.0,0.001,1,16,40x40,MatchingNetwork,3,3,Greek,BreaKHis_formatted,False,5,4000,5,exp1_permuted_src_datasets
29,15.650984545,0.0,1739268531.7625434,,0.722519040107727,0.9375,0.001,1,16,40x40,MatchingNetwork,3,3,Greek,BreaKHis_formatted,False,5,4000,5,exp1_permuted_src_datasets
30,15.666147274,0.0,1739268531.7777112,,0.7001034021377563,1.0,0.001,1,16,40x40,MatchingNetwork,3,3,Greek,BreaKHis_formatted,False,5,4000,5,exp1_permuted_src_datasets
31,15.681909851,0.0,1739268531.793463,,0.669192910194397,1.0,0.001,1,16,40x40,MatchingNetwork,3,3,Greek,BreaKHis_formatted,False,5,4000,5,exp1_permuted_src_datasets
32,15.697476454,0.0,1739268531.8090427,,0.6620190739631653,0.9375,0.001,1,16,40x40,MatchingNetwork,3,3,Greek,BreaKHis_formatted,False,5,4000,5,exp1_permuted_src_datasets
33,15.713158047,0.0,1739268531.824724,,0.6250567436218262,1.0,0.001,1,16,40x40,MatchingNetwork,3,3,Greek,BreaKHis_formatted,False,5,4000,5,exp1_permuted_src_datasets
34,15.728750862,0.0,1739268531.840312,,0.6413047313690186,1.0,0.001,1,16,40x40,MatchingNetwork,3,3,Greek,BreaKHis_formatted,False,5,4000,5,exp1_permuted_src_datasets
35,15.744343419,0.0,1739268531.8559022,,0.6732070446014404,1.0,0.001,1,16,40x40,MatchingNetwork,3,3,Greek,BreaKHis_formatted,False,5,4000,5,exp1_permuted_src_datasets
36,15.759934171,0.0,1739268531.871502,,0.6586831212043762,1.0,0.001,1,16,40x40,MatchingNetwork,3,3,Greek,BreaKHis_formatted,False,5,4000,5,exp1_permuted_src_datasets
37,15.777051614,0.0,1739268531.8886182,,0.6634302139282227,1.0,0.001,1,16,40x40,MatchingNetwork,3,3,Greek,BreaKHis_formatted,False,5,4000,5,exp1_permuted_src_datasets
38,15.793949069,0.0,1739268531.905474,,0.6484959721565247,0.9375,0.001,1,16,40x40,MatchingNetwork,3,3,Greek,BreaKHis_formatted,False,5,4000,5,exp1_permuted_src_datasets
39,15.809744774,0.0,1739268531.921294,,0.642906665802002,1.0,0.001,1,16,40x40,MatchingNetwork,3,3,Greek,BreaKHis_formatted,False,5,4000,5,exp1_permuted_src_datasets
40,15.826141096,0.0,1739268531.9376876,,0.6517373323440552,1.0,0.001,1,16,40x40,MatchingNetwork,3,3,Greek,BreaKHis_formatted,False,5,4000,5,exp1_permuted_src_datasets
41,15.842667091,0.0,1739268531.9542193,,0.6253287196159363,1.0,0.001,1,16,40x40,MatchingNetwork,3,3,Greek,BreaKHis_formatted,False,5,4000,5,exp1_permuted_src_datasets
42,15.858786769,0.0,1739268531.9703374,,0.63018399477005,1.0,0.001,1,16,40x40,MatchingNetwork,3,3,Greek,BreaKHis_formatted,False,5,4000,5,exp1_permuted_src_datasets
43,15.874463136,0.0,1739268531.986005,,0.6661025881767273,0.9375,0.001,1,16,40x40,MatchingNetwork,3,3,Greek,BreaKHis_formatted,False,5,4000,5,exp1_permuted_src_datasets
44,15.890000262000001,0.0,1739268532.0015447,,0.6395137906074524,1.0,0.001,1,16,40x40,MatchingNetwork,3,3,Greek,BreaKHis_formatted,False,5,4000,5,exp1_permuted_src_datasets
45,15.905435029,0.0,1739268532.0169888,,0.6559223532676697,0.9375,0.001,1,16,40x40,MatchingNetwork,3,3,Greek,BreaKHis_formatted,False,5,4000,5,exp1_permuted_src_datasets
46,15.920995139,0.0,1739268532.0325503,,0.6323087811470032,1.0,0.001,1,16,40x40,MatchingNetwork,3,3,Greek,BreaKHis_formatted,False,5,4000,5,exp1_permuted_src_datasets
47,15.936563413,0.0,1739268532.0480986,,0.6460683941841125,1.0,0.001,1,16,40x40,MatchingNetwork,3,3,Greek,BreaKHis_formatted,False,5,4000,5,exp1_permuted_src_datasets
48,15.952356965,0.0,1739268532.063919,,0.6310209035873413,1.0,0.001,1,16,40x40,MatchingNetwork,3,3,Greek,BreaKHis_formatted,False,5,4000,5,exp1_permuted_src_datasets
49,15.970098101,0.0,1739268532.081642,,0.6341931223869324,1.0,0.001,1,16,40x40,MatchingNetwork,3,3,Greek,BreaKHis_formatted,False,5,4000,5,exp1_permuted_src_datasets
50,15.987261915,0.0,1739268532.0987952,,0.6271737217903137,1.0,0.001,1,16,40x40,MatchingNetwork,3,3,Greek,BreaKHis_formatted,False,5,4000,5,exp1_permuted_src_datasets
51,16.003014651,0.0,1739268532.1145582,,0.6118582487106323,1.0,0.001,1,16,40x40,MatchingNetwork,3,3,Greek,BreaKHis_formatted,False,5,4000,5,exp1_permuted_src_datasets
52,16.018998998,0.0,1739268532.1305516,,0.6370795369148254,1.0,0.001,1,16,40x40,MatchingNetwork,3,3,Greek,BreaKHis_formatted,False,5,4000,5,exp1_permuted_src_datasets
53,16.034820519,0.0,1739268532.146375,,0.6157212853431702,1.0,0.001,1,16,40x40,MatchingNetwork,3,3,Greek,BreaKHis_formatted,False,5,4000,5,exp1_permuted_src_datasets
54,16.050478219,0.0,1739268532.1620302,,0.6271061301231384,1.0,0.001,1,16,40x40,MatchingNetwork,3,3,Greek,BreaKHis_formatted,False,5,4000,5,exp1_permuted_src_datasets
55,16.066172553,0.0,1739268532.1777155,,0.6084555387496948,1.0,0.001,1,16,40x40,MatchingNetwork,3,3,Greek,BreaKHis_formatted,False,5,4000,5,exp1_permuted_src_datasets
56,16.083683463,0.0,1739268532.195222,,0.6346908211708069,1.0,0.001,1,16,40x40,MatchingNetwork,3,3,Greek,BreaKHis_formatted,False,5,4000,5,exp1_permuted_src_datasets
57,16.09977227,0.0,1739268532.2113292,,0.6004889011383057,1.0,0.001,1,16,40x40,MatchingNetwork,3,3,Greek,BreaKHis_formatted,False,5,4000,5,exp1_permuted_src_datasets
58,16.115810724,0.0,1739268532.2273731,,0.6152251958847046,1.0,0.001,1,16,40x40,MatchingNetwork,3,3,Greek,BreaKHis_formatted,False,5,4000,5,exp1_permuted_src_datasets
59,16.131805152,0.0,1739268532.2433515,,0.6762402653694153,0.875,0.001,1,16,40x40,MatchingNetwork,3,3,Greek,BreaKHis_formatted,False,5,4000,5,exp1_permuted_src_datasets
60,16.147829601,0.0,1739268532.2593772,,0.6065847277641296,1.0,0.001,1,16,40x40,MatchingNetwork,3,3,Greek,BreaKHis_formatted,False,5,4000,5,exp1_permuted_src_datasets
61,16.163541014,0.0,1739268532.2750864,,0.6194046139717102,1.0,0.001,1,16,40x40,MatchingNetwork,3,3,Greek,BreaKHis_formatted,False,5,4000,5,exp1_permuted_src_datasets
62,16.1798852,0.0,1739268532.291455,,0.6706147789955139,1.0,0.001,1,16,40x40,MatchingNetwork,3,3,Greek,BreaKHis_formatted,False,5,4000,5,exp1_permuted_src_datasets
63,16.198076059999998,0.0,1739268532.3096447,,0.6339099407196045,1.0,0.001,1,16,40x40,MatchingNetwork,3,3,Greek,BreaKHis_formatted,False,5,4000,5,exp1_permuted_src_datasets
64,23.729893008,0.0,1739268539.8414776,0.76,,,0.001,1,16,40x40,MatchingNetwork,3,3,Greek,BreaKHis_formatted,False,5,4000,5,exp1_permuted_src_datasets
65,23.74301727,0.0,1739268539.8545632,,0.6275449991226196,1.0,0.001,1,16,40x40,MatchingNetwork,3,3,Greek,BreaKHis_formatted,False,5,4000,5,exp1_permuted_src_datasets
66,23.759662269,0.0,1739268539.8712144,,0.613312304019928,1.0,0.001,1,16,40x40,MatchingNetwork,3,3,Greek,BreaKHis_formatted,False,5,4000,5,exp1_permuted_src_datasets
67,23.776171264,0.0,1739268539.8877234,,0.6575280427932739,1.0,0.001,1,16,40x40,MatchingNetwork,3,3,Greek,BreaKHis_formatted,False,5,4000,5,exp1_permuted_src_datasets
68,23.792316473,0.0,1739268539.903869,,0.6208215951919556,1.0,0.001,1,16,40x40,MatchingNetwork,3,3,Greek,BreaKHis_formatted,False,5,4000,5,exp1_permuted_src_datasets
69,23.808489602999998,0.0,1739268539.9200523,,0.6296951770782471,1.0,0.001,1,16,40x40,MatchingNetwork,3,3,Greek,BreaKHis_formatted,False,5,4000,5,exp1_permuted_src_datasets
70,23.824685312,0.0,1739268539.9362526,,0.6188403964042664,1.0,0.001,1,16,40x40,MatchingNetwork,3,3,Greek,BreaKHis_formatted,False,5,4000,5,exp1_permuted_src_datasets
71,23.840677539,0.0,1739268539.952225,,0.6368483304977417,1.0,0.001,1,16,40x40,MatchingNetwork,3,3,Greek,BreaKHis_formatted,False,5,4000,5,exp1_permuted_src_datasets
72,23.859712368,0.0,1739268539.971253,,0.623119056224823,1.0,0.001,1,16,40x40,MatchingNetwork,3,3,Greek,BreaKHis_formatted,False,5,4000,5,exp1_permuted_src_datasets
73,23.875992099,0.0,1739268539.9875462,,0.6537327766418457,1.0,0.001,1,16,40x40,MatchingNetwork,3,3,Greek,BreaKHis_formatted,False,5,4000,5,exp1_permuted_src_datasets
74,23.892154088,0.0,1739268540.0037084,,0.6246053576469421,1.0,0.001,1,16,40x40,MatchingNetwork,3,3,Greek,BreaKHis_formatted,False,5,4000,5,exp1_permuted_src_datasets
75,23.908444138,0.0,1739268540.0200167,,0.6109441518783569,1.0,0.001,1,16,40x40,MatchingNetwork,3,3,Greek,BreaKHis_formatted,False,5,4000,5,exp1_permuted_src_datasets
76,23.926992331,0.0,1739268540.0384967,,0.6089715361595154,1.0,0.001,1,16,40x40,MatchingNetwork,3,3,Greek,BreaKHis_formatted,False,5,4000,5,exp1_permuted_src_datasets
77,23.943685467,0.0,1739268540.0552442,,0.5979800224304199,1.0,0.001,1,16,40x40,MatchingNetwork,3,3,Greek,BreaKHis_formatted,False,5,4000,5,exp1_permuted_src_datasets
78,23.959996079,0.0,1739268540.071546,,0.6561418771743774,0.9375,0.001,1,16,40x40,MatchingNetwork,3,3,Greek,BreaKHis_formatted,False,5,4000,5,exp1_permuted_src_datasets
79,23.975568349,0.0,1739268540.0871332,,0.6126877665519714,1.0,0.001,1,16,40x40,MatchingNetwork,3,3,Greek,BreaKHis_formatted,False,5,4000,5,exp1_permuted_src_datasets
80,23.991510401,0.0,1739268540.1030822,,0.6116803884506226,1.0,0.001,1,16,40x40,MatchingNetwork,3,3,Greek,BreaKHis_formatted,False,5,4000,5,exp1_permuted_src_datasets
81,24.007854838,0.0,1739268540.1194212,,0.6021382808685303,1.0,0.001,1,16,40x40,MatchingNetwork,3,3,Greek,BreaKHis_formatted,False,5,4000,5,exp1_permuted_src_datasets
82,24.023421465,0.0,1739268540.1349576,,0.6452723145484924,1.0,0.001,1,16,40x40,MatchingNetwork,3,3,Greek,BreaKHis_formatted,False,5,4000,5,exp1_permuted_src_datasets
83,24.039347489,0.0,1739268540.1509001,,0.6041393876075745,1.0,0.001,1,16,40x40,MatchingNetwork,3,3,Greek,BreaKHis_formatted,False,5,4000,5,exp1_permuted_src_datasets
84,24.059726987,0.0,1739268540.1712909,,0.6131850481033325,1.0,0.001,1,16,40x40,MatchingNetwork,3,3,Greek,BreaKHis_formatted,False,5,4000,5,exp1_permuted_src_datasets
85,24.077728206,0.0,1739268540.1892745,,0.6064302325248718,1.0,0.001,1,16,40x40,MatchingNetwork,3,3,Greek,BreaKHis_formatted,False,5,4000,5,exp1_permuted_src_datasets
86,24.094656138,0.0,1739268540.2062101,,0.6026652455329895,1.0,0.001,1,16,40x40,MatchingNetwork,3,3,Greek,BreaKHis_formatted,False,5,4000,5,exp1_permuted_src_datasets
87,24.111909336,0.0,1739268540.223463,,0.6003780364990234,1.0,0.001,1,16,40x40,MatchingNetwork,3,3,Greek,BreaKHis_formatted,False,5,4000,5,exp1_permuted_src_datasets
88,24.130188093,0.0,1739268540.241742,,0.6116930246353149,1.0,0.001,1,16,40x40,MatchingNetwork,3,3,Greek,BreaKHis_formatted,False,5,4000,5,exp1_permuted_src_datasets
89,24.147201921,0.0,1739268540.258749,,0.6126047372817993,1.0,0.001,1,16,40x40,MatchingNetwork,3,3,Greek,BreaKHis_formatted,False,5,4000,5,exp1_permuted_src_datasets
90,24.164098548,0.0,1739268540.2756612,,0.6204409599304199,1.0,0.001,1,16,40x40,MatchingNetwork,3,3,Greek,BreaKHis_formatted,False,5,4000,5,exp1_permuted_src_datasets
91,24.183212883,0.0,1739268540.2947483,,0.6230058670043945,1.0,0.001,1,16,40x40,MatchingNetwork,3,3,Greek,BreaKHis_formatted,False,5,4000,5,exp1_permuted_src_datasets
92,24.211034292,0.0,1739268540.3225737,,0.5982571840286255,1.0,0.001,1,16,40x40,MatchingNetwork,3,3,Greek,BreaKHis_formatted,False,5,4000,5,exp1_permuted_src_datasets
93,24.229581981,0.0,1739268540.341137,,0.6223578453063965,1.0,0.001,1,16,40x40,MatchingNetwork,3,3,Greek,BreaKHis_formatted,False,5,4000,5,exp1_permuted_src_datasets
94,24.245345796,0.0,1739268540.356899,,0.598648726940155,1.0,0.001,1,16,40x40,MatchingNetwork,3,3,Greek,BreaKHis_formatted,False,5,4000,5,exp1_permuted_src_datasets
95,24.261156267,0.0,1739268540.372721,,0.6082910299301147,1.0,0.001,1,16,40x40,MatchingNetwork,3,3,Greek,BreaKHis_formatted,False,5,4000,5,exp1_permuted_src_datasets
96,24.277151187,0.0,1739268540.3887086,,0.6017850041389465,1.0,0.001,1,16,40x40,MatchingNetwork,3,3,Greek,BreaKHis_formatted,False,5,4000,5,exp1_permuted_src_datasets
97,24.293459572,0.0,1739268540.4050028,,0.6345893740653992,1.0,0.001,1,16,40x40,MatchingNetwork,3,3,Greek,BreaKHis_formatted,False,5,4000,5,exp1_permuted_src_datasets
98,24.314014875,0.0,1739268540.4255598,,0.626844048500061,1.0,0.001,1,16,40x40,MatchingNetwork,3,3,Greek,BreaKHis_formatted,False,5,4000,5,exp1_permuted_src_datasets
99,24.33312467,0.0,1739268540.4446907,,0.6049564480781555,1.0,0.001,1,16,40x40,MatchingNetwork,3,3,Greek,BreaKHis_formatted,False,5,4000,5,exp1_permuted_src_datasets
100,24.350100395,0.0,1739268540.4616425,,0.625268280506134,1.0,0.001,1,16,40x40,MatchingNetwork,3,3,Greek,BreaKHis_formatted,False,5,4000,5,exp1_permuted_src_datasets
101,24.375398543,0.0,1739268540.4869456,,0.6126013994216919,1.0,0.001,1,16,40x40,MatchingNetwork,3,3,Greek,BreaKHis_formatted,False,5,4000,5,exp1_permuted_src_datasets
102,24.394319729,0.0,1739268540.5058439,,0.6100137233734131,1.0,0.001,1,16,40x40,MatchingNetwork,3,3,Greek,BreaKHis_formatted,False,5,4000,5,exp1_permuted_src_datasets
103,24.41749171,0.0,1739268540.5290086,,0.61822110414505,1.0,0.001,1,16,40x40,MatchingNetwork,3,3,Greek,BreaKHis_formatted,False,5,4000,5,exp1_permuted_src_datasets
104,24.433444596,0.0,1739268540.5449867,,0.5930945873260498,1.0,0.001,1,16,40x40,MatchingNetwork,3,3,Greek,BreaKHis_formatted,False,5,4000,5,exp1_permuted_src_datasets
105,24.451011167,0.0,1739268540.5625498,,0.619664192199707,1.0,0.001,1,16,40x40,MatchingNetwork,3,3,Greek,BreaKHis_formatted,False,5,4000,5,exp1_permuted_src_datasets
106,24.466407059,0.0,1739268540.5779574,,0.6104601621627808,1.0,0.001,1,16,40x40,MatchingNetwork,3,3,Greek,BreaKHis_formatted,False,5,4000,5,exp1_permuted_src_datasets
107,24.482044226,0.0,1739268540.5936055,,0.6158540844917297,1.0,0.001,1,16,40x40,MatchingNetwork,3,3,Greek,BreaKHis_formatted,False,5,4000,5,exp1_permuted_src_datasets
108,24.498971044,0.0,1739268540.6104813,,0.6181768178939819,1.0,0.001,1,16,40x40,MatchingNetwork,3,3,Greek,BreaKHis_formatted,False,5,4000,5,exp1_permuted_src_datasets
109,24.52112954,0.0,1739268540.63267,,0.6152853965759277,1.0,0.001,1,16,40x40,MatchingNetwork,3,3,Greek,BreaKHis_formatted,False,5,4000,5,exp1_permuted_src_datasets
110,24.539896303,0.0,1739268540.651406,,0.6612623333930969,1.0,0.001,1,16,40x40,MatchingNetwork,3,3,Greek,BreaKHis_formatted,False,5,4000,5,exp1_permuted_src_datasets
111,24.561123808,0.0,1739268540.6726263,,0.5954070687294006,1.0,0.001,1,16,40x40,MatchingNetwork,3,3,Greek,BreaKHis_formatted,False,5,4000,5,exp1_permuted_src_datasets
112,24.58421116,0.0,1739268540.6957364,,0.6422690749168396,1.0,0.001,1,16,40x40,MatchingNetwork,3,3,Greek,BreaKHis_formatted,False,5,4000,5,exp1_permuted_src_datasets
113,24.601093021,0.0,1739268540.7126293,,0.6066231727600098,1.0,0.001,1,16,40x40,MatchingNetwork,3,3,Greek,BreaKHis_formatted,False,5,4000,5,exp1_permuted_src_datasets
114,24.61710637,0.0,1739268540.7286572,,0.6448659896850586,1.0,0.001,1,16,40x40,MatchingNetwork,3,3,Greek,BreaKHis_formatted,False,5,4000,5,exp1_permuted_src_datasets
115,24.633253018,0.0,1739268540.744798,,0.6011619567871094,1.0,0.001,1,16,40x40,MatchingNetwork,3,3,Greek,BreaKHis_formatted,False,5,4000,5,exp1_permuted_src_datasets
116,24.649028643,0.0,1739268540.7605772,,0.6066240072250366,1.0,0.001,1,16,40x40,MatchingNetwork,3,3,Greek,BreaKHis_formatted,False,5,4000,5,exp1_permuted_src_datasets
117,24.664848366,0.0,1739268540.7764065,,0.6247674822807312,1.0,0.001,1,16,40x40,MatchingNetwork,3,3,Greek,BreaKHis_formatted,False,5,4000,5,exp1_permuted_src_datasets
118,24.680387153,0.0,1739268540.791948,,0.60090172290802,1.0,0.001,1,16,40x40,MatchingNetwork,3,3,Greek,BreaKHis_formatted,False,5,4000,5,exp1_permuted_src_datasets
119,24.696296676,0.0,1739268540.8078516,,0.600764274597168,1.0,0.001,1,16,40x40,MatchingNetwork,3,3,Greek,BreaKHis_formatted,False,5,4000,5,exp1_permuted_src_datasets
120,24.712212239,0.0,1739268540.8237765,,0.5962007641792297,1.0,0.001,1,16,40x40,MatchingNetwork,3,3,Greek,BreaKHis_formatted,False,5,4000,5,exp1_permuted_src_datasets
121,24.728180139,0.0,1739268540.8397372,,0.5929341316223145,1.0,0.001,1,16,40x40,MatchingNetwork,3,3,Greek,BreaKHis_formatted,False,5,4000,5,exp1_permuted_src_datasets
122,24.743898664,0.0,1739268540.8554442,,0.6149118542671204,1.0,0.001,1,16,40x40,MatchingNetwork,3,3,Greek,BreaKHis_formatted,False,5,4000,5,exp1_permuted_src_datasets
123,24.759605789,0.0,1739268540.87118,,0.5981399416923523,1.0,0.001,1,16,40x40,MatchingNetwork,3,3,Greek,BreaKHis_formatted,False,5,4000,5,exp1_permuted_src_datasets
124,24.775485066,0.0,1739268540.887057,,0.5959821343421936,1.0,0.001,1,16,40x40,MatchingNetwork,3,3,Greek,BreaKHis_formatted,False,5,4000,5,exp1_permuted_src_datasets
125,24.791777655,0.0,1739268540.9033263,,0.5877196788787842,1.0,0.001,1,16,40x40,MatchingNetwork,3,3,Greek,BreaKHis_formatted,False,5,4000,5,exp1_permuted_src_datasets
126,24.807912521,0.0,1739268540.9194665,,0.6428078413009644,1.0,0.001,1,16,40x40,MatchingNetwork,3,3,Greek,BreaKHis_formatted,False,5,4000,5,exp1_permuted_src_datasets
127,32.269692533,0.0,1739268548.3812885,0.8085,,,0.001,1,16,40x40,MatchingNetwork,3,3,Greek,BreaKHis_formatted,False,5,4000,5,exp1_permuted_src_datasets
128,32.282855541,0.0,1739268548.394402,,0.6026005148887634,1.0,0.001,1,16,40x40,MatchingNetwork,3,3,Greek,BreaKHis_formatted,False,5,4000,5,exp1_permuted_src_datasets
129,32.305326641,0.0,1739268548.4168768,,0.5915947556495667,1.0,0.001,1,16,40x40,MatchingNetwork,3,3,Greek,BreaKHis_formatted,False,5,4000,5,exp1_permuted_src_datasets
130,32.323544103,0.0,1739268548.4350924,,0.6016696095466614,1.0,0.001,1,16,40x40,MatchingNetwork,3,3,Greek,BreaKHis_formatted,False,5,4000,5,exp1_permuted_src_datasets
131,32.340037449,0.0,1739268548.4515991,,0.5927506685256958,1.0,0.001,1,16,40x40,MatchingNetwork,3,3,Greek,BreaKHis_formatted,False,5,4000,5,exp1_permuted_src_datasets
132,32.356483192,0.0,1739268548.468047,,0.6013296842575073,1.0,0.001,1,16,40x40,MatchingNetwork,3,3,Greek,BreaKHis_formatted,False,5,4000,5,exp1_permuted_src_datasets
133,32.372903504,0.0,1739268548.4844737,,0.5898270010948181,1.0,0.001,1,16,40x40,MatchingNetwork,3,3,Greek,BreaKHis_formatted,False,5,4000,5,exp1_permuted_src_datasets
134,32.38923533,0.0,1739268548.5008006,,0.6082563400268555,1.0,0.001,1,16,40x40,MatchingNetwork,3,3,Greek,BreaKHis_formatted,False,5,4000,5,exp1_permuted_src_datasets
135,32.405259515,0.0,1739268548.5168312,,0.6157442331314087,1.0,0.001,1,16,40x40,MatchingNetwork,3,3,Greek,BreaKHis_formatted,False,5,4000,5,exp1_permuted_src_datasets
136,32.421068461,0.0,1739268548.532618,,0.6200412511825562,1.0,0.001,1,16,40x40,MatchingNetwork,3,3,Greek,BreaKHis_formatted,False,5,4000,5,exp1_permuted_src_datasets
137,32.437013557,0.0,1739268548.548566,,0.5896233320236206,1.0,0.001,1,16,40x40,MatchingNetwork,3,3,Greek,BreaKHis_formatted,False,5,4000,5,exp1_permuted_src_datasets
138,32.453018979,0.0,1739268548.564582,,0.5997937917709351,1.0,0.001,1,16,40x40,MatchingNetwork,3,3,Greek,BreaKHis_formatted,False,5,4000,5,exp1_permuted_src_datasets
139,32.468904755,0.0,1739268548.580467,,0.6083341240882874,1.0,0.001,1,16,40x40,MatchingNetwork,3,3,Greek,BreaKHis_formatted,False,5,4000,5,exp1_permuted_src_datasets
140,32.487424172,0.0,1739268548.598962,,0.5959993004798889,1.0,0.001,1,16,40x40,MatchingNetwork,3,3,Greek,BreaKHis_formatted,False,5,4000,5,exp1_permuted_src_datasets
141,32.50744546,0.0,1739268548.6189916,,0.5905114412307739,1.0,0.001,1,16,40x40,MatchingNetwork,3,3,Greek,BreaKHis_formatted,False,5,4000,5,exp1_permuted_src_datasets
142,32.524547455,0.0,1739268548.6361067,,0.5914695858955383,1.0,0.001,1,16,40x40,MatchingNetwork,3,3,Greek,BreaKHis_formatted,False,5,4000,5,exp1_permuted_src_datasets
143,32.540718172,0.0,1739268548.652271,,0.6154393553733826,1.0,0.001,1,16,40x40,MatchingNetwork,3,3,Greek,BreaKHis_formatted,False,5,4000,5,exp1_permuted_src_datasets
144,32.556548041,0.0,1739268548.6681156,,0.6037145256996155,1.0,0.001,1,16,40x40,MatchingNetwork,3,3,Greek,BreaKHis_formatted,False,5,4000,5,exp1_permuted_src_datasets
145,32.572109194,0.0,1739268548.6836767,,0.5985913276672363,1.0,0.001,1,16,40x40,MatchingNetwork,3,3,Greek,BreaKHis_formatted,False,5,4000,5,exp1_permuted_src_datasets
146,32.588088451,0.0,1739268548.6996558,,0.6017125844955444,1.0,0.001,1,16,40x40,MatchingNetwork,3,3,Greek,BreaKHis_formatted,False,5,4000,5,exp1_permuted_src_datasets
147,32.603844071,0.0,1739268548.7154145,,0.597248911857605,1.0,0.001,1,16,40x40,MatchingNetwork,3,3,Greek,BreaKHis_formatted,False,5,4000,5,exp1_permuted_src_datasets
148,32.619331997,0.0,1739268548.730898,,0.5934289693832397,1.0,0.001,1,16,40x40,MatchingNetwork,3,3,Greek,BreaKHis_formatted,False,5,4000,5,exp1_permuted_src_datasets
149,32.634913435,0.0,1739268548.7464643,,0.5999922752380371,1.0,0.001,1,16,40x40,MatchingNetwork,3,3,Greek,BreaKHis_formatted,False,5,4000,5,exp1_permuted_src_datasets
150,32.650676637,0.0,1739268548.7622497,,0.5944238901138306,1.0,0.001,1,16,40x40,MatchingNetwork,3,3,Greek,BreaKHis_formatted,False,5,4000,5,exp1_permuted_src_datasets
151,32.667189561,0.0,1739268548.7787678,,0.6275331377983093,1.0,0.001,1,16,40x40,MatchingNetwork,3,3,Greek,BreaKHis_formatted,False,5,4000,5,exp1_permuted_src_datasets
152,32.683374405,0.0,1739268548.7949312,,0.5882270336151123,1.0,0.001,1,16,40x40,MatchingNetwork,3,3,Greek,BreaKHis_formatted,False,5,4000,5,exp1_permuted_src_datasets
153,32.698873992,0.0,1739268548.8104484,,0.5954306125640869,1.0,0.001,1,16,40x40,MatchingNetwork,3,3,Greek,BreaKHis_formatted,False,5,4000,5,exp1_permuted_src_datasets
154,32.713834905,0.0,1739268548.8254108,,0.5959261655807495,1.0,0.001,1,16,40x40,MatchingNetwork,3,3,Greek,BreaKHis_formatted,False,5,4000,5,exp1_permuted_src_datasets
155,32.729057285,0.0,1739268548.8406284,,0.6374450325965881,1.0,0.001,1,16,40x40,MatchingNetwork,3,3,Greek,BreaKHis_formatted,False,5,4000,5,exp1_permuted_src_datasets
156,32.744599292,0.0,1739268548.8561466,,0.5971243381500244,1.0,0.001,1,16,40x40,MatchingNetwork,3,3,Greek,BreaKHis_formatted,False,5,4000,5,exp1_permuted_src_datasets
157,32.75971586,0.0,1739268548.871286,,0.5937885046005249,1.0,0.001,1,16,40x40,MatchingNetwork,3,3,Greek,BreaKHis_formatted,False,5,4000,5,exp1_permuted_src_datasets
158,32.775494421,0.0,1739268548.8870673,,0.5991954803466797,1.0,0.001,1,16,40x40,MatchingNetwork,3,3,Greek,BreaKHis_formatted,False,5,4000,5,exp1_permuted_src_datasets
159,32.791172064,0.0,1739268548.9027467,,0.589843213558197,1.0,0.001,1,16,40x40,MatchingNetwork,3,3,Greek,BreaKHis_formatted,False,5,4000,5,exp1_permuted_src_datasets
160,32.806745074,0.0,1739268548.9183166,,0.6279979348182678,1.0,0.001,1,16,40x40,MatchingNetwork,3,3,Greek,BreaKHis_formatted,False,5,4000,5,exp1_permuted_src_datasets
161,32.822245882,0.0,1739268548.9338202,,0.5888384580612183,1.0,0.001,1,16,40x40,MatchingNetwork,3,3,Greek,BreaKHis_formatted,False,5,4000,5,exp1_permuted_src_datasets
162,32.838583175,0.0,1739268548.950145,,0.5934649705886841,1.0,0.001,1,16,40x40,MatchingNetwork,3,3,Greek,BreaKHis_formatted,False,5,4000,5,exp1_permuted_src_datasets
163,32.854192975,0.0,1739268548.9657643,,0.5997887253761292,1.0,0.001,1,16,40x40,MatchingNetwork,3,3,Greek,BreaKHis_formatted,False,5,4000,5,exp1_permuted_src_datasets
164,32.869881412,0.0,1739268548.9814534,,0.6137411594390869,1.0,0.001,1,16,40x40,MatchingNetwork,3,3,Greek,BreaKHis_formatted,False,5,4000,5,exp1_permuted_src_datasets
165,32.886824822,0.0,1739268548.9983852,,0.599765956401825,1.0,0.001,1,16,40x40,MatchingNetwork,3,3,Greek,BreaKHis_formatted,False,5,4000,5,exp1_permuted_src_datasets
166,32.902589357,0.0,1739268549.0141501,,0.6051706075668335,1.0,0.001,1,16,40x40,MatchingNetwork,3,3,Greek,BreaKHis_formatted,False,5,4000,5,exp1_permuted_src_datasets
167,32.919215402,0.0,1739268549.0307827,,0.5862337946891785,1.0,0.001,1,16,40x40,MatchingNetwork,3,3,Greek,BreaKHis_formatted,False,5,4000,5,exp1_permuted_src_datasets
168,32.934900453,0.0,1739268549.0464718,,0.5846732258796692,1.0,0.001,1,16,40x40,MatchingNetwork,3,3,Greek,BreaKHis_formatted,False,5,4000,5,exp1_permuted_src_datasets
169,32.950300507,0.0,1739268549.0618734,,0.5941827893257141,1.0,0.001,1,16,40x40,MatchingNetwork,3,3,Greek,BreaKHis_formatted,False,5,4000,5,exp1_permuted_src_datasets
170,32.966532698,0.0,1739268549.0781074,,0.596786379814148,1.0,0.001,1,16,40x40,MatchingNetwork,3,3,Greek,BreaKHis_formatted,False,5,4000,5,exp1_permuted_src_datasets
171,32.982272419,0.0,1739268549.0938258,,0.6016938090324402,1.0,0.001,1,16,40x40,MatchingNetwork,3,3,Greek,BreaKHis_formatted,False,5,4000,5,exp1_permuted_src_datasets
172,32.998155291,0.0,1739268549.1097286,,0.5941427946090698,1.0,0.001,1,16,40x40,MatchingNetwork,3,3,Greek,BreaKHis_formatted,False,5,4000,5,exp1_permuted_src_datasets
173,33.014066958,0.0,1739268549.1256216,,0.592017412185669,1.0,0.001,1,16,40x40,MatchingNetwork,3,3,Greek,BreaKHis_formatted,False,5,4000,5,exp1_permuted_src_datasets
174,33.029749567,0.0,1739268549.1413233,,0.5939619541168213,1.0,0.001,1,16,40x40,MatchingNetwork,3,3,Greek,BreaKHis_formatted,False,5,4000,5,exp1_permuted_src_datasets
175,33.045654222,0.0,1739268549.1572313,,0.5929433107376099,1.0,0.001,1,16,40x40,MatchingNetwork,3,3,Greek,BreaKHis_formatted,False,5,4000,5,exp1_permuted_src_datasets
176,33.060981006,0.0,1739268549.1725378,,0.6075312495231628,1.0,0.001,1,16,40x40,MatchingNetwork,3,3,Greek,BreaKHis_formatted,False,5,4000,5,exp1_permuted_src_datasets
177,33.076276168,0.0,1739268549.1878505,,0.587369978427887,1.0,0.001,1,16,40x40,MatchingNetwork,3,3,Greek,BreaKHis_formatted,False,5,4000,5,exp1_permuted_src_datasets
178,33.091573784,0.0,1739268549.2031293,,0.5919724702835083,1.0,0.001,1,16,40x40,MatchingNetwork,3,3,Greek,BreaKHis_formatted,False,5,4000,5,exp1_permuted_src_datasets
179,33.106883382,0.0,1739268549.2184348,,0.5889765620231628,1.0,0.001,1,16,40x40,MatchingNetwork,3,3,Greek,BreaKHis_formatted,False,5,4000,5,exp1_permuted_src_datasets
180,33.122331237,0.0,1739268549.233893,,0.5873871445655823,1.0,0.001,1,16,40x40,MatchingNetwork,3,3,Greek,BreaKHis_formatted,False,5,4000,5,exp1_permuted_src_datasets
181,33.138252899,0.0,1739268549.249811,,0.5914232730865479,1.0,0.001,1,16,40x40,MatchingNetwork,3,3,Greek,BreaKHis_formatted,False,5,4000,5,exp1_permuted_src_datasets
182,33.154223166,0.0,1739268549.2657955,,0.5911790728569031,1.0,0.001,1,16,40x40,MatchingNetwork,3,3,Greek,BreaKHis_formatted,False,5,4000,5,exp1_permuted_src_datasets
183,33.16979099,0.0,1739268549.2813628,,0.6023242473602295,1.0,0.001,1,16,40x40,MatchingNetwork,3,3,Greek,BreaKHis_formatted,False,5,4000,5,exp1_permuted_src_datasets
184,33.185312306,0.0,1739268549.296857,,0.5942950248718262,1.0,0.001,1,16,40x40,MatchingNetwork,3,3,Greek,BreaKHis_formatted,False,5,4000,5,exp1_permuted_src_datasets
185,33.200873619,0.0,1739268549.312431,,0.6015028357505798,1.0,0.001,1,16,40x40,MatchingNetwork,3,3,Greek,BreaKHis_formatted,False,5,4000,5,exp1_permuted_src_datasets
186,33.216764529,0.0,1739268549.3283184,,0.5935372710227966,1.0,0.001,1,16,40x40,MatchingNetwork,3,3,Greek,BreaKHis_formatted,False,5,4000,5,exp1_permuted_src_datasets
187,33.232640384,0.0,1739268549.3442082,,0.6052863001823425,1.0,0.001,1,16,40x40,MatchingNetwork,3,3,Greek,BreaKHis_formatted,False,5,4000,5,exp1_permuted_src_datasets
188,33.248245015,0.0,1739268549.3598013,,0.5898160934448242,1.0,0.001,1,16,40x40,MatchingNetwork,3,3,Greek,BreaKHis_formatted,False,5,4000,5,exp1_permuted_src_datasets
189,33.263545267,0.0,1739268549.375118,,0.5936406850814819,1.0,0.001,1,16,40x40,MatchingNetwork,3,3,Greek,BreaKHis_formatted,False,5,4000,5,exp1_permuted_src_datasets
190,40.72720603,0.0,1739268556.8387952,0.8155,,,0.001,1,16,40x40,MatchingNetwork,3,3,Greek,BreaKHis_formatted,False,5,4000,5,exp1_permuted_src_datasets
191,45.460596365,1.0,1739268561.5721676,,,,0.001,1,16,40x40,MatchingNetwork,3,3,Greek,BreaKHis_formatted,False,5,4000,5,exp1_permuted_src_datasets
192,52.943060506,1.0,1739268569.0546482,0.615,,,0.001,1,16,40x40,MatchingNetwork,3,3,Greek,BreaKHis_formatted,False,5,4000,5,exp1_permuted_src_datasets
193,52.955152733,1.0,1739268569.0666847,,0.8627801537513733,0.875,0.001,1,16,40x40,MatchingNetwork,3,3,Greek,BreaKHis_formatted,False,5,4000,5,exp1_permuted_src_datasets
194,52.972451837,1.0,1739268569.0839882,,0.8468942046165466,0.875,0.001,1,16,40x40,MatchingNetwork,3,3,Greek,BreaKHis_formatted,False,5,4000,5,exp1_permuted_src_datasets
195,52.989784811,1.0,1739268569.1013188,,0.8385268449783325,1.0,0.001,1,16,40x40,MatchingNetwork,3,3,Greek,BreaKHis_formatted,False,5,4000,5,exp1_permuted_src_datasets
196,53.017319059,1.0,1739268569.1288016,,0.762412965297699,0.9375,0.001,1,16,40x40,MatchingNetwork,3,3,Greek,BreaKHis_formatted,False,5,4000,5,exp1_permuted_src_datasets
197,53.045057982,1.0,1739268569.1565843,,0.8453711867332458,0.9375,0.001,1,16,40x40,MatchingNetwork,3,3,Greek,BreaKHis_formatted,False,5,4000,5,exp1_permuted_src_datasets
198,53.063412311,1.0,1739268569.1749592,,0.7700521945953369,1.0,0.001,1,16,40x40,MatchingNetwork,3,3,Greek,BreaKHis_formatted,False,5,4000,5,exp1_permuted_src_datasets
199,53.079585153,1.0,1739268569.191136,,0.7515570521354675,0.9375,0.001,1,16,40x40,MatchingNetwork,3,3,Greek,BreaKHis_formatted,False,5,4000,5,exp1_permuted_src_datasets
200,53.095612966,1.0,1739268569.2071722,,0.7661113739013672,0.875,0.001,1,16,40x40,MatchingNetwork,3,3,Greek,BreaKHis_formatted,False,5,4000,5,exp1_permuted_src_datasets
201,53.112487116,1.0,1739268569.2240124,,0.7935583591461182,0.8125,0.001,1,16,40x40,MatchingNetwork,3,3,Greek,BreaKHis_formatted,False,5,4000,5,exp1_permuted_src_datasets
202,53.129427471,1.0,1739268569.2409937,,0.7373314499855042,0.875,0.001,1,16,40x40,MatchingNetwork,3,3,Greek,BreaKHis_formatted,False,5,4000,5,exp1_permuted_src_datasets
203,53.146007365,1.0,1739268569.2575734,,0.7714229822158813,1.0,0.001,1,16,40x40,MatchingNetwork,3,3,Greek,BreaKHis_formatted,False,5,4000,5,exp1_permuted_src_datasets
204,53.162704902,1.0,1739268569.2742546,,0.7817712426185608,0.9375,0.001,1,16,40x40,MatchingNetwork,3,3,Greek,BreaKHis_formatted,False,5,4000,5,exp1_permuted_src_datasets
205,53.179030074,1.0,1739268569.290581,,0.8516275882720947,1.0,0.001,1,16,40x40,MatchingNetwork,3,3,Greek,BreaKHis_formatted,False,5,4000,5,exp1_permuted_src_datasets
206,53.194778381,1.0,1739268569.306343,,0.7991692423820496,0.625,0.001,1,16,40x40,MatchingNetwork,3,3,Greek,BreaKHis_formatted,False,5,4000,5,exp1_permuted_src_datasets
207,53.210366365,1.0,1739268569.3219268,,0.785605251789093,0.9375,0.001,1,16,40x40,MatchingNetwork,3,3,Greek,BreaKHis_formatted,False,5,4000,5,exp1_permuted_src_datasets
208,53.226612023,1.0,1739268569.338182,,0.6969709396362305,1.0,0.001,1,16,40x40,MatchingNetwork,3,3,Greek,BreaKHis_formatted,False,5,4000,5,exp1_permuted_src_datasets
209,53.243313727,1.0,1739268569.354884,,0.7650774717330933,0.875,0.001,1,16,40x40,MatchingNetwork,3,3,Greek,BreaKHis_formatted,False,5,4000,5,exp1_permuted_src_datasets
210,53.259656142,1.0,1739268569.371225,,0.7055198550224304,0.875,0.001,1,16,40x40,MatchingNetwork,3,3,Greek,BreaKHis_formatted,False,5,4000,5,exp1_permuted_src_datasets
211,53.276037841,1.0,1739268569.387607,,0.6878947019577026,0.875,0.001,1,16,40x40,MatchingNetwork,3,3,Greek,BreaKHis_formatted,False,5,4000,5,exp1_permuted_src_datasets
212,53.292142286,1.0,1739268569.4037042,,0.7428614497184753,0.9375,0.001,1,16,40x40,MatchingNetwork,3,3,Greek,BreaKHis_formatted,False,5,4000,5,exp1_permuted_src_datasets
213,53.308367178,1.0,1739268569.419928,,0.7106662392616272,1.0,0.001,1,16,40x40,MatchingNetwork,3,3,Greek,BreaKHis_formatted,False,5,4000,5,exp1_permuted_src_datasets
214,53.32410497,1.0,1739268569.4356723,,0.7334412932395935,0.75,0.001,1,16,40x40,MatchingNetwork,3,3,Greek,BreaKHis_formatted,False,5,4000,5,exp1_permuted_src_datasets
215,53.340076099,1.0,1739268569.4516337,,0.6850516200065613,0.9375,0.001,1,16,40x40,MatchingNetwork,3,3,Greek,BreaKHis_formatted,False,5,4000,5,exp1_permuted_src_datasets
216,53.355853819000004,1.0,1739268569.4674208,,0.6489708423614502,1.0,0.001,1,16,40x40,MatchingNetwork,3,3,Greek,BreaKHis_formatted,False,5,4000,5,exp1_permuted_src_datasets
217,53.371566811,1.0,1739268569.4831061,,0.7548165321350098,0.9375,0.001,1,16,40x40,MatchingNetwork,3,3,Greek,BreaKHis_formatted,False,5,4000,5,exp1_permuted_src_datasets
218,53.387482423,1.0,1739268569.4990509,,0.6516002416610718,1.0,0.001,1,16,40x40,MatchingNetwork,3,3,Greek,BreaKHis_formatted,False,5,4000,5,exp1_permuted_src_datasets
219,53.403303915,1.0,1739268569.5148578,,0.7205690145492554,0.8125,0.001,1,16,40x40,MatchingNetwork,3,3,Greek,BreaKHis_formatted,False,5,4000,5,exp1_permuted_src_datasets
220,53.419078315,1.0,1739268569.530642,,0.640102207660675,1.0,0.001,1,16,40x40,MatchingNetwork,3,3,Greek,BreaKHis_formatted,False,5,4000,5,exp1_permuted_src_datasets
221,53.434966026,1.0,1739268569.546506,,0.6613500714302063,0.875,0.001,1,16,40x40,MatchingNetwork,3,3,Greek,BreaKHis_formatted,False,5,4000,5,exp1_permuted_src_datasets
222,53.451043144,1.0,1739268569.5625918,,0.6776779294013977,0.9375,0.001,1,16,40x40,MatchingNetwork,3,3,Greek,BreaKHis_formatted,False,5,4000,5,exp1_permuted_src_datasets
223,53.466779555,1.0,1739268569.5783472,,0.651039183139801,1.0,0.001,1,16,40x40,MatchingNetwork,3,3,Greek,BreaKHis_formatted,False,5,4000,5,exp1_permuted_src_datasets
224,53.482623133,1.0,1739268569.5941947,,0.6804705858230591,1.0,0.001,1,16,40x40,MatchingNetwork,3,3,Greek,BreaKHis_formatted,False,5,4000,5,exp1_permuted_src_datasets
225,53.500416819,1.0,1739268569.611957,,0.6661539673805237,0.9375,0.001,1,16,40x40,MatchingNetwork,3,3,Greek,BreaKHis_formatted,False,5,4000,5,exp1_permuted_src_datasets
226,53.516196656,1.0,1739268569.6277463,,0.640571653842926,1.0,0.001,1,16,40x40,MatchingNetwork,3,3,Greek,BreaKHis_formatted,False,5,4000,5,exp1_permuted_src_datasets
227,53.533094443,1.0,1739268569.6446025,,0.6374825835227966,1.0,0.001,1,16,40x40,MatchingNetwork,3,3,Greek,BreaKHis_formatted,False,5,4000,5,exp1_permuted_src_datasets
228,53.549848311,1.0,1739268569.6613786,,0.6412715911865234,0.9375,0.001,1,16,40x40,MatchingNetwork,3,3,Greek,BreaKHis_formatted,False,5,4000,5,exp1_permuted_src_datasets
229,53.566681789,1.0,1739268569.6782172,,0.6772480607032776,1.0,0.001,1,16,40x40,MatchingNetwork,3,3,Greek,BreaKHis_formatted,False,5,4000,5,exp1_permuted_src_datasets
230,53.584860854,1.0,1739268569.6964114,,0.6452116966247559,1.0,0.001,1,16,40x40,MatchingNetwork,3,3,Greek,BreaKHis_formatted,False,5,4000,5,exp1_permuted_src_datasets
231,53.60080615,1.0,1739268569.7123468,,0.6373463273048401,0.875,0.001,1,16,40x40,MatchingNetwork,3,3,Greek,BreaKHis_formatted,False,5,4000,5,exp1_permuted_src_datasets
232,53.616482939,1.0,1739268569.7280269,,0.6230122447013855,1.0,0.001,1,16,40x40,MatchingNetwork,3,3,Greek,BreaKHis_formatted,False,5,4000,5,exp1_permuted_src_datasets
233,53.632296523,1.0,1739268569.7438505,,0.637407660484314,0.9375,0.001,1,16,40x40,MatchingNetwork,3,3,Greek,BreaKHis_formatted,False,5,4000,5,exp1_permuted_src_datasets
234,53.648287505,1.0,1739268569.7598498,,0.6666591167449951,0.875,0.001,1,16,40x40,MatchingNetwork,3,3,Greek,BreaKHis_formatted,False,5,4000,5,exp1_permuted_src_datasets
235,53.664225009,1.0,1739268569.7757928,,0.6191107630729675,1.0,0.001,1,16,40x40,MatchingNetwork,3,3,Greek,BreaKHis_formatted,False,5,4000,5,exp1_permuted_src_datasets
236,53.680057204,1.0,1739268569.791608,,0.6443206071853638,0.875,0.001,1,16,40x40,MatchingNetwork,3,3,Greek,BreaKHis_formatted,False,5,4000,5,exp1_permuted_src_datasets
237,53.695838252,1.0,1739268569.807384,,0.621769368648529,1.0,0.001,1,16,40x40,MatchingNetwork,3,3,Greek,BreaKHis_formatted,False,5,4000,5,exp1_permuted_src_datasets
238,53.716359697,1.0,1739268569.8279061,,0.615461528301239,1.0,0.001,1,16,40x40,MatchingNetwork,3,3,Greek,BreaKHis_formatted,False,5,4000,5,exp1_permuted_src_datasets
239,53.734450654,1.0,1739268569.8460066,,0.623500645160675,0.9375,0.001,1,16,40x40,MatchingNetwork,3,3,Greek,BreaKHis_formatted,False,5,4000,5,exp1_permuted_src_datasets
240,53.750411914,1.0,1739268569.86198,,0.6336089372634888,0.875,0.001,1,16,40x40,MatchingNetwork,3,3,Greek,BreaKHis_formatted,False,5,4000,5,exp1_permuted_src_datasets
241,53.765956677,1.0,1739268569.8775198,,0.6512424349784851,0.9375,0.001,1,16,40x40,MatchingNetwork,3,3,Greek,BreaKHis_formatted,False,5,4000,5,exp1_permuted_src_datasets
242,53.782004065,1.0,1739268569.89355,,0.640617847442627,1.0,0.001,1,16,40x40,MatchingNetwork,3,3,Greek,BreaKHis_formatted,False,5,4000,5,exp1_permuted_src_datasets
243,53.797923944,1.0,1739268569.9094734,,0.6093965172767639,1.0,0.001,1,16,40x40,MatchingNetwork,3,3,Greek,BreaKHis_formatted,False,5,4000,5,exp1_permuted_src_datasets
244,53.813533556,1.0,1739268569.925096,,0.6098653078079224,1.0,0.001,1,16,40x40,MatchingNetwork,3,3,Greek,BreaKHis_formatted,False,5,4000,5,exp1_permuted_src_datasets
245,53.834238125,1.0,1739268569.9458005,,0.6029521226882935,1.0,0.001,1,16,40x40,MatchingNetwork,3,3,Greek,BreaKHis_formatted,False,5,4000,5,exp1_permuted_src_datasets
246,53.852617092,1.0,1739268569.9641476,,0.6382604241371155,1.0,0.001,1,16,40x40,MatchingNetwork,3,3,Greek,BreaKHis_formatted,False,5,4000,5,exp1_permuted_src_datasets
247,53.878017718,1.0,1739268569.9895806,,0.6263664960861206,0.9375,0.001,1,16,40x40,MatchingNetwork,3,3,Greek,BreaKHis_formatted,False,5,4000,5,exp1_permuted_src_datasets
248,53.90745567,1.0,1739268570.0189846,,0.623653769493103,0.9375,0.001,1,16,40x40,MatchingNetwork,3,3,Greek,BreaKHis_formatted,False,5,4000,5,exp1_permuted_src_datasets
249,53.931002364,1.0,1739268570.0425704,,0.639879584312439,1.0,0.001,1,16,40x40,MatchingNetwork,3,3,Greek,BreaKHis_formatted,False,5,4000,5,exp1_permuted_src_datasets
250,53.947792366,1.0,1739268570.0593603,,0.6074178814888,1.0,0.001,1,16,40x40,MatchingNetwork,3,3,Greek,BreaKHis_formatted,False,5,4000,5,exp1_permuted_src_datasets
251,53.964063383,1.0,1739268570.075638,,0.6124151945114136,1.0,0.001,1,16,40x40,MatchingNetwork,3,3,Greek,BreaKHis_formatted,False,5,4000,5,exp1_permuted_src_datasets
252,53.97961375,1.0,1739268570.0911605,,0.6233600974082947,1.0,0.001,1,16,40x40,MatchingNetwork,3,3,Greek,BreaKHis_formatted,False,5,4000,5,exp1_permuted_src_datasets
253,53.997930648,1.0,1739268570.1094744,,0.6092290878295898,1.0,0.001,1,16,40x40,MatchingNetwork,3,3,Greek,BreaKHis_formatted,False,5,4000,5,exp1_permuted_src_datasets
254,54.014878483,1.0,1739268570.1264246,,0.6207300424575806,1.0,0.001,1,16,40x40,MatchingNetwork,3,3,Greek,BreaKHis_formatted,False,5,4000,5,exp1_permuted_src_datasets
255,61.526409467,1.0,1739268577.5961585,0.64175,,,0.001,1,16,40x40,MatchingNetwork,3,3,Greek,BreaKHis_formatted,False,5,4000,5,exp1_permuted_src_datasets
256,61.526430796,1.0,1739268577.6091983,,0.6285625696182251,1.0,0.001,1,16,40x40,MatchingNetwork,3,3,Greek,BreaKHis_formatted,False,5,4000,5,exp1_permuted_src_datasets
257,61.52643722,1.0,1739268577.6258607,,0.6229175329208374,1.0,0.001,1,16,40x40,MatchingNetwork,3,3,Greek,BreaKHis_formatted,False,5,4000,5,exp1_permuted_src_datasets
258,61.530594724,1.0,1739268577.6421528,,0.6320465803146362,0.9375,0.001,1,16,40x40,MatchingNetwork,3,3,Greek,BreaKHis_formatted,False,5,4000,5,exp1_permuted_src_datasets
259,61.547053331,1.0,1739268577.658611,,0.6092613339424133,1.0,0.001,1,16,40x40,MatchingNetwork,3,3,Greek,BreaKHis_formatted,False,5,4000,5,exp1_permuted_src_datasets
260,61.563119363,1.0,1739268577.674668,,0.6164799928665161,1.0,0.001,1,16,40x40,MatchingNetwork,3,3,Greek,BreaKHis_formatted,False,5,4000,5,exp1_permuted_src_datasets
261,61.580927394,1.0,1739268577.6924748,,0.6197044849395752,0.9375,0.001,1,16,40x40,MatchingNetwork,3,3,Greek,BreaKHis_formatted,False,5,4000,5,exp1_permuted_src_datasets
262,61.598325309,1.0,1739268577.709816,,0.6264538764953613,1.0,0.001,1,16,40x40,MatchingNetwork,3,3,Greek,BreaKHis_formatted,False,5,4000,5,exp1_permuted_src_datasets
263,61.72254005,1.0,1739268577.8340375,,0.5981670618057251,1.0,0.001,1,16,40x40,MatchingNetwork,3,3,Greek,BreaKHis_formatted,False,5,4000,5,exp1_permuted_src_datasets
264,61.739507817,1.0,1739268577.8510485,,0.6145513653755188,1.0,0.001,1,16,40x40,MatchingNetwork,3,3,Greek,BreaKHis_formatted,False,5,4000,5,exp1_permuted_src_datasets
265,61.75577002,1.0,1739268577.8673368,,0.5949267745018005,1.0,0.001,1,16,40x40,MatchingNetwork,3,3,Greek,BreaKHis_formatted,False,5,4000,5,exp1_permuted_src_datasets
266,61.771953451,1.0,1739268577.8834941,,0.6059816479682922,1.0,0.001,1,16,40x40,MatchingNetwork,3,3,Greek,BreaKHis_formatted,False,5,4000,5,exp1_permuted_src_datasets
267,61.789918104,1.0,1739268577.9014573,,0.6523886919021606,0.9375,0.001,1,16,40x40,MatchingNetwork,3,3,Greek,BreaKHis_formatted,False,5,4000,5,exp1_permuted_src_datasets
268,61.805991605,1.0,1739268577.9175453,,0.6022886633872986,1.0,0.001,1,16,40x40,MatchingNetwork,3,3,Greek,BreaKHis_formatted,False,5,4000,5,exp1_permuted_src_datasets
269,61.822042807,1.0,1739268577.9336104,,0.5997411012649536,1.0,0.001,1,16,40x40,MatchingNetwork,3,3,Greek,BreaKHis_formatted,False,5,4000,5,exp1_permuted_src_datasets
270,61.838035264,1.0,1739268577.9495754,,0.6058345437049866,1.0,0.001,1,16,40x40,MatchingNetwork,3,3,Greek,BreaKHis_formatted,False,5,4000,5,exp1_permuted_src_datasets
271,61.854150211,1.0,1739268577.9656715,,0.6103018522262573,0.9375,0.001,1,16,40x40,MatchingNetwork,3,3,Greek,BreaKHis_formatted,False,5,4000,5,exp1_permuted_src_datasets
272,61.869866601,1.0,1739268577.9814067,,0.60883629322052,1.0,0.001,1,16,40x40,MatchingNetwork,3,3,Greek,BreaKHis_formatted,False,5,4000,5,exp1_permuted_src_datasets
273,61.885966929,1.0,1739268577.997528,,0.593403697013855,1.0,0.001,1,16,40x40,MatchingNetwork,3,3,Greek,BreaKHis_formatted,False,5,4000,5,exp1_permuted_src_datasets
274,61.902030952,1.0,1739268578.0135968,,0.6214255094528198,0.9375,0.001,1,16,40x40,MatchingNetwork,3,3,Greek,BreaKHis_formatted,False,5,4000,5,exp1_permuted_src_datasets
275,61.918042817,1.0,1739268578.0296144,,0.6097115874290466,1.0,0.001,1,16,40x40,MatchingNetwork,3,3,Greek,BreaKHis_formatted,False,5,4000,5,exp1_permuted_src_datasets
276,61.934019293,1.0,1739268578.0455732,,0.5974908471107483,1.0,0.001,1,16,40x40,MatchingNetwork,3,3,Greek,BreaKHis_formatted,False,5,4000,5,exp1_permuted_src_datasets
277,61.949912234,1.0,1739268578.0614746,,0.6080571413040161,0.9375,0.001,1,16,40x40,MatchingNetwork,3,3,Greek,BreaKHis_formatted,False,5,4000,5,exp1_permuted_src_datasets
278,61.96600052,1.0,1739268578.077543,,0.6244882345199585,0.875,0.001,1,16,40x40,MatchingNetwork,3,3,Greek,BreaKHis_formatted,False,5,4000,5,exp1_permuted_src_datasets
279,61.98301404,1.0,1739268578.0945656,,0.6040621399879456,1.0,0.001,1,16,40x40,MatchingNetwork,3,3,Greek,BreaKHis_formatted,False,5,4000,5,exp1_permuted_src_datasets
280,61.998882854,1.0,1739268578.110446,,0.6132675409317017,0.9375,0.001,1,16,40x40,MatchingNetwork,3,3,Greek,BreaKHis_formatted,False,5,4000,5,exp1_permuted_src_datasets
281,62.014784902,1.0,1739268578.1263297,,0.5987370014190674,1.0,0.001,1,16,40x40,MatchingNetwork,3,3,Greek,BreaKHis_formatted,False,5,4000,5,exp1_permuted_src_datasets
282,62.030481235,1.0,1739268578.1420333,,0.6140390038490295,1.0,0.001,1,16,40x40,MatchingNetwork,3,3,Greek,BreaKHis_formatted,False,5,4000,5,exp1_permuted_src_datasets
283,62.046086361,1.0,1739268578.1576564,,0.6062723994255066,1.0,0.001,1,16,40x40,MatchingNetwork,3,3,Greek,BreaKHis_formatted,False,5,4000,5,exp1_permuted_src_datasets
284,62.061627121,1.0,1739268578.1731853,,0.5967490673065186,1.0,0.001,1,16,40x40,MatchingNetwork,3,3,Greek,BreaKHis_formatted,False,5,4000,5,exp1_permuted_src_datasets
285,62.077267646,1.0,1739268578.1888404,,0.6335289478302002,0.9375,0.001,1,16,40x40,MatchingNetwork,3,3,Greek,BreaKHis_formatted,False,5,4000,5,exp1_permuted_src_datasets
286,62.093154481,1.0,1739268578.2047079,,0.5913445353507996,1.0,0.001,1,16,40x40,MatchingNetwork,3,3,Greek,BreaKHis_formatted,False,5,4000,5,exp1_permuted_src_datasets
287,62.109291974,1.0,1739268578.2208552,,0.5969682931900024,1.0,0.001,1,16,40x40,MatchingNetwork,3,3,Greek,BreaKHis_formatted,False,5,4000,5,exp1_permuted_src_datasets
288,62.125188179,1.0,1739268578.236744,,0.5905939340591431,1.0,0.001,1,16,40x40,MatchingNetwork,3,3,Greek,BreaKHis_formatted,False,5,4000,5,exp1_permuted_src_datasets
289,62.141168605,1.0,1739268578.2527359,,0.6214035749435425,1.0,0.001,1,16,40x40,MatchingNetwork,3,3,Greek,BreaKHis_formatted,False,5,4000,5,exp1_permuted_src_datasets
290,62.156846159,1.0,1739268578.2684004,,0.6166802048683167,0.9375,0.001,1,16,40x40,MatchingNetwork,3,3,Greek,BreaKHis_formatted,False,5,4000,5,exp1_permuted_src_datasets
291,62.1727702,1.0,1739268578.2843232,,0.6140895485877991,1.0,0.001,1,16,40x40,MatchingNetwork,3,3,Greek,BreaKHis_formatted,False,5,4000,5,exp1_permuted_src_datasets
292,62.188353312,1.0,1739268578.2999156,,0.6147136688232422,0.9375,0.001,1,16,40x40,MatchingNetwork,3,3,Greek,BreaKHis_formatted,False,5,4000,5,exp1_permuted_src_datasets
293,62.204309173,1.0,1739268578.315845,,0.5925560593605042,1.0,0.001,1,16,40x40,MatchingNetwork,3,3,Greek,BreaKHis_formatted,False,5,4000,5,exp1_permuted_src_datasets
294,62.220145912,1.0,1739268578.3317106,,0.6329346299171448,1.0,0.001,1,16,40x40,MatchingNetwork,3,3,Greek,BreaKHis_formatted,False,5,4000,5,exp1_permuted_src_datasets
295,62.236207892,1.0,1739268578.3477685,,0.6219742298126221,0.8125,0.001,1,16,40x40,MatchingNetwork,3,3,Greek,BreaKHis_formatted,False,5,4000,5,exp1_permuted_src_datasets
296,62.25210237,1.0,1739268578.3636398,,0.6365764737129211,1.0,0.001,1,16,40x40,MatchingNetwork,3,3,Greek,BreaKHis_formatted,False,5,4000,5,exp1_permuted_src_datasets
297,62.267737009,1.0,1739268578.3792865,,0.6036105155944824,1.0,0.001,1,16,40x40,MatchingNetwork,3,3,Greek,BreaKHis_formatted,False,5,4000,5,exp1_permuted_src_datasets
298,62.283650357,1.0,1739268578.395205,,0.585052490234375,1.0,0.001,1,16,40x40,MatchingNetwork,3,3,Greek,BreaKHis_formatted,False,5,4000,5,exp1_permuted_src_datasets
299,62.299641599,1.0,1739268578.4112062,,0.5942214131355286,1.0,0.001,1,16,40x40,MatchingNetwork,3,3,Greek,BreaKHis_formatted,False,5,4000,5,exp1_permuted_src_datasets
300,62.315684949,1.0,1739268578.4272473,,0.6012372374534607,1.0,0.001,1,16,40x40,MatchingNetwork,3,3,Greek,BreaKHis_formatted,False,5,4000,5,exp1_permuted_src_datasets
301,62.331635971,1.0,1739268578.443197,,0.6016716957092285,1.0,0.001,1,16,40x40,MatchingNetwork,3,3,Greek,BreaKHis_formatted,False,5,4000,5,exp1_permuted_src_datasets
302,62.347561031,1.0,1739268578.4591103,,0.5948728322982788,1.0,0.001,1,16,40x40,MatchingNetwork,3,3,Greek,BreaKHis_formatted,False,5,4000,5,exp1_permuted_src_datasets
303,62.363304428,1.0,1739268578.4748657,,0.6262412667274475,1.0,0.001,1,16,40x40,MatchingNetwork,3,3,Greek,BreaKHis_formatted,False,5,4000,5,exp1_permuted_src_datasets
304,62.379263716,1.0,1739268578.4908202,,0.5883138179779053,1.0,0.001,1,16,40x40,MatchingNetwork,3,3,Greek,BreaKHis_formatted,False,5,4000,5,exp1_permuted_src_datasets
305,62.395267091,1.0,1739268578.5068257,,0.5887482166290283,1.0,0.001,1,16,40x40,MatchingNetwork,3,3,Greek,BreaKHis_formatted,False,5,4000,5,exp1_permuted_src_datasets
306,62.411178261,1.0,1739268578.5227215,,0.6013343930244446,1.0,0.001,1,16,40x40,MatchingNetwork,3,3,Greek,BreaKHis_formatted,False,5,4000,5,exp1_permuted_src_datasets
307,62.436565625,1.0,1739268578.5480857,,0.6530276536941528,1.0,0.001,1,16,40x40,MatchingNetwork,3,3,Greek,BreaKHis_formatted,False,5,4000,5,exp1_permuted_src_datasets
308,62.457976096,1.0,1739268578.5695295,,0.6232759952545166,1.0,0.001,1,16,40x40,MatchingNetwork,3,3,Greek,BreaKHis_formatted,False,5,4000,5,exp1_permuted_src_datasets
309,62.474312041,1.0,1739268578.5858605,,0.6004076600074768,1.0,0.001,1,16,40x40,MatchingNetwork,3,3,Greek,BreaKHis_formatted,False,5,4000,5,exp1_permuted_src_datasets
310,62.489956125,1.0,1739268578.6015246,,0.6060696244239807,1.0,0.001,1,16,40x40,MatchingNetwork,3,3,Greek,BreaKHis_formatted,False,5,4000,5,exp1_permuted_src_datasets
311,62.505604917,1.0,1739268578.617172,,0.5983203053474426,1.0,0.001,1,16,40x40,MatchingNetwork,3,3,Greek,BreaKHis_formatted,False,5,4000,5,exp1_permuted_src_datasets
312,62.521472159,1.0,1739268578.6330016,,0.6067169904708862,1.0,0.001,1,16,40x40,MatchingNetwork,3,3,Greek,BreaKHis_formatted,False,5,4000,5,exp1_permuted_src_datasets
313,62.537221957,1.0,1739268578.6487868,,0.6043083667755127,1.0,0.001,1,16,40x40,MatchingNetwork,3,3,Greek,BreaKHis_formatted,False,5,4000,5,exp1_permuted_src_datasets
314,62.553269772,1.0,1739268578.6648335,,0.6056629419326782,1.0,0.001,1,16,40x40,MatchingNetwork,3,3,Greek,BreaKHis_formatted,False,5,4000,5,exp1_permuted_src_datasets
315,62.569423367,1.0,1739268578.6809633,,0.6272057294845581,0.9375,0.001,1,16,40x40,MatchingNetwork,3,3,Greek,BreaKHis_formatted,False,5,4000,5,exp1_permuted_src_datasets
316,62.585635363,1.0,1739268578.6971707,,0.6195835471153259,1.0,0.001,1,16,40x40,MatchingNetwork,3,3,Greek,BreaKHis_formatted,False,5,4000,5,exp1_permuted_src_datasets
317,62.601437699,1.0,1739268578.71299,,0.5980470180511475,1.0,0.001,1,16,40x40,MatchingNetwork,3,3,Greek,BreaKHis_formatted,False,5,4000,5,exp1_permuted_src_datasets
318,70.11255728,1.0,1739268586.2241504,0.6475,,,0.001,1,16,40x40,MatchingNetwork,3,3,Greek,BreaKHis_formatted,False,5,4000,5,exp1_permuted_src_datasets
319,70.126270503,1.0,1739268586.2378304,,0.6165242791175842,1.0,0.001,1,16,40x40,MatchingNetwork,3,3,Greek,BreaKHis_formatted,False,5,4000,5,exp1_permuted_src_datasets
320,70.142980577,1.0,1739268586.2545195,,0.6009371280670166,1.0,0.001,1,16,40x40,MatchingNetwork,3,3,Greek,BreaKHis_formatted,False,5,4000,5,exp1_permuted_src_datasets
321,70.159439208,1.0,1739268586.2709763,,0.593837320804596,1.0,0.001,1,16,40x40,MatchingNetwork,3,3,Greek,BreaKHis_formatted,False,5,4000,5,exp1_permuted_src_datasets
322,70.17569525,1.0,1739268586.28726,,0.6229777336120605,1.0,0.001,1,16,40x40,MatchingNetwork,3,3,Greek,BreaKHis_formatted,False,5,4000,5,exp1_permuted_src_datasets
323,70.191808721,1.0,1739268586.3033698,,0.6135426163673401,0.9375,0.001,1,16,40x40,MatchingNetwork,3,3,Greek,BreaKHis_formatted,False,5,4000,5,exp1_permuted_src_datasets
324,70.208202022,1.0,1739268586.3197489,,0.6163862943649292,0.875,0.001,1,16,40x40,MatchingNetwork,3,3,Greek,BreaKHis_formatted,False,5,4000,5,exp1_permuted_src_datasets
325,70.224537509,1.0,1739268586.3361032,,0.594571590423584,1.0,0.001,1,16,40x40,MatchingNetwork,3,3,Greek,BreaKHis_formatted,False,5,4000,5,exp1_permuted_src_datasets
326,70.240891542,1.0,1739268586.3524282,,0.6369450092315674,1.0,0.001,1,16,40x40,MatchingNetwork,3,3,Greek,BreaKHis_formatted,False,5,4000,5,exp1_permuted_src_datasets
327,70.257421381,1.0,1739268586.3689575,,0.6051229238510132,1.0,0.001,1,16,40x40,MatchingNetwork,3,3,Greek,BreaKHis_formatted,False,5,4000,5,exp1_permuted_src_datasets
328,70.273567879,1.0,1739268586.385123,,0.5995802283287048,1.0,0.001,1,16,40x40,MatchingNetwork,3,3,Greek,BreaKHis_formatted,False,5,4000,5,exp1_permuted_src_datasets
329,70.290368079,1.0,1739268586.4019186,,0.6034297943115234,1.0,0.001,1,16,40x40,MatchingNetwork,3,3,Greek,BreaKHis_formatted,False,5,4000,5,exp1_permuted_src_datasets
330,70.306407377,1.0,1739268586.4179745,,0.6041531562805176,1.0,0.001,1,16,40x40,MatchingNetwork,3,3,Greek,BreaKHis_formatted,False,5,4000,5,exp1_permuted_src_datasets
331,70.322789653,1.0,1739268586.4343345,,0.6010738611221313,1.0,0.001,1,16,40x40,MatchingNetwork,3,3,Greek,BreaKHis_formatted,False,5,4000,5,exp1_permuted_src_datasets
332,70.338833347,1.0,1739268586.4503887,,0.6098825335502625,0.875,0.001,1,16,40x40,MatchingNetwork,3,3,Greek,BreaKHis_formatted,False,5,4000,5,exp1_permuted_src_datasets
333,70.354974255,1.0,1739268586.4665403,,0.6097291111946106,1.0,0.001,1,16,40x40,MatchingNetwork,3,3,Greek,BreaKHis_formatted,False,5,4000,5,exp1_permuted_src_datasets
334,70.371124479,1.0,1739268586.4826946,,0.5981429815292358,1.0,0.001,1,16,40x40,MatchingNetwork,3,3,Greek,BreaKHis_formatted,False,5,4000,5,exp1_permuted_src_datasets
335,70.387108391,1.0,1739268586.4986613,,0.5951119065284729,1.0,0.001,1,16,40x40,MatchingNetwork,3,3,Greek,BreaKHis_formatted,False,5,4000,5,exp1_permuted_src_datasets
336,70.403359514,1.0,1739268586.5149274,,0.624690055847168,0.9375,0.001,1,16,40x40,MatchingNetwork,3,3,Greek,BreaKHis_formatted,False,5,4000,5,exp1_permuted_src_datasets
337,70.419220775,1.0,1739268586.5307887,,0.6320134401321411,0.9375,0.001,1,16,40x40,MatchingNetwork,3,3,Greek,BreaKHis_formatted,False,5,4000,5,exp1_permuted_src_datasets
338,70.43489437,1.0,1739268586.5464673,,0.6053992509841919,1.0,0.001,1,16,40x40,MatchingNetwork,3,3,Greek,BreaKHis_formatted,False,5,4000,5,exp1_permuted_src_datasets
339,70.450693771,1.0,1739268586.562265,,0.663888156414032,0.875,0.001,1,16,40x40,MatchingNetwork,3,3,Greek,BreaKHis_formatted,False,5,4000,5,exp1_permuted_src_datasets
340,70.466562085,1.0,1739268586.5781229,,0.6023930311203003,1.0,0.001,1,16,40x40,MatchingNetwork,3,3,Greek,BreaKHis_formatted,False,5,4000,5,exp1_permuted_src_datasets
341,70.482364285,1.0,1739268586.5939221,,0.598117470741272,1.0,0.001,1,16,40x40,MatchingNetwork,3,3,Greek,BreaKHis_formatted,False,5,4000,5,exp1_permuted_src_datasets
342,70.498182461,1.0,1739268586.6097353,,0.6040944457054138,1.0,0.001,1,16,40x40,MatchingNetwork,3,3,Greek,BreaKHis_formatted,False,5,4000,5,exp1_permuted_src_datasets
343,70.513655715,1.0,1739268586.6252253,,0.5925189852714539,1.0,0.001,1,16,40x40,MatchingNetwork,3,3,Greek,BreaKHis_formatted,False,5,4000,5,exp1_permuted_src_datasets
344,70.529444954,1.0,1739268586.6410143,,0.6042118668556213,1.0,0.001,1,16,40x40,MatchingNetwork,3,3,Greek,BreaKHis_formatted,False,5,4000,5,exp1_permuted_src_datasets
345,70.545318991,1.0,1739268586.6568885,,0.5949064493179321,1.0,0.001,1,16,40x40,MatchingNetwork,3,3,Greek,BreaKHis_formatted,False,5,4000,5,exp1_permuted_src_datasets
346,70.561035049,1.0,1739268586.6726093,,0.611979067325592,1.0,0.001,1,16,40x40,MatchingNetwork,3,3,Greek,BreaKHis_formatted,False,5,4000,5,exp1_permuted_src_datasets
347,70.576733232,1.0,1739268586.688307,,0.6092953681945801,1.0,0.001,1,16,40x40,MatchingNetwork,3,3,Greek,BreaKHis_formatted,False,5,4000,5,exp1_permuted_src_datasets
348,70.592533399,1.0,1739268586.7040708,,0.6504098773002625,1.0,0.001,1,16,40x40,MatchingNetwork,3,3,Greek,BreaKHis_formatted,False,5,4000,5,exp1_permuted_src_datasets
349,70.608554186,1.0,1739268586.7201066,,0.6153935194015503,0.875,0.001,1,16,40x40,MatchingNetwork,3,3,Greek,BreaKHis_formatted,False,5,4000,5,exp1_permuted_src_datasets
350,70.624396146,1.0,1739268586.7359533,,0.6060977578163147,1.0,0.001,1,16,40x40,MatchingNetwork,3,3,Greek,BreaKHis_formatted,False,5,4000,5,exp1_permuted_src_datasets
351,70.64050387099999,1.0,1739268586.7520418,,0.6445350646972656,0.875,0.001,1,16,40x40,MatchingNetwork,3,3,Greek,BreaKHis_formatted,False,5,4000,5,exp1_permuted_src_datasets
352,70.656353948,1.0,1739268586.7679129,,0.5956476330757141,1.0,0.001,1,16,40x40,MatchingNetwork,3,3,Greek,BreaKHis_formatted,False,5,4000,5,exp1_permuted_src_datasets
353,70.672200423,1.0,1739268586.7837682,,0.6035503149032593,1.0,0.001,1,16,40x40,MatchingNetwork,3,3,Greek,BreaKHis_formatted,False,5,4000,5,exp1_permuted_src_datasets
354,70.687869995,1.0,1739268586.799435,,0.6345543265342712,1.0,0.001,1,16,40x40,MatchingNetwork,3,3,Greek,BreaKHis_formatted,False,5,4000,5,exp1_permuted_src_datasets
355,70.709511536,1.0,1739268586.821057,,0.6083005666732788,0.9375,0.001,1,16,40x40,MatchingNetwork,3,3,Greek,BreaKHis_formatted,False,5,4000,5,exp1_permuted_src_datasets
356,70.725998058,1.0,1739268586.8375592,,0.603152871131897,0.9375,0.001,1,16,40x40,MatchingNetwork,3,3,Greek,BreaKHis_formatted,False,5,4000,5,exp1_permuted_src_datasets
357,70.742203852,1.0,1739268586.8537471,,0.5961228609085083,1.0,0.001,1,16,40x40,MatchingNetwork,3,3,Greek,BreaKHis_formatted,False,5,4000,5,exp1_permuted_src_datasets
358,70.758070259,1.0,1739268586.8696113,,0.6119610667228699,1.0,0.001,1,16,40x40,MatchingNetwork,3,3,Greek,BreaKHis_formatted,False,5,4000,5,exp1_permuted_src_datasets
359,70.774024304,1.0,1739268586.8855705,,0.6031816601753235,1.0,0.001,1,16,40x40,MatchingNetwork,3,3,Greek,BreaKHis_formatted,False,5,4000,5,exp1_permuted_src_datasets
360,70.79008081,1.0,1739268586.9016352,,0.5850657224655151,1.0,0.001,1,16,40x40,MatchingNetwork,3,3,Greek,BreaKHis_formatted,False,5,4000,5,exp1_permuted_src_datasets
361,70.806094636,1.0,1739268586.917656,,0.6003274321556091,1.0,0.001,1,16,40x40,MatchingNetwork,3,3,Greek,BreaKHis_formatted,False,5,4000,5,exp1_permuted_src_datasets
362,70.824412756,1.0,1739268586.935977,,0.6195558905601501,1.0,0.001,1,16,40x40,MatchingNetwork,3,3,Greek,BreaKHis_formatted,False,5,4000,5,exp1_permuted_src_datasets
363,70.840291988,1.0,1739268586.9518573,,0.6073423027992249,1.0,0.001,1,16,40x40,MatchingNetwork,3,3,Greek,BreaKHis_formatted,False,5,4000,5,exp1_permuted_src_datasets
364,70.856226052,1.0,1739268586.9677937,,0.603064239025116,1.0,0.001,1,16,40x40,MatchingNetwork,3,3,Greek,BreaKHis_formatted,False,5,4000,5,exp1_permuted_src_datasets
365,70.872097553,1.0,1739268586.9836383,,0.592157244682312,1.0,0.001,1,16,40x40,MatchingNetwork,3,3,Greek,BreaKHis_formatted,False,5,4000,5,exp1_permuted_src_datasets
366,70.893044053,1.0,1739268587.004537,,0.6187981367111206,1.0,0.001,1,16,40x40,MatchingNetwork,3,3,Greek,BreaKHis_formatted,False,5,4000,5,exp1_permuted_src_datasets
367,70.909566761,1.0,1739268587.0211103,,0.6276647448539734,1.0,0.001,1,16,40x40,MatchingNetwork,3,3,Greek,BreaKHis_formatted,False,5,4000,5,exp1_permuted_src_datasets
368,70.925523761,1.0,1739268587.0370748,,0.6315633654594421,1.0,0.001,1,16,40x40,MatchingNetwork,3,3,Greek,BreaKHis_formatted,False,5,4000,5,exp1_permuted_src_datasets
369,70.941308894,1.0,1739268587.0528584,,0.6364953517913818,0.875,0.001,1,16,40x40,MatchingNetwork,3,3,Greek,BreaKHis_formatted,False,5,4000,5,exp1_permuted_src_datasets
370,70.957438668,1.0,1739268587.068984,,0.6215582489967346,1.0,0.001,1,16,40x40,MatchingNetwork,3,3,Greek,BreaKHis_formatted,False,5,4000,5,exp1_permuted_src_datasets
371,70.973422208,1.0,1739268587.0849655,,0.5976304411888123,1.0,0.001,1,16,40x40,MatchingNetwork,3,3,Greek,BreaKHis_formatted,False,5,4000,5,exp1_permuted_src_datasets
372,70.989672204,1.0,1739268587.1012337,,0.6032872796058655,1.0,0.001,1,16,40x40,MatchingNetwork,3,3,Greek,BreaKHis_formatted,False,5,4000,5,exp1_permuted_src_datasets
373,71.005775029,1.0,1739268587.1173193,,0.6049318909645081,1.0,0.001,1,16,40x40,MatchingNetwork,3,3,Greek,BreaKHis_formatted,False,5,4000,5,exp1_permuted_src_datasets
374,71.021960073,1.0,1739268587.1335196,,0.605606198310852,1.0,0.001,1,16,40x40,MatchingNetwork,3,3,Greek,BreaKHis_formatted,False,5,4000,5,exp1_permuted_src_datasets
375,71.037923819,1.0,1739268587.1494699,,0.6436501741409302,1.0,0.001,1,16,40x40,MatchingNetwork,3,3,Greek,BreaKHis_formatted,False,5,4000,5,exp1_permuted_src_datasets
376,71.0537985,1.0,1739268587.165345,,0.5911974906921387,1.0,0.001,1,16,40x40,MatchingNetwork,3,3,Greek,BreaKHis_formatted,False,5,4000,5,exp1_permuted_src_datasets
377,71.069606145,1.0,1739268587.1811662,,0.6158908605575562,1.0,0.001,1,16,40x40,MatchingNetwork,3,3,Greek,BreaKHis_formatted,False,5,4000,5,exp1_permuted_src_datasets
378,71.085438444,1.0,1739268587.1970015,,0.595902681350708,1.0,0.001,1,16,40x40,MatchingNetwork,3,3,Greek,BreaKHis_formatted,False,5,4000,5,exp1_permuted_src_datasets
379,71.10134999,1.0,1739268587.2128918,,0.603397786617279,1.0,0.001,1,16,40x40,MatchingNetwork,3,3,Greek,BreaKHis_formatted,False,5,4000,5,exp1_permuted_src_datasets
380,71.117351844,1.0,1739268587.2288938,,0.6060397028923035,1.0,0.001,1,16,40x40,MatchingNetwork,3,3,Greek,BreaKHis_formatted,False,5,4000,5,exp1_permuted_src_datasets
381,78.64012497,1.0,1739268594.7517157,0.668,,,0.001,1,16,40x40,MatchingNetwork,3,3,Greek,BreaKHis_formatted,False,5,4000,5,exp1_permuted_src_datasets
382,83.827246623,2.0,1739268599.938832,,,,0.001,1,16,40x40,MatchingNetwork,3,3,Greek,BreaKHis_formatted,False,5,4000,5,exp1_permuted_src_datasets
383,91.690396796,2.0,1739268607.7587426,0.63275,,,0.001,1,16,40x40,MatchingNetwork,3,3,Greek,BreaKHis_formatted,False,5,4000,5,exp1_permuted_src_datasets
384,91.690417627,2.0,1739268607.7781339,,0.8433404564857483,1.0,0.001,1,16,40x40,MatchingNetwork,3,3,Greek,BreaKHis_formatted,False,5,4000,5,exp1_permuted_src_datasets
385,91.690426134,2.0,1739268607.7966378,,0.9177848100662231,0.8125,0.001,1,16,40x40,MatchingNetwork,3,3,Greek,BreaKHis_formatted,False,5,4000,5,exp1_permuted_src_datasets
386,91.702576883,2.0,1739268607.8140993,,0.870842695236206,0.875,0.001,1,16,40x40,MatchingNetwork,3,3,Greek,BreaKHis_formatted,False,5,4000,5,exp1_permuted_src_datasets
387,91.719995417,2.0,1739268607.8315325,,0.9027411937713623,0.875,0.001,1,16,40x40,MatchingNetwork,3,3,Greek,BreaKHis_formatted,False,5,4000,5,exp1_permuted_src_datasets
388,91.737140474,2.0,1739268607.8486767,,0.881479024887085,0.8125,0.001,1,16,40x40,MatchingNetwork,3,3,Greek,BreaKHis_formatted,False,5,4000,5,exp1_permuted_src_datasets
389,91.754343253,2.0,1739268607.8658612,,0.922850489616394,0.8125,0.001,1,16,40x40,MatchingNetwork,3,3,Greek,BreaKHis_formatted,False,5,4000,5,exp1_permuted_src_datasets
390,91.771461925,2.0,1739268607.8829913,,0.8669164180755615,0.75,0.001,1,16,40x40,MatchingNetwork,3,3,Greek,BreaKHis_formatted,False,5,4000,5,exp1_permuted_src_datasets
391,91.788666073,2.0,1739268607.9001625,,0.8411515951156616,1.0,0.001,1,16,40x40,MatchingNetwork,3,3,Greek,BreaKHis_formatted,False,5,4000,5,exp1_permuted_src_datasets
392,91.805957208,2.0,1739268607.9174693,,0.8135017156600952,0.625,0.001,1,16,40x40,MatchingNetwork,3,3,Greek,BreaKHis_formatted,False,5,4000,5,exp1_permuted_src_datasets
393,91.823176671,2.0,1739268607.9346697,,0.8206454515457153,0.8125,0.001,1,16,40x40,MatchingNetwork,3,3,Greek,BreaKHis_formatted,False,5,4000,5,exp1_permuted_src_datasets
394,91.841619034,2.0,1739268607.9531066,,0.7994866967201233,1.0,0.001,1,16,40x40,MatchingNetwork,3,3,Greek,BreaKHis_formatted,False,5,4000,5,exp1_permuted_src_datasets
395,91.858966084,2.0,1739268607.9704912,,0.8471998572349548,0.6875,0.001,1,16,40x40,MatchingNetwork,3,3,Greek,BreaKHis_formatted,False,5,4000,5,exp1_permuted_src_datasets
396,91.876473951,2.0,1739268607.9879956,,0.8907821774482727,0.9375,0.001,1,16,40x40,MatchingNetwork,3,3,Greek,BreaKHis_formatted,False,5,4000,5,exp1_permuted_src_datasets
397,91.893492274,2.0,1739268608.005006,,0.7898164391517639,0.9375,0.001,1,16,40x40,MatchingNetwork,3,3,Greek,BreaKHis_formatted,False,5,4000,5,exp1_permuted_src_datasets
398,91.909892301,2.0,1739268608.0214138,,0.7639508843421936,0.75,0.001,1,16,40x40,MatchingNetwork,3,3,Greek,BreaKHis_formatted,False,5,4000,5,exp1_permuted_src_datasets
399,91.926852173,2.0,1739268608.0383747,,0.8002705574035645,0.9375,0.001,1,16,40x40,MatchingNetwork,3,3,Greek,BreaKHis_formatted,False,5,4000,5,exp1_permuted_src_datasets
400,91.945525436,2.0,1739268608.057027,,0.7983030080795288,0.9375,0.001,1,16,40x40,MatchingNetwork,3,3,Greek,BreaKHis_formatted,False,5,4000,5,exp1_permuted_src_datasets
401,91.97359076,2.0,1739268608.0850573,,0.8536744713783264,0.8125,0.001,1,16,40x40,MatchingNetwork,3,3,Greek,BreaKHis_formatted,False,5,4000,5,exp1_permuted_src_datasets
402,91.992611533,2.0,1739268608.104128,,0.7814903855323792,0.75,0.001,1,16,40x40,MatchingNetwork,3,3,Greek,BreaKHis_formatted,False,5,4000,5,exp1_permuted_src_datasets
403,92.009582865,2.0,1739268608.1210976,,0.8280016183853149,0.75,0.001,1,16,40x40,MatchingNetwork,3,3,Greek,BreaKHis_formatted,False,5,4000,5,exp1_permuted_src_datasets
404,92.026315032,2.0,1739268608.137818,,0.7836164832115173,0.8125,0.001,1,16,40x40,MatchingNetwork,3,3,Greek,BreaKHis_formatted,False,5,4000,5,exp1_permuted_src_datasets
405,92.042843649,2.0,1739268608.1543705,,0.7902871966362,0.875,0.001,1,16,40x40,MatchingNetwork,3,3,Greek,BreaKHis_formatted,False,5,4000,5,exp1_permuted_src_datasets
406,92.059535828,2.0,1739268608.1710465,,0.7991383671760559,0.875,0.001,1,16,40x40,MatchingNetwork,3,3,Greek,BreaKHis_formatted,False,5,4000,5,exp1_permuted_src_datasets
407,92.076140076,2.0,1739268608.1876698,,0.812624990940094,0.6875,0.001,1,16,40x40,MatchingNetwork,3,3,Greek,BreaKHis_formatted,False,5,4000,5,exp1_permuted_src_datasets
408,92.093058313,2.0,1739268608.204605,,0.8332599401473999,0.8125,0.001,1,16,40x40,MatchingNetwork,3,3,Greek,BreaKHis_formatted,False,5,4000,5,exp1_permuted_src_datasets
409,92.109512655,2.0,1739268608.2210283,,0.7975135445594788,0.75,0.001,1,16,40x40,MatchingNetwork,3,3,Greek,BreaKHis_formatted,False,5,4000,5,exp1_permuted_src_datasets
410,92.127770692,2.0,1739268608.2392735,,0.7331504821777344,0.875,0.001,1,16,40x40,MatchingNetwork,3,3,Greek,BreaKHis_formatted,False,5,4000,5,exp1_permuted_src_datasets
411,92.144096894,2.0,1739268608.255595,,0.8068224787712097,0.6875,0.001,1,16,40x40,MatchingNetwork,3,3,Greek,BreaKHis_formatted,False,5,4000,5,exp1_permuted_src_datasets
412,92.160745614,2.0,1739268608.2722669,,0.7594193816184998,0.875,0.001,1,16,40x40,MatchingNetwork,3,3,Greek,BreaKHis_formatted,False,5,4000,5,exp1_permuted_src_datasets
413,92.187257259,2.0,1739268608.2987142,,0.7537148594856262,0.875,0.001,1,16,40x40,MatchingNetwork,3,3,Greek,BreaKHis_formatted,False,5,4000,5,exp1_permuted_src_datasets
414,92.206480821,2.0,1739268608.3180141,,0.6905689835548401,0.9375,0.001,1,16,40x40,MatchingNetwork,3,3,Greek,BreaKHis_formatted,False,5,4000,5,exp1_permuted_src_datasets
415,92.222830624,2.0,1739268608.3343472,,0.8344458341598511,0.75,0.001,1,16,40x40,MatchingNetwork,3,3,Greek,BreaKHis_formatted,False,5,4000,5,exp1_permuted_src_datasets
416,92.239495324,2.0,1739268608.3510134,,0.7777823805809021,0.75,0.001,1,16,40x40,MatchingNetwork,3,3,Greek,BreaKHis_formatted,False,5,4000,5,exp1_permuted_src_datasets
417,92.267475392,2.0,1739268608.378974,,0.7280888557434082,0.875,0.001,1,16,40x40,MatchingNetwork,3,3,Greek,BreaKHis_formatted,False,5,4000,5,exp1_permuted_src_datasets
418,92.284961373,2.0,1739268608.3964822,,0.6997370719909668,0.9375,0.001,1,16,40x40,MatchingNetwork,3,3,Greek,BreaKHis_formatted,False,5,4000,5,exp1_permuted_src_datasets
419,92.304593115,2.0,1739268608.41612,,0.6845239996910095,1.0,0.001,1,16,40x40,MatchingNetwork,3,3,Greek,BreaKHis_formatted,False,5,4000,5,exp1_permuted_src_datasets
420,92.321585534,2.0,1739268608.433129,,0.7409731149673462,0.9375,0.001,1,16,40x40,MatchingNetwork,3,3,Greek,BreaKHis_formatted,False,5,4000,5,exp1_permuted_src_datasets
421,92.337981931,2.0,1739268608.4495144,,0.7077035903930664,0.875,0.001,1,16,40x40,MatchingNetwork,3,3,Greek,BreaKHis_formatted,False,5,4000,5,exp1_permuted_src_datasets
422,92.356039633,2.0,1739268608.4675603,,0.7188887000083923,1.0,0.001,1,16,40x40,MatchingNetwork,3,3,Greek,BreaKHis_formatted,False,5,4000,5,exp1_permuted_src_datasets
423,92.376123089,2.0,1739268608.4876587,,0.7092390656471252,0.9375,0.001,1,16,40x40,MatchingNetwork,3,3,Greek,BreaKHis_formatted,False,5,4000,5,exp1_permuted_src_datasets
424,92.398336349,2.0,1739268608.5098488,,0.6837329864501953,1.0,0.001,1,16,40x40,MatchingNetwork,3,3,Greek,BreaKHis_formatted,False,5,4000,5,exp1_permuted_src_datasets
425,92.417444999,2.0,1739268608.5289812,,0.7435714602470398,1.0,0.001,1,16,40x40,MatchingNetwork,3,3,Greek,BreaKHis_formatted,False,5,4000,5,exp1_permuted_src_datasets
426,92.433757292,2.0,1739268608.5452898,,0.7274436354637146,0.875,0.001,1,16,40x40,MatchingNetwork,3,3,Greek,BreaKHis_formatted,False,5,4000,5,exp1_permuted_src_datasets
427,92.449969384,2.0,1739268608.5614994,,0.6683752536773682,0.9375,0.001,1,16,40x40,MatchingNetwork,3,3,Greek,BreaKHis_formatted,False,5,4000,5,exp1_permuted_src_datasets
428,92.466424173,2.0,1739268608.577965,,0.6769152879714966,1.0,0.001,1,16,40x40,MatchingNetwork,3,3,Greek,BreaKHis_formatted,False,5,4000,5,exp1_permuted_src_datasets
429,92.482776503,2.0,1739268608.5943103,,0.7758333683013916,0.9375,0.001,1,16,40x40,MatchingNetwork,3,3,Greek,BreaKHis_formatted,False,5,4000,5,exp1_permuted_src_datasets
430,92.498916551,2.0,1739268608.61045,,0.6524980664253235,1.0,0.001,1,16,40x40,MatchingNetwork,3,3,Greek,BreaKHis_formatted,False,5,4000,5,exp1_permuted_src_datasets
431,92.514919444,2.0,1739268608.6264417,,0.8253170251846313,0.625,0.001,1,16,40x40,MatchingNetwork,3,3,Greek,BreaKHis_formatted,False,5,4000,5,exp1_permuted_src_datasets
432,92.53115762,2.0,1739268608.642695,,0.6841701865196228,1.0,0.001,1,16,40x40,MatchingNetwork,3,3,Greek,BreaKHis_formatted,False,5,4000,5,exp1_permuted_src_datasets
433,92.547412885,2.0,1739268608.6589634,,0.7549540996551514,0.875,0.001,1,16,40x40,MatchingNetwork,3,3,Greek,BreaKHis_formatted,False,5,4000,5,exp1_permuted_src_datasets
434,92.56388139,2.0,1739268608.675393,,0.7308379411697388,0.875,0.001,1,16,40x40,MatchingNetwork,3,3,Greek,BreaKHis_formatted,False,5,4000,5,exp1_permuted_src_datasets
435,92.580191264,2.0,1739268608.69172,,0.6610495448112488,1.0,0.001,1,16,40x40,MatchingNetwork,3,3,Greek,BreaKHis_formatted,False,5,4000,5,exp1_permuted_src_datasets
436,92.596595298,2.0,1739268608.7081425,,0.6349706649780273,1.0,0.001,1,16,40x40,MatchingNetwork,3,3,Greek,BreaKHis_formatted,False,5,4000,5,exp1_permuted_src_datasets
437,92.613331119,2.0,1739268608.724886,,0.6368515491485596,0.9375,0.001,1,16,40x40,MatchingNetwork,3,3,Greek,BreaKHis_formatted,False,5,4000,5,exp1_permuted_src_datasets
438,92.630349352,2.0,1739268608.7418554,,0.6765989661216736,1.0,0.001,1,16,40x40,MatchingNetwork,3,3,Greek,BreaKHis_formatted,False,5,4000,5,exp1_permuted_src_datasets
439,92.646811525,2.0,1739268608.758325,,0.6923400163650513,1.0,0.001,1,16,40x40,MatchingNetwork,3,3,Greek,BreaKHis_formatted,False,5,4000,5,exp1_permuted_src_datasets
440,92.665740988,2.0,1739268608.7772696,,0.7020983099937439,0.875,0.001,1,16,40x40,MatchingNetwork,3,3,Greek,BreaKHis_formatted,False,5,4000,5,exp1_permuted_src_datasets
441,92.682415245,2.0,1739268608.7939584,,0.6627277135848999,1.0,0.001,1,16,40x40,MatchingNetwork,3,3,Greek,BreaKHis_formatted,False,5,4000,5,exp1_permuted_src_datasets
442,92.698985765,2.0,1739268608.8105123,,0.6691465377807617,0.9375,0.001,1,16,40x40,MatchingNetwork,3,3,Greek,BreaKHis_formatted,False,5,4000,5,exp1_permuted_src_datasets
443,92.715062618,2.0,1739268608.8266132,,0.6409364938735962,0.9375,0.001,1,16,40x40,MatchingNetwork,3,3,Greek,BreaKHis_formatted,False,5,4000,5,exp1_permuted_src_datasets
444,92.73125827,2.0,1739268608.8428063,,0.6551223993301392,1.0,0.001,1,16,40x40,MatchingNetwork,3,3,Greek,BreaKHis_formatted,False,5,4000,5,exp1_permuted_src_datasets
445,92.747419872,2.0,1739268608.8589494,,0.6288146376609802,1.0,0.001,1,16,40x40,MatchingNetwork,3,3,Greek,BreaKHis_formatted,False,5,4000,5,exp1_permuted_src_datasets
446,100.979953301,2.0,1739268617.091464,0.75725,,,0.001,1,16,40x40,MatchingNetwork,3,3,Greek,BreaKHis_formatted,False,5,4000,5,exp1_permuted_src_datasets
447,100.995648527,2.0,1739268617.1071162,,0.6680454015731812,0.9375,0.001,1,16,40x40,MatchingNetwork,3,3,Greek,BreaKHis_formatted,False,5,4000,5,exp1_permuted_src_datasets
448,101.013969431,2.0,1739268617.125463,,0.7021785378456116,0.875,0.001,1,16,40x40,MatchingNetwork,3,3,Greek,BreaKHis_formatted,False,5,4000,5,exp1_permuted_src_datasets
449,101.031708221,2.0,1739268617.1431813,,0.6357504725456238,1.0,0.001,1,16,40x40,MatchingNetwork,3,3,Greek,BreaKHis_formatted,False,5,4000,5,exp1_permuted_src_datasets
450,101.049205001,2.0,1739268617.1607115,,0.662429928779602,1.0,0.001,1,16,40x40,MatchingNetwork,3,3,Greek,BreaKHis_formatted,False,5,4000,5,exp1_permuted_src_datasets
451,101.066866214,2.0,1739268617.178332,,0.6329713463783264,1.0,0.001,1,16,40x40,MatchingNetwork,3,3,Greek,BreaKHis_formatted,False,5,4000,5,exp1_permuted_src_datasets
452,101.084696803,2.0,1739268617.1961415,,0.7008945345878601,0.9375,0.001,1,16,40x40,MatchingNetwork,3,3,Greek,BreaKHis_formatted,False,5,4000,5,exp1_permuted_src_datasets
453,101.102352764,2.0,1739268617.2138362,,0.6505528092384338,1.0,0.001,1,16,40x40,MatchingNetwork,3,3,Greek,BreaKHis_formatted,False,5,4000,5,exp1_permuted_src_datasets
454,101.119621777,2.0,1739268617.2311149,,0.6725172400474548,0.9375,0.001,1,16,40x40,MatchingNetwork,3,3,Greek,BreaKHis_formatted,False,5,4000,5,exp1_permuted_src_datasets
455,101.137400971,2.0,1739268617.2488678,,0.7079985737800598,0.875,0.001,1,16,40x40,MatchingNetwork,3,3,Greek,BreaKHis_formatted,False,5,4000,5,exp1_permuted_src_datasets
456,101.154857975,2.0,1739268617.2663558,,0.6234821677207947,0.9375,0.001,1,16,40x40,MatchingNetwork,3,3,Greek,BreaKHis_formatted,False,5,4000,5,exp1_permuted_src_datasets
457,101.172397062,2.0,1739268617.2838874,,0.6377055048942566,1.0,0.001,1,16,40x40,MatchingNetwork,3,3,Greek,BreaKHis_formatted,False,5,4000,5,exp1_permuted_src_datasets
458,101.189694955,2.0,1739268617.301191,,0.6829229593276978,0.9375,0.001,1,16,40x40,MatchingNetwork,3,3,Greek,BreaKHis_formatted,False,5,4000,5,exp1_permuted_src_datasets
459,101.207250709,2.0,1739268617.3187604,,0.6873129606246948,1.0,0.001,1,16,40x40,MatchingNetwork,3,3,Greek,BreaKHis_formatted,False,5,4000,5,exp1_permuted_src_datasets
460,101.224480076,2.0,1739268617.335961,,0.6325187087059021,1.0,0.001,1,16,40x40,MatchingNetwork,3,3,Greek,BreaKHis_formatted,False,5,4000,5,exp1_permuted_src_datasets
461,101.241938484,2.0,1739268617.353429,,0.649841845035553,1.0,0.001,1,16,40x40,MatchingNetwork,3,3,Greek,BreaKHis_formatted,False,5,4000,5,exp1_permuted_src_datasets
462,101.259171179,2.0,1739268617.3706806,,0.6444017887115479,1.0,0.001,1,16,40x40,MatchingNetwork,3,3,Greek,BreaKHis_formatted,False,5,4000,5,exp1_permuted_src_datasets
463,101.306421613,2.0,1739268617.388248,,0.6496690511703491,1.0,0.001,1,16,40x40,MatchingNetwork,3,3,Greek,BreaKHis_formatted,False,5,4000,5,exp1_permuted_src_datasets
464,101.306445364,2.0,1739268617.4054706,,0.6396801471710205,1.0,0.001,1,16,40x40,MatchingNetwork,3,3,Greek,BreaKHis_formatted,False,5,4000,5,exp1_permuted_src_datasets
465,101.311054126,2.0,1739268617.4225829,,0.6414843797683716,1.0,0.001,1,16,40x40,MatchingNetwork,3,3,Greek,BreaKHis_formatted,False,5,4000,5,exp1_permuted_src_datasets
466,101.328224806,2.0,1739268617.4397151,,0.6775601506233215,1.0,0.001,1,16,40x40,MatchingNetwork,3,3,Greek,BreaKHis_formatted,False,5,4000,5,exp1_permuted_src_datasets
467,101.345692125,2.0,1739268617.4571986,,0.6403535008430481,1.0,0.001,1,16,40x40,MatchingNetwork,3,3,Greek,BreaKHis_formatted,False,5,4000,5,exp1_permuted_src_datasets
468,101.363059998,2.0,1739268617.4745564,,0.6565609574317932,1.0,0.001,1,16,40x40,MatchingNetwork,3,3,Greek,BreaKHis_formatted,False,5,4000,5,exp1_permuted_src_datasets
469,101.380864644,2.0,1739268617.4923408,,0.6146061420440674,1.0,0.001,1,16,40x40,MatchingNetwork,3,3,Greek,BreaKHis_formatted,False,5,4000,5,exp1_permuted_src_datasets
470,101.398290418,2.0,1739268617.509742,,0.6277973651885986,1.0,0.001,1,16,40x40,MatchingNetwork,3,3,Greek,BreaKHis_formatted,False,5,4000,5,exp1_permuted_src_datasets
471,101.415811539,2.0,1739268617.5272906,,0.6169227957725525,1.0,0.001,1,16,40x40,MatchingNetwork,3,3,Greek,BreaKHis_formatted,False,5,4000,5,exp1_permuted_src_datasets
472,101.433400255,2.0,1739268617.5448847,,0.6190773248672485,1.0,0.001,1,16,40x40,MatchingNetwork,3,3,Greek,BreaKHis_formatted,False,5,4000,5,exp1_permuted_src_datasets
473,101.45061984,2.0,1739268617.5621266,,0.613935649394989,1.0,0.001,1,16,40x40,MatchingNetwork,3,3,Greek,BreaKHis_formatted,False,5,4000,5,exp1_permuted_src_datasets
474,101.468169124,2.0,1739268617.5796175,,0.6254449486732483,1.0,0.001,1,16,40x40,MatchingNetwork,3,3,Greek,BreaKHis_formatted,False,5,4000,5,exp1_permuted_src_datasets
475,101.485485969,2.0,1739268617.5969498,,0.6688945293426514,1.0,0.001,1,16,40x40,MatchingNetwork,3,3,Greek,BreaKHis_formatted,False,5,4000,5,exp1_permuted_src_datasets
476,101.502441149,2.0,1739268617.6139207,,0.6579824090003967,1.0,0.001,1,16,40x40,MatchingNetwork,3,3,Greek,BreaKHis_formatted,False,5,4000,5,exp1_permuted_src_datasets
477,101.519573533,2.0,1739268617.631048,,0.6641935110092163,1.0,0.001,1,16,40x40,MatchingNetwork,3,3,Greek,BreaKHis_formatted,False,5,4000,5,exp1_permuted_src_datasets
478,101.536902206,2.0,1739268617.648344,,0.6187605261802673,1.0,0.001,1,16,40x40,MatchingNetwork,3,3,Greek,BreaKHis_formatted,False,5,4000,5,exp1_permuted_src_datasets
479,101.554280038,2.0,1739268617.6657436,,0.6510787010192871,0.9375,0.001,1,16,40x40,MatchingNetwork,3,3,Greek,BreaKHis_formatted,False,5,4000,5,exp1_permuted_src_datasets
480,101.571761997,2.0,1739268617.683216,,0.6468597650527954,1.0,0.001,1,16,40x40,MatchingNetwork,3,3,Greek,BreaKHis_formatted,False,5,4000,5,exp1_permuted_src_datasets
481,101.589267791,2.0,1739268617.7007294,,0.6338883638381958,1.0,0.001,1,16,40x40,MatchingNetwork,3,3,Greek,BreaKHis_formatted,False,5,4000,5,exp1_permuted_src_datasets
482,101.60665094,2.0,1739268617.7181325,,0.6194773316383362,1.0,0.001,1,16,40x40,MatchingNetwork,3,3,Greek,BreaKHis_formatted,False,5,4000,5,exp1_permuted_src_datasets
483,101.62423057,2.0,1739268617.7357032,,0.6219615340232849,1.0,0.001,1,16,40x40,MatchingNetwork,3,3,Greek,BreaKHis_formatted,False,5,4000,5,exp1_permuted_src_datasets
484,101.641598609,2.0,1739268617.75304,,0.6742976307868958,0.9375,0.001,1,16,40x40,MatchingNetwork,3,3,Greek,BreaKHis_formatted,False,5,4000,5,exp1_permuted_src_datasets
485,101.659360886,2.0,1739268617.7708235,,0.6277913451194763,1.0,0.001,1,16,40x40,MatchingNetwork,3,3,Greek,BreaKHis_formatted,False,5,4000,5,exp1_permuted_src_datasets
486,101.677044059,2.0,1739268617.7885318,,0.6313577890396118,1.0,0.001,1,16,40x40,MatchingNetwork,3,3,Greek,BreaKHis_formatted,False,5,4000,5,exp1_permuted_src_datasets
487,101.694569155,2.0,1739268617.8060215,,0.6269099712371826,1.0,0.001,1,16,40x40,MatchingNetwork,3,3,Greek,BreaKHis_formatted,False,5,4000,5,exp1_permuted_src_datasets
488,101.711921725,2.0,1739268617.8234017,,0.6452787518501282,1.0,0.001,1,16,40x40,MatchingNetwork,3,3,Greek,BreaKHis_formatted,False,5,4000,5,exp1_permuted_src_datasets
489,101.729820142,2.0,1739268617.8412902,,0.6236110925674438,1.0,0.001,1,16,40x40,MatchingNetwork,3,3,Greek,BreaKHis_formatted,False,5,4000,5,exp1_permuted_src_datasets
490,101.747147931,2.0,1739268617.8586223,,0.6401163935661316,1.0,0.001,1,16,40x40,MatchingNetwork,3,3,Greek,BreaKHis_formatted,False,5,4000,5,exp1_permuted_src_datasets
491,101.764968106,2.0,1739268617.8764336,,0.6161827445030212,1.0,0.001,1,16,40x40,MatchingNetwork,3,3,Greek,BreaKHis_formatted,False,5,4000,5,exp1_permuted_src_datasets
492,101.782558977,2.0,1739268617.8940427,,0.6291241645812988,1.0,0.001,1,16,40x40,MatchingNetwork,3,3,Greek,BreaKHis_formatted,False,5,4000,5,exp1_permuted_src_datasets
493,101.800239572,2.0,1739268617.9117155,,0.6126054525375366,1.0,0.001,1,16,40x40,MatchingNetwork,3,3,Greek,BreaKHis_formatted,False,5,4000,5,exp1_permuted_src_datasets
494,101.81804222,2.0,1739268617.9295297,,0.6134238839149475,1.0,0.001,1,16,40x40,MatchingNetwork,3,3,Greek,BreaKHis_formatted,False,5,4000,5,exp1_permuted_src_datasets
495,101.835430707,2.0,1739268617.9468968,,0.6135247945785522,1.0,0.001,1,16,40x40,MatchingNetwork,3,3,Greek,BreaKHis_formatted,False,5,4000,5,exp1_permuted_src_datasets
496,101.853039851,2.0,1739268617.9644933,,0.6060224175453186,1.0,0.001,1,16,40x40,MatchingNetwork,3,3,Greek,BreaKHis_formatted,False,5,4000,5,exp1_permuted_src_datasets
497,101.872234569,2.0,1739268617.9836116,,0.6111558675765991,1.0,0.001,1,16,40x40,MatchingNetwork,3,3,Greek,BreaKHis_formatted,False,5,4000,5,exp1_permuted_src_datasets
498,101.89000148,2.0,1739268618.0014317,,0.6330915689468384,1.0,0.001,1,16,40x40,MatchingNetwork,3,3,Greek,BreaKHis_formatted,False,5,4000,5,exp1_permuted_src_datasets
499,101.907774269,2.0,1739268618.0191453,,0.6367638111114502,1.0,0.001,1,16,40x40,MatchingNetwork,3,3,Greek,BreaKHis_formatted,False,5,4000,5,exp1_permuted_src_datasets
500,101.926141993,2.0,1739268618.0375097,,0.6286669969558716,1.0,0.001,1,16,40x40,MatchingNetwork,3,3,Greek,BreaKHis_formatted,False,5,4000,5,exp1_permuted_src_datasets
501,101.944384861,2.0,1739268618.0558794,,0.6097131967544556,1.0,0.001,1,16,40x40,MatchingNetwork,3,3,Greek,BreaKHis_formatted,False,5,4000,5,exp1_permuted_src_datasets
502,101.961537554,2.0,1739268618.073007,,0.628365695476532,1.0,0.001,1,16,40x40,MatchingNetwork,3,3,Greek,BreaKHis_formatted,False,5,4000,5,exp1_permuted_src_datasets
503,101.978567966,2.0,1739268618.090062,,0.6404405832290649,1.0,0.001,1,16,40x40,MatchingNetwork,3,3,Greek,BreaKHis_formatted,False,5,4000,5,exp1_permuted_src_datasets
504,101.995815013,2.0,1739268618.1072843,,0.667884349822998,1.0,0.001,1,16,40x40,MatchingNetwork,3,3,Greek,BreaKHis_formatted,False,5,4000,5,exp1_permuted_src_datasets
505,102.012988534,2.0,1739268618.1244907,,0.620384156703949,1.0,0.001,1,16,40x40,MatchingNetwork,3,3,Greek,BreaKHis_formatted,False,5,4000,5,exp1_permuted_src_datasets
506,102.030055206,2.0,1739268618.1415248,,0.596928060054779,1.0,0.001,1,16,40x40,MatchingNetwork,3,3,Greek,BreaKHis_formatted,False,5,4000,5,exp1_permuted_src_datasets
507,102.047299698,2.0,1739268618.1587832,,0.6243248581886292,1.0,0.001,1,16,40x40,MatchingNetwork,3,3,Greek,BreaKHis_formatted,False,5,4000,5,exp1_permuted_src_datasets
508,102.064423281,2.0,1739268618.1758974,,0.6399163007736206,1.0,0.001,1,16,40x40,MatchingNetwork,3,3,Greek,BreaKHis_formatted,False,5,4000,5,exp1_permuted_src_datasets
509,109.681730837,2.0,1739268625.7933168,0.80775,,,0.001,1,16,40x40,MatchingNetwork,3,3,Greek,BreaKHis_formatted,False,5,4000,5,exp1_permuted_src_datasets
510,109.69476129,2.0,1739268625.8063073,,0.6412636041641235,1.0,0.001,1,16,40x40,MatchingNetwork,3,3,Greek,BreaKHis_formatted,False,5,4000,5,exp1_permuted_src_datasets
511,109.711383661,2.0,1739268625.8229084,,0.6808592081069946,0.9375,0.001,1,16,40x40,MatchingNetwork,3,3,Greek,BreaKHis_formatted,False,5,4000,5,exp1_permuted_src_datasets
512,109.727684904,2.0,1739268625.8392448,,0.6349785923957825,1.0,0.001,1,16,40x40,MatchingNetwork,3,3,Greek,BreaKHis_formatted,False,5,4000,5,exp1_permuted_src_datasets
513,109.744564985,2.0,1739268625.8561094,,0.6446151733398438,1.0,0.001,1,16,40x40,MatchingNetwork,3,3,Greek,BreaKHis_formatted,False,5,4000,5,exp1_permuted_src_datasets
514,109.760729043,2.0,1739268625.8722768,,0.6339303255081177,1.0,0.001,1,16,40x40,MatchingNetwork,3,3,Greek,BreaKHis_formatted,False,5,4000,5,exp1_permuted_src_datasets
515,109.776872408,2.0,1739268625.8884258,,0.6259965896606445,1.0,0.001,1,16,40x40,MatchingNetwork,3,3,Greek,BreaKHis_formatted,False,5,4000,5,exp1_permuted_src_datasets
516,109.793185864,2.0,1739268625.9047332,,0.6535924673080444,1.0,0.001,1,16,40x40,MatchingNetwork,3,3,Greek,BreaKHis_formatted,False,5,4000,5,exp1_permuted_src_datasets
517,109.809737191,2.0,1739268625.921298,,0.6057527661323547,1.0,0.001,1,16,40x40,MatchingNetwork,3,3,Greek,BreaKHis_formatted,False,5,4000,5,exp1_permuted_src_datasets
518,109.825938565,2.0,1739268625.937485,,0.616089940071106,1.0,0.001,1,16,40x40,MatchingNetwork,3,3,Greek,BreaKHis_formatted,False,5,4000,5,exp1_permuted_src_datasets
519,109.842092433,2.0,1739268625.953638,,0.6151266694068909,1.0,0.001,1,16,40x40,MatchingNetwork,3,3,Greek,BreaKHis_formatted,False,5,4000,5,exp1_permuted_src_datasets
520,109.858238974,2.0,1739268625.9697876,,0.6503264904022217,1.0,0.001,1,16,40x40,MatchingNetwork,3,3,Greek,BreaKHis_formatted,False,5,4000,5,exp1_permuted_src_datasets
521,109.87548137,2.0,1739268625.9870086,,0.6172475218772888,1.0,0.001,1,16,40x40,MatchingNetwork,3,3,Greek,BreaKHis_formatted,False,5,4000,5,exp1_permuted_src_datasets
522,109.89171356,2.0,1739268626.0032463,,0.6042210459709167,1.0,0.001,1,16,40x40,MatchingNetwork,3,3,Greek,BreaKHis_formatted,False,5,4000,5,exp1_permuted_src_datasets
523,109.907972763,2.0,1739268626.0195172,,0.6495769619941711,1.0,0.001,1,16,40x40,MatchingNetwork,3,3,Greek,BreaKHis_formatted,False,5,4000,5,exp1_permuted_src_datasets
524,109.936640786,2.0,1739268626.0481372,,0.5945708751678467,1.0,0.001,1,16,40x40,MatchingNetwork,3,3,Greek,BreaKHis_formatted,False,5,4000,5,exp1_permuted_src_datasets
525,109.959768389,2.0,1739268626.071312,,0.6077043414115906,1.0,0.001,1,16,40x40,MatchingNetwork,3,3,Greek,BreaKHis_formatted,False,5,4000,5,exp1_permuted_src_datasets
526,109.981397904,2.0,1739268626.0928476,,0.6297008395195007,1.0,0.001,1,16,40x40,MatchingNetwork,3,3,Greek,BreaKHis_formatted,False,5,4000,5,exp1_permuted_src_datasets
527,110.008149761,2.0,1739268626.119642,,0.6130324602127075,1.0,0.001,1,16,40x40,MatchingNetwork,3,3,Greek,BreaKHis_formatted,False,5,4000,5,exp1_permuted_src_datasets
528,110.025984077,2.0,1739268626.1375055,,0.6277191638946533,1.0,0.001,1,16,40x40,MatchingNetwork,3,3,Greek,BreaKHis_formatted,False,5,4000,5,exp1_permuted_src_datasets
529,110.042217964,2.0,1739268626.153769,,0.6116688251495361,1.0,0.001,1,16,40x40,MatchingNetwork,3,3,Greek,BreaKHis_formatted,False,5,4000,5,exp1_permuted_src_datasets
530,110.05811966,2.0,1739268626.1696653,,0.6470091342926025,1.0,0.001,1,16,40x40,MatchingNetwork,3,3,Greek,BreaKHis_formatted,False,5,4000,5,exp1_permuted_src_datasets
531,110.074125213,2.0,1739268626.1856906,,0.6345413327217102,1.0,0.001,1,16,40x40,MatchingNetwork,3,3,Greek,BreaKHis_formatted,False,5,4000,5,exp1_permuted_src_datasets
532,110.089952685,2.0,1739268626.2014804,,0.6409326791763306,1.0,0.001,1,16,40x40,MatchingNetwork,3,3,Greek,BreaKHis_formatted,False,5,4000,5,exp1_permuted_src_datasets
533,110.10596634,2.0,1739268626.2175155,,0.6039761900901794,1.0,0.001,1,16,40x40,MatchingNetwork,3,3,Greek,BreaKHis_formatted,False,5,4000,5,exp1_permuted_src_datasets
534,110.124311537,2.0,1739268626.2357986,,0.5999414324760437,1.0,0.001,1,16,40x40,MatchingNetwork,3,3,Greek,BreaKHis_formatted,False,5,4000,5,exp1_permuted_src_datasets
535,110.141079385,2.0,1739268626.2526317,,0.5898789167404175,1.0,0.001,1,16,40x40,MatchingNetwork,3,3,Greek,BreaKHis_formatted,False,5,4000,5,exp1_permuted_src_datasets
536,110.157107516,2.0,1739268626.268659,,0.6073575615882874,1.0,0.001,1,16,40x40,MatchingNetwork,3,3,Greek,BreaKHis_formatted,False,5,4000,5,exp1_permuted_src_datasets
537,110.173090867,2.0,1739268626.284656,,0.6037412881851196,1.0,0.001,1,16,40x40,MatchingNetwork,3,3,Greek,BreaKHis_formatted,False,5,4000,5,exp1_permuted_src_datasets
538,110.188706041,2.0,1739268626.3002698,,0.6553152203559875,1.0,0.001,1,16,40x40,MatchingNetwork,3,3,Greek,BreaKHis_formatted,False,5,4000,5,exp1_permuted_src_datasets
539,110.204072353,2.0,1739268626.3156362,,0.5919142365455627,1.0,0.001,1,16,40x40,MatchingNetwork,3,3,Greek,BreaKHis_formatted,False,5,4000,5,exp1_permuted_src_datasets
540,110.219938318,2.0,1739268626.3315027,,0.6060271263122559,1.0,0.001,1,16,40x40,MatchingNetwork,3,3,Greek,BreaKHis_formatted,False,5,4000,5,exp1_permuted_src_datasets
541,110.235008076,2.0,1739268626.3465679,,0.5954365134239197,1.0,0.001,1,16,40x40,MatchingNetwork,3,3,Greek,BreaKHis_formatted,False,5,4000,5,exp1_permuted_src_datasets
542,110.250750849,2.0,1739268626.3623145,,0.6220009922981262,1.0,0.001,1,16,40x40,MatchingNetwork,3,3,Greek,BreaKHis_formatted,False,5,4000,5,exp1_permuted_src_datasets
543,110.266637891,2.0,1739268626.37821,,0.6106913685798645,1.0,0.001,1,16,40x40,MatchingNetwork,3,3,Greek,BreaKHis_formatted,False,5,4000,5,exp1_permuted_src_datasets
544,110.283341408,2.0,1739268626.394908,,0.6349552273750305,1.0,0.001,1,16,40x40,MatchingNetwork,3,3,Greek,BreaKHis_formatted,False,5,4000,5,exp1_permuted_src_datasets
545,110.299495623,2.0,1739268626.4110656,,0.6306313276290894,1.0,0.001,1,16,40x40,MatchingNetwork,3,3,Greek,BreaKHis_formatted,False,5,4000,5,exp1_permuted_src_datasets
546,110.315332787,2.0,1739268626.4268925,,0.626420795917511,1.0,0.001,1,16,40x40,MatchingNetwork,3,3,Greek,BreaKHis_formatted,False,5,4000,5,exp1_permuted_src_datasets
547,110.331089854,2.0,1739268626.4426634,,0.6346821784973145,1.0,0.001,1,16,40x40,MatchingNetwork,3,3,Greek,BreaKHis_formatted,False,5,4000,5,exp1_permuted_src_datasets
548,110.347050957,2.0,1739268626.4586217,,0.6269623637199402,1.0,0.001,1,16,40x40,MatchingNetwork,3,3,Greek,BreaKHis_formatted,False,5,4000,5,exp1_permuted_src_datasets
549,110.36322226,2.0,1739268626.4747689,,0.6002574563026428,1.0,0.001,1,16,40x40,MatchingNetwork,3,3,Greek,BreaKHis_formatted,False,5,4000,5,exp1_permuted_src_datasets
550,110.379054783,2.0,1739268626.4906127,,0.5989599823951721,1.0,0.001,1,16,40x40,MatchingNetwork,3,3,Greek,BreaKHis_formatted,False,5,4000,5,exp1_permuted_src_datasets
551,110.394898145,2.0,1739268626.5064445,,0.5990889072418213,1.0,0.001,1,16,40x40,MatchingNetwork,3,3,Greek,BreaKHis_formatted,False,5,4000,5,exp1_permuted_src_datasets
552,110.410762625,2.0,1739268626.5223064,,0.594153881072998,1.0,0.001,1,16,40x40,MatchingNetwork,3,3,Greek,BreaKHis_formatted,False,5,4000,5,exp1_permuted_src_datasets
553,110.426722152,2.0,1739268626.53828,,0.6182487607002258,1.0,0.001,1,16,40x40,MatchingNetwork,3,3,Greek,BreaKHis_formatted,False,5,4000,5,exp1_permuted_src_datasets
554,110.442367287,2.0,1739268626.5539298,,0.5979464650154114,1.0,0.001,1,16,40x40,MatchingNetwork,3,3,Greek,BreaKHis_formatted,False,5,4000,5,exp1_permuted_src_datasets
555,110.45813694,2.0,1739268626.569693,,0.5947738289833069,1.0,0.001,1,16,40x40,MatchingNetwork,3,3,Greek,BreaKHis_formatted,False,5,4000,5,exp1_permuted_src_datasets
556,110.473893073,2.0,1739268626.585447,,0.6105787754058838,1.0,0.001,1,16,40x40,MatchingNetwork,3,3,Greek,BreaKHis_formatted,False,5,4000,5,exp1_permuted_src_datasets
557,110.491512807,2.0,1739268626.6030452,,0.6251076459884644,1.0,0.001,1,16,40x40,MatchingNetwork,3,3,Greek,BreaKHis_formatted,False,5,4000,5,exp1_permuted_src_datasets
558,110.507775322,2.0,1739268626.6193416,,0.6014782190322876,1.0,0.001,1,16,40x40,MatchingNetwork,3,3,Greek,BreaKHis_formatted,False,5,4000,5,exp1_permuted_src_datasets
559,110.523675113,2.0,1739268626.6352303,,0.6041939854621887,1.0,0.001,1,16,40x40,MatchingNetwork,3,3,Greek,BreaKHis_formatted,False,5,4000,5,exp1_permuted_src_datasets
560,110.539985272,2.0,1739268626.6515439,,0.6370276808738708,1.0,0.001,1,16,40x40,MatchingNetwork,3,3,Greek,BreaKHis_formatted,False,5,4000,5,exp1_permuted_src_datasets
561,110.555655246,2.0,1739268626.6672237,,0.5954407453536987,1.0,0.001,1,16,40x40,MatchingNetwork,3,3,Greek,BreaKHis_formatted,False,5,4000,5,exp1_permuted_src_datasets
562,110.571572597,2.0,1739268626.6831448,,0.6208786964416504,1.0,0.001,1,16,40x40,MatchingNetwork,3,3,Greek,BreaKHis_formatted,False,5,4000,5,exp1_permuted_src_datasets
563,110.587546208,2.0,1739268626.6990917,,0.6000289916992188,1.0,0.001,1,16,40x40,MatchingNetwork,3,3,Greek,BreaKHis_formatted,False,5,4000,5,exp1_permuted_src_datasets
564,110.603674512,2.0,1739268626.7152448,,0.6011983156204224,1.0,0.001,1,16,40x40,MatchingNetwork,3,3,Greek,BreaKHis_formatted,False,5,4000,5,exp1_permuted_src_datasets
565,110.619630947,2.0,1739268626.7312,,0.6023667454719543,1.0,0.001,1,16,40x40,MatchingNetwork,3,3,Greek,BreaKHis_formatted,False,5,4000,5,exp1_permuted_src_datasets
566,110.635483697,2.0,1739268626.7470443,,0.5911141633987427,1.0,0.001,1,16,40x40,MatchingNetwork,3,3,Greek,BreaKHis_formatted,False,5,4000,5,exp1_permuted_src_datasets
567,110.759244543,2.0,1739268626.8707345,,0.5977250933647156,1.0,0.001,1,16,40x40,MatchingNetwork,3,3,Greek,BreaKHis_formatted,False,5,4000,5,exp1_permuted_src_datasets
568,110.776558027,2.0,1739268626.888098,,0.5892677903175354,1.0,0.001,1,16,40x40,MatchingNetwork,3,3,Greek,BreaKHis_formatted,False,5,4000,5,exp1_permuted_src_datasets
569,110.79250097,2.0,1739268626.9040527,,0.601298451423645,1.0,0.001,1,16,40x40,MatchingNetwork,3,3,Greek,BreaKHis_formatted,False,5,4000,5,exp1_permuted_src_datasets
570,110.808237264,2.0,1739268626.9197912,,0.603000819683075,1.0,0.001,1,16,40x40,MatchingNetwork,3,3,Greek,BreaKHis_formatted,False,5,4000,5,exp1_permuted_src_datasets
571,110.824032799,2.0,1739268626.935565,,0.6013262867927551,1.0,0.001,1,16,40x40,MatchingNetwork,3,3,Greek,BreaKHis_formatted,False,5,4000,5,exp1_permuted_src_datasets
572,118.443132899,2.0,1739268634.5547273,0.82525,,,0.001,1,16,40x40,MatchingNetwork,3,3,Greek,BreaKHis_formatted,False,5,4000,5,exp1_permuted_src_datasets
573,123.621006078,3.0,1739268639.7325993,,,,0.001,1,16,40x40,MatchingNetwork,3,3,Greek,BreaKHis_formatted,False,5,4000,5,exp1_permuted_src_datasets
574,131.225204506,3.0,1739268647.3367703,0.62025,,,0.001,1,16,40x40,MatchingNetwork,3,3,Greek,BreaKHis_formatted,False,5,4000,5,exp1_permuted_src_datasets
575,131.237027128,3.0,1739268647.3485534,,0.9447594881057739,0.75,0.001,1,16,40x40,MatchingNetwork,3,3,Greek,BreaKHis_formatted,False,5,4000,5,exp1_permuted_src_datasets
576,131.253880915,3.0,1739268647.3654237,,0.8413471579551697,0.875,0.001,1,16,40x40,MatchingNetwork,3,3,Greek,BreaKHis_formatted,False,5,4000,5,exp1_permuted_src_datasets
577,131.270404573,3.0,1739268647.3819778,,0.8660423755645752,0.9375,0.001,1,16,40x40,MatchingNetwork,3,3,Greek,BreaKHis_formatted,False,5,4000,5,exp1_permuted_src_datasets
578,131.314373964,3.0,1739268647.397936,,0.7856808304786682,1.0,0.001,1,16,40x40,MatchingNetwork,3,3,Greek,BreaKHis_formatted,False,5,4000,5,exp1_permuted_src_datasets
579,131.314390345,3.0,1739268647.4138968,,0.8059220910072327,1.0,0.001,1,16,40x40,MatchingNetwork,3,3,Greek,BreaKHis_formatted,False,5,4000,5,exp1_permuted_src_datasets
580,131.31823978,3.0,1739268647.4298184,,0.7887482047080994,0.9375,0.001,1,16,40x40,MatchingNetwork,3,3,Greek,BreaKHis_formatted,False,5,4000,5,exp1_permuted_src_datasets
581,131.334135718,3.0,1739268647.4457037,,0.8474059700965881,0.9375,0.001,1,16,40x40,MatchingNetwork,3,3,Greek,BreaKHis_formatted,False,5,4000,5,exp1_permuted_src_datasets
582,131.350397883,3.0,1739268647.4619381,,0.7519897222518921,1.0,0.001,1,16,40x40,MatchingNetwork,3,3,Greek,BreaKHis_formatted,False,5,4000,5,exp1_permuted_src_datasets
583,131.366515172,3.0,1739268647.4780672,,0.8269309997558594,0.875,0.001,1,16,40x40,MatchingNetwork,3,3,Greek,BreaKHis_formatted,False,5,4000,5,exp1_permuted_src_datasets
584,131.382856104,3.0,1739268647.4944103,,0.8889377117156982,0.875,0.001,1,16,40x40,MatchingNetwork,3,3,Greek,BreaKHis_formatted,False,5,4000,5,exp1_permuted_src_datasets
585,131.399411151,3.0,1739268647.5109603,,0.7300597429275513,0.9375,0.001,1,16,40x40,MatchingNetwork,3,3,Greek,BreaKHis_formatted,False,5,4000,5,exp1_permuted_src_datasets
586,131.415759845,3.0,1739268647.5273027,,0.7800113558769226,0.9375,0.001,1,16,40x40,MatchingNetwork,3,3,Greek,BreaKHis_formatted,False,5,4000,5,exp1_permuted_src_datasets
587,131.431999735,3.0,1739268647.543563,,0.738344669342041,1.0,0.001,1,16,40x40,MatchingNetwork,3,3,Greek,BreaKHis_formatted,False,5,4000,5,exp1_permuted_src_datasets
588,131.448304604,3.0,1739268647.5598574,,0.764642596244812,0.875,0.001,1,16,40x40,MatchingNetwork,3,3,Greek,BreaKHis_formatted,False,5,4000,5,exp1_permuted_src_datasets
589,131.464257626,3.0,1739268647.5758212,,0.8285825848579407,0.9375,0.001,1,16,40x40,MatchingNetwork,3,3,Greek,BreaKHis_formatted,False,5,4000,5,exp1_permuted_src_datasets
590,131.480383837,3.0,1739268647.591938,,0.8157767653465271,0.875,0.001,1,16,40x40,MatchingNetwork,3,3,Greek,BreaKHis_formatted,False,5,4000,5,exp1_permuted_src_datasets
591,131.496602706,3.0,1739268647.6081514,,0.7506227493286133,0.9375,0.001,1,16,40x40,MatchingNetwork,3,3,Greek,BreaKHis_formatted,False,5,4000,5,exp1_permuted_src_datasets
592,131.512598331,3.0,1739268647.624152,,0.7131780385971069,0.9375,0.001,1,16,40x40,MatchingNetwork,3,3,Greek,BreaKHis_formatted,False,5,4000,5,exp1_permuted_src_datasets
593,131.528462238,3.0,1739268647.640007,,0.7062936425209045,1.0,0.001,1,16,40x40,MatchingNetwork,3,3,Greek,BreaKHis_formatted,False,5,4000,5,exp1_permuted_src_datasets
594,131.544318988,3.0,1739268647.655874,,0.7675951719284058,0.9375,0.001,1,16,40x40,MatchingNetwork,3,3,Greek,BreaKHis_formatted,False,5,4000,5,exp1_permuted_src_datasets
595,131.560122174,3.0,1739268647.671676,,0.7179931998252869,1.0,0.001,1,16,40x40,MatchingNetwork,3,3,Greek,BreaKHis_formatted,False,5,4000,5,exp1_permuted_src_datasets
596,131.575813482,3.0,1739268647.687356,,0.6945046782493591,0.9375,0.001,1,16,40x40,MatchingNetwork,3,3,Greek,BreaKHis_formatted,False,5,4000,5,exp1_permuted_src_datasets
597,131.591977426,3.0,1739268647.7035348,,0.7183598279953003,0.9375,0.001,1,16,40x40,MatchingNetwork,3,3,Greek,BreaKHis_formatted,False,5,4000,5,exp1_permuted_src_datasets
598,131.607863602,3.0,1739268647.719428,,0.7166393399238586,0.9375,0.001,1,16,40x40,MatchingNetwork,3,3,Greek,BreaKHis_formatted,False,5,4000,5,exp1_permuted_src_datasets
599,131.623917135,3.0,1739268647.7354872,,0.6751542091369629,1.0,0.001,1,16,40x40,MatchingNetwork,3,3,Greek,BreaKHis_formatted,False,5,4000,5,exp1_permuted_src_datasets
600,131.639842248,3.0,1739268647.7513943,,0.6901063323020935,1.0,0.001,1,16,40x40,MatchingNetwork,3,3,Greek,BreaKHis_formatted,False,5,4000,5,exp1_permuted_src_datasets
601,131.655627247,3.0,1739268647.7671978,,0.7248878479003906,1.0,0.001,1,16,40x40,MatchingNetwork,3,3,Greek,BreaKHis_formatted,False,5,4000,5,exp1_permuted_src_datasets
602,131.671376393,3.0,1739268647.782943,,0.7260704040527344,1.0,0.001,1,16,40x40,MatchingNetwork,3,3,Greek,BreaKHis_formatted,False,5,4000,5,exp1_permuted_src_datasets
603,131.687164067,3.0,1739268647.7987294,,0.7276511192321777,1.0,0.001,1,16,40x40,MatchingNetwork,3,3,Greek,BreaKHis_formatted,False,5,4000,5,exp1_permuted_src_datasets
604,131.703095357,3.0,1739268647.8146367,,0.7414155602455139,1.0,0.001,1,16,40x40,MatchingNetwork,3,3,Greek,BreaKHis_formatted,False,5,4000,5,exp1_permuted_src_datasets
605,131.718885902,3.0,1739268647.8304303,,0.650165855884552,1.0,0.001,1,16,40x40,MatchingNetwork,3,3,Greek,BreaKHis_formatted,False,5,4000,5,exp1_permuted_src_datasets
606,131.734749666,3.0,1739268647.846296,,0.7169055342674255,0.9375,0.001,1,16,40x40,MatchingNetwork,3,3,Greek,BreaKHis_formatted,False,5,4000,5,exp1_permuted_src_datasets
607,131.755063155,3.0,1739268647.8666174,,0.7459951639175415,0.9375,0.001,1,16,40x40,MatchingNetwork,3,3,Greek,BreaKHis_formatted,False,5,4000,5,exp1_permuted_src_datasets
608,131.772982948,3.0,1739268647.8845437,,0.7021095752716064,0.9375,0.001,1,16,40x40,MatchingNetwork,3,3,Greek,BreaKHis_formatted,False,5,4000,5,exp1_permuted_src_datasets
609,131.788675829,3.0,1739268647.900232,,0.6747210621833801,1.0,0.001,1,16,40x40,MatchingNetwork,3,3,Greek,BreaKHis_formatted,False,5,4000,5,exp1_permuted_src_datasets
610,131.80432258,3.0,1739268647.9158711,,0.6879339814186096,1.0,0.001,1,16,40x40,MatchingNetwork,3,3,Greek,BreaKHis_formatted,False,5,4000,5,exp1_permuted_src_datasets
611,131.82049464,3.0,1739268647.9320529,,0.6749274730682373,1.0,0.001,1,16,40x40,MatchingNetwork,3,3,Greek,BreaKHis_formatted,False,5,4000,5,exp1_permuted_src_datasets
612,131.836307496,3.0,1739268647.9478686,,0.691656231880188,1.0,0.001,1,16,40x40,MatchingNetwork,3,3,Greek,BreaKHis_formatted,False,5,4000,5,exp1_permuted_src_datasets
613,131.852072911,3.0,1739268647.9636202,,0.6667842268943787,1.0,0.001,1,16,40x40,MatchingNetwork,3,3,Greek,BreaKHis_formatted,False,5,4000,5,exp1_permuted_src_datasets
614,131.867998445,3.0,1739268647.9795322,,0.6402072906494141,1.0,0.001,1,16,40x40,MatchingNetwork,3,3,Greek,BreaKHis_formatted,False,5,4000,5,exp1_permuted_src_datasets
615,131.884972431,3.0,1739268647.9965355,,0.6687307357788086,1.0,0.001,1,16,40x40,MatchingNetwork,3,3,Greek,BreaKHis_formatted,False,5,4000,5,exp1_permuted_src_datasets
616,131.900808538,3.0,1739268648.012271,,0.6520313620567322,1.0,0.001,1,16,40x40,MatchingNetwork,3,3,Greek,BreaKHis_formatted,False,5,4000,5,exp1_permuted_src_datasets
617,131.918245283,3.0,1739268648.0297933,,0.6398667097091675,0.9375,0.001,1,16,40x40,MatchingNetwork,3,3,Greek,BreaKHis_formatted,False,5,4000,5,exp1_permuted_src_datasets
618,131.934634569,3.0,1739268648.0462089,,0.6488202214241028,1.0,0.001,1,16,40x40,MatchingNetwork,3,3,Greek,BreaKHis_formatted,False,5,4000,5,exp1_permuted_src_datasets
619,131.949920276,3.0,1739268648.061475,,0.6583005785942078,1.0,0.001,1,16,40x40,MatchingNetwork,3,3,Greek,BreaKHis_formatted,False,5,4000,5,exp1_permuted_src_datasets
620,131.965284688,3.0,1739268648.0768306,,0.6267163753509521,1.0,0.001,1,16,40x40,MatchingNetwork,3,3,Greek,BreaKHis_formatted,False,5,4000,5,exp1_permuted_src_datasets
621,131.980875294,3.0,1739268648.0924375,,0.6334050297737122,1.0,0.001,1,16,40x40,MatchingNetwork,3,3,Greek,BreaKHis_formatted,False,5,4000,5,exp1_permuted_src_datasets
622,131.996482768,3.0,1739268648.1080518,,0.6627286672592163,1.0,0.001,1,16,40x40,MatchingNetwork,3,3,Greek,BreaKHis_formatted,False,5,4000,5,exp1_permuted_src_datasets
623,132.013192379,3.0,1739268648.1247642,,0.6108534336090088,1.0,0.001,1,16,40x40,MatchingNetwork,3,3,Greek,BreaKHis_formatted,False,5,4000,5,exp1_permuted_src_datasets
624,132.029122931,3.0,1739268648.140678,,0.6384546756744385,1.0,0.001,1,16,40x40,MatchingNetwork,3,3,Greek,BreaKHis_formatted,False,5,4000,5,exp1_permuted_src_datasets
625,132.044894473,3.0,1739268648.1564476,,0.6804971098899841,1.0,0.001,1,16,40x40,MatchingNetwork,3,3,Greek,BreaKHis_formatted,False,5,4000,5,exp1_permuted_src_datasets
626,132.061191208,3.0,1739268648.1727383,,0.6403753757476807,1.0,0.001,1,16,40x40,MatchingNetwork,3,3,Greek,BreaKHis_formatted,False,5,4000,5,exp1_permuted_src_datasets
627,132.078199508,3.0,1739268648.189757,,0.642115592956543,1.0,0.001,1,16,40x40,MatchingNetwork,3,3,Greek,BreaKHis_formatted,False,5,4000,5,exp1_permuted_src_datasets
628,132.093892931,3.0,1739268648.2054489,,0.6729931831359863,1.0,0.001,1,16,40x40,MatchingNetwork,3,3,Greek,BreaKHis_formatted,False,5,4000,5,exp1_permuted_src_datasets
629,132.109341644,3.0,1739268648.2209127,,0.6440086364746094,1.0,0.001,1,16,40x40,MatchingNetwork,3,3,Greek,BreaKHis_formatted,False,5,4000,5,exp1_permuted_src_datasets
630,132.124764691,3.0,1739268648.2363398,,0.6236379146575928,1.0,0.001,1,16,40x40,MatchingNetwork,3,3,Greek,BreaKHis_formatted,False,5,4000,5,exp1_permuted_src_datasets
631,132.141288549,3.0,1739268648.2528636,,0.6324166059494019,1.0,0.001,1,16,40x40,MatchingNetwork,3,3,Greek,BreaKHis_formatted,False,5,4000,5,exp1_permuted_src_datasets
632,132.157731355,3.0,1739268648.2692292,,0.6538974046707153,1.0,0.001,1,16,40x40,MatchingNetwork,3,3,Greek,BreaKHis_formatted,False,5,4000,5,exp1_permuted_src_datasets
633,132.174317229,3.0,1739268648.2858403,,0.6543298959732056,0.9375,0.001,1,16,40x40,MatchingNetwork,3,3,Greek,BreaKHis_formatted,False,5,4000,5,exp1_permuted_src_datasets
634,132.189878921,3.0,1739268648.301437,,0.6509081721305847,1.0,0.001,1,16,40x40,MatchingNetwork,3,3,Greek,BreaKHis_formatted,False,5,4000,5,exp1_permuted_src_datasets
635,132.205942237,3.0,1739268648.3175094,,0.6135229468345642,1.0,0.001,1,16,40x40,MatchingNetwork,3,3,Greek,BreaKHis_formatted,False,5,4000,5,exp1_permuted_src_datasets
636,132.221314892,3.0,1739268648.3328826,,0.6059486865997314,1.0,0.001,1,16,40x40,MatchingNetwork,3,3,Greek,BreaKHis_formatted,False,5,4000,5,exp1_permuted_src_datasets
637,139.752708467,3.0,1739268655.8642902,0.78025,,,0.001,1,16,40x40,MatchingNetwork,3,3,Greek,BreaKHis_formatted,False,5,4000,5,exp1_permuted_src_datasets
638,139.76551708,3.0,1739268655.8770666,,0.659143328666687,1.0,0.001,1,16,40x40,MatchingNetwork,3,3,Greek,BreaKHis_formatted,False,5,4000,5,exp1_permuted_src_datasets
639,139.782156471,3.0,1739268655.8937032,,0.6123601794242859,1.0,0.001,1,16,40x40,MatchingNetwork,3,3,Greek,BreaKHis_formatted,False,5,4000,5,exp1_permuted_src_datasets
640,139.79820284,3.0,1739268655.9097466,,0.6052804589271545,1.0,0.001,1,16,40x40,MatchingNetwork,3,3,Greek,BreaKHis_formatted,False,5,4000,5,exp1_permuted_src_datasets
641,139.814814626,3.0,1739268655.926359,,0.6304469108581543,1.0,0.001,1,16,40x40,MatchingNetwork,3,3,Greek,BreaKHis_formatted,False,5,4000,5,exp1_permuted_src_datasets
642,139.833327297,3.0,1739268655.944899,,0.6437479257583618,1.0,0.001,1,16,40x40,MatchingNetwork,3,3,Greek,BreaKHis_formatted,False,5,4000,5,exp1_permuted_src_datasets
643,139.852867795,3.0,1739268655.9644337,,0.6334280967712402,1.0,0.001,1,16,40x40,MatchingNetwork,3,3,Greek,BreaKHis_formatted,False,5,4000,5,exp1_permuted_src_datasets
644,139.869000757,3.0,1739268655.9805725,,0.6411042213439941,1.0,0.001,1,16,40x40,MatchingNetwork,3,3,Greek,BreaKHis_formatted,False,5,4000,5,exp1_permuted_src_datasets
645,139.885104326,3.0,1739268655.9966571,,0.6009953022003174,1.0,0.001,1,16,40x40,MatchingNetwork,3,3,Greek,BreaKHis_formatted,False,5,4000,5,exp1_permuted_src_datasets
646,139.901106028,3.0,1739268656.0126548,,0.6125593185424805,1.0,0.001,1,16,40x40,MatchingNetwork,3,3,Greek,BreaKHis_formatted,False,5,4000,5,exp1_permuted_src_datasets
647,139.916992379,3.0,1739268656.0285594,,0.6371284127235413,1.0,0.001,1,16,40x40,MatchingNetwork,3,3,Greek,BreaKHis_formatted,False,5,4000,5,exp1_permuted_src_datasets
648,139.933105075,3.0,1739268656.044663,,0.6328285932540894,1.0,0.001,1,16,40x40,MatchingNetwork,3,3,Greek,BreaKHis_formatted,False,5,4000,5,exp1_permuted_src_datasets
649,139.949337012,3.0,1739268656.060884,,0.6262507438659668,1.0,0.001,1,16,40x40,MatchingNetwork,3,3,Greek,BreaKHis_formatted,False,5,4000,5,exp1_permuted_src_datasets
650,139.965458664,3.0,1739268656.0770073,,0.621268093585968,1.0,0.001,1,16,40x40,MatchingNetwork,3,3,Greek,BreaKHis_formatted,False,5,4000,5,exp1_permuted_src_datasets
651,139.981440586,3.0,1739268656.0930057,,0.6274027824401855,0.9375,0.001,1,16,40x40,MatchingNetwork,3,3,Greek,BreaKHis_formatted,False,5,4000,5,exp1_permuted_src_datasets
652,139.997514508,3.0,1739268656.109066,,0.6582014560699463,0.9375,0.001,1,16,40x40,MatchingNetwork,3,3,Greek,BreaKHis_formatted,False,5,4000,5,exp1_permuted_src_datasets
653,140.014139189,3.0,1739268656.1256976,,0.6201857328414917,1.0,0.001,1,16,40x40,MatchingNetwork,3,3,Greek,BreaKHis_formatted,False,5,4000,5,exp1_permuted_src_datasets
654,140.030696203,3.0,1739268656.142251,,0.6079543828964233,1.0,0.001,1,16,40x40,MatchingNetwork,3,3,Greek,BreaKHis_formatted,False,5,4000,5,exp1_permuted_src_datasets
655,140.046601295,3.0,1739268656.1581738,,0.6013023257255554,1.0,0.001,1,16,40x40,MatchingNetwork,3,3,Greek,BreaKHis_formatted,False,5,4000,5,exp1_permuted_src_datasets
656,140.062437927,3.0,1739268656.1739929,,0.617308497428894,1.0,0.001,1,16,40x40,MatchingNetwork,3,3,Greek,BreaKHis_formatted,False,5,4000,5,exp1_permuted_src_datasets
657,140.078297387,3.0,1739268656.1898472,,0.6126329898834229,1.0,0.001,1,16,40x40,MatchingNetwork,3,3,Greek,BreaKHis_formatted,False,5,4000,5,exp1_permuted_src_datasets
658,140.093950967,3.0,1739268656.2055197,,0.6049800515174866,1.0,0.001,1,16,40x40,MatchingNetwork,3,3,Greek,BreaKHis_formatted,False,5,4000,5,exp1_permuted_src_datasets
659,140.109847583,3.0,1739268656.221416,,0.602908730506897,1.0,0.001,1,16,40x40,MatchingNetwork,3,3,Greek,BreaKHis_formatted,False,5,4000,5,exp1_permuted_src_datasets
660,140.125728674,3.0,1739268656.2372773,,0.6018563508987427,1.0,0.001,1,16,40x40,MatchingNetwork,3,3,Greek,BreaKHis_formatted,False,5,4000,5,exp1_permuted_src_datasets
661,140.141353296,3.0,1739268656.2529156,,0.6165701746940613,1.0,0.001,1,16,40x40,MatchingNetwork,3,3,Greek,BreaKHis_formatted,False,5,4000,5,exp1_permuted_src_datasets
662,140.156975502,3.0,1739268656.268544,,0.6284271478652954,1.0,0.001,1,16,40x40,MatchingNetwork,3,3,Greek,BreaKHis_formatted,False,5,4000,5,exp1_permuted_src_datasets
663,140.172531288,3.0,1739268656.284092,,0.6056214570999146,1.0,0.001,1,16,40x40,MatchingNetwork,3,3,Greek,BreaKHis_formatted,False,5,4000,5,exp1_permuted_src_datasets
664,140.187944805,3.0,1739268656.2995172,,0.616668701171875,1.0,0.001,1,16,40x40,MatchingNetwork,3,3,Greek,BreaKHis_formatted,False,5,4000,5,exp1_permuted_src_datasets
665,140.203418657,3.0,1739268656.3149874,,0.6089217066764832,1.0,0.001,1,16,40x40,MatchingNetwork,3,3,Greek,BreaKHis_formatted,False,5,4000,5,exp1_permuted_src_datasets
666,140.220393276,3.0,1739268656.3318489,,0.6041553020477295,1.0,0.001,1,16,40x40,MatchingNetwork,3,3,Greek,BreaKHis_formatted,False,5,4000,5,exp1_permuted_src_datasets
667,140.237613725,3.0,1739268656.3491588,,0.6201584935188293,1.0,0.001,1,16,40x40,MatchingNetwork,3,3,Greek,BreaKHis_formatted,False,5,4000,5,exp1_permuted_src_datasets
668,140.253449829,3.0,1739268656.3649976,,0.654974102973938,1.0,0.001,1,16,40x40,MatchingNetwork,3,3,Greek,BreaKHis_formatted,False,5,4000,5,exp1_permuted_src_datasets
669,140.269883406,3.0,1739268656.3814375,,0.5902503132820129,1.0,0.001,1,16,40x40,MatchingNetwork,3,3,Greek,BreaKHis_formatted,False,5,4000,5,exp1_permuted_src_datasets
670,140.28579937,3.0,1739268656.397357,,0.6029906868934631,1.0,0.001,1,16,40x40,MatchingNetwork,3,3,Greek,BreaKHis_formatted,False,5,4000,5,exp1_permuted_src_datasets
671,140.304979437,3.0,1739268656.4165182,,0.6146725416183472,1.0,0.001,1,16,40x40,MatchingNetwork,3,3,Greek,BreaKHis_formatted,False,5,4000,5,exp1_permuted_src_datasets
672,140.321057366,3.0,1739268656.432613,,0.6053705215454102,1.0,0.001,1,16,40x40,MatchingNetwork,3,3,Greek,BreaKHis_formatted,False,5,4000,5,exp1_permuted_src_datasets
673,140.336793789,3.0,1739268656.448343,,0.601696252822876,1.0,0.001,1,16,40x40,MatchingNetwork,3,3,Greek,BreaKHis_formatted,False,5,4000,5,exp1_permuted_src_datasets
674,140.353063675,3.0,1739268656.4646149,,0.618797242641449,1.0,0.001,1,16,40x40,MatchingNetwork,3,3,Greek,BreaKHis_formatted,False,5,4000,5,exp1_permuted_src_datasets
675,140.369243955,3.0,1739268656.4807904,,0.592480480670929,1.0,0.001,1,16,40x40,MatchingNetwork,3,3,Greek,BreaKHis_formatted,False,5,4000,5,exp1_permuted_src_datasets
676,140.385070012,3.0,1739268656.496629,,0.6344389915466309,1.0,0.001,1,16,40x40,MatchingNetwork,3,3,Greek,BreaKHis_formatted,False,5,4000,5,exp1_permuted_src_datasets
677,140.400744883,3.0,1739268656.5122955,,0.6378606557846069,1.0,0.001,1,16,40x40,MatchingNetwork,3,3,Greek,BreaKHis_formatted,False,5,4000,5,exp1_permuted_src_datasets
678,140.416558838,3.0,1739268656.5281143,,0.6369073390960693,1.0,0.001,1,16,40x40,MatchingNetwork,3,3,Greek,BreaKHis_formatted,False,5,4000,5,exp1_permuted_src_datasets
679,140.4324656,3.0,1739268656.54402,,0.6048271656036377,1.0,0.001,1,16,40x40,MatchingNetwork,3,3,Greek,BreaKHis_formatted,False,5,4000,5,exp1_permuted_src_datasets
680,140.448264535,3.0,1739268656.559808,,0.6127535104751587,1.0,0.001,1,16,40x40,MatchingNetwork,3,3,Greek,BreaKHis_formatted,False,5,4000,5,exp1_permuted_src_datasets
681,140.463930425,3.0,1739268656.5754867,,0.6083186864852905,1.0,0.001,1,16,40x40,MatchingNetwork,3,3,Greek,BreaKHis_formatted,False,5,4000,5,exp1_permuted_src_datasets
682,140.481656809,3.0,1739268656.5932171,,0.6053202748298645,1.0,0.001,1,16,40x40,MatchingNetwork,3,3,Greek,BreaKHis_formatted,False,5,4000,5,exp1_permuted_src_datasets
683,140.497515599,3.0,1739268656.6090705,,0.6077273488044739,1.0,0.001,1,16,40x40,MatchingNetwork,3,3,Greek,BreaKHis_formatted,False,5,4000,5,exp1_permuted_src_datasets
684,140.513178267,3.0,1739268656.6247454,,0.6059246063232422,1.0,0.001,1,16,40x40,MatchingNetwork,3,3,Greek,BreaKHis_formatted,False,5,4000,5,exp1_permuted_src_datasets
685,140.52916913,3.0,1739268656.6407251,,0.6111321449279785,1.0,0.001,1,16,40x40,MatchingNetwork,3,3,Greek,BreaKHis_formatted,False,5,4000,5,exp1_permuted_src_datasets
686,140.545480221,3.0,1739268656.6570299,,0.6027090549468994,1.0,0.001,1,16,40x40,MatchingNetwork,3,3,Greek,BreaKHis_formatted,False,5,4000,5,exp1_permuted_src_datasets
687,140.56143443,3.0,1739268656.6729746,,0.6030018329620361,1.0,0.001,1,16,40x40,MatchingNetwork,3,3,Greek,BreaKHis_formatted,False,5,4000,5,exp1_permuted_src_datasets
688,140.577101242,3.0,1739268656.6886575,,0.6106027960777283,1.0,0.001,1,16,40x40,MatchingNetwork,3,3,Greek,BreaKHis_formatted,False,5,4000,5,exp1_permuted_src_datasets
689,140.592819794,3.0,1739268656.7043798,,0.603135883808136,1.0,0.001,1,16,40x40,MatchingNetwork,3,3,Greek,BreaKHis_formatted,False,5,4000,5,exp1_permuted_src_datasets
690,140.608450252,3.0,1739268656.7200284,,0.613953709602356,1.0,0.001,1,16,40x40,MatchingNetwork,3,3,Greek,BreaKHis_formatted,False,5,4000,5,exp1_permuted_src_datasets
691,140.623996041,3.0,1739268656.7355623,,0.5970656275749207,1.0,0.001,1,16,40x40,MatchingNetwork,3,3,Greek,BreaKHis_formatted,False,5,4000,5,exp1_permuted_src_datasets
692,140.639422381,3.0,1739268656.7509966,,0.6553770899772644,1.0,0.001,1,16,40x40,MatchingNetwork,3,3,Greek,BreaKHis_formatted,False,5,4000,5,exp1_permuted_src_datasets
693,140.655332789,3.0,1739268656.766905,,0.6257976293563843,1.0,0.001,1,16,40x40,MatchingNetwork,3,3,Greek,BreaKHis_formatted,False,5,4000,5,exp1_permuted_src_datasets
694,140.67405333,3.0,1739268656.7855887,,0.6024119853973389,1.0,0.001,1,16,40x40,MatchingNetwork,3,3,Greek,BreaKHis_formatted,False,5,4000,5,exp1_permuted_src_datasets
695,140.690399617,3.0,1739268656.8019414,,0.6023479700088501,1.0,0.001,1,16,40x40,MatchingNetwork,3,3,Greek,BreaKHis_formatted,False,5,4000,5,exp1_permuted_src_datasets
696,140.706265166,3.0,1739268656.817812,,0.6074774265289307,1.0,0.001,1,16,40x40,MatchingNetwork,3,3,Greek,BreaKHis_formatted,False,5,4000,5,exp1_permuted_src_datasets
697,140.721959263,3.0,1739268656.833517,,0.5891165733337402,1.0,0.001,1,16,40x40,MatchingNetwork,3,3,Greek,BreaKHis_formatted,False,5,4000,5,exp1_permuted_src_datasets
698,140.737686173,3.0,1739268656.8492382,,0.6184384822845459,1.0,0.001,1,16,40x40,MatchingNetwork,3,3,Greek,BreaKHis_formatted,False,5,4000,5,exp1_permuted_src_datasets
699,140.753277674,3.0,1739268656.8648536,,0.6030925512313843,1.0,0.001,1,16,40x40,MatchingNetwork,3,3,Greek,BreaKHis_formatted,False,5,4000,5,exp1_permuted_src_datasets
700,148.375728998,3.0,1739268664.4873087,0.828,,,0.001,1,16,40x40,MatchingNetwork,3,3,Greek,BreaKHis_formatted,False,5,4000,5,exp1_permuted_src_datasets
701,148.389537103,3.0,1739268664.5010805,,0.6023502349853516,1.0,0.001,1,16,40x40,MatchingNetwork,3,3,Greek,BreaKHis_formatted,False,5,4000,5,exp1_permuted_src_datasets
702,148.406137115,3.0,1739268664.5176947,,0.5986905097961426,1.0,0.001,1,16,40x40,MatchingNetwork,3,3,Greek,BreaKHis_formatted,False,5,4000,5,exp1_permuted_src_datasets
703,148.421912677,3.0,1739268664.5334826,,0.6138506531715393,1.0,0.001,1,16,40x40,MatchingNetwork,3,3,Greek,BreaKHis_formatted,False,5,4000,5,exp1_permuted_src_datasets
704,148.437763504,3.0,1739268664.5493152,,0.6341840028762817,1.0,0.001,1,16,40x40,MatchingNetwork,3,3,Greek,BreaKHis_formatted,False,5,4000,5,exp1_permuted_src_datasets
705,148.457944353,3.0,1739268664.5695121,,0.6273722648620605,1.0,0.001,1,16,40x40,MatchingNetwork,3,3,Greek,BreaKHis_formatted,False,5,4000,5,exp1_permuted_src_datasets
706,148.475909823,3.0,1739268664.5874608,,0.6435394883155823,1.0,0.001,1,16,40x40,MatchingNetwork,3,3,Greek,BreaKHis_formatted,False,5,4000,5,exp1_permuted_src_datasets
707,148.50138789,3.0,1739268664.612913,,0.6471392512321472,1.0,0.001,1,16,40x40,MatchingNetwork,3,3,Greek,BreaKHis_formatted,False,5,4000,5,exp1_permuted_src_datasets
708,148.526671599,3.0,1739268664.6382291,,0.5950267314910889,1.0,0.001,1,16,40x40,MatchingNetwork,3,3,Greek,BreaKHis_formatted,False,5,4000,5,exp1_permuted_src_datasets
709,148.554905425,3.0,1739268664.6664658,,0.6103836297988892,1.0,0.001,1,16,40x40,MatchingNetwork,3,3,Greek,BreaKHis_formatted,False,5,4000,5,exp1_permuted_src_datasets
710,148.581346449,3.0,1739268664.6928651,,0.611757755279541,1.0,0.001,1,16,40x40,MatchingNetwork,3,3,Greek,BreaKHis_formatted,False,5,4000,5,exp1_permuted_src_datasets
711,148.602977077,3.0,1739268664.714515,,0.5968552827835083,1.0,0.001,1,16,40x40,MatchingNetwork,3,3,Greek,BreaKHis_formatted,False,5,4000,5,exp1_permuted_src_datasets
712,148.619478897,3.0,1739268664.7310321,,0.620172917842865,1.0,0.001,1,16,40x40,MatchingNetwork,3,3,Greek,BreaKHis_formatted,False,5,4000,5,exp1_permuted_src_datasets
713,148.635959178,3.0,1739268664.747526,,0.6112377047538757,1.0,0.001,1,16,40x40,MatchingNetwork,3,3,Greek,BreaKHis_formatted,False,5,4000,5,exp1_permuted_src_datasets
714,148.65203741,3.0,1739268664.7635875,,0.6229385733604431,1.0,0.001,1,16,40x40,MatchingNetwork,3,3,Greek,BreaKHis_formatted,False,5,4000,5,exp1_permuted_src_datasets
715,148.668692833,3.0,1739268664.7802267,,0.613517165184021,1.0,0.001,1,16,40x40,MatchingNetwork,3,3,Greek,BreaKHis_formatted,False,5,4000,5,exp1_permuted_src_datasets
716,148.68486081,3.0,1739268664.7963967,,0.6028035879135132,1.0,0.001,1,16,40x40,MatchingNetwork,3,3,Greek,BreaKHis_formatted,False,5,4000,5,exp1_permuted_src_datasets
717,148.701318724,3.0,1739268664.8128483,,0.5987909436225891,1.0,0.001,1,16,40x40,MatchingNetwork,3,3,Greek,BreaKHis_formatted,False,5,4000,5,exp1_permuted_src_datasets
718,148.718894612,3.0,1739268664.8304145,,0.602293074131012,1.0,0.001,1,16,40x40,MatchingNetwork,3,3,Greek,BreaKHis_formatted,False,5,4000,5,exp1_permuted_src_datasets
719,148.736688592,3.0,1739268664.848196,,0.5915319323539734,1.0,0.001,1,16,40x40,MatchingNetwork,3,3,Greek,BreaKHis_formatted,False,5,4000,5,exp1_permuted_src_datasets
720,148.754067449,3.0,1739268664.8656194,,0.6621087193489075,1.0,0.001,1,16,40x40,MatchingNetwork,3,3,Greek,BreaKHis_formatted,False,5,4000,5,exp1_permuted_src_datasets
721,148.770310257,3.0,1739268664.8818526,,0.6047152876853943,1.0,0.001,1,16,40x40,MatchingNetwork,3,3,Greek,BreaKHis_formatted,False,5,4000,5,exp1_permuted_src_datasets
722,148.788654098,3.0,1739268664.9002094,,0.5891620516777039,1.0,0.001,1,16,40x40,MatchingNetwork,3,3,Greek,BreaKHis_formatted,False,5,4000,5,exp1_permuted_src_datasets
723,148.806073332,3.0,1739268664.9176226,,0.602016806602478,1.0,0.001,1,16,40x40,MatchingNetwork,3,3,Greek,BreaKHis_formatted,False,5,4000,5,exp1_permuted_src_datasets
724,148.821809293,3.0,1739268664.9333622,,0.61900794506073,1.0,0.001,1,16,40x40,MatchingNetwork,3,3,Greek,BreaKHis_formatted,False,5,4000,5,exp1_permuted_src_datasets
725,148.837773321,3.0,1739268664.94934,,0.6023147702217102,1.0,0.001,1,16,40x40,MatchingNetwork,3,3,Greek,BreaKHis_formatted,False,5,4000,5,exp1_permuted_src_datasets
726,148.853590507,3.0,1739268664.9651604,,0.6017398238182068,1.0,0.001,1,16,40x40,MatchingNetwork,3,3,Greek,BreaKHis_formatted,False,5,4000,5,exp1_permuted_src_datasets
727,148.869349012,3.0,1739268664.980905,,0.5988704562187195,1.0,0.001,1,16,40x40,MatchingNetwork,3,3,Greek,BreaKHis_formatted,False,5,4000,5,exp1_permuted_src_datasets
728,148.884986739,3.0,1739268664.9965427,,0.5900891423225403,1.0,0.001,1,16,40x40,MatchingNetwork,3,3,Greek,BreaKHis_formatted,False,5,4000,5,exp1_permuted_src_datasets
729,148.900977857,3.0,1739268665.0125182,,0.6051930785179138,1.0,0.001,1,16,40x40,MatchingNetwork,3,3,Greek,BreaKHis_formatted,False,5,4000,5,exp1_permuted_src_datasets
730,148.916827106,3.0,1739268665.0283873,,0.611041784286499,1.0,0.001,1,16,40x40,MatchingNetwork,3,3,Greek,BreaKHis_formatted,False,5,4000,5,exp1_permuted_src_datasets
731,148.93260024,3.0,1739268665.0441608,,0.6019523739814758,1.0,0.001,1,16,40x40,MatchingNetwork,3,3,Greek,BreaKHis_formatted,False,5,4000,5,exp1_permuted_src_datasets
732,148.948491225,3.0,1739268665.060065,,0.5958258509635925,1.0,0.001,1,16,40x40,MatchingNetwork,3,3,Greek,BreaKHis_formatted,False,5,4000,5,exp1_permuted_src_datasets
733,148.964387488,3.0,1739268665.0759568,,0.597484827041626,1.0,0.001,1,16,40x40,MatchingNetwork,3,3,Greek,BreaKHis_formatted,False,5,4000,5,exp1_permuted_src_datasets
734,148.980052417,3.0,1739268665.0916262,,0.6022064089775085,1.0,0.001,1,16,40x40,MatchingNetwork,3,3,Greek,BreaKHis_formatted,False,5,4000,5,exp1_permuted_src_datasets
735,148.99616921,3.0,1739268665.1077282,,0.6051337122917175,1.0,0.001,1,16,40x40,MatchingNetwork,3,3,Greek,BreaKHis_formatted,False,5,4000,5,exp1_permuted_src_datasets
736,149.011993555,3.0,1739268665.1235476,,0.5893865823745728,1.0,0.001,1,16,40x40,MatchingNetwork,3,3,Greek,BreaKHis_formatted,False,5,4000,5,exp1_permuted_src_datasets
737,149.027719213,3.0,1739268665.1392868,,0.5922372341156006,1.0,0.001,1,16,40x40,MatchingNetwork,3,3,Greek,BreaKHis_formatted,False,5,4000,5,exp1_permuted_src_datasets
738,149.043628312,3.0,1739268665.1551886,,0.6147406101226807,1.0,0.001,1,16,40x40,MatchingNetwork,3,3,Greek,BreaKHis_formatted,False,5,4000,5,exp1_permuted_src_datasets
739,149.059564703,3.0,1739268665.1711125,,0.5974576473236084,1.0,0.001,1,16,40x40,MatchingNetwork,3,3,Greek,BreaKHis_formatted,False,5,4000,5,exp1_permuted_src_datasets
740,149.075283208,3.0,1739268665.1868372,,0.589569091796875,1.0,0.001,1,16,40x40,MatchingNetwork,3,3,Greek,BreaKHis_formatted,False,5,4000,5,exp1_permuted_src_datasets
741,149.090953769,3.0,1739268665.2025003,,0.5968676209449768,1.0,0.001,1,16,40x40,MatchingNetwork,3,3,Greek,BreaKHis_formatted,False,5,4000,5,exp1_permuted_src_datasets
742,149.106608017,3.0,1739268665.218158,,0.5969804525375366,1.0,0.001,1,16,40x40,MatchingNetwork,3,3,Greek,BreaKHis_formatted,False,5,4000,5,exp1_permuted_src_datasets
743,149.122283084,3.0,1739268665.233836,,0.5955467224121094,1.0,0.001,1,16,40x40,MatchingNetwork,3,3,Greek,BreaKHis_formatted,False,5,4000,5,exp1_permuted_src_datasets
744,149.138427859,3.0,1739268665.2499833,,0.5928877592086792,1.0,0.001,1,16,40x40,MatchingNetwork,3,3,Greek,BreaKHis_formatted,False,5,4000,5,exp1_permuted_src_datasets
745,149.154302863,3.0,1739268665.2658489,,0.5916650891304016,1.0,0.001,1,16,40x40,MatchingNetwork,3,3,Greek,BreaKHis_formatted,False,5,4000,5,exp1_permuted_src_datasets
746,149.170588941,3.0,1739268665.2821374,,0.5999557375907898,1.0,0.001,1,16,40x40,MatchingNetwork,3,3,Greek,BreaKHis_formatted,False,5,4000,5,exp1_permuted_src_datasets
747,149.18663126,3.0,1739268665.2981892,,0.5973665118217468,1.0,0.001,1,16,40x40,MatchingNetwork,3,3,Greek,BreaKHis_formatted,False,5,4000,5,exp1_permuted_src_datasets
748,149.202126323,3.0,1739268665.313691,,0.5966360569000244,1.0,0.001,1,16,40x40,MatchingNetwork,3,3,Greek,BreaKHis_formatted,False,5,4000,5,exp1_permuted_src_datasets
749,149.217887291,3.0,1739268665.3294375,,0.5976212620735168,1.0,0.001,1,16,40x40,MatchingNetwork,3,3,Greek,BreaKHis_formatted,False,5,4000,5,exp1_permuted_src_datasets
750,149.233523,3.0,1739268665.3450756,,0.6003923416137695,1.0,0.001,1,16,40x40,MatchingNetwork,3,3,Greek,BreaKHis_formatted,False,5,4000,5,exp1_permuted_src_datasets
751,149.249188513,3.0,1739268665.3607433,,0.5913578867912292,1.0,0.001,1,16,40x40,MatchingNetwork,3,3,Greek,BreaKHis_formatted,False,5,4000,5,exp1_permuted_src_datasets
752,149.264901421,3.0,1739268665.3764496,,0.585914134979248,1.0,0.001,1,16,40x40,MatchingNetwork,3,3,Greek,BreaKHis_formatted,False,5,4000,5,exp1_permuted_src_datasets
753,149.280447185,3.0,1739268665.3920052,,0.5865658521652222,1.0,0.001,1,16,40x40,MatchingNetwork,3,3,Greek,BreaKHis_formatted,False,5,4000,5,exp1_permuted_src_datasets
754,149.29683581,3.0,1739268665.4083889,,0.5981840491294861,1.0,0.001,1,16,40x40,MatchingNetwork,3,3,Greek,BreaKHis_formatted,False,5,4000,5,exp1_permuted_src_datasets
755,149.313722545,3.0,1739268665.4252887,,0.590817928314209,1.0,0.001,1,16,40x40,MatchingNetwork,3,3,Greek,BreaKHis_formatted,False,5,4000,5,exp1_permuted_src_datasets
756,149.329599679,3.0,1739268665.441139,,0.5896843671798706,1.0,0.001,1,16,40x40,MatchingNetwork,3,3,Greek,BreaKHis_formatted,False,5,4000,5,exp1_permuted_src_datasets
757,149.345229745,3.0,1739268665.4568012,,0.6095981001853943,1.0,0.001,1,16,40x40,MatchingNetwork,3,3,Greek,BreaKHis_formatted,False,5,4000,5,exp1_permuted_src_datasets
758,149.361001397,3.0,1739268665.472556,,0.5976417064666748,1.0,0.001,1,16,40x40,MatchingNetwork,3,3,Greek,BreaKHis_formatted,False,5,4000,5,exp1_permuted_src_datasets
759,149.377042634,3.0,1739268665.4886093,,0.5999280214309692,1.0,0.001,1,16,40x40,MatchingNetwork,3,3,Greek,BreaKHis_formatted,False,5,4000,5,exp1_permuted_src_datasets
760,149.393013664,3.0,1739268665.5045671,,0.6131274104118347,1.0,0.001,1,16,40x40,MatchingNetwork,3,3,Greek,BreaKHis_formatted,False,5,4000,5,exp1_permuted_src_datasets
761,149.408601441,3.0,1739268665.520176,,0.5906105637550354,1.0,0.001,1,16,40x40,MatchingNetwork,3,3,Greek,BreaKHis_formatted,False,5,4000,5,exp1_permuted_src_datasets
762,149.426470121,3.0,1739268665.5379944,,0.5981046557426453,1.0,0.001,1,16,40x40,MatchingNetwork,3,3,Greek,BreaKHis_formatted,False,5,4000,5,exp1_permuted_src_datasets
763,156.94134299,3.0,1739268673.0529346,0.84325,,,0.001,1,16,40x40,MatchingNetwork,3,3,Greek,BreaKHis_formatted,False,5,4000,5,exp1_permuted_src_datasets
764,161.63854415,4.0,1739268677.7036066,,,,0.001,1,16,40x40,MatchingNetwork,3,3,Greek,BreaKHis_formatted,False,5,4000,5,exp1_permuted_src_datasets
765,169.19954556,4.0,1739268685.3111432,0.62325,,,0.001,1,16,40x40,MatchingNetwork,3,3,Greek,BreaKHis_formatted,False,5,4000,5,exp1_permuted_src_datasets
766,169.252016193,4.0,1739268685.363532,,0.8581265211105347,0.75,0.001,1,16,40x40,MatchingNetwork,3,3,Greek,BreaKHis_formatted,False,5,4000,5,exp1_permuted_src_datasets
767,169.272097548,4.0,1739268685.3836472,,0.8696492910385132,0.9375,0.001,1,16,40x40,MatchingNetwork,3,3,Greek,BreaKHis_formatted,False,5,4000,5,exp1_permuted_src_datasets
768,169.33997751,4.0,1739268685.4514894,,0.8198660016059875,0.875,0.001,1,16,40x40,MatchingNetwork,3,3,Greek,BreaKHis_formatted,False,5,4000,5,exp1_permuted_src_datasets
769,169.359936071,4.0,1739268685.4714715,,0.7760263681411743,0.9375,0.001,1,16,40x40,MatchingNetwork,3,3,Greek,BreaKHis_formatted,False,5,4000,5,exp1_permuted_src_datasets
770,169.378056936,4.0,1739268685.4896,,0.8204425573348999,0.9375,0.001,1,16,40x40,MatchingNetwork,3,3,Greek,BreaKHis_formatted,False,5,4000,5,exp1_permuted_src_datasets
771,169.396817191,4.0,1739268685.508318,,0.9543617963790894,0.6875,0.001,1,16,40x40,MatchingNetwork,3,3,Greek,BreaKHis_formatted,False,5,4000,5,exp1_permuted_src_datasets
772,169.413362025,4.0,1739268685.5248656,,0.7813276648521423,1.0,0.001,1,16,40x40,MatchingNetwork,3,3,Greek,BreaKHis_formatted,False,5,4000,5,exp1_permuted_src_datasets
773,169.429641216,4.0,1739268685.5411615,,0.9782040119171143,0.75,0.001,1,16,40x40,MatchingNetwork,3,3,Greek,BreaKHis_formatted,False,5,4000,5,exp1_permuted_src_datasets
774,169.446110443,4.0,1739268685.557663,,0.7761050462722778,1.0,0.001,1,16,40x40,MatchingNetwork,3,3,Greek,BreaKHis_formatted,False,5,4000,5,exp1_permuted_src_datasets
775,169.463498767,4.0,1739268685.5750322,,0.8420298099517822,0.875,0.001,1,16,40x40,MatchingNetwork,3,3,Greek,BreaKHis_formatted,False,5,4000,5,exp1_permuted_src_datasets
776,169.480296757,4.0,1739268685.5918522,,0.8066403269767761,1.0,0.001,1,16,40x40,MatchingNetwork,3,3,Greek,BreaKHis_formatted,False,5,4000,5,exp1_permuted_src_datasets
777,169.497657637,4.0,1739268685.609212,,0.7870606780052185,0.9375,0.001,1,16,40x40,MatchingNetwork,3,3,Greek,BreaKHis_formatted,False,5,4000,5,exp1_permuted_src_datasets
778,169.51363109,4.0,1739268685.6251862,,0.7807767391204834,0.9375,0.001,1,16,40x40,MatchingNetwork,3,3,Greek,BreaKHis_formatted,False,5,4000,5,exp1_permuted_src_datasets
779,169.529937194,4.0,1739268685.6414855,,0.7867065072059631,0.9375,0.001,1,16,40x40,MatchingNetwork,3,3,Greek,BreaKHis_formatted,False,5,4000,5,exp1_permuted_src_datasets
780,169.545834825,4.0,1739268685.6573913,,0.8038763403892517,0.8125,0.001,1,16,40x40,MatchingNetwork,3,3,Greek,BreaKHis_formatted,False,5,4000,5,exp1_permuted_src_datasets
781,169.561361965,4.0,1739268685.672922,,0.9009600877761841,0.75,0.001,1,16,40x40,MatchingNetwork,3,3,Greek,BreaKHis_formatted,False,5,4000,5,exp1_permuted_src_datasets
782,169.577484757,4.0,1739268685.689043,,0.77094566822052,0.9375,0.001,1,16,40x40,MatchingNetwork,3,3,Greek,BreaKHis_formatted,False,5,4000,5,exp1_permuted_src_datasets
783,169.593143557,4.0,1739268685.704706,,0.8062407374382019,0.875,0.001,1,16,40x40,MatchingNetwork,3,3,Greek,BreaKHis_formatted,False,5,4000,5,exp1_permuted_src_datasets
784,169.608653356,4.0,1739268685.720206,,0.7369365692138672,0.875,0.001,1,16,40x40,MatchingNetwork,3,3,Greek,BreaKHis_formatted,False,5,4000,5,exp1_permuted_src_datasets
785,169.623893425,4.0,1739268685.7354584,,0.7773649096488953,1.0,0.001,1,16,40x40,MatchingNetwork,3,3,Greek,BreaKHis_formatted,False,5,4000,5,exp1_permuted_src_datasets
786,169.639620007,4.0,1739268685.7511575,,0.7564284801483154,0.8125,0.001,1,16,40x40,MatchingNetwork,3,3,Greek,BreaKHis_formatted,False,5,4000,5,exp1_permuted_src_datasets
787,169.656040793,4.0,1739268685.7676024,,0.7442036271095276,0.8125,0.001,1,16,40x40,MatchingNetwork,3,3,Greek,BreaKHis_formatted,False,5,4000,5,exp1_permuted_src_datasets
788,169.672093222,4.0,1739268685.7836623,,0.7501426339149475,0.875,0.001,1,16,40x40,MatchingNetwork,3,3,Greek,BreaKHis_formatted,False,5,4000,5,exp1_permuted_src_datasets
789,169.689760782,4.0,1739268685.8013144,,0.6861392259597778,0.875,0.001,1,16,40x40,MatchingNetwork,3,3,Greek,BreaKHis_formatted,False,5,4000,5,exp1_permuted_src_datasets
790,169.706435489,4.0,1739268685.8180008,,0.7762220501899719,0.8125,0.001,1,16,40x40,MatchingNetwork,3,3,Greek,BreaKHis_formatted,False,5,4000,5,exp1_permuted_src_datasets
791,169.722050423,4.0,1739268685.8335943,,0.7207658886909485,1.0,0.001,1,16,40x40,MatchingNetwork,3,3,Greek,BreaKHis_formatted,False,5,4000,5,exp1_permuted_src_datasets
792,169.737485211,4.0,1739268685.8490453,,0.7241661548614502,0.9375,0.001,1,16,40x40,MatchingNetwork,3,3,Greek,BreaKHis_formatted,False,5,4000,5,exp1_permuted_src_datasets
793,169.753157512,4.0,1739268685.8647242,,0.7136542201042175,0.9375,0.001,1,16,40x40,MatchingNetwork,3,3,Greek,BreaKHis_formatted,False,5,4000,5,exp1_permuted_src_datasets
794,169.768783368,4.0,1739268685.8803554,,0.7166900634765625,0.9375,0.001,1,16,40x40,MatchingNetwork,3,3,Greek,BreaKHis_formatted,False,5,4000,5,exp1_permuted_src_datasets
795,169.784449483,4.0,1739268685.8960102,,0.7256313562393188,1.0,0.001,1,16,40x40,MatchingNetwork,3,3,Greek,BreaKHis_formatted,False,5,4000,5,exp1_permuted_src_datasets
796,169.800066395,4.0,1739268685.911638,,0.7056049108505249,0.9375,0.001,1,16,40x40,MatchingNetwork,3,3,Greek,BreaKHis_formatted,False,5,4000,5,exp1_permuted_src_datasets
797,169.815616825,4.0,1739268685.9271822,,0.7139459848403931,0.8125,0.001,1,16,40x40,MatchingNetwork,3,3,Greek,BreaKHis_formatted,False,5,4000,5,exp1_permuted_src_datasets
798,169.831545829,4.0,1739268685.9430907,,0.6709126830101013,1.0,0.001,1,16,40x40,MatchingNetwork,3,3,Greek,BreaKHis_formatted,False,5,4000,5,exp1_permuted_src_datasets
799,169.847380065,4.0,1739268685.9589233,,0.7329829335212708,0.75,0.001,1,16,40x40,MatchingNetwork,3,3,Greek,BreaKHis_formatted,False,5,4000,5,exp1_permuted_src_datasets
800,169.86323440500001,4.0,1739268685.9748037,,0.6966835260391235,0.9375,0.001,1,16,40x40,MatchingNetwork,3,3,Greek,BreaKHis_formatted,False,5,4000,5,exp1_permuted_src_datasets
801,169.878788891,4.0,1739268685.990336,,0.656514585018158,1.0,0.001,1,16,40x40,MatchingNetwork,3,3,Greek,BreaKHis_formatted,False,5,4000,5,exp1_permuted_src_datasets
802,169.894684819,4.0,1739268686.0062501,,0.6806178689002991,1.0,0.001,1,16,40x40,MatchingNetwork,3,3,Greek,BreaKHis_formatted,False,5,4000,5,exp1_permuted_src_datasets
803,169.910405678,4.0,1739268686.0219605,,0.6774075031280518,1.0,0.001,1,16,40x40,MatchingNetwork,3,3,Greek,BreaKHis_formatted,False,5,4000,5,exp1_permuted_src_datasets
804,169.926984213,4.0,1739268686.0385418,,0.886012852191925,0.8125,0.001,1,16,40x40,MatchingNetwork,3,3,Greek,BreaKHis_formatted,False,5,4000,5,exp1_permuted_src_datasets
805,169.942717518,4.0,1739268686.054283,,0.6489216685295105,1.0,0.001,1,16,40x40,MatchingNetwork,3,3,Greek,BreaKHis_formatted,False,5,4000,5,exp1_permuted_src_datasets
806,169.958464584,4.0,1739268686.0700295,,0.7085499167442322,0.9375,0.001,1,16,40x40,MatchingNetwork,3,3,Greek,BreaKHis_formatted,False,5,4000,5,exp1_permuted_src_datasets
807,169.980507714,4.0,1739268686.0920715,,0.66929030418396,0.9375,0.001,1,16,40x40,MatchingNetwork,3,3,Greek,BreaKHis_formatted,False,5,4000,5,exp1_permuted_src_datasets
808,169.997442011,4.0,1739268686.1089897,,0.6796942353248596,1.0,0.001,1,16,40x40,MatchingNetwork,3,3,Greek,BreaKHis_formatted,False,5,4000,5,exp1_permuted_src_datasets
809,170.015963482,4.0,1739268686.1274965,,0.6648505926132202,0.9375,0.001,1,16,40x40,MatchingNetwork,3,3,Greek,BreaKHis_formatted,False,5,4000,5,exp1_permuted_src_datasets
810,170.032083994,4.0,1739268686.1436467,,0.6824601292610168,1.0,0.001,1,16,40x40,MatchingNetwork,3,3,Greek,BreaKHis_formatted,False,5,4000,5,exp1_permuted_src_datasets
811,170.048472859,4.0,1739268686.1600306,,0.6832243204116821,0.9375,0.001,1,16,40x40,MatchingNetwork,3,3,Greek,BreaKHis_formatted,False,5,4000,5,exp1_permuted_src_datasets
812,170.066514005,4.0,1739268686.178074,,0.6372684836387634,1.0,0.001,1,16,40x40,MatchingNetwork,3,3,Greek,BreaKHis_formatted,False,5,4000,5,exp1_permuted_src_datasets
813,170.082886296,4.0,1739268686.1944392,,0.6837043762207031,1.0,0.001,1,16,40x40,MatchingNetwork,3,3,Greek,BreaKHis_formatted,False,5,4000,5,exp1_permuted_src_datasets
814,170.098585509,4.0,1739268686.2101505,,0.6581342816352844,1.0,0.001,1,16,40x40,MatchingNetwork,3,3,Greek,BreaKHis_formatted,False,5,4000,5,exp1_permuted_src_datasets
815,170.114431654,4.0,1739268686.2259943,,0.6884216666221619,0.9375,0.001,1,16,40x40,MatchingNetwork,3,3,Greek,BreaKHis_formatted,False,5,4000,5,exp1_permuted_src_datasets
816,170.130335057,4.0,1739268686.2418907,,0.7558236122131348,0.9375,0.001,1,16,40x40,MatchingNetwork,3,3,Greek,BreaKHis_formatted,False,5,4000,5,exp1_permuted_src_datasets
817,170.146413081,4.0,1739268686.2579784,,0.6880761384963989,0.9375,0.001,1,16,40x40,MatchingNetwork,3,3,Greek,BreaKHis_formatted,False,5,4000,5,exp1_permuted_src_datasets
818,170.162475504,4.0,1739268686.274041,,0.7280376553535461,0.875,0.001,1,16,40x40,MatchingNetwork,3,3,Greek,BreaKHis_formatted,False,5,4000,5,exp1_permuted_src_datasets
819,170.178305292,4.0,1739268686.2898583,,0.6841549873352051,1.0,0.001,1,16,40x40,MatchingNetwork,3,3,Greek,BreaKHis_formatted,False,5,4000,5,exp1_permuted_src_datasets
820,170.193705631,4.0,1739268686.3052783,,0.6818978786468506,0.9375,0.001,1,16,40x40,MatchingNetwork,3,3,Greek,BreaKHis_formatted,False,5,4000,5,exp1_permuted_src_datasets
821,170.209306944,4.0,1739268686.3208768,,0.6526654958724976,1.0,0.001,1,16,40x40,MatchingNetwork,3,3,Greek,BreaKHis_formatted,False,5,4000,5,exp1_permuted_src_datasets
822,170.225110397,4.0,1739268686.3366704,,0.6844602823257446,1.0,0.001,1,16,40x40,MatchingNetwork,3,3,Greek,BreaKHis_formatted,False,5,4000,5,exp1_permuted_src_datasets
823,170.241085206,4.0,1739268686.3526564,,0.6594775319099426,0.9375,0.001,1,16,40x40,MatchingNetwork,3,3,Greek,BreaKHis_formatted,False,5,4000,5,exp1_permuted_src_datasets
824,170.2570189,4.0,1739268686.3685887,,0.6675542593002319,1.0,0.001,1,16,40x40,MatchingNetwork,3,3,Greek,BreaKHis_formatted,False,5,4000,5,exp1_permuted_src_datasets
825,170.272870751,4.0,1739268686.3844337,,0.6516692638397217,1.0,0.001,1,16,40x40,MatchingNetwork,3,3,Greek,BreaKHis_formatted,False,5,4000,5,exp1_permuted_src_datasets
826,170.288790676,4.0,1739268686.400359,,0.6579366326332092,1.0,0.001,1,16,40x40,MatchingNetwork,3,3,Greek,BreaKHis_formatted,False,5,4000,5,exp1_permuted_src_datasets
827,170.305215221,4.0,1739268686.416754,,0.6753520369529724,1.0,0.001,1,16,40x40,MatchingNetwork,3,3,Greek,BreaKHis_formatted,False,5,4000,5,exp1_permuted_src_datasets
828,177.931269708,4.0,1739268694.0428648,0.78075,,,0.001,1,16,40x40,MatchingNetwork,3,3,Greek,BreaKHis_formatted,False,5,4000,5,exp1_permuted_src_datasets
829,177.944461273,4.0,1739268694.0560107,,0.6889235973358154,0.8125,0.001,1,16,40x40,MatchingNetwork,3,3,Greek,BreaKHis_formatted,False,5,4000,5,exp1_permuted_src_datasets
830,177.961097631,4.0,1739268694.0726557,,0.6393979787826538,1.0,0.001,1,16,40x40,MatchingNetwork,3,3,Greek,BreaKHis_formatted,False,5,4000,5,exp1_permuted_src_datasets
831,177.977115518,4.0,1739268694.0886745,,0.6850661635398865,0.875,0.001,1,16,40x40,MatchingNetwork,3,3,Greek,BreaKHis_formatted,False,5,4000,5,exp1_permuted_src_datasets
832,177.993253253,4.0,1739268694.1047995,,0.6630889177322388,1.0,0.001,1,16,40x40,MatchingNetwork,3,3,Greek,BreaKHis_formatted,False,5,4000,5,exp1_permuted_src_datasets
833,178.009332645,4.0,1739268694.1208825,,0.6385573148727417,1.0,0.001,1,16,40x40,MatchingNetwork,3,3,Greek,BreaKHis_formatted,False,5,4000,5,exp1_permuted_src_datasets
834,178.025638319,4.0,1739268694.1371646,,0.6627206802368164,0.9375,0.001,1,16,40x40,MatchingNetwork,3,3,Greek,BreaKHis_formatted,False,5,4000,5,exp1_permuted_src_datasets
835,178.041626617,4.0,1739268694.1531723,,0.6586564779281616,1.0,0.001,1,16,40x40,MatchingNetwork,3,3,Greek,BreaKHis_formatted,False,5,4000,5,exp1_permuted_src_datasets
836,178.057831209,4.0,1739268694.169383,,0.6722034811973572,1.0,0.001,1,16,40x40,MatchingNetwork,3,3,Greek,BreaKHis_formatted,False,5,4000,5,exp1_permuted_src_datasets
837,178.073943119,4.0,1739268694.1854956,,0.6299265623092651,1.0,0.001,1,16,40x40,MatchingNetwork,3,3,Greek,BreaKHis_formatted,False,5,4000,5,exp1_permuted_src_datasets
838,178.090863474,4.0,1739268694.202425,,0.6407027244567871,1.0,0.001,1,16,40x40,MatchingNetwork,3,3,Greek,BreaKHis_formatted,False,5,4000,5,exp1_permuted_src_datasets
839,178.216428992,4.0,1739268694.3278975,,0.6684422492980957,0.9375,0.001,1,16,40x40,MatchingNetwork,3,3,Greek,BreaKHis_formatted,False,5,4000,5,exp1_permuted_src_datasets
840,178.233475574,4.0,1739268694.3450198,,0.6434928774833679,1.0,0.001,1,16,40x40,MatchingNetwork,3,3,Greek,BreaKHis_formatted,False,5,4000,5,exp1_permuted_src_datasets
841,178.253967324,4.0,1739268694.3655176,,0.6507893204689026,1.0,0.001,1,16,40x40,MatchingNetwork,3,3,Greek,BreaKHis_formatted,False,5,4000,5,exp1_permuted_src_datasets
842,178.27168585,4.0,1739268694.3832347,,0.6593616008758545,0.9375,0.001,1,16,40x40,MatchingNetwork,3,3,Greek,BreaKHis_formatted,False,5,4000,5,exp1_permuted_src_datasets
843,178.288624125,4.0,1739268694.4001784,,0.6280630230903625,0.9375,0.001,1,16,40x40,MatchingNetwork,3,3,Greek,BreaKHis_formatted,False,5,4000,5,exp1_permuted_src_datasets
844,178.307652366,4.0,1739268694.4192133,,0.6553160548210144,1.0,0.001,1,16,40x40,MatchingNetwork,3,3,Greek,BreaKHis_formatted,False,5,4000,5,exp1_permuted_src_datasets
845,178.330362062,4.0,1739268694.4418955,,0.6174618601799011,1.0,0.001,1,16,40x40,MatchingNetwork,3,3,Greek,BreaKHis_formatted,False,5,4000,5,exp1_permuted_src_datasets
846,178.347284117,4.0,1739268694.4588308,,0.6042940616607666,1.0,0.001,1,16,40x40,MatchingNetwork,3,3,Greek,BreaKHis_formatted,False,5,4000,5,exp1_permuted_src_datasets
847,178.363832715,4.0,1739268694.4753664,,0.6159420609474182,1.0,0.001,1,16,40x40,MatchingNetwork,3,3,Greek,BreaKHis_formatted,False,5,4000,5,exp1_permuted_src_datasets
848,178.3811841,4.0,1739268694.492721,,0.6495640277862549,1.0,0.001,1,16,40x40,MatchingNetwork,3,3,Greek,BreaKHis_formatted,False,5,4000,5,exp1_permuted_src_datasets
849,178.397538262,4.0,1739268694.5090792,,0.6284352540969849,1.0,0.001,1,16,40x40,MatchingNetwork,3,3,Greek,BreaKHis_formatted,False,5,4000,5,exp1_permuted_src_datasets
850,178.42134198,4.0,1739268694.5328739,,0.6143031120300293,1.0,0.001,1,16,40x40,MatchingNetwork,3,3,Greek,BreaKHis_formatted,False,5,4000,5,exp1_permuted_src_datasets
851,178.440889338,4.0,1739268694.5524418,,0.6551490426063538,1.0,0.001,1,16,40x40,MatchingNetwork,3,3,Greek,BreaKHis_formatted,False,5,4000,5,exp1_permuted_src_datasets
852,178.457890952,4.0,1739268694.569427,,0.608778715133667,1.0,0.001,1,16,40x40,MatchingNetwork,3,3,Greek,BreaKHis_formatted,False,5,4000,5,exp1_permuted_src_datasets
853,178.473742182,4.0,1739268694.5852962,,0.6119656562805176,1.0,0.001,1,16,40x40,MatchingNetwork,3,3,Greek,BreaKHis_formatted,False,5,4000,5,exp1_permuted_src_datasets
854,178.489660715,4.0,1739268694.6012032,,0.6406461596488953,1.0,0.001,1,16,40x40,MatchingNetwork,3,3,Greek,BreaKHis_formatted,False,5,4000,5,exp1_permuted_src_datasets
855,178.508276502,4.0,1739268694.6197925,,0.6474932432174683,1.0,0.001,1,16,40x40,MatchingNetwork,3,3,Greek,BreaKHis_formatted,False,5,4000,5,exp1_permuted_src_datasets
856,178.529754539,4.0,1739268694.6412692,,0.6158733367919922,1.0,0.001,1,16,40x40,MatchingNetwork,3,3,Greek,BreaKHis_formatted,False,5,4000,5,exp1_permuted_src_datasets
857,178.54777762,4.0,1739268694.6593218,,0.6535822153091431,0.9375,0.001,1,16,40x40,MatchingNetwork,3,3,Greek,BreaKHis_formatted,False,5,4000,5,exp1_permuted_src_datasets
858,178.563776301,4.0,1739268694.6753166,,0.6123312711715698,1.0,0.001,1,16,40x40,MatchingNetwork,3,3,Greek,BreaKHis_formatted,False,5,4000,5,exp1_permuted_src_datasets
859,178.579809435,4.0,1739268694.6913664,,0.656558632850647,1.0,0.001,1,16,40x40,MatchingNetwork,3,3,Greek,BreaKHis_formatted,False,5,4000,5,exp1_permuted_src_datasets
860,178.595726824,4.0,1739268694.7072747,,0.6107637882232666,1.0,0.001,1,16,40x40,MatchingNetwork,3,3,Greek,BreaKHis_formatted,False,5,4000,5,exp1_permuted_src_datasets
861,178.616355457,4.0,1739268694.7279143,,0.6374527215957642,0.9375,0.001,1,16,40x40,MatchingNetwork,3,3,Greek,BreaKHis_formatted,False,5,4000,5,exp1_permuted_src_datasets
862,178.63264437,4.0,1739268694.7442062,,0.6168408989906311,1.0,0.001,1,16,40x40,MatchingNetwork,3,3,Greek,BreaKHis_formatted,False,5,4000,5,exp1_permuted_src_datasets
863,178.648346799,4.0,1739268694.7599196,,0.6144197583198547,1.0,0.001,1,16,40x40,MatchingNetwork,3,3,Greek,BreaKHis_formatted,False,5,4000,5,exp1_permuted_src_datasets
864,178.663959422,4.0,1739268694.7754922,,0.6335631012916565,1.0,0.001,1,16,40x40,MatchingNetwork,3,3,Greek,BreaKHis_formatted,False,5,4000,5,exp1_permuted_src_datasets
865,178.679229728,4.0,1739268694.7907913,,0.6940976977348328,0.9375,0.001,1,16,40x40,MatchingNetwork,3,3,Greek,BreaKHis_formatted,False,5,4000,5,exp1_permuted_src_datasets
866,178.694832919,4.0,1739268694.8064044,,0.6213109493255615,1.0,0.001,1,16,40x40,MatchingNetwork,3,3,Greek,BreaKHis_formatted,False,5,4000,5,exp1_permuted_src_datasets
867,178.711283686,4.0,1739268694.8228354,,0.6182349324226379,1.0,0.001,1,16,40x40,MatchingNetwork,3,3,Greek,BreaKHis_formatted,False,5,4000,5,exp1_permuted_src_datasets
868,178.726991679,4.0,1739268694.838559,,0.6184470653533936,1.0,0.001,1,16,40x40,MatchingNetwork,3,3,Greek,BreaKHis_formatted,False,5,4000,5,exp1_permuted_src_datasets
869,178.742697924,4.0,1739268694.8542693,,0.6308397650718689,1.0,0.001,1,16,40x40,MatchingNetwork,3,3,Greek,BreaKHis_formatted,False,5,4000,5,exp1_permuted_src_datasets
870,178.758388163,4.0,1739268694.8699539,,0.6991986632347107,0.875,0.001,1,16,40x40,MatchingNetwork,3,3,Greek,BreaKHis_formatted,False,5,4000,5,exp1_permuted_src_datasets
871,178.774175075,4.0,1739268694.8857222,,0.6340601444244385,1.0,0.001,1,16,40x40,MatchingNetwork,3,3,Greek,BreaKHis_formatted,False,5,4000,5,exp1_permuted_src_datasets
872,178.791719267,4.0,1739268694.9032567,,0.6481599807739258,1.0,0.001,1,16,40x40,MatchingNetwork,3,3,Greek,BreaKHis_formatted,False,5,4000,5,exp1_permuted_src_datasets
873,178.824526329,4.0,1739268694.9359787,,0.61116623878479,1.0,0.001,1,16,40x40,MatchingNetwork,3,3,Greek,BreaKHis_formatted,False,5,4000,5,exp1_permuted_src_datasets
874,178.843241029,4.0,1739268694.9547534,,0.6046717762947083,1.0,0.001,1,16,40x40,MatchingNetwork,3,3,Greek,BreaKHis_formatted,False,5,4000,5,exp1_permuted_src_datasets
875,178.860657004,4.0,1739268694.972164,,0.6807267665863037,0.8125,0.001,1,16,40x40,MatchingNetwork,3,3,Greek,BreaKHis_formatted,False,5,4000,5,exp1_permuted_src_datasets
876,178.878070227,4.0,1739268694.9895704,,0.6871657371520996,1.0,0.001,1,16,40x40,MatchingNetwork,3,3,Greek,BreaKHis_formatted,False,5,4000,5,exp1_permuted_src_datasets
877,178.89494029,4.0,1739268695.006464,,0.6040233373641968,1.0,0.001,1,16,40x40,MatchingNetwork,3,3,Greek,BreaKHis_formatted,False,5,4000,5,exp1_permuted_src_datasets
878,178.911801777,4.0,1739268695.0233243,,0.6067392826080322,1.0,0.001,1,16,40x40,MatchingNetwork,3,3,Greek,BreaKHis_formatted,False,5,4000,5,exp1_permuted_src_datasets
879,178.928679871,4.0,1739268695.040212,,0.6432987451553345,1.0,0.001,1,16,40x40,MatchingNetwork,3,3,Greek,BreaKHis_formatted,False,5,4000,5,exp1_permuted_src_datasets
880,178.945782562,4.0,1739268695.0573106,,0.6183881163597107,1.0,0.001,1,16,40x40,MatchingNetwork,3,3,Greek,BreaKHis_formatted,False,5,4000,5,exp1_permuted_src_datasets
881,178.962695745,4.0,1739268695.0742242,,0.6285805106163025,1.0,0.001,1,16,40x40,MatchingNetwork,3,3,Greek,BreaKHis_formatted,False,5,4000,5,exp1_permuted_src_datasets
882,178.979594134,4.0,1739268695.0911243,,0.5982590317726135,1.0,0.001,1,16,40x40,MatchingNetwork,3,3,Greek,BreaKHis_formatted,False,5,4000,5,exp1_permuted_src_datasets
883,178.996943078,4.0,1739268695.108484,,0.613619327545166,1.0,0.001,1,16,40x40,MatchingNetwork,3,3,Greek,BreaKHis_formatted,False,5,4000,5,exp1_permuted_src_datasets
884,179.013849137,4.0,1739268695.1253746,,0.650718092918396,1.0,0.001,1,16,40x40,MatchingNetwork,3,3,Greek,BreaKHis_formatted,False,5,4000,5,exp1_permuted_src_datasets
885,179.030937247,4.0,1739268695.14246,,0.6094476580619812,1.0,0.001,1,16,40x40,MatchingNetwork,3,3,Greek,BreaKHis_formatted,False,5,4000,5,exp1_permuted_src_datasets
886,179.04808422,4.0,1739268695.159595,,0.6026676297187805,1.0,0.001,1,16,40x40,MatchingNetwork,3,3,Greek,BreaKHis_formatted,False,5,4000,5,exp1_permuted_src_datasets
887,179.064918682,4.0,1739268695.1764483,,0.6000009775161743,1.0,0.001,1,16,40x40,MatchingNetwork,3,3,Greek,BreaKHis_formatted,False,5,4000,5,exp1_permuted_src_datasets
888,179.081825506,4.0,1739268695.193355,,0.6808328628540039,1.0,0.001,1,16,40x40,MatchingNetwork,3,3,Greek,BreaKHis_formatted,False,5,4000,5,exp1_permuted_src_datasets
889,179.098688219,4.0,1739268695.2102284,,0.6249512434005737,1.0,0.001,1,16,40x40,MatchingNetwork,3,3,Greek,BreaKHis_formatted,False,5,4000,5,exp1_permuted_src_datasets
890,179.116139303,4.0,1739268695.227676,,0.606110692024231,1.0,0.001,1,16,40x40,MatchingNetwork,3,3,Greek,BreaKHis_formatted,False,5,4000,5,exp1_permuted_src_datasets
891,187.04896714,4.0,1739268703.1605518,0.84275,,,0.001,1,16,40x40,MatchingNetwork,3,3,Greek,BreaKHis_formatted,False,5,4000,5,exp1_permuted_src_datasets
892,187.062629733,4.0,1739268703.1741753,,0.6089967489242554,1.0,0.001,1,16,40x40,MatchingNetwork,3,3,Greek,BreaKHis_formatted,False,5,4000,5,exp1_permuted_src_datasets
893,187.079463584,4.0,1739268703.191008,,0.6109243631362915,1.0,0.001,1,16,40x40,MatchingNetwork,3,3,Greek,BreaKHis_formatted,False,5,4000,5,exp1_permuted_src_datasets
894,187.096513418,4.0,1739268703.2080789,,0.615262508392334,1.0,0.001,1,16,40x40,MatchingNetwork,3,3,Greek,BreaKHis_formatted,False,5,4000,5,exp1_permuted_src_datasets
895,187.167872284,4.0,1739268703.2792542,,0.6003357768058777,1.0,0.001,1,16,40x40,MatchingNetwork,3,3,Greek,BreaKHis_formatted,False,5,4000,5,exp1_permuted_src_datasets
896,187.193488687,4.0,1739268703.3049598,,0.6544541120529175,1.0,0.001,1,16,40x40,MatchingNetwork,3,3,Greek,BreaKHis_formatted,False,5,4000,5,exp1_permuted_src_datasets
897,187.218322209,4.0,1739268703.3298059,,0.6051599383354187,1.0,0.001,1,16,40x40,MatchingNetwork,3,3,Greek,BreaKHis_formatted,False,5,4000,5,exp1_permuted_src_datasets
898,187.239315696,4.0,1739268703.3508048,,0.622880220413208,1.0,0.001,1,16,40x40,MatchingNetwork,3,3,Greek,BreaKHis_formatted,False,5,4000,5,exp1_permuted_src_datasets
899,187.263536435,4.0,1739268703.3750188,,0.6371501684188843,1.0,0.001,1,16,40x40,MatchingNetwork,3,3,Greek,BreaKHis_formatted,False,5,4000,5,exp1_permuted_src_datasets
900,187.290352417,4.0,1739268703.4018247,,0.6050395369529724,1.0,0.001,1,16,40x40,MatchingNetwork,3,3,Greek,BreaKHis_formatted,False,5,4000,5,exp1_permuted_src_datasets
901,187.314510749,4.0,1739268703.425944,,0.6054362654685974,1.0,0.001,1,16,40x40,MatchingNetwork,3,3,Greek,BreaKHis_formatted,False,5,4000,5,exp1_permuted_src_datasets
902,187.336928294,4.0,1739268703.44841,,0.6456073522567749,1.0,0.001,1,16,40x40,MatchingNetwork,3,3,Greek,BreaKHis_formatted,False,5,4000,5,exp1_permuted_src_datasets
903,187.358459042,4.0,1739268703.4699411,,0.6193321347236633,1.0,0.001,1,16,40x40,MatchingNetwork,3,3,Greek,BreaKHis_formatted,False,5,4000,5,exp1_permuted_src_datasets
904,187.380127687,4.0,1739268703.4915893,,0.6185181140899658,1.0,0.001,1,16,40x40,MatchingNetwork,3,3,Greek,BreaKHis_formatted,False,5,4000,5,exp1_permuted_src_datasets
905,187.401703075,4.0,1739268703.5131829,,0.6151452660560608,1.0,0.001,1,16,40x40,MatchingNetwork,3,3,Greek,BreaKHis_formatted,False,5,4000,5,exp1_permuted_src_datasets
906,187.423546361,4.0,1739268703.5350409,,0.6259969472885132,1.0,0.001,1,16,40x40,MatchingNetwork,3,3,Greek,BreaKHis_formatted,False,5,4000,5,exp1_permuted_src_datasets
907,187.445583229,4.0,1739268703.5570664,,0.6140453815460205,1.0,0.001,1,16,40x40,MatchingNetwork,3,3,Greek,BreaKHis_formatted,False,5,4000,5,exp1_permuted_src_datasets
908,187.467220506,4.0,1739268703.5786967,,0.7085949778556824,1.0,0.001,1,16,40x40,MatchingNetwork,3,3,Greek,BreaKHis_formatted,False,5,4000,5,exp1_permuted_src_datasets
909,187.488974399,4.0,1739268703.600475,,0.6139917373657227,1.0,0.001,1,16,40x40,MatchingNetwork,3,3,Greek,BreaKHis_formatted,False,5,4000,5,exp1_permuted_src_datasets
910,187.510756096,4.0,1739268703.622258,,0.6221503615379333,1.0,0.001,1,16,40x40,MatchingNetwork,3,3,Greek,BreaKHis_formatted,False,5,4000,5,exp1_permuted_src_datasets
911,187.532527386,4.0,1739268703.6440256,,0.6090823411941528,1.0,0.001,1,16,40x40,MatchingNetwork,3,3,Greek,BreaKHis_formatted,False,5,4000,5,exp1_permuted_src_datasets
912,187.554308558,4.0,1739268703.6657977,,0.6031319499015808,1.0,0.001,1,16,40x40,MatchingNetwork,3,3,Greek,BreaKHis_formatted,False,5,4000,5,exp1_permuted_src_datasets
913,187.576188298,4.0,1739268703.68767,,0.6173176169395447,1.0,0.001,1,16,40x40,MatchingNetwork,3,3,Greek,BreaKHis_formatted,False,5,4000,5,exp1_permuted_src_datasets
914,187.598004859,4.0,1739268703.709489,,0.5974113345146179,1.0,0.001,1,16,40x40,MatchingNetwork,3,3,Greek,BreaKHis_formatted,False,5,4000,5,exp1_permuted_src_datasets
915,187.619717926,4.0,1739268703.7311985,,0.6032068729400635,1.0,0.001,1,16,40x40,MatchingNetwork,3,3,Greek,BreaKHis_formatted,False,5,4000,5,exp1_permuted_src_datasets
916,187.641597264,4.0,1739268703.753081,,0.6424749493598938,1.0,0.001,1,16,40x40,MatchingNetwork,3,3,Greek,BreaKHis_formatted,False,5,4000,5,exp1_permuted_src_datasets
917,187.663563618,4.0,1739268703.775041,,0.6061508059501648,1.0,0.001,1,16,40x40,MatchingNetwork,3,3,Greek,BreaKHis_formatted,False,5,4000,5,exp1_permuted_src_datasets
918,187.685225348,4.0,1739268703.796697,,0.6159537434577942,1.0,0.001,1,16,40x40,MatchingNetwork,3,3,Greek,BreaKHis_formatted,False,5,4000,5,exp1_permuted_src_datasets
919,187.706798157,4.0,1739268703.8182821,,0.6071425676345825,1.0,0.001,1,16,40x40,MatchingNetwork,3,3,Greek,BreaKHis_formatted,False,5,4000,5,exp1_permuted_src_datasets
920,187.728581869,4.0,1739268703.8400812,,0.601834237575531,1.0,0.001,1,16,40x40,MatchingNetwork,3,3,Greek,BreaKHis_formatted,False,5,4000,5,exp1_permuted_src_datasets
921,187.75055122,4.0,1739268703.862041,,0.6033645868301392,1.0,0.001,1,16,40x40,MatchingNetwork,3,3,Greek,BreaKHis_formatted,False,5,4000,5,exp1_permuted_src_datasets
922,187.772231515,4.0,1739268703.88373,,0.5964911580085754,1.0,0.001,1,16,40x40,MatchingNetwork,3,3,Greek,BreaKHis_formatted,False,5,4000,5,exp1_permuted_src_datasets
923,187.793962938,4.0,1739268703.905453,,0.5969375371932983,1.0,0.001,1,16,40x40,MatchingNetwork,3,3,Greek,BreaKHis_formatted,False,5,4000,5,exp1_permuted_src_datasets
924,187.815490665,4.0,1739268703.9269838,,0.590704083442688,1.0,0.001,1,16,40x40,MatchingNetwork,3,3,Greek,BreaKHis_formatted,False,5,4000,5,exp1_permuted_src_datasets
925,187.866509091,4.0,1739268703.9778411,,0.6010926365852356,1.0,0.001,1,16,40x40,MatchingNetwork,3,3,Greek,BreaKHis_formatted,False,5,4000,5,exp1_permuted_src_datasets
926,187.890151994,4.0,1739268704.0016737,,0.6049137711524963,1.0,0.001,1,16,40x40,MatchingNetwork,3,3,Greek,BreaKHis_formatted,False,5,4000,5,exp1_permuted_src_datasets
927,187.906718066,4.0,1739268704.0182347,,0.6179661154747009,1.0,0.001,1,16,40x40,MatchingNetwork,3,3,Greek,BreaKHis_formatted,False,5,4000,5,exp1_permuted_src_datasets
928,187.923984134,4.0,1739268704.0354857,,0.6201669573783875,1.0,0.001,1,16,40x40,MatchingNetwork,3,3,Greek,BreaKHis_formatted,False,5,4000,5,exp1_permuted_src_datasets
929,187.942443076,4.0,1739268704.05389,,0.6219046115875244,1.0,0.001,1,16,40x40,MatchingNetwork,3,3,Greek,BreaKHis_formatted,False,5,4000,5,exp1_permuted_src_datasets
930,187.960217499,4.0,1739268704.0716946,,0.6113475561141968,1.0,0.001,1,16,40x40,MatchingNetwork,3,3,Greek,BreaKHis_formatted,False,5,4000,5,exp1_permuted_src_datasets
931,187.977490798,4.0,1739268704.089002,,0.641779363155365,1.0,0.001,1,16,40x40,MatchingNetwork,3,3,Greek,BreaKHis_formatted,False,5,4000,5,exp1_permuted_src_datasets
932,187.994809743,4.0,1739268704.1063323,,0.5984078645706177,1.0,0.001,1,16,40x40,MatchingNetwork,3,3,Greek,BreaKHis_formatted,False,5,4000,5,exp1_permuted_src_datasets
933,188.012157618,4.0,1739268704.1236632,,0.5951197743415833,1.0,0.001,1,16,40x40,MatchingNetwork,3,3,Greek,BreaKHis_formatted,False,5,4000,5,exp1_permuted_src_datasets
934,188.029498858,4.0,1739268704.1410162,,0.6024785041809082,1.0,0.001,1,16,40x40,MatchingNetwork,3,3,Greek,BreaKHis_formatted,False,5,4000,5,exp1_permuted_src_datasets
935,188.047111099,4.0,1739268704.158566,,0.6012140512466431,1.0,0.001,1,16,40x40,MatchingNetwork,3,3,Greek,BreaKHis_formatted,False,5,4000,5,exp1_permuted_src_datasets
936,188.06497262,4.0,1739268704.176456,,0.6080234050750732,1.0,0.001,1,16,40x40,MatchingNetwork,3,3,Greek,BreaKHis_formatted,False,5,4000,5,exp1_permuted_src_datasets
937,188.082790621,4.0,1739268704.1942914,,0.6493096947669983,1.0,0.001,1,16,40x40,MatchingNetwork,3,3,Greek,BreaKHis_formatted,False,5,4000,5,exp1_permuted_src_datasets
938,188.100242096,4.0,1739268704.211721,,0.6065570116043091,1.0,0.001,1,16,40x40,MatchingNetwork,3,3,Greek,BreaKHis_formatted,False,5,4000,5,exp1_permuted_src_datasets
939,188.118182977,4.0,1739268704.229679,,0.5974898934364319,1.0,0.001,1,16,40x40,MatchingNetwork,3,3,Greek,BreaKHis_formatted,False,5,4000,5,exp1_permuted_src_datasets
940,188.135577943,4.0,1739268704.2470572,,0.6014015078544617,1.0,0.001,1,16,40x40,MatchingNetwork,3,3,Greek,BreaKHis_formatted,False,5,4000,5,exp1_permuted_src_datasets
941,188.152918338,4.0,1739268704.2643933,,0.6052042245864868,1.0,0.001,1,16,40x40,MatchingNetwork,3,3,Greek,BreaKHis_formatted,False,5,4000,5,exp1_permuted_src_datasets
942,188.170478568,4.0,1739268704.2819831,,0.600470781326294,1.0,0.001,1,16,40x40,MatchingNetwork,3,3,Greek,BreaKHis_formatted,False,5,4000,5,exp1_permuted_src_datasets
943,188.187796062,4.0,1739268704.2992983,,0.6031224727630615,1.0,0.001,1,16,40x40,MatchingNetwork,3,3,Greek,BreaKHis_formatted,False,5,4000,5,exp1_permuted_src_datasets
944,188.204948328,4.0,1739268704.3164186,,0.6297182440757751,1.0,0.001,1,16,40x40,MatchingNetwork,3,3,Greek,BreaKHis_formatted,False,5,4000,5,exp1_permuted_src_datasets
945,188.221987869,4.0,1739268704.3334892,,0.6147399544715881,1.0,0.001,1,16,40x40,MatchingNetwork,3,3,Greek,BreaKHis_formatted,False,5,4000,5,exp1_permuted_src_datasets
946,188.239220224,4.0,1739268704.3507342,,0.6215697526931763,1.0,0.001,1,16,40x40,MatchingNetwork,3,3,Greek,BreaKHis_formatted,False,5,4000,5,exp1_permuted_src_datasets
947,188.25629805,4.0,1739268704.3678067,,0.5990785956382751,1.0,0.001,1,16,40x40,MatchingNetwork,3,3,Greek,BreaKHis_formatted,False,5,4000,5,exp1_permuted_src_datasets
948,188.274071824,4.0,1739268704.38558,,0.5951775312423706,1.0,0.001,1,16,40x40,MatchingNetwork,3,3,Greek,BreaKHis_formatted,False,5,4000,5,exp1_permuted_src_datasets
949,188.291076784,4.0,1739268704.4025927,,0.5964146852493286,1.0,0.001,1,16,40x40,MatchingNetwork,3,3,Greek,BreaKHis_formatted,False,5,4000,5,exp1_permuted_src_datasets
950,188.308870639,4.0,1739268704.4203582,,0.6356814503669739,1.0,0.001,1,16,40x40,MatchingNetwork,3,3,Greek,BreaKHis_formatted,False,5,4000,5,exp1_permuted_src_datasets
951,188.326094225,4.0,1739268704.4375536,,0.6085146069526672,1.0,0.001,1,16,40x40,MatchingNetwork,3,3,Greek,BreaKHis_formatted,False,5,4000,5,exp1_permuted_src_datasets
952,188.343430946,4.0,1739268704.4548995,,0.6166790723800659,1.0,0.001,1,16,40x40,MatchingNetwork,3,3,Greek,BreaKHis_formatted,False,5,4000,5,exp1_permuted_src_datasets
953,188.360795771,4.0,1739268704.4722962,,0.6012933850288391,1.0,0.001,1,16,40x40,MatchingNetwork,3,3,Greek,BreaKHis_formatted,False,5,4000,5,exp1_permuted_src_datasets
954,196.089519469,4.0,1739268712.2011054,0.82625,,,0.001,1,16,40x40,MatchingNetwork,3,3,Greek,BreaKHis_formatted,False,5,4000,5,exp1_permuted_src_datasets
