_step,_runtime,bootstrap_iter,_timestamp,epoch,tr_loss,tr_acc,tr lr,tr_eval_acc,ft_eval_acc,ft_loss,ft_acc,lr,epochs,batch_size,input_size,model_type,n_way_test,n_way_train,tgt_dataset,src_datasets,fixed_support,samples_per_class,num_total_episodes,num_bootstrap_iters,exp_name
0,111.752560837,0.0,1739233385.3947861,,,,,,,,,0.001,1,16,84x84,MatchingNetwork,3,3,BreaKHis_formatted,TKH,False,1,4000,5,exp1_permuted_src_datasets
1,111.857137483,0.0,1739233385.5426078,0.0,,,,,,,,0.001,1,16,84x84,MatchingNetwork,3,3,BreaKHis_formatted,TKH,False,1,4000,5,exp1_permuted_src_datasets
2,112.183783173,0.0,1739233385.8691587,,1.0631697177886963,0.75,,,,,,0.001,1,16,84x84,MatchingNetwork,3,3,BreaKHis_formatted,TKH,False,1,4000,5,exp1_permuted_src_datasets
3,112.183819055,0.0,1739233385.8693686,,,,0.001,,,,,0.001,1,16,84x84,MatchingNetwork,3,3,BreaKHis_formatted,TKH,False,1,4000,5,exp1_permuted_src_datasets
4,112.489792597,0.0,1739233386.175269,,0.9974979162216187,0.875,,,,,,0.001,1,16,84x84,MatchingNetwork,3,3,BreaKHis_formatted,TKH,False,1,4000,5,exp1_permuted_src_datasets
5,112.489830921,0.0,1739233386.1754506,,,,0.0009999990000010002,,,,,0.001,1,16,84x84,MatchingNetwork,3,3,BreaKHis_formatted,TKH,False,1,4000,5,exp1_permuted_src_datasets
6,112.737633148,0.0,1739233386.4231243,,1.0371432304382324,0.6875,,,,,,0.001,1,16,84x84,MatchingNetwork,3,3,BreaKHis_formatted,TKH,False,1,4000,5,exp1_permuted_src_datasets
7,112.737669523,0.0,1739233386.4233084,,,,0.0009999970000070001,,,,,0.001,1,16,84x84,MatchingNetwork,3,3,BreaKHis_formatted,TKH,False,1,4000,5,exp1_permuted_src_datasets
8,113.083729124,0.0,1739233386.769156,,1.0847814083099365,0.5625,,,,,,0.001,1,16,84x84,MatchingNetwork,3,3,BreaKHis_formatted,TKH,False,1,4000,5,exp1_permuted_src_datasets
9,113.08377094,0.0,1739233386.7694125,,,,0.0009999940000250001,,,,,0.001,1,16,84x84,MatchingNetwork,3,3,BreaKHis_formatted,TKH,False,1,4000,5,exp1_permuted_src_datasets
10,113.346564812,0.0,1739233387.032055,,1.0102453231811523,0.75,,,,,,0.001,1,16,84x84,MatchingNetwork,3,3,BreaKHis_formatted,TKH,False,1,4000,5,exp1_permuted_src_datasets
11,113.346598877,0.0,1739233387.0322416,,,,0.000999990000065,,,,,0.001,1,16,84x84,MatchingNetwork,3,3,BreaKHis_formatted,TKH,False,1,4000,5,exp1_permuted_src_datasets
12,113.667936651,0.0,1739233387.353376,,1.0455034971237183,0.6875,,,,,,0.001,1,16,84x84,MatchingNetwork,3,3,BreaKHis_formatted,TKH,False,1,4000,5,exp1_permuted_src_datasets
13,113.667979004,0.0,1739233387.353565,,,,0.0009999850001399992,,,,,0.001,1,16,84x84,MatchingNetwork,3,3,BreaKHis_formatted,TKH,False,1,4000,5,exp1_permuted_src_datasets
14,113.905551335,0.0,1739233387.59104,,0.9903632402420044,0.875,,,,,,0.001,1,16,84x84,MatchingNetwork,3,3,BreaKHis_formatted,TKH,False,1,4000,5,exp1_permuted_src_datasets
15,113.905590769,0.0,1739233387.5912366,,,,0.0009999790002659977,,,,,0.001,1,16,84x84,MatchingNetwork,3,3,BreaKHis_formatted,TKH,False,1,4000,5,exp1_permuted_src_datasets
16,114.256249478,0.0,1739233387.941717,,1.0488005876541138,0.5,,,,,,0.001,1,16,84x84,MatchingNetwork,3,3,BreaKHis_formatted,TKH,False,1,4000,5,exp1_permuted_src_datasets
17,114.256283697,0.0,1739233387.9419117,,,,0.0009999720004619944,,,,,0.001,1,16,84x84,MatchingNetwork,3,3,BreaKHis_formatted,TKH,False,1,4000,5,exp1_permuted_src_datasets
18,114.527862275,0.0,1739233388.2133617,,1.0445051193237305,0.875,,,,,,0.001,1,16,84x84,MatchingNetwork,3,3,BreaKHis_formatted,TKH,False,1,4000,5,exp1_permuted_src_datasets
19,114.52789677,0.0,1739233388.2135398,,,,0.0009999640007499883,,,,,0.001,1,16,84x84,MatchingNetwork,3,3,BreaKHis_formatted,TKH,False,1,4000,5,exp1_permuted_src_datasets
20,114.743248104,0.0,1739233388.4287431,,0.9945348501205444,0.875,,,,,,0.001,1,16,84x84,MatchingNetwork,3,3,BreaKHis_formatted,TKH,False,1,4000,5,exp1_permuted_src_datasets
21,114.743282147,0.0,1739233388.4289303,,,,0.0009999550011549779,,,,,0.001,1,16,84x84,MatchingNetwork,3,3,BreaKHis_formatted,TKH,False,1,4000,5,exp1_permuted_src_datasets
22,114.982652938,0.0,1739233388.6681392,,1.0027275085449219,0.75,,,,,,0.001,1,16,84x84,MatchingNetwork,3,3,BreaKHis_formatted,TKH,False,1,4000,5,exp1_permuted_src_datasets
23,114.98268975,0.0,1739233388.6683204,,,,0.0009999450017049607,,,,,0.001,1,16,84x84,MatchingNetwork,3,3,BreaKHis_formatted,TKH,False,1,4000,5,exp1_permuted_src_datasets
24,115.371604701,0.0,1739233389.0570414,,0.9942249655723572,1.0,,,,,,0.001,1,16,84x84,MatchingNetwork,3,3,BreaKHis_formatted,TKH,False,1,4000,5,exp1_permuted_src_datasets
25,115.371650932,0.0,1739233389.0572605,,,,0.000999934002430934,,,,,0.001,1,16,84x84,MatchingNetwork,3,3,BreaKHis_formatted,TKH,False,1,4000,5,exp1_permuted_src_datasets
26,115.61847133,0.0,1739233389.3038452,,0.9940681457519531,0.8125,,,,,,0.001,1,16,84x84,MatchingNetwork,3,3,BreaKHis_formatted,TKH,False,1,4000,5,exp1_permuted_src_datasets
27,115.618525573,0.0,1739233389.304072,,,,0.0009999220033668937,,,,,0.001,1,16,84x84,MatchingNetwork,3,3,BreaKHis_formatted,TKH,False,1,4000,5,exp1_permuted_src_datasets
28,115.806240834,0.0,1739233389.4917839,,1.034810185432434,0.75,,,,,,0.001,1,16,84x84,MatchingNetwork,3,3,BreaKHis_formatted,TKH,False,1,4000,5,exp1_permuted_src_datasets
29,115.806289077,0.0,1739233389.4919496,,,,0.0009999090045498345,,,,,0.001,1,16,84x84,MatchingNetwork,3,3,BreaKHis_formatted,TKH,False,1,4000,5,exp1_permuted_src_datasets
30,116.2223751,0.0,1739233389.9078653,,0.9901386499404907,0.8125,,,,,,0.001,1,16,84x84,MatchingNetwork,3,3,BreaKHis_formatted,TKH,False,1,4000,5,exp1_permuted_src_datasets
31,116.222412009,0.0,1739233389.9080513,,,,0.0009998950060197502,,,,,0.001,1,16,84x84,MatchingNetwork,3,3,BreaKHis_formatted,TKH,False,1,4000,5,exp1_permuted_src_datasets
32,116.493922588,0.0,1739233390.179414,,1.0222667455673218,0.625,,,,,,0.001,1,16,84x84,MatchingNetwork,3,3,BreaKHis_formatted,TKH,False,1,4000,5,exp1_permuted_src_datasets
33,116.493960296,0.0,1739233390.1796002,,,,0.0009998800078196328,,,,,0.001,1,16,84x84,MatchingNetwork,3,3,BreaKHis_formatted,TKH,False,1,4000,5,exp1_permuted_src_datasets
34,116.706580361,0.0,1739233390.3920283,,1.023566484451294,0.875,,,,,,0.001,1,16,84x84,MatchingNetwork,3,3,BreaKHis_formatted,TKH,False,1,4000,5,exp1_permuted_src_datasets
35,116.706618171,0.0,1739233390.3922558,,,,0.0009998640099954728,,,,,0.001,1,16,84x84,MatchingNetwork,3,3,BreaKHis_formatted,TKH,False,1,4000,5,exp1_permuted_src_datasets
36,116.920292479,0.0,1739233390.6057782,,1.0085402727127075,0.6875,,,,,,0.001,1,16,84x84,MatchingNetwork,3,3,BreaKHis_formatted,TKH,False,1,4000,5,exp1_permuted_src_datasets
37,116.920336986,0.0,1739233390.6059678,,,,0.0009998470125962588,,,,,0.001,1,16,84x84,MatchingNetwork,3,3,BreaKHis_formatted,TKH,False,1,4000,5,exp1_permuted_src_datasets
38,117.187143894,0.0,1739233390.8726234,,0.9929609298706055,0.875,,,,,,0.001,1,16,84x84,MatchingNetwork,3,3,BreaKHis_formatted,TKH,False,1,4000,5,exp1_permuted_src_datasets
39,117.187176931,0.0,1739233390.8728182,,,,0.0009998290156739765,,,,,0.001,1,16,84x84,MatchingNetwork,3,3,BreaKHis_formatted,TKH,False,1,4000,5,exp1_permuted_src_datasets
40,117.483943898,0.0,1739233391.1694076,,1.0280885696411133,0.75,,,,,,0.001,1,16,84x84,MatchingNetwork,3,3,BreaKHis_formatted,TKH,False,1,4000,5,exp1_permuted_src_datasets
41,117.48399386,0.0,1739233391.1696005,,,,0.0009998100192836101,,,,,0.001,1,16,84x84,MatchingNetwork,3,3,BreaKHis_formatted,TKH,False,1,4000,5,exp1_permuted_src_datasets
42,117.724720661,0.0,1739233391.4102607,,1.004687786102295,0.75,,,,,,0.001,1,16,84x84,MatchingNetwork,3,3,BreaKHis_formatted,TKH,False,1,4000,5,exp1_permuted_src_datasets
43,117.724753615,0.0,1739233391.4104319,,,,0.0009997900234831405,,,,,0.001,1,16,84x84,MatchingNetwork,3,3,BreaKHis_formatted,TKH,False,1,4000,5,exp1_permuted_src_datasets
44,118.026305647,0.0,1739233391.7117965,,0.9930360317230225,0.75,,,,,,0.001,1,16,84x84,MatchingNetwork,3,3,BreaKHis_formatted,TKH,False,1,4000,5,exp1_permuted_src_datasets
45,118.026341432,0.0,1739233391.7119818,,,,0.0009997690283335455,,,,,0.001,1,16,84x84,MatchingNetwork,3,3,BreaKHis_formatted,TKH,False,1,4000,5,exp1_permuted_src_datasets
46,118.397070681,0.0,1739233392.082522,,1.0383442640304565,0.875,,,,,,0.001,1,16,84x84,MatchingNetwork,3,3,BreaKHis_formatted,TKH,False,1,4000,5,exp1_permuted_src_datasets
47,118.397109497,0.0,1739233392.0827143,,,,0.0009997470338987998,,,,,0.001,1,16,84x84,MatchingNetwork,3,3,BreaKHis_formatted,TKH,False,1,4000,5,exp1_permuted_src_datasets
48,118.668344172,0.0,1739233392.353846,,1.0276576280593872,0.625,,,,,,0.001,1,16,84x84,MatchingNetwork,3,3,BreaKHis_formatted,TKH,False,1,4000,5,exp1_permuted_src_datasets
49,118.668371424,0.0,1739233392.3540435,,,,0.0009997240402458741,,,,,0.001,1,16,84x84,MatchingNetwork,3,3,BreaKHis_formatted,TKH,False,1,4000,5,exp1_permuted_src_datasets
50,118.88453334,0.0,1739233392.5700223,,1.0224783420562744,0.625,,,,,,0.001,1,16,84x84,MatchingNetwork,3,3,BreaKHis_formatted,TKH,False,1,4000,5,exp1_permuted_src_datasets
51,118.884576401,0.0,1739233392.5702076,,,,0.0009997000474447355,,,,,0.001,1,16,84x84,MatchingNetwork,3,3,BreaKHis_formatted,TKH,False,1,4000,5,exp1_permuted_src_datasets
52,119.25042337,0.0,1739233392.9359102,,1.0240224599838257,0.8125,,,,,,0.001,1,16,84x84,MatchingNetwork,3,3,BreaKHis_formatted,TKH,False,1,4000,5,exp1_permuted_src_datasets
53,119.250463058,0.0,1739233392.9360976,,,,0.0009996750555683464,,,,,0.001,1,16,84x84,MatchingNetwork,3,3,BreaKHis_formatted,TKH,False,1,4000,5,exp1_permuted_src_datasets
54,119.515696073,0.0,1739233393.2011805,,0.9930344223976135,0.875,,,,,,0.001,1,16,84x84,MatchingNetwork,3,3,BreaKHis_formatted,TKH,False,1,4000,5,exp1_permuted_src_datasets
55,119.515729908,0.0,1739233393.2013752,,,,0.0009996490646926642,,,,,0.001,1,16,84x84,MatchingNetwork,3,3,BreaKHis_formatted,TKH,False,1,4000,5,exp1_permuted_src_datasets
56,119.747161849,0.0,1739233393.4326737,,0.9899806976318359,1.0,,,,,,0.001,1,16,84x84,MatchingNetwork,3,3,BreaKHis_formatted,TKH,False,1,4000,5,exp1_permuted_src_datasets
57,119.747209654,0.0,1739233393.4328368,,,,0.000999622074896642,,,,,0.001,1,16,84x84,MatchingNetwork,3,3,BreaKHis_formatted,TKH,False,1,4000,5,exp1_permuted_src_datasets
58,119.985264772,0.0,1739233393.6707408,,0.9942144155502319,0.875,,,,,,0.001,1,16,84x84,MatchingNetwork,3,3,BreaKHis_formatted,TKH,False,1,4000,5,exp1_permuted_src_datasets
59,119.985306542,0.0,1739233393.6709344,,,,0.0009995940862622267,,,,,0.001,1,16,84x84,MatchingNetwork,3,3,BreaKHis_formatted,TKH,False,1,4000,5,exp1_permuted_src_datasets
60,120.213872977,0.0,1739233393.8993728,,1.0111801624298096,0.5625,,,,,,0.001,1,16,84x84,MatchingNetwork,3,3,BreaKHis_formatted,TKH,False,1,4000,5,exp1_permuted_src_datasets
61,120.213920754,0.0,1739233393.8995476,,,,0.0009995650988743592,,,,,0.001,1,16,84x84,MatchingNetwork,3,3,BreaKHis_formatted,TKH,False,1,4000,5,exp1_permuted_src_datasets
62,120.49988021,0.0,1739233394.185406,,0.9902441501617432,0.8125,,,,,,0.001,1,16,84x84,MatchingNetwork,3,3,BreaKHis_formatted,TKH,False,1,4000,5,exp1_permuted_src_datasets
63,120.544341871,0.0,1739233394.1855695,,,,0.0009995351128209745,,,,,0.001,1,16,84x84,MatchingNetwork,3,3,BreaKHis_formatted,TKH,False,1,4000,5,exp1_permuted_src_datasets
64,120.765484653,0.0,1739233394.450933,,0.9958370923995972,0.9375,,,,,,0.001,1,16,84x84,MatchingNetwork,3,3,BreaKHis_formatted,TKH,False,1,4000,5,exp1_permuted_src_datasets
65,120.76552027,0.0,1739233394.4511962,,,,0.0009995041281930007,,,,,0.001,1,16,84x84,MatchingNetwork,3,3,BreaKHis_formatted,TKH,False,1,4000,5,exp1_permuted_src_datasets
66,120.99976397,0.0,1739233394.6852186,,0.9933578968048096,0.875,,,,,,0.001,1,16,84x84,MatchingNetwork,3,3,BreaKHis_formatted,TKH,False,1,4000,5,exp1_permuted_src_datasets
67,120.999805997,0.0,1739233394.6854625,,,,0.0009994721450843579,,,,,0.001,1,16,84x84,MatchingNetwork,3,3,BreaKHis_formatted,TKH,False,1,4000,5,exp1_permuted_src_datasets
68,121.425345579,0.0,1739233395.1108377,,1.0060182809829712,0.75,,,,,,0.001,1,16,84x84,MatchingNetwork,3,3,BreaKHis_formatted,TKH,False,1,4000,5,exp1_permuted_src_datasets
69,121.425382472,0.0,1739233395.111034,,,,0.0009994391635919594,,,,,0.001,1,16,84x84,MatchingNetwork,3,3,BreaKHis_formatted,TKH,False,1,4000,5,exp1_permuted_src_datasets
70,121.618521131,0.0,1739233395.3040123,,1.0102206468582153,0.75,,,,,,0.001,1,16,84x84,MatchingNetwork,3,3,BreaKHis_formatted,TKH,False,1,4000,5,exp1_permuted_src_datasets
71,121.618555291,0.0,1739233395.304197,,,,0.0009994051838157095,,,,,0.001,1,16,84x84,MatchingNetwork,3,3,BreaKHis_formatted,TKH,False,1,4000,5,exp1_permuted_src_datasets
72,121.835815192,0.0,1739233395.5213072,,0.9948111176490784,0.75,,,,,,0.001,1,16,84x84,MatchingNetwork,3,3,BreaKHis_formatted,TKH,False,1,4000,5,exp1_permuted_src_datasets
73,121.835850578,0.0,1739233395.5215018,,,,0.0009993702058585044,,,,,0.001,1,16,84x84,MatchingNetwork,3,3,BreaKHis_formatted,TKH,False,1,4000,5,exp1_permuted_src_datasets
74,122.06354088,0.0,1739233395.7489948,,1.011115312576294,0.875,,,,,,0.001,1,16,84x84,MatchingNetwork,3,3,BreaKHis_formatted,TKH,False,1,4000,5,exp1_permuted_src_datasets
75,122.063575925,0.0,1739233395.7492447,,,,0.0009993342298262307,,,,,0.001,1,16,84x84,MatchingNetwork,3,3,BreaKHis_formatted,TKH,False,1,4000,5,exp1_permuted_src_datasets
76,122.28851792,0.0,1739233395.9740133,,0.9999901056289673,0.8125,,,,,,0.001,1,16,84x84,MatchingNetwork,3,3,BreaKHis_formatted,TKH,False,1,4000,5,exp1_permuted_src_datasets
77,122.288564874,0.0,1739233395.9742029,,,,0.000999297255827765,,,,,0.001,1,16,84x84,MatchingNetwork,3,3,BreaKHis_formatted,TKH,False,1,4000,5,exp1_permuted_src_datasets
78,122.575045222,0.0,1739233396.2605386,,1.015519380569458,0.6875,,,,,,0.001,1,16,84x84,MatchingNetwork,3,3,BreaKHis_formatted,TKH,False,1,4000,5,exp1_permuted_src_datasets
79,122.575082387,0.0,1739233396.2607257,,,,0.000999259283974974,,,,,0.001,1,16,84x84,MatchingNetwork,3,3,BreaKHis_formatted,TKH,False,1,4000,5,exp1_permuted_src_datasets
80,122.791321418,0.0,1739233396.4767811,,1.0208991765975952,0.75,,,,,,0.001,1,16,84x84,MatchingNetwork,3,3,BreaKHis_formatted,TKH,False,1,4000,5,exp1_permuted_src_datasets
81,122.791355802,0.0,1739233396.4769642,,,,0.000999220314382713,,,,,0.001,1,16,84x84,MatchingNetwork,3,3,BreaKHis_formatted,TKH,False,1,4000,5,exp1_permuted_src_datasets
82,123.099168701,0.0,1739233396.78464,,0.9915309548377991,0.75,,,,,,0.001,1,16,84x84,MatchingNetwork,3,3,BreaKHis_formatted,TKH,False,1,4000,5,exp1_permuted_src_datasets
83,123.099195306,0.0,1739233396.7848208,,,,0.0009991803471688264,,,,,0.001,1,16,84x84,MatchingNetwork,3,3,BreaKHis_formatted,TKH,False,1,4000,5,exp1_permuted_src_datasets
84,123.327366235,0.0,1739233397.0128517,,0.9907251000404358,0.875,,,,,,0.001,1,16,84x84,MatchingNetwork,3,3,BreaKHis_formatted,TKH,False,1,4000,5,exp1_permuted_src_datasets
85,123.327403258,0.0,1739233397.0130408,,,,0.0009991393824541458,,,,,0.001,1,16,84x84,MatchingNetwork,3,3,BreaKHis_formatted,TKH,False,1,4000,5,exp1_permuted_src_datasets
86,123.545828098,0.0,1739233397.2313085,,1.0482029914855957,0.5625,,,,,,0.001,1,16,84x84,MatchingNetwork,3,3,BreaKHis_formatted,TKH,False,1,4000,5,exp1_permuted_src_datasets
87,123.545868382,0.0,1739233397.2314947,,,,0.0009990974203624905,,,,,0.001,1,16,84x84,MatchingNetwork,3,3,BreaKHis_formatted,TKH,False,1,4000,5,exp1_permuted_src_datasets
88,123.742146132,0.0,1739233397.4276724,,0.9920631647109985,0.9375,,,,,,0.001,1,16,84x84,MatchingNetwork,3,3,BreaKHis_formatted,TKH,False,1,4000,5,exp1_permuted_src_datasets
89,123.742171597,0.0,1739233397.4278576,,,,0.0009990544610206666,,,,,0.001,1,16,84x84,MatchingNetwork,3,3,BreaKHis_formatted,TKH,False,1,4000,5,exp1_permuted_src_datasets
90,124.085946536,0.0,1739233397.7714248,,0.9916837215423584,0.9375,,,,,,0.001,1,16,84x84,MatchingNetwork,3,3,BreaKHis_formatted,TKH,False,1,4000,5,exp1_permuted_src_datasets
91,124.08598612,0.0,1739233397.7716157,,,,0.000999010504558466,,,,,0.001,1,16,84x84,MatchingNetwork,3,3,BreaKHis_formatted,TKH,False,1,4000,5,exp1_permuted_src_datasets
92,124.284301288,0.0,1739233397.9697907,,0.9959607124328613,0.875,,,,,,0.001,1,16,84x84,MatchingNetwork,3,3,BreaKHis_formatted,TKH,False,1,4000,5,exp1_permuted_src_datasets
93,124.284330584,0.0,1739233397.969984,,,,0.000998965551108666,,,,,0.001,1,16,84x84,MatchingNetwork,3,3,BreaKHis_formatted,TKH,False,1,4000,5,exp1_permuted_src_datasets
94,124.551073139,0.0,1739233398.236585,,1.0062159299850464,0.6875,,,,,,0.001,1,16,84x84,MatchingNetwork,3,3,BreaKHis_formatted,TKH,False,1,4000,5,exp1_permuted_src_datasets
95,124.551107441,0.0,1739233398.2367544,,,,0.000998919600807029,,,,,0.001,1,16,84x84,MatchingNetwork,3,3,BreaKHis_formatted,TKH,False,1,4000,5,exp1_permuted_src_datasets
96,124.787219679,0.0,1739233398.472714,,0.9916735291481018,0.9375,,,,,,0.001,1,16,84x84,MatchingNetwork,3,3,BreaKHis_formatted,TKH,False,1,4000,5,exp1_permuted_src_datasets
97,124.787254151,0.0,1739233398.472904,,,,0.0009988726537923007,,,,,0.001,1,16,84x84,MatchingNetwork,3,3,BreaKHis_formatted,TKH,False,1,4000,5,exp1_permuted_src_datasets
98,124.996690369,0.0,1739233398.6821718,,0.9890015125274658,0.9375,,,,,,0.001,1,16,84x84,MatchingNetwork,3,3,BreaKHis_formatted,TKH,False,1,4000,5,exp1_permuted_src_datasets
99,124.996723013,0.0,1739233398.682359,,,,0.0009988247102062108,,,,,0.001,1,16,84x84,MatchingNetwork,3,3,BreaKHis_formatted,TKH,False,1,4000,5,exp1_permuted_src_datasets
100,125.270426098,0.0,1739233398.9559076,,0.9889780879020691,0.8125,,,,,,0.001,1,16,84x84,MatchingNetwork,3,3,BreaKHis_formatted,TKH,False,1,4000,5,exp1_permuted_src_datasets
101,125.27047543,0.0,1739233398.9560928,,,,0.0009987757701934714,,,,,0.001,1,16,84x84,MatchingNetwork,3,3,BreaKHis_formatted,TKH,False,1,4000,5,exp1_permuted_src_datasets
102,125.522657311,0.0,1739233399.208147,,0.9887974262237549,0.9375,,,,,,0.001,1,16,84x84,MatchingNetwork,3,3,BreaKHis_formatted,TKH,False,1,4000,5,exp1_permuted_src_datasets
103,125.522694377,0.0,1739233399.208329,,,,0.0009987258339017762,,,,,0.001,1,16,84x84,MatchingNetwork,3,3,BreaKHis_formatted,TKH,False,1,4000,5,exp1_permuted_src_datasets
104,125.742106979,0.0,1739233399.42759,,0.9897059202194214,0.9375,,,,,,0.001,1,16,84x84,MatchingNetwork,3,3,BreaKHis_formatted,TKH,False,1,4000,5,exp1_permuted_src_datasets
105,125.742144941,0.0,1739233399.4277768,,,,0.0009986749014818006,,,,,0.001,1,16,84x84,MatchingNetwork,3,3,BreaKHis_formatted,TKH,False,1,4000,5,exp1_permuted_src_datasets
106,126.059110615,0.0,1739233399.744611,,1.0024834871292114,0.875,,,,,,0.001,1,16,84x84,MatchingNetwork,3,3,BreaKHis_formatted,TKH,False,1,4000,5,exp1_permuted_src_datasets
107,126.059149732,0.0,1739233399.7447975,,,,0.0009986229730872002,,,,,0.001,1,16,84x84,MatchingNetwork,3,3,BreaKHis_formatted,TKH,False,1,4000,5,exp1_permuted_src_datasets
108,126.477487379,0.0,1739233400.1629813,,0.9980984926223755,0.5625,,,,,,0.001,1,16,84x84,MatchingNetwork,3,3,BreaKHis_formatted,TKH,False,1,4000,5,exp1_permuted_src_datasets
109,126.47752661,0.0,1739233400.1631696,,,,0.0009985700488746097,,,,,0.001,1,16,84x84,MatchingNetwork,3,3,BreaKHis_formatted,TKH,False,1,4000,5,exp1_permuted_src_datasets
110,126.787919908,0.0,1739233400.4734232,,0.9917259812355042,0.875,,,,,,0.001,1,16,84x84,MatchingNetwork,3,3,BreaKHis_formatted,TKH,False,1,4000,5,exp1_permuted_src_datasets
111,126.787952632,0.0,1739233400.4735968,,,,0.0009985161290036436,,,,,0.001,1,16,84x84,MatchingNetwork,3,3,BreaKHis_formatted,TKH,False,1,4000,5,exp1_permuted_src_datasets
112,127.131217168,0.0,1739233400.8166401,,0.9943992495536804,0.9375,,,,,,0.001,1,16,84x84,MatchingNetwork,3,3,BreaKHis_formatted,TKH,False,1,4000,5,exp1_permuted_src_datasets
113,127.131255349,0.0,1739233400.8168926,,,,0.0009984612136368935,,,,,0.001,1,16,84x84,MatchingNetwork,3,3,BreaKHis_formatted,TKH,False,1,4000,5,exp1_permuted_src_datasets
114,127.622363124,0.0,1739233401.3078725,,0.9894758462905884,0.9375,,,,,,0.001,1,16,84x84,MatchingNetwork,3,3,BreaKHis_formatted,TKH,False,1,4000,5,exp1_permuted_src_datasets
115,127.622391721,0.0,1739233401.3080668,,,,0.0009984053029399287,,,,,0.001,1,16,84x84,MatchingNetwork,3,3,BreaKHis_formatted,TKH,False,1,4000,5,exp1_permuted_src_datasets
116,127.876282813,0.0,1739233401.561751,,0.9954437613487244,0.9375,,,,,,0.001,1,16,84x84,MatchingNetwork,3,3,BreaKHis_formatted,TKH,False,1,4000,5,exp1_permuted_src_datasets
117,127.876318302,0.0,1739233401.561942,,,,0.0009983483970812952,,,,,0.001,1,16,84x84,MatchingNetwork,3,3,BreaKHis_formatted,TKH,False,1,4000,5,exp1_permuted_src_datasets
118,128.14416578,0.0,1739233401.829577,,0.9974449276924133,0.5,,,,,,0.001,1,16,84x84,MatchingNetwork,3,3,BreaKHis_formatted,TKH,False,1,4000,5,exp1_permuted_src_datasets
119,128.144217132,0.0,1739233401.8298361,,,,0.0009982904962325138,,,,,0.001,1,16,84x84,MatchingNetwork,3,3,BreaKHis_formatted,TKH,False,1,4000,5,exp1_permuted_src_datasets
120,128.355012725,0.0,1739233402.0405455,,0.9877765774726868,0.9375,,,,,,0.001,1,16,84x84,MatchingNetwork,3,3,BreaKHis_formatted,TKH,False,1,4000,5,exp1_permuted_src_datasets
121,128.355043288,0.0,1739233402.040728,,,,0.0009982316005680803,,,,,0.001,1,16,84x84,MatchingNetwork,3,3,BreaKHis_formatted,TKH,False,1,4000,5,exp1_permuted_src_datasets
122,128.575742904,0.0,1739233402.2611744,,1.0239028930664062,0.8125,,,,,,0.001,1,16,84x84,MatchingNetwork,3,3,BreaKHis_formatted,TKH,False,1,4000,5,exp1_permuted_src_datasets
123,128.575776911,0.0,1739233402.261428,,,,0.0009981717102654645,,,,,0.001,1,16,84x84,MatchingNetwork,3,3,BreaKHis_formatted,TKH,False,1,4000,5,exp1_permuted_src_datasets
124,128.871473995,0.0,1739233402.556999,,0.9912958741188049,0.875,,,,,,0.001,1,16,84x84,MatchingNetwork,3,3,BreaKHis_formatted,TKH,False,1,4000,5,exp1_permuted_src_datasets
125,128.871507692,0.0,1739233402.5571828,,,,0.0009981108255051085,,,,,0.001,1,16,84x84,MatchingNetwork,3,3,BreaKHis_formatted,TKH,False,1,4000,5,exp1_permuted_src_datasets
126,129.053825822,0.0,1739233402.7393498,,0.9911490678787231,0.625,,,,,,0.001,1,16,84x84,MatchingNetwork,3,3,BreaKHis_formatted,TKH,False,1,4000,5,exp1_permuted_src_datasets
127,129.053867421,0.0,1739233402.739526,,,,0.0009980489464704273,,,,,0.001,1,16,84x84,MatchingNetwork,3,3,BreaKHis_formatted,TKH,False,1,4000,5,exp1_permuted_src_datasets
128,129.406850285,0.0,1739233403.0923216,,0.9879162907600403,0.8125,,,,,,0.001,1,16,84x84,MatchingNetwork,3,3,BreaKHis_formatted,TKH,False,1,4000,5,exp1_permuted_src_datasets
129,129.406884602,0.0,1739233403.0925064,,,,0.0009979860733478065,,,,,0.001,1,16,84x84,MatchingNetwork,3,3,BreaKHis_formatted,TKH,False,1,4000,5,exp1_permuted_src_datasets
130,129.641220377,0.0,1739233403.3266933,,1.0526747703552246,0.375,,,,,,0.001,1,16,84x84,MatchingNetwork,3,3,BreaKHis_formatted,TKH,False,1,4000,5,exp1_permuted_src_datasets
131,129.641260205,0.0,1739233403.3268557,,,,0.0009979222063266015,,,,,0.001,1,16,84x84,MatchingNetwork,3,3,BreaKHis_formatted,TKH,False,1,4000,5,exp1_permuted_src_datasets
132,129.908041865,0.0,1739233403.5935225,,0.9928672313690186,0.9375,,,,,,0.001,1,16,84x84,MatchingNetwork,3,3,BreaKHis_formatted,TKH,False,1,4000,5,exp1_permuted_src_datasets
133,129.908081013,0.0,1739233403.5937147,,,,0.0009978573455991376,,,,,0.001,1,16,84x84,MatchingNetwork,3,3,BreaKHis_formatted,TKH,False,1,4000,5,exp1_permuted_src_datasets
134,130.206412829,0.0,1739233403.8918953,,0.9910656213760376,0.9375,,,,,,0.001,1,16,84x84,MatchingNetwork,3,3,BreaKHis_formatted,TKH,False,1,4000,5,exp1_permuted_src_datasets
135,130.206453832,0.0,1739233403.8920825,,,,0.000997791491360708,,,,,0.001,1,16,84x84,MatchingNetwork,3,3,BreaKHis_formatted,TKH,False,1,4000,5,exp1_permuted_src_datasets
136,130.536680483,0.0,1739233404.2221315,,1.0183717012405396,0.5,,,,,,0.001,1,16,84x84,MatchingNetwork,3,3,BreaKHis_formatted,TKH,False,1,4000,5,exp1_permuted_src_datasets
137,130.580346494,0.0,1739233404.222324,,,,0.0009977246438095727,,,,,0.001,1,16,84x84,MatchingNetwork,3,3,BreaKHis_formatted,TKH,False,1,4000,5,exp1_permuted_src_datasets
138,130.946875202,0.0,1739233404.6323395,,0.9891732931137085,0.8125,,,,,,0.001,1,16,84x84,MatchingNetwork,3,3,BreaKHis_formatted,TKH,False,1,4000,5,exp1_permuted_src_datasets
139,130.946911716,0.0,1739233404.6325283,,,,0.0009976568031469586,,,,,0.001,1,16,84x84,MatchingNetwork,3,3,BreaKHis_formatted,TKH,False,1,4000,5,exp1_permuted_src_datasets
140,131.155915971,0.0,1739233404.8414073,,0.9925721883773804,0.875,,,,,,0.001,1,16,84x84,MatchingNetwork,3,3,BreaKHis_formatted,TKH,False,1,4000,5,exp1_permuted_src_datasets
141,131.15595258,0.0,1739233404.8415964,,,,0.0009975879695770578,,,,,0.001,1,16,84x84,MatchingNetwork,3,3,BreaKHis_formatted,TKH,False,1,4000,5,exp1_permuted_src_datasets
142,131.373392055,0.0,1739233405.0589445,,0.9890556931495667,0.9375,,,,,,0.001,1,16,84x84,MatchingNetwork,3,3,BreaKHis_formatted,TKH,False,1,4000,5,exp1_permuted_src_datasets
143,131.373420967,0.0,1739233405.0591075,,,,0.0009975181433070264,,,,,0.001,1,16,84x84,MatchingNetwork,3,3,BreaKHis_formatted,TKH,False,1,4000,5,exp1_permuted_src_datasets
144,131.568567868,0.0,1739233405.2540953,,0.9874514937400818,0.9375,,,,,,0.001,1,16,84x84,MatchingNetwork,3,3,BreaKHis_formatted,TKH,False,1,4000,5,exp1_permuted_src_datasets
145,131.568603218,0.0,1739233405.254268,,,,0.0009974473245469835,,,,,0.001,1,16,84x84,MatchingNetwork,3,3,BreaKHis_formatted,TKH,False,1,4000,5,exp1_permuted_src_datasets
146,131.779162058,0.0,1739233405.4646804,,0.9880201816558838,0.9375,,,,,,0.001,1,16,84x84,MatchingNetwork,3,3,BreaKHis_formatted,TKH,False,1,4000,5,exp1_permuted_src_datasets
147,131.779200936,0.0,1739233405.4648526,,,,0.0009973755135100108,,,,,0.001,1,16,84x84,MatchingNetwork,3,3,BreaKHis_formatted,TKH,False,1,4000,5,exp1_permuted_src_datasets
148,131.987342559,0.0,1739233405.672831,,0.9887343049049377,0.9375,,,,,,0.001,1,16,84x84,MatchingNetwork,3,3,BreaKHis_formatted,TKH,False,1,4000,5,exp1_permuted_src_datasets
149,131.987372428,0.0,1739233405.67301,,,,0.0009973027104121506,,,,,0.001,1,16,84x84,MatchingNetwork,3,3,BreaKHis_formatted,TKH,False,1,4000,5,exp1_permuted_src_datasets
150,132.391196476,0.0,1739233406.0766816,,0.9958770275115967,0.6875,,,,,,0.001,1,16,84x84,MatchingNetwork,3,3,BreaKHis_formatted,TKH,False,1,4000,5,exp1_permuted_src_datasets
151,132.391230612,0.0,1739233406.0768688,,,,0.0009972289154724057,,,,,0.001,1,16,84x84,MatchingNetwork,3,3,BreaKHis_formatted,TKH,False,1,4000,5,exp1_permuted_src_datasets
152,132.599414676,0.0,1739233406.2848587,,0.9892019629478455,0.6875,,,,,,0.001,1,16,84x84,MatchingNetwork,3,3,BreaKHis_formatted,TKH,False,1,4000,5,exp1_permuted_src_datasets
153,132.599459035,0.0,1739233406.285111,,,,0.0009971541289127371,,,,,0.001,1,16,84x84,MatchingNetwork,3,3,BreaKHis_formatted,TKH,False,1,4000,5,exp1_permuted_src_datasets
154,132.970244304,0.0,1739233406.655735,,0.9844121932983398,1.0,,,,,,0.001,1,16,84x84,MatchingNetwork,3,3,BreaKHis_formatted,TKH,False,1,4000,5,exp1_permuted_src_datasets
155,132.970281134,0.0,1739233406.6559215,,,,0.0009970783509580645,,,,,0.001,1,16,84x84,MatchingNetwork,3,3,BreaKHis_formatted,TKH,False,1,4000,5,exp1_permuted_src_datasets
156,133.202196986,0.0,1739233406.8876858,,0.9917688369750977,0.75,,,,,,0.001,1,16,84x84,MatchingNetwork,3,3,BreaKHis_formatted,TKH,False,1,4000,5,exp1_permuted_src_datasets
157,133.202233734,0.0,1739233406.887867,,,,0.000997001581836263,,,,,0.001,1,16,84x84,MatchingNetwork,3,3,BreaKHis_formatted,TKH,False,1,4000,5,exp1_permuted_src_datasets
158,133.407244405,0.0,1739233407.0926743,,0.9884882569313049,0.875,,,,,,0.001,1,16,84x84,MatchingNetwork,3,3,BreaKHis_formatted,TKH,False,1,4000,5,exp1_permuted_src_datasets
159,133.407302029,0.0,1739233407.0928953,,,,0.0009969238217781642,,,,,0.001,1,16,84x84,MatchingNetwork,3,3,BreaKHis_formatted,TKH,False,1,4000,5,exp1_permuted_src_datasets
160,133.59775676,0.0,1739233407.2832575,,0.9856097102165222,0.9375,,,,,,0.001,1,16,84x84,MatchingNetwork,3,3,BreaKHis_formatted,TKH,False,1,4000,5,exp1_permuted_src_datasets
161,133.597794202,0.0,1739233407.2834425,,,,0.000996845071017554,,,,,0.001,1,16,84x84,MatchingNetwork,3,3,BreaKHis_formatted,TKH,False,1,4000,5,exp1_permuted_src_datasets
162,133.893072833,0.0,1739233407.5785673,,0.9871850609779358,0.875,,,,,,0.001,1,16,84x84,MatchingNetwork,3,3,BreaKHis_formatted,TKH,False,1,4000,5,exp1_permuted_src_datasets
163,133.893125902,0.0,1739233407.5787537,,,,0.0009967653297911707,,,,,0.001,1,16,84x84,MatchingNetwork,3,3,BreaKHis_formatted,TKH,False,1,4000,5,exp1_permuted_src_datasets
164,134.255898754,0.0,1739233407.9413729,,0.9879931807518005,0.875,,,,,,0.001,1,16,84x84,MatchingNetwork,3,3,BreaKHis_formatted,TKH,False,1,4000,5,exp1_permuted_src_datasets
165,134.255937776,0.0,1739233407.9415638,,,,0.0009966845983387053,,,,,0.001,1,16,84x84,MatchingNetwork,3,3,BreaKHis_formatted,TKH,False,1,4000,5,exp1_permuted_src_datasets
166,134.474470028,0.0,1739233408.1599762,,1.0483249425888062,0.5625,,,,,,0.001,1,16,84x84,MatchingNetwork,3,3,BreaKHis_formatted,TKH,False,1,4000,5,exp1_permuted_src_datasets
167,134.474506109,0.0,1739233408.1601555,,,,0.0009966028769027994,,,,,0.001,1,16,84x84,MatchingNetwork,3,3,BreaKHis_formatted,TKH,False,1,4000,5,exp1_permuted_src_datasets
168,134.671811522,0.0,1739233408.3572524,,0.9899489879608154,0.9375,,,,,,0.001,1,16,84x84,MatchingNetwork,3,3,BreaKHis_formatted,TKH,False,1,4000,5,exp1_permuted_src_datasets
169,134.671855148,0.0,1739233408.3575027,,,,0.0009965201657290439,,,,,0.001,1,16,84x84,MatchingNetwork,3,3,BreaKHis_formatted,TKH,False,1,4000,5,exp1_permuted_src_datasets
170,135.028916972,0.0,1739233408.7144227,,0.9907704591751099,0.8125,,,,,,0.001,1,16,84x84,MatchingNetwork,3,3,BreaKHis_formatted,TKH,False,1,4000,5,exp1_permuted_src_datasets
171,135.028950197,0.0,1739233408.714598,,,,0.0009964364650659784,,,,,0.001,1,16,84x84,MatchingNetwork,3,3,BreaKHis_formatted,TKH,False,1,4000,5,exp1_permuted_src_datasets
172,135.291462236,0.0,1739233408.9769545,,0.993852436542511,0.875,,,,,,0.001,1,16,84x84,MatchingNetwork,3,3,BreaKHis_formatted,TKH,False,1,4000,5,exp1_permuted_src_datasets
173,135.291494834,0.0,1739233408.977139,,,,0.0009963517751650896,,,,,0.001,1,16,84x84,MatchingNetwork,3,3,BreaKHis_formatted,TKH,False,1,4000,5,exp1_permuted_src_datasets
174,135.601728301,0.0,1739233409.2871864,,1.0034549236297607,0.6875,,,,,,0.001,1,16,84x84,MatchingNetwork,3,3,BreaKHis_formatted,TKH,False,1,4000,5,exp1_permuted_src_datasets
175,135.601764979,0.0,1739233409.287363,,,,0.0009962660962808095,,,,,0.001,1,16,84x84,MatchingNetwork,3,3,BreaKHis_formatted,TKH,False,1,4000,5,exp1_permuted_src_datasets
176,135.817122456,0.0,1739233409.5026667,,1.0200356245040894,0.8125,,,,,,0.001,1,16,84x84,MatchingNetwork,3,3,BreaKHis_formatted,TKH,False,1,4000,5,exp1_permuted_src_datasets
177,135.817154462,0.0,1739233409.5028377,,,,0.0009961794286705151,,,,,0.001,1,16,84x84,MatchingNetwork,3,3,BreaKHis_formatted,TKH,False,1,4000,5,exp1_permuted_src_datasets
178,136.047876059,0.0,1739233409.733375,,0.9922201037406921,0.8125,,,,,,0.001,1,16,84x84,MatchingNetwork,3,3,BreaKHis_formatted,TKH,False,1,4000,5,exp1_permuted_src_datasets
179,136.047911306,0.0,1739233409.7335563,,,,0.0009960917725945267,,,,,0.001,1,16,84x84,MatchingNetwork,3,3,BreaKHis_formatted,TKH,False,1,4000,5,exp1_permuted_src_datasets
180,136.338977197,0.0,1739233410.0245018,,0.9905334711074829,0.9375,,,,,,0.001,1,16,84x84,MatchingNetwork,3,3,BreaKHis_formatted,TKH,False,1,4000,5,exp1_permuted_src_datasets
181,136.339007017,0.0,1739233410.0246735,,,,0.0009960031283161065,,,,,0.001,1,16,84x84,MatchingNetwork,3,3,BreaKHis_formatted,TKH,False,1,4000,5,exp1_permuted_src_datasets
182,136.559880379,0.0,1739233410.2453413,,0.9874695539474487,0.875,,,,,,0.001,1,16,84x84,MatchingNetwork,3,3,BreaKHis_formatted,TKH,False,1,4000,5,exp1_permuted_src_datasets
183,136.559905201,0.0,1739233410.2455955,,,,0.0009959134961014574,,,,,0.001,1,16,84x84,MatchingNetwork,3,3,BreaKHis_formatted,TKH,False,1,4000,5,exp1_permuted_src_datasets
184,136.780884413,0.0,1739233410.466357,,1.0122908353805542,0.875,,,,,,0.001,1,16,84x84,MatchingNetwork,3,3,BreaKHis_formatted,TKH,False,1,4000,5,exp1_permuted_src_datasets
185,136.780916208,0.0,1739233410.4665751,,,,0.0009958228762197213,,,,,0.001,1,16,84x84,MatchingNetwork,3,3,BreaKHis_formatted,TKH,False,1,4000,5,exp1_permuted_src_datasets
186,137.076176746,0.0,1739233410.7615342,,0.9876589775085449,1.0,,,,,,0.001,1,16,84x84,MatchingNetwork,3,3,BreaKHis_formatted,TKH,False,1,4000,5,exp1_permuted_src_datasets
187,137.076222692,0.0,1739233410.7617495,,,,0.0009957312689429785,,,,,0.001,1,16,84x84,MatchingNetwork,3,3,BreaKHis_formatted,TKH,False,1,4000,5,exp1_permuted_src_datasets
188,137.479224442,0.0,1739233411.1644511,,0.9886699914932251,0.875,,,,,,0.001,1,16,84x84,MatchingNetwork,3,3,BreaKHis_formatted,TKH,False,1,4000,5,exp1_permuted_src_datasets
189,137.479298824,0.0,1739233411.164788,,,,0.0009956386745462458,,,,,0.001,1,16,84x84,MatchingNetwork,3,3,BreaKHis_formatted,TKH,False,1,4000,5,exp1_permuted_src_datasets
190,137.752282404,0.0,1739233411.437614,,1.0072968006134033,0.75,,,,,,0.001,1,16,84x84,MatchingNetwork,3,3,BreaKHis_formatted,TKH,False,1,4000,5,exp1_permuted_src_datasets
191,137.752317737,0.0,1739233411.4379199,,,,0.0009955450933074748,,,,,0.001,1,16,84x84,MatchingNetwork,3,3,BreaKHis_formatted,TKH,False,1,4000,5,exp1_permuted_src_datasets
192,138.06509569,0.0,1739233411.7486866,,0.9898051023483276,0.875,,,,,,0.001,1,16,84x84,MatchingNetwork,3,3,BreaKHis_formatted,TKH,False,1,4000,5,exp1_permuted_src_datasets
193,138.065129499,0.0,1739233411.7507694,,,,0.0009954505255075517,,,,,0.001,1,16,84x84,MatchingNetwork,3,3,BreaKHis_formatted,TKH,False,1,4000,5,exp1_permuted_src_datasets
194,138.270979619,0.0,1739233411.9563203,,0.9862139225006104,1.0,,,,,,0.001,1,16,84x84,MatchingNetwork,3,3,BreaKHis_formatted,TKH,False,1,4000,5,exp1_permuted_src_datasets
195,138.271008388,0.0,1739233411.9566739,,,,0.0009953549714302942,,,,,0.001,1,16,84x84,MatchingNetwork,3,3,BreaKHis_formatted,TKH,False,1,4000,5,exp1_permuted_src_datasets
196,138.591403612,0.0,1739233412.27676,,0.9930621385574341,0.8125,,,,,,0.001,1,16,84x84,MatchingNetwork,3,3,BreaKHis_formatted,TKH,False,1,4000,5,exp1_permuted_src_datasets
197,138.591445174,0.0,1739233412.2770483,,,,0.000995258431362452,,,,,0.001,1,16,84x84,MatchingNetwork,3,3,BreaKHis_formatted,TKH,False,1,4000,5,exp1_permuted_src_datasets
198,138.84299494,0.0,1739233412.5283554,,0.9826433658599854,1.0,,,,,,0.001,1,16,84x84,MatchingNetwork,3,3,BreaKHis_formatted,TKH,False,1,4000,5,exp1_permuted_src_datasets
199,138.843046073,0.0,1739233412.52861,,,,0.000995160905593704,,,,,0.001,1,16,84x84,MatchingNetwork,3,3,BreaKHis_formatted,TKH,False,1,4000,5,exp1_permuted_src_datasets
200,139.265985154,0.0,1739233412.9500127,,0.9943442344665527,0.9375,,,,,,0.001,1,16,84x84,MatchingNetwork,3,3,BreaKHis_formatted,TKH,False,1,4000,5,exp1_permuted_src_datasets
201,139.266019354,0.0,1739233412.9516587,,,,0.0009950623944166566,,,,,0.001,1,16,84x84,MatchingNetwork,3,3,BreaKHis_formatted,TKH,False,1,4000,5,exp1_permuted_src_datasets
202,139.549942221,0.0,1739233413.2352905,,0.9875767230987549,0.9375,,,,,,0.001,1,16,84x84,MatchingNetwork,3,3,BreaKHis_formatted,TKH,False,1,4000,5,exp1_permuted_src_datasets
203,139.550013728,0.0,1739233413.2355492,,,,0.0009949628981268438,,,,,0.001,1,16,84x84,MatchingNetwork,3,3,BreaKHis_formatted,TKH,False,1,4000,5,exp1_permuted_src_datasets
204,139.80208453,0.0,1739233413.4874465,,0.9929074645042419,0.8125,,,,,,0.001,1,16,84x84,MatchingNetwork,3,3,BreaKHis_formatted,TKH,False,1,4000,5,exp1_permuted_src_datasets
205,139.802130106,0.0,1739233413.487699,,,,0.0009948624170227245,,,,,0.001,1,16,84x84,MatchingNetwork,3,3,BreaKHis_formatted,TKH,False,1,4000,5,exp1_permuted_src_datasets
206,140.071767558,0.0,1739233413.75583,,0.9919529557228088,0.9375,,,,,,0.001,1,16,84x84,MatchingNetwork,3,3,BreaKHis_formatted,TKH,False,1,4000,5,exp1_permuted_src_datasets
207,140.07180691,0.0,1739233413.7574394,,,,0.0009947609514056811,,,,,0.001,1,16,84x84,MatchingNetwork,3,3,BreaKHis_formatted,TKH,False,1,4000,5,exp1_permuted_src_datasets
208,140.303699825,0.0,1739233413.989035,,0.9963099956512451,0.9375,,,,,,0.001,1,16,84x84,MatchingNetwork,3,3,BreaKHis_formatted,TKH,False,1,4000,5,exp1_permuted_src_datasets
209,140.303739406,0.0,1739233413.9893343,,,,0.0009946585015800184,,,,,0.001,1,16,84x84,MatchingNetwork,3,3,BreaKHis_formatted,TKH,False,1,4000,5,exp1_permuted_src_datasets
210,140.564662341,0.0,1739233414.2499545,,1.0464494228363037,0.8125,,,,,,0.001,1,16,84x84,MatchingNetwork,3,3,BreaKHis_formatted,TKH,False,1,4000,5,exp1_permuted_src_datasets
211,140.612470615,0.0,1739233414.250267,,,,0.0009945550678529616,,,,,0.001,1,16,84x84,MatchingNetwork,3,3,BreaKHis_formatted,TKH,False,1,4000,5,exp1_permuted_src_datasets
212,140.804612082,0.0,1739233414.4900064,,0.9873505234718323,0.875,,,,,,0.001,1,16,84x84,MatchingNetwork,3,3,BreaKHis_formatted,TKH,False,1,4000,5,exp1_permuted_src_datasets
213,140.804661265,0.0,1739233414.4902508,,,,0.0009944506505346555,,,,,0.001,1,16,84x84,MatchingNetwork,3,3,BreaKHis_formatted,TKH,False,1,4000,5,exp1_permuted_src_datasets
214,141.045777351,0.0,1739233414.7312267,,0.991748571395874,0.8125,,,,,,0.001,1,16,84x84,MatchingNetwork,3,3,BreaKHis_formatted,TKH,False,1,4000,5,exp1_permuted_src_datasets
215,141.045816866,0.0,1739233414.7314298,,,,0.0009943452499381622,,,,,0.001,1,16,84x84,MatchingNetwork,3,3,BreaKHis_formatted,TKH,False,1,4000,5,exp1_permuted_src_datasets
216,141.488634388,0.0,1739233415.1738954,,0.9904841184616089,0.875,,,,,,0.001,1,16,84x84,MatchingNetwork,3,3,BreaKHis_formatted,TKH,False,1,4000,5,exp1_permuted_src_datasets
217,141.488692836,0.0,1739233415.1742108,,,,0.0009942388663794594,,,,,0.001,1,16,84x84,MatchingNetwork,3,3,BreaKHis_formatted,TKH,False,1,4000,5,exp1_permuted_src_datasets
218,141.768991904,0.0,1739233415.4544482,,0.9885128736495972,0.8125,,,,,,0.001,1,16,84x84,MatchingNetwork,3,3,BreaKHis_formatted,TKH,False,1,4000,5,exp1_permuted_src_datasets
219,141.769022979,0.0,1739233415.4546444,,,,0.0009941315001774404,,,,,0.001,1,16,84x84,MatchingNetwork,3,3,BreaKHis_formatted,TKH,False,1,4000,5,exp1_permuted_src_datasets
220,142.121883905,0.0,1739233415.8072534,,0.9956703782081604,1.0,,,,,,0.001,1,16,84x84,MatchingNetwork,3,3,BreaKHis_formatted,TKH,False,1,4000,5,exp1_permuted_src_datasets
221,142.121948599,0.0,1739233415.8075402,,,,0.0009940231516539103,,,,,0.001,1,16,84x84,MatchingNetwork,3,3,BreaKHis_formatted,TKH,False,1,4000,5,exp1_permuted_src_datasets
222,142.450048143,0.0,1739233416.1354482,,0.9919313192367554,0.8125,,,,,,0.001,1,16,84x84,MatchingNetwork,3,3,BreaKHis_formatted,TKH,False,1,4000,5,exp1_permuted_src_datasets
223,142.450083621,0.0,1739233416.1357167,,,,0.0009939138211335855,,,,,0.001,1,16,84x84,MatchingNetwork,3,3,BreaKHis_formatted,TKH,False,1,4000,5,exp1_permuted_src_datasets
224,142.748269059,0.0,1739233416.433591,,0.9902659058570862,1.0,,,,,,0.001,1,16,84x84,MatchingNetwork,3,3,BreaKHis_formatted,TKH,False,1,4000,5,exp1_permuted_src_datasets
225,142.748318303,0.0,1739233416.4339013,,,,0.0009938035089440927,,,,,0.001,1,16,84x84,MatchingNetwork,3,3,BreaKHis_formatted,TKH,False,1,4000,5,exp1_permuted_src_datasets
226,143.079777574,0.0,1739233416.765252,,0.9849766492843628,1.0,,,,,,0.001,1,16,84x84,MatchingNetwork,3,3,BreaKHis_formatted,TKH,False,1,4000,5,exp1_permuted_src_datasets
227,143.07981852,0.0,1739233416.7654448,,,,0.0009936922154159663,,,,,0.001,1,16,84x84,MatchingNetwork,3,3,BreaKHis_formatted,TKH,False,1,4000,5,exp1_permuted_src_datasets
228,143.398564265,0.0,1739233417.0840313,,0.9887185096740723,0.9375,,,,,,0.001,1,16,84x84,MatchingNetwork,3,3,BreaKHis_formatted,TKH,False,1,4000,5,exp1_permuted_src_datasets
229,143.398600302,0.0,1739233417.0842328,,,,0.0009935799408826466,,,,,0.001,1,16,84x84,MatchingNetwork,3,3,BreaKHis_formatted,TKH,False,1,4000,5,exp1_permuted_src_datasets
230,143.678635226,0.0,1739233417.3639138,,1.0320689678192139,0.75,,,,,,0.001,1,16,84x84,MatchingNetwork,3,3,BreaKHis_formatted,TKH,False,1,4000,5,exp1_permuted_src_datasets
231,143.678696145,0.0,1739233417.364226,,,,0.0009934666856804791,,,,,0.001,1,16,84x84,MatchingNetwork,3,3,BreaKHis_formatted,TKH,False,1,4000,5,exp1_permuted_src_datasets
232,143.896557042,0.0,1739233417.5819802,,0.9865097403526306,1.0,,,,,,0.001,1,16,84x84,MatchingNetwork,3,3,BreaKHis_formatted,TKH,False,1,4000,5,exp1_permuted_src_datasets
233,143.89659372,0.0,1739233417.5821993,,,,0.000993352450148712,,,,,0.001,1,16,84x84,MatchingNetwork,3,3,BreaKHis_formatted,TKH,False,1,4000,5,exp1_permuted_src_datasets
234,144.35265691,0.0,1739233418.0379026,,0.9838520884513855,1.0,,,,,,0.001,1,16,84x84,MatchingNetwork,3,3,BreaKHis_formatted,TKH,False,1,4000,5,exp1_permuted_src_datasets
235,144.352718845,0.0,1739233418.0382278,,,,0.000993237234629495,,,,,0.001,1,16,84x84,MatchingNetwork,3,3,BreaKHis_formatted,TKH,False,1,4000,5,exp1_permuted_src_datasets
236,144.570989875,0.0,1739233418.256278,,0.9921278357505798,0.875,,,,,,0.001,1,16,84x84,MatchingNetwork,3,3,BreaKHis_formatted,TKH,False,1,4000,5,exp1_permuted_src_datasets
237,144.571045674,0.0,1739233418.2565727,,,,0.0009931210394678773,,,,,0.001,1,16,84x84,MatchingNetwork,3,3,BreaKHis_formatted,TKH,False,1,4000,5,exp1_permuted_src_datasets
238,144.928548289,0.0,1739233418.6139078,,0.9896776080131531,0.8125,,,,,,0.001,1,16,84x84,MatchingNetwork,3,3,BreaKHis_formatted,TKH,False,1,4000,5,exp1_permuted_src_datasets
239,144.928586546,0.0,1739233418.61419,,,,0.0009930038650118058,,,,,0.001,1,16,84x84,MatchingNetwork,3,3,BreaKHis_formatted,TKH,False,1,4000,5,exp1_permuted_src_datasets
240,145.260560837,0.0,1739233418.9459856,,0.9921522736549377,0.875,,,,,,0.001,1,16,84x84,MatchingNetwork,3,3,BreaKHis_formatted,TKH,False,1,4000,5,exp1_permuted_src_datasets
241,145.260607372,0.0,1739233418.9461937,,,,0.000992885711612124,,,,,0.001,1,16,84x84,MatchingNetwork,3,3,BreaKHis_formatted,TKH,False,1,4000,5,exp1_permuted_src_datasets
242,145.58644118,0.0,1739233419.2717206,,0.9939935207366943,0.875,,,,,,0.001,1,16,84x84,MatchingNetwork,3,3,BreaKHis_formatted,TKH,False,1,4000,5,exp1_permuted_src_datasets
243,145.586503987,0.0,1739233419.2720249,,,,0.0009927665796225695,,,,,0.001,1,16,84x84,MatchingNetwork,3,3,BreaKHis_formatted,TKH,False,1,4000,5,exp1_permuted_src_datasets
244,145.792135383,0.0,1739233419.4774725,,0.9911321401596069,1.0,,,,,,0.001,1,16,84x84,MatchingNetwork,3,3,BreaKHis_formatted,TKH,False,1,4000,5,exp1_permuted_src_datasets
245,145.792202155,0.0,1739233419.477745,,,,0.0009926464693997721,,,,,0.001,1,16,84x84,MatchingNetwork,3,3,BreaKHis_formatted,TKH,False,1,4000,5,exp1_permuted_src_datasets
246,146.011018827,0.0,1739233419.6946912,,0.9947073459625244,0.9375,,,,,,0.001,1,16,84x84,MatchingNetwork,3,3,BreaKHis_formatted,TKH,False,1,4000,5,exp1_permuted_src_datasets
247,146.011054751,0.0,1739233419.6966953,,,,0.0009925253813032533,,,,,0.001,1,16,84x84,MatchingNetwork,3,3,BreaKHis_formatted,TKH,False,1,4000,5,exp1_permuted_src_datasets
248,146.252865009,0.0,1739233419.938149,,0.9837623834609985,1.0,,,,,,0.001,1,16,84x84,MatchingNetwork,3,3,BreaKHis_formatted,TKH,False,1,4000,5,exp1_permuted_src_datasets
249,146.252908753,0.0,1739233419.9385,,,,0.0009924033156954227,,,,,0.001,1,16,84x84,MatchingNetwork,3,3,BreaKHis_formatted,TKH,False,1,4000,5,exp1_permuted_src_datasets
250,146.509296121,0.0,1739233420.194739,,0.9881139993667603,0.9375,,,,,,0.001,1,16,84x84,MatchingNetwork,3,3,BreaKHis_formatted,TKH,False,1,4000,5,exp1_permuted_src_datasets
251,146.509323879,0.0,1739233420.1949782,,,,0.0009922802729415779,,,,,0.001,1,16,84x84,MatchingNetwork,3,3,BreaKHis_formatted,TKH,False,1,4000,5,exp1_permuted_src_datasets
252,146.803812504,0.0,1739233420.4885135,,0.9916743636131287,0.8125,,,,,,0.001,1,16,84x84,MatchingNetwork,3,3,BreaKHis_formatted,TKH,False,1,4000,5,exp1_permuted_src_datasets
253,146.803875712,0.0,1739233420.489478,,,,0.0004960781267049508,,,,,0.001,1,16,84x84,MatchingNetwork,3,3,BreaKHis_formatted,TKH,False,1,4000,5,exp1_permuted_src_datasets
254,147.19090446,0.0,1739233420.875917,,0.9871557950973511,1.0,,,,,,0.001,1,16,84x84,MatchingNetwork,3,3,BreaKHis_formatted,TKH,False,1,4000,5,exp1_permuted_src_datasets
255,147.190959812,0.0,1739233420.876496,,,,0.0004960156287357301,,,,,0.001,1,16,84x84,MatchingNetwork,3,3,BreaKHis_formatted,TKH,False,1,4000,5,exp1_permuted_src_datasets
256,147.519724904,0.0,1739233421.2051237,,0.9848613739013672,0.9375,,,,,,0.001,1,16,84x84,MatchingNetwork,3,3,BreaKHis_formatted,TKH,False,1,4000,5,exp1_permuted_src_datasets
257,147.519772303,0.0,1739233421.2053692,,,,0.0004959526427501008,,,,,0.001,1,16,84x84,MatchingNetwork,3,3,BreaKHis_formatted,TKH,False,1,4000,5,exp1_permuted_src_datasets
258,147.832358796,0.0,1739233421.5170245,,1.043638825416565,0.6875,,,,,,0.001,1,16,84x84,MatchingNetwork,3,3,BreaKHis_formatted,TKH,False,1,4000,5,exp1_permuted_src_datasets
259,147.832407394,0.0,1739233421.5176394,,,,0.000495889168936477,,,,,0.001,1,16,84x84,MatchingNetwork,3,3,BreaKHis_formatted,TKH,False,1,4000,5,exp1_permuted_src_datasets
260,148.133383113,0.0,1739233421.8187017,,0.9860401153564453,1.0,,,,,,0.001,1,16,84x84,MatchingNetwork,3,3,BreaKHis_formatted,TKH,False,1,4000,5,exp1_permuted_src_datasets
261,148.133421841,0.0,1739233421.8189704,,,,0.0004958252074847115,,,,,0.001,1,16,84x84,MatchingNetwork,3,3,BreaKHis_formatted,TKH,False,1,4000,5,exp1_permuted_src_datasets
262,148.443932387,0.0,1739233422.1278543,,1.046053171157837,0.375,,,,,,0.001,1,16,84x84,MatchingNetwork,3,3,BreaKHis_formatted,TKH,False,1,4000,5,exp1_permuted_src_datasets
263,148.443970378,0.0,1739233422.1295903,,,,0.0004957607585860952,,,,,0.001,1,16,84x84,MatchingNetwork,3,3,BreaKHis_formatted,TKH,False,1,4000,5,exp1_permuted_src_datasets
264,148.648939345,0.0,1739233422.3343158,,0.9894206523895264,1.0,,,,,,0.001,1,16,84x84,MatchingNetwork,3,3,BreaKHis_formatted,TKH,False,1,4000,5,exp1_permuted_src_datasets
265,148.648985842,0.0,1739233422.3345716,,,,0.0004956958224333564,,,,,0.001,1,16,84x84,MatchingNetwork,3,3,BreaKHis_formatted,TKH,False,1,4000,5,exp1_permuted_src_datasets
266,148.936626157,0.0,1739233422.622007,,0.9826362133026123,1.0,,,,,,0.001,1,16,84x84,MatchingNetwork,3,3,BreaKHis_formatted,TKH,False,1,4000,5,exp1_permuted_src_datasets
267,148.936682476,0.0,1739233422.622261,,,,0.0004956303992206593,,,,,0.001,1,16,84x84,MatchingNetwork,3,3,BreaKHis_formatted,TKH,False,1,4000,5,exp1_permuted_src_datasets
268,149.131047072,0.0,1739233422.8165107,,0.9888229370117188,0.75,,,,,,0.001,1,16,84x84,MatchingNetwork,3,3,BreaKHis_formatted,TKH,False,1,4000,5,exp1_permuted_src_datasets
269,149.131094871,0.0,1739233422.8167226,,,,0.0004955644891436032,,,,,0.001,1,16,84x84,MatchingNetwork,3,3,BreaKHis_formatted,TKH,False,1,4000,5,exp1_permuted_src_datasets
270,149.429314974,0.0,1739233423.1148248,,0.9953192472457886,1.0,,,,,,0.001,1,16,84x84,MatchingNetwork,3,3,BreaKHis_formatted,TKH,False,1,4000,5,exp1_permuted_src_datasets
271,149.429345763,0.0,1739233423.115019,,,,0.0004954980923992217,,,,,0.001,1,16,84x84,MatchingNetwork,3,3,BreaKHis_formatted,TKH,False,1,4000,5,exp1_permuted_src_datasets
272,149.675502771,0.0,1739233423.3609138,,0.9886859059333801,0.9375,,,,,,0.001,1,16,84x84,MatchingNetwork,3,3,BreaKHis_formatted,TKH,False,1,4000,5,exp1_permuted_src_datasets
273,149.675560835,0.0,1739233423.361174,,,,0.0004954312091859815,,,,,0.001,1,16,84x84,MatchingNetwork,3,3,BreaKHis_formatted,TKH,False,1,4000,5,exp1_permuted_src_datasets
274,149.96839191,0.0,1739233423.6537175,,1.0051674842834473,0.5,,,,,,0.001,1,16,84x84,MatchingNetwork,3,3,BreaKHis_formatted,TKH,False,1,4000,5,exp1_permuted_src_datasets
275,149.968439034,0.0,1739233423.6540291,,,,0.0004953638397037818,,,,,0.001,1,16,84x84,MatchingNetwork,3,3,BreaKHis_formatted,TKH,False,1,4000,5,exp1_permuted_src_datasets
276,150.22924578,0.0,1739233423.9147325,,0.9938376545906067,0.9375,,,,,,0.001,1,16,84x84,MatchingNetwork,3,3,BreaKHis_formatted,TKH,False,1,4000,5,exp1_permuted_src_datasets
277,150.22927759,0.0,1739233423.914985,,,,0.0004952959841539528,,,,,0.001,1,16,84x84,MatchingNetwork,3,3,BreaKHis_formatted,TKH,False,1,4000,5,exp1_permuted_src_datasets
278,150.449131809,0.0,1739233424.134569,,0.9863588213920593,0.875,,,,,,0.001,1,16,84x84,MatchingNetwork,3,3,BreaKHis_formatted,TKH,False,1,4000,5,exp1_permuted_src_datasets
279,150.492323186,0.0,1739233424.1347978,,,,0.0004952276427392547,,,,,0.001,1,16,84x84,MatchingNetwork,3,3,BreaKHis_formatted,TKH,False,1,4000,5,exp1_permuted_src_datasets
280,150.691240227,0.0,1739233424.375558,,0.9880215525627136,0.9375,,,,,,0.001,1,16,84x84,MatchingNetwork,3,3,BreaKHis_formatted,TKH,False,1,4000,5,exp1_permuted_src_datasets
281,150.691275954,0.0,1739233424.3768823,,,,0.0004951588156638775,,,,,0.001,1,16,84x84,MatchingNetwork,3,3,BreaKHis_formatted,TKH,False,1,4000,5,exp1_permuted_src_datasets
282,150.971070319,0.0,1739233424.655168,,0.9897580742835999,0.875,,,,,,0.001,1,16,84x84,MatchingNetwork,3,3,BreaKHis_formatted,TKH,False,1,4000,5,exp1_permuted_src_datasets
283,150.971091053,0.0,1739233424.6568124,,,,0.0004950895031334388,,,,,0.001,1,16,84x84,MatchingNetwork,3,3,BreaKHis_formatted,TKH,False,1,4000,5,exp1_permuted_src_datasets
284,151.212827986,0.0,1739233424.8983104,,0.9869088530540466,1.0,,,,,,0.001,1,16,84x84,MatchingNetwork,3,3,BreaKHis_formatted,TKH,False,1,4000,5,exp1_permuted_src_datasets
285,151.212911395,0.0,1739233424.8985107,,,,0.0004950197053549837,,,,,0.001,1,16,84x84,MatchingNetwork,3,3,BreaKHis_formatted,TKH,False,1,4000,5,exp1_permuted_src_datasets
286,151.588630897,0.0,1739233425.2726038,,1.015745997428894,0.6875,,,,,,0.001,1,16,84x84,MatchingNetwork,3,3,BreaKHis_formatted,TKH,False,1,4000,5,exp1_permuted_src_datasets
287,151.588652774,0.0,1739233425.2743514,,,,0.0004949494225369834,,,,,0.001,1,16,84x84,MatchingNetwork,3,3,BreaKHis_formatted,TKH,False,1,4000,5,exp1_permuted_src_datasets
288,151.807065111,0.0,1739233425.4910073,,0.9901138544082642,0.875,,,,,,0.001,1,16,84x84,MatchingNetwork,3,3,BreaKHis_formatted,TKH,False,1,4000,5,exp1_permuted_src_datasets
289,151.807099655,0.0,1739233425.492749,,,,0.0004948786548893343,,,,,0.001,1,16,84x84,MatchingNetwork,3,3,BreaKHis_formatted,TKH,False,1,4000,5,exp1_permuted_src_datasets
290,152.061504243,0.0,1739233425.7465298,,0.9956026673316956,0.75,,,,,,0.001,1,16,84x84,MatchingNetwork,3,3,BreaKHis_formatted,TKH,False,1,4000,5,exp1_permuted_src_datasets
291,152.061537951,0.0,1739233425.747186,,,,0.0004948074026233566,,,,,0.001,1,16,84x84,MatchingNetwork,3,3,BreaKHis_formatted,TKH,False,1,4000,5,exp1_permuted_src_datasets
292,152.300529537,0.0,1739233425.9859464,,0.9846599102020264,1.0,,,,,,0.001,1,16,84x84,MatchingNetwork,3,3,BreaKHis_formatted,TKH,False,1,4000,5,exp1_permuted_src_datasets
293,152.300569175,0.0,1739233425.9862125,,,,0.0004947356659517935,,,,,0.001,1,16,84x84,MatchingNetwork,3,3,BreaKHis_formatted,TKH,False,1,4000,5,exp1_permuted_src_datasets
294,152.499231372,0.0,1739233426.1838057,,0.9885611534118652,1.0,,,,,,0.001,1,16,84x84,MatchingNetwork,3,3,BreaKHis_formatted,TKH,False,1,4000,5,exp1_permuted_src_datasets
295,152.499265116,0.0,1739233426.1849105,,,,0.0004946634450888105,,,,,0.001,1,16,84x84,MatchingNetwork,3,3,BreaKHis_formatted,TKH,False,1,4000,5,exp1_permuted_src_datasets
296,152.899816686,0.0,1739233426.5851116,,0.9889083504676819,0.875,,,,,,0.001,1,16,84x84,MatchingNetwork,3,3,BreaKHis_formatted,TKH,False,1,4000,5,exp1_permuted_src_datasets
297,152.899854799,0.0,1739233426.5854578,,,,0.0004945907402499938,,,,,0.001,1,16,84x84,MatchingNetwork,3,3,BreaKHis_formatted,TKH,False,1,4000,5,exp1_permuted_src_datasets
298,153.263984486,0.0,1739233426.9493206,,0.992952823638916,0.875,,,,,,0.001,1,16,84x84,MatchingNetwork,3,3,BreaKHis_formatted,TKH,False,1,4000,5,exp1_permuted_src_datasets
299,153.264049589,0.0,1739233426.9495978,,,,0.0004945175516523492,,,,,0.001,1,16,84x84,MatchingNetwork,3,3,BreaKHis_formatted,TKH,False,1,4000,5,exp1_permuted_src_datasets
300,153.567360952,0.0,1739233427.2526844,,1.0030730962753296,0.875,,,,,,0.001,1,16,84x84,MatchingNetwork,3,3,BreaKHis_formatted,TKH,False,1,4000,5,exp1_permuted_src_datasets
301,153.567395217,0.0,1739233427.2529874,,,,0.0004944438795143016,,,,,0.001,1,16,84x84,MatchingNetwork,3,3,BreaKHis_formatted,TKH,False,1,4000,5,exp1_permuted_src_datasets
302,153.900859259,0.0,1739233427.5863032,,0.9899929761886597,0.8125,,,,,,0.001,1,16,84x84,MatchingNetwork,3,3,BreaKHis_formatted,TKH,False,1,4000,5,exp1_permuted_src_datasets
303,153.900896006,0.0,1739233427.586503,,,,0.0004943697240556932,,,,,0.001,1,16,84x84,MatchingNetwork,3,3,BreaKHis_formatted,TKH,False,1,4000,5,exp1_permuted_src_datasets
304,154.146395096,0.0,1739233427.8316944,,1.0073373317718506,0.75,,,,,,0.001,1,16,84x84,MatchingNetwork,3,3,BreaKHis_formatted,TKH,False,1,4000,5,exp1_permuted_src_datasets
305,154.146434598,0.0,1739233427.8320572,,,,0.000494295085497783,,,,,0.001,1,16,84x84,MatchingNetwork,3,3,BreaKHis_formatted,TKH,False,1,4000,5,exp1_permuted_src_datasets
306,154.3634135,0.0,1739233428.0487087,,0.988686203956604,0.875,,,,,,0.001,1,16,84x84,MatchingNetwork,3,3,BreaKHis_formatted,TKH,False,1,4000,5,exp1_permuted_src_datasets
307,154.363485333,0.0,1739233428.0490105,,,,0.0004942199640632454,,,,,0.001,1,16,84x84,MatchingNetwork,3,3,BreaKHis_formatted,TKH,False,1,4000,5,exp1_permuted_src_datasets
308,154.625871122,0.0,1739233428.311239,,0.984033465385437,1.0,,,,,,0.001,1,16,84x84,MatchingNetwork,3,3,BreaKHis_formatted,TKH,False,1,4000,5,exp1_permuted_src_datasets
309,154.625970264,0.0,1739233428.3114789,,,,0.0004941443599761691,,,,,0.001,1,16,84x84,MatchingNetwork,3,3,BreaKHis_formatted,TKH,False,1,4000,5,exp1_permuted_src_datasets
310,154.862634675,0.0,1739233428.547533,,0.985273540019989,1.0,,,,,,0.001,1,16,84x84,MatchingNetwork,3,3,BreaKHis_formatted,TKH,False,1,4000,5,exp1_permuted_src_datasets
311,154.862690032,0.0,1739233428.5482388,,,,0.0004940682734620559,,,,,0.001,1,16,84x84,MatchingNetwork,3,3,BreaKHis_formatted,TKH,False,1,4000,5,exp1_permuted_src_datasets
312,155.085039642,0.0,1739233428.770292,,0.9877619743347168,1.0,,,,,,0.001,1,16,84x84,MatchingNetwork,3,3,BreaKHis_formatted,TKH,False,1,4000,5,exp1_permuted_src_datasets
313,155.085089864,0.0,1739233428.7706518,,,,0.00049399170474782,,,,,0.001,1,16,84x84,MatchingNetwork,3,3,BreaKHis_formatted,TKH,False,1,4000,5,exp1_permuted_src_datasets
314,155.401017102,0.0,1739233429.086398,,0.9944130182266235,0.8125,,,,,,0.001,1,16,84x84,MatchingNetwork,3,3,BreaKHis_formatted,TKH,False,1,4000,5,exp1_permuted_src_datasets
315,155.401059557,0.0,1739233429.0866513,,,,0.0004939146540617864,,,,,0.001,1,16,84x84,MatchingNetwork,3,3,BreaKHis_formatted,TKH,False,1,4000,5,exp1_permuted_src_datasets
316,155.756161377,0.0,1739233429.4416275,,1.003508448600769,0.875,,,,,,0.001,1,16,84x84,MatchingNetwork,3,3,BreaKHis_formatted,TKH,False,1,4000,5,exp1_permuted_src_datasets
317,155.756204377,0.0,1739233429.4418628,,,,0.00049383712163369,,,,,0.001,1,16,84x84,MatchingNetwork,3,3,BreaKHis_formatted,TKH,False,1,4000,5,exp1_permuted_src_datasets
318,155.963619421,0.0,1739233429.6488853,,0.9859788417816162,0.9375,,,,,,0.001,1,16,84x84,MatchingNetwork,3,3,BreaKHis_formatted,TKH,False,1,4000,5,exp1_permuted_src_datasets
319,155.963661611,0.0,1739233429.6492505,,,,0.0004937591076946742,,,,,0.001,1,16,84x84,MatchingNetwork,3,3,BreaKHis_formatted,TKH,False,1,4000,5,exp1_permuted_src_datasets
320,156.259655928,0.0,1739233429.945058,,0.9875693321228027,1.0,,,,,,0.001,1,16,84x84,MatchingNetwork,3,3,BreaKHis_formatted,TKH,False,1,4000,5,exp1_permuted_src_datasets
321,156.259692299,0.0,1739233429.9453094,,,,0.0004936806124772904,,,,,0.001,1,16,84x84,MatchingNetwork,3,3,BreaKHis_formatted,TKH,False,1,4000,5,exp1_permuted_src_datasets
322,156.471142297,0.0,1739233430.1561706,,0.9901422262191772,1.0,,,,,,0.001,1,16,84x84,MatchingNetwork,3,3,BreaKHis_formatted,TKH,False,1,4000,5,exp1_permuted_src_datasets
323,156.471211566,0.0,1739233430.1567264,,,,0.000493601636215496,,,,,0.001,1,16,84x84,MatchingNetwork,3,3,BreaKHis_formatted,TKH,False,1,4000,5,exp1_permuted_src_datasets
324,156.702248559,0.0,1739233430.3876812,,0.9860064387321472,0.875,,,,,,0.001,1,16,84x84,MatchingNetwork,3,3,BreaKHis_formatted,TKH,False,1,4000,5,exp1_permuted_src_datasets
325,156.702314669,0.0,1739233430.3879137,,,,0.0004935221791446536,,,,,0.001,1,16,84x84,MatchingNetwork,3,3,BreaKHis_formatted,TKH,False,1,4000,5,exp1_permuted_src_datasets
326,157.19588453,0.0,1739233430.881203,,0.9949284791946411,0.9375,,,,,,0.001,1,16,84x84,MatchingNetwork,3,3,BreaKHis_formatted,TKH,False,1,4000,5,exp1_permuted_src_datasets
327,157.195940585,0.0,1739233430.88152,,,,0.0004934422415015303,,,,,0.001,1,16,84x84,MatchingNetwork,3,3,BreaKHis_formatted,TKH,False,1,4000,5,exp1_permuted_src_datasets
328,157.460567998,0.0,1739233431.1459794,,0.9855239391326904,0.8125,,,,,,0.001,1,16,84x84,MatchingNetwork,3,3,BreaKHis_formatted,TKH,False,1,4000,5,exp1_permuted_src_datasets
329,157.460600341,0.0,1739233431.146223,,,,0.000493361823524296,,,,,0.001,1,16,84x84,MatchingNetwork,3,3,BreaKHis_formatted,TKH,False,1,4000,5,exp1_permuted_src_datasets
330,157.711250402,0.0,1739233431.3967204,,0.9844960570335388,0.875,,,,,,0.001,1,16,84x84,MatchingNetwork,3,3,BreaKHis_formatted,TKH,False,1,4000,5,exp1_permuted_src_datasets
331,157.711292587,0.0,1739233431.39692,,,,0.0004932809254525217,,,,,0.001,1,16,84x84,MatchingNetwork,3,3,BreaKHis_formatted,TKH,False,1,4000,5,exp1_permuted_src_datasets
332,157.91953714,0.0,1739233431.6049323,,0.9892356395721436,0.9375,,,,,,0.001,1,16,84x84,MatchingNetwork,3,3,BreaKHis_formatted,TKH,False,1,4000,5,exp1_permuted_src_datasets
333,157.919563955,0.0,1739233431.6052196,,,,0.0004931995475271798,,,,,0.001,1,16,84x84,MatchingNetwork,3,3,BreaKHis_formatted,TKH,False,1,4000,5,exp1_permuted_src_datasets
334,158.246343566,0.0,1739233431.9316247,,0.9870285391807556,1.0,,,,,,0.001,1,16,84x84,MatchingNetwork,3,3,BreaKHis_formatted,TKH,False,1,4000,5,exp1_permuted_src_datasets
335,158.246415694,0.0,1739233431.931928,,,,0.0004931176899906413,,,,,0.001,1,16,84x84,MatchingNetwork,3,3,BreaKHis_formatted,TKH,False,1,4000,5,exp1_permuted_src_datasets
336,158.513751943,0.0,1739233432.1990972,,0.9948722720146179,0.9375,,,,,,0.001,1,16,84x84,MatchingNetwork,3,3,BreaKHis_formatted,TKH,False,1,4000,5,exp1_permuted_src_datasets
337,158.513798807,0.0,1739233432.199345,,,,0.0004930353530866758,,,,,0.001,1,16,84x84,MatchingNetwork,3,3,BreaKHis_formatted,TKH,False,1,4000,5,exp1_permuted_src_datasets
338,158.903698977,0.0,1739233432.589093,,0.9860296845436096,1.0,,,,,,0.001,1,16,84x84,MatchingNetwork,3,3,BreaKHis_formatted,TKH,False,1,4000,5,exp1_permuted_src_datasets
339,158.903733246,0.0,1739233432.5893602,,,,0.0004929525370604497,,,,,0.001,1,16,84x84,MatchingNetwork,3,3,BreaKHis_formatted,TKH,False,1,4000,5,exp1_permuted_src_datasets
340,159.116764813,0.0,1739233432.8022473,,0.9874824285507202,1.0,,,,,,0.001,1,16,84x84,MatchingNetwork,3,3,BreaKHis_formatted,TKH,False,1,4000,5,exp1_permuted_src_datasets
341,159.11679472,0.0,1739233432.8024545,,,,0.0004928692421585248,,,,,0.001,1,16,84x84,MatchingNetwork,3,3,BreaKHis_formatted,TKH,False,1,4000,5,exp1_permuted_src_datasets
342,159.401018231,0.0,1739233433.086457,,0.9904178380966187,0.75,,,,,,0.001,1,16,84x84,MatchingNetwork,3,3,BreaKHis_formatted,TKH,False,1,4000,5,exp1_permuted_src_datasets
343,159.401047719,0.0,1739233433.0866792,,,,0.000492785468628858,,,,,0.001,1,16,84x84,MatchingNetwork,3,3,BreaKHis_formatted,TKH,False,1,4000,5,exp1_permuted_src_datasets
344,159.676671534,0.0,1739233433.3619974,,0.9852821826934814,0.875,,,,,,0.001,1,16,84x84,MatchingNetwork,3,3,BreaKHis_formatted,TKH,False,1,4000,5,exp1_permuted_src_datasets
345,159.676704983,0.0,1739233433.3623447,,,,0.0004927012167207988,,,,,0.001,1,16,84x84,MatchingNetwork,3,3,BreaKHis_formatted,TKH,False,1,4000,5,exp1_permuted_src_datasets
346,160.770683059,0.0,1739233434.4548094,,0.9869603514671326,0.8125,,,,,,0.001,1,16,84x84,MatchingNetwork,3,3,BreaKHis_formatted,TKH,False,1,4000,5,exp1_permuted_src_datasets
347,160.770720289,0.0,1739233434.456359,,,,0.0004926164866850889,,,,,0.001,1,16,84x84,MatchingNetwork,3,3,BreaKHis_formatted,TKH,False,1,4000,5,exp1_permuted_src_datasets
348,161.077843609,0.0,1739233434.7630973,,1.003429651260376,0.875,,,,,,0.001,1,16,84x84,MatchingNetwork,3,3,BreaKHis_formatted,TKH,False,1,4000,5,exp1_permuted_src_datasets
349,161.077899128,0.0,1739233434.7634125,,,,0.000492531278773861,,,,,0.001,1,16,84x84,MatchingNetwork,3,3,BreaKHis_formatted,TKH,False,1,4000,5,exp1_permuted_src_datasets
350,161.304462834,0.0,1739233434.989724,,0.9891530275344849,1.0,,,,,,0.001,1,16,84x84,MatchingNetwork,3,3,BreaKHis_formatted,TKH,False,1,4000,5,exp1_permuted_src_datasets
351,161.304517043,0.0,1739233434.9900541,,,,0.0004924455932406372,,,,,0.001,1,16,84x84,MatchingNetwork,3,3,BreaKHis_formatted,TKH,False,1,4000,5,exp1_permuted_src_datasets
352,161.552823859,0.0,1739233435.2382107,,0.9850122332572937,1.0,,,,,,0.001,1,16,84x84,MatchingNetwork,3,3,BreaKHis_formatted,TKH,False,1,4000,5,exp1_permuted_src_datasets
353,161.552879064,0.0,1739233435.2384543,,,,0.0004923594303403275,,,,,0.001,1,16,84x84,MatchingNetwork,3,3,BreaKHis_formatted,TKH,False,1,4000,5,exp1_permuted_src_datasets
354,161.797535638,0.0,1739233435.4815438,,0.9881083369255066,0.9375,,,,,,0.001,1,16,84x84,MatchingNetwork,3,3,BreaKHis_formatted,TKH,False,1,4000,5,exp1_permuted_src_datasets
355,161.797570627,0.0,1739233435.4831975,,,,0.0004922727903292297,,,,,0.001,1,16,84x84,MatchingNetwork,3,3,BreaKHis_formatted,TKH,False,1,4000,5,exp1_permuted_src_datasets
356,162.071135862,0.0,1739233435.756491,,0.9898366332054138,0.9375,,,,,,0.001,1,16,84x84,MatchingNetwork,3,3,BreaKHis_formatted,TKH,False,1,4000,5,exp1_permuted_src_datasets
357,162.071163317,0.0,1739233435.7567785,,,,0.0004921856734650263,,,,,0.001,1,16,84x84,MatchingNetwork,3,3,BreaKHis_formatted,TKH,False,1,4000,5,exp1_permuted_src_datasets
358,162.454646918,0.0,1739233436.140054,,0.9850283861160278,0.8125,,,,,,0.001,1,16,84x84,MatchingNetwork,3,3,BreaKHis_formatted,TKH,False,1,4000,5,exp1_permuted_src_datasets
359,162.454803542,0.0,1739233436.1403134,,,,0.0004920980800067851,,,,,0.001,1,16,84x84,MatchingNetwork,3,3,BreaKHis_formatted,TKH,False,1,4000,5,exp1_permuted_src_datasets
360,162.74145624,0.0,1739233436.4268582,,0.9843828678131104,1.0,,,,,,0.001,1,16,84x84,MatchingNetwork,3,3,BreaKHis_formatted,TKH,False,1,4000,5,exp1_permuted_src_datasets
361,162.741499149,0.0,1739233436.4270916,,,,0.0004920100102149567,,,,,0.001,1,16,84x84,MatchingNetwork,3,3,BreaKHis_formatted,TKH,False,1,4000,5,exp1_permuted_src_datasets
362,162.960784354,0.0,1739233436.6458287,,0.9891526699066162,0.875,,,,,,0.001,1,16,84x84,MatchingNetwork,3,3,BreaKHis_formatted,TKH,False,1,4000,5,exp1_permuted_src_datasets
363,162.960944798,0.0,1739233436.6461313,,,,0.0004919214643513734,,,,,0.001,1,16,84x84,MatchingNetwork,3,3,BreaKHis_formatted,TKH,False,1,4000,5,exp1_permuted_src_datasets
364,163.174167149,0.0,1739233436.859533,,0.982548713684082,1.0,,,,,,0.001,1,16,84x84,MatchingNetwork,3,3,BreaKHis_formatted,TKH,False,1,4000,5,exp1_permuted_src_datasets
365,163.17422459,0.0,1739233436.8598077,,,,0.0004918324426792485,,,,,0.001,1,16,84x84,MatchingNetwork,3,3,BreaKHis_formatted,TKH,False,1,4000,5,exp1_permuted_src_datasets
366,163.424915216,0.0,1739233437.110375,,0.9867452383041382,0.9375,,,,,,0.001,1,16,84x84,MatchingNetwork,3,3,BreaKHis_formatted,TKH,False,1,4000,5,exp1_permuted_src_datasets
367,163.424949619,0.0,1739233437.110586,,,,0.0004917429454631742,,,,,0.001,1,16,84x84,MatchingNetwork,3,3,BreaKHis_formatted,TKH,False,1,4000,5,exp1_permuted_src_datasets
368,163.650438022,0.0,1739233437.3357918,,0.9873316287994385,0.875,,,,,,0.001,1,16,84x84,MatchingNetwork,3,3,BreaKHis_formatted,TKH,False,1,4000,5,exp1_permuted_src_datasets
369,163.650496701,0.0,1739233437.3360713,,,,0.0004916529729691208,,,,,0.001,1,16,84x84,MatchingNetwork,3,3,BreaKHis_formatted,TKH,False,1,4000,5,exp1_permuted_src_datasets
370,163.871943997,0.0,1739233437.5555618,,0.9936304092407227,0.9375,,,,,,0.001,1,16,84x84,MatchingNetwork,3,3,BreaKHis_formatted,TKH,False,1,4000,5,exp1_permuted_src_datasets
371,163.871983201,0.0,1739233437.5576243,,,,0.0004915625254644354,,,,,0.001,1,16,84x84,MatchingNetwork,3,3,BreaKHis_formatted,TKH,False,1,4000,5,exp1_permuted_src_datasets
372,164.202093046,0.0,1739233437.8868487,,0.9888231158256531,1.0,,,,,,0.001,1,16,84x84,MatchingNetwork,3,3,BreaKHis_formatted,TKH,False,1,4000,5,exp1_permuted_src_datasets
373,164.20212629,0.0,1739233437.8877962,,,,0.00049147160321784,,,,,0.001,1,16,84x84,MatchingNetwork,3,3,BreaKHis_formatted,TKH,False,1,4000,5,exp1_permuted_src_datasets
374,164.440944034,0.0,1739233438.1257575,,0.9854239821434021,0.9375,,,,,,0.001,1,16,84x84,MatchingNetwork,3,3,BreaKHis_formatted,TKH,False,1,4000,5,exp1_permuted_src_datasets
375,164.440978802,0.0,1739233438.1266391,,,,0.0004913802064994311,,,,,0.001,1,16,84x84,MatchingNetwork,3,3,BreaKHis_formatted,TKH,False,1,4000,5,exp1_permuted_src_datasets
376,164.668297902,0.0,1739233438.353717,,0.9873020648956299,0.9375,,,,,,0.001,1,16,84x84,MatchingNetwork,3,3,BreaKHis_formatted,TKH,False,1,4000,5,exp1_permuted_src_datasets
377,164.668350324,0.0,1739233438.353974,,,,0.0004912883355806775,,,,,0.001,1,16,84x84,MatchingNetwork,3,3,BreaKHis_formatted,TKH,False,1,4000,5,exp1_permuted_src_datasets
378,164.987620699,0.0,1739233438.6731803,,0.9914977550506592,0.875,,,,,,0.001,1,16,84x84,MatchingNetwork,3,3,BreaKHis_formatted,TKH,False,1,4000,5,exp1_permuted_src_datasets
379,164.987644912,0.0,1739233438.6733377,,,,0.0004911959907344194,,,,,0.001,1,16,84x84,MatchingNetwork,3,3,BreaKHis_formatted,TKH,False,1,4000,5,exp1_permuted_src_datasets
380,165.280302981,0.0,1739233438.9642155,,0.9979425072669983,0.9375,,,,,,0.001,1,16,84x84,MatchingNetwork,3,3,BreaKHis_formatted,TKH,False,1,4000,5,exp1_permuted_src_datasets
381,165.280328075,0.0,1739233438.9659922,,,,0.000491103172234867,,,,,0.001,1,16,84x84,MatchingNetwork,3,3,BreaKHis_formatted,TKH,False,1,4000,5,exp1_permuted_src_datasets
382,165.555500358,0.0,1739233439.2394583,,1.044867992401123,0.75,,,,,,0.001,1,16,84x84,MatchingNetwork,3,3,BreaKHis_formatted,TKH,False,1,4000,5,exp1_permuted_src_datasets
383,165.555533621,0.0,1739233439.241178,,,,0.0004910098803575991,,,,,0.001,1,16,84x84,MatchingNetwork,3,3,BreaKHis_formatted,TKH,False,1,4000,5,exp1_permuted_src_datasets
384,165.778310818,0.0,1739233439.4631,,0.9931684732437134,0.8125,,,,,,0.001,1,16,84x84,MatchingNetwork,3,3,BreaKHis_formatted,TKH,False,1,4000,5,exp1_permuted_src_datasets
385,165.778371084,0.0,1739233439.464019,,,,0.0004909161153795616,,,,,0.001,1,16,84x84,MatchingNetwork,3,3,BreaKHis_formatted,TKH,False,1,4000,5,exp1_permuted_src_datasets
386,166.022478766,0.0,1739233439.7078295,,0.9881913065910339,1.0,,,,,,0.001,1,16,84x84,MatchingNetwork,3,3,BreaKHis_formatted,TKH,False,1,4000,5,exp1_permuted_src_datasets
387,166.022529326,0.0,1739233439.7080927,,,,0.0004908218775790664,,,,,0.001,1,16,84x84,MatchingNetwork,3,3,BreaKHis_formatted,TKH,False,1,4000,5,exp1_permuted_src_datasets
388,166.249134461,0.0,1739233439.933166,,0.9895312190055847,0.9375,,,,,,0.001,1,16,84x84,MatchingNetwork,3,3,BreaKHis_formatted,TKH,False,1,4000,5,exp1_permuted_src_datasets
389,166.24915616,0.0,1739233439.934852,,,,0.0004907271672357898,,,,,0.001,1,16,84x84,MatchingNetwork,3,3,BreaKHis_formatted,TKH,False,1,4000,5,exp1_permuted_src_datasets
390,166.564962386,0.0,1739233440.2503905,,0.9882603287696838,0.9375,,,,,,0.001,1,16,84x84,MatchingNetwork,3,3,BreaKHis_formatted,TKH,False,1,4000,5,exp1_permuted_src_datasets
391,166.565001832,0.0,1739233440.2506275,,,,0.0004906319846307714,,,,,0.001,1,16,84x84,MatchingNetwork,3,3,BreaKHis_formatted,TKH,False,1,4000,5,exp1_permuted_src_datasets
392,166.801651328,0.0,1739233440.4857132,,0.9868559241294861,0.875,,,,,,0.001,1,16,84x84,MatchingNetwork,3,3,BreaKHis_formatted,TKH,False,1,4000,5,exp1_permuted_src_datasets
393,166.801680681,0.0,1739233440.487355,,,,0.0004905363300464124,,,,,0.001,1,16,84x84,MatchingNetwork,3,3,BreaKHis_formatted,TKH,False,1,4000,5,exp1_permuted_src_datasets
394,167.025751155,0.0,1739233440.7096748,,0.9952189326286316,0.8125,,,,,,0.001,1,16,84x84,MatchingNetwork,3,3,BreaKHis_formatted,TKH,False,1,4000,5,exp1_permuted_src_datasets
395,167.025780497,0.0,1739233440.7114437,,,,0.000490440203766474,,,,,0.001,1,16,84x84,MatchingNetwork,3,3,BreaKHis_formatted,TKH,False,1,4000,5,exp1_permuted_src_datasets
396,167.280630821,0.0,1739233440.9660044,,1.0110564231872559,0.75,,,,,,0.001,1,16,84x84,MatchingNetwork,3,3,BreaKHis_formatted,TKH,False,1,4000,5,exp1_permuted_src_datasets
397,167.280672955,0.0,1739233440.9662814,,,,0.0004903436060760771,,,,,0.001,1,16,84x84,MatchingNetwork,3,3,BreaKHis_formatted,TKH,False,1,4000,5,exp1_permuted_src_datasets
398,167.657227801,0.0,1739233441.3413186,,0.9858821034431458,1.0,,,,,,0.001,1,16,84x84,MatchingNetwork,3,3,BreaKHis_formatted,TKH,False,1,4000,5,exp1_permuted_src_datasets
399,167.657248361,0.0,1739233441.342943,,,,0.0004902465372616993,,,,,0.001,1,16,84x84,MatchingNetwork,3,3,BreaKHis_formatted,TKH,False,1,4000,5,exp1_permuted_src_datasets
400,167.935524064,0.0,1739233441.6191986,,0.9912338852882385,0.75,,,,,,0.001,1,16,84x84,MatchingNetwork,3,3,BreaKHis_formatted,TKH,False,1,4000,5,exp1_permuted_src_datasets
401,167.935549572,0.0,1739233441.6212268,,,,0.0004901489976111746,,,,,0.001,1,16,84x84,MatchingNetwork,3,3,BreaKHis_formatted,TKH,False,1,4000,5,exp1_permuted_src_datasets
402,168.137938781,0.0,1739233441.8220015,,0.9930147528648376,0.8125,,,,,,0.001,1,16,84x84,MatchingNetwork,3,3,BreaKHis_formatted,TKH,False,1,4000,5,exp1_permuted_src_datasets
403,168.137975616,0.0,1739233441.823607,,,,0.0004900509874136918,,,,,0.001,1,16,84x84,MatchingNetwork,3,3,BreaKHis_formatted,TKH,False,1,4000,5,exp1_permuted_src_datasets
404,168.420797054,0.0,1739233442.1061184,,0.9859185814857483,1.0,,,,,,0.001,1,16,84x84,MatchingNetwork,3,3,BreaKHis_formatted,TKH,False,1,4000,5,exp1_permuted_src_datasets
405,168.420837406,0.0,1739233442.1064453,,,,0.0004899525069597929,,,,,0.001,1,16,84x84,MatchingNetwork,3,3,BreaKHis_formatted,TKH,False,1,4000,5,exp1_permuted_src_datasets
406,168.714670377,0.0,1739233442.3999562,,0.984339714050293,0.9375,,,,,,0.001,1,16,84x84,MatchingNetwork,3,3,BreaKHis_formatted,TKH,False,1,4000,5,exp1_permuted_src_datasets
407,168.714716136,0.0,1739233442.4002736,,,,0.0004898535565413715,,,,,0.001,1,16,84x84,MatchingNetwork,3,3,BreaKHis_formatted,TKH,False,1,4000,5,exp1_permuted_src_datasets
408,168.994910539,0.0,1739233442.6802685,,0.9866114258766174,1.0,,,,,,0.001,1,16,84x84,MatchingNetwork,3,3,BreaKHis_formatted,TKH,False,1,4000,5,exp1_permuted_src_datasets
409,168.994965945,0.0,1739233442.6805322,,,,0.0004897541364516719,,,,,0.001,1,16,84x84,MatchingNetwork,3,3,BreaKHis_formatted,TKH,False,1,4000,5,exp1_permuted_src_datasets
410,169.276500898,0.0,1739233442.9614177,,0.9870086312294006,0.9375,,,,,,0.001,1,16,84x84,MatchingNetwork,3,3,BreaKHis_formatted,TKH,False,1,4000,5,exp1_permuted_src_datasets
411,169.276556831,0.0,1739233442.9620945,,,,0.0004896542469852869,,,,,0.001,1,16,84x84,MatchingNetwork,3,3,BreaKHis_formatted,TKH,False,1,4000,5,exp1_permuted_src_datasets
412,169.665906924,0.0,1739233443.351129,,0.9892550110816956,0.9375,,,,,,0.001,1,16,84x84,MatchingNetwork,3,3,BreaKHis_formatted,TKH,False,1,4000,5,exp1_permuted_src_datasets
413,169.665979647,0.0,1739233443.3514624,,,,0.000489553888438157,,,,,0.001,1,16,84x84,MatchingNetwork,3,3,BreaKHis_formatted,TKH,False,1,4000,5,exp1_permuted_src_datasets
414,169.928074486,0.0,1739233443.6132228,,0.9900062084197998,0.8125,,,,,,0.001,1,16,84x84,MatchingNetwork,3,3,BreaKHis_formatted,TKH,False,1,4000,5,exp1_permuted_src_datasets
415,169.928161109,0.0,1739233443.6136084,,,,0.0004894530611075689,,,,,0.001,1,16,84x84,MatchingNetwork,3,3,BreaKHis_formatted,TKH,False,1,4000,5,exp1_permuted_src_datasets
416,170.274396717,0.0,1739233443.9597569,,0.9872817397117615,0.9375,,,,,,0.001,1,16,84x84,MatchingNetwork,3,3,BreaKHis_formatted,TKH,False,1,4000,5,exp1_permuted_src_datasets
417,170.274472487,0.0,1739233443.9599583,,,,0.0004893517652921534,,,,,0.001,1,16,84x84,MatchingNetwork,3,3,BreaKHis_formatted,TKH,False,1,4000,5,exp1_permuted_src_datasets
418,170.474683688,0.0,1739233444.1600633,,0.9858846068382263,0.9375,,,,,,0.001,1,16,84x84,MatchingNetwork,3,3,BreaKHis_formatted,TKH,False,1,4000,5,exp1_permuted_src_datasets
419,170.516466829,0.0,1739233444.1602993,,,,0.0004892500012918847,,,,,0.001,1,16,84x84,MatchingNetwork,3,3,BreaKHis_formatted,TKH,False,1,4000,5,exp1_permuted_src_datasets
420,170.911356216,0.0,1739233444.5968227,,0.9843752980232239,0.875,,,,,,0.001,1,16,84x84,MatchingNetwork,3,3,BreaKHis_formatted,TKH,False,1,4000,5,exp1_permuted_src_datasets
421,170.911393384,0.0,1739233444.5970197,,,,0.0004891477694080785,,,,,0.001,1,16,84x84,MatchingNetwork,3,3,BreaKHis_formatted,TKH,False,1,4000,5,exp1_permuted_src_datasets
422,171.150420527,0.0,1739233444.8356483,,0.9907051920890808,0.9375,,,,,,0.001,1,16,84x84,MatchingNetwork,3,3,BreaKHis_formatted,TKH,False,1,4000,5,exp1_permuted_src_datasets
423,171.150471617,0.0,1739233444.8361056,,,,0.0004890450699433904,,,,,0.001,1,16,84x84,MatchingNetwork,3,3,BreaKHis_formatted,TKH,False,1,4000,5,exp1_permuted_src_datasets
424,171.553473106,0.0,1739233445.2387843,,0.9982414245605469,0.8125,,,,,,0.001,1,16,84x84,MatchingNetwork,3,3,BreaKHis_formatted,TKH,False,1,4000,5,exp1_permuted_src_datasets
425,171.55352145,0.0,1739233445.2390904,,,,0.0004889419032018149,,,,,0.001,1,16,84x84,MatchingNetwork,3,3,BreaKHis_formatted,TKH,False,1,4000,5,exp1_permuted_src_datasets
426,171.806324253,0.0,1739233445.4914625,,0.9888995885848999,0.6875,,,,,,0.001,1,16,84x84,MatchingNetwork,3,3,BreaKHis_formatted,TKH,False,1,4000,5,exp1_permuted_src_datasets
427,171.806377627,0.0,1739233445.4917815,,,,0.0004888382694886832,,,,,0.001,1,16,84x84,MatchingNetwork,3,3,BreaKHis_formatted,TKH,False,1,4000,5,exp1_permuted_src_datasets
428,172.073706784,0.0,1739233445.7590444,,1.0074224472045898,0.625,,,,,,0.001,1,16,84x84,MatchingNetwork,3,3,BreaKHis_formatted,TKH,False,1,4000,5,exp1_permuted_src_datasets
429,172.073780139,0.0,1739233445.7593756,,,,0.0004887341691106626,,,,,0.001,1,16,84x84,MatchingNetwork,3,3,BreaKHis_formatted,TKH,False,1,4000,5,exp1_permuted_src_datasets
430,172.280020143,0.0,1739233445.965323,,0.9864044189453125,1.0,,,,,,0.001,1,16,84x84,MatchingNetwork,3,3,BreaKHis_formatted,TKH,False,1,4000,5,exp1_permuted_src_datasets
431,172.280074574,0.0,1739233445.9656384,,,,0.0004886296023757543,,,,,0.001,1,16,84x84,MatchingNetwork,3,3,BreaKHis_formatted,TKH,False,1,4000,5,exp1_permuted_src_datasets
432,172.545453662,0.0,1739233446.230607,,0.9913341403007507,0.875,,,,,,0.001,1,16,84x84,MatchingNetwork,3,3,BreaKHis_formatted,TKH,False,1,4000,5,exp1_permuted_src_datasets
433,172.545516497,0.0,1739233446.2310283,,,,0.0004885245695932916,,,,,0.001,1,16,84x84,MatchingNetwork,3,3,BreaKHis_formatted,TKH,False,1,4000,5,exp1_permuted_src_datasets
434,172.826213653,0.0,1739233446.510852,,0.9852747917175293,0.9375,,,,,,0.001,1,16,84x84,MatchingNetwork,3,3,BreaKHis_formatted,TKH,False,1,4000,5,exp1_permuted_src_datasets
435,172.826275902,0.0,1739233446.5118573,,,,0.0004884190710739396,,,,,0.001,1,16,84x84,MatchingNetwork,3,3,BreaKHis_formatted,TKH,False,1,4000,5,exp1_permuted_src_datasets
436,173.083904578,0.0,1739233446.769221,,0.9851119518280029,1.0,,,,,,0.001,1,16,84x84,MatchingNetwork,3,3,BreaKHis_formatted,TKH,False,1,4000,5,exp1_permuted_src_datasets
437,173.083930755,0.0,1739233446.7695992,,,,0.0004883131071296925,,,,,0.001,1,16,84x84,MatchingNetwork,3,3,BreaKHis_formatted,TKH,False,1,4000,5,exp1_permuted_src_datasets
438,173.337272896,0.0,1739233447.0226386,,1.0039656162261963,0.875,,,,,,0.001,1,16,84x84,MatchingNetwork,3,3,BreaKHis_formatted,TKH,False,1,4000,5,exp1_permuted_src_datasets
439,173.337316313,0.0,1739233447.0228784,,,,0.00048820667807387237,,,,,0.001,1,16,84x84,MatchingNetwork,3,3,BreaKHis_formatted,TKH,False,1,4000,5,exp1_permuted_src_datasets
440,173.566689469,0.0,1739233447.2510667,,0.9955509305000305,0.9375,,,,,,0.001,1,16,84x84,MatchingNetwork,3,3,BreaKHis_formatted,TKH,False,1,4000,5,exp1_permuted_src_datasets
441,173.566711286,0.0,1739233447.2524288,,,,0.00048809978422112795,,,,,0.001,1,16,84x84,MatchingNetwork,3,3,BreaKHis_formatted,TKH,False,1,4000,5,exp1_permuted_src_datasets
442,173.825778113,0.0,1739233447.510166,,0.9877172112464905,0.8125,,,,,,0.001,1,16,84x84,MatchingNetwork,3,3,BreaKHis_formatted,TKH,False,1,4000,5,exp1_permuted_src_datasets
443,173.825836168,0.0,1739233447.5113647,,,,0.00048799242588743266,,,,,0.001,1,16,84x84,MatchingNetwork,3,3,BreaKHis_formatted,TKH,False,1,4000,5,exp1_permuted_src_datasets
444,174.421987612,0.0,1739233448.1073236,,0.9866980910301208,0.75,,,,,,0.001,1,16,84x84,MatchingNetwork,3,3,BreaKHis_formatted,TKH,False,1,4000,5,exp1_permuted_src_datasets
445,174.422043387,0.0,1739233448.1075945,,,,0.00048788460339008346,,,,,0.001,1,16,84x84,MatchingNetwork,3,3,BreaKHis_formatted,TKH,False,1,4000,5,exp1_permuted_src_datasets
446,174.7223618,0.0,1739233448.4076006,,0.9866361021995544,0.9375,,,,,,0.001,1,16,84x84,MatchingNetwork,3,3,BreaKHis_formatted,TKH,False,1,4000,5,exp1_permuted_src_datasets
447,174.72242018,0.0,1739233448.4079118,,,,0.0004877763170476989,,,,,0.001,1,16,84x84,MatchingNetwork,3,3,BreaKHis_formatted,TKH,False,1,4000,5,exp1_permuted_src_datasets
448,174.940118031,0.0,1739233448.6252627,,0.9893863201141357,1.0,,,,,,0.001,1,16,84x84,MatchingNetwork,3,3,BreaKHis_formatted,TKH,False,1,4000,5,exp1_permuted_src_datasets
449,174.940223181,0.0,1739233448.625583,,,,0.0004876675671802177,,,,,0.001,1,16,84x84,MatchingNetwork,3,3,BreaKHis_formatted,TKH,False,1,4000,5,exp1_permuted_src_datasets
450,175.164215548,0.0,1739233448.8496022,,0.9906537532806396,0.9375,,,,,,0.001,1,16,84x84,MatchingNetwork,3,3,BreaKHis_formatted,TKH,False,1,4000,5,exp1_permuted_src_datasets
451,175.164258437,0.0,1739233448.8498478,,,,0.0004875583541088973,,,,,0.001,1,16,84x84,MatchingNetwork,3,3,BreaKHis_formatted,TKH,False,1,4000,5,exp1_permuted_src_datasets
452,175.441484915,0.0,1739233449.1268725,,0.9859611392021179,0.9375,,,,,,0.001,1,16,84x84,MatchingNetwork,3,3,BreaKHis_formatted,TKH,False,1,4000,5,exp1_permuted_src_datasets
453,175.441543398,0.0,1739233449.127128,,,,0.00048744867815631217,,,,,0.001,1,16,84x84,MatchingNetwork,3,3,BreaKHis_formatted,TKH,False,1,4000,5,exp1_permuted_src_datasets
454,175.732553345,0.0,1739233449.417881,,0.9945803284645081,0.9375,,,,,,0.001,1,16,84x84,MatchingNetwork,3,3,BreaKHis_formatted,TKH,False,1,4000,5,exp1_permuted_src_datasets
455,175.732613352,0.0,1739233449.418221,,,,0.00048733853964635205,,,,,0.001,1,16,84x84,MatchingNetwork,3,3,BreaKHis_formatted,TKH,False,1,4000,5,exp1_permuted_src_datasets
456,176.010549424,0.0,1739233449.6939538,,0.9869871139526367,0.9375,,,,,,0.001,1,16,84x84,MatchingNetwork,3,3,BreaKHis_formatted,TKH,False,1,4000,5,exp1_permuted_src_datasets
457,176.010587264,0.0,1739233449.6962306,,,,0.0004872279389042208,,,,,0.001,1,16,84x84,MatchingNetwork,3,3,BreaKHis_formatted,TKH,False,1,4000,5,exp1_permuted_src_datasets
458,176.291090964,0.0,1739233449.9753091,,0.9880467057228088,1.0,,,,,,0.001,1,16,84x84,MatchingNetwork,3,3,BreaKHis_formatted,TKH,False,1,4000,5,exp1_permuted_src_datasets
459,176.291165813,0.0,1739233449.9768083,,,,0.0004871168762564344,,,,,0.001,1,16,84x84,MatchingNetwork,3,3,BreaKHis_formatted,TKH,False,1,4000,5,exp1_permuted_src_datasets
460,176.674602535,0.0,1739233450.359605,,0.9873908758163452,0.9375,,,,,,0.001,1,16,84x84,MatchingNetwork,3,3,BreaKHis_formatted,TKH,False,1,4000,5,exp1_permuted_src_datasets
461,176.674678819,0.0,1739233450.3601868,,,,0.0004870053520308193,,,,,0.001,1,16,84x84,MatchingNetwork,3,3,BreaKHis_formatted,TKH,False,1,4000,5,exp1_permuted_src_datasets
462,176.981382103,0.0,1739233450.6667476,,0.9927248358726501,0.9375,,,,,,0.001,1,16,84x84,MatchingNetwork,3,3,BreaKHis_formatted,TKH,False,1,4000,5,exp1_permuted_src_datasets
463,176.981460122,0.0,1739233450.6669524,,,,0.00048689336655651134,,,,,0.001,1,16,84x84,MatchingNetwork,3,3,BreaKHis_formatted,TKH,False,1,4000,5,exp1_permuted_src_datasets
464,177.245134884,0.0,1739233450.9288204,,0.9867610931396484,0.9375,,,,,,0.001,1,16,84x84,MatchingNetwork,3,3,BreaKHis_formatted,TKH,False,1,4000,5,exp1_permuted_src_datasets
465,177.245156721,0.0,1739233450.930853,,,,0.0004867809201639534,,,,,0.001,1,16,84x84,MatchingNetwork,3,3,BreaKHis_formatted,TKH,False,1,4000,5,exp1_permuted_src_datasets
466,177.587803835,0.0,1739233451.272616,,0.9882475137710571,0.75,,,,,,0.001,1,16,84x84,MatchingNetwork,3,3,BreaKHis_formatted,TKH,False,1,4000,5,exp1_permuted_src_datasets
467,177.587853665,0.0,1739233451.2733717,,,,0.0004866680131848945,,,,,0.001,1,16,84x84,MatchingNetwork,3,3,BreaKHis_formatted,TKH,False,1,4000,5,exp1_permuted_src_datasets
468,178.369245428,0.0,1739233452.053419,,0.9861886501312256,0.9375,,,,,,0.001,1,16,84x84,MatchingNetwork,3,3,BreaKHis_formatted,TKH,False,1,4000,5,exp1_permuted_src_datasets
469,178.369309423,0.0,1739233452.0548766,,,,0.00048655464595238765,,,,,0.001,1,16,84x84,MatchingNetwork,3,3,BreaKHis_formatted,TKH,False,1,4000,5,exp1_permuted_src_datasets
470,178.694088396,0.0,1739233452.379265,,0.9900838732719421,0.9375,,,,,,0.001,1,16,84x84,MatchingNetwork,3,3,BreaKHis_formatted,TKH,False,1,4000,5,exp1_permuted_src_datasets
471,178.694138871,0.0,1739233452.3796577,,,,0.0004864408188007882,,,,,0.001,1,16,84x84,MatchingNetwork,3,3,BreaKHis_formatted,TKH,False,1,4000,5,exp1_permuted_src_datasets
472,179.064084937,0.0,1739233452.7468662,,0.9921620488166809,0.8125,,,,,,0.001,1,16,84x84,MatchingNetwork,3,3,BreaKHis_formatted,TKH,False,1,4000,5,exp1_permuted_src_datasets
473,179.064139911,0.0,1739233452.7496428,,,,0.00048632653206575276,,,,,0.001,1,16,84x84,MatchingNetwork,3,3,BreaKHis_formatted,TKH,False,1,4000,5,exp1_permuted_src_datasets
474,179.312774736,0.0,1739233452.998106,,0.9925397038459778,0.875,,,,,,0.001,1,16,84x84,MatchingNetwork,3,3,BreaKHis_formatted,TKH,False,1,4000,5,exp1_permuted_src_datasets
475,179.312854282,0.0,1739233452.9983532,,,,0.00048621178608423694,,,,,0.001,1,16,84x84,MatchingNetwork,3,3,BreaKHis_formatted,TKH,False,1,4000,5,exp1_permuted_src_datasets
476,179.537832702,0.0,1739233453.2231047,,0.990142822265625,0.9375,,,,,,0.001,1,16,84x84,MatchingNetwork,3,3,BreaKHis_formatted,TKH,False,1,4000,5,exp1_permuted_src_datasets
477,179.537879729,0.0,1739233453.2234364,,,,0.00048609658119449383,,,,,0.001,1,16,84x84,MatchingNetwork,3,3,BreaKHis_formatted,TKH,False,1,4000,5,exp1_permuted_src_datasets
478,179.816142399,0.0,1739233453.4990287,,0.9905099272727966,0.8125,,,,,,0.001,1,16,84x84,MatchingNetwork,3,3,BreaKHis_formatted,TKH,False,1,4000,5,exp1_permuted_src_datasets
479,179.816203306,0.0,1739233453.5018117,,,,0.0004859809177360727,,,,,0.001,1,16,84x84,MatchingNetwork,3,3,BreaKHis_formatted,TKH,False,1,4000,5,exp1_permuted_src_datasets
480,180.058074667,0.0,1739233453.7433064,,0.9897149801254272,0.9375,,,,,,0.001,1,16,84x84,MatchingNetwork,3,3,BreaKHis_formatted,TKH,False,1,4000,5,exp1_permuted_src_datasets
481,180.058128095,0.0,1739233453.7436686,,,,0.00048586479604981674,,,,,0.001,1,16,84x84,MatchingNetwork,3,3,BreaKHis_formatted,TKH,False,1,4000,5,exp1_permuted_src_datasets
482,180.339957499,0.0,1739233454.024251,,0.9880359172821045,0.875,,,,,,0.001,1,16,84x84,MatchingNetwork,3,3,BreaKHis_formatted,TKH,False,1,4000,5,exp1_permuted_src_datasets
483,180.34000504,0.0,1739233454.0256073,,,,0.00048574821647786204,,,,,0.001,1,16,84x84,MatchingNetwork,3,3,BreaKHis_formatted,TKH,False,1,4000,5,exp1_permuted_src_datasets
484,180.578434367,0.0,1739233454.263621,,0.9892235398292542,0.9375,,,,,,0.001,1,16,84x84,MatchingNetwork,3,3,BreaKHis_formatted,TKH,False,1,4000,5,exp1_permuted_src_datasets
485,180.587088657,0.0,1739233454.2639923,,,,0.0004856311793636354,,,,,0.001,1,16,84x84,MatchingNetwork,3,3,BreaKHis_formatted,TKH,False,1,4000,5,exp1_permuted_src_datasets
486,180.84785129,0.0,1739233454.5329645,,0.9894450902938843,0.8125,,,,,,0.001,1,16,84x84,MatchingNetwork,3,3,BreaKHis_formatted,TKH,False,1,4000,5,exp1_permuted_src_datasets
487,180.847919095,0.0,1739233454.5333886,,,,0.00048551368505185283,,,,,0.001,1,16,84x84,MatchingNetwork,3,3,BreaKHis_formatted,TKH,False,1,4000,5,exp1_permuted_src_datasets
488,181.098693626,0.0,1739233454.7840226,,1.0250792503356934,0.5625,,,,,,0.001,1,16,84x84,MatchingNetwork,3,3,BreaKHis_formatted,TKH,False,1,4000,5,exp1_permuted_src_datasets
489,181.098755571,0.0,1739233454.7843006,,,,0.00048539573388851795,,,,,0.001,1,16,84x84,MatchingNetwork,3,3,BreaKHis_formatted,TKH,False,1,4000,5,exp1_permuted_src_datasets
490,181.457569283,0.0,1739233455.1396906,,0.9908973574638367,1.0,,,,,,0.001,1,16,84x84,MatchingNetwork,3,3,BreaKHis_formatted,TKH,False,1,4000,5,exp1_permuted_src_datasets
491,181.457594582,0.0,1739233455.143271,,,,0.00048527732622092006,,,,,0.001,1,16,84x84,MatchingNetwork,3,3,BreaKHis_formatted,TKH,False,1,4000,5,exp1_permuted_src_datasets
492,181.733519486,0.0,1739233455.4190207,,0.9879345893859863,1.0,,,,,,0.001,1,16,84x84,MatchingNetwork,3,3,BreaKHis_formatted,TKH,False,1,4000,5,exp1_permuted_src_datasets
493,181.733578815,0.0,1739233455.4192417,,,,0.0004851584623976326,,,,,0.001,1,16,84x84,MatchingNetwork,3,3,BreaKHis_formatted,TKH,False,1,4000,5,exp1_permuted_src_datasets
494,181.992354044,0.0,1739233455.6776948,,0.9871925711631775,0.875,,,,,,0.001,1,16,84x84,MatchingNetwork,3,3,BreaKHis_formatted,TKH,False,1,4000,5,exp1_permuted_src_datasets
495,181.992425829,0.0,1739233455.6780157,,,,0.0004850391427685116,,,,,0.001,1,16,84x84,MatchingNetwork,3,3,BreaKHis_formatted,TKH,False,1,4000,5,exp1_permuted_src_datasets
496,182.645721797,0.0,1739233456.33119,,0.985833466053009,0.9375,,,,,,0.001,1,16,84x84,MatchingNetwork,3,3,BreaKHis_formatted,TKH,False,1,4000,5,exp1_permuted_src_datasets
497,182.645764952,0.0,1739233456.3314102,,,,0.0004849193676846934,,,,,0.001,1,16,84x84,MatchingNetwork,3,3,BreaKHis_formatted,TKH,False,1,4000,5,exp1_permuted_src_datasets
498,182.967144164,0.0,1739233456.6511774,,0.9906186461448669,0.9375,,,,,,0.001,1,16,84x84,MatchingNetwork,3,3,BreaKHis_formatted,TKH,False,1,4000,5,exp1_permuted_src_datasets
499,182.967174092,0.0,1739233456.6528385,,,,0.00048479913749859373,,,,,0.001,1,16,84x84,MatchingNetwork,3,3,BreaKHis_formatted,TKH,False,1,4000,5,exp1_permuted_src_datasets
500,183.19300176,0.0,1739233456.8785157,,0.9892734289169312,1.0,,,,,,0.001,1,16,84x84,MatchingNetwork,3,3,BreaKHis_formatted,TKH,False,1,4000,5,exp1_permuted_src_datasets
501,183.193026955,0.0,1739233456.8786936,,,,0.00048467845256390535,,,,,0.001,1,16,84x84,MatchingNetwork,3,3,BreaKHis_formatted,TKH,False,1,4000,5,exp1_permuted_src_datasets
502,187.193792351,0.0,1739233460.8794193,,,,,0.35075,,,,0.001,1,16,84x84,MatchingNetwork,3,3,BreaKHis_formatted,TKH,False,1,4000,5,exp1_permuted_src_datasets
503,191.239694933,0.0,1739233464.9253287,,,,,,0.34775,,,0.001,1,16,84x84,MatchingNetwork,3,3,BreaKHis_formatted,TKH,False,1,4000,5,exp1_permuted_src_datasets
504,191.258262109,0.0,1739233464.9436362,,,,,,,0.9902234673500061,0.9375,0.001,1,16,84x84,MatchingNetwork,3,3,BreaKHis_formatted,TKH,False,1,4000,5,exp1_permuted_src_datasets
505,191.275401778,0.0,1739233464.960897,,,,,,,0.983254611492157,0.9375,0.001,1,16,84x84,MatchingNetwork,3,3,BreaKHis_formatted,TKH,False,1,4000,5,exp1_permuted_src_datasets
506,191.291736436,0.0,1739233464.9771593,,,,,,,0.9847842454910278,0.9375,0.001,1,16,84x84,MatchingNetwork,3,3,BreaKHis_formatted,TKH,False,1,4000,5,exp1_permuted_src_datasets
507,191.308891865,0.0,1739233464.9942703,,,,,,,0.9856983423233032,1.0,0.001,1,16,84x84,MatchingNetwork,3,3,BreaKHis_formatted,TKH,False,1,4000,5,exp1_permuted_src_datasets
508,191.325587172,0.0,1739233465.0109794,,,,,,,0.9792535305023193,1.0,0.001,1,16,84x84,MatchingNetwork,3,3,BreaKHis_formatted,TKH,False,1,4000,5,exp1_permuted_src_datasets
509,191.348215805,0.0,1739233465.0336003,,,,,,,0.9843394756317139,1.0,0.001,1,16,84x84,MatchingNetwork,3,3,BreaKHis_formatted,TKH,False,1,4000,5,exp1_permuted_src_datasets
510,191.36668523,0.0,1739233465.052008,,,,,,,0.9786266684532166,1.0,0.001,1,16,84x84,MatchingNetwork,3,3,BreaKHis_formatted,TKH,False,1,4000,5,exp1_permuted_src_datasets
511,191.382926464,0.0,1739233465.0683537,,,,,,,0.9861763119697571,1.0,0.001,1,16,84x84,MatchingNetwork,3,3,BreaKHis_formatted,TKH,False,1,4000,5,exp1_permuted_src_datasets
512,191.404667616,0.0,1739233465.0900838,,,,,,,0.9858561158180237,1.0,0.001,1,16,84x84,MatchingNetwork,3,3,BreaKHis_formatted,TKH,False,1,4000,5,exp1_permuted_src_datasets
513,191.430422461,0.0,1739233465.1140199,,,,,,,0.9805914759635925,1.0,0.001,1,16,84x84,MatchingNetwork,3,3,BreaKHis_formatted,TKH,False,1,4000,5,exp1_permuted_src_datasets
514,191.447635467,0.0,1739233465.1331437,,,,,,,0.9855333566665649,0.9375,0.001,1,16,84x84,MatchingNetwork,3,3,BreaKHis_formatted,TKH,False,1,4000,5,exp1_permuted_src_datasets
515,191.467951083,0.0,1739233465.1532154,,,,,,,0.981856107711792,1.0,0.001,1,16,84x84,MatchingNetwork,3,3,BreaKHis_formatted,TKH,False,1,4000,5,exp1_permuted_src_datasets
516,191.488016977,0.0,1739233465.1730638,,,,,,,0.9804570078849792,1.0,0.001,1,16,84x84,MatchingNetwork,3,3,BreaKHis_formatted,TKH,False,1,4000,5,exp1_permuted_src_datasets
517,191.509401804,0.0,1739233465.1947663,,,,,,,0.9808661341667175,1.0,0.001,1,16,84x84,MatchingNetwork,3,3,BreaKHis_formatted,TKH,False,1,4000,5,exp1_permuted_src_datasets
518,191.527393264,0.0,1739233465.212991,,,,,,,0.9855592250823975,1.0,0.001,1,16,84x84,MatchingNetwork,3,3,BreaKHis_formatted,TKH,False,1,4000,5,exp1_permuted_src_datasets
519,191.544999739,0.0,1739233465.230522,,,,,,,0.9797080755233765,1.0,0.001,1,16,84x84,MatchingNetwork,3,3,BreaKHis_formatted,TKH,False,1,4000,5,exp1_permuted_src_datasets
520,191.563378756,0.0,1739233465.2488048,,,,,,,0.9801043272018433,1.0,0.001,1,16,84x84,MatchingNetwork,3,3,BreaKHis_formatted,TKH,False,1,4000,5,exp1_permuted_src_datasets
521,191.585686127,0.0,1739233465.271231,,,,,,,0.9803358316421509,1.0,0.001,1,16,84x84,MatchingNetwork,3,3,BreaKHis_formatted,TKH,False,1,4000,5,exp1_permuted_src_datasets
522,191.602616944,0.0,1739233465.2881408,,,,,,,0.9827862977981567,0.875,0.001,1,16,84x84,MatchingNetwork,3,3,BreaKHis_formatted,TKH,False,1,4000,5,exp1_permuted_src_datasets
523,191.618046455,0.0,1739233465.3034422,,,,,,,0.979860246181488,1.0,0.001,1,16,84x84,MatchingNetwork,3,3,BreaKHis_formatted,TKH,False,1,4000,5,exp1_permuted_src_datasets
524,191.63799049,0.0,1739233465.3233054,,,,,,,0.9804732203483582,1.0,0.001,1,16,84x84,MatchingNetwork,3,3,BreaKHis_formatted,TKH,False,1,4000,5,exp1_permuted_src_datasets
525,191.65703231,0.0,1739233465.34054,,,,,,,0.982868492603302,1.0,0.001,1,16,84x84,MatchingNetwork,3,3,BreaKHis_formatted,TKH,False,1,4000,5,exp1_permuted_src_datasets
526,191.680699574,0.0,1739233465.3661766,,,,,,,0.980851411819458,0.875,0.001,1,16,84x84,MatchingNetwork,3,3,BreaKHis_formatted,TKH,False,1,4000,5,exp1_permuted_src_datasets
527,191.698437763,0.0,1739233465.3838453,,,,,,,0.9824417233467102,1.0,0.001,1,16,84x84,MatchingNetwork,3,3,BreaKHis_formatted,TKH,False,1,4000,5,exp1_permuted_src_datasets
528,191.713210158,0.0,1739233465.398675,,,,,,,0.9785508513450623,1.0,0.001,1,16,84x84,MatchingNetwork,3,3,BreaKHis_formatted,TKH,False,1,4000,5,exp1_permuted_src_datasets
529,191.736972774,0.0,1739233465.4221733,,,,,,,0.9804770350456238,1.0,0.001,1,16,84x84,MatchingNetwork,3,3,BreaKHis_formatted,TKH,False,1,4000,5,exp1_permuted_src_datasets
530,191.754936985,0.0,1739233465.440265,,,,,,,0.980276346206665,1.0,0.001,1,16,84x84,MatchingNetwork,3,3,BreaKHis_formatted,TKH,False,1,4000,5,exp1_permuted_src_datasets
531,191.778072529,0.0,1739233465.4632616,,,,,,,0.9804842472076416,1.0,0.001,1,16,84x84,MatchingNetwork,3,3,BreaKHis_formatted,TKH,False,1,4000,5,exp1_permuted_src_datasets
532,191.796899377,0.0,1739233465.4822211,,,,,,,0.9807661771774292,1.0,0.001,1,16,84x84,MatchingNetwork,3,3,BreaKHis_formatted,TKH,False,1,4000,5,exp1_permuted_src_datasets
533,191.815579604,0.0,1739233465.5008059,,,,,,,0.9801982045173645,1.0,0.001,1,16,84x84,MatchingNetwork,3,3,BreaKHis_formatted,TKH,False,1,4000,5,exp1_permuted_src_datasets
534,191.832515887,0.0,1739233465.5179198,,,,,,,0.984536349773407,1.0,0.001,1,16,84x84,MatchingNetwork,3,3,BreaKHis_formatted,TKH,False,1,4000,5,exp1_permuted_src_datasets
535,191.849223579,0.0,1739233465.534683,,,,,,,0.9861322641372681,1.0,0.001,1,16,84x84,MatchingNetwork,3,3,BreaKHis_formatted,TKH,False,1,4000,5,exp1_permuted_src_datasets
536,191.871085633,0.0,1739233465.556598,,,,,,,0.9782676100730896,1.0,0.001,1,16,84x84,MatchingNetwork,3,3,BreaKHis_formatted,TKH,False,1,4000,5,exp1_permuted_src_datasets
537,191.891542597,0.0,1739233465.575335,,,,,,,0.978981614112854,1.0,0.001,1,16,84x84,MatchingNetwork,3,3,BreaKHis_formatted,TKH,False,1,4000,5,exp1_permuted_src_datasets
538,191.916860021,0.0,1739233465.6011724,,,,,,,0.9802441596984863,1.0,0.001,1,16,84x84,MatchingNetwork,3,3,BreaKHis_formatted,TKH,False,1,4000,5,exp1_permuted_src_datasets
539,191.940225262,0.0,1739233465.6256754,,,,,,,0.9822843670845032,1.0,0.001,1,16,84x84,MatchingNetwork,3,3,BreaKHis_formatted,TKH,False,1,4000,5,exp1_permuted_src_datasets
540,191.962691838,0.0,1739233465.6478078,,,,,,,0.9795651435852051,1.0,0.001,1,16,84x84,MatchingNetwork,3,3,BreaKHis_formatted,TKH,False,1,4000,5,exp1_permuted_src_datasets
541,191.978750708,0.0,1739233465.6642437,,,,,,,0.9816780090332031,1.0,0.001,1,16,84x84,MatchingNetwork,3,3,BreaKHis_formatted,TKH,False,1,4000,5,exp1_permuted_src_datasets
542,191.996949111,0.0,1739233465.6824522,,,,,,,0.9862611889839172,0.875,0.001,1,16,84x84,MatchingNetwork,3,3,BreaKHis_formatted,TKH,False,1,4000,5,exp1_permuted_src_datasets
543,192.018583695,0.0,1739233465.7022712,,,,,,,0.9814098477363586,1.0,0.001,1,16,84x84,MatchingNetwork,3,3,BreaKHis_formatted,TKH,False,1,4000,5,exp1_permuted_src_datasets
544,192.038139884,0.0,1739233465.723661,,,,,,,0.9838189482688904,1.0,0.001,1,16,84x84,MatchingNetwork,3,3,BreaKHis_formatted,TKH,False,1,4000,5,exp1_permuted_src_datasets
545,192.054352694,0.0,1739233465.7397747,,,,,,,0.9804854393005371,1.0,0.001,1,16,84x84,MatchingNetwork,3,3,BreaKHis_formatted,TKH,False,1,4000,5,exp1_permuted_src_datasets
546,192.087615973,0.0,1739233465.771001,,,,,,,0.9800966382026672,1.0,0.001,1,16,84x84,MatchingNetwork,3,3,BreaKHis_formatted,TKH,False,1,4000,5,exp1_permuted_src_datasets
547,192.111564801,0.0,1739233465.7970905,,,,,,,0.9793534278869629,1.0,0.001,1,16,84x84,MatchingNetwork,3,3,BreaKHis_formatted,TKH,False,1,4000,5,exp1_permuted_src_datasets
548,192.127063296,0.0,1739233465.8125203,,,,,,,0.9792706966400146,1.0,0.001,1,16,84x84,MatchingNetwork,3,3,BreaKHis_formatted,TKH,False,1,4000,5,exp1_permuted_src_datasets
549,192.145095108,0.0,1739233465.8305733,,,,,,,0.9794332981109619,1.0,0.001,1,16,84x84,MatchingNetwork,3,3,BreaKHis_formatted,TKH,False,1,4000,5,exp1_permuted_src_datasets
550,192.164430423,0.0,1739233465.849953,,,,,,,0.9792013168334961,1.0,0.001,1,16,84x84,MatchingNetwork,3,3,BreaKHis_formatted,TKH,False,1,4000,5,exp1_permuted_src_datasets
551,192.184083914,0.0,1739233465.8696125,,,,,,,0.9795598983764648,1.0,0.001,1,16,84x84,MatchingNetwork,3,3,BreaKHis_formatted,TKH,False,1,4000,5,exp1_permuted_src_datasets
552,192.197856702,0.0,1739233465.883232,,,,,,,0.9789215922355652,1.0,0.001,1,16,84x84,MatchingNetwork,3,3,BreaKHis_formatted,TKH,False,1,4000,5,exp1_permuted_src_datasets
553,192.213056166,0.0,1739233465.8985167,,,,,,,0.9790104031562805,1.0,0.001,1,16,84x84,MatchingNetwork,3,3,BreaKHis_formatted,TKH,False,1,4000,5,exp1_permuted_src_datasets
554,192.228061358,0.0,1739233465.9135625,,,,,,,0.9816827774047852,1.0,0.001,1,16,84x84,MatchingNetwork,3,3,BreaKHis_formatted,TKH,False,1,4000,5,exp1_permuted_src_datasets
555,192.241970324,0.0,1739233465.9274588,,,,,,,0.9801284670829773,1.0,0.001,1,16,84x84,MatchingNetwork,3,3,BreaKHis_formatted,TKH,False,1,4000,5,exp1_permuted_src_datasets
556,192.260682744,0.0,1739233465.944552,,,,,,,0.9814690351486206,1.0,0.001,1,16,84x84,MatchingNetwork,3,3,BreaKHis_formatted,TKH,False,1,4000,5,exp1_permuted_src_datasets
557,192.281369395,0.0,1739233465.9667659,,,,,,,0.9791299104690552,1.0,0.001,1,16,84x84,MatchingNetwork,3,3,BreaKHis_formatted,TKH,False,1,4000,5,exp1_permuted_src_datasets
558,192.305751722,0.0,1739233465.9910874,,,,,,,0.9783524870872498,1.0,0.001,1,16,84x84,MatchingNetwork,3,3,BreaKHis_formatted,TKH,False,1,4000,5,exp1_permuted_src_datasets
559,192.328383202,0.0,1739233466.0137663,,,,,,,0.9795342087745667,1.0,0.001,1,16,84x84,MatchingNetwork,3,3,BreaKHis_formatted,TKH,False,1,4000,5,exp1_permuted_src_datasets
560,192.349054769,0.0,1739233466.03268,,,,,,,0.9791715741157532,1.0,0.001,1,16,84x84,MatchingNetwork,3,3,BreaKHis_formatted,TKH,False,1,4000,5,exp1_permuted_src_datasets
561,192.369415672,0.0,1739233466.0549345,,,,,,,0.9800266027450562,1.0,0.001,1,16,84x84,MatchingNetwork,3,3,BreaKHis_formatted,TKH,False,1,4000,5,exp1_permuted_src_datasets
562,192.389206061,0.0,1739233466.0746062,,,,,,,1.0389834642410278,0.625,0.001,1,16,84x84,MatchingNetwork,3,3,BreaKHis_formatted,TKH,False,1,4000,5,exp1_permuted_src_datasets
563,192.406770866,0.0,1739233466.092027,,,,,,,0.9783759713172913,1.0,0.001,1,16,84x84,MatchingNetwork,3,3,BreaKHis_formatted,TKH,False,1,4000,5,exp1_permuted_src_datasets
564,192.425687023,0.0,1739233466.1108203,,,,,,,0.9787240624427795,1.0,0.001,1,16,84x84,MatchingNetwork,3,3,BreaKHis_formatted,TKH,False,1,4000,5,exp1_permuted_src_datasets
565,192.442945969,0.0,1739233466.1269736,,,,,,,0.9784702062606812,1.0,0.001,1,16,84x84,MatchingNetwork,3,3,BreaKHis_formatted,TKH,False,1,4000,5,exp1_permuted_src_datasets
566,196.282422776,0.0,1739233469.9680984,,,,,,0.36675,,,0.001,1,16,84x84,MatchingNetwork,3,3,BreaKHis_formatted,TKH,False,1,4000,5,exp1_permuted_src_datasets
567,196.293323697,0.0,1739233469.9789433,,,,,,,0.9843215942382812,1.0,0.001,1,16,84x84,MatchingNetwork,3,3,BreaKHis_formatted,TKH,False,1,4000,5,exp1_permuted_src_datasets
568,196.305171144,0.0,1739233469.9907644,,,,,,,0.979411780834198,1.0,0.001,1,16,84x84,MatchingNetwork,3,3,BreaKHis_formatted,TKH,False,1,4000,5,exp1_permuted_src_datasets
569,196.316670171,0.0,1739233470.0022812,,,,,,,0.9797707796096802,1.0,0.001,1,16,84x84,MatchingNetwork,3,3,BreaKHis_formatted,TKH,False,1,4000,5,exp1_permuted_src_datasets
570,196.32884547,0.0,1739233470.0144086,,,,,,,0.9791518449783325,1.0,0.001,1,16,84x84,MatchingNetwork,3,3,BreaKHis_formatted,TKH,False,1,4000,5,exp1_permuted_src_datasets
571,196.340113845,0.0,1739233470.0257456,,,,,,,0.9790483117103577,1.0,0.001,1,16,84x84,MatchingNetwork,3,3,BreaKHis_formatted,TKH,False,1,4000,5,exp1_permuted_src_datasets
572,196.351672308,0.0,1739233470.037259,,,,,,,0.9791172742843628,1.0,0.001,1,16,84x84,MatchingNetwork,3,3,BreaKHis_formatted,TKH,False,1,4000,5,exp1_permuted_src_datasets
573,196.362841178,0.0,1739233470.0484724,,,,,,,0.9788252115249634,1.0,0.001,1,16,84x84,MatchingNetwork,3,3,BreaKHis_formatted,TKH,False,1,4000,5,exp1_permuted_src_datasets
574,196.381251705,0.0,1739233470.0667486,,,,,,,0.9795018434524536,1.0,0.001,1,16,84x84,MatchingNetwork,3,3,BreaKHis_formatted,TKH,False,1,4000,5,exp1_permuted_src_datasets
575,196.3928602,0.0,1739233470.0784647,,,,,,,0.9792133569717407,1.0,0.001,1,16,84x84,MatchingNetwork,3,3,BreaKHis_formatted,TKH,False,1,4000,5,exp1_permuted_src_datasets
576,196.403842739,0.0,1739233470.0894802,,,,,,,0.9800663590431213,1.0,0.001,1,16,84x84,MatchingNetwork,3,3,BreaKHis_formatted,TKH,False,1,4000,5,exp1_permuted_src_datasets
577,196.415710301,0.0,1739233470.1013384,,,,,,,0.9817630052566528,1.0,0.001,1,16,84x84,MatchingNetwork,3,3,BreaKHis_formatted,TKH,False,1,4000,5,exp1_permuted_src_datasets
578,196.434945901,0.0,1739233470.1203072,,,,,,,0.979725182056427,1.0,0.001,1,16,84x84,MatchingNetwork,3,3,BreaKHis_formatted,TKH,False,1,4000,5,exp1_permuted_src_datasets
579,196.451849642,0.0,1739233470.1374679,,,,,,,0.9796658158302307,1.0,0.001,1,16,84x84,MatchingNetwork,3,3,BreaKHis_formatted,TKH,False,1,4000,5,exp1_permuted_src_datasets
580,196.469991223,0.0,1739233470.1555183,,,,,,,0.9836816787719727,1.0,0.001,1,16,84x84,MatchingNetwork,3,3,BreaKHis_formatted,TKH,False,1,4000,5,exp1_permuted_src_datasets
581,196.481032432,0.0,1739233470.1666787,,,,,,,0.9792397022247314,1.0,0.001,1,16,84x84,MatchingNetwork,3,3,BreaKHis_formatted,TKH,False,1,4000,5,exp1_permuted_src_datasets
582,196.491911767,0.0,1739233470.1775417,,,,,,,0.9828046560287476,1.0,0.001,1,16,84x84,MatchingNetwork,3,3,BreaKHis_formatted,TKH,False,1,4000,5,exp1_permuted_src_datasets
583,196.50236065,0.0,1739233470.1880043,,,,,,,0.9808247685432434,1.0,0.001,1,16,84x84,MatchingNetwork,3,3,BreaKHis_formatted,TKH,False,1,4000,5,exp1_permuted_src_datasets
584,196.514511878,0.0,1739233470.2000852,,,,,,,0.9825496673583984,1.0,0.001,1,16,84x84,MatchingNetwork,3,3,BreaKHis_formatted,TKH,False,1,4000,5,exp1_permuted_src_datasets
585,196.525996023,0.0,1739233470.2116375,,,,,,,0.9780892133712769,1.0,0.001,1,16,84x84,MatchingNetwork,3,3,BreaKHis_formatted,TKH,False,1,4000,5,exp1_permuted_src_datasets
586,196.542419332,0.0,1739233470.2279756,,,,,,,0.9800019264221191,1.0,0.001,1,16,84x84,MatchingNetwork,3,3,BreaKHis_formatted,TKH,False,1,4000,5,exp1_permuted_src_datasets
587,196.561002206,0.0,1739233470.2465436,,,,,,,0.9784316420555115,1.0,0.001,1,16,84x84,MatchingNetwork,3,3,BreaKHis_formatted,TKH,False,1,4000,5,exp1_permuted_src_datasets
588,196.576642172,0.0,1739233470.262201,,,,,,,0.9808451533317566,1.0,0.001,1,16,84x84,MatchingNetwork,3,3,BreaKHis_formatted,TKH,False,1,4000,5,exp1_permuted_src_datasets
589,196.587337094,0.0,1739233470.2729528,,,,,,,0.9789263010025024,1.0,0.001,1,16,84x84,MatchingNetwork,3,3,BreaKHis_formatted,TKH,False,1,4000,5,exp1_permuted_src_datasets
590,196.603634174,0.0,1739233470.2891963,,,,,,,0.9789500832557678,1.0,0.001,1,16,84x84,MatchingNetwork,3,3,BreaKHis_formatted,TKH,False,1,4000,5,exp1_permuted_src_datasets
591,196.619488854,0.0,1739233470.3050928,,,,,,,0.9788130521774292,1.0,0.001,1,16,84x84,MatchingNetwork,3,3,BreaKHis_formatted,TKH,False,1,4000,5,exp1_permuted_src_datasets
592,196.638601005,0.0,1739233470.3239737,,,,,,,0.9832550883293152,1.0,0.001,1,16,84x84,MatchingNetwork,3,3,BreaKHis_formatted,TKH,False,1,4000,5,exp1_permuted_src_datasets
593,196.658104913,0.0,1739233470.3419576,,,,,,,0.9807392358779907,1.0,0.001,1,16,84x84,MatchingNetwork,3,3,BreaKHis_formatted,TKH,False,1,4000,5,exp1_permuted_src_datasets
594,196.674664307,0.0,1739233470.3602908,,,,,,,0.9796143174171448,1.0,0.001,1,16,84x84,MatchingNetwork,3,3,BreaKHis_formatted,TKH,False,1,4000,5,exp1_permuted_src_datasets
595,196.691084748,0.0,1739233470.376644,,,,,,,0.9809794425964355,1.0,0.001,1,16,84x84,MatchingNetwork,3,3,BreaKHis_formatted,TKH,False,1,4000,5,exp1_permuted_src_datasets
596,196.709451645,0.0,1739233470.39505,,,,,,,0.9789682626724243,1.0,0.001,1,16,84x84,MatchingNetwork,3,3,BreaKHis_formatted,TKH,False,1,4000,5,exp1_permuted_src_datasets
597,196.727530411,0.0,1739233470.4131308,,,,,,,0.9787678718566895,1.0,0.001,1,16,84x84,MatchingNetwork,3,3,BreaKHis_formatted,TKH,False,1,4000,5,exp1_permuted_src_datasets
598,196.746117639,0.0,1739233470.431652,,,,,,,0.9783294796943665,1.0,0.001,1,16,84x84,MatchingNetwork,3,3,BreaKHis_formatted,TKH,False,1,4000,5,exp1_permuted_src_datasets
599,196.764591553,0.0,1739233470.4502003,,,,,,,0.9793014526367188,1.0,0.001,1,16,84x84,MatchingNetwork,3,3,BreaKHis_formatted,TKH,False,1,4000,5,exp1_permuted_src_datasets
600,196.77669391,0.0,1739233470.4623125,,,,,,,0.9791358709335327,1.0,0.001,1,16,84x84,MatchingNetwork,3,3,BreaKHis_formatted,TKH,False,1,4000,5,exp1_permuted_src_datasets
601,196.787814242,0.0,1739233470.4734468,,,,,,,0.983528733253479,1.0,0.001,1,16,84x84,MatchingNetwork,3,3,BreaKHis_formatted,TKH,False,1,4000,5,exp1_permuted_src_datasets
602,196.798915159,0.0,1739233470.4845407,,,,,,,0.9796533584594727,1.0,0.001,1,16,84x84,MatchingNetwork,3,3,BreaKHis_formatted,TKH,False,1,4000,5,exp1_permuted_src_datasets
603,196.809612441,0.0,1739233470.4952357,,,,,,,0.9786056280136108,1.0,0.001,1,16,84x84,MatchingNetwork,3,3,BreaKHis_formatted,TKH,False,1,4000,5,exp1_permuted_src_datasets
604,196.820427237,0.0,1739233470.5060513,,,,,,,0.9796332120895386,1.0,0.001,1,16,84x84,MatchingNetwork,3,3,BreaKHis_formatted,TKH,False,1,4000,5,exp1_permuted_src_datasets
605,196.831067845,0.0,1739233470.5166504,,,,,,,0.9806118011474609,1.0,0.001,1,16,84x84,MatchingNetwork,3,3,BreaKHis_formatted,TKH,False,1,4000,5,exp1_permuted_src_datasets
606,196.84254555,0.0,1739233470.5281506,,,,,,,0.9812609553337097,1.0,0.001,1,16,84x84,MatchingNetwork,3,3,BreaKHis_formatted,TKH,False,1,4000,5,exp1_permuted_src_datasets
607,196.85465219,0.0,1739233470.5402567,,,,,,,0.981547474861145,1.0,0.001,1,16,84x84,MatchingNetwork,3,3,BreaKHis_formatted,TKH,False,1,4000,5,exp1_permuted_src_datasets
608,196.866585101,0.0,1739233470.5522008,,,,,,,0.9787896871566772,1.0,0.001,1,16,84x84,MatchingNetwork,3,3,BreaKHis_formatted,TKH,False,1,4000,5,exp1_permuted_src_datasets
609,196.885337399,0.0,1739233470.570909,,,,,,,0.9781140685081482,1.0,0.001,1,16,84x84,MatchingNetwork,3,3,BreaKHis_formatted,TKH,False,1,4000,5,exp1_permuted_src_datasets
610,196.904310651,0.0,1739233470.5898602,,,,,,,0.9782688021659851,1.0,0.001,1,16,84x84,MatchingNetwork,3,3,BreaKHis_formatted,TKH,False,1,4000,5,exp1_permuted_src_datasets
611,196.930496427,0.0,1739233470.6158278,,,,,,,0.9789540767669678,1.0,0.001,1,16,84x84,MatchingNetwork,3,3,BreaKHis_formatted,TKH,False,1,4000,5,exp1_permuted_src_datasets
612,196.961551822,0.0,1739233470.6453524,,,,,,,0.9788584113121033,1.0,0.001,1,16,84x84,MatchingNetwork,3,3,BreaKHis_formatted,TKH,False,1,4000,5,exp1_permuted_src_datasets
613,196.976304968,0.0,1739233470.6618981,,,,,,,0.9815495610237122,1.0,0.001,1,16,84x84,MatchingNetwork,3,3,BreaKHis_formatted,TKH,False,1,4000,5,exp1_permuted_src_datasets
614,196.996543906,0.0,1739233470.682084,,,,,,,0.9793599247932434,1.0,0.001,1,16,84x84,MatchingNetwork,3,3,BreaKHis_formatted,TKH,False,1,4000,5,exp1_permuted_src_datasets
615,197.013937618,0.0,1739233470.6995845,,,,,,,0.9797812104225159,1.0,0.001,1,16,84x84,MatchingNetwork,3,3,BreaKHis_formatted,TKH,False,1,4000,5,exp1_permuted_src_datasets
616,197.024720461,0.0,1739233470.7103426,,,,,,,0.983387291431427,1.0,0.001,1,16,84x84,MatchingNetwork,3,3,BreaKHis_formatted,TKH,False,1,4000,5,exp1_permuted_src_datasets
617,197.035182658,0.0,1739233470.7207952,,,,,,,0.9830130338668823,1.0,0.001,1,16,84x84,MatchingNetwork,3,3,BreaKHis_formatted,TKH,False,1,4000,5,exp1_permuted_src_datasets
618,197.047977811,0.0,1739233470.7335966,,,,,,,0.980485737323761,1.0,0.001,1,16,84x84,MatchingNetwork,3,3,BreaKHis_formatted,TKH,False,1,4000,5,exp1_permuted_src_datasets
619,197.062687885,0.0,1739233470.7482808,,,,,,,0.9795002937316895,1.0,0.001,1,16,84x84,MatchingNetwork,3,3,BreaKHis_formatted,TKH,False,1,4000,5,exp1_permuted_src_datasets
620,197.079003364,0.0,1739233470.7646313,,,,,,,0.9800034761428833,1.0,0.001,1,16,84x84,MatchingNetwork,3,3,BreaKHis_formatted,TKH,False,1,4000,5,exp1_permuted_src_datasets
621,197.093200457,0.0,1739233470.7787614,,,,,,,0.9788728952407837,1.0,0.001,1,16,84x84,MatchingNetwork,3,3,BreaKHis_formatted,TKH,False,1,4000,5,exp1_permuted_src_datasets
622,197.103890843,0.0,1739233470.7895324,,,,,,,0.9798793792724609,1.0,0.001,1,16,84x84,MatchingNetwork,3,3,BreaKHis_formatted,TKH,False,1,4000,5,exp1_permuted_src_datasets
623,197.118036137,0.0,1739233470.803621,,,,,,,0.9789085388183594,1.0,0.001,1,16,84x84,MatchingNetwork,3,3,BreaKHis_formatted,TKH,False,1,4000,5,exp1_permuted_src_datasets
624,197.136277565,0.0,1739233470.8218265,,,,,,,0.9786636233329773,1.0,0.001,1,16,84x84,MatchingNetwork,3,3,BreaKHis_formatted,TKH,False,1,4000,5,exp1_permuted_src_datasets
625,197.14749867,0.0,1739233470.833125,,,,,,,0.979350745677948,1.0,0.001,1,16,84x84,MatchingNetwork,3,3,BreaKHis_formatted,TKH,False,1,4000,5,exp1_permuted_src_datasets
626,197.158795859,0.0,1739233470.844357,,,,,,,0.9829860925674438,1.0,0.001,1,16,84x84,MatchingNetwork,3,3,BreaKHis_formatted,TKH,False,1,4000,5,exp1_permuted_src_datasets
627,197.169842453,0.0,1739233470.8554747,,,,,,,0.9786219000816345,1.0,0.001,1,16,84x84,MatchingNetwork,3,3,BreaKHis_formatted,TKH,False,1,4000,5,exp1_permuted_src_datasets
628,197.182108357,0.0,1739233470.8677475,,,,,,,0.977916419506073,1.0,0.001,1,16,84x84,MatchingNetwork,3,3,BreaKHis_formatted,TKH,False,1,4000,5,exp1_permuted_src_datasets
629,200.3295405,0.0,1739233474.015217,,,,,,0.399,,,0.001,1,16,84x84,MatchingNetwork,3,3,BreaKHis_formatted,TKH,False,1,4000,5,exp1_permuted_src_datasets
630,200.345773902,0.0,1739233474.0296273,,,,,,,0.9798076152801514,1.0,0.001,1,16,84x84,MatchingNetwork,3,3,BreaKHis_formatted,TKH,False,1,4000,5,exp1_permuted_src_datasets
631,200.365980541,0.0,1739233474.051459,,,,,,,0.9783948659896851,1.0,0.001,1,16,84x84,MatchingNetwork,3,3,BreaKHis_formatted,TKH,False,1,4000,5,exp1_permuted_src_datasets
632,200.385691166,0.0,1739233474.0712628,,,,,,,0.9802285432815552,1.0,0.001,1,16,84x84,MatchingNetwork,3,3,BreaKHis_formatted,TKH,False,1,4000,5,exp1_permuted_src_datasets
633,200.407102646,0.0,1739233474.0926716,,,,,,,0.9784148335456848,1.0,0.001,1,16,84x84,MatchingNetwork,3,3,BreaKHis_formatted,TKH,False,1,4000,5,exp1_permuted_src_datasets
634,200.42592204,0.0,1739233474.1115367,,,,,,,0.9820561408996582,1.0,0.001,1,16,84x84,MatchingNetwork,3,3,BreaKHis_formatted,TKH,False,1,4000,5,exp1_permuted_src_datasets
635,200.43920786,0.0,1739233474.1248257,,,,,,,0.9788017272949219,1.0,0.001,1,16,84x84,MatchingNetwork,3,3,BreaKHis_formatted,TKH,False,1,4000,5,exp1_permuted_src_datasets
636,200.453929666,0.0,1739233474.1395266,,,,,,,0.9780082702636719,1.0,0.001,1,16,84x84,MatchingNetwork,3,3,BreaKHis_formatted,TKH,False,1,4000,5,exp1_permuted_src_datasets
637,200.504357714,0.0,1739233474.152047,,,,,,,0.9778528809547424,1.0,0.001,1,16,84x84,MatchingNetwork,3,3,BreaKHis_formatted,TKH,False,1,4000,5,exp1_permuted_src_datasets
638,200.504383593,0.0,1739233474.1644886,,,,,,,0.9802637696266174,1.0,0.001,1,16,84x84,MatchingNetwork,3,3,BreaKHis_formatted,TKH,False,1,4000,5,exp1_permuted_src_datasets
639,200.504392537,0.0,1739233474.1769958,,,,,,,0.9796087145805359,1.0,0.001,1,16,84x84,MatchingNetwork,3,3,BreaKHis_formatted,TKH,False,1,4000,5,exp1_permuted_src_datasets
640,200.504865941,0.0,1739233474.1904707,,,,,,,0.9789560437202454,1.0,0.001,1,16,84x84,MatchingNetwork,3,3,BreaKHis_formatted,TKH,False,1,4000,5,exp1_permuted_src_datasets
641,200.517962405,0.0,1739233474.2035074,,,,,,,0.9796485304832458,1.0,0.001,1,16,84x84,MatchingNetwork,3,3,BreaKHis_formatted,TKH,False,1,4000,5,exp1_permuted_src_datasets
642,200.535713025,0.0,1739233474.2212708,,,,,,,0.9792441129684448,1.0,0.001,1,16,84x84,MatchingNetwork,3,3,BreaKHis_formatted,TKH,False,1,4000,5,exp1_permuted_src_datasets
643,200.555580371,0.0,1739233474.2393663,,,,,,,0.978833794593811,1.0,0.001,1,16,84x84,MatchingNetwork,3,3,BreaKHis_formatted,TKH,False,1,4000,5,exp1_permuted_src_datasets
644,200.584923199,0.0,1739233474.2685363,,,,,,,0.9785234332084656,1.0,0.001,1,16,84x84,MatchingNetwork,3,3,BreaKHis_formatted,TKH,False,1,4000,5,exp1_permuted_src_datasets
645,200.604725403,0.0,1739233474.2902956,,,,,,,0.9783300161361694,1.0,0.001,1,16,84x84,MatchingNetwork,3,3,BreaKHis_formatted,TKH,False,1,4000,5,exp1_permuted_src_datasets
646,200.617995246,0.0,1739233474.3036108,,,,,,,0.9786655902862549,1.0,0.001,1,16,84x84,MatchingNetwork,3,3,BreaKHis_formatted,TKH,False,1,4000,5,exp1_permuted_src_datasets
647,200.632968392,0.0,1739233474.3185887,,,,,,,0.9784843921661377,1.0,0.001,1,16,84x84,MatchingNetwork,3,3,BreaKHis_formatted,TKH,False,1,4000,5,exp1_permuted_src_datasets
648,200.644880138,0.0,1739233474.3305175,,,,,,,0.9800314903259277,1.0,0.001,1,16,84x84,MatchingNetwork,3,3,BreaKHis_formatted,TKH,False,1,4000,5,exp1_permuted_src_datasets
649,200.661677543,0.0,1739233474.3472266,,,,,,,0.9786660075187683,1.0,0.001,1,16,84x84,MatchingNetwork,3,3,BreaKHis_formatted,TKH,False,1,4000,5,exp1_permuted_src_datasets
650,200.682025644,0.0,1739233474.3675904,,,,,,,0.9800477623939514,1.0,0.001,1,16,84x84,MatchingNetwork,3,3,BreaKHis_formatted,TKH,False,1,4000,5,exp1_permuted_src_datasets
651,200.702252366,0.0,1739233474.3878126,,,,,,,0.9789449572563171,1.0,0.001,1,16,84x84,MatchingNetwork,3,3,BreaKHis_formatted,TKH,False,1,4000,5,exp1_permuted_src_datasets
652,200.718544467,0.0,1739233474.4040546,,,,,,,0.9783073663711548,1.0,0.001,1,16,84x84,MatchingNetwork,3,3,BreaKHis_formatted,TKH,False,1,4000,5,exp1_permuted_src_datasets
653,200.735769187,0.0,1739233474.421375,,,,,,,0.9780003428459167,1.0,0.001,1,16,84x84,MatchingNetwork,3,3,BreaKHis_formatted,TKH,False,1,4000,5,exp1_permuted_src_datasets
654,200.753661928,0.0,1739233474.4392333,,,,,,,0.9784843921661377,1.0,0.001,1,16,84x84,MatchingNetwork,3,3,BreaKHis_formatted,TKH,False,1,4000,5,exp1_permuted_src_datasets
655,200.76521788,0.0,1739233474.450854,,,,,,,0.9782028794288635,1.0,0.001,1,16,84x84,MatchingNetwork,3,3,BreaKHis_formatted,TKH,False,1,4000,5,exp1_permuted_src_datasets
656,200.780094011,0.0,1739233474.4656868,,,,,,,0.9786841869354248,1.0,0.001,1,16,84x84,MatchingNetwork,3,3,BreaKHis_formatted,TKH,False,1,4000,5,exp1_permuted_src_datasets
657,200.797964939,0.0,1739233474.4835565,,,,,,,0.9786888360977173,1.0,0.001,1,16,84x84,MatchingNetwork,3,3,BreaKHis_formatted,TKH,False,1,4000,5,exp1_permuted_src_datasets
658,200.816457144,0.0,1739233474.5019681,,,,,,,0.9781156778335571,1.0,0.001,1,16,84x84,MatchingNetwork,3,3,BreaKHis_formatted,TKH,False,1,4000,5,exp1_permuted_src_datasets
659,200.83375654,0.0,1739233474.5193377,,,,,,,0.9786533713340759,1.0,0.001,1,16,84x84,MatchingNetwork,3,3,BreaKHis_formatted,TKH,False,1,4000,5,exp1_permuted_src_datasets
660,200.851410912,0.0,1739233474.5370023,,,,,,,0.9792273044586182,1.0,0.001,1,16,84x84,MatchingNetwork,3,3,BreaKHis_formatted,TKH,False,1,4000,5,exp1_permuted_src_datasets
661,200.870499578,0.0,1739233474.5541084,,,,,,,0.9784461855888367,1.0,0.001,1,16,84x84,MatchingNetwork,3,3,BreaKHis_formatted,TKH,False,1,4000,5,exp1_permuted_src_datasets
662,200.890171361,0.0,1739233474.5751793,,,,,,,0.97879958152771,1.0,0.001,1,16,84x84,MatchingNetwork,3,3,BreaKHis_formatted,TKH,False,1,4000,5,exp1_permuted_src_datasets
663,200.910395344,0.0,1739233474.5959277,,,,,,,0.9789982438087463,1.0,0.001,1,16,84x84,MatchingNetwork,3,3,BreaKHis_formatted,TKH,False,1,4000,5,exp1_permuted_src_datasets
664,200.928927064,0.0,1739233474.6145647,,,,,,,0.9778384566307068,1.0,0.001,1,16,84x84,MatchingNetwork,3,3,BreaKHis_formatted,TKH,False,1,4000,5,exp1_permuted_src_datasets
665,200.947043651,0.0,1739233474.6326363,,,,,,,0.9784121513366699,1.0,0.001,1,16,84x84,MatchingNetwork,3,3,BreaKHis_formatted,TKH,False,1,4000,5,exp1_permuted_src_datasets
666,200.967021371,0.0,1739233474.652507,,,,,,,0.9779860377311707,1.0,0.001,1,16,84x84,MatchingNetwork,3,3,BreaKHis_formatted,TKH,False,1,4000,5,exp1_permuted_src_datasets
667,200.986213258,0.0,1739233474.671788,,,,,,,0.9779096841812134,1.0,0.001,1,16,84x84,MatchingNetwork,3,3,BreaKHis_formatted,TKH,False,1,4000,5,exp1_permuted_src_datasets
668,200.99886741,0.0,1739233474.6844778,,,,,,,0.9783575534820557,1.0,0.001,1,16,84x84,MatchingNetwork,3,3,BreaKHis_formatted,TKH,False,1,4000,5,exp1_permuted_src_datasets
669,201.009706068,0.0,1739233474.6953464,,,,,,,0.9780093431472778,1.0,0.001,1,16,84x84,MatchingNetwork,3,3,BreaKHis_formatted,TKH,False,1,4000,5,exp1_permuted_src_datasets
670,201.020186915,0.0,1739233474.7058327,,,,,,,0.9779238104820251,1.0,0.001,1,16,84x84,MatchingNetwork,3,3,BreaKHis_formatted,TKH,False,1,4000,5,exp1_permuted_src_datasets
671,201.036818511,0.0,1739233474.722361,,,,,,,0.9785386323928833,1.0,0.001,1,16,84x84,MatchingNetwork,3,3,BreaKHis_formatted,TKH,False,1,4000,5,exp1_permuted_src_datasets
672,201.056820776,0.0,1739233474.7422972,,,,,,,0.9793620705604553,1.0,0.001,1,16,84x84,MatchingNetwork,3,3,BreaKHis_formatted,TKH,False,1,4000,5,exp1_permuted_src_datasets
673,201.075132956,0.0,1739233474.7607396,,,,,,,0.9779861569404602,1.0,0.001,1,16,84x84,MatchingNetwork,3,3,BreaKHis_formatted,TKH,False,1,4000,5,exp1_permuted_src_datasets
674,201.093005117,0.0,1739233474.7785473,,,,,,,0.9784063696861267,1.0,0.001,1,16,84x84,MatchingNetwork,3,3,BreaKHis_formatted,TKH,False,1,4000,5,exp1_permuted_src_datasets
675,201.107013196,0.0,1739233474.792609,,,,,,,0.9799079895019531,1.0,0.001,1,16,84x84,MatchingNetwork,3,3,BreaKHis_formatted,TKH,False,1,4000,5,exp1_permuted_src_datasets
676,201.123276693,0.0,1739233474.808906,,,,,,,0.9781866669654846,1.0,0.001,1,16,84x84,MatchingNetwork,3,3,BreaKHis_formatted,TKH,False,1,4000,5,exp1_permuted_src_datasets
677,201.141110464,0.0,1739233474.8267095,,,,,,,0.9781714081764221,1.0,0.001,1,16,84x84,MatchingNetwork,3,3,BreaKHis_formatted,TKH,False,1,4000,5,exp1_permuted_src_datasets
678,201.156843584,0.0,1739233474.842403,,,,,,,0.9779361486434937,1.0,0.001,1,16,84x84,MatchingNetwork,3,3,BreaKHis_formatted,TKH,False,1,4000,5,exp1_permuted_src_datasets
679,201.173390288,0.0,1739233474.858956,,,,,,,0.9777252674102783,1.0,0.001,1,16,84x84,MatchingNetwork,3,3,BreaKHis_formatted,TKH,False,1,4000,5,exp1_permuted_src_datasets
680,201.189006527,0.0,1739233474.8745615,,,,,,,0.9778951406478882,1.0,0.001,1,16,84x84,MatchingNetwork,3,3,BreaKHis_formatted,TKH,False,1,4000,5,exp1_permuted_src_datasets
681,201.207470536,0.0,1739233474.8929658,,,,,,,0.978749692440033,1.0,0.001,1,16,84x84,MatchingNetwork,3,3,BreaKHis_formatted,TKH,False,1,4000,5,exp1_permuted_src_datasets
682,201.221389007,0.0,1739233474.9070063,,,,,,,0.9783912897109985,1.0,0.001,1,16,84x84,MatchingNetwork,3,3,BreaKHis_formatted,TKH,False,1,4000,5,exp1_permuted_src_datasets
683,201.23174488,0.0,1739233474.9173884,,,,,,,0.9778865575790405,1.0,0.001,1,16,84x84,MatchingNetwork,3,3,BreaKHis_formatted,TKH,False,1,4000,5,exp1_permuted_src_datasets
684,201.243638017,0.0,1739233474.929249,,,,,,,0.9787318706512451,1.0,0.001,1,16,84x84,MatchingNetwork,3,3,BreaKHis_formatted,TKH,False,1,4000,5,exp1_permuted_src_datasets
685,201.27381969,0.0,1739233474.9474053,,,,,,,0.978509247303009,1.0,0.001,1,16,84x84,MatchingNetwork,3,3,BreaKHis_formatted,TKH,False,1,4000,5,exp1_permuted_src_datasets
686,201.295114682,0.0,1739233474.9805677,,,,,,,0.978188157081604,1.0,0.001,1,16,84x84,MatchingNetwork,3,3,BreaKHis_formatted,TKH,False,1,4000,5,exp1_permuted_src_datasets
687,201.311999834,0.0,1739233474.9954596,,,,,,,0.9794755578041077,1.0,0.001,1,16,84x84,MatchingNetwork,3,3,BreaKHis_formatted,TKH,False,1,4000,5,exp1_permuted_src_datasets
688,201.327990583,0.0,1739233475.0135996,,,,,,,0.9787684679031372,1.0,0.001,1,16,84x84,MatchingNetwork,3,3,BreaKHis_formatted,TKH,False,1,4000,5,exp1_permuted_src_datasets
689,201.338806135,0.0,1739233475.0244443,,,,,,,0.9776983857154846,1.0,0.001,1,16,84x84,MatchingNetwork,3,3,BreaKHis_formatted,TKH,False,1,4000,5,exp1_permuted_src_datasets
690,201.349516705,0.0,1739233475.0351262,,,,,,,0.9793576598167419,1.0,0.001,1,16,84x84,MatchingNetwork,3,3,BreaKHis_formatted,TKH,False,1,4000,5,exp1_permuted_src_datasets
691,201.365114572,0.0,1739233475.0506918,,,,,,,0.9778733849525452,1.0,0.001,1,16,84x84,MatchingNetwork,3,3,BreaKHis_formatted,TKH,False,1,4000,5,exp1_permuted_src_datasets
692,204.321031348,0.0,1739233478.0067067,,,,,,0.38475,,,0.001,1,16,84x84,MatchingNetwork,3,3,BreaKHis_formatted,TKH,False,1,4000,5,exp1_permuted_src_datasets
693,261.57587943,1.0,1739233535.2614644,,,,,,,,,0.001,1,16,84x84,MatchingNetwork,3,3,BreaKHis_formatted,TKH,False,1,4000,5,exp1_permuted_src_datasets
694,265.944446599,1.0,1739233539.6300616,,,,,,0.34175,,,0.001,1,16,84x84,MatchingNetwork,3,3,BreaKHis_formatted,TKH,False,1,4000,5,exp1_permuted_src_datasets
695,265.963651547,1.0,1739233539.647291,,,,,,,0.9841579794883728,1.0,0.001,1,16,84x84,MatchingNetwork,3,3,BreaKHis_formatted,TKH,False,1,4000,5,exp1_permuted_src_datasets
696,265.986950653,1.0,1739233539.6724942,,,,,,,0.9813108444213867,1.0,0.001,1,16,84x84,MatchingNetwork,3,3,BreaKHis_formatted,TKH,False,1,4000,5,exp1_permuted_src_datasets
697,266.016579983,1.0,1739233539.7004411,,,,,,,0.9878379106521606,1.0,0.001,1,16,84x84,MatchingNetwork,3,3,BreaKHis_formatted,TKH,False,1,4000,5,exp1_permuted_src_datasets
698,266.046113375,1.0,1739233539.7300172,,,,,,,0.9809226989746094,1.0,0.001,1,16,84x84,MatchingNetwork,3,3,BreaKHis_formatted,TKH,False,1,4000,5,exp1_permuted_src_datasets
699,266.075352167,1.0,1739233539.759384,,,,,,,0.9843701720237732,0.9375,0.001,1,16,84x84,MatchingNetwork,3,3,BreaKHis_formatted,TKH,False,1,4000,5,exp1_permuted_src_datasets
700,266.098991082,1.0,1739233539.7830324,,,,,,,0.9843555688858032,1.0,0.001,1,16,84x84,MatchingNetwork,3,3,BreaKHis_formatted,TKH,False,1,4000,5,exp1_permuted_src_datasets
701,266.122452021,1.0,1739233539.8042612,,,,,,,0.981629490852356,1.0,0.001,1,16,84x84,MatchingNetwork,3,3,BreaKHis_formatted,TKH,False,1,4000,5,exp1_permuted_src_datasets
702,266.146930225,1.0,1739233539.8314035,,,,,,,0.98124760389328,1.0,0.001,1,16,84x84,MatchingNetwork,3,3,BreaKHis_formatted,TKH,False,1,4000,5,exp1_permuted_src_datasets
703,266.168588723,1.0,1739233539.8538628,,,,,,,0.9795332551002502,1.0,0.001,1,16,84x84,MatchingNetwork,3,3,BreaKHis_formatted,TKH,False,1,4000,5,exp1_permuted_src_datasets
704,266.190033142,1.0,1739233539.8719318,,,,,,,0.9822919964790344,1.0,0.001,1,16,84x84,MatchingNetwork,3,3,BreaKHis_formatted,TKH,False,1,4000,5,exp1_permuted_src_datasets
705,266.218890656,1.0,1739233539.9005313,,,,,,,0.9813352227210999,1.0,0.001,1,16,84x84,MatchingNetwork,3,3,BreaKHis_formatted,TKH,False,1,4000,5,exp1_permuted_src_datasets
706,266.242052545,1.0,1739233539.9273632,,,,,,,0.9815139770507812,1.0,0.001,1,16,84x84,MatchingNetwork,3,3,BreaKHis_formatted,TKH,False,1,4000,5,exp1_permuted_src_datasets
707,266.271609535,1.0,1739233539.95571,,,,,,,0.9890201687812805,0.8125,0.001,1,16,84x84,MatchingNetwork,3,3,BreaKHis_formatted,TKH,False,1,4000,5,exp1_permuted_src_datasets
708,266.292255669,1.0,1739233539.9778202,,,,,,,0.9803323149681091,1.0,0.001,1,16,84x84,MatchingNetwork,3,3,BreaKHis_formatted,TKH,False,1,4000,5,exp1_permuted_src_datasets
709,266.315596179,1.0,1739233539.999136,,,,,,,0.9826457500457764,1.0,0.001,1,16,84x84,MatchingNetwork,3,3,BreaKHis_formatted,TKH,False,1,4000,5,exp1_permuted_src_datasets
710,266.346313687,1.0,1739233540.0317178,,,,,,,0.9860584735870361,1.0,0.001,1,16,84x84,MatchingNetwork,3,3,BreaKHis_formatted,TKH,False,1,4000,5,exp1_permuted_src_datasets
711,266.370499385,1.0,1739233540.0558367,,,,,,,0.98060142993927,1.0,0.001,1,16,84x84,MatchingNetwork,3,3,BreaKHis_formatted,TKH,False,1,4000,5,exp1_permuted_src_datasets
712,266.401747008,1.0,1739233540.0857944,,,,,,,0.9795363545417786,1.0,0.001,1,16,84x84,MatchingNetwork,3,3,BreaKHis_formatted,TKH,False,1,4000,5,exp1_permuted_src_datasets
713,266.424770944,1.0,1739233540.106423,,,,,,,0.984697163105011,1.0,0.001,1,16,84x84,MatchingNetwork,3,3,BreaKHis_formatted,TKH,False,1,4000,5,exp1_permuted_src_datasets
714,266.45463312,1.0,1739233540.1394765,,,,,,,0.9812428951263428,1.0,0.001,1,16,84x84,MatchingNetwork,3,3,BreaKHis_formatted,TKH,False,1,4000,5,exp1_permuted_src_datasets
715,266.480904479,1.0,1739233540.1662881,,,,,,,0.9795111417770386,1.0,0.001,1,16,84x84,MatchingNetwork,3,3,BreaKHis_formatted,TKH,False,1,4000,5,exp1_permuted_src_datasets
716,266.512975726,1.0,1739233540.1944911,,,,,,,0.982291042804718,1.0,0.001,1,16,84x84,MatchingNetwork,3,3,BreaKHis_formatted,TKH,False,1,4000,5,exp1_permuted_src_datasets
717,266.540905199,1.0,1739233540.2250974,,,,,,,0.9808331727981567,1.0,0.001,1,16,84x84,MatchingNetwork,3,3,BreaKHis_formatted,TKH,False,1,4000,5,exp1_permuted_src_datasets
718,266.566668698,1.0,1739233540.2508762,,,,,,,0.9797986745834351,1.0,0.001,1,16,84x84,MatchingNetwork,3,3,BreaKHis_formatted,TKH,False,1,4000,5,exp1_permuted_src_datasets
719,266.589298257,1.0,1739233540.2745185,,,,,,,0.9811387658119202,1.0,0.001,1,16,84x84,MatchingNetwork,3,3,BreaKHis_formatted,TKH,False,1,4000,5,exp1_permuted_src_datasets
720,266.612478047,1.0,1739233540.2953043,,,,,,,0.985102117061615,1.0,0.001,1,16,84x84,MatchingNetwork,3,3,BreaKHis_formatted,TKH,False,1,4000,5,exp1_permuted_src_datasets
721,266.645230609,1.0,1739233540.3297932,,,,,,,0.9850876927375793,0.875,0.001,1,16,84x84,MatchingNetwork,3,3,BreaKHis_formatted,TKH,False,1,4000,5,exp1_permuted_src_datasets
722,266.670357019,1.0,1739233540.3542984,,,,,,,0.9861344695091248,1.0,0.001,1,16,84x84,MatchingNetwork,3,3,BreaKHis_formatted,TKH,False,1,4000,5,exp1_permuted_src_datasets
723,266.692319137,1.0,1739233540.3778088,,,,,,,0.9787046909332275,1.0,0.001,1,16,84x84,MatchingNetwork,3,3,BreaKHis_formatted,TKH,False,1,4000,5,exp1_permuted_src_datasets
724,266.718208958,1.0,1739233540.4024658,,,,,,,0.9787096381187439,1.0,0.001,1,16,84x84,MatchingNetwork,3,3,BreaKHis_formatted,TKH,False,1,4000,5,exp1_permuted_src_datasets
725,266.739586623,1.0,1739233540.4248788,,,,,,,0.9847831130027771,1.0,0.001,1,16,84x84,MatchingNetwork,3,3,BreaKHis_formatted,TKH,False,1,4000,5,exp1_permuted_src_datasets
726,266.768688261,1.0,1739233540.4517567,,,,,,,0.9815638065338135,1.0,0.001,1,16,84x84,MatchingNetwork,3,3,BreaKHis_formatted,TKH,False,1,4000,5,exp1_permuted_src_datasets
727,266.8013595,1.0,1739233540.48538,,,,,,,0.979288637638092,1.0,0.001,1,16,84x84,MatchingNetwork,3,3,BreaKHis_formatted,TKH,False,1,4000,5,exp1_permuted_src_datasets
728,266.821046067,1.0,1739233540.5063975,,,,,,,0.9798584580421448,1.0,0.001,1,16,84x84,MatchingNetwork,3,3,BreaKHis_formatted,TKH,False,1,4000,5,exp1_permuted_src_datasets
729,266.847664785,1.0,1739233540.5328434,,,,,,,0.9783169031143188,1.0,0.001,1,16,84x84,MatchingNetwork,3,3,BreaKHis_formatted,TKH,False,1,4000,5,exp1_permuted_src_datasets
730,266.87158366,1.0,1739233540.5549793,,,,,,,0.9804437756538391,1.0,0.001,1,16,84x84,MatchingNetwork,3,3,BreaKHis_formatted,TKH,False,1,4000,5,exp1_permuted_src_datasets
731,266.899535497,1.0,1739233540.5834942,,,,,,,0.9782474637031555,1.0,0.001,1,16,84x84,MatchingNetwork,3,3,BreaKHis_formatted,TKH,False,1,4000,5,exp1_permuted_src_datasets
732,266.918453008,1.0,1739233540.601939,,,,,,,0.9806218147277832,1.0,0.001,1,16,84x84,MatchingNetwork,3,3,BreaKHis_formatted,TKH,False,1,4000,5,exp1_permuted_src_datasets
733,266.939648687,1.0,1739233540.6250925,,,,,,,1.0391966104507446,0.6875,0.001,1,16,84x84,MatchingNetwork,3,3,BreaKHis_formatted,TKH,False,1,4000,5,exp1_permuted_src_datasets
734,266.963236785,1.0,1739233540.6465023,,,,,,,0.978694498538971,1.0,0.001,1,16,84x84,MatchingNetwork,3,3,BreaKHis_formatted,TKH,False,1,4000,5,exp1_permuted_src_datasets
735,266.993750433,1.0,1739233540.6753771,,,,,,,0.9787251949310303,1.0,0.001,1,16,84x84,MatchingNetwork,3,3,BreaKHis_formatted,TKH,False,1,4000,5,exp1_permuted_src_datasets
736,267.01914516,1.0,1739233540.7045429,,,,,,,0.9794813990592957,1.0,0.001,1,16,84x84,MatchingNetwork,3,3,BreaKHis_formatted,TKH,False,1,4000,5,exp1_permuted_src_datasets
737,267.041695354,1.0,1739233540.727011,,,,,,,0.9784458875656128,1.0,0.001,1,16,84x84,MatchingNetwork,3,3,BreaKHis_formatted,TKH,False,1,4000,5,exp1_permuted_src_datasets
738,267.069099782,1.0,1739233540.7544675,,,,,,,0.9830954074859619,1.0,0.001,1,16,84x84,MatchingNetwork,3,3,BreaKHis_formatted,TKH,False,1,4000,5,exp1_permuted_src_datasets
739,267.098407935,1.0,1739233540.779673,,,,,,,0.9803275465965271,1.0,0.001,1,16,84x84,MatchingNetwork,3,3,BreaKHis_formatted,TKH,False,1,4000,5,exp1_permuted_src_datasets
740,267.124971823,1.0,1739233540.8085868,,,,,,,0.979142427444458,0.9375,0.001,1,16,84x84,MatchingNetwork,3,3,BreaKHis_formatted,TKH,False,1,4000,5,exp1_permuted_src_datasets
741,267.147369496,1.0,1739233540.8327181,,,,,,,0.9811977744102478,1.0,0.001,1,16,84x84,MatchingNetwork,3,3,BreaKHis_formatted,TKH,False,1,4000,5,exp1_permuted_src_datasets
742,267.168585352,1.0,1739233540.8524384,,,,,,,0.9822400808334351,1.0,0.001,1,16,84x84,MatchingNetwork,3,3,BreaKHis_formatted,TKH,False,1,4000,5,exp1_permuted_src_datasets
743,267.206189625,1.0,1739233540.8877547,,,,,,,0.9801260828971863,1.0,0.001,1,16,84x84,MatchingNetwork,3,3,BreaKHis_formatted,TKH,False,1,4000,5,exp1_permuted_src_datasets
744,267.236020244,1.0,1739233540.9210496,,,,,,,0.978676974773407,1.0,0.001,1,16,84x84,MatchingNetwork,3,3,BreaKHis_formatted,TKH,False,1,4000,5,exp1_permuted_src_datasets
745,267.269921728,1.0,1739233540.955411,,,,,,,0.9789408445358276,1.0,0.001,1,16,84x84,MatchingNetwork,3,3,BreaKHis_formatted,TKH,False,1,4000,5,exp1_permuted_src_datasets
746,267.297965917,1.0,1739233540.9828763,,,,,,,0.9800159931182861,1.0,0.001,1,16,84x84,MatchingNetwork,3,3,BreaKHis_formatted,TKH,False,1,4000,5,exp1_permuted_src_datasets
747,267.329811988,1.0,1739233541.0150185,,,,,,,0.9793716669082642,1.0,0.001,1,16,84x84,MatchingNetwork,3,3,BreaKHis_formatted,TKH,False,1,4000,5,exp1_permuted_src_datasets
748,267.353191122,1.0,1739233541.0385227,,,,,,,0.9802793860435486,1.0,0.001,1,16,84x84,MatchingNetwork,3,3,BreaKHis_formatted,TKH,False,1,4000,5,exp1_permuted_src_datasets
749,267.385232635,1.0,1739233541.068976,,,,,,,0.9808337092399597,1.0,0.001,1,16,84x84,MatchingNetwork,3,3,BreaKHis_formatted,TKH,False,1,4000,5,exp1_permuted_src_datasets
750,267.407543866,1.0,1739233541.0917766,,,,,,,0.9787586331367493,1.0,0.001,1,16,84x84,MatchingNetwork,3,3,BreaKHis_formatted,TKH,False,1,4000,5,exp1_permuted_src_datasets
751,267.426689096,1.0,1739233541.1120226,,,,,,,0.9813358783721924,1.0,0.001,1,16,84x84,MatchingNetwork,3,3,BreaKHis_formatted,TKH,False,1,4000,5,exp1_permuted_src_datasets
752,267.451259517,1.0,1739233541.1364777,,,,,,,0.9805452227592468,1.0,0.001,1,16,84x84,MatchingNetwork,3,3,BreaKHis_formatted,TKH,False,1,4000,5,exp1_permuted_src_datasets
753,267.470809282,1.0,1739233541.152597,,,,,,,0.9795535802841187,1.0,0.001,1,16,84x84,MatchingNetwork,3,3,BreaKHis_formatted,TKH,False,1,4000,5,exp1_permuted_src_datasets
754,267.499552735,1.0,1739233541.1812763,,,,,,,0.9791581034660339,1.0,0.001,1,16,84x84,MatchingNetwork,3,3,BreaKHis_formatted,TKH,False,1,4000,5,exp1_permuted_src_datasets
755,267.529996995,1.0,1739233541.2153227,,,,,,,0.9795803427696228,1.0,0.001,1,16,84x84,MatchingNetwork,3,3,BreaKHis_formatted,TKH,False,1,4000,5,exp1_permuted_src_datasets
756,267.549650776,1.0,1739233541.233493,,,,,,,0.9786573648452759,1.0,0.001,1,16,84x84,MatchingNetwork,3,3,BreaKHis_formatted,TKH,False,1,4000,5,exp1_permuted_src_datasets
757,271.911010689,1.0,1739233545.5966465,,,,,,0.38425,,,0.001,1,16,84x84,MatchingNetwork,3,3,BreaKHis_formatted,TKH,False,1,4000,5,exp1_permuted_src_datasets
758,271.938687515,1.0,1739233545.6235502,,,,,,,0.9784191250801086,1.0,0.001,1,16,84x84,MatchingNetwork,3,3,BreaKHis_formatted,TKH,False,1,4000,5,exp1_permuted_src_datasets
759,271.964755778,1.0,1739233545.6500576,,,,,,,0.9832032322883606,1.0,0.001,1,16,84x84,MatchingNetwork,3,3,BreaKHis_formatted,TKH,False,1,4000,5,exp1_permuted_src_datasets
760,271.985707846,1.0,1739233545.6698341,,,,,,,0.9782528877258301,1.0,0.001,1,16,84x84,MatchingNetwork,3,3,BreaKHis_formatted,TKH,False,1,4000,5,exp1_permuted_src_datasets
761,272.012966274,1.0,1739233545.698196,,,,,,,0.9803391695022583,1.0,0.001,1,16,84x84,MatchingNetwork,3,3,BreaKHis_formatted,TKH,False,1,4000,5,exp1_permuted_src_datasets
762,272.03023564,1.0,1739233545.7155726,,,,,,,0.9780272841453552,1.0,0.001,1,16,84x84,MatchingNetwork,3,3,BreaKHis_formatted,TKH,False,1,4000,5,exp1_permuted_src_datasets
763,272.05656218,1.0,1739233545.7420082,,,,,,,0.9785659909248352,1.0,0.001,1,16,84x84,MatchingNetwork,3,3,BreaKHis_formatted,TKH,False,1,4000,5,exp1_permuted_src_datasets
764,272.078764919,1.0,1739233545.763986,,,,,,,0.9783786535263062,1.0,0.001,1,16,84x84,MatchingNetwork,3,3,BreaKHis_formatted,TKH,False,1,4000,5,exp1_permuted_src_datasets
765,272.107376463,1.0,1739233545.7921598,,,,,,,0.985166609287262,1.0,0.001,1,16,84x84,MatchingNetwork,3,3,BreaKHis_formatted,TKH,False,1,4000,5,exp1_permuted_src_datasets
766,272.131872911,1.0,1739233545.8171895,,,,,,,0.9779587984085083,1.0,0.001,1,16,84x84,MatchingNetwork,3,3,BreaKHis_formatted,TKH,False,1,4000,5,exp1_permuted_src_datasets
767,272.162850951,1.0,1739233545.8475595,,,,,,,0.9798715114593506,1.0,0.001,1,16,84x84,MatchingNetwork,3,3,BreaKHis_formatted,TKH,False,1,4000,5,exp1_permuted_src_datasets
768,272.187117853,1.0,1739233545.8725193,,,,,,,0.979570746421814,1.0,0.001,1,16,84x84,MatchingNetwork,3,3,BreaKHis_formatted,TKH,False,1,4000,5,exp1_permuted_src_datasets
769,272.214752797,1.0,1739233545.8999581,,,,,,,0.9836593270301819,1.0,0.001,1,16,84x84,MatchingNetwork,3,3,BreaKHis_formatted,TKH,False,1,4000,5,exp1_permuted_src_datasets
770,272.243250279,1.0,1739233545.9282775,,,,,,,0.9786750674247742,1.0,0.001,1,16,84x84,MatchingNetwork,3,3,BreaKHis_formatted,TKH,False,1,4000,5,exp1_permuted_src_datasets
771,272.26729225,1.0,1739233545.951908,,,,,,,0.979087233543396,1.0,0.001,1,16,84x84,MatchingNetwork,3,3,BreaKHis_formatted,TKH,False,1,4000,5,exp1_permuted_src_datasets
772,272.286458621,1.0,1739233545.9717336,,,,,,,0.9789291620254517,1.0,0.001,1,16,84x84,MatchingNetwork,3,3,BreaKHis_formatted,TKH,False,1,4000,5,exp1_permuted_src_datasets
773,272.310861921,1.0,1739233545.9961197,,,,,,,0.979179859161377,1.0,0.001,1,16,84x84,MatchingNetwork,3,3,BreaKHis_formatted,TKH,False,1,4000,5,exp1_permuted_src_datasets
774,272.337523157,1.0,1739233546.0229483,,,,,,,0.9791957139968872,1.0,0.001,1,16,84x84,MatchingNetwork,3,3,BreaKHis_formatted,TKH,False,1,4000,5,exp1_permuted_src_datasets
775,272.361772756,1.0,1739233546.047029,,,,,,,0.9783903360366821,1.0,0.001,1,16,84x84,MatchingNetwork,3,3,BreaKHis_formatted,TKH,False,1,4000,5,exp1_permuted_src_datasets
776,272.382782631,1.0,1739233546.0646937,,,,,,,0.9786489009857178,1.0,0.001,1,16,84x84,MatchingNetwork,3,3,BreaKHis_formatted,TKH,False,1,4000,5,exp1_permuted_src_datasets
777,272.41292427,1.0,1739233546.0974934,,,,,,,0.9783051013946533,1.0,0.001,1,16,84x84,MatchingNetwork,3,3,BreaKHis_formatted,TKH,False,1,4000,5,exp1_permuted_src_datasets
778,272.441708841,1.0,1739233546.1269956,,,,,,,0.9826908707618713,1.0,0.001,1,16,84x84,MatchingNetwork,3,3,BreaKHis_formatted,TKH,False,1,4000,5,exp1_permuted_src_datasets
779,272.465732638,1.0,1739233546.1511347,,,,,,,0.9790346622467041,1.0,0.001,1,16,84x84,MatchingNetwork,3,3,BreaKHis_formatted,TKH,False,1,4000,5,exp1_permuted_src_datasets
780,272.485726696,1.0,1739233546.1711438,,,,,,,0.9788179397583008,1.0,0.001,1,16,84x84,MatchingNetwork,3,3,BreaKHis_formatted,TKH,False,1,4000,5,exp1_permuted_src_datasets
781,272.507731204,1.0,1739233546.1912737,,,,,,,0.9781453013420105,1.0,0.001,1,16,84x84,MatchingNetwork,3,3,BreaKHis_formatted,TKH,False,1,4000,5,exp1_permuted_src_datasets
782,272.529982144,1.0,1739233546.2154667,,,,,,,0.9797286987304688,1.0,0.001,1,16,84x84,MatchingNetwork,3,3,BreaKHis_formatted,TKH,False,1,4000,5,exp1_permuted_src_datasets
783,272.55525832,1.0,1739233546.2396688,,,,,,,0.9834834337234497,1.0,0.001,1,16,84x84,MatchingNetwork,3,3,BreaKHis_formatted,TKH,False,1,4000,5,exp1_permuted_src_datasets
784,272.572653039,1.0,1739233546.2578762,,,,,,,0.9790344834327698,1.0,0.001,1,16,84x84,MatchingNetwork,3,3,BreaKHis_formatted,TKH,False,1,4000,5,exp1_permuted_src_datasets
785,272.59438292,1.0,1739233546.2791173,,,,,,,0.9792749881744385,1.0,0.001,1,16,84x84,MatchingNetwork,3,3,BreaKHis_formatted,TKH,False,1,4000,5,exp1_permuted_src_datasets
786,272.613893401,1.0,1739233546.2978957,,,,,,,0.978364109992981,1.0,0.001,1,16,84x84,MatchingNetwork,3,3,BreaKHis_formatted,TKH,False,1,4000,5,exp1_permuted_src_datasets
787,272.641611463,1.0,1739233546.327013,,,,,,,0.9787042140960693,1.0,0.001,1,16,84x84,MatchingNetwork,3,3,BreaKHis_formatted,TKH,False,1,4000,5,exp1_permuted_src_datasets
788,272.668225313,1.0,1739233546.3533366,,,,,,,0.9789676666259766,1.0,0.001,1,16,84x84,MatchingNetwork,3,3,BreaKHis_formatted,TKH,False,1,4000,5,exp1_permuted_src_datasets
789,272.688700544,1.0,1739233546.3737204,,,,,,,0.9811424016952515,1.0,0.001,1,16,84x84,MatchingNetwork,3,3,BreaKHis_formatted,TKH,False,1,4000,5,exp1_permuted_src_datasets
790,272.709434787,1.0,1739233546.3948195,,,,,,,0.9811017513275146,1.0,0.001,1,16,84x84,MatchingNetwork,3,3,BreaKHis_formatted,TKH,False,1,4000,5,exp1_permuted_src_datasets
791,272.729615876,1.0,1739233546.414952,,,,,,,0.9780715107917786,1.0,0.001,1,16,84x84,MatchingNetwork,3,3,BreaKHis_formatted,TKH,False,1,4000,5,exp1_permuted_src_datasets
792,272.747403685,1.0,1739233546.4328308,,,,,,,0.9817536473274231,1.0,0.001,1,16,84x84,MatchingNetwork,3,3,BreaKHis_formatted,TKH,False,1,4000,5,exp1_permuted_src_datasets
793,272.768673034,1.0,1739233546.4539022,,,,,,,0.9796113967895508,1.0,0.001,1,16,84x84,MatchingNetwork,3,3,BreaKHis_formatted,TKH,False,1,4000,5,exp1_permuted_src_datasets
794,272.791765109,1.0,1739233546.477191,,,,,,,0.9785159230232239,1.0,0.001,1,16,84x84,MatchingNetwork,3,3,BreaKHis_formatted,TKH,False,1,4000,5,exp1_permuted_src_datasets
795,272.815840737,1.0,1739233546.5011556,,,,,,,0.9785175323486328,1.0,0.001,1,16,84x84,MatchingNetwork,3,3,BreaKHis_formatted,TKH,False,1,4000,5,exp1_permuted_src_datasets
796,272.839014128,1.0,1739233546.5241928,,,,,,,0.9831518530845642,1.0,0.001,1,16,84x84,MatchingNetwork,3,3,BreaKHis_formatted,TKH,False,1,4000,5,exp1_permuted_src_datasets
797,272.859486436,1.0,1739233546.5437176,,,,,,,0.9783456325531006,1.0,0.001,1,16,84x84,MatchingNetwork,3,3,BreaKHis_formatted,TKH,False,1,4000,5,exp1_permuted_src_datasets
798,272.879306364,1.0,1739233546.5645316,,,,,,,0.9784715175628662,1.0,0.001,1,16,84x84,MatchingNetwork,3,3,BreaKHis_formatted,TKH,False,1,4000,5,exp1_permuted_src_datasets
799,272.896484997,1.0,1739233546.5818646,,,,,,,0.9782822132110596,1.0,0.001,1,16,84x84,MatchingNetwork,3,3,BreaKHis_formatted,TKH,False,1,4000,5,exp1_permuted_src_datasets
800,272.91768525,1.0,1739233546.60273,,,,,,,0.9806398749351501,1.0,0.001,1,16,84x84,MatchingNetwork,3,3,BreaKHis_formatted,TKH,False,1,4000,5,exp1_permuted_src_datasets
801,272.936309618,1.0,1739233546.6216605,,,,,,,0.9792488813400269,1.0,0.001,1,16,84x84,MatchingNetwork,3,3,BreaKHis_formatted,TKH,False,1,4000,5,exp1_permuted_src_datasets
802,272.956582418,1.0,1739233546.641866,,,,,,,0.9783759713172913,1.0,0.001,1,16,84x84,MatchingNetwork,3,3,BreaKHis_formatted,TKH,False,1,4000,5,exp1_permuted_src_datasets
803,272.978036238,1.0,1739233546.66335,,,,,,,0.9782655239105225,1.0,0.001,1,16,84x84,MatchingNetwork,3,3,BreaKHis_formatted,TKH,False,1,4000,5,exp1_permuted_src_datasets
804,273.004941651,1.0,1739233546.6902602,,,,,,,0.9780928492546082,1.0,0.001,1,16,84x84,MatchingNetwork,3,3,BreaKHis_formatted,TKH,False,1,4000,5,exp1_permuted_src_datasets
805,273.028443228,1.0,1739233546.7133167,,,,,,,0.9789350032806396,1.0,0.001,1,16,84x84,MatchingNetwork,3,3,BreaKHis_formatted,TKH,False,1,4000,5,exp1_permuted_src_datasets
806,273.051412329,1.0,1739233546.7366786,,,,,,,0.9794900417327881,1.0,0.001,1,16,84x84,MatchingNetwork,3,3,BreaKHis_formatted,TKH,False,1,4000,5,exp1_permuted_src_datasets
807,273.076042642,1.0,1739233546.7602422,,,,,,,0.9782618880271912,1.0,0.001,1,16,84x84,MatchingNetwork,3,3,BreaKHis_formatted,TKH,False,1,4000,5,exp1_permuted_src_datasets
808,273.095986294,1.0,1739233546.7812946,,,,,,,0.9793236255645752,1.0,0.001,1,16,84x84,MatchingNetwork,3,3,BreaKHis_formatted,TKH,False,1,4000,5,exp1_permuted_src_datasets
809,273.125446242,1.0,1739233546.8091393,,,,,,,0.9785301089286804,1.0,0.001,1,16,84x84,MatchingNetwork,3,3,BreaKHis_formatted,TKH,False,1,4000,5,exp1_permuted_src_datasets
810,273.146793938,1.0,1739233546.8322153,,,,,,,0.9835015535354614,1.0,0.001,1,16,84x84,MatchingNetwork,3,3,BreaKHis_formatted,TKH,False,1,4000,5,exp1_permuted_src_datasets
811,273.169844943,1.0,1739233546.8549678,,,,,,,0.9789230227470398,1.0,0.001,1,16,84x84,MatchingNetwork,3,3,BreaKHis_formatted,TKH,False,1,4000,5,exp1_permuted_src_datasets
812,273.195307898,1.0,1739233546.8804855,,,,,,,0.9794049859046936,1.0,0.001,1,16,84x84,MatchingNetwork,3,3,BreaKHis_formatted,TKH,False,1,4000,5,exp1_permuted_src_datasets
813,273.219278363,1.0,1739233546.904465,,,,,,,0.9785101413726807,1.0,0.001,1,16,84x84,MatchingNetwork,3,3,BreaKHis_formatted,TKH,False,1,4000,5,exp1_permuted_src_datasets
814,273.247118176,1.0,1739233546.93128,,,,,,,0.98321133852005,1.0,0.001,1,16,84x84,MatchingNetwork,3,3,BreaKHis_formatted,TKH,False,1,4000,5,exp1_permuted_src_datasets
815,273.268630366,1.0,1739233546.9526992,,,,,,,0.9778230786323547,1.0,0.001,1,16,84x84,MatchingNetwork,3,3,BreaKHis_formatted,TKH,False,1,4000,5,exp1_permuted_src_datasets
816,273.286737688,1.0,1739233546.9720867,,,,,,,0.9780458211898804,1.0,0.001,1,16,84x84,MatchingNetwork,3,3,BreaKHis_formatted,TKH,False,1,4000,5,exp1_permuted_src_datasets
817,273.309943735,1.0,1739233546.9951487,,,,,,,0.9806057810783386,1.0,0.001,1,16,84x84,MatchingNetwork,3,3,BreaKHis_formatted,TKH,False,1,4000,5,exp1_permuted_src_datasets
818,273.33364182,1.0,1739233547.0183597,,,,,,,0.9789129495620728,1.0,0.001,1,16,84x84,MatchingNetwork,3,3,BreaKHis_formatted,TKH,False,1,4000,5,exp1_permuted_src_datasets
819,273.362085171,1.0,1739233547.0458524,,,,,,,0.977946937084198,1.0,0.001,1,16,84x84,MatchingNetwork,3,3,BreaKHis_formatted,TKH,False,1,4000,5,exp1_permuted_src_datasets
820,277.663967418,1.0,1739233551.349574,,,,,,0.38875,,,0.001,1,16,84x84,MatchingNetwork,3,3,BreaKHis_formatted,TKH,False,1,4000,5,exp1_permuted_src_datasets
821,277.681222382,1.0,1739233551.3667169,,,,,,,0.9795641899108887,1.0,0.001,1,16,84x84,MatchingNetwork,3,3,BreaKHis_formatted,TKH,False,1,4000,5,exp1_permuted_src_datasets
822,277.699053941,1.0,1739233551.384577,,,,,,,0.9781542420387268,1.0,0.001,1,16,84x84,MatchingNetwork,3,3,BreaKHis_formatted,TKH,False,1,4000,5,exp1_permuted_src_datasets
823,277.72420702,1.0,1739233551.40958,,,,,,,0.9795244932174683,1.0,0.001,1,16,84x84,MatchingNetwork,3,3,BreaKHis_formatted,TKH,False,1,4000,5,exp1_permuted_src_datasets
824,277.744074798,1.0,1739233551.4293878,,,,,,,0.9782385230064392,1.0,0.001,1,16,84x84,MatchingNetwork,3,3,BreaKHis_formatted,TKH,False,1,4000,5,exp1_permuted_src_datasets
825,277.767871283,1.0,1739233551.4532006,,,,,,,0.9788217544555664,1.0,0.001,1,16,84x84,MatchingNetwork,3,3,BreaKHis_formatted,TKH,False,1,4000,5,exp1_permuted_src_datasets
826,277.786475009,1.0,1739233551.4718592,,,,,,,0.9791127443313599,1.0,0.001,1,16,84x84,MatchingNetwork,3,3,BreaKHis_formatted,TKH,False,1,4000,5,exp1_permuted_src_datasets
827,277.805910129,1.0,1739233551.4913294,,,,,,,0.9778860807418823,1.0,0.001,1,16,84x84,MatchingNetwork,3,3,BreaKHis_formatted,TKH,False,1,4000,5,exp1_permuted_src_datasets
828,277.828589634,1.0,1739233551.5137162,,,,,,,0.9779369831085205,1.0,0.001,1,16,84x84,MatchingNetwork,3,3,BreaKHis_formatted,TKH,False,1,4000,5,exp1_permuted_src_datasets
829,277.857426932,1.0,1739233551.5413496,,,,,,,0.9791136980056763,1.0,0.001,1,16,84x84,MatchingNetwork,3,3,BreaKHis_formatted,TKH,False,1,4000,5,exp1_permuted_src_datasets
830,277.879149254,1.0,1739233551.564526,,,,,,,0.9785502552986145,1.0,0.001,1,16,84x84,MatchingNetwork,3,3,BreaKHis_formatted,TKH,False,1,4000,5,exp1_permuted_src_datasets
831,277.897492964,1.0,1739233551.5828764,,,,,,,0.9780864715576172,1.0,0.001,1,16,84x84,MatchingNetwork,3,3,BreaKHis_formatted,TKH,False,1,4000,5,exp1_permuted_src_datasets
832,277.91709057,1.0,1739233551.6010745,,,,,,,0.9782469272613525,1.0,0.001,1,16,84x84,MatchingNetwork,3,3,BreaKHis_formatted,TKH,False,1,4000,5,exp1_permuted_src_datasets
833,277.93412747,1.0,1739233551.6195772,,,,,,,0.9784227609634399,1.0,0.001,1,16,84x84,MatchingNetwork,3,3,BreaKHis_formatted,TKH,False,1,4000,5,exp1_permuted_src_datasets
834,277.956697901,1.0,1739233551.6418695,,,,,,,0.9798446297645569,1.0,0.001,1,16,84x84,MatchingNetwork,3,3,BreaKHis_formatted,TKH,False,1,4000,5,exp1_permuted_src_datasets
835,277.973445126,1.0,1739233551.6589391,,,,,,,0.9786744117736816,1.0,0.001,1,16,84x84,MatchingNetwork,3,3,BreaKHis_formatted,TKH,False,1,4000,5,exp1_permuted_src_datasets
836,277.993175506,1.0,1739233551.678597,,,,,,,0.9795033931732178,1.0,0.001,1,16,84x84,MatchingNetwork,3,3,BreaKHis_formatted,TKH,False,1,4000,5,exp1_permuted_src_datasets
837,278.009586745,1.0,1739233551.693168,,,,,,,0.978695809841156,1.0,0.001,1,16,84x84,MatchingNetwork,3,3,BreaKHis_formatted,TKH,False,1,4000,5,exp1_permuted_src_datasets
838,278.033415771,1.0,1739233551.7187495,,,,,,,0.9787233471870422,1.0,0.001,1,16,84x84,MatchingNetwork,3,3,BreaKHis_formatted,TKH,False,1,4000,5,exp1_permuted_src_datasets
839,278.048108054,1.0,1739233551.7334394,,,,,,,0.978671669960022,1.0,0.001,1,16,84x84,MatchingNetwork,3,3,BreaKHis_formatted,TKH,False,1,4000,5,exp1_permuted_src_datasets
840,278.067981431,1.0,1739233551.7535279,,,,,,,0.9781402945518494,1.0,0.001,1,16,84x84,MatchingNetwork,3,3,BreaKHis_formatted,TKH,False,1,4000,5,exp1_permuted_src_datasets
841,278.090813569,1.0,1739233551.7761543,,,,,,,0.9801859259605408,1.0,0.001,1,16,84x84,MatchingNetwork,3,3,BreaKHis_formatted,TKH,False,1,4000,5,exp1_permuted_src_datasets
842,278.106397855,1.0,1739233551.791894,,,,,,,0.9780659079551697,1.0,0.001,1,16,84x84,MatchingNetwork,3,3,BreaKHis_formatted,TKH,False,1,4000,5,exp1_permuted_src_datasets
843,278.129109846,1.0,1739233551.8144336,,,,,,,0.9783168435096741,1.0,0.001,1,16,84x84,MatchingNetwork,3,3,BreaKHis_formatted,TKH,False,1,4000,5,exp1_permuted_src_datasets
844,278.150632231,1.0,1739233551.8359983,,,,,,,0.9795043468475342,1.0,0.001,1,16,84x84,MatchingNetwork,3,3,BreaKHis_formatted,TKH,False,1,4000,5,exp1_permuted_src_datasets
845,278.169121448,1.0,1739233551.854513,,,,,,,0.9832236766815186,1.0,0.001,1,16,84x84,MatchingNetwork,3,3,BreaKHis_formatted,TKH,False,1,4000,5,exp1_permuted_src_datasets
846,278.189420189,1.0,1739233551.8734944,,,,,,,0.9784665107727051,1.0,0.001,1,16,84x84,MatchingNetwork,3,3,BreaKHis_formatted,TKH,False,1,4000,5,exp1_permuted_src_datasets
847,278.206832089,1.0,1739233551.8922238,,,,,,,0.9811607003211975,1.0,0.001,1,16,84x84,MatchingNetwork,3,3,BreaKHis_formatted,TKH,False,1,4000,5,exp1_permuted_src_datasets
848,278.220564503,1.0,1739233551.906096,,,,,,,0.9798750877380371,1.0,0.001,1,16,84x84,MatchingNetwork,3,3,BreaKHis_formatted,TKH,False,1,4000,5,exp1_permuted_src_datasets
849,278.237878149,1.0,1739233551.9214845,,,,,,,0.9795417785644531,1.0,0.001,1,16,84x84,MatchingNetwork,3,3,BreaKHis_formatted,TKH,False,1,4000,5,exp1_permuted_src_datasets
850,278.256802514,1.0,1739233551.9422872,,,,,,,0.978622317314148,1.0,0.001,1,16,84x84,MatchingNetwork,3,3,BreaKHis_formatted,TKH,False,1,4000,5,exp1_permuted_src_datasets
851,278.276100112,1.0,1739233551.961473,,,,,,,0.9779515862464905,1.0,0.001,1,16,84x84,MatchingNetwork,3,3,BreaKHis_formatted,TKH,False,1,4000,5,exp1_permuted_src_datasets
852,278.298787394,1.0,1739233551.9840035,,,,,,,0.9783503413200378,1.0,0.001,1,16,84x84,MatchingNetwork,3,3,BreaKHis_formatted,TKH,False,1,4000,5,exp1_permuted_src_datasets
853,278.321424406,1.0,1739233552.0066977,,,,,,,0.9778720140457153,1.0,0.001,1,16,84x84,MatchingNetwork,3,3,BreaKHis_formatted,TKH,False,1,4000,5,exp1_permuted_src_datasets
854,278.344484184,1.0,1739233552.0298326,,,,,,,0.978287398815155,1.0,0.001,1,16,84x84,MatchingNetwork,3,3,BreaKHis_formatted,TKH,False,1,4000,5,exp1_permuted_src_datasets
855,278.367814724,1.0,1739233552.053116,,,,,,,0.9779860973358154,1.0,0.001,1,16,84x84,MatchingNetwork,3,3,BreaKHis_formatted,TKH,False,1,4000,5,exp1_permuted_src_datasets
856,278.38692589,1.0,1739233552.0724716,,,,,,,0.9779990315437317,1.0,0.001,1,16,84x84,MatchingNetwork,3,3,BreaKHis_formatted,TKH,False,1,4000,5,exp1_permuted_src_datasets
857,278.405017548,1.0,1739233552.0903862,,,,,,,0.9787710309028625,1.0,0.001,1,16,84x84,MatchingNetwork,3,3,BreaKHis_formatted,TKH,False,1,4000,5,exp1_permuted_src_datasets
858,278.420562968,1.0,1739233552.1059763,,,,,,,0.9791736006736755,1.0,0.001,1,16,84x84,MatchingNetwork,3,3,BreaKHis_formatted,TKH,False,1,4000,5,exp1_permuted_src_datasets
859,278.435231812,1.0,1739233552.1207094,,,,,,,0.9793749451637268,1.0,0.001,1,16,84x84,MatchingNetwork,3,3,BreaKHis_formatted,TKH,False,1,4000,5,exp1_permuted_src_datasets
860,278.456038385,1.0,1739233552.1414392,,,,,,,0.9781234860420227,1.0,0.001,1,16,84x84,MatchingNetwork,3,3,BreaKHis_formatted,TKH,False,1,4000,5,exp1_permuted_src_datasets
861,278.478283356,1.0,1739233552.1619182,,,,,,,0.9778211116790771,1.0,0.001,1,16,84x84,MatchingNetwork,3,3,BreaKHis_formatted,TKH,False,1,4000,5,exp1_permuted_src_datasets
862,278.500174855,1.0,1739233552.1854758,,,,,,,0.9781531095504761,1.0,0.001,1,16,84x84,MatchingNetwork,3,3,BreaKHis_formatted,TKH,False,1,4000,5,exp1_permuted_src_datasets
863,278.515776591,1.0,1739233552.2012112,,,,,,,0.9798764586448669,1.0,0.001,1,16,84x84,MatchingNetwork,3,3,BreaKHis_formatted,TKH,False,1,4000,5,exp1_permuted_src_datasets
864,278.53501214,1.0,1739233552.2190368,,,,,,,0.9843510985374451,1.0,0.001,1,16,84x84,MatchingNetwork,3,3,BreaKHis_formatted,TKH,False,1,4000,5,exp1_permuted_src_datasets
865,278.555595365,1.0,1739233552.240976,,,,,,,0.9780153632164001,1.0,0.001,1,16,84x84,MatchingNetwork,3,3,BreaKHis_formatted,TKH,False,1,4000,5,exp1_permuted_src_datasets
866,278.578416523,1.0,1739233552.2625332,,,,,,,0.9779396057128906,1.0,0.001,1,16,84x84,MatchingNetwork,3,3,BreaKHis_formatted,TKH,False,1,4000,5,exp1_permuted_src_datasets
867,278.596828503,1.0,1739233552.2823286,,,,,,,0.9778096675872803,1.0,0.001,1,16,84x84,MatchingNetwork,3,3,BreaKHis_formatted,TKH,False,1,4000,5,exp1_permuted_src_datasets
868,278.613338349,1.0,1739233552.2987154,,,,,,,0.978324294090271,1.0,0.001,1,16,84x84,MatchingNetwork,3,3,BreaKHis_formatted,TKH,False,1,4000,5,exp1_permuted_src_datasets
869,278.631389762,1.0,1739233552.315418,,,,,,,0.9780862927436829,1.0,0.001,1,16,84x84,MatchingNetwork,3,3,BreaKHis_formatted,TKH,False,1,4000,5,exp1_permuted_src_datasets
870,278.650501373,1.0,1739233552.336011,,,,,,,0.9780398011207581,1.0,0.001,1,16,84x84,MatchingNetwork,3,3,BreaKHis_formatted,TKH,False,1,4000,5,exp1_permuted_src_datasets
871,278.66733144,1.0,1739233552.352729,,,,,,,1.0383014678955078,0.75,0.001,1,16,84x84,MatchingNetwork,3,3,BreaKHis_formatted,TKH,False,1,4000,5,exp1_permuted_src_datasets
872,278.6835088,1.0,1739233552.3689868,,,,,,,0.9779354929924011,1.0,0.001,1,16,84x84,MatchingNetwork,3,3,BreaKHis_formatted,TKH,False,1,4000,5,exp1_permuted_src_datasets
873,278.701357307,1.0,1739233552.3868697,,,,,,,0.9777792692184448,1.0,0.001,1,16,84x84,MatchingNetwork,3,3,BreaKHis_formatted,TKH,False,1,4000,5,exp1_permuted_src_datasets
874,278.718554885,1.0,1739233552.4037971,,,,,,,0.9782858490943909,1.0,0.001,1,16,84x84,MatchingNetwork,3,3,BreaKHis_formatted,TKH,False,1,4000,5,exp1_permuted_src_datasets
875,278.734522337,1.0,1739233552.4199386,,,,,,,0.9786436557769775,1.0,0.001,1,16,84x84,MatchingNetwork,3,3,BreaKHis_formatted,TKH,False,1,4000,5,exp1_permuted_src_datasets
876,278.75555065,1.0,1739233552.4410207,,,,,,,0.9778582453727722,1.0,0.001,1,16,84x84,MatchingNetwork,3,3,BreaKHis_formatted,TKH,False,1,4000,5,exp1_permuted_src_datasets
877,278.771012735,1.0,1739233552.456566,,,,,,,0.9779366254806519,1.0,0.001,1,16,84x84,MatchingNetwork,3,3,BreaKHis_formatted,TKH,False,1,4000,5,exp1_permuted_src_datasets
878,278.789077856,1.0,1739233552.4745426,,,,,,,0.9782862067222595,1.0,0.001,1,16,84x84,MatchingNetwork,3,3,BreaKHis_formatted,TKH,False,1,4000,5,exp1_permuted_src_datasets
879,278.811874615,1.0,1739233552.4971101,,,,,,,0.9794152975082397,1.0,0.001,1,16,84x84,MatchingNetwork,3,3,BreaKHis_formatted,TKH,False,1,4000,5,exp1_permuted_src_datasets
880,278.837856604,1.0,1739233552.5232344,,,,,,,0.9794067144393921,1.0,0.001,1,16,84x84,MatchingNetwork,3,3,BreaKHis_formatted,TKH,False,1,4000,5,exp1_permuted_src_datasets
881,278.860616672,1.0,1739233552.5459597,,,,,,,0.9777106046676636,1.0,0.001,1,16,84x84,MatchingNetwork,3,3,BreaKHis_formatted,TKH,False,1,4000,5,exp1_permuted_src_datasets
882,278.883109404,1.0,1739233552.5684946,,,,,,,0.9784886837005615,1.0,0.001,1,16,84x84,MatchingNetwork,3,3,BreaKHis_formatted,TKH,False,1,4000,5,exp1_permuted_src_datasets
883,282.878796432,1.0,1739233556.5644333,,,,,,0.401,,,0.001,1,16,84x84,MatchingNetwork,3,3,BreaKHis_formatted,TKH,False,1,4000,5,exp1_permuted_src_datasets
884,342.398432595,2.0,1739233616.0841117,,,,,,,,,0.001,1,16,84x84,MatchingNetwork,3,3,BreaKHis_formatted,TKH,False,1,4000,5,exp1_permuted_src_datasets
885,346.416169008,2.0,1739233620.1018643,,,,,,0.36075,,,0.001,1,16,84x84,MatchingNetwork,3,3,BreaKHis_formatted,TKH,False,1,4000,5,exp1_permuted_src_datasets
886,346.430145583,2.0,1739233620.11563,,,,,,,1.0019820928573608,0.6875,0.001,1,16,84x84,MatchingNetwork,3,3,BreaKHis_formatted,TKH,False,1,4000,5,exp1_permuted_src_datasets
887,346.44442389,2.0,1739233620.129744,,,,,,,0.9882209897041321,0.75,0.001,1,16,84x84,MatchingNetwork,3,3,BreaKHis_formatted,TKH,False,1,4000,5,exp1_permuted_src_datasets
888,346.467823246,2.0,1739233620.1532385,,,,,,,0.9836632609367371,0.5625,0.001,1,16,84x84,MatchingNetwork,3,3,BreaKHis_formatted,TKH,False,1,4000,5,exp1_permuted_src_datasets
889,346.487764944,2.0,1739233620.173055,,,,,,,1.0287773609161377,0.8125,0.001,1,16,84x84,MatchingNetwork,3,3,BreaKHis_formatted,TKH,False,1,4000,5,exp1_permuted_src_datasets
890,346.512073058,2.0,1739233620.197582,,,,,,,0.9822616577148438,0.75,0.001,1,16,84x84,MatchingNetwork,3,3,BreaKHis_formatted,TKH,False,1,4000,5,exp1_permuted_src_datasets
891,346.530376454,2.0,1739233620.2140846,,,,,,,0.990544855594635,0.75,0.001,1,16,84x84,MatchingNetwork,3,3,BreaKHis_formatted,TKH,False,1,4000,5,exp1_permuted_src_datasets
892,346.552360138,2.0,1739233620.2377443,,,,,,,0.9840972423553467,0.8125,0.001,1,16,84x84,MatchingNetwork,3,3,BreaKHis_formatted,TKH,False,1,4000,5,exp1_permuted_src_datasets
893,346.568235036,2.0,1739233620.2536528,,,,,,,0.9830501675605774,0.875,0.001,1,16,84x84,MatchingNetwork,3,3,BreaKHis_formatted,TKH,False,1,4000,5,exp1_permuted_src_datasets
894,346.591319648,2.0,1739233620.2750382,,,,,,,0.9806893467903137,0.8125,0.001,1,16,84x84,MatchingNetwork,3,3,BreaKHis_formatted,TKH,False,1,4000,5,exp1_permuted_src_datasets
895,346.613111308,2.0,1739233620.2985232,,,,,,,0.9888805150985718,0.9375,0.001,1,16,84x84,MatchingNetwork,3,3,BreaKHis_formatted,TKH,False,1,4000,5,exp1_permuted_src_datasets
896,346.637075546,2.0,1739233620.3225527,,,,,,,0.9865453839302063,0.75,0.001,1,16,84x84,MatchingNetwork,3,3,BreaKHis_formatted,TKH,False,1,4000,5,exp1_permuted_src_datasets
897,346.65181249,2.0,1739233620.3372583,,,,,,,0.9879087209701538,0.8125,0.001,1,16,84x84,MatchingNetwork,3,3,BreaKHis_formatted,TKH,False,1,4000,5,exp1_permuted_src_datasets
898,346.66860541,2.0,1739233620.3540912,,,,,,,0.9965869188308716,0.625,0.001,1,16,84x84,MatchingNetwork,3,3,BreaKHis_formatted,TKH,False,1,4000,5,exp1_permuted_src_datasets
899,346.692422217,2.0,1739233620.3776083,,,,,,,0.9869831204414368,0.6875,0.001,1,16,84x84,MatchingNetwork,3,3,BreaKHis_formatted,TKH,False,1,4000,5,exp1_permuted_src_datasets
900,346.7162322,2.0,1739233620.399835,,,,,,,0.9818376898765564,0.75,0.001,1,16,84x84,MatchingNetwork,3,3,BreaKHis_formatted,TKH,False,1,4000,5,exp1_permuted_src_datasets
901,346.738016639,2.0,1739233620.4232848,,,,,,,0.9851723313331604,0.875,0.001,1,16,84x84,MatchingNetwork,3,3,BreaKHis_formatted,TKH,False,1,4000,5,exp1_permuted_src_datasets
902,346.754422952,2.0,1739233620.4398181,,,,,,,0.9833729267120361,0.8125,0.001,1,16,84x84,MatchingNetwork,3,3,BreaKHis_formatted,TKH,False,1,4000,5,exp1_permuted_src_datasets
903,346.767801586,2.0,1739233620.4533563,,,,,,,0.981225311756134,0.8125,0.001,1,16,84x84,MatchingNetwork,3,3,BreaKHis_formatted,TKH,False,1,4000,5,exp1_permuted_src_datasets
904,346.788110849,2.0,1739233620.4719152,,,,,,,0.9830352067947388,0.6875,0.001,1,16,84x84,MatchingNetwork,3,3,BreaKHis_formatted,TKH,False,1,4000,5,exp1_permuted_src_datasets
905,346.806427292,2.0,1739233620.49184,,,,,,,0.9827499389648438,0.9375,0.001,1,16,84x84,MatchingNetwork,3,3,BreaKHis_formatted,TKH,False,1,4000,5,exp1_permuted_src_datasets
906,346.823447704,2.0,1739233620.5089679,,,,,,,0.9853028655052185,0.875,0.001,1,16,84x84,MatchingNetwork,3,3,BreaKHis_formatted,TKH,False,1,4000,5,exp1_permuted_src_datasets
907,346.839217224,2.0,1739233620.5247076,,,,,,,0.9853435158729553,0.5625,0.001,1,16,84x84,MatchingNetwork,3,3,BreaKHis_formatted,TKH,False,1,4000,5,exp1_permuted_src_datasets
908,346.85299957,2.0,1739233620.5385287,,,,,,,0.9851149916648865,0.75,0.001,1,16,84x84,MatchingNetwork,3,3,BreaKHis_formatted,TKH,False,1,4000,5,exp1_permuted_src_datasets
909,346.875707528,2.0,1739233620.5611649,,,,,,,0.9867494702339172,0.875,0.001,1,16,84x84,MatchingNetwork,3,3,BreaKHis_formatted,TKH,False,1,4000,5,exp1_permuted_src_datasets
910,346.898812346,2.0,1739233620.5841613,,,,,,,0.9807464480400085,0.75,0.001,1,16,84x84,MatchingNetwork,3,3,BreaKHis_formatted,TKH,False,1,4000,5,exp1_permuted_src_datasets
911,346.920818918,2.0,1739233620.6062267,,,,,,,0.9844022989273071,0.6875,0.001,1,16,84x84,MatchingNetwork,3,3,BreaKHis_formatted,TKH,False,1,4000,5,exp1_permuted_src_datasets
912,346.939205015,2.0,1739233620.6246786,,,,,,,0.9822243452072144,0.75,0.001,1,16,84x84,MatchingNetwork,3,3,BreaKHis_formatted,TKH,False,1,4000,5,exp1_permuted_src_datasets
913,346.957668994,2.0,1739233620.6429029,,,,,,,0.9832720756530762,1.0,0.001,1,16,84x84,MatchingNetwork,3,3,BreaKHis_formatted,TKH,False,1,4000,5,exp1_permuted_src_datasets
914,346.97557022,2.0,1739233620.660918,,,,,,,0.9812808632850647,1.0,0.001,1,16,84x84,MatchingNetwork,3,3,BreaKHis_formatted,TKH,False,1,4000,5,exp1_permuted_src_datasets
915,346.996967705,2.0,1739233620.682349,,,,,,,0.9796816110610962,0.8125,0.001,1,16,84x84,MatchingNetwork,3,3,BreaKHis_formatted,TKH,False,1,4000,5,exp1_permuted_src_datasets
916,347.021005332,2.0,1739233620.70633,,,,,,,0.9796178340911865,0.9375,0.001,1,16,84x84,MatchingNetwork,3,3,BreaKHis_formatted,TKH,False,1,4000,5,exp1_permuted_src_datasets
917,347.036565324,2.0,1739233620.7220263,,,,,,,1.0388261079788208,0.75,0.001,1,16,84x84,MatchingNetwork,3,3,BreaKHis_formatted,TKH,False,1,4000,5,exp1_permuted_src_datasets
918,347.05885402,2.0,1739233620.7443051,,,,,,,0.9828717112541199,0.8125,0.001,1,16,84x84,MatchingNetwork,3,3,BreaKHis_formatted,TKH,False,1,4000,5,exp1_permuted_src_datasets
919,347.073600522,2.0,1739233620.75899,,,,,,,0.9875549077987671,0.75,0.001,1,16,84x84,MatchingNetwork,3,3,BreaKHis_formatted,TKH,False,1,4000,5,exp1_permuted_src_datasets
920,347.086165225,2.0,1739233620.7717454,,,,,,,0.9815440773963928,0.9375,0.001,1,16,84x84,MatchingNetwork,3,3,BreaKHis_formatted,TKH,False,1,4000,5,exp1_permuted_src_datasets
921,347.102488824,2.0,1739233620.7879832,,,,,,,0.9789353609085083,0.875,0.001,1,16,84x84,MatchingNetwork,3,3,BreaKHis_formatted,TKH,False,1,4000,5,exp1_permuted_src_datasets
922,347.121279905,2.0,1739233620.8067787,,,,,,,0.9803814888000488,0.8125,0.001,1,16,84x84,MatchingNetwork,3,3,BreaKHis_formatted,TKH,False,1,4000,5,exp1_permuted_src_datasets
923,347.141578922,2.0,1739233620.8251894,,,,,,,0.9801201224327087,0.6875,0.001,1,16,84x84,MatchingNetwork,3,3,BreaKHis_formatted,TKH,False,1,4000,5,exp1_permuted_src_datasets
924,347.160245821,2.0,1739233620.845677,,,,,,,0.9847315549850464,0.8125,0.001,1,16,84x84,MatchingNetwork,3,3,BreaKHis_formatted,TKH,False,1,4000,5,exp1_permuted_src_datasets
925,347.179470043,2.0,1739233620.864983,,,,,,,0.9803786277770996,0.8125,0.001,1,16,84x84,MatchingNetwork,3,3,BreaKHis_formatted,TKH,False,1,4000,5,exp1_permuted_src_datasets
926,347.196147442,2.0,1739233620.8815293,,,,,,,0.9803417325019836,0.625,0.001,1,16,84x84,MatchingNetwork,3,3,BreaKHis_formatted,TKH,False,1,4000,5,exp1_permuted_src_datasets
927,347.210046625,2.0,1739233620.895532,,,,,,,0.9823465943336487,1.0,0.001,1,16,84x84,MatchingNetwork,3,3,BreaKHis_formatted,TKH,False,1,4000,5,exp1_permuted_src_datasets
928,347.225878972,2.0,1739233620.9113092,,,,,,,0.9809141755104065,0.875,0.001,1,16,84x84,MatchingNetwork,3,3,BreaKHis_formatted,TKH,False,1,4000,5,exp1_permuted_src_datasets
929,347.250124768,2.0,1739233620.9355166,,,,,,,0.9802590608596802,1.0,0.001,1,16,84x84,MatchingNetwork,3,3,BreaKHis_formatted,TKH,False,1,4000,5,exp1_permuted_src_datasets
930,347.272232585,2.0,1739233620.9576302,,,,,,,0.9849626421928406,0.875,0.001,1,16,84x84,MatchingNetwork,3,3,BreaKHis_formatted,TKH,False,1,4000,5,exp1_permuted_src_datasets
931,347.292008032,2.0,1739233620.9775047,,,,,,,0.9800786375999451,0.6875,0.001,1,16,84x84,MatchingNetwork,3,3,BreaKHis_formatted,TKH,False,1,4000,5,exp1_permuted_src_datasets
932,347.313654711,2.0,1739233620.9990041,,,,,,,0.9795989990234375,1.0,0.001,1,16,84x84,MatchingNetwork,3,3,BreaKHis_formatted,TKH,False,1,4000,5,exp1_permuted_src_datasets
933,347.341189887,2.0,1739233621.0266318,,,,,,,0.9840784668922424,0.8125,0.001,1,16,84x84,MatchingNetwork,3,3,BreaKHis_formatted,TKH,False,1,4000,5,exp1_permuted_src_datasets
934,347.354651068,2.0,1739233621.040132,,,,,,,0.9804901480674744,0.6875,0.001,1,16,84x84,MatchingNetwork,3,3,BreaKHis_formatted,TKH,False,1,4000,5,exp1_permuted_src_datasets
935,347.3696553,2.0,1739233621.0551834,,,,,,,0.9794305562973022,0.875,0.001,1,16,84x84,MatchingNetwork,3,3,BreaKHis_formatted,TKH,False,1,4000,5,exp1_permuted_src_datasets
936,347.389065195,2.0,1739233621.0745244,,,,,,,0.9851692914962769,0.75,0.001,1,16,84x84,MatchingNetwork,3,3,BreaKHis_formatted,TKH,False,1,4000,5,exp1_permuted_src_datasets
937,347.408931075,2.0,1739233621.0943062,,,,,,,0.9804238677024841,0.8125,0.001,1,16,84x84,MatchingNetwork,3,3,BreaKHis_formatted,TKH,False,1,4000,5,exp1_permuted_src_datasets
938,347.42798711,2.0,1739233621.1133711,,,,,,,0.9800533056259155,0.9375,0.001,1,16,84x84,MatchingNetwork,3,3,BreaKHis_formatted,TKH,False,1,4000,5,exp1_permuted_src_datasets
939,347.446721849,2.0,1739233621.1322691,,,,,,,0.9808177351951599,0.875,0.001,1,16,84x84,MatchingNetwork,3,3,BreaKHis_formatted,TKH,False,1,4000,5,exp1_permuted_src_datasets
940,347.469218861,2.0,1739233621.1547294,,,,,,,0.9811021089553833,1.0,0.001,1,16,84x84,MatchingNetwork,3,3,BreaKHis_formatted,TKH,False,1,4000,5,exp1_permuted_src_datasets
941,347.484426333,2.0,1739233621.1697872,,,,,,,0.9811524152755737,1.0,0.001,1,16,84x84,MatchingNetwork,3,3,BreaKHis_formatted,TKH,False,1,4000,5,exp1_permuted_src_datasets
942,347.50010571400003,2.0,1739233621.1856353,,,,,,,0.9808467626571655,0.875,0.001,1,16,84x84,MatchingNetwork,3,3,BreaKHis_formatted,TKH,False,1,4000,5,exp1_permuted_src_datasets
943,347.516520895,2.0,1739233621.200711,,,,,,,0.9811238646507263,1.0,0.001,1,16,84x84,MatchingNetwork,3,3,BreaKHis_formatted,TKH,False,1,4000,5,exp1_permuted_src_datasets
944,347.533009308,2.0,1739233621.2184808,,,,,,,0.9795745611190796,1.0,0.001,1,16,84x84,MatchingNetwork,3,3,BreaKHis_formatted,TKH,False,1,4000,5,exp1_permuted_src_datasets
945,347.554503334,2.0,1739233621.240026,,,,,,,0.9798866510391235,1.0,0.001,1,16,84x84,MatchingNetwork,3,3,BreaKHis_formatted,TKH,False,1,4000,5,exp1_permuted_src_datasets
946,347.574023744,2.0,1739233621.2594965,,,,,,,0.9799919128417969,0.9375,0.001,1,16,84x84,MatchingNetwork,3,3,BreaKHis_formatted,TKH,False,1,4000,5,exp1_permuted_src_datasets
947,347.595230455,2.0,1739233621.2786562,,,,,,,0.9799822568893433,1.0,0.001,1,16,84x84,MatchingNetwork,3,3,BreaKHis_formatted,TKH,False,1,4000,5,exp1_permuted_src_datasets
948,351.659868844,2.0,1739233625.3455093,,,,,,0.38575,,,0.001,1,16,84x84,MatchingNetwork,3,3,BreaKHis_formatted,TKH,False,1,4000,5,exp1_permuted_src_datasets
949,351.677212124,2.0,1739233625.3626268,,,,,,,0.9814671277999878,1.0,0.001,1,16,84x84,MatchingNetwork,3,3,BreaKHis_formatted,TKH,False,1,4000,5,exp1_permuted_src_datasets
950,351.696565882,2.0,1739233625.3820674,,,,,,,0.9847131967544556,0.875,0.001,1,16,84x84,MatchingNetwork,3,3,BreaKHis_formatted,TKH,False,1,4000,5,exp1_permuted_src_datasets
951,351.719096622,2.0,1739233625.4045258,,,,,,,0.9790557622909546,1.0,0.001,1,16,84x84,MatchingNetwork,3,3,BreaKHis_formatted,TKH,False,1,4000,5,exp1_permuted_src_datasets
952,351.734302399,2.0,1739233625.4189792,,,,,,,0.983788788318634,1.0,0.001,1,16,84x84,MatchingNetwork,3,3,BreaKHis_formatted,TKH,False,1,4000,5,exp1_permuted_src_datasets
953,351.750142098,2.0,1739233625.4355948,,,,,,,0.992148220539093,0.8125,0.001,1,16,84x84,MatchingNetwork,3,3,BreaKHis_formatted,TKH,False,1,4000,5,exp1_permuted_src_datasets
954,351.773059635,2.0,1739233625.4584537,,,,,,,0.9804845452308655,1.0,0.001,1,16,84x84,MatchingNetwork,3,3,BreaKHis_formatted,TKH,False,1,4000,5,exp1_permuted_src_datasets
955,351.794622523,2.0,1739233625.480132,,,,,,,0.9786449670791626,1.0,0.001,1,16,84x84,MatchingNetwork,3,3,BreaKHis_formatted,TKH,False,1,4000,5,exp1_permuted_src_datasets
956,351.817094948,2.0,1739233625.5024192,,,,,,,0.9813454747200012,1.0,0.001,1,16,84x84,MatchingNetwork,3,3,BreaKHis_formatted,TKH,False,1,4000,5,exp1_permuted_src_datasets
957,351.840555218,2.0,1739233625.5259767,,,,,,,0.9839264154434204,1.0,0.001,1,16,84x84,MatchingNetwork,3,3,BreaKHis_formatted,TKH,False,1,4000,5,exp1_permuted_src_datasets
958,351.859801023,2.0,1739233625.5452728,,,,,,,0.9833728671073914,1.0,0.001,1,16,84x84,MatchingNetwork,3,3,BreaKHis_formatted,TKH,False,1,4000,5,exp1_permuted_src_datasets
959,351.879936832,2.0,1739233625.5652761,,,,,,,0.9808149933815002,1.0,0.001,1,16,84x84,MatchingNetwork,3,3,BreaKHis_formatted,TKH,False,1,4000,5,exp1_permuted_src_datasets
960,351.901689607,2.0,1739233625.5871167,,,,,,,0.9797971248626709,1.0,0.001,1,16,84x84,MatchingNetwork,3,3,BreaKHis_formatted,TKH,False,1,4000,5,exp1_permuted_src_datasets
961,351.916857607,2.0,1739233625.602339,,,,,,,0.9813751578330994,1.0,0.001,1,16,84x84,MatchingNetwork,3,3,BreaKHis_formatted,TKH,False,1,4000,5,exp1_permuted_src_datasets
962,351.931872426,2.0,1739233625.6171377,,,,,,,0.9859699010848999,0.9375,0.001,1,16,84x84,MatchingNetwork,3,3,BreaKHis_formatted,TKH,False,1,4000,5,exp1_permuted_src_datasets
963,351.955189752,2.0,1739233625.6404705,,,,,,,0.9815170168876648,1.0,0.001,1,16,84x84,MatchingNetwork,3,3,BreaKHis_formatted,TKH,False,1,4000,5,exp1_permuted_src_datasets
964,351.973266798,2.0,1739233625.658776,,,,,,,0.9837002754211426,1.0,0.001,1,16,84x84,MatchingNetwork,3,3,BreaKHis_formatted,TKH,False,1,4000,5,exp1_permuted_src_datasets
965,351.992829228,2.0,1739233625.6783402,,,,,,,0.9790816903114319,1.0,0.001,1,16,84x84,MatchingNetwork,3,3,BreaKHis_formatted,TKH,False,1,4000,5,exp1_permuted_src_datasets
966,352.014347202,2.0,1739233625.6996543,,,,,,,0.9790160655975342,1.0,0.001,1,16,84x84,MatchingNetwork,3,3,BreaKHis_formatted,TKH,False,1,4000,5,exp1_permuted_src_datasets
967,352.039191148,2.0,1739233625.72453,,,,,,,0.9802543520927429,1.0,0.001,1,16,84x84,MatchingNetwork,3,3,BreaKHis_formatted,TKH,False,1,4000,5,exp1_permuted_src_datasets
968,352.062744035,2.0,1739233625.7481613,,,,,,,0.9855552911758423,1.0,0.001,1,16,84x84,MatchingNetwork,3,3,BreaKHis_formatted,TKH,False,1,4000,5,exp1_permuted_src_datasets
969,352.089178721,2.0,1739233625.774558,,,,,,,0.9802908897399902,1.0,0.001,1,16,84x84,MatchingNetwork,3,3,BreaKHis_formatted,TKH,False,1,4000,5,exp1_permuted_src_datasets
970,352.117746309,2.0,1739233625.8011556,,,,,,,0.9805217981338501,1.0,0.001,1,16,84x84,MatchingNetwork,3,3,BreaKHis_formatted,TKH,False,1,4000,5,exp1_permuted_src_datasets
971,352.13622213,2.0,1739233625.8216395,,,,,,,0.9788626432418823,1.0,0.001,1,16,84x84,MatchingNetwork,3,3,BreaKHis_formatted,TKH,False,1,4000,5,exp1_permuted_src_datasets
972,352.157176628,2.0,1739233625.8426204,,,,,,,0.9813799262046814,1.0,0.001,1,16,84x84,MatchingNetwork,3,3,BreaKHis_formatted,TKH,False,1,4000,5,exp1_permuted_src_datasets
973,352.177149629,2.0,1739233625.8625655,,,,,,,0.9805170893669128,1.0,0.001,1,16,84x84,MatchingNetwork,3,3,BreaKHis_formatted,TKH,False,1,4000,5,exp1_permuted_src_datasets
974,352.1993448,2.0,1739233625.8829687,,,,,,,0.979663610458374,1.0,0.001,1,16,84x84,MatchingNetwork,3,3,BreaKHis_formatted,TKH,False,1,4000,5,exp1_permuted_src_datasets
975,352.22093479,2.0,1739233625.9063606,,,,,,,0.9800605773925781,1.0,0.001,1,16,84x84,MatchingNetwork,3,3,BreaKHis_formatted,TKH,False,1,4000,5,exp1_permuted_src_datasets
976,352.24162515,2.0,1739233625.9271295,,,,,,,0.9798137545585632,1.0,0.001,1,16,84x84,MatchingNetwork,3,3,BreaKHis_formatted,TKH,False,1,4000,5,exp1_permuted_src_datasets
977,352.259247458,2.0,1739233625.9447844,,,,,,,0.9810587763786316,1.0,0.001,1,16,84x84,MatchingNetwork,3,3,BreaKHis_formatted,TKH,False,1,4000,5,exp1_permuted_src_datasets
978,352.277150358,2.0,1739233625.9625368,,,,,,,0.979775607585907,1.0,0.001,1,16,84x84,MatchingNetwork,3,3,BreaKHis_formatted,TKH,False,1,4000,5,exp1_permuted_src_datasets
979,352.292012021,2.0,1739233625.9774277,,,,,,,0.9786959886550903,1.0,0.001,1,16,84x84,MatchingNetwork,3,3,BreaKHis_formatted,TKH,False,1,4000,5,exp1_permuted_src_datasets
980,352.311125164,2.0,1739233625.994876,,,,,,,0.9789904356002808,1.0,0.001,1,16,84x84,MatchingNetwork,3,3,BreaKHis_formatted,TKH,False,1,4000,5,exp1_permuted_src_datasets
981,352.329168225,2.0,1739233626.014573,,,,,,,0.9792277216911316,1.0,0.001,1,16,84x84,MatchingNetwork,3,3,BreaKHis_formatted,TKH,False,1,4000,5,exp1_permuted_src_datasets
982,352.34444515,2.0,1739233626.0299482,,,,,,,0.9781666398048401,1.0,0.001,1,16,84x84,MatchingNetwork,3,3,BreaKHis_formatted,TKH,False,1,4000,5,exp1_permuted_src_datasets
983,352.361678379,2.0,1739233626.047042,,,,,,,0.9785326719284058,1.0,0.001,1,16,84x84,MatchingNetwork,3,3,BreaKHis_formatted,TKH,False,1,4000,5,exp1_permuted_src_datasets
984,352.38188123,2.0,1739233626.0673404,,,,,,,0.9787255525588989,1.0,0.001,1,16,84x84,MatchingNetwork,3,3,BreaKHis_formatted,TKH,False,1,4000,5,exp1_permuted_src_datasets
985,352.398349271,2.0,1739233626.0820255,,,,,,,0.9795131683349609,1.0,0.001,1,16,84x84,MatchingNetwork,3,3,BreaKHis_formatted,TKH,False,1,4000,5,exp1_permuted_src_datasets
986,352.420126919,2.0,1739233626.1055675,,,,,,,0.9805759191513062,1.0,0.001,1,16,84x84,MatchingNetwork,3,3,BreaKHis_formatted,TKH,False,1,4000,5,exp1_permuted_src_datasets
987,352.443074544,2.0,1739233626.12847,,,,,,,0.979193925857544,1.0,0.001,1,16,84x84,MatchingNetwork,3,3,BreaKHis_formatted,TKH,False,1,4000,5,exp1_permuted_src_datasets
988,352.463782309,2.0,1739233626.1492355,,,,,,,0.9790074825286865,1.0,0.001,1,16,84x84,MatchingNetwork,3,3,BreaKHis_formatted,TKH,False,1,4000,5,exp1_permuted_src_datasets
989,352.484151686,2.0,1739233626.1695383,,,,,,,0.9793636202812195,1.0,0.001,1,16,84x84,MatchingNetwork,3,3,BreaKHis_formatted,TKH,False,1,4000,5,exp1_permuted_src_datasets
990,352.504477294,2.0,1739233626.189958,,,,,,,0.9800882339477539,1.0,0.001,1,16,84x84,MatchingNetwork,3,3,BreaKHis_formatted,TKH,False,1,4000,5,exp1_permuted_src_datasets
991,352.520923979,2.0,1739233626.2063494,,,,,,,0.978911817073822,1.0,0.001,1,16,84x84,MatchingNetwork,3,3,BreaKHis_formatted,TKH,False,1,4000,5,exp1_permuted_src_datasets
992,352.543332786,2.0,1739233626.2287307,,,,,,,0.980686604976654,1.0,0.001,1,16,84x84,MatchingNetwork,3,3,BreaKHis_formatted,TKH,False,1,4000,5,exp1_permuted_src_datasets
993,352.562497209,2.0,1739233626.2479393,,,,,,,0.9780908823013306,1.0,0.001,1,16,84x84,MatchingNetwork,3,3,BreaKHis_formatted,TKH,False,1,4000,5,exp1_permuted_src_datasets
994,352.577010521,2.0,1739233626.2624903,,,,,,,0.9811425805091858,1.0,0.001,1,16,84x84,MatchingNetwork,3,3,BreaKHis_formatted,TKH,False,1,4000,5,exp1_permuted_src_datasets
995,352.592956187,2.0,1739233626.2783582,,,,,,,0.9790930151939392,1.0,0.001,1,16,84x84,MatchingNetwork,3,3,BreaKHis_formatted,TKH,False,1,4000,5,exp1_permuted_src_datasets
996,352.607215415,2.0,1739233626.2927125,,,,,,,0.9810072779655457,1.0,0.001,1,16,84x84,MatchingNetwork,3,3,BreaKHis_formatted,TKH,False,1,4000,5,exp1_permuted_src_datasets
997,352.628178911,2.0,1739233626.3135276,,,,,,,0.9788908958435059,1.0,0.001,1,16,84x84,MatchingNetwork,3,3,BreaKHis_formatted,TKH,False,1,4000,5,exp1_permuted_src_datasets
998,352.645300985,2.0,1739233626.3306034,,,,,,,0.9784450531005859,1.0,0.001,1,16,84x84,MatchingNetwork,3,3,BreaKHis_formatted,TKH,False,1,4000,5,exp1_permuted_src_datasets
999,352.658485518,2.0,1739233626.344062,,,,,,,0.9788312911987305,1.0,0.001,1,16,84x84,MatchingNetwork,3,3,BreaKHis_formatted,TKH,False,1,4000,5,exp1_permuted_src_datasets
1000,352.675579932,2.0,1739233626.3605602,,,,,,,0.9788491129875183,1.0,0.001,1,16,84x84,MatchingNetwork,3,3,BreaKHis_formatted,TKH,False,1,4000,5,exp1_permuted_src_datasets
1001,352.701178265,2.0,1739233626.3865619,,,,,,,0.9805077314376831,1.0,0.001,1,16,84x84,MatchingNetwork,3,3,BreaKHis_formatted,TKH,False,1,4000,5,exp1_permuted_src_datasets
1002,352.72254152,2.0,1739233626.407352,,,,,,,0.978942334651947,1.0,0.001,1,16,84x84,MatchingNetwork,3,3,BreaKHis_formatted,TKH,False,1,4000,5,exp1_permuted_src_datasets
1003,352.741532791,2.0,1739233626.426953,,,,,,,0.9799282550811768,1.0,0.001,1,16,84x84,MatchingNetwork,3,3,BreaKHis_formatted,TKH,False,1,4000,5,exp1_permuted_src_datasets
1004,352.763962088,2.0,1739233626.4493349,,,,,,,0.9781529307365417,1.0,0.001,1,16,84x84,MatchingNetwork,3,3,BreaKHis_formatted,TKH,False,1,4000,5,exp1_permuted_src_datasets
1005,352.778814551,2.0,1739233626.4642253,,,,,,,0.9831730723381042,1.0,0.001,1,16,84x84,MatchingNetwork,3,3,BreaKHis_formatted,TKH,False,1,4000,5,exp1_permuted_src_datasets
1006,352.799758988,2.0,1739233626.4851449,,,,,,,0.9779132008552551,1.0,0.001,1,16,84x84,MatchingNetwork,3,3,BreaKHis_formatted,TKH,False,1,4000,5,exp1_permuted_src_datasets
1007,352.820349144,2.0,1739233626.5057225,,,,,,,0.9796947836875916,1.0,0.001,1,16,84x84,MatchingNetwork,3,3,BreaKHis_formatted,TKH,False,1,4000,5,exp1_permuted_src_datasets
1008,352.835670305,2.0,1739233626.5210657,,,,,,,0.9779853820800781,1.0,0.001,1,16,84x84,MatchingNetwork,3,3,BreaKHis_formatted,TKH,False,1,4000,5,exp1_permuted_src_datasets
1009,352.849349782,2.0,1739233626.5348914,,,,,,,0.9788752198219299,1.0,0.001,1,16,84x84,MatchingNetwork,3,3,BreaKHis_formatted,TKH,False,1,4000,5,exp1_permuted_src_datasets
1010,352.867095357,2.0,1739233626.5525186,,,,,,,0.9790618419647217,1.0,0.001,1,16,84x84,MatchingNetwork,3,3,BreaKHis_formatted,TKH,False,1,4000,5,exp1_permuted_src_datasets
1011,357.146844769,2.0,1739233630.8325078,,,,,,0.38975,,,0.001,1,16,84x84,MatchingNetwork,3,3,BreaKHis_formatted,TKH,False,1,4000,5,exp1_permuted_src_datasets
1012,357.164875407,2.0,1739233630.850314,,,,,,,0.9834141135215759,1.0,0.001,1,16,84x84,MatchingNetwork,3,3,BreaKHis_formatted,TKH,False,1,4000,5,exp1_permuted_src_datasets
1013,357.188951918,2.0,1739233630.8742876,,,,,,,0.9804055690765381,1.0,0.001,1,16,84x84,MatchingNetwork,3,3,BreaKHis_formatted,TKH,False,1,4000,5,exp1_permuted_src_datasets
1014,357.211037125,2.0,1739233630.894713,,,,,,,0.9806455373764038,1.0,0.001,1,16,84x84,MatchingNetwork,3,3,BreaKHis_formatted,TKH,False,1,4000,5,exp1_permuted_src_datasets
1015,357.226854231,2.0,1739233630.9123726,,,,,,,0.9784769415855408,1.0,0.001,1,16,84x84,MatchingNetwork,3,3,BreaKHis_formatted,TKH,False,1,4000,5,exp1_permuted_src_datasets
1016,357.242378705,2.0,1739233630.9262173,,,,,,,0.9782329201698303,1.0,0.001,1,16,84x84,MatchingNetwork,3,3,BreaKHis_formatted,TKH,False,1,4000,5,exp1_permuted_src_datasets
1017,357.267823855,2.0,1739233630.9518223,,,,,,,0.9790520071983337,1.0,0.001,1,16,84x84,MatchingNetwork,3,3,BreaKHis_formatted,TKH,False,1,4000,5,exp1_permuted_src_datasets
1018,357.285383303,2.0,1739233630.9708421,,,,,,,0.9791989922523499,1.0,0.001,1,16,84x84,MatchingNetwork,3,3,BreaKHis_formatted,TKH,False,1,4000,5,exp1_permuted_src_datasets
1019,357.30422428,2.0,1739233630.9896867,,,,,,,0.9790302515029907,1.0,0.001,1,16,84x84,MatchingNetwork,3,3,BreaKHis_formatted,TKH,False,1,4000,5,exp1_permuted_src_datasets
1020,357.318172785,2.0,1739233631.0036242,,,,,,,0.9798710346221924,1.0,0.001,1,16,84x84,MatchingNetwork,3,3,BreaKHis_formatted,TKH,False,1,4000,5,exp1_permuted_src_datasets
1021,357.335864013,2.0,1739233631.021246,,,,,,,0.9793959856033325,1.0,0.001,1,16,84x84,MatchingNetwork,3,3,BreaKHis_formatted,TKH,False,1,4000,5,exp1_permuted_src_datasets
1022,357.356105365,2.0,1739233631.04158,,,,,,,0.9780083298683167,1.0,0.001,1,16,84x84,MatchingNetwork,3,3,BreaKHis_formatted,TKH,False,1,4000,5,exp1_permuted_src_datasets
1023,357.372118762,2.0,1739233631.0557091,,,,,,,0.9786415696144104,1.0,0.001,1,16,84x84,MatchingNetwork,3,3,BreaKHis_formatted,TKH,False,1,4000,5,exp1_permuted_src_datasets
1024,357.390710524,2.0,1739233631.0760164,,,,,,,0.9804909825325012,1.0,0.001,1,16,84x84,MatchingNetwork,3,3,BreaKHis_formatted,TKH,False,1,4000,5,exp1_permuted_src_datasets
1025,357.406412581,2.0,1739233631.0918632,,,,,,,0.9838245511054993,1.0,0.001,1,16,84x84,MatchingNetwork,3,3,BreaKHis_formatted,TKH,False,1,4000,5,exp1_permuted_src_datasets
1026,357.423969333,2.0,1739233631.1093717,,,,,,,0.9803481698036194,1.0,0.001,1,16,84x84,MatchingNetwork,3,3,BreaKHis_formatted,TKH,False,1,4000,5,exp1_permuted_src_datasets
1027,357.439312719,2.0,1739233631.1248448,,,,,,,0.9786336421966553,1.0,0.001,1,16,84x84,MatchingNetwork,3,3,BreaKHis_formatted,TKH,False,1,4000,5,exp1_permuted_src_datasets
1028,357.456219699,2.0,1739233631.1415567,,,,,,,0.9789136648178101,1.0,0.001,1,16,84x84,MatchingNetwork,3,3,BreaKHis_formatted,TKH,False,1,4000,5,exp1_permuted_src_datasets
1029,357.476733128,2.0,1739233631.162132,,,,,,,0.9785743355751038,1.0,0.001,1,16,84x84,MatchingNetwork,3,3,BreaKHis_formatted,TKH,False,1,4000,5,exp1_permuted_src_datasets
1030,357.498718865,2.0,1739233631.1841352,,,,,,,0.9787414073944092,1.0,0.001,1,16,84x84,MatchingNetwork,3,3,BreaKHis_formatted,TKH,False,1,4000,5,exp1_permuted_src_datasets
1031,357.520807277,2.0,1739233631.206297,,,,,,,0.9795210361480713,1.0,0.001,1,16,84x84,MatchingNetwork,3,3,BreaKHis_formatted,TKH,False,1,4000,5,exp1_permuted_src_datasets
1032,357.538390745,2.0,1739233631.2218447,,,,,,,0.9943352937698364,1.0,0.001,1,16,84x84,MatchingNetwork,3,3,BreaKHis_formatted,TKH,False,1,4000,5,exp1_permuted_src_datasets
1033,357.559481063,2.0,1739233631.2448213,,,,,,,0.978324830532074,1.0,0.001,1,16,84x84,MatchingNetwork,3,3,BreaKHis_formatted,TKH,False,1,4000,5,exp1_permuted_src_datasets
1034,357.578618161,2.0,1739233631.264118,,,,,,,0.979373574256897,1.0,0.001,1,16,84x84,MatchingNetwork,3,3,BreaKHis_formatted,TKH,False,1,4000,5,exp1_permuted_src_datasets
1035,357.599757221,2.0,1739233631.285163,,,,,,,0.9791742563247681,1.0,0.001,1,16,84x84,MatchingNetwork,3,3,BreaKHis_formatted,TKH,False,1,4000,5,exp1_permuted_src_datasets
1036,357.623815612,2.0,1739233631.3091865,,,,,,,0.9816000461578369,1.0,0.001,1,16,84x84,MatchingNetwork,3,3,BreaKHis_formatted,TKH,False,1,4000,5,exp1_permuted_src_datasets
1037,357.642502007,2.0,1739233631.3279383,,,,,,,0.9786126613616943,1.0,0.001,1,16,84x84,MatchingNetwork,3,3,BreaKHis_formatted,TKH,False,1,4000,5,exp1_permuted_src_datasets
1038,357.661379464,2.0,1739233631.3468597,,,,,,,0.9807619452476501,1.0,0.001,1,16,84x84,MatchingNetwork,3,3,BreaKHis_formatted,TKH,False,1,4000,5,exp1_permuted_src_datasets
1039,357.67745423,2.0,1739233631.3612206,,,,,,,0.9790329337120056,1.0,0.001,1,16,84x84,MatchingNetwork,3,3,BreaKHis_formatted,TKH,False,1,4000,5,exp1_permuted_src_datasets
1040,357.694461921,2.0,1739233631.3799388,,,,,,,0.9808775186538696,1.0,0.001,1,16,84x84,MatchingNetwork,3,3,BreaKHis_formatted,TKH,False,1,4000,5,exp1_permuted_src_datasets
1041,357.713600092,2.0,1739233631.3981533,,,,,,,0.9824143052101135,1.0,0.001,1,16,84x84,MatchingNetwork,3,3,BreaKHis_formatted,TKH,False,1,4000,5,exp1_permuted_src_datasets
1042,357.733190547,2.0,1739233631.418686,,,,,,,0.9812299609184265,1.0,0.001,1,16,84x84,MatchingNetwork,3,3,BreaKHis_formatted,TKH,False,1,4000,5,exp1_permuted_src_datasets
1043,357.751586199,2.0,1739233631.4371045,,,,,,,0.9801112413406372,1.0,0.001,1,16,84x84,MatchingNetwork,3,3,BreaKHis_formatted,TKH,False,1,4000,5,exp1_permuted_src_datasets
1044,357.773298525,2.0,1739233631.4586616,,,,,,,0.9782130718231201,1.0,0.001,1,16,84x84,MatchingNetwork,3,3,BreaKHis_formatted,TKH,False,1,4000,5,exp1_permuted_src_datasets
1045,357.792319301,2.0,1739233631.47728,,,,,,,0.9796148538589478,1.0,0.001,1,16,84x84,MatchingNetwork,3,3,BreaKHis_formatted,TKH,False,1,4000,5,exp1_permuted_src_datasets
1046,357.814076317,2.0,1739233631.499483,,,,,,,0.9806787371635437,1.0,0.001,1,16,84x84,MatchingNetwork,3,3,BreaKHis_formatted,TKH,False,1,4000,5,exp1_permuted_src_datasets
1047,357.836966791,2.0,1739233631.522292,,,,,,,0.9797096848487854,1.0,0.001,1,16,84x84,MatchingNetwork,3,3,BreaKHis_formatted,TKH,False,1,4000,5,exp1_permuted_src_datasets
1048,357.856464224,2.0,1739233631.5418699,,,,,,,0.9784349799156189,1.0,0.001,1,16,84x84,MatchingNetwork,3,3,BreaKHis_formatted,TKH,False,1,4000,5,exp1_permuted_src_datasets
1049,357.874109082,2.0,1739233631.5594952,,,,,,,0.9793875217437744,1.0,0.001,1,16,84x84,MatchingNetwork,3,3,BreaKHis_formatted,TKH,False,1,4000,5,exp1_permuted_src_datasets
1050,357.892640133,2.0,1739233631.5781505,,,,,,,0.9792954921722412,1.0,0.001,1,16,84x84,MatchingNetwork,3,3,BreaKHis_formatted,TKH,False,1,4000,5,exp1_permuted_src_datasets
1051,357.916858407,2.0,1739233631.602212,,,,,,,0.9797354340553284,1.0,0.001,1,16,84x84,MatchingNetwork,3,3,BreaKHis_formatted,TKH,False,1,4000,5,exp1_permuted_src_datasets
1052,357.937725987,2.0,1739233631.6231716,,,,,,,0.9785581231117249,1.0,0.001,1,16,84x84,MatchingNetwork,3,3,BreaKHis_formatted,TKH,False,1,4000,5,exp1_permuted_src_datasets
1053,357.959601461,2.0,1739233631.6435785,,,,,,,0.9781497120857239,1.0,0.001,1,16,84x84,MatchingNetwork,3,3,BreaKHis_formatted,TKH,False,1,4000,5,exp1_permuted_src_datasets
1054,357.981382476,2.0,1739233631.6667323,,,,,,,0.9786199331283569,1.0,0.001,1,16,84x84,MatchingNetwork,3,3,BreaKHis_formatted,TKH,False,1,4000,5,exp1_permuted_src_datasets
1055,358.00335441,2.0,1739233631.6887748,,,,,,,0.9812612533569336,1.0,0.001,1,16,84x84,MatchingNetwork,3,3,BreaKHis_formatted,TKH,False,1,4000,5,exp1_permuted_src_datasets
1056,358.024396402,2.0,1739233631.7098465,,,,,,,0.9805769920349121,1.0,0.001,1,16,84x84,MatchingNetwork,3,3,BreaKHis_formatted,TKH,False,1,4000,5,exp1_permuted_src_datasets
1057,358.039430662,2.0,1739233631.7247767,,,,,,,0.9784765243530273,1.0,0.001,1,16,84x84,MatchingNetwork,3,3,BreaKHis_formatted,TKH,False,1,4000,5,exp1_permuted_src_datasets
1058,358.056547579,2.0,1739233631.741959,,,,,,,0.9842082858085632,1.0,0.001,1,16,84x84,MatchingNetwork,3,3,BreaKHis_formatted,TKH,False,1,4000,5,exp1_permuted_src_datasets
1059,358.071597539,2.0,1739233631.757146,,,,,,,0.9786373376846313,1.0,0.001,1,16,84x84,MatchingNetwork,3,3,BreaKHis_formatted,TKH,False,1,4000,5,exp1_permuted_src_datasets
1060,358.092838235,2.0,1739233631.7782743,,,,,,,0.9786880612373352,1.0,0.001,1,16,84x84,MatchingNetwork,3,3,BreaKHis_formatted,TKH,False,1,4000,5,exp1_permuted_src_datasets
1061,358.10784076,2.0,1739233631.7932863,,,,,,,0.9787037372589111,1.0,0.001,1,16,84x84,MatchingNetwork,3,3,BreaKHis_formatted,TKH,False,1,4000,5,exp1_permuted_src_datasets
1062,358.121967726,2.0,1739233631.8074875,,,,,,,0.9788760542869568,1.0,0.001,1,16,84x84,MatchingNetwork,3,3,BreaKHis_formatted,TKH,False,1,4000,5,exp1_permuted_src_datasets
1063,358.144324738,2.0,1739233631.829783,,,,,,,0.9791443943977356,1.0,0.001,1,16,84x84,MatchingNetwork,3,3,BreaKHis_formatted,TKH,False,1,4000,5,exp1_permuted_src_datasets
1064,358.161225764,2.0,1739233631.8466127,,,,,,,0.978459894657135,1.0,0.001,1,16,84x84,MatchingNetwork,3,3,BreaKHis_formatted,TKH,False,1,4000,5,exp1_permuted_src_datasets
1065,358.176168142,2.0,1739233631.861637,,,,,,,0.9786398410797119,1.0,0.001,1,16,84x84,MatchingNetwork,3,3,BreaKHis_formatted,TKH,False,1,4000,5,exp1_permuted_src_datasets
1066,358.194885304,2.0,1739233631.8803837,,,,,,,0.9793592691421509,1.0,0.001,1,16,84x84,MatchingNetwork,3,3,BreaKHis_formatted,TKH,False,1,4000,5,exp1_permuted_src_datasets
1067,358.215430937,2.0,1739233631.9008877,,,,,,,0.9788817763328552,1.0,0.001,1,16,84x84,MatchingNetwork,3,3,BreaKHis_formatted,TKH,False,1,4000,5,exp1_permuted_src_datasets
1068,358.236696219,2.0,1739233631.9220939,,,,,,,0.9794460535049438,1.0,0.001,1,16,84x84,MatchingNetwork,3,3,BreaKHis_formatted,TKH,False,1,4000,5,exp1_permuted_src_datasets
1069,358.253108432,2.0,1739233631.9385908,,,,,,,0.9799001812934875,1.0,0.001,1,16,84x84,MatchingNetwork,3,3,BreaKHis_formatted,TKH,False,1,4000,5,exp1_permuted_src_datasets
1070,358.276684837,2.0,1739233631.9620967,,,,,,,0.9782198071479797,1.0,0.001,1,16,84x84,MatchingNetwork,3,3,BreaKHis_formatted,TKH,False,1,4000,5,exp1_permuted_src_datasets
1071,358.295919347,2.0,1739233631.9814327,,,,,,,0.979468822479248,1.0,0.001,1,16,84x84,MatchingNetwork,3,3,BreaKHis_formatted,TKH,False,1,4000,5,exp1_permuted_src_datasets
1072,358.313905663,2.0,1739233631.9992986,,,,,,,0.9808099269866943,1.0,0.001,1,16,84x84,MatchingNetwork,3,3,BreaKHis_formatted,TKH,False,1,4000,5,exp1_permuted_src_datasets
1073,358.331499152,2.0,1739233632.0170372,,,,,,,0.9785000085830688,1.0,0.001,1,16,84x84,MatchingNetwork,3,3,BreaKHis_formatted,TKH,False,1,4000,5,exp1_permuted_src_datasets
1074,362.064582601,2.0,1739233635.7502544,,,,,,0.39425,,,0.001,1,16,84x84,MatchingNetwork,3,3,BreaKHis_formatted,TKH,False,1,4000,5,exp1_permuted_src_datasets
1075,422.449294363,3.0,1739233696.134937,,,,,,,,,0.001,1,16,84x84,MatchingNetwork,3,3,BreaKHis_formatted,TKH,False,1,4000,5,exp1_permuted_src_datasets
1076,426.83512953,3.0,1739233700.5207238,,,,,,0.35375,,,0.001,1,16,84x84,MatchingNetwork,3,3,BreaKHis_formatted,TKH,False,1,4000,5,exp1_permuted_src_datasets
1077,426.851886633,3.0,1739233700.5371819,,,,,,,0.9828320145606995,1.0,0.001,1,16,84x84,MatchingNetwork,3,3,BreaKHis_formatted,TKH,False,1,4000,5,exp1_permuted_src_datasets
1078,426.872410313,3.0,1739233700.5576067,,,,,,,0.9804453253746033,1.0,0.001,1,16,84x84,MatchingNetwork,3,3,BreaKHis_formatted,TKH,False,1,4000,5,exp1_permuted_src_datasets
1079,426.896367934,3.0,1739233700.5815578,,,,,,,0.9804009199142456,1.0,0.001,1,16,84x84,MatchingNetwork,3,3,BreaKHis_formatted,TKH,False,1,4000,5,exp1_permuted_src_datasets
1080,426.915167804,3.0,1739233700.6003659,,,,,,,0.9781837463378906,1.0,0.001,1,16,84x84,MatchingNetwork,3,3,BreaKHis_formatted,TKH,False,1,4000,5,exp1_permuted_src_datasets
1081,426.933284537,3.0,1739233700.6184397,,,,,,,0.9825869798660278,1.0,0.001,1,16,84x84,MatchingNetwork,3,3,BreaKHis_formatted,TKH,False,1,4000,5,exp1_permuted_src_datasets
1082,426.960027831,3.0,1739233700.6450799,,,,,,,0.980293869972229,1.0,0.001,1,16,84x84,MatchingNetwork,3,3,BreaKHis_formatted,TKH,False,1,4000,5,exp1_permuted_src_datasets
1083,426.987594056,3.0,1739233700.6726139,,,,,,,0.9871306419372559,1.0,0.001,1,16,84x84,MatchingNetwork,3,3,BreaKHis_formatted,TKH,False,1,4000,5,exp1_permuted_src_datasets
1084,427.00773619,3.0,1739233700.6930547,,,,,,,0.980624258518219,1.0,0.001,1,16,84x84,MatchingNetwork,3,3,BreaKHis_formatted,TKH,False,1,4000,5,exp1_permuted_src_datasets
1085,427.029457312,3.0,1739233700.7147558,,,,,,,0.9815027117729187,1.0,0.001,1,16,84x84,MatchingNetwork,3,3,BreaKHis_formatted,TKH,False,1,4000,5,exp1_permuted_src_datasets
1086,427.046239668,3.0,1739233700.7315547,,,,,,,0.9789795875549316,1.0,0.001,1,16,84x84,MatchingNetwork,3,3,BreaKHis_formatted,TKH,False,1,4000,5,exp1_permuted_src_datasets
1087,427.063143172,3.0,1739233700.7485242,,,,,,,0.97928786277771,1.0,0.001,1,16,84x84,MatchingNetwork,3,3,BreaKHis_formatted,TKH,False,1,4000,5,exp1_permuted_src_datasets
1088,427.085013828,3.0,1739233700.7703037,,,,,,,0.9792059659957886,1.0,0.001,1,16,84x84,MatchingNetwork,3,3,BreaKHis_formatted,TKH,False,1,4000,5,exp1_permuted_src_datasets
1089,427.102502925,3.0,1739233700.7877967,,,,,,,0.9811984300613403,1.0,0.001,1,16,84x84,MatchingNetwork,3,3,BreaKHis_formatted,TKH,False,1,4000,5,exp1_permuted_src_datasets
1090,427.12019181,3.0,1739233700.80542,,,,,,,0.9821218252182007,1.0,0.001,1,16,84x84,MatchingNetwork,3,3,BreaKHis_formatted,TKH,False,1,4000,5,exp1_permuted_src_datasets
1091,427.142958,3.0,1739233700.8282452,,,,,,,0.979341447353363,1.0,0.001,1,16,84x84,MatchingNetwork,3,3,BreaKHis_formatted,TKH,False,1,4000,5,exp1_permuted_src_datasets
1092,427.168068326,3.0,1739233700.8528738,,,,,,,0.9815652370452881,1.0,0.001,1,16,84x84,MatchingNetwork,3,3,BreaKHis_formatted,TKH,False,1,4000,5,exp1_permuted_src_datasets
1093,427.186002729,3.0,1739233700.8714693,,,,,,,0.978996992111206,1.0,0.001,1,16,84x84,MatchingNetwork,3,3,BreaKHis_formatted,TKH,False,1,4000,5,exp1_permuted_src_datasets
1094,427.207283656,3.0,1739233700.8926113,,,,,,,0.9792786240577698,1.0,0.001,1,16,84x84,MatchingNetwork,3,3,BreaKHis_formatted,TKH,False,1,4000,5,exp1_permuted_src_datasets
1095,427.229481274,3.0,1739233700.9148304,,,,,,,0.9783216118812561,1.0,0.001,1,16,84x84,MatchingNetwork,3,3,BreaKHis_formatted,TKH,False,1,4000,5,exp1_permuted_src_datasets
1096,427.247540215,3.0,1739233700.9328167,,,,,,,0.9785435199737549,1.0,0.001,1,16,84x84,MatchingNetwork,3,3,BreaKHis_formatted,TKH,False,1,4000,5,exp1_permuted_src_datasets
1097,427.264011947,3.0,1739233700.9489148,,,,,,,0.9831508994102478,1.0,0.001,1,16,84x84,MatchingNetwork,3,3,BreaKHis_formatted,TKH,False,1,4000,5,exp1_permuted_src_datasets
1098,427.279605297,3.0,1739233700.9650433,,,,,,,0.9797897338867188,1.0,0.001,1,16,84x84,MatchingNetwork,3,3,BreaKHis_formatted,TKH,False,1,4000,5,exp1_permuted_src_datasets
1099,427.294909647,3.0,1739233700.9803042,,,,,,,0.9797540903091431,1.0,0.001,1,16,84x84,MatchingNetwork,3,3,BreaKHis_formatted,TKH,False,1,4000,5,exp1_permuted_src_datasets
1100,427.30990213,3.0,1739233700.9953625,,,,,,,0.980573832988739,1.0,0.001,1,16,84x84,MatchingNetwork,3,3,BreaKHis_formatted,TKH,False,1,4000,5,exp1_permuted_src_datasets
1101,427.33304034,3.0,1739233701.0183265,,,,,,,0.9823745489120483,1.0,0.001,1,16,84x84,MatchingNetwork,3,3,BreaKHis_formatted,TKH,False,1,4000,5,exp1_permuted_src_datasets
1102,427.354431383,3.0,1739233701.0398152,,,,,,,0.9850573539733887,1.0,0.001,1,16,84x84,MatchingNetwork,3,3,BreaKHis_formatted,TKH,False,1,4000,5,exp1_permuted_src_datasets
1103,427.372691798,3.0,1739233701.0581517,,,,,,,0.9794400334358215,1.0,0.001,1,16,84x84,MatchingNetwork,3,3,BreaKHis_formatted,TKH,False,1,4000,5,exp1_permuted_src_datasets
1104,427.39853583,3.0,1739233701.0834625,,,,,,,0.9815253019332886,1.0,0.001,1,16,84x84,MatchingNetwork,3,3,BreaKHis_formatted,TKH,False,1,4000,5,exp1_permuted_src_datasets
1105,427.41553255,3.0,1739233701.1010137,,,,,,,0.9847158789634705,1.0,0.001,1,16,84x84,MatchingNetwork,3,3,BreaKHis_formatted,TKH,False,1,4000,5,exp1_permuted_src_datasets
1106,427.441557393,3.0,1739233701.1251357,,,,,,,0.9798911809921265,1.0,0.001,1,16,84x84,MatchingNetwork,3,3,BreaKHis_formatted,TKH,False,1,4000,5,exp1_permuted_src_datasets
1107,427.465607032,3.0,1739233701.150908,,,,,,,0.9807237386703491,1.0,0.001,1,16,84x84,MatchingNetwork,3,3,BreaKHis_formatted,TKH,False,1,4000,5,exp1_permuted_src_datasets
1108,427.491282327,3.0,1739233701.174809,,,,,,,0.9790236353874207,1.0,0.001,1,16,84x84,MatchingNetwork,3,3,BreaKHis_formatted,TKH,False,1,4000,5,exp1_permuted_src_datasets
1109,427.517435569,3.0,1739233701.2026436,,,,,,,0.9795127511024475,1.0,0.001,1,16,84x84,MatchingNetwork,3,3,BreaKHis_formatted,TKH,False,1,4000,5,exp1_permuted_src_datasets
1110,427.539169419,3.0,1739233701.222597,,,,,,,0.9798916578292847,1.0,0.001,1,16,84x84,MatchingNetwork,3,3,BreaKHis_formatted,TKH,False,1,4000,5,exp1_permuted_src_datasets
1111,427.557308838,3.0,1739233701.2427459,,,,,,,0.9794447422027588,1.0,0.001,1,16,84x84,MatchingNetwork,3,3,BreaKHis_formatted,TKH,False,1,4000,5,exp1_permuted_src_datasets
1112,427.582287573,3.0,1739233701.2677264,,,,,,,0.9788045287132263,1.0,0.001,1,16,84x84,MatchingNetwork,3,3,BreaKHis_formatted,TKH,False,1,4000,5,exp1_permuted_src_datasets
1113,427.603327565,3.0,1739233701.2882285,,,,,,,0.9829397797584534,1.0,0.001,1,16,84x84,MatchingNetwork,3,3,BreaKHis_formatted,TKH,False,1,4000,5,exp1_permuted_src_datasets
1114,427.625287192,3.0,1739233701.3106568,,,,,,,0.9781805276870728,1.0,0.001,1,16,84x84,MatchingNetwork,3,3,BreaKHis_formatted,TKH,False,1,4000,5,exp1_permuted_src_datasets
1115,427.648019236,3.0,1739233701.3333879,,,,,,,0.9782119393348694,1.0,0.001,1,16,84x84,MatchingNetwork,3,3,BreaKHis_formatted,TKH,False,1,4000,5,exp1_permuted_src_datasets
1116,427.673850612,3.0,1739233701.3591976,,,,,,,0.9779801368713379,1.0,0.001,1,16,84x84,MatchingNetwork,3,3,BreaKHis_formatted,TKH,False,1,4000,5,exp1_permuted_src_datasets
1117,427.691607645,3.0,1739233701.3769708,,,,,,,0.9806159734725952,1.0,0.001,1,16,84x84,MatchingNetwork,3,3,BreaKHis_formatted,TKH,False,1,4000,5,exp1_permuted_src_datasets
1118,427.709203028,3.0,1739233701.3946912,,,,,,,0.9796171188354492,1.0,0.001,1,16,84x84,MatchingNetwork,3,3,BreaKHis_formatted,TKH,False,1,4000,5,exp1_permuted_src_datasets
1119,427.729029626,3.0,1739233701.41452,,,,,,,0.9791069030761719,1.0,0.001,1,16,84x84,MatchingNetwork,3,3,BreaKHis_formatted,TKH,False,1,4000,5,exp1_permuted_src_datasets
1120,427.747624709,3.0,1739233701.4330401,,,,,,,0.9781134128570557,1.0,0.001,1,16,84x84,MatchingNetwork,3,3,BreaKHis_formatted,TKH,False,1,4000,5,exp1_permuted_src_datasets
1121,427.764575866,3.0,1739233701.4500816,,,,,,,0.9786761403083801,1.0,0.001,1,16,84x84,MatchingNetwork,3,3,BreaKHis_formatted,TKH,False,1,4000,5,exp1_permuted_src_datasets
1122,427.787084829,3.0,1739233701.4714215,,,,,,,0.9811999797821045,1.0,0.001,1,16,84x84,MatchingNetwork,3,3,BreaKHis_formatted,TKH,False,1,4000,5,exp1_permuted_src_datasets
1123,427.805160683,3.0,1739233701.4905858,,,,,,,0.9778792858123779,1.0,0.001,1,16,84x84,MatchingNetwork,3,3,BreaKHis_formatted,TKH,False,1,4000,5,exp1_permuted_src_datasets
1124,427.824767722,3.0,1739233701.5100765,,,,,,,0.9791377186775208,1.0,0.001,1,16,84x84,MatchingNetwork,3,3,BreaKHis_formatted,TKH,False,1,4000,5,exp1_permuted_src_datasets
1125,427.846807918,3.0,1739233701.5322244,,,,,,,0.9784974455833435,1.0,0.001,1,16,84x84,MatchingNetwork,3,3,BreaKHis_formatted,TKH,False,1,4000,5,exp1_permuted_src_datasets
1126,427.869507322,3.0,1739233701.5548391,,,,,,,0.9784902334213257,1.0,0.001,1,16,84x84,MatchingNetwork,3,3,BreaKHis_formatted,TKH,False,1,4000,5,exp1_permuted_src_datasets
1127,427.891801485,3.0,1739233701.577279,,,,,,,0.97877037525177,1.0,0.001,1,16,84x84,MatchingNetwork,3,3,BreaKHis_formatted,TKH,False,1,4000,5,exp1_permuted_src_datasets
1128,427.909847258,3.0,1739233701.5952187,,,,,,,0.9784568548202515,1.0,0.001,1,16,84x84,MatchingNetwork,3,3,BreaKHis_formatted,TKH,False,1,4000,5,exp1_permuted_src_datasets
1129,427.933630815,3.0,1739233701.6176395,,,,,,,0.9778821468353271,1.0,0.001,1,16,84x84,MatchingNetwork,3,3,BreaKHis_formatted,TKH,False,1,4000,5,exp1_permuted_src_datasets
1130,427.955291485,3.0,1739233701.6406245,,,,,,,0.9783186316490173,1.0,0.001,1,16,84x84,MatchingNetwork,3,3,BreaKHis_formatted,TKH,False,1,4000,5,exp1_permuted_src_datasets
1131,427.970527365,3.0,1739233701.656079,,,,,,,0.9797611832618713,1.0,0.001,1,16,84x84,MatchingNetwork,3,3,BreaKHis_formatted,TKH,False,1,4000,5,exp1_permuted_src_datasets
1132,427.989758617,3.0,1739233701.6752863,,,,,,,0.9779255390167236,1.0,0.001,1,16,84x84,MatchingNetwork,3,3,BreaKHis_formatted,TKH,False,1,4000,5,exp1_permuted_src_datasets
1133,428.011928139,3.0,1739233701.697204,,,,,,,0.9781700372695923,1.0,0.001,1,16,84x84,MatchingNetwork,3,3,BreaKHis_formatted,TKH,False,1,4000,5,exp1_permuted_src_datasets
1134,428.034014237,3.0,1739233701.7194076,,,,,,,0.9783433079719543,1.0,0.001,1,16,84x84,MatchingNetwork,3,3,BreaKHis_formatted,TKH,False,1,4000,5,exp1_permuted_src_datasets
1135,428.05272062,3.0,1739233701.7380552,,,,,,,0.9786889553070068,1.0,0.001,1,16,84x84,MatchingNetwork,3,3,BreaKHis_formatted,TKH,False,1,4000,5,exp1_permuted_src_datasets
1136,428.074432282,3.0,1739233701.7599046,,,,,,,0.9779504537582397,1.0,0.001,1,16,84x84,MatchingNetwork,3,3,BreaKHis_formatted,TKH,False,1,4000,5,exp1_permuted_src_datasets
1137,428.09510767,3.0,1739233701.7805362,,,,,,,0.9796104431152344,1.0,0.001,1,16,84x84,MatchingNetwork,3,3,BreaKHis_formatted,TKH,False,1,4000,5,exp1_permuted_src_datasets
1138,428.111993722,3.0,1739233701.7974076,,,,,,,0.9781222939491272,1.0,0.001,1,16,84x84,MatchingNetwork,3,3,BreaKHis_formatted,TKH,False,1,4000,5,exp1_permuted_src_datasets
1139,432.196163684,3.0,1739233705.8817887,,,,,,0.39525,,,0.001,1,16,84x84,MatchingNetwork,3,3,BreaKHis_formatted,TKH,False,1,4000,5,exp1_permuted_src_datasets
1140,432.221035406,3.0,1739233705.904672,,,,,,,0.9779329895973206,1.0,0.001,1,16,84x84,MatchingNetwork,3,3,BreaKHis_formatted,TKH,False,1,4000,5,exp1_permuted_src_datasets
1141,432.239605859,3.0,1739233705.9250252,,,,,,,0.977831244468689,1.0,0.001,1,16,84x84,MatchingNetwork,3,3,BreaKHis_formatted,TKH,False,1,4000,5,exp1_permuted_src_datasets
1142,432.260210895,3.0,1739233705.9455297,,,,,,,0.9784882664680481,1.0,0.001,1,16,84x84,MatchingNetwork,3,3,BreaKHis_formatted,TKH,False,1,4000,5,exp1_permuted_src_datasets
1143,432.283231599,3.0,1739233705.968162,,,,,,,0.9782302975654602,1.0,0.001,1,16,84x84,MatchingNetwork,3,3,BreaKHis_formatted,TKH,False,1,4000,5,exp1_permuted_src_datasets
1144,432.303749323,3.0,1739233705.9891043,,,,,,,0.9780517220497131,1.0,0.001,1,16,84x84,MatchingNetwork,3,3,BreaKHis_formatted,TKH,False,1,4000,5,exp1_permuted_src_datasets
1145,432.323334285,3.0,1739233706.007446,,,,,,,0.9793680310249329,1.0,0.001,1,16,84x84,MatchingNetwork,3,3,BreaKHis_formatted,TKH,False,1,4000,5,exp1_permuted_src_datasets
1146,432.342517972,3.0,1739233706.0279942,,,,,,,0.9799693822860718,1.0,0.001,1,16,84x84,MatchingNetwork,3,3,BreaKHis_formatted,TKH,False,1,4000,5,exp1_permuted_src_datasets
1147,432.370264563,3.0,1739233706.054041,,,,,,,0.9779412746429443,1.0,0.001,1,16,84x84,MatchingNetwork,3,3,BreaKHis_formatted,TKH,False,1,4000,5,exp1_permuted_src_datasets
1148,432.39462317,3.0,1739233706.0799682,,,,,,,0.9786662459373474,1.0,0.001,1,16,84x84,MatchingNetwork,3,3,BreaKHis_formatted,TKH,False,1,4000,5,exp1_permuted_src_datasets
1149,432.420160171,3.0,1739233706.105364,,,,,,,0.977742075920105,1.0,0.001,1,16,84x84,MatchingNetwork,3,3,BreaKHis_formatted,TKH,False,1,4000,5,exp1_permuted_src_datasets
1150,432.439327702,3.0,1739233706.1229966,,,,,,,0.9782964587211609,1.0,0.001,1,16,84x84,MatchingNetwork,3,3,BreaKHis_formatted,TKH,False,1,4000,5,exp1_permuted_src_datasets
1151,432.463772854,3.0,1739233706.149142,,,,,,,0.9782662391662598,1.0,0.001,1,16,84x84,MatchingNetwork,3,3,BreaKHis_formatted,TKH,False,1,4000,5,exp1_permuted_src_datasets
1152,432.485568918,3.0,1739233706.170859,,,,,,,0.9785973429679871,1.0,0.001,1,16,84x84,MatchingNetwork,3,3,BreaKHis_formatted,TKH,False,1,4000,5,exp1_permuted_src_datasets
1153,432.506671936,3.0,1739233706.1918855,,,,,,,0.978304922580719,1.0,0.001,1,16,84x84,MatchingNetwork,3,3,BreaKHis_formatted,TKH,False,1,4000,5,exp1_permuted_src_datasets
1154,432.526469029,3.0,1739233706.2116013,,,,,,,0.9784023761749268,1.0,0.001,1,16,84x84,MatchingNetwork,3,3,BreaKHis_formatted,TKH,False,1,4000,5,exp1_permuted_src_datasets
1155,432.547457001,3.0,1739233706.2328515,,,,,,,0.9799559116363525,1.0,0.001,1,16,84x84,MatchingNetwork,3,3,BreaKHis_formatted,TKH,False,1,4000,5,exp1_permuted_src_datasets
1156,432.56589924,3.0,1739233706.2509537,,,,,,,0.978286862373352,1.0,0.001,1,16,84x84,MatchingNetwork,3,3,BreaKHis_formatted,TKH,False,1,4000,5,exp1_permuted_src_datasets
1157,432.585578378,3.0,1739233706.2706938,,,,,,,0.9792630672454834,1.0,0.001,1,16,84x84,MatchingNetwork,3,3,BreaKHis_formatted,TKH,False,1,4000,5,exp1_permuted_src_datasets
1158,432.611677767,3.0,1739233706.2958622,,,,,,,0.9778862595558167,1.0,0.001,1,16,84x84,MatchingNetwork,3,3,BreaKHis_formatted,TKH,False,1,4000,5,exp1_permuted_src_datasets
1159,432.638744068,3.0,1739233706.324062,,,,,,,0.9784576296806335,1.0,0.001,1,16,84x84,MatchingNetwork,3,3,BreaKHis_formatted,TKH,False,1,4000,5,exp1_permuted_src_datasets
1160,432.655963602,3.0,1739233706.341399,,,,,,,0.9778088927268982,1.0,0.001,1,16,84x84,MatchingNetwork,3,3,BreaKHis_formatted,TKH,False,1,4000,5,exp1_permuted_src_datasets
1161,432.677046543,3.0,1739233706.3622909,,,,,,,0.9793114066123962,1.0,0.001,1,16,84x84,MatchingNetwork,3,3,BreaKHis_formatted,TKH,False,1,4000,5,exp1_permuted_src_datasets
1162,432.696205257,3.0,1739233706.3815799,,,,,,,0.9783163070678711,1.0,0.001,1,16,84x84,MatchingNetwork,3,3,BreaKHis_formatted,TKH,False,1,4000,5,exp1_permuted_src_datasets
1163,432.725973768,3.0,1739233706.4105582,,,,,,,0.9778265953063965,1.0,0.001,1,16,84x84,MatchingNetwork,3,3,BreaKHis_formatted,TKH,False,1,4000,5,exp1_permuted_src_datasets
1164,432.745390622,3.0,1739233706.4307544,,,,,,,0.9777042269706726,1.0,0.001,1,16,84x84,MatchingNetwork,3,3,BreaKHis_formatted,TKH,False,1,4000,5,exp1_permuted_src_datasets
1165,432.767209958,3.0,1739233706.4520955,,,,,,,0.9779015183448792,1.0,0.001,1,16,84x84,MatchingNetwork,3,3,BreaKHis_formatted,TKH,False,1,4000,5,exp1_permuted_src_datasets
1166,432.787768289,3.0,1739233706.4728162,,,,,,,0.9783439636230469,1.0,0.001,1,16,84x84,MatchingNetwork,3,3,BreaKHis_formatted,TKH,False,1,4000,5,exp1_permuted_src_datasets
1167,432.812331608,3.0,1739233706.4975922,,,,,,,0.9777618050575256,1.0,0.001,1,16,84x84,MatchingNetwork,3,3,BreaKHis_formatted,TKH,False,1,4000,5,exp1_permuted_src_datasets
1168,432.83111957,3.0,1739233706.5164123,,,,,,,0.9816888570785522,1.0,0.001,1,16,84x84,MatchingNetwork,3,3,BreaKHis_formatted,TKH,False,1,4000,5,exp1_permuted_src_datasets
1169,432.851039791,3.0,1739233706.5362914,,,,,,,0.9778346419334412,1.0,0.001,1,16,84x84,MatchingNetwork,3,3,BreaKHis_formatted,TKH,False,1,4000,5,exp1_permuted_src_datasets
1170,432.875835325,3.0,1739233706.5583627,,,,,,,0.9782883524894714,1.0,0.001,1,16,84x84,MatchingNetwork,3,3,BreaKHis_formatted,TKH,False,1,4000,5,exp1_permuted_src_datasets
1171,432.902157951,3.0,1739233706.5865552,,,,,,,0.9785435795783997,1.0,0.001,1,16,84x84,MatchingNetwork,3,3,BreaKHis_formatted,TKH,False,1,4000,5,exp1_permuted_src_datasets
1172,432.938039976,3.0,1739233706.6200366,,,,,,,0.978733479976654,1.0,0.001,1,16,84x84,MatchingNetwork,3,3,BreaKHis_formatted,TKH,False,1,4000,5,exp1_permuted_src_datasets
1173,432.969304836,3.0,1739233706.65473,,,,,,,0.9778882265090942,1.0,0.001,1,16,84x84,MatchingNetwork,3,3,BreaKHis_formatted,TKH,False,1,4000,5,exp1_permuted_src_datasets
1174,432.986625247,3.0,1739233706.67195,,,,,,,0.9778041243553162,1.0,0.001,1,16,84x84,MatchingNetwork,3,3,BreaKHis_formatted,TKH,False,1,4000,5,exp1_permuted_src_datasets
1175,433.004996286,3.0,1739233706.69026,,,,,,,0.9780847430229187,1.0,0.001,1,16,84x84,MatchingNetwork,3,3,BreaKHis_formatted,TKH,False,1,4000,5,exp1_permuted_src_datasets
1176,433.027685142,3.0,1739233706.7130637,,,,,,,0.97950679063797,1.0,0.001,1,16,84x84,MatchingNetwork,3,3,BreaKHis_formatted,TKH,False,1,4000,5,exp1_permuted_src_datasets
1177,433.04580333,3.0,1739233706.731361,,,,,,,0.9783844351768494,1.0,0.001,1,16,84x84,MatchingNetwork,3,3,BreaKHis_formatted,TKH,False,1,4000,5,exp1_permuted_src_datasets
1178,433.074498271,3.0,1739233706.759871,,,,,,,0.9776626825332642,1.0,0.001,1,16,84x84,MatchingNetwork,3,3,BreaKHis_formatted,TKH,False,1,4000,5,exp1_permuted_src_datasets
1179,433.094854268,3.0,1739233706.7801795,,,,,,,0.9778732061386108,1.0,0.001,1,16,84x84,MatchingNetwork,3,3,BreaKHis_formatted,TKH,False,1,4000,5,exp1_permuted_src_datasets
1180,433.11520973,3.0,1739233706.7986746,,,,,,,0.978500485420227,1.0,0.001,1,16,84x84,MatchingNetwork,3,3,BreaKHis_formatted,TKH,False,1,4000,5,exp1_permuted_src_datasets
1181,433.138160403,3.0,1739233706.8234613,,,,,,,0.9782958030700684,1.0,0.001,1,16,84x84,MatchingNetwork,3,3,BreaKHis_formatted,TKH,False,1,4000,5,exp1_permuted_src_datasets
1182,433.155868032,3.0,1739233706.8412378,,,,,,,0.9782941341400146,1.0,0.001,1,16,84x84,MatchingNetwork,3,3,BreaKHis_formatted,TKH,False,1,4000,5,exp1_permuted_src_datasets
1183,433.184664405,3.0,1739233706.868642,,,,,,,0.9782822132110596,1.0,0.001,1,16,84x84,MatchingNetwork,3,3,BreaKHis_formatted,TKH,False,1,4000,5,exp1_permuted_src_datasets
1184,433.207034737,3.0,1739233706.8922672,,,,,,,0.9800044298171997,1.0,0.001,1,16,84x84,MatchingNetwork,3,3,BreaKHis_formatted,TKH,False,1,4000,5,exp1_permuted_src_datasets
1185,433.234490293,3.0,1739233706.9188046,,,,,,,0.9780837297439575,1.0,0.001,1,16,84x84,MatchingNetwork,3,3,BreaKHis_formatted,TKH,False,1,4000,5,exp1_permuted_src_datasets
1186,433.25723649,3.0,1739233706.9422836,,,,,,,0.9782783389091492,1.0,0.001,1,16,84x84,MatchingNetwork,3,3,BreaKHis_formatted,TKH,False,1,4000,5,exp1_permuted_src_datasets
1187,433.285034072,3.0,1739233706.970356,,,,,,,0.9778081178665161,1.0,0.001,1,16,84x84,MatchingNetwork,3,3,BreaKHis_formatted,TKH,False,1,4000,5,exp1_permuted_src_datasets
1188,433.304734454,3.0,1739233706.9901614,,,,,,,0.9781061410903931,1.0,0.001,1,16,84x84,MatchingNetwork,3,3,BreaKHis_formatted,TKH,False,1,4000,5,exp1_permuted_src_datasets
1189,433.325517683,3.0,1739233707.0105546,,,,,,,0.978174090385437,1.0,0.001,1,16,84x84,MatchingNetwork,3,3,BreaKHis_formatted,TKH,False,1,4000,5,exp1_permuted_src_datasets
1190,433.355367716,3.0,1739233707.0405128,,,,,,,0.9786332845687866,1.0,0.001,1,16,84x84,MatchingNetwork,3,3,BreaKHis_formatted,TKH,False,1,4000,5,exp1_permuted_src_datasets
1191,433.379008912,3.0,1739233707.0642488,,,,,,,0.9776811599731445,1.0,0.001,1,16,84x84,MatchingNetwork,3,3,BreaKHis_formatted,TKH,False,1,4000,5,exp1_permuted_src_datasets
1192,433.405637623,3.0,1739233707.0888102,,,,,,,0.9782330393791199,1.0,0.001,1,16,84x84,MatchingNetwork,3,3,BreaKHis_formatted,TKH,False,1,4000,5,exp1_permuted_src_datasets
1193,433.428710863,3.0,1739233707.1138418,,,,,,,0.9797753691673279,1.0,0.001,1,16,84x84,MatchingNetwork,3,3,BreaKHis_formatted,TKH,False,1,4000,5,exp1_permuted_src_datasets
1194,433.449824503,3.0,1739233707.1351585,,,,,,,0.9778484106063843,1.0,0.001,1,16,84x84,MatchingNetwork,3,3,BreaKHis_formatted,TKH,False,1,4000,5,exp1_permuted_src_datasets
1195,433.467282782,3.0,1739233707.1528058,,,,,,,0.97853684425354,1.0,0.001,1,16,84x84,MatchingNetwork,3,3,BreaKHis_formatted,TKH,False,1,4000,5,exp1_permuted_src_datasets
1196,433.488267936,3.0,1739233707.1737168,,,,,,,0.9784440398216248,1.0,0.001,1,16,84x84,MatchingNetwork,3,3,BreaKHis_formatted,TKH,False,1,4000,5,exp1_permuted_src_datasets
1197,433.512509788,3.0,1739233707.1976168,,,,,,,0.977918803691864,1.0,0.001,1,16,84x84,MatchingNetwork,3,3,BreaKHis_formatted,TKH,False,1,4000,5,exp1_permuted_src_datasets
1198,433.536334758,3.0,1739233707.2198565,,,,,,,0.9786136150360107,1.0,0.001,1,16,84x84,MatchingNetwork,3,3,BreaKHis_formatted,TKH,False,1,4000,5,exp1_permuted_src_datasets
1199,433.563592341,3.0,1739233707.2488797,,,,,,,0.9787023663520813,1.0,0.001,1,16,84x84,MatchingNetwork,3,3,BreaKHis_formatted,TKH,False,1,4000,5,exp1_permuted_src_datasets
1200,433.582974694,3.0,1739233707.2673879,,,,,,,0.978315532207489,1.0,0.001,1,16,84x84,MatchingNetwork,3,3,BreaKHis_formatted,TKH,False,1,4000,5,exp1_permuted_src_datasets
1201,433.60768634,3.0,1739233707.2929034,,,,,,,0.9779782295227051,1.0,0.001,1,16,84x84,MatchingNetwork,3,3,BreaKHis_formatted,TKH,False,1,4000,5,exp1_permuted_src_datasets
1202,437.893149329,3.0,1739233711.5788145,,,,,,0.3785,,,0.001,1,16,84x84,MatchingNetwork,3,3,BreaKHis_formatted,TKH,False,1,4000,5,exp1_permuted_src_datasets
1203,437.910459208,3.0,1739233711.5958257,,,,,,,0.9784335494041443,1.0,0.001,1,16,84x84,MatchingNetwork,3,3,BreaKHis_formatted,TKH,False,1,4000,5,exp1_permuted_src_datasets
1204,437.933898438,3.0,1739233711.6193507,,,,,,,0.9785649180412292,1.0,0.001,1,16,84x84,MatchingNetwork,3,3,BreaKHis_formatted,TKH,False,1,4000,5,exp1_permuted_src_datasets
1205,437.95532212,3.0,1739233711.6401026,,,,,,,0.9786781072616577,1.0,0.001,1,16,84x84,MatchingNetwork,3,3,BreaKHis_formatted,TKH,False,1,4000,5,exp1_permuted_src_datasets
1206,437.978788786,3.0,1739233711.6640527,,,,,,,0.9777652621269226,1.0,0.001,1,16,84x84,MatchingNetwork,3,3,BreaKHis_formatted,TKH,False,1,4000,5,exp1_permuted_src_datasets
1207,438.000646446,3.0,1739233711.6861281,,,,,,,0.9805195331573486,1.0,0.001,1,16,84x84,MatchingNetwork,3,3,BreaKHis_formatted,TKH,False,1,4000,5,exp1_permuted_src_datasets
1208,438.019517373,3.0,1739233711.7049084,,,,,,,0.9779753684997559,1.0,0.001,1,16,84x84,MatchingNetwork,3,3,BreaKHis_formatted,TKH,False,1,4000,5,exp1_permuted_src_datasets
1209,438.042622919,3.0,1739233711.7280576,,,,,,,0.9787120819091797,1.0,0.001,1,16,84x84,MatchingNetwork,3,3,BreaKHis_formatted,TKH,False,1,4000,5,exp1_permuted_src_datasets
1210,438.059914685,3.0,1739233711.7454205,,,,,,,0.9786652326583862,1.0,0.001,1,16,84x84,MatchingNetwork,3,3,BreaKHis_formatted,TKH,False,1,4000,5,exp1_permuted_src_datasets
1211,438.074100629,3.0,1739233711.7596278,,,,,,,0.9788011312484741,1.0,0.001,1,16,84x84,MatchingNetwork,3,3,BreaKHis_formatted,TKH,False,1,4000,5,exp1_permuted_src_datasets
1212,438.097469375,3.0,1739233711.7824368,,,,,,,0.9779322147369385,1.0,0.001,1,16,84x84,MatchingNetwork,3,3,BreaKHis_formatted,TKH,False,1,4000,5,exp1_permuted_src_datasets
1213,438.114451872,3.0,1739233711.7999427,,,,,,,0.9835483431816101,1.0,0.001,1,16,84x84,MatchingNetwork,3,3,BreaKHis_formatted,TKH,False,1,4000,5,exp1_permuted_src_datasets
1214,438.138955791,3.0,1739233711.8243582,,,,,,,0.9781507253646851,1.0,0.001,1,16,84x84,MatchingNetwork,3,3,BreaKHis_formatted,TKH,False,1,4000,5,exp1_permuted_src_datasets
1215,438.16338529,3.0,1739233711.8488305,,,,,,,0.9797545075416565,1.0,0.001,1,16,84x84,MatchingNetwork,3,3,BreaKHis_formatted,TKH,False,1,4000,5,exp1_permuted_src_datasets
1216,438.181211014,3.0,1739233711.8648775,,,,,,,0.9830689430236816,1.0,0.001,1,16,84x84,MatchingNetwork,3,3,BreaKHis_formatted,TKH,False,1,4000,5,exp1_permuted_src_datasets
1217,438.203977827,3.0,1739233711.8893702,,,,,,,0.978185772895813,1.0,0.001,1,16,84x84,MatchingNetwork,3,3,BreaKHis_formatted,TKH,False,1,4000,5,exp1_permuted_src_datasets
1218,438.225019957,3.0,1739233711.9104319,,,,,,,0.9777948260307312,1.0,0.001,1,16,84x84,MatchingNetwork,3,3,BreaKHis_formatted,TKH,False,1,4000,5,exp1_permuted_src_datasets
1219,438.241365557,3.0,1739233711.9248822,,,,,,,0.9778826832771301,1.0,0.001,1,16,84x84,MatchingNetwork,3,3,BreaKHis_formatted,TKH,False,1,4000,5,exp1_permuted_src_datasets
1220,438.261794057,3.0,1739233711.9472919,,,,,,,0.9779555201530457,1.0,0.001,1,16,84x84,MatchingNetwork,3,3,BreaKHis_formatted,TKH,False,1,4000,5,exp1_permuted_src_datasets
1221,438.282043584,3.0,1739233711.9675412,,,,,,,0.9778844118118286,1.0,0.001,1,16,84x84,MatchingNetwork,3,3,BreaKHis_formatted,TKH,False,1,4000,5,exp1_permuted_src_datasets
1222,438.304957602,3.0,1739233711.990297,,,,,,,0.9779735207557678,1.0,0.001,1,16,84x84,MatchingNetwork,3,3,BreaKHis_formatted,TKH,False,1,4000,5,exp1_permuted_src_datasets
1223,438.324403864,3.0,1739233712.0098338,,,,,,,0.9783436059951782,1.0,0.001,1,16,84x84,MatchingNetwork,3,3,BreaKHis_formatted,TKH,False,1,4000,5,exp1_permuted_src_datasets
1224,438.347487944,3.0,1739233712.032806,,,,,,,0.9798081517219543,1.0,0.001,1,16,84x84,MatchingNetwork,3,3,BreaKHis_formatted,TKH,False,1,4000,5,exp1_permuted_src_datasets
1225,438.367046222,3.0,1739233712.0525465,,,,,,,0.9779320359230042,1.0,0.001,1,16,84x84,MatchingNetwork,3,3,BreaKHis_formatted,TKH,False,1,4000,5,exp1_permuted_src_datasets
1226,438.384776723,3.0,1739233712.0685024,,,,,,,0.9793352484703064,1.0,0.001,1,16,84x84,MatchingNetwork,3,3,BreaKHis_formatted,TKH,False,1,4000,5,exp1_permuted_src_datasets
1227,438.402482076,3.0,1739233712.0879877,,,,,,,0.9783986210823059,1.0,0.001,1,16,84x84,MatchingNetwork,3,3,BreaKHis_formatted,TKH,False,1,4000,5,exp1_permuted_src_datasets
1228,438.426755975,3.0,1739233712.1121993,,,,,,,0.9780002236366272,1.0,0.001,1,16,84x84,MatchingNetwork,3,3,BreaKHis_formatted,TKH,False,1,4000,5,exp1_permuted_src_datasets
1229,438.45035903,3.0,1739233712.1357994,,,,,,,0.9776424169540405,1.0,0.001,1,16,84x84,MatchingNetwork,3,3,BreaKHis_formatted,TKH,False,1,4000,5,exp1_permuted_src_datasets
1230,438.467739589,3.0,1739233712.1532843,,,,,,,0.9787065386772156,1.0,0.001,1,16,84x84,MatchingNetwork,3,3,BreaKHis_formatted,TKH,False,1,4000,5,exp1_permuted_src_datasets
1231,438.485291489,3.0,1739233712.1707003,,,,,,,0.9783141016960144,1.0,0.001,1,16,84x84,MatchingNetwork,3,3,BreaKHis_formatted,TKH,False,1,4000,5,exp1_permuted_src_datasets
1232,438.507630867,3.0,1739233712.1930425,,,,,,,0.9783477783203125,1.0,0.001,1,16,84x84,MatchingNetwork,3,3,BreaKHis_formatted,TKH,False,1,4000,5,exp1_permuted_src_datasets
1233,438.532695761,3.0,1739233712.2181826,,,,,,,0.9776403903961182,1.0,0.001,1,16,84x84,MatchingNetwork,3,3,BreaKHis_formatted,TKH,False,1,4000,5,exp1_permuted_src_datasets
1234,438.5549515,3.0,1739233712.23891,,,,,,,0.9778398275375366,1.0,0.001,1,16,84x84,MatchingNetwork,3,3,BreaKHis_formatted,TKH,False,1,4000,5,exp1_permuted_src_datasets
1235,438.575090573,3.0,1739233712.260438,,,,,,,0.9795705080032349,1.0,0.001,1,16,84x84,MatchingNetwork,3,3,BreaKHis_formatted,TKH,False,1,4000,5,exp1_permuted_src_datasets
1236,438.597758338,3.0,1739233712.2831233,,,,,,,0.9779470562934875,1.0,0.001,1,16,84x84,MatchingNetwork,3,3,BreaKHis_formatted,TKH,False,1,4000,5,exp1_permuted_src_datasets
1237,438.618808363,3.0,1739233712.304202,,,,,,,0.9782422780990601,1.0,0.001,1,16,84x84,MatchingNetwork,3,3,BreaKHis_formatted,TKH,False,1,4000,5,exp1_permuted_src_datasets
1238,438.635074242,3.0,1739233712.3204741,,,,,,,0.9783320426940918,1.0,0.001,1,16,84x84,MatchingNetwork,3,3,BreaKHis_formatted,TKH,False,1,4000,5,exp1_permuted_src_datasets
1239,438.65379993,3.0,1739233712.339312,,,,,,,0.9783413410186768,1.0,0.001,1,16,84x84,MatchingNetwork,3,3,BreaKHis_formatted,TKH,False,1,4000,5,exp1_permuted_src_datasets
1240,438.674289953,3.0,1739233712.3597703,,,,,,,0.978244960308075,1.0,0.001,1,16,84x84,MatchingNetwork,3,3,BreaKHis_formatted,TKH,False,1,4000,5,exp1_permuted_src_datasets
1241,438.695706627,3.0,1739233712.381187,,,,,,,0.9783815145492554,1.0,0.001,1,16,84x84,MatchingNetwork,3,3,BreaKHis_formatted,TKH,False,1,4000,5,exp1_permuted_src_datasets
1242,438.710723221,3.0,1739233712.39619,,,,,,,0.9783749580383301,1.0,0.001,1,16,84x84,MatchingNetwork,3,3,BreaKHis_formatted,TKH,False,1,4000,5,exp1_permuted_src_datasets
1243,438.725983916,3.0,1739233712.4115014,,,,,,,0.9830033779144287,1.0,0.001,1,16,84x84,MatchingNetwork,3,3,BreaKHis_formatted,TKH,False,1,4000,5,exp1_permuted_src_datasets
1244,438.836132406,3.0,1739233712.5215712,,,,,,,0.9783850908279419,1.0,0.001,1,16,84x84,MatchingNetwork,3,3,BreaKHis_formatted,TKH,False,1,4000,5,exp1_permuted_src_datasets
1245,438.853781461,3.0,1739233712.53924,,,,,,,0.9783970713615417,1.0,0.001,1,16,84x84,MatchingNetwork,3,3,BreaKHis_formatted,TKH,False,1,4000,5,exp1_permuted_src_datasets
1246,438.874830435,3.0,1739233712.560195,,,,,,,0.977879524230957,1.0,0.001,1,16,84x84,MatchingNetwork,3,3,BreaKHis_formatted,TKH,False,1,4000,5,exp1_permuted_src_datasets
1247,438.899752698,3.0,1739233712.5851488,,,,,,,0.978670597076416,1.0,0.001,1,16,84x84,MatchingNetwork,3,3,BreaKHis_formatted,TKH,False,1,4000,5,exp1_permuted_src_datasets
1248,438.91795587,3.0,1739233712.6026876,,,,,,,0.97771155834198,1.0,0.001,1,16,84x84,MatchingNetwork,3,3,BreaKHis_formatted,TKH,False,1,4000,5,exp1_permuted_src_datasets
1249,438.937451296,3.0,1739233712.6228719,,,,,,,0.9782132506370544,1.0,0.001,1,16,84x84,MatchingNetwork,3,3,BreaKHis_formatted,TKH,False,1,4000,5,exp1_permuted_src_datasets
1250,438.953155393,3.0,1739233712.6385946,,,,,,,0.9778702259063721,1.0,0.001,1,16,84x84,MatchingNetwork,3,3,BreaKHis_formatted,TKH,False,1,4000,5,exp1_permuted_src_datasets
1251,438.9670381,3.0,1739233712.6525335,,,,,,,0.977952241897583,1.0,0.001,1,16,84x84,MatchingNetwork,3,3,BreaKHis_formatted,TKH,False,1,4000,5,exp1_permuted_src_datasets
1252,438.983319123,3.0,1739233712.668684,,,,,,,0.9778212308883667,1.0,0.001,1,16,84x84,MatchingNetwork,3,3,BreaKHis_formatted,TKH,False,1,4000,5,exp1_permuted_src_datasets
1253,438.999997549,3.0,1739233712.6836665,,,,,,,0.977870523929596,1.0,0.001,1,16,84x84,MatchingNetwork,3,3,BreaKHis_formatted,TKH,False,1,4000,5,exp1_permuted_src_datasets
1254,439.018257838,3.0,1739233712.703681,,,,,,,0.9782330989837646,1.0,0.001,1,16,84x84,MatchingNetwork,3,3,BreaKHis_formatted,TKH,False,1,4000,5,exp1_permuted_src_datasets
1255,439.031962719,3.0,1739233712.7174652,,,,,,,0.9779208898544312,1.0,0.001,1,16,84x84,MatchingNetwork,3,3,BreaKHis_formatted,TKH,False,1,4000,5,exp1_permuted_src_datasets
1256,439.055101935,3.0,1739233712.7404802,,,,,,,0.9797552824020386,1.0,0.001,1,16,84x84,MatchingNetwork,3,3,BreaKHis_formatted,TKH,False,1,4000,5,exp1_permuted_src_datasets
1257,439.072385043,3.0,1739233712.7577896,,,,,,,0.9779709577560425,1.0,0.001,1,16,84x84,MatchingNetwork,3,3,BreaKHis_formatted,TKH,False,1,4000,5,exp1_permuted_src_datasets
1258,439.085592061,3.0,1739233712.771139,,,,,,,0.9778451919555664,1.0,0.001,1,16,84x84,MatchingNetwork,3,3,BreaKHis_formatted,TKH,False,1,4000,5,exp1_permuted_src_datasets
1259,439.105922853,3.0,1739233712.7913299,,,,,,,0.9778120517730713,1.0,0.001,1,16,84x84,MatchingNetwork,3,3,BreaKHis_formatted,TKH,False,1,4000,5,exp1_permuted_src_datasets
1260,439.130414598,3.0,1739233712.8158438,,,,,,,0.9778792262077332,1.0,0.001,1,16,84x84,MatchingNetwork,3,3,BreaKHis_formatted,TKH,False,1,4000,5,exp1_permuted_src_datasets
1261,439.152988224,3.0,1739233712.8384564,,,,,,,0.9793338179588318,1.0,0.001,1,16,84x84,MatchingNetwork,3,3,BreaKHis_formatted,TKH,False,1,4000,5,exp1_permuted_src_datasets
1262,439.175636773,3.0,1739233712.8610456,,,,,,,0.9776536226272583,1.0,0.001,1,16,84x84,MatchingNetwork,3,3,BreaKHis_formatted,TKH,False,1,4000,5,exp1_permuted_src_datasets
1263,439.193066252,3.0,1739233712.8766346,,,,,,,0.9801350235939026,1.0,0.001,1,16,84x84,MatchingNetwork,3,3,BreaKHis_formatted,TKH,False,1,4000,5,exp1_permuted_src_datasets
1264,439.210044901,3.0,1739233712.8954341,,,,,,,0.978284478187561,1.0,0.001,1,16,84x84,MatchingNetwork,3,3,BreaKHis_formatted,TKH,False,1,4000,5,exp1_permuted_src_datasets
1265,442.955290943,3.0,1739233716.6409645,,,,,,0.3885,,,0.001,1,16,84x84,MatchingNetwork,3,3,BreaKHis_formatted,TKH,False,1,4000,5,exp1_permuted_src_datasets
1266,502.995581908,4.0,1739233776.681201,,,,,,,,,0.001,1,16,84x84,MatchingNetwork,3,3,BreaKHis_formatted,TKH,False,1,4000,5,exp1_permuted_src_datasets
1267,507.400427648,4.0,1739233781.0861068,,,,,,0.34775,,,0.001,1,16,84x84,MatchingNetwork,3,3,BreaKHis_formatted,TKH,False,1,4000,5,exp1_permuted_src_datasets
1268,507.418329584,4.0,1739233781.1036017,,,,,,,0.9936583042144775,0.8125,0.001,1,16,84x84,MatchingNetwork,3,3,BreaKHis_formatted,TKH,False,1,4000,5,exp1_permuted_src_datasets
1269,507.442903902,4.0,1739233781.1283236,,,,,,,0.9844275116920471,1.0,0.001,1,16,84x84,MatchingNetwork,3,3,BreaKHis_formatted,TKH,False,1,4000,5,exp1_permuted_src_datasets
1270,507.461223697,4.0,1739233781.1466124,,,,,,,0.9873970150947571,1.0,0.001,1,16,84x84,MatchingNetwork,3,3,BreaKHis_formatted,TKH,False,1,4000,5,exp1_permuted_src_datasets
1271,507.47825786,4.0,1739233781.1636086,,,,,,,0.9823207259178162,1.0,0.001,1,16,84x84,MatchingNetwork,3,3,BreaKHis_formatted,TKH,False,1,4000,5,exp1_permuted_src_datasets
1272,507.49855817,4.0,1739233781.183912,,,,,,,0.9835034608840942,1.0,0.001,1,16,84x84,MatchingNetwork,3,3,BreaKHis_formatted,TKH,False,1,4000,5,exp1_permuted_src_datasets
1273,507.525132216,4.0,1739233781.210382,,,,,,,0.9794071316719055,1.0,0.001,1,16,84x84,MatchingNetwork,3,3,BreaKHis_formatted,TKH,False,1,4000,5,exp1_permuted_src_datasets
1274,507.54229423,4.0,1739233781.2277024,,,,,,,0.9835842847824097,1.0,0.001,1,16,84x84,MatchingNetwork,3,3,BreaKHis_formatted,TKH,False,1,4000,5,exp1_permuted_src_datasets
1275,507.559001285,4.0,1739233781.2443259,,,,,,,0.9820753335952759,1.0,0.001,1,16,84x84,MatchingNetwork,3,3,BreaKHis_formatted,TKH,False,1,4000,5,exp1_permuted_src_datasets
1276,507.575913675,4.0,1739233781.2614224,,,,,,,0.9797183275222778,1.0,0.001,1,16,84x84,MatchingNetwork,3,3,BreaKHis_formatted,TKH,False,1,4000,5,exp1_permuted_src_datasets
1277,507.602785761,4.0,1739233781.2880986,,,,,,,1.0410581827163696,0.8125,0.001,1,16,84x84,MatchingNetwork,3,3,BreaKHis_formatted,TKH,False,1,4000,5,exp1_permuted_src_datasets
1278,507.627047002,4.0,1739233781.3105404,,,,,,,0.9846569299697876,1.0,0.001,1,16,84x84,MatchingNetwork,3,3,BreaKHis_formatted,TKH,False,1,4000,5,exp1_permuted_src_datasets
1279,507.651395761,4.0,1739233781.3366652,,,,,,,0.9828231930732727,1.0,0.001,1,16,84x84,MatchingNetwork,3,3,BreaKHis_formatted,TKH,False,1,4000,5,exp1_permuted_src_datasets
1280,507.669964555,4.0,1739233781.355348,,,,,,,0.9827837944030762,1.0,0.001,1,16,84x84,MatchingNetwork,3,3,BreaKHis_formatted,TKH,False,1,4000,5,exp1_permuted_src_datasets
1281,507.692464498,4.0,1739233781.3779037,,,,,,,0.980154812335968,1.0,0.001,1,16,84x84,MatchingNetwork,3,3,BreaKHis_formatted,TKH,False,1,4000,5,exp1_permuted_src_datasets
1282,507.707775032,4.0,1739233781.3932183,,,,,,,0.9805989861488342,1.0,0.001,1,16,84x84,MatchingNetwork,3,3,BreaKHis_formatted,TKH,False,1,4000,5,exp1_permuted_src_datasets
1283,507.728538866,4.0,1739233781.412387,,,,,,,0.9823952317237854,1.0,0.001,1,16,84x84,MatchingNetwork,3,3,BreaKHis_formatted,TKH,False,1,4000,5,exp1_permuted_src_datasets
1284,507.746367954,4.0,1739233781.4319046,,,,,,,0.9811937808990479,1.0,0.001,1,16,84x84,MatchingNetwork,3,3,BreaKHis_formatted,TKH,False,1,4000,5,exp1_permuted_src_datasets
1285,507.765637533,4.0,1739233781.450989,,,,,,,0.9800537824630737,1.0,0.001,1,16,84x84,MatchingNetwork,3,3,BreaKHis_formatted,TKH,False,1,4000,5,exp1_permuted_src_datasets
1286,507.782863109,4.0,1739233781.4681468,,,,,,,0.97968989610672,1.0,0.001,1,16,84x84,MatchingNetwork,3,3,BreaKHis_formatted,TKH,False,1,4000,5,exp1_permuted_src_datasets
1287,507.803081673,4.0,1739233781.4883263,,,,,,,0.9824158549308777,1.0,0.001,1,16,84x84,MatchingNetwork,3,3,BreaKHis_formatted,TKH,False,1,4000,5,exp1_permuted_src_datasets
1288,507.823316183,4.0,1739233781.5074766,,,,,,,0.9784215092658997,1.0,0.001,1,16,84x84,MatchingNetwork,3,3,BreaKHis_formatted,TKH,False,1,4000,5,exp1_permuted_src_datasets
1289,507.846299081,4.0,1739233781.5317268,,,,,,,0.9808114767074585,1.0,0.001,1,16,84x84,MatchingNetwork,3,3,BreaKHis_formatted,TKH,False,1,4000,5,exp1_permuted_src_datasets
1290,507.866673401,4.0,1739233781.5521917,,,,,,,0.9852339625358582,1.0,0.001,1,16,84x84,MatchingNetwork,3,3,BreaKHis_formatted,TKH,False,1,4000,5,exp1_permuted_src_datasets
1291,507.8950388,4.0,1739233781.580376,,,,,,,0.9789942502975464,1.0,0.001,1,16,84x84,MatchingNetwork,3,3,BreaKHis_formatted,TKH,False,1,4000,5,exp1_permuted_src_datasets
1292,507.915362343,4.0,1739233781.5995376,,,,,,,0.9804753661155701,1.0,0.001,1,16,84x84,MatchingNetwork,3,3,BreaKHis_formatted,TKH,False,1,4000,5,exp1_permuted_src_datasets
1293,507.934306207,4.0,1739233781.6197193,,,,,,,0.9784469604492188,1.0,0.001,1,16,84x84,MatchingNetwork,3,3,BreaKHis_formatted,TKH,False,1,4000,5,exp1_permuted_src_datasets
1294,507.952205457,4.0,1739233781.6376672,,,,,,,0.9820556044578552,1.0,0.001,1,16,84x84,MatchingNetwork,3,3,BreaKHis_formatted,TKH,False,1,4000,5,exp1_permuted_src_datasets
1295,507.966890685,4.0,1739233781.6524098,,,,,,,0.9785760641098022,1.0,0.001,1,16,84x84,MatchingNetwork,3,3,BreaKHis_formatted,TKH,False,1,4000,5,exp1_permuted_src_datasets
1296,507.98508401,4.0,1739233781.6705008,,,,,,,0.9794499278068542,1.0,0.001,1,16,84x84,MatchingNetwork,3,3,BreaKHis_formatted,TKH,False,1,4000,5,exp1_permuted_src_datasets
1297,508.002721299,4.0,1739233781.6882048,,,,,,,0.9829827547073364,1.0,0.001,1,16,84x84,MatchingNetwork,3,3,BreaKHis_formatted,TKH,False,1,4000,5,exp1_permuted_src_datasets
1298,508.028892569,4.0,1739233781.7140584,,,,,,,0.9800340533256531,1.0,0.001,1,16,84x84,MatchingNetwork,3,3,BreaKHis_formatted,TKH,False,1,4000,5,exp1_permuted_src_datasets
1299,508.050877972,4.0,1739233781.7362096,,,,,,,0.9797360301017761,1.0,0.001,1,16,84x84,MatchingNetwork,3,3,BreaKHis_formatted,TKH,False,1,4000,5,exp1_permuted_src_datasets
1300,508.07011152,4.0,1739233781.7541108,,,,,,,0.9799908399581909,1.0,0.001,1,16,84x84,MatchingNetwork,3,3,BreaKHis_formatted,TKH,False,1,4000,5,exp1_permuted_src_datasets
1301,508.088217954,4.0,1739233781.7736528,,,,,,,0.9815666079521179,1.0,0.001,1,16,84x84,MatchingNetwork,3,3,BreaKHis_formatted,TKH,False,1,4000,5,exp1_permuted_src_datasets
1302,508.104445423,4.0,1739233781.789686,,,,,,,0.9798091650009155,1.0,0.001,1,16,84x84,MatchingNetwork,3,3,BreaKHis_formatted,TKH,False,1,4000,5,exp1_permuted_src_datasets
1303,508.119927676,4.0,1739233781.80534,,,,,,,0.9803586602210999,1.0,0.001,1,16,84x84,MatchingNetwork,3,3,BreaKHis_formatted,TKH,False,1,4000,5,exp1_permuted_src_datasets
1304,508.13777797,4.0,1739233781.8231788,,,,,,,0.9801255464553833,1.0,0.001,1,16,84x84,MatchingNetwork,3,3,BreaKHis_formatted,TKH,False,1,4000,5,exp1_permuted_src_datasets
1305,508.157676188,4.0,1739233781.8414023,,,,,,,0.9788501262664795,1.0,0.001,1,16,84x84,MatchingNetwork,3,3,BreaKHis_formatted,TKH,False,1,4000,5,exp1_permuted_src_datasets
1306,508.183249242,4.0,1739233781.8686912,,,,,,,0.9791761636734009,1.0,0.001,1,16,84x84,MatchingNetwork,3,3,BreaKHis_formatted,TKH,False,1,4000,5,exp1_permuted_src_datasets
1307,508.198162897,4.0,1739233781.8835645,,,,,,,0.9783945083618164,1.0,0.001,1,16,84x84,MatchingNetwork,3,3,BreaKHis_formatted,TKH,False,1,4000,5,exp1_permuted_src_datasets
1308,508.215450083,4.0,1739233781.9005103,,,,,,,0.9787529110908508,1.0,0.001,1,16,84x84,MatchingNetwork,3,3,BreaKHis_formatted,TKH,False,1,4000,5,exp1_permuted_src_datasets
1309,508.230581717,4.0,1739233781.9159634,,,,,,,0.9794760346412659,1.0,0.001,1,16,84x84,MatchingNetwork,3,3,BreaKHis_formatted,TKH,False,1,4000,5,exp1_permuted_src_datasets
1310,508.246000879,4.0,1739233781.931348,,,,,,,0.9809771776199341,1.0,0.001,1,16,84x84,MatchingNetwork,3,3,BreaKHis_formatted,TKH,False,1,4000,5,exp1_permuted_src_datasets
1311,508.262152619,4.0,1739233781.9475768,,,,,,,0.979274570941925,1.0,0.001,1,16,84x84,MatchingNetwork,3,3,BreaKHis_formatted,TKH,False,1,4000,5,exp1_permuted_src_datasets
1312,508.280495119,4.0,1739233781.9658833,,,,,,,0.9833547472953796,1.0,0.001,1,16,84x84,MatchingNetwork,3,3,BreaKHis_formatted,TKH,False,1,4000,5,exp1_permuted_src_datasets
1313,508.294544333,4.0,1739233781.9800096,,,,,,,0.9799485802650452,1.0,0.001,1,16,84x84,MatchingNetwork,3,3,BreaKHis_formatted,TKH,False,1,4000,5,exp1_permuted_src_datasets
1314,508.314474151,4.0,1739233781.999827,,,,,,,0.982643187046051,1.0,0.001,1,16,84x84,MatchingNetwork,3,3,BreaKHis_formatted,TKH,False,1,4000,5,exp1_permuted_src_datasets
1315,508.334376775,4.0,1739233782.0197742,,,,,,,0.9827336668968201,1.0,0.001,1,16,84x84,MatchingNetwork,3,3,BreaKHis_formatted,TKH,False,1,4000,5,exp1_permuted_src_datasets
1316,508.359501012,4.0,1739233782.0436912,,,,,,,0.9796164631843567,1.0,0.001,1,16,84x84,MatchingNetwork,3,3,BreaKHis_formatted,TKH,False,1,4000,5,exp1_permuted_src_datasets
1317,508.383081568,4.0,1739233782.0684836,,,,,,,0.9794645309448242,1.0,0.001,1,16,84x84,MatchingNetwork,3,3,BreaKHis_formatted,TKH,False,1,4000,5,exp1_permuted_src_datasets
1318,508.398972786,4.0,1739233782.0843835,,,,,,,0.9798787832260132,1.0,0.001,1,16,84x84,MatchingNetwork,3,3,BreaKHis_formatted,TKH,False,1,4000,5,exp1_permuted_src_datasets
1319,508.418013552,4.0,1739233782.1033487,,,,,,,0.978407084941864,1.0,0.001,1,16,84x84,MatchingNetwork,3,3,BreaKHis_formatted,TKH,False,1,4000,5,exp1_permuted_src_datasets
1320,508.434291938,4.0,1739233782.119715,,,,,,,0.979428768157959,1.0,0.001,1,16,84x84,MatchingNetwork,3,3,BreaKHis_formatted,TKH,False,1,4000,5,exp1_permuted_src_datasets
1321,508.449186383,4.0,1739233782.1346512,,,,,,,0.9806078672409058,1.0,0.001,1,16,84x84,MatchingNetwork,3,3,BreaKHis_formatted,TKH,False,1,4000,5,exp1_permuted_src_datasets
1322,508.464136662,4.0,1739233782.1495705,,,,,,,0.9791780114173889,1.0,0.001,1,16,84x84,MatchingNetwork,3,3,BreaKHis_formatted,TKH,False,1,4000,5,exp1_permuted_src_datasets
1323,508.484487379,4.0,1739233782.1698563,,,,,,,0.9787030220031738,1.0,0.001,1,16,84x84,MatchingNetwork,3,3,BreaKHis_formatted,TKH,False,1,4000,5,exp1_permuted_src_datasets
1324,508.507942901,4.0,1739233782.1933384,,,,,,,0.980484127998352,1.0,0.001,1,16,84x84,MatchingNetwork,3,3,BreaKHis_formatted,TKH,False,1,4000,5,exp1_permuted_src_datasets
1325,508.526315093,4.0,1739233782.2118542,,,,,,,0.9826279282569885,1.0,0.001,1,16,84x84,MatchingNetwork,3,3,BreaKHis_formatted,TKH,False,1,4000,5,exp1_permuted_src_datasets
1326,508.544785836,4.0,1739233782.2301354,,,,,,,0.978877604007721,1.0,0.001,1,16,84x84,MatchingNetwork,3,3,BreaKHis_formatted,TKH,False,1,4000,5,exp1_permuted_src_datasets
1327,508.562759918,4.0,1739233782.2466063,,,,,,,0.9796528816223145,1.0,0.001,1,16,84x84,MatchingNetwork,3,3,BreaKHis_formatted,TKH,False,1,4000,5,exp1_permuted_src_datasets
1328,508.58533472,4.0,1739233782.2706728,,,,,,,0.9781283140182495,1.0,0.001,1,16,84x84,MatchingNetwork,3,3,BreaKHis_formatted,TKH,False,1,4000,5,exp1_permuted_src_datasets
1329,508.611976408,4.0,1739233782.2961016,,,,,,,0.9815011620521545,1.0,0.001,1,16,84x84,MatchingNetwork,3,3,BreaKHis_formatted,TKH,False,1,4000,5,exp1_permuted_src_datasets
1330,512.598309186,4.0,1739233786.2839262,,,,,,0.40075,,,0.001,1,16,84x84,MatchingNetwork,3,3,BreaKHis_formatted,TKH,False,1,4000,5,exp1_permuted_src_datasets
1331,512.61770404,4.0,1739233786.301593,,,,,,,0.9790652394294739,1.0,0.001,1,16,84x84,MatchingNetwork,3,3,BreaKHis_formatted,TKH,False,1,4000,5,exp1_permuted_src_datasets
1332,512.63714026,4.0,1739233786.3209238,,,,,,,0.980294406414032,1.0,0.001,1,16,84x84,MatchingNetwork,3,3,BreaKHis_formatted,TKH,False,1,4000,5,exp1_permuted_src_datasets
1333,512.658174849,4.0,1739233786.3436155,,,,,,,0.9790235161781311,1.0,0.001,1,16,84x84,MatchingNetwork,3,3,BreaKHis_formatted,TKH,False,1,4000,5,exp1_permuted_src_datasets
1334,512.676502413,4.0,1739233786.3618984,,,,,,,0.9804275631904602,1.0,0.001,1,16,84x84,MatchingNetwork,3,3,BreaKHis_formatted,TKH,False,1,4000,5,exp1_permuted_src_datasets
1335,512.691887295,4.0,1739233786.3773317,,,,,,,0.9794167280197144,1.0,0.001,1,16,84x84,MatchingNetwork,3,3,BreaKHis_formatted,TKH,False,1,4000,5,exp1_permuted_src_datasets
1336,512.713763171,4.0,1739233786.3981068,,,,,,,0.9803895354270935,1.0,0.001,1,16,84x84,MatchingNetwork,3,3,BreaKHis_formatted,TKH,False,1,4000,5,exp1_permuted_src_datasets
1337,512.742622222,4.0,1739233786.4281154,,,,,,,0.978358268737793,1.0,0.001,1,16,84x84,MatchingNetwork,3,3,BreaKHis_formatted,TKH,False,1,4000,5,exp1_permuted_src_datasets
1338,512.765307992,4.0,1739233786.4506233,,,,,,,0.9785452485084534,1.0,0.001,1,16,84x84,MatchingNetwork,3,3,BreaKHis_formatted,TKH,False,1,4000,5,exp1_permuted_src_datasets
1339,512.784264107,4.0,1739233786.468249,,,,,,,0.9786504507064819,1.0,0.001,1,16,84x84,MatchingNetwork,3,3,BreaKHis_formatted,TKH,False,1,4000,5,exp1_permuted_src_datasets
1340,512.804617808,4.0,1739233786.4886425,,,,,,,0.9785153865814209,1.0,0.001,1,16,84x84,MatchingNetwork,3,3,BreaKHis_formatted,TKH,False,1,4000,5,exp1_permuted_src_datasets
1341,512.822194255,4.0,1739233786.5076656,,,,,,,0.9785802364349365,1.0,0.001,1,16,84x84,MatchingNetwork,3,3,BreaKHis_formatted,TKH,False,1,4000,5,exp1_permuted_src_datasets
1342,512.843139,4.0,1739233786.5284538,,,,,,,0.9789751172065735,1.0,0.001,1,16,84x84,MatchingNetwork,3,3,BreaKHis_formatted,TKH,False,1,4000,5,exp1_permuted_src_datasets
1343,512.861113843,4.0,1739233786.5467064,,,,,,,0.9798873066902161,1.0,0.001,1,16,84x84,MatchingNetwork,3,3,BreaKHis_formatted,TKH,False,1,4000,5,exp1_permuted_src_datasets
1344,512.884624476,4.0,1739233786.5684419,,,,,,,0.9835144877433777,1.0,0.001,1,16,84x84,MatchingNetwork,3,3,BreaKHis_formatted,TKH,False,1,4000,5,exp1_permuted_src_datasets
1345,512.905955603,4.0,1739233786.5914695,,,,,,,0.9789846539497375,1.0,0.001,1,16,84x84,MatchingNetwork,3,3,BreaKHis_formatted,TKH,False,1,4000,5,exp1_permuted_src_datasets
1346,512.926735233,4.0,1739233786.6120837,,,,,,,0.9796534776687622,1.0,0.001,1,16,84x84,MatchingNetwork,3,3,BreaKHis_formatted,TKH,False,1,4000,5,exp1_permuted_src_datasets
1347,512.94315254,4.0,1739233786.6287384,,,,,,,0.9790415167808533,1.0,0.001,1,16,84x84,MatchingNetwork,3,3,BreaKHis_formatted,TKH,False,1,4000,5,exp1_permuted_src_datasets
1348,512.963683538,4.0,1739233786.6475112,,,,,,,0.9798409342765808,1.0,0.001,1,16,84x84,MatchingNetwork,3,3,BreaKHis_formatted,TKH,False,1,4000,5,exp1_permuted_src_datasets
1349,512.991741942,4.0,1739233786.6770868,,,,,,,0.9805213809013367,1.0,0.001,1,16,84x84,MatchingNetwork,3,3,BreaKHis_formatted,TKH,False,1,4000,5,exp1_permuted_src_datasets
1350,513.010325483,4.0,1739233786.6942017,,,,,,,0.9793177843093872,1.0,0.001,1,16,84x84,MatchingNetwork,3,3,BreaKHis_formatted,TKH,False,1,4000,5,exp1_permuted_src_datasets
1351,513.033731086,4.0,1739233786.7176478,,,,,,,0.9778980612754822,1.0,0.001,1,16,84x84,MatchingNetwork,3,3,BreaKHis_formatted,TKH,False,1,4000,5,exp1_permuted_src_datasets
1352,513.056525653,4.0,1739233786.7418554,,,,,,,0.9780358672142029,1.0,0.001,1,16,84x84,MatchingNetwork,3,3,BreaKHis_formatted,TKH,False,1,4000,5,exp1_permuted_src_datasets
1353,513.079340532,4.0,1739233786.764727,,,,,,,1.0388309955596924,0.8125,0.001,1,16,84x84,MatchingNetwork,3,3,BreaKHis_formatted,TKH,False,1,4000,5,exp1_permuted_src_datasets
1354,513.100162039,4.0,1739233786.7838192,,,,,,,0.9792945981025696,1.0,0.001,1,16,84x84,MatchingNetwork,3,3,BreaKHis_formatted,TKH,False,1,4000,5,exp1_permuted_src_datasets
1355,513.121903,4.0,1739233786.8058774,,,,,,,0.9847925901412964,1.0,0.001,1,16,84x84,MatchingNetwork,3,3,BreaKHis_formatted,TKH,False,1,4000,5,exp1_permuted_src_datasets
1356,513.147087572,4.0,1739233786.8325393,,,,,,,0.9783998131752014,1.0,0.001,1,16,84x84,MatchingNetwork,3,3,BreaKHis_formatted,TKH,False,1,4000,5,exp1_permuted_src_datasets
1357,513.164523402,4.0,1739233786.8499348,,,,,,,0.978607177734375,1.0,0.001,1,16,84x84,MatchingNetwork,3,3,BreaKHis_formatted,TKH,False,1,4000,5,exp1_permuted_src_datasets
1358,513.180667197,4.0,1739233786.8662329,,,,,,,0.9785861968994141,1.0,0.001,1,16,84x84,MatchingNetwork,3,3,BreaKHis_formatted,TKH,False,1,4000,5,exp1_permuted_src_datasets
1359,513.201689956,4.0,1739233786.8856268,,,,,,,0.9793902039527893,1.0,0.001,1,16,84x84,MatchingNetwork,3,3,BreaKHis_formatted,TKH,False,1,4000,5,exp1_permuted_src_datasets
1360,513.222964789,4.0,1739233786.908455,,,,,,,0.9832743406295776,1.0,0.001,1,16,84x84,MatchingNetwork,3,3,BreaKHis_formatted,TKH,False,1,4000,5,exp1_permuted_src_datasets
1361,513.242401712,4.0,1739233786.9276733,,,,,,,0.9791855216026306,1.0,0.001,1,16,84x84,MatchingNetwork,3,3,BreaKHis_formatted,TKH,False,1,4000,5,exp1_permuted_src_datasets
1362,513.259685899,4.0,1739233786.9452956,,,,,,,0.9786938428878784,1.0,0.001,1,16,84x84,MatchingNetwork,3,3,BreaKHis_formatted,TKH,False,1,4000,5,exp1_permuted_src_datasets
1363,513.276230104,4.0,1739233786.9601598,,,,,,,0.9779085516929626,1.0,0.001,1,16,84x84,MatchingNetwork,3,3,BreaKHis_formatted,TKH,False,1,4000,5,exp1_permuted_src_datasets
1364,513.29659542,4.0,1739233786.982117,,,,,,,0.9815006256103516,1.0,0.001,1,16,84x84,MatchingNetwork,3,3,BreaKHis_formatted,TKH,False,1,4000,5,exp1_permuted_src_datasets
1365,513.318728903,4.0,1739233787.0040708,,,,,,,0.9780839681625366,1.0,0.001,1,16,84x84,MatchingNetwork,3,3,BreaKHis_formatted,TKH,False,1,4000,5,exp1_permuted_src_datasets
1366,513.339175236,4.0,1739233787.0247805,,,,,,,0.9798694849014282,1.0,0.001,1,16,84x84,MatchingNetwork,3,3,BreaKHis_formatted,TKH,False,1,4000,5,exp1_permuted_src_datasets
1367,513.361455518,4.0,1739233787.0454597,,,,,,,0.9782271981239319,1.0,0.001,1,16,84x84,MatchingNetwork,3,3,BreaKHis_formatted,TKH,False,1,4000,5,exp1_permuted_src_datasets
1368,513.379891302,4.0,1739233787.065408,,,,,,,0.9787956476211548,1.0,0.001,1,16,84x84,MatchingNetwork,3,3,BreaKHis_formatted,TKH,False,1,4000,5,exp1_permuted_src_datasets
1369,513.39657788,4.0,1739233787.0818536,,,,,,,0.9789093732833862,1.0,0.001,1,16,84x84,MatchingNetwork,3,3,BreaKHis_formatted,TKH,False,1,4000,5,exp1_permuted_src_datasets
1370,513.412820332,4.0,1739233787.09839,,,,,,,0.9784564971923828,1.0,0.001,1,16,84x84,MatchingNetwork,3,3,BreaKHis_formatted,TKH,False,1,4000,5,exp1_permuted_src_datasets
1371,513.430100083,4.0,1739233787.11569,,,,,,,0.9788171648979187,1.0,0.001,1,16,84x84,MatchingNetwork,3,3,BreaKHis_formatted,TKH,False,1,4000,5,exp1_permuted_src_datasets
1372,513.448405668,4.0,1739233787.1322792,,,,,,,0.9817332625389099,1.0,0.001,1,16,84x84,MatchingNetwork,3,3,BreaKHis_formatted,TKH,False,1,4000,5,exp1_permuted_src_datasets
1373,513.46959771,4.0,1739233787.1550796,,,,,,,0.979306697845459,1.0,0.001,1,16,84x84,MatchingNetwork,3,3,BreaKHis_formatted,TKH,False,1,4000,5,exp1_permuted_src_datasets
1374,513.494012353,4.0,1739233787.1793654,,,,,,,0.9783088564872742,1.0,0.001,1,16,84x84,MatchingNetwork,3,3,BreaKHis_formatted,TKH,False,1,4000,5,exp1_permuted_src_datasets
1375,513.520309829,4.0,1739233787.2041955,,,,,,,0.9793866872787476,1.0,0.001,1,16,84x84,MatchingNetwork,3,3,BreaKHis_formatted,TKH,False,1,4000,5,exp1_permuted_src_datasets
1376,513.541170097,4.0,1739233787.2267122,,,,,,,0.9790477156639099,1.0,0.001,1,16,84x84,MatchingNetwork,3,3,BreaKHis_formatted,TKH,False,1,4000,5,exp1_permuted_src_datasets
1377,513.56524655,4.0,1739233787.2505872,,,,,,,0.9796667695045471,1.0,0.001,1,16,84x84,MatchingNetwork,3,3,BreaKHis_formatted,TKH,False,1,4000,5,exp1_permuted_src_datasets
1378,513.584289951,4.0,1739233787.2698438,,,,,,,0.9778867363929749,1.0,0.001,1,16,84x84,MatchingNetwork,3,3,BreaKHis_formatted,TKH,False,1,4000,5,exp1_permuted_src_datasets
1379,513.604602458,4.0,1739233787.2885463,,,,,,,0.9786102771759033,1.0,0.001,1,16,84x84,MatchingNetwork,3,3,BreaKHis_formatted,TKH,False,1,4000,5,exp1_permuted_src_datasets
1380,513.623986544,4.0,1739233787.309533,,,,,,,0.9784669280052185,1.0,0.001,1,16,84x84,MatchingNetwork,3,3,BreaKHis_formatted,TKH,False,1,4000,5,exp1_permuted_src_datasets
1381,513.642194499,4.0,1739233787.3276143,,,,,,,0.9809578657150269,1.0,0.001,1,16,84x84,MatchingNetwork,3,3,BreaKHis_formatted,TKH,False,1,4000,5,exp1_permuted_src_datasets
1382,513.660022674,4.0,1739233787.3439705,,,,,,,0.9786056876182556,1.0,0.001,1,16,84x84,MatchingNetwork,3,3,BreaKHis_formatted,TKH,False,1,4000,5,exp1_permuted_src_datasets
1383,513.680678032,4.0,1739233787.3645768,,,,,,,0.9780585169792175,1.0,0.001,1,16,84x84,MatchingNetwork,3,3,BreaKHis_formatted,TKH,False,1,4000,5,exp1_permuted_src_datasets
1384,513.702200304,4.0,1739233787.3864589,,,,,,,0.9789338111877441,1.0,0.001,1,16,84x84,MatchingNetwork,3,3,BreaKHis_formatted,TKH,False,1,4000,5,exp1_permuted_src_datasets
1385,513.724962234,4.0,1739233787.4102924,,,,,,,0.9797347187995911,1.0,0.001,1,16,84x84,MatchingNetwork,3,3,BreaKHis_formatted,TKH,False,1,4000,5,exp1_permuted_src_datasets
1386,513.745898459,4.0,1739233787.4311845,,,,,,,0.9781821966171265,1.0,0.001,1,16,84x84,MatchingNetwork,3,3,BreaKHis_formatted,TKH,False,1,4000,5,exp1_permuted_src_datasets
1387,513.767796779,4.0,1739233787.452189,,,,,,,0.979033350944519,1.0,0.001,1,16,84x84,MatchingNetwork,3,3,BreaKHis_formatted,TKH,False,1,4000,5,exp1_permuted_src_datasets
1388,513.792417235,4.0,1739233787.4777782,,,,,,,0.9786668419837952,1.0,0.001,1,16,84x84,MatchingNetwork,3,3,BreaKHis_formatted,TKH,False,1,4000,5,exp1_permuted_src_datasets
1389,513.817249737,4.0,1739233787.5027766,,,,,,,0.9785305261611938,1.0,0.001,1,16,84x84,MatchingNetwork,3,3,BreaKHis_formatted,TKH,False,1,4000,5,exp1_permuted_src_datasets
1390,513.842885609,4.0,1739233787.5266473,,,,,,,0.9790720343589783,1.0,0.001,1,16,84x84,MatchingNetwork,3,3,BreaKHis_formatted,TKH,False,1,4000,5,exp1_permuted_src_datasets
1391,513.866916816,4.0,1739233787.5523524,,,,,,,0.9788402915000916,1.0,0.001,1,16,84x84,MatchingNetwork,3,3,BreaKHis_formatted,TKH,False,1,4000,5,exp1_permuted_src_datasets
1392,513.891170353,4.0,1739233787.5746982,,,,,,,0.9791676998138428,1.0,0.001,1,16,84x84,MatchingNetwork,3,3,BreaKHis_formatted,TKH,False,1,4000,5,exp1_permuted_src_datasets
1393,518.005320817,4.0,1739233791.6909745,,,,,,0.40275,,,0.001,1,16,84x84,MatchingNetwork,3,3,BreaKHis_formatted,TKH,False,1,4000,5,exp1_permuted_src_datasets
1394,518.024419539,4.0,1739233791.707957,,,,,,,0.9798452854156494,1.0,0.001,1,16,84x84,MatchingNetwork,3,3,BreaKHis_formatted,TKH,False,1,4000,5,exp1_permuted_src_datasets
1395,518.044671474,4.0,1739233791.7300537,,,,,,,0.9779529571533203,1.0,0.001,1,16,84x84,MatchingNetwork,3,3,BreaKHis_formatted,TKH,False,1,4000,5,exp1_permuted_src_datasets
1396,518.061748607,4.0,1739233791.7470946,,,,,,,0.9784189462661743,1.0,0.001,1,16,84x84,MatchingNetwork,3,3,BreaKHis_formatted,TKH,False,1,4000,5,exp1_permuted_src_datasets
1397,518.081402691,4.0,1739233791.766766,,,,,,,0.978224515914917,1.0,0.001,1,16,84x84,MatchingNetwork,3,3,BreaKHis_formatted,TKH,False,1,4000,5,exp1_permuted_src_datasets
1398,518.098251943,4.0,1739233791.7837558,,,,,,,0.9807016253471375,1.0,0.001,1,16,84x84,MatchingNetwork,3,3,BreaKHis_formatted,TKH,False,1,4000,5,exp1_permuted_src_datasets
1399,518.1147081,4.0,1739233791.8001404,,,,,,,0.9791375398635864,1.0,0.001,1,16,84x84,MatchingNetwork,3,3,BreaKHis_formatted,TKH,False,1,4000,5,exp1_permuted_src_datasets
1400,518.129616256,4.0,1739233791.8151383,,,,,,,0.9798724055290222,1.0,0.001,1,16,84x84,MatchingNetwork,3,3,BreaKHis_formatted,TKH,False,1,4000,5,exp1_permuted_src_datasets
1401,518.14479128,4.0,1739233791.8302898,,,,,,,0.9798593521118164,1.0,0.001,1,16,84x84,MatchingNetwork,3,3,BreaKHis_formatted,TKH,False,1,4000,5,exp1_permuted_src_datasets
1402,518.161055348,4.0,1739233791.8465574,,,,,,,0.9795149564743042,1.0,0.001,1,16,84x84,MatchingNetwork,3,3,BreaKHis_formatted,TKH,False,1,4000,5,exp1_permuted_src_datasets
1403,518.182583095,4.0,1739233791.8665826,,,,,,,0.9784522652626038,1.0,0.001,1,16,84x84,MatchingNetwork,3,3,BreaKHis_formatted,TKH,False,1,4000,5,exp1_permuted_src_datasets
1404,518.201756445,4.0,1739233791.88723,,,,,,,0.978287935256958,1.0,0.001,1,16,84x84,MatchingNetwork,3,3,BreaKHis_formatted,TKH,False,1,4000,5,exp1_permuted_src_datasets
1405,518.222767368,4.0,1739233791.9081788,,,,,,,0.9784955978393555,1.0,0.001,1,16,84x84,MatchingNetwork,3,3,BreaKHis_formatted,TKH,False,1,4000,5,exp1_permuted_src_datasets
1406,518.248957051,4.0,1739233791.934216,,,,,,,0.9790517687797546,1.0,0.001,1,16,84x84,MatchingNetwork,3,3,BreaKHis_formatted,TKH,False,1,4000,5,exp1_permuted_src_datasets
1407,518.27436474,4.0,1739233791.9590108,,,,,,,0.9797733426094055,1.0,0.001,1,16,84x84,MatchingNetwork,3,3,BreaKHis_formatted,TKH,False,1,4000,5,exp1_permuted_src_datasets
1408,518.297772097,4.0,1739233791.9832096,,,,,,,0.9804443120956421,1.0,0.001,1,16,84x84,MatchingNetwork,3,3,BreaKHis_formatted,TKH,False,1,4000,5,exp1_permuted_src_datasets
1409,518.314715118,4.0,1739233792.0000985,,,,,,,0.9809573292732239,1.0,0.001,1,16,84x84,MatchingNetwork,3,3,BreaKHis_formatted,TKH,False,1,4000,5,exp1_permuted_src_datasets
1410,518.333149715,4.0,1739233792.018222,,,,,,,0.9779850244522095,1.0,0.001,1,16,84x84,MatchingNetwork,3,3,BreaKHis_formatted,TKH,False,1,4000,5,exp1_permuted_src_datasets
1411,518.349796812,4.0,1739233792.0352254,,,,,,,0.9780816435813904,1.0,0.001,1,16,84x84,MatchingNetwork,3,3,BreaKHis_formatted,TKH,False,1,4000,5,exp1_permuted_src_datasets
1412,518.374230906,4.0,1739233792.0595613,,,,,,,0.9786899089813232,1.0,0.001,1,16,84x84,MatchingNetwork,3,3,BreaKHis_formatted,TKH,False,1,4000,5,exp1_permuted_src_datasets
1413,518.397729348,4.0,1739233792.0831385,,,,,,,0.9789764285087585,1.0,0.001,1,16,84x84,MatchingNetwork,3,3,BreaKHis_formatted,TKH,False,1,4000,5,exp1_permuted_src_datasets
1414,518.41519342,4.0,1739233792.1005898,,,,,,,0.9797535538673401,1.0,0.001,1,16,84x84,MatchingNetwork,3,3,BreaKHis_formatted,TKH,False,1,4000,5,exp1_permuted_src_datasets
1415,518.435003576,4.0,1739233792.1190164,,,,,,,0.9792819023132324,1.0,0.001,1,16,84x84,MatchingNetwork,3,3,BreaKHis_formatted,TKH,False,1,4000,5,exp1_permuted_src_datasets
1416,518.461903414,4.0,1739233792.1471298,,,,,,,0.9784637689590454,1.0,0.001,1,16,84x84,MatchingNetwork,3,3,BreaKHis_formatted,TKH,False,1,4000,5,exp1_permuted_src_datasets
1417,518.482293225,4.0,1739233792.1673155,,,,,,,0.9800338745117188,1.0,0.001,1,16,84x84,MatchingNetwork,3,3,BreaKHis_formatted,TKH,False,1,4000,5,exp1_permuted_src_datasets
1418,518.503486845,4.0,1739233792.1889532,,,,,,,0.9815741181373596,1.0,0.001,1,16,84x84,MatchingNetwork,3,3,BreaKHis_formatted,TKH,False,1,4000,5,exp1_permuted_src_datasets
1419,518.521712467,4.0,1739233792.2071006,,,,,,,0.9790894389152527,1.0,0.001,1,16,84x84,MatchingNetwork,3,3,BreaKHis_formatted,TKH,False,1,4000,5,exp1_permuted_src_datasets
1420,518.538872287,4.0,1739233792.222483,,,,,,,0.979509174823761,1.0,0.001,1,16,84x84,MatchingNetwork,3,3,BreaKHis_formatted,TKH,False,1,4000,5,exp1_permuted_src_datasets
1421,518.559348333,4.0,1739233792.2448633,,,,,,,0.9824336171150208,1.0,0.001,1,16,84x84,MatchingNetwork,3,3,BreaKHis_formatted,TKH,False,1,4000,5,exp1_permuted_src_datasets
1422,518.578663202,4.0,1739233792.264049,,,,,,,0.9783986806869507,1.0,0.001,1,16,84x84,MatchingNetwork,3,3,BreaKHis_formatted,TKH,False,1,4000,5,exp1_permuted_src_datasets
1423,518.600140063,4.0,1739233792.2852159,,,,,,,0.979934811592102,1.0,0.001,1,16,84x84,MatchingNetwork,3,3,BreaKHis_formatted,TKH,False,1,4000,5,exp1_permuted_src_datasets
1424,518.621055056,4.0,1739233792.3064256,,,,,,,0.9788610935211182,1.0,0.001,1,16,84x84,MatchingNetwork,3,3,BreaKHis_formatted,TKH,False,1,4000,5,exp1_permuted_src_datasets
1425,518.645089436,4.0,1739233792.3304539,,,,,,,0.9793903231620789,1.0,0.001,1,16,84x84,MatchingNetwork,3,3,BreaKHis_formatted,TKH,False,1,4000,5,exp1_permuted_src_datasets
1426,518.66415127,4.0,1739233792.349626,,,,,,,0.9782537221908569,1.0,0.001,1,16,84x84,MatchingNetwork,3,3,BreaKHis_formatted,TKH,False,1,4000,5,exp1_permuted_src_datasets
1427,518.687180599,4.0,1739233792.3718686,,,,,,,0.9801728129386902,1.0,0.001,1,16,84x84,MatchingNetwork,3,3,BreaKHis_formatted,TKH,False,1,4000,5,exp1_permuted_src_datasets
1428,518.713918451,4.0,1739233792.3992014,,,,,,,0.9787852168083191,1.0,0.001,1,16,84x84,MatchingNetwork,3,3,BreaKHis_formatted,TKH,False,1,4000,5,exp1_permuted_src_datasets
1429,518.729736802,4.0,1739233792.4151568,,,,,,,0.979843020439148,1.0,0.001,1,16,84x84,MatchingNetwork,3,3,BreaKHis_formatted,TKH,False,1,4000,5,exp1_permuted_src_datasets
1430,518.749962959,4.0,1739233792.4354615,,,,,,,0.9786736369132996,1.0,0.001,1,16,84x84,MatchingNetwork,3,3,BreaKHis_formatted,TKH,False,1,4000,5,exp1_permuted_src_datasets
1431,518.770079196,4.0,1739233792.455429,,,,,,,0.9838882088661194,1.0,0.001,1,16,84x84,MatchingNetwork,3,3,BreaKHis_formatted,TKH,False,1,4000,5,exp1_permuted_src_datasets
1432,518.791657933,4.0,1739233792.4769754,,,,,,,0.9782845377922058,1.0,0.001,1,16,84x84,MatchingNetwork,3,3,BreaKHis_formatted,TKH,False,1,4000,5,exp1_permuted_src_datasets
1433,518.815235879,4.0,1739233792.5007086,,,,,,,0.9788978695869446,1.0,0.001,1,16,84x84,MatchingNetwork,3,3,BreaKHis_formatted,TKH,False,1,4000,5,exp1_permuted_src_datasets
1434,518.838626759,4.0,1739233792.5233083,,,,,,,0.9780470728874207,1.0,0.001,1,16,84x84,MatchingNetwork,3,3,BreaKHis_formatted,TKH,False,1,4000,5,exp1_permuted_src_datasets
1435,518.858117625,4.0,1739233792.5436034,,,,,,,0.9785526990890503,1.0,0.001,1,16,84x84,MatchingNetwork,3,3,BreaKHis_formatted,TKH,False,1,4000,5,exp1_permuted_src_datasets
1436,518.876135588,4.0,1739233792.5615234,,,,,,,0.9784561395645142,1.0,0.001,1,16,84x84,MatchingNetwork,3,3,BreaKHis_formatted,TKH,False,1,4000,5,exp1_permuted_src_datasets
1437,518.895786087,4.0,1739233792.5797448,,,,,,,0.9782336354255676,1.0,0.001,1,16,84x84,MatchingNetwork,3,3,BreaKHis_formatted,TKH,False,1,4000,5,exp1_permuted_src_datasets
1438,518.916030537,4.0,1739233792.6013658,,,,,,,0.9780404567718506,1.0,0.001,1,16,84x84,MatchingNetwork,3,3,BreaKHis_formatted,TKH,False,1,4000,5,exp1_permuted_src_datasets
1439,518.932056756,4.0,1739233792.6174433,,,,,,,0.9831770658493042,1.0,0.001,1,16,84x84,MatchingNetwork,3,3,BreaKHis_formatted,TKH,False,1,4000,5,exp1_permuted_src_datasets
1440,518.947357946,4.0,1739233792.6327863,,,,,,,0.9779719710350037,1.0,0.001,1,16,84x84,MatchingNetwork,3,3,BreaKHis_formatted,TKH,False,1,4000,5,exp1_permuted_src_datasets
1441,518.970921376,4.0,1739233792.6562018,,,,,,,0.9799794554710388,1.0,0.001,1,16,84x84,MatchingNetwork,3,3,BreaKHis_formatted,TKH,False,1,4000,5,exp1_permuted_src_datasets
1442,518.992788058,4.0,1739233792.6782424,,,,,,,0.9830244779586792,1.0,0.001,1,16,84x84,MatchingNetwork,3,3,BreaKHis_formatted,TKH,False,1,4000,5,exp1_permuted_src_datasets
1443,519.010557606,4.0,1739233792.6960464,,,,,,,0.9779344797134399,1.0,0.001,1,16,84x84,MatchingNetwork,3,3,BreaKHis_formatted,TKH,False,1,4000,5,exp1_permuted_src_datasets
1444,519.033358604,4.0,1739233792.717721,,,,,,,0.9799113273620605,1.0,0.001,1,16,84x84,MatchingNetwork,3,3,BreaKHis_formatted,TKH,False,1,4000,5,exp1_permuted_src_datasets
1445,519.058012166,4.0,1739233792.7434242,,,,,,,0.979647159576416,1.0,0.001,1,16,84x84,MatchingNetwork,3,3,BreaKHis_formatted,TKH,False,1,4000,5,exp1_permuted_src_datasets
1446,519.079745674,4.0,1739233792.765039,,,,,,,0.9790295958518982,1.0,0.001,1,16,84x84,MatchingNetwork,3,3,BreaKHis_formatted,TKH,False,1,4000,5,exp1_permuted_src_datasets
1447,519.104430833,4.0,1739233792.7897458,,,,,,,0.9780188798904419,1.0,0.001,1,16,84x84,MatchingNetwork,3,3,BreaKHis_formatted,TKH,False,1,4000,5,exp1_permuted_src_datasets
1448,519.12979492,4.0,1739233792.814752,,,,,,,0.9785985946655273,1.0,0.001,1,16,84x84,MatchingNetwork,3,3,BreaKHis_formatted,TKH,False,1,4000,5,exp1_permuted_src_datasets
1449,519.156705656,4.0,1739233792.841978,,,,,,,0.9785234332084656,1.0,0.001,1,16,84x84,MatchingNetwork,3,3,BreaKHis_formatted,TKH,False,1,4000,5,exp1_permuted_src_datasets
1450,519.182368456,4.0,1739233792.8667758,,,,,,,0.9779410362243652,1.0,0.001,1,16,84x84,MatchingNetwork,3,3,BreaKHis_formatted,TKH,False,1,4000,5,exp1_permuted_src_datasets
1451,519.20252717,4.0,1739233792.887987,,,,,,,0.9786549806594849,1.0,0.001,1,16,84x84,MatchingNetwork,3,3,BreaKHis_formatted,TKH,False,1,4000,5,exp1_permuted_src_datasets
1452,519.217788088,4.0,1739233792.903186,,,,,,,0.9779812097549438,1.0,0.001,1,16,84x84,MatchingNetwork,3,3,BreaKHis_formatted,TKH,False,1,4000,5,exp1_permuted_src_datasets
1453,519.235108114,4.0,1739233792.9205465,,,,,,,0.9783347845077515,1.0,0.001,1,16,84x84,MatchingNetwork,3,3,BreaKHis_formatted,TKH,False,1,4000,5,exp1_permuted_src_datasets
1454,519.251372676,4.0,1739233792.936808,,,,,,,0.9795393347740173,1.0,0.001,1,16,84x84,MatchingNetwork,3,3,BreaKHis_formatted,TKH,False,1,4000,5,exp1_permuted_src_datasets
1455,519.266221688,4.0,1739233792.951627,,,,,,,0.9784817099571228,1.0,0.001,1,16,84x84,MatchingNetwork,3,3,BreaKHis_formatted,TKH,False,1,4000,5,exp1_permuted_src_datasets
1456,523.435501499,4.0,1739233797.1211636,,,,,,0.40425,,,0.001,1,16,84x84,MatchingNetwork,3,3,BreaKHis_formatted,TKH,False,1,4000,5,exp1_permuted_src_datasets
