_step,_runtime,bootstrap_iter,_timestamp,ft_eval_acc,ft_loss,ft_acc,lr,epochs,batch_size,input_size,model_type,n_way_test,n_way_train,tgt_dataset,src_datasets,fixed_support,samples_per_class,num_total_episodes,num_bootstrap_iters,exp_name
0,0.716688886,2.0,1739097101.9817464,,,,0.001,1,16,40x40,MatchingNetwork,5,5,Egyptian,miniImageNet_SOTA_trainSet,False,1,4000,5,exp1_permuted_src_datasets
1,4.447798033,2.0,1739097105.7129483,0.40675,,,0.001,1,16,40x40,MatchingNetwork,5,5,Egyptian,miniImageNet_SOTA_trainSet,False,1,4000,5,exp1_permuted_src_datasets
2,4.462958327,2.0,1739097105.7280207,,1.5257132053375244,0.75,0.001,1,16,40x40,MatchingNetwork,5,5,Egyptian,miniImageNet_SOTA_trainSet,False,1,4000,5,exp1_permuted_src_datasets
3,4.554609053,2.0,1739097105.8196568,,1.3922193050384521,0.9375,0.001,1,16,40x40,MatchingNetwork,5,5,Egyptian,miniImageNet_SOTA_trainSet,False,1,4000,5,exp1_permuted_src_datasets
4,4.564673278,2.0,1739097105.829764,,1.4339752197265625,0.9375,0.001,1,16,40x40,MatchingNetwork,5,5,Egyptian,miniImageNet_SOTA_trainSet,False,1,4000,5,exp1_permuted_src_datasets
5,4.577369311,2.0,1739097105.8424447,,1.5058404207229614,0.4375,0.001,1,16,40x40,MatchingNetwork,5,5,Egyptian,miniImageNet_SOTA_trainSet,False,1,4000,5,exp1_permuted_src_datasets
6,4.593238531,2.0,1739097105.858287,,1.438307762145996,0.9375,0.001,1,16,40x40,MatchingNetwork,5,5,Egyptian,miniImageNet_SOTA_trainSet,False,1,4000,5,exp1_permuted_src_datasets
7,4.607119428,2.0,1739097105.8722048,,1.3871910572052002,1.0,0.001,1,16,40x40,MatchingNetwork,5,5,Egyptian,miniImageNet_SOTA_trainSet,False,1,4000,5,exp1_permuted_src_datasets
8,4.622941935,2.0,1739097105.8879473,,1.4475669860839844,0.875,0.001,1,16,40x40,MatchingNetwork,5,5,Egyptian,miniImageNet_SOTA_trainSet,False,1,4000,5,exp1_permuted_src_datasets
9,4.639971491,2.0,1739097105.905011,,1.3907232284545898,1.0,0.001,1,16,40x40,MatchingNetwork,5,5,Egyptian,miniImageNet_SOTA_trainSet,False,1,4000,5,exp1_permuted_src_datasets
10,4.654275453,2.0,1739097105.9193578,,1.4510680437088013,0.875,0.001,1,16,40x40,MatchingNetwork,5,5,Egyptian,miniImageNet_SOTA_trainSet,False,1,4000,5,exp1_permuted_src_datasets
11,4.669307324,2.0,1739097105.9343805,,1.4357044696807861,0.75,0.001,1,16,40x40,MatchingNetwork,5,5,Egyptian,miniImageNet_SOTA_trainSet,False,1,4000,5,exp1_permuted_src_datasets
12,4.682459521,2.0,1739097105.9475605,,1.4451669454574585,0.5,0.001,1,16,40x40,MatchingNetwork,5,5,Egyptian,miniImageNet_SOTA_trainSet,False,1,4000,5,exp1_permuted_src_datasets
13,4.694664488,2.0,1739097105.959692,,1.4823788404464722,0.625,0.001,1,16,40x40,MatchingNetwork,5,5,Egyptian,miniImageNet_SOTA_trainSet,False,1,4000,5,exp1_permuted_src_datasets
14,4.710379888,2.0,1739097105.9754083,,1.3955013751983643,1.0,0.001,1,16,40x40,MatchingNetwork,5,5,Egyptian,miniImageNet_SOTA_trainSet,False,1,4000,5,exp1_permuted_src_datasets
15,4.724202647,2.0,1739097105.9893045,,1.3927596807479858,0.9375,0.001,1,16,40x40,MatchingNetwork,5,5,Egyptian,miniImageNet_SOTA_trainSet,False,1,4000,5,exp1_permuted_src_datasets
16,4.736614778,2.0,1739097106.00167,,1.3944640159606934,1.0,0.001,1,16,40x40,MatchingNetwork,5,5,Egyptian,miniImageNet_SOTA_trainSet,False,1,4000,5,exp1_permuted_src_datasets
17,4.750268107,2.0,1739097106.0153744,,1.387688159942627,1.0,0.001,1,16,40x40,MatchingNetwork,5,5,Egyptian,miniImageNet_SOTA_trainSet,False,1,4000,5,exp1_permuted_src_datasets
18,4.764538957,2.0,1739097106.0296228,,1.3848600387573242,1.0,0.001,1,16,40x40,MatchingNetwork,5,5,Egyptian,miniImageNet_SOTA_trainSet,False,1,4000,5,exp1_permuted_src_datasets
19,4.777878629,2.0,1739097106.0429668,,1.3778364658355713,1.0,0.001,1,16,40x40,MatchingNetwork,5,5,Egyptian,miniImageNet_SOTA_trainSet,False,1,4000,5,exp1_permuted_src_datasets
20,4.789222941,2.0,1739097106.0543237,,1.4408036470413208,0.6875,0.001,1,16,40x40,MatchingNetwork,5,5,Egyptian,miniImageNet_SOTA_trainSet,False,1,4000,5,exp1_permuted_src_datasets
21,4.806314341,2.0,1739097106.0713708,,1.431463599205017,0.875,0.001,1,16,40x40,MatchingNetwork,5,5,Egyptian,miniImageNet_SOTA_trainSet,False,1,4000,5,exp1_permuted_src_datasets
22,4.819728489,2.0,1739097106.0848064,,1.425276756286621,0.9375,0.001,1,16,40x40,MatchingNetwork,5,5,Egyptian,miniImageNet_SOTA_trainSet,False,1,4000,5,exp1_permuted_src_datasets
23,4.838612373,2.0,1739097106.103614,,1.3797005414962769,1.0,0.001,1,16,40x40,MatchingNetwork,5,5,Egyptian,miniImageNet_SOTA_trainSet,False,1,4000,5,exp1_permuted_src_datasets
24,4.853381888,2.0,1739097106.118485,,1.3904454708099365,0.75,0.001,1,16,40x40,MatchingNetwork,5,5,Egyptian,miniImageNet_SOTA_trainSet,False,1,4000,5,exp1_permuted_src_datasets
25,4.872509551,2.0,1739097106.1375082,,1.394033432006836,0.9375,0.001,1,16,40x40,MatchingNetwork,5,5,Egyptian,miniImageNet_SOTA_trainSet,False,1,4000,5,exp1_permuted_src_datasets
26,4.890070643,2.0,1739097106.1551077,,1.4369410276412964,0.6875,0.001,1,16,40x40,MatchingNetwork,5,5,Egyptian,miniImageNet_SOTA_trainSet,False,1,4000,5,exp1_permuted_src_datasets
27,4.903157458,2.0,1739097106.1682396,,1.4475172758102417,0.9375,0.001,1,16,40x40,MatchingNetwork,5,5,Egyptian,miniImageNet_SOTA_trainSet,False,1,4000,5,exp1_permuted_src_datasets
28,4.918760164,2.0,1739097106.1838715,,1.4827736616134644,0.5625,0.001,1,16,40x40,MatchingNetwork,5,5,Egyptian,miniImageNet_SOTA_trainSet,False,1,4000,5,exp1_permuted_src_datasets
29,4.932627624,2.0,1739097106.197688,,1.4303088188171387,0.625,0.001,1,16,40x40,MatchingNetwork,5,5,Egyptian,miniImageNet_SOTA_trainSet,False,1,4000,5,exp1_permuted_src_datasets
30,4.955728938,2.0,1739097106.2207417,,1.376839280128479,1.0,0.001,1,16,40x40,MatchingNetwork,5,5,Egyptian,miniImageNet_SOTA_trainSet,False,1,4000,5,exp1_permuted_src_datasets
31,4.9754646529999995,2.0,1739097106.2405357,,1.4133225679397583,0.75,0.001,1,16,40x40,MatchingNetwork,5,5,Egyptian,miniImageNet_SOTA_trainSet,False,1,4000,5,exp1_permuted_src_datasets
32,4.989534957,2.0,1739097106.2546499,,1.3826411962509155,1.0,0.001,1,16,40x40,MatchingNetwork,5,5,Egyptian,miniImageNet_SOTA_trainSet,False,1,4000,5,exp1_permuted_src_datasets
33,5.002369636,2.0,1739097106.2674956,,1.4433138370513916,0.75,0.001,1,16,40x40,MatchingNetwork,5,5,Egyptian,miniImageNet_SOTA_trainSet,False,1,4000,5,exp1_permuted_src_datasets
34,5.017273005,2.0,1739097106.2823763,,1.4102917909622192,0.9375,0.001,1,16,40x40,MatchingNetwork,5,5,Egyptian,miniImageNet_SOTA_trainSet,False,1,4000,5,exp1_permuted_src_datasets
35,5.032080044,2.0,1739097106.2971814,,1.3753477334976196,1.0,0.001,1,16,40x40,MatchingNetwork,5,5,Egyptian,miniImageNet_SOTA_trainSet,False,1,4000,5,exp1_permuted_src_datasets
36,5.052349399,2.0,1739097106.3173058,,1.3868122100830078,1.0,0.001,1,16,40x40,MatchingNetwork,5,5,Egyptian,miniImageNet_SOTA_trainSet,False,1,4000,5,exp1_permuted_src_datasets
37,5.065492697,2.0,1739097106.3305826,,1.4111473560333252,0.9375,0.001,1,16,40x40,MatchingNetwork,5,5,Egyptian,miniImageNet_SOTA_trainSet,False,1,4000,5,exp1_permuted_src_datasets
38,5.08123907,2.0,1739097106.3463104,,1.3854639530181885,1.0,0.001,1,16,40x40,MatchingNetwork,5,5,Egyptian,miniImageNet_SOTA_trainSet,False,1,4000,5,exp1_permuted_src_datasets
39,5.104559017,2.0,1739097106.3695538,,1.3813538551330566,1.0,0.001,1,16,40x40,MatchingNetwork,5,5,Egyptian,miniImageNet_SOTA_trainSet,False,1,4000,5,exp1_permuted_src_datasets
40,5.125162459,2.0,1739097106.3902218,,1.4124308824539185,0.875,0.001,1,16,40x40,MatchingNetwork,5,5,Egyptian,miniImageNet_SOTA_trainSet,False,1,4000,5,exp1_permuted_src_datasets
41,5.146537635,2.0,1739097106.4116147,,1.4105587005615234,1.0,0.001,1,16,40x40,MatchingNetwork,5,5,Egyptian,miniImageNet_SOTA_trainSet,False,1,4000,5,exp1_permuted_src_datasets
42,5.16989203,2.0,1739097106.4349003,,1.4091579914093018,0.625,0.001,1,16,40x40,MatchingNetwork,5,5,Egyptian,miniImageNet_SOTA_trainSet,False,1,4000,5,exp1_permuted_src_datasets
43,5.185847141,2.0,1739097106.4509392,,1.3755995035171509,1.0,0.001,1,16,40x40,MatchingNetwork,5,5,Egyptian,miniImageNet_SOTA_trainSet,False,1,4000,5,exp1_permuted_src_datasets
44,5.199603728,2.0,1739097106.4647112,,1.3852839469909668,1.0,0.001,1,16,40x40,MatchingNetwork,5,5,Egyptian,miniImageNet_SOTA_trainSet,False,1,4000,5,exp1_permuted_src_datasets
45,5.218893068,2.0,1739097106.4839206,,1.4372661113739014,0.75,0.001,1,16,40x40,MatchingNetwork,5,5,Egyptian,miniImageNet_SOTA_trainSet,False,1,4000,5,exp1_permuted_src_datasets
46,5.234159522,2.0,1739097106.4992495,,1.378373384475708,1.0,0.001,1,16,40x40,MatchingNetwork,5,5,Egyptian,miniImageNet_SOTA_trainSet,False,1,4000,5,exp1_permuted_src_datasets
47,5.247858424,2.0,1739097106.5129032,,1.3775848150253296,1.0,0.001,1,16,40x40,MatchingNetwork,5,5,Egyptian,miniImageNet_SOTA_trainSet,False,1,4000,5,exp1_permuted_src_datasets
48,5.261546978,2.0,1739097106.5266156,,1.3865911960601807,0.9375,0.001,1,16,40x40,MatchingNetwork,5,5,Egyptian,miniImageNet_SOTA_trainSet,False,1,4000,5,exp1_permuted_src_datasets
49,5.279413916,2.0,1739097106.5444303,,1.3977320194244385,1.0,0.001,1,16,40x40,MatchingNetwork,5,5,Egyptian,miniImageNet_SOTA_trainSet,False,1,4000,5,exp1_permuted_src_datasets
50,5.297832768,2.0,1739097106.5628698,,1.3845252990722656,1.0,0.001,1,16,40x40,MatchingNetwork,5,5,Egyptian,miniImageNet_SOTA_trainSet,False,1,4000,5,exp1_permuted_src_datasets
51,5.31407852,2.0,1739097106.5791698,,1.4307235479354858,0.8125,0.001,1,16,40x40,MatchingNetwork,5,5,Egyptian,miniImageNet_SOTA_trainSet,False,1,4000,5,exp1_permuted_src_datasets
52,5.324648373,2.0,1739097106.589754,,1.3774962425231934,1.0,0.001,1,16,40x40,MatchingNetwork,5,5,Egyptian,miniImageNet_SOTA_trainSet,False,1,4000,5,exp1_permuted_src_datasets
53,5.3353061,2.0,1739097106.600357,,1.3813260793685913,1.0,0.001,1,16,40x40,MatchingNetwork,5,5,Egyptian,miniImageNet_SOTA_trainSet,False,1,4000,5,exp1_permuted_src_datasets
54,5.350051949,2.0,1739097106.6150444,,1.3768585920333862,1.0,0.001,1,16,40x40,MatchingNetwork,5,5,Egyptian,miniImageNet_SOTA_trainSet,False,1,4000,5,exp1_permuted_src_datasets
55,5.363474138,2.0,1739097106.6284804,,1.3742289543151855,1.0,0.001,1,16,40x40,MatchingNetwork,5,5,Egyptian,miniImageNet_SOTA_trainSet,False,1,4000,5,exp1_permuted_src_datasets
56,5.382659781,2.0,1739097106.6476135,,1.3781012296676636,1.0,0.001,1,16,40x40,MatchingNetwork,5,5,Egyptian,miniImageNet_SOTA_trainSet,False,1,4000,5,exp1_permuted_src_datasets
57,5.402304617,2.0,1739097106.667302,,1.432562232017517,0.9375,0.001,1,16,40x40,MatchingNetwork,5,5,Egyptian,miniImageNet_SOTA_trainSet,False,1,4000,5,exp1_permuted_src_datasets
58,5.417244166,2.0,1739097106.6822953,,1.3732856512069702,1.0,0.001,1,16,40x40,MatchingNetwork,5,5,Egyptian,miniImageNet_SOTA_trainSet,False,1,4000,5,exp1_permuted_src_datasets
59,5.430268835,2.0,1739097106.695357,,1.379335880279541,1.0,0.001,1,16,40x40,MatchingNetwork,5,5,Egyptian,miniImageNet_SOTA_trainSet,False,1,4000,5,exp1_permuted_src_datasets
60,5.4450519,2.0,1739097106.7100837,,1.3729313611984253,1.0,0.001,1,16,40x40,MatchingNetwork,5,5,Egyptian,miniImageNet_SOTA_trainSet,False,1,4000,5,exp1_permuted_src_datasets
61,5.456387633,2.0,1739097106.721474,,1.3717284202575684,1.0,0.001,1,16,40x40,MatchingNetwork,5,5,Egyptian,miniImageNet_SOTA_trainSet,False,1,4000,5,exp1_permuted_src_datasets
62,5.4663519879999996,2.0,1739097106.7314706,,1.3769387006759644,1.0,0.001,1,16,40x40,MatchingNetwork,5,5,Egyptian,miniImageNet_SOTA_trainSet,False,1,4000,5,exp1_permuted_src_datasets
63,5.476702435,2.0,1739097106.7418044,,1.3746212720870972,1.0,0.001,1,16,40x40,MatchingNetwork,5,5,Egyptian,miniImageNet_SOTA_trainSet,False,1,4000,5,exp1_permuted_src_datasets
64,8.966689809,2.0,1739097110.231848,0.408,,,0.001,1,16,40x40,MatchingNetwork,5,5,Egyptian,miniImageNet_SOTA_trainSet,False,1,4000,5,exp1_permuted_src_datasets
65,8.983391083,2.0,1739097110.2484806,,1.3756060600280762,1.0,0.001,1,16,40x40,MatchingNetwork,5,5,Egyptian,miniImageNet_SOTA_trainSet,False,1,4000,5,exp1_permuted_src_datasets
66,9.002731661,2.0,1739097110.267783,,1.3758494853973389,1.0,0.001,1,16,40x40,MatchingNetwork,5,5,Egyptian,miniImageNet_SOTA_trainSet,False,1,4000,5,exp1_permuted_src_datasets
67,9.021704691,2.0,1739097110.286723,,1.374980092048645,1.0,0.001,1,16,40x40,MatchingNetwork,5,5,Egyptian,miniImageNet_SOTA_trainSet,False,1,4000,5,exp1_permuted_src_datasets
68,9.031578757,2.0,1739097110.296685,,1.3748323917388916,1.0,0.001,1,16,40x40,MatchingNetwork,5,5,Egyptian,miniImageNet_SOTA_trainSet,False,1,4000,5,exp1_permuted_src_datasets
69,9.048027088,2.0,1739097110.3129144,,1.381208896636963,1.0,0.001,1,16,40x40,MatchingNetwork,5,5,Egyptian,miniImageNet_SOTA_trainSet,False,1,4000,5,exp1_permuted_src_datasets
70,9.068893325,2.0,1739097110.3337667,,1.373773217201233,1.0,0.001,1,16,40x40,MatchingNetwork,5,5,Egyptian,miniImageNet_SOTA_trainSet,False,1,4000,5,exp1_permuted_src_datasets
71,9.084997083,2.0,1739097110.3499696,,1.3753350973129272,1.0,0.001,1,16,40x40,MatchingNetwork,5,5,Egyptian,miniImageNet_SOTA_trainSet,False,1,4000,5,exp1_permuted_src_datasets
72,9.099829934,2.0,1739097110.3648415,,1.3744391202926636,1.0,0.001,1,16,40x40,MatchingNetwork,5,5,Egyptian,miniImageNet_SOTA_trainSet,False,1,4000,5,exp1_permuted_src_datasets
73,9.115791419,2.0,1739097110.3808212,,1.3756085634231567,1.0,0.001,1,16,40x40,MatchingNetwork,5,5,Egyptian,miniImageNet_SOTA_trainSet,False,1,4000,5,exp1_permuted_src_datasets
74,9.137075461,2.0,1739097110.402116,,1.374967098236084,1.0,0.001,1,16,40x40,MatchingNetwork,5,5,Egyptian,miniImageNet_SOTA_trainSet,False,1,4000,5,exp1_permuted_src_datasets
75,9.150887125,2.0,1739097110.415985,,1.3768450021743774,1.0,0.001,1,16,40x40,MatchingNetwork,5,5,Egyptian,miniImageNet_SOTA_trainSet,False,1,4000,5,exp1_permuted_src_datasets
76,9.164423812,2.0,1739097110.4295025,,1.3729673624038696,1.0,0.001,1,16,40x40,MatchingNetwork,5,5,Egyptian,miniImageNet_SOTA_trainSet,False,1,4000,5,exp1_permuted_src_datasets
77,9.17999046,2.0,1739097110.4450972,,1.375756859779358,1.0,0.001,1,16,40x40,MatchingNetwork,5,5,Egyptian,miniImageNet_SOTA_trainSet,False,1,4000,5,exp1_permuted_src_datasets
78,9.199108762,2.0,1739097110.464171,,1.371221899986267,1.0,0.001,1,16,40x40,MatchingNetwork,5,5,Egyptian,miniImageNet_SOTA_trainSet,False,1,4000,5,exp1_permuted_src_datasets
79,9.217567188,2.0,1739097110.482651,,1.377543330192566,1.0,0.001,1,16,40x40,MatchingNetwork,5,5,Egyptian,miniImageNet_SOTA_trainSet,False,1,4000,5,exp1_permuted_src_datasets
80,9.238356791,2.0,1739097110.5034604,,1.429101824760437,0.875,0.001,1,16,40x40,MatchingNetwork,5,5,Egyptian,miniImageNet_SOTA_trainSet,False,1,4000,5,exp1_permuted_src_datasets
81,9.251782359,2.0,1739097110.516909,,1.370927333831787,1.0,0.001,1,16,40x40,MatchingNetwork,5,5,Egyptian,miniImageNet_SOTA_trainSet,False,1,4000,5,exp1_permuted_src_datasets
82,9.267475125,2.0,1739097110.5324924,,1.3723227977752686,1.0,0.001,1,16,40x40,MatchingNetwork,5,5,Egyptian,miniImageNet_SOTA_trainSet,False,1,4000,5,exp1_permuted_src_datasets
83,9.282614341,2.0,1739097110.5476766,,1.3735747337341309,1.0,0.001,1,16,40x40,MatchingNetwork,5,5,Egyptian,miniImageNet_SOTA_trainSet,False,1,4000,5,exp1_permuted_src_datasets
84,9.297489468,2.0,1739097110.5623865,,1.3727604150772095,1.0,0.001,1,16,40x40,MatchingNetwork,5,5,Egyptian,miniImageNet_SOTA_trainSet,False,1,4000,5,exp1_permuted_src_datasets
85,9.318367219,2.0,1739097110.5833213,,1.3711451292037964,1.0,0.001,1,16,40x40,MatchingNetwork,5,5,Egyptian,miniImageNet_SOTA_trainSet,False,1,4000,5,exp1_permuted_src_datasets
86,9.339620006,2.0,1739097110.6046867,,1.3696773052215576,1.0,0.001,1,16,40x40,MatchingNetwork,5,5,Egyptian,miniImageNet_SOTA_trainSet,False,1,4000,5,exp1_permuted_src_datasets
87,9.360598492,2.0,1739097110.6256695,,1.3695173263549805,1.0,0.001,1,16,40x40,MatchingNetwork,5,5,Egyptian,miniImageNet_SOTA_trainSet,False,1,4000,5,exp1_permuted_src_datasets
88,9.384183404,2.0,1739097110.6492305,,1.3721462488174438,1.0,0.001,1,16,40x40,MatchingNetwork,5,5,Egyptian,miniImageNet_SOTA_trainSet,False,1,4000,5,exp1_permuted_src_datasets
89,9.40228049,2.0,1739097110.6673844,,1.3745176792144775,1.0,0.001,1,16,40x40,MatchingNetwork,5,5,Egyptian,miniImageNet_SOTA_trainSet,False,1,4000,5,exp1_permuted_src_datasets
90,9.419287887,2.0,1739097110.6843064,,1.4320167303085327,0.875,0.001,1,16,40x40,MatchingNetwork,5,5,Egyptian,miniImageNet_SOTA_trainSet,False,1,4000,5,exp1_permuted_src_datasets
91,9.436568868,2.0,1739097110.7016108,,1.4303542375564575,0.875,0.001,1,16,40x40,MatchingNetwork,5,5,Egyptian,miniImageNet_SOTA_trainSet,False,1,4000,5,exp1_permuted_src_datasets
92,9.454101638,2.0,1739097110.7191548,,1.373239278793335,1.0,0.001,1,16,40x40,MatchingNetwork,5,5,Egyptian,miniImageNet_SOTA_trainSet,False,1,4000,5,exp1_permuted_src_datasets
93,9.472235955,2.0,1739097110.737237,,1.4290657043457031,0.9375,0.001,1,16,40x40,MatchingNetwork,5,5,Egyptian,miniImageNet_SOTA_trainSet,False,1,4000,5,exp1_permuted_src_datasets
94,9.486942881,2.0,1739097110.7519956,,1.3759137392044067,1.0,0.001,1,16,40x40,MatchingNetwork,5,5,Egyptian,miniImageNet_SOTA_trainSet,False,1,4000,5,exp1_permuted_src_datasets
95,9.502377867,2.0,1739097110.7674484,,1.3775513172149658,1.0,0.001,1,16,40x40,MatchingNetwork,5,5,Egyptian,miniImageNet_SOTA_trainSet,False,1,4000,5,exp1_permuted_src_datasets
96,9.51412638,2.0,1739097110.7791982,,1.36979341506958,1.0,0.001,1,16,40x40,MatchingNetwork,5,5,Egyptian,miniImageNet_SOTA_trainSet,False,1,4000,5,exp1_permuted_src_datasets
97,9.533110782,2.0,1739097110.7981915,,1.369261622428894,1.0,0.001,1,16,40x40,MatchingNetwork,5,5,Egyptian,miniImageNet_SOTA_trainSet,False,1,4000,5,exp1_permuted_src_datasets
98,9.551236083,2.0,1739097110.8163106,,1.373671531677246,1.0,0.001,1,16,40x40,MatchingNetwork,5,5,Egyptian,miniImageNet_SOTA_trainSet,False,1,4000,5,exp1_permuted_src_datasets
99,9.568275093,2.0,1739097110.833291,,1.3719991445541382,1.0,0.001,1,16,40x40,MatchingNetwork,5,5,Egyptian,miniImageNet_SOTA_trainSet,False,1,4000,5,exp1_permuted_src_datasets
100,9.582884639,2.0,1739097110.84796,,1.3689087629318237,1.0,0.001,1,16,40x40,MatchingNetwork,5,5,Egyptian,miniImageNet_SOTA_trainSet,False,1,4000,5,exp1_permuted_src_datasets
101,9.598476476,2.0,1739097110.8635674,,1.3733054399490356,1.0,0.001,1,16,40x40,MatchingNetwork,5,5,Egyptian,miniImageNet_SOTA_trainSet,False,1,4000,5,exp1_permuted_src_datasets
102,9.611649765,2.0,1739097110.8767602,,1.369855284690857,1.0,0.001,1,16,40x40,MatchingNetwork,5,5,Egyptian,miniImageNet_SOTA_trainSet,False,1,4000,5,exp1_permuted_src_datasets
103,9.634462417,2.0,1739097110.8994277,,1.4288139343261719,1.0,0.001,1,16,40x40,MatchingNetwork,5,5,Egyptian,miniImageNet_SOTA_trainSet,False,1,4000,5,exp1_permuted_src_datasets
104,9.650800951,2.0,1739097110.915883,,1.370056390762329,1.0,0.001,1,16,40x40,MatchingNetwork,5,5,Egyptian,miniImageNet_SOTA_trainSet,False,1,4000,5,exp1_permuted_src_datasets
105,9.663442286,2.0,1739097110.9285355,,1.37079918384552,1.0,0.001,1,16,40x40,MatchingNetwork,5,5,Egyptian,miniImageNet_SOTA_trainSet,False,1,4000,5,exp1_permuted_src_datasets
106,9.681875387,2.0,1739097110.946956,,1.3733543157577515,1.0,0.001,1,16,40x40,MatchingNetwork,5,5,Egyptian,miniImageNet_SOTA_trainSet,False,1,4000,5,exp1_permuted_src_datasets
107,9.706181768,2.0,1739097110.9711578,,1.3727092742919922,1.0,0.001,1,16,40x40,MatchingNetwork,5,5,Egyptian,miniImageNet_SOTA_trainSet,False,1,4000,5,exp1_permuted_src_datasets
108,9.730851653,2.0,1739097110.9957538,,1.433115005493164,1.0,0.001,1,16,40x40,MatchingNetwork,5,5,Egyptian,miniImageNet_SOTA_trainSet,False,1,4000,5,exp1_permuted_src_datasets
109,9.743003352,2.0,1739097111.008085,,1.4292312860488892,1.0,0.001,1,16,40x40,MatchingNetwork,5,5,Egyptian,miniImageNet_SOTA_trainSet,False,1,4000,5,exp1_permuted_src_datasets
110,9.755220407,2.0,1739097111.0202777,,1.3692070245742798,1.0,0.001,1,16,40x40,MatchingNetwork,5,5,Egyptian,miniImageNet_SOTA_trainSet,False,1,4000,5,exp1_permuted_src_datasets
111,9.777212948,2.0,1739097111.042253,,1.370310664176941,1.0,0.001,1,16,40x40,MatchingNetwork,5,5,Egyptian,miniImageNet_SOTA_trainSet,False,1,4000,5,exp1_permuted_src_datasets
112,9.789505019,2.0,1739097111.0545378,,1.370382308959961,1.0,0.001,1,16,40x40,MatchingNetwork,5,5,Egyptian,miniImageNet_SOTA_trainSet,False,1,4000,5,exp1_permuted_src_datasets
113,9.80531441,2.0,1739097111.0703292,,1.3726651668548584,1.0,0.001,1,16,40x40,MatchingNetwork,5,5,Egyptian,miniImageNet_SOTA_trainSet,False,1,4000,5,exp1_permuted_src_datasets
114,9.824198719,2.0,1739097111.0891998,,1.3707973957061768,1.0,0.001,1,16,40x40,MatchingNetwork,5,5,Egyptian,miniImageNet_SOTA_trainSet,False,1,4000,5,exp1_permuted_src_datasets
115,9.841479525,2.0,1739097111.1064863,,1.3764280080795288,1.0,0.001,1,16,40x40,MatchingNetwork,5,5,Egyptian,miniImageNet_SOTA_trainSet,False,1,4000,5,exp1_permuted_src_datasets
116,9.8593178,2.0,1739097111.1244056,,1.3706094026565552,1.0,0.001,1,16,40x40,MatchingNetwork,5,5,Egyptian,miniImageNet_SOTA_trainSet,False,1,4000,5,exp1_permuted_src_datasets
117,9.879581921,2.0,1739097111.1445596,,1.37343168258667,1.0,0.001,1,16,40x40,MatchingNetwork,5,5,Egyptian,miniImageNet_SOTA_trainSet,False,1,4000,5,exp1_permuted_src_datasets
118,9.89971105,2.0,1739097111.1647332,,1.4282143115997314,1.0,0.001,1,16,40x40,MatchingNetwork,5,5,Egyptian,miniImageNet_SOTA_trainSet,False,1,4000,5,exp1_permuted_src_datasets
119,9.917929855,2.0,1739097111.183041,,1.3724172115325928,1.0,0.001,1,16,40x40,MatchingNetwork,5,5,Egyptian,miniImageNet_SOTA_trainSet,False,1,4000,5,exp1_permuted_src_datasets
120,9.935468098,2.0,1739097111.200562,,1.3730207681655884,1.0,0.001,1,16,40x40,MatchingNetwork,5,5,Egyptian,miniImageNet_SOTA_trainSet,False,1,4000,5,exp1_permuted_src_datasets
121,9.951258431,2.0,1739097111.21631,,1.3697775602340698,1.0,0.001,1,16,40x40,MatchingNetwork,5,5,Egyptian,miniImageNet_SOTA_trainSet,False,1,4000,5,exp1_permuted_src_datasets
122,9.969165063,2.0,1739097111.2342083,,1.3697166442871094,1.0,0.001,1,16,40x40,MatchingNetwork,5,5,Egyptian,miniImageNet_SOTA_trainSet,False,1,4000,5,exp1_permuted_src_datasets
123,9.988403625,2.0,1739097111.2534587,,1.3735802173614502,1.0,0.001,1,16,40x40,MatchingNetwork,5,5,Egyptian,miniImageNet_SOTA_trainSet,False,1,4000,5,exp1_permuted_src_datasets
124,10.004636403,2.0,1739097111.2697148,,1.4287984371185303,1.0,0.001,1,16,40x40,MatchingNetwork,5,5,Egyptian,miniImageNet_SOTA_trainSet,False,1,4000,5,exp1_permuted_src_datasets
125,10.014884225,2.0,1739097111.2800012,,1.3706837892532349,1.0,0.001,1,16,40x40,MatchingNetwork,5,5,Egyptian,miniImageNet_SOTA_trainSet,False,1,4000,5,exp1_permuted_src_datasets
126,10.033077203,2.0,1739097111.2981238,,1.3768726587295532,1.0,0.001,1,16,40x40,MatchingNetwork,5,5,Egyptian,miniImageNet_SOTA_trainSet,False,1,4000,5,exp1_permuted_src_datasets
127,13.63623731,2.0,1739097114.9013724,0.4195,,,0.001,1,16,40x40,MatchingNetwork,5,5,Egyptian,miniImageNet_SOTA_trainSet,False,1,4000,5,exp1_permuted_src_datasets
128,13.668816854,2.0,1739097114.9336557,,1.370474934577942,1.0,0.001,1,16,40x40,MatchingNetwork,5,5,Egyptian,miniImageNet_SOTA_trainSet,False,1,4000,5,exp1_permuted_src_datasets
129,13.689506653,2.0,1739097114.954451,,1.3718836307525635,1.0,0.001,1,16,40x40,MatchingNetwork,5,5,Egyptian,miniImageNet_SOTA_trainSet,False,1,4000,5,exp1_permuted_src_datasets
130,13.705554809,2.0,1739097114.970627,,1.3688609600067139,1.0,0.001,1,16,40x40,MatchingNetwork,5,5,Egyptian,miniImageNet_SOTA_trainSet,False,1,4000,5,exp1_permuted_src_datasets
131,13.719066007,2.0,1739097114.984165,,1.377602219581604,1.0,0.001,1,16,40x40,MatchingNetwork,5,5,Egyptian,miniImageNet_SOTA_trainSet,False,1,4000,5,exp1_permuted_src_datasets
132,13.733057405,2.0,1739097114.9980807,,1.428646445274353,0.9375,0.001,1,16,40x40,MatchingNetwork,5,5,Egyptian,miniImageNet_SOTA_trainSet,False,1,4000,5,exp1_permuted_src_datasets
133,13.75404009,2.0,1739097115.019023,,1.375249981880188,1.0,0.001,1,16,40x40,MatchingNetwork,5,5,Egyptian,miniImageNet_SOTA_trainSet,False,1,4000,5,exp1_permuted_src_datasets
134,13.769235245,2.0,1739097115.0342324,,1.4294774532318115,0.9375,0.001,1,16,40x40,MatchingNetwork,5,5,Egyptian,miniImageNet_SOTA_trainSet,False,1,4000,5,exp1_permuted_src_datasets
135,13.789289353000001,2.0,1739097115.0543232,,1.4282853603363037,0.875,0.001,1,16,40x40,MatchingNetwork,5,5,Egyptian,miniImageNet_SOTA_trainSet,False,1,4000,5,exp1_permuted_src_datasets
136,13.802615156,2.0,1739097115.0676568,,1.3710356950759888,1.0,0.001,1,16,40x40,MatchingNetwork,5,5,Egyptian,miniImageNet_SOTA_trainSet,False,1,4000,5,exp1_permuted_src_datasets
137,13.821860255,2.0,1739097115.086855,,1.3727922439575195,1.0,0.001,1,16,40x40,MatchingNetwork,5,5,Egyptian,miniImageNet_SOTA_trainSet,False,1,4000,5,exp1_permuted_src_datasets
138,13.846542344,2.0,1739097115.111531,,1.3729612827301025,1.0,0.001,1,16,40x40,MatchingNetwork,5,5,Egyptian,miniImageNet_SOTA_trainSet,False,1,4000,5,exp1_permuted_src_datasets
139,13.861424736,2.0,1739097115.126452,,1.370928168296814,1.0,0.001,1,16,40x40,MatchingNetwork,5,5,Egyptian,miniImageNet_SOTA_trainSet,False,1,4000,5,exp1_permuted_src_datasets
140,13.876414015,2.0,1739097115.1414454,,1.3742475509643555,1.0,0.001,1,16,40x40,MatchingNetwork,5,5,Egyptian,miniImageNet_SOTA_trainSet,False,1,4000,5,exp1_permuted_src_datasets
141,13.896615359,2.0,1739097115.1615849,,1.3693068027496338,1.0,0.001,1,16,40x40,MatchingNetwork,5,5,Egyptian,miniImageNet_SOTA_trainSet,False,1,4000,5,exp1_permuted_src_datasets
142,13.919619083,2.0,1739097115.1846557,,1.3721344470977783,1.0,0.001,1,16,40x40,MatchingNetwork,5,5,Egyptian,miniImageNet_SOTA_trainSet,False,1,4000,5,exp1_permuted_src_datasets
143,13.934525098,2.0,1739097115.1995776,,1.3731796741485596,1.0,0.001,1,16,40x40,MatchingNetwork,5,5,Egyptian,miniImageNet_SOTA_trainSet,False,1,4000,5,exp1_permuted_src_datasets
144,13.9522213,2.0,1739097115.2172453,,1.3749514818191528,1.0,0.001,1,16,40x40,MatchingNetwork,5,5,Egyptian,miniImageNet_SOTA_trainSet,False,1,4000,5,exp1_permuted_src_datasets
145,13.977899739,2.0,1739097115.242872,,1.37674081325531,1.0,0.001,1,16,40x40,MatchingNetwork,5,5,Egyptian,miniImageNet_SOTA_trainSet,False,1,4000,5,exp1_permuted_src_datasets
146,13.999790592,2.0,1739097115.264777,,1.3754472732543945,1.0,0.001,1,16,40x40,MatchingNetwork,5,5,Egyptian,miniImageNet_SOTA_trainSet,False,1,4000,5,exp1_permuted_src_datasets
147,14.017929467,2.0,1739097115.2829804,,1.370518684387207,1.0,0.001,1,16,40x40,MatchingNetwork,5,5,Egyptian,miniImageNet_SOTA_trainSet,False,1,4000,5,exp1_permuted_src_datasets
148,14.034131202,2.0,1739097115.299147,,1.3740090131759644,1.0,0.001,1,16,40x40,MatchingNetwork,5,5,Egyptian,miniImageNet_SOTA_trainSet,False,1,4000,5,exp1_permuted_src_datasets
149,14.051433365,2.0,1739097115.3164861,,1.427812933921814,0.875,0.001,1,16,40x40,MatchingNetwork,5,5,Egyptian,miniImageNet_SOTA_trainSet,False,1,4000,5,exp1_permuted_src_datasets
150,14.066172075,2.0,1739097115.3312182,,1.3755371570587158,1.0,0.001,1,16,40x40,MatchingNetwork,5,5,Egyptian,miniImageNet_SOTA_trainSet,False,1,4000,5,exp1_permuted_src_datasets
151,14.08311491,2.0,1739097115.3481479,,1.3707729578018188,1.0,0.001,1,16,40x40,MatchingNetwork,5,5,Egyptian,miniImageNet_SOTA_trainSet,False,1,4000,5,exp1_permuted_src_datasets
152,14.100453874,2.0,1739097115.3654935,,1.3769251108169556,1.0,0.001,1,16,40x40,MatchingNetwork,5,5,Egyptian,miniImageNet_SOTA_trainSet,False,1,4000,5,exp1_permuted_src_datasets
153,14.119480711,2.0,1739097115.3845193,,1.3766206502914429,1.0,0.001,1,16,40x40,MatchingNetwork,5,5,Egyptian,miniImageNet_SOTA_trainSet,False,1,4000,5,exp1_permuted_src_datasets
154,14.136678807,2.0,1739097115.4017246,,1.3734976053237915,1.0,0.001,1,16,40x40,MatchingNetwork,5,5,Egyptian,miniImageNet_SOTA_trainSet,False,1,4000,5,exp1_permuted_src_datasets
155,14.156185252,2.0,1739097115.4212406,,1.3694517612457275,1.0,0.001,1,16,40x40,MatchingNetwork,5,5,Egyptian,miniImageNet_SOTA_trainSet,False,1,4000,5,exp1_permuted_src_datasets
156,14.17688117,2.0,1739097115.4418323,,1.3695290088653564,1.0,0.001,1,16,40x40,MatchingNetwork,5,5,Egyptian,miniImageNet_SOTA_trainSet,False,1,4000,5,exp1_permuted_src_datasets
157,14.195116656,2.0,1739097115.4600983,,1.369593858718872,1.0,0.001,1,16,40x40,MatchingNetwork,5,5,Egyptian,miniImageNet_SOTA_trainSet,False,1,4000,5,exp1_permuted_src_datasets
158,14.212542372,2.0,1739097115.47751,,1.4319465160369873,1.0,0.001,1,16,40x40,MatchingNetwork,5,5,Egyptian,miniImageNet_SOTA_trainSet,False,1,4000,5,exp1_permuted_src_datasets
159,14.226161071,2.0,1739097115.4912457,,1.3717886209487915,1.0,0.001,1,16,40x40,MatchingNetwork,5,5,Egyptian,miniImageNet_SOTA_trainSet,False,1,4000,5,exp1_permuted_src_datasets
160,14.246076126,2.0,1739097115.511127,,1.3701982498168945,1.0,0.001,1,16,40x40,MatchingNetwork,5,5,Egyptian,miniImageNet_SOTA_trainSet,False,1,4000,5,exp1_permuted_src_datasets
161,14.258572843,2.0,1739097115.523623,,1.3731184005737305,1.0,0.001,1,16,40x40,MatchingNetwork,5,5,Egyptian,miniImageNet_SOTA_trainSet,False,1,4000,5,exp1_permuted_src_datasets
162,14.277503915,2.0,1739097115.5425172,,1.3759244680404663,1.0,0.001,1,16,40x40,MatchingNetwork,5,5,Egyptian,miniImageNet_SOTA_trainSet,False,1,4000,5,exp1_permuted_src_datasets
163,14.295240536,2.0,1739097115.5602958,,1.3706045150756836,1.0,0.001,1,16,40x40,MatchingNetwork,5,5,Egyptian,miniImageNet_SOTA_trainSet,False,1,4000,5,exp1_permuted_src_datasets
164,14.321290085,2.0,1739097115.5862825,,1.369873046875,1.0,0.001,1,16,40x40,MatchingNetwork,5,5,Egyptian,miniImageNet_SOTA_trainSet,False,1,4000,5,exp1_permuted_src_datasets
165,14.347610763,2.0,1739097115.612553,,1.3688442707061768,1.0,0.001,1,16,40x40,MatchingNetwork,5,5,Egyptian,miniImageNet_SOTA_trainSet,False,1,4000,5,exp1_permuted_src_datasets
166,14.370119403,2.0,1739097115.6351202,,1.4307867288589478,0.875,0.001,1,16,40x40,MatchingNetwork,5,5,Egyptian,miniImageNet_SOTA_trainSet,False,1,4000,5,exp1_permuted_src_datasets
167,14.390207101,2.0,1739097115.6551979,,1.3737971782684326,1.0,0.001,1,16,40x40,MatchingNetwork,5,5,Egyptian,miniImageNet_SOTA_trainSet,False,1,4000,5,exp1_permuted_src_datasets
168,14.414942663,2.0,1739097115.6798651,,1.430874228477478,0.9375,0.001,1,16,40x40,MatchingNetwork,5,5,Egyptian,miniImageNet_SOTA_trainSet,False,1,4000,5,exp1_permuted_src_datasets
169,14.433431427,2.0,1739097115.698419,,1.37660551071167,1.0,0.001,1,16,40x40,MatchingNetwork,5,5,Egyptian,miniImageNet_SOTA_trainSet,False,1,4000,5,exp1_permuted_src_datasets
170,14.455174501,2.0,1739097115.7201138,,1.3712577819824219,1.0,0.001,1,16,40x40,MatchingNetwork,5,5,Egyptian,miniImageNet_SOTA_trainSet,False,1,4000,5,exp1_permuted_src_datasets
171,14.474058519,2.0,1739097115.7390895,,1.369859218597412,1.0,0.001,1,16,40x40,MatchingNetwork,5,5,Egyptian,miniImageNet_SOTA_trainSet,False,1,4000,5,exp1_permuted_src_datasets
172,14.492118132,2.0,1739097115.7571466,,1.3734017610549927,1.0,0.001,1,16,40x40,MatchingNetwork,5,5,Egyptian,miniImageNet_SOTA_trainSet,False,1,4000,5,exp1_permuted_src_datasets
173,14.510524698,2.0,1739097115.775491,,1.3707313537597656,1.0,0.001,1,16,40x40,MatchingNetwork,5,5,Egyptian,miniImageNet_SOTA_trainSet,False,1,4000,5,exp1_permuted_src_datasets
174,14.523162462,2.0,1739097115.7881584,,1.3690000772476196,1.0,0.001,1,16,40x40,MatchingNetwork,5,5,Egyptian,miniImageNet_SOTA_trainSet,False,1,4000,5,exp1_permuted_src_datasets
175,14.54371553,2.0,1739097115.8086736,,1.3728320598602295,1.0,0.001,1,16,40x40,MatchingNetwork,5,5,Egyptian,miniImageNet_SOTA_trainSet,False,1,4000,5,exp1_permuted_src_datasets
176,14.565755326,2.0,1739097115.83074,,1.3767549991607666,1.0,0.001,1,16,40x40,MatchingNetwork,5,5,Egyptian,miniImageNet_SOTA_trainSet,False,1,4000,5,exp1_permuted_src_datasets
177,14.588023644,2.0,1739097115.8530655,,1.3691719770431519,1.0,0.001,1,16,40x40,MatchingNetwork,5,5,Egyptian,miniImageNet_SOTA_trainSet,False,1,4000,5,exp1_permuted_src_datasets
178,14.609067778,2.0,1739097115.8740623,,1.3716291189193726,1.0,0.001,1,16,40x40,MatchingNetwork,5,5,Egyptian,miniImageNet_SOTA_trainSet,False,1,4000,5,exp1_permuted_src_datasets
179,14.62232551,2.0,1739097115.887395,,1.3694963455200195,1.0,0.001,1,16,40x40,MatchingNetwork,5,5,Egyptian,miniImageNet_SOTA_trainSet,False,1,4000,5,exp1_permuted_src_datasets
180,14.637826602,2.0,1739097115.902886,,1.3699166774749756,1.0,0.001,1,16,40x40,MatchingNetwork,5,5,Egyptian,miniImageNet_SOTA_trainSet,False,1,4000,5,exp1_permuted_src_datasets
181,14.653613552,2.0,1739097115.9186075,,1.3725444078445435,1.0,0.001,1,16,40x40,MatchingNetwork,5,5,Egyptian,miniImageNet_SOTA_trainSet,False,1,4000,5,exp1_permuted_src_datasets
182,14.670124637,2.0,1739097115.9351728,,1.3732786178588867,1.0,0.001,1,16,40x40,MatchingNetwork,5,5,Egyptian,miniImageNet_SOTA_trainSet,False,1,4000,5,exp1_permuted_src_datasets
183,14.694061424000001,2.0,1739097115.9590836,,1.4320091009140015,0.9375,0.001,1,16,40x40,MatchingNetwork,5,5,Egyptian,miniImageNet_SOTA_trainSet,False,1,4000,5,exp1_permuted_src_datasets
184,14.707855708,2.0,1739097115.9729028,,1.3740413188934326,1.0,0.001,1,16,40x40,MatchingNetwork,5,5,Egyptian,miniImageNet_SOTA_trainSet,False,1,4000,5,exp1_permuted_src_datasets
185,14.727696251,2.0,1739097115.992766,,1.3721843957901,1.0,0.001,1,16,40x40,MatchingNetwork,5,5,Egyptian,miniImageNet_SOTA_trainSet,False,1,4000,5,exp1_permuted_src_datasets
186,14.744808077,2.0,1739097116.0097146,,1.3729143142700195,1.0,0.001,1,16,40x40,MatchingNetwork,5,5,Egyptian,miniImageNet_SOTA_trainSet,False,1,4000,5,exp1_permuted_src_datasets
187,14.762156576,2.0,1739097116.027191,,1.374159812927246,1.0,0.001,1,16,40x40,MatchingNetwork,5,5,Egyptian,miniImageNet_SOTA_trainSet,False,1,4000,5,exp1_permuted_src_datasets
188,14.780573591,2.0,1739097116.0455258,,1.4325734376907349,0.875,0.001,1,16,40x40,MatchingNetwork,5,5,Egyptian,miniImageNet_SOTA_trainSet,False,1,4000,5,exp1_permuted_src_datasets
189,14.799079344,2.0,1739097116.0640945,,1.372246265411377,1.0,0.001,1,16,40x40,MatchingNetwork,5,5,Egyptian,miniImageNet_SOTA_trainSet,False,1,4000,5,exp1_permuted_src_datasets
190,18.903497738,2.0,1739097120.1686337,0.4085,,,0.001,1,16,40x40,MatchingNetwork,5,5,Egyptian,miniImageNet_SOTA_trainSet,False,1,4000,5,exp1_permuted_src_datasets
191,19.125289349,3.0,1739097120.3904104,,,,0.001,1,16,40x40,MatchingNetwork,5,5,Egyptian,miniImageNet_SOTA_trainSet,False,1,4000,5,exp1_permuted_src_datasets
192,22.968838618,3.0,1739097124.2339878,0.393,,,0.001,1,16,40x40,MatchingNetwork,5,5,Egyptian,miniImageNet_SOTA_trainSet,False,1,4000,5,exp1_permuted_src_datasets
193,22.981398278,3.0,1739097124.246461,,1.4065837860107422,1.0,0.001,1,16,40x40,MatchingNetwork,5,5,Egyptian,miniImageNet_SOTA_trainSet,False,1,4000,5,exp1_permuted_src_datasets
194,22.998341866,3.0,1739097124.263349,,1.452181100845337,0.9375,0.001,1,16,40x40,MatchingNetwork,5,5,Egyptian,miniImageNet_SOTA_trainSet,False,1,4000,5,exp1_permuted_src_datasets
195,23.012965103,3.0,1739097124.2779577,,1.4518927335739136,1.0,0.001,1,16,40x40,MatchingNetwork,5,5,Egyptian,miniImageNet_SOTA_trainSet,False,1,4000,5,exp1_permuted_src_datasets
196,23.032105897,3.0,1739097124.297101,,1.405290126800537,1.0,0.001,1,16,40x40,MatchingNetwork,5,5,Egyptian,miniImageNet_SOTA_trainSet,False,1,4000,5,exp1_permuted_src_datasets
197,23.05338191,3.0,1739097124.3184438,,1.4491479396820068,0.8125,0.001,1,16,40x40,MatchingNetwork,5,5,Egyptian,miniImageNet_SOTA_trainSet,False,1,4000,5,exp1_permuted_src_datasets
198,23.070156554,3.0,1739097124.3352413,,1.391815423965454,1.0,0.001,1,16,40x40,MatchingNetwork,5,5,Egyptian,miniImageNet_SOTA_trainSet,False,1,4000,5,exp1_permuted_src_datasets
199,23.09122656,3.0,1739097124.3562658,,1.4003090858459473,1.0,0.001,1,16,40x40,MatchingNetwork,5,5,Egyptian,miniImageNet_SOTA_trainSet,False,1,4000,5,exp1_permuted_src_datasets
200,23.114467068,3.0,1739097124.3795226,,1.44097900390625,1.0,0.001,1,16,40x40,MatchingNetwork,5,5,Egyptian,miniImageNet_SOTA_trainSet,False,1,4000,5,exp1_permuted_src_datasets
201,23.137944387,3.0,1739097124.403016,,1.399788737297058,1.0,0.001,1,16,40x40,MatchingNetwork,5,5,Egyptian,miniImageNet_SOTA_trainSet,False,1,4000,5,exp1_permuted_src_datasets
202,23.15875301,3.0,1739097124.4238527,,1.4392718076705933,1.0,0.001,1,16,40x40,MatchingNetwork,5,5,Egyptian,miniImageNet_SOTA_trainSet,False,1,4000,5,exp1_permuted_src_datasets
203,23.178645629,3.0,1739097124.443732,,1.3924583196640015,1.0,0.001,1,16,40x40,MatchingNetwork,5,5,Egyptian,miniImageNet_SOTA_trainSet,False,1,4000,5,exp1_permuted_src_datasets
204,23.201064204,3.0,1739097124.4661481,,1.3871383666992188,1.0,0.001,1,16,40x40,MatchingNetwork,5,5,Egyptian,miniImageNet_SOTA_trainSet,False,1,4000,5,exp1_permuted_src_datasets
205,23.226156362,3.0,1739097124.4911664,,1.4355998039245605,0.875,0.001,1,16,40x40,MatchingNetwork,5,5,Egyptian,miniImageNet_SOTA_trainSet,False,1,4000,5,exp1_permuted_src_datasets
206,23.242588755,3.0,1739097124.5076892,,1.379064917564392,1.0,0.001,1,16,40x40,MatchingNetwork,5,5,Egyptian,miniImageNet_SOTA_trainSet,False,1,4000,5,exp1_permuted_src_datasets
207,23.257113451,3.0,1739097124.5222003,,1.3776352405548096,1.0,0.001,1,16,40x40,MatchingNetwork,5,5,Egyptian,miniImageNet_SOTA_trainSet,False,1,4000,5,exp1_permuted_src_datasets
208,23.280633798,3.0,1739097124.545686,,1.382230281829834,1.0,0.001,1,16,40x40,MatchingNetwork,5,5,Egyptian,miniImageNet_SOTA_trainSet,False,1,4000,5,exp1_permuted_src_datasets
209,23.30433976,3.0,1739097124.5693898,,1.3803006410598755,1.0,0.001,1,16,40x40,MatchingNetwork,5,5,Egyptian,miniImageNet_SOTA_trainSet,False,1,4000,5,exp1_permuted_src_datasets
210,23.319260872,3.0,1739097124.584338,,1.3836805820465088,1.0,0.001,1,16,40x40,MatchingNetwork,5,5,Egyptian,miniImageNet_SOTA_trainSet,False,1,4000,5,exp1_permuted_src_datasets
211,23.33812325,3.0,1739097124.603148,,1.37791907787323,1.0,0.001,1,16,40x40,MatchingNetwork,5,5,Egyptian,miniImageNet_SOTA_trainSet,False,1,4000,5,exp1_permuted_src_datasets
212,23.35519752,3.0,1739097124.6202803,,1.380265474319458,1.0,0.001,1,16,40x40,MatchingNetwork,5,5,Egyptian,miniImageNet_SOTA_trainSet,False,1,4000,5,exp1_permuted_src_datasets
213,23.376002224,3.0,1739097124.6410158,,1.4332674741744995,0.9375,0.001,1,16,40x40,MatchingNetwork,5,5,Egyptian,miniImageNet_SOTA_trainSet,False,1,4000,5,exp1_permuted_src_datasets
214,23.392516282,3.0,1739097124.6575472,,1.3848395347595215,1.0,0.001,1,16,40x40,MatchingNetwork,5,5,Egyptian,miniImageNet_SOTA_trainSet,False,1,4000,5,exp1_permuted_src_datasets
215,23.414373812,3.0,1739097124.6793962,,1.3782479763031006,1.0,0.001,1,16,40x40,MatchingNetwork,5,5,Egyptian,miniImageNet_SOTA_trainSet,False,1,4000,5,exp1_permuted_src_datasets
216,23.429469517,3.0,1739097124.694533,,1.3842741250991821,1.0,0.001,1,16,40x40,MatchingNetwork,5,5,Egyptian,miniImageNet_SOTA_trainSet,False,1,4000,5,exp1_permuted_src_datasets
217,23.445883458,3.0,1739097124.710944,,1.382846474647522,1.0,0.001,1,16,40x40,MatchingNetwork,5,5,Egyptian,miniImageNet_SOTA_trainSet,False,1,4000,5,exp1_permuted_src_datasets
218,23.464580688,3.0,1739097124.7296298,,1.4348939657211304,0.875,0.001,1,16,40x40,MatchingNetwork,5,5,Egyptian,miniImageNet_SOTA_trainSet,False,1,4000,5,exp1_permuted_src_datasets
219,23.480114849,3.0,1739097124.7451649,,1.3804128170013428,1.0,0.001,1,16,40x40,MatchingNetwork,5,5,Egyptian,miniImageNet_SOTA_trainSet,False,1,4000,5,exp1_permuted_src_datasets
220,23.500819056,3.0,1739097124.765844,,1.3809913396835327,1.0,0.001,1,16,40x40,MatchingNetwork,5,5,Egyptian,miniImageNet_SOTA_trainSet,False,1,4000,5,exp1_permuted_src_datasets
221,23.521197925,3.0,1739097124.786221,,1.4308836460113525,0.9375,0.001,1,16,40x40,MatchingNetwork,5,5,Egyptian,miniImageNet_SOTA_trainSet,False,1,4000,5,exp1_permuted_src_datasets
222,23.534989793,3.0,1739097124.8000195,,1.4912092685699463,0.6875,0.001,1,16,40x40,MatchingNetwork,5,5,Egyptian,miniImageNet_SOTA_trainSet,False,1,4000,5,exp1_permuted_src_datasets
223,23.545926528,3.0,1739097124.8110368,,1.4350576400756836,1.0,0.001,1,16,40x40,MatchingNetwork,5,5,Egyptian,miniImageNet_SOTA_trainSet,False,1,4000,5,exp1_permuted_src_datasets
224,23.560783979,3.0,1739097124.8257806,,1.376328468322754,1.0,0.001,1,16,40x40,MatchingNetwork,5,5,Egyptian,miniImageNet_SOTA_trainSet,False,1,4000,5,exp1_permuted_src_datasets
225,23.57845019,3.0,1739097124.8434107,,1.4317328929901123,0.9375,0.001,1,16,40x40,MatchingNetwork,5,5,Egyptian,miniImageNet_SOTA_trainSet,False,1,4000,5,exp1_permuted_src_datasets
226,23.591575015,3.0,1739097124.8566601,,1.3831570148468018,1.0,0.001,1,16,40x40,MatchingNetwork,5,5,Egyptian,miniImageNet_SOTA_trainSet,False,1,4000,5,exp1_permuted_src_datasets
227,23.609533305,3.0,1739097124.8745892,,1.3858503103256226,1.0,0.001,1,16,40x40,MatchingNetwork,5,5,Egyptian,miniImageNet_SOTA_trainSet,False,1,4000,5,exp1_permuted_src_datasets
228,23.629315388,3.0,1739097124.8943288,,1.4895910024642944,0.6875,0.001,1,16,40x40,MatchingNetwork,5,5,Egyptian,miniImageNet_SOTA_trainSet,False,1,4000,5,exp1_permuted_src_datasets
229,23.649842403,3.0,1739097124.914921,,1.373372197151184,1.0,0.001,1,16,40x40,MatchingNetwork,5,5,Egyptian,miniImageNet_SOTA_trainSet,False,1,4000,5,exp1_permuted_src_datasets
230,23.667020812,3.0,1739097124.9320831,,1.4895726442337036,0.8125,0.001,1,16,40x40,MatchingNetwork,5,5,Egyptian,miniImageNet_SOTA_trainSet,False,1,4000,5,exp1_permuted_src_datasets
231,23.683525178,3.0,1739097124.9485152,,1.37874174118042,1.0,0.001,1,16,40x40,MatchingNetwork,5,5,Egyptian,miniImageNet_SOTA_trainSet,False,1,4000,5,exp1_permuted_src_datasets
232,23.701593731,3.0,1739097124.9666772,,1.376989722251892,1.0,0.001,1,16,40x40,MatchingNetwork,5,5,Egyptian,miniImageNet_SOTA_trainSet,False,1,4000,5,exp1_permuted_src_datasets
233,23.716020517,3.0,1739097124.9810972,,1.3726924657821655,1.0,0.001,1,16,40x40,MatchingNetwork,5,5,Egyptian,miniImageNet_SOTA_trainSet,False,1,4000,5,exp1_permuted_src_datasets
234,23.729968843,3.0,1739097124.995061,,1.3764182329177856,1.0,0.001,1,16,40x40,MatchingNetwork,5,5,Egyptian,miniImageNet_SOTA_trainSet,False,1,4000,5,exp1_permuted_src_datasets
235,23.748386027,3.0,1739097125.013401,,1.3753119707107544,1.0,0.001,1,16,40x40,MatchingNetwork,5,5,Egyptian,miniImageNet_SOTA_trainSet,False,1,4000,5,exp1_permuted_src_datasets
236,23.767471271,3.0,1739097125.0325058,,1.3857839107513428,1.0,0.001,1,16,40x40,MatchingNetwork,5,5,Egyptian,miniImageNet_SOTA_trainSet,False,1,4000,5,exp1_permuted_src_datasets
237,23.779448677,3.0,1739097125.0445676,,1.375482201576233,1.0,0.001,1,16,40x40,MatchingNetwork,5,5,Egyptian,miniImageNet_SOTA_trainSet,False,1,4000,5,exp1_permuted_src_datasets
238,23.794168318,3.0,1739097125.0592487,,1.433308720588684,0.9375,0.001,1,16,40x40,MatchingNetwork,5,5,Egyptian,miniImageNet_SOTA_trainSet,False,1,4000,5,exp1_permuted_src_datasets
239,23.809558918,3.0,1739097125.0746186,,1.3789188861846924,1.0,0.001,1,16,40x40,MatchingNetwork,5,5,Egyptian,miniImageNet_SOTA_trainSet,False,1,4000,5,exp1_permuted_src_datasets
240,23.822817005,3.0,1739097125.0879114,,1.4354419708251953,0.75,0.001,1,16,40x40,MatchingNetwork,5,5,Egyptian,miniImageNet_SOTA_trainSet,False,1,4000,5,exp1_permuted_src_datasets
241,23.84020957,3.0,1739097125.1052213,,1.3762385845184326,1.0,0.001,1,16,40x40,MatchingNetwork,5,5,Egyptian,miniImageNet_SOTA_trainSet,False,1,4000,5,exp1_permuted_src_datasets
242,23.85544284,3.0,1739097125.1205468,,1.3773912191390991,1.0,0.001,1,16,40x40,MatchingNetwork,5,5,Egyptian,miniImageNet_SOTA_trainSet,False,1,4000,5,exp1_permuted_src_datasets
243,23.865895926,3.0,1739097125.1309783,,1.3712339401245117,1.0,0.001,1,16,40x40,MatchingNetwork,5,5,Egyptian,miniImageNet_SOTA_trainSet,False,1,4000,5,exp1_permuted_src_datasets
244,23.878367856,3.0,1739097125.143465,,1.3796944618225098,1.0,0.001,1,16,40x40,MatchingNetwork,5,5,Egyptian,miniImageNet_SOTA_trainSet,False,1,4000,5,exp1_permuted_src_datasets
245,23.892966458,3.0,1739097125.1580012,,1.374072551727295,1.0,0.001,1,16,40x40,MatchingNetwork,5,5,Egyptian,miniImageNet_SOTA_trainSet,False,1,4000,5,exp1_permuted_src_datasets
246,23.906932708,3.0,1739097125.171951,,1.3781368732452393,1.0,0.001,1,16,40x40,MatchingNetwork,5,5,Egyptian,miniImageNet_SOTA_trainSet,False,1,4000,5,exp1_permuted_src_datasets
247,23.91681027,3.0,1739097125.181924,,1.375586748123169,1.0,0.001,1,16,40x40,MatchingNetwork,5,5,Egyptian,miniImageNet_SOTA_trainSet,False,1,4000,5,exp1_permuted_src_datasets
248,23.93357612,3.0,1739097125.1986148,,1.435943365097046,0.875,0.001,1,16,40x40,MatchingNetwork,5,5,Egyptian,miniImageNet_SOTA_trainSet,False,1,4000,5,exp1_permuted_src_datasets
249,23.953058647,3.0,1739097125.2181313,,1.3751237392425537,1.0,0.001,1,16,40x40,MatchingNetwork,5,5,Egyptian,miniImageNet_SOTA_trainSet,False,1,4000,5,exp1_permuted_src_datasets
250,23.971201386,3.0,1739097125.2362828,,1.3717613220214844,1.0,0.001,1,16,40x40,MatchingNetwork,5,5,Egyptian,miniImageNet_SOTA_trainSet,False,1,4000,5,exp1_permuted_src_datasets
251,23.990552056,3.0,1739097125.2555888,,1.4294449090957642,0.9375,0.001,1,16,40x40,MatchingNetwork,5,5,Egyptian,miniImageNet_SOTA_trainSet,False,1,4000,5,exp1_permuted_src_datasets
252,24.011583291,3.0,1739097125.276621,,1.379130482673645,1.0,0.001,1,16,40x40,MatchingNetwork,5,5,Egyptian,miniImageNet_SOTA_trainSet,False,1,4000,5,exp1_permuted_src_datasets
253,24.030387155,3.0,1739097125.2954662,,1.3725851774215698,1.0,0.001,1,16,40x40,MatchingNetwork,5,5,Egyptian,miniImageNet_SOTA_trainSet,False,1,4000,5,exp1_permuted_src_datasets
254,24.04399849,3.0,1739097125.3090658,,1.3771220445632935,1.0,0.001,1,16,40x40,MatchingNetwork,5,5,Egyptian,miniImageNet_SOTA_trainSet,False,1,4000,5,exp1_permuted_src_datasets
255,27.629206682,3.0,1739097128.8943777,0.35075,,,0.001,1,16,40x40,MatchingNetwork,5,5,Egyptian,miniImageNet_SOTA_trainSet,False,1,4000,5,exp1_permuted_src_datasets
256,27.650141542,3.0,1739097128.9150913,,1.3786730766296387,1.0,0.001,1,16,40x40,MatchingNetwork,5,5,Egyptian,miniImageNet_SOTA_trainSet,False,1,4000,5,exp1_permuted_src_datasets
257,27.669432959,3.0,1739097128.934346,,1.3879667520523071,1.0,0.001,1,16,40x40,MatchingNetwork,5,5,Egyptian,miniImageNet_SOTA_trainSet,False,1,4000,5,exp1_permuted_src_datasets
258,27.686838101,3.0,1739097128.951812,,1.4302514791488647,0.9375,0.001,1,16,40x40,MatchingNetwork,5,5,Egyptian,miniImageNet_SOTA_trainSet,False,1,4000,5,exp1_permuted_src_datasets
259,27.704540691,3.0,1739097128.9696093,,1.3805214166641235,1.0,0.001,1,16,40x40,MatchingNetwork,5,5,Egyptian,miniImageNet_SOTA_trainSet,False,1,4000,5,exp1_permuted_src_datasets
260,27.72034972,3.0,1739097128.9853375,,1.3798577785491943,1.0,0.001,1,16,40x40,MatchingNetwork,5,5,Egyptian,miniImageNet_SOTA_trainSet,False,1,4000,5,exp1_permuted_src_datasets
261,27.738526162,3.0,1739097129.0035815,,1.3771655559539795,1.0,0.001,1,16,40x40,MatchingNetwork,5,5,Egyptian,miniImageNet_SOTA_trainSet,False,1,4000,5,exp1_permuted_src_datasets
262,27.756339285,3.0,1739097129.0214047,,1.4346134662628174,0.8125,0.001,1,16,40x40,MatchingNetwork,5,5,Egyptian,miniImageNet_SOTA_trainSet,False,1,4000,5,exp1_permuted_src_datasets
263,27.773182036,3.0,1739097129.0382528,,1.3763444423675537,1.0,0.001,1,16,40x40,MatchingNetwork,5,5,Egyptian,miniImageNet_SOTA_trainSet,False,1,4000,5,exp1_permuted_src_datasets
264,27.787253424,3.0,1739097129.0523498,,1.3748019933700562,1.0,0.001,1,16,40x40,MatchingNetwork,5,5,Egyptian,miniImageNet_SOTA_trainSet,False,1,4000,5,exp1_permuted_src_datasets
265,27.806815067,3.0,1739097129.0718262,,1.3710641860961914,1.0,0.001,1,16,40x40,MatchingNetwork,5,5,Egyptian,miniImageNet_SOTA_trainSet,False,1,4000,5,exp1_permuted_src_datasets
266,27.824884097,3.0,1739097129.0898645,,1.4336000680923462,0.75,0.001,1,16,40x40,MatchingNetwork,5,5,Egyptian,miniImageNet_SOTA_trainSet,False,1,4000,5,exp1_permuted_src_datasets
267,27.844081196,3.0,1739097129.1091685,,1.3774302005767822,1.0,0.001,1,16,40x40,MatchingNetwork,5,5,Egyptian,miniImageNet_SOTA_trainSet,False,1,4000,5,exp1_permuted_src_datasets
268,27.866673161,3.0,1739097129.131664,,1.426838994026184,0.9375,0.001,1,16,40x40,MatchingNetwork,5,5,Egyptian,miniImageNet_SOTA_trainSet,False,1,4000,5,exp1_permuted_src_datasets
269,27.889858956,3.0,1739097129.1548333,,1.373650312423706,1.0,0.001,1,16,40x40,MatchingNetwork,5,5,Egyptian,miniImageNet_SOTA_trainSet,False,1,4000,5,exp1_permuted_src_datasets
270,27.907088856,3.0,1739097129.1721728,,1.3799721002578735,1.0,0.001,1,16,40x40,MatchingNetwork,5,5,Egyptian,miniImageNet_SOTA_trainSet,False,1,4000,5,exp1_permuted_src_datasets
271,27.922095304,3.0,1739097129.1871464,,1.3737905025482178,1.0,0.001,1,16,40x40,MatchingNetwork,5,5,Egyptian,miniImageNet_SOTA_trainSet,False,1,4000,5,exp1_permuted_src_datasets
272,27.936826322,3.0,1739097129.2018623,,1.4333081245422363,0.625,0.001,1,16,40x40,MatchingNetwork,5,5,Egyptian,miniImageNet_SOTA_trainSet,False,1,4000,5,exp1_permuted_src_datasets
273,27.950678908,3.0,1739097129.2157733,,1.4283310174942017,1.0,0.001,1,16,40x40,MatchingNetwork,5,5,Egyptian,miniImageNet_SOTA_trainSet,False,1,4000,5,exp1_permuted_src_datasets
274,27.963378161,3.0,1739097129.2284915,,1.3882449865341187,1.0,0.001,1,16,40x40,MatchingNetwork,5,5,Egyptian,miniImageNet_SOTA_trainSet,False,1,4000,5,exp1_permuted_src_datasets
275,27.977646548,3.0,1739097129.2426977,,1.434419870376587,1.0,0.001,1,16,40x40,MatchingNetwork,5,5,Egyptian,miniImageNet_SOTA_trainSet,False,1,4000,5,exp1_permuted_src_datasets
276,27.988022898,3.0,1739097129.2531297,,1.374815583229065,1.0,0.001,1,16,40x40,MatchingNetwork,5,5,Egyptian,miniImageNet_SOTA_trainSet,False,1,4000,5,exp1_permuted_src_datasets
277,28.000537875,3.0,1739097129.265657,,1.3777744770050049,1.0,0.001,1,16,40x40,MatchingNetwork,5,5,Egyptian,miniImageNet_SOTA_trainSet,False,1,4000,5,exp1_permuted_src_datasets
278,28.012255278,3.0,1739097129.2773309,,1.375091552734375,1.0,0.001,1,16,40x40,MatchingNetwork,5,5,Egyptian,miniImageNet_SOTA_trainSet,False,1,4000,5,exp1_permuted_src_datasets
279,28.026070471,3.0,1739097129.2911134,,1.432228922843933,0.625,0.001,1,16,40x40,MatchingNetwork,5,5,Egyptian,miniImageNet_SOTA_trainSet,False,1,4000,5,exp1_permuted_src_datasets
280,28.041813483,3.0,1739097129.3069367,,1.429516315460205,0.875,0.001,1,16,40x40,MatchingNetwork,5,5,Egyptian,miniImageNet_SOTA_trainSet,False,1,4000,5,exp1_permuted_src_datasets
281,28.060165447,3.0,1739097129.3252249,,1.3721435070037842,1.0,0.001,1,16,40x40,MatchingNetwork,5,5,Egyptian,miniImageNet_SOTA_trainSet,False,1,4000,5,exp1_permuted_src_datasets
282,28.073492498,3.0,1739097129.3386054,,1.3808294534683228,1.0,0.001,1,16,40x40,MatchingNetwork,5,5,Egyptian,miniImageNet_SOTA_trainSet,False,1,4000,5,exp1_permuted_src_datasets
283,28.089113194,3.0,1739097129.3541398,,1.4217069149017334,1.0,0.001,1,16,40x40,MatchingNetwork,5,5,Egyptian,miniImageNet_SOTA_trainSet,False,1,4000,5,exp1_permuted_src_datasets
284,28.108752729,3.0,1739097129.3737636,,1.374428629875183,1.0,0.001,1,16,40x40,MatchingNetwork,5,5,Egyptian,miniImageNet_SOTA_trainSet,False,1,4000,5,exp1_permuted_src_datasets
285,28.125069533,3.0,1739097129.3901877,,1.3780840635299683,1.0,0.001,1,16,40x40,MatchingNetwork,5,5,Egyptian,miniImageNet_SOTA_trainSet,False,1,4000,5,exp1_permuted_src_datasets
286,28.134815914,3.0,1739097129.3998797,,1.37004816532135,1.0,0.001,1,16,40x40,MatchingNetwork,5,5,Egyptian,miniImageNet_SOTA_trainSet,False,1,4000,5,exp1_permuted_src_datasets
287,28.152529734,3.0,1739097129.4175818,,1.3755863904953003,1.0,0.001,1,16,40x40,MatchingNetwork,5,5,Egyptian,miniImageNet_SOTA_trainSet,False,1,4000,5,exp1_permuted_src_datasets
288,28.169539333,3.0,1739097129.4345908,,1.373901128768921,1.0,0.001,1,16,40x40,MatchingNetwork,5,5,Egyptian,miniImageNet_SOTA_trainSet,False,1,4000,5,exp1_permuted_src_datasets
289,28.18708627,3.0,1739097129.4521198,,1.3773137331008911,1.0,0.001,1,16,40x40,MatchingNetwork,5,5,Egyptian,miniImageNet_SOTA_trainSet,False,1,4000,5,exp1_permuted_src_datasets
290,28.201958549,3.0,1739097129.466966,,1.406171441078186,1.0,0.001,1,16,40x40,MatchingNetwork,5,5,Egyptian,miniImageNet_SOTA_trainSet,False,1,4000,5,exp1_permuted_src_datasets
291,28.218177085,3.0,1739097129.483244,,1.4127386808395386,1.0,0.001,1,16,40x40,MatchingNetwork,5,5,Egyptian,miniImageNet_SOTA_trainSet,False,1,4000,5,exp1_permuted_src_datasets
292,28.233730991,3.0,1739097129.4988053,,1.4293321371078491,0.9375,0.001,1,16,40x40,MatchingNetwork,5,5,Egyptian,miniImageNet_SOTA_trainSet,False,1,4000,5,exp1_permuted_src_datasets
293,28.249164429,3.0,1739097129.5141497,,1.3707466125488281,1.0,0.001,1,16,40x40,MatchingNetwork,5,5,Egyptian,miniImageNet_SOTA_trainSet,False,1,4000,5,exp1_permuted_src_datasets
294,28.263998597,3.0,1739097129.5290565,,1.375483512878418,1.0,0.001,1,16,40x40,MatchingNetwork,5,5,Egyptian,miniImageNet_SOTA_trainSet,False,1,4000,5,exp1_permuted_src_datasets
295,28.281001984,3.0,1739097129.5460513,,1.3741034269332886,1.0,0.001,1,16,40x40,MatchingNetwork,5,5,Egyptian,miniImageNet_SOTA_trainSet,False,1,4000,5,exp1_permuted_src_datasets
296,28.296617189,3.0,1739097129.5616035,,1.37895929813385,1.0,0.001,1,16,40x40,MatchingNetwork,5,5,Egyptian,miniImageNet_SOTA_trainSet,False,1,4000,5,exp1_permuted_src_datasets
297,28.313679709,3.0,1739097129.5786798,,1.3780943155288696,1.0,0.001,1,16,40x40,MatchingNetwork,5,5,Egyptian,miniImageNet_SOTA_trainSet,False,1,4000,5,exp1_permuted_src_datasets
298,28.338322764,3.0,1739097129.6031833,,1.3821985721588135,1.0,0.001,1,16,40x40,MatchingNetwork,5,5,Egyptian,miniImageNet_SOTA_trainSet,False,1,4000,5,exp1_permuted_src_datasets
299,28.359290343,3.0,1739097129.6242685,,1.3724124431610107,1.0,0.001,1,16,40x40,MatchingNetwork,5,5,Egyptian,miniImageNet_SOTA_trainSet,False,1,4000,5,exp1_permuted_src_datasets
300,28.375344888,3.0,1739097129.6403615,,1.424232006072998,0.625,0.001,1,16,40x40,MatchingNetwork,5,5,Egyptian,miniImageNet_SOTA_trainSet,False,1,4000,5,exp1_permuted_src_datasets
301,28.391143567,3.0,1739097129.656142,,1.3730099201202393,1.0,0.001,1,16,40x40,MatchingNetwork,5,5,Egyptian,miniImageNet_SOTA_trainSet,False,1,4000,5,exp1_permuted_src_datasets
302,28.415758594,3.0,1739097129.6806695,,1.385780692100525,1.0,0.001,1,16,40x40,MatchingNetwork,5,5,Egyptian,miniImageNet_SOTA_trainSet,False,1,4000,5,exp1_permuted_src_datasets
303,28.439496678,3.0,1739097129.7043269,,1.3729568719863892,1.0,0.001,1,16,40x40,MatchingNetwork,5,5,Egyptian,miniImageNet_SOTA_trainSet,False,1,4000,5,exp1_permuted_src_datasets
304,28.451716622,3.0,1739097129.7167954,,1.3712146282196045,1.0,0.001,1,16,40x40,MatchingNetwork,5,5,Egyptian,miniImageNet_SOTA_trainSet,False,1,4000,5,exp1_permuted_src_datasets
305,28.470914771,3.0,1739097129.735964,,1.3760675191879272,1.0,0.001,1,16,40x40,MatchingNetwork,5,5,Egyptian,miniImageNet_SOTA_trainSet,False,1,4000,5,exp1_permuted_src_datasets
306,28.489179089,3.0,1739097129.754182,,1.3750226497650146,1.0,0.001,1,16,40x40,MatchingNetwork,5,5,Egyptian,miniImageNet_SOTA_trainSet,False,1,4000,5,exp1_permuted_src_datasets
307,28.506902421,3.0,1739097129.7719648,,1.3730138540267944,1.0,0.001,1,16,40x40,MatchingNetwork,5,5,Egyptian,miniImageNet_SOTA_trainSet,False,1,4000,5,exp1_permuted_src_datasets
308,28.519264747,3.0,1739097129.7843158,,1.3737740516662598,1.0,0.001,1,16,40x40,MatchingNetwork,5,5,Egyptian,miniImageNet_SOTA_trainSet,False,1,4000,5,exp1_permuted_src_datasets
309,28.536067453,3.0,1739097129.8011317,,1.3734723329544067,1.0,0.001,1,16,40x40,MatchingNetwork,5,5,Egyptian,miniImageNet_SOTA_trainSet,False,1,4000,5,exp1_permuted_src_datasets
310,28.554550087,3.0,1739097129.8195536,,1.373122215270996,1.0,0.001,1,16,40x40,MatchingNetwork,5,5,Egyptian,miniImageNet_SOTA_trainSet,False,1,4000,5,exp1_permuted_src_datasets
311,28.567293889,3.0,1739097129.8323872,,1.372613549232483,1.0,0.001,1,16,40x40,MatchingNetwork,5,5,Egyptian,miniImageNet_SOTA_trainSet,False,1,4000,5,exp1_permuted_src_datasets
312,28.582433856,3.0,1739097129.8474503,,1.371614694595337,1.0,0.001,1,16,40x40,MatchingNetwork,5,5,Egyptian,miniImageNet_SOTA_trainSet,False,1,4000,5,exp1_permuted_src_datasets
313,28.59677741,3.0,1739097129.861828,,1.3706649541854858,1.0,0.001,1,16,40x40,MatchingNetwork,5,5,Egyptian,miniImageNet_SOTA_trainSet,False,1,4000,5,exp1_permuted_src_datasets
314,28.619910801,3.0,1739097129.8848906,,1.4331563711166382,0.9375,0.001,1,16,40x40,MatchingNetwork,5,5,Egyptian,miniImageNet_SOTA_trainSet,False,1,4000,5,exp1_permuted_src_datasets
315,28.636364315,3.0,1739097129.9014385,,1.3723052740097046,1.0,0.001,1,16,40x40,MatchingNetwork,5,5,Egyptian,miniImageNet_SOTA_trainSet,False,1,4000,5,exp1_permuted_src_datasets
316,28.652122607,3.0,1739097129.917161,,1.3748294115066528,1.0,0.001,1,16,40x40,MatchingNetwork,5,5,Egyptian,miniImageNet_SOTA_trainSet,False,1,4000,5,exp1_permuted_src_datasets
317,28.665436724,3.0,1739097129.9304793,,1.3731471300125122,1.0,0.001,1,16,40x40,MatchingNetwork,5,5,Egyptian,miniImageNet_SOTA_trainSet,False,1,4000,5,exp1_permuted_src_datasets
318,32.301992597,3.0,1739097133.5671473,0.3845,,,0.001,1,16,40x40,MatchingNetwork,5,5,Egyptian,miniImageNet_SOTA_trainSet,False,1,4000,5,exp1_permuted_src_datasets
319,32.322834109,3.0,1739097133.5878248,,1.4318113327026367,0.875,0.001,1,16,40x40,MatchingNetwork,5,5,Egyptian,miniImageNet_SOTA_trainSet,False,1,4000,5,exp1_permuted_src_datasets
320,32.342388876,3.0,1739097133.6074588,,1.3750007152557373,1.0,0.001,1,16,40x40,MatchingNetwork,5,5,Egyptian,miniImageNet_SOTA_trainSet,False,1,4000,5,exp1_permuted_src_datasets
321,32.356936427,3.0,1739097133.6219068,,1.4282639026641846,1.0,0.001,1,16,40x40,MatchingNetwork,5,5,Egyptian,miniImageNet_SOTA_trainSet,False,1,4000,5,exp1_permuted_src_datasets
322,32.37322635,3.0,1739097133.638292,,1.3737390041351318,1.0,0.001,1,16,40x40,MatchingNetwork,5,5,Egyptian,miniImageNet_SOTA_trainSet,False,1,4000,5,exp1_permuted_src_datasets
323,32.386575201,3.0,1739097133.6516526,,1.3731467723846436,1.0,0.001,1,16,40x40,MatchingNetwork,5,5,Egyptian,miniImageNet_SOTA_trainSet,False,1,4000,5,exp1_permuted_src_datasets
324,32.399414596,3.0,1739097133.6644871,,1.3734838962554932,1.0,0.001,1,16,40x40,MatchingNetwork,5,5,Egyptian,miniImageNet_SOTA_trainSet,False,1,4000,5,exp1_permuted_src_datasets
325,32.409974421,3.0,1739097133.6750803,,1.374057650566101,1.0,0.001,1,16,40x40,MatchingNetwork,5,5,Egyptian,miniImageNet_SOTA_trainSet,False,1,4000,5,exp1_permuted_src_datasets
326,32.424386017,3.0,1739097133.6894495,,1.3698300123214722,1.0,0.001,1,16,40x40,MatchingNetwork,5,5,Egyptian,miniImageNet_SOTA_trainSet,False,1,4000,5,exp1_permuted_src_datasets
327,32.435721136,3.0,1739097133.700788,,1.4276620149612427,1.0,0.001,1,16,40x40,MatchingNetwork,5,5,Egyptian,miniImageNet_SOTA_trainSet,False,1,4000,5,exp1_permuted_src_datasets
328,32.447047918,3.0,1739097133.7121458,,1.3762738704681396,1.0,0.001,1,16,40x40,MatchingNetwork,5,5,Egyptian,miniImageNet_SOTA_trainSet,False,1,4000,5,exp1_permuted_src_datasets
329,32.469398869,3.0,1739097133.7344322,,1.3781869411468506,1.0,0.001,1,16,40x40,MatchingNetwork,5,5,Egyptian,miniImageNet_SOTA_trainSet,False,1,4000,5,exp1_permuted_src_datasets
330,32.487272743,3.0,1739097133.7523599,,1.3705142736434937,1.0,0.001,1,16,40x40,MatchingNetwork,5,5,Egyptian,miniImageNet_SOTA_trainSet,False,1,4000,5,exp1_permuted_src_datasets
331,32.508922661,3.0,1739097133.773905,,1.3718727827072144,1.0,0.001,1,16,40x40,MatchingNetwork,5,5,Egyptian,miniImageNet_SOTA_trainSet,False,1,4000,5,exp1_permuted_src_datasets
332,32.529290259,3.0,1739097133.7943068,,1.3720545768737793,1.0,0.001,1,16,40x40,MatchingNetwork,5,5,Egyptian,miniImageNet_SOTA_trainSet,False,1,4000,5,exp1_permuted_src_datasets
333,32.545656869,3.0,1739097133.8107133,,1.3727433681488037,1.0,0.001,1,16,40x40,MatchingNetwork,5,5,Egyptian,miniImageNet_SOTA_trainSet,False,1,4000,5,exp1_permuted_src_datasets
334,32.561717159,3.0,1739097133.8267817,,1.379326343536377,1.0,0.001,1,16,40x40,MatchingNetwork,5,5,Egyptian,miniImageNet_SOTA_trainSet,False,1,4000,5,exp1_permuted_src_datasets
335,32.573804647,3.0,1739097133.8388824,,1.3739871978759766,1.0,0.001,1,16,40x40,MatchingNetwork,5,5,Egyptian,miniImageNet_SOTA_trainSet,False,1,4000,5,exp1_permuted_src_datasets
336,32.590983242,3.0,1739097133.8559654,,1.3728564977645874,1.0,0.001,1,16,40x40,MatchingNetwork,5,5,Egyptian,miniImageNet_SOTA_trainSet,False,1,4000,5,exp1_permuted_src_datasets
337,32.611041852,3.0,1739097133.8761182,,1.3748458623886108,1.0,0.001,1,16,40x40,MatchingNetwork,5,5,Egyptian,miniImageNet_SOTA_trainSet,False,1,4000,5,exp1_permuted_src_datasets
338,32.627159758,3.0,1739097133.8921976,,1.3731801509857178,1.0,0.001,1,16,40x40,MatchingNetwork,5,5,Egyptian,miniImageNet_SOTA_trainSet,False,1,4000,5,exp1_permuted_src_datasets
339,32.644527372,3.0,1739097133.9095786,,1.370461344718933,1.0,0.001,1,16,40x40,MatchingNetwork,5,5,Egyptian,miniImageNet_SOTA_trainSet,False,1,4000,5,exp1_permuted_src_datasets
340,32.661752096,3.0,1739097133.926823,,1.3755055665969849,1.0,0.001,1,16,40x40,MatchingNetwork,5,5,Egyptian,miniImageNet_SOTA_trainSet,False,1,4000,5,exp1_permuted_src_datasets
341,32.680453261,3.0,1739097133.9454777,,1.3735549449920654,1.0,0.001,1,16,40x40,MatchingNetwork,5,5,Egyptian,miniImageNet_SOTA_trainSet,False,1,4000,5,exp1_permuted_src_datasets
342,32.695279891,3.0,1739097133.9604003,,1.377830982208252,1.0,0.001,1,16,40x40,MatchingNetwork,5,5,Egyptian,miniImageNet_SOTA_trainSet,False,1,4000,5,exp1_permuted_src_datasets
343,32.716172184,3.0,1739097133.9811566,,1.3765009641647339,1.0,0.001,1,16,40x40,MatchingNetwork,5,5,Egyptian,miniImageNet_SOTA_trainSet,False,1,4000,5,exp1_permuted_src_datasets
344,32.73363495,3.0,1739097133.9972415,,1.3743183612823486,1.0,0.001,1,16,40x40,MatchingNetwork,5,5,Egyptian,miniImageNet_SOTA_trainSet,False,1,4000,5,exp1_permuted_src_datasets
345,32.754303936,3.0,1739097134.0193782,,1.3735073804855347,1.0,0.001,1,16,40x40,MatchingNetwork,5,5,Egyptian,miniImageNet_SOTA_trainSet,False,1,4000,5,exp1_permuted_src_datasets
346,32.773882268,3.0,1739097134.0389504,,1.3729429244995117,1.0,0.001,1,16,40x40,MatchingNetwork,5,5,Egyptian,miniImageNet_SOTA_trainSet,False,1,4000,5,exp1_permuted_src_datasets
347,32.792944011,3.0,1739097134.0579808,,1.3756755590438843,1.0,0.001,1,16,40x40,MatchingNetwork,5,5,Egyptian,miniImageNet_SOTA_trainSet,False,1,4000,5,exp1_permuted_src_datasets
348,32.806055864,3.0,1739097134.0711467,,1.3691068887710571,1.0,0.001,1,16,40x40,MatchingNetwork,5,5,Egyptian,miniImageNet_SOTA_trainSet,False,1,4000,5,exp1_permuted_src_datasets
349,32.822958473,3.0,1739097134.0879722,,1.3693912029266357,1.0,0.001,1,16,40x40,MatchingNetwork,5,5,Egyptian,miniImageNet_SOTA_trainSet,False,1,4000,5,exp1_permuted_src_datasets
350,32.839514298,3.0,1739097134.1045763,,1.372644305229187,1.0,0.001,1,16,40x40,MatchingNetwork,5,5,Egyptian,miniImageNet_SOTA_trainSet,False,1,4000,5,exp1_permuted_src_datasets
351,32.854292738,3.0,1739097134.119423,,1.4294960498809814,0.9375,0.001,1,16,40x40,MatchingNetwork,5,5,Egyptian,miniImageNet_SOTA_trainSet,False,1,4000,5,exp1_permuted_src_datasets
352,32.870048118,3.0,1739097134.1350908,,1.3739277124404907,1.0,0.001,1,16,40x40,MatchingNetwork,5,5,Egyptian,miniImageNet_SOTA_trainSet,False,1,4000,5,exp1_permuted_src_datasets
353,32.884105635,3.0,1739097134.1492157,,1.4280204772949219,1.0,0.001,1,16,40x40,MatchingNetwork,5,5,Egyptian,miniImageNet_SOTA_trainSet,False,1,4000,5,exp1_permuted_src_datasets
354,32.903001652,3.0,1739097134.1679547,,1.3760846853256226,1.0,0.001,1,16,40x40,MatchingNetwork,5,5,Egyptian,miniImageNet_SOTA_trainSet,False,1,4000,5,exp1_permuted_src_datasets
355,32.919093468,3.0,1739097134.1841712,,1.3719062805175781,1.0,0.001,1,16,40x40,MatchingNetwork,5,5,Egyptian,miniImageNet_SOTA_trainSet,False,1,4000,5,exp1_permuted_src_datasets
356,32.936141895,3.0,1739097134.2011728,,1.3731448650360107,1.0,0.001,1,16,40x40,MatchingNetwork,5,5,Egyptian,miniImageNet_SOTA_trainSet,False,1,4000,5,exp1_permuted_src_datasets
357,32.952498693,3.0,1739097134.2174902,,1.3760539293289185,1.0,0.001,1,16,40x40,MatchingNetwork,5,5,Egyptian,miniImageNet_SOTA_trainSet,False,1,4000,5,exp1_permuted_src_datasets
358,32.966745305,3.0,1739097134.231808,,1.3746927976608276,1.0,0.001,1,16,40x40,MatchingNetwork,5,5,Egyptian,miniImageNet_SOTA_trainSet,False,1,4000,5,exp1_permuted_src_datasets
359,32.985819304,3.0,1739097134.2508821,,1.376880168914795,1.0,0.001,1,16,40x40,MatchingNetwork,5,5,Egyptian,miniImageNet_SOTA_trainSet,False,1,4000,5,exp1_permuted_src_datasets
360,33.003364932,3.0,1739097134.2684174,,1.3714756965637207,1.0,0.001,1,16,40x40,MatchingNetwork,5,5,Egyptian,miniImageNet_SOTA_trainSet,False,1,4000,5,exp1_permuted_src_datasets
361,33.02149885,3.0,1739097134.2865644,,1.3721104860305786,1.0,0.001,1,16,40x40,MatchingNetwork,5,5,Egyptian,miniImageNet_SOTA_trainSet,False,1,4000,5,exp1_permuted_src_datasets
362,33.038818195,3.0,1739097134.3038528,,1.375404953956604,1.0,0.001,1,16,40x40,MatchingNetwork,5,5,Egyptian,miniImageNet_SOTA_trainSet,False,1,4000,5,exp1_permuted_src_datasets
363,33.061016552,3.0,1739097134.3260512,,1.3696503639221191,1.0,0.001,1,16,40x40,MatchingNetwork,5,5,Egyptian,miniImageNet_SOTA_trainSet,False,1,4000,5,exp1_permuted_src_datasets
364,33.079436357,3.0,1739097134.3445258,,1.3705533742904663,1.0,0.001,1,16,40x40,MatchingNetwork,5,5,Egyptian,miniImageNet_SOTA_trainSet,False,1,4000,5,exp1_permuted_src_datasets
365,33.095619704,3.0,1739097134.3606992,,1.3704862594604492,1.0,0.001,1,16,40x40,MatchingNetwork,5,5,Egyptian,miniImageNet_SOTA_trainSet,False,1,4000,5,exp1_permuted_src_datasets
366,33.108122691,3.0,1739097134.3732057,,1.372963786125183,1.0,0.001,1,16,40x40,MatchingNetwork,5,5,Egyptian,miniImageNet_SOTA_trainSet,False,1,4000,5,exp1_permuted_src_datasets
367,33.126021278,3.0,1739097134.3910034,,1.3739066123962402,1.0,0.001,1,16,40x40,MatchingNetwork,5,5,Egyptian,miniImageNet_SOTA_trainSet,False,1,4000,5,exp1_permuted_src_datasets
368,33.149337291,3.0,1739097134.4143739,,1.3720574378967285,1.0,0.001,1,16,40x40,MatchingNetwork,5,5,Egyptian,miniImageNet_SOTA_trainSet,False,1,4000,5,exp1_permuted_src_datasets
369,33.168637958,3.0,1739097134.4336424,,1.3715083599090576,1.0,0.001,1,16,40x40,MatchingNetwork,5,5,Egyptian,miniImageNet_SOTA_trainSet,False,1,4000,5,exp1_permuted_src_datasets
370,33.180190035,3.0,1739097134.4452887,,1.3694342374801636,1.0,0.001,1,16,40x40,MatchingNetwork,5,5,Egyptian,miniImageNet_SOTA_trainSet,False,1,4000,5,exp1_permuted_src_datasets
371,33.19342907,3.0,1739097134.4585075,,1.4289608001708984,0.9375,0.001,1,16,40x40,MatchingNetwork,5,5,Egyptian,miniImageNet_SOTA_trainSet,False,1,4000,5,exp1_permuted_src_datasets
372,33.208376307,3.0,1739097134.4734259,,1.37800931930542,1.0,0.001,1,16,40x40,MatchingNetwork,5,5,Egyptian,miniImageNet_SOTA_trainSet,False,1,4000,5,exp1_permuted_src_datasets
373,33.222513083,3.0,1739097134.4876223,,1.3719277381896973,1.0,0.001,1,16,40x40,MatchingNetwork,5,5,Egyptian,miniImageNet_SOTA_trainSet,False,1,4000,5,exp1_permuted_src_datasets
374,33.243502053,3.0,1739097134.5085912,,1.3730099201202393,1.0,0.001,1,16,40x40,MatchingNetwork,5,5,Egyptian,miniImageNet_SOTA_trainSet,False,1,4000,5,exp1_permuted_src_datasets
375,33.264005921,3.0,1739097134.5289204,,1.3718945980072021,1.0,0.001,1,16,40x40,MatchingNetwork,5,5,Egyptian,miniImageNet_SOTA_trainSet,False,1,4000,5,exp1_permuted_src_datasets
376,33.276850647,3.0,1739097134.5419402,,1.3743977546691895,1.0,0.001,1,16,40x40,MatchingNetwork,5,5,Egyptian,miniImageNet_SOTA_trainSet,False,1,4000,5,exp1_permuted_src_datasets
377,33.292039469,3.0,1739097134.5571518,,1.3762023448944092,1.0,0.001,1,16,40x40,MatchingNetwork,5,5,Egyptian,miniImageNet_SOTA_trainSet,False,1,4000,5,exp1_permuted_src_datasets
378,33.309858215,3.0,1739097134.5748992,,1.3726282119750977,1.0,0.001,1,16,40x40,MatchingNetwork,5,5,Egyptian,miniImageNet_SOTA_trainSet,False,1,4000,5,exp1_permuted_src_datasets
379,33.32651136,3.0,1739097134.591563,,1.3725275993347168,1.0,0.001,1,16,40x40,MatchingNetwork,5,5,Egyptian,miniImageNet_SOTA_trainSet,False,1,4000,5,exp1_permuted_src_datasets
380,33.344847628,3.0,1739097134.6098633,,1.3761649131774902,1.0,0.001,1,16,40x40,MatchingNetwork,5,5,Egyptian,miniImageNet_SOTA_trainSet,False,1,4000,5,exp1_permuted_src_datasets
381,36.721331106,3.0,1739097137.986489,0.383,,,0.001,1,16,40x40,MatchingNetwork,5,5,Egyptian,miniImageNet_SOTA_trainSet,False,1,4000,5,exp1_permuted_src_datasets
382,36.941115954,4.0,1739097138.2062206,,,,0.001,1,16,40x40,MatchingNetwork,5,5,Egyptian,miniImageNet_SOTA_trainSet,False,1,4000,5,exp1_permuted_src_datasets
383,40.05392901,4.0,1739097141.3190506,0.4155,,,0.001,1,16,40x40,MatchingNetwork,5,5,Egyptian,miniImageNet_SOTA_trainSet,False,1,4000,5,exp1_permuted_src_datasets
384,40.063481868,4.0,1739097141.3284776,,1.4879258871078491,0.9375,0.001,1,16,40x40,MatchingNetwork,5,5,Egyptian,miniImageNet_SOTA_trainSet,False,1,4000,5,exp1_permuted_src_datasets
385,40.075469984,4.0,1739097141.3404505,,1.496924638748169,0.875,0.001,1,16,40x40,MatchingNetwork,5,5,Egyptian,miniImageNet_SOTA_trainSet,False,1,4000,5,exp1_permuted_src_datasets
386,40.087698379,4.0,1739097141.3527157,,1.4069836139678955,1.0,0.001,1,16,40x40,MatchingNetwork,5,5,Egyptian,miniImageNet_SOTA_trainSet,False,1,4000,5,exp1_permuted_src_datasets
387,40.099547208,4.0,1739097141.3645678,,1.447047472000122,0.9375,0.001,1,16,40x40,MatchingNetwork,5,5,Egyptian,miniImageNet_SOTA_trainSet,False,1,4000,5,exp1_permuted_src_datasets
388,40.114182427,4.0,1739097141.3792427,,1.4809626340866089,0.875,0.001,1,16,40x40,MatchingNetwork,5,5,Egyptian,miniImageNet_SOTA_trainSet,False,1,4000,5,exp1_permuted_src_datasets
389,40.134877213,4.0,1739097141.3998315,,1.4408884048461914,0.9375,0.001,1,16,40x40,MatchingNetwork,5,5,Egyptian,miniImageNet_SOTA_trainSet,False,1,4000,5,exp1_permuted_src_datasets
390,40.146033394,4.0,1739097141.4111176,,1.4957327842712402,0.875,0.001,1,16,40x40,MatchingNetwork,5,5,Egyptian,miniImageNet_SOTA_trainSet,False,1,4000,5,exp1_permuted_src_datasets
391,40.169413261,4.0,1739097141.434373,,1.4398293495178223,0.5,0.001,1,16,40x40,MatchingNetwork,5,5,Egyptian,miniImageNet_SOTA_trainSet,False,1,4000,5,exp1_permuted_src_datasets
392,40.190169993,4.0,1739097141.4550676,,1.4195232391357422,1.0,0.001,1,16,40x40,MatchingNetwork,5,5,Egyptian,miniImageNet_SOTA_trainSet,False,1,4000,5,exp1_permuted_src_datasets
393,40.21222683,4.0,1739097141.4772022,,1.446438193321228,0.9375,0.001,1,16,40x40,MatchingNetwork,5,5,Egyptian,miniImageNet_SOTA_trainSet,False,1,4000,5,exp1_permuted_src_datasets
394,40.235358603,4.0,1739097141.5003219,,1.520093560218811,0.625,0.001,1,16,40x40,MatchingNetwork,5,5,Egyptian,miniImageNet_SOTA_trainSet,False,1,4000,5,exp1_permuted_src_datasets
395,40.258180509,4.0,1739097141.5228255,,1.483223557472229,0.6875,0.001,1,16,40x40,MatchingNetwork,5,5,Egyptian,miniImageNet_SOTA_trainSet,False,1,4000,5,exp1_permuted_src_datasets
396,40.275143996,4.0,1739097141.5400639,,1.3964301347732544,1.0,0.001,1,16,40x40,MatchingNetwork,5,5,Egyptian,miniImageNet_SOTA_trainSet,False,1,4000,5,exp1_permuted_src_datasets
397,40.28744313,4.0,1739097141.552365,,1.4439889192581177,0.9375,0.001,1,16,40x40,MatchingNetwork,5,5,Egyptian,miniImageNet_SOTA_trainSet,False,1,4000,5,exp1_permuted_src_datasets
398,40.299186248,4.0,1739097141.5640707,,1.398762822151184,1.0,0.001,1,16,40x40,MatchingNetwork,5,5,Egyptian,miniImageNet_SOTA_trainSet,False,1,4000,5,exp1_permuted_src_datasets
399,40.311189204,4.0,1739097141.5761113,,1.394918441772461,1.0,0.001,1,16,40x40,MatchingNetwork,5,5,Egyptian,miniImageNet_SOTA_trainSet,False,1,4000,5,exp1_permuted_src_datasets
400,40.323076055,4.0,1739097141.5880144,,1.3785340785980225,1.0,0.001,1,16,40x40,MatchingNetwork,5,5,Egyptian,miniImageNet_SOTA_trainSet,False,1,4000,5,exp1_permuted_src_datasets
401,40.335605747,4.0,1739097141.6005182,,1.3809915781021118,1.0,0.001,1,16,40x40,MatchingNetwork,5,5,Egyptian,miniImageNet_SOTA_trainSet,False,1,4000,5,exp1_permuted_src_datasets
402,40.358147745,4.0,1739097141.6230628,,1.4397183656692505,0.6875,0.001,1,16,40x40,MatchingNetwork,5,5,Egyptian,miniImageNet_SOTA_trainSet,False,1,4000,5,exp1_permuted_src_datasets
403,40.380793228,4.0,1739097141.6456697,,1.3820778131484985,1.0,0.001,1,16,40x40,MatchingNetwork,5,5,Egyptian,miniImageNet_SOTA_trainSet,False,1,4000,5,exp1_permuted_src_datasets
404,40.40587733,4.0,1739097141.6708674,,1.509009599685669,0.8125,0.001,1,16,40x40,MatchingNetwork,5,5,Egyptian,miniImageNet_SOTA_trainSet,False,1,4000,5,exp1_permuted_src_datasets
405,40.448900576,4.0,1739097141.6957798,,1.384306788444519,1.0,0.001,1,16,40x40,MatchingNetwork,5,5,Egyptian,miniImageNet_SOTA_trainSet,False,1,4000,5,exp1_permuted_src_datasets
406,40.44892451,4.0,1739097141.7094333,,1.4276798963546753,0.9375,0.001,1,16,40x40,MatchingNetwork,5,5,Egyptian,miniImageNet_SOTA_trainSet,False,1,4000,5,exp1_permuted_src_datasets
407,40.463354456,4.0,1739097141.7283194,,1.420945405960083,0.75,0.001,1,16,40x40,MatchingNetwork,5,5,Egyptian,miniImageNet_SOTA_trainSet,False,1,4000,5,exp1_permuted_src_datasets
408,40.482934437,4.0,1739097141.747758,,1.381198525428772,1.0,0.001,1,16,40x40,MatchingNetwork,5,5,Egyptian,miniImageNet_SOTA_trainSet,False,1,4000,5,exp1_permuted_src_datasets
409,40.497466578,4.0,1739097141.762473,,1.434524416923523,0.5625,0.001,1,16,40x40,MatchingNetwork,5,5,Egyptian,miniImageNet_SOTA_trainSet,False,1,4000,5,exp1_permuted_src_datasets
410,40.50864994,4.0,1739097141.7736595,,1.4316234588623047,0.8125,0.001,1,16,40x40,MatchingNetwork,5,5,Egyptian,miniImageNet_SOTA_trainSet,False,1,4000,5,exp1_permuted_src_datasets
411,40.522702201,4.0,1739097141.7876024,,1.480047345161438,0.4375,0.001,1,16,40x40,MatchingNetwork,5,5,Egyptian,miniImageNet_SOTA_trainSet,False,1,4000,5,exp1_permuted_src_datasets
412,40.542611133,4.0,1739097141.8075638,,1.3847684860229492,1.0,0.001,1,16,40x40,MatchingNetwork,5,5,Egyptian,miniImageNet_SOTA_trainSet,False,1,4000,5,exp1_permuted_src_datasets
413,40.562570144,4.0,1739097141.8274486,,1.380132794380188,1.0,0.001,1,16,40x40,MatchingNetwork,5,5,Egyptian,miniImageNet_SOTA_trainSet,False,1,4000,5,exp1_permuted_src_datasets
414,40.584062825,4.0,1739097141.8489764,,1.3927922248840332,0.9375,0.001,1,16,40x40,MatchingNetwork,5,5,Egyptian,miniImageNet_SOTA_trainSet,False,1,4000,5,exp1_permuted_src_datasets
415,40.603252724,4.0,1739097141.8681474,,1.4098103046417236,0.875,0.001,1,16,40x40,MatchingNetwork,5,5,Egyptian,miniImageNet_SOTA_trainSet,False,1,4000,5,exp1_permuted_src_datasets
416,40.615769761,4.0,1739097141.880714,,1.3956968784332275,0.9375,0.001,1,16,40x40,MatchingNetwork,5,5,Egyptian,miniImageNet_SOTA_trainSet,False,1,4000,5,exp1_permuted_src_datasets
417,40.627343327,4.0,1739097141.8922381,,1.3807909488677979,1.0,0.001,1,16,40x40,MatchingNetwork,5,5,Egyptian,miniImageNet_SOTA_trainSet,False,1,4000,5,exp1_permuted_src_datasets
418,40.64886869,4.0,1739097141.9136734,,1.3820559978485107,1.0,0.001,1,16,40x40,MatchingNetwork,5,5,Egyptian,miniImageNet_SOTA_trainSet,False,1,4000,5,exp1_permuted_src_datasets
419,40.669019097,4.0,1739097141.9340067,,1.3865015506744385,1.0,0.001,1,16,40x40,MatchingNetwork,5,5,Egyptian,miniImageNet_SOTA_trainSet,False,1,4000,5,exp1_permuted_src_datasets
420,40.682656679,4.0,1739097141.947677,,1.435768723487854,0.8125,0.001,1,16,40x40,MatchingNetwork,5,5,Egyptian,miniImageNet_SOTA_trainSet,False,1,4000,5,exp1_permuted_src_datasets
421,40.703366138,4.0,1739097141.9683247,,1.3870702981948853,1.0,0.001,1,16,40x40,MatchingNetwork,5,5,Egyptian,miniImageNet_SOTA_trainSet,False,1,4000,5,exp1_permuted_src_datasets
422,40.714800467,4.0,1739097141.9798224,,1.4257473945617676,0.8125,0.001,1,16,40x40,MatchingNetwork,5,5,Egyptian,miniImageNet_SOTA_trainSet,False,1,4000,5,exp1_permuted_src_datasets
423,40.726360484,4.0,1739097141.991311,,1.4385251998901367,0.625,0.001,1,16,40x40,MatchingNetwork,5,5,Egyptian,miniImageNet_SOTA_trainSet,False,1,4000,5,exp1_permuted_src_datasets
424,40.739076917,4.0,1739097142.00404,,1.4082175493240356,0.875,0.001,1,16,40x40,MatchingNetwork,5,5,Egyptian,miniImageNet_SOTA_trainSet,False,1,4000,5,exp1_permuted_src_datasets
425,40.751699641,4.0,1739097142.0166588,,1.4854007959365845,0.4375,0.001,1,16,40x40,MatchingNetwork,5,5,Egyptian,miniImageNet_SOTA_trainSet,False,1,4000,5,exp1_permuted_src_datasets
426,40.763297869,4.0,1739097142.0282702,,1.454379916191101,0.875,0.001,1,16,40x40,MatchingNetwork,5,5,Egyptian,miniImageNet_SOTA_trainSet,False,1,4000,5,exp1_permuted_src_datasets
427,40.776085031,4.0,1739097142.0410595,,1.378700613975525,1.0,0.001,1,16,40x40,MatchingNetwork,5,5,Egyptian,miniImageNet_SOTA_trainSet,False,1,4000,5,exp1_permuted_src_datasets
428,40.793007022,4.0,1739097142.0579207,,1.3844671249389648,1.0,0.001,1,16,40x40,MatchingNetwork,5,5,Egyptian,miniImageNet_SOTA_trainSet,False,1,4000,5,exp1_permuted_src_datasets
429,40.805921361,4.0,1739097142.0707855,,1.3837569952011108,1.0,0.001,1,16,40x40,MatchingNetwork,5,5,Egyptian,miniImageNet_SOTA_trainSet,False,1,4000,5,exp1_permuted_src_datasets
430,40.825176313,4.0,1739097142.090045,,1.378870964050293,1.0,0.001,1,16,40x40,MatchingNetwork,5,5,Egyptian,miniImageNet_SOTA_trainSet,False,1,4000,5,exp1_permuted_src_datasets
431,40.840461691,4.0,1739097142.1053681,,1.4311238527297974,0.9375,0.001,1,16,40x40,MatchingNetwork,5,5,Egyptian,miniImageNet_SOTA_trainSet,False,1,4000,5,exp1_permuted_src_datasets
432,40.852417248,4.0,1739097142.1173832,,1.37838876247406,1.0,0.001,1,16,40x40,MatchingNetwork,5,5,Egyptian,miniImageNet_SOTA_trainSet,False,1,4000,5,exp1_permuted_src_datasets
433,40.868610306,4.0,1739097142.1334803,,1.3766220808029175,1.0,0.001,1,16,40x40,MatchingNetwork,5,5,Egyptian,miniImageNet_SOTA_trainSet,False,1,4000,5,exp1_permuted_src_datasets
434,40.884581573,4.0,1739097142.1494818,,1.385006070137024,0.9375,0.001,1,16,40x40,MatchingNetwork,5,5,Egyptian,miniImageNet_SOTA_trainSet,False,1,4000,5,exp1_permuted_src_datasets
435,40.904532044,4.0,1739097142.1694582,,1.4573116302490234,0.9375,0.001,1,16,40x40,MatchingNetwork,5,5,Egyptian,miniImageNet_SOTA_trainSet,False,1,4000,5,exp1_permuted_src_datasets
436,40.920479659,4.0,1739097142.1855044,,1.3796857595443726,1.0,0.001,1,16,40x40,MatchingNetwork,5,5,Egyptian,miniImageNet_SOTA_trainSet,False,1,4000,5,exp1_permuted_src_datasets
437,40.944845394,4.0,1739097142.2096653,,1.3724546432495117,1.0,0.001,1,16,40x40,MatchingNetwork,5,5,Egyptian,miniImageNet_SOTA_trainSet,False,1,4000,5,exp1_permuted_src_datasets
438,40.968428616,4.0,1739097142.2332575,,1.3783793449401855,1.0,0.001,1,16,40x40,MatchingNetwork,5,5,Egyptian,miniImageNet_SOTA_trainSet,False,1,4000,5,exp1_permuted_src_datasets
439,40.992468259,4.0,1739097142.2571518,,1.3771058320999146,1.0,0.001,1,16,40x40,MatchingNetwork,5,5,Egyptian,miniImageNet_SOTA_trainSet,False,1,4000,5,exp1_permuted_src_datasets
440,41.013911081,4.0,1739097142.2787645,,1.3770657777786255,1.0,0.001,1,16,40x40,MatchingNetwork,5,5,Egyptian,miniImageNet_SOTA_trainSet,False,1,4000,5,exp1_permuted_src_datasets
441,41.028504857,4.0,1739097142.2933943,,1.3746861219406128,1.0,0.001,1,16,40x40,MatchingNetwork,5,5,Egyptian,miniImageNet_SOTA_trainSet,False,1,4000,5,exp1_permuted_src_datasets
442,41.051516529,4.0,1739097142.3162115,,1.3778200149536133,1.0,0.001,1,16,40x40,MatchingNetwork,5,5,Egyptian,miniImageNet_SOTA_trainSet,False,1,4000,5,exp1_permuted_src_datasets
443,41.065724526,4.0,1739097142.330559,,1.3801058530807495,1.0,0.001,1,16,40x40,MatchingNetwork,5,5,Egyptian,miniImageNet_SOTA_trainSet,False,1,4000,5,exp1_permuted_src_datasets
444,41.084588238,4.0,1739097142.3494513,,1.3708351850509644,1.0,0.001,1,16,40x40,MatchingNetwork,5,5,Egyptian,miniImageNet_SOTA_trainSet,False,1,4000,5,exp1_permuted_src_datasets
445,41.102306419,4.0,1739097142.3671873,,1.373707890510559,1.0,0.001,1,16,40x40,MatchingNetwork,5,5,Egyptian,miniImageNet_SOTA_trainSet,False,1,4000,5,exp1_permuted_src_datasets
446,44.617062961,4.0,1739097145.8822117,0.367,,,0.001,1,16,40x40,MatchingNetwork,5,5,Egyptian,miniImageNet_SOTA_trainSet,False,1,4000,5,exp1_permuted_src_datasets
447,44.636348516,4.0,1739097145.9013765,,1.3715367317199707,1.0,0.001,1,16,40x40,MatchingNetwork,5,5,Egyptian,miniImageNet_SOTA_trainSet,False,1,4000,5,exp1_permuted_src_datasets
448,44.647732907,4.0,1739097145.9128628,,1.376086950302124,1.0,0.001,1,16,40x40,MatchingNetwork,5,5,Egyptian,miniImageNet_SOTA_trainSet,False,1,4000,5,exp1_permuted_src_datasets
449,44.666018237,4.0,1739097145.9311202,,1.4304383993148804,1.0,0.001,1,16,40x40,MatchingNetwork,5,5,Egyptian,miniImageNet_SOTA_trainSet,False,1,4000,5,exp1_permuted_src_datasets
450,44.684959664,4.0,1739097145.949994,,1.432586431503296,0.875,0.001,1,16,40x40,MatchingNetwork,5,5,Egyptian,miniImageNet_SOTA_trainSet,False,1,4000,5,exp1_permuted_src_datasets
451,44.703514784,4.0,1739097145.968575,,1.3703869581222534,1.0,0.001,1,16,40x40,MatchingNetwork,5,5,Egyptian,miniImageNet_SOTA_trainSet,False,1,4000,5,exp1_permuted_src_datasets
452,44.725762091,4.0,1739097145.9907665,,1.3765792846679688,1.0,0.001,1,16,40x40,MatchingNetwork,5,5,Egyptian,miniImageNet_SOTA_trainSet,False,1,4000,5,exp1_permuted_src_datasets
453,44.740863394,4.0,1739097146.005906,,1.3702088594436646,1.0,0.001,1,16,40x40,MatchingNetwork,5,5,Egyptian,miniImageNet_SOTA_trainSet,False,1,4000,5,exp1_permuted_src_datasets
454,44.757902014,4.0,1739097146.0229862,,1.3766974210739136,1.0,0.001,1,16,40x40,MatchingNetwork,5,5,Egyptian,miniImageNet_SOTA_trainSet,False,1,4000,5,exp1_permuted_src_datasets
455,44.776256795,4.0,1739097146.0413237,,1.432645559310913,0.75,0.001,1,16,40x40,MatchingNetwork,5,5,Egyptian,miniImageNet_SOTA_trainSet,False,1,4000,5,exp1_permuted_src_datasets
456,44.793190156,4.0,1739097146.0582259,,1.3785276412963867,1.0,0.001,1,16,40x40,MatchingNetwork,5,5,Egyptian,miniImageNet_SOTA_trainSet,False,1,4000,5,exp1_permuted_src_datasets
457,44.80762635,4.0,1739097146.072709,,1.373390793800354,1.0,0.001,1,16,40x40,MatchingNetwork,5,5,Egyptian,miniImageNet_SOTA_trainSet,False,1,4000,5,exp1_permuted_src_datasets
458,44.821382547,4.0,1739097146.086481,,1.371741771697998,1.0,0.001,1,16,40x40,MatchingNetwork,5,5,Egyptian,miniImageNet_SOTA_trainSet,False,1,4000,5,exp1_permuted_src_datasets
459,44.840440693,4.0,1739097146.1054475,,1.3744335174560547,1.0,0.001,1,16,40x40,MatchingNetwork,5,5,Egyptian,miniImageNet_SOTA_trainSet,False,1,4000,5,exp1_permuted_src_datasets
460,44.856198508,4.0,1739097146.1212418,,1.3752222061157227,1.0,0.001,1,16,40x40,MatchingNetwork,5,5,Egyptian,miniImageNet_SOTA_trainSet,False,1,4000,5,exp1_permuted_src_datasets
461,44.874656736,4.0,1739097146.1397612,,1.3770298957824707,1.0,0.001,1,16,40x40,MatchingNetwork,5,5,Egyptian,miniImageNet_SOTA_trainSet,False,1,4000,5,exp1_permuted_src_datasets
462,44.895335788,4.0,1739097146.1602938,,1.3735978603363037,1.0,0.001,1,16,40x40,MatchingNetwork,5,5,Egyptian,miniImageNet_SOTA_trainSet,False,1,4000,5,exp1_permuted_src_datasets
463,44.911138724,4.0,1739097146.1762433,,1.3761489391326904,1.0,0.001,1,16,40x40,MatchingNetwork,5,5,Egyptian,miniImageNet_SOTA_trainSet,False,1,4000,5,exp1_permuted_src_datasets
464,44.920784834,4.0,1739097146.1858964,,1.3751323223114014,1.0,0.001,1,16,40x40,MatchingNetwork,5,5,Egyptian,miniImageNet_SOTA_trainSet,False,1,4000,5,exp1_permuted_src_datasets
465,44.934281943,4.0,1739097146.1994057,,1.3776627779006958,1.0,0.001,1,16,40x40,MatchingNetwork,5,5,Egyptian,miniImageNet_SOTA_trainSet,False,1,4000,5,exp1_permuted_src_datasets
466,44.947655491,4.0,1739097146.2127156,,1.375960111618042,1.0,0.001,1,16,40x40,MatchingNetwork,5,5,Egyptian,miniImageNet_SOTA_trainSet,False,1,4000,5,exp1_permuted_src_datasets
467,44.965454255,4.0,1739097146.2305112,,1.3731111288070679,1.0,0.001,1,16,40x40,MatchingNetwork,5,5,Egyptian,miniImageNet_SOTA_trainSet,False,1,4000,5,exp1_permuted_src_datasets
468,44.981129306,4.0,1739097146.2461429,,1.373659610748291,1.0,0.001,1,16,40x40,MatchingNetwork,5,5,Egyptian,miniImageNet_SOTA_trainSet,False,1,4000,5,exp1_permuted_src_datasets
469,45.000049751,4.0,1739097146.26499,,1.372405767440796,1.0,0.001,1,16,40x40,MatchingNetwork,5,5,Egyptian,miniImageNet_SOTA_trainSet,False,1,4000,5,exp1_permuted_src_datasets
470,45.016821459,4.0,1739097146.281835,,1.3711304664611816,1.0,0.001,1,16,40x40,MatchingNetwork,5,5,Egyptian,miniImageNet_SOTA_trainSet,False,1,4000,5,exp1_permuted_src_datasets
471,45.030537691,4.0,1739097146.295647,,1.3764797449111938,1.0,0.001,1,16,40x40,MatchingNetwork,5,5,Egyptian,miniImageNet_SOTA_trainSet,False,1,4000,5,exp1_permuted_src_datasets
472,45.04213699,4.0,1739097146.3072534,,1.3711141347885132,1.0,0.001,1,16,40x40,MatchingNetwork,5,5,Egyptian,miniImageNet_SOTA_trainSet,False,1,4000,5,exp1_permuted_src_datasets
473,45.057879573,4.0,1739097146.3229477,,1.374595046043396,1.0,0.001,1,16,40x40,MatchingNetwork,5,5,Egyptian,miniImageNet_SOTA_trainSet,False,1,4000,5,exp1_permuted_src_datasets
474,45.069224681,4.0,1739097146.3343337,,1.376157283782959,1.0,0.001,1,16,40x40,MatchingNetwork,5,5,Egyptian,miniImageNet_SOTA_trainSet,False,1,4000,5,exp1_permuted_src_datasets
475,45.084440457,4.0,1739097146.349521,,1.3738691806793213,1.0,0.001,1,16,40x40,MatchingNetwork,5,5,Egyptian,miniImageNet_SOTA_trainSet,False,1,4000,5,exp1_permuted_src_datasets
476,45.097598491,4.0,1739097146.3626783,,1.3741037845611572,1.0,0.001,1,16,40x40,MatchingNetwork,5,5,Egyptian,miniImageNet_SOTA_trainSet,False,1,4000,5,exp1_permuted_src_datasets
477,45.112927238,4.0,1739097146.3779924,,1.4292728900909424,1.0,0.001,1,16,40x40,MatchingNetwork,5,5,Egyptian,miniImageNet_SOTA_trainSet,False,1,4000,5,exp1_permuted_src_datasets
478,45.123076272,4.0,1739097146.3882012,,1.3715202808380127,1.0,0.001,1,16,40x40,MatchingNetwork,5,5,Egyptian,miniImageNet_SOTA_trainSet,False,1,4000,5,exp1_permuted_src_datasets
479,45.137736392,4.0,1739097146.4027586,,1.3703240156173706,1.0,0.001,1,16,40x40,MatchingNetwork,5,5,Egyptian,miniImageNet_SOTA_trainSet,False,1,4000,5,exp1_permuted_src_datasets
480,45.150116221,4.0,1739097146.4152043,,1.3733735084533691,1.0,0.001,1,16,40x40,MatchingNetwork,5,5,Egyptian,miniImageNet_SOTA_trainSet,False,1,4000,5,exp1_permuted_src_datasets
481,45.166310312,4.0,1739097146.4314253,,1.3735216856002808,1.0,0.001,1,16,40x40,MatchingNetwork,5,5,Egyptian,miniImageNet_SOTA_trainSet,False,1,4000,5,exp1_permuted_src_datasets
482,45.185554998,4.0,1739097146.4505613,,1.3711506128311157,1.0,0.001,1,16,40x40,MatchingNetwork,5,5,Egyptian,miniImageNet_SOTA_trainSet,False,1,4000,5,exp1_permuted_src_datasets
483,45.200798359,4.0,1739097146.4658453,,1.3735488653182983,1.0,0.001,1,16,40x40,MatchingNetwork,5,5,Egyptian,miniImageNet_SOTA_trainSet,False,1,4000,5,exp1_permuted_src_datasets
484,45.211648249,4.0,1739097146.476728,,1.3742157220840454,1.0,0.001,1,16,40x40,MatchingNetwork,5,5,Egyptian,miniImageNet_SOTA_trainSet,False,1,4000,5,exp1_permuted_src_datasets
485,45.231676089,4.0,1739097146.496725,,1.3731369972229004,1.0,0.001,1,16,40x40,MatchingNetwork,5,5,Egyptian,miniImageNet_SOTA_trainSet,False,1,4000,5,exp1_permuted_src_datasets
486,45.250557604,4.0,1739097146.5156353,,1.4288884401321411,0.9375,0.001,1,16,40x40,MatchingNetwork,5,5,Egyptian,miniImageNet_SOTA_trainSet,False,1,4000,5,exp1_permuted_src_datasets
487,45.265418601,4.0,1739097146.530491,,1.3691413402557373,1.0,0.001,1,16,40x40,MatchingNetwork,5,5,Egyptian,miniImageNet_SOTA_trainSet,False,1,4000,5,exp1_permuted_src_datasets
488,45.275980586,4.0,1739097146.541086,,1.3735007047653198,1.0,0.001,1,16,40x40,MatchingNetwork,5,5,Egyptian,miniImageNet_SOTA_trainSet,False,1,4000,5,exp1_permuted_src_datasets
489,45.294903776,4.0,1739097146.559992,,1.4286645650863647,1.0,0.001,1,16,40x40,MatchingNetwork,5,5,Egyptian,miniImageNet_SOTA_trainSet,False,1,4000,5,exp1_permuted_src_datasets
490,45.310880149,4.0,1739097146.5759583,,1.3705129623413086,1.0,0.001,1,16,40x40,MatchingNetwork,5,5,Egyptian,miniImageNet_SOTA_trainSet,False,1,4000,5,exp1_permuted_src_datasets
491,45.326648475,4.0,1739097146.591698,,1.4332213401794434,0.875,0.001,1,16,40x40,MatchingNetwork,5,5,Egyptian,miniImageNet_SOTA_trainSet,False,1,4000,5,exp1_permuted_src_datasets
492,45.337633373,4.0,1739097146.602746,,1.3695704936981201,1.0,0.001,1,16,40x40,MatchingNetwork,5,5,Egyptian,miniImageNet_SOTA_trainSet,False,1,4000,5,exp1_permuted_src_datasets
493,45.352966991,4.0,1739097146.6180449,,1.3685928583145142,1.0,0.001,1,16,40x40,MatchingNetwork,5,5,Egyptian,miniImageNet_SOTA_trainSet,False,1,4000,5,exp1_permuted_src_datasets
494,45.365980175,4.0,1739097146.6310928,,1.3760299682617188,1.0,0.001,1,16,40x40,MatchingNetwork,5,5,Egyptian,miniImageNet_SOTA_trainSet,False,1,4000,5,exp1_permuted_src_datasets
495,45.386640497,4.0,1739097146.651704,,1.3720201253890991,1.0,0.001,1,16,40x40,MatchingNetwork,5,5,Egyptian,miniImageNet_SOTA_trainSet,False,1,4000,5,exp1_permuted_src_datasets
496,45.408907363,4.0,1739097146.673975,,1.3759651184082031,1.0,0.001,1,16,40x40,MatchingNetwork,5,5,Egyptian,miniImageNet_SOTA_trainSet,False,1,4000,5,exp1_permuted_src_datasets
497,45.426119395,4.0,1739097146.691174,,1.3714864253997803,1.0,0.001,1,16,40x40,MatchingNetwork,5,5,Egyptian,miniImageNet_SOTA_trainSet,False,1,4000,5,exp1_permuted_src_datasets
498,45.440224125,4.0,1739097146.705337,,1.3722150325775146,1.0,0.001,1,16,40x40,MatchingNetwork,5,5,Egyptian,miniImageNet_SOTA_trainSet,False,1,4000,5,exp1_permuted_src_datasets
499,45.458299816,4.0,1739097146.7233622,,1.3746354579925537,1.0,0.001,1,16,40x40,MatchingNetwork,5,5,Egyptian,miniImageNet_SOTA_trainSet,False,1,4000,5,exp1_permuted_src_datasets
500,45.478647191,4.0,1739097146.7436826,,1.3762151002883911,1.0,0.001,1,16,40x40,MatchingNetwork,5,5,Egyptian,miniImageNet_SOTA_trainSet,False,1,4000,5,exp1_permuted_src_datasets
501,45.490668614,4.0,1739097146.7556608,,1.3730120658874512,1.0,0.001,1,16,40x40,MatchingNetwork,5,5,Egyptian,miniImageNet_SOTA_trainSet,False,1,4000,5,exp1_permuted_src_datasets
502,45.506391902,4.0,1739097146.7714624,,1.3737173080444336,1.0,0.001,1,16,40x40,MatchingNetwork,5,5,Egyptian,miniImageNet_SOTA_trainSet,False,1,4000,5,exp1_permuted_src_datasets
503,45.526544435,4.0,1739097146.7915633,,1.3720635175704956,1.0,0.001,1,16,40x40,MatchingNetwork,5,5,Egyptian,miniImageNet_SOTA_trainSet,False,1,4000,5,exp1_permuted_src_datasets
504,45.546436016,4.0,1739097146.811473,,1.371941089630127,1.0,0.001,1,16,40x40,MatchingNetwork,5,5,Egyptian,miniImageNet_SOTA_trainSet,False,1,4000,5,exp1_permuted_src_datasets
505,45.571804345,4.0,1739097146.8364391,,1.3733808994293213,1.0,0.001,1,16,40x40,MatchingNetwork,5,5,Egyptian,miniImageNet_SOTA_trainSet,False,1,4000,5,exp1_permuted_src_datasets
506,45.58813397,4.0,1739097146.8531594,,1.3763222694396973,1.0,0.001,1,16,40x40,MatchingNetwork,5,5,Egyptian,miniImageNet_SOTA_trainSet,False,1,4000,5,exp1_permuted_src_datasets
507,45.63288707,4.0,1739097146.8718755,,1.3712717294692993,1.0,0.001,1,16,40x40,MatchingNetwork,5,5,Egyptian,miniImageNet_SOTA_trainSet,False,1,4000,5,exp1_permuted_src_datasets
508,45.632916855,4.0,1739097146.8877478,,1.3709933757781982,1.0,0.001,1,16,40x40,MatchingNetwork,5,5,Egyptian,miniImageNet_SOTA_trainSet,False,1,4000,5,exp1_permuted_src_datasets
509,49.146646799,4.0,1739097150.4117947,0.3865,,,0.001,1,16,40x40,MatchingNetwork,5,5,Egyptian,miniImageNet_SOTA_trainSet,False,1,4000,5,exp1_permuted_src_datasets
510,49.162824057,4.0,1739097150.4278455,,1.3727914094924927,1.0,0.001,1,16,40x40,MatchingNetwork,5,5,Egyptian,miniImageNet_SOTA_trainSet,False,1,4000,5,exp1_permuted_src_datasets
511,49.178351067,4.0,1739097150.4433897,,1.3696985244750977,1.0,0.001,1,16,40x40,MatchingNetwork,5,5,Egyptian,miniImageNet_SOTA_trainSet,False,1,4000,5,exp1_permuted_src_datasets
512,49.198179292,4.0,1739097150.463249,,1.3723763227462769,1.0,0.001,1,16,40x40,MatchingNetwork,5,5,Egyptian,miniImageNet_SOTA_trainSet,False,1,4000,5,exp1_permuted_src_datasets
513,49.216785527,4.0,1739097150.4818285,,1.3722206354141235,1.0,0.001,1,16,40x40,MatchingNetwork,5,5,Egyptian,miniImageNet_SOTA_trainSet,False,1,4000,5,exp1_permuted_src_datasets
514,49.233173912,4.0,1739097150.498213,,1.374375343322754,1.0,0.001,1,16,40x40,MatchingNetwork,5,5,Egyptian,miniImageNet_SOTA_trainSet,False,1,4000,5,exp1_permuted_src_datasets
515,49.247308069,4.0,1739097150.5123746,,1.3721684217453003,1.0,0.001,1,16,40x40,MatchingNetwork,5,5,Egyptian,miniImageNet_SOTA_trainSet,False,1,4000,5,exp1_permuted_src_datasets
516,49.263042351,4.0,1739097150.528108,,1.3701339960098267,1.0,0.001,1,16,40x40,MatchingNetwork,5,5,Egyptian,miniImageNet_SOTA_trainSet,False,1,4000,5,exp1_permuted_src_datasets
517,49.275039618,4.0,1739097150.5401437,,1.3697543144226074,1.0,0.001,1,16,40x40,MatchingNetwork,5,5,Egyptian,miniImageNet_SOTA_trainSet,False,1,4000,5,exp1_permuted_src_datasets
518,49.293948896,4.0,1739097150.5589862,,1.432939887046814,0.9375,0.001,1,16,40x40,MatchingNetwork,5,5,Egyptian,miniImageNet_SOTA_trainSet,False,1,4000,5,exp1_permuted_src_datasets
519,49.3098378,4.0,1739097150.5747368,,1.3688727617263794,1.0,0.001,1,16,40x40,MatchingNetwork,5,5,Egyptian,miniImageNet_SOTA_trainSet,False,1,4000,5,exp1_permuted_src_datasets
520,49.328030984,4.0,1739097150.5930822,,1.3745681047439575,1.0,0.001,1,16,40x40,MatchingNetwork,5,5,Egyptian,miniImageNet_SOTA_trainSet,False,1,4000,5,exp1_permuted_src_datasets
521,49.345743092,4.0,1739097150.6107624,,1.369880199432373,1.0,0.001,1,16,40x40,MatchingNetwork,5,5,Egyptian,miniImageNet_SOTA_trainSet,False,1,4000,5,exp1_permuted_src_datasets
522,49.357992858,4.0,1739097150.6230795,,1.3691834211349487,1.0,0.001,1,16,40x40,MatchingNetwork,5,5,Egyptian,miniImageNet_SOTA_trainSet,False,1,4000,5,exp1_permuted_src_datasets
523,49.377493336,4.0,1739097150.6424522,,1.3727339506149292,1.0,0.001,1,16,40x40,MatchingNetwork,5,5,Egyptian,miniImageNet_SOTA_trainSet,False,1,4000,5,exp1_permuted_src_datasets
524,49.392650404,4.0,1739097150.657668,,1.3759833574295044,1.0,0.001,1,16,40x40,MatchingNetwork,5,5,Egyptian,miniImageNet_SOTA_trainSet,False,1,4000,5,exp1_permuted_src_datasets
525,49.407853779,4.0,1739097150.6729028,,1.3711283206939697,1.0,0.001,1,16,40x40,MatchingNetwork,5,5,Egyptian,miniImageNet_SOTA_trainSet,False,1,4000,5,exp1_permuted_src_datasets
526,49.424276664,4.0,1739097150.6892846,,1.4286231994628906,0.9375,0.001,1,16,40x40,MatchingNetwork,5,5,Egyptian,miniImageNet_SOTA_trainSet,False,1,4000,5,exp1_permuted_src_datasets
527,49.440661524,4.0,1739097150.7057402,,1.3697394132614136,1.0,0.001,1,16,40x40,MatchingNetwork,5,5,Egyptian,miniImageNet_SOTA_trainSet,False,1,4000,5,exp1_permuted_src_datasets
528,49.456724483,4.0,1739097150.721733,,1.3767783641815186,1.0,0.001,1,16,40x40,MatchingNetwork,5,5,Egyptian,miniImageNet_SOTA_trainSet,False,1,4000,5,exp1_permuted_src_datasets
529,49.473835668,4.0,1739097150.738894,,1.3762396574020386,1.0,0.001,1,16,40x40,MatchingNetwork,5,5,Egyptian,miniImageNet_SOTA_trainSet,False,1,4000,5,exp1_permuted_src_datasets
530,49.492037954,4.0,1739097150.7570868,,1.3799482583999634,1.0,0.001,1,16,40x40,MatchingNetwork,5,5,Egyptian,miniImageNet_SOTA_trainSet,False,1,4000,5,exp1_permuted_src_datasets
531,49.508557901,4.0,1739097150.7736504,,1.3684841394424438,1.0,0.001,1,16,40x40,MatchingNetwork,5,5,Egyptian,miniImageNet_SOTA_trainSet,False,1,4000,5,exp1_permuted_src_datasets
532,49.52281418,4.0,1739097150.787889,,1.3727787733078003,1.0,0.001,1,16,40x40,MatchingNetwork,5,5,Egyptian,miniImageNet_SOTA_trainSet,False,1,4000,5,exp1_permuted_src_datasets
533,49.542423492,4.0,1739097150.8074489,,1.3696473836898804,1.0,0.001,1,16,40x40,MatchingNetwork,5,5,Egyptian,miniImageNet_SOTA_trainSet,False,1,4000,5,exp1_permuted_src_datasets
534,49.557049638,4.0,1739097150.82213,,1.4302669763565063,0.875,0.001,1,16,40x40,MatchingNetwork,5,5,Egyptian,miniImageNet_SOTA_trainSet,False,1,4000,5,exp1_permuted_src_datasets
535,49.57214257,4.0,1739097150.837227,,1.3713091611862183,1.0,0.001,1,16,40x40,MatchingNetwork,5,5,Egyptian,miniImageNet_SOTA_trainSet,False,1,4000,5,exp1_permuted_src_datasets
536,49.587144492,4.0,1739097150.852177,,1.3771882057189941,1.0,0.001,1,16,40x40,MatchingNetwork,5,5,Egyptian,miniImageNet_SOTA_trainSet,False,1,4000,5,exp1_permuted_src_datasets
537,49.60436599,4.0,1739097150.8693826,,1.37046217918396,1.0,0.001,1,16,40x40,MatchingNetwork,5,5,Egyptian,miniImageNet_SOTA_trainSet,False,1,4000,5,exp1_permuted_src_datasets
538,49.622934453,4.0,1739097150.887977,,1.3690171241760254,1.0,0.001,1,16,40x40,MatchingNetwork,5,5,Egyptian,miniImageNet_SOTA_trainSet,False,1,4000,5,exp1_permuted_src_datasets
539,49.646990305,4.0,1739097150.9119184,,1.3702889680862427,1.0,0.001,1,16,40x40,MatchingNetwork,5,5,Egyptian,miniImageNet_SOTA_trainSet,False,1,4000,5,exp1_permuted_src_datasets
540,49.664461097,4.0,1739097150.9294093,,1.3703283071517944,1.0,0.001,1,16,40x40,MatchingNetwork,5,5,Egyptian,miniImageNet_SOTA_trainSet,False,1,4000,5,exp1_permuted_src_datasets
541,49.682710012,4.0,1739097150.947663,,1.3730206489562988,1.0,0.001,1,16,40x40,MatchingNetwork,5,5,Egyptian,miniImageNet_SOTA_trainSet,False,1,4000,5,exp1_permuted_src_datasets
542,49.697915705,4.0,1739097150.9629261,,1.3726754188537598,1.0,0.001,1,16,40x40,MatchingNetwork,5,5,Egyptian,miniImageNet_SOTA_trainSet,False,1,4000,5,exp1_permuted_src_datasets
543,49.716923863,4.0,1739097150.9819207,,1.373111367225647,1.0,0.001,1,16,40x40,MatchingNetwork,5,5,Egyptian,miniImageNet_SOTA_trainSet,False,1,4000,5,exp1_permuted_src_datasets
544,49.731749995,4.0,1739097150.9968073,,1.373171091079712,1.0,0.001,1,16,40x40,MatchingNetwork,5,5,Egyptian,miniImageNet_SOTA_trainSet,False,1,4000,5,exp1_permuted_src_datasets
545,49.746826979,4.0,1739097151.0118828,,1.3696939945220947,1.0,0.001,1,16,40x40,MatchingNetwork,5,5,Egyptian,miniImageNet_SOTA_trainSet,False,1,4000,5,exp1_permuted_src_datasets
546,49.763385925,4.0,1739097151.0284767,,1.3726886510849,1.0,0.001,1,16,40x40,MatchingNetwork,5,5,Egyptian,miniImageNet_SOTA_trainSet,False,1,4000,5,exp1_permuted_src_datasets
547,49.786901247,4.0,1739097151.0519385,,1.3726391792297363,1.0,0.001,1,16,40x40,MatchingNetwork,5,5,Egyptian,miniImageNet_SOTA_trainSet,False,1,4000,5,exp1_permuted_src_datasets
548,49.801663247,4.0,1739097151.0667315,,1.369062900543213,1.0,0.001,1,16,40x40,MatchingNetwork,5,5,Egyptian,miniImageNet_SOTA_trainSet,False,1,4000,5,exp1_permuted_src_datasets
549,49.819625093,4.0,1739097151.084619,,1.3736077547073364,1.0,0.001,1,16,40x40,MatchingNetwork,5,5,Egyptian,miniImageNet_SOTA_trainSet,False,1,4000,5,exp1_permuted_src_datasets
550,49.835321448,4.0,1739097151.1004035,,1.370654582977295,1.0,0.001,1,16,40x40,MatchingNetwork,5,5,Egyptian,miniImageNet_SOTA_trainSet,False,1,4000,5,exp1_permuted_src_datasets
551,49.849042951,4.0,1739097151.1141613,,1.3693628311157227,1.0,0.001,1,16,40x40,MatchingNetwork,5,5,Egyptian,miniImageNet_SOTA_trainSet,False,1,4000,5,exp1_permuted_src_datasets
552,49.860391069,4.0,1739097151.1254973,,1.3720132112503052,1.0,0.001,1,16,40x40,MatchingNetwork,5,5,Egyptian,miniImageNet_SOTA_trainSet,False,1,4000,5,exp1_permuted_src_datasets
553,49.880026538,4.0,1739097151.1450903,,1.3709893226623535,1.0,0.001,1,16,40x40,MatchingNetwork,5,5,Egyptian,miniImageNet_SOTA_trainSet,False,1,4000,5,exp1_permuted_src_datasets
554,49.896598567,4.0,1739097151.1616566,,1.3757625818252563,1.0,0.001,1,16,40x40,MatchingNetwork,5,5,Egyptian,miniImageNet_SOTA_trainSet,False,1,4000,5,exp1_permuted_src_datasets
555,49.914323769,4.0,1739097151.1794,,1.373976230621338,1.0,0.001,1,16,40x40,MatchingNetwork,5,5,Egyptian,miniImageNet_SOTA_trainSet,False,1,4000,5,exp1_permuted_src_datasets
556,49.931537541,4.0,1739097151.1966324,,1.3740280866622925,1.0,0.001,1,16,40x40,MatchingNetwork,5,5,Egyptian,miniImageNet_SOTA_trainSet,False,1,4000,5,exp1_permuted_src_datasets
557,49.95474287,4.0,1739097151.219751,,1.4316986799240112,0.9375,0.001,1,16,40x40,MatchingNetwork,5,5,Egyptian,miniImageNet_SOTA_trainSet,False,1,4000,5,exp1_permuted_src_datasets
558,49.972377536,4.0,1739097151.2374692,,1.4278879165649414,1.0,0.001,1,16,40x40,MatchingNetwork,5,5,Egyptian,miniImageNet_SOTA_trainSet,False,1,4000,5,exp1_permuted_src_datasets
559,49.99153881,4.0,1739097151.2566035,,1.3695316314697266,1.0,0.001,1,16,40x40,MatchingNetwork,5,5,Egyptian,miniImageNet_SOTA_trainSet,False,1,4000,5,exp1_permuted_src_datasets
560,50.002780596,4.0,1739097151.2678697,,1.3725049495697021,1.0,0.001,1,16,40x40,MatchingNetwork,5,5,Egyptian,miniImageNet_SOTA_trainSet,False,1,4000,5,exp1_permuted_src_datasets
561,50.017884961,4.0,1739097151.2829928,,1.3754957914352417,1.0,0.001,1,16,40x40,MatchingNetwork,5,5,Egyptian,miniImageNet_SOTA_trainSet,False,1,4000,5,exp1_permuted_src_datasets
562,50.029192333,4.0,1739097151.2942984,,1.3728985786437988,1.0,0.001,1,16,40x40,MatchingNetwork,5,5,Egyptian,miniImageNet_SOTA_trainSet,False,1,4000,5,exp1_permuted_src_datasets
563,50.043005124,4.0,1739097151.308082,,1.3765214681625366,1.0,0.001,1,16,40x40,MatchingNetwork,5,5,Egyptian,miniImageNet_SOTA_trainSet,False,1,4000,5,exp1_permuted_src_datasets
564,50.055791985,4.0,1739097151.3208823,,1.4282145500183105,1.0,0.001,1,16,40x40,MatchingNetwork,5,5,Egyptian,miniImageNet_SOTA_trainSet,False,1,4000,5,exp1_permuted_src_datasets
565,50.068081528,4.0,1739097151.333198,,1.3718334436416626,1.0,0.001,1,16,40x40,MatchingNetwork,5,5,Egyptian,miniImageNet_SOTA_trainSet,False,1,4000,5,exp1_permuted_src_datasets
566,50.078942968,4.0,1739097151.3438468,,1.3727421760559082,1.0,0.001,1,16,40x40,MatchingNetwork,5,5,Egyptian,miniImageNet_SOTA_trainSet,False,1,4000,5,exp1_permuted_src_datasets
567,50.098236981,4.0,1739097151.3632476,,1.3720343112945557,1.0,0.001,1,16,40x40,MatchingNetwork,5,5,Egyptian,miniImageNet_SOTA_trainSet,False,1,4000,5,exp1_permuted_src_datasets
568,50.118168336,4.0,1739097151.383186,,1.3720216751098633,1.0,0.001,1,16,40x40,MatchingNetwork,5,5,Egyptian,miniImageNet_SOTA_trainSet,False,1,4000,5,exp1_permuted_src_datasets
569,50.133126169,4.0,1739097151.398187,,1.3690818548202515,1.0,0.001,1,16,40x40,MatchingNetwork,5,5,Egyptian,miniImageNet_SOTA_trainSet,False,1,4000,5,exp1_permuted_src_datasets
570,50.154221091,4.0,1739097151.419257,,1.3701198101043701,1.0,0.001,1,16,40x40,MatchingNetwork,5,5,Egyptian,miniImageNet_SOTA_trainSet,False,1,4000,5,exp1_permuted_src_datasets
571,50.166171352,4.0,1739097151.4312243,,1.4281785488128662,1.0,0.001,1,16,40x40,MatchingNetwork,5,5,Egyptian,miniImageNet_SOTA_trainSet,False,1,4000,5,exp1_permuted_src_datasets
572,53.62315178,4.0,1739097154.8883376,0.383,,,0.001,1,16,40x40,MatchingNetwork,5,5,Egyptian,miniImageNet_SOTA_trainSet,False,1,4000,5,exp1_permuted_src_datasets
